timestamp,open,high,low,close,volume
2025-06-03T10:20:00.000000Z,666.59,666.8,666.44,666.64,1015.55
2025-06-03T10:25:00.000000Z,666.63,666.7,666.42,666.67,360.45
2025-06-03T10:30:00.000000Z,666.67,667.16,666.35,666.47,2175.41
2025-06-03T10:35:00.000000Z,666.47,666.51,665.96,666.08,1581.64
2025-06-03T10:40:00.000000Z,666.08,666.39,666.0,666.2,962.48
2025-06-03T10:45:00.000000Z,666.19,666.55,666.19,666.3,679.59
2025-06-03T10:50:00.000000Z,666.3,666.49,666.1,666.16,669.91
2025-06-03T10:55:00.000000Z,666.17,666.41,666.16,666.26,512.72
2025-06-03T11:00:00.000000Z,666.27,666.56,665.38,666.24,6071.34
2025-06-03T11:05:00.000000Z,666.25,666.32,664.95,664.99,2489.65
2025-06-03T11:10:00.000000Z,665.0,665.97,664.99,665.77,1329.29
2025-06-03T11:15:00.000000Z,665.78,665.78,665.0,665.19,835.75
2025-06-03T11:20:00.000000Z,665.19,665.19,664.77,664.78,1576.25
2025-06-03T11:25:00.000000Z,664.79,665.09,664.43,664.69,3964.49
2025-06-03T11:30:00.000000Z,664.69,665.26,664.49,664.94,1663.97
2025-06-03T11:35:00.000000Z,664.94,665.18,664.6,664.7,1123.51
2025-06-03T11:40:00.000000Z,664.7,664.91,664.66,664.84,461.09
2025-06-03T11:45:00.000000Z,664.83,665.03,664.7,664.93,530.78
2025-06-03T11:50:00.000000Z,664.93,665.07,664.7,664.8,305.46
2025-06-03T11:55:00.000000Z,664.79,665.06,664.79,664.92,1101.66
2025-06-03T12:00:00.000000Z,664.93,665.08,663.8,663.82,1746.49
2025-06-03T12:05:00.000000Z,663.82,663.82,662.62,662.85,10605.0
2025-06-03T12:10:00.000000Z,662.86,664.32,662.79,664.31,5339.63
2025-06-03T12:15:00.000000Z,664.31,664.51,663.64,663.69,1641.1
2025-06-03T12:20:00.000000Z,663.7,664.34,663.4,664.34,783.81
2025-06-03T12:25:00.000000Z,664.33,664.46,664.0,664.24,1072.57
2025-06-03T12:30:00.000000Z,664.25,664.25,663.5,663.55,851.7
2025-06-03T12:35:00.000000Z,663.55,663.7,663.36,663.68,623.89
2025-06-03T12:40:00.000000Z,663.67,663.97,663.37,663.42,795.39
2025-06-03T12:45:00.000000Z,663.43,663.79,663.32,663.48,1074.53
2025-06-03T12:50:00.000000Z,663.5,664.24,663.49,663.76,940.97
2025-06-03T12:55:00.000000Z,663.76,664.09,663.54,663.71,852.97
2025-06-03T13:00:00.000000Z,663.7,664.28,663.7,663.73,2614.8
2025-06-03T13:05:00.000000Z,663.73,664.11,662.68,663.35,7738.69
2025-06-03T13:10:00.000000Z,663.38,664.53,663.21,664.52,2065.88
2025-06-03T13:15:00.000000Z,664.52,665.51,664.52,664.91,3847.75
2025-06-03T13:20:00.000000Z,664.9,665.33,664.7,664.92,1739.37
2025-06-03T13:25:00.000000Z,664.92,664.97,664.58,664.84,655.95
2025-06-03T13:30:00.000000Z,664.84,664.96,662.79,663.05,2230.11
2025-06-03T13:35:00.000000Z,663.06,663.46,662.28,663.25,2209.18
2025-06-03T13:40:00.000000Z,663.24,664.92,663.19,664.75,3541.6
2025-06-03T13:45:00.000000Z,664.74,665.05,663.91,664.04,1180.05
2025-06-03T13:50:00.000000Z,664.05,664.23,663.14,664.12,2272.64
2025-06-03T13:55:00.000000Z,664.11,664.58,664.06,664.06,1324.97
2025-06-03T14:00:00.000000Z,664.07,664.64,663.03,663.15,4418.42
2025-06-03T14:05:00.000000Z,663.16,663.31,661.63,662.25,6025.61
2025-06-03T14:10:00.000000Z,662.25,662.7,661.89,662.24,1374.01
2025-06-03T14:15:00.000000Z,662.24,663.64,661.95,663.53,1401.71
2025-06-03T14:20:00.000000Z,663.53,664.69,663.53,664.25,2126.6
2025-06-03T14:25:00.000000Z,664.25,664.62,663.99,664.61,657.05
2025-06-03T14:30:00.000000Z,664.61,665.43,664.38,665.03,1975.01
2025-06-03T14:35:00.000000Z,665.03,665.03,664.29,664.57,801.09
2025-06-03T14:40:00.000000Z,664.57,666.3,664.48,666.2,1755.29
2025-06-03T14:45:00.000000Z,666.2,667.15,665.68,666.2,5422.91
2025-06-03T14:50:00.000000Z,666.22,667.53,666.22,667.5,3912.46
2025-06-03T14:55:00.000000Z,667.51,668.02,666.93,667.26,2887.49
2025-06-03T15:00:00.000000Z,667.26,667.8,666.47,666.56,3214.53
2025-06-03T15:05:00.000000Z,666.54,667.0,666.46,666.47,1358.89
2025-06-03T15:10:00.000000Z,666.47,667.03,666.39,666.65,1284.41
2025-06-03T15:15:00.000000Z,666.66,667.99,666.44,667.99,1678.55
2025-06-03T15:20:00.000000Z,668.0,668.15,667.76,667.99,1532.18
2025-06-03T15:25:00.000000Z,668.0,668.3,667.93,668.06,1333.67
2025-06-03T15:30:00.000000Z,668.07,668.31,666.96,667.15,2012.74
2025-06-03T15:35:00.000000Z,667.14,667.78,667.11,667.32,1161.05
2025-06-03T15:40:00.000000Z,667.33,668.0,667.17,667.92,884.49
2025-06-03T15:45:00.000000Z,667.92,667.92,666.71,666.77,1202.57
2025-06-03T15:50:00.000000Z,666.77,667.13,666.39,667.09,1144.11
2025-06-03T15:55:00.000000Z,667.1,667.34,666.66,666.85,590.18
2025-06-03T16:00:00.000000Z,666.85,667.22,666.4,666.61,1308.71
2025-06-03T16:05:00.000000Z,666.61,667.16,666.34,666.45,1124.99
2025-06-03T16:10:00.000000Z,666.45,667.4,666.45,667.28,833.06
2025-06-03T16:15:00.000000Z,667.28,667.64,667.04,667.06,604.06
2025-06-03T16:20:00.000000Z,667.06,667.06,666.29,666.66,1124.32
2025-06-03T16:25:00.000000Z,666.67,667.06,665.59,665.79,2001.19
2025-06-03T16:30:00.000000Z,665.79,667.11,665.78,666.59,1002.2
2025-06-03T16:35:00.000000Z,666.6,666.92,666.09,666.19,658.75
2025-06-03T16:40:00.000000Z,666.19,666.58,666.06,666.58,462.53
2025-06-03T16:45:00.000000Z,666.57,666.69,665.86,666.54,966.06
2025-06-03T16:50:00.000000Z,666.53,666.67,665.13,665.66,3273.89
2025-06-03T16:55:00.000000Z,665.66,665.66,664.59,664.88,2002.35
2025-06-03T17:00:00.000000Z,664.88,665.1,664.59,664.85,1707.36
2025-06-03T17:05:00.000000Z,664.85,665.57,664.59,665.5,845.18
2025-06-03T17:10:00.000000Z,665.5,665.82,665.24,665.24,357.24
2025-06-03T17:15:00.000000Z,665.25,665.96,665.25,665.64,512.23
2025-06-03T17:20:00.000000Z,665.65,666.64,665.65,666.49,622.04
2025-06-03T17:25:00.000000Z,666.48,666.76,666.14,666.69,599.22
2025-06-03T17:30:00.000000Z,666.69,666.69,665.6,665.61,904.8
2025-06-03T17:35:00.000000Z,665.61,665.97,665.35,665.85,796.43
2025-06-03T17:40:00.000000Z,665.86,665.86,665.26,665.5,337.52
2025-06-03T17:45:00.000000Z,665.5,665.5,665.08,665.21,410.3
2025-06-03T17:50:00.000000Z,665.2,665.61,665.01,665.49,328.68
2025-06-03T17:55:00.000000Z,665.49,665.72,665.29,665.7,432.39
2025-06-03T18:00:00.000000Z,665.69,665.86,664.76,665.25,1362.71
2025-06-03T18:05:00.000000Z,665.25,665.26,664.31,664.66,1222.21
2025-06-03T18:10:00.000000Z,664.66,664.7,664.01,664.39,640.58
2025-06-03T18:15:00.000000Z,664.39,664.56,664.01,664.42,607.79
2025-06-03T18:20:00.000000Z,664.41,664.88,664.28,664.34,577.68
2025-06-03T18:25:00.000000Z,664.33,664.36,664.2,664.29,347.21
2025-06-03T18:30:00.000000Z,664.29,664.35,663.83,663.96,534.44
2025-06-03T18:35:00.000000Z,663.96,664.03,662.79,663.56,5755.26
2025-06-03T18:40:00.000000Z,663.55,663.94,663.19,663.94,886.87
2025-06-03T18:45:00.000000Z,663.94,663.94,663.38,663.5,553.05
2025-06-03T18:50:00.000000Z,663.49,663.63,663.33,663.56,376.59
2025-06-03T18:55:00.000000Z,663.57,664.4,663.57,664.07,713.65
2025-06-03T19:00:00.000000Z,664.07,664.48,663.66,663.84,670.93
2025-06-03T19:05:00.000000Z,663.85,664.43,663.85,664.29,430.57
2025-06-03T19:10:00.000000Z,664.28,664.43,663.87,664.25,263.0
2025-06-03T19:15:00.000000Z,664.24,665.32,664.24,665.14,1179.8
2025-06-03T19:20:00.000000Z,665.14,665.24,664.88,665.24,293.47
2025-06-03T19:25:00.000000Z,665.24,665.5,665.07,665.4,672.64
2025-06-03T19:30:00.000000Z,665.39,665.44,664.77,665.07,819.56
2025-06-03T19:35:00.000000Z,665.08,665.38,665.04,665.24,203.28
2025-06-03T19:40:00.000000Z,665.24,665.41,665.08,665.25,299.23
2025-06-03T19:45:00.000000Z,665.24,665.41,664.74,664.74,702.8
2025-06-03T19:50:00.000000Z,664.75,664.78,664.31,664.36,1225.88
2025-06-03T19:55:00.000000Z,664.36,665.03,664.11,664.91,740.09
2025-06-03T20:00:00.000000Z,664.92,665.0,663.85,663.91,1796.96
2025-06-03T20:05:00.000000Z,663.91,663.91,663.23,663.6,1837.12
2025-06-03T20:10:00.000000Z,663.6,663.8,663.16,663.21,769.75
2025-06-03T20:15:00.000000Z,663.22,663.22,661.69,661.85,2752.43
2025-06-03T20:20:00.000000Z,661.86,661.86,661.2,661.45,5396.75
2025-06-03T20:25:00.000000Z,661.46,661.58,659.0,659.3,11213.84
2025-06-03T20:30:00.000000Z,659.3,659.34,658.36,659.26,4172.63
2025-06-03T20:35:00.000000Z,659.26,660.68,659.2,660.52,1557.31
2025-06-03T20:40:00.000000Z,660.53,661.66,660.52,661.33,1037.89
2025-06-03T20:45:00.000000Z,661.34,661.7,661.08,661.08,884.28
2025-06-03T20:50:00.000000Z,661.09,661.26,660.35,661.15,962.18
2025-06-03T20:55:00.000000Z,661.16,661.28,660.76,661.02,1057.79
2025-06-03T21:00:00.000000Z,661.02,661.31,660.28,660.69,1198.74
2025-06-03T21:05:00.000000Z,660.7,661.36,660.32,661.12,763.69
2025-06-03T21:10:00.000000Z,661.11,661.12,659.61,659.76,2322.07
2025-06-03T21:15:00.000000Z,659.76,660.04,659.05,659.74,1679.14
2025-06-03T21:20:00.000000Z,659.75,659.75,658.4,659.18,888.5
2025-06-03T21:25:00.000000Z,659.19,659.97,658.44,659.92,1405.3
2025-06-03T21:30:00.000000Z,659.91,660.17,658.83,659.05,886.51
2025-06-03T21:35:00.000000Z,659.05,659.42,658.8,659.04,701.0
2025-06-03T21:40:00.000000Z,659.05,659.59,658.8,659.0,532.33
2025-06-03T21:45:00.000000Z,659.0,659.39,658.87,658.87,435.02
2025-06-03T21:50:00.000000Z,658.87,658.87,658.02,658.02,679.58
2025-06-03T21:55:00.000000Z,658.03,658.67,656.66,657.82,2990.93
2025-06-03T22:00:00.000000Z,657.82,658.87,657.47,658.82,1613.16
2025-06-03T22:05:00.000000Z,658.83,659.8,658.7,659.55,1588.8
2025-06-03T22:10:00.000000Z,659.57,659.9,659.47,659.79,1247.1
2025-06-03T22:15:00.000000Z,659.79,660.37,659.48,659.91,1069.03
2025-06-03T22:20:00.000000Z,659.92,660.62,659.78,660.38,734.72
2025-06-03T22:25:00.000000Z,660.38,660.88,660.38,660.81,603.1
2025-06-03T22:30:00.000000Z,660.81,661.22,660.76,661.2,918.78
2025-06-03T22:35:00.000000Z,661.2,661.2,660.92,661.04,371.17
2025-06-03T22:40:00.000000Z,661.05,661.46,661.04,661.4,637.01
2025-06-03T22:45:00.000000Z,661.4,661.53,661.01,661.44,548.52
2025-06-03T22:50:00.000000Z,661.44,661.51,661.26,661.38,528.51
2025-06-03T22:55:00.000000Z,661.36,661.36,660.64,661.01,745.57
2025-06-03T23:00:00.000000Z,661.02,661.14,660.69,661.12,572.35
2025-06-03T23:05:00.000000Z,661.11,661.16,660.85,661.06,655.85
2025-06-03T23:10:00.000000Z,661.05,661.54,660.91,661.53,554.6
2025-06-03T23:15:00.000000Z,661.53,661.54,660.35,660.64,692.06
2025-06-03T23:20:00.000000Z,660.64,660.93,660.52,660.72,317.85
2025-06-03T23:25:00.000000Z,660.72,660.91,660.22,660.79,1085.74
2025-06-03T23:30:00.000000Z,660.79,661.16,660.37,660.48,743.56
2025-06-03T23:35:00.000000Z,660.48,660.8,660.06,660.8,764.71
2025-06-03T23:40:00.000000Z,660.8,660.98,660.57,660.64,845.35
2025-06-03T23:45:00.000000Z,660.63,661.26,660.58,660.93,871.25
2025-06-03T23:50:00.000000Z,660.92,661.29,660.5,661.22,540.68
2025-06-03T23:55:00.000000Z,661.21,661.33,661.02,661.33,459.79
2025-06-04T00:00:00.000000Z,661.33,661.36,660.77,661.05,1694.78
2025-06-04T00:05:00.000000Z,661.05,661.57,660.94,661.21,1087.2
2025-06-04T00:10:00.000000Z,661.21,661.59,660.89,661.14,920.88
2025-06-04T00:15:00.000000Z,661.13,662.17,661.13,662.14,965.64
2025-06-04T00:20:00.000000Z,662.14,662.48,661.86,662.42,2234.02
2025-06-04T00:25:00.000000Z,662.42,662.65,661.85,661.86,1873.35
2025-06-04T00:30:00.000000Z,661.86,661.86,661.07,661.56,1003.69
2025-06-04T00:35:00.000000Z,661.57,661.65,660.84,660.84,1090.81
2025-06-04T00:40:00.000000Z,660.85,661.44,660.64,661.44,646.15
2025-06-04T00:45:00.000000Z,661.44,662.49,661.43,662.48,816.37
2025-06-04T00:50:00.000000Z,662.48,663.13,662.48,663.09,1547.23
2025-06-04T00:55:00.000000Z,663.08,663.4,663.08,663.16,930.94
2025-06-04T01:00:00.000000Z,663.17,664.11,663.12,664.04,1694.38
2025-06-04T01:05:00.000000Z,664.03,665.43,664.03,664.86,6956.49
2025-06-04T01:10:00.000000Z,664.85,665.08,664.38,664.48,1342.19
2025-06-04T01:15:00.000000Z,664.48,664.63,664.0,664.17,1120.32
2025-06-04T01:20:00.000000Z,664.17,664.67,663.9,664.67,464.56
2025-06-04T01:25:00.000000Z,664.67,665.26,664.52,664.87,876.47
2025-06-04T01:30:00.000000Z,664.88,665.15,664.59,664.85,490.26
2025-06-04T01:35:00.000000Z,664.85,665.13,664.27,665.04,1501.69
2025-06-04T01:40:00.000000Z,665.03,666.12,664.8,666.09,1901.0
2025-06-04T01:45:00.000000Z,666.09,666.33,665.52,665.8,1426.29
2025-06-04T01:50:00.000000Z,665.8,666.9,665.8,666.64,1996.08
2025-06-04T01:55:00.000000Z,666.65,667.02,666.37,666.79,3384.51
2025-06-04T02:00:00.000000Z,666.78,667.85,666.78,667.52,3709.19
2025-06-04T02:05:00.000000Z,667.52,668.44,667.28,668.31,3772.66
2025-06-04T02:10:00.000000Z,668.31,668.31,667.29,667.29,1110.62
2025-06-04T02:15:00.000000Z,667.29,667.88,667.24,667.74,710.29
2025-06-04T02:20:00.000000Z,667.73,667.84,667.54,667.61,569.52
2025-06-04T02:25:00.000000Z,667.61,667.79,667.37,667.79,1068.87
2025-06-04T02:30:00.000000Z,667.79,667.99,667.61,667.83,1284.13
2025-06-04T02:35:00.000000Z,667.84,667.9,666.9,667.0,1360.92
2025-06-04T02:40:00.000000Z,667.0,667.06,666.71,666.96,1027.75
2025-06-04T02:45:00.000000Z,666.96,667.24,666.6,666.67,871.02
2025-06-04T02:50:00.000000Z,666.68,666.99,666.28,666.42,643.0
2025-06-04T02:55:00.000000Z,666.43,666.62,666.2,666.21,685.09
2025-06-04T03:00:00.000000Z,666.21,668.72,666.2,668.65,2010.95
2025-06-04T03:05:00.000000Z,668.65,669.0,668.65,669.0,9168.8
2025-06-04T03:10:00.000000Z,668.99,669.82,668.98,669.43,3150.93
2025-06-04T03:15:00.000000Z,669.43,669.86,669.4,669.78,2541.38
2025-06-04T03:20:00.000000Z,669.77,669.78,669.44,669.52,851.12
2025-06-04T03:25:00.000000Z,669.53,669.95,669.42,669.88,1343.13
2025-06-04T03:30:00.000000Z,669.88,669.99,669.49,669.51,837.33
2025-06-04T03:35:00.000000Z,669.5,669.51,669.33,669.44,486.25
2025-06-04T03:40:00.000000Z,669.45,669.72,669.25,669.33,790.42
2025-06-04T03:45:00.000000Z,669.32,669.52,668.34,668.72,863.66
2025-06-04T03:50:00.000000Z,668.72,669.01,668.38,668.53,353.15
2025-06-04T03:55:00.000000Z,668.53,668.72,668.31,668.41,353.06
2025-06-04T04:00:00.000000Z,668.4,669.98,668.4,669.88,2760.56
2025-06-04T04:05:00.000000Z,669.88,670.0,669.75,670.0,3463.25
2025-06-04T04:10:00.000000Z,670.0,670.0,669.36,669.37,1795.77
2025-06-04T04:15:00.000000Z,669.37,669.76,669.26,669.52,942.71
2025-06-04T04:20:00.000000Z,669.51,669.51,668.98,669.48,867.57
2025-06-04T04:25:00.000000Z,669.48,669.78,669.47,669.78,747.65
2025-06-04T04:30:00.000000Z,669.78,669.78,668.52,668.56,952.77
2025-06-04T04:35:00.000000Z,668.55,668.71,668.28,668.4,371.32
2025-06-04T04:40:00.000000Z,668.4,668.58,668.27,668.58,376.91
2025-06-04T04:45:00.000000Z,668.57,668.67,668.34,668.62,526.66
2025-06-04T04:50:00.000000Z,668.61,669.0,668.12,668.29,2114.12
2025-06-04T04:55:00.000000Z,668.29,668.68,668.1,668.2,853.81
2025-06-04T05:00:00.000000Z,668.2,669.25,668.2,669.18,3535.67
2025-06-04T05:05:00.000000Z,669.17,669.89,669.17,669.75,3448.41
2025-06-04T05:10:00.000000Z,669.74,669.84,668.75,668.76,1016.52
2025-06-04T05:15:00.000000Z,668.76,669.38,668.62,669.08,678.78
2025-06-04T05:20:00.000000Z,669.07,669.15,668.25,668.46,1607.95
2025-06-04T05:25:00.000000Z,668.46,669.13,668.46,668.71,1205.47
2025-06-04T05:30:00.000000Z,668.71,669.25,668.58,669.24,1453.28
2025-06-04T05:35:00.000000Z,669.24,669.28,668.71,668.97,930.47
2025-06-04T05:40:00.000000Z,668.98,669.5,668.98,669.26,1864.16
2025-06-04T05:45:00.000000Z,669.25,669.42,669.15,669.16,376.78
2025-06-04T05:50:00.000000Z,669.15,669.34,668.63,668.76,257.46
2025-06-04T05:55:00.000000Z,668.76,668.9,668.58,668.89,333.28
2025-06-04T06:00:00.000000Z,668.89,669.86,668.88,669.85,660.07
2025-06-04T06:05:00.000000Z,669.85,669.86,668.93,669.27,2692.23
2025-06-04T06:10:00.000000Z,669.27,669.55,669.0,669.18,649.62
2025-06-04T06:15:00.000000Z,669.18,669.32,668.42,668.59,1321.37
2025-06-04T06:20:00.000000Z,668.59,669.16,668.53,668.7,452.89
2025-06-04T06:25:00.000000Z,668.71,668.95,668.66,668.9,585.68
2025-06-04T06:30:00.000000Z,668.89,668.89,668.48,668.55,496.0
2025-06-04T06:35:00.000000Z,668.55,668.64,668.23,668.42,530.53
2025-06-04T06:40:00.000000Z,668.42,669.16,668.42,669.01,729.54
2025-06-04T06:45:00.000000Z,669.02,669.4,668.47,669.4,751.49
2025-06-04T06:50:00.000000Z,669.39,669.52,669.12,669.13,543.85
2025-06-04T06:55:00.000000Z,669.13,669.14,668.82,669.11,896.38
2025-06-04T07:00:00.000000Z,669.1,669.45,668.92,669.31,690.04
2025-06-04T07:05:00.000000Z,669.31,669.48,669.18,669.4,788.75
2025-06-04T07:10:00.000000Z,669.4,669.44,669.13,669.25,529.9
2025-06-04T07:15:00.000000Z,669.24,669.8,669.24,669.62,640.39
2025-06-04T07:20:00.000000Z,669.61,669.68,669.24,669.33,433.94
2025-06-04T07:25:00.000000Z,669.34,669.54,668.9,669.44,1516.14
2025-06-04T07:30:00.000000Z,669.44,669.53,668.96,669.01,1428.92
2025-06-04T07:35:00.000000Z,669.01,669.79,668.91,669.62,919.62
2025-06-04T07:40:00.000000Z,669.63,669.78,669.5,669.75,531.68
2025-06-04T07:45:00.000000Z,669.74,669.79,669.23,669.79,727.17
2025-06-04T07:50:00.000000Z,669.78,670.88,669.77,670.88,8970.57
2025-06-04T07:55:00.000000Z,670.88,670.99,670.46,670.8,2071.8
2025-06-04T08:00:00.000000Z,670.81,671.4,670.71,671.35,8122.76
2025-06-04T08:05:00.000000Z,671.35,671.64,670.91,671.2,2404.87
2025-06-04T08:10:00.000000Z,671.19,671.47,670.95,671.26,1444.02
2025-06-04T08:15:00.000000Z,671.26,671.83,671.11,671.69,1422.64
2025-06-04T08:20:00.000000Z,671.69,671.76,671.32,671.62,1528.72
2025-06-04T08:25:00.000000Z,671.63,671.68,670.97,670.98,1781.04
2025-06-04T08:30:00.000000Z,670.99,671.07,670.6,670.98,781.2
2025-06-04T08:35:00.000000Z,670.97,671.28,670.78,671.07,866.56
2025-06-04T08:40:00.000000Z,671.07,671.18,670.92,671.1,479.78
2025-06-04T08:45:00.000000Z,671.1,671.18,670.8,670.86,446.79
2025-06-04T08:50:00.000000Z,670.87,670.87,670.1,670.14,1085.62
2025-06-04T08:55:00.000000Z,670.14,670.2,669.91,670.18,1190.27
2025-06-04T09:00:00.000000Z,670.18,670.44,669.96,670.14,812.05
2025-06-04T09:05:00.000000Z,670.13,670.47,669.82,669.82,682.76
2025-06-04T09:10:00.000000Z,669.82,670.03,669.67,669.86,850.33
2025-06-04T09:15:00.000000Z,669.87,669.87,669.44,669.46,881.44
2025-06-04T09:20:00.000000Z,669.46,669.63,668.9,669.63,1296.95
2025-06-04T09:25:00.000000Z,669.62,669.63,669.0,669.4,821.06
2025-06-04T09:30:00.000000Z,669.4,669.4,669.01,669.01,389.02
2025-06-04T09:35:00.000000Z,669.02,669.63,668.99,669.42,546.99
2025-06-04T09:40:00.000000Z,669.41,670.48,669.41,670.24,1405.52
2025-06-04T09:45:00.000000Z,670.24,670.5,670.22,670.26,750.52
2025-06-04T09:50:00.000000Z,670.27,670.93,670.16,670.63,2638.04
2025-06-04T09:55:00.000000Z,670.63,670.83,670.4,670.5,753.97
2025-06-04T10:00:00.000000Z,670.5,670.74,670.03,670.03,780.86
2025-06-04T10:05:00.000000Z,670.04,670.44,669.79,670.36,893.4
2025-06-04T10:10:00.000000Z,670.37,670.53,670.22,670.38,506.96
2025-06-04T10:15:00.000000Z,670.38,670.45,669.8,669.8,567.81
2025-06-04T10:20:00.000000Z,669.81,669.81,669.26,669.44,897.77
2025-06-04T10:25:00.000000Z,669.43,669.7,669.22,669.29,859.58
2025-06-04T10:30:00.000000Z,669.3,669.3,668.91,669.15,735.55
2025-06-04T10:35:00.000000Z,669.16,669.46,669.15,669.41,522.8
2025-06-04T10:40:00.000000Z,669.4,669.81,669.27,669.81,544.81
2025-06-04T10:45:00.000000Z,669.81,669.85,669.34,669.34,455.77
2025-06-04T10:50:00.000000Z,669.35,669.71,669.34,669.58,361.89
2025-06-04T10:55:00.000000Z,669.59,669.63,669.39,669.62,482.81
2025-06-04T11:00:00.000000Z,669.62,669.82,669.44,669.75,536.43
2025-06-04T11:05:00.000000Z,669.74,669.9,669.57,669.89,484.26
2025-06-04T11:10:00.000000Z,669.89,670.16,669.82,670.12,654.36
2025-06-04T11:15:00.000000Z,670.13,670.33,669.73,669.76,753.08
2025-06-04T11:20:00.000000Z,669.77,670.08,669.36,669.49,711.96
2025-06-04T11:25:00.000000Z,669.5,669.5,669.0,669.44,873.44
2025-06-04T11:30:00.000000Z,669.45,669.62,668.44,668.59,2592.47
2025-06-04T11:35:00.000000Z,668.6,668.7,668.22,668.41,1734.96
2025-06-04T11:40:00.000000Z,668.4,668.7,668.4,668.45,637.09
2025-06-04T11:45:00.000000Z,668.45,668.54,667.81,668.2,1242.32
2025-06-04T11:50:00.000000Z,668.19,668.51,667.88,667.88,563.2
2025-06-04T11:55:00.000000Z,667.89,668.02,667.5,667.86,1094.3
2025-06-04T12:00:00.000000Z,667.86,668.09,667.59,667.82,2176.22
2025-06-04T12:05:00.000000Z,667.83,669.16,667.82,668.93,2438.11
2025-06-04T12:10:00.000000Z,668.93,669.3,668.92,669.19,1059.54
2025-06-04T12:15:00.000000Z,669.18,669.18,668.17,668.38,1279.3
2025-06-04T12:20:00.000000Z,668.38,668.47,667.32,667.62,1712.48
2025-06-04T12:25:00.000000Z,667.62,667.89,667.37,667.53,2352.71
2025-06-04T12:30:00.000000Z,667.53,667.98,666.86,667.94,1680.43
2025-06-04T12:35:00.000000Z,667.94,668.16,667.49,667.89,607.48
2025-06-04T12:40:00.000000Z,667.89,667.98,667.68,667.75,569.96
2025-06-04T12:45:00.000000Z,667.74,668.0,667.61,667.84,335.88
2025-06-04T12:50:00.000000Z,667.84,667.85,667.5,667.56,321.8
2025-06-04T12:55:00.000000Z,667.57,667.77,667.41,667.52,382.08
2025-06-04T13:00:00.000000Z,667.53,667.83,666.89,666.93,1464.97
2025-06-04T13:05:00.000000Z,666.93,667.24,666.21,666.45,2644.03
2025-06-04T13:10:00.000000Z,666.45,666.8,666.45,666.54,1436.54
2025-06-04T13:15:00.000000Z,666.54,667.35,666.16,667.0,1864.17
2025-06-04T13:20:00.000000Z,667.0,668.24,666.99,667.81,1433.46
2025-06-04T13:25:00.000000Z,667.81,667.98,666.84,666.89,1489.66
2025-06-04T13:30:00.000000Z,666.89,668.37,666.84,668.32,887.88
2025-06-04T13:35:00.000000Z,668.31,669.12,668.28,669.04,1373.56
2025-06-04T13:40:00.000000Z,669.04,669.04,667.89,667.96,2734.67
2025-06-04T13:45:00.000000Z,667.96,668.62,667.96,668.26,646.92
2025-06-04T13:50:00.000000Z,668.26,668.26,667.22,667.32,731.4
2025-06-04T13:55:00.000000Z,667.33,667.75,667.3,667.66,1166.62
2025-06-04T14:00:00.000000Z,667.65,667.66,666.28,666.28,3288.99
2025-06-04T14:05:00.000000Z,666.29,666.31,665.13,665.68,5470.77
2025-06-04T14:10:00.000000Z,665.68,666.69,665.48,666.67,1787.44
2025-06-04T14:15:00.000000Z,666.68,667.73,666.37,667.4,1903.2
2025-06-04T14:20:00.000000Z,667.41,667.63,667.13,667.45,782.22
2025-06-04T14:25:00.000000Z,667.45,667.58,666.33,666.52,1325.61
2025-06-04T14:30:00.000000Z,666.51,667.33,666.42,666.84,953.61
2025-06-04T14:35:00.000000Z,666.84,667.07,666.3,666.56,704.06
2025-06-04T14:40:00.000000Z,666.56,667.4,666.46,667.37,1279.03
2025-06-04T14:45:00.000000Z,667.38,667.97,666.86,667.53,1808.6
2025-06-04T14:50:00.000000Z,667.54,667.56,667.06,667.55,739.64
2025-06-04T14:55:00.000000Z,667.55,668.65,667.55,668.47,1830.0
2025-06-04T15:00:00.000000Z,668.46,668.65,668.02,668.02,3131.72
2025-06-04T15:05:00.000000Z,668.03,668.56,667.12,667.53,2736.93
2025-06-04T15:10:00.000000Z,667.53,668.65,667.45,668.27,1262.95
2025-06-04T15:15:00.000000Z,668.27,669.56,668.23,669.56,2245.94
2025-06-04T15:20:00.000000Z,669.55,669.8,669.17,669.73,1443.44
2025-06-04T15:25:00.000000Z,669.73,670.0,669.0,669.19,3214.43
2025-06-04T15:30:00.000000Z,669.2,669.56,668.92,669.49,1574.67
2025-06-04T15:35:00.000000Z,669.48,670.5,669.05,670.23,1947.54
2025-06-04T15:40:00.000000Z,670.23,670.48,669.44,669.61,1858.89
2025-06-04T15:45:00.000000Z,669.61,670.06,668.81,669.02,2781.89
2025-06-04T15:50:00.000000Z,669.02,669.6,669.01,669.46,896.91
2025-06-04T15:55:00.000000Z,669.46,669.97,669.14,669.42,1576.03
2025-06-04T16:00:00.000000Z,669.43,669.56,668.12,668.5,3157.28
2025-06-04T16:05:00.000000Z,668.5,669.08,668.0,669.06,3821.42
2025-06-04T16:10:00.000000Z,669.05,669.58,669.0,669.44,1035.3
2025-06-04T16:15:00.000000Z,669.44,669.87,669.06,669.8,1576.5
2025-06-04T16:20:00.000000Z,669.79,669.87,669.05,669.28,1048.04
2025-06-04T16:25:00.000000Z,669.28,669.36,669.01,669.09,577.84
2025-06-04T16:30:00.000000Z,669.09,669.46,668.69,669.46,1166.27
2025-06-04T16:35:00.000000Z,669.45,669.8,669.18,669.58,1147.11
2025-06-04T16:40:00.000000Z,669.57,669.57,669.0,669.22,1323.6
2025-06-04T16:45:00.000000Z,669.23,669.78,669.1,669.78,825.33
2025-06-04T16:50:00.000000Z,669.78,669.98,669.62,669.72,630.78
2025-06-04T16:55:00.000000Z,669.72,669.92,669.32,669.91,874.55
2025-06-04T17:00:00.000000Z,669.92,670.0,668.44,668.45,2326.47
2025-06-04T17:05:00.000000Z,668.44,668.53,667.62,667.74,3417.59
2025-06-04T17:10:00.000000Z,667.74,668.49,667.19,668.31,1584.18
2025-06-04T17:15:00.000000Z,668.31,668.31,667.61,667.91,524.27
2025-06-04T17:20:00.000000Z,667.91,668.22,667.21,667.42,1314.94
2025-06-04T17:25:00.000000Z,667.42,667.58,666.92,667.08,1511.65
2025-06-04T17:30:00.000000Z,667.08,667.26,666.28,667.19,2052.89
2025-06-04T17:35:00.000000Z,667.18,667.55,666.53,666.72,1278.97
2025-06-04T17:40:00.000000Z,666.71,667.2,666.66,666.68,747.98
2025-06-04T17:45:00.000000Z,666.69,667.06,666.42,667.05,708.71
2025-06-04T17:50:00.000000Z,667.06,667.48,666.42,667.44,612.72
2025-06-04T17:55:00.000000Z,667.45,667.48,667.28,667.46,259.12
2025-06-04T18:00:00.000000Z,667.47,667.8,667.31,667.65,1408.25
2025-06-04T18:05:00.000000Z,667.64,667.64,666.13,666.39,1650.93
2025-06-04T18:10:00.000000Z,666.39,667.4,666.35,667.39,601.01
2025-06-04T18:15:00.000000Z,667.39,667.87,667.28,667.85,435.18
2025-06-04T18:20:00.000000Z,667.85,668.12,667.83,668.12,368.57
2025-06-04T18:25:00.000000Z,668.12,668.9,668.02,668.9,1269.52
2025-06-04T18:30:00.000000Z,668.9,669.07,668.63,668.85,511.71
2025-06-04T18:35:00.000000Z,668.86,669.12,668.76,669.06,449.4
2025-06-04T18:40:00.000000Z,669.06,669.1,668.5,668.94,533.13
2025-06-04T18:45:00.000000Z,668.95,669.11,668.58,668.82,431.85
2025-06-04T18:50:00.000000Z,668.81,668.81,668.11,668.23,510.9
2025-06-04T18:55:00.000000Z,668.23,668.23,667.68,668.01,734.72
2025-06-04T19:00:00.000000Z,668.02,668.04,667.76,667.94,1115.43
2025-06-04T19:05:00.000000Z,667.93,667.94,666.8,666.85,850.44
2025-06-04T19:10:00.000000Z,666.85,667.46,666.63,667.31,1198.38
2025-06-04T19:15:00.000000Z,667.31,667.98,666.88,667.87,540.56
2025-06-04T19:20:00.000000Z,667.88,668.69,667.69,668.28,1497.61
2025-06-04T19:25:00.000000Z,668.3,668.39,667.82,668.02,460.85
2025-06-04T19:30:00.000000Z,668.01,668.62,667.7,668.19,491.8
2025-06-04T19:35:00.000000Z,668.18,668.61,667.76,668.37,710.88
2025-06-04T19:40:00.000000Z,668.35,668.66,668.12,668.59,230.27
2025-06-04T19:45:00.000000Z,668.6,668.85,668.18,668.57,505.28
2025-06-04T19:50:00.000000Z,668.56,668.58,667.74,667.91,359.05
2025-06-04T19:55:00.000000Z,667.92,668.0,667.34,667.36,566.55
2025-06-04T20:00:00.000000Z,667.35,667.47,665.86,665.96,1529.76
2025-06-04T20:05:00.000000Z,665.95,666.2,665.48,665.69,3255.34
2025-06-04T20:10:00.000000Z,665.69,665.72,665.07,665.27,1576.51
2025-06-04T20:15:00.000000Z,665.26,665.39,665.0,665.09,9898.49
2025-06-04T20:20:00.000000Z,665.08,665.11,663.99,664.5,5126.03
2025-06-04T20:25:00.000000Z,664.5,665.49,664.44,665.44,2089.21
2025-06-04T20:30:00.000000Z,665.43,665.43,664.0,664.67,1203.41
2025-06-04T20:35:00.000000Z,664.68,664.68,664.18,664.3,726.59
2025-06-04T20:40:00.000000Z,664.3,664.83,664.1,664.63,703.04
2025-06-04T20:45:00.000000Z,664.62,664.63,663.76,664.09,1370.52
2025-06-04T20:50:00.000000Z,664.08,665.0,663.78,664.37,1005.92
2025-06-04T20:55:00.000000Z,664.38,664.42,664.1,664.28,713.99
2025-06-04T21:00:00.000000Z,664.28,664.29,663.04,663.04,1036.43
2025-06-04T21:05:00.000000Z,663.04,663.05,662.03,662.25,5962.57
2025-06-04T21:10:00.000000Z,662.25,663.92,661.7,663.91,3267.2
2025-06-04T21:15:00.000000Z,663.91,663.91,662.0,662.32,1318.54
2025-06-04T21:20:00.000000Z,662.33,662.73,662.02,662.61,1443.72
2025-06-04T21:25:00.000000Z,662.61,663.57,662.61,663.57,682.3
2025-06-04T21:30:00.000000Z,663.56,664.82,663.56,664.81,670.85
2025-06-04T21:35:00.000000Z,664.81,665.32,664.69,664.82,1640.85
2025-06-04T21:40:00.000000Z,664.84,665.38,664.63,665.2,780.39
2025-06-04T21:45:00.000000Z,665.2,666.07,665.2,666.06,526.02
2025-06-04T21:50:00.000000Z,666.06,666.66,666.06,666.54,1019.0
2025-06-04T21:55:00.000000Z,666.52,666.53,665.42,665.43,868.54
2025-06-04T22:00:00.000000Z,665.42,665.51,663.76,663.76,2774.18
2025-06-04T22:05:00.000000Z,663.76,663.76,662.22,662.32,4112.59
2025-06-04T22:10:00.000000Z,662.32,664.0,662.29,663.75,1565.07
2025-06-04T22:15:00.000000Z,663.75,664.4,663.5,664.25,1185.45
2025-06-04T22:20:00.000000Z,664.25,664.34,662.74,662.89,727.19
2025-06-04T22:25:00.000000Z,662.88,663.01,662.46,662.74,1082.19
2025-06-04T22:30:00.000000Z,662.73,663.1,662.4,662.84,840.32
2025-06-04T22:35:00.000000Z,662.84,663.3,662.6,662.9,561.96
2025-06-04T22:40:00.000000Z,662.9,663.45,662.86,663.19,447.39
2025-06-04T22:45:00.000000Z,663.19,663.2,662.44,662.44,502.09
2025-06-04T22:50:00.000000Z,662.44,662.54,661.94,662.46,1020.25
2025-06-04T22:55:00.000000Z,662.45,662.78,662.32,662.6,748.36
2025-06-04T23:00:00.000000Z,662.6,662.8,662.36,662.55,790.0
2025-06-04T23:05:00.000000Z,662.54,663.5,662.36,663.3,837.27
2025-06-04T23:10:00.000000Z,663.29,663.36,662.34,662.43,620.19
2025-06-04T23:15:00.000000Z,662.44,662.86,662.0,662.01,763.01
2025-06-04T23:20:00.000000Z,661.98,662.86,661.52,662.85,1053.33
2025-06-04T23:25:00.000000Z,662.85,663.3,662.81,663.0,658.12
2025-06-04T23:30:00.000000Z,662.99,663.18,662.36,663.01,470.94
2025-06-04T23:35:00.000000Z,663.01,663.48,663.0,663.45,606.1
2025-06-04T23:40:00.000000Z,663.45,663.87,663.34,663.87,1013.56
2025-06-04T23:45:00.000000Z,663.87,663.87,663.59,663.81,670.16
2025-06-04T23:50:00.000000Z,663.81,663.85,663.14,663.14,1347.16
2025-06-04T23:55:00.000000Z,663.14,663.21,662.67,662.93,466.98
2025-06-05T00:00:00.000000Z,662.93,663.71,662.64,663.24,1221.97
2025-06-05T00:05:00.000000Z,663.23,663.55,662.82,663.49,1332.63
2025-06-05T00:10:00.000000Z,663.5,663.95,663.33,663.33,977.43
2025-06-05T00:15:00.000000Z,663.33,664.14,663.33,663.84,1924.1
2025-06-05T00:20:00.000000Z,663.82,664.29,663.14,663.14,2014.12
2025-06-05T00:25:00.000000Z,663.15,664.65,663.15,664.46,1012.8
2025-06-05T00:30:00.000000Z,664.47,665.62,664.47,665.18,1702.67
2025-06-05T00:35:00.000000Z,665.18,665.21,664.83,664.89,937.3
2025-06-05T00:40:00.000000Z,664.89,664.89,664.22,664.66,740.32
2025-06-05T00:45:00.000000Z,664.67,665.19,664.18,664.42,847.24
2025-06-05T00:50:00.000000Z,664.43,664.47,663.64,664.28,2126.2
2025-06-05T00:55:00.000000Z,664.29,664.81,663.82,664.53,2088.52
2025-06-05T01:00:00.000000Z,664.53,665.24,664.31,665.03,892.6
2025-06-05T01:05:00.000000Z,665.03,665.89,664.94,665.83,1020.64
2025-06-05T01:10:00.000000Z,665.83,665.91,665.41,665.85,555.93
2025-06-05T01:15:00.000000Z,665.86,666.0,665.5,665.79,1011.3
2025-06-05T01:20:00.000000Z,665.8,665.97,665.26,665.37,987.52
2025-06-05T01:25:00.000000Z,665.37,666.06,665.23,665.97,529.38
2025-06-05T01:30:00.000000Z,665.98,665.98,665.28,665.4,815.22
2025-06-05T01:35:00.000000Z,665.4,665.8,665.0,665.28,562.22
2025-06-05T01:40:00.000000Z,665.28,666.09,665.2,666.08,594.65
2025-06-05T01:45:00.000000Z,666.09,666.39,665.66,665.7,1304.3
2025-06-05T01:50:00.000000Z,665.66,665.93,665.14,665.57,722.55
2025-06-05T01:55:00.000000Z,665.58,666.09,665.5,666.06,385.02
2025-06-05T02:00:00.000000Z,666.06,666.24,665.68,665.92,1091.04
2025-06-05T02:05:00.000000Z,665.92,666.26,665.87,665.92,518.0
2025-06-05T02:10:00.000000Z,665.93,666.43,665.93,666.43,579.15
2025-06-05T02:15:00.000000Z,666.43,666.43,665.8,665.93,720.73
2025-06-05T02:20:00.000000Z,665.94,666.08,665.01,665.12,669.5
2025-06-05T02:25:00.000000Z,665.11,665.63,665.11,665.27,554.92
2025-06-05T02:30:00.000000Z,665.26,666.15,665.09,666.0,1114.72
2025-06-05T02:35:00.000000Z,666.0,666.3,665.87,666.02,706.54
2025-06-05T02:40:00.000000Z,666.02,666.1,665.68,665.68,316.94
2025-06-05T02:45:00.000000Z,665.69,665.85,665.41,665.79,411.98
2025-06-05T02:50:00.000000Z,665.8,665.83,664.9,665.23,1060.97
2025-06-05T02:55:00.000000Z,665.25,665.32,664.79,664.79,658.35
2025-06-05T03:00:00.000000Z,664.79,665.02,664.23,664.25,807.92
2025-06-05T03:05:00.000000Z,664.25,664.56,664.17,664.56,895.69
2025-06-05T03:10:00.000000Z,664.55,664.88,664.54,664.59,455.83
2025-06-05T03:15:00.000000Z,664.58,664.73,664.17,664.73,374.96
2025-06-05T03:20:00.000000Z,664.73,664.98,664.28,664.41,458.62
2025-06-05T03:25:00.000000Z,664.41,664.82,664.41,664.54,335.76
2025-06-05T03:30:00.000000Z,664.53,665.23,664.5,664.93,471.12
2025-06-05T03:35:00.000000Z,664.93,665.42,664.57,665.3,533.24
2025-06-05T03:40:00.000000Z,665.3,665.39,665.23,665.32,167.48
2025-06-05T03:45:00.000000Z,665.33,665.69,665.29,665.54,334.52
2025-06-05T03:50:00.000000Z,665.53,665.81,665.48,665.61,470.45
2025-06-05T03:55:00.000000Z,665.62,665.7,665.49,665.59,180.03
2025-06-05T04:00:00.000000Z,665.59,666.81,665.5,666.41,2112.22
2025-06-05T04:05:00.000000Z,666.42,666.99,666.07,666.99,1557.29
2025-06-05T04:10:00.000000Z,666.99,667.21,666.3,667.02,1279.03
2025-06-05T04:15:00.000000Z,667.01,667.29,666.85,667.1,882.4
2025-06-05T04:20:00.000000Z,667.09,667.16,666.87,666.97,430.0
2025-06-05T04:25:00.000000Z,666.96,667.23,666.92,666.99,654.85
2025-06-05T04:30:00.000000Z,667.0,667.47,666.54,667.28,910.44
2025-06-05T04:35:00.000000Z,667.26,667.27,666.63,666.78,378.07
2025-06-05T04:40:00.000000Z,666.79,667.26,666.79,667.17,410.85
2025-06-05T04:45:00.000000Z,667.18,667.45,667.1,667.28,530.88
2025-06-05T04:50:00.000000Z,667.28,667.56,667.2,667.55,500.87
2025-06-05T04:55:00.000000Z,667.56,667.65,667.31,667.51,352.01
2025-06-05T05:00:00.000000Z,667.5,667.97,667.4,667.54,1947.39
2025-06-05T05:05:00.000000Z,667.54,668.44,667.5,667.96,3368.69
2025-06-05T05:10:00.000000Z,667.96,668.26,666.87,666.87,1090.06
2025-06-05T05:15:00.000000Z,666.88,667.19,666.59,667.01,622.49
2025-06-05T05:20:00.000000Z,667.01,667.16,666.53,666.67,429.41
2025-06-05T05:25:00.000000Z,666.67,666.84,665.91,665.91,754.86
2025-06-05T05:30:00.000000Z,665.92,665.92,665.5,665.51,1407.93
2025-06-05T05:35:00.000000Z,665.51,665.82,665.38,665.64,842.79
2025-06-05T05:40:00.000000Z,665.63,665.64,664.96,665.36,1092.01
2025-06-05T05:45:00.000000Z,665.36,665.88,665.1,665.59,863.67
2025-06-05T05:50:00.000000Z,665.59,666.15,665.23,665.74,912.77
2025-06-05T05:55:00.000000Z,665.74,666.38,665.74,666.35,780.95
2025-06-05T06:00:00.000000Z,666.35,667.7,666.35,667.59,2240.02
2025-06-05T06:05:00.000000Z,667.59,667.81,666.92,667.67,2788.87
2025-06-05T06:10:00.000000Z,667.71,667.73,667.0,667.06,1139.75
2025-06-05T06:15:00.000000Z,667.06,667.19,666.62,667.12,2057.59
2025-06-05T06:20:00.000000Z,667.1,667.66,666.62,667.45,1876.36
2025-06-05T06:25:00.000000Z,667.45,667.6,667.28,667.55,583.75
2025-06-05T06:30:00.000000Z,667.54,667.58,666.65,666.66,736.74
2025-06-05T06:35:00.000000Z,666.66,666.89,665.87,666.84,1262.27
2025-06-05T06:40:00.000000Z,666.84,666.97,666.0,666.12,726.87
2025-06-05T06:45:00.000000Z,666.12,666.39,666.0,666.1,527.21
2025-06-05T06:50:00.000000Z,666.11,666.72,666.1,666.51,822.6
2025-06-05T06:55:00.000000Z,666.51,666.7,666.4,666.48,698.71
2025-06-05T07:00:00.000000Z,666.49,667.99,666.49,667.97,2985.34
2025-06-05T07:05:00.000000Z,667.97,668.22,667.72,667.87,3540.36
2025-06-05T07:10:00.000000Z,667.87,667.98,667.02,667.38,1354.4
2025-06-05T07:15:00.000000Z,667.38,668.0,667.37,667.96,1170.86
2025-06-05T07:20:00.000000Z,667.96,668.0,667.56,667.93,631.52
2025-06-05T07:25:00.000000Z,667.93,668.5,667.84,668.33,1322.55
2025-06-05T07:30:00.000000Z,668.33,668.46,668.01,668.09,687.41
2025-06-05T07:35:00.000000Z,668.09,668.1,666.94,667.23,1733.57
2025-06-05T07:40:00.000000Z,667.23,667.43,667.11,667.29,552.83
2025-06-05T07:45:00.000000Z,667.29,667.5,666.92,666.97,1736.33
2025-06-05T07:50:00.000000Z,666.96,668.22,666.84,668.17,990.98
2025-06-05T07:55:00.000000Z,668.17,668.37,668.02,668.37,743.61
2025-06-05T08:00:00.000000Z,668.37,669.96,668.37,669.63,7055.13
2025-06-05T08:05:00.000000Z,669.63,670.39,669.22,670.15,5723.42
2025-06-05T08:10:00.000000Z,670.14,670.19,669.44,669.69,2289.25
2025-06-05T08:15:00.000000Z,669.69,669.98,669.06,669.38,1396.18
2025-06-05T08:20:00.000000Z,669.38,669.96,668.88,669.96,1481.94
2025-06-05T08:25:00.000000Z,669.95,670.2,669.63,669.64,1727.21
2025-06-05T08:30:00.000000Z,669.64,669.76,668.84,668.95,961.2
2025-06-05T08:35:00.000000Z,668.96,669.12,668.56,668.82,1074.37
2025-06-05T08:40:00.000000Z,668.82,668.86,668.33,668.65,1070.55
2025-06-05T08:45:00.000000Z,668.65,669.21,668.36,669.21,847.26
2025-06-05T08:50:00.000000Z,669.2,669.2,668.6,669.09,622.38
2025-06-05T08:55:00.000000Z,669.09,669.09,668.54,668.77,622.09
2025-06-05T09:00:00.000000Z,668.76,669.96,668.76,669.88,1849.04
2025-06-05T09:05:00.000000Z,669.88,670.35,669.8,670.19,8315.46
2025-06-05T09:10:00.000000Z,670.2,670.39,669.56,669.57,1348.48
2025-06-05T09:15:00.000000Z,669.56,670.0,668.79,669.0,1841.74
2025-06-05T09:20:00.000000Z,669.0,669.18,668.7,668.97,687.88
2025-06-05T09:25:00.000000Z,668.97,669.26,668.94,669.05,862.82
2025-06-05T09:30:00.000000Z,669.06,669.2,668.84,669.14,758.77
2025-06-05T09:35:00.000000Z,669.14,669.55,668.89,669.49,1120.51
2025-06-05T09:40:00.000000Z,669.48,670.74,669.48,670.4,2940.7
2025-06-05T09:45:00.000000Z,670.39,670.45,669.96,670.33,1670.48
2025-06-05T09:50:00.000000Z,670.32,670.46,669.12,669.15,4554.01
2025-06-05T09:55:00.000000Z,669.14,669.2,668.32,668.41,2862.14
2025-06-05T10:00:00.000000Z,668.41,668.86,668.09,668.4,5205.93
2025-06-05T10:05:00.000000Z,668.39,668.61,667.78,668.15,5580.58
2025-06-05T10:10:00.000000Z,668.16,668.36,667.54,667.59,4469.15
2025-06-05T10:15:00.000000Z,667.58,667.65,667.0,667.06,1832.4
2025-06-05T10:20:00.000000Z,667.05,668.0,666.71,667.17,5043.14
2025-06-05T10:25:00.000000Z,667.17,667.17,666.1,666.29,2346.68
2025-06-05T10:30:00.000000Z,666.3,667.02,666.12,666.89,1342.53
2025-06-05T10:35:00.000000Z,666.89,667.5,666.5,666.72,1983.75
2025-06-05T10:40:00.000000Z,666.73,666.94,665.64,665.93,2080.25
2025-06-05T10:45:00.000000Z,665.93,665.93,664.83,665.29,2691.27
2025-06-05T10:50:00.000000Z,665.31,665.44,664.76,664.82,1894.79
2025-06-05T10:55:00.000000Z,664.82,664.82,663.55,663.89,3675.63
2025-06-05T11:00:00.000000Z,663.9,664.03,662.29,662.46,5921.05
2025-06-05T11:05:00.000000Z,662.46,663.78,662.14,663.04,6510.42
2025-06-05T11:10:00.000000Z,663.04,663.41,662.72,663.22,2670.77
2025-06-05T11:15:00.000000Z,663.21,663.52,662.66,663.23,1444.12
2025-06-05T11:20:00.000000Z,663.22,664.26,662.74,664.19,1285.62
2025-06-05T11:25:00.000000Z,664.19,664.19,663.5,663.88,1317.52
2025-06-05T11:30:00.000000Z,663.87,664.14,663.71,664.02,971.46
2025-06-05T11:35:00.000000Z,664.01,664.02,663.34,663.52,772.96
2025-06-05T11:40:00.000000Z,663.51,663.51,662.85,662.92,739.78
2025-06-05T11:45:00.000000Z,662.92,663.68,662.73,662.78,1445.11
2025-06-05T11:50:00.000000Z,662.79,662.83,662.07,662.19,1787.52
2025-06-05T11:55:00.000000Z,662.19,662.51,661.94,662.1,2057.71
2025-06-05T12:00:00.000000Z,662.11,663.67,661.7,662.76,3857.67
2025-06-05T12:05:00.000000Z,662.76,663.69,662.42,663.56,2726.62
2025-06-05T12:10:00.000000Z,663.55,664.13,663.32,663.87,1843.3
2025-06-05T12:15:00.000000Z,663.87,664.95,663.81,664.74,5874.64
2025-06-05T12:20:00.000000Z,664.74,665.21,664.4,664.6,2301.57
2025-06-05T12:25:00.000000Z,664.6,664.82,664.22,664.66,1691.73
2025-06-05T12:30:00.000000Z,664.65,664.65,663.73,663.83,3533.74
2025-06-05T12:35:00.000000Z,663.83,664.59,663.58,664.0,2055.84
2025-06-05T12:40:00.000000Z,664.0,664.94,664.0,664.36,1620.85
2025-06-05T12:45:00.000000Z,664.36,665.5,663.8,664.92,2676.42
2025-06-05T12:50:00.000000Z,664.91,665.36,664.5,664.59,1661.07
2025-06-05T12:55:00.000000Z,664.59,665.1,662.6,662.75,4053.22
2025-06-05T13:00:00.000000Z,662.76,663.24,662.68,662.87,3254.27
2025-06-05T13:05:00.000000Z,662.87,663.57,662.74,663.25,5934.99
2025-06-05T13:10:00.000000Z,663.24,663.96,662.91,663.71,3667.89
2025-06-05T13:15:00.000000Z,663.71,664.29,663.32,663.95,1405.2
2025-06-05T13:20:00.000000Z,663.96,664.2,663.0,663.04,1277.16
2025-06-05T13:25:00.000000Z,663.03,663.89,663.0,663.84,761.99
2025-06-05T13:30:00.000000Z,663.84,664.1,662.71,662.79,1632.25
2025-06-05T13:35:00.000000Z,662.79,663.38,662.54,662.76,1444.77
2025-06-05T13:40:00.000000Z,662.75,663.29,662.52,662.99,4973.51
2025-06-05T13:45:00.000000Z,662.99,663.25,661.02,661.53,9672.06
2025-06-05T13:50:00.000000Z,661.53,663.19,661.04,661.53,13138.07
2025-06-05T13:55:00.000000Z,661.52,661.85,661.02,661.21,3855.92
2025-06-05T14:00:00.000000Z,661.2,661.48,658.01,658.28,20817.05
2025-06-05T14:05:00.000000Z,658.3,659.3,658.08,658.46,5579.73
2025-06-05T14:10:00.000000Z,658.47,659.14,658.35,658.68,2186.89
2025-06-05T14:15:00.000000Z,658.69,659.38,657.02,657.65,5598.7
2025-06-05T14:20:00.000000Z,657.65,658.67,657.45,658.34,2914.69
2025-06-05T14:25:00.000000Z,658.34,658.66,656.42,657.43,5126.78
2025-06-05T14:30:00.000000Z,657.43,657.5,656.66,656.98,3660.43
2025-06-05T14:35:00.000000Z,656.97,658.62,656.47,658.44,2994.11
2025-06-05T14:40:00.000000Z,658.45,659.34,658.26,659.06,2892.38
2025-06-05T14:45:00.000000Z,659.06,660.29,658.72,659.88,3722.34
2025-06-05T14:50:00.000000Z,659.88,660.21,659.33,659.65,1338.91
2025-06-05T14:55:00.000000Z,659.65,659.98,658.8,659.93,1645.31
2025-06-05T15:00:00.000000Z,659.93,660.21,659.31,659.56,2934.82
2025-06-05T15:05:00.000000Z,659.55,659.56,657.86,658.28,3598.13
2025-06-05T15:10:00.000000Z,658.29,659.81,658.29,658.83,4181.81
2025-06-05T15:15:00.000000Z,658.83,658.94,658.33,658.78,919.44
2025-06-05T15:20:00.000000Z,658.78,659.71,658.73,659.65,1094.95
2025-06-05T15:25:00.000000Z,659.65,660.11,659.59,660.03,1281.52
2025-06-05T15:30:00.000000Z,660.02,660.05,659.22,659.22,1111.92
2025-06-05T15:35:00.000000Z,659.21,659.26,658.7,658.9,801.33
2025-06-05T15:40:00.000000Z,658.9,659.64,658.9,659.32,931.75
2025-06-05T15:45:00.000000Z,659.32,659.33,658.33,658.46,1513.65
2025-06-05T15:50:00.000000Z,658.46,659.12,658.22,658.95,1605.53
2025-06-05T15:55:00.000000Z,658.95,659.42,658.92,659.04,624.36
2025-06-05T16:00:00.000000Z,659.04,659.04,657.76,658.02,3244.76
2025-06-05T16:05:00.000000Z,658.01,658.02,657.18,657.18,1346.81
2025-06-05T16:10:00.000000Z,657.19,658.05,656.88,657.44,1822.93
2025-06-05T16:15:00.000000Z,657.45,657.55,655.61,655.9,5037.21
2025-06-05T16:20:00.000000Z,655.89,655.92,655.07,655.12,4736.06
2025-06-05T16:25:00.000000Z,655.11,655.36,654.28,655.01,4861.07
2025-06-05T16:30:00.000000Z,655.02,655.14,654.14,654.35,2235.73
2025-06-05T16:35:00.000000Z,654.36,654.9,654.22,654.42,1493.83
2025-06-05T16:40:00.000000Z,654.43,655.07,653.79,654.27,3420.95
2025-06-05T16:45:00.000000Z,654.28,654.31,653.35,653.95,2783.75
2025-06-05T16:50:00.000000Z,653.96,654.8,653.42,654.22,1951.57
2025-06-05T16:55:00.000000Z,654.21,654.89,653.76,653.96,1502.48
2025-06-05T17:00:00.000000Z,653.97,655.02,653.78,654.36,2793.15
2025-06-05T17:05:00.000000Z,654.35,654.68,653.47,653.97,4005.79
2025-06-05T17:10:00.000000Z,653.96,654.93,653.76,654.59,1433.81
2025-06-05T17:15:00.000000Z,654.59,655.96,654.59,655.47,4073.96
2025-06-05T17:20:00.000000Z,655.46,655.46,654.31,654.59,1437.97
2025-06-05T17:25:00.000000Z,654.58,654.66,653.82,654.6,1106.02
2025-06-05T17:30:00.000000Z,654.59,654.78,653.97,654.0,1397.97
2025-06-05T17:35:00.000000Z,654.0,654.74,653.62,654.52,743.24
2025-06-05T17:40:00.000000Z,654.53,654.7,654.18,654.19,527.03
2025-06-05T17:45:00.000000Z,654.18,654.3,652.53,653.05,4234.69
2025-06-05T17:50:00.000000Z,653.06,653.94,652.77,653.84,1494.28
2025-06-05T17:55:00.000000Z,653.85,654.11,653.5,653.79,1402.84
2025-06-05T18:00:00.000000Z,653.78,653.79,652.36,652.43,2799.06
2025-06-05T18:05:00.000000Z,652.43,652.48,651.65,651.89,6729.36
2025-06-05T18:10:00.000000Z,651.89,652.23,650.59,650.73,6265.6
2025-06-05T18:15:00.000000Z,650.73,652.5,650.15,652.29,4072.7
2025-06-05T18:20:00.000000Z,652.29,653.28,652.29,653.01,2068.43
2025-06-05T18:25:00.000000Z,653.01,653.07,652.39,652.72,1787.01
2025-06-05T18:30:00.000000Z,652.72,653.37,652.72,653.17,2247.21
2025-06-05T18:35:00.000000Z,653.16,654.39,653.16,653.95,5264.12
2025-06-05T18:40:00.000000Z,653.95,654.03,652.24,652.63,973.82
2025-06-05T18:45:00.000000Z,652.62,653.06,651.6,652.12,1160.74
2025-06-05T18:50:00.000000Z,652.12,652.69,651.69,651.75,1761.54
2025-06-05T18:55:00.000000Z,651.74,652.16,650.09,650.22,5140.18
2025-06-05T19:00:00.000000Z,650.21,650.7,649.4,649.56,4647.23
2025-06-05T19:05:00.000000Z,649.56,649.62,647.67,648.5,10613.16
2025-06-05T19:10:00.000000Z,648.5,648.9,646.24,646.25,5526.84
2025-06-05T19:15:00.000000Z,646.24,646.49,640.5,642.28,40511.36
2025-06-05T19:20:00.000000Z,642.27,644.03,641.24,643.3,11439.86
2025-06-05T19:25:00.000000Z,643.31,644.75,642.48,644.28,5030.14
2025-06-05T19:30:00.000000Z,644.29,644.82,643.66,644.62,3851.28
2025-06-05T19:35:00.000000Z,644.6,646.47,644.08,646.03,3462.38
2025-06-05T19:40:00.000000Z,646.02,646.31,644.5,644.71,4415.05
2025-06-05T19:45:00.000000Z,644.72,644.86,644.0,644.06,1459.32
2025-06-05T19:50:00.000000Z,644.06,645.04,643.6,644.69,1914.32
2025-06-05T19:55:00.000000Z,644.69,644.87,643.56,644.04,2224.26
2025-06-05T20:00:00.000000Z,644.04,644.04,641.79,642.9,6649.18
2025-06-05T20:05:00.000000Z,642.89,642.96,641.06,641.18,4762.4
2025-06-05T20:10:00.000000Z,641.18,641.22,637.38,639.28,18801.7
2025-06-05T20:15:00.000000Z,639.28,639.28,634.33,635.11,19321.9
2025-06-05T20:20:00.000000Z,635.11,635.44,622.05,634.85,58129.41
2025-06-05T20:25:00.000000Z,634.85,636.77,633.63,635.39,11032.84
2025-06-05T20:30:00.000000Z,635.4,635.49,630.5,630.79,8043.32
2025-06-05T20:35:00.000000Z,630.8,632.27,629.17,631.22,7360.4
2025-06-05T20:40:00.000000Z,631.22,631.49,625.76,627.05,20198.58
2025-06-05T20:45:00.000000Z,627.05,632.66,626.78,631.6,10027.2
2025-06-05T20:50:00.000000Z,631.59,631.66,626.42,627.68,11369.58
2025-06-05T20:55:00.000000Z,627.68,628.32,625.01,625.52,8243.98
2025-06-05T21:00:00.000000Z,625.51,630.14,625.11,629.04,8803.53
2025-06-05T21:05:00.000000Z,629.04,631.11,628.82,630.0,8712.69
2025-06-05T21:10:00.000000Z,630.01,631.33,628.09,628.83,7920.22
2025-06-05T21:15:00.000000Z,628.83,631.5,628.65,630.18,3792.72
2025-06-05T21:20:00.000000Z,630.17,630.9,629.44,630.82,1717.95
2025-06-05T21:25:00.000000Z,630.82,631.77,630.31,631.67,6797.46
2025-06-05T21:30:00.000000Z,631.67,633.33,630.76,633.03,4485.18
2025-06-05T21:35:00.000000Z,633.03,633.74,631.39,632.42,5959.13
2025-06-05T21:40:00.000000Z,632.44,634.49,632.44,634.39,2090.29
2025-06-05T21:45:00.000000Z,634.4,634.46,632.01,632.52,2452.84
2025-06-05T21:50:00.000000Z,632.51,632.9,631.79,632.84,1202.59
2025-06-05T21:55:00.000000Z,632.89,634.2,632.88,633.81,1774.43
2025-06-05T22:00:00.000000Z,633.82,633.82,630.03,630.37,4766.3
2025-06-05T22:05:00.000000Z,630.38,631.16,629.08,629.42,4947.55
2025-06-05T22:10:00.000000Z,629.43,630.82,629.42,630.06,2073.92
2025-06-05T22:15:00.000000Z,630.05,632.22,629.8,631.92,2267.35
2025-06-05T22:20:00.000000Z,631.93,632.63,630.99,631.3,3090.76
2025-06-05T22:25:00.000000Z,631.3,631.64,630.86,631.28,1543.8
2025-06-05T22:30:00.000000Z,631.27,633.17,631.05,632.38,4858.23
2025-06-05T22:35:00.000000Z,632.38,633.24,632.1,632.89,3405.34
2025-06-05T22:40:00.000000Z,632.88,633.96,632.84,633.57,2277.24
2025-06-05T22:45:00.000000Z,633.58,634.6,633.18,634.52,5935.08
2025-06-05T22:50:00.000000Z,634.52,635.06,634.1,634.38,3426.28
2025-06-05T22:55:00.000000Z,634.38,634.38,633.77,634.04,1393.27
2025-06-05T23:00:00.000000Z,634.04,634.8,633.6,634.26,1910.48
2025-06-05T23:05:00.000000Z,634.25,634.87,633.36,634.62,1742.55
2025-06-05T23:10:00.000000Z,634.61,635.29,634.5,635.15,2153.06
2025-06-05T23:15:00.000000Z,635.14,635.24,634.0,634.13,2157.22
2025-06-05T23:20:00.000000Z,634.12,635.11,634.0,634.39,1322.64
2025-06-05T23:25:00.000000Z,634.4,635.04,634.33,634.87,1250.1
2025-06-05T23:30:00.000000Z,634.87,635.08,634.31,634.31,1449.68
2025-06-05T23:35:00.000000Z,634.3,634.3,631.74,632.53,8842.32
2025-06-05T23:40:00.000000Z,632.53,633.25,632.2,632.93,2031.69
2025-06-05T23:45:00.000000Z,632.92,633.33,632.26,633.31,1172.13
2025-06-05T23:50:00.000000Z,633.31,633.93,632.9,633.58,1050.48
2025-06-05T23:55:00.000000Z,633.59,633.68,632.62,632.9,1152.55
2025-06-06T00:00:00.000000Z,632.9,632.97,632.09,632.63,2977.87
2025-06-06T00:05:00.000000Z,632.62,633.84,632.2,633.17,2743.63
2025-06-06T00:10:00.000000Z,633.18,633.8,632.0,632.29,1236.0
2025-06-06T00:15:00.000000Z,632.29,632.76,629.38,630.72,9716.91
2025-06-06T00:20:00.000000Z,630.71,631.26,628.56,630.63,9115.94
2025-06-06T00:25:00.000000Z,630.64,631.53,630.19,631.53,1842.77
2025-06-06T00:30:00.000000Z,631.54,632.5,631.52,632.32,2770.51
2025-06-06T00:35:00.000000Z,632.31,632.75,632.12,632.58,1146.88
2025-06-06T00:40:00.000000Z,632.59,633.02,632.37,632.74,1312.42
2025-06-06T00:45:00.000000Z,632.74,632.81,631.06,631.81,3247.32
2025-06-06T00:50:00.000000Z,631.81,633.56,631.81,633.49,1372.07
2025-06-06T00:55:00.000000Z,633.48,633.49,633.06,633.45,1348.73
2025-06-06T01:00:00.000000Z,633.45,633.45,631.27,632.07,3353.86
2025-06-06T01:05:00.000000Z,632.07,633.05,631.59,633.05,1881.37
2025-06-06T01:10:00.000000Z,633.06,633.32,632.95,633.17,1231.56
2025-06-06T01:15:00.000000Z,633.17,633.4,631.72,632.48,3723.2
2025-06-06T01:20:00.000000Z,632.47,633.79,631.72,633.79,2034.78
2025-06-06T01:25:00.000000Z,633.78,634.26,632.47,632.94,1268.03
2025-06-06T01:30:00.000000Z,632.94,633.79,632.83,633.65,1588.3
2025-06-06T01:35:00.000000Z,633.64,633.88,632.69,632.77,915.67
2025-06-06T01:40:00.000000Z,632.76,633.28,632.6,632.71,1385.89
2025-06-06T01:45:00.000000Z,632.7,632.94,632.5,632.57,460.1
2025-06-06T01:50:00.000000Z,632.57,633.08,631.65,632.11,1619.28
2025-06-06T01:55:00.000000Z,632.12,633.19,632.11,632.83,877.69
2025-06-06T02:00:00.000000Z,632.83,633.68,632.72,633.46,1173.46
2025-06-06T02:05:00.000000Z,633.45,633.98,633.43,633.8,976.89
2025-06-06T02:10:00.000000Z,633.81,634.33,633.54,634.29,1385.58
2025-06-06T02:15:00.000000Z,634.28,634.28,632.75,632.86,926.28
2025-06-06T02:20:00.000000Z,632.85,632.91,632.32,632.89,1115.76
2025-06-06T02:25:00.000000Z,632.89,633.28,632.7,633.09,797.32
2025-06-06T02:30:00.000000Z,633.09,633.34,632.48,632.89,1133.75
2025-06-06T02:35:00.000000Z,632.89,633.92,632.89,633.92,604.01
2025-06-06T02:40:00.000000Z,633.91,634.56,633.86,634.5,903.98
2025-06-06T02:45:00.000000Z,634.5,634.64,634.26,634.33,1119.36
2025-06-06T02:50:00.000000Z,634.39,635.41,634.38,635.4,1448.49
2025-06-06T02:55:00.000000Z,635.39,636.4,635.39,636.35,2774.11
2025-06-06T03:00:00.000000Z,636.36,636.36,635.82,635.94,1298.71
2025-06-06T03:05:00.000000Z,635.94,636.34,635.85,635.9,1194.34
2025-06-06T03:10:00.000000Z,635.91,636.7,635.67,636.48,2550.58
2025-06-06T03:15:00.000000Z,636.47,637.02,636.06,636.98,2687.79
2025-06-06T03:20:00.000000Z,636.98,637.68,636.83,637.55,2789.38
2025-06-06T03:25:00.000000Z,637.55,637.99,637.35,637.89,1441.23
2025-06-06T03:30:00.000000Z,637.89,638.76,637.84,638.53,2911.54
2025-06-06T03:35:00.000000Z,638.53,639.15,637.98,638.43,3366.41
2025-06-06T03:40:00.000000Z,638.44,639.14,638.44,639.09,1100.85
2025-06-06T03:45:00.000000Z,639.09,640.18,639.08,640.09,3473.5
2025-06-06T03:50:00.000000Z,640.09,640.8,639.95,640.8,2616.09
2025-06-06T03:55:00.000000Z,640.8,641.27,640.5,640.88,2706.19
2025-06-06T04:00:00.000000Z,640.87,641.12,639.44,640.01,3181.1
2025-06-06T04:05:00.000000Z,640.02,640.19,639.0,639.09,1800.85
2025-06-06T04:10:00.000000Z,639.09,640.08,639.09,639.88,1115.1
2025-06-06T04:15:00.000000Z,639.88,640.7,639.36,639.65,1254.1
2025-06-06T04:20:00.000000Z,639.65,640.04,638.43,639.02,2101.89
2025-06-06T04:25:00.000000Z,639.03,639.56,638.59,639.52,853.07
2025-06-06T04:30:00.000000Z,639.52,639.84,639.28,639.84,523.4
2025-06-06T04:35:00.000000Z,639.83,640.26,639.38,639.46,1084.78
2025-06-06T04:40:00.000000Z,639.46,640.26,639.36,639.95,910.81
2025-06-06T04:45:00.000000Z,639.96,639.96,638.84,638.94,1394.05
2025-06-06T04:50:00.000000Z,638.94,639.48,638.94,639.37,1415.03
2025-06-06T04:55:00.000000Z,639.37,639.37,638.57,638.64,442.61
2025-06-06T05:00:00.000000Z,638.65,638.8,638.37,638.48,1534.24
2025-06-06T05:05:00.000000Z,638.47,638.58,637.48,637.79,2422.12
2025-06-06T05:10:00.000000Z,637.79,637.8,637.15,637.26,1600.56
2025-06-06T05:15:00.000000Z,637.26,637.46,635.5,636.11,3674.59
2025-06-06T05:20:00.000000Z,636.1,636.11,635.07,635.21,2023.48
2025-06-06T05:25:00.000000Z,635.22,635.62,634.6,635.28,3426.47
2025-06-06T05:30:00.000000Z,635.28,635.3,634.8,635.21,1287.85
2025-06-06T05:35:00.000000Z,635.21,636.78,635.01,636.51,1703.1
2025-06-06T05:40:00.000000Z,636.5,638.12,636.5,637.98,2841.2
2025-06-06T05:45:00.000000Z,637.98,638.02,637.35,637.67,1289.62
2025-06-06T05:50:00.000000Z,637.67,638.12,637.54,637.55,1081.44
2025-06-06T05:55:00.000000Z,637.55,638.03,637.25,637.85,949.07
2025-06-06T06:00:00.000000Z,637.86,638.04,637.2,637.9,2288.31
2025-06-06T06:05:00.000000Z,637.89,638.37,637.29,638.22,1375.22
2025-06-06T06:10:00.000000Z,638.23,639.53,638.22,639.51,1949.57
2025-06-06T06:15:00.000000Z,639.5,639.77,638.95,639.3,1282.01
2025-06-06T06:20:00.000000Z,639.3,639.3,638.18,638.44,2539.86
2025-06-06T06:25:00.000000Z,638.44,639.53,638.43,639.51,1644.85
2025-06-06T06:30:00.000000Z,639.52,640.0,639.33,639.74,938.58
2025-06-06T06:35:00.000000Z,639.75,639.75,639.38,639.64,883.36
2025-06-06T06:40:00.000000Z,639.63,639.78,639.0,639.39,771.38
2025-06-06T06:45:00.000000Z,639.39,639.58,639.24,639.57,487.32
2025-06-06T06:50:00.000000Z,639.57,640.13,639.48,640.12,1754.08
2025-06-06T06:55:00.000000Z,640.12,640.38,639.55,639.58,3357.3
2025-06-06T07:00:00.000000Z,639.57,640.3,639.57,640.14,2158.95
2025-06-06T07:05:00.000000Z,640.15,640.46,640.09,640.26,761.06
2025-06-06T07:10:00.000000Z,640.26,640.54,640.26,640.3,604.65
2025-06-06T07:15:00.000000Z,640.29,640.55,640.06,640.28,724.72
2025-06-06T07:20:00.000000Z,640.27,641.19,640.05,641.18,1817.56
2025-06-06T07:25:00.000000Z,641.19,642.0,641.02,641.89,5525.25
2025-06-06T07:30:00.000000Z,641.9,641.9,641.15,641.34,2922.27
2025-06-06T07:35:00.000000Z,641.34,641.35,640.17,640.77,3164.51
2025-06-06T07:40:00.000000Z,640.77,641.39,640.77,641.12,2173.05
2025-06-06T07:45:00.000000Z,641.12,641.23,640.21,641.19,2029.99
2025-06-06T07:50:00.000000Z,641.18,641.53,640.88,640.89,1453.62
2025-06-06T07:55:00.000000Z,640.88,641.5,640.67,640.97,1856.92
2025-06-06T08:00:00.000000Z,640.97,641.08,640.6,641.0,2138.62
2025-06-06T08:05:00.000000Z,641.0,641.58,640.36,641.19,2120.4
2025-06-06T08:10:00.000000Z,641.2,641.5,640.91,641.36,743.41
2025-06-06T08:15:00.000000Z,641.36,641.4,640.8,641.35,856.87
2025-06-06T08:20:00.000000Z,641.35,641.58,640.94,641.49,1871.4
2025-06-06T08:25:00.000000Z,641.48,641.49,641.1,641.43,1159.82
2025-06-06T08:30:00.000000Z,641.44,642.0,641.15,641.32,1101.08
2025-06-06T08:35:00.000000Z,641.32,641.38,640.91,641.21,587.33
2025-06-06T08:40:00.000000Z,641.21,641.63,641.18,641.44,432.71
2025-06-06T08:45:00.000000Z,641.44,641.5,641.04,641.34,613.2
2025-06-06T08:50:00.000000Z,641.33,641.42,641.0,641.01,460.44
2025-06-06T08:55:00.000000Z,641.01,641.32,640.82,640.98,534.54
2025-06-06T09:00:00.000000Z,640.99,642.38,640.99,642.38,1721.22
2025-06-06T09:05:00.000000Z,642.38,643.18,642.22,642.91,5665.71
2025-06-06T09:10:00.000000Z,642.93,643.37,642.83,643.03,2263.44
2025-06-06T09:15:00.000000Z,643.03,643.28,642.81,643.27,1094.96
2025-06-06T09:20:00.000000Z,643.27,643.9,643.08,643.25,3336.63
2025-06-06T09:25:00.000000Z,643.24,643.24,642.67,642.83,677.15
2025-06-06T09:30:00.000000Z,642.84,643.25,642.32,643.24,926.74
2025-06-06T09:35:00.000000Z,643.24,643.37,642.31,642.51,1516.09
2025-06-06T09:40:00.000000Z,642.51,642.56,642.02,642.34,962.59
2025-06-06T09:45:00.000000Z,642.35,642.51,641.5,641.85,998.61
2025-06-06T09:50:00.000000Z,641.87,642.07,641.71,641.93,886.58
2025-06-06T09:55:00.000000Z,641.94,642.2,641.44,641.45,814.56
2025-06-06T10:00:00.000000Z,641.45,643.16,641.44,643.16,1354.37
2025-06-06T10:05:00.000000Z,643.15,643.85,643.13,643.73,7296.23
2025-06-06T10:10:00.000000Z,643.72,643.73,643.11,643.49,2881.49
2025-06-06T10:15:00.000000Z,643.5,643.93,643.38,643.73,1532.24
2025-06-06T10:20:00.000000Z,643.72,643.76,643.16,643.34,1391.92
2025-06-06T10:25:00.000000Z,643.35,643.58,643.04,643.35,1336.85
2025-06-06T10:30:00.000000Z,643.35,643.48,642.78,642.8,2417.56
2025-06-06T10:35:00.000000Z,642.8,642.98,642.36,642.84,2228.69
2025-06-06T10:40:00.000000Z,642.84,643.3,642.78,642.95,1102.79
2025-06-06T10:45:00.000000Z,642.96,643.34,642.83,642.84,608.27
2025-06-06T10:50:00.000000Z,642.84,643.25,642.69,642.97,980.16
2025-06-06T10:55:00.000000Z,642.97,643.48,642.88,643.36,922.86
2025-06-06T11:00:00.000000Z,643.37,644.9,643.31,644.9,4597.69
2025-06-06T11:05:00.000000Z,644.89,645.95,644.89,645.84,6564.62
2025-06-06T11:10:00.000000Z,645.82,645.82,643.72,644.34,3270.22
2025-06-06T11:15:00.000000Z,644.34,645.32,644.29,645.19,1484.13
2025-06-06T11:20:00.000000Z,645.19,645.63,644.72,645.54,2296.67
2025-06-06T11:25:00.000000Z,645.54,646.48,645.41,645.55,4825.85
2025-06-06T11:30:00.000000Z,645.56,645.62,644.34,644.51,2527.74
2025-06-06T11:35:00.000000Z,644.52,645.64,644.52,645.3,1008.07
2025-06-06T11:40:00.000000Z,645.31,645.99,645.08,645.83,903.01
2025-06-06T11:45:00.000000Z,645.83,646.09,645.6,645.79,1389.51
2025-06-06T11:50:00.000000Z,645.79,646.66,645.76,646.29,1095.56
2025-06-06T11:55:00.000000Z,646.29,646.52,646.0,646.09,1050.78
2025-06-06T12:00:00.000000Z,646.09,647.41,646.04,647.4,3356.77
2025-06-06T12:05:00.000000Z,647.4,648.33,646.68,648.3,11603.47
2025-06-06T12:10:00.000000Z,648.31,648.53,646.67,646.82,5351.4
2025-06-06T12:15:00.000000Z,646.83,646.83,646.34,646.54,1628.53
2025-06-06T12:20:00.000000Z,646.52,647.31,646.51,646.64,1934.17
2025-06-06T12:25:00.000000Z,646.65,647.38,646.34,647.22,1430.52
2025-06-06T12:30:00.000000Z,647.23,648.96,647.18,647.8,6680.01
2025-06-06T12:35:00.000000Z,647.8,648.03,647.1,647.55,2531.19
2025-06-06T12:40:00.000000Z,647.55,648.06,646.4,647.49,3532.11
2025-06-06T12:45:00.000000Z,647.5,648.64,647.5,648.15,2297.32
2025-06-06T12:50:00.000000Z,648.15,648.24,647.75,647.94,821.66
2025-06-06T12:55:00.000000Z,647.94,647.94,647.31,647.31,986.08
2025-06-06T13:00:00.000000Z,647.32,648.98,647.31,648.63,3672.16
2025-06-06T13:05:00.000000Z,648.63,649.89,648.63,649.73,5669.96
2025-06-06T13:10:00.000000Z,649.74,649.83,648.89,649.19,2113.47
2025-06-06T13:15:00.000000Z,649.2,649.2,648.72,648.96,799.25
2025-06-06T13:20:00.000000Z,648.96,648.96,648.26,648.66,885.81
2025-06-06T13:25:00.000000Z,648.67,648.93,648.49,648.68,923.54
2025-06-06T13:30:00.000000Z,648.69,649.1,648.45,648.82,1114.67
2025-06-06T13:35:00.000000Z,648.81,649.31,648.24,649.18,1779.64
2025-06-06T13:40:00.000000Z,649.17,649.95,649.14,649.36,2968.13
2025-06-06T13:45:00.000000Z,649.37,650.7,649.37,650.27,5348.33
2025-06-06T13:50:00.000000Z,650.28,650.55,649.33,649.51,1275.67
2025-06-06T13:55:00.000000Z,649.51,649.61,648.77,649.16,1923.8
2025-06-06T14:00:00.000000Z,649.15,649.5,648.51,649.33,1714.8
2025-06-06T14:05:00.000000Z,649.33,649.94,649.1,649.82,887.03
2025-06-06T14:10:00.000000Z,649.82,650.27,649.34,650.26,830.58
2025-06-06T14:15:00.000000Z,650.27,651.12,650.1,650.83,2825.0
2025-06-06T14:20:00.000000Z,650.83,650.84,649.87,650.1,2457.93
2025-06-06T14:25:00.000000Z,650.09,650.75,649.77,650.58,1502.83
2025-06-06T14:30:00.000000Z,650.58,650.8,649.36,649.42,1987.56
2025-06-06T14:35:00.000000Z,649.42,649.71,649.03,649.08,1290.72
2025-06-06T14:40:00.000000Z,649.09,650.58,649.05,650.37,4796.6
2025-06-06T14:45:00.000000Z,650.36,650.5,649.26,649.93,1507.07
2025-06-06T14:50:00.000000Z,649.92,650.06,649.25,649.33,936.39
2025-06-06T14:55:00.000000Z,649.33,649.76,649.12,649.76,1235.94
2025-06-06T15:00:00.000000Z,649.76,650.06,649.22,649.25,1323.8
2025-06-06T15:05:00.000000Z,649.24,649.64,648.67,648.86,1705.9
2025-06-06T15:10:00.000000Z,648.87,650.09,648.85,650.02,1773.88
2025-06-06T15:15:00.000000Z,650.02,650.59,648.97,649.08,3552.69
2025-06-06T15:20:00.000000Z,649.08,649.08,648.06,648.34,2786.01
2025-06-06T15:25:00.000000Z,648.33,648.62,646.5,647.26,4789.9
2025-06-06T15:30:00.000000Z,647.25,647.72,647.08,647.2,2868.73
2025-06-06T15:35:00.000000Z,647.19,647.36,645.7,646.14,2840.97
2025-06-06T15:40:00.000000Z,646.14,646.53,645.51,645.95,4461.57
2025-06-06T15:45:00.000000Z,645.95,647.52,645.95,647.5,2574.19
2025-06-06T15:50:00.000000Z,647.5,647.73,647.13,647.73,1085.66
2025-06-06T15:55:00.000000Z,647.73,647.88,647.19,647.49,822.79
2025-06-06T16:00:00.000000Z,647.46,647.72,646.86,647.51,1815.24
2025-06-06T16:05:00.000000Z,647.51,648.28,647.45,647.6,2344.43
2025-06-06T16:10:00.000000Z,647.61,647.76,647.19,647.42,1226.58
2025-06-06T16:15:00.000000Z,647.42,647.58,647.14,647.38,558.0
2025-06-06T16:20:00.000000Z,647.39,648.47,647.38,648.35,902.62
2025-06-06T16:25:00.000000Z,648.35,648.49,647.38,647.51,942.32
2025-06-06T16:30:00.000000Z,647.49,647.7,646.65,646.82,1045.83
2025-06-06T16:35:00.000000Z,646.83,647.19,646.64,646.87,1522.48
2025-06-06T16:40:00.000000Z,646.88,647.07,646.22,646.5,783.64
2025-06-06T16:45:00.000000Z,646.5,647.48,646.49,647.42,1015.64
2025-06-06T16:50:00.000000Z,647.42,647.42,646.11,646.24,556.46
2025-06-06T16:55:00.000000Z,646.24,646.38,645.82,646.17,971.47
2025-06-06T17:00:00.000000Z,646.18,646.4,645.71,645.72,955.11
2025-06-06T17:05:00.000000Z,645.72,645.98,645.29,645.65,3527.64
2025-06-06T17:10:00.000000Z,645.65,646.41,645.65,645.81,976.11
2025-06-06T17:15:00.000000Z,645.8,646.06,645.28,645.75,3055.56
2025-06-06T17:20:00.000000Z,645.76,646.0,645.2,645.22,891.78
2025-06-06T17:25:00.000000Z,645.23,645.4,644.71,645.24,3307.5
2025-06-06T17:30:00.000000Z,645.25,645.61,644.94,644.95,1051.26
2025-06-06T17:35:00.000000Z,644.95,645.4,644.84,644.92,834.33
2025-06-06T17:40:00.000000Z,644.92,645.5,644.88,645.3,1003.83
2025-06-06T17:45:00.000000Z,645.29,646.06,645.05,645.37,1708.66
2025-06-06T17:50:00.000000Z,645.36,646.03,645.36,645.91,557.82
2025-06-06T17:55:00.000000Z,645.91,646.89,645.73,646.71,1037.94
2025-06-06T18:00:00.000000Z,646.71,646.86,646.51,646.77,858.03
2025-06-06T18:05:00.000000Z,646.77,646.77,645.41,646.11,2044.14
2025-06-06T18:10:00.000000Z,646.12,646.12,645.5,645.69,545.38
2025-06-06T18:15:00.000000Z,645.68,645.9,645.33,645.48,689.15
2025-06-06T18:20:00.000000Z,645.49,645.49,644.77,644.87,1073.29
2025-06-06T18:25:00.000000Z,644.87,644.88,644.1,644.25,931.08
2025-06-06T18:30:00.000000Z,644.25,644.59,643.76,644.24,2813.13
2025-06-06T18:35:00.000000Z,644.24,644.49,643.88,644.09,752.46
2025-06-06T18:40:00.000000Z,644.1,644.54,643.78,644.53,950.95
2025-06-06T18:45:00.000000Z,644.53,644.63,644.08,644.29,594.57
2025-06-06T18:50:00.000000Z,644.3,644.3,643.82,643.86,486.06
2025-06-06T18:55:00.000000Z,643.86,644.14,643.82,644.06,382.41
2025-06-06T19:00:00.000000Z,644.06,644.75,644.05,644.75,662.14
2025-06-06T19:05:00.000000Z,644.75,645.08,644.22,644.22,586.92
2025-06-06T19:10:00.000000Z,644.22,645.07,643.92,645.04,582.49
2025-06-06T19:15:00.000000Z,645.04,645.24,644.58,644.69,479.09
2025-06-06T19:20:00.000000Z,644.69,645.14,644.65,644.81,1145.28
2025-06-06T19:25:00.000000Z,644.81,645.21,644.44,644.47,619.11
2025-06-06T19:30:00.000000Z,644.46,644.66,644.24,644.38,642.16
2025-06-06T19:35:00.000000Z,644.37,644.63,644.22,644.6,328.83
2025-06-06T19:40:00.000000Z,644.6,645.51,644.59,645.4,1391.47
2025-06-06T19:45:00.000000Z,645.4,645.58,644.75,645.22,505.53
2025-06-06T19:50:00.000000Z,645.23,645.54,644.8,645.35,515.96
2025-06-06T19:55:00.000000Z,645.35,645.39,644.91,644.95,416.18
2025-06-06T20:00:00.000000Z,644.96,645.42,644.93,644.93,552.54
2025-06-06T20:05:00.000000Z,644.93,644.94,644.27,644.61,1149.36
2025-06-06T20:10:00.000000Z,644.61,645.8,644.61,645.71,1241.72
2025-06-06T20:15:00.000000Z,645.72,646.18,645.62,645.72,2731.76
2025-06-06T20:20:00.000000Z,645.72,646.29,645.72,645.9,738.82
2025-06-06T20:25:00.000000Z,645.9,646.09,645.79,645.98,869.33
2025-06-06T20:30:00.000000Z,645.99,645.99,645.51,645.51,709.66
2025-06-06T20:35:00.000000Z,645.52,645.82,645.34,645.62,354.53
2025-06-06T20:40:00.000000Z,645.61,646.56,645.61,646.37,1210.13
2025-06-06T20:45:00.000000Z,646.37,646.37,645.09,645.09,607.26
2025-06-06T20:50:00.000000Z,645.08,645.62,644.85,645.48,653.07
2025-06-06T20:55:00.000000Z,645.48,645.48,644.84,645.16,615.04
2025-06-06T21:00:00.000000Z,645.16,645.17,644.38,644.42,1087.05
2025-06-06T21:05:00.000000Z,644.42,646.25,644.27,645.59,5550.99
2025-06-06T21:10:00.000000Z,645.59,645.72,645.36,645.38,1110.74
2025-06-06T21:15:00.000000Z,645.37,645.44,645.14,645.24,426.0
2025-06-06T21:20:00.000000Z,645.25,645.44,645.24,645.43,165.84
2025-06-06T21:25:00.000000Z,645.44,645.63,645.3,645.55,501.07
2025-06-06T21:30:00.000000Z,645.56,645.8,645.45,645.62,330.24
2025-06-06T21:35:00.000000Z,645.63,646.12,645.62,646.12,292.3
2025-06-06T21:40:00.000000Z,646.12,646.2,646.05,646.16,435.71
2025-06-06T21:45:00.000000Z,646.16,646.19,646.12,646.19,136.13
2025-06-06T21:50:00.000000Z,646.18,646.28,645.93,645.93,391.62
2025-06-06T21:55:00.000000Z,645.93,645.94,645.72,645.89,229.23
2025-06-06T22:00:00.000000Z,645.89,646.06,644.29,644.29,3756.98
2025-06-06T22:05:00.000000Z,644.3,644.3,642.0,642.82,11453.61
2025-06-06T22:10:00.000000Z,642.81,643.7,642.45,643.42,1984.03
2025-06-06T22:15:00.000000Z,643.42,643.6,642.89,643.32,1225.96
2025-06-06T22:20:00.000000Z,643.3,643.97,643.24,643.57,1572.44
2025-06-06T22:25:00.000000Z,643.57,643.75,643.5,643.58,964.22
2025-06-06T22:30:00.000000Z,643.57,643.58,642.93,643.48,1107.61
2025-06-06T22:35:00.000000Z,643.48,643.71,643.15,643.66,668.76
2025-06-06T22:40:00.000000Z,643.64,643.99,643.57,643.62,715.02
2025-06-06T22:45:00.000000Z,643.62,643.68,643.28,643.6,490.96
2025-06-06T22:50:00.000000Z,643.6,644.4,643.6,644.36,440.12
2025-06-06T22:55:00.000000Z,644.36,644.53,644.14,644.4,671.77
2025-06-06T23:00:00.000000Z,644.4,644.4,643.07,643.11,1382.8
2025-06-06T23:05:00.000000Z,643.11,643.14,641.98,641.99,2667.44
2025-06-06T23:10:00.000000Z,641.98,641.99,641.14,641.2,4370.38
2025-06-06T23:15:00.000000Z,641.19,641.73,640.79,641.73,8314.31
2025-06-06T23:20:00.000000Z,641.72,642.38,641.72,642.01,937.72
2025-06-06T23:25:00.000000Z,642.01,642.82,642.01,642.78,555.01
2025-06-06T23:30:00.000000Z,642.77,642.92,642.59,642.85,585.03
2025-06-06T23:35:00.000000Z,642.85,642.87,642.57,642.57,421.4
2025-06-06T23:40:00.000000Z,642.55,643.14,642.3,642.88,835.69
2025-06-06T23:45:00.000000Z,642.88,643.14,642.88,642.88,352.49
2025-06-06T23:50:00.000000Z,642.88,642.89,642.48,642.54,288.09
2025-06-06T23:55:00.000000Z,642.54,642.73,642.25,642.25,418.73
2025-06-07T00:00:00.000000Z,642.26,642.79,642.17,642.58,2121.64
2025-06-07T00:05:00.000000Z,642.58,642.7,642.18,642.58,956.73
2025-06-07T00:10:00.000000Z,642.57,642.66,640.86,641.04,1434.42
2025-06-07T00:15:00.000000Z,641.03,641.04,639.55,639.55,6968.09
2025-06-07T00:20:00.000000Z,639.56,640.68,639.13,640.55,7244.88
2025-06-07T00:25:00.000000Z,640.56,641.16,640.24,640.28,2205.98
2025-06-07T00:30:00.000000Z,640.28,641.74,640.1,641.65,1937.93
2025-06-07T00:35:00.000000Z,641.65,641.94,640.86,641.79,1888.13
2025-06-07T00:40:00.000000Z,641.78,642.2,641.64,642.17,879.9
2025-06-07T00:45:00.000000Z,642.17,642.18,641.76,642.15,534.55
2025-06-07T00:50:00.000000Z,642.14,642.94,642.14,642.94,1052.93
2025-06-07T00:55:00.000000Z,642.93,643.96,642.93,643.84,4931.59
2025-06-07T01:00:00.000000Z,643.84,644.3,643.56,643.57,3901.24
2025-06-07T01:05:00.000000Z,643.56,644.4,643.45,643.72,2220.52
2025-06-07T01:10:00.000000Z,643.72,643.93,643.51,643.8,876.8
2025-06-07T01:15:00.000000Z,643.81,643.81,642.61,643.05,1076.9
2025-06-07T01:20:00.000000Z,643.05,643.05,642.25,642.54,786.89
2025-06-07T01:25:00.000000Z,642.54,642.54,642.12,642.25,755.09
2025-06-07T01:30:00.000000Z,642.26,642.56,641.83,641.85,910.75
2025-06-07T01:35:00.000000Z,641.85,642.3,641.85,642.08,613.86
2025-06-07T01:40:00.000000Z,642.08,642.63,641.89,642.63,564.17
2025-06-07T01:45:00.000000Z,642.62,643.25,642.62,642.79,523.46
2025-06-07T01:50:00.000000Z,642.79,643.0,642.56,642.57,477.33
2025-06-07T01:55:00.000000Z,642.57,643.09,642.56,642.93,290.05
2025-06-07T02:00:00.000000Z,642.94,642.94,642.57,642.69,1005.89
2025-06-07T02:05:00.000000Z,642.7,642.96,642.32,642.89,833.97
2025-06-07T02:10:00.000000Z,642.89,643.68,642.89,643.31,1688.69
2025-06-07T02:15:00.000000Z,643.34,644.21,643.29,643.81,1651.66
2025-06-07T02:20:00.000000Z,643.81,644.17,643.74,644.06,1349.58
2025-06-07T02:25:00.000000Z,644.06,644.53,644.05,644.33,674.87
2025-06-07T02:30:00.000000Z,644.33,644.33,643.7,643.99,828.34
2025-06-07T02:35:00.000000Z,643.99,644.36,643.89,644.32,624.45
2025-06-07T02:40:00.000000Z,644.32,644.5,644.03,644.22,802.5
2025-06-07T02:45:00.000000Z,644.22,644.8,644.22,644.64,1504.31
2025-06-07T02:50:00.000000Z,644.64,645.32,644.43,645.32,1479.76
2025-06-07T02:55:00.000000Z,645.32,645.36,645.04,645.08,929.3
2025-06-07T03:00:00.000000Z,645.09,645.75,644.94,645.44,1106.87
2025-06-07T03:05:00.000000Z,645.44,645.61,645.21,645.39,995.83
2025-06-07T03:10:00.000000Z,645.38,646.36,645.3,645.89,1240.85
2025-06-07T03:15:00.000000Z,645.89,646.38,645.89,646.0,657.68
2025-06-07T03:20:00.000000Z,646.0,646.63,645.93,646.56,756.56
2025-06-07T03:25:00.000000Z,646.55,646.66,646.36,646.36,737.67
2025-06-07T03:30:00.000000Z,646.36,646.4,645.52,645.97,995.24
2025-06-07T03:35:00.000000Z,645.96,646.67,645.9,646.57,1317.25
2025-06-07T03:40:00.000000Z,646.58,646.84,646.48,646.48,1350.33
2025-06-07T03:45:00.000000Z,646.47,646.62,646.21,646.62,908.64
2025-06-07T03:50:00.000000Z,646.62,646.62,646.28,646.44,630.59
2025-06-07T03:55:00.000000Z,646.44,646.98,646.4,646.78,746.58
2025-06-07T04:00:00.000000Z,646.78,646.79,645.62,645.79,1398.1
2025-06-07T04:05:00.000000Z,645.79,646.0,645.41,645.87,1645.06
2025-06-07T04:10:00.000000Z,645.86,645.88,645.5,645.62,742.08
2025-06-07T04:15:00.000000Z,645.63,646.26,645.46,645.92,1254.0
2025-06-07T04:20:00.000000Z,645.93,646.4,645.92,646.09,562.58
2025-06-07T04:25:00.000000Z,646.09,646.18,645.49,645.62,745.98
2025-06-07T04:30:00.000000Z,645.62,645.66,645.15,645.2,383.85
2025-06-07T04:35:00.000000Z,645.21,645.6,645.15,645.5,352.51
2025-06-07T04:40:00.000000Z,645.49,646.36,645.49,646.35,661.56
2025-06-07T04:45:00.000000Z,646.35,646.38,646.06,646.07,355.38
2025-06-07T04:50:00.000000Z,646.07,646.14,645.66,645.78,500.91
2025-06-07T04:55:00.000000Z,645.78,646.66,645.77,646.19,1351.38
2025-06-07T05:00:00.000000Z,646.19,646.48,646.16,646.17,514.35
2025-06-07T05:05:00.000000Z,646.16,646.5,645.92,646.5,689.65
2025-06-07T05:10:00.000000Z,646.49,647.07,646.49,646.8,789.59
2025-06-07T05:15:00.000000Z,646.81,646.99,646.52,646.7,451.82
2025-06-07T05:20:00.000000Z,646.71,646.84,646.48,646.61,466.42
2025-06-07T05:25:00.000000Z,646.6,646.99,646.6,646.85,585.17
2025-06-07T05:30:00.000000Z,646.86,646.99,646.62,646.99,451.87
2025-06-07T05:35:00.000000Z,646.98,647.21,646.9,647.18,528.68
2025-06-07T05:40:00.000000Z,647.19,647.58,647.15,647.42,905.76
2025-06-07T05:45:00.000000Z,647.43,647.76,647.36,647.55,965.18
2025-06-07T05:50:00.000000Z,647.56,647.7,647.43,647.7,474.7
2025-06-07T05:55:00.000000Z,647.7,647.77,647.54,647.55,278.94
2025-06-07T06:00:00.000000Z,647.55,647.74,646.85,646.89,1330.18
2025-06-07T06:05:00.000000Z,646.89,646.91,646.65,646.66,530.05
2025-06-07T06:10:00.000000Z,646.65,646.65,646.25,646.35,715.85
2025-06-07T06:15:00.000000Z,646.36,646.58,646.28,646.57,457.55
2025-06-07T06:20:00.000000Z,646.57,646.57,646.26,646.26,440.44
2025-06-07T06:25:00.000000Z,646.26,646.58,646.16,646.49,454.49
2025-06-07T06:30:00.000000Z,646.49,647.16,646.43,647.16,558.63
2025-06-07T06:35:00.000000Z,647.15,647.85,647.09,647.61,1314.13
2025-06-07T06:40:00.000000Z,647.61,647.78,647.46,647.49,689.54
2025-06-07T06:45:00.000000Z,647.48,648.07,647.36,648.07,1342.15
2025-06-07T06:50:00.000000Z,648.07,648.88,647.98,648.67,3163.78
2025-06-07T06:55:00.000000Z,648.66,649.58,648.66,649.42,1758.88
2025-06-07T07:00:00.000000Z,649.42,649.42,648.54,648.7,2335.96
2025-06-07T07:05:00.000000Z,648.71,649.03,648.36,648.73,871.34
2025-06-07T07:10:00.000000Z,648.74,648.74,648.24,648.37,473.09
2025-06-07T07:15:00.000000Z,648.36,648.6,648.1,648.41,464.88
2025-06-07T07:20:00.000000Z,648.4,649.39,648.31,649.13,670.26
2025-06-07T07:25:00.000000Z,649.13,649.13,648.8,648.9,376.17
2025-06-07T07:30:00.000000Z,648.89,648.9,648.46,648.57,516.09
2025-06-07T07:35:00.000000Z,648.56,649.09,648.56,648.77,475.36
2025-06-07T07:40:00.000000Z,648.76,648.76,648.28,648.57,449.17
2025-06-07T07:45:00.000000Z,648.58,648.79,648.25,648.42,712.1
2025-06-07T07:50:00.000000Z,648.43,648.64,648.4,648.63,607.39
2025-06-07T07:55:00.000000Z,648.63,648.8,648.33,648.34,803.05
2025-06-07T08:00:00.000000Z,648.34,648.87,648.33,648.8,1215.02
2025-06-07T08:05:00.000000Z,648.8,648.81,648.25,648.5,480.21
2025-06-07T08:10:00.000000Z,648.51,648.51,647.76,647.88,1217.56
2025-06-07T08:15:00.000000Z,647.87,647.95,647.78,647.85,581.31
2025-06-07T08:20:00.000000Z,647.85,647.86,647.48,647.79,998.6
2025-06-07T08:25:00.000000Z,647.8,647.9,647.46,647.65,536.99
2025-06-07T08:30:00.000000Z,647.65,647.78,647.58,647.61,695.37
2025-06-07T08:35:00.000000Z,647.62,647.62,647.4,647.44,435.18
2025-06-07T08:40:00.000000Z,647.45,647.66,647.35,647.36,658.87
2025-06-07T08:45:00.000000Z,647.36,647.43,647.17,647.3,1489.83
2025-06-07T08:50:00.000000Z,647.3,647.4,646.83,646.87,1061.59
2025-06-07T08:55:00.000000Z,646.87,647.14,646.87,646.99,369.97
2025-06-07T09:00:00.000000Z,647.0,647.22,646.84,647.07,722.91
2025-06-07T09:05:00.000000Z,647.06,647.59,647.06,647.29,583.91
2025-06-07T09:10:00.000000Z,647.29,647.36,647.21,647.21,237.73
2025-06-07T09:15:00.000000Z,647.21,647.31,646.95,647.06,431.2
2025-06-07T09:20:00.000000Z,647.07,647.41,647.07,647.38,390.83
2025-06-07T09:25:00.000000Z,647.37,647.44,647.21,647.22,640.46
2025-06-07T09:30:00.000000Z,647.22,647.22,646.3,646.42,1215.2
2025-06-07T09:35:00.000000Z,646.42,646.45,646.01,646.27,906.49
2025-06-07T09:40:00.000000Z,646.26,646.28,646.14,646.21,317.81
2025-06-07T09:45:00.000000Z,646.2,646.7,646.2,646.59,1142.63
2025-06-07T09:50:00.000000Z,646.58,646.59,646.22,646.4,268.08
2025-06-07T09:55:00.000000Z,646.39,646.42,646.24,646.32,355.16
2025-06-07T10:00:00.000000Z,646.31,646.57,646.12,646.41,670.12
2025-06-07T10:05:00.000000Z,646.42,646.62,646.28,646.32,806.32
2025-06-07T10:10:00.000000Z,646.32,647.09,646.16,647.01,899.9
2025-06-07T10:15:00.000000Z,647.02,647.43,646.92,647.06,981.4
2025-06-07T10:20:00.000000Z,647.07,647.48,647.07,647.36,1070.94
2025-06-07T10:25:00.000000Z,647.35,647.78,647.31,647.64,1657.69
2025-06-07T10:30:00.000000Z,647.65,647.79,647.44,647.44,727.25
2025-06-07T10:35:00.000000Z,647.44,647.58,647.29,647.37,695.43
2025-06-07T10:40:00.000000Z,647.36,647.58,647.36,647.36,371.19
2025-06-07T10:45:00.000000Z,647.37,647.8,647.33,647.34,472.47
2025-06-07T10:50:00.000000Z,647.34,648.03,647.05,647.91,591.73
2025-06-07T10:55:00.000000Z,647.9,648.01,647.9,647.91,191.22
2025-06-07T11:00:00.000000Z,647.9,647.91,647.52,647.61,607.02
2025-06-07T11:05:00.000000Z,647.61,647.78,647.43,647.74,449.63
2025-06-07T11:10:00.000000Z,647.74,647.84,647.43,647.78,516.85
2025-06-07T11:15:00.000000Z,647.78,647.89,647.38,647.82,1421.93
2025-06-07T11:20:00.000000Z,647.81,648.31,647.58,648.3,1000.25
2025-06-07T11:25:00.000000Z,648.3,648.3,648.05,648.22,401.77
2025-06-07T11:30:00.000000Z,648.22,648.47,648.02,648.42,591.75
2025-06-07T11:35:00.000000Z,648.42,648.52,648.08,648.09,361.22
2025-06-07T11:40:00.000000Z,648.09,648.15,647.64,647.71,1437.35
2025-06-07T11:45:00.000000Z,647.71,647.74,647.43,647.43,323.3
2025-06-07T11:50:00.000000Z,647.44,647.85,647.43,647.43,317.01
2025-06-07T11:55:00.000000Z,647.44,648.05,647.44,648.05,614.86
2025-06-07T12:00:00.000000Z,648.04,648.29,648.04,648.28,479.66
2025-06-07T12:05:00.000000Z,648.28,648.34,647.87,648.19,1009.56
2025-06-07T12:10:00.000000Z,648.2,648.58,648.14,648.5,688.91
2025-06-07T12:15:00.000000Z,648.49,648.59,648.21,648.58,403.59
2025-06-07T12:20:00.000000Z,648.57,648.63,648.3,648.63,272.33
2025-06-07T12:25:00.000000Z,648.63,648.81,648.59,648.7,540.2
2025-06-07T12:30:00.000000Z,648.69,649.0,648.68,648.69,904.92
2025-06-07T12:35:00.000000Z,648.69,649.41,648.69,649.36,969.45
2025-06-07T12:40:00.000000Z,649.32,649.97,649.14,649.58,1788.49
2025-06-07T12:45:00.000000Z,649.57,649.6,649.08,649.3,634.38
2025-06-07T12:50:00.000000Z,649.3,649.37,648.92,649.1,702.1
2025-06-07T12:55:00.000000Z,649.1,649.1,648.78,648.95,321.62
2025-06-07T13:00:00.000000Z,648.96,648.99,648.54,648.67,1147.6
2025-06-07T13:05:00.000000Z,648.68,649.08,648.67,649.07,877.51
2025-06-07T13:10:00.000000Z,649.08,649.64,649.08,649.59,872.04
2025-06-07T13:15:00.000000Z,649.59,649.76,649.58,649.63,561.91
2025-06-07T13:20:00.000000Z,649.62,649.7,649.31,649.65,737.79
2025-06-07T13:25:00.000000Z,649.64,649.68,649.52,649.59,397.07
2025-06-07T13:30:00.000000Z,649.59,649.89,649.59,649.75,638.43
2025-06-07T13:35:00.000000Z,649.75,650.3,649.71,649.87,1711.04
2025-06-07T13:40:00.000000Z,649.87,650.39,649.78,650.3,1596.32
2025-06-07T13:45:00.000000Z,650.3,650.54,649.9,649.91,1414.79
2025-06-07T13:50:00.000000Z,649.91,650.5,649.88,650.46,806.53
2025-06-07T13:55:00.000000Z,650.46,650.54,650.14,650.17,615.1
2025-06-07T14:00:00.000000Z,650.16,650.28,649.84,650.27,1053.0
2025-06-07T14:05:00.000000Z,650.27,650.5,650.27,650.44,972.73
2025-06-07T14:10:00.000000Z,650.44,650.78,650.3,650.44,1027.42
2025-06-07T14:15:00.000000Z,650.44,650.52,650.14,650.14,1034.06
2025-06-07T14:20:00.000000Z,650.14,650.54,649.92,650.08,1472.87
2025-06-07T14:25:00.000000Z,650.09,650.4,649.85,650.37,712.74
2025-06-07T14:30:00.000000Z,650.36,650.76,650.32,650.67,645.6
2025-06-07T14:35:00.000000Z,650.66,650.97,650.54,650.74,1541.8
2025-06-07T14:40:00.000000Z,650.74,650.78,650.5,650.7,360.84
2025-06-07T14:45:00.000000Z,650.7,650.86,650.2,650.24,842.73
2025-06-07T14:50:00.000000Z,650.24,650.24,650.0,650.23,679.21
2025-06-07T14:55:00.000000Z,650.24,650.42,650.12,650.19,1152.48
2025-06-07T15:00:00.000000Z,650.19,650.44,649.82,650.29,1054.4
2025-06-07T15:05:00.000000Z,650.28,650.72,650.28,650.52,959.29
2025-06-07T15:10:00.000000Z,650.52,650.52,649.59,649.71,968.59
2025-06-07T15:15:00.000000Z,649.71,649.74,648.3,649.61,5785.65
2025-06-07T15:20:00.000000Z,649.6,649.75,649.37,649.51,804.38
2025-06-07T15:25:00.000000Z,649.5,649.51,648.51,649.35,2548.95
2025-06-07T15:30:00.000000Z,649.34,649.52,648.85,649.07,1198.31
2025-06-07T15:35:00.000000Z,649.07,649.4,648.83,649.0,380.51
2025-06-07T15:40:00.000000Z,649.0,649.12,648.61,648.81,1308.65
2025-06-07T15:45:00.000000Z,648.81,649.91,648.81,649.74,934.91
2025-06-07T15:50:00.000000Z,649.74,649.97,649.38,649.96,1093.05
2025-06-07T15:55:00.000000Z,649.96,650.42,649.95,650.4,972.95
2025-06-07T16:00:00.000000Z,650.39,651.98,649.96,651.93,3817.38
2025-06-07T16:05:00.000000Z,651.93,652.53,651.74,651.79,9803.1
2025-06-07T16:10:00.000000Z,651.79,652.36,651.74,651.81,1061.03
2025-06-07T16:15:00.000000Z,651.8,652.26,651.78,651.91,1114.83
2025-06-07T16:20:00.000000Z,651.91,652.24,651.8,652.19,771.84
2025-06-07T16:25:00.000000Z,652.18,652.34,651.7,651.71,739.94
2025-06-07T16:30:00.000000Z,651.71,651.78,650.79,651.16,2413.67
2025-06-07T16:35:00.000000Z,651.16,651.5,651.11,651.4,1022.07
2025-06-07T16:40:00.000000Z,651.4,651.66,651.18,651.37,624.95
2025-06-07T16:45:00.000000Z,651.37,651.56,650.93,651.18,1137.67
2025-06-07T16:50:00.000000Z,651.19,651.25,650.3,650.72,1108.07
2025-06-07T16:55:00.000000Z,650.72,650.72,649.6,649.8,1940.46
2025-06-07T17:00:00.000000Z,649.8,651.1,649.76,650.96,2848.97
2025-06-07T17:05:00.000000Z,650.96,652.0,650.85,651.31,3673.78
2025-06-07T17:10:00.000000Z,651.32,651.44,650.46,650.59,1087.12
2025-06-07T17:15:00.000000Z,650.58,650.68,650.0,650.13,457.73
2025-06-07T17:20:00.000000Z,650.14,650.82,650.14,650.82,671.77
2025-06-07T17:25:00.000000Z,650.82,650.82,650.45,650.66,319.85
2025-06-07T17:30:00.000000Z,650.66,650.76,650.27,650.41,331.03
2025-06-07T17:35:00.000000Z,650.4,650.41,649.82,649.94,613.72
2025-06-07T17:40:00.000000Z,649.95,650.14,649.4,650.14,568.02
2025-06-07T17:45:00.000000Z,650.13,650.14,649.38,649.38,645.03
2025-06-07T17:50:00.000000Z,649.38,649.56,649.25,649.51,1222.52
2025-06-07T17:55:00.000000Z,649.51,649.53,649.12,649.29,1432.77
2025-06-07T18:00:00.000000Z,649.29,651.07,649.15,651.07,2194.18
2025-06-07T18:05:00.000000Z,651.07,651.69,650.76,650.99,3355.56
2025-06-07T18:10:00.000000Z,650.99,651.25,650.45,650.76,443.33
2025-06-07T18:15:00.000000Z,650.75,651.5,650.69,650.76,2052.37
2025-06-07T18:20:00.000000Z,650.76,651.09,650.67,650.96,424.33
2025-06-07T18:25:00.000000Z,650.95,651.22,650.9,650.98,379.7
2025-06-07T18:30:00.000000Z,650.97,651.33,650.13,650.38,839.33
2025-06-07T18:35:00.000000Z,650.39,650.54,649.93,650.32,571.95
2025-06-07T18:40:00.000000Z,650.32,650.44,650.12,650.15,223.51
2025-06-07T18:45:00.000000Z,650.15,650.75,649.88,650.39,563.3
2025-06-07T18:50:00.000000Z,650.39,650.58,650.26,650.58,235.87
2025-06-07T18:55:00.000000Z,650.58,650.84,650.58,650.84,471.58
2025-06-07T19:00:00.000000Z,650.83,651.51,650.83,651.45,865.87
2025-06-07T19:05:00.000000Z,651.44,651.95,651.44,651.65,1714.42
2025-06-07T19:10:00.000000Z,651.65,651.91,651.44,651.44,414.76
2025-06-07T19:15:00.000000Z,651.45,651.87,651.44,651.73,470.65
2025-06-07T19:20:00.000000Z,651.72,651.92,651.68,651.92,338.58
2025-06-07T19:25:00.000000Z,651.91,652.06,651.82,652.04,608.04
2025-06-07T19:30:00.000000Z,652.04,652.16,651.72,651.81,627.17
2025-06-07T19:35:00.000000Z,651.81,651.95,651.33,651.45,435.21
2025-06-07T19:40:00.000000Z,651.45,651.92,651.45,651.69,482.69
2025-06-07T19:45:00.000000Z,651.68,651.75,651.52,651.57,240.94
2025-06-07T19:50:00.000000Z,651.57,651.79,651.48,651.79,342.26
2025-06-07T19:55:00.000000Z,651.79,651.89,651.72,651.73,249.47
2025-06-07T20:00:00.000000Z,651.73,652.37,651.73,652.28,953.65
2025-06-07T20:05:00.000000Z,652.29,652.45,652.28,652.44,278.87
2025-06-07T20:10:00.000000Z,652.44,652.45,652.07,652.08,590.77
2025-06-07T20:15:00.000000Z,652.08,652.08,651.72,651.84,593.62
2025-06-07T20:20:00.000000Z,651.84,652.08,651.77,651.85,261.06
2025-06-07T20:25:00.000000Z,651.86,652.32,651.85,652.02,363.42
2025-06-07T20:30:00.000000Z,652.01,652.01,651.43,651.64,454.36
2025-06-07T20:35:00.000000Z,651.64,651.93,651.24,651.24,388.95
2025-06-07T20:40:00.000000Z,651.24,651.3,651.06,651.07,897.09
2025-06-07T20:45:00.000000Z,651.07,651.66,650.88,651.61,439.59
2025-06-07T20:50:00.000000Z,651.6,651.61,651.25,651.25,308.33
2025-06-07T20:55:00.000000Z,651.25,651.79,651.25,651.79,347.68
2025-06-07T21:00:00.000000Z,651.78,652.75,651.76,652.72,1249.21
2025-06-07T21:05:00.000000Z,652.72,652.8,652.32,652.64,1438.45
2025-06-07T21:10:00.000000Z,652.65,653.26,652.65,652.95,1575.72
2025-06-07T21:15:00.000000Z,652.95,653.19,652.77,653.11,753.37
2025-06-07T21:20:00.000000Z,653.12,653.23,653.11,653.14,461.95
2025-06-07T21:25:00.000000Z,653.14,653.21,652.91,652.99,719.21
2025-06-07T21:30:00.000000Z,652.99,653.0,652.98,653.0,234.57
2025-06-07T21:35:00.000000Z,653.0,653.36,652.99,653.09,915.22
2025-06-07T21:40:00.000000Z,653.08,653.28,653.01,653.28,384.83
2025-06-07T21:45:00.000000Z,653.28,653.3,653.17,653.18,137.76
2025-06-07T21:50:00.000000Z,653.18,653.18,652.49,652.63,587.71
2025-06-07T21:55:00.000000Z,652.63,653.0,652.58,653.0,342.78
2025-06-07T22:00:00.000000Z,652.99,653.0,652.27,652.73,785.99
2025-06-07T22:05:00.000000Z,652.74,652.78,652.11,652.26,608.0
2025-06-07T22:10:00.000000Z,652.27,652.42,652.15,652.21,311.64
2025-06-07T22:15:00.000000Z,652.2,652.52,652.02,652.52,326.14
2025-06-07T22:20:00.000000Z,652.52,652.52,652.02,652.35,267.67
2025-06-07T22:25:00.000000Z,652.35,652.52,652.28,652.42,514.43
2025-06-07T22:30:00.000000Z,652.43,653.54,652.36,653.39,1981.75
2025-06-07T22:35:00.000000Z,653.39,653.39,653.03,653.03,599.62
2025-06-07T22:40:00.000000Z,653.04,653.04,652.78,652.78,392.91
2025-06-07T22:45:00.000000Z,652.79,652.98,652.7,652.7,320.29
2025-06-07T22:50:00.000000Z,652.7,652.71,652.42,652.5,282.21
2025-06-07T22:55:00.000000Z,652.49,652.49,652.08,652.08,341.84
2025-06-07T23:00:00.000000Z,652.08,652.1,650.47,650.48,5036.46
2025-06-07T23:05:00.000000Z,650.48,650.59,650.29,650.31,1873.62
2025-06-07T23:10:00.000000Z,650.31,651.08,650.08,650.74,1536.97
2025-06-07T23:15:00.000000Z,650.74,651.13,650.74,650.89,334.55
2025-06-07T23:20:00.000000Z,650.89,650.89,650.34,650.34,589.96
2025-06-07T23:25:00.000000Z,650.35,651.54,650.13,650.96,3646.64
2025-06-07T23:30:00.000000Z,650.96,651.24,650.76,650.97,536.1
2025-06-07T23:35:00.000000Z,650.98,651.06,650.4,650.86,1337.67
2025-06-07T23:40:00.000000Z,650.86,650.86,650.46,650.52,558.81
2025-06-07T23:45:00.000000Z,650.51,650.8,650.25,650.8,313.72
2025-06-07T23:50:00.000000Z,650.79,650.8,650.42,650.51,201.12
2025-06-07T23:55:00.000000Z,650.52,650.58,650.27,650.41,572.6
2025-06-08T00:00:00.000000Z,650.41,650.48,650.1,650.24,1044.01
2025-06-08T00:05:00.000000Z,650.25,650.25,649.8,649.97,1258.11
2025-06-08T00:10:00.000000Z,649.96,650.12,649.57,649.63,1294.41
2025-06-08T00:15:00.000000Z,649.64,649.98,649.43,649.46,2855.34
2025-06-08T00:20:00.000000Z,649.46,649.83,649.46,649.79,990.16
2025-06-08T00:25:00.000000Z,649.79,649.8,649.58,649.69,580.41
2025-06-08T00:30:00.000000Z,649.69,649.88,649.66,649.8,947.75
2025-06-08T00:35:00.000000Z,649.8,649.8,649.19,649.24,1284.39
2025-06-08T00:40:00.000000Z,649.23,649.31,649.12,649.21,282.33
2025-06-08T00:45:00.000000Z,649.2,649.46,649.12,649.13,466.12
2025-06-08T00:50:00.000000Z,649.12,649.61,649.12,649.61,409.32
2025-06-08T00:55:00.000000Z,649.6,649.76,649.6,649.76,272.12
2025-06-08T01:00:00.000000Z,649.76,649.76,648.89,648.93,922.38
2025-06-08T01:05:00.000000Z,648.93,648.94,648.24,648.25,2924.33
2025-06-08T01:10:00.000000Z,648.24,649.46,648.19,649.29,956.89
2025-06-08T01:15:00.000000Z,649.28,649.52,649.05,649.28,480.68
2025-06-08T01:20:00.000000Z,649.28,649.53,649.08,649.08,341.03
2025-06-08T01:25:00.000000Z,649.08,649.09,648.42,648.48,388.53
2025-06-08T01:30:00.000000Z,648.48,649.4,648.22,649.4,513.26
2025-06-08T01:35:00.000000Z,649.39,649.62,649.38,649.61,330.64
2025-06-08T01:40:00.000000Z,649.6,650.0,649.44,649.52,788.18
2025-06-08T01:45:00.000000Z,649.52,649.52,649.07,649.07,486.92
2025-06-08T01:50:00.000000Z,649.06,649.75,649.06,649.63,2745.33
2025-06-08T01:55:00.000000Z,649.63,650.0,649.63,650.0,378.18
2025-06-08T02:00:00.000000Z,649.99,649.99,648.71,648.72,923.48
2025-06-08T02:05:00.000000Z,648.72,648.72,648.25,648.3,1885.18
2025-06-08T02:10:00.000000Z,648.3,649.04,648.27,648.99,1416.19
2025-06-08T02:15:00.000000Z,648.98,649.25,648.91,649.13,427.66
2025-06-08T02:20:00.000000Z,649.12,649.2,648.83,649.2,326.54
2025-06-08T02:25:00.000000Z,649.19,649.2,649.0,649.0,180.48
2025-06-08T02:30:00.000000Z,649.01,649.3,649.0,649.26,324.7
2025-06-08T02:35:00.000000Z,649.26,649.48,649.1,649.31,346.67
2025-06-08T02:40:00.000000Z,649.3,649.54,649.3,649.47,185.97
2025-06-08T02:45:00.000000Z,649.48,649.59,649.15,649.22,546.14
2025-06-08T02:50:00.000000Z,649.22,649.5,649.09,649.41,523.94
2025-06-08T02:55:00.000000Z,649.41,649.59,649.1,649.15,702.45
2025-06-08T03:00:00.000000Z,649.16,649.31,648.69,648.73,801.8
2025-06-08T03:05:00.000000Z,648.73,648.74,648.22,648.22,1222.77
2025-06-08T03:10:00.000000Z,648.22,648.66,648.22,648.65,1060.76
2025-06-08T03:15:00.000000Z,648.65,648.75,648.45,648.65,436.53
2025-06-08T03:20:00.000000Z,648.65,648.78,648.45,648.45,201.26
2025-06-08T03:25:00.000000Z,648.44,648.64,648.41,648.47,125.33
2025-06-08T03:30:00.000000Z,648.47,648.8,648.43,648.76,411.35
2025-06-08T03:35:00.000000Z,648.76,648.86,648.63,648.66,277.08
2025-06-08T03:40:00.000000Z,648.66,648.96,648.5,648.89,264.8
2025-06-08T03:45:00.000000Z,648.89,648.89,648.54,648.86,359.98
2025-06-08T03:50:00.000000Z,648.86,649.28,648.85,649.28,380.0
2025-06-08T03:55:00.000000Z,649.28,649.32,648.92,648.98,551.47
2025-06-08T04:00:00.000000Z,648.98,649.13,648.55,648.56,903.82
2025-06-08T04:05:00.000000Z,648.55,649.16,648.5,648.93,3766.32
2025-06-08T04:10:00.000000Z,648.93,649.27,648.93,649.27,551.9
2025-06-08T04:15:00.000000Z,649.26,649.67,649.03,649.54,1084.71
2025-06-08T04:20:00.000000Z,649.54,649.68,649.43,649.53,470.52
2025-06-08T04:25:00.000000Z,649.53,649.68,649.52,649.53,232.9
2025-06-08T04:30:00.000000Z,649.53,650.0,649.5,649.91,679.63
2025-06-08T04:35:00.000000Z,649.9,650.0,649.76,649.9,542.16
2025-06-08T04:40:00.000000Z,649.9,650.08,649.89,650.08,278.09
2025-06-08T04:45:00.000000Z,650.07,650.22,649.86,649.91,509.91
2025-06-08T04:50:00.000000Z,649.91,650.04,649.7,649.89,258.79
2025-06-08T04:55:00.000000Z,649.89,649.95,649.74,649.95,124.94
2025-06-08T05:00:00.000000Z,649.94,649.96,648.96,648.96,549.5
2025-06-08T05:05:00.000000Z,648.97,649.22,648.83,649.05,1067.78
2025-06-08T05:10:00.000000Z,649.06,649.11,648.6,648.77,1327.54
2025-06-08T05:15:00.000000Z,648.78,649.0,648.77,648.94,354.81
2025-06-08T05:20:00.000000Z,648.94,649.47,648.94,649.37,177.04
2025-06-08T05:25:00.000000Z,649.37,649.79,649.36,649.51,248.39
2025-06-08T05:30:00.000000Z,649.5,649.63,649.36,649.37,333.7
2025-06-08T05:35:00.000000Z,649.37,649.6,649.26,649.26,362.45
2025-06-08T05:40:00.000000Z,649.26,649.45,649.1,649.45,359.37
2025-06-08T05:45:00.000000Z,649.45,649.48,649.03,649.34,965.24
2025-06-08T05:50:00.000000Z,649.34,649.74,649.16,649.16,892.92
2025-06-08T05:55:00.000000Z,649.17,649.17,648.96,648.99,376.28
2025-06-08T06:00:00.000000Z,648.99,649.23,648.98,649.03,460.66
2025-06-08T06:05:00.000000Z,649.02,649.36,648.91,649.32,628.79
2025-06-08T06:10:00.000000Z,649.32,649.89,649.29,649.73,368.48
2025-06-08T06:15:00.000000Z,649.72,649.89,649.6,649.84,347.3
2025-06-08T06:20:00.000000Z,649.84,650.08,649.54,649.93,500.82
2025-06-08T06:25:00.000000Z,649.93,650.06,649.82,649.86,438.9
2025-06-08T06:30:00.000000Z,649.85,650.03,649.53,649.75,262.75
2025-06-08T06:35:00.000000Z,649.75,650.1,649.74,649.81,815.74
2025-06-08T06:40:00.000000Z,649.8,650.34,649.74,649.97,803.32
2025-06-08T06:45:00.000000Z,649.97,650.21,649.54,649.55,318.37
2025-06-08T06:50:00.000000Z,649.55,649.7,649.44,649.62,329.53
2025-06-08T06:55:00.000000Z,649.63,649.63,649.47,649.51,128.41
2025-06-08T07:00:00.000000Z,649.51,649.77,649.34,649.76,627.74
2025-06-08T07:05:00.000000Z,649.77,649.84,649.53,649.57,341.59
2025-06-08T07:10:00.000000Z,649.58,649.74,649.56,649.64,184.15
2025-06-08T07:15:00.000000Z,649.63,649.86,649.5,649.55,372.86
2025-06-08T07:20:00.000000Z,649.54,649.76,649.43,649.75,558.58
2025-06-08T07:25:00.000000Z,649.75,649.87,649.43,649.43,851.29
2025-06-08T07:30:00.000000Z,649.44,649.68,649.37,649.38,773.92
2025-06-08T07:35:00.000000Z,649.38,649.53,649.37,649.37,193.69
2025-06-08T07:40:00.000000Z,649.37,649.51,649.1,649.25,800.02
2025-06-08T07:45:00.000000Z,649.26,649.3,649.02,649.3,674.93
2025-06-08T07:50:00.000000Z,649.3,649.44,649.12,649.15,518.64
2025-06-08T07:55:00.000000Z,649.15,649.15,648.78,648.99,1046.42
2025-06-08T08:00:00.000000Z,649.0,649.44,649.0,649.13,616.94
2025-06-08T08:05:00.000000Z,649.13,649.4,649.12,649.14,461.91
2025-06-08T08:10:00.000000Z,649.15,649.36,649.11,649.23,512.62
2025-06-08T08:15:00.000000Z,649.23,649.35,649.08,649.34,276.25
2025-06-08T08:20:00.000000Z,649.34,649.42,649.22,649.33,281.16
2025-06-08T08:25:00.000000Z,649.34,649.34,649.09,649.25,292.73
2025-06-08T08:30:00.000000Z,649.26,649.58,649.26,649.55,222.51
2025-06-08T08:35:00.000000Z,649.55,649.58,649.37,649.47,261.97
2025-06-08T08:40:00.000000Z,649.47,649.58,649.47,649.49,186.7
2025-06-08T08:45:00.000000Z,649.49,649.96,649.48,649.87,391.17
2025-06-08T08:50:00.000000Z,649.87,650.13,649.86,649.9,475.84
2025-06-08T08:55:00.000000Z,649.9,649.93,649.65,649.79,324.69
2025-06-08T09:00:00.000000Z,649.79,649.86,649.35,649.54,552.01
2025-06-08T09:05:00.000000Z,649.53,649.53,649.16,649.17,501.36
2025-06-08T09:10:00.000000Z,649.16,649.17,648.5,648.7,4364.54
2025-06-08T09:15:00.000000Z,648.71,648.71,647.7,648.55,2652.96
2025-06-08T09:20:00.000000Z,648.55,648.6,647.97,648.25,699.33
2025-06-08T09:25:00.000000Z,648.25,648.25,646.76,647.23,4026.86
2025-06-08T09:30:00.000000Z,647.23,647.29,646.7,647.16,2604.05
2025-06-08T09:35:00.000000Z,647.16,647.5,646.71,646.99,1595.41
2025-06-08T09:40:00.000000Z,647.0,647.36,646.94,647.01,786.78
2025-06-08T09:45:00.000000Z,647.01,647.75,647.01,647.75,661.49
2025-06-08T09:50:00.000000Z,647.75,647.86,647.31,647.41,554.89
2025-06-08T09:55:00.000000Z,647.4,647.41,646.77,646.82,656.69
2025-06-08T10:00:00.000000Z,646.83,646.9,646.6,646.67,642.5
2025-06-08T10:05:00.000000Z,646.66,646.72,646.39,646.44,629.19
2025-06-08T10:10:00.000000Z,646.43,646.76,646.43,646.51,635.6
2025-06-08T10:15:00.000000Z,646.5,646.92,646.44,646.85,473.46
2025-06-08T10:20:00.000000Z,646.85,646.85,646.37,646.37,407.82
2025-06-08T10:25:00.000000Z,646.36,646.44,646.22,646.44,457.36
2025-06-08T10:30:00.000000Z,646.44,646.86,646.21,646.64,907.96
2025-06-08T10:35:00.000000Z,646.64,647.34,646.63,647.33,525.58
2025-06-08T10:40:00.000000Z,647.33,648.42,647.33,648.31,2577.77
2025-06-08T10:45:00.000000Z,648.31,648.54,647.92,648.31,1031.63
2025-06-08T10:50:00.000000Z,648.31,648.76,648.3,648.48,913.04
2025-06-08T10:55:00.000000Z,648.48,648.66,648.4,648.66,290.08
2025-06-08T11:00:00.000000Z,648.66,649.06,648.62,648.91,858.07
2025-06-08T11:05:00.000000Z,648.91,648.96,648.75,648.89,484.72
2025-06-08T11:10:00.000000Z,648.89,648.89,648.75,648.81,554.2
2025-06-08T11:15:00.000000Z,648.8,649.14,648.74,648.91,541.73
2025-06-08T11:20:00.000000Z,648.91,649.69,648.9,649.26,1274.91
2025-06-08T11:25:00.000000Z,649.27,649.5,649.21,649.5,354.73
2025-06-08T11:30:00.000000Z,649.5,649.68,649.28,649.68,693.3
2025-06-08T11:35:00.000000Z,649.68,649.83,649.67,649.78,533.88
2025-06-08T11:40:00.000000Z,649.78,649.81,649.68,649.76,458.53
2025-06-08T11:45:00.000000Z,649.76,650.0,649.74,649.95,706.62
2025-06-08T11:50:00.000000Z,649.95,650.06,649.69,649.94,515.67
2025-06-08T11:55:00.000000Z,649.94,650.11,649.87,650.11,479.51
2025-06-08T12:00:00.000000Z,650.11,650.26,649.94,649.97,765.09
2025-06-08T12:05:00.000000Z,649.97,650.17,649.89,650.09,611.25
2025-06-08T12:10:00.000000Z,650.09,650.3,649.89,650.3,769.19
2025-06-08T12:15:00.000000Z,650.3,650.3,649.62,649.63,880.01
2025-06-08T12:20:00.000000Z,649.62,649.85,649.43,649.81,1002.55
2025-06-08T12:25:00.000000Z,649.8,649.99,649.51,649.85,412.11
2025-06-08T12:30:00.000000Z,649.85,649.94,649.42,649.94,538.76
2025-06-08T12:35:00.000000Z,649.93,649.93,649.52,649.7,739.41
2025-06-08T12:40:00.000000Z,649.7,650.16,649.68,650.05,1405.35
2025-06-08T12:45:00.000000Z,650.04,650.24,649.9,650.16,572.01
2025-06-08T12:50:00.000000Z,650.16,650.3,650.08,650.3,754.27
2025-06-08T12:55:00.000000Z,650.3,650.3,650.0,650.17,503.95
2025-06-08T13:00:00.000000Z,650.17,650.33,650.13,650.2,846.71
2025-06-08T13:05:00.000000Z,650.2,650.52,650.19,650.52,672.86
2025-06-08T13:10:00.000000Z,650.51,650.52,650.16,650.17,1142.25
2025-06-08T13:15:00.000000Z,650.16,650.21,649.59,649.96,671.21
2025-06-08T13:20:00.000000Z,649.95,649.96,649.6,649.91,526.24
2025-06-08T13:25:00.000000Z,649.9,650.24,649.78,650.23,410.3
2025-06-08T13:30:00.000000Z,650.24,650.68,650.23,650.68,932.57
2025-06-08T13:35:00.000000Z,650.68,651.3,650.66,650.75,2542.22
2025-06-08T13:40:00.000000Z,650.74,651.09,650.65,650.85,530.42
2025-06-08T13:45:00.000000Z,650.85,651.74,650.66,651.28,1864.64
2025-06-08T13:50:00.000000Z,651.27,651.28,649.92,650.18,1560.73
2025-06-08T13:55:00.000000Z,650.18,650.19,649.15,649.52,1063.8
2025-06-08T14:00:00.000000Z,649.52,649.84,649.38,649.79,1892.55
2025-06-08T14:05:00.000000Z,649.79,650.48,649.78,650.48,1193.62
2025-06-08T14:10:00.000000Z,650.48,650.57,649.9,650.24,864.23
2025-06-08T14:15:00.000000Z,650.23,651.0,650.13,650.88,860.15
2025-06-08T14:20:00.000000Z,650.88,651.12,650.22,650.37,790.54
2025-06-08T14:25:00.000000Z,650.37,650.98,650.37,650.84,568.44
2025-06-08T14:30:00.000000Z,650.84,650.91,650.52,650.87,587.48
2025-06-08T14:35:00.000000Z,650.86,650.97,650.75,650.9,220.8
2025-06-08T14:40:00.000000Z,650.9,651.07,650.5,650.96,959.92
2025-06-08T14:45:00.000000Z,650.97,650.97,650.52,650.77,705.99
2025-06-08T14:50:00.000000Z,650.76,651.06,650.64,650.67,618.48
2025-06-08T14:55:00.000000Z,650.67,650.81,650.43,650.67,580.35
2025-06-08T15:00:00.000000Z,650.67,651.15,650.54,650.96,1597.66
2025-06-08T15:05:00.000000Z,650.97,651.53,650.96,651.52,1463.09
2025-06-08T15:10:00.000000Z,651.53,651.85,651.46,651.46,1556.0
2025-06-08T15:15:00.000000Z,651.47,651.75,651.31,651.61,1494.69
2025-06-08T15:20:00.000000Z,651.61,651.87,651.41,651.73,917.65
2025-06-08T15:25:00.000000Z,651.72,651.72,651.46,651.67,342.59
2025-06-08T15:30:00.000000Z,651.67,651.85,651.5,651.69,420.52
2025-06-08T15:35:00.000000Z,651.7,651.72,651.41,651.64,532.54
2025-06-08T15:40:00.000000Z,651.64,651.77,651.52,651.75,472.23
2025-06-08T15:45:00.000000Z,651.76,651.85,651.61,651.62,501.62
2025-06-08T15:50:00.000000Z,651.62,651.62,651.06,651.25,368.41
2025-06-08T15:55:00.000000Z,651.25,651.59,651.14,651.58,669.01
2025-06-08T16:00:00.000000Z,651.59,652.28,651.58,652.28,1495.27
2025-06-08T16:05:00.000000Z,652.27,652.8,652.27,652.8,3281.29
2025-06-08T16:10:00.000000Z,652.8,652.81,652.42,652.56,1026.12
2025-06-08T16:15:00.000000Z,652.56,652.6,652.03,652.56,952.98
2025-06-08T16:20:00.000000Z,652.55,652.97,652.55,652.64,1061.98
2025-06-08T16:25:00.000000Z,652.65,652.8,652.3,652.48,487.91
2025-06-08T16:30:00.000000Z,652.48,652.84,652.26,652.68,546.01
2025-06-08T16:35:00.000000Z,652.67,652.84,652.58,652.76,604.39
2025-06-08T16:40:00.000000Z,652.76,652.99,652.72,652.9,1286.68
2025-06-08T16:45:00.000000Z,652.9,653.15,652.66,652.98,1946.21
2025-06-08T16:50:00.000000Z,652.97,653.15,652.76,652.87,299.0
2025-06-08T16:55:00.000000Z,652.87,652.9,652.38,652.65,1736.42
2025-06-08T17:00:00.000000Z,652.66,653.3,651.85,653.05,3335.53
2025-06-08T17:05:00.000000Z,653.05,653.3,652.93,653.0,1788.52
2025-06-08T17:10:00.000000Z,653.01,653.01,652.35,652.38,727.06
2025-06-08T17:15:00.000000Z,652.38,652.74,652.23,652.69,566.94
2025-06-08T17:20:00.000000Z,652.69,652.74,652.48,652.48,349.59
2025-06-08T17:25:00.000000Z,652.48,652.74,652.4,652.55,385.33
2025-06-08T17:30:00.000000Z,652.55,652.55,652.05,652.05,388.12
2025-06-08T17:35:00.000000Z,652.06,652.86,651.85,652.86,633.11
2025-06-08T17:40:00.000000Z,652.86,652.86,652.4,652.4,236.71
2025-06-08T17:45:00.000000Z,652.41,652.48,652.24,652.24,252.84
2025-06-08T17:50:00.000000Z,652.24,652.24,651.98,651.99,424.41
2025-06-08T17:55:00.000000Z,651.99,651.99,651.66,651.73,400.1
2025-06-08T18:00:00.000000Z,651.73,652.21,651.64,652.21,1902.29
2025-06-08T18:05:00.000000Z,652.21,653.1,652.2,652.68,2791.75
2025-06-08T18:10:00.000000Z,652.68,652.94,652.68,652.72,412.32
2025-06-08T18:15:00.000000Z,652.73,653.0,652.54,652.62,478.77
2025-06-08T18:20:00.000000Z,652.63,652.81,652.63,652.7,326.89
2025-06-08T18:25:00.000000Z,652.7,652.71,652.52,652.61,331.62
2025-06-08T18:30:00.000000Z,652.62,652.76,652.51,652.51,524.61
2025-06-08T18:35:00.000000Z,652.51,652.53,652.34,652.53,366.9
2025-06-08T18:40:00.000000Z,652.52,652.53,652.41,652.48,318.81
2025-06-08T18:45:00.000000Z,652.48,652.49,652.29,652.4,230.46
2025-06-08T18:50:00.000000Z,652.41,652.6,652.26,652.6,291.92
2025-06-08T18:55:00.000000Z,652.59,652.7,652.59,652.64,369.69
2025-06-08T19:00:00.000000Z,652.65,653.46,652.64,653.45,1018.66
2025-06-08T19:05:00.000000Z,653.46,654.74,653.45,654.13,7629.46
2025-06-08T19:10:00.000000Z,654.13,654.25,653.87,654.01,1005.92
2025-06-08T19:15:00.000000Z,654.02,654.07,653.82,653.9,466.49
2025-06-08T19:20:00.000000Z,653.91,654.08,653.84,654.08,483.82
2025-06-08T19:25:00.000000Z,654.08,654.43,654.08,654.22,519.42
2025-06-08T19:30:00.000000Z,654.22,654.43,654.19,654.31,486.4
2025-06-08T19:35:00.000000Z,654.32,654.32,654.15,654.15,339.81
2025-06-08T19:40:00.000000Z,654.16,654.23,654.0,654.12,473.59
2025-06-08T19:45:00.000000Z,654.13,654.45,654.12,654.16,364.07
2025-06-08T19:50:00.000000Z,654.16,654.22,654.13,654.15,380.89
2025-06-08T19:55:00.000000Z,654.14,654.53,654.14,654.33,849.24
2025-06-08T20:00:00.000000Z,654.34,655.21,654.33,655.07,3035.87
2025-06-08T20:05:00.000000Z,655.06,656.19,655.06,655.37,8688.18
2025-06-08T20:10:00.000000Z,655.35,655.36,654.73,654.85,2079.52
2025-06-08T20:15:00.000000Z,654.86,655.12,654.62,654.74,737.33
2025-06-08T20:20:00.000000Z,654.74,655.0,654.69,654.96,306.17
2025-06-08T20:25:00.000000Z,654.96,655.08,654.89,655.05,353.89
2025-06-08T20:30:00.000000Z,655.06,655.16,654.62,654.73,338.44
2025-06-08T20:35:00.000000Z,654.73,654.74,654.56,654.56,307.7
2025-06-08T20:40:00.000000Z,654.55,654.56,654.19,654.32,504.56
2025-06-08T20:45:00.000000Z,654.32,654.34,654.1,654.11,234.83
2025-06-08T20:50:00.000000Z,654.1,654.41,653.88,654.18,524.84
2025-06-08T20:55:00.000000Z,654.17,654.18,653.82,654.09,425.31
2025-06-08T21:00:00.000000Z,654.09,655.33,654.09,655.33,958.08
2025-06-08T21:05:00.000000Z,655.32,655.71,655.28,655.68,2388.09
2025-06-08T21:10:00.000000Z,655.67,655.84,655.27,655.4,1255.98
2025-06-08T21:15:00.000000Z,655.41,655.58,655.27,655.48,483.65
2025-06-08T21:20:00.000000Z,655.48,655.54,655.4,655.41,196.93
2025-06-08T21:25:00.000000Z,655.4,655.48,655.37,655.47,247.91
2025-06-08T21:30:00.000000Z,655.48,655.48,655.46,655.47,122.85
2025-06-08T21:35:00.000000Z,655.47,655.47,655.34,655.34,328.3
2025-06-08T21:40:00.000000Z,655.35,655.53,655.35,655.52,344.81
2025-06-08T21:45:00.000000Z,655.52,655.52,655.33,655.34,231.78
2025-06-08T21:50:00.000000Z,655.33,656.1,655.33,655.81,349.29
2025-06-08T21:55:00.000000Z,655.81,655.81,654.88,655.0,777.68
2025-06-08T22:00:00.000000Z,655.01,655.16,654.02,654.36,1775.66
2025-06-08T22:05:00.000000Z,654.37,654.95,653.58,653.77,1423.53
2025-06-08T22:10:00.000000Z,653.78,654.16,653.31,653.33,1333.32
2025-06-08T22:15:00.000000Z,653.34,653.86,653.29,653.8,695.44
2025-06-08T22:20:00.000000Z,653.8,653.95,653.64,653.91,465.22
2025-06-08T22:25:00.000000Z,653.92,653.92,652.86,653.21,726.88
2025-06-08T22:30:00.000000Z,653.22,653.28,652.7,653.05,855.84
2025-06-08T22:35:00.000000Z,653.05,653.16,652.05,652.54,1664.95
2025-06-08T22:40:00.000000Z,652.53,652.91,652.35,652.9,639.29
2025-06-08T22:45:00.000000Z,652.9,652.91,651.89,652.27,958.25
2025-06-08T22:50:00.000000Z,652.28,652.35,651.94,652.29,1093.83
2025-06-08T22:55:00.000000Z,652.3,652.46,652.29,652.4,334.0
2025-06-08T23:00:00.000000Z,652.4,652.41,651.82,651.95,1451.9
2025-06-08T23:05:00.000000Z,651.96,652.38,651.78,651.83,789.19
2025-06-08T23:10:00.000000Z,651.84,652.04,651.58,652.04,993.32
2025-06-08T23:15:00.000000Z,652.03,652.37,651.68,652.29,584.71
2025-06-08T23:20:00.000000Z,652.29,652.44,651.56,651.58,444.48
2025-06-08T23:25:00.000000Z,651.58,651.81,651.49,651.8,1142.27
2025-06-08T23:30:00.000000Z,651.8,652.23,651.73,652.21,1089.23
2025-06-08T23:35:00.000000Z,652.2,652.21,651.6,651.85,347.93
2025-06-08T23:40:00.000000Z,651.86,652.05,651.74,651.84,285.65
2025-06-08T23:45:00.000000Z,651.84,651.96,651.56,651.67,560.29
2025-06-08T23:50:00.000000Z,651.67,651.67,651.3,651.47,1045.86
2025-06-08T23:55:00.000000Z,651.47,651.75,651.21,651.64,1155.56
2025-06-09T00:00:00.000000Z,651.65,652.39,651.6,652.23,1394.05
2025-06-09T00:05:00.000000Z,652.23,652.67,651.48,651.69,1450.14
2025-06-09T00:10:00.000000Z,651.7,652.06,651.5,651.58,626.41
2025-06-09T00:15:00.000000Z,651.59,652.07,651.4,651.56,784.75
2025-06-09T00:20:00.000000Z,651.56,651.7,651.14,651.45,610.82
2025-06-09T00:25:00.000000Z,651.44,652.42,651.14,652.14,983.07
2025-06-09T00:30:00.000000Z,652.13,652.94,652.06,652.81,612.91
2025-06-09T00:35:00.000000Z,652.8,653.19,652.04,652.05,531.43
2025-06-09T00:40:00.000000Z,652.05,652.54,652.01,652.39,545.75
2025-06-09T00:45:00.000000Z,652.38,652.38,651.13,652.11,1183.33
2025-06-09T00:50:00.000000Z,652.11,652.19,651.5,652.18,332.06
2025-06-09T00:55:00.000000Z,652.18,652.39,651.96,652.28,495.04
2025-06-09T01:00:00.000000Z,652.28,652.55,651.21,651.21,1100.9
2025-06-09T01:05:00.000000Z,651.21,651.36,650.7,650.97,3889.09
2025-06-09T01:10:00.000000Z,650.98,651.34,650.73,651.2,418.87
2025-06-09T01:15:00.000000Z,651.18,651.6,650.85,651.59,581.49
2025-06-09T01:20:00.000000Z,651.59,651.74,650.84,650.9,638.88
2025-06-09T01:25:00.000000Z,650.89,651.42,650.89,651.38,353.34
2025-06-09T01:30:00.000000Z,651.37,651.4,650.91,650.97,400.48
2025-06-09T01:35:00.000000Z,650.97,651.18,650.73,650.78,395.9
2025-06-09T01:40:00.000000Z,650.79,650.94,650.57,650.66,325.71
2025-06-09T01:45:00.000000Z,650.67,650.86,650.42,650.61,518.28
2025-06-09T01:50:00.000000Z,650.61,650.61,650.12,650.23,815.03
2025-06-09T01:55:00.000000Z,650.23,650.37,650.08,650.32,650.18
2025-06-09T02:00:00.000000Z,650.33,650.5,649.76,650.02,3634.02
2025-06-09T02:05:00.000000Z,650.02,650.22,649.05,649.1,3397.5
2025-06-09T02:10:00.000000Z,649.11,650.8,649.07,650.72,1356.47
2025-06-09T02:15:00.000000Z,650.72,651.12,650.62,650.93,462.28
2025-06-09T02:20:00.000000Z,650.93,651.1,650.76,651.01,307.05
2025-06-09T02:25:00.000000Z,651.01,651.03,650.68,650.8,693.69
2025-06-09T02:30:00.000000Z,650.8,650.86,649.81,650.11,1553.06
2025-06-09T02:35:00.000000Z,650.11,650.12,649.4,649.63,2094.3
2025-06-09T02:40:00.000000Z,649.63,649.96,649.18,649.78,1242.08
2025-06-09T02:45:00.000000Z,649.77,650.07,649.61,649.8,379.81
2025-06-09T02:50:00.000000Z,649.81,649.93,649.48,649.92,281.87
2025-06-09T02:55:00.000000Z,649.92,650.08,649.74,649.75,474.16
2025-06-09T03:00:00.000000Z,649.74,649.86,648.91,648.91,942.42
2025-06-09T03:05:00.000000Z,648.91,648.91,648.03,648.29,5197.11
2025-06-09T03:10:00.000000Z,648.3,649.1,648.17,648.98,792.3
2025-06-09T03:15:00.000000Z,648.98,649.39,648.95,649.07,993.2
2025-06-09T03:20:00.000000Z,649.07,649.17,648.67,648.85,986.82
2025-06-09T03:25:00.000000Z,648.86,649.28,648.69,649.26,689.56
2025-06-09T03:30:00.000000Z,649.25,649.9,649.05,649.78,511.88
2025-06-09T03:35:00.000000Z,649.78,650.35,649.78,650.08,545.72
2025-06-09T03:40:00.000000Z,650.08,650.21,650.01,650.21,236.59
2025-06-09T03:45:00.000000Z,650.2,650.85,650.19,650.84,929.97
2025-06-09T03:50:00.000000Z,650.85,651.17,650.8,650.98,678.14
2025-06-09T03:55:00.000000Z,651.0,651.25,650.97,651.25,352.21
2025-06-09T04:00:00.000000Z,651.24,651.24,650.57,650.57,1377.31
2025-06-09T04:05:00.000000Z,650.56,650.56,649.82,649.86,1356.87
2025-06-09T04:10:00.000000Z,649.86,650.56,649.73,650.45,3481.19
2025-06-09T04:15:00.000000Z,650.45,650.65,650.04,650.21,829.23
2025-06-09T04:20:00.000000Z,650.21,650.46,650.04,650.08,291.51
2025-06-09T04:25:00.000000Z,650.09,650.1,649.78,650.06,508.7
2025-06-09T04:30:00.000000Z,650.05,650.11,649.62,649.83,448.4
2025-06-09T04:35:00.000000Z,649.83,650.11,649.83,649.97,663.63
2025-06-09T04:40:00.000000Z,649.97,650.02,649.77,649.78,522.91
2025-06-09T04:45:00.000000Z,649.78,650.04,649.5,649.61,858.43
2025-06-09T04:50:00.000000Z,649.61,649.61,649.27,649.4,655.13
2025-06-09T04:55:00.000000Z,649.4,649.65,649.32,649.4,383.04
2025-06-09T05:00:00.000000Z,649.41,649.44,648.65,648.65,836.42
2025-06-09T05:05:00.000000Z,648.66,649.02,648.48,648.86,1561.89
2025-06-09T05:10:00.000000Z,648.85,649.1,648.75,648.86,1001.62
2025-06-09T05:15:00.000000Z,648.86,649.25,648.86,649.2,952.56
2025-06-09T05:20:00.000000Z,649.19,649.3,648.64,648.7,582.18
2025-06-09T05:25:00.000000Z,648.71,648.9,648.64,648.79,608.98
2025-06-09T05:30:00.000000Z,648.8,648.8,648.4,648.53,629.92
2025-06-09T05:35:00.000000Z,648.54,648.54,648.26,648.36,589.05
2025-06-09T05:40:00.000000Z,648.37,648.51,648.25,648.35,423.23
2025-06-09T05:45:00.000000Z,648.35,648.67,648.2,648.57,767.27
2025-06-09T05:50:00.000000Z,648.56,648.6,648.29,648.56,276.27
2025-06-09T05:55:00.000000Z,648.56,648.69,648.2,648.26,417.2
2025-06-09T06:00:00.000000Z,648.27,648.39,647.52,647.62,2012.83
2025-06-09T06:05:00.000000Z,647.62,648.58,647.61,647.85,1479.36
2025-06-09T06:10:00.000000Z,647.85,648.1,647.59,648.09,1504.68
2025-06-09T06:15:00.000000Z,648.09,648.86,647.9,648.85,921.68
2025-06-09T06:20:00.000000Z,648.85,648.87,648.52,648.87,533.39
2025-06-09T06:25:00.000000Z,648.86,648.86,648.49,648.76,594.61
2025-06-09T06:30:00.000000Z,648.75,649.0,648.62,648.96,394.98
2025-06-09T06:35:00.000000Z,648.95,649.22,648.72,649.22,425.05
2025-06-09T06:40:00.000000Z,649.21,649.6,649.21,649.35,952.92
2025-06-09T06:45:00.000000Z,649.34,649.68,649.28,649.67,582.15
2025-06-09T06:50:00.000000Z,649.67,649.88,649.55,649.72,623.68
2025-06-09T06:55:00.000000Z,649.71,649.83,649.62,649.81,491.58
2025-06-09T07:00:00.000000Z,649.8,649.8,648.92,648.93,958.2
2025-06-09T07:05:00.000000Z,648.92,648.92,648.31,648.41,2050.54
2025-06-09T07:10:00.000000Z,648.4,648.76,648.29,648.67,757.91
2025-06-09T07:15:00.000000Z,648.67,648.78,648.41,648.59,782.35
2025-06-09T07:20:00.000000Z,648.59,648.66,648.22,648.39,392.99
2025-06-09T07:25:00.000000Z,648.38,648.6,648.35,648.56,607.43
2025-06-09T07:30:00.000000Z,648.57,649.34,648.51,649.07,671.91
2025-06-09T07:35:00.000000Z,649.07,649.27,649.01,649.02,342.27
2025-06-09T07:40:00.000000Z,649.02,649.02,648.85,648.94,414.9
2025-06-09T07:45:00.000000Z,648.95,648.95,648.76,648.76,355.79
2025-06-09T07:50:00.000000Z,648.77,649.18,648.76,649.18,365.63
2025-06-09T07:55:00.000000Z,649.17,649.17,648.94,648.96,490.47
2025-06-09T08:00:00.000000Z,648.97,649.2,648.67,648.67,1223.06
2025-06-09T08:05:00.000000Z,648.68,648.78,647.85,648.63,1593.16
2025-06-09T08:10:00.000000Z,648.62,648.68,648.45,648.51,487.7
2025-06-09T08:15:00.000000Z,648.51,648.75,648.5,648.59,376.33
2025-06-09T08:20:00.000000Z,648.59,648.59,648.14,648.18,320.78
2025-06-09T08:25:00.000000Z,648.19,648.19,647.91,648.11,458.76
2025-06-09T08:30:00.000000Z,648.12,648.15,647.96,648.15,436.39
2025-06-09T08:35:00.000000Z,648.14,649.32,648.14,649.09,1116.16
2025-06-09T08:40:00.000000Z,649.09,649.32,648.89,649.31,375.65
2025-06-09T08:45:00.000000Z,649.31,649.57,649.06,649.53,971.46
2025-06-09T08:50:00.000000Z,649.52,649.85,649.42,649.85,654.12
2025-06-09T08:55:00.000000Z,649.85,650.1,649.74,649.88,968.87
2025-06-09T09:00:00.000000Z,649.89,649.89,649.58,649.58,558.1
2025-06-09T09:05:00.000000Z,649.58,649.92,649.58,649.88,595.15
2025-06-09T09:10:00.000000Z,649.89,650.37,649.84,650.23,2329.18
2025-06-09T09:15:00.000000Z,650.23,650.32,650.0,650.23,845.66
2025-06-09T09:20:00.000000Z,650.22,650.35,650.13,650.2,879.43
2025-06-09T09:25:00.000000Z,650.2,651.0,650.2,650.92,2158.31
2025-06-09T09:30:00.000000Z,650.91,651.07,650.76,651.07,648.84
2025-06-09T09:35:00.000000Z,651.06,651.4,650.81,651.36,1160.9
2025-06-09T09:40:00.000000Z,651.36,651.91,651.36,651.75,1925.87
2025-06-09T09:45:00.000000Z,651.76,652.44,651.68,652.16,4263.49
2025-06-09T09:50:00.000000Z,652.17,652.66,651.9,652.12,1987.88
2025-06-09T09:55:00.000000Z,652.12,652.51,651.89,652.04,2209.37
2025-06-09T10:00:00.000000Z,652.04,652.31,651.81,652.04,1997.19
2025-06-09T10:05:00.000000Z,652.04,652.88,652.04,652.86,1515.71
2025-06-09T10:10:00.000000Z,652.86,654.5,652.85,654.14,5144.12
2025-06-09T10:15:00.000000Z,654.13,654.4,653.03,653.84,6327.89
2025-06-09T10:20:00.000000Z,653.83,654.16,653.6,654.16,1456.57
2025-06-09T10:25:00.000000Z,654.15,654.42,653.67,653.82,1404.57
2025-06-09T10:30:00.000000Z,653.82,654.59,653.82,653.97,1852.35
2025-06-09T10:35:00.000000Z,653.97,654.29,653.85,654.2,1162.42
2025-06-09T10:40:00.000000Z,654.2,654.35,653.92,654.3,940.78
2025-06-09T10:45:00.000000Z,654.29,654.85,654.1,654.27,2290.33
2025-06-09T10:50:00.000000Z,654.27,654.28,653.48,653.68,1117.02
2025-06-09T10:55:00.000000Z,653.67,653.98,653.67,653.98,517.72
2025-06-09T11:00:00.000000Z,653.98,654.67,653.98,654.32,1600.28
2025-06-09T11:05:00.000000Z,654.31,654.4,654.16,654.32,719.5
2025-06-09T11:10:00.000000Z,654.32,654.98,654.28,654.82,1644.3
2025-06-09T11:15:00.000000Z,654.81,655.02,654.59,654.67,2195.28
2025-06-09T11:20:00.000000Z,654.7,655.22,654.51,655.04,1945.67
2025-06-09T11:25:00.000000Z,655.05,655.34,654.99,655.23,838.76
2025-06-09T11:30:00.000000Z,655.24,655.54,655.05,655.17,731.39
2025-06-09T11:35:00.000000Z,655.18,655.86,655.17,655.86,1379.9
2025-06-09T11:40:00.000000Z,655.86,656.14,655.57,655.84,1329.82
2025-06-09T11:45:00.000000Z,655.83,655.85,654.84,654.84,1293.74
2025-06-09T11:50:00.000000Z,654.84,654.88,654.47,654.85,1097.29
2025-06-09T11:55:00.000000Z,654.84,655.23,654.77,655.23,1107.7
2025-06-09T12:00:00.000000Z,655.23,655.73,655.16,655.73,1522.42
2025-06-09T12:05:00.000000Z,655.73,655.85,655.06,655.24,1620.89
2025-06-09T12:10:00.000000Z,655.24,655.28,654.6,654.61,2173.33
2025-06-09T12:15:00.000000Z,654.61,655.12,654.53,654.85,2301.27
2025-06-09T12:20:00.000000Z,654.85,654.85,654.61,654.73,636.28
2025-06-09T12:25:00.000000Z,654.72,654.96,654.57,654.72,652.09
2025-06-09T12:30:00.000000Z,654.72,655.5,654.72,655.5,671.73
2025-06-09T12:35:00.000000Z,655.49,655.55,655.07,655.55,953.92
2025-06-09T12:40:00.000000Z,655.55,655.86,655.44,655.84,860.98
2025-06-09T12:45:00.000000Z,655.84,655.93,655.45,655.55,683.67
2025-06-09T12:50:00.000000Z,655.56,655.96,655.54,655.91,307.67
2025-06-09T12:55:00.000000Z,655.91,655.98,655.64,655.81,427.62
2025-06-09T13:00:00.000000Z,655.81,656.15,655.65,656.15,1146.46
2025-06-09T13:05:00.000000Z,656.15,656.45,655.5,655.51,1685.4
2025-06-09T13:10:00.000000Z,655.51,655.62,655.1,655.36,920.63
2025-06-09T13:15:00.000000Z,655.37,655.72,655.32,655.38,870.01
2025-06-09T13:20:00.000000Z,655.38,655.72,655.37,655.47,307.58
2025-06-09T13:25:00.000000Z,655.48,655.68,655.0,655.12,844.18
2025-06-09T13:30:00.000000Z,655.12,656.0,655.05,655.85,965.73
2025-06-09T13:35:00.000000Z,655.85,655.85,654.0,654.52,2904.19
2025-06-09T13:40:00.000000Z,654.52,654.96,654.12,654.66,2158.29
2025-06-09T13:45:00.000000Z,654.66,654.74,653.73,654.33,3118.31
2025-06-09T13:50:00.000000Z,654.33,654.33,653.42,653.84,3704.18
2025-06-09T13:55:00.000000Z,653.84,653.85,652.79,653.14,4206.93
2025-06-09T14:00:00.000000Z,653.14,653.6,653.14,653.33,3522.26
2025-06-09T14:05:00.000000Z,653.34,653.62,652.39,653.36,2310.96
2025-06-09T14:10:00.000000Z,653.36,654.28,653.23,654.14,1529.88
2025-06-09T14:15:00.000000Z,654.15,654.28,653.82,654.15,935.47
2025-06-09T14:20:00.000000Z,654.15,654.81,654.12,654.68,531.79
2025-06-09T14:25:00.000000Z,654.67,654.67,654.28,654.39,492.13
2025-06-09T14:30:00.000000Z,654.39,655.22,654.39,655.12,939.38
2025-06-09T14:35:00.000000Z,655.12,655.2,654.95,655.05,590.92
2025-06-09T14:40:00.000000Z,655.05,655.5,654.95,655.29,1417.69
2025-06-09T14:45:00.000000Z,655.29,655.66,654.84,654.84,1317.52
2025-06-09T14:50:00.000000Z,654.83,654.83,654.11,654.39,742.77
2025-06-09T14:55:00.000000Z,654.4,654.96,654.26,654.92,548.18
2025-06-09T15:00:00.000000Z,654.92,655.44,654.79,655.42,733.92
2025-06-09T15:05:00.000000Z,655.42,655.97,655.42,655.79,1617.29
2025-06-09T15:10:00.000000Z,655.79,656.34,655.62,655.97,1740.46
2025-06-09T15:15:00.000000Z,655.97,656.38,655.85,655.96,1239.15
2025-06-09T15:20:00.000000Z,655.96,656.29,655.76,656.2,681.79
2025-06-09T15:25:00.000000Z,656.19,656.36,656.02,656.31,612.89
2025-06-09T15:30:00.000000Z,656.31,656.73,656.26,656.45,2337.99
2025-06-09T15:35:00.000000Z,656.44,656.48,655.92,656.19,929.49
2025-06-09T15:40:00.000000Z,656.19,656.3,656.06,656.13,972.27
2025-06-09T15:45:00.000000Z,656.13,656.68,656.13,656.68,1217.68
2025-06-09T15:50:00.000000Z,656.67,656.74,656.21,656.21,924.7
2025-06-09T15:55:00.000000Z,656.21,656.49,656.03,656.16,1417.1
2025-06-09T16:00:00.000000Z,656.17,657.0,656.17,656.93,3170.58
2025-06-09T16:05:00.000000Z,656.93,657.64,656.92,657.43,5184.47
2025-06-09T16:10:00.000000Z,657.43,657.5,657.06,657.33,832.78
2025-06-09T16:15:00.000000Z,657.32,657.88,656.28,657.0,3127.94
2025-06-09T16:20:00.000000Z,657.0,658.16,656.82,658.01,3308.92
2025-06-09T16:25:00.000000Z,658.0,658.35,657.78,658.33,1865.22
2025-06-09T16:30:00.000000Z,658.33,658.71,658.18,658.48,2544.58
2025-06-09T16:35:00.000000Z,658.48,658.49,658.05,658.25,783.99
2025-06-09T16:40:00.000000Z,658.25,658.53,658.14,658.47,848.97
2025-06-09T16:45:00.000000Z,658.47,658.54,657.9,658.16,964.4
2025-06-09T16:50:00.000000Z,658.16,658.49,657.57,657.9,951.3
2025-06-09T16:55:00.000000Z,657.91,658.1,657.29,657.57,969.78
2025-06-09T17:00:00.000000Z,657.58,659.11,657.49,659.05,2913.64
2025-06-09T17:05:00.000000Z,659.05,659.73,659.04,659.73,4285.37
2025-06-09T17:10:00.000000Z,659.73,659.74,659.05,659.46,1477.85
2025-06-09T17:15:00.000000Z,659.47,659.54,659.19,659.25,895.7
2025-06-09T17:20:00.000000Z,659.27,659.34,658.81,659.09,684.85
2025-06-09T17:25:00.000000Z,659.08,659.5,659.03,659.4,1194.58
2025-06-09T17:30:00.000000Z,659.41,659.58,658.9,659.0,871.0
2025-06-09T17:35:00.000000Z,659.01,659.18,658.55,658.93,624.7
2025-06-09T17:40:00.000000Z,658.93,659.05,658.74,659.03,477.99
2025-06-09T17:45:00.000000Z,659.04,659.73,658.9,659.46,1205.02
2025-06-09T17:50:00.000000Z,659.46,659.5,658.49,658.69,1580.34
2025-06-09T17:55:00.000000Z,658.68,658.84,658.42,658.74,471.54
2025-06-09T18:00:00.000000Z,658.74,659.57,658.74,659.57,1654.81
2025-06-09T18:05:00.000000Z,659.57,659.84,659.42,659.77,2828.57
2025-06-09T18:10:00.000000Z,659.77,659.84,659.01,659.05,1447.41
2025-06-09T18:15:00.000000Z,659.04,659.34,658.89,659.12,427.9
2025-06-09T18:20:00.000000Z,659.13,659.3,658.71,659.2,1152.68
2025-06-09T18:25:00.000000Z,659.19,659.3,659.02,659.02,334.19
2025-06-09T18:30:00.000000Z,659.03,659.44,658.93,659.29,823.85
2025-06-09T18:35:00.000000Z,659.28,659.29,658.71,658.76,471.76
2025-06-09T18:40:00.000000Z,658.77,659.01,658.23,658.44,987.81
2025-06-09T18:45:00.000000Z,658.45,658.45,657.89,658.05,877.26
2025-06-09T18:50:00.000000Z,658.06,659.14,658.02,658.96,910.5
2025-06-09T18:55:00.000000Z,658.96,659.46,658.95,659.44,578.1
2025-06-09T19:00:00.000000Z,659.43,660.17,659.36,660.11,4024.88
2025-06-09T19:05:00.000000Z,660.1,660.72,659.86,660.44,3730.29
2025-06-09T19:10:00.000000Z,660.44,660.69,659.86,659.96,1211.44
2025-06-09T19:15:00.000000Z,659.96,659.96,659.71,659.83,328.96
2025-06-09T19:20:00.000000Z,659.83,660.42,659.6,659.74,1180.79
2025-06-09T19:25:00.000000Z,659.74,660.76,659.74,660.75,1195.59
2025-06-09T19:30:00.000000Z,660.75,660.76,659.6,659.66,1734.0
2025-06-09T19:35:00.000000Z,659.67,660.37,659.67,659.98,1242.52
2025-06-09T19:40:00.000000Z,659.99,660.16,659.61,659.69,853.68
2025-06-09T19:45:00.000000Z,659.69,659.82,659.08,659.82,869.26
2025-06-09T19:50:00.000000Z,659.82,659.95,659.3,659.3,506.59
2025-06-09T19:55:00.000000Z,659.31,659.66,659.15,659.49,575.91
2025-06-09T20:00:00.000000Z,659.5,661.24,659.5,660.82,5298.23
2025-06-09T20:05:00.000000Z,660.83,663.05,660.82,662.9,14910.33
2025-06-09T20:10:00.000000Z,662.9,662.9,660.72,660.73,2686.25
2025-06-09T20:15:00.000000Z,660.73,661.54,660.73,661.0,1187.76
2025-06-09T20:20:00.000000Z,661.01,661.8,660.84,661.79,661.41
2025-06-09T20:25:00.000000Z,661.8,662.75,661.79,662.27,1741.44
2025-06-09T20:30:00.000000Z,662.28,662.59,662.1,662.11,809.86
2025-06-09T20:35:00.000000Z,662.11,662.11,661.59,661.87,802.32
2025-06-09T20:40:00.000000Z,661.87,661.94,661.38,661.38,503.96
2025-06-09T20:45:00.000000Z,661.39,661.76,661.32,661.45,1305.06
2025-06-09T20:50:00.000000Z,661.45,661.56,661.38,661.51,396.41
2025-06-09T20:55:00.000000Z,661.5,662.0,661.37,661.55,806.76
2025-06-09T21:00:00.000000Z,661.54,662.5,661.51,662.46,1704.48
2025-06-09T21:05:00.000000Z,662.47,663.21,662.02,663.2,1371.74
2025-06-09T21:10:00.000000Z,663.2,663.61,662.77,663.01,2874.71
2025-06-09T21:15:00.000000Z,663.02,663.99,663.02,663.96,2069.44
2025-06-09T21:20:00.000000Z,663.96,664.41,663.94,664.24,2609.96
2025-06-09T21:25:00.000000Z,664.24,665.88,664.17,665.82,4246.91
2025-06-09T21:30:00.000000Z,665.81,666.12,664.76,664.77,4426.45
2025-06-09T21:35:00.000000Z,664.76,665.81,664.76,665.52,1227.71
2025-06-09T21:40:00.000000Z,665.53,665.83,664.4,664.4,1821.15
2025-06-09T21:45:00.000000Z,664.4,664.87,663.56,663.81,1520.63
2025-06-09T21:50:00.000000Z,663.81,666.24,663.81,664.83,5908.26
2025-06-09T21:55:00.000000Z,664.82,665.75,664.82,665.44,1041.98
2025-06-09T22:00:00.000000Z,665.45,666.99,665.45,666.75,2956.61
2025-06-09T22:05:00.000000Z,666.76,667.04,666.38,666.45,2533.98
2025-06-09T22:10:00.000000Z,666.44,666.45,665.6,666.25,1191.14
2025-06-09T22:15:00.000000Z,666.26,667.38,665.87,666.96,2301.25
2025-06-09T22:20:00.000000Z,666.95,667.4,666.6,667.36,1475.43
2025-06-09T22:25:00.000000Z,667.37,667.76,667.24,667.51,1505.07
2025-06-09T22:30:00.000000Z,667.51,667.68,667.26,667.5,1571.31
2025-06-09T22:35:00.000000Z,667.5,667.6,663.81,664.41,10014.3
2025-06-09T22:40:00.000000Z,664.43,665.74,664.21,665.47,2739.99
2025-06-09T22:45:00.000000Z,665.47,665.91,665.2,665.65,1487.63
2025-06-09T22:50:00.000000Z,665.64,665.76,665.26,665.76,865.64
2025-06-09T22:55:00.000000Z,665.75,666.39,665.66,666.19,1711.54
2025-06-09T23:00:00.000000Z,666.18,666.19,665.5,665.75,1704.9
2025-06-09T23:05:00.000000Z,665.74,665.91,665.36,665.5,1379.71
2025-06-09T23:10:00.000000Z,665.5,665.51,664.66,664.91,1190.85
2025-06-09T23:15:00.000000Z,664.91,664.92,664.47,664.88,1142.26
2025-06-09T23:20:00.000000Z,664.87,665.45,664.71,665.41,1217.11
2025-06-09T23:25:00.000000Z,665.41,665.41,664.5,664.68,856.09
2025-06-09T23:30:00.000000Z,664.69,664.76,664.23,664.7,1275.36
2025-06-09T23:35:00.000000Z,664.69,665.59,664.63,665.58,734.77
2025-06-09T23:40:00.000000Z,665.59,666.93,665.59,666.8,2345.54
2025-06-09T23:45:00.000000Z,666.85,666.93,665.9,666.14,1488.64
2025-06-09T23:50:00.000000Z,666.14,666.63,665.74,665.8,769.52
2025-06-09T23:55:00.000000Z,665.79,666.0,665.52,665.61,1366.25
2025-06-10T00:00:00.000000Z,665.61,667.67,665.61,667.55,6121.48
2025-06-10T00:05:00.000000Z,667.54,667.68,666.66,666.67,1993.86
2025-06-10T00:10:00.000000Z,666.67,667.2,666.67,666.98,1638.77
2025-06-10T00:15:00.000000Z,666.99,667.3,666.74,666.93,2138.33
2025-06-10T00:20:00.000000Z,666.91,667.94,666.4,667.9,3919.03
2025-06-10T00:25:00.000000Z,667.9,667.92,666.94,667.65,2275.67
2025-06-10T00:30:00.000000Z,667.65,668.01,666.73,666.75,2142.88
2025-06-10T00:35:00.000000Z,666.74,667.64,666.21,667.35,1256.5
2025-06-10T00:40:00.000000Z,667.35,667.35,666.3,666.62,926.02
2025-06-10T00:45:00.000000Z,666.63,666.66,665.86,666.05,2125.75
2025-06-10T00:50:00.000000Z,666.04,666.93,666.02,666.62,1229.56
2025-06-10T00:55:00.000000Z,666.63,667.06,666.12,667.06,2938.26
2025-06-10T01:00:00.000000Z,667.05,667.39,666.52,666.93,2144.89
2025-06-10T01:05:00.000000Z,666.93,667.05,666.29,666.91,1204.26
2025-06-10T01:10:00.000000Z,666.91,667.01,666.07,666.51,1814.76
2025-06-10T01:15:00.000000Z,666.5,666.68,666.09,666.22,1217.99
2025-06-10T01:20:00.000000Z,666.22,666.71,666.07,666.71,1107.24
2025-06-10T01:25:00.000000Z,666.7,666.71,666.04,666.08,664.17
2025-06-10T01:30:00.000000Z,666.09,666.66,666.03,666.59,720.16
2025-06-10T01:35:00.000000Z,666.58,666.71,666.22,666.44,478.5
2025-06-10T01:40:00.000000Z,666.43,666.44,666.15,666.22,346.53
2025-06-10T01:45:00.000000Z,666.22,666.6,666.19,666.22,1026.56
2025-06-10T01:50:00.000000Z,666.23,666.32,666.05,666.13,701.38
2025-06-10T01:55:00.000000Z,666.13,666.34,666.12,666.33,567.99
2025-06-10T02:00:00.000000Z,666.34,666.36,665.51,666.0,2899.71
2025-06-10T02:05:00.000000Z,665.99,666.07,664.61,664.61,2763.82
2025-06-10T02:10:00.000000Z,664.61,665.29,664.56,665.28,1009.39
2025-06-10T02:15:00.000000Z,665.28,665.35,664.61,664.65,836.73
2025-06-10T02:20:00.000000Z,664.66,665.38,664.63,665.3,785.17
2025-06-10T02:25:00.000000Z,665.29,665.49,665.2,665.48,646.57
2025-06-10T02:30:00.000000Z,665.48,665.52,664.92,665.29,584.98
2025-06-10T02:35:00.000000Z,665.29,665.57,665.28,665.36,539.75
2025-06-10T02:40:00.000000Z,665.37,665.44,664.9,665.09,465.98
2025-06-10T02:45:00.000000Z,665.09,665.34,665.04,665.19,441.01
2025-06-10T02:50:00.000000Z,665.2,665.47,665.14,665.41,455.69
2025-06-10T02:55:00.000000Z,665.42,665.64,665.34,665.61,345.94
2025-06-10T03:00:00.000000Z,665.61,665.92,664.95,664.96,1391.81
2025-06-10T03:05:00.000000Z,664.97,665.0,664.57,664.96,790.03
2025-06-10T03:10:00.000000Z,664.95,664.96,664.37,664.37,1059.72
2025-06-10T03:15:00.000000Z,664.38,664.59,664.0,664.38,1587.91
2025-06-10T03:20:00.000000Z,664.38,664.58,664.0,664.2,752.24
2025-06-10T03:25:00.000000Z,664.2,664.24,663.85,664.2,544.63
2025-06-10T03:30:00.000000Z,664.19,664.53,663.8,663.8,748.39
2025-06-10T03:35:00.000000Z,663.81,664.0,663.66,663.66,1081.51
2025-06-10T03:40:00.000000Z,663.67,664.01,663.42,663.85,1011.49
2025-06-10T03:45:00.000000Z,663.86,664.26,663.64,664.23,639.67
2025-06-10T03:50:00.000000Z,664.23,664.35,663.93,664.07,993.42
2025-06-10T03:55:00.000000Z,664.07,664.08,663.74,664.02,506.61
2025-06-10T04:00:00.000000Z,664.03,664.31,663.96,664.24,613.09
2025-06-10T04:05:00.000000Z,664.24,664.33,663.8,663.8,680.66
2025-06-10T04:10:00.000000Z,663.8,663.81,663.31,663.4,619.43
2025-06-10T04:15:00.000000Z,663.4,663.4,662.84,662.99,1843.18
2025-06-10T04:20:00.000000Z,662.99,663.17,662.82,663.17,820.07
2025-06-10T04:25:00.000000Z,663.16,663.36,663.02,663.31,418.22
2025-06-10T04:30:00.000000Z,663.31,663.81,663.25,663.81,663.64
2025-06-10T04:35:00.000000Z,663.8,663.92,663.73,663.91,672.17
2025-06-10T04:40:00.000000Z,663.92,664.37,663.91,664.18,893.76
2025-06-10T04:45:00.000000Z,664.18,664.2,663.63,663.8,704.56
2025-06-10T04:50:00.000000Z,663.78,664.19,663.77,664.18,323.91
2025-06-10T04:55:00.000000Z,664.18,664.22,663.74,663.75,446.74
2025-06-10T05:00:00.000000Z,663.74,663.76,663.42,663.42,445.05
2025-06-10T05:05:00.000000Z,663.43,663.64,663.07,663.37,1144.1
2025-06-10T05:10:00.000000Z,663.36,663.84,663.36,663.73,422.95
2025-06-10T05:15:00.000000Z,663.73,664.35,663.58,663.98,1041.46
2025-06-10T05:20:00.000000Z,663.98,664.08,662.53,662.61,1480.04
2025-06-10T05:25:00.000000Z,662.61,662.71,662.2,662.56,1259.66
2025-06-10T05:30:00.000000Z,662.56,662.71,661.71,661.73,2217.7
2025-06-10T05:35:00.000000Z,661.73,662.12,661.55,662.11,1383.51
2025-06-10T05:40:00.000000Z,662.12,662.5,662.0,662.37,878.78
2025-06-10T05:45:00.000000Z,662.37,662.58,661.78,661.99,1057.12
2025-06-10T05:50:00.000000Z,661.98,662.15,661.52,661.75,652.52
2025-06-10T05:55:00.000000Z,661.75,662.24,661.71,662.02,623.04
2025-06-10T06:00:00.000000Z,662.02,662.03,660.53,660.77,5534.64
2025-06-10T06:05:00.000000Z,660.77,660.8,659.82,660.46,8012.75
2025-06-10T06:10:00.000000Z,660.46,661.26,660.3,660.39,2096.86
2025-06-10T06:15:00.000000Z,660.39,661.18,660.39,661.17,994.19
2025-06-10T06:20:00.000000Z,661.17,661.49,661.08,661.37,583.81
2025-06-10T06:25:00.000000Z,661.37,661.98,661.25,661.86,848.06
2025-06-10T06:30:00.000000Z,661.86,662.34,661.6,661.61,1906.95
2025-06-10T06:35:00.000000Z,661.61,662.48,661.29,662.48,1850.81
2025-06-10T06:40:00.000000Z,662.48,662.81,662.36,662.58,1718.82
2025-06-10T06:45:00.000000Z,662.58,662.75,662.33,662.74,830.93
2025-06-10T06:50:00.000000Z,662.74,662.8,662.12,662.21,654.69
2025-06-10T06:55:00.000000Z,662.22,662.4,662.05,662.24,548.14
2025-06-10T07:00:00.000000Z,662.24,662.34,661.11,661.23,1934.04
2025-06-10T07:05:00.000000Z,661.23,661.37,660.76,660.84,1109.16
2025-06-10T07:10:00.000000Z,660.85,661.14,660.56,661.07,833.58
2025-06-10T07:15:00.000000Z,661.07,661.4,660.72,661.3,586.09
2025-06-10T07:20:00.000000Z,661.32,661.93,661.28,661.93,766.58
2025-06-10T07:25:00.000000Z,661.93,662.61,661.93,662.6,1309.71
2025-06-10T07:30:00.000000Z,662.6,662.69,661.59,661.71,766.18
2025-06-10T07:35:00.000000Z,661.7,661.71,661.1,661.35,1056.73
2025-06-10T07:40:00.000000Z,661.34,661.6,661.16,661.21,585.1
2025-06-10T07:45:00.000000Z,661.17,661.17,660.69,660.69,946.38
2025-06-10T07:50:00.000000Z,660.69,660.69,660.1,660.65,881.05
2025-06-10T07:55:00.000000Z,660.64,660.65,660.38,660.61,345.18
2025-06-10T08:00:00.000000Z,660.61,660.86,660.56,660.78,1555.26
2025-06-10T08:05:00.000000Z,660.78,661.4,660.77,661.33,1039.86
2025-06-10T08:10:00.000000Z,661.33,661.36,660.21,660.27,1257.85
2025-06-10T08:15:00.000000Z,660.27,660.46,658.84,659.0,4189.73
2025-06-10T08:20:00.000000Z,659.01,659.94,658.89,658.99,7312.85
2025-06-10T08:25:00.000000Z,659.0,659.02,657.69,657.89,5480.44
2025-06-10T08:30:00.000000Z,657.9,658.86,657.67,658.59,3022.42
2025-06-10T08:35:00.000000Z,658.6,658.84,658.32,658.64,2850.94
2025-06-10T08:40:00.000000Z,658.64,658.92,658.46,658.79,894.9
2025-06-10T08:45:00.000000Z,658.79,659.18,658.52,658.62,1066.76
2025-06-10T08:50:00.000000Z,658.62,658.62,657.3,657.57,4375.04
2025-06-10T08:55:00.000000Z,657.57,657.96,657.26,657.72,4878.87
2025-06-10T09:00:00.000000Z,657.72,657.72,656.77,657.12,5943.76
2025-06-10T09:05:00.000000Z,657.12,657.22,656.77,657.02,5337.85
2025-06-10T09:10:00.000000Z,657.02,658.32,657.01,658.32,1772.83
2025-06-10T09:15:00.000000Z,658.31,658.66,657.8,658.04,2044.68
2025-06-10T09:20:00.000000Z,658.04,659.0,657.92,658.95,922.04
2025-06-10T09:25:00.000000Z,658.94,659.06,658.58,658.8,887.39
2025-06-10T09:30:00.000000Z,658.8,659.62,658.76,659.54,2990.83
2025-06-10T09:35:00.000000Z,659.55,659.97,659.55,659.81,2447.1
2025-06-10T09:40:00.000000Z,659.81,659.81,658.97,659.07,1518.76
2025-06-10T09:45:00.000000Z,659.06,659.4,658.56,658.57,1032.19
2025-06-10T09:50:00.000000Z,658.57,661.0,658.46,660.9,3589.33
2025-06-10T09:55:00.000000Z,660.9,661.77,660.71,661.07,2714.72
2025-06-10T10:00:00.000000Z,661.07,661.07,659.41,659.44,2585.42
2025-06-10T10:05:00.000000Z,659.43,660.21,659.29,659.67,3553.77
2025-06-10T10:10:00.000000Z,659.67,660.43,659.42,660.26,1133.72
2025-06-10T10:15:00.000000Z,660.27,660.75,660.11,660.12,1057.64
2025-06-10T10:20:00.000000Z,660.12,660.12,659.6,659.77,1135.79
2025-06-10T10:25:00.000000Z,659.78,660.46,659.72,659.72,761.99
2025-06-10T10:30:00.000000Z,659.73,659.73,659.37,659.48,716.54
2025-06-10T10:35:00.000000Z,659.48,659.66,659.1,659.17,555.31
2025-06-10T10:40:00.000000Z,659.17,659.28,658.91,659.22,1273.38
2025-06-10T10:45:00.000000Z,659.21,659.56,658.8,659.52,1058.33
2025-06-10T10:50:00.000000Z,659.52,660.4,659.46,660.22,1812.09
2025-06-10T10:55:00.000000Z,660.22,660.42,660.06,660.41,517.71
2025-06-10T11:00:00.000000Z,660.41,660.41,659.63,659.64,803.32
2025-06-10T11:05:00.000000Z,659.63,659.64,658.47,659.24,3104.93
2025-06-10T11:10:00.000000Z,659.24,660.7,659.12,660.53,2664.72
2025-06-10T11:15:00.000000Z,660.53,662.3,660.5,662.1,5119.76
2025-06-10T11:20:00.000000Z,662.1,662.54,661.08,661.71,2421.65
2025-06-10T11:25:00.000000Z,661.72,663.08,661.57,662.92,5138.28
2025-06-10T11:30:00.000000Z,662.91,664.83,662.7,664.56,6481.29
2025-06-10T11:35:00.000000Z,664.56,664.9,664.01,664.81,2880.33
2025-06-10T11:40:00.000000Z,664.8,665.46,664.11,664.45,4654.6
2025-06-10T11:45:00.000000Z,664.43,665.03,663.46,663.79,4893.88
2025-06-10T11:50:00.000000Z,663.78,664.82,663.4,664.52,1941.12
2025-06-10T11:55:00.000000Z,664.52,664.98,664.33,664.92,1588.43
2025-06-10T12:00:00.000000Z,664.91,665.4,664.7,664.93,2502.91
2025-06-10T12:05:00.000000Z,664.92,664.92,663.51,663.62,3106.34
2025-06-10T12:10:00.000000Z,663.65,664.09,663.1,664.02,1444.69
2025-06-10T12:15:00.000000Z,664.02,665.51,663.56,665.43,1666.15
2025-06-10T12:20:00.000000Z,665.44,665.76,665.12,665.56,3388.69
2025-06-10T12:25:00.000000Z,665.56,665.58,664.92,665.23,2458.57
2025-06-10T12:30:00.000000Z,665.24,665.7,665.23,665.51,1155.19
2025-06-10T12:35:00.000000Z,665.52,665.6,664.54,664.78,1977.16
2025-06-10T12:40:00.000000Z,664.77,666.59,664.43,666.19,3271.32
2025-06-10T12:45:00.000000Z,666.19,666.8,666.05,666.46,2902.24
2025-06-10T12:50:00.000000Z,666.46,666.68,665.8,666.67,1651.67
2025-06-10T12:55:00.000000Z,666.67,667.06,666.51,666.94,2007.4
2025-06-10T13:00:00.000000Z,666.94,666.95,666.3,666.58,1629.84
2025-06-10T13:05:00.000000Z,666.58,666.8,666.28,666.28,970.24
2025-06-10T13:10:00.000000Z,666.28,667.45,666.27,667.31,3171.49
2025-06-10T13:15:00.000000Z,667.3,667.3,666.45,666.87,2124.25
2025-06-10T13:20:00.000000Z,666.84,667.34,666.38,666.82,2173.92
2025-06-10T13:25:00.000000Z,666.81,666.81,665.71,665.82,2033.27
2025-06-10T13:30:00.000000Z,665.82,665.98,663.3,663.8,4838.78
2025-06-10T13:35:00.000000Z,663.81,664.25,662.72,663.8,7869.32
2025-06-10T13:40:00.000000Z,663.81,664.0,661.76,662.05,2650.32
2025-06-10T13:45:00.000000Z,662.04,662.81,661.32,662.65,5014.25
2025-06-10T13:50:00.000000Z,662.65,663.19,662.14,662.58,3220.51
2025-06-10T13:55:00.000000Z,662.58,663.6,662.36,663.43,1806.12
2025-06-10T14:00:00.000000Z,663.44,663.64,661.49,661.87,3761.01
2025-06-10T14:05:00.000000Z,661.88,662.11,660.67,661.15,2281.41
2025-06-10T14:10:00.000000Z,661.15,662.99,661.14,662.41,1202.94
2025-06-10T14:15:00.000000Z,662.4,662.4,661.4,661.64,1146.61
2025-06-10T14:20:00.000000Z,661.63,662.18,661.16,662.18,897.27
2025-06-10T14:25:00.000000Z,662.17,662.34,660.62,661.19,1227.17
2025-06-10T14:30:00.000000Z,661.19,661.39,660.12,660.38,2360.3
2025-06-10T14:35:00.000000Z,660.38,660.86,660.15,660.16,2565.18
2025-06-10T14:40:00.000000Z,660.16,660.32,658.71,658.99,7572.64
2025-06-10T14:45:00.000000Z,658.99,659.51,658.45,659.4,8091.69
2025-06-10T14:50:00.000000Z,659.41,659.75,658.41,659.26,2870.6
2025-06-10T14:55:00.000000Z,659.31,659.6,658.78,659.25,2007.11
2025-06-10T15:00:00.000000Z,659.25,659.48,658.66,659.31,1925.8
2025-06-10T15:05:00.000000Z,659.32,660.75,659.25,660.49,2308.2
2025-06-10T15:10:00.000000Z,660.45,661.64,660.26,661.55,2562.51
2025-06-10T15:15:00.000000Z,661.56,662.13,661.05,661.31,2303.87
2025-06-10T15:20:00.000000Z,661.29,661.82,661.15,661.32,934.92
2025-06-10T15:25:00.000000Z,661.31,661.76,661.17,661.26,975.44
2025-06-10T15:30:00.000000Z,661.24,661.24,657.88,658.44,7008.22
2025-06-10T15:35:00.000000Z,658.43,659.14,658.43,658.89,2779.4
2025-06-10T15:40:00.000000Z,658.87,659.58,658.76,659.57,1511.47
2025-06-10T15:45:00.000000Z,659.57,660.42,659.42,659.77,1298.55
2025-06-10T15:50:00.000000Z,659.77,660.72,659.74,660.59,1000.11
2025-06-10T15:55:00.000000Z,660.59,660.97,660.42,660.96,846.87
2025-06-10T16:00:00.000000Z,660.97,661.92,660.81,661.84,1738.44
2025-06-10T16:05:00.000000Z,661.85,662.09,661.4,661.84,2269.13
2025-06-10T16:10:00.000000Z,661.85,662.5,661.7,662.49,1322.5
2025-06-10T16:15:00.000000Z,662.5,662.78,662.21,662.48,1063.05
2025-06-10T16:20:00.000000Z,662.48,662.56,661.29,661.39,1384.37
2025-06-10T16:25:00.000000Z,661.4,662.18,660.88,662.16,884.32
2025-06-10T16:30:00.000000Z,662.17,662.19,661.84,662.11,764.22
2025-06-10T16:35:00.000000Z,662.11,662.11,660.88,661.0,969.99
2025-06-10T16:40:00.000000Z,661.0,663.34,661.0,662.49,3336.65
2025-06-10T16:45:00.000000Z,662.5,663.38,662.3,663.18,1814.08
2025-06-10T16:50:00.000000Z,663.18,663.6,662.52,663.0,2690.68
2025-06-10T16:55:00.000000Z,663.0,664.64,662.78,663.62,3711.71
2025-06-10T17:00:00.000000Z,663.62,664.4,663.2,664.4,1964.16
2025-06-10T17:05:00.000000Z,664.4,664.84,664.21,664.74,1590.93
2025-06-10T17:10:00.000000Z,664.75,664.83,664.48,664.72,1114.16
2025-06-10T17:15:00.000000Z,664.73,665.89,664.72,665.28,3002.42
2025-06-10T17:20:00.000000Z,665.29,665.42,664.75,664.94,809.1
2025-06-10T17:25:00.000000Z,664.94,665.13,664.48,664.49,859.19
2025-06-10T17:30:00.000000Z,664.49,664.96,663.77,664.74,2346.29
2025-06-10T17:35:00.000000Z,664.74,665.08,663.6,663.81,1028.96
2025-06-10T17:40:00.000000Z,663.81,664.25,663.58,664.25,469.88
2025-06-10T17:45:00.000000Z,664.24,664.38,663.71,664.08,614.63
2025-06-10T17:50:00.000000Z,664.09,664.48,663.57,664.47,912.67
2025-06-10T17:55:00.000000Z,664.47,664.5,663.86,664.22,427.56
2025-06-10T18:00:00.000000Z,664.22,664.3,663.33,663.69,1108.02
2025-06-10T18:05:00.000000Z,663.7,664.32,663.5,663.72,602.18
2025-06-10T18:10:00.000000Z,663.72,663.76,663.24,663.25,714.52
2025-06-10T18:15:00.000000Z,663.25,664.04,663.25,664.04,381.25
2025-06-10T18:20:00.000000Z,664.03,664.18,663.82,663.86,293.1
2025-06-10T18:25:00.000000Z,663.87,664.16,663.64,664.04,323.1
2025-06-10T18:30:00.000000Z,664.04,664.06,663.41,663.55,432.97
2025-06-10T18:35:00.000000Z,663.55,664.11,663.55,664.01,942.86
2025-06-10T18:40:00.000000Z,664.01,665.22,664.0,665.05,1289.21
2025-06-10T18:45:00.000000Z,665.05,665.96,664.98,665.79,1786.35
2025-06-10T18:50:00.000000Z,665.79,666.58,665.65,666.46,2828.33
2025-06-10T18:55:00.000000Z,666.46,666.98,666.14,666.58,2680.05
2025-06-10T19:00:00.000000Z,666.57,667.24,666.57,667.16,1409.95
2025-06-10T19:05:00.000000Z,667.16,667.66,667.15,667.34,1417.55
2025-06-10T19:10:00.000000Z,667.35,667.41,666.71,667.09,1264.86
2025-06-10T19:15:00.000000Z,667.09,667.23,666.66,666.99,1017.34
2025-06-10T19:20:00.000000Z,666.99,667.5,666.9,667.5,915.93
2025-06-10T19:25:00.000000Z,667.49,667.99,667.42,667.77,1807.89
2025-06-10T19:30:00.000000Z,667.78,668.3,667.7,668.13,1897.18
2025-06-10T19:35:00.000000Z,668.13,669.07,668.12,669.03,4225.93
2025-06-10T19:40:00.000000Z,669.03,669.09,668.19,668.43,2021.81
2025-06-10T19:45:00.000000Z,668.42,668.42,667.11,667.5,2478.5
2025-06-10T19:50:00.000000Z,667.5,667.9,666.51,667.12,2237.95
2025-06-10T19:55:00.000000Z,667.12,667.59,666.46,667.34,898.68
2025-06-10T20:00:00.000000Z,667.34,668.5,667.25,668.07,7846.63
2025-06-10T20:05:00.000000Z,668.08,669.45,668.08,669.37,7157.51
2025-06-10T20:10:00.000000Z,669.37,669.42,667.96,668.09,3197.14
2025-06-10T20:15:00.000000Z,668.1,668.34,667.37,667.88,1350.68
2025-06-10T20:20:00.000000Z,667.88,669.11,667.88,668.88,1376.63
2025-06-10T20:25:00.000000Z,668.87,669.04,668.62,668.63,776.4
2025-06-10T20:30:00.000000Z,668.63,669.03,668.62,669.03,492.6
2025-06-10T20:35:00.000000Z,669.02,669.24,668.79,669.05,523.49
2025-06-10T20:40:00.000000Z,669.04,669.77,669.02,669.62,1400.21
2025-06-10T20:45:00.000000Z,669.63,669.81,669.48,669.65,817.12
2025-06-10T20:50:00.000000Z,669.65,669.79,669.61,669.66,450.93
2025-06-10T20:55:00.000000Z,669.66,670.46,669.66,670.0,2960.98
2025-06-10T21:00:00.000000Z,670.0,671.82,670.0,671.66,7327.81
2025-06-10T21:05:00.000000Z,671.66,672.0,670.55,671.89,8656.73
2025-06-10T21:10:00.000000Z,671.88,672.0,670.74,670.74,3176.06
2025-06-10T21:15:00.000000Z,670.74,670.74,669.07,670.08,3215.18
2025-06-10T21:20:00.000000Z,670.08,671.18,669.84,671.11,1388.81
2025-06-10T21:25:00.000000Z,671.1,671.86,670.56,671.86,2586.58
2025-06-10T21:30:00.000000Z,671.85,671.89,669.26,669.94,8090.5
2025-06-10T21:35:00.000000Z,669.94,670.36,669.0,669.6,1296.09
2025-06-10T21:40:00.000000Z,669.6,669.86,669.15,669.74,809.43
2025-06-10T21:45:00.000000Z,669.75,669.8,669.28,669.7,703.97
2025-06-10T21:50:00.000000Z,669.7,669.7,668.58,668.59,614.02
2025-06-10T21:55:00.000000Z,668.6,669.16,668.5,669.13,689.37
2025-06-10T22:00:00.000000Z,669.14,671.77,669.01,671.72,4337.4
2025-06-10T22:05:00.000000Z,671.72,673.45,671.66,673.39,16775.08
2025-06-10T22:10:00.000000Z,673.39,673.71,671.27,671.77,5316.22
2025-06-10T22:15:00.000000Z,671.76,672.32,671.2,671.32,2854.54
2025-06-10T22:20:00.000000Z,671.32,672.45,671.18,672.23,3797.53
2025-06-10T22:25:00.000000Z,672.23,673.14,672.06,672.51,4940.59
2025-06-10T22:30:00.000000Z,672.51,672.94,672.08,672.39,2698.54
2025-06-10T22:35:00.000000Z,672.38,672.54,670.56,670.56,1561.73
2025-06-10T22:40:00.000000Z,670.56,670.91,670.33,670.56,900.11
2025-06-10T22:45:00.000000Z,670.56,670.74,670.11,670.32,1152.02
2025-06-10T22:50:00.000000Z,670.33,670.33,669.38,670.2,1158.39
2025-06-10T22:55:00.000000Z,670.2,670.74,670.07,670.08,1362.19
2025-06-10T23:00:00.000000Z,670.08,672.58,670.08,672.57,4893.38
2025-06-10T23:05:00.000000Z,672.58,672.72,671.04,671.6,6834.87
2025-06-10T23:10:00.000000Z,671.62,672.35,671.0,671.0,1038.86
2025-06-10T23:15:00.000000Z,671.0,671.66,670.97,671.35,699.38
2025-06-10T23:20:00.000000Z,671.34,674.59,670.7,673.11,14204.12
2025-06-10T23:25:00.000000Z,673.12,674.04,673.12,673.61,1485.5
2025-06-10T23:30:00.000000Z,673.61,673.78,672.84,673.58,1451.97
2025-06-10T23:35:00.000000Z,673.57,673.98,673.24,673.72,1312.19
2025-06-10T23:40:00.000000Z,673.72,674.04,673.52,673.67,1532.84
2025-06-10T23:45:00.000000Z,673.67,673.92,673.42,673.61,1020.79
2025-06-10T23:50:00.000000Z,673.62,673.95,673.37,673.62,845.25
2025-06-10T23:55:00.000000Z,673.63,674.0,673.58,673.66,717.57
2025-06-11T00:00:00.000000Z,673.67,674.18,673.27,674.17,3507.42
2025-06-11T00:05:00.000000Z,674.17,674.43,673.68,673.68,1592.46
2025-06-11T00:10:00.000000Z,673.69,674.22,667.95,671.65,16200.08
2025-06-11T00:15:00.000000Z,671.65,672.61,671.27,671.42,2890.84
2025-06-11T00:20:00.000000Z,671.42,671.57,670.9,671.21,1526.26
2025-06-11T00:25:00.000000Z,671.22,673.88,670.84,672.38,8508.69
2025-06-11T00:30:00.000000Z,672.37,673.11,672.06,672.77,3513.47
2025-06-11T00:35:00.000000Z,672.76,673.69,672.62,673.03,1752.83
2025-06-11T00:40:00.000000Z,673.02,673.02,672.1,672.13,1064.54
2025-06-11T00:45:00.000000Z,672.12,672.26,671.68,672.0,891.71
2025-06-11T00:50:00.000000Z,672.0,672.5,671.11,671.27,2029.34
2025-06-11T00:55:00.000000Z,671.26,671.33,670.78,671.04,875.84
2025-06-11T01:00:00.000000Z,671.04,671.77,670.83,671.58,2050.82
2025-06-11T01:05:00.000000Z,671.58,671.59,669.68,669.93,3120.22
2025-06-11T01:10:00.000000Z,669.93,670.47,669.42,670.38,2717.72
2025-06-11T01:15:00.000000Z,670.38,670.44,669.16,669.44,1707.28
2025-06-11T01:20:00.000000Z,669.43,669.44,668.68,668.99,2073.89
2025-06-11T01:25:00.000000Z,669.0,669.37,668.45,669.18,1821.27
2025-06-11T01:30:00.000000Z,669.17,669.38,668.74,668.79,939.19
2025-06-11T01:35:00.000000Z,668.79,669.05,668.55,668.88,896.97
2025-06-11T01:40:00.000000Z,668.87,669.28,668.68,669.26,588.09
2025-06-11T01:45:00.000000Z,669.25,669.44,668.9,669.04,550.68
2025-06-11T01:50:00.000000Z,669.04,669.33,668.65,668.82,1808.94
2025-06-11T01:55:00.000000Z,668.82,669.09,668.52,669.06,1377.79
2025-06-11T02:00:00.000000Z,669.06,669.89,668.99,669.38,1400.43
2025-06-11T02:05:00.000000Z,669.38,670.47,669.38,670.2,1608.47
2025-06-11T02:10:00.000000Z,670.21,670.21,669.66,669.84,744.17
2025-06-11T02:15:00.000000Z,669.84,670.05,668.92,669.13,562.48
2025-06-11T02:20:00.000000Z,669.13,669.2,668.9,669.05,448.23
2025-06-11T02:25:00.000000Z,669.05,669.54,669.02,669.42,601.94
2025-06-11T02:30:00.000000Z,669.41,670.08,669.41,669.8,579.49
2025-06-11T02:35:00.000000Z,669.79,669.96,669.2,669.21,479.13
2025-06-11T02:40:00.000000Z,669.21,669.64,669.09,669.13,551.69
2025-06-11T02:45:00.000000Z,669.13,669.13,668.43,668.44,631.61
2025-06-11T02:50:00.000000Z,668.44,668.87,668.38,668.87,708.71
2025-06-11T02:55:00.000000Z,668.86,669.22,668.86,669.15,394.28
2025-06-11T03:00:00.000000Z,669.15,669.48,669.08,669.11,528.93
2025-06-11T03:05:00.000000Z,669.1,670.46,669.1,670.43,1002.69
2025-06-11T03:10:00.000000Z,670.42,670.47,670.12,670.23,632.71
2025-06-11T03:15:00.000000Z,670.22,670.35,669.71,670.35,938.91
2025-06-11T03:20:00.000000Z,670.35,670.99,670.25,670.78,819.37
2025-06-11T03:25:00.000000Z,670.78,670.92,670.08,670.25,1381.77
2025-06-11T03:30:00.000000Z,670.25,670.55,670.24,670.52,425.35
2025-06-11T03:35:00.000000Z,670.52,670.52,669.84,669.88,2103.81
2025-06-11T03:40:00.000000Z,669.88,670.27,669.87,670.24,403.3
2025-06-11T03:45:00.000000Z,670.23,670.81,670.17,670.68,1074.59
2025-06-11T03:50:00.000000Z,670.67,670.92,670.54,670.58,873.19
2025-06-11T03:55:00.000000Z,670.58,670.8,670.46,670.72,470.46
2025-06-11T04:00:00.000000Z,670.73,670.73,670.26,670.31,647.76
2025-06-11T04:05:00.000000Z,670.31,670.31,669.43,669.93,884.41
2025-06-11T04:10:00.000000Z,669.93,669.93,669.28,669.29,541.6
2025-06-11T04:15:00.000000Z,669.28,669.42,668.83,669.25,906.87
2025-06-11T04:20:00.000000Z,669.25,669.43,669.11,669.22,478.64
2025-06-11T04:25:00.000000Z,669.21,669.55,668.88,669.55,438.55
2025-06-11T04:30:00.000000Z,669.55,670.2,669.44,670.11,586.87
2025-06-11T04:35:00.000000Z,670.11,670.19,669.4,669.63,699.28
2025-06-11T04:40:00.000000Z,669.63,669.87,669.38,669.44,478.48
2025-06-11T04:45:00.000000Z,669.45,669.75,669.21,669.7,346.1
2025-06-11T04:50:00.000000Z,669.7,669.73,669.42,669.54,314.96
2025-06-11T04:55:00.000000Z,669.55,669.72,669.37,669.45,453.39
2025-06-11T05:00:00.000000Z,669.46,669.55,669.0,669.25,528.87
2025-06-11T05:05:00.000000Z,669.26,669.26,668.61,668.7,733.01
2025-06-11T05:10:00.000000Z,668.7,669.31,668.69,669.0,925.32
2025-06-11T05:15:00.000000Z,669.01,669.01,668.71,668.71,374.77
2025-06-11T05:20:00.000000Z,668.72,669.28,668.61,669.27,860.41
2025-06-11T05:25:00.000000Z,669.28,669.79,669.28,669.7,421.28
2025-06-11T05:30:00.000000Z,669.69,669.76,669.14,669.14,398.23
2025-06-11T05:35:00.000000Z,669.14,669.42,669.14,669.27,304.92
2025-06-11T05:40:00.000000Z,669.26,669.52,669.13,669.48,184.0
2025-06-11T05:45:00.000000Z,669.48,669.48,668.98,669.37,301.97
2025-06-11T05:50:00.000000Z,669.38,669.55,669.34,669.48,226.5
2025-06-11T05:55:00.000000Z,669.48,669.58,669.3,669.32,382.23
2025-06-11T06:00:00.000000Z,669.32,669.87,669.16,669.75,1157.13
2025-06-11T06:05:00.000000Z,669.75,669.94,669.5,669.93,464.38
2025-06-11T06:10:00.000000Z,669.93,670.6,669.93,670.53,1090.42
2025-06-11T06:15:00.000000Z,670.53,670.6,669.6,669.7,789.84
2025-06-11T06:20:00.000000Z,669.7,670.64,669.7,670.35,577.91
2025-06-11T06:25:00.000000Z,670.35,672.38,669.64,671.39,6421.5
2025-06-11T06:30:00.000000Z,671.39,671.59,670.39,670.84,1988.25
2025-06-11T06:35:00.000000Z,670.83,671.32,670.83,671.05,720.45
2025-06-11T06:40:00.000000Z,671.06,671.5,671.05,671.47,925.78
2025-06-11T06:45:00.000000Z,671.48,671.6,671.03,671.15,823.43
2025-06-11T06:50:00.000000Z,671.15,671.81,671.14,671.56,2417.97
2025-06-11T06:55:00.000000Z,671.56,672.23,671.52,671.99,1392.06
2025-06-11T07:00:00.000000Z,672.0,672.08,670.94,671.09,3486.69
2025-06-11T07:05:00.000000Z,671.1,671.35,668.69,668.96,12161.76
2025-06-11T07:10:00.000000Z,668.96,670.52,668.85,670.08,3837.28
2025-06-11T07:15:00.000000Z,670.08,670.3,669.23,669.45,2568.73
2025-06-11T07:20:00.000000Z,669.46,669.88,669.46,669.87,1583.11
2025-06-11T07:25:00.000000Z,669.87,669.87,669.08,669.36,1676.56
2025-06-11T07:30:00.000000Z,669.36,669.42,668.57,669.11,2553.44
2025-06-11T07:35:00.000000Z,669.11,669.96,669.11,669.9,1460.49
2025-06-11T07:40:00.000000Z,669.89,669.94,669.59,669.79,751.86
2025-06-11T07:45:00.000000Z,669.79,669.96,669.5,669.96,837.13
2025-06-11T07:50:00.000000Z,669.95,669.96,669.53,669.93,867.81
2025-06-11T07:55:00.000000Z,669.93,670.1,669.93,670.08,485.32
2025-06-11T08:00:00.000000Z,670.07,670.72,669.97,670.65,1561.12
2025-06-11T08:05:00.000000Z,670.64,671.06,670.43,670.86,1473.21
2025-06-11T08:10:00.000000Z,670.87,671.1,670.56,671.1,1225.45
2025-06-11T08:15:00.000000Z,671.1,671.15,670.26,670.31,1410.33
2025-06-11T08:20:00.000000Z,670.32,670.95,670.26,670.86,1115.29
2025-06-11T08:25:00.000000Z,670.87,671.05,670.81,670.86,648.31
2025-06-11T08:30:00.000000Z,670.87,672.3,670.86,672.16,2196.23
2025-06-11T08:35:00.000000Z,672.17,672.36,671.73,672.03,1584.18
2025-06-11T08:40:00.000000Z,672.04,672.2,671.64,671.72,1650.94
2025-06-11T08:45:00.000000Z,671.72,671.72,671.07,671.24,1057.62
2025-06-11T08:50:00.000000Z,671.23,671.58,670.91,671.56,1058.5
2025-06-11T08:55:00.000000Z,671.56,671.57,671.14,671.48,999.36
2025-06-11T09:00:00.000000Z,671.47,671.56,670.78,671.08,3715.44
2025-06-11T09:05:00.000000Z,671.07,671.28,670.72,671.22,1621.05
2025-06-11T09:10:00.000000Z,671.22,671.46,670.98,671.37,1311.7
2025-06-11T09:15:00.000000Z,671.36,671.9,671.16,671.26,1047.06
2025-06-11T09:20:00.000000Z,671.25,671.74,671.0,671.59,1921.14
2025-06-11T09:25:00.000000Z,671.59,671.78,671.4,671.75,1727.01
2025-06-11T09:30:00.000000Z,671.75,671.88,671.35,671.45,1265.17
2025-06-11T09:35:00.000000Z,671.46,671.55,671.1,671.3,1873.71
2025-06-11T09:40:00.000000Z,671.31,671.43,671.09,671.23,2166.53
2025-06-11T09:45:00.000000Z,671.22,671.34,670.53,670.9,2646.56
2025-06-11T09:50:00.000000Z,670.89,671.26,670.03,670.26,5060.56
2025-06-11T09:55:00.000000Z,670.26,670.43,669.66,670.06,3444.88
2025-06-11T10:00:00.000000Z,670.05,670.37,669.24,669.42,4619.89
2025-06-11T10:05:00.000000Z,669.41,669.76,668.77,669.43,6838.3
2025-06-11T10:10:00.000000Z,669.42,669.43,668.81,669.09,3042.64
2025-06-11T10:15:00.000000Z,669.09,669.24,668.73,668.79,1700.53
2025-06-11T10:20:00.000000Z,668.79,669.44,668.68,668.85,1942.87
2025-06-11T10:25:00.000000Z,668.86,669.1,668.82,668.99,863.96
2025-06-11T10:30:00.000000Z,668.99,669.39,668.99,669.11,1349.15
2025-06-11T10:35:00.000000Z,669.1,669.16,668.71,668.72,1374.68
2025-06-11T10:40:00.000000Z,668.71,668.72,667.68,668.07,3189.82
2025-06-11T10:45:00.000000Z,668.08,668.52,667.88,668.42,2108.76
2025-06-11T10:50:00.000000Z,668.42,668.43,667.75,667.88,979.09
2025-06-11T10:55:00.000000Z,667.88,668.22,667.71,668.21,1125.11
2025-06-11T11:00:00.000000Z,668.21,668.27,666.5,666.59,4345.03
2025-06-11T11:05:00.000000Z,666.6,667.16,666.5,666.7,1420.97
2025-06-11T11:10:00.000000Z,666.7,667.29,666.59,666.85,922.47
2025-06-11T11:15:00.000000Z,666.85,666.97,666.03,666.52,2011.27
2025-06-11T11:20:00.000000Z,666.51,667.85,666.36,666.7,3456.07
2025-06-11T11:25:00.000000Z,666.69,666.93,666.48,666.74,735.26
2025-06-11T11:30:00.000000Z,666.74,667.47,666.73,666.84,1235.39
2025-06-11T11:35:00.000000Z,666.83,667.02,666.02,666.24,1066.37
2025-06-11T11:40:00.000000Z,666.24,666.6,666.12,666.33,1533.86
2025-06-11T11:45:00.000000Z,666.33,666.48,666.14,666.29,927.16
2025-06-11T11:50:00.000000Z,666.28,666.81,666.28,666.57,1237.19
2025-06-11T11:55:00.000000Z,666.58,667.44,666.58,667.39,1728.61
2025-06-11T12:00:00.000000Z,667.39,667.48,666.2,667.14,3303.06
2025-06-11T12:05:00.000000Z,667.14,667.43,666.38,666.84,2323.33
2025-06-11T12:10:00.000000Z,666.83,667.92,666.83,667.16,3620.68
2025-06-11T12:15:00.000000Z,667.16,667.4,666.27,666.3,1380.03
2025-06-11T12:20:00.000000Z,666.3,666.51,665.71,666.02,2754.11
2025-06-11T12:25:00.000000Z,666.02,666.96,665.98,666.94,1071.82
2025-06-11T12:30:00.000000Z,666.95,669.66,666.95,669.27,7029.27
2025-06-11T12:35:00.000000Z,669.27,669.41,668.4,668.66,1966.05
2025-06-11T12:40:00.000000Z,668.66,670.0,668.49,669.74,3106.63
2025-06-11T12:45:00.000000Z,669.74,669.81,668.73,669.01,3572.13
2025-06-11T12:50:00.000000Z,669.01,669.23,668.36,668.62,1278.79
2025-06-11T12:55:00.000000Z,668.61,668.97,668.45,668.8,989.73
2025-06-11T13:00:00.000000Z,668.81,668.93,668.17,668.78,1492.93
2025-06-11T13:05:00.000000Z,668.78,669.46,668.62,669.38,1217.07
2025-06-11T13:10:00.000000Z,669.38,669.48,668.86,668.89,908.64
2025-06-11T13:15:00.000000Z,668.9,669.86,668.81,669.68,2511.81
2025-06-11T13:20:00.000000Z,669.68,670.0,669.55,669.69,1708.05
2025-06-11T13:25:00.000000Z,669.69,670.0,669.62,669.87,1029.69
2025-06-11T13:30:00.000000Z,669.88,669.94,667.14,667.82,4402.24
2025-06-11T13:35:00.000000Z,667.81,669.46,667.69,669.27,1523.76
2025-06-11T13:40:00.000000Z,669.27,669.36,668.71,668.93,1336.59
2025-06-11T13:45:00.000000Z,668.92,669.0,667.48,668.8,1553.77
2025-06-11T13:50:00.000000Z,668.79,668.93,668.57,668.62,737.58
2025-06-11T13:55:00.000000Z,668.62,668.83,668.04,668.71,491.09
2025-06-11T14:00:00.000000Z,668.72,669.33,668.16,668.16,1083.36
2025-06-11T14:05:00.000000Z,668.17,669.15,668.17,668.95,1330.46
2025-06-11T14:10:00.000000Z,668.94,669.43,668.54,669.42,750.52
2025-06-11T14:15:00.000000Z,669.42,670.11,669.26,670.07,4306.29
2025-06-11T14:20:00.000000Z,670.08,670.6,669.74,670.51,2661.77
2025-06-11T14:25:00.000000Z,670.51,671.0,670.3,671.0,1762.49
2025-06-11T14:30:00.000000Z,671.0,672.36,670.88,672.2,5304.07
2025-06-11T14:35:00.000000Z,672.2,672.21,670.21,671.13,3772.63
2025-06-11T14:40:00.000000Z,671.12,671.42,670.27,671.37,3379.64
2025-06-11T14:45:00.000000Z,671.38,671.67,670.93,670.97,1568.61
2025-06-11T14:50:00.000000Z,670.96,671.09,670.49,670.87,789.95
2025-06-11T14:55:00.000000Z,670.88,670.96,670.53,670.81,793.55
2025-06-11T15:00:00.000000Z,670.84,672.18,670.66,672.06,1847.91
2025-06-11T15:05:00.000000Z,672.06,672.07,670.59,670.59,1258.99
2025-06-11T15:10:00.000000Z,670.58,670.82,670.03,670.37,1466.43
2025-06-11T15:15:00.000000Z,670.37,670.9,670.37,670.68,768.46
2025-06-11T15:20:00.000000Z,670.68,671.85,669.2,669.61,6623.54
2025-06-11T15:25:00.000000Z,669.61,669.61,667.85,669.15,4693.34
2025-06-11T15:30:00.000000Z,669.16,670.36,669.15,669.79,2602.6
2025-06-11T15:35:00.000000Z,669.78,670.67,669.72,670.44,1349.99
2025-06-11T15:40:00.000000Z,670.44,670.48,669.03,669.06,1674.1
2025-06-11T15:45:00.000000Z,669.07,670.05,669.07,669.6,794.68
2025-06-11T15:50:00.000000Z,669.61,670.12,669.46,670.01,691.0
2025-06-11T15:55:00.000000Z,670.0,670.01,669.04,669.59,926.11
2025-06-11T16:00:00.000000Z,669.59,669.79,668.88,669.03,1025.16
2025-06-11T16:05:00.000000Z,669.03,669.21,667.5,668.05,4822.1
2025-06-11T16:10:00.000000Z,668.05,668.05,667.0,667.75,3757.67
2025-06-11T16:15:00.000000Z,667.76,668.07,667.55,667.86,1086.29
2025-06-11T16:20:00.000000Z,667.87,669.69,667.4,669.66,3407.84
2025-06-11T16:25:00.000000Z,669.67,669.78,668.17,668.97,3094.25
2025-06-11T16:30:00.000000Z,668.97,669.13,668.06,668.18,952.55
2025-06-11T16:35:00.000000Z,668.19,668.31,667.53,667.81,1008.23
2025-06-11T16:40:00.000000Z,667.81,668.3,667.71,668.08,817.24
2025-06-11T16:45:00.000000Z,668.09,668.5,667.57,668.46,654.86
2025-06-11T16:50:00.000000Z,668.46,669.1,668.45,668.99,695.59
2025-06-11T16:55:00.000000Z,669.0,669.05,668.21,668.39,584.02
2025-06-11T17:00:00.000000Z,668.4,668.51,668.12,668.12,1102.04
2025-06-11T17:05:00.000000Z,668.13,668.46,667.46,668.33,861.89
2025-06-11T17:10:00.000000Z,668.32,668.32,667.9,668.03,480.14
2025-06-11T17:15:00.000000Z,668.03,668.31,667.7,668.02,661.71
2025-06-11T17:20:00.000000Z,668.02,668.99,667.74,668.99,425.22
2025-06-11T17:25:00.000000Z,668.99,669.31,668.78,669.18,1085.62
2025-06-11T17:30:00.000000Z,669.18,669.3,668.34,668.44,540.98
2025-06-11T17:35:00.000000Z,668.44,668.59,668.01,668.35,527.01
2025-06-11T17:40:00.000000Z,668.35,668.89,667.9,668.19,936.24
2025-06-11T17:45:00.000000Z,668.18,668.19,667.14,667.38,1852.53
2025-06-11T17:50:00.000000Z,667.39,667.39,666.0,666.68,4638.61
2025-06-11T17:55:00.000000Z,666.68,666.83,666.25,666.43,1306.99
2025-06-11T18:00:00.000000Z,666.43,666.81,665.66,665.97,2529.68
2025-06-11T18:05:00.000000Z,665.95,667.27,665.76,667.14,1446.69
2025-06-11T18:10:00.000000Z,667.13,667.14,665.93,665.99,1587.45
2025-06-11T18:15:00.000000Z,665.99,666.49,665.17,666.49,4183.63
2025-06-11T18:20:00.000000Z,666.49,667.4,666.42,667.1,2325.72
2025-06-11T18:25:00.000000Z,667.1,667.99,667.02,667.63,3877.61
2025-06-11T18:30:00.000000Z,667.63,668.04,666.66,667.8,1841.0
2025-06-11T18:35:00.000000Z,667.79,668.26,667.52,668.11,566.96
2025-06-11T18:40:00.000000Z,668.12,668.33,667.88,668.05,558.38
2025-06-11T18:45:00.000000Z,668.06,668.32,667.88,668.08,682.43
2025-06-11T18:50:00.000000Z,668.09,668.17,667.79,667.82,498.77
2025-06-11T18:55:00.000000Z,667.83,667.84,667.33,667.38,546.24
2025-06-11T19:00:00.000000Z,667.39,667.57,666.52,666.68,958.49
2025-06-11T19:05:00.000000Z,666.68,666.75,665.22,666.72,3819.18
2025-06-11T19:10:00.000000Z,666.73,667.17,666.73,667.04,1038.39
2025-06-11T19:15:00.000000Z,667.04,667.26,666.57,666.73,527.85
2025-06-11T19:20:00.000000Z,666.73,667.51,666.62,667.5,848.31
2025-06-11T19:25:00.000000Z,667.5,668.13,667.5,667.95,531.84
2025-06-11T19:30:00.000000Z,667.95,668.09,667.07,667.22,756.01
2025-06-11T19:35:00.000000Z,667.22,667.85,666.82,667.81,905.77
2025-06-11T19:40:00.000000Z,667.81,667.95,667.28,667.62,399.68
2025-06-11T19:45:00.000000Z,667.61,667.68,666.96,667.24,601.49
2025-06-11T19:50:00.000000Z,667.24,667.59,666.94,667.27,527.31
2025-06-11T19:55:00.000000Z,667.26,667.32,666.71,667.16,448.76
2025-06-11T20:00:00.000000Z,667.16,667.26,665.6,665.65,2179.53
2025-06-11T20:05:00.000000Z,665.65,666.18,665.41,665.85,1093.25
2025-06-11T20:10:00.000000Z,665.84,667.38,665.84,667.0,1347.14
2025-06-11T20:15:00.000000Z,667.01,667.56,667.0,667.53,911.79
2025-06-11T20:20:00.000000Z,667.53,667.82,667.53,667.63,476.63
2025-06-11T20:25:00.000000Z,667.64,667.84,667.36,667.78,568.45
2025-06-11T20:30:00.000000Z,667.79,667.98,667.52,667.86,553.34
2025-06-11T20:35:00.000000Z,667.85,667.85,667.31,667.76,791.86
2025-06-11T20:40:00.000000Z,667.75,667.77,667.37,667.76,538.76
2025-06-11T20:45:00.000000Z,667.76,667.84,667.37,667.51,566.68
2025-06-11T20:50:00.000000Z,667.5,667.96,667.5,667.61,684.97
2025-06-11T20:55:00.000000Z,667.62,668.01,667.45,667.76,673.29
2025-06-11T21:00:00.000000Z,667.76,668.28,667.74,668.06,911.04
2025-06-11T21:05:00.000000Z,668.06,668.65,667.94,668.45,1202.66
2025-06-11T21:10:00.000000Z,668.45,669.15,668.3,668.84,1767.2
2025-06-11T21:15:00.000000Z,668.85,668.93,668.34,668.6,583.23
2025-06-11T21:20:00.000000Z,668.61,668.68,668.32,668.36,343.96
2025-06-11T21:25:00.000000Z,668.35,668.35,667.44,667.45,692.5
2025-06-11T21:30:00.000000Z,667.45,667.45,665.7,666.41,1187.55
2025-06-11T21:35:00.000000Z,666.41,666.41,664.0,665.04,2887.1
2025-06-11T21:40:00.000000Z,665.04,665.68,665.02,665.41,1259.61
2025-06-11T21:45:00.000000Z,665.41,666.38,665.19,665.97,1200.71
2025-06-11T21:50:00.000000Z,665.98,666.69,665.88,666.18,883.62
2025-06-11T21:55:00.000000Z,666.18,666.3,663.0,663.35,3942.91
2025-06-11T22:00:00.000000Z,663.34,664.19,662.06,663.16,4735.71
2025-06-11T22:05:00.000000Z,663.15,664.63,662.86,664.63,1843.3
2025-06-11T22:10:00.000000Z,664.62,665.47,664.59,665.37,1895.26
2025-06-11T22:15:00.000000Z,665.38,665.38,663.62,663.76,1388.14
2025-06-11T22:20:00.000000Z,663.77,664.01,662.7,662.8,2196.52
2025-06-11T22:25:00.000000Z,662.8,663.87,662.4,663.47,2042.9
2025-06-11T22:30:00.000000Z,663.46,663.98,663.11,663.47,996.41
2025-06-11T22:35:00.000000Z,663.47,663.81,662.61,663.08,946.5
2025-06-11T22:40:00.000000Z,663.09,663.65,662.76,663.49,932.86
2025-06-11T22:45:00.000000Z,663.49,664.07,663.13,663.85,963.15
2025-06-11T22:50:00.000000Z,663.85,664.59,663.84,664.33,958.07
2025-06-11T22:55:00.000000Z,664.32,664.74,664.17,664.74,443.52
2025-06-11T23:00:00.000000Z,664.75,666.95,664.26,666.41,8531.39
2025-06-11T23:05:00.000000Z,666.42,666.9,666.0,666.69,1271.65
2025-06-11T23:10:00.000000Z,666.68,666.74,666.22,666.36,980.31
2025-06-11T23:15:00.000000Z,666.37,667.3,666.37,667.0,1370.04
2025-06-11T23:20:00.000000Z,667.0,667.54,667.0,667.18,1136.88
2025-06-11T23:25:00.000000Z,667.18,667.35,666.93,667.34,614.71
2025-06-11T23:30:00.000000Z,667.34,667.5,667.18,667.48,579.33
2025-06-11T23:35:00.000000Z,667.48,667.79,667.32,667.62,1079.82
2025-06-11T23:40:00.000000Z,667.63,668.1,667.62,667.9,1117.55
2025-06-11T23:45:00.000000Z,667.91,668.01,667.22,667.68,1927.09
2025-06-11T23:50:00.000000Z,667.68,667.8,667.45,667.58,782.07
2025-06-11T23:55:00.000000Z,667.59,667.85,667.52,667.58,1312.92
2025-06-12T00:00:00.000000Z,667.59,668.26,667.25,667.41,2086.96
2025-06-12T00:05:00.000000Z,667.41,668.02,666.95,668.02,1624.24
2025-06-12T00:10:00.000000Z,668.02,668.24,667.76,667.88,1406.3
2025-06-12T00:15:00.000000Z,667.89,668.36,667.8,668.15,1238.5
2025-06-12T00:20:00.000000Z,668.16,668.76,668.12,668.13,1015.82
2025-06-12T00:25:00.000000Z,668.13,668.13,666.47,666.47,919.55
2025-06-12T00:30:00.000000Z,666.47,667.08,666.25,666.5,1475.33
2025-06-12T00:35:00.000000Z,666.5,666.85,665.48,666.85,1493.16
2025-06-12T00:40:00.000000Z,666.86,667.59,666.34,667.58,984.44
2025-06-12T00:45:00.000000Z,667.59,668.7,667.58,668.05,2153.37
2025-06-12T00:50:00.000000Z,668.05,668.48,667.88,668.13,634.44
2025-06-12T00:55:00.000000Z,668.12,668.49,667.8,668.24,540.4
2025-06-12T01:00:00.000000Z,668.24,668.4,667.5,667.56,759.42
2025-06-12T01:05:00.000000Z,667.57,668.97,667.56,668.81,1343.54
2025-06-12T01:10:00.000000Z,668.82,668.87,667.73,667.97,945.22
2025-06-12T01:15:00.000000Z,667.98,668.8,667.76,668.52,814.32
2025-06-12T01:20:00.000000Z,668.53,668.62,667.4,667.55,569.51
2025-06-12T01:25:00.000000Z,667.55,668.2,667.51,667.94,1866.21
2025-06-12T01:30:00.000000Z,667.94,668.2,666.61,667.19,1465.47
2025-06-12T01:35:00.000000Z,667.19,668.08,666.81,668.07,1361.65
2025-06-12T01:40:00.000000Z,668.08,668.63,667.9,668.62,938.9
2025-06-12T01:45:00.000000Z,668.63,668.8,667.84,668.36,1096.28
2025-06-12T01:50:00.000000Z,668.36,669.12,668.35,668.88,1448.39
2025-06-12T01:55:00.000000Z,668.88,669.37,668.81,669.22,1401.98
2025-06-12T02:00:00.000000Z,669.22,669.45,668.84,669.44,1353.16
2025-06-12T02:05:00.000000Z,669.43,670.24,669.42,670.13,3187.78
2025-06-12T02:10:00.000000Z,670.16,670.16,669.26,669.57,1674.95
2025-06-12T02:15:00.000000Z,669.57,669.94,669.08,669.24,1052.57
2025-06-12T02:20:00.000000Z,669.25,669.53,668.76,668.81,842.15
2025-06-12T02:25:00.000000Z,668.81,669.07,668.47,668.99,1260.52
2025-06-12T02:30:00.000000Z,669.0,669.08,668.0,668.25,1015.83
2025-06-12T02:35:00.000000Z,668.25,668.57,668.08,668.09,602.93
2025-06-12T02:40:00.000000Z,668.08,668.14,667.5,667.5,927.16
2025-06-12T02:45:00.000000Z,667.5,668.0,667.29,667.45,708.11
2025-06-12T02:50:00.000000Z,667.44,667.85,667.36,667.67,712.23
2025-06-12T02:55:00.000000Z,667.66,667.78,667.15,667.34,906.12
2025-06-12T03:00:00.000000Z,667.34,667.69,667.14,667.14,951.34
2025-06-12T03:05:00.000000Z,667.14,667.68,667.0,667.64,986.12
2025-06-12T03:10:00.000000Z,667.63,667.64,667.0,667.03,638.51
2025-06-12T03:15:00.000000Z,667.04,667.24,666.5,666.67,736.92
2025-06-12T03:20:00.000000Z,666.67,666.68,664.75,665.07,4225.13
2025-06-12T03:25:00.000000Z,665.09,665.16,664.13,664.75,2238.62
2025-06-12T03:30:00.000000Z,664.75,667.27,664.44,666.28,6513.8
2025-06-12T03:35:00.000000Z,666.28,667.08,666.28,666.93,1039.28
2025-06-12T03:40:00.000000Z,666.93,667.33,666.49,667.33,1025.05
2025-06-12T03:45:00.000000Z,667.33,667.53,666.85,666.99,893.46
2025-06-12T03:50:00.000000Z,666.99,666.99,666.2,666.51,784.7
2025-06-12T03:55:00.000000Z,666.51,666.56,665.8,665.88,1343.49
2025-06-12T04:00:00.000000Z,665.89,666.41,665.11,666.1,3696.68
2025-06-12T04:05:00.000000Z,666.09,666.57,665.92,666.41,1024.75
2025-06-12T04:10:00.000000Z,666.4,666.49,666.04,666.04,1082.23
2025-06-12T04:15:00.000000Z,666.04,666.76,665.97,666.0,1305.75
2025-06-12T04:20:00.000000Z,666.01,666.01,665.01,665.54,2032.93
2025-06-12T04:25:00.000000Z,665.54,666.32,665.4,666.0,1136.11
2025-06-12T04:30:00.000000Z,666.01,666.32,665.11,665.25,1097.37
2025-06-12T04:35:00.000000Z,665.24,665.48,664.52,664.81,1154.18
2025-06-12T04:40:00.000000Z,664.8,664.92,664.5,664.56,541.22
2025-06-12T04:45:00.000000Z,664.55,665.64,664.43,665.62,985.95
2025-06-12T04:50:00.000000Z,665.62,665.62,665.14,665.28,553.98
2025-06-12T04:55:00.000000Z,665.28,665.39,664.97,665.31,508.13
2025-06-12T05:00:00.000000Z,665.31,665.31,664.4,664.61,771.55
2025-06-12T05:05:00.000000Z,664.61,664.97,664.15,664.41,1010.51
2025-06-12T05:10:00.000000Z,664.4,665.18,664.4,665.18,741.52
2025-06-12T05:15:00.000000Z,665.18,666.15,665.18,665.83,1233.2
2025-06-12T05:20:00.000000Z,665.84,666.5,665.84,666.44,1019.19
2025-06-12T05:25:00.000000Z,666.43,666.78,666.39,666.53,1370.1
2025-06-12T05:30:00.000000Z,666.52,666.74,666.32,666.49,398.04
2025-06-12T05:35:00.000000Z,666.49,667.25,666.49,666.97,580.33
2025-06-12T05:40:00.000000Z,666.96,666.97,666.2,666.22,701.13
2025-06-12T05:45:00.000000Z,666.22,667.0,666.21,666.88,551.11
2025-06-12T05:50:00.000000Z,666.89,667.29,666.84,667.24,651.33
2025-06-12T05:55:00.000000Z,667.24,667.52,667.04,667.51,985.87
2025-06-12T06:00:00.000000Z,667.52,667.92,667.32,667.92,2091.8
2025-06-12T06:05:00.000000Z,667.92,668.32,667.76,668.16,1868.58
2025-06-12T06:10:00.000000Z,668.16,668.59,667.74,668.0,1731.92
2025-06-12T06:15:00.000000Z,668.01,668.44,667.8,668.21,1321.81
2025-06-12T06:20:00.000000Z,668.2,668.66,667.73,668.53,1080.66
2025-06-12T06:25:00.000000Z,668.54,668.64,668.16,668.6,505.44
2025-06-12T06:30:00.000000Z,668.61,668.72,668.34,668.6,802.11
2025-06-12T06:35:00.000000Z,668.6,668.61,668.01,668.39,1014.44
2025-06-12T06:40:00.000000Z,668.39,668.6,668.21,668.54,1099.38
2025-06-12T06:45:00.000000Z,668.54,668.55,668.02,668.08,587.81
2025-06-12T06:50:00.000000Z,668.07,668.25,667.87,668.16,529.42
2025-06-12T06:55:00.000000Z,668.16,668.29,668.08,668.11,323.42
2025-06-12T07:00:00.000000Z,668.12,668.43,668.11,668.41,727.94
2025-06-12T07:05:00.000000Z,668.41,668.43,667.81,668.27,879.19
2025-06-12T07:10:00.000000Z,668.27,668.28,667.92,667.98,622.1
2025-06-12T07:15:00.000000Z,667.97,668.32,667.66,668.12,867.84
2025-06-12T07:20:00.000000Z,668.13,668.39,668.08,668.25,513.56
2025-06-12T07:25:00.000000Z,668.26,668.26,667.59,667.88,647.37
2025-06-12T07:30:00.000000Z,667.88,667.89,667.42,667.87,997.74
2025-06-12T07:35:00.000000Z,667.88,667.92,667.04,667.1,598.93
2025-06-12T07:40:00.000000Z,667.11,667.57,666.19,667.46,1425.08
2025-06-12T07:45:00.000000Z,667.46,668.09,667.08,667.89,776.13
2025-06-12T07:50:00.000000Z,667.89,668.34,667.44,667.44,934.55
2025-06-12T07:55:00.000000Z,667.45,667.88,667.29,667.29,871.29
2025-06-12T08:00:00.000000Z,667.29,667.68,666.25,666.56,2839.82
2025-06-12T08:05:00.000000Z,666.56,666.61,666.07,666.22,1479.41
2025-06-12T08:10:00.000000Z,666.22,667.7,666.22,667.59,1289.06
2025-06-12T08:15:00.000000Z,667.59,667.69,666.75,666.92,1153.13
2025-06-12T08:20:00.000000Z,666.93,667.64,666.93,667.29,968.96
2025-06-12T08:25:00.000000Z,667.28,667.6,667.11,667.21,537.87
2025-06-12T08:30:00.000000Z,667.21,667.37,666.89,667.01,680.83
2025-06-12T08:35:00.000000Z,667.0,667.28,666.82,667.06,305.93
2025-06-12T08:40:00.000000Z,667.05,667.66,666.88,667.62,575.47
2025-06-12T08:45:00.000000Z,667.61,668.28,667.23,668.07,1075.74
2025-06-12T08:50:00.000000Z,668.07,668.3,667.98,668.0,543.9
2025-06-12T08:55:00.000000Z,668.0,668.2,667.99,668.2,449.78
2025-06-12T09:00:00.000000Z,668.2,668.45,667.92,667.92,1108.63
2025-06-12T09:05:00.000000Z,667.92,668.4,667.92,668.28,732.85
2025-06-12T09:10:00.000000Z,668.29,668.42,668.0,668.14,779.84
2025-06-12T09:15:00.000000Z,668.14,668.28,667.72,667.89,1050.61
2025-06-12T09:20:00.000000Z,667.89,668.32,667.88,668.31,1540.36
2025-06-12T09:25:00.000000Z,668.3,668.5,668.0,668.32,1134.12
2025-06-12T09:30:00.000000Z,668.32,669.12,668.32,668.79,2530.75
2025-06-12T09:35:00.000000Z,668.8,669.0,668.72,668.87,680.34
2025-06-12T09:40:00.000000Z,668.86,669.17,668.83,669.02,1000.89
2025-06-12T09:45:00.000000Z,669.01,669.02,668.74,668.92,1099.36
2025-06-12T09:50:00.000000Z,668.91,669.0,668.6,668.91,1551.62
2025-06-12T09:55:00.000000Z,668.91,668.99,668.84,668.89,754.35
2025-06-12T10:00:00.000000Z,668.89,669.0,668.23,668.23,1884.3
2025-06-12T10:05:00.000000Z,668.24,668.49,668.14,668.19,1042.33
2025-06-12T10:10:00.000000Z,668.2,668.4,667.68,667.96,1304.31
2025-06-12T10:15:00.000000Z,667.93,668.15,667.0,668.04,1609.24
2025-06-12T10:20:00.000000Z,668.01,668.37,667.32,667.37,1007.12
2025-06-12T10:25:00.000000Z,667.37,667.4,666.79,667.34,1312.46
2025-06-12T10:30:00.000000Z,667.34,667.56,666.5,666.63,1729.45
2025-06-12T10:35:00.000000Z,666.63,666.88,666.41,666.73,895.12
2025-06-12T10:40:00.000000Z,666.72,667.14,666.69,666.72,743.96
2025-06-12T10:45:00.000000Z,666.72,667.03,666.57,666.57,845.4
2025-06-12T10:50:00.000000Z,666.57,666.58,666.12,666.34,1061.07
2025-06-12T10:55:00.000000Z,666.34,666.64,665.37,666.25,3858.18
2025-06-12T11:00:00.000000Z,666.24,666.59,665.77,666.25,2397.57
2025-06-12T11:05:00.000000Z,666.25,666.25,665.64,666.04,1298.93
2025-06-12T11:10:00.000000Z,666.05,666.44,665.55,665.73,1491.65
2025-06-12T11:15:00.000000Z,665.73,665.73,664.67,664.67,3405.58
2025-06-12T11:20:00.000000Z,664.68,664.81,664.2,664.39,2347.11
2025-06-12T11:25:00.000000Z,664.39,664.6,663.58,663.88,2541.63
2025-06-12T11:30:00.000000Z,663.89,664.23,663.6,663.74,2578.35
2025-06-12T11:35:00.000000Z,663.73,664.7,663.58,663.87,1757.1
2025-06-12T11:40:00.000000Z,663.87,664.57,663.86,664.32,1242.15
2025-06-12T11:45:00.000000Z,664.31,664.67,663.91,664.33,1475.57
2025-06-12T11:50:00.000000Z,664.32,664.55,663.7,663.84,1290.41
2025-06-12T11:55:00.000000Z,663.85,664.0,663.4,663.54,2052.47
2025-06-12T12:00:00.000000Z,663.54,664.35,663.44,664.35,1308.96
2025-06-12T12:05:00.000000Z,664.35,664.41,662.5,662.51,2880.84
2025-06-12T12:10:00.000000Z,662.5,662.72,661.72,661.72,5602.43
2025-06-12T12:15:00.000000Z,661.72,662.27,661.24,661.75,4486.06
2025-06-12T12:20:00.000000Z,661.75,662.78,661.57,662.53,2353.05
2025-06-12T12:25:00.000000Z,662.53,662.92,662.48,662.81,991.43
2025-06-12T12:30:00.000000Z,662.81,664.28,662.64,664.21,3247.72
2025-06-12T12:35:00.000000Z,664.21,665.01,663.97,664.5,3260.29
2025-06-12T12:40:00.000000Z,664.49,664.85,662.99,663.31,5927.15
2025-06-12T12:45:00.000000Z,663.31,663.59,662.57,662.63,2648.54
2025-06-12T12:50:00.000000Z,662.64,662.71,661.58,661.92,4101.79
2025-06-12T12:55:00.000000Z,661.92,662.27,661.84,662.07,1263.8
2025-06-12T13:00:00.000000Z,662.07,663.3,662.06,663.29,1877.56
2025-06-12T13:05:00.000000Z,663.29,663.72,662.61,662.76,2057.59
2025-06-12T13:10:00.000000Z,662.75,662.87,662.22,662.25,847.49
2025-06-12T13:15:00.000000Z,662.25,662.33,661.78,662.05,1653.38
2025-06-12T13:20:00.000000Z,662.04,662.2,661.67,661.86,755.68
2025-06-12T13:25:00.000000Z,661.87,661.93,661.22,661.72,1670.24
2025-06-12T13:30:00.000000Z,661.72,662.78,661.16,662.63,2287.28
2025-06-12T13:35:00.000000Z,662.63,663.66,662.49,663.39,2515.96
2025-06-12T13:40:00.000000Z,663.39,663.7,663.04,663.51,1472.64
2025-06-12T13:45:00.000000Z,663.51,663.51,662.84,662.97,1077.08
2025-06-12T13:50:00.000000Z,662.97,663.75,662.67,663.41,1092.87
2025-06-12T13:55:00.000000Z,663.41,663.66,662.93,663.65,678.16
2025-06-12T14:00:00.000000Z,663.66,664.43,663.61,664.12,1882.71
2025-06-12T14:05:00.000000Z,664.12,664.48,663.84,664.39,900.91
2025-06-12T14:10:00.000000Z,664.38,664.68,664.13,664.6,926.05
2025-06-12T14:15:00.000000Z,664.59,664.73,664.24,664.72,984.25
2025-06-12T14:20:00.000000Z,664.72,664.73,663.47,664.27,2896.69
2025-06-12T14:25:00.000000Z,664.28,664.63,663.62,663.71,1677.21
2025-06-12T14:30:00.000000Z,663.71,664.43,663.37,664.22,1765.52
2025-06-12T14:35:00.000000Z,664.21,664.69,664.11,664.51,1037.03
2025-06-12T14:40:00.000000Z,664.52,664.7,664.19,664.48,794.08
2025-06-12T14:45:00.000000Z,664.48,664.87,664.28,664.87,1214.85
2025-06-12T14:50:00.000000Z,664.87,665.13,664.64,664.7,1519.54
2025-06-12T14:55:00.000000Z,664.7,664.79,664.37,664.65,894.11
2025-06-12T15:00:00.000000Z,664.65,665.13,664.64,664.75,1053.86
2025-06-12T15:05:00.000000Z,664.75,665.08,664.5,664.5,1073.73
2025-06-12T15:10:00.000000Z,664.51,664.51,663.8,663.81,1214.36
2025-06-12T15:15:00.000000Z,663.8,664.12,662.79,662.98,1759.4
2025-06-12T15:20:00.000000Z,662.97,663.0,661.8,662.04,1730.48
2025-06-12T15:25:00.000000Z,662.03,662.04,661.01,661.71,3017.06
2025-06-12T15:30:00.000000Z,661.7,662.16,661.5,661.99,1718.01
2025-06-12T15:35:00.000000Z,661.99,662.46,661.94,662.23,995.66
2025-06-12T15:40:00.000000Z,662.22,662.38,661.92,662.07,936.7
2025-06-12T15:45:00.000000Z,662.07,662.17,661.12,661.12,2552.49
2025-06-12T15:50:00.000000Z,661.13,661.23,659.57,659.94,5835.74
2025-06-12T15:55:00.000000Z,659.94,660.24,659.53,659.81,2758.94
2025-06-12T16:00:00.000000Z,659.81,660.28,659.46,659.9,3226.45
2025-06-12T16:05:00.000000Z,659.88,661.73,659.88,661.63,2564.46
2025-06-12T16:10:00.000000Z,661.64,661.91,661.13,661.33,2667.37
2025-06-12T16:15:00.000000Z,661.33,662.44,661.33,662.17,1751.39
2025-06-12T16:20:00.000000Z,662.17,662.64,662.17,662.64,934.32
2025-06-12T16:25:00.000000Z,662.64,664.75,662.55,664.06,6628.58
2025-06-12T16:30:00.000000Z,664.06,664.07,663.39,663.56,1677.64
2025-06-12T16:35:00.000000Z,663.59,664.28,663.48,663.87,1016.44
2025-06-12T16:40:00.000000Z,663.88,664.3,663.75,664.07,1277.39
2025-06-12T16:45:00.000000Z,664.08,664.37,663.47,663.84,1143.37
2025-06-12T16:50:00.000000Z,663.86,664.06,663.44,663.95,896.08
2025-06-12T16:55:00.000000Z,663.95,664.95,663.94,664.95,1494.9
2025-06-12T17:00:00.000000Z,664.95,665.52,664.54,665.24,7350.05
2025-06-12T17:05:00.000000Z,665.24,665.24,664.55,664.63,1867.78
2025-06-12T17:10:00.000000Z,664.64,664.75,663.83,664.39,3358.78
2025-06-12T17:15:00.000000Z,664.39,665.54,664.31,665.52,1458.56
2025-06-12T17:20:00.000000Z,665.52,665.92,665.08,665.31,2070.47
2025-06-12T17:25:00.000000Z,665.32,665.84,665.26,665.61,1311.52
2025-06-12T17:30:00.000000Z,665.6,666.54,665.6,666.36,2907.92
2025-06-12T17:35:00.000000Z,666.35,666.66,666.29,666.54,978.99
2025-06-12T17:40:00.000000Z,666.53,666.64,666.3,666.45,600.33
2025-06-12T17:45:00.000000Z,666.44,666.74,666.44,666.7,529.29
2025-06-12T17:50:00.000000Z,666.69,666.8,666.33,666.56,1115.53
2025-06-12T17:55:00.000000Z,666.55,666.55,666.19,666.47,1262.99
2025-06-12T18:00:00.000000Z,666.47,666.72,666.16,666.29,1892.69
2025-06-12T18:05:00.000000Z,666.28,666.28,664.96,665.16,2451.2
2025-06-12T18:10:00.000000Z,665.16,665.73,665.01,665.01,567.42
2025-06-12T18:15:00.000000Z,665.0,665.24,663.96,664.14,1304.16
2025-06-12T18:20:00.000000Z,664.14,664.31,663.36,663.6,901.22
2025-06-12T18:25:00.000000Z,663.6,663.64,663.01,663.39,997.47
2025-06-12T18:30:00.000000Z,663.39,664.0,662.95,663.98,882.8
2025-06-12T18:35:00.000000Z,663.97,664.36,662.82,663.59,2659.18
2025-06-12T18:40:00.000000Z,663.59,663.59,661.36,661.44,5937.66
2025-06-12T18:45:00.000000Z,661.45,662.16,661.04,661.12,3040.06
2025-06-12T18:50:00.000000Z,661.12,662.39,661.04,662.28,1795.41
2025-06-12T18:55:00.000000Z,662.32,662.69,662.23,662.48,774.55
2025-06-12T19:00:00.000000Z,662.48,662.49,661.35,662.3,3544.31
2025-06-12T19:05:00.000000Z,662.3,662.51,661.8,662.2,957.45
2025-06-12T19:10:00.000000Z,662.2,662.5,661.59,662.37,560.08
2025-06-12T19:15:00.000000Z,662.37,662.68,661.9,661.9,783.51
2025-06-12T19:20:00.000000Z,661.89,662.68,661.71,662.0,1420.07
2025-06-12T19:25:00.000000Z,662.03,662.82,661.57,662.15,878.8
2025-06-12T19:30:00.000000Z,662.15,662.36,661.88,662.03,580.54
2025-06-12T19:35:00.000000Z,662.02,662.02,660.76,660.84,1042.66
2025-06-12T19:40:00.000000Z,660.84,661.59,660.7,660.77,1176.34
2025-06-12T19:45:00.000000Z,660.76,660.76,658.2,658.36,6164.47
2025-06-12T19:50:00.000000Z,658.36,658.74,657.35,657.56,4776.73
2025-06-12T19:55:00.000000Z,657.57,658.14,657.3,658.0,2826.91
2025-06-12T20:00:00.000000Z,658.0,658.8,657.36,658.05,2980.0
2025-06-12T20:05:00.000000Z,658.05,658.7,657.87,658.01,1589.89
2025-06-12T20:10:00.000000Z,658.0,658.23,656.43,656.82,3097.55
2025-06-12T20:15:00.000000Z,656.82,658.18,656.09,657.64,4322.05
2025-06-12T20:20:00.000000Z,657.65,658.97,656.85,657.72,7873.84
2025-06-12T20:25:00.000000Z,657.72,657.98,656.85,657.7,1176.59
2025-06-12T20:30:00.000000Z,657.7,657.93,656.67,656.67,1088.3
2025-06-12T20:35:00.000000Z,656.66,657.18,655.28,655.37,3459.01
2025-06-12T20:40:00.000000Z,655.37,655.62,653.41,653.87,8196.64
2025-06-12T20:45:00.000000Z,653.87,654.2,652.37,652.73,5994.11
2025-06-12T20:50:00.000000Z,652.73,653.52,651.84,652.1,3860.35
2025-06-12T20:55:00.000000Z,652.1,653.52,651.42,653.24,5105.18
2025-06-12T21:00:00.000000Z,653.25,653.56,652.3,653.31,3238.61
2025-06-12T21:05:00.000000Z,653.3,653.97,652.05,653.0,2681.86
2025-06-12T21:10:00.000000Z,653.0,654.53,653.0,653.59,2679.33
2025-06-12T21:15:00.000000Z,653.59,655.11,653.42,653.97,2444.42
2025-06-12T21:20:00.000000Z,653.96,655.13,653.96,655.13,951.72
2025-06-12T21:25:00.000000Z,655.12,655.9,654.93,655.89,984.62
2025-06-12T21:30:00.000000Z,655.89,655.99,654.35,654.36,1800.33
2025-06-12T21:35:00.000000Z,654.35,654.6,653.55,653.75,1230.81
2025-06-12T21:40:00.000000Z,653.75,654.54,653.57,654.44,999.95
2025-06-12T21:45:00.000000Z,654.44,654.73,654.44,654.72,336.48
2025-06-12T21:50:00.000000Z,654.72,655.62,654.72,655.49,641.5
2025-06-12T21:55:00.000000Z,655.49,655.5,653.28,653.44,1291.63
2025-06-12T22:00:00.000000Z,653.44,654.82,653.32,654.72,2558.18
2025-06-12T22:05:00.000000Z,654.69,654.99,653.93,654.36,2193.35
2025-06-12T22:10:00.000000Z,654.36,655.02,654.09,654.91,800.63
2025-06-12T22:15:00.000000Z,654.91,655.01,653.94,653.99,1403.97
2025-06-12T22:20:00.000000Z,653.99,655.0,653.81,654.52,705.85
2025-06-12T22:25:00.000000Z,654.54,654.96,654.12,654.12,774.48
2025-06-12T22:30:00.000000Z,654.13,654.36,653.58,653.79,1080.37
2025-06-12T22:35:00.000000Z,653.79,654.53,653.79,653.9,747.54
2025-06-12T22:40:00.000000Z,653.91,654.4,653.38,653.38,643.82
2025-06-12T22:45:00.000000Z,653.39,654.33,653.34,653.96,774.24
2025-06-12T22:50:00.000000Z,653.94,654.16,653.53,653.58,792.56
2025-06-12T22:55:00.000000Z,653.59,654.0,653.41,653.85,845.62
2025-06-12T23:00:00.000000Z,653.86,654.91,653.7,654.72,1363.04
2025-06-12T23:05:00.000000Z,654.71,654.85,653.86,653.86,1096.16
2025-06-12T23:10:00.000000Z,653.86,655.0,653.65,653.79,2762.78
2025-06-12T23:15:00.000000Z,653.8,655.04,653.7,654.97,796.89
2025-06-12T23:20:00.000000Z,654.96,655.78,654.93,655.69,921.7
2025-06-12T23:25:00.000000Z,655.68,655.83,655.4,655.69,1056.93
2025-06-12T23:30:00.000000Z,655.7,655.88,655.42,655.7,852.03
2025-06-12T23:35:00.000000Z,655.7,655.97,655.6,655.97,668.05
2025-06-12T23:40:00.000000Z,655.96,656.65,655.85,656.36,1546.48
2025-06-12T23:45:00.000000Z,656.36,656.68,656.01,656.52,752.99
2025-06-12T23:50:00.000000Z,656.52,656.52,655.64,655.88,902.28
2025-06-12T23:55:00.000000Z,655.89,655.92,654.31,654.41,2970.37
2025-06-13T00:00:00.000000Z,654.41,654.44,650.4,651.1,9933.93
2025-06-13T00:05:00.000000Z,651.1,651.49,649.47,649.98,8183.93
2025-06-13T00:10:00.000000Z,649.99,649.99,643.85,645.44,32012.67
2025-06-13T00:15:00.000000Z,645.44,647.66,644.0,646.87,12213.91
2025-06-13T00:20:00.000000Z,646.88,647.66,644.64,644.85,5237.3
2025-06-13T00:25:00.000000Z,644.86,645.38,643.07,643.69,6942.36
2025-06-13T00:30:00.000000Z,643.69,645.71,642.44,642.95,10101.01
2025-06-13T00:35:00.000000Z,642.95,644.66,641.55,644.0,9992.32
2025-06-13T00:40:00.000000Z,644.0,646.1,643.4,645.7,4776.35
2025-06-13T00:45:00.000000Z,645.7,647.8,645.68,646.81,5259.45
2025-06-13T00:50:00.000000Z,646.85,646.85,645.47,646.19,5249.86
2025-06-13T00:55:00.000000Z,646.2,648.3,645.95,647.27,4108.55
2025-06-13T01:00:00.000000Z,647.26,647.4,643.28,644.28,6607.54
2025-06-13T01:05:00.000000Z,644.23,645.5,642.81,643.15,6303.31
2025-06-13T01:10:00.000000Z,643.15,643.28,637.55,640.02,18777.94
2025-06-13T01:15:00.000000Z,640.02,644.0,639.78,643.03,7007.17
2025-06-13T01:20:00.000000Z,643.04,643.9,641.52,642.45,5502.64
2025-06-13T01:25:00.000000Z,642.45,644.04,642.05,642.62,3310.89
2025-06-13T01:30:00.000000Z,642.63,643.43,641.48,641.48,3702.36
2025-06-13T01:35:00.000000Z,641.48,643.42,641.0,641.45,4324.22
2025-06-13T01:40:00.000000Z,641.45,644.5,640.31,644.22,6394.35
2025-06-13T01:45:00.000000Z,644.22,645.56,644.19,644.33,3744.19
2025-06-13T01:50:00.000000Z,644.33,645.02,643.47,644.99,3040.84
2025-06-13T01:55:00.000000Z,644.99,645.7,644.86,645.04,1399.46
2025-06-13T02:00:00.000000Z,645.04,645.08,643.13,643.29,6400.58
2025-06-13T02:05:00.000000Z,643.31,643.79,642.33,642.67,3104.78
2025-06-13T02:10:00.000000Z,642.68,644.2,642.68,643.19,1883.81
2025-06-13T02:15:00.000000Z,643.18,644.29,642.24,643.71,2331.88
2025-06-13T02:20:00.000000Z,643.71,644.34,642.21,642.28,2040.07
2025-06-13T02:25:00.000000Z,642.27,643.84,642.23,643.57,1359.05
2025-06-13T02:30:00.000000Z,643.57,643.95,642.76,642.77,2550.72
2025-06-13T02:35:00.000000Z,642.76,643.27,641.31,641.38,2790.69
2025-06-13T02:40:00.000000Z,641.38,641.64,639.18,639.91,5195.78
2025-06-13T02:45:00.000000Z,639.91,642.65,639.5,642.54,3560.76
2025-06-13T02:50:00.000000Z,642.55,642.86,641.3,641.3,1076.73
2025-06-13T02:55:00.000000Z,641.31,642.27,640.19,642.26,2223.46
2025-06-13T03:00:00.000000Z,642.26,642.74,641.65,641.71,2348.28
2025-06-13T03:05:00.000000Z,641.72,644.27,641.72,644.14,3777.88
2025-06-13T03:10:00.000000Z,644.13,644.73,643.89,644.21,3277.7
2025-06-13T03:15:00.000000Z,644.21,644.83,643.96,644.78,2436.94
2025-06-13T03:20:00.000000Z,644.79,645.36,644.33,644.59,1710.63
2025-06-13T03:25:00.000000Z,644.59,645.19,644.45,644.87,1409.93
2025-06-13T03:30:00.000000Z,644.87,646.05,644.58,646.04,3782.28
2025-06-13T03:35:00.000000Z,646.03,646.2,645.55,646.05,1817.13
2025-06-13T03:40:00.000000Z,646.05,646.34,645.76,645.94,2084.5
2025-06-13T03:45:00.000000Z,645.94,646.44,645.82,646.14,1458.59
2025-06-13T03:50:00.000000Z,646.14,648.0,646.05,647.85,3743.63
2025-06-13T03:55:00.000000Z,647.85,649.35,647.84,649.04,8290.9
2025-06-13T04:00:00.000000Z,649.05,649.06,646.8,646.83,5544.89
2025-06-13T04:05:00.000000Z,646.84,647.02,645.86,646.16,2595.18
2025-06-13T04:10:00.000000Z,646.17,646.47,645.84,646.21,1565.48
2025-06-13T04:15:00.000000Z,646.21,646.98,645.61,646.83,1890.42
2025-06-13T04:20:00.000000Z,646.84,647.15,646.32,646.96,788.71
2025-06-13T04:25:00.000000Z,646.97,647.74,646.84,647.73,798.37
2025-06-13T04:30:00.000000Z,647.74,648.26,647.52,648.21,1523.01
2025-06-13T04:35:00.000000Z,648.22,648.76,648.16,648.44,1436.01
2025-06-13T04:40:00.000000Z,648.44,649.0,648.37,648.95,1056.94
2025-06-13T04:45:00.000000Z,648.95,648.95,647.98,648.66,1089.29
2025-06-13T04:50:00.000000Z,648.66,648.93,648.5,648.7,758.15
2025-06-13T04:55:00.000000Z,648.71,648.88,648.08,648.35,976.55
2025-06-13T05:00:00.000000Z,648.35,648.36,647.45,648.12,990.14
2025-06-13T05:05:00.000000Z,648.12,648.71,648.02,648.59,1334.37
2025-06-13T05:10:00.000000Z,648.6,648.71,647.74,648.08,902.88
2025-06-13T05:15:00.000000Z,648.08,648.68,647.62,648.32,1107.95
2025-06-13T05:20:00.000000Z,648.32,648.57,647.74,648.33,2079.02
2025-06-13T05:25:00.000000Z,648.32,648.42,648.14,648.14,696.58
2025-06-13T05:30:00.000000Z,648.14,648.28,647.8,647.94,1092.65
2025-06-13T05:35:00.000000Z,647.93,648.2,647.46,647.69,483.71
2025-06-13T05:40:00.000000Z,647.7,647.93,647.55,647.69,560.31
2025-06-13T05:45:00.000000Z,647.69,648.3,647.58,648.2,1551.99
2025-06-13T05:50:00.000000Z,648.21,648.3,647.76,647.97,700.28
2025-06-13T05:55:00.000000Z,647.97,648.12,647.37,647.46,879.11
2025-06-13T06:00:00.000000Z,647.46,648.06,647.02,647.66,1096.3
2025-06-13T06:05:00.000000Z,647.67,648.04,647.18,648.04,1191.12
2025-06-13T06:10:00.000000Z,648.04,648.19,647.56,647.69,985.25
2025-06-13T06:15:00.000000Z,647.69,647.69,646.36,646.77,1600.22
2025-06-13T06:20:00.000000Z,646.77,647.18,646.26,646.75,1248.15
2025-06-13T06:25:00.000000Z,646.75,647.33,646.37,646.38,948.11
2025-06-13T06:30:00.000000Z,646.37,648.13,646.37,648.03,1290.33
2025-06-13T06:35:00.000000Z,648.03,648.17,647.37,647.75,1162.33
2025-06-13T06:40:00.000000Z,647.74,648.38,647.64,648.38,848.91
2025-06-13T06:45:00.000000Z,648.38,649.33,647.66,649.26,1971.07
2025-06-13T06:50:00.000000Z,649.26,650.76,649.17,650.48,4536.74
2025-06-13T06:55:00.000000Z,650.49,651.88,650.32,651.88,4571.68
2025-06-13T07:00:00.000000Z,651.88,652.05,651.44,651.45,3433.34
2025-06-13T07:05:00.000000Z,651.44,652.39,650.98,652.06,1902.42
2025-06-13T07:10:00.000000Z,652.06,652.4,651.53,652.1,1532.18
2025-06-13T07:15:00.000000Z,652.1,652.28,651.91,652.24,1174.45
2025-06-13T07:20:00.000000Z,652.25,652.71,651.84,652.67,1934.36
2025-06-13T07:25:00.000000Z,652.67,653.4,652.57,653.33,4597.31
2025-06-13T07:30:00.000000Z,653.33,654.17,653.24,653.62,3581.67
2025-06-13T07:35:00.000000Z,653.62,653.8,653.0,653.58,1751.7
2025-06-13T07:40:00.000000Z,653.58,654.24,653.4,654.2,2089.63
2025-06-13T07:45:00.000000Z,654.2,654.26,653.71,653.72,1773.11
2025-06-13T07:50:00.000000Z,653.72,654.62,653.66,654.46,2202.64
2025-06-13T07:55:00.000000Z,654.45,654.9,654.3,654.83,1549.69
2025-06-13T08:00:00.000000Z,654.83,655.95,654.14,655.9,8147.82
2025-06-13T08:05:00.000000Z,655.9,658.0,655.85,657.76,10198.36
2025-06-13T08:10:00.000000Z,657.76,659.7,657.69,659.13,6591.11
2025-06-13T08:15:00.000000Z,659.12,659.13,658.6,658.64,3529.06
2025-06-13T08:20:00.000000Z,658.64,658.65,656.74,657.99,2869.68
2025-06-13T08:25:00.000000Z,658.0,658.36,657.28,657.9,2336.66
2025-06-13T08:30:00.000000Z,657.9,658.63,657.51,658.02,2259.03
2025-06-13T08:35:00.000000Z,658.02,658.27,657.38,657.73,1990.03
2025-06-13T08:40:00.000000Z,657.72,657.8,656.37,656.81,2616.12
2025-06-13T08:45:00.000000Z,656.81,657.18,655.4,657.02,2761.65
2025-06-13T08:50:00.000000Z,657.02,657.43,656.72,656.72,1317.7
2025-06-13T08:55:00.000000Z,656.72,657.69,656.46,656.95,1942.81
2025-06-13T09:00:00.000000Z,656.96,657.85,656.42,657.66,3199.84
2025-06-13T09:05:00.000000Z,657.65,657.9,656.95,657.07,1684.91
2025-06-13T09:10:00.000000Z,657.06,657.1,655.62,656.32,6420.5
2025-06-13T09:15:00.000000Z,656.32,656.99,655.97,656.32,3113.79
2025-06-13T09:20:00.000000Z,656.34,656.5,655.35,656.08,2367.7
2025-06-13T09:25:00.000000Z,656.07,656.7,655.07,655.65,5781.07
2025-06-13T09:30:00.000000Z,655.66,655.72,654.67,654.91,2578.26
2025-06-13T09:35:00.000000Z,654.9,654.92,653.74,654.43,4543.17
2025-06-13T09:40:00.000000Z,654.43,654.9,653.67,653.91,1836.58
2025-06-13T09:45:00.000000Z,653.91,654.34,653.48,653.99,2752.18
2025-06-13T09:50:00.000000Z,654.0,654.24,653.63,654.19,2641.43
2025-06-13T09:55:00.000000Z,654.19,655.26,653.99,654.29,6032.58
2025-06-13T10:00:00.000000Z,654.3,654.81,653.03,653.09,6172.6
2025-06-13T10:05:00.000000Z,653.09,653.24,652.16,653.19,7972.29
2025-06-13T10:10:00.000000Z,653.18,653.25,652.51,652.97,3039.64
2025-06-13T10:15:00.000000Z,652.98,653.88,652.53,653.11,3407.28
2025-06-13T10:20:00.000000Z,653.12,653.37,652.71,653.25,1545.53
2025-06-13T10:25:00.000000Z,653.25,654.2,653.13,653.68,3920.45
2025-06-13T10:30:00.000000Z,653.68,654.28,653.37,654.0,1870.52
2025-06-13T10:35:00.000000Z,654.01,654.54,653.96,654.5,2082.93
2025-06-13T10:40:00.000000Z,654.49,654.84,654.49,654.68,1342.38
2025-06-13T10:45:00.000000Z,654.67,655.0,654.04,654.04,1678.88
2025-06-13T10:50:00.000000Z,654.04,654.29,653.73,654.28,1459.07
2025-06-13T10:55:00.000000Z,654.29,655.43,654.29,655.34,1739.14
2025-06-13T11:00:00.000000Z,655.35,655.48,654.6,655.48,1820.11
2025-06-13T11:05:00.000000Z,655.48,655.66,655.12,655.51,1678.35
2025-06-13T11:10:00.000000Z,655.51,655.72,653.86,654.14,1694.56
2025-06-13T11:15:00.000000Z,654.13,654.44,653.64,654.03,1358.81
2025-06-13T11:20:00.000000Z,654.04,654.24,652.95,653.13,3474.05
2025-06-13T11:25:00.000000Z,653.12,653.2,652.29,652.71,1051.95
2025-06-13T11:30:00.000000Z,652.71,653.95,652.51,652.72,1243.57
2025-06-13T11:35:00.000000Z,652.72,653.33,652.4,653.13,639.62
2025-06-13T11:40:00.000000Z,653.13,653.89,653.13,653.64,2272.37
2025-06-13T11:45:00.000000Z,653.64,653.72,653.42,653.64,862.91
2025-06-13T11:50:00.000000Z,653.64,654.85,653.43,654.76,1867.44
2025-06-13T11:55:00.000000Z,654.76,654.9,654.48,654.6,1348.89
2025-06-13T12:00:00.000000Z,654.6,654.71,653.71,654.63,1948.53
2025-06-13T12:05:00.000000Z,654.64,654.83,653.67,654.16,1910.07
2025-06-13T12:10:00.000000Z,654.18,654.21,653.64,653.89,2070.97
2025-06-13T12:15:00.000000Z,653.89,654.1,652.54,652.67,2036.9
2025-06-13T12:20:00.000000Z,652.68,653.33,652.5,653.12,1753.98
2025-06-13T12:25:00.000000Z,653.11,653.33,652.74,652.93,844.07
2025-06-13T12:30:00.000000Z,652.94,653.68,652.66,652.68,1112.7
2025-06-13T12:35:00.000000Z,652.67,653.21,652.07,652.11,1346.16
2025-06-13T12:40:00.000000Z,652.12,652.57,651.61,651.7,1839.6
2025-06-13T12:45:00.000000Z,651.7,651.89,651.52,651.8,1242.05
2025-06-13T12:50:00.000000Z,651.78,651.96,650.72,650.98,1968.13
2025-06-13T12:55:00.000000Z,650.98,651.2,650.77,651.2,729.39
2025-06-13T13:00:00.000000Z,651.19,651.19,650.76,651.1,1321.8
2025-06-13T13:05:00.000000Z,651.1,651.1,650.59,650.84,1423.71
2025-06-13T13:10:00.000000Z,650.85,651.12,650.72,651.05,768.23
2025-06-13T13:15:00.000000Z,651.05,652.28,650.96,651.51,1785.89
2025-06-13T13:20:00.000000Z,651.52,651.84,651.24,651.51,741.31
2025-06-13T13:25:00.000000Z,651.5,652.25,651.37,651.57,964.31
2025-06-13T13:30:00.000000Z,651.56,652.53,651.34,651.83,1351.08
2025-06-13T13:35:00.000000Z,651.84,653.57,651.65,653.44,2293.8
2025-06-13T13:40:00.000000Z,653.45,653.73,652.8,653.1,1952.24
2025-06-13T13:45:00.000000Z,653.11,653.12,651.96,652.42,2189.77
2025-06-13T13:50:00.000000Z,652.41,652.76,651.37,651.43,1252.86
2025-06-13T13:55:00.000000Z,651.41,652.11,651.4,651.68,822.71
2025-06-13T14:00:00.000000Z,651.68,652.88,650.77,650.9,3213.61
2025-06-13T14:05:00.000000Z,650.9,651.21,650.45,650.95,2226.29
2025-06-13T14:10:00.000000Z,650.96,650.99,650.21,650.62,1330.68
2025-06-13T14:15:00.000000Z,650.62,650.63,649.71,650.17,3640.09
2025-06-13T14:20:00.000000Z,650.17,650.27,649.3,649.63,3627.75
2025-06-13T14:25:00.000000Z,649.64,650.16,649.34,649.4,1450.14
2025-06-13T14:30:00.000000Z,649.41,651.59,649.18,650.85,4394.23
2025-06-13T14:35:00.000000Z,650.84,652.04,650.59,651.91,2701.9
2025-06-13T14:40:00.000000Z,651.9,652.99,651.88,652.27,3709.85
2025-06-13T14:45:00.000000Z,652.3,652.5,651.56,651.92,1628.6
2025-06-13T14:50:00.000000Z,651.91,652.36,651.21,651.9,4903.21
2025-06-13T14:55:00.000000Z,651.91,652.42,651.69,652.39,1783.94
2025-06-13T15:00:00.000000Z,652.39,652.84,651.67,651.67,1724.21
2025-06-13T15:05:00.000000Z,651.67,653.52,651.54,653.48,2507.47
2025-06-13T15:10:00.000000Z,653.49,653.72,652.52,652.99,2598.82
2025-06-13T15:15:00.000000Z,652.98,653.3,652.38,652.94,1777.3
2025-06-13T15:20:00.000000Z,652.95,654.26,652.79,653.27,2856.22
2025-06-13T15:25:00.000000Z,653.28,653.98,653.22,653.98,1176.48
2025-06-13T15:30:00.000000Z,653.97,654.12,653.74,653.92,787.2
2025-06-13T15:35:00.000000Z,653.9,654.09,653.44,653.8,1348.11
2025-06-13T15:40:00.000000Z,653.78,654.41,653.71,654.15,913.18
2025-06-13T15:45:00.000000Z,654.15,654.3,653.72,654.12,1441.4
2025-06-13T15:50:00.000000Z,654.11,654.32,653.86,653.93,589.92
2025-06-13T15:55:00.000000Z,653.93,653.94,652.79,653.47,1158.67
2025-06-13T16:00:00.000000Z,653.48,653.48,652.54,653.39,1400.49
2025-06-13T16:05:00.000000Z,653.39,654.35,653.24,654.2,967.14
2025-06-13T16:10:00.000000Z,654.2,655.13,654.19,655.07,2212.57
2025-06-13T16:15:00.000000Z,655.04,655.34,654.17,654.23,3015.51
2025-06-13T16:20:00.000000Z,654.23,654.66,653.63,654.42,772.0
2025-06-13T16:25:00.000000Z,654.42,654.48,653.51,653.63,1316.22
2025-06-13T16:30:00.000000Z,653.64,653.84,653.09,653.35,1067.19
2025-06-13T16:35:00.000000Z,653.35,653.48,652.61,652.85,930.8
2025-06-13T16:40:00.000000Z,652.85,653.25,652.45,653.24,1927.39
2025-06-13T16:45:00.000000Z,653.24,653.25,652.22,652.46,1247.03
2025-06-13T16:50:00.000000Z,652.45,654.2,652.45,654.14,1569.22
2025-06-13T16:55:00.000000Z,654.15,654.33,654.09,654.19,820.2
2025-06-13T17:00:00.000000Z,654.19,654.19,653.33,653.33,915.21
2025-06-13T17:05:00.000000Z,653.33,653.95,653.16,653.93,1137.28
2025-06-13T17:10:00.000000Z,653.93,654.04,653.28,653.29,1069.55
2025-06-13T17:15:00.000000Z,653.28,653.29,652.12,652.95,2504.98
2025-06-13T17:20:00.000000Z,652.96,653.79,652.85,653.5,636.23
2025-06-13T17:25:00.000000Z,653.51,653.68,652.53,652.53,1068.61
2025-06-13T17:30:00.000000Z,652.52,653.06,652.27,652.47,1137.6
2025-06-13T17:35:00.000000Z,652.48,653.0,652.05,652.91,736.58
2025-06-13T17:40:00.000000Z,652.9,652.91,651.57,651.57,1867.08
2025-06-13T17:45:00.000000Z,651.56,651.64,650.62,650.99,2323.67
2025-06-13T17:50:00.000000Z,650.99,652.21,650.96,651.83,1401.01
2025-06-13T17:55:00.000000Z,651.82,652.37,651.66,652.25,1202.82
2025-06-13T18:00:00.000000Z,652.24,652.81,651.24,651.6,2140.92
2025-06-13T18:05:00.000000Z,651.6,651.98,651.0,651.27,996.96
2025-06-13T18:10:00.000000Z,651.27,651.56,650.75,650.8,799.14
2025-06-13T18:15:00.000000Z,650.79,650.88,650.01,650.34,1596.89
2025-06-13T18:20:00.000000Z,650.34,651.47,650.19,651.18,740.14
2025-06-13T18:25:00.000000Z,651.16,651.21,650.06,650.3,496.3
2025-06-13T18:30:00.000000Z,650.29,650.45,649.51,649.75,1646.29
2025-06-13T18:35:00.000000Z,649.76,650.03,649.3,649.49,981.37
2025-06-13T18:40:00.000000Z,649.49,649.74,649.32,649.73,707.03
2025-06-13T18:45:00.000000Z,649.73,650.84,649.56,650.49,1283.2
2025-06-13T18:50:00.000000Z,650.48,651.04,650.2,651.04,462.87
2025-06-13T18:55:00.000000Z,651.03,651.4,650.22,650.85,730.15
2025-06-13T19:00:00.000000Z,650.84,650.84,650.0,650.58,570.9
2025-06-13T19:05:00.000000Z,650.58,651.3,650.1,651.3,603.11
2025-06-13T19:10:00.000000Z,651.3,651.62,651.23,651.4,688.33
2025-06-13T19:15:00.000000Z,651.4,651.51,650.72,650.77,713.99
2025-06-13T19:20:00.000000Z,650.77,651.84,650.33,650.33,719.4
2025-06-13T19:25:00.000000Z,650.33,650.47,649.7,650.28,764.17
2025-06-13T19:30:00.000000Z,650.29,650.64,649.79,650.04,561.53
2025-06-13T19:35:00.000000Z,650.04,651.11,649.98,650.71,457.53
2025-06-13T19:40:00.000000Z,650.71,650.84,650.22,650.3,489.02
2025-06-13T19:45:00.000000Z,650.29,651.1,649.86,650.79,596.26
2025-06-13T19:50:00.000000Z,650.79,651.01,650.56,650.86,364.48
2025-06-13T19:55:00.000000Z,650.86,651.09,650.65,650.96,465.1
2025-06-13T20:00:00.000000Z,650.96,651.03,650.4,650.4,1090.59
2025-06-13T20:05:00.000000Z,650.4,650.76,650.04,650.76,1083.94
2025-06-13T20:10:00.000000Z,650.76,651.46,650.55,651.41,745.58
2025-06-13T20:15:00.000000Z,651.41,651.78,650.87,651.5,1140.45
2025-06-13T20:20:00.000000Z,651.5,651.56,650.66,651.25,931.87
2025-06-13T20:25:00.000000Z,651.25,651.77,651.05,651.66,409.48
2025-06-13T20:30:00.000000Z,651.66,652.0,651.5,651.65,460.82
2025-06-13T20:35:00.000000Z,651.65,652.12,651.62,652.03,286.81
2025-06-13T20:40:00.000000Z,652.03,652.96,651.97,652.85,699.64
2025-06-13T20:45:00.000000Z,652.85,652.85,651.78,651.78,649.39
2025-06-13T20:50:00.000000Z,651.78,652.15,651.28,652.15,698.56
2025-06-13T20:55:00.000000Z,652.16,652.76,652.16,652.53,680.55
2025-06-13T21:00:00.000000Z,652.53,652.66,651.91,651.91,756.35
2025-06-13T21:05:00.000000Z,651.91,652.23,651.84,651.94,1046.0
2025-06-13T21:10:00.000000Z,651.94,652.88,651.84,652.57,1014.28
2025-06-13T21:15:00.000000Z,652.58,652.6,652.18,652.49,576.27
2025-06-13T21:20:00.000000Z,652.49,652.67,652.35,652.67,382.29
2025-06-13T21:25:00.000000Z,652.66,652.95,652.36,652.88,740.1
2025-06-13T21:30:00.000000Z,652.89,653.15,652.39,652.39,676.03
2025-06-13T21:35:00.000000Z,652.39,652.96,652.28,652.96,335.5
2025-06-13T21:40:00.000000Z,652.97,653.08,652.83,652.88,622.14
2025-06-13T21:45:00.000000Z,652.87,653.31,652.87,653.04,491.13
2025-06-13T21:50:00.000000Z,653.03,653.04,652.79,652.8,182.14
2025-06-13T21:55:00.000000Z,652.8,653.13,652.8,653.04,419.7
2025-06-13T22:00:00.000000Z,653.05,654.0,653.05,653.85,1615.88
2025-06-13T22:05:00.000000Z,653.85,653.86,653.2,653.4,956.79
2025-06-13T22:10:00.000000Z,653.41,653.44,652.73,653.05,1025.07
2025-06-13T22:15:00.000000Z,653.04,653.55,653.02,653.17,1100.2
2025-06-13T22:20:00.000000Z,653.17,653.56,653.05,653.29,799.89
2025-06-13T22:25:00.000000Z,653.3,653.36,653.12,653.36,425.9
2025-06-13T22:30:00.000000Z,653.35,653.58,653.22,653.5,271.71
2025-06-13T22:35:00.000000Z,653.49,653.5,653.13,653.19,251.95
2025-06-13T22:40:00.000000Z,653.19,653.2,653.07,653.2,308.58
2025-06-13T22:45:00.000000Z,653.19,653.89,653.19,653.89,398.53
2025-06-13T22:50:00.000000Z,653.88,654.09,653.68,653.83,833.36
2025-06-13T22:55:00.000000Z,653.83,654.1,653.8,653.86,882.78
2025-06-13T23:00:00.000000Z,653.85,654.24,653.81,654.23,936.45
2025-06-13T23:05:00.000000Z,654.24,654.33,653.99,654.28,1082.67
2025-06-13T23:10:00.000000Z,654.28,654.29,653.44,653.67,876.55
2025-06-13T23:15:00.000000Z,653.66,654.23,653.66,654.07,634.64
2025-06-13T23:20:00.000000Z,654.07,654.52,654.07,654.52,365.22
2025-06-13T23:25:00.000000Z,654.51,654.54,654.38,654.48,761.72
2025-06-13T23:30:00.000000Z,654.47,654.47,654.07,654.4,415.76
2025-06-13T23:35:00.000000Z,654.39,654.71,654.39,654.52,609.36
2025-06-13T23:40:00.000000Z,654.51,654.52,654.2,654.43,689.9
2025-06-13T23:45:00.000000Z,654.44,654.8,654.41,654.61,676.5
2025-06-13T23:50:00.000000Z,654.6,654.6,654.33,654.53,741.56
2025-06-13T23:55:00.000000Z,654.54,655.04,654.54,655.04,892.94
2025-06-14T00:00:00.000000Z,655.03,655.05,654.36,654.38,1267.42
2025-06-14T00:05:00.000000Z,654.38,654.64,654.25,654.28,1461.34
2025-06-14T00:10:00.000000Z,654.28,654.36,653.89,654.06,1173.42
2025-06-14T00:15:00.000000Z,654.05,654.07,653.25,653.32,1359.17
2025-06-14T00:20:00.000000Z,653.32,654.26,653.04,654.06,1236.31
2025-06-14T00:25:00.000000Z,654.06,654.06,653.04,653.26,1181.31
2025-06-14T00:30:00.000000Z,653.26,653.54,653.0,653.4,571.66
2025-06-14T00:35:00.000000Z,653.41,653.49,653.16,653.31,1217.01
2025-06-14T00:40:00.000000Z,653.31,654.16,653.3,654.02,1073.42
2025-06-14T00:45:00.000000Z,654.02,654.08,653.71,653.93,504.31
2025-06-14T00:50:00.000000Z,653.93,654.88,653.85,653.9,1670.86
2025-06-14T00:55:00.000000Z,653.89,653.89,653.3,653.73,562.74
2025-06-14T01:00:00.000000Z,653.74,653.82,652.82,652.88,1284.02
2025-06-14T01:05:00.000000Z,652.87,653.11,652.6,653.09,1384.21
2025-06-14T01:10:00.000000Z,653.09,653.1,652.53,652.76,667.96
2025-06-14T01:15:00.000000Z,652.75,653.11,652.52,653.06,902.81
2025-06-14T01:20:00.000000Z,653.07,653.07,652.6,652.8,540.61
2025-06-14T01:25:00.000000Z,652.79,652.82,652.56,652.57,482.26
2025-06-14T01:30:00.000000Z,652.56,653.06,652.36,652.65,727.88
2025-06-14T01:35:00.000000Z,652.65,652.72,652.36,652.36,428.33
2025-06-14T01:40:00.000000Z,652.36,652.49,652.0,652.12,787.72
2025-06-14T01:45:00.000000Z,652.11,652.4,651.77,651.77,1120.79
2025-06-14T01:50:00.000000Z,651.76,651.84,650.0,650.43,4500.3
2025-06-14T01:55:00.000000Z,650.42,650.66,650.2,650.51,898.18
2025-06-14T02:00:00.000000Z,650.5,650.6,650.32,650.4,1125.91
2025-06-14T02:05:00.000000Z,650.39,650.56,650.34,650.48,550.5
2025-06-14T02:10:00.000000Z,650.48,651.2,650.48,651.14,682.26
2025-06-14T02:15:00.000000Z,651.14,651.34,651.0,651.34,418.19
2025-06-14T02:20:00.000000Z,651.33,651.71,651.32,651.42,927.72
2025-06-14T02:25:00.000000Z,651.42,651.42,650.61,650.87,604.09
2025-06-14T02:30:00.000000Z,650.88,651.2,650.83,650.92,449.61
2025-06-14T02:35:00.000000Z,650.92,651.06,650.83,650.89,382.19
2025-06-14T02:40:00.000000Z,650.89,651.16,650.89,651.13,350.0
2025-06-14T02:45:00.000000Z,651.13,651.31,651.02,651.31,577.28
2025-06-14T02:50:00.000000Z,651.3,651.56,651.2,651.47,421.04
2025-06-14T02:55:00.000000Z,651.46,651.47,651.23,651.36,354.88
2025-06-14T03:00:00.000000Z,651.35,651.41,651.18,651.35,792.35
2025-06-14T03:05:00.000000Z,651.36,651.38,651.0,651.09,778.8
2025-06-14T03:10:00.000000Z,651.1,651.1,650.91,651.0,614.87
2025-06-14T03:15:00.000000Z,651.0,651.43,650.74,651.26,721.8
2025-06-14T03:20:00.000000Z,651.25,651.46,651.19,651.19,453.4
2025-06-14T03:25:00.000000Z,651.19,651.56,651.19,651.56,232.6
2025-06-14T03:30:00.000000Z,651.55,651.7,651.3,651.6,550.69
2025-06-14T03:35:00.000000Z,651.59,651.66,651.33,651.43,411.23
2025-06-14T03:40:00.000000Z,651.42,651.44,651.2,651.21,425.5
2025-06-14T03:45:00.000000Z,651.21,651.21,650.39,650.53,621.08
2025-06-14T03:50:00.000000Z,650.54,650.84,650.52,650.75,393.14
2025-06-14T03:55:00.000000Z,650.76,650.9,650.75,650.87,191.5
2025-06-14T04:00:00.000000Z,650.87,650.87,650.44,650.44,682.48
2025-06-14T04:05:00.000000Z,650.45,650.6,650.08,650.46,1229.94
2025-06-14T04:10:00.000000Z,650.45,650.76,650.4,650.42,408.97
2025-06-14T04:15:00.000000Z,650.41,650.91,650.41,650.44,765.01
2025-06-14T04:20:00.000000Z,650.44,650.94,650.29,650.71,895.38
2025-06-14T04:25:00.000000Z,650.71,651.15,650.71,651.14,358.76
2025-06-14T04:30:00.000000Z,651.14,651.65,651.14,651.41,1208.7
2025-06-14T04:35:00.000000Z,651.41,651.56,651.28,651.28,398.15
2025-06-14T04:40:00.000000Z,651.28,651.8,651.27,651.79,389.95
2025-06-14T04:45:00.000000Z,651.8,651.86,651.48,651.48,687.26
2025-06-14T04:50:00.000000Z,651.48,651.48,651.1,651.21,498.46
2025-06-14T04:55:00.000000Z,651.21,651.21,650.77,651.11,408.54
2025-06-14T05:00:00.000000Z,651.11,651.24,650.57,650.81,943.43
2025-06-14T05:05:00.000000Z,650.81,650.87,650.67,650.74,658.04
2025-06-14T05:10:00.000000Z,650.74,650.91,650.6,650.68,431.26
2025-06-14T05:15:00.000000Z,650.68,650.91,650.6,650.77,1083.12
2025-06-14T05:20:00.000000Z,650.77,650.98,650.76,650.89,387.02
2025-06-14T05:25:00.000000Z,650.88,651.04,650.82,650.9,309.3
2025-06-14T05:30:00.000000Z,650.9,650.96,650.72,650.72,310.39
2025-06-14T05:35:00.000000Z,650.73,651.38,650.73,651.25,382.69
2025-06-14T05:40:00.000000Z,651.25,651.8,651.24,651.71,659.01
2025-06-14T05:45:00.000000Z,651.71,652.17,651.7,651.88,1053.81
2025-06-14T05:50:00.000000Z,651.88,652.16,651.81,651.83,489.75
2025-06-14T05:55:00.000000Z,651.84,652.11,651.83,652.04,265.39
2025-06-14T06:00:00.000000Z,652.04,652.08,651.74,651.81,600.58
2025-06-14T06:05:00.000000Z,651.81,652.16,651.58,652.06,949.57
2025-06-14T06:10:00.000000Z,652.06,652.12,651.7,651.79,658.54
2025-06-14T06:15:00.000000Z,651.79,651.87,651.0,651.13,919.2
2025-06-14T06:20:00.000000Z,651.12,651.31,650.85,651.25,494.03
2025-06-14T06:25:00.000000Z,651.25,651.5,651.12,651.49,341.63
2025-06-14T06:30:00.000000Z,651.49,651.49,650.92,651.35,403.11
2025-06-14T06:35:00.000000Z,651.36,651.65,651.24,651.65,429.71
2025-06-14T06:40:00.000000Z,651.64,651.64,651.31,651.5,321.11
2025-06-14T06:45:00.000000Z,651.5,651.72,651.49,651.66,289.23
2025-06-14T06:50:00.000000Z,651.66,651.72,651.55,651.64,387.32
2025-06-14T06:55:00.000000Z,651.64,651.72,651.36,651.5,837.41
2025-06-14T07:00:00.000000Z,651.5,651.6,651.09,651.33,1780.06
2025-06-14T07:05:00.000000Z,651.32,651.32,650.43,650.65,1116.47
2025-06-14T07:10:00.000000Z,650.65,650.66,650.33,650.39,688.07
2025-06-14T07:15:00.000000Z,650.39,650.55,650.08,650.09,975.44
2025-06-14T07:20:00.000000Z,650.09,650.9,649.69,650.72,1614.95
2025-06-14T07:25:00.000000Z,650.71,650.93,650.71,650.81,599.13
2025-06-14T07:30:00.000000Z,650.82,651.5,650.77,651.39,1088.16
2025-06-14T07:35:00.000000Z,651.39,651.7,651.33,651.59,459.64
2025-06-14T07:40:00.000000Z,651.59,651.74,651.56,651.73,330.75
2025-06-14T07:45:00.000000Z,651.73,651.84,651.64,651.64,466.39
2025-06-14T07:50:00.000000Z,651.64,651.64,651.36,651.42,598.99
2025-06-14T07:55:00.000000Z,651.42,651.7,651.37,651.43,347.86
2025-06-14T08:00:00.000000Z,651.42,651.43,650.7,650.7,750.84
2025-06-14T08:05:00.000000Z,650.7,650.71,650.36,650.38,1150.41
2025-06-14T08:10:00.000000Z,650.38,650.5,650.28,650.29,760.94
2025-06-14T08:15:00.000000Z,650.28,650.56,649.76,650.01,2769.42
2025-06-14T08:20:00.000000Z,650.01,650.09,649.05,649.95,4636.72
2025-06-14T08:25:00.000000Z,649.95,650.34,649.95,650.33,687.39
2025-06-14T08:30:00.000000Z,650.33,650.34,649.35,649.66,694.94
2025-06-14T08:35:00.000000Z,649.65,650.63,649.65,650.48,894.05
2025-06-14T08:40:00.000000Z,650.49,650.6,650.27,650.44,643.91
2025-06-14T08:45:00.000000Z,650.44,650.56,650.27,650.35,614.09
2025-06-14T08:50:00.000000Z,650.36,650.36,649.83,650.12,683.38
2025-06-14T08:55:00.000000Z,650.12,650.13,650.08,650.13,226.08
2025-06-14T09:00:00.000000Z,650.13,650.13,649.75,649.85,704.44
2025-06-14T09:05:00.000000Z,649.85,650.01,649.76,649.77,690.59
2025-06-14T09:10:00.000000Z,649.78,649.85,649.44,649.45,1651.44
2025-06-14T09:15:00.000000Z,649.44,649.67,649.41,649.67,977.05
2025-06-14T09:20:00.000000Z,649.66,650.01,649.66,649.79,460.89
2025-06-14T09:25:00.000000Z,649.78,649.79,649.18,649.41,821.98
2025-06-14T09:30:00.000000Z,649.4,649.45,649.15,649.32,1486.27
2025-06-14T09:35:00.000000Z,649.32,649.32,649.07,649.31,1034.23
2025-06-14T09:40:00.000000Z,649.31,649.5,649.31,649.44,503.25
2025-06-14T09:45:00.000000Z,649.45,649.54,648.77,648.95,1354.99
2025-06-14T09:50:00.000000Z,648.95,649.2,648.93,648.94,676.15
2025-06-14T09:55:00.000000Z,648.93,649.06,648.69,648.81,1476.94
2025-06-14T10:00:00.000000Z,648.81,648.94,648.71,648.93,838.95
2025-06-14T10:05:00.000000Z,648.92,649.7,648.85,648.95,974.54
2025-06-14T10:10:00.000000Z,648.95,649.94,648.95,649.9,1317.2
2025-06-14T10:15:00.000000Z,649.89,649.9,649.29,649.29,1411.46
2025-06-14T10:20:00.000000Z,649.29,649.48,649.12,649.48,460.59
2025-06-14T10:25:00.000000Z,649.48,649.88,649.38,649.87,476.68
2025-06-14T10:30:00.000000Z,649.87,650.2,649.87,650.16,1466.09
2025-06-14T10:35:00.000000Z,650.16,650.16,649.27,649.82,1052.36
2025-06-14T10:40:00.000000Z,649.83,649.97,649.76,649.92,385.16
2025-06-14T10:45:00.000000Z,649.93,650.05,649.78,649.93,397.98
2025-06-14T10:50:00.000000Z,649.93,650.05,649.88,649.89,246.37
2025-06-14T10:55:00.000000Z,649.89,649.93,649.86,649.86,157.9
2025-06-14T11:00:00.000000Z,649.87,650.16,649.86,650.01,521.2
2025-06-14T11:05:00.000000Z,650.01,650.25,649.88,650.04,437.0
2025-06-14T11:10:00.000000Z,650.05,650.19,650.0,650.15,278.1
2025-06-14T11:15:00.000000Z,650.16,650.46,650.04,650.44,474.86
2025-06-14T11:20:00.000000Z,650.44,650.48,650.1,650.19,488.62
2025-06-14T11:25:00.000000Z,650.19,650.4,650.12,650.17,275.23
2025-06-14T11:30:00.000000Z,650.17,650.4,650.17,650.19,400.29
2025-06-14T11:35:00.000000Z,650.18,650.33,650.08,650.09,310.06
2025-06-14T11:40:00.000000Z,650.08,650.1,649.76,649.77,254.53
2025-06-14T11:45:00.000000Z,649.78,650.08,649.68,650.04,727.66
2025-06-14T11:50:00.000000Z,650.04,650.32,650.03,650.31,624.23
2025-06-14T11:55:00.000000Z,650.31,650.42,650.16,650.16,600.66
2025-06-14T12:00:00.000000Z,650.17,650.32,650.12,650.15,359.86
2025-06-14T12:05:00.000000Z,650.15,650.15,649.55,649.66,548.94
2025-06-14T12:10:00.000000Z,649.66,649.73,649.55,649.64,504.44
2025-06-14T12:15:00.000000Z,649.64,649.92,649.27,649.27,456.81
2025-06-14T12:20:00.000000Z,649.26,649.26,648.91,649.1,740.74
2025-06-14T12:25:00.000000Z,649.09,649.28,648.89,649.03,404.2
2025-06-14T12:30:00.000000Z,649.03,649.29,648.8,649.27,522.06
2025-06-14T12:35:00.000000Z,649.27,649.39,649.1,649.12,1369.22
2025-06-14T12:40:00.000000Z,649.13,649.13,648.24,648.39,1978.48
2025-06-14T12:45:00.000000Z,648.4,648.74,648.4,648.67,898.44
2025-06-14T12:50:00.000000Z,648.68,649.49,648.68,649.15,2011.27
2025-06-14T12:55:00.000000Z,649.15,649.52,649.08,649.41,592.92
2025-06-14T13:00:00.000000Z,649.41,650.14,648.96,649.81,930.0
2025-06-14T13:05:00.000000Z,649.82,649.87,649.25,649.26,696.58
2025-06-14T13:10:00.000000Z,649.25,649.61,649.25,649.37,552.15
2025-06-14T13:15:00.000000Z,649.36,649.44,648.87,648.92,595.57
2025-06-14T13:20:00.000000Z,648.92,649.24,648.91,649.12,634.93
2025-06-14T13:25:00.000000Z,649.11,649.11,648.81,648.81,636.62
2025-06-14T13:30:00.000000Z,648.81,648.81,648.36,648.38,607.57
2025-06-14T13:35:00.000000Z,648.38,648.72,648.33,648.63,691.2
2025-06-14T13:40:00.000000Z,648.63,648.64,647.59,647.62,2184.19
2025-06-14T13:45:00.000000Z,647.62,647.66,647.4,647.65,1789.65
2025-06-14T13:50:00.000000Z,647.65,648.24,647.52,647.84,713.62
2025-06-14T13:55:00.000000Z,647.84,647.96,647.76,647.94,440.48
2025-06-14T14:00:00.000000Z,647.94,648.19,647.88,647.97,569.56
2025-06-14T14:05:00.000000Z,647.97,648.02,647.43,647.69,770.9
2025-06-14T14:10:00.000000Z,647.7,647.79,647.39,647.65,947.61
2025-06-14T14:15:00.000000Z,647.64,647.92,647.42,647.8,547.61
2025-06-14T14:20:00.000000Z,647.8,647.92,647.46,647.68,398.39
2025-06-14T14:25:00.000000Z,647.68,648.03,647.5,647.58,518.03
2025-06-14T14:30:00.000000Z,647.57,647.71,646.8,647.03,1251.86
2025-06-14T14:35:00.000000Z,647.03,647.11,646.69,646.91,692.08
2025-06-14T14:40:00.000000Z,646.92,646.96,646.52,646.57,640.0
2025-06-14T14:45:00.000000Z,646.57,646.77,646.32,646.41,1238.8
2025-06-14T14:50:00.000000Z,646.42,646.62,646.21,646.29,1038.87
2025-06-14T14:55:00.000000Z,646.3,646.41,646.03,646.19,891.94
2025-06-14T15:00:00.000000Z,646.18,646.19,645.78,646.01,1598.81
2025-06-14T15:05:00.000000Z,646.01,646.16,645.8,645.8,692.95
2025-06-14T15:10:00.000000Z,645.8,645.87,645.34,645.62,1642.16
2025-06-14T15:15:00.000000Z,645.61,646.29,645.6,646.02,1003.5
2025-06-14T15:20:00.000000Z,646.02,646.36,645.8,646.15,2068.86
2025-06-14T15:25:00.000000Z,646.15,646.28,645.7,646.05,2173.61
2025-06-14T15:30:00.000000Z,646.06,646.06,645.17,645.31,2370.18
2025-06-14T15:35:00.000000Z,645.32,645.48,644.6,644.65,4156.61
2025-06-14T15:40:00.000000Z,644.65,644.66,644.16,644.25,2557.1
2025-06-14T15:45:00.000000Z,644.26,644.31,643.88,644.09,3268.39
2025-06-14T15:50:00.000000Z,644.09,644.87,644.0,644.65,1568.78
2025-06-14T15:55:00.000000Z,644.65,645.27,644.44,644.94,1678.62
2025-06-14T16:00:00.000000Z,644.94,645.47,644.52,645.36,2334.21
2025-06-14T16:05:00.000000Z,645.37,645.72,644.92,644.92,1186.63
2025-06-14T16:10:00.000000Z,644.92,644.92,644.32,644.64,1686.68
2025-06-14T16:15:00.000000Z,644.64,644.96,644.0,644.13,1400.65
2025-06-14T16:20:00.000000Z,644.14,644.6,643.77,644.02,1303.49
2025-06-14T16:25:00.000000Z,644.02,644.09,643.33,643.35,2233.56
2025-06-14T16:30:00.000000Z,643.34,643.5,642.69,643.06,2473.05
2025-06-14T16:35:00.000000Z,643.07,643.75,642.89,642.99,1303.44
2025-06-14T16:40:00.000000Z,642.99,643.35,642.75,642.88,1872.63
2025-06-14T16:45:00.000000Z,642.89,642.89,640.08,640.35,11921.86
2025-06-14T16:50:00.000000Z,640.35,641.84,640.05,641.53,9202.05
2025-06-14T16:55:00.000000Z,641.53,641.94,641.01,641.05,2524.83
2025-06-14T17:00:00.000000Z,641.05,642.33,640.52,642.21,3773.7
2025-06-14T17:05:00.000000Z,642.21,642.65,642.09,642.53,2075.53
2025-06-14T17:10:00.000000Z,642.54,642.69,642.24,642.42,1217.75
2025-06-14T17:15:00.000000Z,642.41,643.86,642.4,643.64,2565.08
2025-06-14T17:20:00.000000Z,643.65,643.95,643.24,643.24,917.06
2025-06-14T17:25:00.000000Z,643.24,643.64,643.04,643.24,561.63
2025-06-14T17:30:00.000000Z,643.24,643.49,642.72,642.72,844.64
2025-06-14T17:35:00.000000Z,642.72,643.5,642.69,643.29,548.06
2025-06-14T17:40:00.000000Z,643.28,643.29,641.76,642.25,1463.62
2025-06-14T17:45:00.000000Z,642.25,643.25,642.2,642.65,793.93
2025-06-14T17:50:00.000000Z,642.65,643.12,642.65,642.91,425.87
2025-06-14T17:55:00.000000Z,642.91,643.26,642.88,642.97,388.53
2025-06-14T18:00:00.000000Z,642.98,643.29,642.93,643.29,1050.06
2025-06-14T18:05:00.000000Z,643.28,643.73,643.01,643.23,1190.19
2025-06-14T18:10:00.000000Z,643.22,643.61,643.05,643.05,720.41
2025-06-14T18:15:00.000000Z,643.05,643.06,642.0,642.09,885.69
2025-06-14T18:20:00.000000Z,642.09,642.18,641.56,641.56,926.48
2025-06-14T18:25:00.000000Z,641.56,641.57,640.15,640.33,2651.52
2025-06-14T18:30:00.000000Z,640.32,640.34,638.64,639.33,8021.49
2025-06-14T18:35:00.000000Z,639.33,639.39,638.52,638.69,3103.06
2025-06-14T18:40:00.000000Z,638.69,639.19,638.55,639.11,1493.45
2025-06-14T18:45:00.000000Z,639.11,639.15,638.55,639.08,1282.23
2025-06-14T18:50:00.000000Z,639.08,640.55,639.08,640.54,1618.57
2025-06-14T18:55:00.000000Z,640.55,641.33,640.54,641.28,2972.37
2025-06-14T19:00:00.000000Z,641.29,641.56,640.91,641.2,1278.88
2025-06-14T19:05:00.000000Z,641.2,641.79,640.94,641.01,953.43
2025-06-14T19:10:00.000000Z,641.01,641.56,640.88,641.46,1496.83
2025-06-14T19:15:00.000000Z,641.46,641.7,641.17,641.7,741.11
2025-06-14T19:20:00.000000Z,641.69,641.69,641.1,641.1,765.09
2025-06-14T19:25:00.000000Z,641.11,641.21,640.95,641.08,391.62
2025-06-14T19:30:00.000000Z,641.09,641.56,641.08,641.32,462.48
2025-06-14T19:35:00.000000Z,641.33,641.73,641.25,641.6,473.73
2025-06-14T19:40:00.000000Z,641.6,642.13,641.5,641.98,1079.37
2025-06-14T19:45:00.000000Z,641.97,641.97,641.1,641.1,649.04
2025-06-14T19:50:00.000000Z,641.11,641.11,640.56,640.77,600.91
2025-06-14T19:55:00.000000Z,640.77,640.77,640.27,640.28,529.7
2025-06-14T20:00:00.000000Z,640.27,641.02,640.27,640.66,1170.22
2025-06-14T20:05:00.000000Z,640.65,640.65,638.76,638.76,2696.56
2025-06-14T20:10:00.000000Z,638.76,639.18,638.37,638.69,1580.84
2025-06-14T20:15:00.000000Z,638.69,639.72,638.58,639.65,1184.04
2025-06-14T20:20:00.000000Z,639.66,640.23,638.92,639.36,926.82
2025-06-14T20:25:00.000000Z,639.33,640.1,639.28,639.85,631.17
2025-06-14T20:30:00.000000Z,639.85,640.6,639.85,640.39,1147.26
2025-06-14T20:35:00.000000Z,640.32,640.91,639.92,640.85,791.16
2025-06-14T20:40:00.000000Z,640.85,640.92,640.48,640.73,577.86
2025-06-14T20:45:00.000000Z,640.72,640.99,640.56,640.72,541.31
2025-06-14T20:50:00.000000Z,640.72,640.96,640.0,640.0,1027.93
2025-06-14T20:55:00.000000Z,640.0,640.56,639.93,640.56,611.58
2025-06-14T21:00:00.000000Z,640.57,640.68,640.35,640.4,562.01
2025-06-14T21:05:00.000000Z,640.41,640.8,640.32,640.79,471.25
2025-06-14T21:10:00.000000Z,640.8,640.8,640.26,640.67,666.94
2025-06-14T21:15:00.000000Z,640.67,641.0,640.36,640.95,510.92
2025-06-14T21:20:00.000000Z,640.95,641.88,640.44,640.49,1361.98
2025-06-14T21:25:00.000000Z,640.49,641.75,640.49,641.75,563.19
2025-06-14T21:30:00.000000Z,641.74,641.99,641.56,641.75,560.54
2025-06-14T21:35:00.000000Z,641.76,641.98,641.47,641.97,297.36
2025-06-14T21:40:00.000000Z,641.98,642.48,641.94,642.39,857.95
2025-06-14T21:45:00.000000Z,642.39,642.99,642.39,642.75,641.89
2025-06-14T21:50:00.000000Z,642.76,643.3,642.75,643.16,621.83
2025-06-14T21:55:00.000000Z,643.17,643.61,643.1,643.2,666.59
2025-06-14T22:00:00.000000Z,643.2,643.93,643.2,643.81,929.04
2025-06-14T22:05:00.000000Z,643.81,643.82,643.3,643.52,743.38
2025-06-14T22:10:00.000000Z,643.52,643.52,643.0,643.21,579.66
2025-06-14T22:15:00.000000Z,643.22,643.32,643.01,643.2,559.76
2025-06-14T22:20:00.000000Z,643.19,643.59,643.16,643.49,641.7
2025-06-14T22:25:00.000000Z,643.48,643.59,643.29,643.29,394.0
2025-06-14T22:30:00.000000Z,643.29,643.29,642.28,643.03,1093.96
2025-06-14T22:35:00.000000Z,643.04,643.2,643.0,643.08,281.89
2025-06-14T22:40:00.000000Z,643.08,643.08,642.56,642.76,282.55
2025-06-14T22:45:00.000000Z,642.76,643.38,642.62,643.37,492.77
2025-06-14T22:50:00.000000Z,643.38,643.64,643.37,643.53,540.62
2025-06-14T22:55:00.000000Z,643.52,643.73,643.48,643.72,180.7
2025-06-14T23:00:00.000000Z,643.73,643.73,643.5,643.7,467.37
2025-06-14T23:05:00.000000Z,643.69,644.19,643.6,644.01,922.33
2025-06-14T23:10:00.000000Z,644.01,644.23,643.94,644.01,721.38
2025-06-14T23:15:00.000000Z,644.01,644.3,644.01,644.27,809.97
2025-06-14T23:20:00.000000Z,644.27,644.48,644.12,644.23,618.53
2025-06-14T23:25:00.000000Z,644.23,644.6,644.13,644.55,386.98
2025-06-14T23:30:00.000000Z,644.55,644.96,644.37,644.95,1147.02
2025-06-14T23:35:00.000000Z,644.95,645.3,644.89,645.08,1261.74
2025-06-14T23:40:00.000000Z,645.09,645.75,645.07,645.75,1463.66
2025-06-14T23:45:00.000000Z,645.75,645.99,645.21,645.24,1071.83
2025-06-14T23:50:00.000000Z,645.25,645.32,645.07,645.23,327.62
2025-06-14T23:55:00.000000Z,645.22,645.24,645.06,645.23,340.16
2025-06-15T00:00:00.000000Z,645.23,645.39,645.01,645.05,1242.35
2025-06-15T00:05:00.000000Z,645.03,645.08,644.57,644.76,980.7
2025-06-15T00:10:00.000000Z,644.76,645.0,644.56,644.99,575.68
2025-06-15T00:15:00.000000Z,645.0,645.74,644.99,645.74,649.58
2025-06-15T00:20:00.000000Z,645.74,645.8,645.4,645.4,550.49
2025-06-15T00:25:00.000000Z,645.4,645.58,645.12,645.48,962.37
2025-06-15T00:30:00.000000Z,645.49,645.72,645.2,645.7,415.9
2025-06-15T00:35:00.000000Z,645.7,646.35,645.7,645.89,1697.0
2025-06-15T00:40:00.000000Z,645.89,646.16,645.64,645.65,394.67
2025-06-15T00:45:00.000000Z,645.65,645.96,645.64,645.69,415.17
2025-06-15T00:50:00.000000Z,645.69,646.04,645.67,645.68,1074.17
2025-06-15T00:55:00.000000Z,645.68,646.0,645.56,645.99,738.22
2025-06-15T01:00:00.000000Z,646.0,646.76,645.66,645.81,2782.11
2025-06-15T01:05:00.000000Z,645.82,645.95,645.66,645.88,663.37
2025-06-15T01:10:00.000000Z,645.88,646.13,645.6,646.09,425.98
2025-06-15T01:15:00.000000Z,646.09,646.12,645.21,645.44,944.21
2025-06-15T01:20:00.000000Z,645.43,645.51,645.24,645.5,513.84
2025-06-15T01:25:00.000000Z,645.5,645.8,645.41,645.55,678.45
2025-06-15T01:30:00.000000Z,645.56,645.6,645.28,645.35,470.36
2025-06-15T01:35:00.000000Z,645.35,645.75,645.35,645.75,379.35
2025-06-15T01:40:00.000000Z,645.75,645.9,645.51,645.9,257.85
2025-06-15T01:45:00.000000Z,645.9,646.0,645.67,645.81,364.96
2025-06-15T01:50:00.000000Z,645.8,645.99,645.64,645.81,223.8
2025-06-15T01:55:00.000000Z,645.81,645.9,645.68,645.9,366.67
2025-06-15T02:00:00.000000Z,645.89,646.67,645.89,646.67,1399.27
2025-06-15T02:05:00.000000Z,646.66,647.0,646.66,646.83,882.27
2025-06-15T02:10:00.000000Z,646.83,647.25,646.82,647.05,936.27
2025-06-15T02:15:00.000000Z,647.05,647.24,646.96,646.97,307.86
2025-06-15T02:20:00.000000Z,646.97,647.35,646.96,647.35,470.16
2025-06-15T02:25:00.000000Z,647.35,647.35,647.12,647.29,319.88
2025-06-15T02:30:00.000000Z,647.29,647.33,647.0,647.15,372.97
2025-06-15T02:35:00.000000Z,647.16,647.2,647.04,647.2,199.78
2025-06-15T02:40:00.000000Z,647.2,647.23,646.93,647.01,301.67
2025-06-15T02:45:00.000000Z,647.01,647.16,646.66,647.04,571.79
2025-06-15T02:50:00.000000Z,647.04,647.04,646.63,646.75,388.82
2025-06-15T02:55:00.000000Z,646.74,646.92,646.7,646.81,387.98
2025-06-15T03:00:00.000000Z,646.81,646.96,646.74,646.91,291.71
2025-06-15T03:05:00.000000Z,646.92,647.37,646.79,647.33,742.8
2025-06-15T03:10:00.000000Z,647.34,647.34,647.28,647.3,334.94
2025-06-15T03:15:00.000000Z,647.3,647.43,647.29,647.33,456.19
2025-06-15T03:20:00.000000Z,647.34,647.42,647.26,647.42,181.21
2025-06-15T03:25:00.000000Z,647.42,647.66,647.41,647.53,859.39
2025-06-15T03:30:00.000000Z,647.53,647.53,647.11,647.36,522.0
2025-06-15T03:35:00.000000Z,647.35,647.63,647.16,647.5,300.86
2025-06-15T03:40:00.000000Z,647.5,647.64,647.5,647.56,188.25
2025-06-15T03:45:00.000000Z,647.56,647.66,647.33,647.44,303.16
2025-06-15T03:50:00.000000Z,647.44,647.45,647.08,647.28,648.47
2025-06-15T03:55:00.000000Z,647.27,647.28,647.12,647.24,469.11
2025-06-15T04:00:00.000000Z,647.24,647.66,647.23,647.56,753.48
2025-06-15T04:05:00.000000Z,647.57,647.8,647.56,647.8,546.43
2025-06-15T04:10:00.000000Z,647.8,648.3,647.79,648.3,1873.03
2025-06-15T04:15:00.000000Z,648.3,648.57,648.25,648.29,1342.17
2025-06-15T04:20:00.000000Z,648.29,648.57,648.09,648.53,891.16
2025-06-15T04:25:00.000000Z,648.53,648.6,648.4,648.46,503.33
2025-06-15T04:30:00.000000Z,648.46,648.82,648.45,648.82,573.9
2025-06-15T04:35:00.000000Z,648.82,648.86,648.66,648.79,762.73
2025-06-15T04:40:00.000000Z,648.79,648.79,648.14,648.72,1266.44
2025-06-15T04:45:00.000000Z,648.72,648.93,648.65,648.8,664.38
2025-06-15T04:50:00.000000Z,648.81,648.83,648.72,648.82,225.26
2025-06-15T04:55:00.000000Z,648.83,649.0,648.65,648.94,714.85
2025-06-15T05:00:00.000000Z,648.94,649.0,648.88,649.0,370.94
2025-06-15T05:05:00.000000Z,649.0,649.0,648.89,648.93,552.68
2025-06-15T05:10:00.000000Z,648.93,649.19,648.76,648.88,837.0
2025-06-15T05:15:00.000000Z,648.88,648.88,648.36,648.58,574.06
2025-06-15T05:20:00.000000Z,648.59,648.59,648.15,648.16,699.48
2025-06-15T05:25:00.000000Z,648.15,648.89,648.15,648.89,518.45
2025-06-15T05:30:00.000000Z,648.89,649.3,648.89,649.29,681.88
2025-06-15T05:35:00.000000Z,649.3,649.49,649.25,649.28,628.59
2025-06-15T05:40:00.000000Z,649.28,649.5,649.27,649.5,754.71
2025-06-15T05:45:00.000000Z,649.5,649.9,649.49,649.72,1513.82
2025-06-15T05:50:00.000000Z,649.72,649.72,649.26,649.55,969.71
2025-06-15T05:55:00.000000Z,649.55,649.69,649.44,649.68,697.55
2025-06-15T06:00:00.000000Z,649.68,649.8,649.47,649.52,1012.54
2025-06-15T06:05:00.000000Z,649.52,649.71,648.77,648.86,1536.89
2025-06-15T06:10:00.000000Z,648.86,648.94,648.54,648.56,755.35
2025-06-15T06:15:00.000000Z,648.55,649.0,648.47,648.75,781.55
2025-06-15T06:20:00.000000Z,648.74,648.75,647.9,648.23,1456.79
2025-06-15T06:25:00.000000Z,648.23,648.24,647.88,648.23,1030.53
2025-06-15T06:30:00.000000Z,648.23,648.58,648.04,648.04,964.02
2025-06-15T06:35:00.000000Z,648.04,650.57,648.04,649.62,11180.43
2025-06-15T06:40:00.000000Z,649.63,650.88,649.53,650.85,2114.25
2025-06-15T06:45:00.000000Z,650.85,651.76,650.23,651.49,5737.91
2025-06-15T06:50:00.000000Z,651.49,651.52,650.34,650.56,1351.36
2025-06-15T06:55:00.000000Z,650.56,650.68,650.34,650.67,1031.22
2025-06-15T07:00:00.000000Z,650.67,650.77,650.27,650.29,994.67
2025-06-15T07:05:00.000000Z,650.3,650.3,649.56,649.62,1340.58
2025-06-15T07:10:00.000000Z,649.61,650.4,649.21,650.26,1526.31
2025-06-15T07:15:00.000000Z,650.27,650.27,649.69,649.83,1080.75
2025-06-15T07:20:00.000000Z,649.83,650.01,649.66,649.7,336.25
2025-06-15T07:25:00.000000Z,649.71,649.92,649.5,649.68,492.88
2025-06-15T07:30:00.000000Z,649.68,649.68,648.6,648.71,1503.05
2025-06-15T07:35:00.000000Z,648.72,648.96,648.54,648.68,663.93
2025-06-15T07:40:00.000000Z,648.69,648.96,648.68,648.75,535.84
2025-06-15T07:45:00.000000Z,648.76,649.28,648.67,649.07,750.76
2025-06-15T07:50:00.000000Z,649.08,649.11,648.87,649.06,472.08
2025-06-15T07:55:00.000000Z,649.06,649.06,648.82,648.82,610.81
2025-06-15T08:00:00.000000Z,648.82,649.09,648.64,648.74,1150.8
2025-06-15T08:05:00.000000Z,648.74,648.96,648.12,648.31,1608.51
2025-06-15T08:10:00.000000Z,648.31,648.31,647.45,647.45,1418.86
2025-06-15T08:15:00.000000Z,647.46,647.91,646.42,646.42,4760.03
2025-06-15T08:20:00.000000Z,646.43,647.45,646.42,647.32,1236.16
2025-06-15T08:25:00.000000Z,647.32,647.47,646.87,646.87,773.35
2025-06-15T08:30:00.000000Z,646.88,647.4,646.69,647.14,1611.63
2025-06-15T08:35:00.000000Z,647.14,647.57,647.1,647.1,718.82
2025-06-15T08:40:00.000000Z,647.1,647.63,647.1,647.49,646.68
2025-06-15T08:45:00.000000Z,647.49,647.6,647.39,647.46,433.57
2025-06-15T08:50:00.000000Z,647.47,647.6,647.22,647.39,505.01
2025-06-15T08:55:00.000000Z,647.39,647.55,647.24,647.54,298.29
2025-06-15T09:00:00.000000Z,647.53,647.53,646.77,646.89,652.6
2025-06-15T09:05:00.000000Z,646.9,647.41,646.68,647.12,2410.82
2025-06-15T09:10:00.000000Z,647.11,647.24,646.77,646.82,680.09
2025-06-15T09:15:00.000000Z,646.82,646.86,646.17,646.24,1359.86
2025-06-15T09:20:00.000000Z,646.24,646.43,645.66,646.43,1812.69
2025-06-15T09:25:00.000000Z,646.42,646.43,646.01,646.02,403.32
2025-06-15T09:30:00.000000Z,646.01,646.23,645.77,646.01,747.23
2025-06-15T09:35:00.000000Z,646.0,646.71,645.71,646.7,1026.48
2025-06-15T09:40:00.000000Z,646.7,646.89,646.58,646.76,822.61
2025-06-15T09:45:00.000000Z,646.75,647.08,646.5,646.93,471.18
2025-06-15T09:50:00.000000Z,646.93,646.93,646.08,646.2,565.91
2025-06-15T09:55:00.000000Z,646.2,646.37,645.9,646.1,574.07
2025-06-15T10:00:00.000000Z,646.11,646.94,646.0,646.87,868.24
2025-06-15T10:05:00.000000Z,646.88,647.58,646.87,647.58,914.44
2025-06-15T10:10:00.000000Z,647.58,647.97,647.58,647.93,601.49
2025-06-15T10:15:00.000000Z,647.93,648.26,647.41,647.41,1618.11
2025-06-15T10:20:00.000000Z,647.4,648.06,647.29,647.85,450.85
2025-06-15T10:25:00.000000Z,647.85,647.85,647.37,647.73,263.71
2025-06-15T10:30:00.000000Z,647.73,648.27,647.69,648.26,438.06
2025-06-15T10:35:00.000000Z,648.26,648.26,647.92,648.09,387.01
2025-06-15T10:40:00.000000Z,648.09,648.81,648.09,648.79,678.62
2025-06-15T10:45:00.000000Z,648.8,648.81,648.37,648.67,518.71
2025-06-15T10:50:00.000000Z,648.67,648.68,648.44,648.47,276.74
2025-06-15T10:55:00.000000Z,648.47,648.53,648.36,648.48,323.98
2025-06-15T11:00:00.000000Z,648.48,648.74,648.43,648.73,402.22
2025-06-15T11:05:00.000000Z,648.74,649.22,648.67,648.67,1064.89
2025-06-15T11:10:00.000000Z,648.67,649.04,648.6,648.75,432.35
2025-06-15T11:15:00.000000Z,648.74,648.96,648.3,648.53,258.71
2025-06-15T11:20:00.000000Z,648.53,648.53,648.14,648.23,484.19
2025-06-15T11:25:00.000000Z,648.23,648.23,647.6,647.94,418.24
2025-06-15T11:30:00.000000Z,647.93,648.0,647.72,647.87,745.19
2025-06-15T11:35:00.000000Z,647.87,648.43,647.87,648.42,296.35
2025-06-15T11:40:00.000000Z,648.42,648.54,647.92,648.15,349.07
2025-06-15T11:45:00.000000Z,648.16,648.54,648.02,648.53,340.17
2025-06-15T11:50:00.000000Z,648.54,648.88,648.52,648.77,739.34
2025-06-15T11:55:00.000000Z,648.77,648.8,648.0,648.08,864.8
2025-06-15T12:00:00.000000Z,648.07,648.47,648.07,648.47,755.94
2025-06-15T12:05:00.000000Z,648.47,649.06,648.47,649.05,864.74
2025-06-15T12:10:00.000000Z,649.05,649.53,649.05,649.21,1539.81
2025-06-15T12:15:00.000000Z,649.21,649.5,649.21,649.32,665.69
2025-06-15T12:20:00.000000Z,649.32,649.33,648.59,648.59,345.09
2025-06-15T12:25:00.000000Z,648.59,648.76,648.4,648.76,267.85
2025-06-15T12:30:00.000000Z,648.75,649.0,648.65,648.99,487.52
2025-06-15T12:35:00.000000Z,648.99,649.16,648.81,649.06,392.97
2025-06-15T12:40:00.000000Z,649.07,649.19,648.87,649.19,671.52
2025-06-15T12:45:00.000000Z,649.18,649.55,649.09,649.54,780.42
2025-06-15T12:50:00.000000Z,649.55,650.2,649.55,650.1,1589.23
2025-06-15T12:55:00.000000Z,650.09,650.2,649.72,650.11,904.1
2025-06-15T13:00:00.000000Z,650.1,650.22,649.76,650.14,1021.96
2025-06-15T13:05:00.000000Z,650.14,650.94,650.13,650.79,1730.46
2025-06-15T13:10:00.000000Z,650.8,650.89,650.22,650.31,1070.3
2025-06-15T13:15:00.000000Z,650.3,650.4,649.61,649.62,998.06
2025-06-15T13:20:00.000000Z,649.62,650.13,649.52,649.77,684.48
2025-06-15T13:25:00.000000Z,649.76,649.89,649.06,649.18,940.86
2025-06-15T13:30:00.000000Z,649.19,649.19,648.68,648.91,514.95
2025-06-15T13:35:00.000000Z,648.91,648.92,648.06,648.09,665.58
2025-06-15T13:40:00.000000Z,648.08,649.0,648.0,649.0,1519.87
2025-06-15T13:45:00.000000Z,648.99,649.71,648.88,648.88,1512.53
2025-06-15T13:50:00.000000Z,648.89,649.11,648.52,648.65,703.04
2025-06-15T13:55:00.000000Z,648.65,648.87,648.25,648.58,604.83
2025-06-15T14:00:00.000000Z,648.58,648.68,647.47,647.63,1453.7
2025-06-15T14:05:00.000000Z,647.64,648.27,647.22,648.27,1416.0
2025-06-15T14:10:00.000000Z,648.28,648.28,647.44,647.45,911.91
2025-06-15T14:15:00.000000Z,647.45,647.88,646.81,647.04,1134.15
2025-06-15T14:20:00.000000Z,647.03,647.51,646.93,647.09,889.85
2025-06-15T14:25:00.000000Z,647.08,647.34,646.9,646.99,1115.53
2025-06-15T14:30:00.000000Z,646.99,647.05,646.63,646.99,925.15
2025-06-15T14:35:00.000000Z,647.0,648.11,647.0,647.98,1487.17
2025-06-15T14:40:00.000000Z,647.98,647.98,646.98,647.24,1114.53
2025-06-15T14:45:00.000000Z,647.24,648.68,647.13,648.05,2033.87
2025-06-15T14:50:00.000000Z,648.06,649.01,648.06,648.41,3401.09
2025-06-15T14:55:00.000000Z,648.41,648.62,648.3,648.36,1140.23
2025-06-15T15:00:00.000000Z,648.36,648.47,646.88,647.12,1710.51
2025-06-15T15:05:00.000000Z,647.13,647.96,647.12,647.25,945.56
2025-06-15T15:10:00.000000Z,647.24,647.8,647.21,647.41,631.59
2025-06-15T15:15:00.000000Z,647.42,647.62,647.08,647.12,554.45
2025-06-15T15:20:00.000000Z,647.13,647.42,646.78,647.25,764.1
2025-06-15T15:25:00.000000Z,647.24,647.7,647.16,647.69,483.23
2025-06-15T15:30:00.000000Z,647.69,647.78,647.0,647.12,601.7
2025-06-15T15:35:00.000000Z,647.12,647.78,647.04,647.77,1036.01
2025-06-15T15:40:00.000000Z,647.77,648.18,647.53,647.64,811.85
2025-06-15T15:45:00.000000Z,647.64,648.06,647.32,647.61,495.94
2025-06-15T15:50:00.000000Z,647.6,647.84,647.36,647.56,364.41
2025-06-15T15:55:00.000000Z,647.56,647.68,647.12,647.51,1009.17
2025-06-15T16:00:00.000000Z,647.51,647.58,647.19,647.33,661.34
2025-06-15T16:05:00.000000Z,647.33,647.48,647.06,647.06,752.81
2025-06-15T16:10:00.000000Z,647.04,647.08,646.18,646.27,1833.23
2025-06-15T16:15:00.000000Z,646.27,646.28,645.78,646.27,989.85
2025-06-15T16:20:00.000000Z,646.27,646.44,646.04,646.32,688.61
2025-06-15T16:25:00.000000Z,646.32,647.06,646.32,647.06,534.8
2025-06-15T16:30:00.000000Z,647.06,647.45,647.04,647.33,490.56
2025-06-15T16:35:00.000000Z,647.34,647.5,647.09,647.16,407.61
2025-06-15T16:40:00.000000Z,647.16,647.77,647.02,647.58,775.5
2025-06-15T16:45:00.000000Z,647.58,647.59,647.23,647.24,320.5
2025-06-15T16:50:00.000000Z,647.23,647.39,646.93,647.39,425.13
2025-06-15T16:55:00.000000Z,647.4,647.56,647.1,647.5,810.63
2025-06-15T17:00:00.000000Z,647.5,647.5,647.18,647.28,544.19
2025-06-15T17:05:00.000000Z,647.29,647.43,647.23,647.26,450.49
2025-06-15T17:10:00.000000Z,647.25,647.37,647.21,647.21,482.92
2025-06-15T17:15:00.000000Z,647.21,647.48,647.16,647.44,579.51
2025-06-15T17:20:00.000000Z,647.44,647.66,647.37,647.47,300.46
2025-06-15T17:25:00.000000Z,647.46,647.66,647.44,647.61,243.19
2025-06-15T17:30:00.000000Z,647.61,647.96,647.52,647.86,411.42
2025-06-15T17:35:00.000000Z,647.86,648.22,647.76,648.17,503.39
2025-06-15T17:40:00.000000Z,648.18,648.81,648.02,648.75,1454.26
2025-06-15T17:45:00.000000Z,648.76,648.85,648.07,648.39,1926.7
2025-06-15T17:50:00.000000Z,648.39,648.83,648.2,648.2,342.46
2025-06-15T17:55:00.000000Z,648.2,648.45,648.18,648.27,293.52
2025-06-15T18:00:00.000000Z,648.28,648.43,647.52,647.53,624.38
2025-06-15T18:05:00.000000Z,647.53,647.54,647.18,647.49,909.26
2025-06-15T18:10:00.000000Z,647.5,647.6,647.41,647.58,349.0
2025-06-15T18:15:00.000000Z,647.58,647.59,647.24,647.24,284.27
2025-06-15T18:20:00.000000Z,647.23,647.32,647.18,647.18,250.29
2025-06-15T18:25:00.000000Z,647.18,647.44,647.18,647.28,204.71
2025-06-15T18:30:00.000000Z,647.28,647.4,647.15,647.35,223.1
2025-06-15T18:35:00.000000Z,647.36,647.48,647.35,647.4,244.35
2025-06-15T18:40:00.000000Z,647.41,647.51,647.35,647.51,316.94
2025-06-15T18:45:00.000000Z,647.5,647.68,647.37,647.56,537.16
2025-06-15T18:50:00.000000Z,647.56,647.56,647.24,647.43,224.58
2025-06-15T18:55:00.000000Z,647.42,647.49,647.2,647.35,159.15
2025-06-15T19:00:00.000000Z,647.35,647.36,646.84,646.84,2414.48
2025-06-15T19:05:00.000000Z,646.84,647.32,646.76,647.32,749.89
2025-06-15T19:10:00.000000Z,647.31,647.47,647.16,647.16,216.54
2025-06-15T19:15:00.000000Z,647.16,647.17,646.86,646.86,184.09
2025-06-15T19:20:00.000000Z,646.86,647.12,646.8,646.94,225.49
2025-06-15T19:25:00.000000Z,646.94,646.95,646.66,646.73,196.98
2025-06-15T19:30:00.000000Z,646.73,647.11,646.72,647.1,229.78
2025-06-15T19:35:00.000000Z,647.11,647.11,646.32,646.36,429.46
2025-06-15T19:40:00.000000Z,646.37,646.46,645.37,645.83,1775.15
2025-06-15T19:45:00.000000Z,645.83,646.54,645.72,646.53,577.2
2025-06-15T19:50:00.000000Z,646.54,646.54,646.0,646.0,242.08
2025-06-15T19:55:00.000000Z,646.0,646.5,646.0,646.44,758.97
2025-06-15T20:00:00.000000Z,646.44,646.45,645.73,645.75,803.05
2025-06-15T20:05:00.000000Z,645.75,645.75,644.79,645.59,2129.22
2025-06-15T20:10:00.000000Z,645.6,645.77,645.44,645.57,582.64
2025-06-15T20:15:00.000000Z,645.57,645.58,644.24,644.45,3121.33
2025-06-15T20:20:00.000000Z,644.44,644.66,644.15,644.27,657.52
2025-06-15T20:25:00.000000Z,644.27,644.35,643.71,643.92,1257.35
2025-06-15T20:30:00.000000Z,643.92,644.85,643.6,644.47,868.8
2025-06-15T20:35:00.000000Z,644.46,644.57,642.63,642.96,1445.12
2025-06-15T20:40:00.000000Z,642.95,642.95,642.4,642.5,723.05
2025-06-15T20:45:00.000000Z,642.51,642.96,642.4,642.76,743.8
2025-06-15T20:50:00.000000Z,642.77,643.39,642.4,643.29,863.9
2025-06-15T20:55:00.000000Z,643.3,643.3,642.54,643.23,586.62
2025-06-15T21:00:00.000000Z,643.22,644.0,643.12,643.9,958.79
2025-06-15T21:05:00.000000Z,643.9,643.91,642.78,642.87,1131.9
2025-06-15T21:10:00.000000Z,642.87,642.99,642.36,642.66,1042.07
2025-06-15T21:15:00.000000Z,642.66,643.47,642.66,643.26,1718.14
2025-06-15T21:20:00.000000Z,643.26,643.64,643.26,643.53,257.36
2025-06-15T21:25:00.000000Z,643.52,644.27,643.39,644.27,1102.9
2025-06-15T21:30:00.000000Z,644.27,644.38,643.74,643.74,748.29
2025-06-15T21:35:00.000000Z,643.74,643.74,643.07,643.4,359.74
2025-06-15T21:40:00.000000Z,643.41,643.77,643.4,643.74,405.1
2025-06-15T21:45:00.000000Z,643.75,644.05,643.74,644.04,199.41
2025-06-15T21:50:00.000000Z,644.05,644.7,644.05,644.48,686.13
2025-06-15T21:55:00.000000Z,644.47,645.18,644.24,645.02,1343.7
2025-06-15T22:00:00.000000Z,645.02,646.45,644.37,645.87,2958.27
2025-06-15T22:05:00.000000Z,645.88,646.49,645.33,646.07,1825.68
2025-06-15T22:10:00.000000Z,646.07,646.57,645.91,646.5,1282.47
2025-06-15T22:15:00.000000Z,646.5,646.88,646.16,646.72,913.11
2025-06-15T22:20:00.000000Z,646.71,647.07,646.68,646.99,576.21
2025-06-15T22:25:00.000000Z,646.98,647.4,646.3,646.71,994.83
2025-06-15T22:30:00.000000Z,646.71,647.1,646.65,646.98,428.43
2025-06-15T22:35:00.000000Z,646.99,647.1,646.6,646.73,262.5
2025-06-15T22:40:00.000000Z,646.74,647.1,646.4,647.01,803.28
2025-06-15T22:45:00.000000Z,647.0,647.58,647.0,647.19,675.74
2025-06-15T22:50:00.000000Z,647.17,647.46,646.72,647.0,322.12
2025-06-15T22:55:00.000000Z,646.99,647.17,646.86,647.05,312.79
2025-06-15T23:00:00.000000Z,647.05,647.11,646.93,647.07,617.44
2025-06-15T23:05:00.000000Z,647.06,647.58,647.02,647.37,526.96
2025-06-15T23:10:00.000000Z,647.37,647.55,646.89,647.22,372.88
2025-06-15T23:15:00.000000Z,647.23,647.72,646.95,647.72,1011.28
2025-06-15T23:20:00.000000Z,647.72,647.8,646.98,646.98,399.2
2025-06-15T23:25:00.000000Z,646.98,647.3,646.96,647.29,558.09
2025-06-15T23:30:00.000000Z,647.29,647.57,647.13,647.57,1233.73
2025-06-15T23:35:00.000000Z,647.57,647.92,647.57,647.72,523.78
2025-06-15T23:40:00.000000Z,647.72,648.29,647.64,648.17,1194.66
2025-06-15T23:45:00.000000Z,648.17,648.17,647.78,647.92,451.03
2025-06-15T23:50:00.000000Z,647.92,648.05,647.53,647.66,504.31
2025-06-15T23:55:00.000000Z,647.67,647.93,647.66,647.92,579.32
2025-06-16T00:00:00.000000Z,647.93,647.93,647.42,647.76,1218.35
2025-06-16T00:05:00.000000Z,647.75,647.97,647.52,647.63,687.45
2025-06-16T00:10:00.000000Z,647.62,647.87,647.5,647.66,514.15
2025-06-16T00:15:00.000000Z,647.65,647.72,646.4,646.71,1149.82
2025-06-16T00:20:00.000000Z,646.71,647.18,646.61,646.9,697.04
2025-06-16T00:25:00.000000Z,646.9,648.23,646.89,647.24,1254.97
2025-06-16T00:30:00.000000Z,647.24,647.57,646.57,647.37,1056.82
2025-06-16T00:35:00.000000Z,647.37,647.92,647.16,647.59,607.22
2025-06-16T00:40:00.000000Z,647.59,647.71,647.04,647.42,743.71
2025-06-16T00:45:00.000000Z,647.42,647.72,646.94,646.98,578.57
2025-06-16T00:50:00.000000Z,646.99,647.18,646.83,647.06,697.58
2025-06-16T00:55:00.000000Z,647.07,647.58,646.85,647.55,836.51
2025-06-16T01:00:00.000000Z,647.55,647.74,647.24,647.73,1117.19
2025-06-16T01:05:00.000000Z,647.74,647.74,646.3,647.0,2535.6
2025-06-16T01:10:00.000000Z,647.01,647.23,646.5,646.71,1440.06
2025-06-16T01:15:00.000000Z,646.71,646.83,646.11,646.53,1464.45
2025-06-16T01:20:00.000000Z,646.53,646.9,646.24,646.81,471.99
2025-06-16T01:25:00.000000Z,646.82,647.12,646.62,646.75,360.31
2025-06-16T01:30:00.000000Z,646.75,646.8,646.0,646.58,979.81
2025-06-16T01:35:00.000000Z,646.57,647.91,646.48,647.59,1955.29
2025-06-16T01:40:00.000000Z,647.59,648.37,647.49,648.15,1802.21
2025-06-16T01:45:00.000000Z,648.14,649.29,648.14,648.66,2433.79
2025-06-16T01:50:00.000000Z,648.66,649.8,648.65,649.8,1682.75
2025-06-16T01:55:00.000000Z,649.8,650.41,649.79,650.17,2281.19
2025-06-16T02:00:00.000000Z,650.17,650.64,650.11,650.64,4599.84
2025-06-16T02:05:00.000000Z,650.64,651.86,650.64,651.79,6050.65
2025-06-16T02:10:00.000000Z,651.79,651.88,651.6,651.79,1165.11
2025-06-16T02:15:00.000000Z,651.8,652.54,651.79,652.51,2738.33
2025-06-16T02:20:00.000000Z,652.51,652.51,651.1,651.27,1869.74
2025-06-16T02:25:00.000000Z,651.27,651.63,650.81,651.43,1782.5
2025-06-16T02:30:00.000000Z,651.44,651.48,651.08,651.31,768.98
2025-06-16T02:35:00.000000Z,651.31,651.69,651.26,651.56,1013.61
2025-06-16T02:40:00.000000Z,651.56,651.89,651.38,651.43,480.49
2025-06-16T02:45:00.000000Z,651.43,651.43,651.08,651.33,450.09
2025-06-16T02:50:00.000000Z,651.33,651.61,651.28,651.44,558.38
2025-06-16T02:55:00.000000Z,651.45,651.64,651.32,651.53,385.64
2025-06-16T03:00:00.000000Z,651.53,651.72,650.79,651.06,767.12
2025-06-16T03:05:00.000000Z,651.06,651.31,650.96,651.0,606.09
2025-06-16T03:10:00.000000Z,651.01,651.21,650.9,650.91,464.65
2025-06-16T03:15:00.000000Z,650.91,651.29,650.76,651.18,461.13
2025-06-16T03:20:00.000000Z,651.19,651.43,650.75,651.43,521.67
2025-06-16T03:25:00.000000Z,651.43,651.74,651.35,651.5,512.24
2025-06-16T03:30:00.000000Z,651.5,651.62,651.38,651.41,310.17
2025-06-16T03:35:00.000000Z,651.41,651.56,651.09,651.55,677.54
2025-06-16T03:40:00.000000Z,651.54,651.9,651.45,651.79,457.26
2025-06-16T03:45:00.000000Z,651.79,651.79,651.46,651.71,427.9
2025-06-16T03:50:00.000000Z,651.71,651.77,651.49,651.69,338.32
2025-06-16T03:55:00.000000Z,651.7,651.75,651.49,651.49,232.4
2025-06-16T04:00:00.000000Z,651.49,651.65,651.05,651.65,784.82
2025-06-16T04:05:00.000000Z,651.65,652.0,651.42,651.64,961.1
2025-06-16T04:10:00.000000Z,651.64,651.94,651.53,651.94,233.42
2025-06-16T04:15:00.000000Z,651.95,652.0,651.75,652.0,477.44
2025-06-16T04:20:00.000000Z,652.0,653.18,651.91,652.89,1899.32
2025-06-16T04:25:00.000000Z,652.89,652.89,652.26,652.72,822.33
2025-06-16T04:30:00.000000Z,652.72,652.94,652.26,652.62,525.42
2025-06-16T04:35:00.000000Z,652.62,652.72,652.36,652.57,629.03
2025-06-16T04:40:00.000000Z,652.57,652.57,652.22,652.41,436.62
2025-06-16T04:45:00.000000Z,652.41,652.41,651.7,652.16,581.4
2025-06-16T04:50:00.000000Z,652.16,652.16,651.9,651.95,284.1
2025-06-16T04:55:00.000000Z,651.94,652.14,651.62,652.02,383.23
2025-06-16T05:00:00.000000Z,652.03,652.38,652.02,652.37,704.81
2025-06-16T05:05:00.000000Z,652.37,652.88,652.37,652.66,864.5
2025-06-16T05:10:00.000000Z,652.66,652.95,652.6,652.89,454.53
2025-06-16T05:15:00.000000Z,652.9,653.52,652.89,653.48,827.86
2025-06-16T05:20:00.000000Z,653.48,653.52,653.26,653.33,702.76
2025-06-16T05:25:00.000000Z,653.33,654.49,653.32,654.42,2281.84
2025-06-16T05:30:00.000000Z,654.42,655.0,654.19,654.65,3282.01
2025-06-16T05:35:00.000000Z,654.64,654.95,654.13,654.66,1621.72
2025-06-16T05:40:00.000000Z,654.66,654.72,654.4,654.44,851.81
2025-06-16T05:45:00.000000Z,654.43,654.68,654.33,654.45,714.98
2025-06-16T05:50:00.000000Z,654.44,654.59,654.34,654.5,638.19
2025-06-16T05:55:00.000000Z,654.49,654.76,654.2,654.59,798.69
2025-06-16T06:00:00.000000Z,654.6,654.72,654.25,654.29,1003.69
2025-06-16T06:05:00.000000Z,654.29,654.78,654.28,654.74,980.24
2025-06-16T06:10:00.000000Z,654.74,654.76,654.46,654.47,544.25
2025-06-16T06:15:00.000000Z,654.47,654.74,654.39,654.72,999.57
2025-06-16T06:20:00.000000Z,654.72,654.72,654.34,654.72,716.94
2025-06-16T06:25:00.000000Z,654.72,654.72,653.56,653.78,1392.35
2025-06-16T06:30:00.000000Z,653.77,654.12,653.65,653.98,970.32
2025-06-16T06:35:00.000000Z,653.98,654.25,653.97,654.08,434.92
2025-06-16T06:40:00.000000Z,654.08,654.59,654.08,654.58,1656.72
2025-06-16T06:45:00.000000Z,654.59,654.97,654.58,654.7,1852.04
2025-06-16T06:50:00.000000Z,654.7,654.84,654.34,654.48,644.2
2025-06-16T06:55:00.000000Z,654.48,654.56,653.56,653.67,1966.68
2025-06-16T07:00:00.000000Z,653.67,655.04,653.67,654.71,2940.51
2025-06-16T07:05:00.000000Z,654.7,654.9,654.54,654.55,2192.52
2025-06-16T07:10:00.000000Z,654.54,654.94,654.2,654.93,1533.86
2025-06-16T07:15:00.000000Z,654.94,655.13,654.48,654.72,1199.75
2025-06-16T07:20:00.000000Z,654.72,654.72,654.12,654.42,1220.76
2025-06-16T07:25:00.000000Z,654.42,655.1,654.41,654.92,800.59
2025-06-16T07:30:00.000000Z,654.93,656.92,654.92,656.66,9185.49
2025-06-16T07:35:00.000000Z,656.65,656.66,655.68,655.69,2111.57
2025-06-16T07:40:00.000000Z,655.69,656.21,655.41,656.2,1477.91
2025-06-16T07:45:00.000000Z,656.2,656.34,655.93,656.17,826.61
2025-06-16T07:50:00.000000Z,656.17,656.28,655.8,655.95,1144.45
2025-06-16T07:55:00.000000Z,655.95,656.01,655.62,655.96,802.63
2025-06-16T08:00:00.000000Z,655.96,656.39,655.8,656.11,1816.7
2025-06-16T08:05:00.000000Z,656.11,656.77,656.08,656.15,2110.13
2025-06-16T08:10:00.000000Z,656.15,656.26,655.96,655.98,1251.64
2025-06-16T08:15:00.000000Z,655.99,656.12,655.02,655.36,813.99
2025-06-16T08:20:00.000000Z,655.35,655.47,655.09,655.31,535.19
2025-06-16T08:25:00.000000Z,655.32,655.54,655.26,655.47,436.18
2025-06-16T08:30:00.000000Z,655.48,656.12,655.47,656.11,1095.41
2025-06-16T08:35:00.000000Z,656.11,656.47,656.09,656.33,688.05
2025-06-16T08:40:00.000000Z,656.33,656.5,656.08,656.39,844.65
2025-06-16T08:45:00.000000Z,656.4,656.5,656.26,656.31,653.89
2025-06-16T08:50:00.000000Z,656.31,656.5,656.11,656.34,1126.38
2025-06-16T08:55:00.000000Z,656.35,656.38,656.06,656.27,666.73
2025-06-16T09:00:00.000000Z,656.27,656.32,655.82,656.2,1031.27
2025-06-16T09:05:00.000000Z,656.2,656.41,655.79,656.0,1035.11
2025-06-16T09:10:00.000000Z,655.97,656.27,655.8,655.83,1145.19
2025-06-16T09:15:00.000000Z,655.84,656.13,655.61,655.7,1285.14
2025-06-16T09:20:00.000000Z,655.69,655.7,655.24,655.36,1479.97
2025-06-16T09:25:00.000000Z,655.35,655.61,655.34,655.53,745.81
2025-06-16T09:30:00.000000Z,655.52,655.68,655.2,655.5,1130.45
2025-06-16T09:35:00.000000Z,655.5,655.74,655.24,655.55,745.96
2025-06-16T09:40:00.000000Z,655.54,655.95,655.52,655.8,804.47
2025-06-16T09:45:00.000000Z,655.81,656.14,655.4,655.66,1259.06
2025-06-16T09:50:00.000000Z,655.65,655.78,655.64,655.78,550.84
2025-06-16T09:55:00.000000Z,655.78,655.99,655.59,655.98,404.24
2025-06-16T10:00:00.000000Z,655.98,656.07,655.62,656.07,708.28
2025-06-16T10:05:00.000000Z,656.07,656.43,655.0,655.0,2570.56
2025-06-16T10:10:00.000000Z,655.0,655.34,654.67,655.31,1487.45
2025-06-16T10:15:00.000000Z,655.31,655.58,655.12,655.21,832.35
2025-06-16T10:20:00.000000Z,655.21,655.21,654.97,654.97,1042.0
2025-06-16T10:25:00.000000Z,654.98,655.02,654.62,654.7,479.6
2025-06-16T10:30:00.000000Z,654.69,654.84,654.42,654.84,898.58
2025-06-16T10:35:00.000000Z,654.83,654.9,654.66,654.9,280.54
2025-06-16T10:40:00.000000Z,654.9,654.9,654.36,654.49,790.0
2025-06-16T10:45:00.000000Z,654.49,654.49,653.89,654.01,996.92
2025-06-16T10:50:00.000000Z,654.01,654.24,653.82,653.85,616.02
2025-06-16T10:55:00.000000Z,653.84,654.15,653.84,654.15,508.9
2025-06-16T11:00:00.000000Z,654.16,654.17,653.78,653.97,1289.61
2025-06-16T11:05:00.000000Z,653.97,654.64,653.96,654.24,1005.26
2025-06-16T11:10:00.000000Z,654.24,654.48,654.24,654.26,526.18
2025-06-16T11:15:00.000000Z,654.26,654.43,654.0,654.34,593.26
2025-06-16T11:20:00.000000Z,654.33,654.48,653.57,653.57,978.36
2025-06-16T11:25:00.000000Z,653.57,653.77,653.12,653.24,2637.18
2025-06-16T11:30:00.000000Z,653.23,653.99,653.18,653.91,756.23
2025-06-16T11:35:00.000000Z,653.92,654.6,653.92,654.53,710.39
2025-06-16T11:40:00.000000Z,654.53,654.56,654.36,654.53,649.81
2025-06-16T11:45:00.000000Z,654.54,654.74,654.52,654.58,622.06
2025-06-16T11:50:00.000000Z,654.57,654.6,654.34,654.54,528.54
2025-06-16T11:55:00.000000Z,654.53,654.67,654.53,654.6,592.92
2025-06-16T12:00:00.000000Z,654.61,654.61,654.12,654.25,1322.88
2025-06-16T12:05:00.000000Z,654.25,654.25,653.76,654.04,901.59
2025-06-16T12:10:00.000000Z,654.04,654.4,653.94,654.21,771.12
2025-06-16T12:15:00.000000Z,654.21,654.38,653.8,653.96,1078.19
2025-06-16T12:20:00.000000Z,653.96,654.52,653.95,654.38,877.37
2025-06-16T12:25:00.000000Z,654.39,654.4,653.89,654.2,870.62
2025-06-16T12:30:00.000000Z,654.2,654.47,654.15,654.45,687.71
2025-06-16T12:35:00.000000Z,654.45,655.24,654.45,655.05,1672.03
2025-06-16T12:40:00.000000Z,655.05,655.68,655.04,655.53,912.24
2025-06-16T12:45:00.000000Z,655.53,655.79,655.51,655.73,542.11
2025-06-16T12:50:00.000000Z,655.74,655.74,655.41,655.48,500.08
2025-06-16T12:55:00.000000Z,655.49,655.65,655.03,655.16,615.43
2025-06-16T13:00:00.000000Z,655.17,655.89,655.17,655.82,728.32
2025-06-16T13:05:00.000000Z,655.83,655.83,655.13,655.5,946.02
2025-06-16T13:10:00.000000Z,655.5,655.62,655.15,655.5,699.25
2025-06-16T13:15:00.000000Z,655.5,655.66,655.09,655.2,559.3
2025-06-16T13:20:00.000000Z,655.19,655.28,655.03,655.28,461.68
2025-06-16T13:25:00.000000Z,655.29,655.38,655.12,655.2,913.28
2025-06-16T13:30:00.000000Z,655.2,655.87,654.98,655.65,1172.74
2025-06-16T13:35:00.000000Z,655.64,655.79,655.13,655.54,661.6
2025-06-16T13:40:00.000000Z,655.53,656.08,655.29,655.8,1637.39
2025-06-16T13:45:00.000000Z,655.8,656.28,655.08,655.75,1688.52
2025-06-16T13:50:00.000000Z,655.75,655.88,655.13,655.66,1823.49
2025-06-16T13:55:00.000000Z,655.66,656.77,655.52,656.68,1828.65
2025-06-16T14:00:00.000000Z,656.67,657.42,656.14,657.34,3349.54
2025-06-16T14:05:00.000000Z,657.34,657.72,656.43,656.43,3364.87
2025-06-16T14:10:00.000000Z,656.42,657.71,656.21,656.99,3110.71
2025-06-16T14:15:00.000000Z,656.99,657.76,656.32,657.72,896.42
2025-06-16T14:20:00.000000Z,657.73,658.28,657.31,657.88,2254.96
2025-06-16T14:25:00.000000Z,657.88,658.33,657.59,658.29,1841.57
2025-06-16T14:30:00.000000Z,658.29,659.62,658.28,659.49,5734.2
2025-06-16T14:35:00.000000Z,659.49,659.57,658.76,659.0,1434.57
2025-06-16T14:40:00.000000Z,659.0,659.0,658.14,658.23,2226.91
2025-06-16T14:45:00.000000Z,658.23,658.4,657.44,657.5,1820.28
2025-06-16T14:50:00.000000Z,657.49,658.18,657.35,657.96,1755.0
2025-06-16T14:55:00.000000Z,657.97,658.11,657.36,657.49,1294.6
2025-06-16T15:00:00.000000Z,657.5,658.16,657.49,657.96,1692.88
2025-06-16T15:05:00.000000Z,657.96,658.06,657.47,657.79,896.86
2025-06-16T15:10:00.000000Z,657.79,658.12,657.48,657.93,717.0
2025-06-16T15:15:00.000000Z,657.94,658.12,657.67,658.01,607.18
2025-06-16T15:20:00.000000Z,658.0,658.0,657.52,657.99,638.78
2025-06-16T15:25:00.000000Z,657.99,658.14,657.27,657.38,795.68
2025-06-16T15:30:00.000000Z,657.38,658.0,657.37,657.6,906.49
2025-06-16T15:35:00.000000Z,657.61,657.75,657.2,657.31,1183.97
2025-06-16T15:40:00.000000Z,657.3,658.02,657.3,658.01,445.4
2025-06-16T15:45:00.000000Z,658.02,658.8,658.01,658.74,2045.91
2025-06-16T15:50:00.000000Z,658.73,658.74,658.11,658.3,806.29
2025-06-16T15:55:00.000000Z,658.31,658.38,657.1,657.58,1752.55
2025-06-16T16:00:00.000000Z,657.57,658.2,657.56,658.2,1517.82
2025-06-16T16:05:00.000000Z,658.2,658.89,658.19,658.87,948.89
2025-06-16T16:10:00.000000Z,658.87,658.96,658.61,658.91,916.49
2025-06-16T16:15:00.000000Z,658.91,658.96,658.5,658.5,1061.02
2025-06-16T16:20:00.000000Z,658.5,658.68,658.0,658.11,1234.34
2025-06-16T16:25:00.000000Z,658.11,658.11,657.86,657.87,830.62
2025-06-16T16:30:00.000000Z,657.87,658.18,657.78,658.01,713.46
2025-06-16T16:35:00.000000Z,658.0,658.06,657.79,657.98,726.52
2025-06-16T16:40:00.000000Z,657.99,658.4,657.72,657.73,958.78
2025-06-16T16:45:00.000000Z,657.72,657.72,657.12,657.55,1493.74
2025-06-16T16:50:00.000000Z,657.54,658.11,657.43,657.77,747.24
2025-06-16T16:55:00.000000Z,657.77,658.08,657.76,657.87,333.26
2025-06-16T17:00:00.000000Z,657.87,657.88,657.27,657.72,613.8
2025-06-16T17:05:00.000000Z,657.72,657.94,657.35,657.47,694.93
2025-06-16T17:10:00.000000Z,657.48,657.78,657.4,657.51,333.6
2025-06-16T17:15:00.000000Z,657.52,657.54,656.6,657.25,2605.71
2025-06-16T17:20:00.000000Z,657.24,657.54,657.19,657.19,332.06
2025-06-16T17:25:00.000000Z,657.19,657.37,656.87,656.87,359.04
2025-06-16T17:30:00.000000Z,656.87,657.42,656.87,657.37,659.15
2025-06-16T17:35:00.000000Z,657.36,657.48,656.56,656.56,1417.39
2025-06-16T17:40:00.000000Z,656.57,656.96,656.44,656.46,672.2
2025-06-16T17:45:00.000000Z,656.46,656.7,656.29,656.4,1237.3
2025-06-16T17:50:00.000000Z,656.38,656.58,655.9,656.37,1503.83
2025-06-16T17:55:00.000000Z,656.36,656.36,655.73,655.96,910.64
2025-06-16T18:00:00.000000Z,655.96,656.32,655.86,656.31,808.76
2025-06-16T18:05:00.000000Z,656.32,656.64,656.27,656.63,672.62
2025-06-16T18:10:00.000000Z,656.63,656.78,656.42,656.72,747.11
2025-06-16T18:15:00.000000Z,656.73,656.73,656.52,656.72,504.02
2025-06-16T18:20:00.000000Z,656.71,657.25,656.26,657.17,689.54
2025-06-16T18:25:00.000000Z,657.16,657.56,656.94,657.18,1076.9
2025-06-16T18:30:00.000000Z,657.18,657.21,656.93,657.17,430.21
2025-06-16T18:35:00.000000Z,657.17,657.17,656.55,657.03,479.8
2025-06-16T18:40:00.000000Z,657.03,657.16,656.9,656.9,310.58
2025-06-16T18:45:00.000000Z,656.91,657.28,656.83,657.13,329.9
2025-06-16T18:50:00.000000Z,657.13,657.48,656.8,657.48,389.99
2025-06-16T18:55:00.000000Z,657.48,657.75,657.36,657.72,797.55
2025-06-16T19:00:00.000000Z,657.73,657.83,657.49,657.66,1039.36
2025-06-16T19:05:00.000000Z,657.66,658.68,657.49,658.48,1356.54
2025-06-16T19:10:00.000000Z,658.49,658.49,657.73,658.43,1201.48
2025-06-16T19:15:00.000000Z,658.44,658.92,658.16,658.27,1383.46
2025-06-16T19:20:00.000000Z,658.26,658.89,658.26,658.75,862.62
2025-06-16T19:25:00.000000Z,658.73,659.16,658.73,658.9,1356.59
2025-06-16T19:30:00.000000Z,658.9,658.99,658.38,658.91,722.1
2025-06-16T19:35:00.000000Z,658.91,659.0,658.78,658.84,718.1
2025-06-16T19:40:00.000000Z,658.84,659.13,658.58,658.95,710.28
2025-06-16T19:45:00.000000Z,658.96,659.1,658.67,658.97,964.18
2025-06-16T19:50:00.000000Z,658.97,659.0,658.62,658.84,922.15
2025-06-16T19:55:00.000000Z,658.84,659.25,658.66,659.24,1681.46
2025-06-16T20:00:00.000000Z,659.24,659.25,657.83,658.02,1676.52
2025-06-16T20:05:00.000000Z,658.02,658.09,657.43,657.54,1395.46
2025-06-16T20:10:00.000000Z,657.55,658.1,657.36,658.06,916.76
2025-06-16T20:15:00.000000Z,658.06,658.2,657.79,658.04,701.96
2025-06-16T20:20:00.000000Z,658.03,658.34,657.96,658.15,634.32
2025-06-16T20:25:00.000000Z,658.16,658.29,658.01,658.18,409.28
2025-06-16T20:30:00.000000Z,658.18,658.23,658.0,658.07,276.44
2025-06-16T20:35:00.000000Z,658.08,658.66,658.08,658.63,370.96
2025-06-16T20:40:00.000000Z,658.63,658.81,658.47,658.79,454.61
2025-06-16T20:45:00.000000Z,658.8,659.24,658.47,658.78,1567.6
2025-06-16T20:50:00.000000Z,658.78,658.94,658.4,658.9,585.29
2025-06-16T20:55:00.000000Z,658.89,659.1,658.84,659.05,615.1
2025-06-16T21:00:00.000000Z,659.06,659.06,658.11,658.17,1255.19
2025-06-16T21:05:00.000000Z,658.16,658.17,657.76,657.86,1413.43
2025-06-16T21:10:00.000000Z,657.87,657.89,657.64,657.78,897.15
2025-06-16T21:15:00.000000Z,657.77,657.92,657.7,657.92,426.75
2025-06-16T21:20:00.000000Z,657.92,657.92,657.79,657.79,278.76
2025-06-16T21:25:00.000000Z,657.8,658.0,657.72,658.0,295.62
2025-06-16T21:30:00.000000Z,658.0,658.0,657.6,657.71,208.78
2025-06-16T21:35:00.000000Z,657.71,657.72,656.8,657.34,1136.21
2025-06-16T21:40:00.000000Z,657.33,657.48,656.79,657.32,527.56
2025-06-16T21:45:00.000000Z,657.32,658.08,657.31,658.03,326.09
2025-06-16T21:50:00.000000Z,658.02,658.06,657.96,658.0,276.14
2025-06-16T21:55:00.000000Z,658.01,658.11,657.97,658.1,454.22
2025-06-16T22:00:00.000000Z,658.1,658.52,658.02,658.19,1339.42
2025-06-16T22:05:00.000000Z,658.18,659.0,657.85,658.57,1399.5
2025-06-16T22:10:00.000000Z,658.57,658.57,657.9,658.1,671.53
2025-06-16T22:15:00.000000Z,658.09,658.09,657.83,657.83,299.38
2025-06-16T22:20:00.000000Z,657.84,657.98,657.75,657.98,359.46
2025-06-16T22:25:00.000000Z,657.99,658.02,657.89,658.02,198.01
2025-06-16T22:30:00.000000Z,658.01,658.02,656.68,656.91,1227.74
2025-06-16T22:35:00.000000Z,656.91,656.92,654.66,654.88,6242.05
2025-06-16T22:40:00.000000Z,654.88,654.94,652.62,652.68,5019.93
2025-06-16T22:45:00.000000Z,652.64,653.84,651.36,651.59,8300.42
2025-06-16T22:50:00.000000Z,651.59,653.54,651.24,653.27,4923.13
2025-06-16T22:55:00.000000Z,653.27,653.77,652.77,653.34,2352.88
2025-06-16T23:00:00.000000Z,653.34,653.45,652.25,653.21,3333.11
2025-06-16T23:05:00.000000Z,653.2,654.56,653.07,654.01,2670.47
2025-06-16T23:10:00.000000Z,654.01,654.5,653.64,654.15,1485.36
2025-06-16T23:15:00.000000Z,654.15,654.71,653.08,653.14,1991.13
2025-06-16T23:20:00.000000Z,653.15,653.8,653.14,653.57,930.65
2025-06-16T23:25:00.000000Z,653.57,654.49,653.22,653.93,1975.85
2025-06-16T23:30:00.000000Z,653.93,654.47,653.2,653.29,1597.38
2025-06-16T23:35:00.000000Z,653.28,653.98,652.55,653.67,1705.11
2025-06-16T23:40:00.000000Z,653.67,653.69,652.42,652.77,1300.8
2025-06-16T23:45:00.000000Z,652.76,652.95,651.56,651.81,1465.11
2025-06-16T23:50:00.000000Z,651.81,651.82,650.95,651.26,1902.16
2025-06-16T23:55:00.000000Z,651.26,651.44,650.06,650.74,4215.3
2025-06-17T00:00:00.000000Z,650.74,650.8,649.65,650.08,5592.24
2025-06-17T00:05:00.000000Z,650.09,650.47,648.0,648.16,6798.16
2025-06-17T00:10:00.000000Z,648.15,649.58,647.82,648.21,6389.67
2025-06-17T00:15:00.000000Z,648.21,649.97,647.02,649.97,4832.7
2025-06-17T00:20:00.000000Z,649.97,652.36,649.88,651.86,3413.68
2025-06-17T00:25:00.000000Z,651.85,652.6,651.26,652.36,3232.22
2025-06-17T00:30:00.000000Z,652.36,652.57,651.47,651.78,2214.56
2025-06-17T00:35:00.000000Z,651.77,652.27,651.28,652.05,2218.94
2025-06-17T00:40:00.000000Z,652.03,652.33,650.71,650.9,1371.49
2025-06-17T00:45:00.000000Z,650.91,652.74,650.91,652.73,1515.81
2025-06-17T00:50:00.000000Z,652.74,653.47,652.74,653.18,2772.09
2025-06-17T00:55:00.000000Z,653.18,654.07,653.18,653.95,2175.95
2025-06-17T01:00:00.000000Z,653.96,654.28,653.7,654.11,1814.71
2025-06-17T01:05:00.000000Z,654.1,654.15,653.67,653.76,1167.31
2025-06-17T01:10:00.000000Z,653.76,654.32,653.1,653.89,1164.7
2025-06-17T01:15:00.000000Z,653.89,654.58,653.89,654.25,1147.05
2025-06-17T01:20:00.000000Z,654.26,654.38,653.96,654.08,634.62
2025-06-17T01:25:00.000000Z,654.09,654.3,653.59,654.19,770.92
2025-06-17T01:30:00.000000Z,654.19,655.23,653.76,654.84,1881.15
2025-06-17T01:35:00.000000Z,654.84,654.86,654.03,654.61,1004.05
2025-06-17T01:40:00.000000Z,654.6,654.63,654.3,654.52,601.92
2025-06-17T01:45:00.000000Z,654.52,655.1,654.19,655.06,897.43
2025-06-17T01:50:00.000000Z,655.07,655.58,654.86,655.17,1018.47
2025-06-17T01:55:00.000000Z,655.17,655.38,654.81,654.98,931.95
2025-06-17T02:00:00.000000Z,654.98,655.11,654.1,654.29,1123.93
2025-06-17T02:05:00.000000Z,654.3,655.0,654.3,655.0,748.52
2025-06-17T02:10:00.000000Z,655.0,655.0,654.3,654.57,2446.42
2025-06-17T02:15:00.000000Z,654.57,654.9,653.56,653.79,1055.33
2025-06-17T02:20:00.000000Z,653.8,654.15,653.71,653.82,831.94
2025-06-17T02:25:00.000000Z,653.83,653.83,653.08,653.3,1512.25
2025-06-17T02:30:00.000000Z,653.29,653.44,652.69,652.77,1059.72
2025-06-17T02:35:00.000000Z,652.78,653.72,652.65,653.48,1163.74
2025-06-17T02:40:00.000000Z,653.47,653.72,653.47,653.51,509.87
2025-06-17T02:45:00.000000Z,653.51,653.58,652.5,652.88,717.06
2025-06-17T02:50:00.000000Z,652.89,655.0,652.88,654.92,1672.8
2025-06-17T02:55:00.000000Z,654.92,655.75,654.91,655.52,1663.91
2025-06-17T03:00:00.000000Z,655.53,655.7,655.16,655.33,1360.24
2025-06-17T03:05:00.000000Z,655.33,655.98,655.16,655.86,1614.4
2025-06-17T03:10:00.000000Z,655.87,655.91,655.43,655.55,1459.57
2025-06-17T03:15:00.000000Z,655.51,655.68,655.1,655.17,975.7
2025-06-17T03:20:00.000000Z,655.18,655.39,655.16,655.33,580.68
2025-06-17T03:25:00.000000Z,655.33,655.78,655.3,655.38,1256.36
2025-06-17T03:30:00.000000Z,655.38,655.81,655.37,655.79,477.81
2025-06-17T03:35:00.000000Z,655.8,656.11,655.63,655.83,882.46
2025-06-17T03:40:00.000000Z,655.83,656.01,655.75,655.95,645.42
2025-06-17T03:45:00.000000Z,655.95,656.72,655.87,656.57,1814.48
2025-06-17T03:50:00.000000Z,656.57,656.74,656.35,656.56,838.94
2025-06-17T03:55:00.000000Z,656.56,656.58,656.37,656.58,412.39
2025-06-17T04:00:00.000000Z,656.58,656.61,656.39,656.56,988.86
2025-06-17T04:05:00.000000Z,656.56,656.56,656.25,656.26,905.4
2025-06-17T04:10:00.000000Z,656.26,656.26,655.76,655.97,1008.39
2025-06-17T04:15:00.000000Z,655.98,655.98,655.48,655.65,1025.67
2025-06-17T04:20:00.000000Z,655.66,655.69,655.15,655.4,927.42
2025-06-17T04:25:00.000000Z,655.4,655.86,655.39,655.83,878.72
2025-06-17T04:30:00.000000Z,655.83,655.85,655.47,655.69,514.2
2025-06-17T04:35:00.000000Z,655.7,655.73,655.34,655.53,762.3
2025-06-17T04:40:00.000000Z,655.53,655.9,655.4,655.73,570.22
2025-06-17T04:45:00.000000Z,655.74,656.22,655.73,656.2,702.47
2025-06-17T04:50:00.000000Z,656.2,656.45,655.84,655.9,1209.33
2025-06-17T04:55:00.000000Z,655.9,656.27,655.89,656.03,404.25
2025-06-17T05:00:00.000000Z,656.03,656.11,655.79,655.95,912.65
2025-06-17T05:05:00.000000Z,655.95,656.4,655.93,655.93,1070.24
2025-06-17T05:10:00.000000Z,655.92,656.13,655.74,655.93,637.51
2025-06-17T05:15:00.000000Z,655.93,656.23,655.47,656.12,1477.3
2025-06-17T05:20:00.000000Z,656.12,656.17,655.2,655.65,1138.06
2025-06-17T05:25:00.000000Z,655.64,656.16,655.56,656.16,799.04
2025-06-17T05:30:00.000000Z,656.16,656.46,655.92,656.14,913.24
2025-06-17T05:35:00.000000Z,656.14,656.44,656.1,656.39,1042.52
2025-06-17T05:40:00.000000Z,656.39,656.47,655.96,656.18,1162.79
2025-06-17T05:45:00.000000Z,656.18,656.18,655.52,655.56,1213.83
2025-06-17T05:50:00.000000Z,655.56,656.1,655.55,655.95,783.46
2025-06-17T05:55:00.000000Z,655.92,656.34,655.85,656.34,717.95
2025-06-17T06:00:00.000000Z,656.34,656.42,656.13,656.25,899.87
2025-06-17T06:05:00.000000Z,656.26,656.68,655.8,656.62,1238.1
2025-06-17T06:10:00.000000Z,656.62,657.87,656.62,657.69,2623.15
2025-06-17T06:15:00.000000Z,657.68,658.69,657.48,658.56,5683.94
2025-06-17T06:20:00.000000Z,658.57,658.97,658.3,658.48,4070.26
2025-06-17T06:25:00.000000Z,658.48,659.23,658.32,659.22,2385.02
2025-06-17T06:30:00.000000Z,659.23,659.25,658.3,658.69,1875.92
2025-06-17T06:35:00.000000Z,658.69,658.69,657.25,657.42,3118.47
2025-06-17T06:40:00.000000Z,657.43,657.83,657.43,657.74,1055.9
2025-06-17T06:45:00.000000Z,657.74,657.9,657.25,657.43,2329.6
2025-06-17T06:50:00.000000Z,657.43,657.96,657.35,657.89,1612.28
2025-06-17T06:55:00.000000Z,657.89,658.32,657.6,658.32,3227.92
2025-06-17T07:00:00.000000Z,658.32,658.73,657.58,658.09,4907.88
2025-06-17T07:05:00.000000Z,658.1,658.3,657.71,657.74,808.16
2025-06-17T07:10:00.000000Z,657.75,658.21,657.75,657.91,1088.1
2025-06-17T07:15:00.000000Z,657.91,657.98,657.31,657.32,596.48
2025-06-17T07:20:00.000000Z,657.32,657.32,656.61,657.02,2345.24
2025-06-17T07:25:00.000000Z,657.02,657.02,655.93,655.96,1921.42
2025-06-17T07:30:00.000000Z,655.95,657.42,655.95,656.63,1688.94
2025-06-17T07:35:00.000000Z,656.63,657.2,656.6,656.74,1914.82
2025-06-17T07:40:00.000000Z,656.73,656.99,656.6,656.98,771.58
2025-06-17T07:45:00.000000Z,656.98,657.2,656.6,657.2,1230.52
2025-06-17T07:50:00.000000Z,657.19,657.85,657.17,657.84,1163.1
2025-06-17T07:55:00.000000Z,657.84,658.28,657.79,657.88,1763.84
2025-06-17T08:00:00.000000Z,657.88,658.52,657.82,658.38,2206.82
2025-06-17T08:05:00.000000Z,658.38,658.75,658.35,658.36,2005.9
2025-06-17T08:10:00.000000Z,658.36,658.68,657.45,657.79,2870.12
2025-06-17T08:15:00.000000Z,657.79,657.8,657.28,657.52,1686.73
2025-06-17T08:20:00.000000Z,657.52,657.89,657.4,657.49,1924.07
2025-06-17T08:25:00.000000Z,657.49,658.56,657.48,658.27,2748.25
2025-06-17T08:30:00.000000Z,658.26,658.67,657.92,658.1,2317.85
2025-06-17T08:35:00.000000Z,658.1,658.21,657.22,657.24,3422.48
2025-06-17T08:40:00.000000Z,657.24,658.02,657.0,657.64,2896.19
2025-06-17T08:45:00.000000Z,657.64,658.51,657.63,658.06,3426.15
2025-06-17T08:50:00.000000Z,658.06,658.31,656.87,656.87,6032.66
2025-06-17T08:55:00.000000Z,656.86,656.86,656.14,656.58,2791.58
2025-06-17T09:00:00.000000Z,656.57,656.96,656.44,656.79,2236.44
2025-06-17T09:05:00.000000Z,656.78,657.04,656.4,656.61,2044.04
2025-06-17T09:10:00.000000Z,656.61,656.96,656.41,656.93,1634.63
2025-06-17T09:15:00.000000Z,656.93,657.98,656.66,657.64,2490.54
2025-06-17T09:20:00.000000Z,657.64,657.73,657.3,657.65,3294.7
2025-06-17T09:25:00.000000Z,657.64,657.66,657.28,657.56,2044.59
2025-06-17T09:30:00.000000Z,657.55,657.7,657.19,657.27,2616.69
2025-06-17T09:35:00.000000Z,657.27,657.47,656.7,657.13,2881.57
2025-06-17T09:40:00.000000Z,657.12,657.57,657.04,657.48,2768.49
2025-06-17T09:45:00.000000Z,657.48,657.76,657.15,657.76,4488.01
2025-06-17T09:50:00.000000Z,657.75,657.78,657.36,657.47,4395.03
2025-06-17T09:55:00.000000Z,657.47,657.48,656.62,656.62,4959.75
2025-06-17T10:00:00.000000Z,656.62,656.84,655.35,655.53,6627.68
2025-06-17T10:05:00.000000Z,655.51,656.16,655.2,655.25,9067.0
2025-06-17T10:10:00.000000Z,655.26,655.26,654.19,654.48,5809.18
2025-06-17T10:15:00.000000Z,654.48,654.56,653.44,653.73,4958.07
2025-06-17T10:20:00.000000Z,653.74,655.9,653.5,655.74,8688.76
2025-06-17T10:25:00.000000Z,655.73,655.83,654.36,654.56,2517.52
2025-06-17T10:30:00.000000Z,654.56,654.96,653.86,654.04,3554.93
2025-06-17T10:35:00.000000Z,654.05,654.59,653.54,654.01,4498.47
2025-06-17T10:40:00.000000Z,654.01,654.44,653.89,653.98,4173.3
2025-06-17T10:45:00.000000Z,653.99,654.45,653.7,654.45,1891.54
2025-06-17T10:50:00.000000Z,654.45,654.81,654.28,654.68,1818.5
2025-06-17T10:55:00.000000Z,654.69,655.14,654.6,655.05,1447.78
2025-06-17T11:00:00.000000Z,655.05,655.05,654.66,654.71,1166.8
2025-06-17T11:05:00.000000Z,654.71,654.82,654.2,654.53,1465.31
2025-06-17T11:10:00.000000Z,654.54,654.98,654.38,654.42,1796.77
2025-06-17T11:15:00.000000Z,654.42,654.57,653.0,653.17,6671.28
2025-06-17T11:20:00.000000Z,653.18,653.42,652.78,652.98,2167.98
2025-06-17T11:25:00.000000Z,652.97,653.62,652.97,653.53,1219.44
2025-06-17T11:30:00.000000Z,653.53,653.53,653.08,653.1,1942.61
2025-06-17T11:35:00.000000Z,653.11,653.22,652.89,653.01,937.28
2025-06-17T11:40:00.000000Z,653.01,653.09,652.62,652.9,991.25
2025-06-17T11:45:00.000000Z,652.89,653.21,652.66,653.05,853.24
2025-06-17T11:50:00.000000Z,653.06,653.06,652.56,652.91,1273.67
2025-06-17T11:55:00.000000Z,652.9,653.97,652.9,653.68,2805.31
2025-06-17T12:00:00.000000Z,653.69,653.76,653.04,653.56,1640.87
2025-06-17T12:05:00.000000Z,653.57,654.34,653.52,653.93,2214.66
2025-06-17T12:10:00.000000Z,653.94,654.2,653.82,653.82,946.41
2025-06-17T12:15:00.000000Z,653.81,653.84,653.51,653.54,1067.32
2025-06-17T12:20:00.000000Z,653.54,653.84,653.37,653.74,619.92
2025-06-17T12:25:00.000000Z,653.74,653.82,653.55,653.76,531.43
2025-06-17T12:30:00.000000Z,653.76,653.93,653.34,653.48,1754.86
2025-06-17T12:35:00.000000Z,653.48,653.89,653.23,653.88,815.5
2025-06-17T12:40:00.000000Z,653.87,654.14,653.64,653.95,727.44
2025-06-17T12:45:00.000000Z,653.94,653.94,653.31,653.46,566.73
2025-06-17T12:50:00.000000Z,653.46,654.02,653.17,653.42,525.4
2025-06-17T12:55:00.000000Z,653.43,653.76,653.29,653.65,761.98
2025-06-17T13:00:00.000000Z,653.66,653.98,653.49,653.98,678.86
2025-06-17T13:05:00.000000Z,653.97,654.58,653.89,653.99,928.66
2025-06-17T13:10:00.000000Z,654.0,654.49,653.89,654.24,535.83
2025-06-17T13:15:00.000000Z,654.24,654.49,653.97,654.23,1100.22
2025-06-17T13:20:00.000000Z,654.22,655.2,654.22,655.16,2248.6
2025-06-17T13:25:00.000000Z,655.17,656.32,655.1,655.89,4364.52
2025-06-17T13:30:00.000000Z,655.89,656.11,654.95,655.62,1642.3
2025-06-17T13:35:00.000000Z,655.62,655.69,655.03,655.68,765.1
2025-06-17T13:40:00.000000Z,655.69,655.7,653.57,653.63,2749.68
2025-06-17T13:45:00.000000Z,653.64,654.23,653.37,653.37,1075.79
2025-06-17T13:50:00.000000Z,653.36,653.5,652.82,653.0,1924.93
2025-06-17T13:55:00.000000Z,653.0,653.09,652.29,652.29,1223.54
2025-06-17T14:00:00.000000Z,652.3,652.71,651.84,652.04,2386.22
2025-06-17T14:05:00.000000Z,652.04,653.76,651.9,653.59,1832.28
2025-06-17T14:10:00.000000Z,653.59,654.0,653.48,653.56,1148.14
2025-06-17T14:15:00.000000Z,653.56,653.57,652.39,652.39,888.55
2025-06-17T14:20:00.000000Z,652.4,652.46,652.0,652.16,1344.56
2025-06-17T14:25:00.000000Z,652.16,652.71,652.08,652.53,586.56
2025-06-17T14:30:00.000000Z,652.53,652.62,652.28,652.28,823.89
2025-06-17T14:35:00.000000Z,652.28,652.34,651.74,652.33,1102.2
2025-06-17T14:40:00.000000Z,652.34,652.34,651.17,651.63,3536.55
2025-06-17T14:45:00.000000Z,651.63,652.83,651.63,652.02,2731.09
2025-06-17T14:50:00.000000Z,652.02,652.47,651.86,651.97,751.93
2025-06-17T14:55:00.000000Z,651.96,652.02,650.43,650.79,2274.62
2025-06-17T15:00:00.000000Z,650.79,650.82,649.14,649.29,5699.73
2025-06-17T15:05:00.000000Z,649.29,650.55,648.55,648.62,4356.72
2025-06-17T15:10:00.000000Z,648.62,649.0,647.56,648.68,5147.75
2025-06-17T15:15:00.000000Z,648.68,648.68,647.74,648.24,2899.22
2025-06-17T15:20:00.000000Z,648.23,648.23,647.07,647.21,3151.42
2025-06-17T15:25:00.000000Z,647.22,647.61,646.1,646.36,4267.67
2025-06-17T15:30:00.000000Z,646.37,646.38,645.1,646.17,5617.55
2025-06-17T15:35:00.000000Z,646.16,647.03,645.27,646.26,3848.7
2025-06-17T15:40:00.000000Z,646.27,647.55,646.27,646.9,3316.3
2025-06-17T15:45:00.000000Z,646.89,646.89,645.0,645.29,3445.79
2025-06-17T15:50:00.000000Z,645.3,646.74,645.29,646.16,2586.3
2025-06-17T15:55:00.000000Z,646.15,646.49,646.02,646.36,785.6
2025-06-17T16:00:00.000000Z,646.35,646.63,645.63,645.79,2332.44
2025-06-17T16:05:00.000000Z,645.78,646.2,645.14,645.26,2118.69
2025-06-17T16:10:00.000000Z,645.26,645.87,645.07,645.7,1633.95
2025-06-17T16:15:00.000000Z,645.71,645.78,644.69,645.65,2697.09
2025-06-17T16:20:00.000000Z,645.66,645.95,644.82,644.82,1131.1
2025-06-17T16:25:00.000000Z,644.82,645.69,644.65,645.31,1198.05
2025-06-17T16:30:00.000000Z,645.31,645.48,643.55,644.12,2675.29
2025-06-17T16:35:00.000000Z,644.13,645.6,643.65,645.19,3225.19
2025-06-17T16:40:00.000000Z,645.18,645.18,643.37,643.42,2090.62
2025-06-17T16:45:00.000000Z,643.42,643.42,642.36,642.7,3182.41
2025-06-17T16:50:00.000000Z,642.69,642.76,641.15,641.19,5917.26
2025-06-17T16:55:00.000000Z,641.17,642.06,640.69,640.72,3652.04
2025-06-17T17:00:00.000000Z,640.72,640.99,640.0,640.53,5162.14
2025-06-17T17:05:00.000000Z,640.53,641.74,640.21,641.37,3190.82
2025-06-17T17:10:00.000000Z,641.38,642.11,640.55,640.56,2707.95
2025-06-17T17:15:00.000000Z,640.56,641.28,640.35,640.88,1955.2
2025-06-17T17:20:00.000000Z,640.88,642.95,640.7,642.63,2726.3
2025-06-17T17:25:00.000000Z,642.62,643.49,642.31,643.38,2019.15
2025-06-17T17:30:00.000000Z,643.35,644.55,643.03,644.39,2986.36
2025-06-17T17:35:00.000000Z,644.39,644.58,642.98,643.09,1950.7
2025-06-17T17:40:00.000000Z,643.1,643.77,642.84,642.99,1133.75
2025-06-17T17:45:00.000000Z,642.98,643.11,642.28,642.5,1652.99
2025-06-17T17:50:00.000000Z,642.49,642.96,642.1,642.57,1322.34
2025-06-17T17:55:00.000000Z,642.57,642.86,642.2,642.2,620.3
2025-06-17T18:00:00.000000Z,642.2,642.67,642.0,642.64,1663.53
2025-06-17T18:05:00.000000Z,642.64,643.14,642.48,643.1,1585.3
2025-06-17T18:10:00.000000Z,643.1,643.73,643.09,643.16,1027.36
2025-06-17T18:15:00.000000Z,643.16,643.44,642.76,643.43,1197.99
2025-06-17T18:20:00.000000Z,643.43,643.84,643.35,643.69,1021.8
2025-06-17T18:25:00.000000Z,643.68,643.68,642.43,642.91,1288.77
2025-06-17T18:30:00.000000Z,642.91,644.1,642.9,644.03,857.22
2025-06-17T18:35:00.000000Z,644.03,644.31,643.76,643.77,710.87
2025-06-17T18:40:00.000000Z,643.76,644.17,643.72,644.12,714.35
2025-06-17T18:45:00.000000Z,644.12,644.41,644.02,644.29,1069.23
2025-06-17T18:50:00.000000Z,644.29,644.95,644.26,644.94,1443.08
2025-06-17T18:55:00.000000Z,644.94,645.93,644.9,645.88,3299.25
2025-06-17T19:00:00.000000Z,645.87,646.88,645.72,646.43,4444.92
2025-06-17T19:05:00.000000Z,646.43,646.76,645.9,646.23,2055.65
2025-06-17T19:10:00.000000Z,646.22,647.5,646.18,647.43,2419.38
2025-06-17T19:15:00.000000Z,647.43,648.1,647.31,648.09,3408.53
2025-06-17T19:20:00.000000Z,648.09,649.2,648.02,649.03,3379.38
2025-06-17T19:25:00.000000Z,649.03,649.27,648.06,649.08,2259.24
2025-06-17T19:30:00.000000Z,649.07,649.38,648.5,648.95,1463.02
2025-06-17T19:35:00.000000Z,648.95,649.65,648.83,649.08,2149.6
2025-06-17T19:40:00.000000Z,649.08,649.08,648.4,649.02,1220.39
2025-06-17T19:45:00.000000Z,649.02,649.8,648.97,649.77,1140.77
2025-06-17T19:50:00.000000Z,649.76,649.77,649.34,649.64,1172.93
2025-06-17T19:55:00.000000Z,649.63,649.63,648.11,648.32,1464.07
2025-06-17T20:00:00.000000Z,648.31,648.97,648.0,648.63,2162.74
2025-06-17T20:05:00.000000Z,648.64,648.9,648.42,648.59,641.86
2025-06-17T20:10:00.000000Z,648.58,648.58,647.73,647.99,1337.8
2025-06-17T20:15:00.000000Z,647.99,647.99,646.68,646.96,1982.24
2025-06-17T20:20:00.000000Z,646.95,648.12,646.95,648.1,1437.44
2025-06-17T20:25:00.000000Z,648.1,648.56,648.09,648.36,921.79
2025-06-17T20:30:00.000000Z,648.36,648.72,647.8,647.94,737.81
2025-06-17T20:35:00.000000Z,647.93,648.25,647.4,647.71,594.76
2025-06-17T20:40:00.000000Z,647.72,648.06,647.64,648.05,641.44
2025-06-17T20:45:00.000000Z,648.06,648.13,646.72,647.15,813.31
2025-06-17T20:50:00.000000Z,647.14,647.37,646.66,646.66,618.22
2025-06-17T20:55:00.000000Z,646.66,647.0,646.49,646.77,1127.73
2025-06-17T21:00:00.000000Z,646.77,646.98,646.17,646.35,1355.08
2025-06-17T21:05:00.000000Z,646.35,646.7,645.66,645.66,1757.01
2025-06-17T21:10:00.000000Z,645.66,646.78,645.52,646.77,1862.8
2025-06-17T21:15:00.000000Z,646.77,647.4,646.77,647.01,1020.37
2025-06-17T21:20:00.000000Z,647.01,647.3,646.6,646.64,1614.42
2025-06-17T21:25:00.000000Z,646.63,647.73,646.31,647.66,634.76
2025-06-17T21:30:00.000000Z,647.67,648.55,647.67,648.51,1164.35
2025-06-17T21:35:00.000000Z,648.51,648.7,648.0,648.42,751.53
2025-06-17T21:40:00.000000Z,648.43,648.59,647.89,648.15,605.49
2025-06-17T21:45:00.000000Z,648.16,648.16,647.29,647.32,370.21
2025-06-17T21:50:00.000000Z,647.31,647.77,647.31,647.53,427.47
2025-06-17T21:55:00.000000Z,647.53,647.7,647.09,647.38,378.11
2025-06-17T22:00:00.000000Z,647.39,647.5,646.32,646.64,1127.33
2025-06-17T22:05:00.000000Z,646.65,647.5,646.65,647.5,610.02
2025-06-17T22:10:00.000000Z,647.5,647.98,647.0,647.8,604.0
2025-06-17T22:15:00.000000Z,647.8,647.82,647.18,647.59,741.47
2025-06-17T22:20:00.000000Z,647.6,647.68,647.0,647.18,772.06
2025-06-17T22:25:00.000000Z,647.19,647.56,647.18,647.37,1129.85
2025-06-17T22:30:00.000000Z,647.37,647.62,646.52,646.66,938.75
2025-06-17T22:35:00.000000Z,646.67,646.72,646.21,646.29,406.26
2025-06-17T22:40:00.000000Z,646.3,647.27,646.29,646.78,830.93
2025-06-17T22:45:00.000000Z,646.79,647.2,646.64,646.99,775.93
2025-06-17T22:50:00.000000Z,646.99,647.41,646.58,646.65,710.86
2025-06-17T22:55:00.000000Z,646.64,646.7,645.42,645.64,1029.57
2025-06-17T23:00:00.000000Z,645.63,645.91,645.54,645.82,944.7
2025-06-17T23:05:00.000000Z,645.83,646.7,645.83,646.7,687.89
2025-06-17T23:10:00.000000Z,646.7,646.87,646.46,646.54,462.27
2025-06-17T23:15:00.000000Z,646.55,648.13,646.55,647.85,5644.01
2025-06-17T23:20:00.000000Z,647.86,647.9,647.52,647.71,499.12
2025-06-17T23:25:00.000000Z,647.71,648.2,647.64,648.2,615.87
2025-06-17T23:30:00.000000Z,648.2,648.55,648.19,648.49,891.88
2025-06-17T23:35:00.000000Z,648.49,648.74,648.44,648.66,533.14
2025-06-17T23:40:00.000000Z,648.67,648.81,648.44,648.65,769.35
2025-06-17T23:45:00.000000Z,648.66,648.81,648.56,648.58,379.43
2025-06-17T23:50:00.000000Z,648.58,648.7,648.44,648.53,662.09
2025-06-17T23:55:00.000000Z,648.53,648.53,647.94,648.04,880.65
2025-06-18T00:00:00.000000Z,648.04,648.6,648.04,648.54,1847.41
2025-06-18T00:05:00.000000Z,648.56,649.1,648.39,648.89,1177.93
2025-06-18T00:10:00.000000Z,648.9,649.29,648.86,648.95,1338.79
2025-06-18T00:15:00.000000Z,648.95,649.49,648.94,649.18,1308.39
2025-06-18T00:20:00.000000Z,649.18,649.46,649.08,649.27,639.58
2025-06-18T00:25:00.000000Z,649.28,649.39,648.37,648.47,899.0
2025-06-18T00:30:00.000000Z,648.47,648.96,647.86,648.96,1461.68
2025-06-18T00:35:00.000000Z,648.96,650.32,648.95,650.17,2582.93
2025-06-18T00:40:00.000000Z,650.17,650.32,650.08,650.13,629.89
2025-06-18T00:45:00.000000Z,650.13,650.13,649.07,649.6,1992.28
2025-06-18T00:50:00.000000Z,649.6,650.4,649.33,650.37,1305.52
2025-06-18T00:55:00.000000Z,650.37,651.0,650.22,650.89,1902.88
2025-06-18T01:00:00.000000Z,650.9,651.47,650.76,651.47,1872.7
2025-06-18T01:05:00.000000Z,651.46,652.13,651.4,652.06,2051.71
2025-06-18T01:10:00.000000Z,652.05,652.1,651.72,651.9,984.21
2025-06-18T01:15:00.000000Z,651.9,654.19,651.89,653.84,6635.31
2025-06-18T01:20:00.000000Z,653.85,653.92,652.77,653.11,3656.27
2025-06-18T01:25:00.000000Z,653.12,653.12,652.53,652.54,1569.36
2025-06-18T01:30:00.000000Z,652.54,652.71,652.21,652.67,2421.51
2025-06-18T01:35:00.000000Z,652.67,652.85,652.48,652.79,1099.21
2025-06-18T01:40:00.000000Z,652.78,652.79,651.96,652.01,1092.18
2025-06-18T01:45:00.000000Z,652.02,652.03,651.11,651.43,1332.14
2025-06-18T01:50:00.000000Z,651.42,651.48,650.93,651.0,829.43
2025-06-18T01:55:00.000000Z,651.01,651.33,650.59,650.74,1327.33
2025-06-18T02:00:00.000000Z,650.74,651.47,650.43,651.47,1483.14
2025-06-18T02:05:00.000000Z,651.48,652.24,651.48,651.69,1651.44
2025-06-18T02:10:00.000000Z,651.68,652.06,651.56,651.81,1323.96
2025-06-18T02:15:00.000000Z,651.8,651.8,650.88,650.97,1235.55
2025-06-18T02:20:00.000000Z,650.98,651.79,649.97,651.71,3754.89
2025-06-18T02:25:00.000000Z,651.71,652.58,651.71,652.48,731.58
2025-06-18T02:30:00.000000Z,652.48,652.7,652.14,652.36,1323.73
2025-06-18T02:35:00.000000Z,652.36,652.81,652.23,652.61,922.96
2025-06-18T02:40:00.000000Z,652.61,652.66,652.23,652.24,528.54
2025-06-18T02:45:00.000000Z,652.24,653.5,652.24,653.34,1843.97
2025-06-18T02:50:00.000000Z,653.34,653.53,652.91,653.17,844.71
2025-06-18T02:55:00.000000Z,653.17,653.5,652.29,652.3,1238.53
2025-06-18T03:00:00.000000Z,652.3,653.19,652.28,652.84,1067.66
2025-06-18T03:05:00.000000Z,652.84,653.14,652.38,652.66,883.49
2025-06-18T03:10:00.000000Z,652.66,653.05,652.63,652.88,590.45
2025-06-18T03:15:00.000000Z,652.88,653.02,652.57,652.91,754.98
2025-06-18T03:20:00.000000Z,652.91,652.99,652.33,652.4,643.91
2025-06-18T03:25:00.000000Z,652.4,652.68,652.14,652.68,828.18
2025-06-18T03:30:00.000000Z,652.68,653.3,652.68,653.21,1253.94
2025-06-18T03:35:00.000000Z,653.21,653.46,653.1,653.2,939.39
2025-06-18T03:40:00.000000Z,653.19,653.2,652.77,652.89,1208.54
2025-06-18T03:45:00.000000Z,652.88,652.89,652.26,652.3,985.49
2025-06-18T03:50:00.000000Z,652.3,652.63,652.26,652.26,562.31
2025-06-18T03:55:00.000000Z,652.26,652.27,651.9,652.14,886.65
2025-06-18T04:00:00.000000Z,652.14,652.32,651.72,651.86,1005.86
2025-06-18T04:05:00.000000Z,651.86,653.9,651.86,652.84,4206.72
2025-06-18T04:10:00.000000Z,652.85,653.0,652.49,652.66,1376.65
2025-06-18T04:15:00.000000Z,652.66,652.76,652.29,652.29,761.9
2025-06-18T04:20:00.000000Z,652.3,652.65,651.98,652.01,2191.1
2025-06-18T04:25:00.000000Z,652.01,652.21,651.51,652.18,909.18
2025-06-18T04:30:00.000000Z,652.18,652.52,652.03,652.38,473.36
2025-06-18T04:35:00.000000Z,652.39,652.65,652.36,652.57,342.91
2025-06-18T04:40:00.000000Z,652.57,652.89,652.56,652.68,714.14
2025-06-18T04:45:00.000000Z,652.68,653.24,652.6,653.08,1046.81
2025-06-18T04:50:00.000000Z,653.07,653.08,652.62,652.98,762.5
2025-06-18T04:55:00.000000Z,652.97,653.02,652.8,652.84,281.04
2025-06-18T05:00:00.000000Z,652.84,653.0,652.67,652.99,824.62
2025-06-18T05:05:00.000000Z,653.0,653.32,652.72,653.11,848.89
2025-06-18T05:10:00.000000Z,653.11,653.12,652.7,652.93,662.64
2025-06-18T05:15:00.000000Z,652.93,653.33,652.74,653.01,981.43
2025-06-18T05:20:00.000000Z,653.04,653.26,653.03,653.19,588.69
2025-06-18T05:25:00.000000Z,653.18,653.52,653.16,653.35,1043.09
2025-06-18T05:30:00.000000Z,653.35,653.66,653.29,653.32,696.62
2025-06-18T05:35:00.000000Z,653.32,653.32,652.77,652.86,757.85
2025-06-18T05:40:00.000000Z,652.85,653.2,652.85,652.98,539.68
2025-06-18T05:45:00.000000Z,652.98,653.13,652.86,653.13,390.45
2025-06-18T05:50:00.000000Z,653.13,653.13,652.77,652.91,574.86
2025-06-18T05:55:00.000000Z,652.9,653.05,652.9,652.96,263.26
2025-06-18T06:00:00.000000Z,652.96,653.18,652.74,652.93,1018.41
2025-06-18T06:05:00.000000Z,652.92,653.45,652.92,653.18,859.91
2025-06-18T06:10:00.000000Z,653.18,653.42,653.18,653.24,545.29
2025-06-18T06:15:00.000000Z,653.24,653.54,652.95,653.5,825.02
2025-06-18T06:20:00.000000Z,653.5,653.51,653.12,653.3,1254.7
2025-06-18T06:25:00.000000Z,653.31,653.45,653.01,653.45,855.41
2025-06-18T06:30:00.000000Z,653.45,653.45,652.9,652.98,2220.2
2025-06-18T06:35:00.000000Z,652.97,652.97,652.12,652.17,2653.32
2025-06-18T06:40:00.000000Z,652.17,652.36,651.9,652.07,931.85
2025-06-18T06:45:00.000000Z,652.08,652.22,651.03,651.75,2302.57
2025-06-18T06:50:00.000000Z,651.76,651.98,651.25,651.35,1192.81
2025-06-18T06:55:00.000000Z,651.35,651.35,651.06,651.17,924.79
2025-06-18T07:00:00.000000Z,651.17,651.55,651.07,651.54,1179.59
2025-06-18T07:05:00.000000Z,651.55,651.56,650.7,651.04,1840.6
2025-06-18T07:10:00.000000Z,651.03,651.38,650.7,650.74,1453.65
2025-06-18T07:15:00.000000Z,650.73,650.98,650.67,650.8,1201.52
2025-06-18T07:20:00.000000Z,650.79,651.1,650.75,650.86,595.0
2025-06-18T07:25:00.000000Z,650.86,651.04,650.72,651.01,566.97
2025-06-18T07:30:00.000000Z,651.0,651.01,650.5,650.73,979.17
2025-06-18T07:35:00.000000Z,650.73,651.6,650.65,651.6,940.38
2025-06-18T07:40:00.000000Z,651.56,651.6,651.02,651.17,812.0
2025-06-18T07:45:00.000000Z,651.16,651.39,651.13,651.38,429.93
2025-06-18T07:50:00.000000Z,651.38,651.38,650.96,651.12,470.85
2025-06-18T07:55:00.000000Z,651.11,651.45,651.05,651.45,596.13
2025-06-18T08:00:00.000000Z,651.44,652.46,651.44,652.32,1595.54
2025-06-18T08:05:00.000000Z,652.31,652.44,652.18,652.38,1570.62
2025-06-18T08:10:00.000000Z,652.38,652.4,651.91,651.99,1115.79
2025-06-18T08:15:00.000000Z,651.98,652.07,651.71,651.86,437.57
2025-06-18T08:20:00.000000Z,651.87,651.96,651.22,651.41,1575.82
2025-06-18T08:25:00.000000Z,651.41,651.57,651.02,651.02,598.95
2025-06-18T08:30:00.000000Z,651.02,651.1,650.53,650.66,1573.21
2025-06-18T08:35:00.000000Z,650.66,650.68,650.1,650.1,1464.49
2025-06-18T08:40:00.000000Z,650.1,650.19,649.62,650.0,2791.66
2025-06-18T08:45:00.000000Z,649.99,650.74,649.99,650.24,1375.49
2025-06-18T08:50:00.000000Z,650.25,650.35,649.9,650.15,719.67
2025-06-18T08:55:00.000000Z,650.15,650.38,649.8,649.84,732.92
2025-06-18T09:00:00.000000Z,649.84,650.64,649.84,650.58,1475.25
2025-06-18T09:05:00.000000Z,650.59,650.81,650.13,650.34,2220.96
2025-06-18T09:10:00.000000Z,650.33,650.38,650.05,650.11,1269.9
2025-06-18T09:15:00.000000Z,650.12,650.58,650.12,650.45,567.62
2025-06-18T09:20:00.000000Z,650.45,650.61,650.2,650.24,623.94
2025-06-18T09:25:00.000000Z,650.25,650.25,649.8,649.86,986.88
2025-06-18T09:30:00.000000Z,649.86,649.94,649.29,649.3,1464.36
2025-06-18T09:35:00.000000Z,649.3,649.34,648.71,648.93,2491.8
2025-06-18T09:40:00.000000Z,648.93,649.27,648.74,648.93,1949.95
2025-06-18T09:45:00.000000Z,648.93,648.94,648.03,648.25,3445.55
2025-06-18T09:50:00.000000Z,648.24,648.51,647.94,647.97,4196.92
2025-06-18T09:55:00.000000Z,647.97,648.18,647.52,647.55,4046.6
2025-06-18T10:00:00.000000Z,647.56,647.82,646.78,646.95,5469.67
2025-06-18T10:05:00.000000Z,646.95,647.42,646.64,646.9,3720.57
2025-06-18T10:10:00.000000Z,646.91,647.35,646.84,647.28,3725.08
2025-06-18T10:15:00.000000Z,647.28,648.0,647.0,647.76,3921.46
2025-06-18T10:20:00.000000Z,647.75,647.75,645.76,646.0,3794.5
2025-06-18T10:25:00.000000Z,645.99,646.17,645.74,645.81,1889.53
2025-06-18T10:30:00.000000Z,645.81,646.0,644.72,644.81,5300.0
2025-06-18T10:35:00.000000Z,644.82,644.91,642.58,643.17,13726.69
2025-06-18T10:40:00.000000Z,643.18,644.0,643.0,643.12,4905.92
2025-06-18T10:45:00.000000Z,643.13,643.62,642.7,642.82,3444.33
2025-06-18T10:50:00.000000Z,642.83,642.89,641.63,641.78,4162.05
2025-06-18T10:55:00.000000Z,641.78,642.65,641.22,642.19,4486.0
2025-06-18T11:00:00.000000Z,642.19,642.62,641.35,641.78,3593.01
2025-06-18T11:05:00.000000Z,641.78,643.27,641.56,643.22,3171.18
2025-06-18T11:10:00.000000Z,643.22,643.81,642.49,643.78,3344.51
2025-06-18T11:15:00.000000Z,643.79,643.86,642.82,642.82,1886.3
2025-06-18T11:20:00.000000Z,642.82,643.78,642.75,643.72,1167.23
2025-06-18T11:25:00.000000Z,643.72,643.92,643.46,643.68,724.13
2025-06-18T11:30:00.000000Z,643.68,643.93,643.14,643.77,1373.58
2025-06-18T11:35:00.000000Z,643.75,643.81,643.25,643.4,995.5
2025-06-18T11:40:00.000000Z,643.39,645.34,643.12,644.93,3694.92
2025-06-18T11:45:00.000000Z,644.92,645.48,644.74,644.74,1830.96
2025-06-18T11:50:00.000000Z,644.75,645.05,644.53,644.54,1137.74
2025-06-18T11:55:00.000000Z,644.53,644.85,644.22,644.78,1152.32
2025-06-18T12:00:00.000000Z,644.78,644.79,644.1,644.14,1511.32
2025-06-18T12:05:00.000000Z,644.14,644.48,644.0,644.14,1142.22
2025-06-18T12:10:00.000000Z,644.14,644.82,644.04,644.38,985.27
2025-06-18T12:15:00.000000Z,644.37,644.37,643.51,643.51,1199.29
2025-06-18T12:20:00.000000Z,643.51,644.4,643.0,643.88,1225.72
2025-06-18T12:25:00.000000Z,643.89,643.95,643.2,643.21,737.27
2025-06-18T12:30:00.000000Z,643.2,643.22,642.51,642.97,1944.77
2025-06-18T12:35:00.000000Z,642.96,642.96,641.9,642.11,1199.1
2025-06-18T12:40:00.000000Z,642.12,642.43,642.06,642.16,835.16
2025-06-18T12:45:00.000000Z,642.17,642.59,641.9,642.03,1095.28
2025-06-18T12:50:00.000000Z,642.03,642.39,641.82,642.1,741.97
2025-06-18T12:55:00.000000Z,642.1,642.12,641.71,641.92,1083.06
2025-06-18T13:00:00.000000Z,641.92,642.07,640.93,640.98,2293.79
2025-06-18T13:05:00.000000Z,640.97,641.06,639.5,640.14,14799.81
2025-06-18T13:10:00.000000Z,640.15,640.5,639.52,639.71,2430.57
2025-06-18T13:15:00.000000Z,639.72,639.92,637.73,637.95,8066.99
2025-06-18T13:20:00.000000Z,637.95,638.28,637.4,637.91,7439.77
2025-06-18T13:25:00.000000Z,637.91,637.91,636.69,637.13,4762.41
2025-06-18T13:30:00.000000Z,637.12,639.15,636.84,638.05,6299.04
2025-06-18T13:35:00.000000Z,638.05,640.55,638.05,639.66,4862.28
2025-06-18T13:40:00.000000Z,639.67,640.25,639.2,640.19,2495.35
2025-06-18T13:45:00.000000Z,640.18,640.23,638.78,639.21,2448.73
2025-06-18T13:50:00.000000Z,639.21,641.28,639.06,640.62,2579.31
2025-06-18T13:55:00.000000Z,640.61,641.35,640.13,640.13,3133.97
2025-06-18T14:00:00.000000Z,640.14,642.5,639.31,642.38,4981.54
2025-06-18T14:05:00.000000Z,642.39,643.04,641.85,642.85,5298.73
2025-06-18T14:10:00.000000Z,642.84,643.79,642.43,643.47,2925.86
2025-06-18T14:15:00.000000Z,643.46,643.6,642.61,642.63,2485.78
2025-06-18T14:20:00.000000Z,642.62,643.79,642.55,643.73,1982.52
2025-06-18T14:25:00.000000Z,643.73,644.08,643.35,643.68,2160.17
2025-06-18T14:30:00.000000Z,643.68,643.74,642.72,642.9,3213.34
2025-06-18T14:35:00.000000Z,642.9,643.86,642.35,643.69,1642.94
2025-06-18T14:40:00.000000Z,643.68,643.72,642.6,643.56,1745.48
2025-06-18T14:45:00.000000Z,643.56,643.57,641.85,642.0,1898.98
2025-06-18T14:50:00.000000Z,641.99,642.09,641.13,641.53,2334.36
2025-06-18T14:55:00.000000Z,641.52,642.27,641.33,642.11,1526.07
2025-06-18T15:00:00.000000Z,642.1,643.06,641.65,643.05,2583.58
2025-06-18T15:05:00.000000Z,643.05,643.06,642.34,642.49,1423.62
2025-06-18T15:10:00.000000Z,642.49,642.59,640.35,640.52,2249.64
2025-06-18T15:15:00.000000Z,640.51,640.61,638.51,639.62,4064.35
2025-06-18T15:20:00.000000Z,639.62,640.74,639.6,640.73,1653.56
2025-06-18T15:25:00.000000Z,640.73,641.65,640.73,641.31,1819.07
2025-06-18T15:30:00.000000Z,641.31,641.46,640.25,640.66,1258.98
2025-06-18T15:35:00.000000Z,640.66,640.66,639.4,640.58,3352.91
2025-06-18T15:40:00.000000Z,640.6,641.42,640.18,641.01,1984.86
2025-06-18T15:45:00.000000Z,641.04,641.93,640.81,641.85,1121.1
2025-06-18T15:50:00.000000Z,641.84,642.5,641.42,642.5,2186.6
2025-06-18T15:55:00.000000Z,642.49,642.85,641.52,641.64,1873.33
2025-06-18T16:00:00.000000Z,641.63,642.0,640.0,640.13,3467.34
2025-06-18T16:05:00.000000Z,640.08,641.1,639.32,641.09,2437.37
2025-06-18T16:10:00.000000Z,641.1,641.5,639.8,639.89,1609.2
2025-06-18T16:15:00.000000Z,639.9,640.15,639.05,639.98,2255.07
2025-06-18T16:20:00.000000Z,639.97,640.48,639.72,640.32,805.39
2025-06-18T16:25:00.000000Z,640.3,640.43,640.01,640.13,828.59
2025-06-18T16:30:00.000000Z,640.13,640.62,639.66,640.39,1247.52
2025-06-18T16:35:00.000000Z,640.4,640.98,640.26,640.5,655.03
2025-06-18T16:40:00.000000Z,640.5,640.76,640.14,640.67,904.75
2025-06-18T16:45:00.000000Z,640.68,640.71,639.27,639.49,929.05
2025-06-18T16:50:00.000000Z,639.48,640.64,639.48,639.67,810.1
2025-06-18T16:55:00.000000Z,639.67,640.67,639.66,640.39,623.29
2025-06-18T17:00:00.000000Z,640.39,640.5,639.4,639.41,2226.08
2025-06-18T17:05:00.000000Z,639.41,639.96,637.99,639.9,3585.27
2025-06-18T17:10:00.000000Z,639.89,640.0,639.17,639.3,845.38
2025-06-18T17:15:00.000000Z,639.31,640.1,639.09,640.09,1013.83
2025-06-18T17:20:00.000000Z,640.09,640.53,639.46,640.07,1033.08
2025-06-18T17:25:00.000000Z,640.07,640.38,639.18,639.28,770.94
2025-06-18T17:30:00.000000Z,639.27,639.41,637.02,637.6,4670.76
2025-06-18T17:35:00.000000Z,637.6,640.24,637.39,640.2,2008.4
2025-06-18T17:40:00.000000Z,640.19,640.88,640.0,640.59,957.25
2025-06-18T17:45:00.000000Z,640.59,640.82,640.15,640.26,1075.1
2025-06-18T17:50:00.000000Z,640.26,641.16,640.25,641.0,729.9
2025-06-18T17:55:00.000000Z,641.01,641.3,640.61,640.98,840.47
2025-06-18T18:00:00.000000Z,640.97,642.62,640.03,640.06,4772.22
2025-06-18T18:05:00.000000Z,640.07,640.77,639.16,639.8,2609.5
2025-06-18T18:10:00.000000Z,639.81,640.52,639.1,640.4,2106.69
2025-06-18T18:15:00.000000Z,640.41,640.41,639.37,639.43,1027.7
2025-06-18T18:20:00.000000Z,639.44,640.18,639.14,640.12,697.85
2025-06-18T18:25:00.000000Z,640.16,641.39,640.16,640.91,2639.66
2025-06-18T18:30:00.000000Z,640.91,642.54,640.6,642.18,1711.6
2025-06-18T18:35:00.000000Z,642.18,642.18,640.91,641.21,1177.6
2025-06-18T18:40:00.000000Z,641.23,642.29,640.93,641.68,692.94
2025-06-18T18:45:00.000000Z,641.68,641.97,641.16,641.68,479.91
2025-06-18T18:50:00.000000Z,641.68,641.68,639.12,639.41,1567.06
2025-06-18T18:55:00.000000Z,639.42,639.42,638.14,638.16,1653.4
2025-06-18T19:00:00.000000Z,638.16,639.29,637.72,639.29,2350.41
2025-06-18T19:05:00.000000Z,639.3,639.76,638.67,638.95,875.71
2025-06-18T19:10:00.000000Z,638.96,640.67,637.66,640.24,3894.19
2025-06-18T19:15:00.000000Z,640.23,640.52,639.53,640.09,1877.12
2025-06-18T19:20:00.000000Z,640.08,640.89,639.58,639.58,1026.49
2025-06-18T19:25:00.000000Z,639.57,639.82,638.37,638.48,2094.63
2025-06-18T19:30:00.000000Z,638.48,639.08,638.28,638.9,1109.51
2025-06-18T19:35:00.000000Z,638.89,640.12,638.72,639.88,611.28
2025-06-18T19:40:00.000000Z,639.88,640.34,639.59,640.09,797.01
2025-06-18T19:45:00.000000Z,640.09,640.31,639.55,640.02,419.0
2025-06-18T19:50:00.000000Z,640.02,640.34,639.78,639.78,698.54
2025-06-18T19:55:00.000000Z,639.78,640.08,638.96,639.06,696.58
2025-06-18T20:00:00.000000Z,639.06,640.06,639.02,639.32,940.7
2025-06-18T20:05:00.000000Z,639.31,639.31,638.17,638.58,1621.1
2025-06-18T20:10:00.000000Z,638.58,639.28,638.58,639.19,512.73
2025-06-18T20:15:00.000000Z,639.19,640.15,639.14,640.14,645.18
2025-06-18T20:20:00.000000Z,640.14,640.32,639.96,640.1,482.54
2025-06-18T20:25:00.000000Z,640.09,640.54,639.97,640.54,949.14
2025-06-18T20:30:00.000000Z,640.54,640.76,640.38,640.59,665.78
2025-06-18T20:35:00.000000Z,640.6,641.83,640.6,641.83,2262.88
2025-06-18T20:40:00.000000Z,641.84,642.71,641.64,642.65,5755.76
2025-06-18T20:45:00.000000Z,642.65,643.82,642.56,643.7,1838.19
2025-06-18T20:50:00.000000Z,643.69,644.41,643.69,644.34,2606.5
2025-06-18T20:55:00.000000Z,644.34,644.34,643.72,644.18,1740.99
2025-06-18T21:00:00.000000Z,644.19,644.35,643.5,643.5,1215.73
2025-06-18T21:05:00.000000Z,643.5,643.85,642.57,642.92,2651.11
2025-06-18T21:10:00.000000Z,642.92,643.13,642.35,642.57,1626.73
2025-06-18T21:15:00.000000Z,642.57,643.56,642.57,643.56,986.73
2025-06-18T21:20:00.000000Z,643.56,644.09,643.5,643.51,925.71
2025-06-18T21:25:00.000000Z,643.51,644.22,643.51,643.96,652.43
2025-06-18T21:30:00.000000Z,643.95,644.66,643.82,644.23,1125.93
2025-06-18T21:35:00.000000Z,644.22,644.22,643.55,644.11,809.43
2025-06-18T21:40:00.000000Z,644.11,644.54,643.86,644.54,443.66
2025-06-18T21:45:00.000000Z,644.53,644.54,644.34,644.36,224.64
2025-06-18T21:50:00.000000Z,644.35,644.75,644.35,644.71,427.47
2025-06-18T21:55:00.000000Z,644.72,645.18,643.72,644.54,2269.5
2025-06-18T22:00:00.000000Z,644.53,645.04,643.98,644.9,1379.36
2025-06-18T22:05:00.000000Z,644.91,644.91,644.14,644.15,503.18
2025-06-18T22:10:00.000000Z,644.15,644.31,643.45,643.58,865.73
2025-06-18T22:15:00.000000Z,643.59,643.92,643.33,643.88,987.89
2025-06-18T22:20:00.000000Z,643.88,644.62,643.62,644.62,367.56
2025-06-18T22:25:00.000000Z,644.61,644.79,644.4,644.55,492.13
2025-06-18T22:30:00.000000Z,644.55,644.68,644.15,644.16,418.66
2025-06-18T22:35:00.000000Z,644.15,644.24,643.84,644.11,663.71
2025-06-18T22:40:00.000000Z,644.11,644.4,644.04,644.22,398.83
2025-06-18T22:45:00.000000Z,644.23,644.77,644.22,644.56,610.61
2025-06-18T22:50:00.000000Z,644.56,644.87,644.55,644.79,266.45
2025-06-18T22:55:00.000000Z,644.8,644.84,644.31,644.57,640.15
2025-06-18T23:00:00.000000Z,644.56,645.0,644.4,644.97,664.42
2025-06-18T23:05:00.000000Z,644.98,645.11,644.58,644.77,533.35
2025-06-18T23:10:00.000000Z,644.77,644.9,644.62,644.86,558.32
2025-06-18T23:15:00.000000Z,644.86,644.99,644.56,644.86,785.99
2025-06-18T23:20:00.000000Z,644.86,645.14,644.68,644.68,517.3
2025-06-18T23:25:00.000000Z,644.69,644.69,644.46,644.54,445.7
2025-06-18T23:30:00.000000Z,644.55,644.55,643.92,644.07,1265.48
2025-06-18T23:35:00.000000Z,644.07,644.14,643.37,643.38,742.48
2025-06-18T23:40:00.000000Z,643.37,643.48,642.77,643.09,1175.01
2025-06-18T23:45:00.000000Z,643.09,643.77,642.91,643.72,1334.91
2025-06-18T23:50:00.000000Z,643.72,644.16,643.62,644.08,492.8
2025-06-18T23:55:00.000000Z,644.08,644.37,644.07,644.33,541.51
2025-06-19T00:00:00.000000Z,644.33,644.42,644.0,644.11,1499.99
2025-06-19T00:05:00.000000Z,644.1,644.56,644.05,644.27,925.39
2025-06-19T00:10:00.000000Z,644.27,644.27,643.39,643.52,915.7
2025-06-19T00:15:00.000000Z,643.52,643.8,643.1,643.75,962.76
2025-06-19T00:20:00.000000Z,643.75,644.5,643.67,644.5,474.72
2025-06-19T00:25:00.000000Z,644.49,645.03,644.48,644.98,1108.8
2025-06-19T00:30:00.000000Z,644.99,645.51,644.82,645.19,2138.19
2025-06-19T00:35:00.000000Z,645.2,645.37,644.7,644.7,1430.45
2025-06-19T00:40:00.000000Z,644.71,645.52,644.7,645.23,1033.61
2025-06-19T00:45:00.000000Z,645.23,645.6,644.86,645.53,1899.25
2025-06-19T00:50:00.000000Z,645.53,645.63,644.62,644.73,965.44
2025-06-19T00:55:00.000000Z,644.73,644.77,644.41,644.6,703.75
2025-06-19T01:00:00.000000Z,644.61,644.67,642.88,642.9,1926.61
2025-06-19T01:05:00.000000Z,642.87,643.3,642.02,642.47,2698.73
2025-06-19T01:10:00.000000Z,642.47,642.68,642.1,642.15,1038.12
2025-06-19T01:15:00.000000Z,642.16,642.58,642.15,642.16,1780.24
2025-06-19T01:20:00.000000Z,642.15,642.76,642.07,642.45,1139.92
2025-06-19T01:25:00.000000Z,642.45,643.0,642.31,642.92,879.35
2025-06-19T01:30:00.000000Z,642.91,642.91,642.02,642.23,762.25
2025-06-19T01:35:00.000000Z,642.24,642.25,641.89,641.92,813.96
2025-06-19T01:40:00.000000Z,641.93,642.17,641.83,641.83,594.58
2025-06-19T01:45:00.000000Z,641.84,642.09,641.8,641.81,530.76
2025-06-19T01:50:00.000000Z,641.81,641.81,641.02,641.06,1268.19
2025-06-19T01:55:00.000000Z,641.06,641.76,641.0,641.61,1097.74
2025-06-19T02:00:00.000000Z,641.62,642.16,641.13,642.16,744.14
2025-06-19T02:05:00.000000Z,642.16,642.78,642.09,642.13,944.14
2025-06-19T02:10:00.000000Z,642.14,642.25,641.35,641.68,1080.11
2025-06-19T02:15:00.000000Z,641.69,641.69,641.11,641.63,779.82
2025-06-19T02:20:00.000000Z,641.63,641.81,641.34,641.63,380.93
2025-06-19T02:25:00.000000Z,641.64,642.02,641.63,641.85,462.81
2025-06-19T02:30:00.000000Z,641.85,641.86,641.66,641.79,323.01
2025-06-19T02:35:00.000000Z,641.78,643.25,641.78,643.25,850.18
2025-06-19T02:40:00.000000Z,643.25,643.5,643.19,643.36,827.25
2025-06-19T02:45:00.000000Z,643.36,643.36,643.0,643.0,528.4
2025-06-19T02:50:00.000000Z,643.0,643.04,642.81,642.95,340.91
2025-06-19T02:55:00.000000Z,642.94,643.07,642.33,642.47,489.87
2025-06-19T03:00:00.000000Z,642.46,643.42,642.46,643.42,374.21
2025-06-19T03:05:00.000000Z,643.42,643.8,643.42,643.59,681.82
2025-06-19T03:10:00.000000Z,643.6,643.79,643.49,643.78,518.63
2025-06-19T03:15:00.000000Z,643.79,644.51,643.78,644.22,1857.12
2025-06-19T03:20:00.000000Z,644.22,644.56,644.16,644.41,444.46
2025-06-19T03:25:00.000000Z,644.41,644.93,644.4,644.81,582.7
2025-06-19T03:30:00.000000Z,644.81,644.93,644.52,644.6,645.72
2025-06-19T03:35:00.000000Z,644.6,644.6,644.26,644.27,354.63
2025-06-19T03:40:00.000000Z,644.27,644.6,644.26,644.6,669.89
2025-06-19T03:45:00.000000Z,644.6,644.7,644.23,644.4,505.24
2025-06-19T03:50:00.000000Z,644.4,644.4,644.26,644.36,309.57
2025-06-19T03:55:00.000000Z,644.36,645.21,644.36,645.16,1129.94
2025-06-19T04:00:00.000000Z,645.16,645.45,644.93,645.07,1246.88
2025-06-19T04:05:00.000000Z,645.07,645.33,644.74,645.32,1438.26
2025-06-19T04:10:00.000000Z,645.32,645.79,645.23,645.74,1261.15
2025-06-19T04:15:00.000000Z,645.74,645.8,644.53,644.99,1224.61
2025-06-19T04:20:00.000000Z,644.98,645.44,644.98,645.16,850.48
2025-06-19T04:25:00.000000Z,645.16,645.24,644.51,644.58,1042.38
2025-06-19T04:30:00.000000Z,644.58,644.68,644.32,644.68,788.28
2025-06-19T04:35:00.000000Z,644.68,644.92,644.64,644.88,544.07
2025-06-19T04:40:00.000000Z,644.88,645.35,644.87,645.34,417.14
2025-06-19T04:45:00.000000Z,645.35,645.54,645.23,645.3,774.39
2025-06-19T04:50:00.000000Z,645.3,645.55,645.3,645.5,779.38
2025-06-19T04:55:00.000000Z,645.5,645.63,645.36,645.63,350.72
2025-06-19T05:00:00.000000Z,645.63,645.63,645.32,645.62,599.98
2025-06-19T05:05:00.000000Z,645.62,646.43,645.62,646.14,2303.67
2025-06-19T05:10:00.000000Z,646.14,646.14,645.44,645.63,836.35
2025-06-19T05:15:00.000000Z,645.62,645.96,645.39,645.91,843.45
2025-06-19T05:20:00.000000Z,645.91,646.07,645.61,645.78,703.2
2025-06-19T05:25:00.000000Z,645.78,645.98,645.6,645.82,733.21
2025-06-19T05:30:00.000000Z,645.82,645.88,645.6,645.88,609.67
2025-06-19T05:35:00.000000Z,645.88,646.24,645.62,645.73,759.28
2025-06-19T05:40:00.000000Z,645.73,645.73,645.23,645.62,1288.76
2025-06-19T05:45:00.000000Z,645.62,646.34,645.42,646.28,752.08
2025-06-19T05:50:00.000000Z,646.29,646.29,645.63,645.79,415.7
2025-06-19T05:55:00.000000Z,645.78,645.96,645.24,645.44,831.27
2025-06-19T06:00:00.000000Z,645.44,645.99,645.24,645.98,1084.6
2025-06-19T06:05:00.000000Z,645.99,646.39,645.68,646.01,2136.57
2025-06-19T06:10:00.000000Z,646.01,646.01,644.62,644.85,1270.8
2025-06-19T06:15:00.000000Z,644.86,645.09,644.27,644.34,857.72
2025-06-19T06:20:00.000000Z,644.34,644.35,644.01,644.01,911.27
2025-06-19T06:25:00.000000Z,644.02,644.02,643.7,643.88,1326.82
2025-06-19T06:30:00.000000Z,643.89,644.34,643.89,644.15,780.26
2025-06-19T06:35:00.000000Z,644.16,644.24,643.93,643.94,409.04
2025-06-19T06:40:00.000000Z,643.93,644.22,643.79,644.12,1381.27
2025-06-19T06:45:00.000000Z,644.12,644.68,644.09,644.53,834.15
2025-06-19T06:50:00.000000Z,644.52,644.71,643.98,643.98,626.84
2025-06-19T06:55:00.000000Z,643.99,644.58,643.87,644.57,909.3
2025-06-19T07:00:00.000000Z,644.58,645.47,644.57,645.33,1061.91
2025-06-19T07:05:00.000000Z,645.33,645.56,644.96,645.33,1097.28
2025-06-19T07:10:00.000000Z,645.32,645.5,645.09,645.26,438.43
2025-06-19T07:15:00.000000Z,645.26,645.48,645.01,645.19,459.4
2025-06-19T07:20:00.000000Z,645.2,645.34,644.64,644.65,536.79
2025-06-19T07:25:00.000000Z,644.65,645.11,644.45,644.82,1054.82
2025-06-19T07:30:00.000000Z,644.83,644.91,644.41,644.42,709.21
2025-06-19T07:35:00.000000Z,644.41,644.84,644.41,644.78,610.46
2025-06-19T07:40:00.000000Z,644.77,645.04,644.67,644.67,556.67
2025-06-19T07:45:00.000000Z,644.68,644.9,644.6,644.77,479.33
2025-06-19T07:50:00.000000Z,644.76,644.85,644.68,644.79,436.97
2025-06-19T07:55:00.000000Z,644.79,644.79,644.41,644.55,551.96
2025-06-19T08:00:00.000000Z,644.55,645.04,644.55,644.99,833.16
2025-06-19T08:05:00.000000Z,644.98,645.26,644.86,645.2,630.16
2025-06-19T08:10:00.000000Z,645.21,645.58,645.2,645.49,739.68
2025-06-19T08:15:00.000000Z,645.5,645.58,645.42,645.5,524.62
2025-06-19T08:20:00.000000Z,645.49,645.59,645.39,645.54,581.74
2025-06-19T08:25:00.000000Z,645.54,645.64,645.39,645.62,565.56
2025-06-19T08:30:00.000000Z,645.62,645.65,645.06,645.51,1077.99
2025-06-19T08:35:00.000000Z,645.5,645.64,645.28,645.28,913.23
2025-06-19T08:40:00.000000Z,645.29,645.3,644.9,645.12,848.46
2025-06-19T08:45:00.000000Z,645.11,645.46,645.09,645.2,465.3
2025-06-19T08:50:00.000000Z,645.2,645.24,644.54,644.54,638.93
2025-06-19T08:55:00.000000Z,644.55,644.7,644.3,644.3,648.04
2025-06-19T09:00:00.000000Z,644.3,644.67,644.15,644.67,943.21
2025-06-19T09:05:00.000000Z,644.68,644.83,644.2,644.26,1689.98
2025-06-19T09:10:00.000000Z,644.27,644.27,643.79,643.82,846.04
2025-06-19T09:15:00.000000Z,643.82,644.71,643.82,644.71,763.29
2025-06-19T09:20:00.000000Z,644.71,644.88,644.44,644.88,562.52
2025-06-19T09:25:00.000000Z,644.88,645.21,644.8,645.21,444.01
2025-06-19T09:30:00.000000Z,645.21,645.21,644.84,645.09,448.71
2025-06-19T09:35:00.000000Z,645.08,645.32,645.0,645.14,468.61
2025-06-19T09:40:00.000000Z,645.14,645.32,644.88,644.93,1012.67
2025-06-19T09:45:00.000000Z,644.92,645.9,644.92,645.82,1035.3
2025-06-19T09:50:00.000000Z,645.82,645.82,645.17,645.17,802.28
2025-06-19T09:55:00.000000Z,645.17,645.29,644.55,644.67,1101.33
2025-06-19T10:00:00.000000Z,644.67,644.94,644.58,644.76,890.93
2025-06-19T10:05:00.000000Z,644.77,644.77,644.3,644.37,727.21
2025-06-19T10:10:00.000000Z,644.37,644.99,644.36,644.79,664.56
2025-06-19T10:15:00.000000Z,644.78,645.35,644.72,644.86,950.07
2025-06-19T10:20:00.000000Z,644.85,645.19,644.71,645.02,616.99
2025-06-19T10:25:00.000000Z,645.0,645.4,644.93,645.19,571.77
2025-06-19T10:30:00.000000Z,645.18,645.33,644.72,644.84,561.57
2025-06-19T10:35:00.000000Z,644.84,645.12,644.74,644.9,460.14
2025-06-19T10:40:00.000000Z,644.91,645.01,644.52,644.59,538.61
2025-06-19T10:45:00.000000Z,644.59,644.59,643.96,644.1,861.88
2025-06-19T10:50:00.000000Z,644.1,644.51,644.1,644.33,253.89
2025-06-19T10:55:00.000000Z,644.34,644.35,644.1,644.19,485.99
2025-06-19T11:00:00.000000Z,644.19,644.2,643.73,643.74,1123.34
2025-06-19T11:05:00.000000Z,643.73,643.76,643.0,643.17,1268.92
2025-06-19T11:10:00.000000Z,643.16,643.25,643.04,643.18,543.33
2025-06-19T11:15:00.000000Z,643.17,643.25,643.05,643.14,443.46
2025-06-19T11:20:00.000000Z,643.14,643.22,642.82,643.07,598.7
2025-06-19T11:25:00.000000Z,643.06,643.08,642.67,642.72,589.14
2025-06-19T11:30:00.000000Z,642.72,642.79,642.44,642.45,744.01
2025-06-19T11:35:00.000000Z,642.45,642.53,642.4,642.52,457.13
2025-06-19T11:40:00.000000Z,642.52,642.64,642.32,642.54,679.83
2025-06-19T11:45:00.000000Z,642.54,642.55,642.27,642.47,427.28
2025-06-19T11:50:00.000000Z,642.47,642.81,642.31,642.66,581.12
2025-06-19T11:55:00.000000Z,642.66,642.7,642.37,642.37,908.89
2025-06-19T12:00:00.000000Z,642.38,642.43,642.0,642.11,1219.02
2025-06-19T12:05:00.000000Z,642.09,642.16,641.82,641.85,1189.02
2025-06-19T12:10:00.000000Z,641.85,642.89,641.85,642.68,1619.44
2025-06-19T12:15:00.000000Z,642.68,642.69,641.54,641.61,3049.31
2025-06-19T12:20:00.000000Z,641.6,641.92,641.56,641.87,2955.18
2025-06-19T12:25:00.000000Z,641.87,642.35,641.68,642.28,772.4
2025-06-19T12:30:00.000000Z,642.28,642.46,641.85,641.99,748.18
2025-06-19T12:35:00.000000Z,641.98,642.31,641.85,641.94,681.22
2025-06-19T12:40:00.000000Z,641.94,641.99,641.46,641.47,656.33
2025-06-19T12:45:00.000000Z,641.46,641.78,641.31,641.6,1129.05
2025-06-19T12:50:00.000000Z,641.59,641.94,641.41,641.8,658.58
2025-06-19T12:55:00.000000Z,641.8,642.04,641.56,642.03,1069.56
2025-06-19T13:00:00.000000Z,642.04,642.37,641.89,642.02,1024.28
2025-06-19T13:05:00.000000Z,642.02,642.1,641.47,641.47,1373.32
2025-06-19T13:10:00.000000Z,641.48,641.63,641.4,641.6,772.28
2025-06-19T13:15:00.000000Z,641.6,641.8,641.44,641.57,1670.34
2025-06-19T13:20:00.000000Z,641.56,642.2,641.52,642.19,1052.74
2025-06-19T13:25:00.000000Z,642.18,642.79,642.17,642.75,1095.71
2025-06-19T13:30:00.000000Z,642.75,642.76,642.0,642.44,659.62
2025-06-19T13:35:00.000000Z,642.44,642.74,642.03,642.42,830.19
2025-06-19T13:40:00.000000Z,642.42,642.49,642.12,642.2,860.69
2025-06-19T13:45:00.000000Z,642.19,642.27,641.08,641.45,1871.88
2025-06-19T13:50:00.000000Z,641.45,641.56,640.74,640.81,4586.18
2025-06-19T13:55:00.000000Z,640.81,641.1,640.5,640.68,1770.03
2025-06-19T14:00:00.000000Z,640.68,640.8,640.21,640.3,4200.41
2025-06-19T14:05:00.000000Z,640.3,641.1,640.01,640.6,2020.09
2025-06-19T14:10:00.000000Z,640.6,641.7,640.54,641.25,3007.17
2025-06-19T14:15:00.000000Z,641.24,641.52,640.83,641.24,716.09
2025-06-19T14:20:00.000000Z,641.24,641.57,640.9,641.56,660.29
2025-06-19T14:25:00.000000Z,641.58,641.94,641.53,641.53,818.75
2025-06-19T14:30:00.000000Z,641.54,641.66,640.18,640.3,1287.58
2025-06-19T14:35:00.000000Z,640.3,640.47,640.14,640.15,726.22
2025-06-19T14:40:00.000000Z,640.14,640.31,640.09,640.11,567.65
2025-06-19T14:45:00.000000Z,640.1,640.14,639.73,639.98,2391.28
2025-06-19T14:50:00.000000Z,639.97,640.59,639.68,640.59,3582.07
2025-06-19T14:55:00.000000Z,640.59,640.96,640.13,640.13,1093.18
2025-06-19T15:00:00.000000Z,640.13,640.72,640.12,640.66,800.9
2025-06-19T15:05:00.000000Z,640.66,640.73,640.31,640.31,785.07
2025-06-19T15:10:00.000000Z,640.3,641.14,640.27,641.07,957.61
2025-06-19T15:15:00.000000Z,641.06,641.31,640.67,640.77,809.0
2025-06-19T15:20:00.000000Z,640.77,640.77,640.27,640.56,451.33
2025-06-19T15:25:00.000000Z,640.56,640.66,640.5,640.5,578.87
2025-06-19T15:30:00.000000Z,640.5,640.54,640.2,640.28,652.99
2025-06-19T15:35:00.000000Z,640.28,640.29,639.95,639.96,876.21
2025-06-19T15:40:00.000000Z,639.96,640.11,639.96,640.03,562.1
2025-06-19T15:45:00.000000Z,640.02,640.31,639.94,639.96,607.29
2025-06-19T15:50:00.000000Z,639.95,640.04,639.16,639.25,1470.86
2025-06-19T15:55:00.000000Z,639.25,639.68,639.23,639.48,1149.82
2025-06-19T16:00:00.000000Z,639.47,639.82,639.38,639.44,1103.32
2025-06-19T16:05:00.000000Z,639.44,639.52,639.16,639.28,1702.51
2025-06-19T16:10:00.000000Z,639.28,640.19,639.22,639.91,1472.39
2025-06-19T16:15:00.000000Z,639.9,640.22,639.42,639.47,1080.55
2025-06-19T16:20:00.000000Z,639.47,639.98,639.2,639.81,587.93
2025-06-19T16:25:00.000000Z,639.81,639.88,639.67,639.83,486.09
2025-06-19T16:30:00.000000Z,639.83,639.84,639.1,639.49,669.0
2025-06-19T16:35:00.000000Z,639.49,639.49,638.87,639.01,1039.3
2025-06-19T16:40:00.000000Z,639.0,639.32,638.86,639.32,903.54
2025-06-19T16:45:00.000000Z,639.31,639.59,639.03,639.03,838.9
2025-06-19T16:50:00.000000Z,639.03,639.16,638.56,638.66,1346.07
2025-06-19T16:55:00.000000Z,638.66,638.79,638.24,638.42,1612.52
2025-06-19T17:00:00.000000Z,638.42,639.57,638.42,638.44,2144.67
2025-06-19T17:05:00.000000Z,638.45,638.97,638.27,638.71,1756.49
2025-06-19T17:10:00.000000Z,638.72,639.61,638.62,639.61,939.18
2025-06-19T17:15:00.000000Z,639.6,640.0,639.34,639.54,3710.99
2025-06-19T17:20:00.000000Z,639.54,639.75,639.54,639.68,727.84
2025-06-19T17:25:00.000000Z,639.68,640.18,639.68,640.05,556.22
2025-06-19T17:30:00.000000Z,640.05,640.94,639.89,640.82,929.26
2025-06-19T17:35:00.000000Z,640.83,642.12,640.8,641.64,2864.2
2025-06-19T17:40:00.000000Z,641.63,642.13,641.53,642.03,1364.44
2025-06-19T17:45:00.000000Z,642.03,642.59,642.03,642.36,1335.4
2025-06-19T17:50:00.000000Z,642.36,642.5,641.64,642.41,908.35
2025-06-19T17:55:00.000000Z,642.41,642.46,641.88,642.04,907.64
2025-06-19T18:00:00.000000Z,642.03,642.27,641.69,642.18,1493.99
2025-06-19T18:05:00.000000Z,642.18,642.68,641.98,642.67,1372.24
2025-06-19T18:10:00.000000Z,642.67,642.67,642.22,642.41,807.19
2025-06-19T18:15:00.000000Z,642.4,642.47,642.05,642.05,648.99
2025-06-19T18:20:00.000000Z,642.05,642.28,641.67,642.05,1192.45
2025-06-19T18:25:00.000000Z,642.05,642.12,641.72,642.02,1519.72
2025-06-19T18:30:00.000000Z,642.02,642.42,641.68,641.89,755.18
2025-06-19T18:35:00.000000Z,641.89,641.9,641.54,641.79,863.7
2025-06-19T18:40:00.000000Z,641.8,641.84,641.58,641.76,1109.01
2025-06-19T18:45:00.000000Z,641.76,641.76,641.44,641.48,793.28
2025-06-19T18:50:00.000000Z,641.47,641.6,641.36,641.59,496.35
2025-06-19T18:55:00.000000Z,641.59,642.2,641.48,642.13,370.09
2025-06-19T19:00:00.000000Z,642.12,642.5,642.12,642.36,664.77
2025-06-19T19:05:00.000000Z,642.36,642.38,641.42,641.55,1540.27
2025-06-19T19:10:00.000000Z,641.56,642.2,641.52,642.1,434.3
2025-06-19T19:15:00.000000Z,642.1,642.24,641.85,642.02,548.93
2025-06-19T19:20:00.000000Z,642.01,642.29,642.01,642.2,216.79
2025-06-19T19:25:00.000000Z,642.2,642.39,642.17,642.23,353.29
2025-06-19T19:30:00.000000Z,642.22,642.36,641.65,641.99,678.01
2025-06-19T19:35:00.000000Z,641.99,642.1,641.87,641.89,240.72
2025-06-19T19:40:00.000000Z,641.89,641.9,641.48,641.67,280.79
2025-06-19T19:45:00.000000Z,641.67,642.27,641.66,642.26,639.23
2025-06-19T19:50:00.000000Z,642.26,642.44,641.8,641.8,679.5
2025-06-19T19:55:00.000000Z,641.8,642.51,641.79,642.27,550.52
2025-06-19T20:00:00.000000Z,642.26,642.71,642.26,642.32,951.72
2025-06-19T20:05:00.000000Z,642.32,642.34,641.98,642.12,755.69
2025-06-19T20:10:00.000000Z,642.12,642.62,642.08,642.51,713.12
2025-06-19T20:15:00.000000Z,642.51,643.0,642.5,642.94,1010.29
2025-06-19T20:20:00.000000Z,642.94,643.0,642.59,642.6,387.78
2025-06-19T20:25:00.000000Z,642.59,642.59,642.15,642.46,537.6
2025-06-19T20:30:00.000000Z,642.47,642.92,642.32,642.9,454.31
2025-06-19T20:35:00.000000Z,642.9,642.92,642.16,642.16,471.36
2025-06-19T20:40:00.000000Z,642.16,642.22,641.55,641.73,698.25
2025-06-19T20:45:00.000000Z,641.74,642.2,641.6,642.19,413.66
2025-06-19T20:50:00.000000Z,642.2,642.4,641.84,642.39,243.58
2025-06-19T20:55:00.000000Z,642.39,642.56,642.39,642.55,359.53
2025-06-19T21:00:00.000000Z,642.55,642.86,642.42,642.68,657.09
2025-06-19T21:05:00.000000Z,642.67,642.84,642.59,642.65,646.98
2025-06-19T21:10:00.000000Z,642.64,642.9,642.4,642.49,660.79
2025-06-19T21:15:00.000000Z,642.5,642.84,642.5,642.65,444.98
2025-06-19T21:20:00.000000Z,642.65,643.07,642.65,643.06,563.52
2025-06-19T21:25:00.000000Z,643.06,643.3,642.9,642.91,842.85
2025-06-19T21:30:00.000000Z,642.91,642.91,642.24,642.55,350.53
2025-06-19T21:35:00.000000Z,642.55,643.1,642.4,642.57,788.17
2025-06-19T21:40:00.000000Z,642.57,643.13,642.57,643.0,592.0
2025-06-19T21:45:00.000000Z,643.01,643.13,643.0,643.13,120.8
2025-06-19T21:50:00.000000Z,643.13,643.4,643.12,643.17,511.14
2025-06-19T21:55:00.000000Z,643.17,643.17,642.61,643.02,658.02
2025-06-19T22:00:00.000000Z,643.03,643.68,643.02,643.38,1119.12
2025-06-19T22:05:00.000000Z,643.35,643.86,643.24,643.72,976.95
2025-06-19T22:10:00.000000Z,643.72,643.76,643.39,643.53,750.66
2025-06-19T22:15:00.000000Z,643.53,643.82,643.53,643.63,389.05
2025-06-19T22:20:00.000000Z,643.63,643.72,643.3,643.5,324.61
2025-06-19T22:25:00.000000Z,643.51,643.77,643.5,643.57,363.06
2025-06-19T22:30:00.000000Z,643.58,644.06,643.57,644.05,714.95
2025-06-19T22:35:00.000000Z,644.05,644.59,644.04,644.24,1649.33
2025-06-19T22:40:00.000000Z,644.25,644.73,644.24,644.52,2246.94
2025-06-19T22:45:00.000000Z,644.52,644.7,644.45,644.57,656.36
2025-06-19T22:50:00.000000Z,644.58,644.65,644.22,644.24,788.06
2025-06-19T22:55:00.000000Z,644.24,644.4,644.16,644.2,429.59
2025-06-19T23:00:00.000000Z,644.21,644.21,643.73,643.93,1244.76
2025-06-19T23:05:00.000000Z,643.94,644.1,643.65,644.09,760.53
2025-06-19T23:10:00.000000Z,644.1,644.77,644.08,644.66,1020.53
2025-06-19T23:15:00.000000Z,644.66,644.88,644.59,644.6,1181.99
2025-06-19T23:20:00.000000Z,644.6,644.77,644.25,644.4,843.12
2025-06-19T23:25:00.000000Z,644.4,644.48,644.06,644.24,736.21
2025-06-19T23:30:00.000000Z,644.25,644.28,644.06,644.27,407.54
2025-06-19T23:35:00.000000Z,644.27,644.56,644.24,644.51,442.75
2025-06-19T23:40:00.000000Z,644.5,644.7,644.44,644.57,567.78
2025-06-19T23:45:00.000000Z,644.58,644.58,644.25,644.37,749.26
2025-06-19T23:50:00.000000Z,644.38,644.55,644.31,644.55,507.86
2025-06-19T23:55:00.000000Z,644.54,644.55,644.42,644.51,558.88
2025-06-20T00:00:00.000000Z,644.52,644.67,644.4,644.43,1041.5
2025-06-20T00:05:00.000000Z,644.42,644.96,644.42,644.94,1260.38
2025-06-20T00:10:00.000000Z,644.95,645.09,644.7,644.87,1449.54
2025-06-20T00:15:00.000000Z,644.87,645.02,644.62,644.86,898.07
2025-06-20T00:20:00.000000Z,644.86,645.0,644.53,644.53,541.24
2025-06-20T00:25:00.000000Z,644.53,644.66,643.82,643.99,1677.97
2025-06-20T00:30:00.000000Z,643.99,644.22,643.85,643.87,517.07
2025-06-20T00:35:00.000000Z,643.87,644.18,643.65,643.65,956.17
2025-06-20T00:40:00.000000Z,643.66,644.13,643.66,643.95,774.42
2025-06-20T00:45:00.000000Z,643.94,644.74,643.93,644.58,777.5
2025-06-20T00:50:00.000000Z,644.58,644.59,644.36,644.43,535.74
2025-06-20T00:55:00.000000Z,644.44,644.66,644.43,644.62,499.54
2025-06-20T01:00:00.000000Z,644.62,644.76,644.47,644.61,534.68
2025-06-20T01:05:00.000000Z,644.61,644.66,643.8,643.93,802.51
2025-06-20T01:10:00.000000Z,643.93,644.0,643.49,644.0,994.72
2025-06-20T01:15:00.000000Z,644.0,644.05,643.92,643.93,262.83
2025-06-20T01:20:00.000000Z,643.94,644.06,643.8,643.98,745.27
2025-06-20T01:25:00.000000Z,643.99,644.06,643.46,643.51,819.4
2025-06-20T01:30:00.000000Z,643.5,643.93,643.5,643.9,624.88
2025-06-20T01:35:00.000000Z,643.92,644.35,643.76,644.31,486.48
2025-06-20T01:40:00.000000Z,644.31,644.91,644.31,644.84,1094.0
2025-06-20T01:45:00.000000Z,644.84,645.24,644.78,645.18,856.76
2025-06-20T01:50:00.000000Z,645.19,645.31,645.1,645.1,891.73
2025-06-20T01:55:00.000000Z,645.11,645.22,644.88,645.22,1149.93
2025-06-20T02:00:00.000000Z,645.21,645.52,645.15,645.18,2515.19
2025-06-20T02:05:00.000000Z,645.17,645.36,645.17,645.24,816.81
2025-06-20T02:10:00.000000Z,645.24,645.29,644.77,644.8,540.12
2025-06-20T02:15:00.000000Z,644.81,645.08,644.8,644.86,995.16
2025-06-20T02:20:00.000000Z,644.86,645.1,644.74,644.98,1555.52
2025-06-20T02:25:00.000000Z,644.98,645.09,644.85,644.86,377.62
2025-06-20T02:30:00.000000Z,644.85,644.86,644.4,644.59,690.16
2025-06-20T02:35:00.000000Z,644.58,644.61,644.09,644.51,555.88
2025-06-20T02:40:00.000000Z,644.51,644.6,644.32,644.41,227.08
2025-06-20T02:45:00.000000Z,644.41,644.55,644.13,644.42,912.49
2025-06-20T02:50:00.000000Z,644.42,644.5,644.32,644.38,566.03
2025-06-20T02:55:00.000000Z,644.39,644.6,644.38,644.53,174.74
2025-06-20T03:00:00.000000Z,644.53,644.54,644.32,644.37,330.88
2025-06-20T03:05:00.000000Z,644.38,644.38,644.0,644.19,563.27
2025-06-20T03:10:00.000000Z,644.19,644.47,644.18,644.32,421.01
2025-06-20T03:15:00.000000Z,644.31,644.69,644.09,644.69,770.29
2025-06-20T03:20:00.000000Z,644.69,644.8,644.57,644.67,604.87
2025-06-20T03:25:00.000000Z,644.67,644.84,644.56,644.64,483.36
2025-06-20T03:30:00.000000Z,644.63,644.64,644.2,644.25,387.81
2025-06-20T03:35:00.000000Z,644.24,644.67,644.24,644.67,745.57
2025-06-20T03:40:00.000000Z,644.66,644.69,644.5,644.54,225.58
2025-06-20T03:45:00.000000Z,644.54,644.65,644.35,644.63,750.87
2025-06-20T03:50:00.000000Z,644.64,644.8,644.58,644.7,357.42
2025-06-20T03:55:00.000000Z,644.7,644.7,644.59,644.67,142.14
2025-06-20T04:00:00.000000Z,644.68,644.79,641.5,643.6,10597.88
2025-06-20T04:05:00.000000Z,643.6,643.68,643.58,643.65,946.82
2025-06-20T04:10:00.000000Z,643.65,643.73,643.28,643.34,641.01
2025-06-20T04:15:00.000000Z,643.34,643.5,643.2,643.2,401.36
2025-06-20T04:20:00.000000Z,643.21,643.21,641.68,641.82,2407.76
2025-06-20T04:25:00.000000Z,641.82,641.94,641.55,641.94,1101.56
2025-06-20T04:30:00.000000Z,641.93,641.99,641.62,641.98,1108.18
2025-06-20T04:35:00.000000Z,641.99,642.09,641.64,641.73,925.5
2025-06-20T04:40:00.000000Z,641.74,641.84,641.4,641.73,1585.15
2025-06-20T04:45:00.000000Z,641.73,642.13,641.63,641.7,536.17
2025-06-20T04:50:00.000000Z,641.7,641.71,641.27,641.4,1422.91
2025-06-20T04:55:00.000000Z,641.39,641.68,641.31,641.67,532.66
2025-06-20T05:00:00.000000Z,641.67,642.25,641.67,642.06,642.77
2025-06-20T05:05:00.000000Z,642.05,642.55,642.05,642.55,786.51
2025-06-20T05:10:00.000000Z,642.54,642.55,642.36,642.54,568.67
2025-06-20T05:15:00.000000Z,642.54,642.8,642.54,642.64,697.89
2025-06-20T05:20:00.000000Z,642.64,642.72,642.26,642.32,395.81
2025-06-20T05:25:00.000000Z,642.33,642.69,642.23,642.68,617.13
2025-06-20T05:30:00.000000Z,642.69,643.22,642.69,643.18,901.12
2025-06-20T05:35:00.000000Z,643.17,643.55,643.17,643.43,970.07
2025-06-20T05:40:00.000000Z,643.43,643.61,643.4,643.58,584.1
2025-06-20T05:45:00.000000Z,643.57,644.07,643.57,643.94,1744.54
2025-06-20T05:50:00.000000Z,643.94,644.06,643.92,644.06,441.21
2025-06-20T05:55:00.000000Z,644.06,644.07,644.02,644.03,354.23
2025-06-20T06:00:00.000000Z,644.04,644.65,644.04,644.64,1311.33
2025-06-20T06:05:00.000000Z,644.63,644.79,644.55,644.59,1070.47
2025-06-20T06:10:00.000000Z,644.59,644.59,643.86,644.4,2350.09
2025-06-20T06:15:00.000000Z,644.41,644.63,644.29,644.63,1615.13
2025-06-20T06:20:00.000000Z,644.63,644.63,644.32,644.63,623.28
2025-06-20T06:25:00.000000Z,644.63,644.63,644.31,644.39,356.77
2025-06-20T06:30:00.000000Z,644.4,644.66,644.31,644.66,485.73
2025-06-20T06:35:00.000000Z,644.65,644.71,644.42,644.71,663.92
2025-06-20T06:40:00.000000Z,644.71,644.92,644.67,644.91,641.21
2025-06-20T06:45:00.000000Z,644.92,644.92,644.62,644.7,803.58
2025-06-20T06:50:00.000000Z,644.69,644.9,644.44,644.87,972.36
2025-06-20T06:55:00.000000Z,644.87,645.11,644.8,645.02,722.65
2025-06-20T07:00:00.000000Z,645.03,645.08,644.84,644.97,1406.54
2025-06-20T07:05:00.000000Z,644.98,644.98,644.54,644.77,1974.35
2025-06-20T07:10:00.000000Z,644.77,645.3,644.76,645.29,690.15
2025-06-20T07:15:00.000000Z,645.29,645.7,645.29,645.67,1310.12
2025-06-20T07:20:00.000000Z,645.66,646.33,645.64,646.12,3511.6
2025-06-20T07:25:00.000000Z,646.12,646.41,646.12,646.23,1625.02
2025-06-20T07:30:00.000000Z,646.23,646.65,646.16,646.61,1559.81
2025-06-20T07:35:00.000000Z,646.61,647.18,646.51,646.54,2962.37
2025-06-20T07:40:00.000000Z,646.53,646.68,646.33,646.64,1404.47
2025-06-20T07:45:00.000000Z,646.64,646.99,646.41,646.86,894.28
2025-06-20T07:50:00.000000Z,646.85,647.4,646.85,647.04,1807.44
2025-06-20T07:55:00.000000Z,647.04,647.46,647.03,647.46,1495.09
2025-06-20T08:00:00.000000Z,647.46,648.07,647.45,648.04,3131.97
2025-06-20T08:05:00.000000Z,648.04,649.32,648.03,648.55,6354.61
2025-06-20T08:10:00.000000Z,648.54,649.02,648.54,648.98,2511.56
2025-06-20T08:15:00.000000Z,648.97,649.33,648.56,648.83,3460.19
2025-06-20T08:20:00.000000Z,648.82,649.12,648.76,648.77,1609.76
2025-06-20T08:25:00.000000Z,648.76,649.12,648.61,648.94,1817.06
2025-06-20T08:30:00.000000Z,648.94,649.0,648.15,648.44,2053.5
2025-06-20T08:35:00.000000Z,648.44,648.82,648.4,648.7,1566.76
2025-06-20T08:40:00.000000Z,648.69,648.7,647.68,647.74,3261.02
2025-06-20T08:45:00.000000Z,647.74,648.45,647.73,648.36,2395.35
2025-06-20T08:50:00.000000Z,648.35,648.68,648.1,648.4,1997.89
2025-06-20T08:55:00.000000Z,648.39,648.4,648.1,648.23,1251.14
2025-06-20T09:00:00.000000Z,648.23,648.85,648.23,648.71,1898.13
2025-06-20T09:05:00.000000Z,648.7,648.71,648.08,648.2,1570.27
2025-06-20T09:10:00.000000Z,648.2,648.8,648.19,648.64,1156.05
2025-06-20T09:15:00.000000Z,648.64,648.68,648.0,648.39,1530.57
2025-06-20T09:20:00.000000Z,648.38,648.49,648.07,648.15,1106.25
2025-06-20T09:25:00.000000Z,648.15,648.16,647.89,647.93,1092.33
2025-06-20T09:30:00.000000Z,647.92,648.1,647.84,647.9,936.59
2025-06-20T09:35:00.000000Z,647.9,647.9,647.46,647.53,1658.18
2025-06-20T09:40:00.000000Z,647.53,647.72,647.48,647.68,1501.49
2025-06-20T09:45:00.000000Z,647.67,647.67,647.4,647.5,1895.45
2025-06-20T09:50:00.000000Z,647.5,647.62,647.33,647.34,2067.61
2025-06-20T09:55:00.000000Z,647.34,647.36,646.63,646.64,4171.55
2025-06-20T10:00:00.000000Z,646.64,647.19,646.63,646.83,3617.7
2025-06-20T10:05:00.000000Z,646.83,646.83,646.12,646.55,4495.21
2025-06-20T10:10:00.000000Z,646.54,647.69,646.48,647.56,5318.64
2025-06-20T10:15:00.000000Z,647.56,647.56,647.01,647.37,1492.54
2025-06-20T10:20:00.000000Z,647.38,647.63,646.83,647.35,2087.39
2025-06-20T10:25:00.000000Z,647.35,647.65,647.34,647.54,1059.56
2025-06-20T10:30:00.000000Z,647.54,647.63,647.4,647.61,469.01
2025-06-20T10:35:00.000000Z,647.61,648.4,647.61,648.27,1495.52
2025-06-20T10:40:00.000000Z,648.27,648.38,648.02,648.22,883.28
2025-06-20T10:45:00.000000Z,648.22,648.33,647.9,648.14,1032.94
2025-06-20T10:50:00.000000Z,648.14,648.18,647.5,647.65,953.24
2025-06-20T10:55:00.000000Z,647.65,647.7,647.24,647.34,1179.37
2025-06-20T11:00:00.000000Z,647.34,647.44,647.2,647.34,708.61
2025-06-20T11:05:00.000000Z,647.34,648.04,647.34,647.89,1653.41
2025-06-20T11:10:00.000000Z,647.89,647.89,647.18,647.19,839.32
2025-06-20T11:15:00.000000Z,647.19,647.26,646.78,647.08,1308.17
2025-06-20T11:20:00.000000Z,647.07,647.24,646.8,646.92,666.86
2025-06-20T11:25:00.000000Z,646.92,647.06,646.81,646.85,623.56
2025-06-20T11:30:00.000000Z,646.86,646.86,646.63,646.66,510.06
2025-06-20T11:35:00.000000Z,646.67,646.74,646.54,646.63,357.87
2025-06-20T11:40:00.000000Z,646.63,647.18,646.62,647.18,885.94
2025-06-20T11:45:00.000000Z,647.18,647.63,647.14,647.16,747.42
2025-06-20T11:50:00.000000Z,647.16,647.45,647.08,647.4,245.67
2025-06-20T11:55:00.000000Z,647.4,647.4,647.13,647.28,360.82
2025-06-20T12:00:00.000000Z,647.28,647.58,647.18,647.44,1260.47
2025-06-20T12:05:00.000000Z,647.44,647.47,646.92,647.21,702.96
2025-06-20T12:10:00.000000Z,647.2,647.21,646.89,647.1,635.95
2025-06-20T12:15:00.000000Z,647.09,647.18,646.92,647.18,369.41
2025-06-20T12:20:00.000000Z,647.18,647.18,646.85,646.93,386.81
2025-06-20T12:25:00.000000Z,646.92,647.08,646.88,647.06,484.2
2025-06-20T12:30:00.000000Z,647.06,647.31,647.03,647.31,449.21
2025-06-20T12:35:00.000000Z,647.31,647.91,647.3,647.89,804.63
2025-06-20T12:40:00.000000Z,647.89,647.89,647.46,647.55,545.56
2025-06-20T12:45:00.000000Z,647.56,647.62,647.44,647.53,362.37
2025-06-20T12:50:00.000000Z,647.52,647.78,647.4,647.44,512.18
2025-06-20T12:55:00.000000Z,647.45,647.67,647.4,647.51,529.64
2025-06-20T13:00:00.000000Z,647.5,647.81,647.5,647.8,803.73
2025-06-20T13:05:00.000000Z,647.8,648.21,647.74,648.17,711.93
2025-06-20T13:10:00.000000Z,648.18,648.21,647.94,647.94,754.45
2025-06-20T13:15:00.000000Z,647.94,648.2,647.94,648.01,409.72
2025-06-20T13:20:00.000000Z,648.01,648.56,648.0,648.24,1006.75
2025-06-20T13:25:00.000000Z,648.24,648.31,647.86,647.99,1474.89
2025-06-20T13:30:00.000000Z,647.99,648.07,647.34,647.59,1088.41
2025-06-20T13:35:00.000000Z,647.59,654.0,647.42,649.26,22818.06
2025-06-20T13:40:00.000000Z,649.27,649.43,648.0,648.27,2659.14
2025-06-20T13:45:00.000000Z,648.27,649.09,646.77,647.15,6531.52
2025-06-20T13:50:00.000000Z,647.16,647.65,646.32,647.64,3134.34
2025-06-20T13:55:00.000000Z,647.65,647.75,647.22,647.45,1147.5
2025-06-20T14:00:00.000000Z,647.45,648.22,647.29,648.21,2588.32
2025-06-20T14:05:00.000000Z,648.22,648.5,647.18,647.21,2173.83
2025-06-20T14:10:00.000000Z,647.21,647.21,646.47,646.78,2669.26
2025-06-20T14:15:00.000000Z,646.78,647.9,646.63,647.85,1840.12
2025-06-20T14:20:00.000000Z,647.84,648.17,646.72,646.73,2107.22
2025-06-20T14:25:00.000000Z,646.72,646.96,646.26,646.72,3164.6
2025-06-20T14:30:00.000000Z,646.72,646.75,646.2,646.26,1697.1
2025-06-20T14:35:00.000000Z,646.26,647.36,646.2,647.29,1897.7
2025-06-20T14:40:00.000000Z,647.29,647.3,645.38,645.61,3477.72
2025-06-20T14:45:00.000000Z,645.6,646.3,645.32,645.52,2328.27
2025-06-20T14:50:00.000000Z,645.52,645.52,643.46,643.53,9197.24
2025-06-20T14:55:00.000000Z,643.53,643.86,642.98,643.22,5036.59
2025-06-20T15:00:00.000000Z,643.23,644.41,643.09,644.1,4920.81
2025-06-20T15:05:00.000000Z,644.1,644.94,643.93,644.73,2775.97
2025-06-20T15:10:00.000000Z,644.73,645.56,644.73,645.56,2786.57
2025-06-20T15:15:00.000000Z,645.56,645.97,645.23,645.49,1741.75
2025-06-20T15:20:00.000000Z,645.49,645.98,645.29,645.66,1617.86
2025-06-20T15:25:00.000000Z,645.65,646.23,645.63,645.77,1884.18
2025-06-20T15:30:00.000000Z,645.76,646.24,645.23,645.23,2008.27
2025-06-20T15:35:00.000000Z,645.23,646.14,644.69,646.02,2470.15
2025-06-20T15:40:00.000000Z,646.03,646.5,645.82,646.36,722.81
2025-06-20T15:45:00.000000Z,646.35,646.36,645.96,646.24,1277.34
2025-06-20T15:50:00.000000Z,646.24,646.25,644.74,644.81,1280.75
2025-06-20T15:55:00.000000Z,644.81,645.71,644.76,645.5,1080.85
2025-06-20T16:00:00.000000Z,645.5,645.71,645.23,645.36,1547.39
2025-06-20T16:05:00.000000Z,645.36,645.52,644.42,644.99,1888.0
2025-06-20T16:10:00.000000Z,644.99,645.48,644.54,644.66,1547.59
2025-06-20T16:15:00.000000Z,644.65,644.92,643.95,644.6,4073.15
2025-06-20T16:20:00.000000Z,644.56,644.88,643.4,644.87,2597.66
2025-06-20T16:25:00.000000Z,644.88,645.23,644.17,644.52,1705.83
2025-06-20T16:30:00.000000Z,644.52,645.05,644.42,644.8,2890.25
2025-06-20T16:35:00.000000Z,644.81,645.09,644.52,644.52,998.54
2025-06-20T16:40:00.000000Z,644.52,644.65,644.26,644.35,895.91
2025-06-20T16:45:00.000000Z,644.35,644.89,643.95,644.04,1165.69
2025-06-20T16:50:00.000000Z,644.03,644.81,644.0,644.72,1239.46
2025-06-20T16:55:00.000000Z,644.72,644.83,643.89,644.03,1024.63
2025-06-20T17:00:00.000000Z,644.03,644.7,644.03,644.18,1469.71
2025-06-20T17:05:00.000000Z,644.18,644.19,643.36,643.53,3373.69
2025-06-20T17:10:00.000000Z,643.53,644.14,643.5,644.07,1160.4
2025-06-20T17:15:00.000000Z,644.07,644.2,642.65,642.86,2804.42
2025-06-20T17:20:00.000000Z,642.87,642.87,640.0,640.5,11279.65
2025-06-20T17:25:00.000000Z,640.49,640.5,639.02,639.69,7683.05
2025-06-20T17:30:00.000000Z,639.68,639.9,638.62,638.94,5405.3
2025-06-20T17:35:00.000000Z,638.94,639.38,637.92,638.34,9669.86
2025-06-20T17:40:00.000000Z,638.34,641.02,637.88,640.91,5028.11
2025-06-20T17:45:00.000000Z,640.91,642.13,640.66,642.09,3923.68
2025-06-20T17:50:00.000000Z,642.08,642.18,641.0,641.48,2646.53
2025-06-20T17:55:00.000000Z,641.48,642.48,641.2,642.09,4039.45
2025-06-20T18:00:00.000000Z,642.09,642.09,639.87,640.7,4721.25
2025-06-20T18:05:00.000000Z,640.7,641.87,640.5,641.34,2440.7
2025-06-20T18:10:00.000000Z,641.35,642.09,641.1,641.91,1144.65
2025-06-20T18:15:00.000000Z,641.91,642.75,641.75,642.53,1213.55
2025-06-20T18:20:00.000000Z,642.52,642.58,641.19,641.31,1292.5
2025-06-20T18:25:00.000000Z,641.31,641.78,640.96,641.17,1570.44
2025-06-20T18:30:00.000000Z,641.17,642.38,641.1,642.19,745.22
2025-06-20T18:35:00.000000Z,642.19,642.54,641.78,641.79,859.34
2025-06-20T18:40:00.000000Z,641.79,642.2,641.34,642.09,699.16
2025-06-20T18:45:00.000000Z,642.09,642.75,642.02,642.57,709.94
2025-06-20T18:50:00.000000Z,642.58,642.75,642.2,642.44,574.19
2025-06-20T18:55:00.000000Z,642.44,642.48,641.7,641.92,804.15
2025-06-20T19:00:00.000000Z,641.91,641.93,640.8,640.8,1128.43
2025-06-20T19:05:00.000000Z,640.8,640.85,640.31,640.67,1511.61
2025-06-20T19:10:00.000000Z,640.67,640.83,639.37,639.78,1737.72
2025-06-20T19:15:00.000000Z,639.78,640.74,639.75,640.59,766.12
2025-06-20T19:20:00.000000Z,640.59,640.77,640.27,640.45,517.13
2025-06-20T19:25:00.000000Z,640.46,640.47,640.16,640.3,485.73
2025-06-20T19:30:00.000000Z,640.31,641.32,640.31,641.13,699.97
2025-06-20T19:35:00.000000Z,641.14,641.28,640.83,640.83,466.22
2025-06-20T19:40:00.000000Z,640.83,641.59,640.83,641.48,574.17
2025-06-20T19:45:00.000000Z,641.48,642.08,641.48,641.87,984.07
2025-06-20T19:50:00.000000Z,641.87,641.95,641.72,641.94,282.49
2025-06-20T19:55:00.000000Z,641.95,643.02,641.95,642.85,4030.36
2025-06-20T20:00:00.000000Z,642.85,644.03,642.76,643.99,5011.9
2025-06-20T20:05:00.000000Z,643.98,644.72,643.98,644.7,3018.53
2025-06-20T20:10:00.000000Z,644.69,645.21,644.6,644.9,1860.37
2025-06-20T20:15:00.000000Z,644.91,645.28,644.29,644.39,1948.57
2025-06-20T20:20:00.000000Z,644.4,644.74,644.27,644.46,724.55
2025-06-20T20:25:00.000000Z,644.45,645.04,644.41,645.03,769.79
2025-06-20T20:30:00.000000Z,645.04,645.4,645.03,645.1,2038.59
2025-06-20T20:35:00.000000Z,645.1,645.34,645.0,645.13,959.91
2025-06-20T20:40:00.000000Z,645.13,645.13,644.84,644.84,583.79
2025-06-20T20:45:00.000000Z,644.85,644.85,644.0,644.22,1507.32
2025-06-20T20:50:00.000000Z,644.22,644.6,644.21,644.5,660.12
2025-06-20T20:55:00.000000Z,644.49,644.8,644.24,644.79,1034.27
2025-06-20T21:00:00.000000Z,644.8,644.8,643.98,643.99,1047.12
2025-06-20T21:05:00.000000Z,643.98,644.21,643.93,643.93,805.49
2025-06-20T21:10:00.000000Z,643.93,644.1,643.8,644.09,1456.51
2025-06-20T21:15:00.000000Z,644.09,644.1,643.8,643.81,1111.64
2025-06-20T21:20:00.000000Z,643.81,643.82,643.16,643.32,1837.57
2025-06-20T21:25:00.000000Z,643.32,643.44,643.16,643.28,455.48
2025-06-20T21:30:00.000000Z,643.29,643.49,643.28,643.41,269.35
2025-06-20T21:35:00.000000Z,643.41,643.44,643.22,643.23,354.17
2025-06-20T21:40:00.000000Z,643.23,643.63,643.2,643.59,621.59
2025-06-20T21:45:00.000000Z,643.59,643.6,643.53,643.54,112.22
2025-06-20T21:50:00.000000Z,643.54,643.54,643.16,643.16,653.13
2025-06-20T21:55:00.000000Z,643.16,643.38,643.0,643.0,518.05
2025-06-20T22:00:00.000000Z,643.0,643.01,642.24,642.24,986.42
2025-06-20T22:05:00.000000Z,642.25,642.25,641.7,641.82,1474.34
2025-06-20T22:10:00.000000Z,641.82,642.36,641.82,641.87,573.1
2025-06-20T22:15:00.000000Z,641.87,642.24,641.28,641.42,1032.38
2025-06-20T22:20:00.000000Z,641.42,642.06,641.37,641.74,798.09
2025-06-20T22:25:00.000000Z,641.75,641.75,641.35,641.42,721.38
2025-06-20T22:30:00.000000Z,641.42,641.81,641.21,641.79,1059.91
2025-06-20T22:35:00.000000Z,641.8,642.06,641.03,641.03,825.3
2025-06-20T22:40:00.000000Z,641.03,641.33,640.55,640.92,1122.86
2025-06-20T22:45:00.000000Z,640.92,640.93,640.31,640.49,1021.99
2025-06-20T22:50:00.000000Z,640.48,640.73,640.19,640.34,721.69
2025-06-20T22:55:00.000000Z,640.34,640.9,640.34,640.69,509.25
2025-06-20T23:00:00.000000Z,640.69,640.7,640.08,640.11,1083.38
2025-06-20T23:05:00.000000Z,640.11,640.85,640.0,640.63,1763.4
2025-06-20T23:10:00.000000Z,640.63,640.79,639.83,639.9,1254.47
2025-06-20T23:15:00.000000Z,639.91,640.28,639.9,640.01,739.79
2025-06-20T23:20:00.000000Z,640.0,640.81,639.84,640.7,2011.05
2025-06-20T23:25:00.000000Z,640.7,640.71,640.16,640.3,1266.77
2025-06-20T23:30:00.000000Z,640.31,640.82,640.19,640.78,830.56
2025-06-20T23:35:00.000000Z,640.78,641.0,640.66,640.99,567.38
2025-06-20T23:40:00.000000Z,640.99,641.28,640.91,641.28,1235.29
2025-06-20T23:45:00.000000Z,641.27,641.64,641.23,641.46,947.06
2025-06-20T23:50:00.000000Z,641.46,641.64,641.34,641.48,200.82
2025-06-20T23:55:00.000000Z,641.48,641.81,641.48,641.68,790.0
2025-06-21T00:00:00.000000Z,641.69,641.79,641.45,641.53,2004.04
2025-06-21T00:05:00.000000Z,641.53,641.65,640.93,641.64,1529.82
2025-06-21T00:10:00.000000Z,641.64,641.65,641.12,641.32,1041.11
2025-06-21T00:15:00.000000Z,641.31,642.34,641.21,642.21,6150.63
2025-06-21T00:20:00.000000Z,642.2,642.38,641.94,642.2,560.59
2025-06-21T00:25:00.000000Z,642.2,642.84,642.2,642.83,486.96
2025-06-21T00:30:00.000000Z,642.83,642.84,642.36,642.45,735.42
2025-06-21T00:35:00.000000Z,642.46,642.68,642.4,642.54,366.38
2025-06-21T00:40:00.000000Z,642.55,642.78,642.52,642.7,481.39
2025-06-21T00:45:00.000000Z,642.71,642.71,641.91,641.91,721.67
2025-06-21T00:50:00.000000Z,641.91,642.15,641.81,642.0,391.75
2025-06-21T00:55:00.000000Z,642.01,642.17,642.0,642.03,321.05
2025-06-21T01:00:00.000000Z,642.04,642.24,641.96,641.96,382.88
2025-06-21T01:05:00.000000Z,641.96,642.46,641.92,642.46,483.5
2025-06-21T01:10:00.000000Z,642.46,642.67,642.45,642.59,374.57
2025-06-21T01:15:00.000000Z,642.59,642.64,642.14,642.32,498.93
2025-06-21T01:20:00.000000Z,642.32,642.86,642.14,642.85,749.77
2025-06-21T01:25:00.000000Z,642.85,643.16,642.71,643.12,773.93
2025-06-21T01:30:00.000000Z,643.12,643.68,643.0,643.64,1472.0
2025-06-21T01:35:00.000000Z,643.64,644.21,643.62,644.21,1608.04
2025-06-21T01:40:00.000000Z,644.2,644.45,644.2,644.39,720.82
2025-06-21T01:45:00.000000Z,644.4,644.42,644.0,644.05,1147.88
2025-06-21T01:50:00.000000Z,644.06,644.24,643.87,644.24,490.0
2025-06-21T01:55:00.000000Z,644.24,644.36,644.06,644.36,337.24
2025-06-21T02:00:00.000000Z,644.36,644.45,643.96,644.0,1277.52
2025-06-21T02:05:00.000000Z,644.0,644.03,643.69,643.73,903.32
2025-06-21T02:10:00.000000Z,643.72,643.73,643.53,643.67,593.81
2025-06-21T02:15:00.000000Z,643.67,643.7,643.46,643.6,660.89
2025-06-21T02:20:00.000000Z,643.6,643.62,643.32,643.42,491.61
2025-06-21T02:25:00.000000Z,643.42,643.44,643.2,643.21,1170.8
2025-06-21T02:30:00.000000Z,643.21,643.62,643.16,643.62,754.75
2025-06-21T02:35:00.000000Z,643.62,643.88,643.61,643.67,705.26
2025-06-21T02:40:00.000000Z,643.68,643.75,643.67,643.74,193.54
2025-06-21T02:45:00.000000Z,643.74,644.15,643.74,644.07,679.21
2025-06-21T02:50:00.000000Z,644.06,644.2,644.06,644.19,320.9
2025-06-21T02:55:00.000000Z,644.19,644.3,644.16,644.3,328.04
2025-06-21T03:00:00.000000Z,644.3,644.65,644.29,644.64,634.69
2025-06-21T03:05:00.000000Z,644.64,644.96,644.63,644.96,506.9
2025-06-21T03:10:00.000000Z,644.96,644.96,644.59,644.62,876.05
2025-06-21T03:15:00.000000Z,644.61,644.93,644.61,644.82,691.04
2025-06-21T03:20:00.000000Z,644.81,644.82,644.44,644.53,482.65
2025-06-21T03:25:00.000000Z,644.52,644.69,644.5,644.69,498.52
2025-06-21T03:30:00.000000Z,644.68,644.78,644.68,644.72,385.86
2025-06-21T03:35:00.000000Z,644.72,644.84,644.68,644.73,378.65
2025-06-21T03:40:00.000000Z,644.74,644.74,644.69,644.7,321.68
2025-06-21T03:45:00.000000Z,644.69,644.83,644.69,644.82,338.42
2025-06-21T03:50:00.000000Z,644.81,644.82,644.7,644.7,368.07
2025-06-21T03:55:00.000000Z,644.71,644.71,644.28,644.34,660.26
2025-06-21T04:00:00.000000Z,644.33,644.5,644.13,644.34,710.43
2025-06-21T04:05:00.000000Z,644.35,644.5,643.9,644.05,862.82
2025-06-21T04:10:00.000000Z,644.05,644.18,643.62,643.63,684.83
2025-06-21T04:15:00.000000Z,643.63,643.8,643.41,643.79,669.92
2025-06-21T04:20:00.000000Z,643.79,643.99,643.61,643.61,604.59
2025-06-21T04:25:00.000000Z,643.61,643.62,643.38,643.39,429.49
2025-06-21T04:30:00.000000Z,643.38,643.39,642.85,643.1,1297.31
2025-06-21T04:35:00.000000Z,643.1,643.23,642.99,643.0,388.43
2025-06-21T04:40:00.000000Z,643.0,643.22,642.79,642.88,1517.17
2025-06-21T04:45:00.000000Z,642.87,642.93,642.55,642.55,785.76
2025-06-21T04:50:00.000000Z,642.55,642.56,642.48,642.52,452.34
2025-06-21T04:55:00.000000Z,642.51,642.61,642.51,642.61,298.05
2025-06-21T05:00:00.000000Z,642.6,642.67,642.23,642.32,836.75
2025-06-21T05:05:00.000000Z,642.32,642.51,642.29,642.44,428.5
2025-06-21T05:10:00.000000Z,642.44,642.45,642.2,642.37,341.7
2025-06-21T05:15:00.000000Z,642.36,642.74,642.36,642.64,643.08
2025-06-21T05:20:00.000000Z,642.64,642.97,642.58,642.96,637.56
2025-06-21T05:25:00.000000Z,642.97,642.97,642.8,642.96,208.68
2025-06-21T05:30:00.000000Z,642.95,642.96,642.95,642.96,182.85
2025-06-21T05:35:00.000000Z,642.96,642.96,642.95,642.96,229.44
2025-06-21T05:40:00.000000Z,642.95,642.96,642.42,642.45,1082.33
2025-06-21T05:45:00.000000Z,642.46,642.76,642.45,642.65,387.56
2025-06-21T05:50:00.000000Z,642.65,642.92,642.62,642.92,238.51
2025-06-21T05:55:00.000000Z,642.93,642.94,642.83,642.85,98.68
2025-06-21T06:00:00.000000Z,642.85,643.06,642.84,643.05,558.34
2025-06-21T06:05:00.000000Z,643.05,643.06,642.66,642.75,675.5
2025-06-21T06:10:00.000000Z,642.74,642.91,642.74,642.88,326.76
2025-06-21T06:15:00.000000Z,642.87,642.97,642.77,642.94,309.5
2025-06-21T06:20:00.000000Z,642.94,643.37,642.39,643.3,1223.49
2025-06-21T06:25:00.000000Z,643.29,643.36,643.16,643.27,196.61
2025-06-21T06:30:00.000000Z,643.27,643.28,643.05,643.05,261.44
2025-06-21T06:35:00.000000Z,643.06,643.1,643.05,643.09,106.13
2025-06-21T06:40:00.000000Z,643.09,643.35,643.09,643.34,164.01
2025-06-21T06:45:00.000000Z,643.34,643.4,643.23,643.31,319.88
2025-06-21T06:50:00.000000Z,643.31,643.32,643.25,643.3,243.86
2025-06-21T06:55:00.000000Z,643.3,643.53,643.24,643.24,376.42
2025-06-21T07:00:00.000000Z,643.24,643.3,643.04,643.04,336.52
2025-06-21T07:05:00.000000Z,643.05,643.05,636.7,640.84,19371.1
2025-06-21T07:10:00.000000Z,640.84,640.99,640.65,640.93,1884.37
2025-06-21T07:15:00.000000Z,640.92,640.92,640.44,640.84,2499.49
2025-06-21T07:20:00.000000Z,640.83,640.92,640.61,640.78,838.42
2025-06-21T07:25:00.000000Z,640.78,640.78,640.41,640.69,859.77
2025-06-21T07:30:00.000000Z,640.68,643.87,639.88,641.74,16184.04
2025-06-21T07:35:00.000000Z,641.74,641.76,641.35,641.48,1042.39
2025-06-21T07:40:00.000000Z,641.49,641.6,641.43,641.43,782.02
2025-06-21T07:45:00.000000Z,641.44,641.67,641.4,641.43,575.91
2025-06-21T07:50:00.000000Z,641.42,641.43,641.17,641.17,486.35
2025-06-21T07:55:00.000000Z,641.18,641.31,641.11,641.27,853.45
2025-06-21T08:00:00.000000Z,641.26,641.61,641.26,641.51,652.27
2025-06-21T08:05:00.000000Z,641.51,641.6,641.28,641.29,915.01
2025-06-21T08:10:00.000000Z,641.28,641.29,641.13,641.14,554.8
2025-06-21T08:15:00.000000Z,641.13,641.24,640.82,641.14,1162.06
2025-06-21T08:20:00.000000Z,641.14,641.15,640.82,640.97,378.68
2025-06-21T08:25:00.000000Z,640.97,640.98,640.66,640.67,667.56
2025-06-21T08:30:00.000000Z,640.66,640.88,640.66,640.88,278.53
2025-06-21T08:35:00.000000Z,640.87,640.88,640.5,640.5,726.74
2025-06-21T08:40:00.000000Z,640.5,640.65,640.36,640.62,520.36
2025-06-21T08:45:00.000000Z,640.62,640.64,640.56,640.56,399.89
2025-06-21T08:50:00.000000Z,640.56,641.03,640.56,640.66,1091.48
2025-06-21T08:55:00.000000Z,640.66,641.53,640.66,641.34,1731.98
2025-06-21T09:00:00.000000Z,641.34,641.34,640.82,640.83,1616.59
2025-06-21T09:05:00.000000Z,640.83,640.87,640.32,640.36,1067.34
2025-06-21T09:10:00.000000Z,640.36,640.62,640.24,640.32,1174.83
2025-06-21T09:15:00.000000Z,640.32,640.6,640.18,640.19,869.87
2025-06-21T09:20:00.000000Z,640.19,640.24,639.99,640.13,1759.19
2025-06-21T09:25:00.000000Z,640.13,640.13,639.88,639.96,491.22
2025-06-21T09:30:00.000000Z,639.95,639.98,638.9,639.2,3136.43
2025-06-21T09:35:00.000000Z,639.2,639.8,639.18,639.6,2682.92
2025-06-21T09:40:00.000000Z,639.6,639.94,639.55,639.94,1269.07
2025-06-21T09:45:00.000000Z,639.93,640.15,639.67,639.88,1022.92
2025-06-21T09:50:00.000000Z,639.87,640.55,639.76,640.41,1917.5
2025-06-21T09:55:00.000000Z,640.41,640.66,640.38,640.62,732.08
2025-06-21T10:00:00.000000Z,640.62,641.42,640.62,641.41,1419.41
2025-06-21T10:05:00.000000Z,641.41,641.44,641.15,641.21,902.43
2025-06-21T10:10:00.000000Z,641.2,641.42,641.2,641.3,495.92
2025-06-21T10:15:00.000000Z,641.31,641.31,641.08,641.09,731.82
2025-06-21T10:20:00.000000Z,641.09,641.26,640.96,641.26,485.19
2025-06-21T10:25:00.000000Z,641.26,641.54,641.2,641.53,341.0
2025-06-21T10:30:00.000000Z,641.54,641.6,641.36,641.6,360.5
2025-06-21T10:35:00.000000Z,641.6,641.64,641.36,641.37,458.82
2025-06-21T10:40:00.000000Z,641.37,641.37,640.84,641.04,706.24
2025-06-21T10:45:00.000000Z,641.05,641.05,639.69,640.14,2734.29
2025-06-21T10:50:00.000000Z,640.13,640.34,640.01,640.3,781.0
2025-06-21T10:55:00.000000Z,640.29,640.46,640.29,640.38,609.0
2025-06-21T11:00:00.000000Z,640.39,640.69,640.22,640.68,425.38
2025-06-21T11:05:00.000000Z,640.69,641.21,640.68,641.21,1097.42
2025-06-21T11:10:00.000000Z,641.21,641.55,641.2,641.55,553.47
2025-06-21T11:15:00.000000Z,641.55,641.55,641.36,641.48,337.75
2025-06-21T11:20:00.000000Z,641.48,641.66,641.47,641.66,436.28
2025-06-21T11:25:00.000000Z,641.66,641.88,641.62,641.71,396.37
2025-06-21T11:30:00.000000Z,641.71,641.92,641.71,641.91,382.86
2025-06-21T11:35:00.000000Z,641.92,642.09,641.91,641.92,661.33
2025-06-21T11:40:00.000000Z,641.93,641.93,641.8,641.81,287.21
2025-06-21T11:45:00.000000Z,641.81,642.1,641.58,641.69,695.1
2025-06-21T11:50:00.000000Z,641.69,642.06,641.69,642.06,252.46
2025-06-21T11:55:00.000000Z,642.06,642.38,641.73,642.28,1651.7
2025-06-21T12:00:00.000000Z,642.27,642.52,642.06,642.52,920.68
2025-06-21T12:05:00.000000Z,642.53,642.69,642.53,642.62,704.19
2025-06-21T12:10:00.000000Z,642.62,642.63,642.27,642.28,410.89
2025-06-21T12:15:00.000000Z,642.28,642.28,641.93,641.93,527.09
2025-06-21T12:20:00.000000Z,641.93,642.08,641.81,641.98,398.03
2025-06-21T12:25:00.000000Z,641.98,642.02,641.94,641.97,261.84
2025-06-21T12:30:00.000000Z,641.97,642.1,641.81,641.82,666.74
2025-06-21T12:35:00.000000Z,641.82,641.88,641.56,641.73,784.45
2025-06-21T12:40:00.000000Z,641.73,641.73,641.52,641.69,467.19
2025-06-21T12:45:00.000000Z,641.7,641.79,641.49,641.58,918.66
2025-06-21T12:50:00.000000Z,641.58,641.58,638.0,639.97,13341.62
2025-06-21T12:55:00.000000Z,639.96,640.0,639.66,639.67,1567.27
2025-06-21T13:00:00.000000Z,639.66,639.78,639.42,639.77,1423.12
2025-06-21T13:05:00.000000Z,639.77,639.78,639.5,639.65,1020.64
2025-06-21T13:10:00.000000Z,639.65,639.69,639.29,639.54,968.27
2025-06-21T13:15:00.000000Z,639.54,639.83,639.28,639.45,3054.08
2025-06-21T13:20:00.000000Z,639.45,639.5,638.5,638.71,3260.58
2025-06-21T13:25:00.000000Z,638.7,638.84,638.61,638.84,554.68
2025-06-21T13:30:00.000000Z,638.83,638.86,638.3,638.39,2107.99
2025-06-21T13:35:00.000000Z,638.39,638.4,637.0,637.86,7509.0
2025-06-21T13:40:00.000000Z,637.85,637.93,637.32,637.48,2055.13
2025-06-21T13:45:00.000000Z,637.49,637.57,636.08,636.39,8989.9
2025-06-21T13:50:00.000000Z,636.39,637.12,636.37,636.37,5985.49
2025-06-21T13:55:00.000000Z,636.38,636.44,635.68,636.04,4352.26
2025-06-21T14:00:00.000000Z,636.04,636.92,635.36,636.83,4920.82
2025-06-21T14:05:00.000000Z,636.83,636.85,635.9,636.16,2075.66
2025-06-21T14:10:00.000000Z,636.16,636.33,635.56,636.31,1911.17
2025-06-21T14:15:00.000000Z,636.31,636.71,635.67,636.05,2097.41
2025-06-21T14:20:00.000000Z,636.04,636.85,635.8,636.12,1982.14
2025-06-21T14:25:00.000000Z,636.12,636.3,635.6,636.11,1519.54
2025-06-21T14:30:00.000000Z,636.11,637.99,635.91,637.84,3947.31
2025-06-21T14:35:00.000000Z,637.84,638.3,637.62,637.87,1754.23
2025-06-21T14:40:00.000000Z,637.86,637.96,637.06,637.33,1234.76
2025-06-21T14:45:00.000000Z,637.33,637.33,636.02,636.15,1599.85
2025-06-21T14:50:00.000000Z,636.15,636.2,635.72,635.92,1496.63
2025-06-21T14:55:00.000000Z,635.89,635.9,635.39,635.39,983.86
2025-06-21T15:00:00.000000Z,635.39,635.97,635.3,635.85,2609.9
2025-06-21T15:05:00.000000Z,635.85,636.46,635.72,636.46,1036.31
2025-06-21T15:10:00.000000Z,636.45,636.48,635.64,636.03,1453.03
2025-06-21T15:15:00.000000Z,636.03,636.11,635.16,635.49,2263.14
2025-06-21T15:20:00.000000Z,635.49,635.94,635.26,635.26,721.17
2025-06-21T15:25:00.000000Z,635.26,635.27,634.17,634.3,4208.57
2025-06-21T15:30:00.000000Z,634.3,634.91,634.3,634.56,1832.34
2025-06-21T15:35:00.000000Z,634.56,634.79,633.85,634.79,3290.39
2025-06-21T15:40:00.000000Z,634.78,635.38,634.46,635.27,980.99
2025-06-21T15:45:00.000000Z,635.26,635.27,634.29,634.4,1568.49
2025-06-21T15:50:00.000000Z,634.4,636.0,634.28,635.96,1066.28
2025-06-21T15:55:00.000000Z,635.95,636.39,635.95,636.11,1454.15
2025-06-21T16:00:00.000000Z,636.1,636.41,635.64,635.65,1844.92
2025-06-21T16:05:00.000000Z,635.64,635.65,634.91,635.34,1168.75
2025-06-21T16:10:00.000000Z,635.33,635.77,635.28,635.76,658.74
2025-06-21T16:15:00.000000Z,635.75,636.49,635.61,636.49,1637.84
2025-06-21T16:20:00.000000Z,636.5,636.63,634.41,635.33,5990.78
2025-06-21T16:25:00.000000Z,635.33,635.5,635.14,635.42,723.06
2025-06-21T16:30:00.000000Z,635.41,635.41,634.26,634.39,1055.92
2025-06-21T16:35:00.000000Z,634.39,634.58,634.26,634.53,920.28
2025-06-21T16:40:00.000000Z,634.53,634.54,634.18,634.32,1117.94
2025-06-21T16:45:00.000000Z,634.32,634.38,633.5,633.62,2267.92
2025-06-21T16:50:00.000000Z,633.63,633.76,633.3,633.68,1836.56
2025-06-21T16:55:00.000000Z,633.67,634.26,633.54,633.64,649.98
2025-06-21T17:00:00.000000Z,633.63,634.11,633.5,634.11,1272.44
2025-06-21T17:05:00.000000Z,634.1,634.22,633.74,634.22,921.11
2025-06-21T17:10:00.000000Z,634.21,634.56,634.12,634.43,694.62
2025-06-21T17:15:00.000000Z,634.43,635.16,634.29,635.16,587.82
2025-06-21T17:20:00.000000Z,635.15,635.16,634.21,634.46,835.66
2025-06-21T17:25:00.000000Z,634.46,634.47,633.85,634.05,796.0
2025-06-21T17:30:00.000000Z,634.05,634.06,633.43,633.43,1006.17
2025-06-21T17:35:00.000000Z,633.44,633.64,631.95,632.17,5161.61
2025-06-21T17:40:00.000000Z,632.18,632.99,631.54,632.23,3531.83
2025-06-21T17:45:00.000000Z,632.23,632.4,631.75,632.16,1470.88
2025-06-21T17:50:00.000000Z,632.17,632.47,631.82,631.83,1142.92
2025-06-21T17:55:00.000000Z,631.83,632.16,631.62,631.99,1079.3
2025-06-21T18:00:00.000000Z,632.0,632.54,631.82,632.51,1937.98
2025-06-21T18:05:00.000000Z,632.51,633.69,632.5,633.0,1200.93
2025-06-21T18:10:00.000000Z,633.01,633.22,632.5,632.95,748.37
2025-06-21T18:15:00.000000Z,632.95,633.12,631.56,631.56,1261.69
2025-06-21T18:20:00.000000Z,631.56,631.9,631.13,631.34,3104.29
2025-06-21T18:25:00.000000Z,631.34,632.15,631.29,632.07,758.17
2025-06-21T18:30:00.000000Z,632.07,632.07,631.35,631.95,762.58
2025-06-21T18:35:00.000000Z,631.96,633.46,631.84,633.26,725.9
2025-06-21T18:40:00.000000Z,633.25,633.72,632.8,633.03,1802.32
2025-06-21T18:45:00.000000Z,633.02,633.02,632.16,632.49,1111.32
2025-06-21T18:50:00.000000Z,632.48,633.0,632.48,632.7,752.4
2025-06-21T18:55:00.000000Z,632.7,632.78,631.06,631.15,3319.85
2025-06-21T19:00:00.000000Z,631.15,631.72,631.1,631.37,1539.39
2025-06-21T19:05:00.000000Z,631.37,632.17,631.28,631.52,1137.38
2025-06-21T19:10:00.000000Z,631.51,631.51,630.5,631.26,2606.17
2025-06-21T19:15:00.000000Z,631.26,631.94,630.69,631.67,1012.14
2025-06-21T19:20:00.000000Z,631.63,632.09,631.34,631.77,1003.45
2025-06-21T19:25:00.000000Z,631.78,632.0,631.19,631.3,643.11
2025-06-21T19:30:00.000000Z,631.31,631.48,630.87,630.87,752.36
2025-06-21T19:35:00.000000Z,630.84,630.91,630.2,630.83,1741.9
2025-06-21T19:40:00.000000Z,630.84,631.96,630.68,631.66,2048.32
2025-06-21T19:45:00.000000Z,631.65,632.13,630.94,631.62,649.12
2025-06-21T19:50:00.000000Z,631.62,631.69,630.63,630.67,857.85
2025-06-21T19:55:00.000000Z,630.67,631.04,630.51,630.59,578.96
2025-06-21T20:00:00.000000Z,630.59,631.77,630.52,630.94,2912.22
2025-06-21T20:05:00.000000Z,630.95,631.95,630.94,631.45,1460.56
2025-06-21T20:10:00.000000Z,631.44,632.41,631.44,632.29,1417.99
2025-06-21T20:15:00.000000Z,632.3,632.3,631.2,631.3,655.84
2025-06-21T20:20:00.000000Z,631.3,632.0,631.2,632.0,525.87
2025-06-21T20:25:00.000000Z,631.99,632.0,631.45,631.45,505.32
2025-06-21T20:30:00.000000Z,631.46,632.45,631.29,631.55,1883.78
2025-06-21T20:35:00.000000Z,631.55,632.19,631.55,631.77,478.39
2025-06-21T20:40:00.000000Z,631.77,632.0,631.5,631.79,610.87
2025-06-21T20:45:00.000000Z,631.79,631.87,631.45,631.45,401.57
2025-06-21T20:50:00.000000Z,631.46,632.64,631.45,632.53,1052.77
2025-06-21T20:55:00.000000Z,632.54,632.79,632.3,632.55,764.92
2025-06-21T21:00:00.000000Z,632.56,632.95,632.1,632.25,988.66
2025-06-21T21:05:00.000000Z,632.25,632.25,631.25,631.25,1159.18
2025-06-21T21:10:00.000000Z,631.26,631.8,631.0,631.35,1182.44
2025-06-21T21:15:00.000000Z,631.34,631.83,630.88,631.74,586.42
2025-06-21T21:20:00.000000Z,631.73,631.74,627.5,627.64,5759.31
2025-06-21T21:25:00.000000Z,627.64,627.7,626.33,627.18,10949.35
2025-06-21T21:30:00.000000Z,627.17,627.35,620.91,622.13,24712.14
2025-06-21T21:35:00.000000Z,622.19,624.97,621.87,623.6,7810.84
2025-06-21T21:40:00.000000Z,623.6,625.47,623.32,625.3,2729.23
2025-06-21T21:45:00.000000Z,625.3,626.17,625.01,626.17,1707.3
2025-06-21T21:50:00.000000Z,626.18,626.91,626.04,626.84,2065.24
2025-06-21T21:55:00.000000Z,626.84,626.84,624.4,624.48,1837.37
2025-06-21T22:00:00.000000Z,624.48,625.6,624.21,625.14,2987.34
2025-06-21T22:05:00.000000Z,625.13,626.54,624.99,626.54,2206.18
2025-06-21T22:10:00.000000Z,626.54,627.91,626.28,627.78,5567.25
2025-06-21T22:15:00.000000Z,627.78,627.78,627.18,627.49,2312.0
2025-06-21T22:20:00.000000Z,627.48,628.9,627.44,628.52,2174.67
2025-06-21T22:25:00.000000Z,628.52,629.33,628.52,629.0,3919.44
2025-06-21T22:30:00.000000Z,629.01,629.09,628.28,628.41,1393.66
2025-06-21T22:35:00.000000Z,628.41,628.59,627.2,627.59,1802.61
2025-06-21T22:40:00.000000Z,627.6,627.6,626.48,627.11,2855.19
2025-06-21T22:45:00.000000Z,627.11,627.19,626.44,626.83,1119.38
2025-06-21T22:50:00.000000Z,626.81,627.8,626.8,626.96,1576.49
2025-06-21T22:55:00.000000Z,626.97,627.64,626.96,627.3,1013.09
2025-06-21T23:00:00.000000Z,627.3,627.86,626.25,626.87,2131.52
2025-06-21T23:05:00.000000Z,626.87,627.58,626.84,626.95,1111.27
2025-06-21T23:10:00.000000Z,626.95,627.59,626.94,627.23,785.73
2025-06-21T23:15:00.000000Z,627.23,627.46,626.09,626.53,1452.19
2025-06-21T23:20:00.000000Z,626.54,627.1,625.94,626.24,1103.66
2025-06-21T23:25:00.000000Z,626.25,626.52,625.84,626.03,1650.78
2025-06-21T23:30:00.000000Z,626.03,626.06,624.06,624.54,4031.81
2025-06-21T23:35:00.000000Z,624.53,625.86,624.0,625.08,4226.86
2025-06-21T23:40:00.000000Z,625.08,625.24,624.47,624.98,1810.94
2025-06-21T23:45:00.000000Z,624.99,626.95,623.08,626.75,6338.57
2025-06-21T23:50:00.000000Z,626.78,627.45,626.09,627.09,3709.54
2025-06-21T23:55:00.000000Z,627.09,629.44,627.07,628.75,4488.9
2025-06-22T00:00:00.000000Z,628.75,629.18,628.43,629.15,5801.12
2025-06-22T00:05:00.000000Z,629.16,629.2,627.39,627.4,3119.67
2025-06-22T00:10:00.000000Z,627.41,628.28,626.5,628.0,3388.91
2025-06-22T00:15:00.000000Z,627.99,628.97,627.92,628.97,2819.27
2025-06-22T00:20:00.000000Z,628.97,630.0,628.79,629.39,3947.14
2025-06-22T00:25:00.000000Z,629.39,629.95,629.37,629.87,1889.08
2025-06-22T00:30:00.000000Z,629.88,631.51,629.6,631.27,2981.15
2025-06-22T00:35:00.000000Z,631.27,631.71,630.83,630.89,2699.27
2025-06-22T00:40:00.000000Z,630.9,631.55,630.79,631.0,1458.98
2025-06-22T00:45:00.000000Z,631.0,632.02,630.88,631.43,2271.34
2025-06-22T00:50:00.000000Z,631.43,633.06,631.4,632.75,3781.44
2025-06-22T00:55:00.000000Z,632.75,632.75,630.59,631.52,3751.82
2025-06-22T01:00:00.000000Z,631.52,631.87,631.0,631.81,2107.74
2025-06-22T01:05:00.000000Z,631.82,632.57,631.82,632.23,1314.06
2025-06-22T01:10:00.000000Z,632.22,632.45,631.7,631.77,1407.24
2025-06-22T01:15:00.000000Z,631.78,631.93,630.59,630.7,1671.71
2025-06-22T01:20:00.000000Z,630.71,630.83,629.85,630.38,2339.53
2025-06-22T01:25:00.000000Z,630.4,630.8,630.37,630.59,1002.36
2025-06-22T01:30:00.000000Z,630.59,630.69,629.03,629.3,1627.41
2025-06-22T01:35:00.000000Z,629.3,629.54,628.72,629.44,2266.78
2025-06-22T01:40:00.000000Z,629.44,630.25,629.17,630.25,1378.97
2025-06-22T01:45:00.000000Z,630.25,630.38,629.26,630.28,1003.71
2025-06-22T01:50:00.000000Z,630.27,630.85,629.52,629.52,1037.53
2025-06-22T01:55:00.000000Z,629.5,629.87,628.83,629.0,1097.6
2025-06-22T02:00:00.000000Z,629.0,630.83,628.92,630.83,1000.35
2025-06-22T02:05:00.000000Z,630.83,631.05,628.41,628.41,2456.6
2025-06-22T02:10:00.000000Z,628.41,629.91,627.72,629.76,2054.28
2025-06-22T02:15:00.000000Z,629.75,629.87,628.12,628.12,1492.37
2025-06-22T02:20:00.000000Z,628.13,628.56,627.48,628.55,1642.18
2025-06-22T02:25:00.000000Z,628.55,628.72,627.37,627.86,1548.31
2025-06-22T02:30:00.000000Z,627.86,628.13,627.13,627.5,1250.89
2025-06-22T02:35:00.000000Z,627.5,628.06,627.1,627.22,1126.79
2025-06-22T02:40:00.000000Z,627.22,628.72,626.73,628.46,2645.25
2025-06-22T02:45:00.000000Z,628.47,629.74,628.0,629.44,1569.7
2025-06-22T02:50:00.000000Z,629.46,630.36,629.39,629.45,1639.52
2025-06-22T02:55:00.000000Z,629.46,630.18,629.46,629.79,1361.35
2025-06-22T03:00:00.000000Z,629.79,630.61,629.77,630.47,1339.11
2025-06-22T03:05:00.000000Z,630.48,630.87,630.03,630.7,1785.16
2025-06-22T03:10:00.000000Z,630.7,630.85,630.21,630.21,914.76
2025-06-22T03:15:00.000000Z,630.22,631.17,629.78,629.91,2208.85
2025-06-22T03:20:00.000000Z,629.92,629.94,628.23,628.34,1963.98
2025-06-22T03:25:00.000000Z,628.34,628.42,627.9,627.96,1058.63
2025-06-22T03:30:00.000000Z,627.97,628.46,627.88,628.14,900.37
2025-06-22T03:35:00.000000Z,628.13,629.24,628.13,628.62,654.35
2025-06-22T03:40:00.000000Z,628.63,629.19,628.29,629.17,450.26
2025-06-22T03:45:00.000000Z,629.17,629.33,628.28,628.29,972.66
2025-06-22T03:50:00.000000Z,628.29,628.71,628.17,628.5,448.57
2025-06-22T03:55:00.000000Z,628.52,629.28,628.0,629.26,895.26
2025-06-22T04:00:00.000000Z,629.27,629.88,629.2,629.88,1190.12
2025-06-22T04:05:00.000000Z,629.87,631.35,629.87,631.34,2068.41
2025-06-22T04:10:00.000000Z,631.35,631.62,630.98,631.32,2059.84
2025-06-22T04:15:00.000000Z,631.32,631.49,630.61,631.12,1113.51
2025-06-22T04:20:00.000000Z,631.11,631.26,630.26,630.36,1071.06
2025-06-22T04:25:00.000000Z,630.36,630.99,630.35,630.9,481.4
2025-06-22T04:30:00.000000Z,630.9,631.5,630.9,631.25,873.7
2025-06-22T04:35:00.000000Z,631.27,631.5,630.45,630.45,658.33
2025-06-22T04:40:00.000000Z,630.44,630.44,630.16,630.41,393.32
2025-06-22T04:45:00.000000Z,630.41,631.46,630.36,631.18,613.7
2025-06-22T04:50:00.000000Z,631.18,631.42,631.02,631.36,540.46
2025-06-22T04:55:00.000000Z,631.37,631.56,631.18,631.31,485.14
2025-06-22T05:00:00.000000Z,631.31,632.28,631.3,632.28,2012.66
2025-06-22T05:05:00.000000Z,632.28,632.46,631.56,631.76,1483.87
2025-06-22T05:10:00.000000Z,631.78,631.92,631.34,631.75,610.48
2025-06-22T05:15:00.000000Z,631.75,632.36,631.75,632.23,730.46
2025-06-22T05:20:00.000000Z,632.22,632.23,631.7,631.77,544.7
2025-06-22T05:25:00.000000Z,631.77,632.15,631.66,632.08,579.47
2025-06-22T05:30:00.000000Z,632.09,632.25,631.63,631.78,815.24
2025-06-22T05:35:00.000000Z,631.78,631.78,631.16,631.32,786.15
2025-06-22T05:40:00.000000Z,631.32,631.55,631.29,631.44,723.25
2025-06-22T05:45:00.000000Z,631.42,632.12,631.42,632.08,755.44
2025-06-22T05:50:00.000000Z,632.08,632.18,631.78,631.91,1296.52
2025-06-22T05:55:00.000000Z,631.91,633.45,631.6,633.37,3936.42
2025-06-22T06:00:00.000000Z,633.38,634.37,633.21,634.04,6954.53
2025-06-22T06:05:00.000000Z,634.04,634.49,633.76,634.32,3420.92
2025-06-22T06:10:00.000000Z,634.31,635.41,634.24,634.84,4276.91
2025-06-22T06:15:00.000000Z,634.85,634.98,634.34,634.9,1156.43
2025-06-22T06:20:00.000000Z,634.9,635.01,634.2,634.41,817.37
2025-06-22T06:25:00.000000Z,634.41,634.41,634.07,634.07,611.76
2025-06-22T06:30:00.000000Z,634.08,634.97,634.07,634.9,1408.6
2025-06-22T06:35:00.000000Z,634.89,635.22,634.8,635.05,979.68
2025-06-22T06:40:00.000000Z,635.04,635.09,634.56,634.56,1057.0
2025-06-22T06:45:00.000000Z,634.56,634.76,634.1,634.31,1135.23
2025-06-22T06:50:00.000000Z,634.31,634.48,634.24,634.47,529.46
2025-06-22T06:55:00.000000Z,634.48,634.53,634.1,634.24,659.47
2025-06-22T07:00:00.000000Z,634.23,634.24,633.62,634.1,1110.71
2025-06-22T07:05:00.000000Z,634.1,634.12,633.65,633.91,1043.79
2025-06-22T07:10:00.000000Z,633.9,633.91,633.26,633.26,811.87
2025-06-22T07:15:00.000000Z,633.26,633.55,632.82,633.06,1232.17
2025-06-22T07:20:00.000000Z,633.05,633.57,632.94,633.34,611.06
2025-06-22T07:25:00.000000Z,633.35,633.65,633.24,633.55,506.91
2025-06-22T07:30:00.000000Z,633.54,633.54,632.74,632.75,1021.36
2025-06-22T07:35:00.000000Z,632.75,632.82,632.01,632.01,1262.28
2025-06-22T07:40:00.000000Z,632.01,633.91,632.0,632.61,9687.43
2025-06-22T07:45:00.000000Z,632.61,632.8,632.05,632.32,1801.12
2025-06-22T07:50:00.000000Z,632.3,632.66,632.19,632.36,539.05
2025-06-22T07:55:00.000000Z,632.36,632.7,632.26,632.7,480.47
2025-06-22T08:00:00.000000Z,632.7,633.14,632.48,632.59,1999.44
2025-06-22T08:05:00.000000Z,632.6,632.87,631.78,631.95,1219.79
2025-06-22T08:10:00.000000Z,631.96,632.53,631.88,632.33,579.2
2025-06-22T08:15:00.000000Z,632.33,632.33,631.96,632.32,548.19
2025-06-22T08:20:00.000000Z,632.32,632.54,631.86,631.86,547.87
2025-06-22T08:25:00.000000Z,631.87,632.28,631.65,632.28,704.6
2025-06-22T08:30:00.000000Z,632.3,632.36,631.44,631.67,1054.52
2025-06-22T08:35:00.000000Z,631.68,631.96,631.56,631.56,490.77
2025-06-22T08:40:00.000000Z,631.57,632.43,631.57,632.24,790.02
2025-06-22T08:45:00.000000Z,632.24,632.4,631.66,631.66,602.03
2025-06-22T08:50:00.000000Z,631.66,631.86,631.62,631.74,430.03
2025-06-22T08:55:00.000000Z,631.75,632.2,631.63,632.18,744.6
2025-06-22T09:00:00.000000Z,632.19,632.98,632.18,632.95,1547.77
2025-06-22T09:05:00.000000Z,632.94,633.15,632.04,632.07,1116.05
2025-06-22T09:10:00.000000Z,632.07,632.4,632.04,632.33,865.4
2025-06-22T09:15:00.000000Z,632.34,632.62,632.0,632.35,1146.78
2025-06-22T09:20:00.000000Z,632.34,632.4,630.91,631.03,1681.35
2025-06-22T09:25:00.000000Z,631.04,631.11,630.37,630.54,1768.22
2025-06-22T09:30:00.000000Z,630.55,630.83,629.84,630.56,2103.31
2025-06-22T09:35:00.000000Z,630.58,631.0,630.08,630.77,1167.75
2025-06-22T09:40:00.000000Z,630.78,631.23,630.62,630.77,901.29
2025-06-22T09:45:00.000000Z,630.77,631.05,630.06,630.09,948.54
2025-06-22T09:50:00.000000Z,630.1,630.1,627.9,628.43,3994.71
2025-06-22T09:55:00.000000Z,628.44,628.63,627.82,627.95,1734.95
2025-06-22T10:00:00.000000Z,627.95,628.64,627.33,628.29,3594.29
2025-06-22T10:05:00.000000Z,628.29,628.58,627.63,628.57,1127.62
2025-06-22T10:10:00.000000Z,628.58,629.24,628.0,629.24,1049.92
2025-06-22T10:15:00.000000Z,629.24,629.39,628.28,629.15,2098.18
2025-06-22T10:20:00.000000Z,629.15,629.61,629.1,629.32,686.48
2025-06-22T10:25:00.000000Z,629.33,629.48,629.18,629.18,392.98
2025-06-22T10:30:00.000000Z,629.18,629.5,629.18,629.46,323.64
2025-06-22T10:35:00.000000Z,629.46,629.48,629.1,629.3,465.67
2025-06-22T10:40:00.000000Z,629.3,629.87,629.28,629.86,460.05
2025-06-22T10:45:00.000000Z,629.86,630.12,629.5,629.69,845.3
2025-06-22T10:50:00.000000Z,629.69,629.75,629.4,629.54,498.39
2025-06-22T10:55:00.000000Z,629.55,629.55,628.84,628.96,1093.58
2025-06-22T11:00:00.000000Z,628.96,629.42,628.76,629.41,595.47
2025-06-22T11:05:00.000000Z,629.42,630.3,629.41,629.89,1591.45
2025-06-22T11:10:00.000000Z,629.9,630.51,629.89,630.25,770.17
2025-06-22T11:15:00.000000Z,630.26,631.18,629.94,630.96,1403.0
2025-06-22T11:20:00.000000Z,630.97,631.46,629.84,629.84,1303.99
2025-06-22T11:25:00.000000Z,629.85,630.54,629.5,630.44,845.55
2025-06-22T11:30:00.000000Z,630.44,630.87,630.35,630.58,441.67
2025-06-22T11:35:00.000000Z,630.58,630.78,629.87,630.77,541.55
2025-06-22T11:40:00.000000Z,630.78,630.93,630.12,630.31,386.96
2025-06-22T11:45:00.000000Z,630.32,630.5,629.76,630.02,568.56
2025-06-22T11:50:00.000000Z,630.02,630.63,629.94,630.3,652.06
2025-06-22T11:55:00.000000Z,630.29,630.43,629.85,630.42,696.19
2025-06-22T12:00:00.000000Z,630.43,630.49,629.9,630.0,2467.28
2025-06-22T12:05:00.000000Z,630.02,631.14,629.78,630.57,2171.42
2025-06-22T12:10:00.000000Z,630.57,630.86,629.26,629.83,1759.67
2025-06-22T12:15:00.000000Z,629.83,629.92,627.93,628.55,5396.93
2025-06-22T12:20:00.000000Z,628.55,629.27,628.4,629.08,1034.62
2025-06-22T12:25:00.000000Z,629.08,629.24,628.0,628.26,1575.05
2025-06-22T12:30:00.000000Z,628.27,628.28,627.18,627.2,2120.15
2025-06-22T12:35:00.000000Z,627.21,627.6,626.75,627.22,2350.37
2025-06-22T12:40:00.000000Z,627.22,627.22,626.56,626.82,2167.44
2025-06-22T12:45:00.000000Z,626.82,627.45,626.54,627.23,1648.23
2025-06-22T12:50:00.000000Z,627.22,628.09,626.96,627.76,1147.56
2025-06-22T12:55:00.000000Z,627.76,628.67,627.75,628.39,1478.39
2025-06-22T13:00:00.000000Z,628.4,628.82,627.81,628.2,1451.34
2025-06-22T13:05:00.000000Z,628.21,628.37,627.36,627.45,1171.27
2025-06-22T13:10:00.000000Z,627.44,627.45,625.3,625.3,5335.05
2025-06-22T13:15:00.000000Z,625.31,625.31,623.22,623.31,5416.5
2025-06-22T13:20:00.000000Z,623.31,623.31,621.08,621.09,10685.28
2025-06-22T13:25:00.000000Z,621.09,621.13,617.0,617.87,31436.57
2025-06-22T13:30:00.000000Z,617.88,619.16,616.32,617.76,17519.54
2025-06-22T13:35:00.000000Z,617.76,618.67,615.35,615.46,12103.59
2025-06-22T13:40:00.000000Z,615.46,616.35,613.64,613.98,14827.49
2025-06-22T13:45:00.000000Z,613.99,617.39,613.74,616.66,7552.76
2025-06-22T13:50:00.000000Z,616.67,617.45,615.75,616.01,3536.96
2025-06-22T13:55:00.000000Z,616.01,617.22,615.81,616.15,3139.65
2025-06-22T14:00:00.000000Z,616.16,618.54,615.93,617.51,6370.14
2025-06-22T14:05:00.000000Z,617.53,618.09,616.43,617.57,3349.9
2025-06-22T14:10:00.000000Z,617.58,617.82,614.86,614.94,4472.89
2025-06-22T14:15:00.000000Z,614.95,615.28,612.21,613.41,7591.1
2025-06-22T14:20:00.000000Z,613.41,613.51,609.0,610.16,22527.72
2025-06-22T14:25:00.000000Z,610.17,611.67,609.08,609.56,13068.23
2025-06-22T14:30:00.000000Z,609.57,613.26,609.2,611.81,10541.57
2025-06-22T14:35:00.000000Z,611.81,612.55,611.22,611.72,4566.46
2025-06-22T14:40:00.000000Z,611.73,612.44,608.51,609.44,14343.97
2025-06-22T14:45:00.000000Z,609.45,613.62,609.32,612.79,6909.52
2025-06-22T14:50:00.000000Z,612.8,615.07,612.73,614.66,12633.15
2025-06-22T14:55:00.000000Z,614.66,614.9,613.57,613.84,4308.27
2025-06-22T15:00:00.000000Z,613.85,614.09,611.93,613.35,7214.4
2025-06-22T15:05:00.000000Z,613.35,614.0,612.28,613.35,6127.49
2025-06-22T15:10:00.000000Z,613.35,613.36,611.18,611.54,5144.8
2025-06-22T15:15:00.000000Z,611.55,612.1,610.0,610.29,10789.75
2025-06-22T15:20:00.000000Z,610.29,610.6,609.8,610.0,3378.72
2025-06-22T15:25:00.000000Z,610.0,610.06,608.06,608.09,5559.56
2025-06-22T15:30:00.000000Z,608.09,609.44,608.05,609.38,4124.21
2025-06-22T15:35:00.000000Z,609.39,609.63,609.09,609.11,1579.91
2025-06-22T15:40:00.000000Z,609.12,609.12,607.7,608.01,4735.67
2025-06-22T15:45:00.000000Z,608.01,608.97,607.8,608.5,2196.77
2025-06-22T15:50:00.000000Z,608.51,608.61,606.67,607.12,7267.99
2025-06-22T15:55:00.000000Z,607.12,607.57,606.42,607.45,5862.71
2025-06-22T16:00:00.000000Z,607.45,608.54,606.81,607.8,5125.73
2025-06-22T16:05:00.000000Z,607.79,609.14,607.77,608.64,6648.86
2025-06-22T16:10:00.000000Z,608.62,609.05,607.2,607.43,2480.22
2025-06-22T16:15:00.000000Z,607.44,607.97,607.17,607.72,2144.51
2025-06-22T16:20:00.000000Z,607.72,608.88,607.01,607.04,1978.59
2025-06-22T16:25:00.000000Z,607.02,608.12,606.58,607.15,2927.91
2025-06-22T16:30:00.000000Z,607.15,608.36,607.15,608.05,2294.62
2025-06-22T16:35:00.000000Z,608.06,609.12,607.87,608.68,3057.72
2025-06-22T16:40:00.000000Z,608.68,608.98,606.9,606.92,2860.3
2025-06-22T16:45:00.000000Z,606.92,608.2,606.68,607.8,3011.75
2025-06-22T16:50:00.000000Z,607.81,608.72,607.42,608.21,2320.68
2025-06-22T16:55:00.000000Z,608.2,609.26,607.92,609.0,2206.3
2025-06-22T17:00:00.000000Z,609.0,609.89,608.38,608.5,4377.29
2025-06-22T17:05:00.000000Z,608.5,610.47,608.43,610.47,2673.9
2025-06-22T17:10:00.000000Z,610.46,612.4,610.2,611.26,12283.64
2025-06-22T17:15:00.000000Z,611.26,611.44,610.12,610.12,3420.23
2025-06-22T17:20:00.000000Z,610.12,610.36,608.6,608.69,2749.37
2025-06-22T17:25:00.000000Z,608.68,608.68,607.63,608.19,2676.78
2025-06-22T17:30:00.000000Z,608.2,608.75,608.06,608.75,2015.62
2025-06-22T17:35:00.000000Z,608.76,609.98,608.75,609.81,2171.28
2025-06-22T17:40:00.000000Z,609.81,609.98,608.72,609.87,1772.73
2025-06-22T17:45:00.000000Z,609.86,611.15,609.38,609.79,2925.23
2025-06-22T17:50:00.000000Z,609.79,610.96,609.78,610.86,1061.48
2025-06-22T17:55:00.000000Z,610.86,611.04,610.29,610.57,1113.36
2025-06-22T18:00:00.000000Z,610.57,611.09,610.3,611.05,1456.42
2025-06-22T18:05:00.000000Z,611.05,611.1,609.81,610.22,1422.0
2025-06-22T18:10:00.000000Z,610.21,610.32,608.29,608.29,1776.9
2025-06-22T18:15:00.000000Z,608.29,608.61,607.71,608.13,2079.73
2025-06-22T18:20:00.000000Z,608.12,608.47,607.45,608.31,1901.0
2025-06-22T18:25:00.000000Z,608.31,609.55,608.06,609.1,1685.73
2025-06-22T18:30:00.000000Z,609.1,609.11,607.33,607.49,1925.73
2025-06-22T18:35:00.000000Z,607.49,608.54,607.33,608.54,1588.83
2025-06-22T18:40:00.000000Z,608.54,608.89,608.24,608.55,717.28
2025-06-22T18:45:00.000000Z,608.55,608.94,607.5,608.88,2369.02
2025-06-22T18:50:00.000000Z,608.88,608.88,607.72,607.75,876.51
2025-06-22T18:55:00.000000Z,607.79,607.98,607.15,607.35,1057.2
2025-06-22T19:00:00.000000Z,607.35,607.79,605.85,606.32,7323.27
2025-06-22T19:05:00.000000Z,606.32,607.0,605.15,606.73,6242.0
2025-06-22T19:10:00.000000Z,606.73,606.73,605.47,605.51,1250.34
2025-06-22T19:15:00.000000Z,605.51,605.7,604.62,605.57,3393.3
2025-06-22T19:20:00.000000Z,605.56,605.88,604.92,604.96,1035.61
2025-06-22T19:25:00.000000Z,604.96,605.58,604.71,605.46,1789.61
2025-06-22T19:30:00.000000Z,605.47,606.12,605.11,605.47,1556.64
2025-06-22T19:35:00.000000Z,605.47,605.9,605.0,605.72,851.9
2025-06-22T19:40:00.000000Z,605.72,605.86,604.81,604.85,1763.47
2025-06-22T19:45:00.000000Z,604.84,604.86,604.0,604.59,2754.46
2025-06-22T19:50:00.000000Z,604.59,605.74,604.24,605.1,1120.38
2025-06-22T19:55:00.000000Z,605.1,605.54,604.84,605.16,889.82
2025-06-22T20:00:00.000000Z,605.16,605.62,604.62,604.86,1491.16
2025-06-22T20:05:00.000000Z,604.86,605.27,602.35,602.8,6646.02
2025-06-22T20:10:00.000000Z,602.81,603.5,601.28,602.09,9252.11
2025-06-22T20:15:00.000000Z,602.09,603.63,600.91,602.06,9230.5
2025-06-22T20:20:00.000000Z,602.05,603.37,601.8,602.5,2500.58
2025-06-22T20:25:00.000000Z,602.49,602.82,601.77,602.07,2108.4
2025-06-22T20:30:00.000000Z,602.04,603.17,601.6,603.17,2409.52
2025-06-22T20:35:00.000000Z,603.18,605.8,603.06,605.7,2581.25
2025-06-22T20:40:00.000000Z,605.69,606.83,605.06,606.75,2622.46
2025-06-22T20:45:00.000000Z,606.74,607.49,605.78,607.23,2700.85
2025-06-22T20:50:00.000000Z,607.23,608.77,606.88,608.6,2702.6
2025-06-22T20:55:00.000000Z,608.59,610.09,607.9,609.39,9049.37
2025-06-22T21:00:00.000000Z,609.39,610.18,609.24,609.3,5276.19
2025-06-22T21:05:00.000000Z,609.31,609.5,608.24,608.24,3326.9
2025-06-22T21:10:00.000000Z,608.24,608.28,607.53,608.1,1932.22
2025-06-22T21:15:00.000000Z,608.11,608.93,607.76,608.06,1578.89
2025-06-22T21:20:00.000000Z,608.07,608.1,607.62,607.66,554.35
2025-06-22T21:25:00.000000Z,607.67,607.68,606.53,606.78,1311.95
2025-06-22T21:30:00.000000Z,606.77,607.23,606.4,606.47,951.09
2025-06-22T21:35:00.000000Z,606.48,606.84,606.25,606.65,1029.18
2025-06-22T21:40:00.000000Z,606.66,607.91,606.58,607.86,1048.56
2025-06-22T21:45:00.000000Z,607.86,607.96,607.74,607.74,404.6
2025-06-22T21:50:00.000000Z,607.75,607.75,607.11,607.11,299.36
2025-06-22T21:55:00.000000Z,607.12,607.12,606.32,606.61,456.51
2025-06-22T22:00:00.000000Z,606.62,608.68,606.48,608.55,2397.28
2025-06-22T22:05:00.000000Z,608.56,611.56,608.56,611.4,5674.27
2025-06-22T22:10:00.000000Z,611.4,612.08,611.12,611.44,3637.3
2025-06-22T22:15:00.000000Z,611.44,612.47,611.11,611.61,3355.08
2025-06-22T22:20:00.000000Z,611.6,611.99,611.17,611.57,1333.04
2025-06-22T22:25:00.000000Z,611.57,612.85,611.57,612.34,1542.87
2025-06-22T22:30:00.000000Z,612.34,613.48,612.28,613.47,2307.84
2025-06-22T22:35:00.000000Z,613.48,614.49,613.39,614.46,4443.34
2025-06-22T22:40:00.000000Z,614.46,615.44,614.34,615.21,3585.37
2025-06-22T22:45:00.000000Z,615.21,615.32,614.28,614.37,2184.37
2025-06-22T22:50:00.000000Z,614.38,615.41,614.37,615.32,1303.64
2025-06-22T22:55:00.000000Z,615.32,615.82,615.02,615.82,1355.44
2025-06-22T23:00:00.000000Z,615.81,616.22,615.52,615.72,3722.06
2025-06-22T23:05:00.000000Z,615.72,616.11,615.18,615.39,1461.48
2025-06-22T23:10:00.000000Z,615.39,615.53,614.88,615.27,1613.99
2025-06-22T23:15:00.000000Z,615.27,616.24,615.2,616.0,1159.81
2025-06-22T23:20:00.000000Z,615.99,616.24,615.64,616.12,953.07
2025-06-22T23:25:00.000000Z,616.1,616.75,615.98,616.73,3044.54
2025-06-22T23:30:00.000000Z,616.74,616.74,615.42,615.5,3017.8
2025-06-22T23:35:00.000000Z,615.49,616.0,615.31,616.0,539.71
2025-06-22T23:40:00.000000Z,615.99,616.32,615.94,616.18,544.78
2025-06-22T23:45:00.000000Z,616.19,616.19,615.7,615.98,847.08
2025-06-22T23:50:00.000000Z,615.99,616.32,615.62,615.83,801.15
2025-06-22T23:55:00.000000Z,615.83,615.96,615.45,615.72,626.61
2025-06-23T00:00:00.000000Z,615.72,616.17,615.36,616.1,2888.64
2025-06-23T00:05:00.000000Z,616.1,616.22,615.74,615.74,1502.55
2025-06-23T00:10:00.000000Z,615.74,616.16,615.5,616.08,1293.86
2025-06-23T00:15:00.000000Z,616.07,616.73,616.03,616.59,1159.41
2025-06-23T00:20:00.000000Z,616.6,617.06,615.86,615.94,1460.57
2025-06-23T00:25:00.000000Z,615.94,616.36,615.74,615.93,939.78
2025-06-23T00:30:00.000000Z,615.93,615.95,614.86,615.06,1190.39
2025-06-23T00:35:00.000000Z,615.08,617.13,615.08,617.07,1760.76
2025-06-23T00:40:00.000000Z,617.08,618.19,616.25,617.92,4320.34
2025-06-23T00:45:00.000000Z,617.92,619.55,617.7,618.56,6220.02
2025-06-23T00:50:00.000000Z,618.56,618.67,617.69,617.69,2075.54
2025-06-23T00:55:00.000000Z,617.69,617.69,616.52,616.83,1578.68
2025-06-23T01:00:00.000000Z,616.82,616.94,616.5,616.79,1424.28
2025-06-23T01:05:00.000000Z,616.79,616.8,616.01,616.56,1019.94
2025-06-23T01:10:00.000000Z,616.57,617.63,616.55,617.31,1329.14
2025-06-23T01:15:00.000000Z,617.31,617.39,616.08,616.25,1239.58
2025-06-23T01:20:00.000000Z,616.25,616.57,616.06,616.08,659.22
2025-06-23T01:25:00.000000Z,616.09,616.34,616.02,616.05,674.56
2025-06-23T01:30:00.000000Z,616.05,617.1,615.89,616.93,1092.96
2025-06-23T01:35:00.000000Z,616.93,616.93,616.34,616.51,811.97
2025-06-23T01:40:00.000000Z,616.5,617.61,616.42,617.58,610.23
2025-06-23T01:45:00.000000Z,617.58,618.63,617.44,618.61,1383.19
2025-06-23T01:50:00.000000Z,618.61,621.09,618.55,620.25,8781.33
2025-06-23T01:55:00.000000Z,620.26,620.61,620.01,620.61,3128.84
2025-06-23T02:00:00.000000Z,620.61,620.96,620.12,620.49,2740.41
2025-06-23T02:05:00.000000Z,620.49,620.7,620.07,620.41,1265.49
2025-06-23T02:10:00.000000Z,620.42,620.69,619.68,619.78,1716.5
2025-06-23T02:15:00.000000Z,619.78,620.24,619.78,620.17,490.37
2025-06-23T02:20:00.000000Z,620.18,620.23,619.71,619.95,806.41
2025-06-23T02:25:00.000000Z,619.95,620.39,619.29,620.17,1726.31
2025-06-23T02:30:00.000000Z,620.17,620.39,619.71,619.71,1257.09
2025-06-23T02:35:00.000000Z,619.72,619.76,619.14,619.3,1156.76
2025-06-23T02:40:00.000000Z,619.3,619.64,619.18,619.49,699.08
2025-06-23T02:45:00.000000Z,619.48,619.6,619.12,619.46,827.55
2025-06-23T02:50:00.000000Z,619.46,619.65,619.45,619.51,666.47
2025-06-23T02:55:00.000000Z,619.51,619.99,619.34,619.83,1281.32
2025-06-23T03:00:00.000000Z,619.82,620.29,619.35,620.27,1044.89
2025-06-23T03:05:00.000000Z,620.27,620.64,620.14,620.64,1036.68
2025-06-23T03:10:00.000000Z,620.64,620.86,620.2,620.79,1281.44
2025-06-23T03:15:00.000000Z,620.79,620.79,620.26,620.26,562.24
2025-06-23T03:20:00.000000Z,620.27,620.5,619.9,619.99,663.77
2025-06-23T03:25:00.000000Z,619.99,620.0,619.31,619.45,694.66
2025-06-23T03:30:00.000000Z,619.44,619.94,619.36,619.59,567.39
2025-06-23T03:35:00.000000Z,619.59,619.59,618.63,618.63,941.98
2025-06-23T03:40:00.000000Z,618.63,618.79,618.33,618.61,796.08
2025-06-23T03:45:00.000000Z,618.61,619.38,618.54,619.19,806.75
2025-06-23T03:50:00.000000Z,619.19,619.94,619.18,619.75,752.06
2025-06-23T03:55:00.000000Z,619.74,620.0,619.46,620.0,1627.0
2025-06-23T04:00:00.000000Z,620.0,620.67,620.0,620.67,1690.71
2025-06-23T04:05:00.000000Z,620.66,620.97,620.53,620.57,1970.46
2025-06-23T04:10:00.000000Z,620.57,621.1,620.5,620.85,1530.8
2025-06-23T04:15:00.000000Z,620.85,621.0,620.64,620.8,1053.87
2025-06-23T04:20:00.000000Z,620.81,621.44,620.81,621.38,2439.18
2025-06-23T04:25:00.000000Z,621.38,621.87,621.29,621.29,2124.36
2025-06-23T04:30:00.000000Z,621.29,621.35,620.82,620.83,1798.46
2025-06-23T04:35:00.000000Z,620.83,621.24,620.67,621.17,904.32
2025-06-23T04:40:00.000000Z,621.17,621.51,620.69,620.7,871.45
2025-06-23T04:45:00.000000Z,620.7,620.94,620.56,620.85,754.14
2025-06-23T04:50:00.000000Z,620.86,621.11,620.76,621.1,475.88
2025-06-23T04:55:00.000000Z,621.11,621.38,620.96,621.23,405.81
2025-06-23T05:00:00.000000Z,621.24,621.6,621.24,621.59,533.15
2025-06-23T05:05:00.000000Z,621.59,621.78,621.59,621.74,802.93
2025-06-23T05:10:00.000000Z,621.75,622.21,621.74,622.08,1291.55
2025-06-23T05:15:00.000000Z,622.09,622.26,621.92,622.08,1055.94
2025-06-23T05:20:00.000000Z,622.09,622.37,622.08,622.09,879.22
2025-06-23T05:25:00.000000Z,622.09,622.09,621.84,621.88,1071.46
2025-06-23T05:30:00.000000Z,621.88,622.08,621.8,622.02,698.34
2025-06-23T05:35:00.000000Z,622.01,622.26,622.01,622.21,420.02
2025-06-23T05:40:00.000000Z,622.21,622.21,621.96,622.02,664.29
2025-06-23T05:45:00.000000Z,622.02,622.96,621.8,622.84,4777.68
2025-06-23T05:50:00.000000Z,622.83,622.91,622.3,622.75,999.95
2025-06-23T05:55:00.000000Z,622.76,622.76,622.46,622.5,496.06
2025-06-23T06:00:00.000000Z,622.49,623.06,622.49,622.95,2056.8
2025-06-23T06:05:00.000000Z,622.94,623.2,622.77,623.02,1722.08
2025-06-23T06:10:00.000000Z,623.02,623.03,622.62,622.9,875.79
2025-06-23T06:15:00.000000Z,622.89,623.06,622.55,622.8,1548.79
2025-06-23T06:20:00.000000Z,622.8,622.81,622.33,622.33,1029.51
2025-06-23T06:25:00.000000Z,622.33,622.71,622.32,622.53,762.77
2025-06-23T06:30:00.000000Z,622.53,623.46,622.52,622.53,1360.97
2025-06-23T06:35:00.000000Z,622.52,622.96,622.18,622.83,1372.01
2025-06-23T06:40:00.000000Z,622.82,623.13,622.71,622.74,819.09
2025-06-23T06:45:00.000000Z,622.75,623.06,622.16,622.3,1156.69
2025-06-23T06:50:00.000000Z,622.29,623.43,622.29,623.38,1017.11
2025-06-23T06:55:00.000000Z,623.38,623.56,623.12,623.48,1394.07
2025-06-23T07:00:00.000000Z,623.48,623.75,623.26,623.72,1962.03
2025-06-23T07:05:00.000000Z,623.73,624.48,623.7,624.22,3053.14
2025-06-23T07:10:00.000000Z,624.22,624.54,623.09,623.36,1701.67
2025-06-23T07:15:00.000000Z,623.36,623.66,623.0,623.65,1583.61
2025-06-23T07:20:00.000000Z,623.65,624.0,623.3,623.63,1235.06
2025-06-23T07:25:00.000000Z,623.63,623.7,623.32,623.7,662.9
2025-06-23T07:30:00.000000Z,623.7,624.16,623.52,623.93,1105.75
2025-06-23T07:35:00.000000Z,623.93,624.12,623.39,623.39,541.31
2025-06-23T07:40:00.000000Z,623.38,623.88,623.38,623.8,570.1
2025-06-23T07:45:00.000000Z,623.81,623.85,623.32,623.7,1732.42
2025-06-23T07:50:00.000000Z,623.7,623.9,623.7,623.75,317.77
2025-06-23T07:55:00.000000Z,623.75,623.88,623.48,623.88,598.1
2025-06-23T08:00:00.000000Z,623.87,624.41,623.87,624.24,1831.86
2025-06-23T08:05:00.000000Z,624.24,624.67,624.1,624.52,2454.35
2025-06-23T08:10:00.000000Z,624.52,624.89,624.5,624.69,1773.69
2025-06-23T08:15:00.000000Z,624.68,624.76,624.44,624.61,638.96
2025-06-23T08:20:00.000000Z,624.62,624.82,624.44,624.81,745.1
2025-06-23T08:25:00.000000Z,624.82,624.82,624.12,624.39,998.95
2025-06-23T08:30:00.000000Z,624.38,624.4,623.66,624.16,1714.03
2025-06-23T08:35:00.000000Z,624.17,624.64,623.48,623.83,2159.35
2025-06-23T08:40:00.000000Z,623.84,624.0,623.57,623.7,1710.27
2025-06-23T08:45:00.000000Z,623.7,624.09,623.7,623.92,1136.3
2025-06-23T08:50:00.000000Z,623.92,624.1,623.76,624.09,562.75
2025-06-23T08:55:00.000000Z,624.1,624.18,623.96,624.06,531.57
2025-06-23T09:00:00.000000Z,624.05,624.07,623.54,623.76,1469.0
2025-06-23T09:05:00.000000Z,623.76,623.92,622.9,622.91,2096.86
2025-06-23T09:10:00.000000Z,622.91,623.1,622.66,622.74,1669.15
2025-06-23T09:15:00.000000Z,622.74,622.98,622.7,622.88,727.34
2025-06-23T09:20:00.000000Z,622.89,622.89,622.13,622.13,1903.96
2025-06-23T09:25:00.000000Z,622.12,622.12,620.74,620.77,7727.03
2025-06-23T09:30:00.000000Z,620.76,621.73,620.76,621.7,3748.69
2025-06-23T09:35:00.000000Z,621.7,621.78,621.34,621.34,1363.54
2025-06-23T09:40:00.000000Z,621.34,621.35,620.84,621.06,1059.09
2025-06-23T09:45:00.000000Z,621.07,621.3,620.83,620.89,1100.26
2025-06-23T09:50:00.000000Z,620.89,621.39,620.71,621.31,892.8
2025-06-23T09:55:00.000000Z,621.31,621.31,621.13,621.14,504.73
2025-06-23T10:00:00.000000Z,621.14,621.43,620.76,621.32,1503.36
2025-06-23T10:05:00.000000Z,621.31,621.52,620.2,620.37,2839.15
2025-06-23T10:10:00.000000Z,620.37,620.83,620.14,620.45,1519.42
2025-06-23T10:15:00.000000Z,620.45,620.46,620.08,620.39,762.23
2025-06-23T10:20:00.000000Z,620.4,620.41,619.65,619.65,1621.92
2025-06-23T10:25:00.000000Z,619.65,620.06,619.52,619.55,1133.84
2025-06-23T10:30:00.000000Z,619.56,619.72,619.38,619.54,1423.51
2025-06-23T10:35:00.000000Z,619.54,619.55,619.23,619.28,951.55
2025-06-23T10:40:00.000000Z,619.27,619.28,618.34,618.43,1705.92
2025-06-23T10:45:00.000000Z,618.43,618.96,618.43,618.69,1248.62
2025-06-23T10:50:00.000000Z,618.7,618.96,618.47,618.64,1142.45
2025-06-23T10:55:00.000000Z,618.64,618.8,618.54,618.6,1013.33
2025-06-23T11:00:00.000000Z,618.61,619.37,618.61,619.14,1800.2
2025-06-23T11:05:00.000000Z,619.14,619.15,618.43,618.68,1339.32
2025-06-23T11:10:00.000000Z,618.69,618.86,618.34,618.49,701.67
2025-06-23T11:15:00.000000Z,618.5,618.5,617.62,617.68,2892.54
2025-06-23T11:20:00.000000Z,617.68,617.7,615.99,616.34,5298.53
2025-06-23T11:25:00.000000Z,616.33,617.45,616.27,617.11,4023.52
2025-06-23T11:30:00.000000Z,617.12,617.12,616.72,616.73,1464.2
2025-06-23T11:35:00.000000Z,616.74,617.13,616.7,616.74,1229.34
2025-06-23T11:40:00.000000Z,616.75,616.75,615.99,616.32,2947.5
2025-06-23T11:45:00.000000Z,616.32,617.58,615.95,617.55,1800.33
2025-06-23T11:50:00.000000Z,617.55,617.69,617.0,617.59,872.54
2025-06-23T11:55:00.000000Z,617.58,617.58,617.0,617.21,1314.53
2025-06-23T12:00:00.000000Z,617.21,617.27,616.63,616.8,1788.44
2025-06-23T12:05:00.000000Z,616.81,616.98,616.14,616.55,1495.05
2025-06-23T12:10:00.000000Z,616.55,618.15,616.55,617.47,4146.46
2025-06-23T12:15:00.000000Z,617.47,618.45,617.47,617.95,3035.78
2025-06-23T12:20:00.000000Z,617.95,618.12,617.8,618.12,431.37
2025-06-23T12:25:00.000000Z,618.12,618.5,617.89,617.9,751.64
2025-06-23T12:30:00.000000Z,617.89,618.68,617.66,618.56,1087.57
2025-06-23T12:35:00.000000Z,618.56,619.28,618.56,619.25,1452.83
2025-06-23T12:40:00.000000Z,619.25,619.61,619.12,619.35,1342.98
2025-06-23T12:45:00.000000Z,619.35,619.88,619.28,619.57,2730.66
2025-06-23T12:50:00.000000Z,619.56,619.74,619.32,619.5,882.24
2025-06-23T12:55:00.000000Z,619.49,619.99,619.48,619.89,1146.48
2025-06-23T13:00:00.000000Z,619.88,619.89,618.65,618.65,1677.43
2025-06-23T13:05:00.000000Z,618.66,619.12,618.42,618.42,1384.0
2025-06-23T13:10:00.000000Z,618.42,618.43,617.62,617.73,1698.98
2025-06-23T13:15:00.000000Z,617.74,618.03,617.54,617.61,657.0
2025-06-23T13:20:00.000000Z,617.64,617.78,617.16,617.18,969.49
2025-06-23T13:25:00.000000Z,617.18,617.28,616.86,616.95,1281.77
2025-06-23T13:30:00.000000Z,616.96,616.99,615.6,616.34,3086.76
2025-06-23T13:35:00.000000Z,616.34,621.98,616.28,621.3,20148.28
2025-06-23T13:40:00.000000Z,621.29,623.45,620.2,622.38,8389.38
2025-06-23T13:45:00.000000Z,622.38,623.78,622.0,623.11,6530.11
2025-06-23T13:50:00.000000Z,623.1,623.62,621.88,623.01,6517.61
2025-06-23T13:55:00.000000Z,623.0,627.57,622.8,626.6,21118.81
2025-06-23T14:00:00.000000Z,626.6,628.0,624.61,626.14,12531.8
2025-06-23T14:05:00.000000Z,626.15,626.36,624.66,624.86,4379.43
2025-06-23T14:10:00.000000Z,624.86,626.21,624.24,625.1,3965.69
2025-06-23T14:15:00.000000Z,625.11,625.13,623.27,624.16,4292.68
2025-06-23T14:20:00.000000Z,624.17,624.33,623.07,623.66,2333.33
2025-06-23T14:25:00.000000Z,623.66,624.0,621.42,621.78,13410.99
2025-06-23T14:30:00.000000Z,621.77,623.28,621.22,623.27,3141.35
2025-06-23T14:35:00.000000Z,623.26,623.26,622.08,622.18,1612.96
2025-06-23T14:40:00.000000Z,622.18,623.01,622.0,623.01,1038.84
2025-06-23T14:45:00.000000Z,623.0,623.42,621.46,621.62,1226.69
2025-06-23T14:50:00.000000Z,621.63,622.06,621.34,621.52,1773.4
2025-06-23T14:55:00.000000Z,621.53,621.71,620.79,621.15,1693.0
2025-06-23T15:00:00.000000Z,621.16,622.05,621.1,622.04,1933.52
2025-06-23T15:05:00.000000Z,622.04,623.0,621.96,622.29,1569.45
2025-06-23T15:10:00.000000Z,622.3,622.64,622.1,622.47,915.64
2025-06-23T15:15:00.000000Z,622.47,622.84,622.18,622.67,660.86
2025-06-23T15:20:00.000000Z,622.67,622.78,621.58,621.79,1187.16
2025-06-23T15:25:00.000000Z,621.78,621.97,620.23,620.36,2412.43
2025-06-23T15:30:00.000000Z,620.35,621.19,619.94,621.09,1519.09
2025-06-23T15:35:00.000000Z,621.09,621.6,620.89,620.91,1035.48
2025-06-23T15:40:00.000000Z,620.9,620.97,620.0,620.07,1061.76
2025-06-23T15:45:00.000000Z,620.06,620.33,619.6,619.6,1124.38
2025-06-23T15:50:00.000000Z,619.62,620.15,619.39,619.65,1770.1
2025-06-23T15:55:00.000000Z,619.65,622.4,619.63,622.4,3835.31
2025-06-23T16:00:00.000000Z,622.39,625.17,622.31,624.35,8354.64
2025-06-23T16:05:00.000000Z,624.34,624.86,622.24,623.45,7526.61
2025-06-23T16:10:00.000000Z,623.46,624.5,623.15,623.64,5353.03
2025-06-23T16:15:00.000000Z,623.63,624.5,622.73,624.44,6618.64
2025-06-23T16:20:00.000000Z,624.43,624.97,621.88,621.95,8107.79
2025-06-23T16:25:00.000000Z,621.94,622.74,619.31,619.73,10202.9
2025-06-23T16:30:00.000000Z,619.73,620.6,617.31,617.39,6297.23
2025-06-23T16:35:00.000000Z,617.38,619.9,616.54,619.48,10403.47
2025-06-23T16:40:00.000000Z,619.49,621.0,619.45,620.28,4314.96
2025-06-23T16:45:00.000000Z,620.27,622.72,620.21,620.57,6825.58
2025-06-23T16:50:00.000000Z,620.57,620.79,617.93,618.41,5201.21
2025-06-23T16:55:00.000000Z,618.4,619.94,617.96,619.87,2018.84
2025-06-23T17:00:00.000000Z,619.88,620.8,618.96,620.63,2313.16
2025-06-23T17:05:00.000000Z,620.64,623.65,620.64,622.92,8131.94
2025-06-23T17:10:00.000000Z,622.93,624.27,622.1,622.45,3812.52
2025-06-23T17:15:00.000000Z,622.45,623.56,622.27,622.98,3104.13
2025-06-23T17:20:00.000000Z,622.99,623.7,622.6,623.27,3550.24
2025-06-23T17:25:00.000000Z,623.27,625.73,623.0,625.03,5243.34
2025-06-23T17:30:00.000000Z,625.03,629.33,625.03,627.45,15956.07
2025-06-23T17:35:00.000000Z,627.46,628.44,626.78,627.41,4536.68
2025-06-23T17:40:00.000000Z,627.41,627.72,626.09,627.11,4135.89
2025-06-23T17:45:00.000000Z,627.11,627.45,626.66,627.03,1829.59
2025-06-23T17:50:00.000000Z,627.03,627.06,625.6,626.31,2204.1
2025-06-23T17:55:00.000000Z,626.32,627.22,626.31,627.01,1253.8
2025-06-23T18:00:00.000000Z,627.01,628.73,627.0,628.48,3251.97
2025-06-23T18:05:00.000000Z,628.48,629.48,628.48,628.88,6030.97
2025-06-23T18:10:00.000000Z,628.88,629.44,628.58,629.05,2199.79
2025-06-23T18:15:00.000000Z,629.05,629.87,628.93,629.7,3983.5
2025-06-23T18:20:00.000000Z,629.7,629.9,628.94,629.29,3594.62
2025-06-23T18:25:00.000000Z,629.35,629.72,628.24,628.39,1819.87
2025-06-23T18:30:00.000000Z,628.39,629.72,628.38,629.5,1882.43
2025-06-23T18:35:00.000000Z,629.5,629.92,629.34,629.59,1888.39
2025-06-23T18:40:00.000000Z,629.58,629.78,629.37,629.61,861.99
2025-06-23T18:45:00.000000Z,629.61,629.74,629.24,629.49,994.26
2025-06-23T18:50:00.000000Z,629.49,629.6,628.91,629.59,489.38
2025-06-23T18:55:00.000000Z,629.59,629.66,629.36,629.54,583.95
2025-06-23T19:00:00.000000Z,629.54,629.8,629.09,629.5,1742.94
2025-06-23T19:05:00.000000Z,629.5,629.5,629.07,629.5,657.8
2025-06-23T19:10:00.000000Z,629.5,629.76,629.47,629.63,751.77
2025-06-23T19:15:00.000000Z,629.64,629.74,629.23,629.41,657.58
2025-06-23T19:20:00.000000Z,629.41,629.76,629.4,629.66,492.29
2025-06-23T19:25:00.000000Z,629.67,629.78,629.16,629.33,1468.38
2025-06-23T19:30:00.000000Z,629.34,629.48,628.56,628.68,1705.96
2025-06-23T19:35:00.000000Z,628.67,630.86,628.67,629.83,4832.12
2025-06-23T19:40:00.000000Z,629.82,629.83,628.73,628.77,869.31
2025-06-23T19:45:00.000000Z,628.77,628.77,627.99,628.29,1285.26
2025-06-23T19:50:00.000000Z,628.3,629.49,628.21,629.4,1406.67
2025-06-23T19:55:00.000000Z,629.4,629.88,629.09,629.63,791.43
2025-06-23T20:00:00.000000Z,629.63,629.84,628.3,628.56,1494.61
2025-06-23T20:05:00.000000Z,628.56,630.0,628.38,629.95,1228.25
2025-06-23T20:10:00.000000Z,629.95,631.96,629.94,631.73,5443.73
2025-06-23T20:15:00.000000Z,631.74,632.66,631.4,632.46,4544.15
2025-06-23T20:20:00.000000Z,632.45,634.28,632.12,634.27,7417.24
2025-06-23T20:25:00.000000Z,634.27,634.67,633.8,634.07,3459.87
2025-06-23T20:30:00.000000Z,634.08,634.28,632.4,632.94,3142.8
2025-06-23T20:35:00.000000Z,632.93,632.94,632.14,632.72,1706.51
2025-06-23T20:40:00.000000Z,632.72,633.91,632.28,633.14,2720.03
2025-06-23T20:45:00.000000Z,633.15,633.28,632.42,632.82,1573.46
2025-06-23T20:50:00.000000Z,632.83,632.83,632.02,632.52,840.01
2025-06-23T20:55:00.000000Z,632.52,632.64,632.06,632.11,1638.93
2025-06-23T21:00:00.000000Z,632.11,633.52,632.11,632.52,4440.16
2025-06-23T21:05:00.000000Z,632.52,632.66,631.29,631.34,1700.39
2025-06-23T21:10:00.000000Z,631.33,631.89,631.24,631.67,1592.94
2025-06-23T21:15:00.000000Z,631.67,633.45,631.66,633.23,1662.0
2025-06-23T21:20:00.000000Z,633.24,633.56,633.04,633.46,1058.31
2025-06-23T21:25:00.000000Z,633.46,633.48,631.55,631.64,1379.68
2025-06-23T21:30:00.000000Z,631.64,632.56,631.54,631.8,989.98
2025-06-23T21:35:00.000000Z,631.81,632.28,631.64,631.95,621.46
2025-06-23T21:40:00.000000Z,631.95,632.02,631.68,631.95,599.76
2025-06-23T21:45:00.000000Z,631.95,632.59,631.94,632.15,565.97
2025-06-23T21:50:00.000000Z,632.15,632.3,631.85,632.07,468.42
2025-06-23T21:55:00.000000Z,632.07,632.58,631.94,632.42,1023.31
2025-06-23T22:00:00.000000Z,632.42,635.0,632.41,634.93,3531.29
2025-06-23T22:05:00.000000Z,634.94,637.25,634.89,637.2,11882.28
2025-06-23T22:10:00.000000Z,637.21,639.0,636.98,638.96,8667.07
2025-06-23T22:15:00.000000Z,638.96,639.48,637.92,639.11,5435.62
2025-06-23T22:20:00.000000Z,639.1,641.1,638.94,640.99,7875.17
2025-06-23T22:25:00.000000Z,640.97,642.24,640.89,642.14,6489.4
2025-06-23T22:30:00.000000Z,642.15,642.56,641.0,641.66,5704.9
2025-06-23T22:35:00.000000Z,641.65,641.76,639.18,639.6,5242.8
2025-06-23T22:40:00.000000Z,639.55,640.03,638.12,639.21,3111.56
2025-06-23T22:45:00.000000Z,639.21,640.3,638.45,639.99,2439.28
2025-06-23T22:50:00.000000Z,639.99,640.31,639.6,640.12,1417.12
2025-06-23T22:55:00.000000Z,640.12,641.42,639.34,640.92,3121.45
2025-06-23T23:00:00.000000Z,640.92,641.6,640.08,640.13,3763.07
2025-06-23T23:05:00.000000Z,640.14,640.77,640.0,640.35,1887.42
2025-06-23T23:10:00.000000Z,640.36,640.63,639.95,640.2,1722.04
2025-06-23T23:15:00.000000Z,640.21,640.8,639.41,639.53,2167.53
2025-06-23T23:20:00.000000Z,639.52,640.52,639.5,640.03,1673.82
2025-06-23T23:25:00.000000Z,640.02,640.02,639.51,639.97,1348.11
2025-06-23T23:30:00.000000Z,639.98,640.12,639.33,639.43,1674.2
2025-06-23T23:35:00.000000Z,639.43,639.63,639.12,639.38,1009.19
2025-06-23T23:40:00.000000Z,639.38,639.7,639.18,639.52,3526.41
2025-06-23T23:45:00.000000Z,639.52,639.86,639.29,639.82,1145.29
2025-06-23T23:50:00.000000Z,639.84,640.44,639.73,640.11,821.48
2025-06-23T23:55:00.000000Z,640.11,640.56,639.65,640.02,3298.46
2025-06-24T00:00:00.000000Z,640.02,640.89,640.02,640.15,4486.23
2025-06-24T00:05:00.000000Z,640.15,640.86,640.15,640.76,1868.22
2025-06-24T00:10:00.000000Z,640.77,640.77,640.07,640.07,1817.1
2025-06-24T00:15:00.000000Z,640.07,640.39,639.6,639.91,2424.16
2025-06-24T00:20:00.000000Z,639.91,640.59,639.68,639.68,1280.45
2025-06-24T00:25:00.000000Z,639.69,639.84,639.34,639.46,1295.45
2025-06-24T00:30:00.000000Z,639.46,640.0,639.13,639.53,2648.79
2025-06-24T00:35:00.000000Z,639.54,640.12,639.13,639.69,1414.04
2025-06-24T00:40:00.000000Z,639.7,639.9,639.16,639.5,1318.1
2025-06-24T00:45:00.000000Z,639.51,639.52,638.38,638.38,1646.98
2025-06-24T00:50:00.000000Z,638.39,638.78,637.89,637.94,2334.13
2025-06-24T00:55:00.000000Z,637.93,639.1,637.93,638.17,3284.2
2025-06-24T01:00:00.000000Z,638.17,638.3,637.25,637.51,2493.11
2025-06-24T01:05:00.000000Z,637.51,638.38,637.44,637.67,1468.59
2025-06-24T01:10:00.000000Z,637.67,637.78,637.54,637.76,1004.11
2025-06-24T01:15:00.000000Z,637.76,637.76,637.3,637.66,1034.19
2025-06-24T01:20:00.000000Z,637.66,638.19,637.31,638.17,2096.77
2025-06-24T01:25:00.000000Z,638.17,639.14,638.16,638.82,925.65
2025-06-24T01:30:00.000000Z,638.82,639.16,638.11,638.43,866.09
2025-06-24T01:35:00.000000Z,638.43,638.62,638.27,638.37,529.35
2025-06-24T01:40:00.000000Z,638.37,639.05,638.36,638.61,775.89
2025-06-24T01:45:00.000000Z,638.6,639.37,638.46,639.29,848.45
2025-06-24T01:50:00.000000Z,639.29,639.66,639.23,639.25,726.33
2025-06-24T01:55:00.000000Z,639.26,639.46,638.33,639.0,5299.45
2025-06-24T02:00:00.000000Z,638.99,638.99,638.4,638.44,1004.68
2025-06-24T02:05:00.000000Z,638.43,638.45,637.38,637.5,1475.56
2025-06-24T02:10:00.000000Z,637.5,637.63,636.78,637.39,2136.67
2025-06-24T02:15:00.000000Z,637.38,637.58,635.8,636.18,3223.73
2025-06-24T02:20:00.000000Z,636.17,637.19,636.17,637.18,1901.28
2025-06-24T02:25:00.000000Z,637.19,637.7,637.02,637.47,1050.8
2025-06-24T02:30:00.000000Z,637.48,638.9,637.48,638.9,1580.3
2025-06-24T02:35:00.000000Z,638.9,639.16,638.14,638.35,1137.91
2025-06-24T02:40:00.000000Z,638.34,638.42,637.94,638.1,785.68
2025-06-24T02:45:00.000000Z,638.1,638.16,637.29,637.66,1907.0
2025-06-24T02:50:00.000000Z,637.65,637.84,637.5,637.81,448.71
2025-06-24T02:55:00.000000Z,637.8,637.92,637.6,637.7,725.33
2025-06-24T03:00:00.000000Z,637.7,637.92,637.56,637.56,725.6
2025-06-24T03:05:00.000000Z,637.56,638.42,637.56,638.01,1578.33
2025-06-24T03:10:00.000000Z,638.01,638.66,637.96,638.56,1026.17
2025-06-24T03:15:00.000000Z,638.56,639.0,638.4,638.95,1147.8
2025-06-24T03:20:00.000000Z,638.94,639.15,638.82,639.12,558.87
2025-06-24T03:25:00.000000Z,639.12,639.54,638.91,639.0,1504.41
2025-06-24T03:30:00.000000Z,638.99,639.36,638.99,639.35,354.19
2025-06-24T03:35:00.000000Z,639.36,639.37,639.06,639.08,543.74
2025-06-24T03:40:00.000000Z,639.09,639.09,638.63,639.02,1312.46
2025-06-24T03:45:00.000000Z,639.01,639.14,638.92,639.13,323.71
2025-06-24T03:50:00.000000Z,639.13,639.14,638.8,638.89,541.19
2025-06-24T03:55:00.000000Z,638.89,639.25,638.88,639.19,526.46
2025-06-24T04:00:00.000000Z,639.19,639.69,639.06,639.06,1697.94
2025-06-24T04:05:00.000000Z,639.06,639.35,638.89,638.97,587.35
2025-06-24T04:10:00.000000Z,638.97,638.97,638.12,638.13,1157.4
2025-06-24T04:15:00.000000Z,638.13,638.64,638.12,638.47,1184.91
2025-06-24T04:20:00.000000Z,638.48,638.7,638.18,638.7,1035.49
2025-06-24T04:25:00.000000Z,638.7,638.7,638.49,638.49,401.18
2025-06-24T04:30:00.000000Z,638.5,638.72,638.38,638.71,489.99
2025-06-24T04:35:00.000000Z,638.7,638.88,638.59,638.87,394.25
2025-06-24T04:40:00.000000Z,638.87,638.94,638.69,638.89,482.07
2025-06-24T04:45:00.000000Z,638.9,639.41,638.74,639.34,478.19
2025-06-24T04:50:00.000000Z,639.35,639.79,639.16,639.17,849.78
2025-06-24T04:55:00.000000Z,639.17,639.78,639.16,639.77,767.58
2025-06-24T05:00:00.000000Z,639.77,639.9,639.74,639.87,703.5
2025-06-24T05:05:00.000000Z,639.88,639.93,639.87,639.92,481.19
2025-06-24T05:10:00.000000Z,639.93,640.31,639.92,640.31,923.06
2025-06-24T05:15:00.000000Z,640.31,641.22,640.16,640.44,2959.61
2025-06-24T05:20:00.000000Z,640.44,641.13,640.43,640.87,1025.99
2025-06-24T05:25:00.000000Z,640.87,641.17,640.62,641.05,955.94
2025-06-24T05:30:00.000000Z,641.05,641.28,640.64,641.27,1073.18
2025-06-24T05:35:00.000000Z,641.27,641.8,641.02,641.54,2711.31
2025-06-24T05:40:00.000000Z,641.54,641.71,641.15,641.64,1744.31
2025-06-24T05:45:00.000000Z,641.64,641.88,641.12,641.34,1855.63
2025-06-24T05:50:00.000000Z,641.34,642.0,641.22,641.83,2795.26
2025-06-24T05:55:00.000000Z,641.82,642.0,641.68,641.87,719.16
2025-06-24T06:00:00.000000Z,641.86,642.18,641.74,641.85,2117.84
2025-06-24T06:05:00.000000Z,641.86,642.24,641.28,641.68,1468.78
2025-06-24T06:10:00.000000Z,641.69,642.02,641.12,641.17,1764.93
2025-06-24T06:15:00.000000Z,641.17,641.7,641.16,641.47,1036.14
2025-06-24T06:20:00.000000Z,641.46,641.46,641.02,641.4,815.5
2025-06-24T06:25:00.000000Z,641.39,641.52,641.28,641.46,576.1
2025-06-24T06:30:00.000000Z,641.46,641.7,641.37,641.48,921.82
2025-06-24T06:35:00.000000Z,641.48,641.64,641.29,641.3,780.27
2025-06-24T06:40:00.000000Z,641.3,642.39,641.3,641.93,2632.18
2025-06-24T06:45:00.000000Z,641.92,642.24,641.61,641.97,1415.88
2025-06-24T06:50:00.000000Z,641.97,642.07,641.43,641.5,1005.12
2025-06-24T06:55:00.000000Z,641.49,641.49,640.57,640.64,1636.01
2025-06-24T07:00:00.000000Z,640.63,641.36,640.47,641.07,1166.33
2025-06-24T07:05:00.000000Z,641.06,641.16,640.66,640.66,725.84
2025-06-24T07:10:00.000000Z,640.66,640.68,640.08,640.29,1725.02
2025-06-24T07:15:00.000000Z,640.28,641.29,640.08,641.01,1623.62
2025-06-24T07:20:00.000000Z,641.01,641.02,639.99,640.45,3707.38
2025-06-24T07:25:00.000000Z,640.46,640.56,640.16,640.17,774.14
2025-06-24T07:30:00.000000Z,640.16,640.2,638.81,639.21,2508.12
2025-06-24T07:35:00.000000Z,639.21,639.4,638.62,638.85,2171.48
2025-06-24T07:40:00.000000Z,638.86,639.23,638.68,638.94,1251.86
2025-06-24T07:45:00.000000Z,638.95,639.0,638.5,638.55,1133.45
2025-06-24T07:50:00.000000Z,638.56,638.94,638.19,638.84,3077.18
2025-06-24T07:55:00.000000Z,638.84,639.08,638.46,638.79,1769.62
2025-06-24T08:00:00.000000Z,638.79,639.11,638.0,638.55,4400.25
2025-06-24T08:05:00.000000Z,638.54,638.54,637.65,638.12,2333.92
2025-06-24T08:10:00.000000Z,638.12,638.23,637.52,637.96,1271.48
2025-06-24T08:15:00.000000Z,637.96,638.14,636.87,637.51,1737.38
2025-06-24T08:20:00.000000Z,637.52,638.65,637.31,638.33,2329.76
2025-06-24T08:25:00.000000Z,638.33,638.5,637.92,638.5,924.82
2025-06-24T08:30:00.000000Z,638.49,638.81,638.07,638.29,2269.58
2025-06-24T08:35:00.000000Z,638.28,639.06,638.2,639.06,1418.2
2025-06-24T08:40:00.000000Z,639.06,639.06,638.5,638.8,1348.39
2025-06-24T08:45:00.000000Z,638.8,638.8,638.02,638.28,1222.46
2025-06-24T08:50:00.000000Z,638.28,638.67,638.27,638.44,756.02
2025-06-24T08:55:00.000000Z,638.43,638.68,638.28,638.61,542.99
2025-06-24T09:00:00.000000Z,638.61,638.67,638.26,638.54,969.55
2025-06-24T09:05:00.000000Z,638.55,639.2,638.49,638.62,1125.8
2025-06-24T09:10:00.000000Z,638.63,639.2,638.48,639.18,995.99
2025-06-24T09:15:00.000000Z,639.18,639.62,638.96,639.62,663.18
2025-06-24T09:20:00.000000Z,639.62,640.15,639.54,640.15,944.55
2025-06-24T09:25:00.000000Z,640.15,641.25,640.15,640.62,2750.63
2025-06-24T09:30:00.000000Z,640.61,640.82,640.04,640.12,1293.75
2025-06-24T09:35:00.000000Z,640.12,640.34,639.46,639.57,1191.82
2025-06-24T09:40:00.000000Z,639.56,639.91,639.44,639.73,462.06
2025-06-24T09:45:00.000000Z,639.74,639.74,639.17,639.17,981.28
2025-06-24T09:50:00.000000Z,639.17,639.21,638.49,638.63,1027.86
2025-06-24T09:55:00.000000Z,638.63,638.67,638.25,638.29,615.99
2025-06-24T10:00:00.000000Z,638.28,638.85,637.9,637.91,1893.12
2025-06-24T10:05:00.000000Z,637.9,638.08,637.5,637.57,1333.47
2025-06-24T10:10:00.000000Z,637.56,638.11,637.56,637.74,1195.58
2025-06-24T10:15:00.000000Z,637.74,638.04,637.49,637.81,1928.96
2025-06-24T10:20:00.000000Z,637.81,638.2,637.58,637.83,1411.19
2025-06-24T10:25:00.000000Z,637.83,637.83,637.44,637.57,719.89
2025-06-24T10:30:00.000000Z,637.57,637.57,637.15,637.52,579.63
2025-06-24T10:35:00.000000Z,637.51,638.44,637.36,637.72,6369.83
2025-06-24T10:40:00.000000Z,637.71,637.71,636.48,636.55,2586.64
2025-06-24T10:45:00.000000Z,636.56,636.71,636.36,636.6,972.44
2025-06-24T10:50:00.000000Z,636.61,636.8,636.46,636.61,580.18
2025-06-24T10:55:00.000000Z,636.61,636.74,636.58,636.74,394.99
2025-06-24T11:00:00.000000Z,636.74,637.08,636.58,637.03,1628.0
2025-06-24T11:05:00.000000Z,637.02,637.39,636.83,637.3,2127.03
2025-06-24T11:10:00.000000Z,637.31,637.31,636.25,636.7,2897.01
2025-06-24T11:15:00.000000Z,636.7,637.0,636.28,636.29,811.11
2025-06-24T11:20:00.000000Z,636.28,636.28,635.75,636.02,2305.34
2025-06-24T11:25:00.000000Z,636.02,637.44,635.92,637.43,1096.09
2025-06-24T11:30:00.000000Z,637.43,638.37,637.22,637.22,2847.39
2025-06-24T11:35:00.000000Z,637.22,637.52,636.53,636.85,2325.1
2025-06-24T11:40:00.000000Z,636.84,637.49,636.72,637.27,710.96
2025-06-24T11:45:00.000000Z,637.26,637.49,636.99,637.31,1022.52
2025-06-24T11:50:00.000000Z,637.29,638.16,637.14,637.57,2420.32
2025-06-24T11:55:00.000000Z,637.56,638.08,637.5,638.07,1883.02
2025-06-24T12:00:00.000000Z,638.08,638.5,638.06,638.5,866.34
2025-06-24T12:05:00.000000Z,638.49,638.74,638.42,638.72,1104.84
2025-06-24T12:10:00.000000Z,638.71,639.3,638.7,638.73,1674.34
2025-06-24T12:15:00.000000Z,638.74,638.77,637.92,638.13,1565.91
2025-06-24T12:20:00.000000Z,638.13,638.24,637.82,637.93,645.01
2025-06-24T12:25:00.000000Z,637.92,638.28,637.4,638.17,530.29
2025-06-24T12:30:00.000000Z,638.18,638.38,637.87,638.2,827.81
2025-06-24T12:35:00.000000Z,638.19,638.76,638.19,638.69,545.86
2025-06-24T12:40:00.000000Z,638.7,639.13,638.36,639.12,624.19
2025-06-24T12:45:00.000000Z,639.12,639.5,639.06,639.34,1106.56
2025-06-24T12:50:00.000000Z,639.34,639.38,638.87,639.11,452.18
2025-06-24T12:55:00.000000Z,639.11,639.48,639.11,639.45,522.28
2025-06-24T13:00:00.000000Z,639.46,639.74,639.21,639.53,1324.39
2025-06-24T13:05:00.000000Z,639.53,639.8,639.28,639.53,766.5
2025-06-24T13:10:00.000000Z,639.53,639.61,638.94,639.47,982.27
2025-06-24T13:15:00.000000Z,639.48,640.1,639.33,639.43,1416.95
2025-06-24T13:20:00.000000Z,639.47,639.54,638.6,638.6,781.18
2025-06-24T13:25:00.000000Z,638.59,638.78,638.42,638.44,701.98
2025-06-24T13:30:00.000000Z,638.44,638.6,637.72,637.86,1321.66
2025-06-24T13:35:00.000000Z,637.87,639.42,637.71,639.07,2389.07
2025-06-24T13:40:00.000000Z,639.08,639.24,638.34,638.7,642.8
2025-06-24T13:45:00.000000Z,638.7,639.63,638.62,638.95,834.54
2025-06-24T13:50:00.000000Z,638.95,639.0,637.9,638.26,971.82
2025-06-24T13:55:00.000000Z,638.26,639.83,638.26,639.76,2156.64
2025-06-24T14:00:00.000000Z,639.76,640.2,639.32,639.99,1612.04
2025-06-24T14:05:00.000000Z,639.98,640.33,639.54,640.04,2028.01
2025-06-24T14:10:00.000000Z,640.04,640.04,639.53,639.64,872.8
2025-06-24T14:15:00.000000Z,639.64,640.7,639.64,640.7,1408.82
2025-06-24T14:20:00.000000Z,640.69,640.9,639.89,640.55,2263.33
2025-06-24T14:25:00.000000Z,640.56,640.8,639.93,640.31,1204.8
2025-06-24T14:30:00.000000Z,640.32,641.11,640.31,641.08,4424.29
2025-06-24T14:35:00.000000Z,641.07,641.25,640.6,640.97,1455.53
2025-06-24T14:40:00.000000Z,640.97,640.98,640.15,640.56,1188.59
2025-06-24T14:45:00.000000Z,640.57,640.8,640.09,640.09,1136.51
2025-06-24T14:50:00.000000Z,640.09,640.09,639.44,639.95,970.0
2025-06-24T14:55:00.000000Z,639.95,640.09,639.56,639.84,668.09
2025-06-24T15:00:00.000000Z,639.84,640.96,639.84,640.88,1301.53
2025-06-24T15:05:00.000000Z,640.88,641.0,640.36,640.77,1346.02
2025-06-24T15:10:00.000000Z,640.75,640.84,640.22,640.24,1724.61
2025-06-24T15:15:00.000000Z,640.23,640.44,639.86,640.09,1079.7
2025-06-24T15:20:00.000000Z,640.1,640.38,639.96,640.27,954.95
2025-06-24T15:25:00.000000Z,640.28,640.32,639.74,639.83,651.72
2025-06-24T15:30:00.000000Z,639.84,639.92,639.16,639.59,826.19
2025-06-24T15:35:00.000000Z,639.59,639.69,639.05,639.23,805.83
2025-06-24T15:40:00.000000Z,639.23,639.32,637.72,637.99,4701.43
2025-06-24T15:45:00.000000Z,637.98,638.66,637.98,638.48,1529.25
2025-06-24T15:50:00.000000Z,638.49,639.7,638.48,639.15,1896.33
2025-06-24T15:55:00.000000Z,639.14,639.4,638.94,639.07,462.06
2025-06-24T16:00:00.000000Z,639.07,640.27,639.07,640.19,3139.87
2025-06-24T16:05:00.000000Z,640.2,640.2,639.3,639.39,1609.21
2025-06-24T16:10:00.000000Z,639.38,639.68,639.22,639.68,572.34
2025-06-24T16:15:00.000000Z,639.67,640.41,639.67,640.11,932.41
2025-06-24T16:20:00.000000Z,640.11,640.58,640.06,640.58,526.88
2025-06-24T16:25:00.000000Z,640.58,641.12,640.44,640.92,1155.65
2025-06-24T16:30:00.000000Z,640.93,640.93,640.3,640.4,846.96
2025-06-24T16:35:00.000000Z,640.39,641.04,640.39,640.62,1964.2
2025-06-24T16:40:00.000000Z,640.62,642.84,640.59,642.55,6219.19
2025-06-24T16:45:00.000000Z,642.55,642.78,642.06,642.71,2961.9
2025-06-24T16:50:00.000000Z,642.7,642.98,642.14,642.95,4538.29
2025-06-24T16:55:00.000000Z,642.96,643.7,642.3,643.68,4395.53
2025-06-24T17:00:00.000000Z,643.68,643.68,642.94,643.32,2894.4
2025-06-24T17:05:00.000000Z,643.32,643.33,642.42,642.5,1369.51
2025-06-24T17:10:00.000000Z,642.5,642.52,641.49,641.78,1898.27
2025-06-24T17:15:00.000000Z,641.78,642.69,641.78,642.69,1914.01
2025-06-24T17:20:00.000000Z,642.69,642.84,641.04,641.37,2208.83
2025-06-24T17:25:00.000000Z,641.37,641.82,641.0,641.33,1660.19
2025-06-24T17:30:00.000000Z,641.34,641.7,640.93,641.46,966.25
2025-06-24T17:35:00.000000Z,641.46,642.0,641.22,642.0,576.6
2025-06-24T17:40:00.000000Z,642.0,642.25,641.75,642.25,815.86
2025-06-24T17:45:00.000000Z,642.25,642.9,642.24,642.72,627.79
2025-06-24T17:50:00.000000Z,642.71,642.96,642.66,642.8,508.83
2025-06-24T17:55:00.000000Z,642.79,643.0,642.5,642.78,2003.64
2025-06-24T18:00:00.000000Z,642.78,643.1,642.1,642.17,1102.97
2025-06-24T18:05:00.000000Z,642.17,642.91,641.73,642.91,993.94
2025-06-24T18:10:00.000000Z,642.92,642.96,642.04,642.05,1429.62
2025-06-24T18:15:00.000000Z,642.04,642.1,641.35,641.78,1537.76
2025-06-24T18:20:00.000000Z,641.78,642.6,641.78,642.6,1323.52
2025-06-24T18:25:00.000000Z,642.59,642.86,642.59,642.86,483.23
2025-06-24T18:30:00.000000Z,642.86,642.88,642.06,642.39,877.95
2025-06-24T18:35:00.000000Z,642.4,642.84,642.36,642.7,447.31
2025-06-24T18:40:00.000000Z,642.71,642.88,642.25,642.44,260.27
2025-06-24T18:45:00.000000Z,642.44,642.62,642.18,642.5,387.52
2025-06-24T18:50:00.000000Z,642.5,642.74,642.18,642.3,433.3
2025-06-24T18:55:00.000000Z,642.29,642.47,642.09,642.11,691.32
2025-06-24T19:00:00.000000Z,642.11,642.11,641.53,641.86,1204.35
2025-06-24T19:05:00.000000Z,641.85,642.08,641.53,641.6,818.25
2025-06-24T19:10:00.000000Z,641.6,641.9,641.25,641.46,669.82
2025-06-24T19:15:00.000000Z,641.46,642.3,641.45,642.22,618.34
2025-06-24T19:20:00.000000Z,642.22,642.37,641.96,641.96,479.94
2025-06-24T19:25:00.000000Z,641.96,642.18,641.7,642.18,523.0
2025-06-24T19:30:00.000000Z,642.18,642.6,642.17,642.29,540.3
2025-06-24T19:35:00.000000Z,642.28,642.5,641.64,641.65,300.24
2025-06-24T19:40:00.000000Z,641.64,642.18,641.64,641.88,546.98
2025-06-24T19:45:00.000000Z,641.87,641.87,640.78,641.13,1538.61
2025-06-24T19:50:00.000000Z,641.12,641.79,641.04,641.68,941.62
2025-06-24T19:55:00.000000Z,641.66,642.11,641.52,642.0,566.63
2025-06-24T20:00:00.000000Z,642.01,642.22,641.88,641.96,665.93
2025-06-24T20:05:00.000000Z,641.97,642.28,641.92,642.28,445.7
2025-06-24T20:10:00.000000Z,642.28,642.28,642.09,642.28,573.68
2025-06-24T20:15:00.000000Z,642.28,642.49,642.08,642.49,698.78
2025-06-24T20:20:00.000000Z,642.49,643.14,642.49,643.08,1061.32
2025-06-24T20:25:00.000000Z,643.07,643.08,642.8,643.02,522.21
2025-06-24T20:30:00.000000Z,643.02,643.1,642.92,643.01,333.88
2025-06-24T20:35:00.000000Z,643.01,643.2,643.01,643.17,427.17
2025-06-24T20:40:00.000000Z,643.16,643.21,643.02,643.03,397.66
2025-06-24T20:45:00.000000Z,643.03,643.58,643.02,643.58,505.44
2025-06-24T20:50:00.000000Z,643.58,643.66,643.4,643.55,469.52
2025-06-24T20:55:00.000000Z,643.55,643.84,643.54,643.83,802.61
2025-06-24T21:00:00.000000Z,643.84,643.9,643.41,643.41,795.72
2025-06-24T21:05:00.000000Z,643.42,643.5,642.98,643.42,789.12
2025-06-24T21:10:00.000000Z,643.42,643.42,642.73,642.74,715.46
2025-06-24T21:15:00.000000Z,642.74,643.2,642.67,643.12,506.09
2025-06-24T21:20:00.000000Z,643.12,643.5,643.12,643.5,331.79
2025-06-24T21:25:00.000000Z,643.49,643.6,643.3,643.59,307.31
2025-06-24T21:30:00.000000Z,643.59,643.7,643.59,643.7,161.05
2025-06-24T21:35:00.000000Z,643.69,643.75,643.23,643.24,350.39
2025-06-24T21:40:00.000000Z,643.24,643.36,642.94,643.05,550.88
2025-06-24T21:45:00.000000Z,643.05,643.41,643.05,643.41,220.37
2025-06-24T21:50:00.000000Z,643.41,643.43,643.14,643.16,255.12
2025-06-24T21:55:00.000000Z,643.16,643.23,643.03,643.15,495.26
2025-06-24T22:00:00.000000Z,643.14,643.14,642.21,642.22,1025.23
2025-06-24T22:05:00.000000Z,642.21,643.04,642.0,642.82,1914.54
2025-06-24T22:10:00.000000Z,642.81,642.89,642.51,642.51,742.79
2025-06-24T22:15:00.000000Z,642.52,642.86,642.32,642.44,463.59
2025-06-24T22:20:00.000000Z,642.45,642.46,642.04,642.28,681.88
2025-06-24T22:25:00.000000Z,642.27,642.28,641.89,642.09,710.91
2025-06-24T22:30:00.000000Z,642.1,642.1,641.73,641.85,702.35
2025-06-24T22:35:00.000000Z,641.85,642.0,641.73,641.88,572.49
2025-06-24T22:40:00.000000Z,641.87,642.65,641.86,642.64,1412.75
2025-06-24T22:45:00.000000Z,642.64,642.75,642.25,642.57,629.26
2025-06-24T22:50:00.000000Z,642.57,643.04,642.32,642.89,538.27
2025-06-24T22:55:00.000000Z,642.89,643.04,642.85,642.94,340.04
2025-06-24T23:00:00.000000Z,642.94,643.04,642.42,642.47,613.7
2025-06-24T23:05:00.000000Z,642.48,642.48,642.01,642.21,493.76
2025-06-24T23:10:00.000000Z,642.21,642.26,642.06,642.11,513.26
2025-06-24T23:15:00.000000Z,642.11,642.34,641.88,642.1,645.0
2025-06-24T23:20:00.000000Z,642.08,642.14,641.84,642.05,275.17
2025-06-24T23:25:00.000000Z,642.05,642.26,642.0,642.25,725.86
2025-06-24T23:30:00.000000Z,642.25,642.6,642.2,642.6,681.21
2025-06-24T23:35:00.000000Z,642.6,642.96,642.5,642.76,530.62
2025-06-24T23:40:00.000000Z,642.75,642.9,642.59,642.9,376.48
2025-06-24T23:45:00.000000Z,642.9,643.0,642.78,642.87,467.95
2025-06-24T23:50:00.000000Z,642.87,643.1,642.86,643.05,341.21
2025-06-24T23:55:00.000000Z,643.05,643.38,643.05,643.3,458.15
2025-06-25T00:00:00.000000Z,643.29,643.33,642.87,642.88,660.95
2025-06-25T00:05:00.000000Z,642.88,643.38,642.78,643.37,583.02
2025-06-25T00:10:00.000000Z,643.38,643.95,643.06,643.82,1838.07
2025-06-25T00:15:00.000000Z,643.82,643.84,643.49,643.68,626.64
2025-06-25T00:20:00.000000Z,643.67,643.96,643.44,643.57,1098.72
2025-06-25T00:25:00.000000Z,643.56,643.68,643.4,643.68,333.08
2025-06-25T00:30:00.000000Z,643.68,643.78,642.86,642.86,823.4
2025-06-25T00:35:00.000000Z,642.86,642.86,642.24,642.6,1260.74
2025-06-25T00:40:00.000000Z,642.59,642.83,642.32,642.5,462.57
2025-06-25T00:45:00.000000Z,642.5,642.8,642.38,642.8,468.71
2025-06-25T00:50:00.000000Z,642.8,643.77,642.75,643.77,899.72
2025-06-25T00:55:00.000000Z,643.77,644.53,643.76,644.24,2577.02
2025-06-25T01:00:00.000000Z,644.24,644.52,644.07,644.34,1675.01
2025-06-25T01:05:00.000000Z,644.34,644.34,643.86,644.02,784.96
2025-06-25T01:10:00.000000Z,644.01,644.01,643.66,643.81,646.62
2025-06-25T01:15:00.000000Z,643.8,644.34,642.79,642.79,1597.52
2025-06-25T01:20:00.000000Z,642.79,643.42,642.6,642.99,1503.07
2025-06-25T01:25:00.000000Z,642.99,643.89,642.99,643.62,1176.27
2025-06-25T01:30:00.000000Z,643.61,643.66,643.02,643.52,824.46
2025-06-25T01:35:00.000000Z,643.51,644.34,643.27,644.15,950.9
2025-06-25T01:40:00.000000Z,644.16,645.38,644.0,645.27,5360.1
2025-06-25T01:45:00.000000Z,645.27,645.38,643.8,644.21,1564.38
2025-06-25T01:50:00.000000Z,644.21,644.82,644.2,644.49,604.64
2025-06-25T01:55:00.000000Z,644.52,644.72,644.45,644.71,371.39
2025-06-25T02:00:00.000000Z,644.72,644.77,644.03,644.45,1361.68
2025-06-25T02:05:00.000000Z,644.44,645.6,644.15,645.46,1748.27
2025-06-25T02:10:00.000000Z,645.45,645.6,644.97,645.06,2211.57
2025-06-25T02:15:00.000000Z,645.06,645.27,644.7,645.08,747.53
2025-06-25T02:20:00.000000Z,645.07,645.07,644.47,644.85,412.49
2025-06-25T02:25:00.000000Z,644.85,644.98,644.35,644.35,532.88
2025-06-25T02:30:00.000000Z,644.35,644.36,643.5,643.69,2146.44
2025-06-25T02:35:00.000000Z,643.68,644.02,643.62,643.99,512.12
2025-06-25T02:40:00.000000Z,643.99,644.0,643.67,643.9,319.31
2025-06-25T02:45:00.000000Z,643.9,644.93,643.82,644.52,886.14
2025-06-25T02:50:00.000000Z,644.52,644.52,643.9,644.19,570.94
2025-06-25T02:55:00.000000Z,644.19,644.6,644.19,644.42,461.66
2025-06-25T03:00:00.000000Z,644.41,644.56,642.86,643.39,5764.47
2025-06-25T03:05:00.000000Z,643.39,643.77,643.13,643.67,842.61
2025-06-25T03:10:00.000000Z,643.67,643.83,643.47,643.48,264.91
2025-06-25T03:15:00.000000Z,643.47,643.47,643.03,643.35,603.22
2025-06-25T03:20:00.000000Z,643.36,644.23,643.01,644.23,1867.38
2025-06-25T03:25:00.000000Z,644.22,646.09,644.06,644.88,10708.08
2025-06-25T03:30:00.000000Z,644.88,646.26,644.65,646.01,5854.58
2025-06-25T03:35:00.000000Z,646.01,650.75,645.74,649.13,37940.9
2025-06-25T03:40:00.000000Z,649.13,649.54,643.76,646.31,41817.06
2025-06-25T03:45:00.000000Z,646.32,650.46,646.1,650.12,21798.21
2025-06-25T03:50:00.000000Z,650.12,650.22,648.5,649.3,6761.75
2025-06-25T03:55:00.000000Z,649.3,649.3,646.8,648.19,7556.98
2025-06-25T04:00:00.000000Z,648.19,650.02,648.15,649.82,7757.48
2025-06-25T04:05:00.000000Z,649.82,653.09,649.49,649.9,22832.38
2025-06-25T04:10:00.000000Z,649.9,649.9,647.7,647.92,12203.01
2025-06-25T04:15:00.000000Z,647.92,648.67,644.63,645.45,27807.33
2025-06-25T04:20:00.000000Z,645.45,645.51,644.73,645.39,4368.25
2025-06-25T04:25:00.000000Z,645.37,646.27,644.91,645.91,3482.38
2025-06-25T04:30:00.000000Z,645.91,646.43,645.1,645.23,1808.39
2025-06-25T04:35:00.000000Z,645.23,645.83,644.88,645.58,3021.53
2025-06-25T04:40:00.000000Z,645.57,645.67,644.74,645.02,1587.81
2025-06-25T04:45:00.000000Z,645.01,645.3,644.53,644.87,985.35
2025-06-25T04:50:00.000000Z,644.88,644.88,644.49,644.56,825.22
2025-06-25T04:55:00.000000Z,644.57,644.84,644.51,644.63,321.92
2025-06-25T05:00:00.000000Z,644.62,645.24,644.6,644.97,1109.77
2025-06-25T05:05:00.000000Z,644.97,646.15,644.97,645.15,2120.94
2025-06-25T05:10:00.000000Z,645.1,645.35,644.71,645.26,654.71
2025-06-25T05:15:00.000000Z,645.26,645.35,642.88,644.01,7359.86
2025-06-25T05:20:00.000000Z,644.01,644.52,643.66,643.84,1435.77
2025-06-25T05:25:00.000000Z,643.84,645.0,643.63,644.77,1171.37
2025-06-25T05:30:00.000000Z,644.77,644.85,644.07,644.61,1806.05
2025-06-25T05:35:00.000000Z,644.62,644.82,644.15,644.24,1543.82
2025-06-25T05:40:00.000000Z,644.24,644.84,644.15,644.25,652.42
2025-06-25T05:45:00.000000Z,644.25,644.66,644.07,644.57,370.22
2025-06-25T05:50:00.000000Z,644.58,644.58,643.81,643.81,1041.82
2025-06-25T05:55:00.000000Z,643.81,644.23,643.53,643.6,981.29
2025-06-25T06:00:00.000000Z,643.59,643.88,643.26,643.4,872.16
2025-06-25T06:05:00.000000Z,643.4,643.81,643.24,643.45,1377.7
2025-06-25T06:10:00.000000Z,643.44,644.65,643.38,644.65,1525.79
2025-06-25T06:15:00.000000Z,644.65,644.65,644.16,644.43,1234.52
2025-06-25T06:20:00.000000Z,644.44,644.67,644.19,644.51,901.17
2025-06-25T06:25:00.000000Z,644.51,645.08,644.51,644.7,1421.34
2025-06-25T06:30:00.000000Z,644.71,644.91,644.0,644.44,803.8
2025-06-25T06:35:00.000000Z,644.45,645.39,644.39,645.1,1798.32
2025-06-25T06:40:00.000000Z,645.09,645.15,644.74,645.04,343.67
2025-06-25T06:45:00.000000Z,645.04,645.11,644.67,644.83,331.86
2025-06-25T06:50:00.000000Z,644.82,645.0,644.41,645.0,1326.41
2025-06-25T06:55:00.000000Z,644.99,645.65,644.94,645.62,2207.67
2025-06-25T07:00:00.000000Z,645.62,645.69,645.06,645.16,1571.57
2025-06-25T07:05:00.000000Z,645.16,645.57,644.72,645.22,819.21
2025-06-25T07:10:00.000000Z,645.22,645.34,644.96,645.13,311.83
2025-06-25T07:15:00.000000Z,645.12,645.7,645.05,645.44,455.48
2025-06-25T07:20:00.000000Z,645.45,645.8,645.41,645.74,449.15
2025-06-25T07:25:00.000000Z,645.75,646.53,645.67,646.33,1937.6
2025-06-25T07:30:00.000000Z,646.32,646.37,645.31,645.41,1885.64
2025-06-25T07:35:00.000000Z,645.41,645.75,645.0,645.03,941.79
2025-06-25T07:40:00.000000Z,645.03,645.51,644.73,645.5,692.44
2025-06-25T07:45:00.000000Z,645.5,645.74,645.01,645.24,732.7
2025-06-25T07:50:00.000000Z,645.25,645.33,644.62,644.62,859.34
2025-06-25T07:55:00.000000Z,644.63,645.04,644.46,644.97,906.66
2025-06-25T08:00:00.000000Z,644.97,645.09,644.3,644.53,752.78
2025-06-25T08:05:00.000000Z,644.53,644.68,644.21,644.67,987.46
2025-06-25T08:10:00.000000Z,644.67,644.81,644.21,644.59,1298.5
2025-06-25T08:15:00.000000Z,644.59,644.71,643.9,643.97,1121.9
2025-06-25T08:20:00.000000Z,643.97,644.2,643.54,643.57,1093.14
2025-06-25T08:25:00.000000Z,643.57,643.98,643.42,643.5,1132.29
2025-06-25T08:30:00.000000Z,643.51,643.51,642.97,642.97,1219.36
2025-06-25T08:35:00.000000Z,642.97,643.33,642.9,643.33,1016.7
2025-06-25T08:40:00.000000Z,643.32,643.33,643.02,643.03,492.6
2025-06-25T08:45:00.000000Z,643.03,643.33,642.76,642.88,751.04
2025-06-25T08:50:00.000000Z,642.88,643.25,642.74,643.12,508.14
2025-06-25T08:55:00.000000Z,643.11,644.31,643.11,644.3,994.89
2025-06-25T09:00:00.000000Z,644.31,644.59,643.68,644.36,2255.74
2025-06-25T09:05:00.000000Z,644.37,645.04,644.12,644.57,1639.34
2025-06-25T09:10:00.000000Z,644.58,644.82,644.29,644.44,803.98
2025-06-25T09:15:00.000000Z,644.46,644.83,644.46,644.71,1020.63
2025-06-25T09:20:00.000000Z,644.71,644.85,644.41,644.41,1048.14
2025-06-25T09:25:00.000000Z,644.41,644.6,644.18,644.31,555.47
2025-06-25T09:30:00.000000Z,644.31,644.6,644.31,644.41,407.08
2025-06-25T09:35:00.000000Z,644.41,644.6,642.72,642.84,2427.41
2025-06-25T09:40:00.000000Z,642.84,642.85,641.41,641.96,7632.79
2025-06-25T09:45:00.000000Z,641.96,642.99,641.96,642.66,1110.83
2025-06-25T09:50:00.000000Z,642.67,643.08,642.67,642.81,520.71
2025-06-25T09:55:00.000000Z,642.8,643.04,642.54,643.03,1030.01
2025-06-25T10:00:00.000000Z,643.03,643.3,642.86,643.17,782.12
2025-06-25T10:05:00.000000Z,643.17,643.56,643.09,643.25,655.78
2025-06-25T10:10:00.000000Z,643.25,643.67,642.92,643.51,948.52
2025-06-25T10:15:00.000000Z,643.52,643.86,643.3,643.7,594.05
2025-06-25T10:20:00.000000Z,643.7,644.35,643.7,644.33,1095.85
2025-06-25T10:25:00.000000Z,644.32,644.82,644.32,644.47,1469.96
2025-06-25T10:30:00.000000Z,644.47,644.52,644.06,644.41,1020.92
2025-06-25T10:35:00.000000Z,644.41,644.42,644.07,644.22,482.18
2025-06-25T10:40:00.000000Z,644.22,644.46,644.12,644.45,516.15
2025-06-25T10:45:00.000000Z,644.46,644.7,644.21,644.64,857.43
2025-06-25T10:50:00.000000Z,644.64,644.93,644.41,644.72,980.0
2025-06-25T10:55:00.000000Z,644.72,645.53,644.43,645.52,1693.9
2025-06-25T11:00:00.000000Z,645.53,645.97,645.23,645.96,1960.87
2025-06-25T11:05:00.000000Z,645.97,646.32,645.76,646.03,1202.25
2025-06-25T11:10:00.000000Z,646.02,646.11,645.02,645.14,1925.11
2025-06-25T11:15:00.000000Z,645.14,645.54,644.76,644.97,1575.25
2025-06-25T11:20:00.000000Z,644.97,645.44,644.93,645.13,1405.17
2025-06-25T11:25:00.000000Z,645.13,645.87,645.06,645.85,1046.47
2025-06-25T11:30:00.000000Z,645.87,646.5,645.86,646.31,2471.89
2025-06-25T11:35:00.000000Z,646.3,646.48,646.0,646.1,1493.57
2025-06-25T11:40:00.000000Z,646.09,648.01,646.09,647.44,6587.39
2025-06-25T11:45:00.000000Z,647.43,647.73,647.12,647.12,1813.14
2025-06-25T11:50:00.000000Z,647.13,647.15,646.83,647.15,1558.0
2025-06-25T11:55:00.000000Z,647.15,647.16,646.82,646.83,1528.52
2025-06-25T12:00:00.000000Z,646.83,646.83,645.88,645.88,1873.95
2025-06-25T12:05:00.000000Z,645.89,646.64,645.88,646.37,1938.32
2025-06-25T12:10:00.000000Z,646.37,646.61,645.91,645.98,1769.05
2025-06-25T12:15:00.000000Z,645.98,646.38,645.88,646.37,1320.98
2025-06-25T12:20:00.000000Z,646.38,647.1,646.27,646.92,1320.22
2025-06-25T12:25:00.000000Z,646.92,646.97,645.8,645.83,2045.55
2025-06-25T12:30:00.000000Z,645.82,646.0,645.62,645.72,1704.2
2025-06-25T12:35:00.000000Z,645.72,646.62,645.72,646.38,2442.17
2025-06-25T12:40:00.000000Z,646.4,646.46,646.08,646.46,1155.24
2025-06-25T12:45:00.000000Z,646.45,646.46,645.96,646.11,1384.16
2025-06-25T12:50:00.000000Z,646.11,646.2,645.93,646.03,2006.06
2025-06-25T12:55:00.000000Z,646.03,646.08,645.82,646.02,1682.85
2025-06-25T13:00:00.000000Z,646.03,646.03,645.3,645.71,4024.18
2025-06-25T13:05:00.000000Z,645.7,646.34,645.5,646.07,3965.73
2025-06-25T13:10:00.000000Z,646.06,646.91,646.02,646.78,2452.24
2025-06-25T13:15:00.000000Z,646.78,647.43,646.57,647.04,3096.05
2025-06-25T13:20:00.000000Z,647.04,647.57,647.04,647.41,2934.4
2025-06-25T13:25:00.000000Z,647.4,647.44,647.07,647.3,1071.21
2025-06-25T13:30:00.000000Z,647.3,647.34,646.31,646.63,1977.52
2025-06-25T13:35:00.000000Z,646.63,646.96,645.05,645.71,4031.57
2025-06-25T13:40:00.000000Z,645.71,647.75,645.63,647.3,5449.65
2025-06-25T13:45:00.000000Z,647.3,647.96,647.18,647.8,2320.07
2025-06-25T13:50:00.000000Z,647.8,647.8,646.71,646.9,1885.27
2025-06-25T13:55:00.000000Z,646.89,647.34,646.72,647.06,1119.61
2025-06-25T14:00:00.000000Z,647.07,647.3,646.54,647.21,1248.22
2025-06-25T14:05:00.000000Z,647.21,647.67,647.2,647.45,1393.01
2025-06-25T14:10:00.000000Z,647.48,647.64,646.44,646.44,1022.71
2025-06-25T14:15:00.000000Z,646.45,646.64,644.9,644.96,4467.58
2025-06-25T14:20:00.000000Z,644.96,645.53,644.36,645.23,4436.55
2025-06-25T14:25:00.000000Z,645.24,645.49,644.5,644.5,3107.47
2025-06-25T14:30:00.000000Z,644.51,645.36,644.31,645.24,3085.4
2025-06-25T14:35:00.000000Z,645.26,646.82,645.25,646.71,1983.52
2025-06-25T14:40:00.000000Z,646.72,647.07,646.58,646.63,905.96
2025-06-25T14:45:00.000000Z,646.63,647.53,646.24,647.03,1979.9
2025-06-25T14:50:00.000000Z,647.03,647.38,646.16,646.21,1033.12
2025-06-25T14:55:00.000000Z,646.21,646.48,645.8,646.07,1159.88
2025-06-25T15:00:00.000000Z,646.07,646.07,644.55,644.77,1708.73
2025-06-25T15:05:00.000000Z,644.77,645.48,644.57,645.14,3890.34
2025-06-25T15:10:00.000000Z,645.15,645.6,644.92,645.16,1030.43
2025-06-25T15:15:00.000000Z,645.16,645.17,643.78,643.78,2115.59
2025-06-25T15:20:00.000000Z,643.77,644.28,643.5,644.0,2372.27
2025-06-25T15:25:00.000000Z,644.01,644.01,643.11,643.24,1253.99
2025-06-25T15:30:00.000000Z,643.24,643.98,642.03,642.29,3652.25
2025-06-25T15:35:00.000000Z,642.28,643.53,642.14,642.99,2932.75
2025-06-25T15:40:00.000000Z,643.0,643.06,642.32,642.59,740.86
2025-06-25T15:45:00.000000Z,642.58,643.8,642.34,643.65,2128.75
2025-06-25T15:50:00.000000Z,643.66,643.74,642.7,643.01,919.7
2025-06-25T15:55:00.000000Z,643.0,643.01,642.2,642.37,933.87
2025-06-25T16:00:00.000000Z,642.36,643.58,642.36,643.53,1640.73
2025-06-25T16:05:00.000000Z,643.52,643.61,642.81,642.87,712.33
2025-06-25T16:10:00.000000Z,642.87,643.42,642.34,643.42,1090.65
2025-06-25T16:15:00.000000Z,643.42,644.42,643.42,644.16,1041.1
2025-06-25T16:20:00.000000Z,644.16,644.38,643.6,644.24,587.53
2025-06-25T16:25:00.000000Z,644.25,644.39,644.08,644.19,475.49
2025-06-25T16:30:00.000000Z,644.18,644.4,643.2,643.28,531.0
2025-06-25T16:35:00.000000Z,643.27,643.64,642.71,643.28,840.31
2025-06-25T16:40:00.000000Z,643.27,643.59,643.02,643.21,388.54
2025-06-25T16:45:00.000000Z,643.2,643.2,641.85,641.95,1290.66
2025-06-25T16:50:00.000000Z,641.95,642.68,641.93,642.4,866.04
2025-06-25T16:55:00.000000Z,642.4,642.66,642.2,642.41,629.89
2025-06-25T17:00:00.000000Z,642.41,643.15,642.4,642.81,889.1
2025-06-25T17:05:00.000000Z,642.8,643.09,642.34,642.92,599.71
2025-06-25T17:10:00.000000Z,642.93,643.94,642.92,643.81,868.45
2025-06-25T17:15:00.000000Z,643.81,644.76,643.81,644.76,1480.85
2025-06-25T17:20:00.000000Z,644.76,645.48,644.76,645.36,1693.1
2025-06-25T17:25:00.000000Z,645.35,645.36,644.7,644.73,606.37
2025-06-25T17:30:00.000000Z,644.72,644.83,644.0,644.27,852.91
2025-06-25T17:35:00.000000Z,644.27,644.48,643.94,644.15,509.55
2025-06-25T17:40:00.000000Z,644.15,644.22,642.96,643.46,1025.75
2025-06-25T17:45:00.000000Z,643.45,643.86,643.33,643.82,543.32
2025-06-25T17:50:00.000000Z,643.83,644.3,643.82,644.25,422.02
2025-06-25T17:55:00.000000Z,644.22,644.9,644.16,644.81,786.8
2025-06-25T18:00:00.000000Z,644.81,644.93,644.48,644.5,892.21
2025-06-25T18:05:00.000000Z,644.5,644.64,644.08,644.56,1082.43
2025-06-25T18:10:00.000000Z,644.55,645.08,644.54,644.86,773.41
2025-06-25T18:15:00.000000Z,644.86,645.42,644.86,645.42,268.15
2025-06-25T18:20:00.000000Z,645.41,645.45,644.86,645.12,989.08
2025-06-25T18:25:00.000000Z,645.13,645.34,644.88,644.97,419.75
2025-06-25T18:30:00.000000Z,644.98,645.42,644.7,645.06,456.78
2025-06-25T18:35:00.000000Z,645.06,645.14,644.55,645.07,538.79
2025-06-25T18:40:00.000000Z,645.07,645.86,645.07,645.66,1330.59
2025-06-25T18:45:00.000000Z,645.66,645.94,645.27,645.46,559.96
2025-06-25T18:50:00.000000Z,645.45,645.52,645.27,645.35,536.59
2025-06-25T18:55:00.000000Z,645.36,645.68,645.36,645.67,441.7
2025-06-25T19:00:00.000000Z,645.68,646.17,645.67,646.17,1163.41
2025-06-25T19:05:00.000000Z,646.17,646.67,646.01,646.67,832.32
2025-06-25T19:10:00.000000Z,646.67,646.88,646.36,646.86,1288.7
2025-06-25T19:15:00.000000Z,646.86,647.35,646.59,647.31,1038.11
2025-06-25T19:20:00.000000Z,647.31,647.62,647.31,647.41,846.39
2025-06-25T19:25:00.000000Z,647.41,647.54,647.14,647.47,847.61
2025-06-25T19:30:00.000000Z,647.47,647.47,646.55,646.77,743.31
2025-06-25T19:35:00.000000Z,646.77,647.23,646.73,647.16,434.9
2025-06-25T19:40:00.000000Z,647.16,647.41,647.08,647.4,571.86
2025-06-25T19:45:00.000000Z,647.4,647.77,647.07,647.27,1356.02
2025-06-25T19:50:00.000000Z,647.27,647.35,647.02,647.02,279.49
2025-06-25T19:55:00.000000Z,647.03,647.61,647.02,647.56,311.93
2025-06-25T20:00:00.000000Z,647.56,647.57,647.07,647.34,990.02
2025-06-25T20:05:00.000000Z,647.35,647.7,647.08,647.52,617.64
2025-06-25T20:10:00.000000Z,647.53,647.68,647.36,647.49,537.33
2025-06-25T20:15:00.000000Z,647.5,647.6,647.38,647.45,351.49
2025-06-25T20:20:00.000000Z,647.44,647.44,647.11,647.3,351.71
2025-06-25T20:25:00.000000Z,647.3,647.47,647.25,647.3,286.41
2025-06-25T20:30:00.000000Z,647.3,647.3,646.79,646.79,313.19
2025-06-25T20:35:00.000000Z,646.8,647.29,646.74,646.74,656.01
2025-06-25T20:40:00.000000Z,646.78,647.0,646.67,646.67,229.48
2025-06-25T20:45:00.000000Z,646.67,646.98,646.62,646.82,313.46
2025-06-25T20:50:00.000000Z,646.82,647.07,646.77,647.06,315.85
2025-06-25T20:55:00.000000Z,647.06,647.54,647.06,647.47,680.73
2025-06-25T21:00:00.000000Z,647.46,648.28,647.4,648.14,1843.14
2025-06-25T21:05:00.000000Z,648.13,648.28,647.3,647.67,1154.11
2025-06-25T21:10:00.000000Z,647.66,647.68,647.3,647.46,846.16
2025-06-25T21:15:00.000000Z,647.47,647.93,647.46,647.85,539.93
2025-06-25T21:20:00.000000Z,647.84,647.93,646.67,646.71,822.36
2025-06-25T21:25:00.000000Z,646.71,647.17,646.67,646.67,285.14
2025-06-25T21:30:00.000000Z,646.67,646.89,646.31,646.89,566.79
2025-06-25T21:35:00.000000Z,646.88,647.33,646.63,647.32,602.08
2025-06-25T21:40:00.000000Z,647.32,647.32,646.75,647.04,673.4
2025-06-25T21:45:00.000000Z,647.04,647.05,646.95,647.0,115.63
2025-06-25T21:50:00.000000Z,646.99,647.02,646.8,646.81,174.48
2025-06-25T21:55:00.000000Z,646.81,646.99,646.54,646.98,442.46
2025-06-25T22:00:00.000000Z,646.99,647.02,646.0,646.29,1843.72
2025-06-25T22:05:00.000000Z,646.27,646.8,645.8,646.7,1536.75
2025-06-25T22:10:00.000000Z,646.71,646.71,646.09,646.43,742.94
2025-06-25T22:15:00.000000Z,646.44,646.46,645.92,646.15,393.11
2025-06-25T22:20:00.000000Z,646.16,646.32,645.71,645.8,714.1
2025-06-25T22:25:00.000000Z,645.78,645.84,645.36,645.55,434.51
2025-06-25T22:30:00.000000Z,645.55,645.56,644.88,644.88,834.69
2025-06-25T22:35:00.000000Z,644.89,645.29,644.8,644.87,1030.06
2025-06-25T22:40:00.000000Z,644.86,644.87,644.33,644.6,886.72
2025-06-25T22:45:00.000000Z,644.59,644.6,644.19,644.37,529.5
2025-06-25T22:50:00.000000Z,644.37,645.16,644.3,644.94,534.99
2025-06-25T22:55:00.000000Z,644.94,645.27,644.86,645.19,300.04
2025-06-25T23:00:00.000000Z,645.19,645.19,644.18,644.24,724.78
2025-06-25T23:05:00.000000Z,644.24,644.9,643.89,644.9,988.25
2025-06-25T23:10:00.000000Z,644.9,645.53,644.52,645.32,744.55
2025-06-25T23:15:00.000000Z,645.33,645.71,645.23,645.42,695.59
2025-06-25T23:20:00.000000Z,645.42,645.69,645.42,645.69,369.32
2025-06-25T23:25:00.000000Z,645.69,645.69,644.75,645.06,835.97
2025-06-25T23:30:00.000000Z,645.06,645.3,644.94,645.21,725.35
2025-06-25T23:35:00.000000Z,645.22,645.51,645.22,645.48,445.76
2025-06-25T23:40:00.000000Z,645.48,645.49,645.16,645.3,274.7
2025-06-25T23:45:00.000000Z,645.3,645.44,645.16,645.18,366.38
2025-06-25T23:50:00.000000Z,645.18,645.7,645.04,645.55,559.97
2025-06-25T23:55:00.000000Z,645.56,646.11,645.47,646.1,612.33
2025-06-26T00:00:00.000000Z,646.1,646.17,645.89,645.92,787.52
2025-06-26T00:05:00.000000Z,645.92,646.46,645.89,646.46,916.95
2025-06-26T00:10:00.000000Z,646.46,647.14,646.46,646.97,1479.82
2025-06-26T00:15:00.000000Z,646.98,647.63,646.97,647.06,1549.2
2025-06-26T00:20:00.000000Z,647.06,647.39,646.81,646.96,911.05
2025-06-26T00:25:00.000000Z,646.96,647.39,646.96,647.12,445.65
2025-06-26T00:30:00.000000Z,647.13,647.95,646.96,647.19,2687.09
2025-06-26T00:35:00.000000Z,647.18,647.49,646.92,646.97,809.27
2025-06-26T00:40:00.000000Z,646.98,647.01,646.8,646.89,383.18
2025-06-26T00:45:00.000000Z,646.89,647.46,646.88,647.46,579.4
2025-06-26T00:50:00.000000Z,647.45,647.54,646.9,647.37,1287.68
2025-06-26T00:55:00.000000Z,647.37,647.37,646.97,647.23,507.52
2025-06-26T01:00:00.000000Z,647.23,647.23,646.67,646.95,616.53
2025-06-26T01:05:00.000000Z,646.94,646.95,645.97,646.31,2145.1
2025-06-26T01:10:00.000000Z,646.31,646.31,645.89,646.08,397.35
2025-06-26T01:15:00.000000Z,646.08,646.08,645.36,645.4,1129.97
2025-06-26T01:20:00.000000Z,645.39,645.78,645.39,645.42,487.39
2025-06-26T01:25:00.000000Z,645.42,647.36,645.4,647.3,1300.98
2025-06-26T01:30:00.000000Z,647.31,648.39,646.8,647.99,2777.82
2025-06-26T01:35:00.000000Z,647.99,648.54,647.08,647.45,2557.47
2025-06-26T01:40:00.000000Z,647.44,647.44,646.34,647.22,1564.95
2025-06-26T01:45:00.000000Z,647.22,647.58,646.89,647.58,899.14
2025-06-26T01:50:00.000000Z,647.58,647.73,647.15,647.49,781.37
2025-06-26T01:55:00.000000Z,647.5,647.93,647.49,647.93,502.51
2025-06-26T02:00:00.000000Z,647.93,648.37,647.93,648.37,1098.24
2025-06-26T02:05:00.000000Z,648.36,648.5,648.01,648.01,1396.6
2025-06-26T02:10:00.000000Z,648.01,648.2,647.64,648.01,1559.57
2025-06-26T02:15:00.000000Z,648.0,648.25,647.98,648.22,595.29
2025-06-26T02:20:00.000000Z,648.21,648.25,647.87,648.14,610.86
2025-06-26T02:25:00.000000Z,648.13,648.18,647.89,647.95,412.09
2025-06-26T02:30:00.000000Z,647.95,648.07,647.7,647.86,563.23
2025-06-26T02:35:00.000000Z,647.87,648.22,647.87,648.0,333.07
2025-06-26T02:40:00.000000Z,648.0,648.0,647.4,647.69,524.16
2025-06-26T02:45:00.000000Z,647.69,647.82,647.37,647.81,668.98
2025-06-26T02:50:00.000000Z,647.82,649.44,647.76,649.43,2540.31
2025-06-26T02:55:00.000000Z,649.42,649.45,648.9,649.09,1428.24
2025-06-26T03:00:00.000000Z,649.09,649.94,649.09,649.75,3168.25
2025-06-26T03:05:00.000000Z,649.75,649.92,649.05,649.06,1504.22
2025-06-26T03:10:00.000000Z,649.06,649.22,648.65,649.05,1565.09
2025-06-26T03:15:00.000000Z,649.05,649.28,648.85,649.0,1022.54
2025-06-26T03:20:00.000000Z,649.0,649.0,648.34,648.52,961.29
2025-06-26T03:25:00.000000Z,648.52,648.62,647.27,647.33,3035.54
2025-06-26T03:30:00.000000Z,647.32,647.87,647.32,647.34,1071.04
2025-06-26T03:35:00.000000Z,647.34,648.3,647.32,647.96,498.28
2025-06-26T03:40:00.000000Z,647.96,647.97,647.41,647.85,989.89
2025-06-26T03:45:00.000000Z,647.86,648.37,647.72,648.19,432.54
2025-06-26T03:50:00.000000Z,648.18,648.36,648.04,648.16,470.31
2025-06-26T03:55:00.000000Z,648.16,648.5,647.97,648.38,460.12
2025-06-26T04:00:00.000000Z,648.38,649.28,648.11,648.41,4563.55
2025-06-26T04:05:00.000000Z,648.42,648.7,647.91,648.08,1092.94
2025-06-26T04:10:00.000000Z,648.08,648.19,647.83,647.83,554.91
2025-06-26T04:15:00.000000Z,647.83,647.84,647.04,647.2,3419.65
2025-06-26T04:20:00.000000Z,647.21,647.3,647.0,647.3,513.25
2025-06-26T04:25:00.000000Z,647.29,647.3,646.56,646.95,2641.84
2025-06-26T04:30:00.000000Z,646.96,647.22,646.68,647.01,1693.76
2025-06-26T04:35:00.000000Z,647.0,647.43,646.67,646.71,475.54
2025-06-26T04:40:00.000000Z,646.71,646.73,646.39,646.45,725.99
2025-06-26T04:45:00.000000Z,646.45,646.58,646.14,646.24,620.17
2025-06-26T04:50:00.000000Z,646.25,646.56,646.15,646.56,373.22
2025-06-26T04:55:00.000000Z,646.56,647.49,646.55,647.49,707.46
2025-06-26T05:00:00.000000Z,647.49,647.49,646.91,647.21,747.53
2025-06-26T05:05:00.000000Z,647.21,647.37,647.08,647.33,697.84
2025-06-26T05:10:00.000000Z,647.31,647.62,647.3,647.42,305.2
2025-06-26T05:15:00.000000Z,647.41,647.41,646.96,647.25,283.99
2025-06-26T05:20:00.000000Z,647.25,647.25,646.81,646.95,242.41
2025-06-26T05:25:00.000000Z,646.96,646.96,646.75,646.81,370.2
2025-06-26T05:30:00.000000Z,646.8,646.83,646.48,646.82,1266.23
2025-06-26T05:35:00.000000Z,646.82,646.95,646.0,646.01,948.33
2025-06-26T05:40:00.000000Z,646.0,646.62,646.0,646.38,843.82
2025-06-26T05:45:00.000000Z,646.38,646.74,646.34,646.69,338.73
2025-06-26T05:50:00.000000Z,646.68,646.8,646.54,646.57,325.13
2025-06-26T05:55:00.000000Z,646.56,646.84,646.5,646.84,612.93
2025-06-26T06:00:00.000000Z,646.83,646.96,646.6,646.95,496.14
2025-06-26T06:05:00.000000Z,646.95,647.24,646.94,647.24,590.89
2025-06-26T06:10:00.000000Z,647.24,647.72,647.23,647.6,612.24
2025-06-26T06:15:00.000000Z,647.59,647.72,647.2,647.27,598.81
2025-06-26T06:20:00.000000Z,647.27,647.37,646.88,647.14,594.46
2025-06-26T06:25:00.000000Z,647.13,647.2,646.56,646.56,390.39
2025-06-26T06:30:00.000000Z,646.56,646.77,646.56,646.67,477.45
2025-06-26T06:35:00.000000Z,646.67,646.87,646.29,646.46,755.49
2025-06-26T06:40:00.000000Z,646.46,646.74,646.1,646.11,777.41
2025-06-26T06:45:00.000000Z,646.12,646.36,646.11,646.26,401.38
2025-06-26T06:50:00.000000Z,646.26,646.34,646.09,646.19,271.5
2025-06-26T06:55:00.000000Z,646.2,646.57,644.96,645.3,8632.41
2025-06-26T07:00:00.000000Z,645.31,645.35,644.38,644.76,7546.56
2025-06-26T07:05:00.000000Z,644.76,645.73,644.6,645.73,1061.4
2025-06-26T07:10:00.000000Z,645.75,645.9,645.59,645.72,1005.23
2025-06-26T07:15:00.000000Z,645.71,646.4,645.71,646.24,1187.86
2025-06-26T07:20:00.000000Z,646.25,646.65,646.14,646.65,751.8
2025-06-26T07:25:00.000000Z,646.64,646.81,646.48,646.49,649.96
2025-06-26T07:30:00.000000Z,646.49,646.81,646.39,646.64,594.56
2025-06-26T07:35:00.000000Z,646.64,646.95,646.5,646.93,803.16
2025-06-26T07:40:00.000000Z,646.93,646.95,646.82,646.93,469.02
2025-06-26T07:45:00.000000Z,646.92,647.18,646.7,646.75,620.79
2025-06-26T07:50:00.000000Z,646.74,647.0,646.7,647.0,463.58
2025-06-26T07:55:00.000000Z,647.0,647.27,646.76,647.27,739.07
2025-06-26T08:00:00.000000Z,647.27,647.62,647.19,647.39,1201.96
2025-06-26T08:05:00.000000Z,647.39,647.83,647.38,647.83,482.07
2025-06-26T08:10:00.000000Z,647.83,647.88,647.27,647.87,1228.71
2025-06-26T08:15:00.000000Z,647.88,648.17,647.59,647.99,1560.14
2025-06-26T08:20:00.000000Z,647.99,648.0,647.49,647.63,498.62
2025-06-26T08:25:00.000000Z,647.64,647.91,647.27,647.27,446.78
2025-06-26T08:30:00.000000Z,647.27,647.99,646.66,647.94,1185.3
2025-06-26T08:35:00.000000Z,647.95,648.31,647.94,648.26,766.82
2025-06-26T08:40:00.000000Z,648.25,648.28,647.79,647.85,896.67
2025-06-26T08:45:00.000000Z,647.86,648.05,647.67,647.96,415.6
2025-06-26T08:50:00.000000Z,647.96,647.98,647.66,647.98,442.57
2025-06-26T08:55:00.000000Z,647.98,648.02,647.8,647.89,443.58
2025-06-26T09:00:00.000000Z,647.9,648.24,647.9,648.08,541.0
2025-06-26T09:05:00.000000Z,648.08,648.2,646.92,647.08,1488.83
2025-06-26T09:10:00.000000Z,647.08,647.26,646.38,646.74,1659.78
2025-06-26T09:15:00.000000Z,646.73,647.64,646.73,647.35,1166.28
2025-06-26T09:20:00.000000Z,647.36,647.37,646.7,647.04,971.73
2025-06-26T09:25:00.000000Z,647.03,647.1,646.41,646.66,805.12
2025-06-26T09:30:00.000000Z,646.66,646.66,646.2,646.46,649.58
2025-06-26T09:35:00.000000Z,646.46,646.65,646.32,646.55,676.77
2025-06-26T09:40:00.000000Z,646.54,646.6,646.26,646.34,650.03
2025-06-26T09:45:00.000000Z,646.33,646.56,645.87,646.27,1136.71
2025-06-26T09:50:00.000000Z,646.26,646.36,646.1,646.25,405.99
2025-06-26T09:55:00.000000Z,646.25,646.36,646.0,646.05,665.74
2025-06-26T10:00:00.000000Z,646.05,646.24,645.7,646.09,1278.89
2025-06-26T10:05:00.000000Z,646.1,646.61,646.1,646.6,1379.82
2025-06-26T10:10:00.000000Z,646.6,646.89,646.5,646.65,846.31
2025-06-26T10:15:00.000000Z,646.65,646.81,646.44,646.62,593.57
2025-06-26T10:20:00.000000Z,646.63,646.66,646.24,646.49,516.79
2025-06-26T10:25:00.000000Z,646.5,646.54,646.32,646.53,457.91
2025-06-26T10:30:00.000000Z,646.54,647.04,646.49,646.87,773.1
2025-06-26T10:35:00.000000Z,646.88,647.04,646.06,646.06,1414.77
2025-06-26T10:40:00.000000Z,646.07,646.19,646.0,646.01,540.71
2025-06-26T10:45:00.000000Z,646.01,646.12,645.71,645.74,874.44
2025-06-26T10:50:00.000000Z,645.74,645.9,645.15,645.25,900.87
2025-06-26T10:55:00.000000Z,645.25,645.8,645.24,645.71,514.12
2025-06-26T11:00:00.000000Z,645.71,646.05,645.5,645.92,643.57
2025-06-26T11:05:00.000000Z,645.93,645.96,645.56,645.91,496.4
2025-06-26T11:10:00.000000Z,645.92,646.11,645.89,646.05,356.98
2025-06-26T11:15:00.000000Z,646.05,646.11,645.38,645.39,625.72
2025-06-26T11:20:00.000000Z,645.39,645.58,645.14,645.34,981.13
2025-06-26T11:25:00.000000Z,645.34,645.5,645.15,645.5,369.7
2025-06-26T11:30:00.000000Z,645.5,645.96,645.49,645.91,504.16
2025-06-26T11:35:00.000000Z,645.92,645.92,645.4,645.65,512.01
2025-06-26T11:40:00.000000Z,645.66,645.69,645.43,645.44,416.3
2025-06-26T11:45:00.000000Z,645.44,645.61,644.77,644.77,1430.68
2025-06-26T11:50:00.000000Z,644.77,645.14,644.57,644.93,863.05
2025-06-26T11:55:00.000000Z,644.93,644.93,644.45,644.5,421.88
2025-06-26T12:00:00.000000Z,644.49,644.6,644.1,644.5,1898.43
2025-06-26T12:05:00.000000Z,644.51,644.93,644.22,644.26,1257.24
2025-06-26T12:10:00.000000Z,644.27,644.27,643.54,644.08,1825.02
2025-06-26T12:15:00.000000Z,644.07,644.35,643.21,643.29,2013.28
2025-06-26T12:20:00.000000Z,643.28,643.38,642.42,642.67,3673.48
2025-06-26T12:25:00.000000Z,642.67,643.77,642.66,643.15,3274.22
2025-06-26T12:30:00.000000Z,643.14,643.72,642.72,643.68,1685.13
2025-06-26T12:35:00.000000Z,643.68,643.92,643.56,643.57,588.47
2025-06-26T12:40:00.000000Z,643.56,644.14,643.54,644.09,1076.36
2025-06-26T12:45:00.000000Z,644.1,644.38,643.91,644.32,658.6
2025-06-26T12:50:00.000000Z,644.32,644.43,642.82,643.05,1809.82
2025-06-26T12:55:00.000000Z,643.02,643.47,642.96,643.28,944.91
2025-06-26T13:00:00.000000Z,643.28,643.74,643.18,643.74,1058.42
2025-06-26T13:05:00.000000Z,643.74,643.86,643.12,643.32,1105.21
2025-06-26T13:10:00.000000Z,643.31,643.48,642.35,642.72,2472.47
2025-06-26T13:15:00.000000Z,642.72,643.23,642.67,642.87,1320.67
2025-06-26T13:20:00.000000Z,642.87,642.93,642.5,642.85,753.57
2025-06-26T13:25:00.000000Z,642.85,643.28,642.59,643.2,751.51
2025-06-26T13:30:00.000000Z,643.21,643.89,642.96,643.37,1396.93
2025-06-26T13:35:00.000000Z,643.37,643.74,642.81,643.59,1044.73
2025-06-26T13:40:00.000000Z,643.6,644.34,643.57,644.33,2110.72
2025-06-26T13:45:00.000000Z,644.34,644.5,643.28,643.29,1028.72
2025-06-26T13:50:00.000000Z,643.29,643.43,642.07,642.54,1737.87
2025-06-26T13:55:00.000000Z,642.53,642.54,640.88,642.06,7595.74
2025-06-26T14:00:00.000000Z,642.06,643.24,641.92,643.12,2380.57
2025-06-26T14:05:00.000000Z,643.12,643.18,641.93,641.93,1164.75
2025-06-26T14:10:00.000000Z,641.94,642.31,640.73,642.24,3417.72
2025-06-26T14:15:00.000000Z,642.25,642.98,641.86,641.86,1247.64
2025-06-26T14:20:00.000000Z,641.85,642.95,641.85,642.7,823.93
2025-06-26T14:25:00.000000Z,642.71,643.88,642.71,643.79,1428.16
2025-06-26T14:30:00.000000Z,643.79,645.27,643.74,644.96,3268.28
2025-06-26T14:35:00.000000Z,644.95,645.23,644.65,644.83,2036.62
2025-06-26T14:40:00.000000Z,644.85,645.38,644.8,645.14,834.28
2025-06-26T14:45:00.000000Z,645.13,645.78,645.13,645.5,1030.62
2025-06-26T14:50:00.000000Z,645.5,645.61,644.72,644.94,1006.58
2025-06-26T14:55:00.000000Z,644.95,644.95,644.35,644.43,895.88
2025-06-26T15:00:00.000000Z,644.43,645.02,644.42,644.63,1352.69
2025-06-26T15:05:00.000000Z,644.63,644.84,644.42,644.71,875.14
2025-06-26T15:10:00.000000Z,644.71,644.96,644.44,644.44,809.73
2025-06-26T15:15:00.000000Z,644.44,645.0,644.43,644.93,440.75
2025-06-26T15:20:00.000000Z,644.94,645.19,644.77,645.17,623.11
2025-06-26T15:25:00.000000Z,645.17,645.2,642.55,642.56,3169.62
2025-06-26T15:30:00.000000Z,642.57,642.89,641.62,642.09,3992.86
2025-06-26T15:35:00.000000Z,642.09,643.48,641.99,643.48,1723.33
2025-06-26T15:40:00.000000Z,643.49,644.35,643.4,643.94,1207.3
2025-06-26T15:45:00.000000Z,643.93,644.7,643.93,644.44,709.23
2025-06-26T15:50:00.000000Z,644.44,644.82,644.23,644.76,726.18
2025-06-26T15:55:00.000000Z,644.76,645.12,644.65,644.84,979.36
2025-06-26T16:00:00.000000Z,644.84,645.29,644.84,645.07,1107.46
2025-06-26T16:05:00.000000Z,645.07,645.07,644.6,644.8,931.38
2025-06-26T16:10:00.000000Z,644.81,644.83,644.13,644.73,933.8
2025-06-26T16:15:00.000000Z,644.74,644.74,644.34,644.47,726.76
2025-06-26T16:20:00.000000Z,644.47,645.38,644.44,645.17,1126.05
2025-06-26T16:25:00.000000Z,645.18,645.36,645.0,645.21,757.83
2025-06-26T16:30:00.000000Z,645.22,646.09,645.0,645.87,3771.34
2025-06-26T16:35:00.000000Z,645.87,645.91,645.31,645.31,904.57
2025-06-26T16:40:00.000000Z,645.3,645.66,645.23,645.3,685.24
2025-06-26T16:45:00.000000Z,645.3,645.99,644.99,645.79,1905.63
2025-06-26T16:50:00.000000Z,645.8,646.15,645.8,645.93,1022.55
2025-06-26T16:55:00.000000Z,645.93,646.34,645.9,646.33,1144.52
2025-06-26T17:00:00.000000Z,646.33,647.49,646.33,647.37,2755.96
2025-06-26T17:05:00.000000Z,647.37,647.46,647.14,647.14,1587.79
2025-06-26T17:10:00.000000Z,647.15,647.3,646.19,646.42,990.09
2025-06-26T17:15:00.000000Z,646.43,646.74,646.25,646.33,513.86
2025-06-26T17:20:00.000000Z,646.32,646.33,645.76,645.83,803.06
2025-06-26T17:25:00.000000Z,645.83,646.45,645.83,646.44,1287.9
2025-06-26T17:30:00.000000Z,646.45,646.86,646.24,646.41,1010.69
2025-06-26T17:35:00.000000Z,646.4,647.39,646.36,646.99,2654.66
2025-06-26T17:40:00.000000Z,646.99,647.16,646.68,646.68,1117.67
2025-06-26T17:45:00.000000Z,646.69,646.85,646.42,646.65,612.25
2025-06-26T17:50:00.000000Z,646.66,646.68,645.67,645.68,1127.38
2025-06-26T17:55:00.000000Z,645.67,645.68,644.94,645.07,1525.66
2025-06-26T18:00:00.000000Z,645.07,645.96,644.77,645.85,751.74
2025-06-26T18:05:00.000000Z,645.84,646.66,645.84,646.19,1133.04
2025-06-26T18:10:00.000000Z,646.19,646.74,646.18,646.54,543.98
2025-06-26T18:15:00.000000Z,646.55,646.78,646.09,646.09,499.07
2025-06-26T18:20:00.000000Z,646.09,646.61,645.67,645.76,960.01
2025-06-26T18:25:00.000000Z,645.76,646.01,645.31,645.4,1003.45
2025-06-26T18:30:00.000000Z,645.39,645.67,644.96,645.29,928.39
2025-06-26T18:35:00.000000Z,645.3,645.38,644.82,644.86,648.92
2025-06-26T18:40:00.000000Z,644.87,645.22,644.82,645.21,692.74
2025-06-26T18:45:00.000000Z,645.21,645.3,644.25,644.52,730.27
2025-06-26T18:50:00.000000Z,644.51,645.38,644.51,645.28,762.11
2025-06-26T18:55:00.000000Z,645.28,645.51,645.06,645.48,731.74
2025-06-26T19:00:00.000000Z,645.48,646.06,645.47,645.67,1393.86
2025-06-26T19:05:00.000000Z,645.66,645.66,644.83,645.08,1151.83
2025-06-26T19:10:00.000000Z,645.07,645.26,644.77,645.15,995.72
2025-06-26T19:15:00.000000Z,645.16,646.11,645.16,646.05,930.47
2025-06-26T19:20:00.000000Z,646.05,646.2,645.55,645.57,570.28
2025-06-26T19:25:00.000000Z,645.58,645.61,645.22,645.22,484.95
2025-06-26T19:30:00.000000Z,645.23,645.6,645.22,645.42,510.69
2025-06-26T19:35:00.000000Z,645.41,645.52,645.12,645.35,667.36
2025-06-26T19:40:00.000000Z,645.34,645.52,645.23,645.41,510.69
2025-06-26T19:45:00.000000Z,645.42,645.44,645.12,645.24,489.59
2025-06-26T19:50:00.000000Z,645.23,645.4,645.01,645.28,345.8
2025-06-26T19:55:00.000000Z,645.27,645.46,645.01,645.05,296.11
2025-06-26T20:00:00.000000Z,645.05,645.05,644.6,644.95,938.13
2025-06-26T20:05:00.000000Z,644.94,645.88,644.94,645.88,1130.82
2025-06-26T20:10:00.000000Z,645.87,645.88,645.34,645.41,585.5
2025-06-26T20:15:00.000000Z,645.41,645.78,645.41,645.49,419.01
2025-06-26T20:20:00.000000Z,645.48,645.64,645.21,645.39,651.57
2025-06-26T20:25:00.000000Z,645.39,645.7,645.38,645.62,233.94
2025-06-26T20:30:00.000000Z,645.62,646.32,645.52,646.07,762.35
2025-06-26T20:35:00.000000Z,646.08,646.43,646.0,646.04,985.85
2025-06-26T20:40:00.000000Z,646.05,646.38,645.85,646.16,1377.21
2025-06-26T20:45:00.000000Z,646.16,646.16,645.13,645.13,922.86
2025-06-26T20:50:00.000000Z,645.13,645.25,644.76,644.95,907.56
2025-06-26T20:55:00.000000Z,644.95,645.02,644.67,644.78,510.1
2025-06-26T21:00:00.000000Z,644.79,645.08,644.67,645.02,540.75
2025-06-26T21:05:00.000000Z,645.02,645.08,644.75,644.78,708.09
2025-06-26T21:10:00.000000Z,644.78,645.05,644.29,644.74,1592.18
2025-06-26T21:15:00.000000Z,644.74,644.84,643.89,644.82,1785.29
2025-06-26T21:20:00.000000Z,644.81,644.82,643.42,643.92,1146.62
2025-06-26T21:25:00.000000Z,643.91,644.46,643.72,644.31,478.08
2025-06-26T21:30:00.000000Z,644.31,644.61,642.54,643.31,1371.29
2025-06-26T21:35:00.000000Z,643.32,643.8,642.42,643.76,2249.94
2025-06-26T21:40:00.000000Z,643.76,643.95,643.24,643.58,797.25
2025-06-26T21:45:00.000000Z,643.58,643.8,643.42,643.78,388.03
2025-06-26T21:50:00.000000Z,643.78,644.08,643.4,644.06,591.87
2025-06-26T21:55:00.000000Z,644.06,644.8,643.85,644.6,591.62
2025-06-26T22:00:00.000000Z,644.6,645.18,644.26,644.39,1134.77
2025-06-26T22:05:00.000000Z,644.39,644.5,643.84,644.1,672.99
2025-06-26T22:10:00.000000Z,644.09,644.2,643.68,643.78,318.37
2025-06-26T22:15:00.000000Z,643.79,644.02,643.26,643.27,306.37
2025-06-26T22:20:00.000000Z,643.27,643.46,642.81,643.33,719.15
2025-06-26T22:25:00.000000Z,643.34,643.77,643.13,643.13,437.02
2025-06-26T22:30:00.000000Z,643.13,643.44,642.46,642.72,590.73
2025-06-26T22:35:00.000000Z,642.71,642.72,642.34,642.39,608.89
2025-06-26T22:40:00.000000Z,642.4,642.68,642.26,642.28,482.97
2025-06-26T22:45:00.000000Z,642.28,642.69,642.07,642.43,534.92
2025-06-26T22:50:00.000000Z,642.43,642.86,642.17,642.17,431.11
2025-06-26T22:55:00.000000Z,642.18,642.58,642.17,642.5,339.6
2025-06-26T23:00:00.000000Z,642.5,642.69,641.93,641.94,1171.7
2025-06-26T23:05:00.000000Z,641.94,641.94,641.06,641.15,2008.59
2025-06-26T23:10:00.000000Z,641.16,641.62,641.15,641.3,1597.37
2025-06-26T23:15:00.000000Z,641.3,641.66,641.3,641.41,636.8
2025-06-26T23:20:00.000000Z,641.4,642.0,641.3,642.0,420.99
2025-06-26T23:25:00.000000Z,641.99,642.0,641.62,641.73,623.02
2025-06-26T23:30:00.000000Z,641.74,641.74,641.36,641.62,517.86
2025-06-26T23:35:00.000000Z,641.62,642.04,641.61,641.78,408.66
2025-06-26T23:40:00.000000Z,641.78,642.0,641.77,641.95,228.35
2025-06-26T23:45:00.000000Z,641.95,642.1,641.76,641.9,434.41
2025-06-26T23:50:00.000000Z,641.91,642.15,641.79,642.14,347.72
2025-06-26T23:55:00.000000Z,642.15,642.16,641.98,642.05,389.84
2025-06-27T00:00:00.000000Z,642.05,642.06,641.79,642.04,865.04
2025-06-27T00:05:00.000000Z,642.03,642.31,641.93,642.3,2234.64
2025-06-27T00:10:00.000000Z,642.3,642.35,641.94,641.95,759.67
2025-06-27T00:15:00.000000Z,641.94,643.05,641.94,642.54,2014.6
2025-06-27T00:20:00.000000Z,642.54,642.87,642.42,642.73,532.36
2025-06-27T00:25:00.000000Z,642.74,642.74,642.28,642.54,548.3
2025-06-27T00:30:00.000000Z,642.54,642.64,642.21,642.38,528.97
2025-06-27T00:35:00.000000Z,642.38,642.6,642.34,642.6,231.05
2025-06-27T00:40:00.000000Z,642.59,642.63,640.88,641.03,2223.34
2025-06-27T00:45:00.000000Z,641.02,641.29,640.82,640.9,1221.05
2025-06-27T00:50:00.000000Z,640.9,640.91,640.14,640.43,1489.38
2025-06-27T00:55:00.000000Z,640.44,640.5,640.24,640.25,593.53
2025-06-27T01:00:00.000000Z,640.24,640.44,639.74,639.98,5358.57
2025-06-27T01:05:00.000000Z,639.98,640.28,638.58,639.31,3238.33
2025-06-27T01:10:00.000000Z,639.33,642.85,639.32,642.65,3857.37
2025-06-27T01:15:00.000000Z,642.65,642.98,641.81,641.91,1656.11
2025-06-27T01:20:00.000000Z,641.91,642.9,641.88,642.89,663.5
2025-06-27T01:25:00.000000Z,642.89,643.22,642.8,643.04,918.67
2025-06-27T01:30:00.000000Z,643.04,643.26,642.8,643.26,436.4
2025-06-27T01:35:00.000000Z,643.25,643.76,643.06,643.53,709.61
2025-06-27T01:40:00.000000Z,643.53,643.9,643.52,643.76,500.4
2025-06-27T01:45:00.000000Z,643.77,644.0,643.42,643.7,539.23
2025-06-27T01:50:00.000000Z,643.7,644.2,643.48,643.77,1076.75
2025-06-27T01:55:00.000000Z,643.77,643.92,643.44,643.75,716.79
2025-06-27T02:00:00.000000Z,643.75,644.1,643.56,644.1,479.28
2025-06-27T02:05:00.000000Z,644.09,644.64,644.06,644.63,1048.82
2025-06-27T02:10:00.000000Z,644.64,644.64,644.5,644.62,676.67
2025-06-27T02:15:00.000000Z,644.62,644.9,644.6,644.61,623.35
2025-06-27T02:20:00.000000Z,644.6,644.62,644.26,644.45,481.91
2025-06-27T02:25:00.000000Z,644.44,644.74,644.28,644.54,480.69
2025-06-27T02:30:00.000000Z,644.54,644.66,644.27,644.62,495.0
2025-06-27T02:35:00.000000Z,644.61,644.98,644.5,644.98,780.73
2025-06-27T02:40:00.000000Z,644.97,645.08,644.86,644.87,655.28
2025-06-27T02:45:00.000000Z,644.87,645.08,644.64,644.65,1195.7
2025-06-27T02:50:00.000000Z,644.65,644.84,644.52,644.76,380.78
2025-06-27T02:55:00.000000Z,644.77,644.87,644.6,644.75,468.85
2025-06-27T03:00:00.000000Z,644.75,644.92,644.58,644.75,874.57
2025-06-27T03:05:00.000000Z,644.76,644.83,644.52,644.52,624.49
2025-06-27T03:10:00.000000Z,644.53,644.53,644.04,644.04,1117.0
2025-06-27T03:15:00.000000Z,644.04,644.85,644.03,644.85,468.48
2025-06-27T03:20:00.000000Z,644.85,645.29,644.84,645.29,701.09
2025-06-27T03:25:00.000000Z,645.29,645.29,645.06,645.16,876.68
2025-06-27T03:30:00.000000Z,645.16,645.23,645.15,645.21,375.27
2025-06-27T03:35:00.000000Z,645.21,645.22,645.06,645.19,401.37
2025-06-27T03:40:00.000000Z,645.2,645.42,645.06,645.07,721.59
2025-06-27T03:45:00.000000Z,645.06,645.07,644.81,644.9,329.37
2025-06-27T03:50:00.000000Z,644.9,645.16,644.85,645.01,254.58
2025-06-27T03:55:00.000000Z,645.0,645.9,645.0,645.76,4084.02
2025-06-27T04:00:00.000000Z,645.75,645.81,645.41,645.64,727.86
2025-06-27T04:05:00.000000Z,645.65,645.7,645.58,645.7,593.12
2025-06-27T04:10:00.000000Z,645.69,645.72,645.3,645.53,654.73
2025-06-27T04:15:00.000000Z,645.53,645.53,645.16,645.16,281.3
2025-06-27T04:20:00.000000Z,645.17,645.58,645.14,645.57,537.84
2025-06-27T04:25:00.000000Z,645.57,646.09,645.57,645.76,2589.86
2025-06-27T04:30:00.000000Z,645.75,645.78,645.6,645.66,398.97
2025-06-27T04:35:00.000000Z,645.67,645.93,645.66,645.71,743.95
2025-06-27T04:40:00.000000Z,645.71,645.84,645.64,645.64,331.66
2025-06-27T04:45:00.000000Z,645.64,645.84,645.64,645.82,340.97
2025-06-27T04:50:00.000000Z,645.82,645.98,645.81,645.87,250.8
2025-06-27T04:55:00.000000Z,645.86,645.87,645.54,645.64,573.11
2025-06-27T05:00:00.000000Z,645.63,645.7,645.63,645.69,362.49
2025-06-27T05:05:00.000000Z,645.7,645.83,645.57,645.59,469.91
2025-06-27T05:10:00.000000Z,645.59,646.45,645.59,646.03,1151.79
2025-06-27T05:15:00.000000Z,646.03,646.03,645.1,645.12,890.0
2025-06-27T05:20:00.000000Z,645.1,645.3,645.0,645.3,405.95
2025-06-27T05:25:00.000000Z,645.29,645.29,644.9,644.91,391.15
2025-06-27T05:30:00.000000Z,644.9,645.0,644.4,644.48,515.14
2025-06-27T05:35:00.000000Z,644.48,644.7,644.4,644.48,684.68
2025-06-27T05:40:00.000000Z,644.48,644.66,644.42,644.43,395.17
2025-06-27T05:45:00.000000Z,644.42,644.84,644.42,644.52,285.69
2025-06-27T05:50:00.000000Z,644.52,644.71,644.52,644.69,291.55
2025-06-27T05:55:00.000000Z,644.69,644.79,644.38,644.44,244.21
2025-06-27T06:00:00.000000Z,644.43,644.5,644.18,644.34,567.32
2025-06-27T06:05:00.000000Z,644.34,644.57,644.12,644.14,687.82
2025-06-27T06:10:00.000000Z,644.13,644.9,644.04,644.9,416.35
2025-06-27T06:15:00.000000Z,644.9,645.47,644.73,645.32,518.7
2025-06-27T06:20:00.000000Z,645.32,645.33,644.98,645.16,744.92
2025-06-27T06:25:00.000000Z,645.14,645.14,644.44,644.79,711.32
2025-06-27T06:30:00.000000Z,644.78,645.58,644.52,645.58,803.33
2025-06-27T06:35:00.000000Z,645.58,645.62,645.28,645.34,424.91
2025-06-27T06:40:00.000000Z,645.35,645.9,645.34,645.86,513.99
2025-06-27T06:45:00.000000Z,645.86,645.94,645.57,645.93,665.88
2025-06-27T06:50:00.000000Z,645.94,646.2,645.72,646.2,496.38
2025-06-27T06:55:00.000000Z,646.19,646.38,646.08,646.28,740.36
2025-06-27T07:00:00.000000Z,646.29,646.44,646.08,646.08,753.97
2025-06-27T07:05:00.000000Z,646.08,646.09,645.84,646.05,669.15
2025-06-27T07:10:00.000000Z,646.05,646.23,646.05,646.21,438.1
2025-06-27T07:15:00.000000Z,646.2,646.37,646.09,646.37,513.57
2025-06-27T07:20:00.000000Z,646.37,646.67,645.7,645.7,1101.79
2025-06-27T07:25:00.000000Z,645.7,645.7,645.16,645.19,943.21
2025-06-27T07:30:00.000000Z,645.18,645.31,645.16,645.25,674.15
2025-06-27T07:35:00.000000Z,645.25,645.26,644.4,644.41,1108.5
2025-06-27T07:40:00.000000Z,644.4,644.41,643.52,643.53,2078.18
2025-06-27T07:45:00.000000Z,643.52,643.86,643.5,643.5,875.47
2025-06-27T07:50:00.000000Z,643.51,643.78,642.45,643.03,4838.05
2025-06-27T07:55:00.000000Z,643.04,643.52,643.03,643.44,842.27
2025-06-27T08:00:00.000000Z,643.43,644.34,643.24,644.02,1476.79
2025-06-27T08:05:00.000000Z,644.03,644.19,643.64,643.91,873.03
2025-06-27T08:10:00.000000Z,643.9,644.55,643.9,644.55,849.87
2025-06-27T08:15:00.000000Z,644.54,644.6,644.2,644.44,552.1
2025-06-27T08:20:00.000000Z,644.44,644.54,643.67,643.83,741.49
2025-06-27T08:25:00.000000Z,643.82,644.06,643.4,643.4,449.31
2025-06-27T08:30:00.000000Z,643.4,643.9,643.38,643.62,724.4
2025-06-27T08:35:00.000000Z,643.62,644.6,643.61,644.53,668.02
2025-06-27T08:40:00.000000Z,644.54,644.6,644.32,644.4,400.86
2025-06-27T08:45:00.000000Z,644.4,645.34,644.4,644.83,1351.17
2025-06-27T08:50:00.000000Z,644.83,645.16,644.35,644.36,692.15
2025-06-27T08:55:00.000000Z,644.36,644.74,643.88,644.68,1001.37
2025-06-27T09:00:00.000000Z,644.69,644.72,643.9,643.9,832.15
2025-06-27T09:05:00.000000Z,643.9,643.92,643.06,643.4,2149.01
2025-06-27T09:10:00.000000Z,643.4,643.4,643.0,643.26,616.95
2025-06-27T09:15:00.000000Z,643.26,644.05,643.26,643.84,878.88
2025-06-27T09:20:00.000000Z,643.85,643.85,643.34,643.48,522.92
2025-06-27T09:25:00.000000Z,643.49,643.72,643.14,643.31,596.14
2025-06-27T09:30:00.000000Z,643.32,644.66,643.32,644.61,1389.89
2025-06-27T09:35:00.000000Z,644.6,644.61,644.01,644.22,618.95
2025-06-27T09:40:00.000000Z,644.22,644.54,644.07,644.44,597.51
2025-06-27T09:45:00.000000Z,644.43,644.46,644.17,644.45,280.7
2025-06-27T09:50:00.000000Z,644.45,644.66,644.22,644.43,459.85
2025-06-27T09:55:00.000000Z,644.42,644.84,644.42,644.65,441.5
2025-06-27T10:00:00.000000Z,644.65,644.66,644.4,644.54,663.31
2025-06-27T10:05:00.000000Z,644.54,644.62,644.31,644.61,736.78
2025-06-27T10:10:00.000000Z,644.62,644.62,643.78,643.87,831.72
2025-06-27T10:15:00.000000Z,643.87,644.31,643.82,643.82,521.45
2025-06-27T10:20:00.000000Z,643.82,644.16,643.77,643.93,403.14
2025-06-27T10:25:00.000000Z,643.94,644.34,643.75,644.3,365.81
2025-06-27T10:30:00.000000Z,644.3,644.61,644.22,644.34,625.94
2025-06-27T10:35:00.000000Z,644.35,644.8,644.35,644.79,685.97
2025-06-27T10:40:00.000000Z,644.8,644.9,644.56,644.64,277.52
2025-06-27T10:45:00.000000Z,644.65,644.74,644.49,644.67,334.28
2025-06-27T10:50:00.000000Z,644.67,644.8,644.43,644.72,434.76
2025-06-27T10:55:00.000000Z,644.72,644.72,644.46,644.67,201.18
2025-06-27T11:00:00.000000Z,644.67,644.8,644.53,644.79,410.86
2025-06-27T11:05:00.000000Z,644.8,645.12,644.62,645.12,917.24
2025-06-27T11:10:00.000000Z,645.12,645.15,644.98,645.14,416.61
2025-06-27T11:15:00.000000Z,645.14,645.5,645.13,645.2,1018.97
2025-06-27T11:20:00.000000Z,645.2,645.28,644.45,644.65,931.27
2025-06-27T11:25:00.000000Z,644.64,644.82,644.35,644.36,310.33
2025-06-27T11:30:00.000000Z,644.36,644.82,644.36,644.72,813.93
2025-06-27T11:35:00.000000Z,644.71,644.79,644.32,644.33,352.05
2025-06-27T11:40:00.000000Z,644.33,644.64,644.32,644.63,307.98
2025-06-27T11:45:00.000000Z,644.63,645.0,644.34,644.99,471.71
2025-06-27T11:50:00.000000Z,645.0,645.16,644.76,645.16,287.03
2025-06-27T11:55:00.000000Z,645.15,645.34,645.15,645.33,272.52
2025-06-27T12:00:00.000000Z,645.32,645.56,645.32,645.39,988.86
2025-06-27T12:05:00.000000Z,645.39,645.94,645.39,645.86,1195.98
2025-06-27T12:10:00.000000Z,645.86,646.08,645.74,645.88,1052.44
2025-06-27T12:15:00.000000Z,645.88,646.67,645.8,646.61,3006.59
2025-06-27T12:20:00.000000Z,646.61,647.88,646.61,646.95,11601.89
2025-06-27T12:25:00.000000Z,646.95,647.03,646.55,646.56,1542.17
2025-06-27T12:30:00.000000Z,646.55,646.6,643.36,645.26,7946.67
2025-06-27T12:35:00.000000Z,645.27,645.5,644.93,644.93,866.54
2025-06-27T12:40:00.000000Z,644.93,645.14,644.5,644.61,797.38
2025-06-27T12:45:00.000000Z,644.61,645.04,644.42,644.59,605.0
2025-06-27T12:50:00.000000Z,644.59,644.85,644.07,644.31,741.17
2025-06-27T12:55:00.000000Z,644.31,644.31,643.62,644.07,1477.31
2025-06-27T13:00:00.000000Z,644.07,644.66,643.7,644.66,1097.81
2025-06-27T13:05:00.000000Z,644.66,645.51,644.55,645.5,1278.06
2025-06-27T13:10:00.000000Z,645.51,645.82,645.5,645.52,975.64
2025-06-27T13:15:00.000000Z,645.53,645.55,645.22,645.41,680.19
2025-06-27T13:20:00.000000Z,645.41,645.54,644.77,645.18,690.97
2025-06-27T13:25:00.000000Z,645.17,645.2,644.57,644.69,484.33
2025-06-27T13:30:00.000000Z,644.69,645.41,644.61,645.2,1003.94
2025-06-27T13:35:00.000000Z,645.19,645.57,644.95,645.21,812.47
2025-06-27T13:40:00.000000Z,645.2,645.5,644.86,645.21,776.52
2025-06-27T13:45:00.000000Z,645.21,645.21,644.01,644.2,1309.47
2025-06-27T13:50:00.000000Z,644.21,644.57,643.54,644.57,1037.64
2025-06-27T13:55:00.000000Z,644.58,645.58,644.56,645.34,1074.26
2025-06-27T14:00:00.000000Z,645.35,646.34,645.35,646.33,1962.57
2025-06-27T14:05:00.000000Z,646.34,646.8,646.22,646.22,3154.77
2025-06-27T14:10:00.000000Z,646.22,646.47,645.54,645.55,1032.78
2025-06-27T14:15:00.000000Z,645.55,645.76,645.08,645.22,1359.67
2025-06-27T14:20:00.000000Z,645.22,645.58,644.75,644.75,723.69
2025-06-27T14:25:00.000000Z,644.74,645.27,644.43,644.73,1019.25
2025-06-27T14:30:00.000000Z,644.72,644.8,644.25,644.32,1259.25
2025-06-27T14:35:00.000000Z,644.31,645.47,644.1,645.2,1064.48
2025-06-27T14:40:00.000000Z,645.2,645.51,644.98,645.4,785.52
2025-06-27T14:45:00.000000Z,645.4,645.84,645.4,645.76,529.17
2025-06-27T14:50:00.000000Z,645.76,645.84,644.69,645.29,1241.49
2025-06-27T14:55:00.000000Z,645.29,645.29,644.86,645.17,443.53
2025-06-27T15:00:00.000000Z,645.17,645.17,644.83,644.86,626.81
2025-06-27T15:05:00.000000Z,644.86,645.46,644.65,645.03,597.05
2025-06-27T15:10:00.000000Z,645.04,645.28,644.82,645.07,489.37
2025-06-27T15:15:00.000000Z,645.08,645.24,644.55,645.21,742.02
2025-06-27T15:20:00.000000Z,645.2,645.42,644.86,644.99,608.1
2025-06-27T15:25:00.000000Z,645.0,645.44,644.94,645.44,423.89
2025-06-27T15:30:00.000000Z,645.44,645.67,645.26,645.48,586.52
2025-06-27T15:35:00.000000Z,645.48,646.23,645.26,646.23,973.08
2025-06-27T15:40:00.000000Z,646.22,646.98,646.22,646.83,2137.26
2025-06-27T15:45:00.000000Z,646.83,646.88,646.36,646.87,737.15
2025-06-27T15:50:00.000000Z,646.87,647.18,646.57,647.16,1669.37
2025-06-27T15:55:00.000000Z,647.15,647.15,646.53,646.56,1059.55
2025-06-27T16:00:00.000000Z,646.56,646.71,646.19,646.43,847.27
2025-06-27T16:05:00.000000Z,646.43,646.7,646.37,646.46,1131.0
2025-06-27T16:10:00.000000Z,646.45,646.46,645.88,645.95,992.41
2025-06-27T16:15:00.000000Z,645.96,646.42,645.9,646.35,661.7
2025-06-27T16:20:00.000000Z,646.34,646.35,645.87,645.97,608.55
2025-06-27T16:25:00.000000Z,645.97,646.42,645.97,646.37,398.62
2025-06-27T16:30:00.000000Z,646.38,648.45,646.38,647.53,3906.08
2025-06-27T16:35:00.000000Z,647.53,647.66,646.63,646.78,1834.31
2025-06-27T16:40:00.000000Z,646.79,646.79,646.21,646.21,531.2
2025-06-27T16:45:00.000000Z,646.22,646.32,645.91,646.32,914.36
2025-06-27T16:50:00.000000Z,646.31,646.31,645.97,645.99,575.84
2025-06-27T16:55:00.000000Z,645.99,646.06,645.78,645.8,565.76
2025-06-27T17:00:00.000000Z,645.81,645.94,645.16,645.16,769.51
2025-06-27T17:05:00.000000Z,645.16,645.21,644.82,645.21,1227.47
2025-06-27T17:10:00.000000Z,645.21,645.44,644.9,645.0,533.04
2025-06-27T17:15:00.000000Z,645.01,645.36,644.94,645.11,520.73
2025-06-27T17:20:00.000000Z,645.1,645.28,644.86,644.86,325.37
2025-06-27T17:25:00.000000Z,644.85,644.86,644.11,644.15,1128.55
2025-06-27T17:30:00.000000Z,644.15,644.69,643.86,644.68,2597.57
2025-06-27T17:35:00.000000Z,644.68,644.69,643.77,643.93,856.68
2025-06-27T17:40:00.000000Z,643.93,644.0,643.51,643.51,1073.35
2025-06-27T17:45:00.000000Z,643.51,643.51,642.85,643.02,3066.64
2025-06-27T17:50:00.000000Z,643.03,643.95,642.89,643.9,1595.94
2025-06-27T17:55:00.000000Z,643.91,644.03,643.0,643.92,1916.34
2025-06-27T18:00:00.000000Z,643.93,644.13,643.54,643.63,1067.82
2025-06-27T18:05:00.000000Z,643.63,643.97,643.5,643.91,499.33
2025-06-27T18:10:00.000000Z,643.92,644.1,643.6,643.6,392.22
2025-06-27T18:15:00.000000Z,643.61,644.02,642.91,642.93,1426.99
2025-06-27T18:20:00.000000Z,642.94,643.68,642.78,643.6,885.47
2025-06-27T18:25:00.000000Z,643.6,643.67,642.87,643.05,583.96
2025-06-27T18:30:00.000000Z,643.04,643.41,642.7,643.2,963.7
2025-06-27T18:35:00.000000Z,643.19,643.37,642.26,642.29,1914.81
2025-06-27T18:40:00.000000Z,642.28,642.75,642.23,642.5,1349.74
2025-06-27T18:45:00.000000Z,642.49,643.04,642.46,642.46,750.52
2025-06-27T18:50:00.000000Z,642.47,643.02,642.18,642.59,583.01
2025-06-27T18:55:00.000000Z,642.59,642.68,642.34,642.68,721.28
2025-06-27T19:00:00.000000Z,642.67,642.79,642.14,642.78,1569.97
2025-06-27T19:05:00.000000Z,642.78,643.88,642.78,643.7,1093.75
2025-06-27T19:10:00.000000Z,643.7,644.0,643.32,643.88,804.75
2025-06-27T19:15:00.000000Z,643.89,643.89,643.38,643.87,430.51
2025-06-27T19:20:00.000000Z,643.88,644.3,643.87,644.13,537.3
2025-06-27T19:25:00.000000Z,644.14,644.33,643.86,644.1,567.09
2025-06-27T19:30:00.000000Z,644.09,644.1,643.83,643.92,400.34
2025-06-27T19:35:00.000000Z,643.93,644.4,643.92,644.4,533.06
2025-06-27T19:40:00.000000Z,644.4,644.61,644.22,644.48,928.67
2025-06-27T19:45:00.000000Z,644.47,644.93,644.47,644.63,580.59
2025-06-27T19:50:00.000000Z,644.62,645.04,644.62,645.03,592.92
2025-06-27T19:55:00.000000Z,645.02,645.45,644.9,645.07,853.97
2025-06-27T20:00:00.000000Z,645.07,645.38,644.78,645.18,697.4
2025-06-27T20:05:00.000000Z,645.18,645.81,645.18,645.7,957.13
2025-06-27T20:10:00.000000Z,645.71,645.87,645.54,645.54,778.89
2025-06-27T20:15:00.000000Z,645.55,645.84,645.54,645.79,445.49
2025-06-27T20:20:00.000000Z,645.79,645.87,645.63,645.75,358.91
2025-06-27T20:25:00.000000Z,645.74,645.85,645.64,645.72,586.65
2025-06-27T20:30:00.000000Z,645.72,646.2,645.7,646.02,851.41
2025-06-27T20:35:00.000000Z,646.02,646.08,645.78,646.08,271.6
2025-06-27T20:40:00.000000Z,646.08,646.08,645.74,645.79,570.01
2025-06-27T20:45:00.000000Z,645.8,646.02,645.8,645.89,443.83
2025-06-27T20:50:00.000000Z,645.89,645.99,645.62,645.63,406.26
2025-06-27T20:55:00.000000Z,645.63,646.14,645.44,646.14,939.19
2025-06-27T21:00:00.000000Z,646.14,646.88,646.12,646.12,2028.81
2025-06-27T21:05:00.000000Z,646.13,646.41,646.0,646.28,683.74
2025-06-27T21:10:00.000000Z,646.28,646.56,646.17,646.42,765.42
2025-06-27T21:15:00.000000Z,646.42,646.64,646.28,646.28,911.44
2025-06-27T21:20:00.000000Z,646.29,646.53,646.21,646.24,486.63
2025-06-27T21:25:00.000000Z,646.24,646.88,645.91,646.86,1033.09
2025-06-27T21:30:00.000000Z,646.86,646.86,646.11,646.44,636.71
2025-06-27T21:35:00.000000Z,646.43,646.56,645.78,646.02,737.05
2025-06-27T21:40:00.000000Z,646.03,646.24,646.02,646.24,295.32
2025-06-27T21:45:00.000000Z,646.24,646.33,646.15,646.32,161.75
2025-06-27T21:50:00.000000Z,646.33,646.67,646.33,646.67,111.43
2025-06-27T21:55:00.000000Z,646.67,646.67,646.22,646.23,458.07
2025-06-27T22:00:00.000000Z,646.22,646.64,646.08,646.21,686.24
2025-06-27T22:05:00.000000Z,646.21,646.4,646.19,646.4,466.88
2025-06-27T22:10:00.000000Z,646.39,646.64,646.31,646.4,869.82
2025-06-27T22:15:00.000000Z,646.4,646.65,646.34,646.42,302.44
2025-06-27T22:20:00.000000Z,646.43,646.43,646.26,646.36,254.68
2025-06-27T22:25:00.000000Z,646.37,646.37,646.31,646.31,93.46
2025-06-27T22:30:00.000000Z,646.31,646.32,645.78,646.05,618.69
2025-06-27T22:35:00.000000Z,646.05,646.41,645.96,646.34,394.78
2025-06-27T22:40:00.000000Z,646.33,646.4,646.28,646.28,172.04
2025-06-27T22:45:00.000000Z,646.29,646.43,646.28,646.43,179.45
2025-06-27T22:50:00.000000Z,646.43,646.56,646.42,646.56,133.92
2025-06-27T22:55:00.000000Z,646.55,646.56,646.16,646.16,378.28
2025-06-27T23:00:00.000000Z,646.17,646.17,645.46,645.91,638.8
2025-06-27T23:05:00.000000Z,645.9,645.94,645.67,645.82,350.75
2025-06-27T23:10:00.000000Z,645.82,646.0,645.82,646.0,145.7
2025-06-27T23:15:00.000000Z,646.0,646.0,645.74,646.0,450.2
2025-06-27T23:20:00.000000Z,645.99,646.06,645.38,645.42,537.96
2025-06-27T23:25:00.000000Z,645.48,645.56,645.14,645.19,410.78
2025-06-27T23:30:00.000000Z,645.18,645.48,645.08,645.31,336.42
2025-06-27T23:35:00.000000Z,645.3,645.42,645.26,645.42,220.38
2025-06-27T23:40:00.000000Z,645.42,645.42,645.34,645.34,87.64
2025-06-27T23:45:00.000000Z,645.35,645.96,645.34,645.79,535.47
2025-06-27T23:50:00.000000Z,645.78,645.8,645.66,645.77,124.71
2025-06-27T23:55:00.000000Z,645.77,645.89,645.5,645.56,411.93
2025-06-28T00:00:00.000000Z,645.57,645.57,645.01,645.01,552.88
2025-06-28T00:05:00.000000Z,645.01,645.08,644.89,644.95,755.91
2025-06-28T00:10:00.000000Z,644.95,645.21,644.95,645.06,415.32
2025-06-28T00:15:00.000000Z,645.05,645.44,644.94,645.03,1040.22
2025-06-28T00:20:00.000000Z,645.02,645.59,645.02,645.59,476.57
2025-06-28T00:25:00.000000Z,645.59,645.59,645.39,645.53,162.52
2025-06-28T00:30:00.000000Z,645.53,645.66,645.34,645.46,306.26
2025-06-28T00:35:00.000000Z,645.47,645.5,645.36,645.38,217.63
2025-06-28T00:40:00.000000Z,645.38,645.62,645.36,645.43,224.78
2025-06-28T00:45:00.000000Z,645.43,645.84,645.42,645.74,791.44
2025-06-28T00:50:00.000000Z,645.73,645.74,645.42,645.42,209.12
2025-06-28T00:55:00.000000Z,645.42,645.43,645.0,645.01,273.27
2025-06-28T01:00:00.000000Z,645.01,645.07,644.82,644.82,422.83
2025-06-28T01:05:00.000000Z,644.83,645.15,644.82,645.02,391.5
2025-06-28T01:10:00.000000Z,645.03,645.03,644.38,644.38,498.77
2025-06-28T01:15:00.000000Z,644.38,644.38,644.0,644.28,669.15
2025-06-28T01:20:00.000000Z,644.28,644.59,644.28,644.5,806.53
2025-06-28T01:25:00.000000Z,644.49,644.5,644.26,644.37,660.94
2025-06-28T01:30:00.000000Z,644.36,644.52,644.36,644.48,202.6
2025-06-28T01:35:00.000000Z,644.48,644.6,644.22,644.6,242.04
2025-06-28T01:40:00.000000Z,644.6,645.25,644.59,645.24,222.08
2025-06-28T01:45:00.000000Z,645.25,645.38,645.0,645.25,280.01
2025-06-28T01:50:00.000000Z,645.26,645.49,645.25,645.49,211.83
2025-06-28T01:55:00.000000Z,645.49,645.8,645.48,645.65,532.77
2025-06-28T02:00:00.000000Z,645.65,645.82,645.25,645.26,564.52
2025-06-28T02:05:00.000000Z,645.25,645.34,644.86,645.22,493.48
2025-06-28T02:10:00.000000Z,645.23,645.3,644.96,644.97,249.54
2025-06-28T02:15:00.000000Z,644.96,645.24,644.92,645.11,274.19
2025-06-28T02:20:00.000000Z,645.1,645.28,645.1,645.18,219.04
2025-06-28T02:25:00.000000Z,645.18,645.32,645.18,645.28,126.03
2025-06-28T02:30:00.000000Z,645.28,645.4,645.28,645.39,197.34
2025-06-28T02:35:00.000000Z,645.4,645.4,645.16,645.16,129.66
2025-06-28T02:40:00.000000Z,645.16,645.21,645.12,645.2,211.79
2025-06-28T02:45:00.000000Z,645.2,645.2,644.74,645.02,663.44
2025-06-28T02:50:00.000000Z,645.02,645.02,644.88,644.88,152.96
2025-06-28T02:55:00.000000Z,644.89,645.15,644.87,644.88,276.98
2025-06-28T03:00:00.000000Z,644.87,645.06,644.87,644.89,212.0
2025-06-28T03:05:00.000000Z,644.88,644.89,644.52,644.52,224.52
2025-06-28T03:10:00.000000Z,644.51,644.62,644.44,644.62,517.62
2025-06-28T03:15:00.000000Z,644.61,644.81,644.58,644.8,280.46
2025-06-28T03:20:00.000000Z,644.8,644.87,644.69,644.71,200.85
2025-06-28T03:25:00.000000Z,644.7,644.71,644.5,644.5,240.86
2025-06-28T03:30:00.000000Z,644.5,644.68,644.1,644.2,956.91
2025-06-28T03:35:00.000000Z,644.2,644.21,644.04,644.11,288.57
2025-06-28T03:40:00.000000Z,644.11,644.23,644.11,644.23,160.59
2025-06-28T03:45:00.000000Z,644.22,644.23,644.11,644.12,258.54
2025-06-28T03:50:00.000000Z,644.11,644.11,644.03,644.03,200.5
2025-06-28T03:55:00.000000Z,644.03,644.5,644.03,644.18,530.52
2025-06-28T04:00:00.000000Z,644.18,644.38,644.06,644.38,440.25
2025-06-28T04:05:00.000000Z,644.37,644.38,644.2,644.21,429.04
2025-06-28T04:10:00.000000Z,644.21,644.21,644.06,644.07,274.22
2025-06-28T04:15:00.000000Z,644.06,644.21,644.06,644.21,354.96
2025-06-28T04:20:00.000000Z,644.2,644.38,644.08,644.13,302.2
2025-06-28T04:25:00.000000Z,644.12,644.63,644.12,644.52,341.2
2025-06-28T04:30:00.000000Z,644.52,644.52,644.22,644.38,230.25
2025-06-28T04:35:00.000000Z,644.39,644.42,644.38,644.42,193.73
2025-06-28T04:40:00.000000Z,644.42,644.54,644.41,644.5,172.6
2025-06-28T04:45:00.000000Z,644.5,644.58,644.42,644.43,242.14
2025-06-28T04:50:00.000000Z,644.43,644.73,644.42,644.72,186.65
2025-06-28T04:55:00.000000Z,644.72,644.97,644.72,644.79,500.15
2025-06-28T05:00:00.000000Z,644.79,644.9,644.35,644.75,1367.29
2025-06-28T05:05:00.000000Z,644.75,644.8,644.56,644.8,321.17
2025-06-28T05:10:00.000000Z,644.8,645.0,644.79,644.99,342.78
2025-06-28T05:15:00.000000Z,645.0,645.02,644.57,644.68,420.78
2025-06-28T05:20:00.000000Z,644.68,644.86,644.62,644.62,197.6
2025-06-28T05:25:00.000000Z,644.63,644.73,644.54,644.55,231.95
2025-06-28T05:30:00.000000Z,644.55,644.62,644.43,644.44,315.9
2025-06-28T05:35:00.000000Z,644.44,644.53,644.35,644.35,183.58
2025-06-28T05:40:00.000000Z,644.36,644.36,644.24,644.32,233.76
2025-06-28T05:45:00.000000Z,644.32,644.4,644.31,644.34,193.99
2025-06-28T05:50:00.000000Z,644.33,644.56,644.33,644.46,163.86
2025-06-28T05:55:00.000000Z,644.47,644.47,644.4,644.46,142.67
2025-06-28T06:00:00.000000Z,644.45,644.99,644.45,644.98,392.12
2025-06-28T06:05:00.000000Z,644.99,645.22,644.98,645.21,1046.79
2025-06-28T06:10:00.000000Z,645.22,645.32,645.02,645.15,477.84
2025-06-28T06:15:00.000000Z,645.15,645.88,645.11,645.67,2030.49
2025-06-28T06:20:00.000000Z,645.67,646.77,645.64,646.32,3816.51
2025-06-28T06:25:00.000000Z,646.32,646.48,646.19,646.28,644.26
2025-06-28T06:30:00.000000Z,646.29,646.37,646.22,646.22,719.23
2025-06-28T06:35:00.000000Z,646.22,646.23,645.87,645.98,916.12
2025-06-28T06:40:00.000000Z,645.99,646.13,645.88,646.05,442.21
2025-06-28T06:45:00.000000Z,646.05,646.09,645.86,646.06,651.25
2025-06-28T06:50:00.000000Z,646.07,646.24,646.06,646.17,463.6
2025-06-28T06:55:00.000000Z,646.17,646.28,646.17,646.17,176.48
2025-06-28T07:00:00.000000Z,646.18,646.67,646.02,646.35,1842.74
2025-06-28T07:05:00.000000Z,646.35,646.39,646.27,646.31,390.36
2025-06-28T07:10:00.000000Z,646.31,646.39,646.29,646.39,228.36
2025-06-28T07:15:00.000000Z,646.39,646.39,646.18,646.35,287.5
2025-06-28T07:20:00.000000Z,646.36,646.57,646.35,646.53,655.26
2025-06-28T07:25:00.000000Z,646.54,646.64,646.51,646.64,523.62
2025-06-28T07:30:00.000000Z,646.64,646.67,646.32,646.32,544.51
2025-06-28T07:35:00.000000Z,646.33,646.54,646.26,646.53,303.55
2025-06-28T07:40:00.000000Z,646.53,646.54,646.3,646.31,374.49
2025-06-28T07:45:00.000000Z,646.31,646.42,646.3,646.41,268.94
2025-06-28T07:50:00.000000Z,646.41,646.56,646.4,646.55,278.71
2025-06-28T07:55:00.000000Z,646.56,646.98,646.55,646.91,1450.09
2025-06-28T08:00:00.000000Z,646.91,647.0,646.42,646.51,899.13
2025-06-28T08:05:00.000000Z,646.51,646.54,646.27,646.27,339.69
2025-06-28T08:10:00.000000Z,646.28,646.42,646.09,646.11,356.26
2025-06-28T08:15:00.000000Z,646.11,646.22,645.86,645.87,748.93
2025-06-28T08:20:00.000000Z,645.88,646.24,645.87,646.23,546.66
2025-06-28T08:25:00.000000Z,646.24,646.24,645.92,645.94,223.11
2025-06-28T08:30:00.000000Z,645.93,645.93,645.76,645.76,266.49
2025-06-28T08:35:00.000000Z,645.76,645.76,645.72,645.74,143.9
2025-06-28T08:40:00.000000Z,645.73,645.74,645.64,645.64,234.59
2025-06-28T08:45:00.000000Z,645.65,645.65,645.23,645.23,169.65
2025-06-28T08:50:00.000000Z,645.23,645.29,645.08,645.28,386.13
2025-06-28T08:55:00.000000Z,645.29,645.44,645.28,645.44,210.3
2025-06-28T09:00:00.000000Z,645.43,645.48,645.43,645.48,259.66
2025-06-28T09:05:00.000000Z,645.48,645.6,645.32,645.39,766.39
2025-06-28T09:10:00.000000Z,645.38,645.42,645.38,645.41,160.81
2025-06-28T09:15:00.000000Z,645.42,645.42,645.18,645.3,410.64
2025-06-28T09:20:00.000000Z,645.3,645.84,645.29,645.84,507.99
2025-06-28T09:25:00.000000Z,645.84,646.09,645.83,646.08,397.26
2025-06-28T09:30:00.000000Z,646.08,646.53,646.08,646.53,459.34
2025-06-28T09:35:00.000000Z,646.52,646.65,646.52,646.56,454.22
2025-06-28T09:40:00.000000Z,646.56,646.91,646.55,646.61,1812.49
2025-06-28T09:45:00.000000Z,646.6,646.68,646.56,646.68,280.49
2025-06-28T09:50:00.000000Z,646.67,646.8,646.56,646.76,599.9
2025-06-28T09:55:00.000000Z,646.76,646.78,646.6,646.61,315.03
2025-06-28T10:00:00.000000Z,646.61,646.74,646.51,646.51,527.45
2025-06-28T10:05:00.000000Z,646.52,646.58,646.51,646.53,328.92
2025-06-28T10:10:00.000000Z,646.53,646.53,646.5,646.5,146.56
2025-06-28T10:15:00.000000Z,646.5,646.52,646.34,646.52,451.44
2025-06-28T10:20:00.000000Z,646.52,646.71,646.46,646.46,402.16
2025-06-28T10:25:00.000000Z,646.46,646.64,646.42,646.52,182.65
2025-06-28T10:30:00.000000Z,646.52,646.57,646.43,646.43,167.99
2025-06-28T10:35:00.000000Z,646.43,646.44,646.24,646.4,190.97
2025-06-28T10:40:00.000000Z,646.39,646.4,646.26,646.31,138.14
2025-06-28T10:45:00.000000Z,646.31,646.42,646.31,646.41,110.7
2025-06-28T10:50:00.000000Z,646.41,646.44,646.36,646.39,198.48
2025-06-28T10:55:00.000000Z,646.4,646.45,646.39,646.45,101.17
2025-06-28T11:00:00.000000Z,646.44,646.79,646.44,646.6,526.14
2025-06-28T11:05:00.000000Z,646.6,646.61,646.51,646.56,277.72
2025-06-28T11:10:00.000000Z,646.56,646.6,646.54,646.54,159.49
2025-06-28T11:15:00.000000Z,646.54,646.62,646.54,646.61,197.51
2025-06-28T11:20:00.000000Z,646.61,646.68,646.58,646.64,197.28
2025-06-28T11:25:00.000000Z,646.64,646.64,646.17,646.18,296.64
2025-06-28T11:30:00.000000Z,646.18,646.3,646.17,646.2,223.55
2025-06-28T11:35:00.000000Z,646.19,646.41,646.14,646.37,342.79
2025-06-28T11:40:00.000000Z,646.37,646.43,646.28,646.29,332.03
2025-06-28T11:45:00.000000Z,646.29,646.29,646.2,646.22,157.75
2025-06-28T11:50:00.000000Z,646.22,646.26,646.09,646.11,417.4
2025-06-28T11:55:00.000000Z,646.11,646.23,646.11,646.21,200.93
2025-06-28T12:00:00.000000Z,646.2,646.46,646.2,646.46,498.09
2025-06-28T12:05:00.000000Z,646.46,646.46,646.3,646.45,390.95
2025-06-28T12:10:00.000000Z,646.46,646.52,646.42,646.42,323.05
2025-06-28T12:15:00.000000Z,646.42,646.42,646.16,646.16,164.93
2025-06-28T12:20:00.000000Z,646.17,646.22,646.16,646.21,288.72
2025-06-28T12:25:00.000000Z,646.21,646.25,646.16,646.16,238.99
2025-06-28T12:30:00.000000Z,646.16,646.26,646.02,646.26,1017.7
2025-06-28T12:35:00.000000Z,646.27,646.33,646.24,646.33,202.59
2025-06-28T12:40:00.000000Z,646.33,646.33,646.07,646.07,366.55
2025-06-28T12:45:00.000000Z,646.08,646.08,645.92,645.92,168.12
2025-06-28T12:50:00.000000Z,645.92,646.18,645.92,646.1,388.75
2025-06-28T12:55:00.000000Z,646.1,646.1,645.96,645.98,122.38
2025-06-28T13:00:00.000000Z,645.98,646.04,645.62,645.71,888.16
2025-06-28T13:05:00.000000Z,645.72,646.35,645.68,645.9,1850.76
2025-06-28T13:10:00.000000Z,645.91,645.91,645.82,645.82,48.94
2025-06-28T13:15:00.000000Z,645.82,645.83,645.63,645.64,116.02
2025-06-28T13:20:00.000000Z,645.63,645.64,645.54,645.54,299.83
2025-06-28T13:25:00.000000Z,645.54,645.56,645.19,645.48,1790.79
2025-06-28T13:30:00.000000Z,645.48,645.49,645.38,645.49,295.29
2025-06-28T13:35:00.000000Z,645.48,645.79,645.48,645.72,496.27
2025-06-28T13:40:00.000000Z,645.72,645.83,645.64,645.73,347.2
2025-06-28T13:45:00.000000Z,645.72,645.73,645.3,645.35,419.82
2025-06-28T13:50:00.000000Z,645.35,645.52,645.35,645.42,262.69
2025-06-28T13:55:00.000000Z,645.42,645.42,645.23,645.24,243.83
2025-06-28T14:00:00.000000Z,645.23,645.7,645.22,645.57,1086.0
2025-06-28T14:05:00.000000Z,645.56,645.64,645.36,645.5,592.21
2025-06-28T14:10:00.000000Z,645.49,645.76,645.2,645.49,1785.89
2025-06-28T14:15:00.000000Z,645.5,645.53,645.48,645.48,161.95
2025-06-28T14:20:00.000000Z,645.49,645.65,645.48,645.64,286.67
2025-06-28T14:25:00.000000Z,645.65,645.65,645.52,645.53,253.67
2025-06-28T14:30:00.000000Z,645.53,645.85,645.52,645.69,465.39
2025-06-28T14:35:00.000000Z,645.68,645.82,645.62,645.77,139.55
2025-06-28T14:40:00.000000Z,645.77,646.1,645.66,645.93,841.59
2025-06-28T14:45:00.000000Z,645.93,645.94,645.85,645.85,137.99
2025-06-28T14:50:00.000000Z,645.85,645.96,645.85,645.94,229.86
2025-06-28T14:55:00.000000Z,645.95,646.1,645.94,646.07,266.43
2025-06-28T15:00:00.000000Z,646.08,646.16,646.07,646.15,285.62
2025-06-28T15:05:00.000000Z,646.15,646.24,646.06,646.24,458.68
2025-06-28T15:10:00.000000Z,646.24,646.39,646.23,646.33,254.34
2025-06-28T15:15:00.000000Z,646.32,646.4,646.28,646.31,317.44
2025-06-28T15:20:00.000000Z,646.32,646.36,646.16,646.24,178.17
2025-06-28T15:25:00.000000Z,646.23,646.24,646.15,646.15,118.54
2025-06-28T15:30:00.000000Z,646.16,646.38,646.13,646.28,228.65
2025-06-28T15:35:00.000000Z,646.28,646.28,646.25,646.26,149.72
2025-06-28T15:40:00.000000Z,646.25,646.51,646.25,646.51,310.81
2025-06-28T15:45:00.000000Z,646.5,646.76,645.24,645.35,2605.82
2025-06-28T15:50:00.000000Z,645.35,645.77,645.28,645.66,570.54
2025-06-28T15:55:00.000000Z,645.66,646.67,645.55,646.38,955.8
2025-06-28T16:00:00.000000Z,646.39,646.71,646.38,646.51,1408.93
2025-06-28T16:05:00.000000Z,646.52,646.98,646.51,646.64,1086.4
2025-06-28T16:10:00.000000Z,646.65,646.83,646.4,646.61,1277.02
2025-06-28T16:15:00.000000Z,646.62,646.62,646.24,646.32,474.06
2025-06-28T16:20:00.000000Z,646.32,646.34,646.1,646.26,282.78
2025-06-28T16:25:00.000000Z,646.26,646.26,645.99,646.01,454.04
2025-06-28T16:30:00.000000Z,646.01,646.26,646.01,646.22,267.74
2025-06-28T16:35:00.000000Z,646.21,646.22,646.02,646.02,236.55
2025-06-28T16:40:00.000000Z,646.01,646.02,645.62,645.72,567.47
2025-06-28T16:45:00.000000Z,645.72,645.72,645.55,645.55,128.08
2025-06-28T16:50:00.000000Z,645.55,645.55,645.34,645.35,416.18
2025-06-28T16:55:00.000000Z,645.35,645.54,645.3,645.54,428.71
2025-06-28T17:00:00.000000Z,645.53,645.67,645.51,645.64,282.36
2025-06-28T17:05:00.000000Z,645.63,645.82,645.56,645.81,593.85
2025-06-28T17:10:00.000000Z,645.81,645.88,645.71,645.72,365.54
2025-06-28T17:15:00.000000Z,645.71,645.73,645.58,645.73,428.58
2025-06-28T17:20:00.000000Z,645.72,645.74,645.5,645.73,251.62
2025-06-28T17:25:00.000000Z,645.73,645.74,645.63,645.64,218.07
2025-06-28T17:30:00.000000Z,645.63,645.78,645.63,645.78,279.97
2025-06-28T17:35:00.000000Z,645.77,645.96,645.77,645.96,330.47
2025-06-28T17:40:00.000000Z,645.96,646.46,645.95,646.36,650.66
2025-06-28T17:45:00.000000Z,646.36,646.8,646.34,646.8,523.79
2025-06-28T17:50:00.000000Z,646.8,647.3,646.64,646.97,1727.56
2025-06-28T17:55:00.000000Z,646.96,647.03,646.82,646.83,387.45
2025-06-28T18:00:00.000000Z,646.83,647.08,646.55,646.56,1136.08
2025-06-28T18:05:00.000000Z,646.56,646.64,646.52,646.53,489.4
2025-06-28T18:10:00.000000Z,646.53,646.58,646.41,646.48,522.36
2025-06-28T18:15:00.000000Z,646.49,646.6,646.44,646.56,374.53
2025-06-28T18:20:00.000000Z,646.56,646.56,646.34,646.34,232.19
2025-06-28T18:25:00.000000Z,646.34,646.35,646.04,646.13,458.83
2025-06-28T18:30:00.000000Z,646.14,646.44,646.13,646.19,278.48
2025-06-28T18:35:00.000000Z,646.18,646.19,646.0,646.0,617.76
2025-06-28T18:40:00.000000Z,646.01,646.03,645.93,646.03,296.24
2025-06-28T18:45:00.000000Z,646.02,646.04,645.96,646.02,193.13
2025-06-28T18:50:00.000000Z,646.02,646.3,646.01,646.3,161.2
2025-06-28T18:55:00.000000Z,646.29,646.62,646.29,646.62,477.79
2025-06-28T19:00:00.000000Z,646.61,646.89,646.61,646.75,578.03
2025-06-28T19:05:00.000000Z,646.75,646.83,646.7,646.82,417.15
2025-06-28T19:10:00.000000Z,646.82,646.86,646.68,646.68,246.64
2025-06-28T19:15:00.000000Z,646.69,647.0,646.68,647.0,519.71
2025-06-28T19:20:00.000000Z,647.0,647.0,646.69,646.7,183.83
2025-06-28T19:25:00.000000Z,646.69,646.73,646.69,646.73,95.87
2025-06-28T19:30:00.000000Z,646.73,646.73,646.34,646.46,489.09
2025-06-28T19:35:00.000000Z,646.46,646.6,646.28,646.36,229.92
2025-06-28T19:40:00.000000Z,646.36,646.95,646.31,646.94,653.77
2025-06-28T19:45:00.000000Z,646.95,647.35,646.94,647.34,834.05
2025-06-28T19:50:00.000000Z,647.35,647.5,647.17,647.18,684.82
2025-06-28T19:55:00.000000Z,647.17,647.18,647.17,647.18,108.39
2025-06-28T20:00:00.000000Z,647.18,647.46,647.17,647.45,399.16
2025-06-28T20:05:00.000000Z,647.46,648.02,647.4,647.89,2564.11
2025-06-28T20:10:00.000000Z,647.88,647.89,647.56,647.56,385.93
2025-06-28T20:15:00.000000Z,647.57,647.57,647.09,647.34,976.85
2025-06-28T20:20:00.000000Z,647.34,647.42,647.29,647.42,244.93
2025-06-28T20:25:00.000000Z,647.42,647.42,647.41,647.41,133.56
2025-06-28T20:30:00.000000Z,647.41,647.54,647.41,647.54,155.74
2025-06-28T20:35:00.000000Z,647.54,647.54,647.48,647.48,180.6
2025-06-28T20:40:00.000000Z,647.49,647.49,647.38,647.38,220.87
2025-06-28T20:45:00.000000Z,647.39,647.42,647.38,647.42,59.46
2025-06-28T20:50:00.000000Z,647.42,647.47,647.41,647.46,144.52
2025-06-28T20:55:00.000000Z,647.46,647.56,647.45,647.48,325.46
2025-06-28T21:00:00.000000Z,647.48,647.52,647.48,647.52,119.91
2025-06-28T21:05:00.000000Z,647.52,647.58,647.46,647.53,518.06
2025-06-28T21:10:00.000000Z,647.54,647.56,647.08,647.09,720.81
2025-06-28T21:15:00.000000Z,647.08,647.55,647.05,647.44,288.5
2025-06-28T21:20:00.000000Z,647.45,647.45,647.36,647.37,116.37
2025-06-28T21:25:00.000000Z,647.38,647.56,647.34,647.37,245.24
2025-06-28T21:30:00.000000Z,647.36,647.67,647.36,647.6,226.63
2025-06-28T21:35:00.000000Z,647.61,647.73,647.6,647.72,70.8
2025-06-28T21:40:00.000000Z,647.73,647.89,647.69,647.71,346.09
2025-06-28T21:45:00.000000Z,647.72,647.85,647.71,647.85,100.05
2025-06-28T21:50:00.000000Z,647.85,647.97,647.83,647.85,203.03
2025-06-28T21:55:00.000000Z,647.86,648.16,647.82,648.05,362.15
2025-06-28T22:00:00.000000Z,648.05,648.48,647.81,648.42,1639.68
2025-06-28T22:05:00.000000Z,648.42,648.88,648.37,648.74,1416.97
2025-06-28T22:10:00.000000Z,648.74,648.79,648.22,648.23,661.81
2025-06-28T22:15:00.000000Z,648.23,648.69,648.23,648.57,619.6
2025-06-28T22:20:00.000000Z,648.57,648.8,648.56,648.8,283.49
2025-06-28T22:25:00.000000Z,648.8,648.8,648.68,648.71,588.09
2025-06-28T22:30:00.000000Z,648.72,648.72,648.53,648.54,311.95
2025-06-28T22:35:00.000000Z,648.54,648.64,648.34,648.63,378.65
2025-06-28T22:40:00.000000Z,648.64,648.8,648.63,648.79,286.4
2025-06-28T22:45:00.000000Z,648.8,648.8,648.58,648.58,370.4
2025-06-28T22:50:00.000000Z,648.59,648.83,648.58,648.82,231.31
2025-06-28T22:55:00.000000Z,648.82,648.82,648.6,648.65,418.81
2025-06-28T23:00:00.000000Z,648.66,648.86,648.65,648.83,393.52
2025-06-28T23:05:00.000000Z,648.84,648.86,648.74,648.75,242.22
2025-06-28T23:10:00.000000Z,648.75,648.99,648.74,648.78,605.49
2025-06-28T23:15:00.000000Z,648.79,648.79,648.65,648.66,294.39
2025-06-28T23:20:00.000000Z,648.65,648.92,648.65,648.89,395.56
2025-06-28T23:25:00.000000Z,648.89,648.9,648.68,648.75,215.42
2025-06-28T23:30:00.000000Z,648.74,648.75,648.4,648.41,415.84
2025-06-28T23:35:00.000000Z,648.41,648.45,648.15,648.3,422.97
2025-06-28T23:40:00.000000Z,648.3,648.4,648.18,648.26,372.27
2025-06-28T23:45:00.000000Z,648.25,648.48,648.25,648.43,330.84
2025-06-28T23:50:00.000000Z,648.44,648.44,648.23,648.4,363.89
2025-06-28T23:55:00.000000Z,648.41,648.48,648.38,648.38,242.47
2025-06-29T00:00:00.000000Z,648.37,648.64,648.37,648.51,1114.59
2025-06-29T00:05:00.000000Z,648.51,648.56,648.34,648.36,708.1
2025-06-29T00:10:00.000000Z,648.36,648.37,647.87,647.95,666.11
2025-06-29T00:15:00.000000Z,647.95,647.98,647.64,647.67,535.61
2025-06-29T00:20:00.000000Z,647.67,648.23,647.67,648.2,446.22
2025-06-29T00:25:00.000000Z,648.2,648.55,648.19,648.2,541.61
2025-06-29T00:30:00.000000Z,648.19,648.4,648.0,648.18,466.15
2025-06-29T00:35:00.000000Z,648.18,648.19,647.92,647.96,297.33
2025-06-29T00:40:00.000000Z,647.96,647.97,647.58,647.7,322.92
2025-06-29T00:45:00.000000Z,647.69,648.18,647.64,647.9,572.11
2025-06-29T00:50:00.000000Z,647.89,647.94,647.71,647.81,348.5
2025-06-29T00:55:00.000000Z,647.81,648.12,647.64,647.99,852.43
2025-06-29T01:00:00.000000Z,647.99,648.0,647.68,647.79,582.19
2025-06-29T01:05:00.000000Z,647.79,648.01,647.79,647.93,421.78
2025-06-29T01:10:00.000000Z,647.93,647.94,647.62,647.62,342.03
2025-06-29T01:15:00.000000Z,647.62,647.72,647.55,647.72,481.38
2025-06-29T01:20:00.000000Z,647.71,647.82,647.51,647.56,303.21
2025-06-29T01:25:00.000000Z,647.56,647.61,647.52,647.55,196.67
2025-06-29T01:30:00.000000Z,647.55,647.86,647.45,647.86,458.44
2025-06-29T01:35:00.000000Z,647.86,648.02,647.74,647.8,490.8
2025-06-29T01:40:00.000000Z,647.8,647.81,647.5,647.56,227.46
2025-06-29T01:45:00.000000Z,647.55,647.8,647.38,647.38,369.11
2025-06-29T01:50:00.000000Z,647.38,647.39,647.11,647.11,316.41
2025-06-29T01:55:00.000000Z,647.11,647.26,647.11,647.19,267.77
2025-06-29T02:00:00.000000Z,647.18,647.21,646.69,646.7,1268.51
2025-06-29T02:05:00.000000Z,646.69,646.88,646.68,646.8,431.53
2025-06-29T02:10:00.000000Z,646.79,646.95,646.71,646.95,349.88
2025-06-29T02:15:00.000000Z,646.94,646.95,646.82,646.86,651.27
2025-06-29T02:20:00.000000Z,646.86,647.34,646.86,647.27,653.74
2025-06-29T02:25:00.000000Z,647.28,647.56,647.26,647.49,287.01
2025-06-29T02:30:00.000000Z,647.49,647.62,647.48,647.61,135.49
2025-06-29T02:35:00.000000Z,647.61,647.79,647.61,647.79,182.56
2025-06-29T02:40:00.000000Z,647.78,648.0,647.78,647.97,507.08
2025-06-29T02:45:00.000000Z,647.97,648.02,647.97,648.01,171.17
2025-06-29T02:50:00.000000Z,648.01,648.2,648.01,648.2,183.44
2025-06-29T02:55:00.000000Z,648.19,648.35,648.19,648.35,193.76
2025-06-29T03:00:00.000000Z,648.35,648.35,648.03,648.23,1353.45
2025-06-29T03:05:00.000000Z,648.23,648.34,648.23,648.33,177.11
2025-06-29T03:10:00.000000Z,648.33,648.34,648.22,648.22,315.94
2025-06-29T03:15:00.000000Z,648.22,648.36,648.22,648.31,330.56
2025-06-29T03:20:00.000000Z,648.31,648.5,648.3,648.49,275.3
2025-06-29T03:25:00.000000Z,648.5,648.5,648.49,648.49,83.21
2025-06-29T03:30:00.000000Z,648.49,648.55,648.41,648.54,615.16
2025-06-29T03:35:00.000000Z,648.53,648.54,648.3,648.3,459.68
2025-06-29T03:40:00.000000Z,648.3,648.39,648.26,648.28,273.42
2025-06-29T03:45:00.000000Z,648.28,648.39,648.22,648.38,186.87
2025-06-29T03:50:00.000000Z,648.38,648.42,648.37,648.37,215.75
2025-06-29T03:55:00.000000Z,648.37,648.42,648.37,648.41,126.48
2025-06-29T04:00:00.000000Z,648.41,648.64,648.41,648.64,284.74
2025-06-29T04:05:00.000000Z,648.63,648.95,648.49,648.58,2645.6
2025-06-29T04:10:00.000000Z,648.59,648.68,648.48,648.61,651.42
2025-06-29T04:15:00.000000Z,648.61,648.68,648.48,648.48,1105.56
2025-06-29T04:20:00.000000Z,648.48,648.62,648.33,648.54,592.84
2025-06-29T04:25:00.000000Z,648.54,648.55,648.3,648.45,523.2
2025-06-29T04:30:00.000000Z,648.46,648.46,648.4,648.45,251.22
2025-06-29T04:35:00.000000Z,648.45,648.54,648.38,648.53,524.04
2025-06-29T04:40:00.000000Z,648.53,648.67,648.53,648.58,285.63
2025-06-29T04:45:00.000000Z,648.59,648.72,648.58,648.71,238.69
2025-06-29T04:50:00.000000Z,648.72,648.79,648.7,648.78,359.25
2025-06-29T04:55:00.000000Z,648.78,648.81,648.77,648.8,300.38
2025-06-29T05:00:00.000000Z,648.8,648.81,648.74,648.74,336.09
2025-06-29T05:05:00.000000Z,648.75,648.81,648.48,648.69,1606.01
2025-06-29T05:10:00.000000Z,648.7,648.87,648.65,648.77,779.29
2025-06-29T05:15:00.000000Z,648.77,648.8,648.76,648.79,314.29
2025-06-29T05:20:00.000000Z,648.79,648.83,648.75,648.82,218.93
2025-06-29T05:25:00.000000Z,648.83,648.86,648.76,648.85,320.96
2025-06-29T05:30:00.000000Z,648.86,648.86,648.77,648.8,304.06
2025-06-29T05:35:00.000000Z,648.8,648.85,648.8,648.84,168.61
2025-06-29T05:40:00.000000Z,648.85,648.98,648.84,648.98,345.43
2025-06-29T05:45:00.000000Z,648.97,649.27,648.97,649.23,1376.7
2025-06-29T05:50:00.000000Z,649.24,649.34,649.23,649.33,401.62
2025-06-29T05:55:00.000000Z,649.34,649.38,649.31,649.31,498.53
2025-06-29T06:00:00.000000Z,649.32,649.37,648.71,648.96,2838.6
2025-06-29T06:05:00.000000Z,648.96,648.96,648.47,648.77,1540.77
2025-06-29T06:10:00.000000Z,648.78,648.9,648.78,648.9,200.47
2025-06-29T06:15:00.000000Z,648.9,649.11,648.89,648.98,1069.68
2025-06-29T06:20:00.000000Z,648.97,649.11,648.97,649.11,689.84
2025-06-29T06:25:00.000000Z,649.1,649.11,649.06,649.07,350.82
2025-06-29T06:30:00.000000Z,649.06,649.18,649.06,649.17,1906.06
2025-06-29T06:35:00.000000Z,649.18,649.3,649.04,649.09,632.5
2025-06-29T06:40:00.000000Z,649.1,649.22,649.09,649.22,237.67
2025-06-29T06:45:00.000000Z,649.22,649.26,649.21,649.25,217.97
2025-06-29T06:50:00.000000Z,649.25,649.26,649.18,649.22,369.38
2025-06-29T06:55:00.000000Z,649.23,649.25,649.11,649.18,525.03
2025-06-29T07:00:00.000000Z,649.17,649.18,649.05,649.05,443.42
2025-06-29T07:05:00.000000Z,649.05,649.33,649.05,649.28,315.64
2025-06-29T07:10:00.000000Z,649.27,649.29,649.27,649.29,318.25
2025-06-29T07:15:00.000000Z,649.29,650.23,649.29,649.88,5000.86
2025-06-29T07:20:00.000000Z,649.88,649.89,649.62,649.69,399.44
2025-06-29T07:25:00.000000Z,649.7,649.84,649.69,649.71,436.2
2025-06-29T07:30:00.000000Z,649.71,649.81,649.6,649.81,275.45
2025-06-29T07:35:00.000000Z,649.81,649.9,649.61,649.64,391.17
2025-06-29T07:40:00.000000Z,649.64,649.65,649.1,649.1,409.97
2025-06-29T07:45:00.000000Z,649.1,649.11,648.7,648.79,688.25
2025-06-29T07:50:00.000000Z,648.79,649.09,648.79,649.05,539.64
2025-06-29T07:55:00.000000Z,649.05,649.09,648.73,649.09,927.14
2025-06-29T08:00:00.000000Z,649.1,649.43,648.96,649.42,1161.97
2025-06-29T08:05:00.000000Z,649.42,649.43,649.18,649.19,495.79
2025-06-29T08:10:00.000000Z,649.18,649.4,649.18,649.29,487.97
2025-06-29T08:15:00.000000Z,649.3,649.4,649.26,649.27,530.56
2025-06-29T08:20:00.000000Z,649.26,649.43,649.26,649.36,310.74
2025-06-29T08:25:00.000000Z,649.36,649.38,649.34,649.36,172.41
2025-06-29T08:30:00.000000Z,649.36,649.69,649.35,649.62,686.56
2025-06-29T08:35:00.000000Z,649.63,649.85,649.43,649.7,739.23
2025-06-29T08:40:00.000000Z,649.7,649.83,649.64,649.83,425.2
2025-06-29T08:45:00.000000Z,649.83,649.83,649.62,649.74,526.24
2025-06-29T08:50:00.000000Z,649.73,649.83,649.46,649.46,584.41
2025-06-29T08:55:00.000000Z,649.46,649.63,649.36,649.56,720.79
2025-06-29T09:00:00.000000Z,649.56,649.82,649.3,649.31,610.67
2025-06-29T09:05:00.000000Z,649.31,649.72,649.25,649.65,1104.8
2025-06-29T09:10:00.000000Z,649.64,649.72,649.64,649.72,208.71
2025-06-29T09:15:00.000000Z,649.72,650.0,649.65,649.99,562.61
2025-06-29T09:20:00.000000Z,649.99,650.0,649.91,649.99,351.47
2025-06-29T09:25:00.000000Z,650.0,650.18,649.99,650.17,743.37
2025-06-29T09:30:00.000000Z,650.18,650.21,649.84,650.21,1611.49
2025-06-29T09:35:00.000000Z,650.21,650.51,650.06,650.23,1290.1
2025-06-29T09:40:00.000000Z,650.23,650.24,649.94,649.95,908.29
2025-06-29T09:45:00.000000Z,649.95,650.05,649.91,649.98,493.97
2025-06-29T09:50:00.000000Z,649.98,650.01,649.84,650.0,476.31
2025-06-29T09:55:00.000000Z,650.01,650.01,649.37,649.45,1458.71
2025-06-29T10:00:00.000000Z,649.46,649.79,649.45,649.74,530.85
2025-06-29T10:05:00.000000Z,649.75,650.07,649.54,649.77,1161.25
2025-06-29T10:10:00.000000Z,649.78,649.83,649.6,649.78,995.42
2025-06-29T10:15:00.000000Z,649.78,649.78,649.5,649.78,1387.08
2025-06-29T10:20:00.000000Z,649.77,649.86,649.74,649.86,663.31
2025-06-29T10:25:00.000000Z,649.86,649.98,649.56,649.56,588.94
2025-06-29T10:30:00.000000Z,649.57,649.83,649.49,649.79,593.32
2025-06-29T10:35:00.000000Z,649.8,649.8,649.67,649.74,677.2
2025-06-29T10:40:00.000000Z,649.74,649.8,649.74,649.78,266.25
2025-06-29T10:45:00.000000Z,649.77,649.9,649.46,649.9,953.6
2025-06-29T10:50:00.000000Z,649.89,650.09,649.89,650.02,636.74
2025-06-29T10:55:00.000000Z,650.02,650.08,649.9,650.0,846.6
2025-06-29T11:00:00.000000Z,650.01,650.01,649.92,649.93,387.9
2025-06-29T11:05:00.000000Z,649.92,649.93,649.57,649.62,463.36
2025-06-29T11:10:00.000000Z,649.62,649.66,649.57,649.65,219.36
2025-06-29T11:15:00.000000Z,649.65,649.93,649.65,649.91,421.12
2025-06-29T11:20:00.000000Z,649.91,649.91,649.72,649.72,197.14
2025-06-29T11:25:00.000000Z,649.72,649.74,649.66,649.74,168.66
2025-06-29T11:30:00.000000Z,649.74,649.95,649.71,649.94,341.53
2025-06-29T11:35:00.000000Z,649.94,650.09,649.94,650.0,453.55
2025-06-29T11:40:00.000000Z,650.01,650.06,650.0,650.05,305.91
2025-06-29T11:45:00.000000Z,650.05,650.53,650.05,650.16,628.83
2025-06-29T11:50:00.000000Z,650.15,650.75,650.01,650.65,1449.81
2025-06-29T11:55:00.000000Z,650.64,651.0,650.52,650.97,1278.86
2025-06-29T12:00:00.000000Z,650.97,651.03,650.56,650.77,1166.22
2025-06-29T12:05:00.000000Z,650.77,650.87,650.11,650.12,578.53
2025-06-29T12:10:00.000000Z,650.11,650.4,649.99,650.03,1632.45
2025-06-29T12:15:00.000000Z,650.02,650.4,650.02,650.39,701.36
2025-06-29T12:20:00.000000Z,650.39,650.4,650.18,650.28,685.44
2025-06-29T12:25:00.000000Z,650.29,650.34,650.12,650.13,430.19
2025-06-29T12:30:00.000000Z,650.12,650.34,650.12,650.27,445.83
2025-06-29T12:35:00.000000Z,650.27,650.28,650.24,650.24,124.25
2025-06-29T12:40:00.000000Z,650.24,650.3,650.07,650.07,300.01
2025-06-29T12:45:00.000000Z,650.06,650.31,650.0,650.27,499.05
2025-06-29T12:50:00.000000Z,650.27,650.4,650.19,650.25,551.39
2025-06-29T12:55:00.000000Z,650.25,650.34,650.24,650.34,126.79
2025-06-29T13:00:00.000000Z,650.34,650.54,650.33,650.52,836.75
2025-06-29T13:05:00.000000Z,650.51,650.59,650.12,650.23,613.78
2025-06-29T13:10:00.000000Z,650.22,650.29,650.22,650.29,207.36
2025-06-29T13:15:00.000000Z,650.28,650.55,650.28,650.54,438.65
2025-06-29T13:20:00.000000Z,650.55,650.75,650.54,650.65,181.18
2025-06-29T13:25:00.000000Z,650.65,650.67,650.49,650.66,392.19
2025-06-29T13:30:00.000000Z,650.67,650.67,650.28,650.28,287.43
2025-06-29T13:35:00.000000Z,650.29,650.41,650.28,650.4,377.23
2025-06-29T13:40:00.000000Z,650.41,650.5,650.4,650.46,252.71
2025-06-29T13:45:00.000000Z,650.46,650.59,650.29,650.29,453.17
2025-06-29T13:50:00.000000Z,650.29,650.38,649.93,649.93,662.16
2025-06-29T13:55:00.000000Z,649.93,650.01,649.93,649.94,303.5
2025-06-29T14:00:00.000000Z,649.94,649.96,649.91,649.95,297.98
2025-06-29T14:05:00.000000Z,649.95,650.13,649.93,650.13,378.29
2025-06-29T14:10:00.000000Z,650.13,650.35,650.12,650.29,404.78
2025-06-29T14:15:00.000000Z,650.28,650.29,650.15,650.15,265.26
2025-06-29T14:20:00.000000Z,650.16,650.16,649.5,649.5,347.6
2025-06-29T14:25:00.000000Z,649.5,649.57,649.4,649.53,732.42
2025-06-29T14:30:00.000000Z,649.52,649.52,648.95,649.01,1308.1
2025-06-29T14:35:00.000000Z,649.01,649.05,648.41,648.72,6139.1
2025-06-29T14:40:00.000000Z,648.71,648.88,648.71,648.74,452.0
2025-06-29T14:45:00.000000Z,648.74,648.92,648.11,648.67,3949.58
2025-06-29T14:50:00.000000Z,648.68,648.88,648.63,648.88,539.69
2025-06-29T14:55:00.000000Z,648.87,649.0,648.78,648.78,346.15
2025-06-29T15:00:00.000000Z,648.78,648.78,648.0,648.54,1378.86
2025-06-29T15:05:00.000000Z,648.54,649.21,648.53,649.18,827.94
2025-06-29T15:10:00.000000Z,649.18,649.18,648.7,648.71,740.71
2025-06-29T15:15:00.000000Z,648.71,648.71,648.21,648.27,901.0
2025-06-29T15:20:00.000000Z,648.28,648.7,648.21,648.7,379.94
2025-06-29T15:25:00.000000Z,648.68,648.77,648.6,648.61,283.29
2025-06-29T15:30:00.000000Z,648.6,648.61,648.48,648.58,303.81
2025-06-29T15:35:00.000000Z,648.58,649.04,648.55,648.94,444.95
2025-06-29T15:40:00.000000Z,648.93,649.14,648.93,649.08,297.83
2025-06-29T15:45:00.000000Z,649.08,649.08,648.41,648.58,694.35
2025-06-29T15:50:00.000000Z,648.58,648.68,648.31,648.64,305.11
2025-06-29T15:55:00.000000Z,648.64,648.85,648.62,648.79,355.04
2025-06-29T16:00:00.000000Z,648.79,648.98,648.53,648.74,446.97
2025-06-29T16:05:00.000000Z,648.73,648.93,648.5,648.69,555.39
2025-06-29T16:10:00.000000Z,648.69,648.74,648.64,648.74,441.77
2025-06-29T16:15:00.000000Z,648.74,649.14,648.73,649.07,969.93
2025-06-29T16:20:00.000000Z,649.06,649.06,648.59,648.67,331.36
2025-06-29T16:25:00.000000Z,648.67,648.74,648.29,648.46,638.19
2025-06-29T16:30:00.000000Z,648.46,648.87,648.38,648.69,328.21
2025-06-29T16:35:00.000000Z,648.68,648.68,648.45,648.6,425.32
2025-06-29T16:40:00.000000Z,648.6,648.69,648.38,648.39,635.86
2025-06-29T16:45:00.000000Z,648.39,648.42,647.74,648.24,897.57
2025-06-29T16:50:00.000000Z,648.25,648.28,648.15,648.25,459.28
2025-06-29T16:55:00.000000Z,648.24,648.71,648.23,648.66,447.73
2025-06-29T17:00:00.000000Z,648.66,648.72,648.6,648.61,515.59
2025-06-29T17:05:00.000000Z,648.61,648.61,648.47,648.57,378.22
2025-06-29T17:10:00.000000Z,648.57,648.65,648.56,648.65,231.81
2025-06-29T17:15:00.000000Z,648.65,648.71,648.43,648.7,351.05
2025-06-29T17:20:00.000000Z,648.7,649.02,648.6,648.6,418.08
2025-06-29T17:25:00.000000Z,648.59,648.68,648.59,648.59,219.97
2025-06-29T17:30:00.000000Z,648.59,648.6,648.25,648.25,188.83
2025-06-29T17:35:00.000000Z,648.25,648.26,647.83,647.83,500.06
2025-06-29T17:40:00.000000Z,647.84,648.08,647.83,648.08,212.86
2025-06-29T17:45:00.000000Z,648.07,648.08,648.04,648.05,140.29
2025-06-29T17:50:00.000000Z,648.05,648.29,648.01,648.28,508.59
2025-06-29T17:55:00.000000Z,648.28,648.53,648.24,648.46,247.47
2025-06-29T18:00:00.000000Z,648.46,648.46,648.13,648.13,303.13
2025-06-29T18:05:00.000000Z,648.13,648.25,648.13,648.23,327.15
2025-06-29T18:10:00.000000Z,648.23,648.23,648.13,648.14,239.4
2025-06-29T18:15:00.000000Z,648.13,648.14,647.85,648.11,667.34
2025-06-29T18:20:00.000000Z,648.12,648.29,648.06,648.29,180.93
2025-06-29T18:25:00.000000Z,648.29,648.4,648.18,648.39,275.21
2025-06-29T18:30:00.000000Z,648.39,648.46,648.38,648.41,320.06
2025-06-29T18:35:00.000000Z,648.42,648.42,648.21,648.22,465.21
2025-06-29T18:40:00.000000Z,648.22,648.51,648.07,648.46,964.72
2025-06-29T18:45:00.000000Z,648.46,649.1,648.45,649.08,1467.68
2025-06-29T18:50:00.000000Z,649.08,649.15,649.0,649.14,322.79
2025-06-29T18:55:00.000000Z,649.14,649.15,648.88,648.97,373.36
2025-06-29T19:00:00.000000Z,648.97,649.08,648.72,648.72,483.22
2025-06-29T19:05:00.000000Z,648.72,648.83,648.72,648.78,442.68
2025-06-29T19:10:00.000000Z,648.77,648.77,648.61,648.7,130.27
2025-06-29T19:15:00.000000Z,648.7,648.7,648.47,648.48,215.01
2025-06-29T19:20:00.000000Z,648.47,648.56,648.39,648.56,473.16
2025-06-29T19:25:00.000000Z,648.55,648.62,648.55,648.62,195.87
2025-06-29T19:30:00.000000Z,648.62,648.71,648.56,648.62,222.3
2025-06-29T19:35:00.000000Z,648.63,648.63,648.36,648.36,319.52
2025-06-29T19:40:00.000000Z,648.37,648.37,648.0,648.1,304.42
2025-06-29T19:45:00.000000Z,648.11,648.48,648.1,648.48,167.18
2025-06-29T19:50:00.000000Z,648.48,648.52,648.47,648.52,82.98
2025-06-29T19:55:00.000000Z,648.52,648.52,648.36,648.37,360.01
2025-06-29T20:00:00.000000Z,648.37,648.43,648.32,648.39,211.93
2025-06-29T20:05:00.000000Z,648.38,648.39,648.27,648.32,417.34
2025-06-29T20:10:00.000000Z,648.33,648.33,648.21,648.21,148.43
2025-06-29T20:15:00.000000Z,648.22,648.39,647.97,648.05,508.86
2025-06-29T20:20:00.000000Z,648.04,648.34,648.04,648.34,242.59
2025-06-29T20:25:00.000000Z,648.34,648.34,648.33,648.34,97.16
2025-06-29T20:30:00.000000Z,648.34,648.34,648.18,648.18,257.73
2025-06-29T20:35:00.000000Z,648.17,648.17,647.95,648.11,241.27
2025-06-29T20:40:00.000000Z,648.11,648.11,647.9,647.91,216.76
2025-06-29T20:45:00.000000Z,647.9,648.04,647.9,647.92,180.53
2025-06-29T20:50:00.000000Z,647.92,647.99,647.92,647.98,217.72
2025-06-29T20:55:00.000000Z,647.98,647.99,647.6,647.68,725.63
2025-06-29T21:00:00.000000Z,647.68,647.82,646.46,647.03,2309.74
2025-06-29T21:05:00.000000Z,647.04,647.5,646.99,647.5,592.13
2025-06-29T21:10:00.000000Z,647.5,647.63,647.28,647.3,1020.2
2025-06-29T21:15:00.000000Z,647.3,647.74,647.28,647.74,510.77
2025-06-29T21:20:00.000000Z,647.74,648.27,647.73,648.24,311.3
2025-06-29T21:25:00.000000Z,648.25,648.25,648.01,648.04,270.07
2025-06-29T21:30:00.000000Z,648.04,648.29,648.04,648.28,234.16
2025-06-29T21:35:00.000000Z,648.29,648.46,648.28,648.45,204.13
2025-06-29T21:40:00.000000Z,648.46,648.53,648.36,648.37,549.29
2025-06-29T21:45:00.000000Z,648.36,648.68,648.36,648.65,288.95
2025-06-29T21:50:00.000000Z,648.65,648.65,648.39,648.39,199.8
2025-06-29T21:55:00.000000Z,648.4,648.56,648.29,648.56,402.35
2025-06-29T22:00:00.000000Z,648.55,649.24,648.2,649.13,1610.43
2025-06-29T22:05:00.000000Z,649.12,649.24,648.78,649.17,799.61
2025-06-29T22:10:00.000000Z,649.16,649.55,649.0,649.55,916.42
2025-06-29T22:15:00.000000Z,649.55,650.2,649.54,650.15,1342.68
2025-06-29T22:20:00.000000Z,650.15,651.69,650.15,651.69,3454.0
2025-06-29T22:25:00.000000Z,651.66,652.52,651.58,652.51,3709.15
2025-06-29T22:30:00.000000Z,652.51,653.5,652.26,652.44,5627.81
2025-06-29T22:35:00.000000Z,652.44,654.93,652.25,654.45,7688.19
2025-06-29T22:40:00.000000Z,654.45,655.3,654.45,654.97,5168.61
2025-06-29T22:45:00.000000Z,654.96,655.5,654.65,655.5,2058.94
2025-06-29T22:50:00.000000Z,655.49,655.56,654.3,655.32,2057.54
2025-06-29T22:55:00.000000Z,655.32,655.36,654.08,654.27,1385.43
2025-06-29T23:00:00.000000Z,654.27,655.81,654.26,655.48,2854.68
2025-06-29T23:05:00.000000Z,655.49,656.06,654.8,654.92,3103.48
2025-06-29T23:10:00.000000Z,654.92,655.1,654.22,654.51,1644.16
2025-06-29T23:15:00.000000Z,654.5,655.05,653.93,654.29,1678.08
2025-06-29T23:20:00.000000Z,654.31,655.12,654.31,655.02,770.98
2025-06-29T23:25:00.000000Z,655.01,655.76,655.0,655.55,2046.87
2025-06-29T23:30:00.000000Z,655.54,655.68,654.5,654.54,793.63
2025-06-29T23:35:00.000000Z,654.53,654.91,654.42,654.72,618.31
2025-06-29T23:40:00.000000Z,654.72,654.98,654.27,654.65,594.56
2025-06-29T23:45:00.000000Z,654.66,655.18,654.54,655.01,635.22
2025-06-29T23:50:00.000000Z,655.01,655.15,654.71,655.01,386.77
2025-06-29T23:55:00.000000Z,655.01,655.23,654.83,654.96,571.08
2025-06-30T00:00:00.000000Z,654.96,655.48,654.95,655.2,1656.21
2025-06-30T00:05:00.000000Z,655.19,655.83,655.18,655.81,1646.94
2025-06-30T00:10:00.000000Z,655.81,655.88,655.27,655.72,1330.3
2025-06-30T00:15:00.000000Z,655.74,655.95,655.46,655.78,1264.98
2025-06-30T00:20:00.000000Z,655.79,657.26,655.74,657.18,3388.12
2025-06-30T00:25:00.000000Z,657.18,657.26,655.93,656.19,1518.14
2025-06-30T00:30:00.000000Z,656.2,656.42,655.2,655.3,2137.64
2025-06-30T00:35:00.000000Z,655.29,656.64,655.12,655.6,1885.27
2025-06-30T00:40:00.000000Z,655.61,656.08,655.23,655.47,700.8
2025-06-30T00:45:00.000000Z,655.47,655.68,654.9,655.2,830.15
2025-06-30T00:50:00.000000Z,655.21,655.21,654.74,654.75,699.54
2025-06-30T00:55:00.000000Z,654.75,654.75,654.09,654.71,1907.51
2025-06-30T01:00:00.000000Z,654.71,655.08,654.32,654.63,2854.18
2025-06-30T01:05:00.000000Z,654.64,654.65,653.69,654.25,1793.04
2025-06-30T01:10:00.000000Z,654.25,654.25,653.51,654.09,1179.02
2025-06-30T01:15:00.000000Z,654.12,654.4,653.22,654.31,1382.43
2025-06-30T01:20:00.000000Z,654.31,654.42,653.87,654.36,396.19
2025-06-30T01:25:00.000000Z,654.37,654.52,654.37,654.52,311.71
2025-06-30T01:30:00.000000Z,654.52,654.8,654.09,654.47,639.8
2025-06-30T01:35:00.000000Z,654.47,654.62,654.18,654.53,1001.89
2025-06-30T01:40:00.000000Z,654.53,654.9,654.07,654.47,1010.02
2025-06-30T01:45:00.000000Z,654.46,654.61,653.52,653.7,728.09
2025-06-30T01:50:00.000000Z,653.71,653.94,653.48,653.79,473.66
2025-06-30T01:55:00.000000Z,653.74,653.79,653.46,653.56,549.87
2025-06-30T02:00:00.000000Z,653.55,654.77,653.55,654.07,1529.91
2025-06-30T02:05:00.000000Z,654.08,654.86,654.07,654.71,732.07
2025-06-30T02:10:00.000000Z,654.71,655.08,654.61,655.05,578.26
2025-06-30T02:15:00.000000Z,655.05,655.41,654.41,654.41,1225.84
2025-06-30T02:20:00.000000Z,654.41,654.47,653.93,653.98,560.32
2025-06-30T02:25:00.000000Z,653.99,654.04,653.75,653.96,341.49
2025-06-30T02:30:00.000000Z,653.96,655.06,653.77,655.06,817.48
2025-06-30T02:35:00.000000Z,655.06,655.19,654.86,655.19,1308.23
2025-06-30T02:40:00.000000Z,655.2,655.34,654.96,655.33,732.05
2025-06-30T02:45:00.000000Z,655.33,655.33,654.85,654.98,430.42
2025-06-30T02:50:00.000000Z,654.97,655.2,654.87,655.15,439.43
2025-06-30T02:55:00.000000Z,655.14,655.14,653.72,653.88,1221.7
2025-06-30T03:00:00.000000Z,653.88,654.33,653.74,654.33,4315.5
2025-06-30T03:05:00.000000Z,654.34,654.6,654.3,654.59,557.35
2025-06-30T03:10:00.000000Z,654.59,654.6,654.3,654.56,594.07
2025-06-30T03:15:00.000000Z,654.56,654.9,654.42,654.75,1078.57
2025-06-30T03:20:00.000000Z,654.74,655.0,654.69,655.0,491.08
2025-06-30T03:25:00.000000Z,654.99,655.0,654.45,654.6,519.0
2025-06-30T03:30:00.000000Z,654.6,655.05,654.59,655.01,371.77
2025-06-30T03:35:00.000000Z,655.0,655.3,654.9,655.3,556.83
2025-06-30T03:40:00.000000Z,655.3,655.66,655.29,655.66,456.68
2025-06-30T03:45:00.000000Z,655.65,655.66,655.2,655.24,720.98
2025-06-30T03:50:00.000000Z,655.25,655.43,654.78,655.29,1439.05
2025-06-30T03:55:00.000000Z,655.28,655.44,655.24,655.41,575.2
2025-06-30T04:00:00.000000Z,655.4,656.5,655.36,656.49,3977.0
2025-06-30T04:05:00.000000Z,656.5,656.72,655.14,655.47,2266.5
2025-06-30T04:10:00.000000Z,655.46,655.89,655.28,655.29,796.45
2025-06-30T04:15:00.000000Z,655.28,655.46,654.71,654.95,869.79
2025-06-30T04:20:00.000000Z,654.96,655.22,654.88,655.22,663.19
2025-06-30T04:25:00.000000Z,655.22,655.36,655.05,655.28,588.1
2025-06-30T04:30:00.000000Z,655.27,655.28,654.79,654.91,539.14
2025-06-30T04:35:00.000000Z,654.91,655.0,654.67,654.98,265.81
2025-06-30T04:40:00.000000Z,654.98,654.98,654.27,654.38,480.27
2025-06-30T04:45:00.000000Z,654.37,655.34,654.16,655.24,1179.69
2025-06-30T04:50:00.000000Z,655.24,655.44,655.19,655.44,347.12
2025-06-30T04:55:00.000000Z,655.44,655.44,654.86,655.0,545.96
2025-06-30T05:00:00.000000Z,654.99,656.22,654.8,656.08,1394.47
2025-06-30T05:05:00.000000Z,656.08,656.24,655.66,656.17,903.51
2025-06-30T05:10:00.000000Z,656.18,656.18,655.74,655.83,459.11
2025-06-30T05:15:00.000000Z,655.84,655.84,655.3,655.34,497.41
2025-06-30T05:20:00.000000Z,655.34,655.45,654.86,655.02,434.74
2025-06-30T05:25:00.000000Z,655.05,655.15,654.52,654.53,698.94
2025-06-30T05:30:00.000000Z,654.52,654.62,654.32,654.41,554.33
2025-06-30T05:35:00.000000Z,654.41,654.94,654.27,654.93,677.16
2025-06-30T05:40:00.000000Z,654.94,655.0,654.56,654.76,525.75
2025-06-30T05:45:00.000000Z,654.75,654.9,654.67,654.78,356.67
2025-06-30T05:50:00.000000Z,654.78,655.05,654.66,654.85,529.59
2025-06-30T05:55:00.000000Z,654.86,655.33,654.86,655.12,679.46
2025-06-30T06:00:00.000000Z,655.12,655.27,655.12,655.24,349.08
2025-06-30T06:05:00.000000Z,655.23,655.3,655.23,655.25,591.44
2025-06-30T06:10:00.000000Z,655.25,655.29,655.08,655.21,869.12
2025-06-30T06:15:00.000000Z,655.21,655.21,654.92,654.94,710.82
2025-06-30T06:20:00.000000Z,654.94,655.18,654.94,655.18,383.1
2025-06-30T06:25:00.000000Z,655.17,655.21,655.08,655.08,424.29
2025-06-30T06:30:00.000000Z,655.08,655.17,655.08,655.11,366.85
2025-06-30T06:35:00.000000Z,655.12,655.12,654.35,654.45,1465.65
2025-06-30T06:40:00.000000Z,654.45,654.45,653.78,654.13,1540.02
2025-06-30T06:45:00.000000Z,654.12,654.24,652.42,652.73,3335.09
2025-06-30T06:50:00.000000Z,652.72,653.93,652.36,653.57,2583.25
2025-06-30T06:55:00.000000Z,653.57,653.89,653.4,653.41,1011.06
2025-06-30T07:00:00.000000Z,653.4,653.98,652.9,652.91,1546.33
2025-06-30T07:05:00.000000Z,652.91,653.68,652.6,653.68,1262.64
2025-06-30T07:10:00.000000Z,653.67,654.24,653.64,654.03,1195.05
2025-06-30T07:15:00.000000Z,654.02,654.84,653.78,654.76,1208.89
2025-06-30T07:20:00.000000Z,654.76,654.86,654.5,654.76,942.15
2025-06-30T07:25:00.000000Z,654.76,654.84,654.73,654.74,266.92
2025-06-30T07:30:00.000000Z,654.74,654.74,654.46,654.46,461.41
2025-06-30T07:35:00.000000Z,654.47,654.66,654.46,654.48,418.26
2025-06-30T07:40:00.000000Z,654.48,654.62,654.36,654.37,309.84
2025-06-30T07:45:00.000000Z,654.37,654.66,654.36,654.45,905.43
2025-06-30T07:50:00.000000Z,654.46,654.46,654.29,654.35,512.47
2025-06-30T07:55:00.000000Z,654.36,654.55,654.3,654.52,543.2
2025-06-30T08:00:00.000000Z,654.49,654.92,654.46,654.86,821.43
2025-06-30T08:05:00.000000Z,654.86,655.12,654.83,654.83,1455.11
2025-06-30T08:10:00.000000Z,654.83,654.84,653.99,654.0,1072.59
2025-06-30T08:15:00.000000Z,653.99,653.99,652.94,653.06,1669.3
2025-06-30T08:20:00.000000Z,653.05,653.35,653.04,653.06,638.8
2025-06-30T08:25:00.000000Z,653.06,653.45,652.9,653.42,864.79
2025-06-30T08:30:00.000000Z,653.41,653.42,652.94,652.94,741.38
2025-06-30T08:35:00.000000Z,652.95,653.45,652.86,653.12,679.41
2025-06-30T08:40:00.000000Z,653.13,653.44,653.06,653.11,502.86
2025-06-30T08:45:00.000000Z,653.11,653.35,652.86,653.28,980.7
2025-06-30T08:50:00.000000Z,653.28,653.31,653.15,653.31,356.72
2025-06-30T08:55:00.000000Z,653.3,653.75,653.3,653.37,745.83
2025-06-30T09:00:00.000000Z,653.36,653.72,653.17,653.2,685.92
2025-06-30T09:05:00.000000Z,653.19,653.84,653.16,653.79,1405.28
2025-06-30T09:10:00.000000Z,653.78,653.87,653.71,653.71,538.58
2025-06-30T09:15:00.000000Z,653.71,653.99,653.51,653.81,834.16
2025-06-30T09:20:00.000000Z,653.82,654.0,653.79,653.83,510.34
2025-06-30T09:25:00.000000Z,653.83,653.97,653.62,653.63,539.93
2025-06-30T09:30:00.000000Z,653.63,653.8,653.62,653.78,426.58
2025-06-30T09:35:00.000000Z,653.77,653.9,653.47,653.58,1138.7
2025-06-30T09:40:00.000000Z,653.59,653.68,652.84,653.22,2207.45
2025-06-30T09:45:00.000000Z,653.22,653.53,653.01,653.02,969.22
2025-06-30T09:50:00.000000Z,653.01,653.19,652.9,652.97,1179.39
2025-06-30T09:55:00.000000Z,652.96,652.97,651.7,651.83,8900.27
2025-06-30T10:00:00.000000Z,651.83,652.26,651.78,651.79,2837.3
2025-06-30T10:05:00.000000Z,651.79,652.45,651.7,651.91,3259.33
2025-06-30T10:10:00.000000Z,651.9,652.08,651.67,651.86,2736.19
2025-06-30T10:15:00.000000Z,651.86,652.01,651.6,651.92,1416.97
2025-06-30T10:20:00.000000Z,651.92,652.31,651.86,651.91,825.48
2025-06-30T10:25:00.000000Z,651.9,652.02,651.73,652.02,817.11
2025-06-30T10:30:00.000000Z,652.01,652.2,651.63,652.2,989.44
2025-06-30T10:35:00.000000Z,652.2,652.87,652.1,652.61,2149.66
2025-06-30T10:40:00.000000Z,652.61,652.61,652.12,652.27,1166.31
2025-06-30T10:45:00.000000Z,652.26,652.59,652.05,652.07,1400.86
2025-06-30T10:50:00.000000Z,652.07,652.28,652.05,652.27,474.32
2025-06-30T10:55:00.000000Z,652.27,653.48,652.23,653.1,4299.82
2025-06-30T11:00:00.000000Z,653.1,653.14,652.97,653.13,1349.3
2025-06-30T11:05:00.000000Z,653.14,654.0,653.13,653.64,2158.84
2025-06-30T11:10:00.000000Z,653.64,653.85,653.64,653.84,597.16
2025-06-30T11:15:00.000000Z,653.84,654.23,653.64,654.08,2112.84
2025-06-30T11:20:00.000000Z,654.08,654.72,654.04,654.42,1435.23
2025-06-30T11:25:00.000000Z,654.43,654.43,654.17,654.18,393.21
2025-06-30T11:30:00.000000Z,654.17,654.37,654.17,654.36,354.52
2025-06-30T11:35:00.000000Z,654.36,654.42,654.22,654.22,951.66
2025-06-30T11:40:00.000000Z,654.23,654.45,654.18,654.3,720.96
2025-06-30T11:45:00.000000Z,654.3,654.55,654.3,654.48,348.3
2025-06-30T11:50:00.000000Z,654.47,654.57,654.36,654.36,419.48
2025-06-30T11:55:00.000000Z,654.36,654.36,654.03,654.2,498.81
2025-06-30T12:00:00.000000Z,654.21,654.4,654.18,654.39,783.32
2025-06-30T12:05:00.000000Z,654.39,654.74,654.39,654.57,646.49
2025-06-30T12:10:00.000000Z,654.58,654.58,654.3,654.31,306.32
2025-06-30T12:15:00.000000Z,654.3,654.55,654.23,654.45,393.45
2025-06-30T12:20:00.000000Z,654.45,654.5,654.02,654.25,734.15
2025-06-30T12:25:00.000000Z,654.25,654.3,654.0,654.08,351.07
2025-06-30T12:30:00.000000Z,654.07,654.24,653.51,653.89,653.03
2025-06-30T12:35:00.000000Z,653.89,653.96,653.76,653.89,291.78
2025-06-30T12:40:00.000000Z,653.89,654.04,653.8,653.84,388.0
2025-06-30T12:45:00.000000Z,653.84,654.01,653.32,653.33,755.95
2025-06-30T12:50:00.000000Z,653.33,653.6,653.26,653.52,520.79
2025-06-30T12:55:00.000000Z,653.53,653.72,653.47,653.61,314.52
2025-06-30T13:00:00.000000Z,653.6,654.18,653.5,654.1,701.04
2025-06-30T13:05:00.000000Z,654.1,654.6,654.09,654.59,580.47
2025-06-30T13:10:00.000000Z,654.6,654.6,654.12,654.4,591.07
2025-06-30T13:15:00.000000Z,654.4,654.65,654.39,654.65,365.98
2025-06-30T13:20:00.000000Z,654.66,655.22,654.54,655.11,2018.49
2025-06-30T13:25:00.000000Z,655.11,655.46,655.1,655.18,2077.6
2025-06-30T13:30:00.000000Z,655.18,655.42,654.18,654.32,1784.87
2025-06-30T13:35:00.000000Z,654.31,654.92,653.92,654.47,1190.93
2025-06-30T13:40:00.000000Z,654.47,654.47,653.92,654.04,678.77
2025-06-30T13:45:00.000000Z,654.04,654.24,653.24,653.25,833.9
2025-06-30T13:50:00.000000Z,653.24,653.53,653.0,653.06,1049.13
2025-06-30T13:55:00.000000Z,653.07,653.27,652.93,653.14,478.52
2025-06-30T14:00:00.000000Z,653.14,653.52,653.08,653.21,833.16
2025-06-30T14:05:00.000000Z,653.2,653.2,652.02,652.39,1602.62
2025-06-30T14:10:00.000000Z,652.4,653.6,652.2,653.32,2213.38
2025-06-30T14:15:00.000000Z,653.33,653.58,652.82,652.97,837.44
2025-06-30T14:20:00.000000Z,652.97,653.41,652.78,653.41,489.26
2025-06-30T14:25:00.000000Z,653.41,653.49,652.97,653.46,682.0
2025-06-30T14:30:00.000000Z,653.46,653.63,653.02,653.36,656.05
2025-06-30T14:35:00.000000Z,653.36,654.18,653.35,653.69,818.56
2025-06-30T14:40:00.000000Z,653.68,653.93,653.68,653.73,414.48
2025-06-30T14:45:00.000000Z,653.72,653.92,653.22,653.22,613.71
2025-06-30T14:50:00.000000Z,653.23,653.34,652.06,652.36,1159.02
2025-06-30T14:55:00.000000Z,652.35,652.84,651.19,651.5,3543.75
2025-06-30T15:00:00.000000Z,651.51,653.12,651.5,652.61,4055.86
2025-06-30T15:05:00.000000Z,652.62,653.2,652.2,653.19,1920.8
2025-06-30T15:10:00.000000Z,653.19,653.48,652.88,653.1,1209.14
2025-06-30T15:15:00.000000Z,653.11,653.18,652.12,652.2,1801.88
2025-06-30T15:20:00.000000Z,652.21,653.19,651.93,653.1,999.36
2025-06-30T15:25:00.000000Z,653.11,654.83,652.96,654.63,2554.19
2025-06-30T15:30:00.000000Z,654.63,654.75,654.02,654.49,2881.8
2025-06-30T15:35:00.000000Z,654.49,655.14,654.33,654.89,2922.76
2025-06-30T15:40:00.000000Z,654.88,655.27,654.64,654.89,1502.97
2025-06-30T15:45:00.000000Z,654.9,656.56,654.89,656.28,3592.28
2025-06-30T15:50:00.000000Z,656.27,656.52,655.58,656.4,1804.05
2025-06-30T15:55:00.000000Z,656.4,656.83,656.34,656.6,1858.84
2025-06-30T16:00:00.000000Z,656.6,656.65,655.64,655.64,2595.85
2025-06-30T16:05:00.000000Z,655.64,656.63,655.61,656.63,1343.22
2025-06-30T16:10:00.000000Z,656.63,656.81,656.41,656.41,1030.56
2025-06-30T16:15:00.000000Z,656.41,656.42,655.8,656.1,1136.57
2025-06-30T16:20:00.000000Z,656.09,656.1,655.38,655.54,1320.28
2025-06-30T16:25:00.000000Z,655.53,655.63,655.18,655.33,623.57
2025-06-30T16:30:00.000000Z,655.33,656.26,655.33,655.8,1024.58
2025-06-30T16:35:00.000000Z,655.8,656.24,655.8,656.1,536.26
2025-06-30T16:40:00.000000Z,656.09,656.41,656.02,656.3,738.79
2025-06-30T16:45:00.000000Z,656.29,657.68,656.29,657.54,3207.11
2025-06-30T16:50:00.000000Z,657.55,658.32,657.3,658.07,3163.92
2025-06-30T16:55:00.000000Z,658.06,658.97,658.06,658.43,5492.97
2025-06-30T17:00:00.000000Z,658.42,658.66,658.0,658.02,1442.4
2025-06-30T17:05:00.000000Z,658.03,658.12,657.75,658.05,949.53
2025-06-30T17:10:00.000000Z,658.05,658.24,657.68,658.11,1047.34
2025-06-30T17:15:00.000000Z,658.11,658.39,657.65,658.14,997.02
2025-06-30T17:20:00.000000Z,658.14,658.39,657.98,658.26,803.82
2025-06-30T17:25:00.000000Z,658.26,658.44,657.88,657.91,912.52
2025-06-30T17:30:00.000000Z,657.92,658.46,657.91,658.21,1237.14
2025-06-30T17:35:00.000000Z,658.21,658.34,658.04,658.12,645.16
2025-06-30T17:40:00.000000Z,658.13,658.46,658.08,658.27,907.82
2025-06-30T17:45:00.000000Z,658.28,658.28,657.84,658.01,590.89
2025-06-30T17:50:00.000000Z,658.0,658.04,657.76,657.86,853.2
2025-06-30T17:55:00.000000Z,657.86,658.81,657.85,658.05,1283.8
2025-06-30T18:00:00.000000Z,658.05,658.81,657.92,658.45,1115.94
2025-06-30T18:05:00.000000Z,658.45,658.46,657.81,657.85,451.94
2025-06-30T18:10:00.000000Z,657.85,657.85,656.9,657.07,2077.5
2025-06-30T18:15:00.000000Z,657.07,657.72,657.07,657.72,740.96
2025-06-30T18:20:00.000000Z,657.72,658.1,657.55,657.71,978.75
2025-06-30T18:25:00.000000Z,657.71,657.73,657.68,657.72,171.09
2025-06-30T18:30:00.000000Z,657.73,657.73,656.98,657.25,1127.5
2025-06-30T18:35:00.000000Z,657.24,657.68,657.2,657.6,535.27
2025-06-30T18:40:00.000000Z,657.61,657.61,657.16,657.27,339.23
2025-06-30T18:45:00.000000Z,657.27,657.52,657.04,657.15,799.55
2025-06-30T18:50:00.000000Z,657.15,657.39,657.15,657.31,235.56
2025-06-30T18:55:00.000000Z,657.31,657.64,657.3,657.59,328.59
2025-06-30T19:00:00.000000Z,657.59,658.05,657.4,657.97,944.8
2025-06-30T19:05:00.000000Z,657.96,657.96,657.32,657.58,551.49
2025-06-30T19:10:00.000000Z,657.57,657.58,657.32,657.58,302.74
2025-06-30T19:15:00.000000Z,657.57,657.8,657.3,657.6,792.08
2025-06-30T19:20:00.000000Z,657.61,658.42,657.56,658.41,697.69
2025-06-30T19:25:00.000000Z,658.41,659.28,658.26,658.77,1709.09
2025-06-30T19:30:00.000000Z,658.77,658.81,658.41,658.41,764.31
2025-06-30T19:35:00.000000Z,658.42,658.48,658.0,658.02,751.21
2025-06-30T19:40:00.000000Z,658.03,658.26,657.92,658.08,382.14
2025-06-30T19:45:00.000000Z,658.09,658.5,657.94,658.27,707.65
2025-06-30T19:50:00.000000Z,658.27,658.55,657.81,658.55,830.22
2025-06-30T19:55:00.000000Z,658.54,659.47,658.23,659.34,1473.22
2025-06-30T20:00:00.000000Z,659.33,659.98,658.52,658.87,5301.6
2025-06-30T20:05:00.000000Z,658.87,659.44,658.87,659.05,1097.89
2025-06-30T20:10:00.000000Z,659.04,659.43,659.04,659.35,519.85
2025-06-30T20:15:00.000000Z,659.36,659.89,659.29,659.29,1585.8
2025-06-30T20:20:00.000000Z,659.29,659.56,659.19,659.33,510.68
2025-06-30T20:25:00.000000Z,659.33,659.43,659.01,659.25,978.88
2025-06-30T20:30:00.000000Z,659.25,659.92,659.25,659.92,908.19
2025-06-30T20:35:00.000000Z,659.92,659.96,659.72,659.77,721.74
2025-06-30T20:40:00.000000Z,659.77,659.79,659.34,659.54,1632.81
2025-06-30T20:45:00.000000Z,659.55,659.8,659.54,659.79,402.08
2025-06-30T20:50:00.000000Z,659.79,660.0,659.67,659.69,1178.06
2025-06-30T20:55:00.000000Z,659.69,659.92,658.8,658.83,2224.81
2025-06-30T21:00:00.000000Z,658.83,659.08,658.52,658.58,858.48
2025-06-30T21:05:00.000000Z,658.59,658.62,658.05,658.19,836.07
2025-06-30T21:10:00.000000Z,658.2,658.58,658.19,658.35,659.41
2025-06-30T21:15:00.000000Z,658.35,658.7,658.16,658.56,539.32
2025-06-30T21:20:00.000000Z,658.57,658.66,658.12,658.39,635.43
2025-06-30T21:25:00.000000Z,658.4,658.78,658.27,658.57,665.9
2025-06-30T21:30:00.000000Z,658.58,658.58,658.44,658.44,288.37
2025-06-30T21:35:00.000000Z,658.45,658.69,658.44,658.52,299.52
2025-06-30T21:40:00.000000Z,658.52,658.53,658.17,658.22,430.06
2025-06-30T21:45:00.000000Z,658.23,658.26,658.09,658.09,274.11
2025-06-30T21:50:00.000000Z,658.09,658.1,656.77,656.83,966.82
2025-06-30T21:55:00.000000Z,656.82,657.14,656.63,656.99,1173.57
2025-06-30T22:00:00.000000Z,656.99,657.52,656.9,657.47,1293.96
2025-06-30T22:05:00.000000Z,657.48,657.94,657.17,657.66,1346.98
2025-06-30T22:10:00.000000Z,657.65,657.66,657.08,657.25,338.39
2025-06-30T22:15:00.000000Z,657.25,657.42,657.07,657.15,746.08
2025-06-30T22:20:00.000000Z,657.14,657.15,656.68,657.08,485.52
2025-06-30T22:25:00.000000Z,657.08,657.32,657.06,657.23,308.94
2025-06-30T22:30:00.000000Z,657.24,657.28,657.0,657.22,571.25
2025-06-30T22:35:00.000000Z,657.23,658.07,657.23,657.84,1400.44
2025-06-30T22:40:00.000000Z,657.84,657.85,657.48,657.53,545.16
2025-06-30T22:45:00.000000Z,657.54,657.54,656.76,656.95,1032.95
2025-06-30T22:50:00.000000Z,656.95,657.44,656.93,657.19,468.6
2025-06-30T22:55:00.000000Z,657.2,657.41,657.19,657.24,323.73
2025-06-30T23:00:00.000000Z,657.25,657.34,657.0,657.02,427.3
2025-06-30T23:05:00.000000Z,657.03,657.56,657.01,657.37,629.76
2025-06-30T23:10:00.000000Z,657.38,657.8,657.38,657.8,265.08
2025-06-30T23:15:00.000000Z,657.8,657.8,657.46,657.72,910.52
2025-06-30T23:20:00.000000Z,657.73,657.73,657.48,657.52,271.58
2025-06-30T23:25:00.000000Z,657.53,657.53,657.0,657.29,719.61
2025-06-30T23:30:00.000000Z,657.3,657.3,656.74,656.74,649.62
2025-06-30T23:35:00.000000Z,656.75,657.2,656.74,657.05,222.62
2025-06-30T23:40:00.000000Z,657.05,657.2,657.04,657.14,209.97
2025-06-30T23:45:00.000000Z,657.14,657.14,656.7,657.04,502.88
2025-06-30T23:50:00.000000Z,657.03,657.14,656.91,657.04,429.44
2025-06-30T23:55:00.000000Z,657.04,657.04,656.82,656.99,573.87
2025-07-01T00:00:00.000000Z,656.99,657.8,656.99,657.42,1016.49
2025-07-01T00:05:00.000000Z,657.41,658.29,657.26,658.29,764.26
2025-07-01T00:10:00.000000Z,658.3,658.55,658.12,658.45,718.49
2025-07-01T00:15:00.000000Z,658.45,659.01,658.45,658.96,1091.34
2025-07-01T00:20:00.000000Z,658.96,659.2,658.01,658.01,1287.31
2025-07-01T00:25:00.000000Z,658.02,658.25,657.41,657.42,811.03
2025-07-01T00:30:00.000000Z,657.42,657.59,656.61,657.59,2829.56
2025-07-01T00:35:00.000000Z,657.6,658.52,657.6,657.84,1854.98
2025-07-01T00:40:00.000000Z,657.85,658.19,657.85,658.04,563.87
2025-07-01T00:45:00.000000Z,658.04,658.19,657.72,657.77,555.84
2025-07-01T00:50:00.000000Z,657.77,658.33,657.76,658.16,705.21
2025-07-01T00:55:00.000000Z,658.16,658.18,657.73,658.17,604.01
2025-07-01T01:00:00.000000Z,658.18,658.37,658.02,658.32,1717.64
2025-07-01T01:05:00.000000Z,658.32,658.5,658.12,658.16,445.08
2025-07-01T01:10:00.000000Z,658.16,658.45,658.09,658.4,435.73
2025-07-01T01:15:00.000000Z,658.4,658.7,658.2,658.7,547.12
2025-07-01T01:20:00.000000Z,658.69,658.7,658.37,658.66,501.3
2025-07-01T01:25:00.000000Z,658.66,658.95,658.55,658.61,675.64
2025-07-01T01:30:00.000000Z,658.62,658.91,658.16,658.91,791.23
2025-07-01T01:35:00.000000Z,658.92,658.96,658.29,658.42,319.98
2025-07-01T01:40:00.000000Z,658.42,658.51,658.04,658.04,584.36
2025-07-01T01:45:00.000000Z,658.05,658.86,658.05,658.66,646.1
2025-07-01T01:50:00.000000Z,658.66,658.66,657.75,657.75,617.63
2025-07-01T01:55:00.000000Z,657.74,658.12,657.66,658.03,227.14
2025-07-01T02:00:00.000000Z,658.03,658.04,657.56,657.93,697.79
2025-07-01T02:05:00.000000Z,657.93,658.5,657.92,658.23,723.42
2025-07-01T02:10:00.000000Z,658.23,658.59,657.92,658.21,469.05
2025-07-01T02:15:00.000000Z,658.21,658.87,658.13,658.61,620.45
2025-07-01T02:20:00.000000Z,658.61,658.84,658.55,658.78,438.19
2025-07-01T02:25:00.000000Z,658.78,658.86,658.58,658.82,401.95
2025-07-01T02:30:00.000000Z,658.82,658.96,658.08,658.14,534.44
2025-07-01T02:35:00.000000Z,658.17,658.27,657.8,657.83,530.94
2025-07-01T02:40:00.000000Z,657.83,657.9,657.72,657.85,502.97
2025-07-01T02:45:00.000000Z,657.86,657.86,657.25,657.25,828.91
2025-07-01T02:50:00.000000Z,657.26,657.26,656.7,656.8,919.43
2025-07-01T02:55:00.000000Z,656.8,657.0,656.72,656.97,576.28
2025-07-01T03:00:00.000000Z,656.98,657.06,656.69,657.0,793.81
2025-07-01T03:05:00.000000Z,656.99,657.1,656.78,656.78,751.05
2025-07-01T03:10:00.000000Z,656.78,657.0,656.36,656.62,1393.62
2025-07-01T03:15:00.000000Z,656.63,656.66,656.32,656.58,868.23
2025-07-01T03:20:00.000000Z,656.58,656.86,656.11,656.47,1043.4
2025-07-01T03:25:00.000000Z,656.48,656.48,656.26,656.34,370.87
2025-07-01T03:30:00.000000Z,656.34,656.34,656.1,656.11,361.55
2025-07-01T03:35:00.000000Z,656.11,656.26,656.11,656.24,324.2
2025-07-01T03:40:00.000000Z,656.24,656.26,656.1,656.1,291.5
2025-07-01T03:45:00.000000Z,656.1,656.1,655.4,655.82,2306.04
2025-07-01T03:50:00.000000Z,655.83,656.11,655.8,655.92,432.2
2025-07-01T03:55:00.000000Z,655.91,655.92,655.75,655.9,386.53
2025-07-01T04:00:00.000000Z,655.9,655.92,655.43,655.44,766.88
2025-07-01T04:05:00.000000Z,655.43,655.48,654.84,654.84,1682.76
2025-07-01T04:10:00.000000Z,654.83,654.96,654.72,654.74,1437.13
2025-07-01T04:15:00.000000Z,654.74,654.82,654.41,654.42,917.02
2025-07-01T04:20:00.000000Z,654.42,654.7,654.41,654.49,981.96
2025-07-01T04:25:00.000000Z,654.49,654.49,653.8,653.93,1741.14
2025-07-01T04:30:00.000000Z,653.94,654.44,653.69,654.44,1670.74
2025-07-01T04:35:00.000000Z,654.43,654.44,653.71,653.85,840.79
2025-07-01T04:40:00.000000Z,653.85,654.04,653.76,653.99,823.49
2025-07-01T04:45:00.000000Z,654.0,654.23,653.72,653.91,794.04
2025-07-01T04:50:00.000000Z,653.9,653.9,652.84,652.92,3029.63
2025-07-01T04:55:00.000000Z,652.92,653.06,652.25,652.53,2424.74
2025-07-01T05:00:00.000000Z,652.54,653.14,652.49,653.08,1655.3
2025-07-01T05:05:00.000000Z,653.07,653.2,652.51,652.51,1057.48
2025-07-01T05:10:00.000000Z,652.51,652.59,651.95,652.29,1750.49
2025-07-01T05:15:00.000000Z,652.3,652.84,652.02,652.29,1485.97
2025-07-01T05:20:00.000000Z,652.28,652.54,651.98,652.26,1864.77
2025-07-01T05:25:00.000000Z,652.27,652.3,651.68,651.73,2249.62
2025-07-01T05:30:00.000000Z,651.74,652.77,651.66,651.74,1972.79
2025-07-01T05:35:00.000000Z,651.75,652.3,651.56,651.79,1254.26
2025-07-01T05:40:00.000000Z,651.78,652.12,651.76,651.99,981.14
2025-07-01T05:45:00.000000Z,651.99,652.62,651.7,652.43,843.2
2025-07-01T05:50:00.000000Z,652.43,652.51,652.03,652.12,894.46
2025-07-01T05:55:00.000000Z,652.12,652.58,652.12,652.36,1006.47
2025-07-01T06:00:00.000000Z,652.35,652.35,651.81,651.82,1026.23
2025-07-01T06:05:00.000000Z,651.81,652.08,651.7,652.02,924.2
2025-07-01T06:10:00.000000Z,652.02,652.08,651.84,652.08,585.92
2025-07-01T06:15:00.000000Z,652.08,652.38,651.96,652.25,637.05
2025-07-01T06:20:00.000000Z,652.26,652.7,652.25,652.55,774.42
2025-07-01T06:25:00.000000Z,652.55,652.76,652.43,652.45,572.6
2025-07-01T06:30:00.000000Z,652.45,652.95,652.44,652.95,957.77
2025-07-01T06:35:00.000000Z,652.95,653.2,652.94,653.19,1075.02
2025-07-01T06:40:00.000000Z,653.18,653.68,653.18,653.36,1309.95
2025-07-01T06:45:00.000000Z,653.37,653.56,653.3,653.47,830.32
2025-07-01T06:50:00.000000Z,653.47,653.62,653.32,653.48,705.95
2025-07-01T06:55:00.000000Z,653.47,653.62,653.32,653.44,464.97
2025-07-01T07:00:00.000000Z,653.44,653.8,653.43,653.8,960.52
2025-07-01T07:05:00.000000Z,653.8,654.25,653.7,654.25,1364.89
2025-07-01T07:10:00.000000Z,654.25,654.25,653.98,653.99,919.07
2025-07-01T07:15:00.000000Z,653.99,654.16,653.43,653.47,1162.12
2025-07-01T07:20:00.000000Z,653.44,653.49,652.4,652.89,1885.04
2025-07-01T07:25:00.000000Z,652.9,654.26,652.89,654.14,1506.52
2025-07-01T07:30:00.000000Z,654.14,654.45,654.05,654.31,1091.09
2025-07-01T07:35:00.000000Z,654.32,654.32,653.9,653.99,628.07
2025-07-01T07:40:00.000000Z,653.99,654.12,653.68,653.87,392.89
2025-07-01T07:45:00.000000Z,653.86,654.18,653.82,653.96,549.55
2025-07-01T07:50:00.000000Z,653.96,654.36,653.96,654.2,849.86
2025-07-01T07:55:00.000000Z,654.2,654.2,653.9,653.98,330.98
2025-07-01T08:00:00.000000Z,653.98,653.98,653.1,653.11,971.8
2025-07-01T08:05:00.000000Z,653.1,653.11,652.76,652.83,1161.37
2025-07-01T08:10:00.000000Z,652.84,652.86,652.26,652.26,526.25
2025-07-01T08:15:00.000000Z,652.27,652.67,652.27,652.67,1701.56
2025-07-01T08:20:00.000000Z,652.68,652.77,652.36,652.77,629.82
2025-07-01T08:25:00.000000Z,652.77,652.77,652.28,652.51,994.13
2025-07-01T08:30:00.000000Z,652.51,652.62,652.26,652.27,402.62
2025-07-01T08:35:00.000000Z,652.27,652.35,652.01,652.08,586.49
2025-07-01T08:40:00.000000Z,652.07,652.08,651.82,651.87,653.86
2025-07-01T08:45:00.000000Z,651.87,652.5,651.8,652.5,668.32
2025-07-01T08:50:00.000000Z,652.5,652.51,652.08,652.4,380.1
2025-07-01T08:55:00.000000Z,652.4,652.4,652.07,652.23,618.37
2025-07-01T09:00:00.000000Z,652.24,652.84,652.2,652.71,582.6
2025-07-01T09:05:00.000000Z,652.72,653.1,652.39,653.09,973.99
2025-07-01T09:10:00.000000Z,653.09,653.1,652.66,652.66,406.84
2025-07-01T09:15:00.000000Z,652.66,652.82,652.41,652.72,603.91
2025-07-01T09:20:00.000000Z,652.73,653.0,652.3,652.95,701.71
2025-07-01T09:25:00.000000Z,652.95,652.95,652.6,652.6,238.01
2025-07-01T09:30:00.000000Z,652.61,653.0,652.52,652.52,934.24
2025-07-01T09:35:00.000000Z,652.52,652.8,652.52,652.73,416.52
2025-07-01T09:40:00.000000Z,652.74,652.88,652.56,652.83,481.13
2025-07-01T09:45:00.000000Z,652.83,652.84,652.5,652.65,517.39
2025-07-01T09:50:00.000000Z,652.65,652.81,652.58,652.65,449.83
2025-07-01T09:55:00.000000Z,652.65,653.0,652.64,652.85,381.13
2025-07-01T10:00:00.000000Z,652.86,652.98,652.52,652.98,894.23
2025-07-01T10:05:00.000000Z,652.98,652.98,652.34,652.55,684.72
2025-07-01T10:10:00.000000Z,652.55,652.55,652.1,652.13,397.39
2025-07-01T10:15:00.000000Z,652.13,652.56,652.06,652.56,1345.68
2025-07-01T10:20:00.000000Z,652.55,652.95,652.54,652.78,552.1
2025-07-01T10:25:00.000000Z,652.79,652.79,652.54,652.62,324.99
2025-07-01T10:30:00.000000Z,652.61,653.0,652.51,652.95,618.15
2025-07-01T10:35:00.000000Z,652.95,652.97,652.29,652.66,812.4
2025-07-01T10:40:00.000000Z,652.65,652.9,652.65,652.9,559.26
2025-07-01T10:45:00.000000Z,652.9,652.9,652.48,652.59,1210.0
2025-07-01T10:50:00.000000Z,652.59,653.2,652.59,652.9,819.04
2025-07-01T10:55:00.000000Z,652.9,653.11,652.85,653.1,413.97
2025-07-01T11:00:00.000000Z,653.1,653.11,652.26,652.27,936.82
2025-07-01T11:05:00.000000Z,652.26,652.34,652.08,652.13,479.29
2025-07-01T11:10:00.000000Z,652.12,652.14,651.5,651.55,1741.62
2025-07-01T11:15:00.000000Z,651.55,651.74,651.5,651.6,1088.09
2025-07-01T11:20:00.000000Z,651.61,651.96,651.58,651.82,2323.87
2025-07-01T11:25:00.000000Z,651.82,651.88,651.75,651.81,461.42
2025-07-01T11:30:00.000000Z,651.81,652.23,651.8,652.08,646.18
2025-07-01T11:35:00.000000Z,652.08,652.2,651.84,652.13,1513.47
2025-07-01T11:40:00.000000Z,652.12,652.14,651.95,652.01,485.19
2025-07-01T11:45:00.000000Z,652.01,652.25,651.92,652.18,404.7
2025-07-01T11:50:00.000000Z,652.19,652.19,651.64,651.88,605.12
2025-07-01T11:55:00.000000Z,651.88,652.24,651.87,652.24,454.8
2025-07-01T12:00:00.000000Z,652.24,652.44,652.04,652.44,541.26
2025-07-01T12:05:00.000000Z,652.44,652.58,652.1,652.17,858.72
2025-07-01T12:10:00.000000Z,652.17,652.23,651.92,652.22,623.09
2025-07-01T12:15:00.000000Z,652.23,652.28,652.15,652.2,491.98
2025-07-01T12:20:00.000000Z,652.2,652.27,651.84,651.95,703.06
2025-07-01T12:25:00.000000Z,651.94,651.95,651.7,651.81,1229.4
2025-07-01T12:30:00.000000Z,651.81,651.9,651.47,651.66,621.76
2025-07-01T12:35:00.000000Z,651.65,651.88,651.62,651.71,476.71
2025-07-01T12:40:00.000000Z,651.7,651.92,651.33,651.34,990.39
2025-07-01T12:45:00.000000Z,651.34,651.35,650.86,650.92,1779.51
2025-07-01T12:50:00.000000Z,650.93,651.23,650.76,650.89,800.04
2025-07-01T12:55:00.000000Z,650.89,651.1,650.7,650.71,674.02
2025-07-01T13:00:00.000000Z,650.71,650.74,650.27,650.43,2345.74
2025-07-01T13:05:00.000000Z,650.43,650.94,650.34,650.86,724.86
2025-07-01T13:10:00.000000Z,650.86,650.87,650.0,650.08,1592.12
2025-07-01T13:15:00.000000Z,650.08,650.5,649.93,650.04,1608.55
2025-07-01T13:20:00.000000Z,650.04,650.28,649.97,650.06,550.45
2025-07-01T13:25:00.000000Z,650.07,650.8,650.07,650.79,830.09
2025-07-01T13:30:00.000000Z,650.79,651.34,650.75,651.31,896.45
2025-07-01T13:35:00.000000Z,651.3,651.57,650.32,650.37,1201.84
2025-07-01T13:40:00.000000Z,650.34,650.58,649.2,649.67,2728.48
2025-07-01T13:45:00.000000Z,649.66,650.91,649.53,650.91,1849.96
2025-07-01T13:50:00.000000Z,650.91,651.5,650.91,651.36,1133.46
2025-07-01T13:55:00.000000Z,651.37,651.37,650.92,651.06,557.05
2025-07-01T14:00:00.000000Z,651.06,651.5,650.88,651.33,1018.73
2025-07-01T14:05:00.000000Z,651.32,651.73,651.31,651.65,1512.36
2025-07-01T14:10:00.000000Z,651.64,651.99,651.33,651.97,2681.77
2025-07-01T14:15:00.000000Z,651.96,652.3,651.22,651.46,2524.44
2025-07-01T14:20:00.000000Z,651.46,651.56,650.4,650.52,1193.0
2025-07-01T14:25:00.000000Z,650.52,650.8,648.79,648.91,4765.84
2025-07-01T14:30:00.000000Z,648.92,649.28,647.84,647.85,6355.01
2025-07-01T14:35:00.000000Z,647.85,648.2,645.77,645.96,12072.19
2025-07-01T14:40:00.000000Z,645.95,646.92,645.93,646.18,14594.05
2025-07-01T14:45:00.000000Z,646.18,647.0,645.97,646.67,3433.89
2025-07-01T14:50:00.000000Z,646.66,647.6,646.41,646.9,3225.37
2025-07-01T14:55:00.000000Z,646.89,647.12,646.46,646.99,1377.78
2025-07-01T15:00:00.000000Z,646.99,647.25,646.71,647.2,1685.15
2025-07-01T15:05:00.000000Z,647.19,647.43,646.58,646.67,1568.58
2025-07-01T15:10:00.000000Z,646.67,646.68,645.48,646.03,4742.93
2025-07-01T15:15:00.000000Z,646.03,646.26,645.98,646.1,1064.74
2025-07-01T15:20:00.000000Z,646.1,646.36,645.9,646.02,1262.02
2025-07-01T15:25:00.000000Z,646.02,646.39,646.02,646.09,887.08
2025-07-01T15:30:00.000000Z,646.1,646.67,645.89,646.62,1589.51
2025-07-01T15:35:00.000000Z,646.61,646.62,645.5,645.52,1624.61
2025-07-01T15:40:00.000000Z,645.52,645.68,645.3,645.5,1352.11
2025-07-01T15:45:00.000000Z,645.5,646.04,645.47,645.76,1210.2
2025-07-01T15:50:00.000000Z,645.76,645.86,645.62,645.71,623.81
2025-07-01T15:55:00.000000Z,645.7,645.97,645.62,645.74,979.42
2025-07-01T16:00:00.000000Z,645.74,645.79,645.5,645.53,819.76
2025-07-01T16:05:00.000000Z,645.53,646.1,645.52,646.09,812.41
2025-07-01T16:10:00.000000Z,646.09,646.81,646.09,646.73,1565.92
2025-07-01T16:15:00.000000Z,646.74,646.74,645.82,646.01,1139.97
2025-07-01T16:20:00.000000Z,646.02,646.1,645.78,646.07,405.24
2025-07-01T16:25:00.000000Z,646.07,646.26,645.94,646.06,467.22
2025-07-01T16:30:00.000000Z,646.06,646.36,645.94,646.35,351.9
2025-07-01T16:35:00.000000Z,646.35,646.36,645.94,645.97,612.86
2025-07-01T16:40:00.000000Z,645.96,646.16,645.86,645.88,378.77
2025-07-01T16:45:00.000000Z,645.89,646.01,645.55,645.9,668.34
2025-07-01T16:50:00.000000Z,645.9,646.02,645.68,645.96,266.12
2025-07-01T16:55:00.000000Z,645.95,646.01,645.56,645.91,606.02
2025-07-01T17:00:00.000000Z,645.9,646.07,645.4,645.44,1004.2
2025-07-01T17:05:00.000000Z,645.43,645.87,645.43,645.82,701.77
2025-07-01T17:10:00.000000Z,645.82,646.35,645.75,646.11,542.17
2025-07-01T17:15:00.000000Z,646.1,646.35,646.1,646.33,297.62
2025-07-01T17:20:00.000000Z,646.34,646.53,646.16,646.52,282.38
2025-07-01T17:25:00.000000Z,646.52,646.52,646.02,646.02,438.43
2025-07-01T17:30:00.000000Z,646.02,646.03,645.54,645.54,551.54
2025-07-01T17:35:00.000000Z,645.55,645.82,645.55,645.8,485.07
2025-07-01T17:40:00.000000Z,645.79,646.16,645.79,645.98,524.91
2025-07-01T17:45:00.000000Z,645.97,646.07,645.88,645.99,497.16
2025-07-01T17:50:00.000000Z,645.98,646.23,645.88,646.03,332.05
2025-07-01T17:55:00.000000Z,646.04,646.3,645.83,646.13,649.87
2025-07-01T18:00:00.000000Z,646.14,646.14,645.68,645.69,358.57
2025-07-01T18:05:00.000000Z,645.68,645.78,645.54,645.59,481.52
2025-07-01T18:10:00.000000Z,645.59,645.64,645.59,645.64,255.68
2025-07-01T18:15:00.000000Z,645.63,645.64,645.22,645.32,647.73
2025-07-01T18:20:00.000000Z,645.32,645.32,644.33,644.76,3859.57
2025-07-01T18:25:00.000000Z,644.75,644.85,644.53,644.79,794.64
2025-07-01T18:30:00.000000Z,644.79,645.22,644.78,645.01,892.27
2025-07-01T18:35:00.000000Z,645.02,645.02,644.82,644.96,418.9
2025-07-01T18:40:00.000000Z,644.96,645.08,644.82,645.06,633.88
2025-07-01T18:45:00.000000Z,645.06,645.06,644.78,644.95,367.89
2025-07-01T18:50:00.000000Z,644.95,645.36,644.94,645.08,824.12
2025-07-01T18:55:00.000000Z,645.08,645.11,644.12,644.67,1042.85
2025-07-01T19:00:00.000000Z,644.66,645.12,644.44,645.06,1504.64
2025-07-01T19:05:00.000000Z,645.06,645.66,645.06,645.4,835.1
2025-07-01T19:10:00.000000Z,645.4,646.5,645.4,646.39,1291.97
2025-07-01T19:15:00.000000Z,646.39,646.5,646.06,646.06,658.08
2025-07-01T19:20:00.000000Z,646.06,646.38,645.89,646.38,443.49
2025-07-01T19:25:00.000000Z,646.38,646.52,646.21,646.22,504.5
2025-07-01T19:30:00.000000Z,646.23,646.4,645.9,645.91,552.32
2025-07-01T19:35:00.000000Z,645.91,646.34,645.6,645.61,332.26
2025-07-01T19:40:00.000000Z,645.61,645.73,645.3,645.69,754.87
2025-07-01T19:45:00.000000Z,645.68,646.35,645.68,646.01,1454.31
2025-07-01T19:50:00.000000Z,646.0,646.2,645.72,646.09,1047.02
2025-07-01T19:55:00.000000Z,646.09,646.11,645.51,645.52,450.04
2025-07-01T20:00:00.000000Z,645.52,645.66,643.65,644.1,4396.76
2025-07-01T20:05:00.000000Z,644.09,645.09,644.09,644.54,1302.99
2025-07-01T20:10:00.000000Z,644.54,644.86,644.07,644.5,808.23
2025-07-01T20:15:00.000000Z,644.5,645.42,644.46,645.3,828.79
2025-07-01T20:20:00.000000Z,645.3,645.59,645.1,645.39,479.04
2025-07-01T20:25:00.000000Z,645.39,645.82,645.39,645.78,372.78
2025-07-01T20:30:00.000000Z,645.78,646.04,645.71,645.83,655.52
2025-07-01T20:35:00.000000Z,645.82,646.18,645.82,645.98,379.72
2025-07-01T20:40:00.000000Z,645.99,645.99,645.56,645.64,435.67
2025-07-01T20:45:00.000000Z,645.65,645.81,645.62,645.77,290.46
2025-07-01T20:50:00.000000Z,645.77,645.91,645.62,645.67,325.63
2025-07-01T20:55:00.000000Z,645.66,646.02,645.59,645.8,315.11
2025-07-01T21:00:00.000000Z,645.81,645.81,645.36,645.42,628.16
2025-07-01T21:05:00.000000Z,645.43,645.5,644.97,645.49,728.48
2025-07-01T21:10:00.000000Z,645.49,645.77,645.26,645.7,940.02
2025-07-01T21:15:00.000000Z,645.71,646.3,645.57,646.19,403.39
2025-07-01T21:20:00.000000Z,646.19,647.29,646.17,647.22,1679.5
2025-07-01T21:25:00.000000Z,647.21,647.21,646.41,646.49,1812.79
2025-07-01T21:30:00.000000Z,646.5,646.57,646.17,646.32,426.85
2025-07-01T21:35:00.000000Z,646.33,646.41,646.14,646.41,221.01
2025-07-01T21:40:00.000000Z,646.41,646.78,646.33,646.63,442.86
2025-07-01T21:45:00.000000Z,646.64,646.68,646.39,646.43,222.88
2025-07-01T21:50:00.000000Z,646.43,646.58,646.43,646.55,242.17
2025-07-01T21:55:00.000000Z,646.55,646.56,646.26,646.43,282.46
2025-07-01T22:00:00.000000Z,646.43,647.02,646.0,646.74,989.06
2025-07-01T22:05:00.000000Z,646.74,646.8,645.51,645.8,511.13
2025-07-01T22:10:00.000000Z,645.8,646.16,645.51,646.01,566.62
2025-07-01T22:15:00.000000Z,646.02,646.19,645.64,645.64,200.98
2025-07-01T22:20:00.000000Z,645.65,645.88,645.64,645.71,360.73
2025-07-01T22:25:00.000000Z,645.74,645.74,645.63,645.63,190.22
2025-07-01T22:30:00.000000Z,645.64,646.09,645.35,646.09,399.47
2025-07-01T22:35:00.000000Z,646.08,646.53,646.08,646.2,348.79
2025-07-01T22:40:00.000000Z,646.21,646.35,646.06,646.25,304.56
2025-07-01T22:45:00.000000Z,646.26,646.44,646.22,646.26,255.46
2025-07-01T22:50:00.000000Z,646.26,646.36,646.13,646.18,216.25
2025-07-01T22:55:00.000000Z,646.18,646.2,645.37,645.43,578.18
2025-07-01T23:00:00.000000Z,645.43,645.43,644.53,644.54,990.12
2025-07-01T23:05:00.000000Z,644.53,644.82,644.42,644.63,608.88
2025-07-01T23:10:00.000000Z,644.63,644.74,643.88,644.2,776.95
2025-07-01T23:15:00.000000Z,644.19,644.77,644.19,644.6,520.67
2025-07-01T23:20:00.000000Z,644.6,645.11,644.56,645.04,383.71
2025-07-01T23:25:00.000000Z,645.03,645.35,644.82,645.33,672.48
2025-07-01T23:30:00.000000Z,645.33,645.5,645.2,645.5,268.41
2025-07-01T23:35:00.000000Z,645.5,645.5,645.24,645.46,234.98
2025-07-01T23:40:00.000000Z,645.45,645.71,645.37,645.7,589.4
2025-07-01T23:45:00.000000Z,645.71,646.09,645.71,646.08,413.31
2025-07-01T23:50:00.000000Z,646.08,646.08,645.82,645.82,262.38
2025-07-01T23:55:00.000000Z,645.83,646.12,645.82,646.11,234.73
2025-07-02T00:00:00.000000Z,646.12,646.27,646.08,646.23,1103.28
2025-07-02T00:05:00.000000Z,646.22,646.24,645.85,645.96,914.79
2025-07-02T00:10:00.000000Z,645.96,646.18,645.92,646.1,444.14
2025-07-02T00:15:00.000000Z,646.09,646.24,645.87,645.97,662.53
2025-07-02T00:20:00.000000Z,645.98,646.3,645.98,646.12,532.71
2025-07-02T00:25:00.000000Z,646.12,646.48,646.1,646.28,321.54
2025-07-02T00:30:00.000000Z,646.29,646.48,646.25,646.41,314.98
2025-07-02T00:35:00.000000Z,646.42,646.5,645.93,646.03,569.36
2025-07-02T00:40:00.000000Z,646.03,646.5,646.03,646.37,345.19
2025-07-02T00:45:00.000000Z,646.38,646.41,645.4,645.55,515.29
2025-07-02T00:50:00.000000Z,645.55,645.72,645.2,645.28,516.83
2025-07-02T00:55:00.000000Z,645.28,645.45,645.28,645.4,297.55
2025-07-02T01:00:00.000000Z,645.39,645.57,645.36,645.37,529.92
2025-07-02T01:05:00.000000Z,645.37,645.6,645.36,645.47,261.63
2025-07-02T01:10:00.000000Z,645.48,645.72,645.39,645.65,380.26
2025-07-02T01:15:00.000000Z,645.65,645.93,643.5,645.65,2536.99
2025-07-02T01:20:00.000000Z,645.66,646.85,645.66,646.53,1667.38
2025-07-02T01:25:00.000000Z,646.53,647.03,646.18,647.01,788.16
2025-07-02T01:30:00.000000Z,647.02,647.07,646.4,646.81,679.21
2025-07-02T01:35:00.000000Z,646.81,647.25,646.81,647.04,1552.14
2025-07-02T01:40:00.000000Z,647.04,647.78,646.92,647.73,1341.67
2025-07-02T01:45:00.000000Z,647.74,647.74,647.29,647.48,1134.91
2025-07-02T01:50:00.000000Z,647.48,647.48,647.04,647.06,627.17
2025-07-02T01:55:00.000000Z,647.06,647.16,647.0,647.04,334.2
2025-07-02T02:00:00.000000Z,647.05,647.57,646.84,647.2,886.9
2025-07-02T02:05:00.000000Z,647.2,647.36,647.16,647.21,237.56
2025-07-02T02:10:00.000000Z,647.21,647.21,646.6,646.65,560.73
2025-07-02T02:15:00.000000Z,646.65,647.02,646.56,646.63,385.32
2025-07-02T02:20:00.000000Z,646.62,647.0,646.56,646.94,265.83
2025-07-02T02:25:00.000000Z,646.95,647.37,646.76,647.37,313.68
2025-07-02T02:30:00.000000Z,647.37,647.55,647.16,647.19,1013.29
2025-07-02T02:35:00.000000Z,647.2,647.44,646.93,646.93,338.66
2025-07-02T02:40:00.000000Z,646.93,647.58,646.92,647.57,292.34
2025-07-02T02:45:00.000000Z,647.57,648.64,647.38,648.55,2719.0
2025-07-02T02:50:00.000000Z,648.54,648.78,648.44,648.47,851.29
2025-07-02T02:55:00.000000Z,648.46,648.88,648.4,648.82,428.17
2025-07-02T03:00:00.000000Z,648.83,648.88,648.3,648.52,1018.29
2025-07-02T03:05:00.000000Z,648.52,648.88,648.47,648.71,719.68
2025-07-02T03:10:00.000000Z,648.7,648.92,648.54,648.91,514.93
2025-07-02T03:15:00.000000Z,648.91,649.21,648.7,649.18,1150.54
2025-07-02T03:20:00.000000Z,649.17,649.92,649.17,649.89,2503.03
2025-07-02T03:25:00.000000Z,649.89,650.08,649.81,649.81,2155.2
2025-07-02T03:30:00.000000Z,649.82,649.82,649.52,649.53,735.49
2025-07-02T03:35:00.000000Z,649.53,650.01,649.52,649.85,813.66
2025-07-02T03:40:00.000000Z,649.84,649.85,649.45,649.78,464.51
2025-07-02T03:45:00.000000Z,649.79,649.85,649.6,649.79,836.81
2025-07-02T03:50:00.000000Z,649.79,649.79,649.56,649.73,537.54
2025-07-02T03:55:00.000000Z,649.73,649.73,649.59,649.59,353.59
2025-07-02T04:00:00.000000Z,649.6,649.74,649.54,649.54,761.33
2025-07-02T04:05:00.000000Z,649.55,649.95,649.54,649.69,1134.71
2025-07-02T04:10:00.000000Z,649.7,649.88,649.63,649.87,484.5
2025-07-02T04:15:00.000000Z,649.88,649.88,649.55,649.71,811.06
2025-07-02T04:20:00.000000Z,649.71,649.98,649.71,649.86,648.19
2025-07-02T04:25:00.000000Z,649.86,650.14,649.86,650.05,418.23
2025-07-02T04:30:00.000000Z,650.05,650.06,649.51,649.66,650.16
2025-07-02T04:35:00.000000Z,649.66,650.17,649.66,650.16,490.88
2025-07-02T04:40:00.000000Z,650.16,650.32,650.1,650.11,732.46
2025-07-02T04:45:00.000000Z,650.11,650.2,649.87,649.87,393.13
2025-07-02T04:50:00.000000Z,649.87,650.1,649.83,650.05,550.43
2025-07-02T04:55:00.000000Z,650.05,650.33,650.05,650.28,943.62
2025-07-02T05:00:00.000000Z,650.29,650.33,650.04,650.27,1469.91
2025-07-02T05:05:00.000000Z,650.27,650.28,650.1,650.13,800.95
2025-07-02T05:10:00.000000Z,650.13,650.13,649.83,649.91,1316.76
2025-07-02T05:15:00.000000Z,649.92,650.81,649.92,650.32,1541.8
2025-07-02T05:20:00.000000Z,650.32,650.44,650.26,650.26,336.27
2025-07-02T05:25:00.000000Z,650.26,650.4,650.26,650.3,375.84
2025-07-02T05:30:00.000000Z,650.31,650.45,650.16,650.44,391.77
2025-07-02T05:35:00.000000Z,650.45,650.45,650.12,650.12,287.61
2025-07-02T05:40:00.000000Z,650.13,650.57,650.13,650.37,585.39
2025-07-02T05:45:00.000000Z,650.37,650.44,650.16,650.19,368.87
2025-07-02T05:50:00.000000Z,650.19,650.27,650.15,650.24,250.19
2025-07-02T05:55:00.000000Z,650.24,650.65,650.23,650.63,466.04
2025-07-02T06:00:00.000000Z,650.63,651.0,650.58,650.98,833.42
2025-07-02T06:05:00.000000Z,650.98,651.33,650.97,651.18,1070.11
2025-07-02T06:10:00.000000Z,651.17,651.25,651.06,651.14,658.32
2025-07-02T06:15:00.000000Z,651.14,651.34,651.0,651.34,857.21
2025-07-02T06:20:00.000000Z,651.33,651.43,651.08,651.16,729.57
2025-07-02T06:25:00.000000Z,651.16,651.17,650.58,650.92,704.58
2025-07-02T06:30:00.000000Z,650.92,651.82,650.92,651.82,1238.89
2025-07-02T06:35:00.000000Z,651.82,653.96,651.81,653.69,9016.87
2025-07-02T06:40:00.000000Z,653.69,654.61,653.54,654.4,3721.59
2025-07-02T06:45:00.000000Z,654.41,654.46,653.58,654.17,4616.25
2025-07-02T06:50:00.000000Z,654.17,654.42,653.77,654.05,2560.63
2025-07-02T06:55:00.000000Z,654.06,656.38,654.05,656.09,9272.42
2025-07-02T07:00:00.000000Z,656.08,656.41,655.78,656.23,4093.95
2025-07-02T07:05:00.000000Z,656.24,656.36,655.9,656.03,1607.91
2025-07-02T07:10:00.000000Z,656.04,656.04,655.46,655.48,1458.99
2025-07-02T07:15:00.000000Z,655.48,655.76,654.94,655.08,2362.76
2025-07-02T07:20:00.000000Z,655.08,655.43,654.8,655.01,2038.24
2025-07-02T07:25:00.000000Z,655.0,655.21,654.71,655.21,875.14
2025-07-02T07:30:00.000000Z,655.21,655.97,655.2,655.66,1766.09
2025-07-02T07:35:00.000000Z,655.66,656.96,655.66,656.87,3061.18
2025-07-02T07:40:00.000000Z,656.88,657.5,656.79,657.2,4152.36
2025-07-02T07:45:00.000000Z,657.2,657.8,657.2,657.52,2056.16
2025-07-02T07:50:00.000000Z,657.51,657.51,657.08,657.48,1109.49
2025-07-02T07:55:00.000000Z,657.48,657.82,657.39,657.66,1511.87
2025-07-02T08:00:00.000000Z,657.65,659.58,657.65,659.57,5317.14
2025-07-02T08:05:00.000000Z,659.58,659.96,659.19,659.3,4823.21
2025-07-02T08:10:00.000000Z,659.3,659.5,659.0,659.06,2123.48
2025-07-02T08:15:00.000000Z,659.06,659.61,659.06,659.33,1527.04
2025-07-02T08:20:00.000000Z,659.33,659.67,659.21,659.21,1410.09
2025-07-02T08:25:00.000000Z,659.22,659.22,658.83,659.15,1209.82
2025-07-02T08:30:00.000000Z,659.15,659.38,658.8,658.81,1666.35
2025-07-02T08:35:00.000000Z,658.82,659.28,658.81,659.21,990.14
2025-07-02T08:40:00.000000Z,659.21,659.39,659.08,659.12,866.59
2025-07-02T08:45:00.000000Z,659.11,659.24,658.96,659.13,1104.15
2025-07-02T08:50:00.000000Z,659.14,659.61,659.13,659.47,1049.68
2025-07-02T08:55:00.000000Z,659.46,659.7,659.32,659.7,739.74
2025-07-02T09:00:00.000000Z,659.7,659.93,659.45,659.68,2668.37
2025-07-02T09:05:00.000000Z,659.68,659.87,659.68,659.85,1273.06
2025-07-02T09:10:00.000000Z,659.85,659.86,659.64,659.65,918.68
2025-07-02T09:15:00.000000Z,659.64,659.65,658.99,659.0,1221.6
2025-07-02T09:20:00.000000Z,658.99,659.1,658.86,658.92,1173.94
2025-07-02T09:25:00.000000Z,658.93,659.17,658.93,659.17,1009.95
2025-07-02T09:30:00.000000Z,659.17,659.54,658.77,659.13,3093.45
2025-07-02T09:35:00.000000Z,659.13,659.15,658.92,659.06,889.12
2025-07-02T09:40:00.000000Z,659.05,659.13,659.05,659.13,671.04
2025-07-02T09:45:00.000000Z,659.12,659.29,658.83,658.83,1123.23
2025-07-02T09:50:00.000000Z,658.83,658.84,658.22,658.39,1620.02
2025-07-02T09:55:00.000000Z,658.4,658.64,658.39,658.64,648.89
2025-07-02T10:00:00.000000Z,658.64,658.8,658.44,658.74,1620.52
2025-07-02T10:05:00.000000Z,658.74,658.78,658.33,658.47,686.63
2025-07-02T10:10:00.000000Z,658.47,658.52,658.02,658.16,907.39
2025-07-02T10:15:00.000000Z,658.18,658.36,657.95,658.12,882.82
2025-07-02T10:20:00.000000Z,658.12,658.48,658.12,658.37,941.99
2025-07-02T10:25:00.000000Z,658.37,658.37,658.0,658.01,651.27
2025-07-02T10:30:00.000000Z,658.0,658.22,657.98,658.02,582.43
2025-07-02T10:35:00.000000Z,658.02,658.12,657.7,657.7,635.27
2025-07-02T10:40:00.000000Z,657.7,657.86,657.69,657.74,510.64
2025-07-02T10:45:00.000000Z,657.74,657.76,657.72,657.73,306.63
2025-07-02T10:50:00.000000Z,657.72,658.07,657.72,657.96,742.58
2025-07-02T10:55:00.000000Z,657.96,657.97,657.74,657.95,422.61
2025-07-02T11:00:00.000000Z,657.96,657.96,657.58,657.59,655.04
2025-07-02T11:05:00.000000Z,657.58,658.16,657.58,658.06,1868.81
2025-07-02T11:10:00.000000Z,658.05,658.35,658.01,658.19,1152.06
2025-07-02T11:15:00.000000Z,658.19,658.2,657.87,657.92,1101.72
2025-07-02T11:20:00.000000Z,657.92,657.96,657.52,657.53,444.57
2025-07-02T11:25:00.000000Z,657.53,657.61,657.52,657.52,514.34
2025-07-02T11:30:00.000000Z,657.52,657.61,657.25,657.28,1165.16
2025-07-02T11:35:00.000000Z,657.28,658.04,657.08,658.0,1995.12
2025-07-02T11:40:00.000000Z,657.99,657.99,657.62,657.76,687.9
2025-07-02T11:45:00.000000Z,657.75,657.76,657.2,657.2,1206.53
2025-07-02T11:50:00.000000Z,657.21,657.51,657.1,657.18,850.48
2025-07-02T11:55:00.000000Z,657.18,657.44,657.06,657.38,699.09
2025-07-02T12:00:00.000000Z,657.38,657.38,656.92,657.15,1513.86
2025-07-02T12:05:00.000000Z,657.14,657.38,656.66,656.74,1462.77
2025-07-02T12:10:00.000000Z,656.74,656.74,656.22,656.48,1393.55
2025-07-02T12:15:00.000000Z,656.47,656.56,656.09,656.3,1845.23
2025-07-02T12:20:00.000000Z,656.31,657.08,656.3,656.5,1320.98
2025-07-02T12:25:00.000000Z,656.5,657.07,656.28,657.07,844.29
2025-07-02T12:30:00.000000Z,657.07,657.49,656.16,656.52,1378.86
2025-07-02T12:35:00.000000Z,656.52,656.91,656.5,656.82,520.27
2025-07-02T12:40:00.000000Z,656.83,656.84,655.54,655.81,2617.79
2025-07-02T12:45:00.000000Z,655.81,656.18,655.8,655.98,1963.79
2025-07-02T12:50:00.000000Z,655.99,656.45,655.98,656.35,1510.71
2025-07-02T12:55:00.000000Z,656.35,656.48,656.21,656.48,670.69
2025-07-02T13:00:00.000000Z,656.48,657.43,656.48,657.41,1845.85
2025-07-02T13:05:00.000000Z,657.41,657.55,657.01,657.01,1033.37
2025-07-02T13:10:00.000000Z,657.01,657.8,657.01,657.73,1176.87
2025-07-02T13:15:00.000000Z,657.73,657.74,657.39,657.48,927.08
2025-07-02T13:20:00.000000Z,657.48,657.8,657.47,657.59,557.16
2025-07-02T13:25:00.000000Z,657.59,657.8,657.47,657.8,409.78
2025-07-02T13:30:00.000000Z,657.79,657.79,657.0,657.55,1132.48
2025-07-02T13:35:00.000000Z,657.54,658.18,657.49,658.17,912.19
2025-07-02T13:40:00.000000Z,658.18,658.34,657.86,658.08,1475.46
2025-07-02T13:45:00.000000Z,658.08,658.56,657.95,657.95,1678.02
2025-07-02T13:50:00.000000Z,657.95,657.95,657.6,657.74,717.48
2025-07-02T13:55:00.000000Z,657.73,658.08,657.71,658.08,370.93
2025-07-02T14:00:00.000000Z,658.07,658.46,658.02,658.45,1070.28
2025-07-02T14:05:00.000000Z,658.46,658.75,658.21,658.36,1097.36
2025-07-02T14:10:00.000000Z,658.35,658.76,658.35,658.64,1037.92
2025-07-02T14:15:00.000000Z,658.64,658.64,657.94,658.15,1023.41
2025-07-02T14:20:00.000000Z,658.15,658.15,657.39,658.0,1398.11
2025-07-02T14:25:00.000000Z,658.01,659.3,657.92,658.45,2599.43
2025-07-02T14:30:00.000000Z,658.44,658.54,658.0,658.32,955.87
2025-07-02T14:35:00.000000Z,658.32,658.52,657.93,658.5,859.68
2025-07-02T14:40:00.000000Z,658.49,658.99,658.39,658.39,883.25
2025-07-02T14:45:00.000000Z,658.39,659.4,658.38,659.39,723.67
2025-07-02T14:50:00.000000Z,659.4,659.69,659.28,659.28,1456.84
2025-07-02T14:55:00.000000Z,659.28,659.52,659.28,659.45,691.78
2025-07-02T15:00:00.000000Z,659.44,659.66,658.87,659.26,1542.2
2025-07-02T15:05:00.000000Z,659.25,659.64,659.25,659.54,933.38
2025-07-02T15:10:00.000000Z,659.53,661.62,659.53,661.02,10526.56
2025-07-02T15:15:00.000000Z,661.01,661.88,661.0,661.88,2414.31
2025-07-02T15:20:00.000000Z,661.87,661.9,661.51,661.56,1683.42
2025-07-02T15:25:00.000000Z,661.55,661.68,661.25,661.57,1461.47
2025-07-02T15:30:00.000000Z,661.56,661.79,661.24,661.7,1271.7
2025-07-02T15:35:00.000000Z,661.7,662.31,661.26,661.44,2789.08
2025-07-02T15:40:00.000000Z,661.44,661.68,661.4,661.52,1062.75
2025-07-02T15:45:00.000000Z,661.51,661.68,661.44,661.58,1150.51
2025-07-02T15:50:00.000000Z,661.58,661.64,661.45,661.54,731.69
2025-07-02T15:55:00.000000Z,661.54,661.94,661.54,661.75,1171.37
2025-07-02T16:00:00.000000Z,661.75,662.1,661.6,661.95,1348.13
2025-07-02T16:05:00.000000Z,661.94,664.58,661.94,664.39,10113.38
2025-07-02T16:10:00.000000Z,664.39,664.5,663.4,663.74,3567.58
2025-07-02T16:15:00.000000Z,663.73,664.63,663.28,664.34,3243.82
2025-07-02T16:20:00.000000Z,664.33,664.53,662.9,663.44,4237.97
2025-07-02T16:25:00.000000Z,663.45,663.45,662.56,663.15,4259.3
2025-07-02T16:30:00.000000Z,663.15,663.28,662.77,663.11,1763.57
2025-07-02T16:35:00.000000Z,663.1,663.24,662.98,663.24,1258.53
2025-07-02T16:40:00.000000Z,663.24,663.59,663.0,663.16,2639.73
2025-07-02T16:45:00.000000Z,663.16,663.82,663.03,663.67,1931.42
2025-07-02T16:50:00.000000Z,663.66,664.32,663.32,664.0,2877.0
2025-07-02T16:55:00.000000Z,663.99,664.46,663.83,664.17,2024.65
2025-07-02T17:00:00.000000Z,664.17,664.71,664.11,664.38,2947.74
2025-07-02T17:05:00.000000Z,664.38,664.38,663.56,663.68,1757.24
2025-07-02T17:10:00.000000Z,663.68,664.02,663.55,663.99,901.2
2025-07-02T17:15:00.000000Z,664.0,664.21,663.08,663.37,1638.9
2025-07-02T17:20:00.000000Z,663.37,663.96,663.15,663.7,1345.16
2025-07-02T17:25:00.000000Z,663.7,663.78,663.03,663.06,675.21
2025-07-02T17:30:00.000000Z,663.06,663.5,663.06,663.24,857.65
2025-07-02T17:35:00.000000Z,663.25,663.56,662.57,662.58,3601.73
2025-07-02T17:40:00.000000Z,662.57,663.39,662.39,663.15,3322.48
2025-07-02T17:45:00.000000Z,663.15,663.16,662.56,662.62,1974.86
2025-07-02T17:50:00.000000Z,662.62,663.44,662.62,663.44,1212.69
2025-07-02T17:55:00.000000Z,663.44,663.44,662.83,663.23,1801.69
2025-07-02T18:00:00.000000Z,663.23,664.17,663.23,664.07,4736.51
2025-07-02T18:05:00.000000Z,664.07,664.07,663.16,663.16,1166.76
2025-07-02T18:10:00.000000Z,663.16,663.26,662.78,662.88,1627.71
2025-07-02T18:15:00.000000Z,662.88,663.4,662.82,663.06,884.86
2025-07-02T18:20:00.000000Z,663.06,663.14,662.84,662.98,493.27
2025-07-02T18:25:00.000000Z,662.96,663.14,662.88,663.03,406.76
2025-07-02T18:30:00.000000Z,663.03,663.04,662.82,662.95,754.16
2025-07-02T18:35:00.000000Z,662.96,663.71,662.81,663.7,1219.76
2025-07-02T18:40:00.000000Z,663.71,664.35,663.5,663.55,1723.2
2025-07-02T18:45:00.000000Z,663.55,663.6,663.24,663.38,687.03
2025-07-02T18:50:00.000000Z,663.39,663.59,663.26,663.36,363.45
2025-07-02T18:55:00.000000Z,663.36,663.56,663.31,663.55,233.38
2025-07-02T19:00:00.000000Z,663.55,663.55,663.08,663.23,1220.03
2025-07-02T19:05:00.000000Z,663.24,663.24,662.75,662.76,901.46
2025-07-02T19:10:00.000000Z,662.76,663.14,662.7,663.09,471.81
2025-07-02T19:15:00.000000Z,663.1,663.21,662.9,663.04,602.97
2025-07-02T19:20:00.000000Z,663.04,663.35,662.78,662.78,932.93
2025-07-02T19:25:00.000000Z,662.79,662.9,662.55,662.78,796.75
2025-07-02T19:30:00.000000Z,662.78,662.79,662.56,662.57,408.18
2025-07-02T19:35:00.000000Z,662.57,662.88,662.55,662.88,770.68
2025-07-02T19:40:00.000000Z,662.87,662.89,662.8,662.86,138.12
2025-07-02T19:45:00.000000Z,662.87,662.87,662.71,662.79,289.75
2025-07-02T19:50:00.000000Z,662.8,663.3,662.8,663.29,351.95
2025-07-02T19:55:00.000000Z,663.29,663.94,663.15,663.8,1394.89
2025-07-02T20:00:00.000000Z,663.8,663.98,663.44,663.44,2863.99
2025-07-02T20:05:00.000000Z,663.44,663.73,663.3,663.31,655.11
2025-07-02T20:10:00.000000Z,663.3,663.62,663.3,663.48,751.39
2025-07-02T20:15:00.000000Z,663.48,663.62,663.2,663.32,1243.16
2025-07-02T20:20:00.000000Z,663.32,663.52,663.18,663.51,844.4
2025-07-02T20:25:00.000000Z,663.52,664.79,663.44,664.56,2737.28
2025-07-02T20:30:00.000000Z,664.57,664.88,664.18,664.41,1457.89
2025-07-02T20:35:00.000000Z,664.41,664.41,663.8,663.9,386.35
2025-07-02T20:40:00.000000Z,663.9,664.2,663.89,664.04,379.27
2025-07-02T20:45:00.000000Z,664.04,664.04,663.7,663.7,485.6
2025-07-02T20:50:00.000000Z,663.7,663.71,663.21,663.22,1169.05
2025-07-02T20:55:00.000000Z,663.21,663.22,662.86,662.87,860.76
2025-07-02T21:00:00.000000Z,662.86,663.09,662.86,662.96,709.4
2025-07-02T21:05:00.000000Z,662.97,662.97,662.8,662.8,300.57
2025-07-02T21:10:00.000000Z,662.8,662.82,662.22,662.44,1177.55
2025-07-02T21:15:00.000000Z,662.43,662.67,662.43,662.66,403.91
2025-07-02T21:20:00.000000Z,662.66,662.67,662.26,662.26,389.7
2025-07-02T21:25:00.000000Z,662.27,662.35,662.13,662.13,518.35
2025-07-02T21:30:00.000000Z,662.13,662.4,662.1,662.4,468.45
2025-07-02T21:35:00.000000Z,662.4,662.41,662.22,662.23,279.22
2025-07-02T21:40:00.000000Z,662.22,662.46,662.04,662.36,780.51
2025-07-02T21:45:00.000000Z,662.33,662.33,662.01,662.02,343.18
2025-07-02T21:50:00.000000Z,662.02,662.59,662.01,662.59,461.49
2025-07-02T21:55:00.000000Z,662.59,662.59,662.1,662.16,583.78
2025-07-02T22:00:00.000000Z,662.17,662.52,661.79,661.94,1702.57
2025-07-02T22:05:00.000000Z,661.94,662.1,661.69,661.69,363.91
2025-07-02T22:10:00.000000Z,661.69,662.64,661.68,662.2,1699.13
2025-07-02T22:15:00.000000Z,662.21,662.55,662.13,662.42,855.83
2025-07-02T22:20:00.000000Z,662.42,662.46,662.0,662.37,5360.12
2025-07-02T22:25:00.000000Z,662.38,662.74,662.26,662.73,2113.93
2025-07-02T22:30:00.000000Z,662.73,663.78,662.73,663.65,1233.22
2025-07-02T22:35:00.000000Z,663.65,663.72,663.25,663.26,730.1
2025-07-02T22:40:00.000000Z,663.27,663.27,662.76,662.77,677.22
2025-07-02T22:45:00.000000Z,662.78,662.78,662.25,662.25,565.94
2025-07-02T22:50:00.000000Z,662.25,662.25,662.02,662.24,619.81
2025-07-02T22:55:00.000000Z,662.24,662.24,661.8,662.05,1148.43
2025-07-02T23:00:00.000000Z,662.05,662.29,661.93,662.2,1148.55
2025-07-02T23:05:00.000000Z,662.2,662.21,660.76,661.09,3141.92
2025-07-02T23:10:00.000000Z,661.06,661.83,661.06,661.26,1954.19
2025-07-02T23:15:00.000000Z,661.26,661.28,660.82,660.82,700.12
2025-07-02T23:20:00.000000Z,660.82,660.84,660.51,660.66,1361.96
2025-07-02T23:25:00.000000Z,660.65,660.95,660.57,660.88,1223.12
2025-07-02T23:30:00.000000Z,660.88,660.98,660.38,660.38,622.98
2025-07-02T23:35:00.000000Z,660.38,660.39,659.65,659.92,1810.57
2025-07-02T23:40:00.000000Z,659.93,660.07,659.43,659.61,1140.73
2025-07-02T23:45:00.000000Z,659.62,660.49,659.61,660.35,1100.13
2025-07-02T23:50:00.000000Z,660.35,660.35,659.96,660.16,851.56
2025-07-02T23:55:00.000000Z,660.18,660.18,659.96,659.97,387.74
2025-07-03T00:00:00.000000Z,659.96,660.72,659.68,660.71,2520.06
2025-07-03T00:05:00.000000Z,660.71,660.9,660.35,660.89,2757.34
2025-07-03T00:10:00.000000Z,660.9,660.9,660.22,660.29,988.83
2025-07-03T00:15:00.000000Z,660.3,660.3,659.17,659.17,1070.46
2025-07-03T00:20:00.000000Z,659.18,659.31,658.32,658.57,4017.26
2025-07-03T00:25:00.000000Z,658.58,659.04,658.41,659.0,854.87
2025-07-03T00:30:00.000000Z,659.01,659.09,658.74,658.9,684.29
2025-07-03T00:35:00.000000Z,658.9,659.25,658.89,659.1,838.37
2025-07-03T00:40:00.000000Z,659.11,660.23,659.1,660.23,1288.51
2025-07-03T00:45:00.000000Z,660.23,660.23,659.42,659.6,756.07
2025-07-03T00:50:00.000000Z,659.61,659.78,659.48,659.68,645.33
2025-07-03T00:55:00.000000Z,659.68,660.04,659.67,660.04,646.98
2025-07-03T01:00:00.000000Z,660.04,660.27,659.42,659.79,1684.38
2025-07-03T01:05:00.000000Z,659.8,660.38,659.75,660.23,894.3
2025-07-03T01:10:00.000000Z,660.24,660.48,660.13,660.42,492.96
2025-07-03T01:15:00.000000Z,660.42,660.7,660.41,660.49,553.78
2025-07-03T01:20:00.000000Z,660.49,661.35,660.3,660.96,1046.44
2025-07-03T01:25:00.000000Z,660.97,661.01,660.83,660.88,423.91
2025-07-03T01:30:00.000000Z,660.88,661.11,660.64,660.65,640.33
2025-07-03T01:35:00.000000Z,660.65,661.21,660.64,660.96,460.44
2025-07-03T01:40:00.000000Z,660.94,661.05,660.84,660.92,296.7
2025-07-03T01:45:00.000000Z,660.93,660.95,660.71,660.83,331.55
2025-07-03T01:50:00.000000Z,660.84,661.02,660.73,660.74,662.89
2025-07-03T01:55:00.000000Z,660.74,660.98,660.7,660.87,343.06
2025-07-03T02:00:00.000000Z,660.88,660.88,660.35,660.39,746.64
2025-07-03T02:05:00.000000Z,660.4,660.67,660.1,660.1,425.24
2025-07-03T02:10:00.000000Z,660.1,660.16,659.88,660.09,529.42
2025-07-03T02:15:00.000000Z,660.09,660.11,659.46,659.46,781.28
2025-07-03T02:20:00.000000Z,659.46,659.74,659.32,659.73,512.03
2025-07-03T02:25:00.000000Z,659.74,660.05,659.5,659.67,813.95
2025-07-03T02:30:00.000000Z,659.67,659.67,658.87,659.07,979.59
2025-07-03T02:35:00.000000Z,659.06,659.08,658.66,658.78,619.55
2025-07-03T02:40:00.000000Z,658.77,658.77,658.51,658.67,903.45
2025-07-03T02:45:00.000000Z,658.67,659.15,658.64,658.97,994.12
2025-07-03T02:50:00.000000Z,658.98,659.1,658.83,658.92,363.97
2025-07-03T02:55:00.000000Z,658.91,659.3,658.91,659.3,664.85
2025-07-03T03:00:00.000000Z,659.3,659.4,659.28,659.4,362.69
2025-07-03T03:05:00.000000Z,659.39,659.5,659.04,659.19,772.23
2025-07-03T03:10:00.000000Z,659.19,659.2,658.87,658.88,316.43
2025-07-03T03:15:00.000000Z,658.87,658.88,658.63,658.83,658.8
2025-07-03T03:20:00.000000Z,658.82,659.96,658.73,659.96,768.28
2025-07-03T03:25:00.000000Z,659.95,660.16,659.82,659.84,1181.65
2025-07-03T03:30:00.000000Z,659.84,659.84,659.54,659.55,444.37
2025-07-03T03:35:00.000000Z,659.54,659.8,659.24,659.65,676.08
2025-07-03T03:40:00.000000Z,659.65,660.07,659.65,659.84,854.04
2025-07-03T03:45:00.000000Z,659.83,659.83,659.4,659.4,462.25
2025-07-03T03:50:00.000000Z,659.41,659.73,659.34,659.66,441.47
2025-07-03T03:55:00.000000Z,659.67,659.68,659.43,659.46,541.43
2025-07-03T04:00:00.000000Z,659.46,659.46,659.15,659.18,984.85
2025-07-03T04:05:00.000000Z,659.17,659.58,659.12,659.38,1053.71
2025-07-03T04:10:00.000000Z,659.38,659.56,659.23,659.53,777.56
2025-07-03T04:15:00.000000Z,659.53,659.82,659.53,659.78,668.99
2025-07-03T04:20:00.000000Z,659.79,659.79,659.5,659.59,584.95
2025-07-03T04:25:00.000000Z,659.6,659.88,659.52,659.74,548.05
2025-07-03T04:30:00.000000Z,659.74,659.74,659.56,659.73,375.08
2025-07-03T04:35:00.000000Z,659.73,660.17,659.69,660.11,439.61
2025-07-03T04:40:00.000000Z,660.11,660.14,659.84,659.85,726.49
2025-07-03T04:45:00.000000Z,659.84,660.24,659.58,659.7,1526.42
2025-07-03T04:50:00.000000Z,659.74,659.85,659.45,659.46,570.92
2025-07-03T04:55:00.000000Z,659.46,659.67,659.45,659.67,598.63
2025-07-03T05:00:00.000000Z,659.67,659.73,659.48,659.56,712.49
2025-07-03T05:05:00.000000Z,659.56,660.64,659.5,660.5,1691.41
2025-07-03T05:10:00.000000Z,660.49,660.58,660.33,660.34,1166.26
2025-07-03T05:15:00.000000Z,660.34,661.0,660.33,660.59,1360.87
2025-07-03T05:20:00.000000Z,660.59,661.23,660.58,661.21,1022.86
2025-07-03T05:25:00.000000Z,661.21,661.21,660.92,661.07,842.85
2025-07-03T05:30:00.000000Z,661.08,662.64,661.08,662.51,2758.03
2025-07-03T05:35:00.000000Z,662.51,662.61,661.64,661.77,4069.68
2025-07-03T05:40:00.000000Z,661.78,661.78,660.6,660.66,1783.16
2025-07-03T05:45:00.000000Z,660.66,661.1,660.12,661.1,1865.88
2025-07-03T05:50:00.000000Z,661.1,661.1,660.68,660.93,643.05
2025-07-03T05:55:00.000000Z,660.94,660.94,660.66,660.86,934.13
2025-07-03T06:00:00.000000Z,660.86,660.91,660.3,660.52,1202.39
2025-07-03T06:05:00.000000Z,660.52,661.08,660.27,660.83,1218.59
2025-07-03T06:10:00.000000Z,660.83,660.84,660.44,660.71,726.45
2025-07-03T06:15:00.000000Z,660.7,660.83,660.42,660.83,695.8
2025-07-03T06:20:00.000000Z,660.83,661.5,660.83,661.34,1034.25
2025-07-03T06:25:00.000000Z,661.35,661.55,661.31,661.5,1198.03
2025-07-03T06:30:00.000000Z,661.49,661.5,661.08,661.12,619.88
2025-07-03T06:35:00.000000Z,661.12,661.2,660.54,661.2,1317.63
2025-07-03T06:40:00.000000Z,661.2,661.25,660.93,661.25,752.43
2025-07-03T06:45:00.000000Z,661.26,661.64,661.25,661.43,743.01
2025-07-03T06:50:00.000000Z,661.43,661.48,661.09,661.47,1318.21
2025-07-03T06:55:00.000000Z,661.48,661.48,661.06,661.25,616.87
2025-07-03T07:00:00.000000Z,661.24,661.38,661.04,661.27,567.28
2025-07-03T07:05:00.000000Z,661.26,661.39,661.02,661.09,692.35
2025-07-03T07:10:00.000000Z,661.08,661.09,660.79,661.0,712.85
2025-07-03T07:15:00.000000Z,660.99,661.36,660.97,660.97,616.15
2025-07-03T07:20:00.000000Z,660.97,661.64,660.94,661.48,547.33
2025-07-03T07:25:00.000000Z,661.48,662.04,661.48,661.93,758.32
2025-07-03T07:30:00.000000Z,661.93,662.32,661.92,662.31,758.0
2025-07-03T07:35:00.000000Z,662.32,662.37,662.05,662.37,582.66
2025-07-03T07:40:00.000000Z,662.37,662.37,662.03,662.2,632.15
2025-07-03T07:45:00.000000Z,662.2,662.35,662.06,662.32,541.81
2025-07-03T07:50:00.000000Z,662.33,662.76,662.32,662.72,779.14
2025-07-03T07:55:00.000000Z,662.72,662.89,662.52,662.75,1178.89
2025-07-03T08:00:00.000000Z,662.76,663.09,662.34,662.35,2420.47
2025-07-03T08:05:00.000000Z,662.35,662.35,661.68,662.35,2489.96
2025-07-03T08:10:00.000000Z,662.34,662.35,661.5,662.14,2275.03
2025-07-03T08:15:00.000000Z,662.13,662.48,662.09,662.36,677.09
2025-07-03T08:20:00.000000Z,662.35,662.35,661.36,661.9,2045.71
2025-07-03T08:25:00.000000Z,661.9,662.0,661.74,661.78,647.93
2025-07-03T08:30:00.000000Z,661.78,661.86,661.57,661.78,736.99
2025-07-03T08:35:00.000000Z,661.79,662.08,661.78,662.08,393.67
2025-07-03T08:40:00.000000Z,662.08,662.34,661.96,662.31,496.86
2025-07-03T08:45:00.000000Z,662.31,662.44,662.1,662.43,319.34
2025-07-03T08:50:00.000000Z,662.44,662.55,662.36,662.37,725.62
2025-07-03T08:55:00.000000Z,662.37,662.4,661.51,661.52,780.24
2025-07-03T09:00:00.000000Z,661.52,661.83,661.45,661.65,979.94
2025-07-03T09:05:00.000000Z,661.65,662.18,661.61,662.17,549.16
2025-07-03T09:10:00.000000Z,662.17,662.44,662.17,662.29,604.12
2025-07-03T09:15:00.000000Z,662.28,662.69,662.23,662.66,558.22
2025-07-03T09:20:00.000000Z,662.67,663.41,662.64,663.23,3042.58
2025-07-03T09:25:00.000000Z,663.23,663.37,663.02,663.29,831.15
2025-07-03T09:30:00.000000Z,663.28,663.55,663.26,663.5,1069.86
2025-07-03T09:35:00.000000Z,663.51,663.61,663.28,663.59,767.82
2025-07-03T09:40:00.000000Z,663.59,664.55,663.58,664.54,3353.34
2025-07-03T09:45:00.000000Z,664.54,664.68,663.14,663.38,2195.85
2025-07-03T09:50:00.000000Z,663.38,664.16,663.31,664.09,1037.89
2025-07-03T09:55:00.000000Z,664.08,664.18,663.62,663.7,589.79
2025-07-03T10:00:00.000000Z,663.7,663.85,663.01,663.05,913.74
2025-07-03T10:05:00.000000Z,663.05,663.22,662.81,662.83,1505.42
2025-07-03T10:10:00.000000Z,662.83,663.46,662.83,663.27,712.8
2025-07-03T10:15:00.000000Z,663.27,663.27,662.3,662.3,1154.7
2025-07-03T10:20:00.000000Z,662.29,662.84,662.0,662.65,1499.37
2025-07-03T10:25:00.000000Z,662.65,663.04,662.55,663.04,509.15
2025-07-03T10:30:00.000000Z,663.03,663.9,663.03,663.64,1452.96
2025-07-03T10:35:00.000000Z,663.64,663.64,663.05,663.14,844.75
2025-07-03T10:40:00.000000Z,663.14,663.37,662.83,663.02,653.39
2025-07-03T10:45:00.000000Z,663.03,663.22,662.73,662.84,665.05
2025-07-03T10:50:00.000000Z,662.84,663.33,662.64,663.32,724.68
2025-07-03T10:55:00.000000Z,663.31,663.32,662.94,662.94,310.81
2025-07-03T11:00:00.000000Z,662.94,663.12,662.66,663.12,610.27
2025-07-03T11:05:00.000000Z,663.12,663.14,662.06,662.39,1401.57
2025-07-03T11:10:00.000000Z,662.39,662.58,662.16,662.34,725.13
2025-07-03T11:15:00.000000Z,662.34,662.55,662.18,662.33,804.1
2025-07-03T11:20:00.000000Z,662.33,662.35,662.08,662.17,333.23
2025-07-03T11:25:00.000000Z,662.16,662.17,661.32,661.37,1007.82
2025-07-03T11:30:00.000000Z,661.36,661.61,661.08,661.46,1425.54
2025-07-03T11:35:00.000000Z,661.46,662.05,661.46,661.79,687.65
2025-07-03T11:40:00.000000Z,661.79,661.95,661.7,661.82,557.21
2025-07-03T11:45:00.000000Z,661.82,661.91,661.68,661.91,263.07
2025-07-03T11:50:00.000000Z,661.91,662.19,661.91,662.12,277.4
2025-07-03T11:55:00.000000Z,662.12,662.13,661.87,662.03,269.66
2025-07-03T12:00:00.000000Z,662.03,662.83,661.9,662.83,1005.77
2025-07-03T12:05:00.000000Z,662.84,663.54,662.77,663.3,1069.83
2025-07-03T12:10:00.000000Z,663.3,663.38,662.89,663.16,603.98
2025-07-03T12:15:00.000000Z,663.16,663.44,663.09,663.19,528.27
2025-07-03T12:20:00.000000Z,663.18,663.2,662.86,662.92,971.44
2025-07-03T12:25:00.000000Z,662.92,663.33,662.87,663.33,663.69
2025-07-03T12:30:00.000000Z,663.32,664.17,661.27,661.31,4471.94
2025-07-03T12:35:00.000000Z,661.32,661.78,658.84,659.24,5061.01
2025-07-03T12:40:00.000000Z,659.25,659.95,658.89,659.81,3645.68
2025-07-03T12:45:00.000000Z,659.81,660.4,659.1,659.17,4523.9
2025-07-03T12:50:00.000000Z,659.16,660.32,658.99,660.31,2089.17
2025-07-03T12:55:00.000000Z,660.32,661.01,660.12,660.93,1960.2
2025-07-03T13:00:00.000000Z,660.93,661.44,660.46,660.87,1430.27
2025-07-03T13:05:00.000000Z,660.87,661.16,660.73,660.84,1109.42
2025-07-03T13:10:00.000000Z,660.85,661.06,660.6,661.03,607.33
2025-07-03T13:15:00.000000Z,661.03,661.28,660.7,660.93,885.53
2025-07-03T13:20:00.000000Z,660.93,661.22,660.76,660.86,531.11
2025-07-03T13:25:00.000000Z,660.86,660.99,660.7,660.81,510.7
2025-07-03T13:30:00.000000Z,660.82,662.55,660.82,662.4,1887.94
2025-07-03T13:35:00.000000Z,662.39,663.48,662.05,662.72,3342.81
2025-07-03T13:40:00.000000Z,662.73,663.4,662.52,663.3,1115.74
2025-07-03T13:45:00.000000Z,663.3,664.0,662.58,663.82,2136.69
2025-07-03T13:50:00.000000Z,663.83,664.09,663.26,663.76,1634.04
2025-07-03T13:55:00.000000Z,663.76,664.21,663.48,663.92,1424.49
2025-07-03T14:00:00.000000Z,663.91,664.39,663.72,663.85,4983.48
2025-07-03T14:05:00.000000Z,663.85,664.27,663.16,663.46,1810.61
2025-07-03T14:10:00.000000Z,663.46,664.06,663.02,663.05,1095.06
2025-07-03T14:15:00.000000Z,663.05,664.0,663.04,663.99,1363.95
2025-07-03T14:20:00.000000Z,663.97,663.97,663.25,663.37,800.41
2025-07-03T14:25:00.000000Z,663.37,663.38,661.84,662.06,2157.54
2025-07-03T14:30:00.000000Z,662.05,662.21,660.77,661.73,2559.88
2025-07-03T14:35:00.000000Z,661.74,662.66,661.6,662.22,1173.72
2025-07-03T14:40:00.000000Z,662.21,662.88,662.03,662.65,1034.22
2025-07-03T14:45:00.000000Z,662.64,662.88,662.3,662.6,915.09
2025-07-03T14:50:00.000000Z,662.61,662.62,661.95,661.95,829.28
2025-07-03T14:55:00.000000Z,661.95,662.59,661.95,662.53,469.85
2025-07-03T15:00:00.000000Z,662.52,662.8,661.6,661.66,1017.83
2025-07-03T15:05:00.000000Z,661.65,661.65,660.5,660.59,2477.37
2025-07-03T15:10:00.000000Z,660.59,660.82,660.4,660.65,1103.53
2025-07-03T15:15:00.000000Z,660.65,660.83,660.3,660.49,1196.28
2025-07-03T15:20:00.000000Z,660.49,660.65,659.94,660.34,1129.03
2025-07-03T15:25:00.000000Z,660.34,660.65,659.98,659.99,770.58
2025-07-03T15:30:00.000000Z,659.99,660.15,657.01,657.61,11035.47
2025-07-03T15:35:00.000000Z,657.61,658.18,656.56,657.68,4974.04
2025-07-03T15:40:00.000000Z,657.68,658.14,657.54,657.89,1322.83
2025-07-03T15:45:00.000000Z,657.88,658.1,657.12,657.79,2496.35
2025-07-03T15:50:00.000000Z,657.8,657.8,657.18,657.22,1155.32
2025-07-03T15:55:00.000000Z,657.23,657.23,656.62,656.96,1160.74
2025-07-03T16:00:00.000000Z,656.95,658.56,656.95,658.2,2086.32
2025-07-03T16:05:00.000000Z,658.2,658.63,658.0,658.61,1120.22
2025-07-03T16:10:00.000000Z,658.62,659.29,658.4,659.03,1451.15
2025-07-03T16:15:00.000000Z,659.02,659.02,657.8,658.34,1355.27
2025-07-03T16:20:00.000000Z,658.33,658.48,657.85,658.26,773.61
2025-07-03T16:25:00.000000Z,658.26,658.5,658.04,658.23,823.1
2025-07-03T16:30:00.000000Z,658.24,658.8,658.0,658.8,1458.57
2025-07-03T16:35:00.000000Z,658.8,658.81,658.36,658.81,656.67
2025-07-03T16:40:00.000000Z,658.8,658.96,658.45,658.62,824.54
2025-07-03T16:45:00.000000Z,658.62,659.45,658.61,659.34,1431.7
2025-07-03T16:50:00.000000Z,659.34,659.34,658.13,658.53,946.53
2025-07-03T16:55:00.000000Z,658.53,658.92,658.48,658.49,525.85
2025-07-03T17:00:00.000000Z,658.49,659.27,658.44,659.06,1654.21
2025-07-03T17:05:00.000000Z,659.06,659.06,658.78,658.88,542.12
2025-07-03T17:10:00.000000Z,658.88,659.4,658.87,659.4,856.67
2025-07-03T17:15:00.000000Z,659.4,659.58,659.2,659.45,1485.05
2025-07-03T17:20:00.000000Z,659.45,659.45,658.63,658.63,409.03
2025-07-03T17:25:00.000000Z,658.64,658.92,658.62,658.92,671.39
2025-07-03T17:30:00.000000Z,658.91,659.35,658.91,659.35,424.95
2025-07-03T17:35:00.000000Z,659.35,659.35,659.05,659.18,305.53
2025-07-03T17:40:00.000000Z,659.18,659.3,659.11,659.29,214.33
2025-07-03T17:45:00.000000Z,659.3,659.48,659.22,659.47,357.52
2025-07-03T17:50:00.000000Z,659.47,659.48,659.25,659.32,167.81
2025-07-03T17:55:00.000000Z,659.31,659.32,659.16,659.24,419.37
2025-07-03T18:00:00.000000Z,659.25,660.0,659.24,659.7,1074.02
2025-07-03T18:05:00.000000Z,659.7,659.72,659.55,659.67,499.76
2025-07-03T18:10:00.000000Z,659.66,659.67,658.75,659.06,1614.78
2025-07-03T18:15:00.000000Z,659.06,659.19,658.92,659.19,614.86
2025-07-03T18:20:00.000000Z,659.19,659.58,659.19,659.53,432.71
2025-07-03T18:25:00.000000Z,659.53,660.07,659.5,660.07,434.38
2025-07-03T18:30:00.000000Z,660.07,660.07,659.6,659.6,533.56
2025-07-03T18:35:00.000000Z,659.6,660.19,659.59,660.19,1019.15
2025-07-03T18:40:00.000000Z,660.19,660.2,660.06,660.2,517.64
2025-07-03T18:45:00.000000Z,660.2,660.2,660.04,660.12,222.87
2025-07-03T18:50:00.000000Z,660.11,660.36,660.11,660.35,412.58
2025-07-03T18:55:00.000000Z,660.36,660.59,660.3,660.59,437.21
2025-07-03T19:00:00.000000Z,660.58,661.18,660.54,661.18,671.12
2025-07-03T19:05:00.000000Z,661.17,661.51,661.06,661.35,1062.28
2025-07-03T19:10:00.000000Z,661.34,661.49,661.32,661.48,301.66
2025-07-03T19:15:00.000000Z,661.48,661.67,661.47,661.63,705.33
2025-07-03T19:20:00.000000Z,661.63,661.74,661.62,661.74,241.68
2025-07-03T19:25:00.000000Z,661.74,662.0,661.7,662.0,798.54
2025-07-03T19:30:00.000000Z,661.99,662.0,661.44,661.48,694.12
2025-07-03T19:35:00.000000Z,661.49,661.76,661.49,661.72,396.93
2025-07-03T19:40:00.000000Z,661.71,662.0,661.68,662.0,384.77
2025-07-03T19:45:00.000000Z,662.0,662.02,661.92,661.94,307.47
2025-07-03T19:50:00.000000Z,661.94,661.95,661.58,661.59,351.94
2025-07-03T19:55:00.000000Z,661.58,661.84,661.58,661.67,361.79
2025-07-03T20:00:00.000000Z,661.67,662.08,661.67,661.97,1234.44
2025-07-03T20:05:00.000000Z,661.96,662.3,661.96,662.29,702.01
2025-07-03T20:10:00.000000Z,662.29,662.46,662.16,662.17,651.86
2025-07-03T20:15:00.000000Z,662.16,662.28,662.06,662.27,468.84
2025-07-03T20:20:00.000000Z,662.26,662.36,662.16,662.29,134.03
2025-07-03T20:25:00.000000Z,662.28,662.55,662.28,662.5,491.5
2025-07-03T20:30:00.000000Z,662.49,662.52,662.09,662.1,352.12
2025-07-03T20:35:00.000000Z,662.1,662.24,662.09,662.11,346.81
2025-07-03T20:40:00.000000Z,662.11,662.19,662.11,662.13,309.04
2025-07-03T20:45:00.000000Z,662.13,662.59,661.71,662.27,1631.99
2025-07-03T20:50:00.000000Z,662.26,662.27,661.95,661.95,248.8
2025-07-03T20:55:00.000000Z,661.95,662.02,661.8,661.8,771.66
2025-07-03T21:00:00.000000Z,661.79,662.46,661.78,662.32,1108.03
2025-07-03T21:05:00.000000Z,662.31,662.44,661.68,662.25,702.79
2025-07-03T21:10:00.000000Z,662.26,662.64,662.01,662.02,1952.45
2025-07-03T21:15:00.000000Z,662.01,662.22,661.87,662.16,516.66
2025-07-03T21:20:00.000000Z,662.16,662.4,662.01,662.25,570.55
2025-07-03T21:25:00.000000Z,662.26,662.35,662.26,662.33,280.4
2025-07-03T21:30:00.000000Z,662.33,662.82,662.19,662.52,1035.65
2025-07-03T21:35:00.000000Z,662.52,662.68,661.72,662.67,1232.38
2025-07-03T21:40:00.000000Z,662.68,662.99,662.67,662.88,732.89
2025-07-03T21:45:00.000000Z,662.88,662.88,662.71,662.71,304.58
2025-07-03T21:50:00.000000Z,662.71,663.3,662.71,663.3,641.13
2025-07-03T21:55:00.000000Z,663.3,663.3,663.0,663.18,249.97
2025-07-03T22:00:00.000000Z,663.17,663.47,662.96,663.46,887.19
2025-07-03T22:05:00.000000Z,663.45,664.22,663.45,664.05,2109.83
2025-07-03T22:10:00.000000Z,664.06,664.3,663.9,663.95,2811.62
2025-07-03T22:15:00.000000Z,663.94,664.3,663.94,664.16,1042.72
2025-07-03T22:20:00.000000Z,664.16,664.25,664.0,664.25,1555.04
2025-07-03T22:25:00.000000Z,664.25,664.26,664.14,664.25,715.13
2025-07-03T22:30:00.000000Z,664.26,665.0,664.25,664.71,4232.54
2025-07-03T22:35:00.000000Z,664.72,664.72,663.76,663.81,895.83
2025-07-03T22:40:00.000000Z,663.82,663.92,663.68,663.71,457.73
2025-07-03T22:45:00.000000Z,663.72,663.75,663.41,663.75,620.1
2025-07-03T22:50:00.000000Z,663.75,663.75,663.65,663.73,168.83
2025-07-03T22:55:00.000000Z,663.73,664.28,663.73,663.92,918.13
2025-07-03T23:00:00.000000Z,663.93,664.18,663.92,664.17,782.83
2025-07-03T23:05:00.000000Z,664.17,664.48,664.1,664.47,665.44
2025-07-03T23:10:00.000000Z,664.48,664.48,663.95,664.01,634.18
2025-07-03T23:15:00.000000Z,664.0,664.01,663.3,663.42,907.88
2025-07-03T23:20:00.000000Z,663.42,663.42,662.92,663.17,651.37
2025-07-03T23:25:00.000000Z,663.16,663.17,662.94,663.16,512.24
2025-07-03T23:30:00.000000Z,663.16,663.27,662.9,662.9,448.95
2025-07-03T23:35:00.000000Z,662.9,663.4,662.84,662.84,718.38
2025-07-03T23:40:00.000000Z,662.85,663.04,662.72,662.94,623.93
2025-07-03T23:45:00.000000Z,662.94,663.06,662.62,662.99,2026.18
2025-07-03T23:50:00.000000Z,663.0,663.3,662.99,663.3,421.19
2025-07-03T23:55:00.000000Z,663.3,663.91,663.29,663.9,1447.72
2025-07-04T00:00:00.000000Z,663.9,664.3,663.84,664.29,1735.5
2025-07-04T00:05:00.000000Z,664.3,664.4,664.06,664.12,942.89
2025-07-04T00:10:00.000000Z,664.12,664.12,663.52,663.71,1028.83
2025-07-04T00:15:00.000000Z,663.72,663.72,662.87,662.87,1263.13
2025-07-04T00:20:00.000000Z,662.88,663.21,662.38,662.42,1373.09
2025-07-04T00:25:00.000000Z,662.43,662.9,662.36,662.62,951.5
2025-07-04T00:30:00.000000Z,662.62,662.91,662.54,662.76,432.23
2025-07-04T00:35:00.000000Z,662.76,663.18,662.76,662.95,440.34
2025-07-04T00:40:00.000000Z,662.95,663.6,662.94,663.03,757.35
2025-07-04T00:45:00.000000Z,663.02,663.58,663.02,663.46,601.89
2025-07-04T00:50:00.000000Z,663.46,663.46,662.55,662.56,615.18
2025-07-04T00:55:00.000000Z,662.55,662.56,661.7,662.52,992.21
2025-07-04T01:00:00.000000Z,662.52,662.83,662.08,662.83,862.88
2025-07-04T01:05:00.000000Z,662.83,663.14,662.46,662.8,624.74
2025-07-04T01:10:00.000000Z,662.8,663.14,662.75,663.04,521.99
2025-07-04T01:15:00.000000Z,663.04,663.5,662.9,663.39,467.28
2025-07-04T01:20:00.000000Z,663.39,663.68,663.04,663.66,664.57
2025-07-04T01:25:00.000000Z,663.65,663.77,663.03,663.04,525.01
2025-07-04T01:30:00.000000Z,663.03,663.29,663.03,663.28,395.3
2025-07-04T01:35:00.000000Z,663.28,663.28,662.52,662.71,422.83
2025-07-04T01:40:00.000000Z,662.7,662.71,662.06,662.14,624.64
2025-07-04T01:45:00.000000Z,662.14,662.21,662.05,662.15,276.23
2025-07-04T01:50:00.000000Z,662.14,662.44,662.01,662.01,356.57
2025-07-04T01:55:00.000000Z,662.02,662.24,662.01,662.14,395.69
2025-07-04T02:00:00.000000Z,662.15,662.67,662.07,662.6,782.7
2025-07-04T02:05:00.000000Z,662.6,662.64,661.5,662.52,2969.63
2025-07-04T02:10:00.000000Z,662.51,662.52,661.64,662.02,1143.91
2025-07-04T02:15:00.000000Z,662.01,662.28,661.68,661.68,512.28
2025-07-04T02:20:00.000000Z,661.69,662.52,661.68,662.52,722.93
2025-07-04T02:25:00.000000Z,662.52,663.08,662.52,663.08,583.98
2025-07-04T02:30:00.000000Z,663.08,663.7,662.52,662.52,1921.66
2025-07-04T02:35:00.000000Z,662.52,663.13,662.27,662.42,1523.57
2025-07-04T02:40:00.000000Z,662.43,662.61,661.02,661.18,2057.38
2025-07-04T02:45:00.000000Z,661.17,661.57,660.51,661.5,7136.31
2025-07-04T02:50:00.000000Z,661.5,661.55,660.64,660.64,636.06
2025-07-04T02:55:00.000000Z,660.64,661.18,660.64,660.84,380.4
2025-07-04T03:00:00.000000Z,660.83,660.98,660.5,660.55,710.87
2025-07-04T03:05:00.000000Z,660.54,661.4,660.21,661.28,1312.64
2025-07-04T03:10:00.000000Z,661.27,661.99,661.27,661.99,637.54
2025-07-04T03:15:00.000000Z,661.99,662.42,661.72,662.42,724.22
2025-07-04T03:20:00.000000Z,662.41,662.52,662.34,662.41,294.91
2025-07-04T03:25:00.000000Z,662.4,662.54,662.28,662.54,333.88
2025-07-04T03:30:00.000000Z,662.54,662.68,662.54,662.68,318.68
2025-07-04T03:35:00.000000Z,662.67,662.79,662.49,662.55,463.35
2025-07-04T03:40:00.000000Z,662.54,662.75,662.49,662.71,283.81
2025-07-04T03:45:00.000000Z,662.7,662.76,662.32,662.32,578.75
2025-07-04T03:50:00.000000Z,662.32,662.34,662.19,662.34,168.38
2025-07-04T03:55:00.000000Z,662.33,662.33,662.06,662.08,248.18
2025-07-04T04:00:00.000000Z,662.07,662.08,661.9,661.97,425.2
2025-07-04T04:05:00.000000Z,661.98,662.05,661.91,661.91,600.14
2025-07-04T04:10:00.000000Z,661.91,661.98,661.57,661.79,511.49
2025-07-04T04:15:00.000000Z,661.79,661.97,661.43,661.69,894.58
2025-07-04T04:20:00.000000Z,661.69,661.69,661.05,661.18,630.85
2025-07-04T04:25:00.000000Z,661.18,661.29,660.88,661.05,740.96
2025-07-04T04:30:00.000000Z,661.05,661.05,660.41,660.71,811.79
2025-07-04T04:35:00.000000Z,660.71,660.97,660.42,660.42,752.35
2025-07-04T04:40:00.000000Z,660.42,660.66,660.38,660.48,412.54
2025-07-04T04:45:00.000000Z,660.49,660.66,660.21,660.35,737.26
2025-07-04T04:50:00.000000Z,660.36,660.4,659.83,659.84,1701.45
2025-07-04T04:55:00.000000Z,659.83,660.07,659.83,659.91,389.22
2025-07-04T05:00:00.000000Z,659.92,660.3,659.86,659.87,942.2
2025-07-04T05:05:00.000000Z,659.88,660.85,659.71,660.73,1283.29
2025-07-04T05:10:00.000000Z,660.71,660.78,660.17,660.2,638.8
2025-07-04T05:15:00.000000Z,660.19,660.62,660.02,660.03,480.07
2025-07-04T05:20:00.000000Z,660.03,660.08,659.37,659.57,1378.9
2025-07-04T05:25:00.000000Z,659.57,660.28,659.54,660.28,557.9
2025-07-04T05:30:00.000000Z,660.28,661.06,660.28,660.83,953.33
2025-07-04T05:35:00.000000Z,660.82,660.85,660.6,660.61,432.38
2025-07-04T05:40:00.000000Z,660.61,660.66,660.34,660.34,343.8
2025-07-04T05:45:00.000000Z,660.35,660.93,660.34,660.43,537.88
2025-07-04T05:50:00.000000Z,660.42,660.77,660.36,660.76,325.12
2025-07-04T05:55:00.000000Z,660.76,660.76,660.12,660.32,795.13
2025-07-04T06:00:00.000000Z,660.32,660.32,659.38,659.54,867.8
2025-07-04T06:05:00.000000Z,659.54,659.66,658.9,658.95,1791.25
2025-07-04T06:10:00.000000Z,658.94,658.95,658.06,658.28,2822.62
2025-07-04T06:15:00.000000Z,658.28,658.71,658.16,658.53,1616.71
2025-07-04T06:20:00.000000Z,658.53,658.64,658.34,658.39,805.71
2025-07-04T06:25:00.000000Z,658.39,658.52,658.03,658.32,695.9
2025-07-04T06:30:00.000000Z,658.32,659.24,658.29,659.24,555.55
2025-07-04T06:35:00.000000Z,659.24,659.28,658.7,658.92,428.3
2025-07-04T06:40:00.000000Z,658.92,658.99,658.58,658.67,430.68
2025-07-04T06:45:00.000000Z,658.68,658.97,658.68,658.79,291.61
2025-07-04T06:50:00.000000Z,658.79,658.79,658.28,658.42,449.84
2025-07-04T06:55:00.000000Z,658.41,658.54,658.2,658.2,322.22
2025-07-04T07:00:00.000000Z,658.2,659.1,658.2,659.08,735.31
2025-07-04T07:05:00.000000Z,659.08,659.08,657.92,657.95,1030.48
2025-07-04T07:10:00.000000Z,657.95,657.95,657.33,657.34,1319.72
2025-07-04T07:15:00.000000Z,657.33,657.76,657.0,657.19,1446.38
2025-07-04T07:20:00.000000Z,657.19,657.48,656.93,657.16,921.59
2025-07-04T07:25:00.000000Z,657.17,657.35,657.02,657.1,529.01
2025-07-04T07:30:00.000000Z,657.1,657.52,656.62,656.97,1386.38
2025-07-04T07:35:00.000000Z,656.98,657.45,656.86,657.41,992.12
2025-07-04T07:40:00.000000Z,657.41,657.44,656.88,656.88,942.57
2025-07-04T07:45:00.000000Z,656.89,657.0,656.62,656.67,1186.43
2025-07-04T07:50:00.000000Z,656.68,656.71,656.18,656.41,2436.12
2025-07-04T07:55:00.000000Z,656.42,656.58,656.03,656.03,1020.94
2025-07-04T08:00:00.000000Z,656.04,656.22,655.75,655.82,3268.05
2025-07-04T08:05:00.000000Z,655.82,655.83,655.04,655.2,2847.95
2025-07-04T08:10:00.000000Z,655.2,655.44,655.01,655.09,1221.5
2025-07-04T08:15:00.000000Z,655.09,655.76,654.6,655.67,3365.87
2025-07-04T08:20:00.000000Z,655.67,657.1,655.66,657.1,1919.5
2025-07-04T08:25:00.000000Z,657.1,657.1,656.75,656.95,1122.19
2025-07-04T08:30:00.000000Z,656.96,657.1,656.52,656.94,863.62
2025-07-04T08:35:00.000000Z,656.95,657.78,656.8,657.61,1172.95
2025-07-04T08:40:00.000000Z,657.6,657.8,657.28,657.64,924.6
2025-07-04T08:45:00.000000Z,657.65,657.9,657.29,657.45,1129.51
2025-07-04T08:50:00.000000Z,657.46,657.64,657.25,657.49,338.54
2025-07-04T08:55:00.000000Z,657.48,657.89,657.38,657.89,846.0
2025-07-04T09:00:00.000000Z,657.89,658.26,657.82,658.17,1504.47
2025-07-04T09:05:00.000000Z,658.17,658.3,658.15,658.28,532.62
2025-07-04T09:10:00.000000Z,658.28,658.44,658.1,658.44,572.14
2025-07-04T09:15:00.000000Z,658.44,658.5,658.0,658.49,848.7
2025-07-04T09:20:00.000000Z,658.49,658.59,658.26,658.58,563.14
2025-07-04T09:25:00.000000Z,658.58,658.62,658.41,658.43,992.51
2025-07-04T09:30:00.000000Z,658.44,658.5,658.27,658.41,728.17
2025-07-04T09:35:00.000000Z,658.4,658.46,658.3,658.34,426.23
2025-07-04T09:40:00.000000Z,658.35,658.4,658.26,658.34,497.38
2025-07-04T09:45:00.000000Z,658.33,658.33,657.6,657.6,598.17
2025-07-04T09:50:00.000000Z,657.61,657.66,657.3,657.37,639.49
2025-07-04T09:55:00.000000Z,657.36,657.84,657.36,657.83,521.51
2025-07-04T10:00:00.000000Z,657.84,658.28,657.83,658.07,1063.7
2025-07-04T10:05:00.000000Z,658.07,658.07,657.83,658.0,579.48
2025-07-04T10:10:00.000000Z,658.0,658.01,657.78,657.88,583.96
2025-07-04T10:15:00.000000Z,657.88,657.94,657.33,657.33,698.7
2025-07-04T10:20:00.000000Z,657.32,657.5,657.28,657.45,592.01
2025-07-04T10:25:00.000000Z,657.45,657.96,657.45,657.95,392.83
2025-07-04T10:30:00.000000Z,657.96,658.21,657.93,658.21,604.73
2025-07-04T10:35:00.000000Z,658.21,658.62,658.2,658.56,580.32
2025-07-04T10:40:00.000000Z,658.57,658.64,658.25,658.31,614.87
2025-07-04T10:45:00.000000Z,658.3,658.65,658.3,658.6,612.85
2025-07-04T10:50:00.000000Z,658.6,658.89,658.46,658.78,1167.07
2025-07-04T10:55:00.000000Z,658.77,659.7,658.59,659.14,3712.05
2025-07-04T11:00:00.000000Z,659.15,659.7,659.09,659.61,879.4
2025-07-04T11:05:00.000000Z,659.6,659.72,659.47,659.71,636.84
2025-07-04T11:10:00.000000Z,659.72,659.8,659.46,659.53,688.93
2025-07-04T11:15:00.000000Z,659.53,659.54,659.03,659.08,546.82
2025-07-04T11:20:00.000000Z,659.08,659.52,659.08,659.52,495.82
2025-07-04T11:25:00.000000Z,659.52,659.87,659.52,659.86,416.9
2025-07-04T11:30:00.000000Z,659.87,659.87,659.54,659.64,567.37
2025-07-04T11:35:00.000000Z,659.64,659.72,659.48,659.72,316.18
2025-07-04T11:40:00.000000Z,659.72,659.9,659.66,659.72,586.42
2025-07-04T11:45:00.000000Z,659.72,659.84,659.68,659.69,339.46
2025-07-04T11:50:00.000000Z,659.69,659.79,659.61,659.72,674.56
2025-07-04T11:55:00.000000Z,659.71,659.72,659.47,659.66,817.63
2025-07-04T12:00:00.000000Z,659.66,660.17,659.66,660.07,1225.36
2025-07-04T12:05:00.000000Z,660.07,660.07,659.66,659.87,774.15
2025-07-04T12:10:00.000000Z,659.87,659.96,659.76,659.96,791.22
2025-07-04T12:15:00.000000Z,659.95,660.12,658.9,659.68,5028.53
2025-07-04T12:20:00.000000Z,659.67,659.75,659.43,659.56,803.26
2025-07-04T12:25:00.000000Z,659.57,659.88,659.56,659.71,540.03
2025-07-04T12:30:00.000000Z,659.72,659.78,659.46,659.78,603.02
2025-07-04T12:35:00.000000Z,659.8,659.96,659.72,659.79,485.84
2025-07-04T12:40:00.000000Z,659.8,659.8,658.89,658.9,1027.59
2025-07-04T12:45:00.000000Z,658.89,659.12,658.62,658.62,839.76
2025-07-04T12:50:00.000000Z,658.62,658.63,658.23,658.44,1425.09
2025-07-04T12:55:00.000000Z,658.43,658.97,658.43,658.75,486.59
2025-07-04T13:00:00.000000Z,658.76,659.23,658.73,658.83,1117.77
2025-07-04T13:05:00.000000Z,658.83,659.86,658.82,659.17,1109.87
2025-07-04T13:10:00.000000Z,659.17,659.17,658.3,658.39,842.77
2025-07-04T13:15:00.000000Z,658.39,658.4,658.02,658.2,815.63
2025-07-04T13:20:00.000000Z,658.2,658.36,657.83,657.89,1178.04
2025-07-04T13:25:00.000000Z,657.89,658.24,657.81,657.86,609.06
2025-07-04T13:30:00.000000Z,657.86,658.38,657.6,658.19,1382.27
2025-07-04T13:35:00.000000Z,658.18,658.26,657.42,657.62,1028.76
2025-07-04T13:40:00.000000Z,657.61,657.91,657.35,657.56,666.61
2025-07-04T13:45:00.000000Z,657.55,657.66,656.56,656.6,1605.53
2025-07-04T13:50:00.000000Z,656.59,657.38,656.06,656.55,2570.22
2025-07-04T13:55:00.000000Z,656.56,656.86,655.83,655.84,2332.57
2025-07-04T14:00:00.000000Z,655.85,656.2,655.48,655.48,2135.1
2025-07-04T14:05:00.000000Z,655.48,655.74,654.6,654.85,3388.62
2025-07-04T14:10:00.000000Z,654.86,655.16,653.5,654.28,4725.63
2025-07-04T14:15:00.000000Z,654.29,654.62,653.42,653.42,2565.63
2025-07-04T14:20:00.000000Z,653.43,655.21,653.0,655.19,5278.21
2025-07-04T14:25:00.000000Z,655.19,655.84,654.87,655.6,2223.71
2025-07-04T14:30:00.000000Z,655.6,655.6,654.74,655.0,1588.09
2025-07-04T14:35:00.000000Z,655.0,655.98,654.8,655.52,1450.04
2025-07-04T14:40:00.000000Z,655.53,656.13,655.24,656.12,1361.99
2025-07-04T14:45:00.000000Z,656.13,656.15,655.2,655.24,1486.8
2025-07-04T14:50:00.000000Z,655.25,655.76,655.23,655.57,550.59
2025-07-04T14:55:00.000000Z,655.56,655.84,655.37,655.59,420.85
2025-07-04T15:00:00.000000Z,655.59,655.62,655.17,655.27,1306.1
2025-07-04T15:05:00.000000Z,655.28,655.28,654.27,654.39,1300.01
2025-07-04T15:10:00.000000Z,654.39,654.5,653.85,653.86,1296.42
2025-07-04T15:15:00.000000Z,653.85,653.86,653.09,653.09,2848.9
2025-07-04T15:20:00.000000Z,653.1,653.81,652.6,653.47,3110.48
2025-07-04T15:25:00.000000Z,653.47,653.58,652.54,652.81,1748.85
2025-07-04T15:30:00.000000Z,652.8,653.0,652.31,652.53,2168.27
2025-07-04T15:35:00.000000Z,652.52,652.96,652.44,652.75,949.42
2025-07-04T15:40:00.000000Z,652.75,653.26,652.45,652.75,945.45
2025-07-04T15:45:00.000000Z,652.74,652.84,652.28,652.68,1068.32
2025-07-04T15:50:00.000000Z,652.68,652.85,652.1,652.64,780.55
2025-07-04T15:55:00.000000Z,652.63,653.18,652.55,652.77,744.79
2025-07-04T16:00:00.000000Z,652.76,653.04,651.68,651.75,5679.71
2025-07-04T16:05:00.000000Z,651.75,652.68,651.22,651.23,2781.56
2025-07-04T16:10:00.000000Z,651.23,651.62,651.0,651.11,2299.7
2025-07-04T16:15:00.000000Z,651.12,651.61,650.5,650.58,2851.71
2025-07-04T16:20:00.000000Z,650.58,651.14,650.08,651.14,2350.65
2025-07-04T16:25:00.000000Z,651.14,651.7,650.88,651.35,1635.07
2025-07-04T16:30:00.000000Z,651.35,651.36,650.23,650.61,1825.74
2025-07-04T16:35:00.000000Z,650.6,652.54,650.56,651.68,3074.92
2025-07-04T16:40:00.000000Z,651.68,651.69,650.44,650.9,1637.06
2025-07-04T16:45:00.000000Z,650.9,651.91,650.84,651.52,1377.08
2025-07-04T16:50:00.000000Z,651.52,651.53,651.0,651.37,563.86
2025-07-04T16:55:00.000000Z,651.36,652.04,651.26,651.99,728.57
2025-07-04T17:00:00.000000Z,651.98,652.66,651.88,652.53,2150.72
2025-07-04T17:05:00.000000Z,652.52,652.53,651.72,651.73,1175.61
2025-07-04T17:10:00.000000Z,651.72,652.39,651.64,651.87,858.06
2025-07-04T17:15:00.000000Z,651.88,652.51,651.86,652.5,616.96
2025-07-04T17:20:00.000000Z,652.49,652.63,651.98,652.07,676.91
2025-07-04T17:25:00.000000Z,652.06,652.36,652.06,652.23,325.66
2025-07-04T17:30:00.000000Z,652.24,652.4,651.93,652.21,448.47
2025-07-04T17:35:00.000000Z,652.21,652.76,652.21,652.75,745.17
2025-07-04T17:40:00.000000Z,652.76,652.83,652.59,652.59,705.36
2025-07-04T17:45:00.000000Z,652.6,652.66,651.99,652.65,2527.45
2025-07-04T17:50:00.000000Z,652.66,653.16,652.37,653.14,993.84
2025-07-04T17:55:00.000000Z,653.14,653.28,653.13,653.23,467.6
2025-07-04T18:00:00.000000Z,653.23,653.26,652.76,652.95,1098.22
2025-07-04T18:05:00.000000Z,652.94,653.06,652.76,652.8,583.15
2025-07-04T18:10:00.000000Z,652.81,653.01,652.72,652.73,400.3
2025-07-04T18:15:00.000000Z,652.73,653.08,652.28,652.33,1033.79
2025-07-04T18:20:00.000000Z,652.34,652.48,651.85,651.85,1035.7
2025-07-04T18:25:00.000000Z,651.86,651.94,651.09,651.09,993.44
2025-07-04T18:30:00.000000Z,651.09,651.86,651.09,651.69,742.78
2025-07-04T18:35:00.000000Z,651.69,651.8,651.47,651.8,719.68
2025-07-04T18:40:00.000000Z,651.79,651.85,651.5,651.67,422.78
2025-07-04T18:45:00.000000Z,651.67,652.08,650.9,650.9,752.59
2025-07-04T18:50:00.000000Z,650.91,651.36,650.83,651.24,518.71
2025-07-04T18:55:00.000000Z,651.24,651.36,651.15,651.27,293.46
2025-07-04T19:00:00.000000Z,651.27,651.92,651.01,651.84,1217.6
2025-07-04T19:05:00.000000Z,651.85,652.02,651.83,651.97,498.61
2025-07-04T19:10:00.000000Z,651.98,652.46,651.94,652.38,354.47
2025-07-04T19:15:00.000000Z,652.39,652.39,652.06,652.11,337.28
2025-07-04T19:20:00.000000Z,652.1,652.1,651.0,651.11,524.53
2025-07-04T19:25:00.000000Z,651.11,651.36,650.72,650.77,563.07
2025-07-04T19:30:00.000000Z,650.77,651.6,650.66,651.51,690.29
2025-07-04T19:35:00.000000Z,651.51,651.74,651.24,651.73,284.49
2025-07-04T19:40:00.000000Z,651.74,652.0,651.65,651.95,335.94
2025-07-04T19:45:00.000000Z,651.95,651.96,651.55,651.55,319.14
2025-07-04T19:50:00.000000Z,651.56,651.57,651.34,651.51,200.82
2025-07-04T19:55:00.000000Z,651.51,651.63,651.45,651.46,197.81
2025-07-04T20:00:00.000000Z,651.45,651.46,650.35,650.85,3506.89
2025-07-04T20:05:00.000000Z,650.84,651.13,650.76,651.13,733.49
2025-07-04T20:10:00.000000Z,651.13,651.72,650.94,651.71,376.44
2025-07-04T20:15:00.000000Z,651.71,651.8,651.42,651.64,869.59
2025-07-04T20:20:00.000000Z,651.63,651.92,651.48,651.71,291.85
2025-07-04T20:25:00.000000Z,651.71,651.92,651.71,651.75,306.13
2025-07-04T20:30:00.000000Z,651.76,651.96,651.7,651.96,411.47
2025-07-04T20:35:00.000000Z,651.95,652.04,651.77,651.91,612.78
2025-07-04T20:40:00.000000Z,651.91,652.19,651.86,652.08,440.79
2025-07-04T20:45:00.000000Z,652.06,652.23,652.03,652.22,268.57
2025-07-04T20:50:00.000000Z,652.22,652.4,652.22,652.4,337.9
2025-07-04T20:55:00.000000Z,652.39,652.46,652.29,652.36,387.68
2025-07-04T21:00:00.000000Z,652.37,652.37,652.09,652.25,772.2
2025-07-04T21:05:00.000000Z,652.26,652.26,651.84,651.95,562.99
2025-07-04T21:10:00.000000Z,651.95,652.28,651.84,652.16,1330.88
2025-07-04T21:15:00.000000Z,652.14,652.41,652.08,652.16,447.3
2025-07-04T21:20:00.000000Z,652.15,652.4,652.09,652.35,213.74
2025-07-04T21:25:00.000000Z,652.36,652.54,652.36,652.54,395.54
2025-07-04T21:30:00.000000Z,652.54,652.54,652.08,652.09,325.11
2025-07-04T21:35:00.000000Z,652.08,652.2,652.08,652.12,200.14
2025-07-04T21:40:00.000000Z,652.13,652.56,652.13,652.49,463.62
2025-07-04T21:45:00.000000Z,652.5,652.76,652.49,652.72,488.49
2025-07-04T21:50:00.000000Z,652.71,652.72,652.64,652.66,212.31
2025-07-04T21:55:00.000000Z,652.67,652.78,652.54,652.75,494.38
2025-07-04T22:00:00.000000Z,652.75,652.76,652.34,652.73,712.91
2025-07-04T22:05:00.000000Z,652.73,653.38,652.73,653.28,1093.69
2025-07-04T22:10:00.000000Z,653.28,653.29,653.04,653.29,454.34
2025-07-04T22:15:00.000000Z,653.28,653.4,653.06,653.36,793.15
2025-07-04T22:20:00.000000Z,653.36,653.65,653.22,653.28,1153.71
2025-07-04T22:25:00.000000Z,653.29,653.43,653.28,653.36,469.59
2025-07-04T22:30:00.000000Z,653.36,653.65,653.12,653.65,879.79
2025-07-04T22:35:00.000000Z,653.65,653.86,653.64,653.86,635.51
2025-07-04T22:40:00.000000Z,653.85,653.86,653.57,653.7,811.66
2025-07-04T22:45:00.000000Z,653.7,653.81,653.64,653.73,295.85
2025-07-04T22:50:00.000000Z,653.74,653.74,653.68,653.71,192.79
2025-07-04T22:55:00.000000Z,653.71,653.88,653.71,653.86,474.58
2025-07-04T23:00:00.000000Z,653.86,653.86,653.48,653.48,695.23
2025-07-04T23:05:00.000000Z,653.49,653.66,653.34,653.59,653.91
2025-07-04T23:10:00.000000Z,653.59,653.61,653.36,653.57,341.33
2025-07-04T23:15:00.000000Z,653.56,653.56,653.16,653.18,390.4
2025-07-04T23:20:00.000000Z,653.18,653.52,653.18,653.52,302.35
2025-07-04T23:25:00.000000Z,653.52,653.52,653.1,653.32,460.3
2025-07-04T23:30:00.000000Z,653.31,653.32,653.16,653.3,255.73
2025-07-04T23:35:00.000000Z,653.3,653.51,653.18,653.5,733.53
2025-07-04T23:40:00.000000Z,653.5,653.5,652.77,653.08,795.52
2025-07-04T23:45:00.000000Z,653.07,653.24,652.98,653.24,299.18
2025-07-04T23:50:00.000000Z,653.24,653.4,653.23,653.4,303.85
2025-07-04T23:55:00.000000Z,653.4,653.41,653.26,653.39,457.04
2025-07-05T00:00:00.000000Z,653.38,653.41,653.16,653.38,726.12
2025-07-05T00:05:00.000000Z,653.39,653.58,653.24,653.58,865.25
2025-07-05T00:10:00.000000Z,653.58,654.0,653.57,654.0,635.13
2025-07-05T00:15:00.000000Z,653.99,654.26,653.99,654.26,982.83
2025-07-05T00:20:00.000000Z,654.26,654.68,654.16,654.34,3237.43
2025-07-05T00:25:00.000000Z,654.34,654.45,654.33,654.45,308.69
2025-07-05T00:30:00.000000Z,654.45,654.45,654.1,654.18,654.74
2025-07-05T00:35:00.000000Z,654.18,654.47,654.17,654.47,450.12
2025-07-05T00:40:00.000000Z,654.47,654.58,654.39,654.46,757.38
2025-07-05T00:45:00.000000Z,654.47,654.5,654.26,654.4,304.22
2025-07-05T00:50:00.000000Z,654.41,654.52,654.28,654.52,266.57
2025-07-05T00:55:00.000000Z,654.51,654.52,654.38,654.5,367.26
2025-07-05T01:00:00.000000Z,654.5,654.53,654.18,654.41,540.46
2025-07-05T01:05:00.000000Z,654.4,654.46,654.33,654.45,402.38
2025-07-05T01:10:00.000000Z,654.46,654.46,654.24,654.4,355.36
2025-07-05T01:15:00.000000Z,654.4,654.4,653.92,653.92,870.08
2025-07-05T01:20:00.000000Z,653.93,654.13,653.71,653.94,669.49
2025-07-05T01:25:00.000000Z,653.93,654.12,653.91,653.92,380.74
2025-07-05T01:30:00.000000Z,653.92,654.22,653.69,654.13,535.86
2025-07-05T01:35:00.000000Z,654.12,654.26,654.0,654.26,511.4
2025-07-05T01:40:00.000000Z,654.26,654.32,654.02,654.14,299.45
2025-07-05T01:45:00.000000Z,654.14,654.38,654.13,654.28,258.94
2025-07-05T01:50:00.000000Z,654.28,654.28,654.08,654.24,242.99
2025-07-05T01:55:00.000000Z,654.24,654.5,654.24,654.5,217.56
2025-07-05T02:00:00.000000Z,654.5,654.5,654.26,654.49,856.16
2025-07-05T02:05:00.000000Z,654.49,654.71,654.4,654.6,752.46
2025-07-05T02:10:00.000000Z,654.6,654.6,654.3,654.51,377.76
2025-07-05T02:15:00.000000Z,654.51,654.73,654.44,654.62,404.46
2025-07-05T02:20:00.000000Z,654.63,654.63,654.32,654.32,366.05
2025-07-05T02:25:00.000000Z,654.33,654.44,653.74,653.75,340.94
2025-07-05T02:30:00.000000Z,653.75,653.75,652.54,653.39,1617.32
2025-07-05T02:35:00.000000Z,653.38,654.0,653.38,653.9,1122.36
2025-07-05T02:40:00.000000Z,653.9,653.96,653.72,653.96,232.54
2025-07-05T02:45:00.000000Z,653.96,654.46,653.92,654.46,323.64
2025-07-05T02:50:00.000000Z,654.46,654.6,654.39,654.55,362.64
2025-07-05T02:55:00.000000Z,654.55,654.56,654.32,654.54,326.5
2025-07-05T03:00:00.000000Z,654.54,654.71,654.54,654.67,457.44
2025-07-05T03:05:00.000000Z,654.67,654.81,654.64,654.7,613.85
2025-07-05T03:10:00.000000Z,654.69,654.7,654.46,654.48,366.74
2025-07-05T03:15:00.000000Z,654.47,654.66,654.47,654.61,372.56
2025-07-05T03:20:00.000000Z,654.6,654.72,654.6,654.72,254.5
2025-07-05T03:25:00.000000Z,654.71,654.76,654.64,654.76,200.78
2025-07-05T03:30:00.000000Z,654.76,655.34,654.76,655.34,1886.17
2025-07-05T03:35:00.000000Z,655.34,655.34,655.16,655.25,289.02
2025-07-05T03:40:00.000000Z,655.24,655.42,655.24,655.28,380.99
2025-07-05T03:45:00.000000Z,655.28,655.83,655.28,655.83,443.62
2025-07-05T03:50:00.000000Z,655.83,655.98,655.68,655.83,571.78
2025-07-05T03:55:00.000000Z,655.83,655.88,655.73,655.82,306.66
2025-07-05T04:00:00.000000Z,655.81,655.84,655.56,655.56,699.07
2025-07-05T04:05:00.000000Z,655.57,655.57,654.7,654.83,792.3
2025-07-05T04:10:00.000000Z,654.84,655.17,654.84,654.94,852.78
2025-07-05T04:15:00.000000Z,654.95,655.14,654.84,655.1,722.51
2025-07-05T04:20:00.000000Z,655.1,655.32,655.09,655.31,395.23
2025-07-05T04:25:00.000000Z,655.3,655.96,655.3,655.96,504.67
2025-07-05T04:30:00.000000Z,655.96,656.04,655.62,655.63,786.65
2025-07-05T04:35:00.000000Z,655.63,655.75,655.56,655.57,303.66
2025-07-05T04:40:00.000000Z,655.57,655.75,655.57,655.69,322.11
2025-07-05T04:45:00.000000Z,655.7,655.7,655.0,655.0,380.54
2025-07-05T04:50:00.000000Z,655.01,655.3,655.0,655.22,310.59
2025-07-05T04:55:00.000000Z,655.22,655.22,655.1,655.1,204.42
2025-07-05T05:00:00.000000Z,655.11,655.29,654.96,655.09,705.57
2025-07-05T05:05:00.000000Z,655.09,655.36,655.08,655.24,438.59
2025-07-05T05:10:00.000000Z,655.25,655.6,655.24,655.59,371.14
2025-07-05T05:15:00.000000Z,655.6,655.6,655.2,655.46,423.16
2025-07-05T05:20:00.000000Z,655.47,655.7,655.46,655.69,214.08
2025-07-05T05:25:00.000000Z,655.69,656.34,655.69,656.25,1165.04
2025-07-05T05:30:00.000000Z,656.25,656.27,655.56,655.69,845.35
2025-07-05T05:35:00.000000Z,655.7,655.81,655.52,655.81,359.59
2025-07-05T05:40:00.000000Z,655.81,655.98,655.78,655.79,298.31
2025-07-05T05:45:00.000000Z,655.8,656.12,655.79,656.11,282.67
2025-07-05T05:50:00.000000Z,656.12,656.37,656.11,656.37,287.97
2025-07-05T05:55:00.000000Z,656.37,656.76,655.55,655.59,4329.06
2025-07-05T06:00:00.000000Z,655.59,655.61,655.37,655.37,2714.1
2025-07-05T06:05:00.000000Z,655.36,655.36,655.03,655.26,731.57
2025-07-05T06:10:00.000000Z,655.26,655.44,655.25,655.4,353.76
2025-07-05T06:15:00.000000Z,655.4,655.6,655.39,655.54,304.45
2025-07-05T06:20:00.000000Z,655.54,656.48,655.54,656.47,862.92
2025-07-05T06:25:00.000000Z,656.47,656.48,656.11,656.17,648.28
2025-07-05T06:30:00.000000Z,656.18,656.3,656.05,656.29,387.11
2025-07-05T06:35:00.000000Z,656.29,656.29,655.89,655.99,310.4
2025-07-05T06:40:00.000000Z,655.99,656.21,655.71,656.04,445.38
2025-07-05T06:45:00.000000Z,656.04,656.26,655.95,655.95,409.98
2025-07-05T06:50:00.000000Z,655.96,656.12,655.88,655.99,373.96
2025-07-05T06:55:00.000000Z,656.0,656.0,655.9,655.91,233.17
2025-07-05T07:00:00.000000Z,655.9,655.91,655.67,655.75,416.72
2025-07-05T07:05:00.000000Z,655.75,656.06,655.52,655.52,435.96
2025-07-05T07:10:00.000000Z,655.53,655.53,655.25,655.26,465.55
2025-07-05T07:15:00.000000Z,655.26,655.26,654.66,654.82,795.84
2025-07-05T07:20:00.000000Z,654.82,655.12,654.82,655.12,405.01
2025-07-05T07:25:00.000000Z,655.11,655.38,654.9,654.91,519.4
2025-07-05T07:30:00.000000Z,654.91,654.91,654.58,654.6,504.6
2025-07-05T07:35:00.000000Z,654.61,654.61,654.4,654.41,365.66
2025-07-05T07:40:00.000000Z,654.41,654.41,654.27,654.38,434.92
2025-07-05T07:45:00.000000Z,654.37,654.47,654.2,654.46,640.71
2025-07-05T07:50:00.000000Z,654.46,654.46,654.2,654.2,176.17
2025-07-05T07:55:00.000000Z,654.21,654.42,654.12,654.42,670.26
2025-07-05T08:00:00.000000Z,654.41,654.7,654.36,654.44,594.5
2025-07-05T08:05:00.000000Z,654.44,654.79,654.32,654.76,624.65
2025-07-05T08:10:00.000000Z,654.76,655.36,654.76,655.35,944.08
2025-07-05T08:15:00.000000Z,655.35,655.36,655.0,655.09,375.47
2025-07-05T08:20:00.000000Z,655.1,655.28,654.9,655.16,367.1
2025-07-05T08:25:00.000000Z,655.16,655.3,655.08,655.09,259.17
2025-07-05T08:30:00.000000Z,655.08,655.3,654.84,654.85,585.04
2025-07-05T08:35:00.000000Z,654.84,654.85,653.83,654.06,3645.87
2025-07-05T08:40:00.000000Z,654.07,654.18,653.96,654.03,402.71
2025-07-05T08:45:00.000000Z,654.05,654.14,653.72,654.06,520.44
2025-07-05T08:50:00.000000Z,654.07,654.11,653.82,654.0,396.79
2025-07-05T08:55:00.000000Z,654.0,654.26,653.91,654.23,315.03
2025-07-05T09:00:00.000000Z,654.23,654.44,654.23,654.38,440.7
2025-07-05T09:05:00.000000Z,654.39,654.39,653.88,654.13,890.41
2025-07-05T09:10:00.000000Z,654.13,654.32,654.13,654.15,357.67
2025-07-05T09:15:00.000000Z,654.14,654.26,654.0,654.05,429.75
2025-07-05T09:20:00.000000Z,654.05,654.28,653.95,654.13,448.72
2025-07-05T09:25:00.000000Z,654.14,654.57,654.0,654.4,638.36
2025-07-05T09:30:00.000000Z,654.4,655.0,654.29,654.99,510.11
2025-07-05T09:35:00.000000Z,654.99,655.16,654.8,655.07,768.93
2025-07-05T09:40:00.000000Z,655.07,655.07,654.7,654.88,532.65
2025-07-05T09:45:00.000000Z,654.88,655.42,654.87,654.94,1213.52
2025-07-05T09:50:00.000000Z,654.94,655.26,654.93,655.24,347.05
2025-07-05T09:55:00.000000Z,655.24,655.34,655.15,655.3,307.85
2025-07-05T10:00:00.000000Z,655.3,655.3,655.16,655.22,385.05
2025-07-05T10:05:00.000000Z,655.22,655.26,655.13,655.2,290.16
2025-07-05T10:10:00.000000Z,655.2,655.22,654.99,655.0,396.27
2025-07-05T10:15:00.000000Z,654.99,654.99,654.66,654.87,537.62
2025-07-05T10:20:00.000000Z,654.88,655.1,654.87,655.04,348.74
2025-07-05T10:25:00.000000Z,655.04,655.08,654.95,655.08,260.61
2025-07-05T10:30:00.000000Z,655.08,655.25,654.88,655.19,922.63
2025-07-05T10:35:00.000000Z,655.2,655.22,655.14,655.18,249.82
2025-07-05T10:40:00.000000Z,655.19,655.5,655.18,655.39,1462.85
2025-07-05T10:45:00.000000Z,655.39,655.39,655.3,655.36,256.52
2025-07-05T10:50:00.000000Z,655.35,655.36,655.02,655.1,176.19
2025-07-05T10:55:00.000000Z,655.1,655.11,654.88,654.92,205.14
2025-07-05T11:00:00.000000Z,654.92,655.28,654.91,655.28,310.03
2025-07-05T11:05:00.000000Z,655.27,655.33,655.15,655.33,249.14
2025-07-05T11:10:00.000000Z,655.33,655.34,655.32,655.34,136.59
2025-07-05T11:15:00.000000Z,655.34,655.48,655.26,655.44,622.58
2025-07-05T11:20:00.000000Z,655.45,655.74,655.44,655.73,939.35
2025-07-05T11:25:00.000000Z,655.74,655.74,655.69,655.7,187.29
2025-07-05T11:30:00.000000Z,655.7,655.92,655.68,655.83,565.86
2025-07-05T11:35:00.000000Z,655.82,655.94,655.68,655.88,686.44
2025-07-05T11:40:00.000000Z,655.87,655.9,655.71,655.72,347.17
2025-07-05T11:45:00.000000Z,655.72,655.78,655.7,655.7,119.61
2025-07-05T11:50:00.000000Z,655.71,655.71,655.48,655.49,231.53
2025-07-05T11:55:00.000000Z,655.49,655.5,655.32,655.32,329.55
2025-07-05T12:00:00.000000Z,655.33,655.42,654.96,655.21,848.33
2025-07-05T12:05:00.000000Z,655.21,655.46,654.84,655.18,932.15
2025-07-05T12:10:00.000000Z,655.18,655.22,655.17,655.21,274.49
2025-07-05T12:15:00.000000Z,655.22,655.34,655.06,655.06,689.53
2025-07-05T12:20:00.000000Z,655.06,655.07,654.55,654.56,658.97
2025-07-05T12:25:00.000000Z,654.55,654.71,654.44,654.49,411.72
2025-07-05T12:30:00.000000Z,654.5,654.96,654.49,654.69,759.79
2025-07-05T12:35:00.000000Z,654.69,654.69,654.32,654.61,495.96
2025-07-05T12:40:00.000000Z,654.62,654.87,654.56,654.79,272.47
2025-07-05T12:45:00.000000Z,654.79,655.19,654.57,655.12,327.17
2025-07-05T12:50:00.000000Z,655.13,655.21,655.12,655.16,253.11
2025-07-05T12:55:00.000000Z,655.16,655.16,655.15,655.15,163.52
2025-07-05T13:00:00.000000Z,655.15,655.25,655.15,655.18,376.25
2025-07-05T13:05:00.000000Z,655.18,655.22,655.11,655.21,250.69
2025-07-05T13:10:00.000000Z,655.21,655.21,654.88,654.96,364.17
2025-07-05T13:15:00.000000Z,654.96,655.0,654.9,654.98,181.57
2025-07-05T13:20:00.000000Z,654.98,655.3,654.98,655.29,309.37
2025-07-05T13:25:00.000000Z,655.29,655.54,655.06,655.09,1751.49
2025-07-05T13:30:00.000000Z,655.09,655.12,654.64,654.81,583.64
2025-07-05T13:35:00.000000Z,654.81,654.81,654.61,654.66,244.4
2025-07-05T13:40:00.000000Z,654.66,655.04,654.6,655.03,330.17
2025-07-05T13:45:00.000000Z,655.03,655.04,654.66,654.93,565.55
2025-07-05T13:50:00.000000Z,654.93,654.96,654.6,654.6,287.11
2025-07-05T13:55:00.000000Z,654.61,654.84,654.6,654.62,277.02
2025-07-05T14:00:00.000000Z,654.62,654.79,654.53,654.76,675.76
2025-07-05T14:05:00.000000Z,654.75,654.78,654.3,654.31,414.31
2025-07-05T14:10:00.000000Z,654.31,654.66,654.14,654.64,620.85
2025-07-05T14:15:00.000000Z,654.64,655.0,654.51,654.66,577.14
2025-07-05T14:20:00.000000Z,654.65,655.04,654.52,654.76,254.97
2025-07-05T14:25:00.000000Z,654.76,654.77,654.69,654.69,152.04
2025-07-05T14:30:00.000000Z,654.69,654.94,654.27,654.69,894.38
2025-07-05T14:35:00.000000Z,654.69,655.06,654.68,654.97,291.23
2025-07-05T14:40:00.000000Z,654.97,654.98,654.76,654.76,186.77
2025-07-05T14:45:00.000000Z,654.77,654.77,654.54,654.76,312.99
2025-07-05T14:50:00.000000Z,654.75,655.12,654.75,655.1,329.66
2025-07-05T14:55:00.000000Z,655.1,655.11,654.84,654.93,271.05
2025-07-05T15:00:00.000000Z,654.94,654.94,654.72,654.93,468.4
2025-07-05T15:05:00.000000Z,654.92,655.08,654.92,655.08,335.13
2025-07-05T15:10:00.000000Z,655.07,655.12,655.06,655.11,245.34
2025-07-05T15:15:00.000000Z,655.12,655.12,654.93,655.1,260.28
2025-07-05T15:20:00.000000Z,655.1,655.17,655.0,655.08,112.04
2025-07-05T15:25:00.000000Z,655.08,655.08,654.7,654.7,336.16
2025-07-05T15:30:00.000000Z,654.71,654.95,654.62,654.7,225.96
2025-07-05T15:35:00.000000Z,654.7,654.86,654.6,654.75,240.45
2025-07-05T15:40:00.000000Z,654.76,654.76,654.61,654.64,116.26
2025-07-05T15:45:00.000000Z,654.64,654.65,653.91,653.99,1121.22
2025-07-05T15:50:00.000000Z,653.99,654.29,653.99,654.29,358.46
2025-07-05T15:55:00.000000Z,654.28,654.29,654.08,654.14,165.79
2025-07-05T16:00:00.000000Z,654.13,654.32,654.12,654.32,371.66
2025-07-05T16:05:00.000000Z,654.31,654.32,654.07,654.15,329.17
2025-07-05T16:10:00.000000Z,654.15,654.4,654.01,654.36,613.85
2025-07-05T16:15:00.000000Z,654.36,654.66,654.24,654.36,588.23
2025-07-05T16:20:00.000000Z,654.36,654.36,653.82,653.83,502.1
2025-07-05T16:25:00.000000Z,653.82,653.85,653.75,653.75,603.9
2025-07-05T16:30:00.000000Z,653.75,653.76,653.33,653.39,780.14
2025-07-05T16:35:00.000000Z,653.39,653.41,652.6,652.7,2651.24
2025-07-05T16:40:00.000000Z,652.7,652.78,652.33,652.53,1253.99
2025-07-05T16:45:00.000000Z,652.54,652.87,652.5,652.87,387.52
2025-07-05T16:50:00.000000Z,652.86,653.09,652.86,653.09,594.4
2025-07-05T16:55:00.000000Z,653.08,653.58,653.02,653.52,651.11
2025-07-05T17:00:00.000000Z,653.52,653.95,653.34,653.58,878.62
2025-07-05T17:05:00.000000Z,653.58,653.98,653.46,653.88,575.62
2025-07-05T17:10:00.000000Z,653.89,653.89,652.84,652.87,576.76
2025-07-05T17:15:00.000000Z,652.86,652.98,652.26,652.31,966.41
2025-07-05T17:20:00.000000Z,652.3,652.31,651.76,651.99,1131.95
2025-07-05T17:25:00.000000Z,651.99,652.32,651.9,652.26,574.46
2025-07-05T17:30:00.000000Z,652.27,652.38,651.98,652.2,571.9
2025-07-05T17:35:00.000000Z,652.2,652.51,652.2,652.51,311.34
2025-07-05T17:40:00.000000Z,652.5,653.02,652.5,652.88,402.39
2025-07-05T17:45:00.000000Z,652.88,652.97,652.38,652.54,666.27
2025-07-05T17:50:00.000000Z,652.55,653.54,652.55,653.35,1264.47
2025-07-05T17:55:00.000000Z,653.35,653.4,653.2,653.31,362.29
2025-07-05T18:00:00.000000Z,653.31,653.32,652.96,653.07,584.5
2025-07-05T18:05:00.000000Z,653.07,653.1,652.76,653.1,654.73
2025-07-05T18:10:00.000000Z,653.1,653.27,653.1,653.22,394.18
2025-07-05T18:15:00.000000Z,653.23,653.24,652.68,652.77,667.87
2025-07-05T18:20:00.000000Z,652.78,652.84,652.38,652.42,559.21
2025-07-05T18:25:00.000000Z,652.42,652.5,652.32,652.33,303.44
2025-07-05T18:30:00.000000Z,652.32,652.71,652.16,652.22,627.35
2025-07-05T18:35:00.000000Z,652.23,652.56,652.06,652.24,684.9
2025-07-05T18:40:00.000000Z,652.24,652.47,652.21,652.4,315.54
2025-07-05T18:45:00.000000Z,652.4,652.81,652.18,652.18,536.48
2025-07-05T18:50:00.000000Z,652.19,652.76,652.18,652.5,503.24
2025-07-05T18:55:00.000000Z,652.5,652.53,652.26,652.44,288.71
2025-07-05T19:00:00.000000Z,652.44,652.55,652.04,652.12,581.65
2025-07-05T19:05:00.000000Z,652.13,652.13,651.84,651.84,334.19
2025-07-05T19:10:00.000000Z,651.85,652.1,651.78,651.84,546.62
2025-07-05T19:15:00.000000Z,651.83,652.41,651.72,652.23,422.45
2025-07-05T19:20:00.000000Z,652.23,652.59,652.19,652.59,304.76
2025-07-05T19:25:00.000000Z,652.59,653.09,652.51,653.08,271.86
2025-07-05T19:30:00.000000Z,653.09,653.24,653.09,653.23,438.2
2025-07-05T19:35:00.000000Z,653.23,653.37,653.16,653.34,174.79
2025-07-05T19:40:00.000000Z,653.33,653.81,653.33,653.63,475.56
2025-07-05T19:45:00.000000Z,653.63,653.82,653.54,653.82,246.78
2025-07-05T19:50:00.000000Z,653.82,653.9,653.74,653.8,198.06
2025-07-05T19:55:00.000000Z,653.8,653.8,653.79,653.79,60.66
2025-07-05T20:00:00.000000Z,653.79,653.88,653.66,653.72,506.76
2025-07-05T20:05:00.000000Z,653.72,653.93,653.56,653.56,456.73
2025-07-05T20:10:00.000000Z,653.57,653.9,653.56,653.73,266.84
2025-07-05T20:15:00.000000Z,653.74,653.83,653.65,653.71,238.57
2025-07-05T20:20:00.000000Z,653.72,653.83,653.72,653.79,224.92
2025-07-05T20:25:00.000000Z,653.79,653.93,653.64,653.73,398.23
2025-07-05T20:30:00.000000Z,653.74,654.2,653.73,654.14,549.34
2025-07-05T20:35:00.000000Z,654.15,654.26,654.14,654.21,224.12
2025-07-05T20:40:00.000000Z,654.21,654.27,654.1,654.23,213.99
2025-07-05T20:45:00.000000Z,654.23,654.4,654.23,654.4,197.2
2025-07-05T20:50:00.000000Z,654.39,654.56,654.38,654.56,309.98
2025-07-05T20:55:00.000000Z,654.56,654.74,654.47,654.74,504.19
2025-07-05T21:00:00.000000Z,654.74,654.78,654.7,654.71,348.86
2025-07-05T21:05:00.000000Z,654.7,654.79,654.5,654.68,500.52
2025-07-05T21:10:00.000000Z,654.69,654.76,654.25,654.25,671.43
2025-07-05T21:15:00.000000Z,654.25,654.57,654.24,654.56,296.76
2025-07-05T21:20:00.000000Z,654.57,654.95,654.57,654.95,368.77
2025-07-05T21:25:00.000000Z,654.94,655.0,654.82,654.96,834.22
2025-07-05T21:30:00.000000Z,654.97,655.12,654.97,655.12,334.45
2025-07-05T21:35:00.000000Z,655.12,655.73,655.11,655.3,1134.2
2025-07-05T21:40:00.000000Z,655.31,655.41,655.25,655.25,325.43
2025-07-05T21:45:00.000000Z,655.26,655.4,655.24,655.4,87.28
2025-07-05T21:50:00.000000Z,655.39,655.4,655.39,655.39,73.44
2025-07-05T21:55:00.000000Z,655.39,655.73,655.38,655.6,309.39
2025-07-05T22:00:00.000000Z,655.6,655.6,655.05,655.38,739.56
2025-07-05T22:05:00.000000Z,655.38,655.43,655.15,655.42,314.78
2025-07-05T22:10:00.000000Z,655.42,655.43,655.16,655.41,375.02
2025-07-05T22:15:00.000000Z,655.42,655.62,655.33,655.61,188.6
2025-07-05T22:20:00.000000Z,655.61,655.66,655.49,655.64,231.51
2025-07-05T22:25:00.000000Z,655.64,655.65,655.48,655.48,160.35
2025-07-05T22:30:00.000000Z,655.49,655.49,655.3,655.37,325.73
2025-07-05T22:35:00.000000Z,655.37,655.38,655.26,655.27,214.5
2025-07-05T22:40:00.000000Z,655.27,655.72,655.25,655.53,460.48
2025-07-05T22:45:00.000000Z,655.54,655.62,655.53,655.62,175.68
2025-07-05T22:50:00.000000Z,655.61,656.03,655.61,656.03,1428.67
2025-07-05T22:55:00.000000Z,656.03,656.1,656.02,656.06,242.76
2025-07-05T23:00:00.000000Z,656.07,656.3,656.02,656.27,689.25
2025-07-05T23:05:00.000000Z,656.27,656.27,656.15,656.22,318.78
2025-07-05T23:10:00.000000Z,656.22,656.22,656.09,656.11,278.61
2025-07-05T23:15:00.000000Z,656.12,656.2,655.82,655.87,669.71
2025-07-05T23:20:00.000000Z,655.87,656.08,655.87,655.99,319.82
2025-07-05T23:25:00.000000Z,655.99,655.99,655.66,655.83,369.58
2025-07-05T23:30:00.000000Z,655.83,655.95,655.7,655.7,712.04
2025-07-05T23:35:00.000000Z,655.7,655.71,655.6,655.7,82.17
2025-07-05T23:40:00.000000Z,655.7,655.75,655.7,655.75,235.7
2025-07-05T23:45:00.000000Z,655.75,655.84,655.74,655.84,56.34
2025-07-05T23:50:00.000000Z,655.83,655.84,655.66,655.66,294.38
2025-07-05T23:55:00.000000Z,655.66,656.0,655.66,655.99,737.03
2025-07-06T00:00:00.000000Z,656.0,656.06,655.76,656.05,1098.64
2025-07-06T00:05:00.000000Z,656.06,656.43,655.91,656.43,863.92
2025-07-06T00:10:00.000000Z,656.43,656.43,656.18,656.32,725.42
2025-07-06T00:15:00.000000Z,656.32,656.43,656.05,656.32,675.99
2025-07-06T00:20:00.000000Z,656.31,656.46,656.12,656.4,759.28
2025-07-06T00:25:00.000000Z,656.4,656.56,656.38,656.51,450.92
2025-07-06T00:30:00.000000Z,656.52,656.52,656.06,656.26,392.79
2025-07-06T00:35:00.000000Z,656.26,656.38,656.25,656.38,352.78
2025-07-06T00:40:00.000000Z,656.38,656.52,656.37,656.52,226.05
2025-07-06T00:45:00.000000Z,656.52,656.52,655.8,656.03,500.07
2025-07-06T00:50:00.000000Z,656.04,656.43,656.04,656.43,306.75
2025-07-06T00:55:00.000000Z,656.43,656.62,656.4,656.52,455.95
2025-07-06T01:00:00.000000Z,656.52,656.52,656.22,656.4,572.91
2025-07-06T01:05:00.000000Z,656.4,656.45,656.12,656.43,437.54
2025-07-06T01:10:00.000000Z,656.44,656.45,656.22,656.22,466.87
2025-07-06T01:15:00.000000Z,656.23,656.3,656.07,656.07,345.15
2025-07-06T01:20:00.000000Z,656.06,656.11,655.73,655.83,656.4
2025-07-06T01:25:00.000000Z,655.84,655.84,655.4,655.48,564.32
2025-07-06T01:30:00.000000Z,655.49,655.91,655.48,655.9,474.16
2025-07-06T01:35:00.000000Z,655.9,655.96,655.79,655.95,207.23
2025-07-06T01:40:00.000000Z,655.96,655.96,655.46,655.63,467.98
2025-07-06T01:45:00.000000Z,655.63,655.63,655.57,655.61,183.02
2025-07-06T01:50:00.000000Z,655.62,655.65,655.58,655.58,146.85
2025-07-06T01:55:00.000000Z,655.59,655.72,655.58,655.66,210.45
2025-07-06T02:00:00.000000Z,655.66,655.87,655.52,655.87,232.71
2025-07-06T02:05:00.000000Z,655.87,656.0,655.87,655.94,441.33
2025-07-06T02:10:00.000000Z,655.94,655.95,655.6,655.62,442.68
2025-07-06T02:15:00.000000Z,655.62,655.68,655.2,655.2,409.46
2025-07-06T02:20:00.000000Z,655.2,655.21,654.97,654.97,403.71
2025-07-06T02:25:00.000000Z,654.97,655.26,654.97,655.03,344.33
2025-07-06T02:30:00.000000Z,655.03,655.17,655.03,655.13,288.68
2025-07-06T02:35:00.000000Z,655.14,655.19,654.86,654.89,576.79
2025-07-06T02:40:00.000000Z,654.9,654.92,654.88,654.91,85.52
2025-07-06T02:45:00.000000Z,654.91,654.92,654.86,654.86,355.48
2025-07-06T02:50:00.000000Z,654.86,654.91,654.86,654.86,297.69
2025-07-06T02:55:00.000000Z,654.86,654.9,654.57,654.57,180.07
2025-07-06T03:00:00.000000Z,654.57,654.59,654.31,654.53,1024.86
2025-07-06T03:05:00.000000Z,654.52,654.8,654.48,654.64,412.43
2025-07-06T03:10:00.000000Z,654.64,654.78,654.62,654.76,323.98
2025-07-06T03:15:00.000000Z,654.76,654.76,654.46,654.46,183.77
2025-07-06T03:20:00.000000Z,654.47,654.47,654.27,654.33,315.13
2025-07-06T03:25:00.000000Z,654.33,654.48,654.32,654.43,302.63
2025-07-06T03:30:00.000000Z,654.43,654.6,654.34,654.59,508.21
2025-07-06T03:35:00.000000Z,654.6,654.6,654.52,654.57,201.35
2025-07-06T03:40:00.000000Z,654.58,654.58,654.51,654.51,180.33
2025-07-06T03:45:00.000000Z,654.52,654.71,654.5,654.57,494.68
2025-07-06T03:50:00.000000Z,654.56,654.7,654.56,654.7,291.18
2025-07-06T03:55:00.000000Z,654.7,654.7,654.69,654.7,92.28
2025-07-06T04:00:00.000000Z,654.69,654.86,654.55,654.85,769.37
2025-07-06T04:05:00.000000Z,654.85,655.26,654.85,654.87,665.73
2025-07-06T04:10:00.000000Z,654.87,654.88,654.56,654.57,451.69
2025-07-06T04:15:00.000000Z,654.56,654.57,654.08,654.15,523.38
2025-07-06T04:20:00.000000Z,654.14,654.18,653.86,653.86,724.37
2025-07-06T04:25:00.000000Z,653.86,653.86,653.73,653.84,383.57
2025-07-06T04:30:00.000000Z,653.83,653.88,653.53,653.86,652.18
2025-07-06T04:35:00.000000Z,653.86,653.86,653.65,653.74,431.61
2025-07-06T04:40:00.000000Z,653.74,654.33,653.66,654.07,1391.63
2025-07-06T04:45:00.000000Z,654.07,654.08,653.96,653.97,270.02
2025-07-06T04:50:00.000000Z,653.97,653.97,653.72,653.72,289.77
2025-07-06T04:55:00.000000Z,653.73,653.79,653.72,653.79,127.64
2025-07-06T05:00:00.000000Z,653.79,653.94,653.69,653.74,476.76
2025-07-06T05:05:00.000000Z,653.74,653.78,653.58,653.58,324.04
2025-07-06T05:10:00.000000Z,653.58,653.59,653.58,653.58,91.08
2025-07-06T05:15:00.000000Z,653.58,653.58,653.41,653.41,586.59
2025-07-06T05:20:00.000000Z,653.41,653.82,653.41,653.76,497.96
2025-07-06T05:25:00.000000Z,653.76,653.82,653.75,653.8,170.49
2025-07-06T05:30:00.000000Z,653.8,653.82,653.65,653.75,276.11
2025-07-06T05:35:00.000000Z,653.75,653.75,653.45,653.58,217.43
2025-07-06T05:40:00.000000Z,653.58,653.72,653.52,653.65,300.36
2025-07-06T05:45:00.000000Z,653.65,654.04,653.64,654.03,276.02
2025-07-06T05:50:00.000000Z,654.04,654.08,653.86,653.95,296.99
2025-07-06T05:55:00.000000Z,653.95,653.98,653.77,653.97,175.15
2025-07-06T06:00:00.000000Z,653.98,654.0,653.65,653.65,562.15
2025-07-06T06:05:00.000000Z,653.65,653.92,653.65,653.84,364.1
2025-07-06T06:10:00.000000Z,653.85,654.77,653.84,654.73,944.45
2025-07-06T06:15:00.000000Z,654.74,655.82,654.73,655.23,1769.21
2025-07-06T06:20:00.000000Z,655.23,655.5,655.16,655.29,577.18
2025-07-06T06:25:00.000000Z,655.28,655.29,655.09,655.09,178.47
2025-07-06T06:30:00.000000Z,655.1,655.18,654.9,655.17,473.39
2025-07-06T06:35:00.000000Z,655.17,655.47,655.14,655.14,476.54
2025-07-06T06:40:00.000000Z,655.13,655.26,655.12,655.18,187.38
2025-07-06T06:45:00.000000Z,655.18,655.26,655.01,655.01,285.94
2025-07-06T06:50:00.000000Z,655.01,655.1,654.94,655.1,331.03
2025-07-06T06:55:00.000000Z,655.09,655.3,655.06,655.1,248.31
2025-07-06T07:00:00.000000Z,655.09,655.22,654.98,655.16,541.92
2025-07-06T07:05:00.000000Z,655.15,655.16,655.08,655.08,255.3
2025-07-06T07:10:00.000000Z,655.07,655.12,655.06,655.11,220.96
2025-07-06T07:15:00.000000Z,655.12,655.29,654.66,654.66,827.37
2025-07-06T07:20:00.000000Z,654.66,654.9,654.5,654.75,379.66
2025-07-06T07:25:00.000000Z,654.74,654.75,654.6,654.61,170.48
2025-07-06T07:30:00.000000Z,654.61,654.72,654.6,654.69,254.92
2025-07-06T07:35:00.000000Z,654.68,654.69,654.5,654.52,275.45
2025-07-06T07:40:00.000000Z,654.52,654.64,654.52,654.64,186.84
2025-07-06T07:45:00.000000Z,654.64,654.64,654.48,654.6,233.43
2025-07-06T07:50:00.000000Z,654.59,654.78,654.59,654.78,371.31
2025-07-06T07:55:00.000000Z,654.78,654.8,654.54,654.55,237.74
2025-07-06T08:00:00.000000Z,654.54,654.55,653.78,653.85,1048.76
2025-07-06T08:05:00.000000Z,653.86,654.25,653.85,654.0,685.63
2025-07-06T08:10:00.000000Z,654.0,654.05,653.68,653.68,331.92
2025-07-06T08:15:00.000000Z,653.68,653.69,653.41,653.42,534.25
2025-07-06T08:20:00.000000Z,653.42,653.9,653.22,653.82,1398.29
2025-07-06T08:25:00.000000Z,653.82,654.12,653.78,653.79,1096.59
2025-07-06T08:30:00.000000Z,653.78,654.01,653.78,654.0,321.41
2025-07-06T08:35:00.000000Z,654.01,654.27,653.98,654.26,260.64
2025-07-06T08:40:00.000000Z,654.26,654.6,654.26,654.56,431.88
2025-07-06T08:45:00.000000Z,654.56,654.79,654.55,654.73,557.55
2025-07-06T08:50:00.000000Z,654.73,654.74,654.54,654.7,299.14
2025-07-06T08:55:00.000000Z,654.7,654.7,654.48,654.49,423.02
2025-07-06T09:00:00.000000Z,654.49,654.49,654.33,654.39,327.45
2025-07-06T09:05:00.000000Z,654.39,654.54,654.27,654.28,372.82
2025-07-06T09:10:00.000000Z,654.28,654.29,654.15,654.29,281.23
2025-07-06T09:15:00.000000Z,654.28,654.29,654.0,654.23,357.68
2025-07-06T09:20:00.000000Z,654.24,654.41,654.2,654.23,198.48
2025-07-06T09:25:00.000000Z,654.24,654.24,654.23,654.24,78.26
2025-07-06T09:30:00.000000Z,654.24,654.4,654.14,654.4,591.67
2025-07-06T09:35:00.000000Z,654.4,654.48,654.34,654.44,320.08
2025-07-06T09:40:00.000000Z,654.44,654.51,654.36,654.5,313.44
2025-07-06T09:45:00.000000Z,654.5,654.51,653.76,654.05,849.5
2025-07-06T09:50:00.000000Z,654.04,654.12,653.74,653.87,452.9
2025-07-06T09:55:00.000000Z,653.86,653.88,653.68,653.68,220.4
2025-07-06T10:00:00.000000Z,653.68,653.94,653.59,653.93,745.24
2025-07-06T10:05:00.000000Z,653.93,653.94,653.64,653.75,378.24
2025-07-06T10:10:00.000000Z,653.76,653.94,653.75,653.9,239.96
2025-07-06T10:15:00.000000Z,653.91,653.91,653.74,653.8,362.2
2025-07-06T10:20:00.000000Z,653.79,653.84,653.56,653.83,356.81
2025-07-06T10:25:00.000000Z,653.84,653.94,653.83,653.93,153.96
2025-07-06T10:30:00.000000Z,653.94,654.66,653.94,654.55,671.76
2025-07-06T10:35:00.000000Z,654.55,654.55,654.4,654.41,250.45
2025-07-06T10:40:00.000000Z,654.4,654.48,654.37,654.47,185.76
2025-07-06T10:45:00.000000Z,654.48,654.48,654.3,654.31,219.84
2025-07-06T10:50:00.000000Z,654.31,654.48,654.16,654.47,272.84
2025-07-06T10:55:00.000000Z,654.48,654.48,654.4,654.44,325.03
2025-07-06T11:00:00.000000Z,654.44,654.5,654.39,654.5,338.51
2025-07-06T11:05:00.000000Z,654.51,654.68,654.48,654.68,299.35
2025-07-06T11:10:00.000000Z,654.68,654.68,654.51,654.6,263.63
2025-07-06T11:15:00.000000Z,654.61,654.78,654.32,654.42,678.78
2025-07-06T11:20:00.000000Z,654.43,654.66,654.42,654.66,142.62
2025-07-06T11:25:00.000000Z,654.65,654.73,654.65,654.72,258.23
2025-07-06T11:30:00.000000Z,654.73,654.93,654.72,654.93,559.01
2025-07-06T11:35:00.000000Z,654.93,655.18,654.88,655.18,357.43
2025-07-06T11:40:00.000000Z,655.17,655.69,655.17,655.68,521.17
2025-07-06T11:45:00.000000Z,655.69,656.08,655.69,655.98,997.04
2025-07-06T11:50:00.000000Z,655.99,655.99,655.88,655.94,293.9
2025-07-06T11:55:00.000000Z,655.94,656.26,655.93,656.26,1033.52
2025-07-06T12:00:00.000000Z,656.26,656.44,655.77,655.8,1479.66
2025-07-06T12:05:00.000000Z,655.79,655.85,655.62,655.66,504.46
2025-07-06T12:10:00.000000Z,655.67,655.88,655.41,655.88,851.59
2025-07-06T12:15:00.000000Z,655.88,655.96,655.71,655.93,495.49
2025-07-06T12:20:00.000000Z,655.94,656.11,655.93,656.05,387.6
2025-07-06T12:25:00.000000Z,656.05,656.05,655.9,655.94,376.25
2025-07-06T12:30:00.000000Z,655.94,656.1,655.93,656.1,285.69
2025-07-06T12:35:00.000000Z,656.1,656.4,656.08,656.24,663.26
2025-07-06T12:40:00.000000Z,656.24,656.28,656.08,656.2,677.24
2025-07-06T12:45:00.000000Z,656.2,656.46,656.19,656.41,371.33
2025-07-06T12:50:00.000000Z,656.4,656.44,656.09,656.42,1019.36
2025-07-06T12:55:00.000000Z,656.43,657.5,656.42,657.48,3139.54
2025-07-06T13:00:00.000000Z,657.47,658.44,657.25,657.5,5106.22
2025-07-06T13:05:00.000000Z,657.5,658.4,657.49,658.12,2443.54
2025-07-06T13:10:00.000000Z,658.11,658.28,657.93,658.28,1257.55
2025-07-06T13:15:00.000000Z,658.28,659.56,658.28,659.19,4857.26
2025-07-06T13:20:00.000000Z,659.19,659.64,658.58,658.6,3080.91
2025-07-06T13:25:00.000000Z,658.63,659.42,658.52,659.4,2255.56
2025-07-06T13:30:00.000000Z,659.38,660.46,659.22,660.39,4365.27
2025-07-06T13:35:00.000000Z,660.38,660.48,659.68,659.69,1968.9
2025-07-06T13:40:00.000000Z,659.7,660.44,659.53,660.1,1723.84
2025-07-06T13:45:00.000000Z,660.1,660.59,659.59,659.89,3176.03
2025-07-06T13:50:00.000000Z,659.89,661.9,659.79,661.73,5053.95
2025-07-06T13:55:00.000000Z,661.71,662.0,661.31,661.4,2071.07
2025-07-06T14:00:00.000000Z,661.4,662.73,661.4,662.32,5145.04
2025-07-06T14:05:00.000000Z,662.33,662.36,661.32,661.92,2417.84
2025-07-06T14:10:00.000000Z,661.91,661.92,660.6,661.21,5103.12
2025-07-06T14:15:00.000000Z,661.21,661.79,660.92,660.93,5596.36
2025-07-06T14:20:00.000000Z,660.93,661.44,660.93,661.44,1645.77
2025-07-06T14:25:00.000000Z,661.43,661.72,661.0,661.07,1218.37
2025-07-06T14:30:00.000000Z,661.07,661.86,661.07,661.21,1459.49
2025-07-06T14:35:00.000000Z,661.22,661.42,660.86,660.87,2144.14
2025-07-06T14:40:00.000000Z,660.88,660.93,659.62,660.34,2478.47
2025-07-06T14:45:00.000000Z,660.34,661.33,659.86,661.32,1972.5
2025-07-06T14:50:00.000000Z,661.32,661.42,660.83,660.83,1306.09
2025-07-06T14:55:00.000000Z,660.82,661.28,660.68,661.22,583.66
2025-07-06T15:00:00.000000Z,661.23,662.0,661.23,661.75,4186.27
2025-07-06T15:05:00.000000Z,661.75,663.68,661.74,663.15,5538.46
2025-07-06T15:10:00.000000Z,663.15,663.74,663.0,663.36,4787.2
2025-07-06T15:15:00.000000Z,663.36,663.88,661.69,661.9,5112.77
2025-07-06T15:20:00.000000Z,661.9,662.41,661.58,662.41,2313.53
2025-07-06T15:25:00.000000Z,662.42,663.24,662.38,662.94,2110.53
2025-07-06T15:30:00.000000Z,662.95,663.1,662.68,662.79,1015.27
2025-07-06T15:35:00.000000Z,662.79,662.93,662.5,662.56,1062.07
2025-07-06T15:40:00.000000Z,662.55,662.75,662.39,662.64,2805.67
2025-07-06T15:45:00.000000Z,662.64,662.95,662.58,662.95,1136.48
2025-07-06T15:50:00.000000Z,662.95,663.14,662.72,662.91,892.02
2025-07-06T15:55:00.000000Z,662.91,663.14,662.9,662.96,838.88
2025-07-06T16:00:00.000000Z,662.96,663.46,662.9,663.01,1515.7
2025-07-06T16:05:00.000000Z,663.02,663.33,662.76,662.79,1701.3
2025-07-06T16:10:00.000000Z,662.78,662.78,662.33,662.52,1182.16
2025-07-06T16:15:00.000000Z,662.53,662.98,662.48,662.82,881.27
2025-07-06T16:20:00.000000Z,662.82,663.22,662.74,663.16,1262.21
2025-07-06T16:25:00.000000Z,663.15,663.21,662.92,663.0,710.03
2025-07-06T16:30:00.000000Z,663.0,663.37,662.48,662.48,958.48
2025-07-06T16:35:00.000000Z,662.49,663.18,662.49,663.0,900.77
2025-07-06T16:40:00.000000Z,663.0,663.29,662.78,662.79,528.13
2025-07-06T16:45:00.000000Z,662.78,663.02,662.62,662.99,576.86
2025-07-06T16:50:00.000000Z,662.99,663.39,662.87,663.36,965.71
2025-07-06T16:55:00.000000Z,663.36,663.42,663.26,663.41,400.49
2025-07-06T17:00:00.000000Z,663.42,663.42,662.92,663.03,1037.06
2025-07-06T17:05:00.000000Z,663.04,663.45,662.94,663.45,763.16
2025-07-06T17:10:00.000000Z,663.45,663.68,662.82,662.82,732.1
2025-07-06T17:15:00.000000Z,662.83,663.1,662.56,662.92,1111.87
2025-07-06T17:20:00.000000Z,662.91,663.09,662.81,663.05,508.82
2025-07-06T17:25:00.000000Z,663.05,663.2,662.98,663.01,379.65
2025-07-06T17:30:00.000000Z,663.01,663.1,662.79,663.09,1033.01
2025-07-06T17:35:00.000000Z,663.1,663.46,662.98,663.13,1041.76
2025-07-06T17:40:00.000000Z,663.13,663.2,663.11,663.13,359.64
2025-07-06T17:45:00.000000Z,663.14,663.28,663.1,663.15,383.35
2025-07-06T17:50:00.000000Z,663.15,663.15,662.83,662.83,313.32
2025-07-06T17:55:00.000000Z,662.84,662.96,662.63,662.92,847.03
2025-07-06T18:00:00.000000Z,662.93,663.12,662.91,663.11,1234.85
2025-07-06T18:05:00.000000Z,663.12,663.42,663.0,663.26,997.29
2025-07-06T18:10:00.000000Z,663.26,663.49,663.26,663.48,244.09
2025-07-06T18:15:00.000000Z,663.49,663.49,663.26,663.27,803.06
2025-07-06T18:20:00.000000Z,663.27,663.45,662.72,662.79,1072.06
2025-07-06T18:25:00.000000Z,662.79,662.94,662.23,662.4,1766.79
2025-07-06T18:30:00.000000Z,662.4,663.14,662.16,662.25,1692.71
2025-07-06T18:35:00.000000Z,662.25,662.76,662.0,662.76,1483.47
2025-07-06T18:40:00.000000Z,662.76,662.96,662.09,662.36,1274.54
2025-07-06T18:45:00.000000Z,662.36,662.57,661.36,661.71,4643.98
2025-07-06T18:50:00.000000Z,661.71,662.06,661.44,661.63,1015.58
2025-07-06T18:55:00.000000Z,661.62,662.44,661.62,662.44,642.33
2025-07-06T19:00:00.000000Z,662.43,663.39,662.43,663.39,1394.63
2025-07-06T19:05:00.000000Z,663.38,663.54,663.32,663.53,797.65
2025-07-06T19:10:00.000000Z,663.53,663.68,663.33,663.68,825.62
2025-07-06T19:15:00.000000Z,663.68,663.74,663.63,663.64,622.18
2025-07-06T19:20:00.000000Z,663.63,663.63,663.39,663.57,581.25
2025-07-06T19:25:00.000000Z,663.56,663.58,663.5,663.53,371.96
2025-07-06T19:30:00.000000Z,663.53,663.57,662.89,663.0,682.71
2025-07-06T19:35:00.000000Z,663.0,663.24,662.85,662.97,656.19
2025-07-06T19:40:00.000000Z,662.96,663.21,662.69,662.7,894.75
2025-07-06T19:45:00.000000Z,662.7,662.7,662.41,662.52,807.05
2025-07-06T19:50:00.000000Z,662.51,662.86,662.34,662.85,1000.51
2025-07-06T19:55:00.000000Z,662.86,663.24,662.66,663.24,794.07
2025-07-06T20:00:00.000000Z,663.24,663.54,663.13,663.42,1739.76
2025-07-06T20:05:00.000000Z,663.44,663.75,663.44,663.71,606.29
2025-07-06T20:10:00.000000Z,663.71,663.97,663.54,663.63,1914.49
2025-07-06T20:15:00.000000Z,663.64,663.76,663.38,663.73,465.6
2025-07-06T20:20:00.000000Z,663.72,663.73,660.49,662.19,8672.35
2025-07-06T20:25:00.000000Z,662.15,662.57,662.15,662.26,918.16
2025-07-06T20:30:00.000000Z,662.25,662.4,662.01,662.31,657.19
2025-07-06T20:35:00.000000Z,662.32,662.4,662.3,662.34,500.12
2025-07-06T20:40:00.000000Z,662.34,662.35,662.2,662.35,468.85
2025-07-06T20:45:00.000000Z,662.35,662.64,661.84,661.94,1319.89
2025-07-06T20:50:00.000000Z,661.94,661.94,661.65,661.65,697.5
2025-07-06T20:55:00.000000Z,661.65,661.66,660.95,661.07,1321.0
2025-07-06T21:00:00.000000Z,661.07,661.56,661.03,661.32,771.0
2025-07-06T21:05:00.000000Z,661.31,661.48,661.31,661.48,203.61
2025-07-06T21:10:00.000000Z,661.48,662.15,661.36,662.09,2283.56
2025-07-06T21:15:00.000000Z,662.08,662.09,661.62,661.84,923.73
2025-07-06T21:20:00.000000Z,661.84,662.34,661.8,662.34,534.24
2025-07-06T21:25:00.000000Z,662.34,663.43,662.3,663.27,1598.09
2025-07-06T21:30:00.000000Z,663.28,664.89,663.25,663.53,7407.48
2025-07-06T21:35:00.000000Z,663.52,664.79,663.52,664.27,2247.04
2025-07-06T21:40:00.000000Z,664.27,664.29,663.59,663.7,1051.75
2025-07-06T21:45:00.000000Z,663.71,663.84,662.55,662.71,1079.45
2025-07-06T21:50:00.000000Z,662.72,662.72,662.01,662.53,854.33
2025-07-06T21:55:00.000000Z,662.52,662.83,662.32,662.75,437.66
2025-07-06T22:00:00.000000Z,662.76,664.78,662.76,663.65,3123.17
2025-07-06T22:05:00.000000Z,663.64,664.26,663.51,664.17,899.32
2025-07-06T22:10:00.000000Z,664.18,664.18,663.5,663.82,559.27
2025-07-06T22:15:00.000000Z,663.83,664.33,663.83,664.33,508.0
2025-07-06T22:20:00.000000Z,664.32,664.33,663.17,663.62,934.83
2025-07-06T22:25:00.000000Z,663.62,663.96,663.2,663.81,568.26
2025-07-06T22:30:00.000000Z,663.8,663.84,663.0,663.52,1257.95
2025-07-06T22:35:00.000000Z,663.51,663.52,663.33,663.33,411.06
2025-07-06T22:40:00.000000Z,663.33,663.74,663.33,663.7,344.7
2025-07-06T22:45:00.000000Z,663.71,664.05,663.71,664.03,563.07
2025-07-06T22:50:00.000000Z,664.03,664.09,663.69,663.93,680.61
2025-07-06T22:55:00.000000Z,663.93,664.02,663.73,663.8,460.94
2025-07-06T23:00:00.000000Z,663.8,663.92,662.85,663.23,1948.47
2025-07-06T23:05:00.000000Z,663.23,663.51,662.58,663.48,1255.7
2025-07-06T23:10:00.000000Z,663.48,663.48,663.04,663.04,418.71
2025-07-06T23:15:00.000000Z,663.04,663.32,662.82,663.18,584.36
2025-07-06T23:20:00.000000Z,663.18,663.34,662.68,662.74,489.18
2025-07-06T23:25:00.000000Z,662.74,662.88,662.55,662.72,502.73
2025-07-06T23:30:00.000000Z,662.73,662.78,662.44,662.44,607.73
2025-07-06T23:35:00.000000Z,662.45,662.9,662.04,662.58,873.32
2025-07-06T23:40:00.000000Z,662.58,663.0,662.02,662.84,7157.08
2025-07-06T23:45:00.000000Z,662.84,663.0,662.72,662.84,1514.23
2025-07-06T23:50:00.000000Z,662.84,663.0,662.83,662.99,223.04
2025-07-06T23:55:00.000000Z,662.98,663.2,662.98,663.12,1574.82
2025-07-07T00:00:00.000000Z,663.12,663.2,663.08,663.08,762.75
2025-07-07T00:05:00.000000Z,663.09,663.14,662.74,662.91,865.34
2025-07-07T00:10:00.000000Z,662.91,662.91,662.55,662.85,474.81
2025-07-07T00:15:00.000000Z,662.86,662.99,662.1,662.11,775.78
2025-07-07T00:20:00.000000Z,662.1,662.11,661.92,661.92,443.67
2025-07-07T00:25:00.000000Z,661.92,661.93,661.39,661.4,1516.57
2025-07-07T00:30:00.000000Z,661.39,661.83,661.09,661.31,2770.63
2025-07-07T00:35:00.000000Z,661.31,661.65,661.14,661.34,647.79
2025-07-07T00:40:00.000000Z,661.34,661.45,661.02,661.09,965.09
2025-07-07T00:45:00.000000Z,661.08,661.48,661.08,661.43,458.89
2025-07-07T00:50:00.000000Z,661.43,661.44,661.22,661.31,487.69
2025-07-07T00:55:00.000000Z,661.31,661.4,661.12,661.4,452.03
2025-07-07T01:00:00.000000Z,661.39,661.42,660.76,660.79,1340.14
2025-07-07T01:05:00.000000Z,660.79,660.79,660.26,660.52,976.03
2025-07-07T01:10:00.000000Z,660.52,660.78,660.52,660.74,485.69
2025-07-07T01:15:00.000000Z,660.74,661.3,660.35,661.2,865.11
2025-07-07T01:20:00.000000Z,661.19,661.24,660.56,660.65,392.2
2025-07-07T01:25:00.000000Z,660.64,661.1,660.64,661.0,876.44
2025-07-07T01:30:00.000000Z,661.0,661.7,661.0,661.46,618.08
2025-07-07T01:35:00.000000Z,661.46,661.69,661.44,661.45,348.29
2025-07-07T01:40:00.000000Z,661.45,661.49,661.2,661.22,208.49
2025-07-07T01:45:00.000000Z,661.22,661.4,660.88,660.88,333.96
2025-07-07T01:50:00.000000Z,660.88,661.19,660.88,661.0,168.03
2025-07-07T01:55:00.000000Z,661.0,661.18,661.0,661.17,391.77
2025-07-07T02:00:00.000000Z,661.18,661.79,661.17,661.64,626.2
2025-07-07T02:05:00.000000Z,661.63,662.0,661.54,661.99,712.34
2025-07-07T02:10:00.000000Z,662.0,662.96,661.84,662.7,1595.3
2025-07-07T02:15:00.000000Z,662.71,663.1,662.64,662.99,643.47
2025-07-07T02:20:00.000000Z,663.0,663.02,662.64,662.81,1190.42
2025-07-07T02:25:00.000000Z,662.81,662.93,662.42,662.42,590.4
2025-07-07T02:30:00.000000Z,662.42,662.43,661.95,662.11,449.04
2025-07-07T02:35:00.000000Z,662.11,662.5,662.11,662.23,394.0
2025-07-07T02:40:00.000000Z,662.22,662.5,662.17,662.5,797.15
2025-07-07T02:45:00.000000Z,662.49,662.5,662.04,662.05,299.95
2025-07-07T02:50:00.000000Z,662.04,662.05,661.71,661.93,366.17
2025-07-07T02:55:00.000000Z,661.94,661.95,661.7,661.81,437.22
2025-07-07T03:00:00.000000Z,661.81,661.93,661.72,661.73,423.49
2025-07-07T03:05:00.000000Z,661.72,661.94,661.72,661.93,323.17
2025-07-07T03:10:00.000000Z,661.93,662.39,661.93,662.38,1065.45
2025-07-07T03:15:00.000000Z,662.39,662.47,662.22,662.26,350.22
2025-07-07T03:20:00.000000Z,662.26,662.27,661.74,662.2,835.56
2025-07-07T03:25:00.000000Z,662.19,663.16,662.19,662.62,1166.89
2025-07-07T03:30:00.000000Z,662.62,662.62,661.86,661.86,588.03
2025-07-07T03:35:00.000000Z,661.86,662.01,661.31,661.47,655.93
2025-07-07T03:40:00.000000Z,661.47,661.47,660.99,660.99,522.99
2025-07-07T03:45:00.000000Z,660.99,661.07,660.76,660.95,787.09
2025-07-07T03:50:00.000000Z,660.95,660.95,660.64,660.79,429.03
2025-07-07T03:55:00.000000Z,660.78,660.87,660.7,660.71,271.53
2025-07-07T04:00:00.000000Z,660.71,661.04,660.71,661.0,735.98
2025-07-07T04:05:00.000000Z,660.99,661.0,660.67,660.67,707.42
2025-07-07T04:10:00.000000Z,660.67,660.8,660.56,660.79,832.67
2025-07-07T04:15:00.000000Z,660.79,660.92,660.49,660.54,716.23
2025-07-07T04:20:00.000000Z,660.54,660.6,660.48,660.52,386.66
2025-07-07T04:25:00.000000Z,660.52,660.72,660.52,660.69,361.06
2025-07-07T04:30:00.000000Z,660.69,661.2,660.69,661.19,560.38
2025-07-07T04:35:00.000000Z,661.19,661.36,661.03,661.1,501.68
2025-07-07T04:40:00.000000Z,661.09,661.1,660.8,660.91,475.59
2025-07-07T04:45:00.000000Z,660.91,661.06,660.85,661.06,387.21
2025-07-07T04:50:00.000000Z,661.06,661.17,660.88,661.13,1071.92
2025-07-07T04:55:00.000000Z,661.12,661.13,661.04,661.04,264.62
2025-07-07T05:00:00.000000Z,661.04,661.13,660.94,660.94,641.4
2025-07-07T05:05:00.000000Z,660.94,660.95,660.8,660.92,485.9
2025-07-07T05:10:00.000000Z,660.93,660.94,660.89,660.9,276.89
2025-07-07T05:15:00.000000Z,660.91,660.96,660.78,660.79,510.14
2025-07-07T05:20:00.000000Z,660.79,661.14,660.68,661.13,541.87
2025-07-07T05:25:00.000000Z,661.14,661.14,660.95,660.95,337.54
2025-07-07T05:30:00.000000Z,660.96,661.2,660.96,661.19,403.1
2025-07-07T05:35:00.000000Z,661.2,661.55,661.06,661.06,695.81
2025-07-07T05:40:00.000000Z,661.07,661.23,660.95,661.09,827.89
2025-07-07T05:45:00.000000Z,661.09,661.21,661.08,661.14,243.84
2025-07-07T05:50:00.000000Z,661.14,661.15,660.84,660.84,357.98
2025-07-07T05:55:00.000000Z,660.85,661.22,660.8,661.17,390.49
2025-07-07T06:00:00.000000Z,661.17,661.21,660.83,660.9,934.2
2025-07-07T06:05:00.000000Z,660.9,661.09,660.88,661.07,395.09
2025-07-07T06:10:00.000000Z,661.08,661.63,661.04,661.62,590.3
2025-07-07T06:15:00.000000Z,661.63,661.8,661.5,661.61,930.17
2025-07-07T06:20:00.000000Z,661.62,661.78,661.61,661.78,434.67
2025-07-07T06:25:00.000000Z,661.78,661.8,661.77,661.79,325.9
2025-07-07T06:30:00.000000Z,661.8,661.8,661.38,661.45,704.44
2025-07-07T06:35:00.000000Z,661.46,661.48,661.21,661.43,688.42
2025-07-07T06:40:00.000000Z,661.42,661.43,660.96,660.98,952.72
2025-07-07T06:45:00.000000Z,660.98,661.35,660.9,661.32,577.93
2025-07-07T06:50:00.000000Z,661.31,661.32,660.99,660.99,407.44
2025-07-07T06:55:00.000000Z,660.99,661.19,660.97,661.18,546.37
2025-07-07T07:00:00.000000Z,661.19,661.4,661.12,661.18,633.39
2025-07-07T07:05:00.000000Z,661.17,661.36,660.66,661.23,1141.27
2025-07-07T07:10:00.000000Z,661.22,662.21,661.22,661.96,2433.29
2025-07-07T07:15:00.000000Z,661.96,662.11,661.84,661.84,899.51
2025-07-07T07:20:00.000000Z,661.84,662.18,661.83,662.03,425.15
2025-07-07T07:25:00.000000Z,662.03,662.28,662.03,662.25,565.82
2025-07-07T07:30:00.000000Z,662.26,662.26,662.01,662.22,531.53
2025-07-07T07:35:00.000000Z,662.21,662.33,662.21,662.33,339.89
2025-07-07T07:40:00.000000Z,662.33,662.33,662.02,662.13,477.21
2025-07-07T07:45:00.000000Z,662.14,662.5,662.14,662.38,717.0
2025-07-07T07:50:00.000000Z,662.37,662.44,662.37,662.41,745.86
2025-07-07T07:55:00.000000Z,662.42,662.5,662.41,662.5,489.35
2025-07-07T08:00:00.000000Z,662.49,662.55,662.04,662.1,1601.71
2025-07-07T08:05:00.000000Z,662.1,662.18,661.89,662.0,1258.1
2025-07-07T08:10:00.000000Z,662.0,662.11,661.91,661.98,616.21
2025-07-07T08:15:00.000000Z,661.97,661.98,661.65,661.71,1097.49
2025-07-07T08:20:00.000000Z,661.71,661.99,661.71,661.99,416.94
2025-07-07T08:25:00.000000Z,661.98,662.0,661.9,662.0,464.97
2025-07-07T08:30:00.000000Z,661.99,662.39,661.89,662.25,889.02
2025-07-07T08:35:00.000000Z,662.25,662.5,662.24,662.44,755.86
2025-07-07T08:40:00.000000Z,662.44,662.62,662.43,662.58,857.98
2025-07-07T08:45:00.000000Z,662.59,662.59,662.18,662.19,658.18
2025-07-07T08:50:00.000000Z,662.19,662.4,662.18,662.4,736.55
2025-07-07T08:55:00.000000Z,662.4,663.04,662.28,662.98,1669.25
2025-07-07T09:00:00.000000Z,662.98,663.1,662.45,662.59,1819.63
2025-07-07T09:05:00.000000Z,662.59,662.73,662.58,662.62,491.14
2025-07-07T09:10:00.000000Z,662.62,662.77,662.61,662.66,849.78
2025-07-07T09:15:00.000000Z,662.65,662.73,662.35,662.46,1014.67
2025-07-07T09:20:00.000000Z,662.45,662.61,662.32,662.32,913.74
2025-07-07T09:25:00.000000Z,662.32,662.34,662.13,662.15,1065.92
2025-07-07T09:30:00.000000Z,662.16,662.24,661.96,662.01,651.34
2025-07-07T09:35:00.000000Z,662.05,662.1,662.04,662.06,695.32
2025-07-07T09:40:00.000000Z,662.07,662.07,661.95,661.96,910.23
2025-07-07T09:45:00.000000Z,661.95,661.96,661.53,661.72,1550.59
2025-07-07T09:50:00.000000Z,661.72,662.09,661.72,661.79,1302.83
2025-07-07T09:55:00.000000Z,661.79,662.03,661.78,661.9,897.51
2025-07-07T10:00:00.000000Z,661.9,662.03,661.42,661.43,2864.2
2025-07-07T10:05:00.000000Z,661.42,661.96,661.4,661.81,2850.92
2025-07-07T10:10:00.000000Z,661.81,662.14,661.59,662.13,1153.74
2025-07-07T10:15:00.000000Z,662.14,663.05,662.07,662.56,3189.3
2025-07-07T10:20:00.000000Z,662.56,662.56,662.13,662.26,1148.49
2025-07-07T10:25:00.000000Z,662.26,662.26,661.95,661.96,560.69
2025-07-07T10:30:00.000000Z,661.96,662.05,661.95,662.05,531.4
2025-07-07T10:35:00.000000Z,662.05,662.15,661.77,661.78,633.06
2025-07-07T10:40:00.000000Z,661.77,661.94,661.77,661.94,440.91
2025-07-07T10:45:00.000000Z,661.94,662.07,661.87,662.02,564.77
2025-07-07T10:50:00.000000Z,662.01,662.02,661.83,661.84,394.36
2025-07-07T10:55:00.000000Z,661.84,661.84,661.62,661.62,560.45
2025-07-07T11:00:00.000000Z,661.62,661.89,661.5,661.89,664.02
2025-07-07T11:05:00.000000Z,661.88,662.02,661.75,662.02,429.77
2025-07-07T11:10:00.000000Z,662.03,662.03,661.83,661.85,423.32
2025-07-07T11:15:00.000000Z,661.86,661.86,661.5,661.55,820.94
2025-07-07T11:20:00.000000Z,661.56,661.69,661.24,661.68,437.01
2025-07-07T11:25:00.000000Z,661.67,662.46,661.67,662.37,575.59
2025-07-07T11:30:00.000000Z,662.38,662.44,661.87,662.04,621.48
2025-07-07T11:35:00.000000Z,662.04,662.11,661.95,661.99,205.32
2025-07-07T11:40:00.000000Z,662.0,662.41,661.98,662.25,562.47
2025-07-07T11:45:00.000000Z,662.25,662.25,661.88,661.95,311.0
2025-07-07T11:50:00.000000Z,661.96,662.09,661.84,662.09,546.84
2025-07-07T11:55:00.000000Z,662.09,662.31,662.09,662.17,413.57
2025-07-07T12:00:00.000000Z,662.17,662.17,661.79,662.0,837.5
2025-07-07T12:05:00.000000Z,662.0,662.0,661.82,662.0,453.28
2025-07-07T12:10:00.000000Z,662.0,662.0,661.47,661.58,528.83
2025-07-07T12:15:00.000000Z,661.58,661.58,660.73,660.8,1429.73
2025-07-07T12:20:00.000000Z,660.8,660.96,660.62,660.91,1234.49
2025-07-07T12:25:00.000000Z,660.91,661.25,660.91,661.25,550.89
2025-07-07T12:30:00.000000Z,661.25,661.56,661.19,661.55,759.82
2025-07-07T12:35:00.000000Z,661.56,662.06,661.34,661.82,1474.68
2025-07-07T12:40:00.000000Z,661.83,661.92,661.62,661.77,406.25
2025-07-07T12:45:00.000000Z,661.78,662.0,661.77,661.8,441.49
2025-07-07T12:50:00.000000Z,661.8,661.81,661.29,661.3,578.31
2025-07-07T12:55:00.000000Z,661.29,661.34,661.19,661.33,473.01
2025-07-07T13:00:00.000000Z,661.33,661.51,661.32,661.51,423.79
2025-07-07T13:05:00.000000Z,661.51,661.8,661.25,661.3,322.8
2025-07-07T13:10:00.000000Z,661.29,661.33,661.0,661.21,403.03
2025-07-07T13:15:00.000000Z,661.2,661.21,660.06,660.26,2350.5
2025-07-07T13:20:00.000000Z,660.25,661.16,660.05,661.15,1031.58
2025-07-07T13:25:00.000000Z,661.15,662.26,661.15,661.98,3801.54
2025-07-07T13:30:00.000000Z,661.99,662.25,661.19,661.34,1296.16
2025-07-07T13:35:00.000000Z,661.35,661.49,661.18,661.28,595.93
2025-07-07T13:40:00.000000Z,661.28,661.46,661.01,661.23,709.34
2025-07-07T13:45:00.000000Z,661.23,661.52,660.71,661.52,730.54
2025-07-07T13:50:00.000000Z,661.52,662.06,661.51,661.98,744.13
2025-07-07T13:55:00.000000Z,661.99,662.5,661.81,662.43,2238.71
2025-07-07T14:00:00.000000Z,662.42,662.59,661.66,662.58,1016.49
2025-07-07T14:05:00.000000Z,662.59,662.64,662.09,662.2,825.46
2025-07-07T14:10:00.000000Z,662.21,662.26,660.74,660.9,1509.56
2025-07-07T14:15:00.000000Z,660.91,661.25,660.61,661.02,924.03
2025-07-07T14:20:00.000000Z,661.02,661.34,660.9,661.33,441.3
2025-07-07T14:25:00.000000Z,661.33,661.4,660.88,660.96,631.62
2025-07-07T14:30:00.000000Z,660.96,660.96,659.66,659.73,1642.2
2025-07-07T14:35:00.000000Z,659.73,659.93,659.2,659.33,2154.47
2025-07-07T14:40:00.000000Z,659.33,659.82,659.01,659.41,1337.6
2025-07-07T14:45:00.000000Z,659.41,660.52,659.4,660.18,2793.65
2025-07-07T14:50:00.000000Z,660.17,660.22,659.77,659.86,1011.74
2025-07-07T14:55:00.000000Z,659.86,659.99,659.62,659.68,520.57
2025-07-07T15:00:00.000000Z,659.68,660.48,659.67,659.68,1037.66
2025-07-07T15:05:00.000000Z,659.69,660.44,659.41,660.44,926.76
2025-07-07T15:10:00.000000Z,660.44,660.67,660.28,660.51,577.26
2025-07-07T15:15:00.000000Z,660.52,660.52,659.5,659.5,1082.39
2025-07-07T15:20:00.000000Z,659.51,659.51,659.14,659.29,1050.61
2025-07-07T15:25:00.000000Z,659.29,659.94,659.26,659.74,651.19
2025-07-07T15:30:00.000000Z,659.74,660.0,659.5,659.77,718.42
2025-07-07T15:35:00.000000Z,659.77,659.78,659.36,659.4,498.43
2025-07-07T15:40:00.000000Z,659.4,659.41,659.03,659.33,480.99
2025-07-07T15:45:00.000000Z,659.32,659.45,658.75,658.97,608.85
2025-07-07T15:50:00.000000Z,658.98,659.01,658.8,658.94,423.72
2025-07-07T15:55:00.000000Z,658.94,658.96,658.73,658.81,346.81
2025-07-07T16:00:00.000000Z,658.81,658.92,658.63,658.83,1292.6
2025-07-07T16:05:00.000000Z,658.83,658.97,658.16,658.72,2594.21
2025-07-07T16:10:00.000000Z,658.72,658.84,658.44,658.65,1003.99
2025-07-07T16:15:00.000000Z,658.65,659.6,658.17,658.17,2242.18
2025-07-07T16:20:00.000000Z,658.16,658.39,656.5,657.7,5599.78
2025-07-07T16:25:00.000000Z,657.71,658.22,657.24,657.42,2099.42
2025-07-07T16:30:00.000000Z,657.41,658.09,657.3,658.04,984.6
2025-07-07T16:35:00.000000Z,658.04,658.34,657.41,657.98,684.64
2025-07-07T16:40:00.000000Z,658.0,658.35,658.0,658.35,810.95
2025-07-07T16:45:00.000000Z,658.35,658.67,657.58,657.62,619.7
2025-07-07T16:50:00.000000Z,657.62,657.88,657.35,657.43,638.12
2025-07-07T16:55:00.000000Z,657.44,657.44,657.01,657.21,885.72
2025-07-07T17:00:00.000000Z,657.2,657.31,656.86,656.99,1674.94
2025-07-07T17:05:00.000000Z,656.99,657.98,656.7,657.37,1468.04
2025-07-07T17:10:00.000000Z,657.37,658.14,657.36,658.0,956.11
2025-07-07T17:15:00.000000Z,657.99,658.05,657.65,657.8,419.14
2025-07-07T17:20:00.000000Z,657.79,658.16,657.58,657.7,415.74
2025-07-07T17:25:00.000000Z,657.7,658.53,657.59,658.53,447.8
2025-07-07T17:30:00.000000Z,658.53,659.72,658.49,658.93,1464.92
2025-07-07T17:35:00.000000Z,658.92,659.07,658.39,658.59,644.67
2025-07-07T17:40:00.000000Z,658.59,658.84,658.32,658.61,855.19
2025-07-07T17:45:00.000000Z,658.61,658.88,658.42,658.7,1114.52
2025-07-07T17:50:00.000000Z,658.7,658.76,658.38,658.47,324.53
2025-07-07T17:55:00.000000Z,658.47,658.96,658.47,658.95,392.13
2025-07-07T18:00:00.000000Z,658.95,658.99,658.8,658.83,525.33
2025-07-07T18:05:00.000000Z,658.83,659.15,658.66,659.07,495.77
2025-07-07T18:10:00.000000Z,659.07,659.56,658.83,659.55,446.45
2025-07-07T18:15:00.000000Z,659.56,659.56,658.52,658.86,1467.47
2025-07-07T18:20:00.000000Z,658.85,659.33,658.77,658.92,1934.75
2025-07-07T18:25:00.000000Z,658.92,659.08,658.22,658.28,670.85
2025-07-07T18:30:00.000000Z,658.29,658.92,658.2,658.63,868.57
2025-07-07T18:35:00.000000Z,658.63,658.85,658.46,658.77,877.97
2025-07-07T18:40:00.000000Z,658.77,658.96,658.76,658.85,359.36
2025-07-07T18:45:00.000000Z,658.85,659.2,658.85,659.2,385.08
2025-07-07T18:50:00.000000Z,659.2,661.08,659.19,660.16,8696.03
2025-07-07T18:55:00.000000Z,660.16,660.84,660.15,660.81,1364.18
2025-07-07T19:00:00.000000Z,660.82,661.55,660.51,660.93,3022.04
2025-07-07T19:05:00.000000Z,660.93,661.22,660.76,661.01,664.52
2025-07-07T19:10:00.000000Z,661.01,661.02,660.7,660.7,1525.97
2025-07-07T19:15:00.000000Z,660.71,661.66,660.64,661.6,1970.0
2025-07-07T19:20:00.000000Z,661.6,661.73,661.48,661.5,574.99
2025-07-07T19:25:00.000000Z,661.49,661.57,661.46,661.46,262.8
2025-07-07T19:30:00.000000Z,661.47,661.64,661.44,661.56,282.19
2025-07-07T19:35:00.000000Z,661.56,661.72,661.4,661.4,254.35
2025-07-07T19:40:00.000000Z,661.41,661.47,660.98,660.98,346.62
2025-07-07T19:45:00.000000Z,660.98,661.02,660.57,660.88,567.48
2025-07-07T19:50:00.000000Z,660.88,661.82,660.88,661.3,940.65
2025-07-07T19:55:00.000000Z,661.3,661.55,661.28,661.4,394.47
2025-07-07T20:00:00.000000Z,661.4,661.4,659.68,659.68,3698.92
2025-07-07T20:05:00.000000Z,659.69,660.03,659.64,659.78,769.77
2025-07-07T20:10:00.000000Z,659.78,659.78,659.23,659.59,611.94
2025-07-07T20:15:00.000000Z,659.6,659.6,658.8,659.52,848.0
2025-07-07T20:20:00.000000Z,659.52,660.16,659.22,660.16,546.94
2025-07-07T20:25:00.000000Z,660.16,660.2,659.74,659.88,461.89
2025-07-07T20:30:00.000000Z,659.88,660.52,659.87,660.46,520.21
2025-07-07T20:35:00.000000Z,660.47,660.47,660.03,660.37,867.04
2025-07-07T20:40:00.000000Z,660.37,660.38,659.6,659.61,1122.05
2025-07-07T20:45:00.000000Z,659.6,659.61,659.02,659.07,242.15
2025-07-07T20:50:00.000000Z,659.07,659.38,659.01,659.24,381.79
2025-07-07T20:55:00.000000Z,659.25,659.25,658.99,659.21,302.83
2025-07-07T21:00:00.000000Z,659.2,659.3,658.89,659.29,741.55
2025-07-07T21:05:00.000000Z,659.29,659.36,659.11,659.36,216.7
2025-07-07T21:10:00.000000Z,659.35,659.44,658.95,659.01,1166.75
2025-07-07T21:15:00.000000Z,659.0,659.11,658.87,658.87,555.56
2025-07-07T21:20:00.000000Z,658.88,658.92,658.1,658.12,1165.5
2025-07-07T21:25:00.000000Z,658.14,658.23,657.81,657.83,708.18
2025-07-07T21:30:00.000000Z,657.84,659.2,657.8,658.88,1045.89
2025-07-07T21:35:00.000000Z,658.87,659.84,658.87,659.6,554.65
2025-07-07T21:40:00.000000Z,659.6,659.92,659.36,659.7,626.88
2025-07-07T21:45:00.000000Z,659.69,660.05,659.63,660.04,446.46
2025-07-07T21:50:00.000000Z,660.05,660.37,660.04,660.36,315.23
2025-07-07T21:55:00.000000Z,660.37,660.43,660.03,660.13,296.73
2025-07-07T22:00:00.000000Z,660.14,660.36,659.74,659.83,1294.02
2025-07-07T22:05:00.000000Z,659.83,660.28,659.82,660.06,494.94
2025-07-07T22:10:00.000000Z,660.06,660.19,659.8,659.94,202.4
2025-07-07T22:15:00.000000Z,659.94,660.26,659.82,659.82,232.86
2025-07-07T22:20:00.000000Z,659.83,659.91,659.8,659.83,169.65
2025-07-07T22:25:00.000000Z,659.83,659.91,659.52,659.52,482.8
2025-07-07T22:30:00.000000Z,659.52,659.94,659.42,659.94,382.14
2025-07-07T22:35:00.000000Z,659.94,660.36,659.93,660.27,290.18
2025-07-07T22:40:00.000000Z,660.28,660.38,660.08,660.38,279.63
2025-07-07T22:45:00.000000Z,660.38,660.38,659.9,659.9,460.23
2025-07-07T22:50:00.000000Z,659.91,660.11,659.9,660.0,109.0
2025-07-07T22:55:00.000000Z,659.99,660.19,659.99,660.18,151.56
2025-07-07T23:00:00.000000Z,660.18,660.32,660.14,660.2,460.92
2025-07-07T23:05:00.000000Z,660.2,660.43,660.18,660.37,380.61
2025-07-07T23:10:00.000000Z,660.38,660.94,660.37,660.84,781.24
2025-07-07T23:15:00.000000Z,660.85,660.98,660.66,660.7,345.22
2025-07-07T23:20:00.000000Z,660.7,660.81,660.66,660.75,101.56
2025-07-07T23:25:00.000000Z,660.75,660.75,660.4,660.4,366.95
2025-07-07T23:30:00.000000Z,660.4,660.88,660.4,660.77,311.49
2025-07-07T23:35:00.000000Z,660.78,660.78,660.62,660.73,265.41
2025-07-07T23:40:00.000000Z,660.74,660.9,660.72,660.72,503.7
2025-07-07T23:45:00.000000Z,660.73,660.98,660.72,660.98,503.43
2025-07-07T23:50:00.000000Z,660.97,661.16,660.97,661.16,356.3
2025-07-07T23:55:00.000000Z,661.16,661.23,661.01,661.04,607.5
2025-07-08T00:00:00.000000Z,661.05,661.31,661.02,661.29,1052.03
2025-07-08T00:05:00.000000Z,661.29,661.55,661.1,661.55,1134.07
2025-07-08T00:10:00.000000Z,661.55,661.96,661.55,661.95,1142.3
2025-07-08T00:15:00.000000Z,661.96,662.18,661.78,661.79,1080.75
2025-07-08T00:20:00.000000Z,661.79,662.06,661.78,661.86,481.62
2025-07-08T00:25:00.000000Z,661.87,662.46,661.86,662.45,972.42
2025-07-08T00:30:00.000000Z,662.46,662.64,661.72,661.72,1515.02
2025-07-08T00:35:00.000000Z,661.73,661.92,661.69,661.77,584.12
2025-07-08T00:40:00.000000Z,661.78,662.53,661.78,662.51,522.15
2025-07-08T00:45:00.000000Z,662.52,662.52,661.5,661.58,1320.36
2025-07-08T00:50:00.000000Z,661.59,661.74,660.95,661.67,1393.93
2025-07-08T00:55:00.000000Z,661.66,661.66,661.25,661.31,660.63
2025-07-08T01:00:00.000000Z,661.31,661.32,660.26,660.47,1221.38
2025-07-08T01:05:00.000000Z,660.47,660.86,660.4,660.68,611.17
2025-07-08T01:10:00.000000Z,660.69,660.8,660.56,660.71,444.61
2025-07-08T01:15:00.000000Z,660.71,660.73,660.34,660.34,589.34
2025-07-08T01:20:00.000000Z,660.34,660.91,660.34,660.63,497.09
2025-07-08T01:25:00.000000Z,660.64,660.91,660.4,660.4,345.0
2025-07-08T01:30:00.000000Z,660.4,660.54,659.91,660.53,1236.75
2025-07-08T01:35:00.000000Z,660.53,660.54,660.04,660.16,500.84
2025-07-08T01:40:00.000000Z,660.15,660.16,659.17,659.2,1150.96
2025-07-08T01:45:00.000000Z,659.2,659.49,659.11,659.46,749.84
2025-07-08T01:50:00.000000Z,659.46,659.47,658.61,658.98,1175.37
2025-07-08T01:55:00.000000Z,658.98,659.11,658.48,658.68,579.26
2025-07-08T02:00:00.000000Z,658.67,658.68,657.47,657.64,2769.81
2025-07-08T02:05:00.000000Z,657.64,657.96,657.57,657.9,1511.09
2025-07-08T02:10:00.000000Z,657.9,658.74,657.89,658.47,2458.19
2025-07-08T02:15:00.000000Z,658.48,659.4,658.07,659.14,1417.72
2025-07-08T02:20:00.000000Z,659.14,659.82,659.14,659.73,1057.6
2025-07-08T02:25:00.000000Z,659.73,659.78,659.61,659.74,471.55
2025-07-08T02:30:00.000000Z,659.74,659.9,658.72,658.94,1418.02
2025-07-08T02:35:00.000000Z,658.94,659.4,658.74,659.12,677.51
2025-07-08T02:40:00.000000Z,659.13,659.34,658.72,658.92,471.59
2025-07-08T02:45:00.000000Z,658.91,659.12,658.02,658.11,1037.34
2025-07-08T02:50:00.000000Z,658.12,658.58,658.04,658.55,1081.53
2025-07-08T02:55:00.000000Z,658.55,658.67,658.27,658.28,385.17
2025-07-08T03:00:00.000000Z,658.28,658.65,658.2,658.49,780.41
2025-07-08T03:05:00.000000Z,658.48,658.8,658.45,658.54,568.44
2025-07-08T03:10:00.000000Z,658.53,658.68,658.52,658.68,319.3
2025-07-08T03:15:00.000000Z,658.67,658.78,658.63,658.78,528.09
2025-07-08T03:20:00.000000Z,658.78,659.57,658.77,659.57,539.19
2025-07-08T03:25:00.000000Z,659.58,659.68,659.36,659.52,543.52
2025-07-08T03:30:00.000000Z,659.51,659.71,659.44,659.63,286.02
2025-07-08T03:35:00.000000Z,659.63,659.66,659.43,659.66,307.13
2025-07-08T03:40:00.000000Z,659.65,659.66,659.48,659.6,334.61
2025-07-08T03:45:00.000000Z,659.6,659.62,659.36,659.55,633.82
2025-07-08T03:50:00.000000Z,659.54,659.98,659.5,659.88,515.91
2025-07-08T03:55:00.000000Z,659.88,659.93,659.68,659.92,993.6
2025-07-08T04:00:00.000000Z,659.92,659.93,659.42,659.42,601.89
2025-07-08T04:05:00.000000Z,659.42,659.62,659.28,659.33,470.97
2025-07-08T04:10:00.000000Z,659.34,659.48,659.2,659.21,558.7
2025-07-08T04:15:00.000000Z,659.21,659.42,658.83,658.93,1832.63
2025-07-08T04:20:00.000000Z,658.92,659.04,658.87,658.88,514.35
2025-07-08T04:25:00.000000Z,658.87,658.88,658.7,658.88,393.63
2025-07-08T04:30:00.000000Z,658.88,659.84,658.88,659.74,803.86
2025-07-08T04:35:00.000000Z,659.75,659.97,659.67,659.72,513.54
2025-07-08T04:40:00.000000Z,659.73,659.86,659.58,659.7,367.94
2025-07-08T04:45:00.000000Z,659.7,659.86,659.54,659.58,633.33
2025-07-08T04:50:00.000000Z,659.58,659.66,658.99,659.66,1155.67
2025-07-08T04:55:00.000000Z,659.66,659.79,659.56,659.69,1406.36
2025-07-08T05:00:00.000000Z,659.69,659.79,659.16,659.28,1038.52
2025-07-08T05:05:00.000000Z,659.27,659.42,659.18,659.22,425.06
2025-07-08T05:10:00.000000Z,659.23,659.23,658.99,658.99,381.28
2025-07-08T05:15:00.000000Z,659.0,659.22,658.8,658.93,464.52
2025-07-08T05:20:00.000000Z,658.92,659.41,658.92,659.41,513.05
2025-07-08T05:25:00.000000Z,659.41,659.51,659.25,659.45,653.91
2025-07-08T05:30:00.000000Z,659.45,659.5,659.27,659.43,610.68
2025-07-08T05:35:00.000000Z,659.42,659.58,659.26,659.35,384.16
2025-07-08T05:40:00.000000Z,659.35,659.97,659.34,659.97,972.16
2025-07-08T05:45:00.000000Z,659.98,660.27,659.95,660.04,914.78
2025-07-08T05:50:00.000000Z,660.04,660.1,659.62,659.62,680.93
2025-07-08T05:55:00.000000Z,659.63,659.7,659.46,659.65,443.47
2025-07-08T06:00:00.000000Z,659.65,659.83,659.46,659.74,969.8
2025-07-08T06:05:00.000000Z,659.73,659.95,659.54,659.66,884.4
2025-07-08T06:10:00.000000Z,659.66,659.99,659.64,659.96,796.77
2025-07-08T06:15:00.000000Z,659.96,660.06,659.82,659.83,700.96
2025-07-08T06:20:00.000000Z,659.82,659.95,659.5,659.88,878.0
2025-07-08T06:25:00.000000Z,659.88,659.89,659.58,659.83,396.29
2025-07-08T06:30:00.000000Z,659.84,660.1,659.83,660.09,658.2
2025-07-08T06:35:00.000000Z,660.09,660.11,659.74,659.93,359.56
2025-07-08T06:40:00.000000Z,659.94,660.5,659.88,660.44,942.68
2025-07-08T06:45:00.000000Z,660.45,660.5,660.08,660.39,672.96
2025-07-08T06:50:00.000000Z,660.39,660.39,660.04,660.18,558.21
2025-07-08T06:55:00.000000Z,660.19,660.19,660.04,660.12,347.25
2025-07-08T07:00:00.000000Z,660.13,660.13,659.95,659.95,609.31
2025-07-08T07:05:00.000000Z,659.95,659.95,659.63,659.92,771.47
2025-07-08T07:10:00.000000Z,659.93,659.94,659.68,659.68,436.1
2025-07-08T07:15:00.000000Z,659.68,659.78,659.47,659.76,655.76
2025-07-08T07:20:00.000000Z,659.76,660.1,659.76,660.09,451.54
2025-07-08T07:25:00.000000Z,660.09,660.35,660.05,660.13,630.47
2025-07-08T07:30:00.000000Z,660.14,660.48,660.05,660.48,422.12
2025-07-08T07:35:00.000000Z,660.47,660.5,660.15,660.15,363.07
2025-07-08T07:40:00.000000Z,660.14,660.14,659.94,659.94,385.13
2025-07-08T07:45:00.000000Z,659.94,659.95,659.89,659.93,295.16
2025-07-08T07:50:00.000000Z,659.93,660.21,659.92,660.03,614.08
2025-07-08T07:55:00.000000Z,660.03,660.24,659.51,659.84,933.93
2025-07-08T08:00:00.000000Z,659.83,660.4,659.77,660.25,1377.43
2025-07-08T08:05:00.000000Z,660.24,660.48,660.12,660.47,610.09
2025-07-08T08:10:00.000000Z,660.46,660.84,660.33,660.83,1106.79
2025-07-08T08:15:00.000000Z,660.83,660.84,660.57,660.61,941.79
2025-07-08T08:20:00.000000Z,660.61,660.8,660.56,660.79,654.44
2025-07-08T08:25:00.000000Z,660.8,660.89,660.77,660.86,601.74
2025-07-08T08:30:00.000000Z,660.86,660.93,660.82,660.83,660.48
2025-07-08T08:35:00.000000Z,660.82,660.87,660.7,660.78,576.25
2025-07-08T08:40:00.000000Z,660.78,660.94,660.54,660.55,995.94
2025-07-08T08:45:00.000000Z,660.54,660.68,660.44,660.62,874.85
2025-07-08T08:50:00.000000Z,660.62,660.63,660.44,660.48,513.65
2025-07-08T08:55:00.000000Z,660.49,660.58,660.48,660.58,503.94
2025-07-08T09:00:00.000000Z,660.58,660.8,660.36,660.79,637.26
2025-07-08T09:05:00.000000Z,660.8,661.05,660.72,660.85,1385.77
2025-07-08T09:10:00.000000Z,660.86,660.91,660.8,660.91,334.76
2025-07-08T09:15:00.000000Z,660.91,661.18,660.9,661.02,1430.38
2025-07-08T09:20:00.000000Z,661.01,661.2,660.68,661.19,682.05
2025-07-08T09:25:00.000000Z,661.2,661.22,660.87,660.89,919.4
2025-07-08T09:30:00.000000Z,660.89,661.04,660.76,660.76,1052.16
2025-07-08T09:35:00.000000Z,660.76,661.14,659.95,660.06,4300.96
2025-07-08T09:40:00.000000Z,660.06,660.3,660.05,660.29,887.45
2025-07-08T09:45:00.000000Z,660.3,660.31,660.04,660.05,745.8
2025-07-08T09:50:00.000000Z,660.05,660.08,659.82,659.98,1034.46
2025-07-08T09:55:00.000000Z,659.99,660.07,659.98,659.99,780.67
2025-07-08T10:00:00.000000Z,659.99,660.05,659.18,659.83,3698.34
2025-07-08T10:05:00.000000Z,659.83,659.89,659.44,659.56,3429.99
2025-07-08T10:10:00.000000Z,659.55,659.64,659.42,659.43,1356.66
2025-07-08T10:15:00.000000Z,659.43,660.71,659.25,660.27,4574.27
2025-07-08T10:20:00.000000Z,660.28,660.66,660.28,660.53,961.85
2025-07-08T10:25:00.000000Z,660.53,660.54,660.02,660.02,441.58
2025-07-08T10:30:00.000000Z,660.02,660.5,659.98,660.5,457.82
2025-07-08T10:35:00.000000Z,660.5,660.86,660.44,660.86,883.19
2025-07-08T10:40:00.000000Z,660.85,661.07,660.69,660.86,864.9
2025-07-08T10:45:00.000000Z,660.86,660.86,660.45,660.62,601.36
2025-07-08T10:50:00.000000Z,660.61,660.63,660.5,660.56,631.82
2025-07-08T10:55:00.000000Z,660.56,660.64,659.95,659.99,633.97
2025-07-08T11:00:00.000000Z,659.99,660.7,659.99,660.7,1000.7
2025-07-08T11:05:00.000000Z,660.7,661.48,660.7,660.77,1444.45
2025-07-08T11:10:00.000000Z,660.77,661.04,660.74,660.83,407.5
2025-07-08T11:15:00.000000Z,660.84,660.98,660.5,660.89,513.57
2025-07-08T11:20:00.000000Z,660.89,661.21,660.89,660.96,604.86
2025-07-08T11:25:00.000000Z,660.95,661.0,660.72,660.99,439.11
2025-07-08T11:30:00.000000Z,661.0,661.14,660.68,661.05,605.01
2025-07-08T11:35:00.000000Z,661.05,661.09,660.82,660.95,628.62
2025-07-08T11:40:00.000000Z,660.96,661.62,660.96,661.34,906.93
2025-07-08T11:45:00.000000Z,661.34,661.46,661.17,661.33,572.5
2025-07-08T11:50:00.000000Z,661.33,661.36,661.13,661.2,815.31
2025-07-08T11:55:00.000000Z,661.2,661.34,661.04,661.2,474.08
2025-07-08T12:00:00.000000Z,661.21,661.5,661.21,661.29,869.67
2025-07-08T12:05:00.000000Z,661.29,661.5,661.28,661.49,491.34
2025-07-08T12:10:00.000000Z,661.49,661.54,661.41,661.53,455.74
2025-07-08T12:15:00.000000Z,661.53,661.54,661.13,661.19,813.54
2025-07-08T12:20:00.000000Z,661.2,661.32,661.18,661.19,664.39
2025-07-08T12:25:00.000000Z,661.18,661.19,660.76,660.86,647.92
2025-07-08T12:30:00.000000Z,660.86,661.18,660.86,661.11,869.07
2025-07-08T12:35:00.000000Z,661.1,661.1,660.36,660.36,821.45
2025-07-08T12:40:00.000000Z,660.36,660.41,660.12,660.22,492.86
2025-07-08T12:45:00.000000Z,660.23,660.84,660.23,660.67,756.5
2025-07-08T12:50:00.000000Z,660.68,661.16,660.67,661.15,625.03
2025-07-08T12:55:00.000000Z,661.16,661.28,661.08,661.27,483.34
2025-07-08T13:00:00.000000Z,661.27,661.28,660.7,660.75,890.42
2025-07-08T13:05:00.000000Z,660.75,661.0,660.72,660.83,560.04
2025-07-08T13:10:00.000000Z,660.83,660.84,660.49,660.54,587.8
2025-07-08T13:15:00.000000Z,660.53,660.54,660.42,660.53,349.49
2025-07-08T13:20:00.000000Z,660.53,660.85,660.52,660.85,533.62
2025-07-08T13:25:00.000000Z,660.85,660.95,660.72,660.72,532.31
2025-07-08T13:30:00.000000Z,660.73,660.73,660.21,660.27,660.54
2025-07-08T13:35:00.000000Z,660.27,660.51,660.06,660.06,649.37
2025-07-08T13:40:00.000000Z,660.06,661.1,660.06,661.1,618.07
2025-07-08T13:45:00.000000Z,661.1,661.9,661.1,661.41,2517.92
2025-07-08T13:50:00.000000Z,661.4,661.51,661.05,661.51,1222.16
2025-07-08T13:55:00.000000Z,661.5,661.78,661.38,661.57,609.12
2025-07-08T14:00:00.000000Z,661.56,661.57,661.09,661.29,883.65
2025-07-08T14:05:00.000000Z,661.29,661.29,660.35,660.64,1302.81
2025-07-08T14:10:00.000000Z,660.65,660.74,659.64,660.08,1927.82
2025-07-08T14:15:00.000000Z,660.09,660.47,659.58,660.04,724.74
2025-07-08T14:20:00.000000Z,660.05,660.2,659.29,659.38,1108.53
2025-07-08T14:25:00.000000Z,659.37,659.97,659.26,659.67,1472.56
2025-07-08T14:30:00.000000Z,659.67,660.07,659.6,660.01,727.63
2025-07-08T14:35:00.000000Z,660.01,660.42,659.73,660.22,659.01
2025-07-08T14:40:00.000000Z,660.23,660.47,659.84,660.02,519.18
2025-07-08T14:45:00.000000Z,660.03,660.12,659.32,659.7,567.61
2025-07-08T14:50:00.000000Z,659.7,659.93,658.46,658.8,2383.99
2025-07-08T14:55:00.000000Z,658.79,658.8,658.04,658.35,1695.96
2025-07-08T15:00:00.000000Z,658.36,658.77,658.07,658.6,1529.62
2025-07-08T15:05:00.000000Z,658.6,659.25,658.59,658.61,911.72
2025-07-08T15:10:00.000000Z,658.61,659.02,658.6,658.93,551.66
2025-07-08T15:15:00.000000Z,658.94,659.46,658.91,659.21,520.53
2025-07-08T15:20:00.000000Z,659.2,659.34,658.32,658.36,1146.06
2025-07-08T15:25:00.000000Z,658.36,658.36,657.63,657.63,2691.99
2025-07-08T15:30:00.000000Z,657.64,658.18,657.5,657.68,2756.75
2025-07-08T15:35:00.000000Z,657.68,658.36,657.68,658.32,535.92
2025-07-08T15:40:00.000000Z,658.32,658.45,658.09,658.12,1064.83
2025-07-08T15:45:00.000000Z,658.12,658.29,658.0,658.08,458.9
2025-07-08T15:50:00.000000Z,658.08,658.17,657.9,657.97,381.24
2025-07-08T15:55:00.000000Z,657.96,658.15,657.82,658.04,613.45
2025-07-08T16:00:00.000000Z,658.05,658.61,658.0,658.61,1031.15
2025-07-08T16:05:00.000000Z,658.61,658.62,657.83,657.84,634.09
2025-07-08T16:10:00.000000Z,657.83,657.84,657.33,657.33,1824.31
2025-07-08T16:15:00.000000Z,657.34,657.56,657.24,657.46,2373.47
2025-07-08T16:20:00.000000Z,657.47,659.13,657.47,659.12,5625.46
2025-07-08T16:25:00.000000Z,659.12,659.57,659.04,659.21,1849.32
2025-07-08T16:30:00.000000Z,659.21,659.48,658.24,658.24,1243.78
2025-07-08T16:35:00.000000Z,658.23,658.39,657.72,658.25,1101.67
2025-07-08T16:40:00.000000Z,658.24,658.6,658.24,658.48,607.23
2025-07-08T16:45:00.000000Z,658.48,658.49,658.0,658.04,535.95
2025-07-08T16:50:00.000000Z,658.05,658.47,658.04,658.46,592.04
2025-07-08T16:55:00.000000Z,658.46,658.72,658.27,658.71,753.36
2025-07-08T17:00:00.000000Z,658.71,659.16,658.58,659.12,944.79
2025-07-08T17:05:00.000000Z,659.11,660.96,659.11,660.53,4297.97
2025-07-08T17:10:00.000000Z,660.52,661.29,660.36,660.89,2967.64
2025-07-08T17:15:00.000000Z,660.88,661.28,660.28,660.42,2171.41
2025-07-08T17:20:00.000000Z,660.42,661.39,660.42,661.15,2126.34
2025-07-08T17:25:00.000000Z,661.15,661.48,660.8,660.92,2323.15
2025-07-08T17:30:00.000000Z,660.93,661.35,660.48,660.57,1487.52
2025-07-08T17:35:00.000000Z,660.57,660.74,660.53,660.61,625.91
2025-07-08T17:40:00.000000Z,660.6,660.76,660.45,660.62,721.89
2025-07-08T17:45:00.000000Z,660.62,661.26,660.62,661.18,737.73
2025-07-08T17:50:00.000000Z,661.19,661.52,661.04,661.3,1097.09
2025-07-08T17:55:00.000000Z,661.31,661.38,660.69,660.7,865.45
2025-07-08T18:00:00.000000Z,660.69,661.99,660.69,661.42,4512.12
2025-07-08T18:05:00.000000Z,661.42,661.54,661.26,661.35,791.79
2025-07-08T18:10:00.000000Z,661.35,661.56,661.35,661.5,412.99
2025-07-08T18:15:00.000000Z,661.51,661.6,661.27,661.35,442.27
2025-07-08T18:20:00.000000Z,661.35,661.6,661.22,661.41,428.87
2025-07-08T18:25:00.000000Z,661.4,661.46,661.19,661.43,391.18
2025-07-08T18:30:00.000000Z,661.44,661.48,661.2,661.47,499.48
2025-07-08T18:35:00.000000Z,661.47,661.57,661.18,661.28,398.53
2025-07-08T18:40:00.000000Z,661.28,661.76,661.26,661.71,711.67
2025-07-08T18:45:00.000000Z,661.72,661.72,661.02,661.11,729.56
2025-07-08T18:50:00.000000Z,661.12,661.57,661.1,661.57,289.75
2025-07-08T18:55:00.000000Z,661.56,661.82,661.56,661.77,1065.61
2025-07-08T19:00:00.000000Z,661.78,662.07,661.58,661.58,1446.87
2025-07-08T19:05:00.000000Z,661.58,661.59,661.24,661.44,996.2
2025-07-08T19:10:00.000000Z,661.43,661.59,661.34,661.44,376.7
2025-07-08T19:15:00.000000Z,661.44,661.7,661.23,661.23,519.46
2025-07-08T19:20:00.000000Z,661.24,661.24,661.12,661.12,314.25
2025-07-08T19:25:00.000000Z,661.13,661.32,660.96,660.97,534.56
2025-07-08T19:30:00.000000Z,660.96,661.02,660.35,660.7,1716.8
2025-07-08T19:35:00.000000Z,660.7,661.02,660.48,660.64,811.42
2025-07-08T19:40:00.000000Z,660.65,660.82,660.57,660.82,271.62
2025-07-08T19:45:00.000000Z,660.82,661.35,660.75,661.24,770.41
2025-07-08T19:50:00.000000Z,661.24,661.25,660.54,660.68,333.72
2025-07-08T19:55:00.000000Z,660.68,661.01,660.62,660.97,342.76
2025-07-08T20:00:00.000000Z,660.97,660.98,660.78,660.82,256.49
2025-07-08T20:05:00.000000Z,660.82,660.9,660.66,660.75,339.8
2025-07-08T20:10:00.000000Z,660.76,660.76,660.34,660.34,334.98
2025-07-08T20:15:00.000000Z,660.35,660.37,659.96,660.05,790.46
2025-07-08T20:20:00.000000Z,660.05,660.59,659.92,660.58,1401.88
2025-07-08T20:25:00.000000Z,660.59,660.76,660.44,660.44,375.11
2025-07-08T20:30:00.000000Z,660.44,660.53,660.0,660.0,1103.08
2025-07-08T20:35:00.000000Z,660.0,660.18,660.0,660.0,383.31
2025-07-08T20:40:00.000000Z,660.01,660.04,659.92,659.97,301.27
2025-07-08T20:45:00.000000Z,659.96,660.09,659.3,659.3,1060.54
2025-07-08T20:50:00.000000Z,659.3,659.42,659.07,659.2,1402.83
2025-07-08T20:55:00.000000Z,659.21,659.23,658.73,658.73,1483.84
2025-07-08T21:00:00.000000Z,658.74,658.74,658.01,658.46,4807.23
2025-07-08T21:05:00.000000Z,658.45,658.8,658.38,658.46,984.94
2025-07-08T21:10:00.000000Z,658.46,658.49,658.0,658.01,993.11
2025-07-08T21:15:00.000000Z,658.01,658.13,657.82,657.84,1154.39
2025-07-08T21:20:00.000000Z,657.83,657.84,657.54,657.58,625.38
2025-07-08T21:25:00.000000Z,657.58,657.98,657.55,657.98,794.29
2025-07-08T21:30:00.000000Z,657.97,658.59,657.97,658.32,637.6
2025-07-08T21:35:00.000000Z,658.32,658.58,658.24,658.58,431.72
2025-07-08T21:40:00.000000Z,658.58,659.49,658.21,659.35,2959.18
2025-07-08T21:45:00.000000Z,659.35,659.42,658.99,659.42,1264.79
2025-07-08T21:50:00.000000Z,659.41,659.67,659.41,659.67,286.07
2025-07-08T21:55:00.000000Z,659.66,659.73,659.34,659.69,410.74
2025-07-08T22:00:00.000000Z,659.69,659.94,659.26,659.42,848.23
2025-07-08T22:05:00.000000Z,659.42,659.42,658.75,658.84,370.71
2025-07-08T22:10:00.000000Z,658.84,658.92,658.54,658.59,321.95
2025-07-08T22:15:00.000000Z,658.58,658.79,658.55,658.79,255.74
2025-07-08T22:20:00.000000Z,658.78,658.79,658.74,658.76,193.87
2025-07-08T22:25:00.000000Z,658.76,658.87,658.75,658.87,237.29
2025-07-08T22:30:00.000000Z,658.87,659.32,658.74,659.32,687.2
2025-07-08T22:35:00.000000Z,659.31,659.4,659.31,659.36,184.47
2025-07-08T22:40:00.000000Z,659.36,659.64,659.34,659.64,222.05
2025-07-08T22:45:00.000000Z,659.64,659.65,659.55,659.65,147.78
2025-07-08T22:50:00.000000Z,659.65,659.66,659.61,659.61,308.63
2025-07-08T22:55:00.000000Z,659.62,659.97,659.61,659.95,702.69
2025-07-08T23:00:00.000000Z,659.96,660.0,659.69,659.74,839.64
2025-07-08T23:05:00.000000Z,659.73,659.89,659.35,659.89,705.28
2025-07-08T23:10:00.000000Z,659.88,660.22,659.82,660.22,658.34
2025-07-08T23:15:00.000000Z,660.22,660.42,660.21,660.42,370.17
2025-07-08T23:20:00.000000Z,660.41,660.5,660.21,660.33,405.47
2025-07-08T23:25:00.000000Z,660.33,660.33,659.68,659.82,1226.89
2025-07-08T23:30:00.000000Z,659.82,660.14,659.81,660.04,470.3
2025-07-08T23:35:00.000000Z,660.05,660.3,660.0,660.29,274.32
2025-07-08T23:40:00.000000Z,660.29,660.45,660.29,660.39,366.89
2025-07-08T23:45:00.000000Z,660.39,660.63,660.39,660.63,438.7
2025-07-08T23:50:00.000000Z,660.63,660.63,660.61,660.62,154.29
2025-07-08T23:55:00.000000Z,660.62,660.63,660.32,660.52,554.49
2025-07-09T00:00:00.000000Z,660.52,660.6,660.26,660.27,1548.11
2025-07-09T00:05:00.000000Z,660.27,660.64,660.27,660.55,1159.08
2025-07-09T00:10:00.000000Z,660.55,660.55,659.9,660.2,830.32
2025-07-09T00:15:00.000000Z,660.2,660.48,659.98,660.33,838.33
2025-07-09T00:20:00.000000Z,660.34,660.5,660.21,660.22,465.62
2025-07-09T00:25:00.000000Z,660.22,660.26,660.02,660.16,579.42
2025-07-09T00:30:00.000000Z,660.16,660.19,659.88,660.13,696.71
2025-07-09T00:35:00.000000Z,660.13,660.4,660.08,660.4,427.45
2025-07-09T00:40:00.000000Z,660.4,660.87,660.39,660.84,776.29
2025-07-09T00:45:00.000000Z,660.84,661.0,660.83,660.95,667.9
2025-07-09T00:50:00.000000Z,660.94,661.5,660.91,661.49,1775.2
2025-07-09T00:55:00.000000Z,661.49,661.65,661.4,661.65,959.43
2025-07-09T01:00:00.000000Z,661.64,661.98,661.5,661.73,2245.26
2025-07-09T01:05:00.000000Z,661.73,662.53,661.69,662.32,3536.23
2025-07-09T01:10:00.000000Z,662.33,662.39,662.04,662.39,1123.22
2025-07-09T01:15:00.000000Z,662.39,662.39,661.53,661.54,612.63
2025-07-09T01:20:00.000000Z,661.53,661.53,660.8,661.25,904.18
2025-07-09T01:25:00.000000Z,661.25,661.25,660.8,660.81,480.99
2025-07-09T01:30:00.000000Z,660.8,660.88,660.53,660.88,733.97
2025-07-09T01:35:00.000000Z,660.88,660.99,660.64,660.85,693.77
2025-07-09T01:40:00.000000Z,660.85,660.94,660.7,660.84,381.9
2025-07-09T01:45:00.000000Z,660.85,660.85,660.24,660.37,685.26
2025-07-09T01:50:00.000000Z,660.37,660.52,660.25,660.52,273.76
2025-07-09T01:55:00.000000Z,660.52,660.75,660.52,660.75,237.72
2025-07-09T02:00:00.000000Z,660.75,660.99,660.55,660.98,1000.44
2025-07-09T02:05:00.000000Z,660.97,662.15,660.97,661.69,2534.8
2025-07-09T02:10:00.000000Z,661.7,661.98,661.69,661.83,723.84
2025-07-09T02:15:00.000000Z,661.84,662.0,661.56,661.74,618.38
2025-07-09T02:20:00.000000Z,661.74,661.74,661.42,661.7,397.2
2025-07-09T02:25:00.000000Z,661.7,661.87,661.47,661.59,641.38
2025-07-09T02:30:00.000000Z,661.59,662.0,661.58,661.73,1039.14
2025-07-09T02:35:00.000000Z,661.73,661.84,661.5,661.72,908.41
2025-07-09T02:40:00.000000Z,661.72,662.22,661.71,662.1,870.37
2025-07-09T02:45:00.000000Z,662.1,662.24,661.67,661.92,763.25
2025-07-09T02:50:00.000000Z,661.93,662.03,661.72,661.8,431.46
2025-07-09T02:55:00.000000Z,661.8,661.8,661.63,661.68,270.26
2025-07-09T03:00:00.000000Z,661.68,661.96,661.67,661.85,618.58
2025-07-09T03:05:00.000000Z,661.85,662.0,661.62,661.81,691.38
2025-07-09T03:10:00.000000Z,661.81,661.91,661.52,661.52,832.97
2025-07-09T03:15:00.000000Z,661.52,661.78,660.88,661.72,1508.4
2025-07-09T03:20:00.000000Z,661.73,661.89,661.54,661.55,949.64
2025-07-09T03:25:00.000000Z,661.54,661.77,661.38,661.71,615.58
2025-07-09T03:30:00.000000Z,661.72,661.72,661.46,661.51,404.8
2025-07-09T03:35:00.000000Z,661.5,661.79,661.26,661.79,319.64
2025-07-09T03:40:00.000000Z,661.79,661.79,661.5,661.57,528.64
2025-07-09T03:45:00.000000Z,661.58,661.99,661.35,661.89,614.79
2025-07-09T03:50:00.000000Z,661.9,662.05,661.87,661.91,737.34
2025-07-09T03:55:00.000000Z,661.9,662.0,661.77,661.78,365.89
2025-07-09T04:00:00.000000Z,661.78,661.79,661.46,661.46,409.84
2025-07-09T04:05:00.000000Z,661.47,661.81,661.46,661.81,771.21
2025-07-09T04:10:00.000000Z,661.8,661.8,661.44,661.45,412.26
2025-07-09T04:15:00.000000Z,661.45,661.75,661.44,661.59,403.25
2025-07-09T04:20:00.000000Z,661.59,662.0,661.59,661.85,960.59
2025-07-09T04:25:00.000000Z,661.86,661.86,661.65,661.85,537.92
2025-07-09T04:30:00.000000Z,661.85,662.05,661.85,662.05,300.19
2025-07-09T04:35:00.000000Z,662.05,662.1,661.86,662.09,344.04
2025-07-09T04:40:00.000000Z,662.1,662.28,662.04,662.05,674.55
2025-07-09T04:45:00.000000Z,662.05,662.11,661.86,662.11,925.29
2025-07-09T04:50:00.000000Z,662.11,662.15,662.1,662.15,225.47
2025-07-09T04:55:00.000000Z,662.15,662.3,662.14,662.3,275.31
2025-07-09T05:00:00.000000Z,662.3,662.87,662.3,662.52,1951.65
2025-07-09T05:05:00.000000Z,662.53,662.8,662.52,662.57,830.58
2025-07-09T05:10:00.000000Z,662.57,662.7,662.5,662.55,784.7
2025-07-09T05:15:00.000000Z,662.55,662.8,662.54,662.73,462.8
2025-07-09T05:20:00.000000Z,662.73,662.73,662.49,662.68,495.42
2025-07-09T05:25:00.000000Z,662.68,662.68,662.46,662.46,635.95
2025-07-09T05:30:00.000000Z,662.46,662.58,662.28,662.58,508.95
2025-07-09T05:35:00.000000Z,662.58,664.27,662.54,663.55,7049.6
2025-07-09T05:40:00.000000Z,663.55,664.18,663.55,664.12,3189.34
2025-07-09T05:45:00.000000Z,664.12,664.27,663.1,663.99,3692.39
2025-07-09T05:50:00.000000Z,664.0,664.1,663.92,663.99,1585.68
2025-07-09T05:55:00.000000Z,664.0,664.24,664.0,664.18,1242.84
2025-07-09T06:00:00.000000Z,664.18,664.6,664.17,664.4,3326.06
2025-07-09T06:05:00.000000Z,664.4,664.6,664.39,664.41,1070.32
2025-07-09T06:10:00.000000Z,664.42,664.42,663.82,663.9,1805.45
2025-07-09T06:15:00.000000Z,663.91,664.04,663.7,664.03,1103.06
2025-07-09T06:20:00.000000Z,664.04,664.04,663.67,663.68,698.66
2025-07-09T06:25:00.000000Z,663.68,663.74,663.63,663.73,441.24
2025-07-09T06:30:00.000000Z,663.74,663.81,663.69,663.7,405.72
2025-07-09T06:35:00.000000Z,663.7,663.7,663.52,663.55,690.65
2025-07-09T06:40:00.000000Z,663.54,663.55,663.13,663.37,777.13
2025-07-09T06:45:00.000000Z,663.37,663.5,663.36,663.49,274.37
2025-07-09T06:50:00.000000Z,663.5,663.8,663.5,663.76,1281.26
2025-07-09T06:55:00.000000Z,663.76,663.78,663.57,663.61,467.56
2025-07-09T07:00:00.000000Z,663.62,663.67,663.35,663.51,1047.57
2025-07-09T07:05:00.000000Z,663.51,663.52,663.35,663.35,349.94
2025-07-09T07:10:00.000000Z,663.36,663.36,662.89,662.89,678.29
2025-07-09T07:15:00.000000Z,662.9,663.2,662.6,663.14,1158.73
2025-07-09T07:20:00.000000Z,663.14,663.15,662.9,662.9,313.61
2025-07-09T07:25:00.000000Z,662.91,663.26,662.82,663.06,913.42
2025-07-09T07:30:00.000000Z,663.07,663.08,662.88,663.02,321.77
2025-07-09T07:35:00.000000Z,663.01,663.02,662.68,662.69,633.37
2025-07-09T07:40:00.000000Z,662.69,662.69,662.43,662.43,695.8
2025-07-09T07:45:00.000000Z,662.43,662.9,662.43,662.52,1166.44
2025-07-09T07:50:00.000000Z,662.53,662.7,662.52,662.69,425.78
2025-07-09T07:55:00.000000Z,662.69,662.69,662.55,662.56,791.48
2025-07-09T08:00:00.000000Z,662.55,662.83,662.55,662.83,788.4
2025-07-09T08:05:00.000000Z,662.83,662.89,662.7,662.71,730.12
2025-07-09T08:10:00.000000Z,662.71,662.74,662.56,662.57,340.49
2025-07-09T08:15:00.000000Z,662.57,662.57,662.2,662.31,1064.85
2025-07-09T08:20:00.000000Z,662.3,662.31,661.68,661.68,2025.48
2025-07-09T08:25:00.000000Z,661.69,661.91,661.6,661.87,638.43
2025-07-09T08:30:00.000000Z,661.87,662.25,661.64,661.94,1747.78
2025-07-09T08:35:00.000000Z,661.93,662.06,661.68,661.69,767.42
2025-07-09T08:40:00.000000Z,661.68,661.76,661.66,661.68,465.88
2025-07-09T08:45:00.000000Z,661.68,661.8,661.42,661.49,739.59
2025-07-09T08:50:00.000000Z,661.5,661.56,661.04,661.04,1548.89
2025-07-09T08:55:00.000000Z,661.04,661.13,660.8,660.8,945.01
2025-07-09T09:00:00.000000Z,660.8,660.81,660.4,660.44,1843.59
2025-07-09T09:05:00.000000Z,660.44,660.44,660.1,660.16,1504.1
2025-07-09T09:10:00.000000Z,660.15,660.16,659.83,659.88,1319.23
2025-07-09T09:15:00.000000Z,659.88,660.45,659.88,660.28,1245.74
2025-07-09T09:20:00.000000Z,660.28,660.64,660.28,660.64,1018.81
2025-07-09T09:25:00.000000Z,660.63,660.64,660.21,660.26,890.47
2025-07-09T09:30:00.000000Z,660.27,660.27,660.07,660.07,563.25
2025-07-09T09:35:00.000000Z,660.07,660.19,660.0,660.08,419.62
2025-07-09T09:40:00.000000Z,660.08,660.1,659.98,660.09,571.37
2025-07-09T09:45:00.000000Z,660.1,660.28,659.97,660.27,807.13
2025-07-09T09:50:00.000000Z,660.27,660.28,660.04,660.12,567.18
2025-07-09T09:55:00.000000Z,660.13,660.21,660.04,660.04,473.24
2025-07-09T10:00:00.000000Z,660.04,660.05,659.8,659.8,775.01
2025-07-09T10:05:00.000000Z,659.8,659.9,659.51,659.88,1270.64
2025-07-09T10:10:00.000000Z,659.88,660.0,659.63,659.82,1140.17
2025-07-09T10:15:00.000000Z,659.82,659.94,659.7,659.71,1003.18
2025-07-09T10:20:00.000000Z,659.71,660.06,659.7,660.05,530.42
2025-07-09T10:25:00.000000Z,660.05,660.06,658.41,659.22,5134.98
2025-07-09T10:30:00.000000Z,659.23,659.33,659.09,659.33,1306.98
2025-07-09T10:35:00.000000Z,659.33,659.59,659.25,659.58,2035.78
2025-07-09T10:40:00.000000Z,659.58,660.09,659.58,659.89,2283.06
2025-07-09T10:45:00.000000Z,659.89,660.05,659.78,660.03,934.36
2025-07-09T10:50:00.000000Z,660.03,660.42,660.03,660.2,1303.6
2025-07-09T10:55:00.000000Z,660.2,660.42,660.19,660.41,363.4
2025-07-09T11:00:00.000000Z,660.42,660.61,660.38,660.49,1116.75
2025-07-09T11:05:00.000000Z,660.49,661.06,660.49,661.01,1252.91
2025-07-09T11:10:00.000000Z,661.01,661.06,660.79,660.79,704.99
2025-07-09T11:15:00.000000Z,660.8,660.88,660.6,660.79,1127.89
2025-07-09T11:20:00.000000Z,660.8,660.8,660.66,660.72,666.5
2025-07-09T11:25:00.000000Z,660.73,660.73,660.65,660.68,539.59
2025-07-09T11:30:00.000000Z,660.69,661.0,660.68,660.88,643.74
2025-07-09T11:35:00.000000Z,660.88,661.37,660.88,661.18,1574.86
2025-07-09T11:40:00.000000Z,661.18,661.57,660.91,661.56,1132.66
2025-07-09T11:45:00.000000Z,661.57,662.17,661.56,661.89,2070.12
2025-07-09T11:50:00.000000Z,661.89,661.95,661.74,661.78,733.72
2025-07-09T11:55:00.000000Z,661.78,661.79,661.02,661.24,1038.07
2025-07-09T12:00:00.000000Z,661.23,661.78,661.2,661.65,804.02
2025-07-09T12:05:00.000000Z,661.64,662.09,661.4,661.62,1564.84
2025-07-09T12:10:00.000000Z,661.62,662.15,660.6,661.31,4338.87
2025-07-09T12:15:00.000000Z,661.31,661.97,661.22,661.8,1712.8
2025-07-09T12:20:00.000000Z,661.79,662.04,661.66,662.04,1102.69
2025-07-09T12:25:00.000000Z,662.03,662.04,661.68,661.94,893.97
2025-07-09T12:30:00.000000Z,661.94,662.17,661.71,661.93,1738.57
2025-07-09T12:35:00.000000Z,661.93,662.2,661.63,662.19,503.82
2025-07-09T12:40:00.000000Z,662.19,662.36,662.16,662.31,653.43
2025-07-09T12:45:00.000000Z,662.32,662.47,661.92,662.13,932.73
2025-07-09T12:50:00.000000Z,662.12,662.22,661.97,661.97,513.32
2025-07-09T12:55:00.000000Z,661.97,662.05,661.83,662.01,416.18
2025-07-09T13:00:00.000000Z,662.01,662.42,662.0,662.42,561.47
2025-07-09T13:05:00.000000Z,662.42,662.88,662.41,662.72,1753.36
2025-07-09T13:10:00.000000Z,662.72,662.85,662.56,662.79,1261.78
2025-07-09T13:15:00.000000Z,662.8,662.84,662.54,662.6,1199.78
2025-07-09T13:20:00.000000Z,662.6,662.6,662.2,662.34,1833.31
2025-07-09T13:25:00.000000Z,662.34,662.41,662.04,662.04,731.63
2025-07-09T13:30:00.000000Z,662.05,662.46,662.04,662.13,1316.84
2025-07-09T13:35:00.000000Z,662.13,662.51,661.88,662.51,773.52
2025-07-09T13:40:00.000000Z,662.51,662.6,662.04,662.37,615.74
2025-07-09T13:45:00.000000Z,662.38,662.96,662.29,662.91,2116.8
2025-07-09T13:50:00.000000Z,662.9,662.91,661.96,662.22,1954.43
2025-07-09T13:55:00.000000Z,662.22,662.3,661.78,661.97,1774.26
2025-07-09T14:00:00.000000Z,661.97,661.97,661.36,661.48,1189.04
2025-07-09T14:05:00.000000Z,661.48,662.2,661.36,661.9,1026.22
2025-07-09T14:10:00.000000Z,661.9,662.25,661.84,662.15,627.42
2025-07-09T14:15:00.000000Z,662.16,662.64,662.1,662.58,538.92
2025-07-09T14:20:00.000000Z,662.58,663.17,662.57,663.14,1145.17
2025-07-09T14:25:00.000000Z,663.13,663.45,662.01,662.02,2201.94
2025-07-09T14:30:00.000000Z,662.02,662.02,660.64,661.22,3220.58
2025-07-09T14:35:00.000000Z,661.23,661.23,660.04,660.92,3026.62
2025-07-09T14:40:00.000000Z,660.91,661.24,660.75,661.24,1442.51
2025-07-09T14:45:00.000000Z,661.24,661.62,660.54,660.81,1781.87
2025-07-09T14:50:00.000000Z,660.81,661.56,660.68,661.27,1517.93
2025-07-09T14:55:00.000000Z,661.26,662.06,661.26,661.82,1540.91
2025-07-09T15:00:00.000000Z,661.83,662.42,661.68,662.29,981.67
2025-07-09T15:05:00.000000Z,662.29,662.38,662.04,662.25,668.85
2025-07-09T15:10:00.000000Z,662.24,662.34,661.67,661.67,741.38
2025-07-09T15:15:00.000000Z,661.67,662.61,661.67,662.49,701.06
2025-07-09T15:20:00.000000Z,662.48,662.69,662.39,662.68,533.43
2025-07-09T15:25:00.000000Z,662.67,662.89,662.67,662.79,570.71
2025-07-09T15:30:00.000000Z,662.79,663.08,662.75,662.82,673.76
2025-07-09T15:35:00.000000Z,662.81,663.0,661.7,662.73,4716.23
2025-07-09T15:40:00.000000Z,662.74,662.78,662.58,662.58,813.64
2025-07-09T15:45:00.000000Z,662.59,662.78,662.52,662.53,1000.05
2025-07-09T15:50:00.000000Z,662.52,662.62,662.4,662.43,306.95
2025-07-09T15:55:00.000000Z,662.42,662.62,662.3,662.53,512.97
2025-07-09T16:00:00.000000Z,662.54,663.06,662.53,662.81,2141.19
2025-07-09T16:05:00.000000Z,662.81,662.88,662.77,662.85,717.91
2025-07-09T16:10:00.000000Z,662.86,663.26,662.84,663.09,1214.79
2025-07-09T16:15:00.000000Z,663.1,663.22,662.88,663.17,567.41
2025-07-09T16:20:00.000000Z,663.17,663.17,662.49,662.83,1834.89
2025-07-09T16:25:00.000000Z,662.83,663.09,662.82,662.87,592.46
2025-07-09T16:30:00.000000Z,662.88,663.24,662.88,663.24,465.54
2025-07-09T16:35:00.000000Z,663.24,663.3,663.11,663.11,304.82
2025-07-09T16:40:00.000000Z,663.11,663.14,662.94,663.06,371.94
2025-07-09T16:45:00.000000Z,663.06,663.25,662.69,663.24,1185.67
2025-07-09T16:50:00.000000Z,663.24,663.45,662.97,663.03,856.5
2025-07-09T16:55:00.000000Z,663.03,663.03,662.78,662.95,433.52
2025-07-09T17:00:00.000000Z,662.95,663.0,662.29,662.41,1361.05
2025-07-09T17:05:00.000000Z,662.41,662.89,662.41,662.75,431.27
2025-07-09T17:10:00.000000Z,662.75,662.79,662.58,662.68,292.71
2025-07-09T17:15:00.000000Z,662.68,662.78,662.62,662.71,379.11
2025-07-09T17:20:00.000000Z,662.71,662.76,662.12,662.47,1300.66
2025-07-09T17:25:00.000000Z,662.47,662.48,662.22,662.34,427.6
2025-07-09T17:30:00.000000Z,662.33,662.4,662.12,662.27,400.59
2025-07-09T17:35:00.000000Z,662.28,662.68,662.28,662.56,412.24
2025-07-09T17:40:00.000000Z,662.57,662.78,662.55,662.64,296.97
2025-07-09T17:45:00.000000Z,662.63,662.64,662.45,662.56,402.23
2025-07-09T17:50:00.000000Z,662.57,663.06,662.57,662.82,569.25
2025-07-09T17:55:00.000000Z,662.83,662.97,662.8,662.91,452.6
2025-07-09T18:00:00.000000Z,662.9,662.91,662.59,662.85,453.28
2025-07-09T18:05:00.000000Z,662.86,664.0,662.81,663.83,5628.49
2025-07-09T18:10:00.000000Z,663.81,664.0,663.66,663.86,1479.02
2025-07-09T18:15:00.000000Z,663.86,664.0,663.73,663.82,1223.21
2025-07-09T18:20:00.000000Z,663.83,665.83,663.69,665.75,11457.48
2025-07-09T18:25:00.000000Z,665.76,665.97,665.37,665.63,1940.27
2025-07-09T18:30:00.000000Z,665.63,665.84,665.07,665.42,2780.28
2025-07-09T18:35:00.000000Z,665.42,665.9,665.06,665.13,2213.08
2025-07-09T18:40:00.000000Z,665.14,665.2,665.0,665.13,1106.19
2025-07-09T18:45:00.000000Z,665.12,665.43,665.04,665.39,716.58
2025-07-09T18:50:00.000000Z,665.39,665.39,665.16,665.23,442.4
2025-07-09T18:55:00.000000Z,665.23,665.32,665.06,665.24,441.29
2025-07-09T19:00:00.000000Z,665.24,665.52,665.16,665.5,801.15
2025-07-09T19:05:00.000000Z,665.49,665.62,665.24,665.49,1007.31
2025-07-09T19:10:00.000000Z,665.48,665.78,665.48,665.78,271.28
2025-07-09T19:15:00.000000Z,665.78,666.56,665.77,666.49,2573.46
2025-07-09T19:20:00.000000Z,666.51,667.33,666.42,667.13,3202.04
2025-07-09T19:25:00.000000Z,667.12,667.62,666.92,667.62,1310.9
2025-07-09T19:30:00.000000Z,667.62,669.2,667.61,668.66,5455.55
2025-07-09T19:35:00.000000Z,668.66,669.21,668.15,668.46,3965.83
2025-07-09T19:40:00.000000Z,668.48,669.58,668.41,668.96,6843.1
2025-07-09T19:45:00.000000Z,668.96,668.99,668.04,668.58,2370.41
2025-07-09T19:50:00.000000Z,668.58,670.24,668.54,670.13,5022.51
2025-07-09T19:55:00.000000Z,670.13,670.27,668.64,669.51,5103.0
2025-07-09T20:00:00.000000Z,669.51,671.94,669.51,670.22,11164.91
2025-07-09T20:05:00.000000Z,670.22,670.42,668.86,669.14,3920.83
2025-07-09T20:10:00.000000Z,669.14,670.14,668.93,670.13,3691.56
2025-07-09T20:15:00.000000Z,670.13,670.5,669.99,670.46,2331.54
2025-07-09T20:20:00.000000Z,670.46,670.9,668.84,668.89,2713.98
2025-07-09T20:25:00.000000Z,668.89,669.09,668.12,668.67,2508.9
2025-07-09T20:30:00.000000Z,668.68,668.68,667.71,668.14,1364.52
2025-07-09T20:35:00.000000Z,668.15,669.77,668.12,668.94,1908.03
2025-07-09T20:40:00.000000Z,668.93,669.14,668.56,669.13,730.5
2025-07-09T20:45:00.000000Z,669.14,669.2,667.9,668.07,1096.36
2025-07-09T20:50:00.000000Z,668.08,668.35,667.16,667.23,959.96
2025-07-09T20:55:00.000000Z,667.23,667.82,666.57,666.63,1769.73
2025-07-09T21:00:00.000000Z,666.63,668.47,666.49,668.28,7269.28
2025-07-09T21:05:00.000000Z,668.29,669.18,667.88,669.18,1047.28
2025-07-09T21:10:00.000000Z,669.18,669.18,667.73,668.02,3432.79
2025-07-09T21:15:00.000000Z,668.02,668.07,666.28,666.58,4066.54
2025-07-09T21:20:00.000000Z,666.58,667.7,666.58,667.5,976.12
2025-07-09T21:25:00.000000Z,667.5,667.65,667.13,667.52,698.42
2025-07-09T21:30:00.000000Z,667.52,667.67,667.5,667.62,602.25
2025-07-09T21:35:00.000000Z,667.63,667.63,666.85,667.26,719.65
2025-07-09T21:40:00.000000Z,667.27,667.41,666.99,667.41,618.14
2025-07-09T21:45:00.000000Z,667.41,667.96,667.41,667.96,424.0
2025-07-09T21:50:00.000000Z,667.96,668.04,667.62,667.62,471.13
2025-07-09T21:55:00.000000Z,667.63,667.63,667.31,667.42,540.84
2025-07-09T22:00:00.000000Z,667.42,668.58,667.42,668.22,1595.35
2025-07-09T22:05:00.000000Z,668.23,669.37,668.14,669.2,1137.95
2025-07-09T22:10:00.000000Z,669.22,669.98,669.19,669.81,1947.58
2025-07-09T22:15:00.000000Z,669.82,670.09,669.72,670.03,632.6
2025-07-09T22:20:00.000000Z,670.08,670.09,669.4,669.52,762.79
2025-07-09T22:25:00.000000Z,669.53,669.65,669.19,669.43,494.1
2025-07-09T22:30:00.000000Z,669.43,669.82,669.32,669.66,754.02
2025-07-09T22:35:00.000000Z,669.65,670.18,669.52,670.18,1568.46
2025-07-09T22:40:00.000000Z,670.18,670.5,669.8,669.95,501.3
2025-07-09T22:45:00.000000Z,669.96,670.24,669.76,670.12,771.53
2025-07-09T22:50:00.000000Z,670.13,670.18,669.38,669.8,881.61
2025-07-09T22:55:00.000000Z,669.81,670.78,669.81,670.28,1227.49
2025-07-09T23:00:00.000000Z,670.27,670.27,669.74,669.74,889.16
2025-07-09T23:05:00.000000Z,669.75,669.84,669.08,669.08,1000.06
2025-07-09T23:10:00.000000Z,669.08,669.08,668.48,668.74,1055.28
2025-07-09T23:15:00.000000Z,668.75,669.51,668.74,669.51,958.63
2025-07-09T23:20:00.000000Z,669.51,669.65,669.28,669.64,606.53
2025-07-09T23:25:00.000000Z,669.65,669.68,669.25,669.56,1174.09
2025-07-09T23:30:00.000000Z,669.57,670.03,669.57,669.8,590.76
2025-07-09T23:35:00.000000Z,669.81,669.88,669.4,669.51,500.01
2025-07-09T23:40:00.000000Z,669.52,669.63,669.33,669.34,758.7
2025-07-09T23:45:00.000000Z,669.34,669.75,669.34,669.59,365.97
2025-07-09T23:50:00.000000Z,669.59,669.59,668.58,668.78,1384.66
2025-07-09T23:55:00.000000Z,668.78,669.08,668.77,668.88,781.42
2025-07-10T00:00:00.000000Z,668.89,669.87,668.85,669.78,1342.2
2025-07-10T00:05:00.000000Z,669.78,670.71,669.77,670.43,1946.27
2025-07-10T00:10:00.000000Z,670.44,670.66,669.98,670.41,1408.83
2025-07-10T00:15:00.000000Z,670.42,670.59,670.16,670.36,1041.82
2025-07-10T00:20:00.000000Z,670.35,670.59,669.89,670.59,3227.27
2025-07-10T00:25:00.000000Z,670.59,670.86,669.33,669.34,1158.54
2025-07-10T00:30:00.000000Z,669.33,670.02,669.2,669.21,962.11
2025-07-10T00:35:00.000000Z,669.2,669.2,668.65,668.97,1047.25
2025-07-10T00:40:00.000000Z,668.98,669.46,668.88,669.45,670.98
2025-07-10T00:45:00.000000Z,669.46,670.0,669.45,670.0,837.49
2025-07-10T00:50:00.000000Z,670.0,670.48,669.88,670.34,934.68
2025-07-10T00:55:00.000000Z,670.35,670.35,669.84,670.1,1301.58
2025-07-10T01:00:00.000000Z,670.1,670.31,669.8,669.9,1586.9
2025-07-10T01:05:00.000000Z,669.91,669.92,669.4,669.54,822.34
2025-07-10T01:10:00.000000Z,669.55,669.61,668.71,668.86,779.57
2025-07-10T01:15:00.000000Z,668.86,669.01,668.58,669.01,1141.95
2025-07-10T01:20:00.000000Z,669.01,669.13,668.4,668.4,1070.61
2025-07-10T01:25:00.000000Z,668.4,668.56,668.4,668.51,377.46
2025-07-10T01:30:00.000000Z,668.51,668.89,668.51,668.74,633.48
2025-07-10T01:35:00.000000Z,668.75,669.07,668.62,669.07,478.61
2025-07-10T01:40:00.000000Z,669.06,669.07,668.92,668.97,350.85
2025-07-10T01:45:00.000000Z,668.97,668.98,668.89,668.9,178.27
2025-07-10T01:50:00.000000Z,668.89,669.8,668.89,669.61,652.9
2025-07-10T01:55:00.000000Z,669.6,669.99,669.53,669.54,1092.23
2025-07-10T02:00:00.000000Z,669.53,669.87,669.44,669.81,692.35
2025-07-10T02:05:00.000000Z,669.81,670.2,669.81,670.13,921.07
2025-07-10T02:10:00.000000Z,670.12,670.44,670.03,670.43,590.48
2025-07-10T02:15:00.000000Z,670.44,670.47,669.84,670.31,1701.54
2025-07-10T02:20:00.000000Z,670.3,670.59,670.24,670.36,932.42
2025-07-10T02:25:00.000000Z,670.36,671.12,670.35,670.68,2039.91
2025-07-10T02:30:00.000000Z,670.69,671.12,670.25,670.25,899.85
2025-07-10T02:35:00.000000Z,670.26,670.27,670.02,670.15,584.77
2025-07-10T02:40:00.000000Z,670.16,670.39,670.02,670.13,438.05
2025-07-10T02:45:00.000000Z,670.13,670.14,669.9,670.04,558.57
2025-07-10T02:50:00.000000Z,670.05,670.27,670.04,670.13,471.69
2025-07-10T02:55:00.000000Z,670.13,670.83,670.13,670.78,380.01
2025-07-10T03:00:00.000000Z,670.79,671.55,670.78,671.43,2125.08
2025-07-10T03:05:00.000000Z,671.44,671.61,671.41,671.58,910.14
2025-07-10T03:10:00.000000Z,671.59,671.59,671.21,671.26,737.62
2025-07-10T03:15:00.000000Z,671.27,671.58,671.27,671.55,445.99
2025-07-10T03:20:00.000000Z,671.55,671.55,671.04,671.04,470.39
2025-07-10T03:25:00.000000Z,671.04,671.06,670.64,670.71,1538.86
2025-07-10T03:30:00.000000Z,670.71,670.9,670.42,670.49,1021.32
2025-07-10T03:35:00.000000Z,670.49,670.54,670.3,670.3,557.29
2025-07-10T03:40:00.000000Z,670.31,670.32,670.17,670.17,429.07
2025-07-10T03:45:00.000000Z,670.17,670.18,669.92,670.15,448.11
2025-07-10T03:50:00.000000Z,670.16,670.42,670.13,670.26,931.59
2025-07-10T03:55:00.000000Z,670.27,670.5,670.26,670.49,283.55
2025-07-10T04:00:00.000000Z,670.49,670.5,670.12,670.12,807.14
2025-07-10T04:05:00.000000Z,670.13,670.43,670.12,670.12,537.13
2025-07-10T04:10:00.000000Z,670.12,670.32,670.12,670.23,346.29
2025-07-10T04:15:00.000000Z,670.22,670.7,670.22,670.66,660.15
2025-07-10T04:20:00.000000Z,670.65,670.72,670.56,670.69,580.21
2025-07-10T04:25:00.000000Z,670.69,671.64,670.69,671.62,3479.39
2025-07-10T04:30:00.000000Z,671.61,671.66,671.42,671.43,608.84
2025-07-10T04:35:00.000000Z,671.42,671.76,671.42,671.76,818.43
2025-07-10T04:40:00.000000Z,671.76,672.87,671.74,672.86,2834.69
2025-07-10T04:45:00.000000Z,672.87,673.04,672.54,672.67,1673.6
2025-07-10T04:50:00.000000Z,672.67,672.75,672.5,672.68,807.88
2025-07-10T04:55:00.000000Z,672.67,672.68,672.4,672.54,660.45
2025-07-10T05:00:00.000000Z,672.54,672.6,672.44,672.44,627.35
2025-07-10T05:05:00.000000Z,672.45,672.56,672.27,672.56,738.92
2025-07-10T05:10:00.000000Z,672.56,672.63,672.46,672.46,774.41
2025-07-10T05:15:00.000000Z,672.46,672.51,672.31,672.33,895.37
2025-07-10T05:20:00.000000Z,672.33,672.49,672.29,672.48,635.35
2025-07-10T05:25:00.000000Z,672.47,672.57,672.41,672.41,461.34
2025-07-10T05:30:00.000000Z,672.41,672.58,672.32,672.46,459.2
2025-07-10T05:35:00.000000Z,672.46,672.46,672.35,672.35,380.59
2025-07-10T05:40:00.000000Z,672.36,672.36,672.3,672.3,229.72
2025-07-10T05:45:00.000000Z,672.31,672.34,672.18,672.33,737.45
2025-07-10T05:50:00.000000Z,672.33,673.37,672.33,672.93,3045.33
2025-07-10T05:55:00.000000Z,672.92,673.26,672.92,673.11,551.15
2025-07-10T06:00:00.000000Z,673.11,673.12,672.97,673.0,564.28
2025-07-10T06:05:00.000000Z,673.0,673.01,672.26,672.29,941.72
2025-07-10T06:10:00.000000Z,672.28,672.45,672.26,672.29,970.4
2025-07-10T06:15:00.000000Z,672.29,672.38,672.29,672.32,422.12
2025-07-10T06:20:00.000000Z,672.32,672.48,672.29,672.33,627.03
2025-07-10T06:25:00.000000Z,672.33,672.42,672.33,672.4,448.34
2025-07-10T06:30:00.000000Z,672.4,672.41,672.14,672.23,1405.31
2025-07-10T06:35:00.000000Z,672.23,672.32,670.26,670.47,3272.03
2025-07-10T06:40:00.000000Z,670.47,670.63,670.21,670.23,1723.37
2025-07-10T06:45:00.000000Z,670.23,670.23,669.73,670.17,2240.7
2025-07-10T06:50:00.000000Z,670.17,670.46,669.94,670.0,1409.92
2025-07-10T06:55:00.000000Z,670.01,670.34,670.0,670.26,636.92
2025-07-10T07:00:00.000000Z,670.27,671.0,670.12,670.99,935.23
2025-07-10T07:05:00.000000Z,670.99,672.67,670.79,672.09,4262.63
2025-07-10T07:10:00.000000Z,672.09,672.12,671.68,671.76,1433.37
2025-07-10T07:15:00.000000Z,671.77,671.99,671.3,671.44,1204.8
2025-07-10T07:20:00.000000Z,671.44,671.68,671.22,671.52,1518.69
2025-07-10T07:25:00.000000Z,671.52,672.16,671.22,671.44,4228.08
2025-07-10T07:30:00.000000Z,671.43,671.6,671.25,671.56,862.85
2025-07-10T07:35:00.000000Z,671.55,671.56,671.3,671.3,492.48
2025-07-10T07:40:00.000000Z,671.31,671.6,670.96,671.52,1295.74
2025-07-10T07:45:00.000000Z,671.52,671.84,671.34,671.66,1162.16
2025-07-10T07:50:00.000000Z,671.66,671.72,671.55,671.66,625.28
2025-07-10T07:55:00.000000Z,671.65,671.66,671.39,671.4,520.37
2025-07-10T08:00:00.000000Z,671.39,671.9,671.37,671.9,1625.55
2025-07-10T08:05:00.000000Z,671.89,671.97,671.68,671.81,1047.84
2025-07-10T08:10:00.000000Z,671.81,672.0,671.76,672.0,1013.58
2025-07-10T08:15:00.000000Z,671.99,673.15,671.99,673.05,2249.59
2025-07-10T08:20:00.000000Z,673.05,673.06,672.8,672.96,2268.17
2025-07-10T08:25:00.000000Z,672.96,673.0,672.76,672.99,1063.89
2025-07-10T08:30:00.000000Z,673.0,673.9,672.0,672.75,7809.49
2025-07-10T08:35:00.000000Z,672.76,673.08,672.76,672.83,765.98
2025-07-10T08:40:00.000000Z,672.84,673.29,672.34,672.77,3601.77
2025-07-10T08:45:00.000000Z,672.78,672.78,672.05,672.21,961.62
2025-07-10T08:50:00.000000Z,672.22,672.25,672.13,672.13,836.81
2025-07-10T08:55:00.000000Z,672.14,672.14,671.93,672.03,1160.67
2025-07-10T09:00:00.000000Z,672.03,672.19,671.87,671.88,1107.67
2025-07-10T09:05:00.000000Z,671.87,672.69,671.66,672.42,1731.23
2025-07-10T09:10:00.000000Z,672.43,672.58,672.29,672.35,982.35
2025-07-10T09:15:00.000000Z,672.36,672.67,671.14,671.5,4700.68
2025-07-10T09:20:00.000000Z,671.51,671.58,670.72,670.84,1439.91
2025-07-10T09:25:00.000000Z,670.83,671.06,670.83,671.05,716.38
2025-07-10T09:30:00.000000Z,671.06,671.48,670.58,671.33,5084.17
2025-07-10T09:35:00.000000Z,671.32,671.48,671.23,671.23,895.04
2025-07-10T09:40:00.000000Z,671.24,671.47,671.12,671.13,731.07
2025-07-10T09:45:00.000000Z,671.13,671.5,671.13,671.38,1177.33
2025-07-10T09:50:00.000000Z,671.38,671.52,671.21,671.52,770.52
2025-07-10T09:55:00.000000Z,671.51,671.52,670.55,670.87,1885.99
2025-07-10T10:00:00.000000Z,670.88,670.93,669.8,670.18,4644.88
2025-07-10T10:05:00.000000Z,670.17,670.51,670.02,670.02,4116.77
2025-07-10T10:10:00.000000Z,670.03,670.2,669.33,669.96,5317.27
2025-07-10T10:15:00.000000Z,669.96,670.14,669.77,669.78,1398.72
2025-07-10T10:20:00.000000Z,669.78,670.01,669.56,669.83,1503.8
2025-07-10T10:25:00.000000Z,669.82,670.15,669.82,669.94,489.78
2025-07-10T10:30:00.000000Z,669.95,670.14,669.8,670.08,1042.36
2025-07-10T10:35:00.000000Z,670.07,670.17,669.84,669.89,922.84
2025-07-10T10:40:00.000000Z,669.9,670.18,669.78,669.95,1391.27
2025-07-10T10:45:00.000000Z,669.95,669.96,669.48,669.66,700.58
2025-07-10T10:50:00.000000Z,669.67,670.23,669.67,670.12,642.07
2025-07-10T10:55:00.000000Z,670.12,670.22,670.1,670.2,305.21
2025-07-10T11:00:00.000000Z,670.2,670.2,669.75,669.92,2260.95
2025-07-10T11:05:00.000000Z,669.92,670.79,669.92,670.61,1767.53
2025-07-10T11:10:00.000000Z,670.61,671.31,670.44,670.83,2920.19
2025-07-10T11:15:00.000000Z,670.82,670.82,670.04,670.3,1063.42
2025-07-10T11:20:00.000000Z,670.31,670.58,670.17,670.17,463.34
2025-07-10T11:25:00.000000Z,670.17,670.25,670.04,670.25,401.54
2025-07-10T11:30:00.000000Z,670.26,670.26,669.78,669.79,561.14
2025-07-10T11:35:00.000000Z,669.79,670.06,669.67,669.67,785.43
2025-07-10T11:40:00.000000Z,669.67,669.87,669.6,669.83,517.36
2025-07-10T11:45:00.000000Z,669.84,669.94,669.84,669.9,237.87
2025-07-10T11:50:00.000000Z,669.9,669.94,669.68,669.68,450.75
2025-07-10T11:55:00.000000Z,669.69,669.98,669.48,669.95,805.52
2025-07-10T12:00:00.000000Z,669.95,669.96,669.37,669.38,873.64
2025-07-10T12:05:00.000000Z,669.37,670.09,669.37,669.78,1425.37
2025-07-10T12:10:00.000000Z,669.79,669.87,669.39,669.39,978.18
2025-07-10T12:15:00.000000Z,669.4,669.78,669.38,669.65,782.02
2025-07-10T12:20:00.000000Z,669.64,669.65,669.3,669.31,419.31
2025-07-10T12:25:00.000000Z,669.3,670.36,669.3,670.24,1503.3
2025-07-10T12:30:00.000000Z,670.24,670.76,670.2,670.47,1587.65
2025-07-10T12:35:00.000000Z,670.47,670.67,670.28,670.28,408.13
2025-07-10T12:40:00.000000Z,670.29,670.62,670.21,670.46,596.54
2025-07-10T12:45:00.000000Z,670.46,670.73,670.46,670.73,399.83
2025-07-10T12:50:00.000000Z,670.72,671.0,670.53,670.92,914.32
2025-07-10T12:55:00.000000Z,670.93,671.08,670.81,671.02,561.62
2025-07-10T13:00:00.000000Z,671.02,671.12,670.8,670.8,789.46
2025-07-10T13:05:00.000000Z,670.8,670.81,670.3,670.56,583.28
2025-07-10T13:10:00.000000Z,670.57,670.86,670.43,670.71,376.86
2025-07-10T13:15:00.000000Z,670.71,670.95,670.71,670.88,424.49
2025-07-10T13:20:00.000000Z,670.88,671.17,670.75,671.1,640.32
2025-07-10T13:25:00.000000Z,671.1,671.36,671.01,671.34,632.16
2025-07-10T13:30:00.000000Z,671.34,671.34,669.84,669.88,977.04
2025-07-10T13:35:00.000000Z,669.88,671.24,669.87,670.88,1423.23
2025-07-10T13:40:00.000000Z,670.89,671.34,670.07,671.21,1515.78
2025-07-10T13:45:00.000000Z,671.22,671.8,670.15,670.3,1535.08
2025-07-10T13:50:00.000000Z,670.3,671.18,670.3,670.72,780.25
2025-07-10T13:55:00.000000Z,670.71,670.86,669.63,670.07,923.34
2025-07-10T14:00:00.000000Z,670.07,670.18,669.1,669.52,2572.73
2025-07-10T14:05:00.000000Z,669.52,670.2,668.47,669.76,2702.67
2025-07-10T14:10:00.000000Z,669.76,670.24,669.74,669.86,942.71
2025-07-10T14:15:00.000000Z,669.87,670.37,669.86,670.32,1115.28
2025-07-10T14:20:00.000000Z,670.32,670.37,669.22,669.37,1074.2
2025-07-10T14:25:00.000000Z,669.36,669.36,667.68,668.35,4443.76
2025-07-10T14:30:00.000000Z,668.36,669.0,668.16,668.49,1603.3
2025-07-10T14:35:00.000000Z,668.5,669.62,668.5,669.37,1020.59
2025-07-10T14:40:00.000000Z,669.37,669.38,669.02,669.02,472.28
2025-07-10T14:45:00.000000Z,669.02,669.15,668.61,669.15,821.16
2025-07-10T14:50:00.000000Z,669.15,669.55,669.14,669.35,644.6
2025-07-10T14:55:00.000000Z,669.35,669.6,669.24,669.35,687.58
2025-07-10T15:00:00.000000Z,669.34,669.34,668.38,668.43,1313.69
2025-07-10T15:05:00.000000Z,668.42,668.42,668.07,668.31,1321.66
2025-07-10T15:10:00.000000Z,668.31,668.35,667.56,667.57,1993.48
2025-07-10T15:15:00.000000Z,667.57,668.52,667.57,668.51,1014.45
2025-07-10T15:20:00.000000Z,668.51,668.72,668.03,668.18,864.57
2025-07-10T15:25:00.000000Z,668.18,668.72,668.14,668.63,347.97
2025-07-10T15:30:00.000000Z,668.62,668.84,668.13,668.28,759.11
2025-07-10T15:35:00.000000Z,668.27,668.32,667.82,667.91,418.24
2025-07-10T15:40:00.000000Z,667.9,667.99,667.12,667.56,2939.76
2025-07-10T15:45:00.000000Z,667.57,667.98,667.26,667.98,567.29
2025-07-10T15:50:00.000000Z,667.98,668.1,667.82,668.1,584.76
2025-07-10T15:55:00.000000Z,668.1,668.37,668.09,668.14,580.73
2025-07-10T16:00:00.000000Z,668.14,668.2,667.74,667.74,1196.58
2025-07-10T16:05:00.000000Z,667.75,668.32,667.73,668.2,1209.36
2025-07-10T16:10:00.000000Z,668.2,668.28,668.1,668.24,837.73
2025-07-10T16:15:00.000000Z,668.23,668.97,668.22,668.96,2344.13
2025-07-10T16:20:00.000000Z,668.96,670.44,668.94,670.19,3560.54
2025-07-10T16:25:00.000000Z,670.19,671.49,670.03,671.01,3353.24
2025-07-10T16:30:00.000000Z,671.02,671.68,670.81,671.46,2536.01
2025-07-10T16:35:00.000000Z,671.46,672.04,670.42,671.99,4730.65
2025-07-10T16:40:00.000000Z,672.0,672.24,671.82,671.95,2034.53
2025-07-10T16:45:00.000000Z,671.94,672.37,671.59,671.85,3222.26
2025-07-10T16:50:00.000000Z,671.84,672.08,671.5,672.02,995.27
2025-07-10T16:55:00.000000Z,672.02,672.12,671.7,672.03,679.68
2025-07-10T17:00:00.000000Z,672.03,672.03,671.11,671.4,1560.52
2025-07-10T17:05:00.000000Z,671.4,672.98,671.39,672.94,2787.32
2025-07-10T17:10:00.000000Z,672.95,673.58,672.43,673.56,3196.45
2025-07-10T17:15:00.000000Z,673.57,673.57,672.84,673.2,3192.32
2025-07-10T17:20:00.000000Z,673.2,673.45,672.86,673.18,1471.46
2025-07-10T17:25:00.000000Z,673.18,673.31,672.88,673.3,985.55
2025-07-10T17:30:00.000000Z,673.31,673.94,673.31,673.69,2359.33
2025-07-10T17:35:00.000000Z,673.69,674.16,673.38,674.15,3163.41
2025-07-10T17:40:00.000000Z,674.14,675.0,674.14,674.96,3988.86
2025-07-10T17:45:00.000000Z,674.96,674.98,674.21,674.73,1878.66
2025-07-10T17:50:00.000000Z,674.73,675.57,674.64,675.45,4045.43
2025-07-10T17:55:00.000000Z,675.45,675.69,674.94,675.4,2914.99
2025-07-10T18:00:00.000000Z,675.4,675.44,674.84,675.02,2697.23
2025-07-10T18:05:00.000000Z,675.03,675.3,674.88,674.89,1379.45
2025-07-10T18:10:00.000000Z,674.89,675.4,674.89,675.13,1455.67
2025-07-10T18:15:00.000000Z,675.13,675.75,675.12,675.39,1796.74
2025-07-10T18:20:00.000000Z,675.39,676.74,675.16,676.67,5620.36
2025-07-10T18:25:00.000000Z,676.67,677.37,675.31,675.43,7500.1
2025-07-10T18:30:00.000000Z,675.43,675.65,674.68,674.78,2975.67
2025-07-10T18:35:00.000000Z,674.78,675.67,673.7,674.0,3488.41
2025-07-10T18:40:00.000000Z,674.0,674.19,673.68,673.89,1713.44
2025-07-10T18:45:00.000000Z,673.9,674.25,673.67,674.2,1222.28
2025-07-10T18:50:00.000000Z,674.21,675.46,674.21,675.45,2583.17
2025-07-10T18:55:00.000000Z,675.46,675.78,675.3,675.67,1852.08
2025-07-10T19:00:00.000000Z,675.67,678.42,675.66,678.21,12248.38
2025-07-10T19:05:00.000000Z,678.21,679.24,678.04,678.52,6981.6
2025-07-10T19:10:00.000000Z,678.53,678.86,677.74,678.23,1979.18
2025-07-10T19:15:00.000000Z,678.24,678.3,677.3,677.49,1479.52
2025-07-10T19:20:00.000000Z,677.5,677.5,676.56,676.89,1399.12
2025-07-10T19:25:00.000000Z,676.89,676.92,676.33,676.33,1692.4
2025-07-10T19:30:00.000000Z,676.33,676.82,676.28,676.56,1486.76
2025-07-10T19:35:00.000000Z,676.56,676.74,676.12,676.39,762.03
2025-07-10T19:40:00.000000Z,676.4,676.72,676.17,676.42,644.69
2025-07-10T19:45:00.000000Z,676.42,676.43,675.84,675.94,858.8
2025-07-10T19:50:00.000000Z,675.94,676.22,675.77,676.12,557.56
2025-07-10T19:55:00.000000Z,676.12,676.16,675.93,676.08,632.43
2025-07-10T20:00:00.000000Z,676.08,677.17,675.68,676.77,2319.45
2025-07-10T20:05:00.000000Z,676.76,677.37,675.97,676.08,2222.09
2025-07-10T20:10:00.000000Z,676.07,676.48,675.98,676.44,541.66
2025-07-10T20:15:00.000000Z,676.44,676.82,676.21,676.82,1098.94
2025-07-10T20:20:00.000000Z,676.81,676.82,676.32,676.32,711.94
2025-07-10T20:25:00.000000Z,676.34,676.35,675.82,676.31,814.84
2025-07-10T20:30:00.000000Z,676.32,676.48,676.16,676.25,427.32
2025-07-10T20:35:00.000000Z,676.25,676.74,676.17,676.36,667.16
2025-07-10T20:40:00.000000Z,676.36,676.82,676.19,676.81,558.81
2025-07-10T20:45:00.000000Z,676.82,676.94,676.49,676.49,522.8
2025-07-10T20:50:00.000000Z,676.49,676.68,675.74,676.58,1664.57
2025-07-10T20:55:00.000000Z,676.58,676.72,676.38,676.45,421.25
2025-07-10T21:00:00.000000Z,676.45,676.98,676.09,676.97,953.87
2025-07-10T21:05:00.000000Z,676.97,677.52,676.74,677.3,1833.91
2025-07-10T21:10:00.000000Z,677.29,678.52,677.1,677.89,2877.42
2025-07-10T21:15:00.000000Z,677.88,682.88,677.42,682.14,18037.13
2025-07-10T21:20:00.000000Z,682.15,684.63,680.69,683.24,14409.5
2025-07-10T21:25:00.000000Z,683.24,684.74,682.16,682.46,5068.62
2025-07-10T21:30:00.000000Z,682.46,682.98,680.74,681.72,8707.35
2025-07-10T21:35:00.000000Z,681.72,682.99,681.31,682.89,4327.85
2025-07-10T21:40:00.000000Z,682.89,688.0,682.74,685.61,16066.2
2025-07-10T21:45:00.000000Z,685.6,686.39,683.43,685.95,6066.52
2025-07-10T21:50:00.000000Z,685.96,687.29,683.8,686.28,9456.07
2025-07-10T21:55:00.000000Z,686.28,686.3,684.54,684.98,4465.49
2025-07-10T22:00:00.000000Z,684.96,685.57,684.51,685.35,4226.3
2025-07-10T22:05:00.000000Z,685.35,685.82,685.09,685.7,1648.06
2025-07-10T22:10:00.000000Z,685.7,685.77,685.02,685.51,2526.27
2025-07-10T22:15:00.000000Z,685.52,687.46,685.52,687.46,4224.06
2025-07-10T22:20:00.000000Z,687.46,687.76,686.35,686.65,4351.84
2025-07-10T22:25:00.000000Z,686.66,686.68,685.88,686.48,2207.61
2025-07-10T22:30:00.000000Z,686.49,687.96,686.29,687.61,2238.49
2025-07-10T22:35:00.000000Z,687.62,687.67,686.37,686.64,1772.26
2025-07-10T22:40:00.000000Z,686.65,686.83,686.14,686.75,1225.16
2025-07-10T22:45:00.000000Z,686.76,687.29,686.75,687.17,1198.46
2025-07-10T22:50:00.000000Z,687.18,688.13,687.17,687.76,2837.47
2025-07-10T22:55:00.000000Z,687.77,687.77,687.14,687.39,2494.49
2025-07-10T23:00:00.000000Z,687.39,687.51,685.58,685.81,2762.5
2025-07-10T23:05:00.000000Z,685.81,687.67,685.72,687.63,3516.32
2025-07-10T23:10:00.000000Z,687.64,687.95,686.89,687.45,2123.67
2025-07-10T23:15:00.000000Z,687.45,687.51,686.58,687.11,3731.39
2025-07-10T23:20:00.000000Z,687.1,687.1,685.82,686.21,1742.55
2025-07-10T23:25:00.000000Z,686.21,686.21,685.26,685.54,1852.0
2025-07-10T23:30:00.000000Z,685.54,685.76,684.58,684.61,4662.94
2025-07-10T23:35:00.000000Z,684.61,684.9,684.25,684.71,2397.11
2025-07-10T23:40:00.000000Z,684.71,685.15,684.18,684.6,1063.23
2025-07-10T23:45:00.000000Z,684.59,685.12,684.22,685.11,781.45
2025-07-10T23:50:00.000000Z,685.12,687.03,685.11,686.39,4970.41
2025-07-10T23:55:00.000000Z,686.39,686.64,686.1,686.3,1234.96
2025-07-11T00:00:00.000000Z,686.3,686.44,685.73,686.36,3145.25
2025-07-11T00:05:00.000000Z,686.36,688.09,686.13,687.75,3721.55
2025-07-11T00:10:00.000000Z,687.77,687.87,686.0,686.0,2359.59
2025-07-11T00:15:00.000000Z,686.01,686.11,684.56,684.8,5074.49
2025-07-11T00:20:00.000000Z,684.81,685.3,684.64,684.65,1556.17
2025-07-11T00:25:00.000000Z,684.66,686.4,684.32,685.31,4292.6
2025-07-11T00:30:00.000000Z,685.25,688.71,684.86,688.29,7775.72
2025-07-11T00:35:00.000000Z,688.3,691.0,688.2,688.39,12839.95
2025-07-11T00:40:00.000000Z,688.39,688.52,686.86,686.9,2438.55
2025-07-11T00:45:00.000000Z,686.91,687.94,686.68,687.4,2326.99
2025-07-11T00:50:00.000000Z,687.44,687.44,686.55,686.7,1838.74
2025-07-11T00:55:00.000000Z,686.71,688.71,686.66,688.45,3332.51
2025-07-11T01:00:00.000000Z,688.44,689.81,688.01,689.36,4163.01
2025-07-11T01:05:00.000000Z,689.36,690.3,688.2,690.25,3268.26
2025-07-11T01:10:00.000000Z,690.24,691.04,689.52,690.24,5103.16
2025-07-11T01:15:00.000000Z,690.24,691.0,689.03,689.75,2968.33
2025-07-11T01:20:00.000000Z,689.76,690.94,689.57,690.86,2065.05
2025-07-11T01:25:00.000000Z,690.86,691.85,690.7,691.33,3683.34
2025-07-11T01:30:00.000000Z,691.33,691.87,689.99,690.22,4872.66
2025-07-11T01:35:00.000000Z,690.23,690.61,690.04,690.32,1392.33
2025-07-11T01:40:00.000000Z,690.32,690.71,690.0,690.21,1731.8
2025-07-11T01:45:00.000000Z,690.21,690.56,689.6,689.6,2203.25
2025-07-11T01:50:00.000000Z,689.61,690.1,689.22,689.51,1985.47
2025-07-11T01:55:00.000000Z,689.51,689.87,689.45,689.63,1039.28
2025-07-11T02:00:00.000000Z,689.64,690.47,689.37,690.4,2169.4
2025-07-11T02:05:00.000000Z,690.4,690.86,688.41,688.49,3357.35
2025-07-11T02:10:00.000000Z,688.49,689.74,688.48,689.1,1479.01
2025-07-11T02:15:00.000000Z,689.11,689.9,688.84,689.8,1444.31
2025-07-11T02:20:00.000000Z,689.81,689.9,689.23,689.39,1028.66
2025-07-11T02:25:00.000000Z,689.39,690.0,689.38,689.8,1195.86
2025-07-11T02:30:00.000000Z,689.81,689.94,689.33,689.9,1301.29
2025-07-11T02:35:00.000000Z,689.9,690.44,689.68,690.23,1306.9
2025-07-11T02:40:00.000000Z,690.23,690.45,689.67,689.68,1109.25
2025-07-11T02:45:00.000000Z,689.69,690.41,689.68,690.34,794.56
2025-07-11T02:50:00.000000Z,690.35,691.14,690.24,690.77,1318.53
2025-07-11T02:55:00.000000Z,690.78,690.78,690.01,690.55,1900.97
2025-07-11T03:00:00.000000Z,690.56,690.61,689.78,690.11,2278.57
2025-07-11T03:05:00.000000Z,690.11,690.65,690.1,690.59,874.54
2025-07-11T03:10:00.000000Z,690.59,691.36,690.24,691.36,1114.41
2025-07-11T03:15:00.000000Z,691.36,691.6,690.85,691.35,1576.09
2025-07-11T03:20:00.000000Z,691.35,691.54,690.68,691.24,1664.54
2025-07-11T03:25:00.000000Z,691.25,691.38,690.5,690.58,1063.64
2025-07-11T03:30:00.000000Z,690.59,690.59,689.56,689.56,1315.46
2025-07-11T03:35:00.000000Z,689.57,689.94,689.45,689.92,1781.8
2025-07-11T03:40:00.000000Z,689.93,690.01,689.72,689.98,539.29
2025-07-11T03:45:00.000000Z,689.99,690.04,689.68,689.87,1017.71
2025-07-11T03:50:00.000000Z,689.88,690.14,689.79,689.83,1078.54
2025-07-11T03:55:00.000000Z,689.84,690.14,689.65,689.65,1176.06
2025-07-11T04:00:00.000000Z,689.66,689.66,689.15,689.43,1502.62
2025-07-11T04:05:00.000000Z,689.43,689.8,689.05,689.05,758.12
2025-07-11T04:10:00.000000Z,689.06,689.42,688.78,689.08,1317.25
2025-07-11T04:15:00.000000Z,689.08,689.49,689.04,689.48,810.08
2025-07-11T04:20:00.000000Z,689.47,689.48,688.16,688.91,2134.87
2025-07-11T04:25:00.000000Z,688.92,688.92,688.14,688.42,925.17
2025-07-11T04:30:00.000000Z,688.41,688.42,687.72,688.02,1570.36
2025-07-11T04:35:00.000000Z,688.02,688.88,687.97,688.68,837.09
2025-07-11T04:40:00.000000Z,688.69,689.15,688.35,688.4,1045.93
2025-07-11T04:45:00.000000Z,688.4,689.15,688.35,688.87,830.31
2025-07-11T04:50:00.000000Z,688.86,689.78,688.84,689.78,1345.8
2025-07-11T04:55:00.000000Z,689.77,689.84,689.26,689.61,1466.85
2025-07-11T05:00:00.000000Z,689.61,690.3,689.61,690.05,1935.51
2025-07-11T05:05:00.000000Z,690.04,691.33,690.01,691.13,2146.65
2025-07-11T05:10:00.000000Z,691.13,691.2,690.66,691.01,1609.41
2025-07-11T05:15:00.000000Z,691.0,692.56,690.88,692.49,4883.59
2025-07-11T05:20:00.000000Z,692.5,693.55,691.5,693.14,6867.24
2025-07-11T05:25:00.000000Z,693.14,694.42,692.66,692.82,4575.59
2025-07-11T05:30:00.000000Z,692.82,695.4,692.82,695.13,8980.81
2025-07-11T05:35:00.000000Z,695.13,695.24,693.78,694.79,5166.23
2025-07-11T05:40:00.000000Z,694.79,694.95,694.09,694.33,3180.0
2025-07-11T05:45:00.000000Z,694.33,695.16,693.02,694.84,4204.8
2025-07-11T05:50:00.000000Z,694.85,695.28,694.21,695.12,2788.35
2025-07-11T05:55:00.000000Z,695.12,695.12,693.22,693.39,2990.17
2025-07-11T06:00:00.000000Z,693.39,694.46,692.76,694.36,3343.0
2025-07-11T06:05:00.000000Z,694.37,695.01,694.36,694.4,1421.51
2025-07-11T06:10:00.000000Z,694.41,694.43,693.4,693.59,1816.78
2025-07-11T06:15:00.000000Z,693.58,694.06,693.4,693.48,1363.5
2025-07-11T06:20:00.000000Z,693.49,693.52,692.61,692.63,1640.02
2025-07-11T06:25:00.000000Z,692.62,693.15,692.31,692.51,1363.35
2025-07-11T06:30:00.000000Z,692.51,692.62,691.44,691.65,2017.67
2025-07-11T06:35:00.000000Z,691.65,692.15,691.26,691.26,2275.48
2025-07-11T06:40:00.000000Z,691.27,691.27,690.23,690.62,2647.38
2025-07-11T06:45:00.000000Z,690.62,691.0,688.32,688.9,4741.53
2025-07-11T06:50:00.000000Z,688.89,689.26,688.5,689.0,3832.6
2025-07-11T06:55:00.000000Z,689.0,689.13,688.09,688.39,2305.74
2025-07-11T07:00:00.000000Z,688.4,688.4,686.68,687.18,5445.95
2025-07-11T07:05:00.000000Z,687.19,687.28,686.52,686.97,4982.7
2025-07-11T07:10:00.000000Z,686.98,687.34,686.36,686.4,1692.03
2025-07-11T07:15:00.000000Z,686.4,687.82,686.39,687.71,3098.05
2025-07-11T07:20:00.000000Z,687.7,688.07,687.68,687.84,2410.92
2025-07-11T07:25:00.000000Z,687.83,688.2,687.67,688.16,1368.41
2025-07-11T07:30:00.000000Z,688.17,688.17,686.5,686.57,4101.59
2025-07-11T07:35:00.000000Z,686.58,687.81,686.57,687.59,2871.19
2025-07-11T07:40:00.000000Z,687.59,687.76,686.91,687.12,2962.15
2025-07-11T07:45:00.000000Z,687.12,687.32,686.5,686.61,2931.93
2025-07-11T07:50:00.000000Z,686.6,686.94,685.33,685.56,4897.05
2025-07-11T07:55:00.000000Z,685.55,685.77,685.01,685.29,5661.28
2025-07-11T08:00:00.000000Z,685.29,686.16,685.16,686.06,4463.97
2025-07-11T08:05:00.000000Z,686.06,686.48,685.78,686.3,5810.58
2025-07-11T08:10:00.000000Z,686.31,686.43,685.96,686.07,1948.91
2025-07-11T08:15:00.000000Z,686.07,686.24,685.63,685.64,2563.06
2025-07-11T08:20:00.000000Z,685.64,685.73,684.44,685.73,6552.51
2025-07-11T08:25:00.000000Z,685.73,687.27,685.72,686.91,2158.96
2025-07-11T08:30:00.000000Z,686.91,686.92,686.0,686.42,1880.95
2025-07-11T08:35:00.000000Z,686.41,687.15,686.17,686.26,1645.81
2025-07-11T08:40:00.000000Z,686.26,688.47,686.1,688.03,4240.98
2025-07-11T08:45:00.000000Z,688.03,688.08,687.66,687.94,1420.86
2025-07-11T08:50:00.000000Z,687.94,687.95,687.68,687.92,766.0
2025-07-11T08:55:00.000000Z,687.91,688.33,687.75,688.17,1569.45
2025-07-11T09:00:00.000000Z,688.16,688.23,687.97,687.97,1300.43
2025-07-11T09:05:00.000000Z,687.98,688.26,687.75,688.23,1589.29
2025-07-11T09:10:00.000000Z,688.23,688.55,688.06,688.49,1577.89
2025-07-11T09:15:00.000000Z,688.49,689.48,688.49,689.48,4318.5
2025-07-11T09:20:00.000000Z,689.47,690.0,689.47,689.94,1509.85
2025-07-11T09:25:00.000000Z,689.93,690.0,689.6,689.62,942.86
2025-07-11T09:30:00.000000Z,689.61,689.89,689.12,689.85,1442.04
2025-07-11T09:35:00.000000Z,689.85,690.95,689.57,690.32,3863.99
2025-07-11T09:40:00.000000Z,690.31,690.37,689.42,689.83,2167.42
2025-07-11T09:45:00.000000Z,689.89,690.31,689.63,689.86,1176.23
2025-07-11T09:50:00.000000Z,689.86,689.87,688.96,689.01,1255.05
2025-07-11T09:55:00.000000Z,689.0,689.81,688.82,689.56,2172.84
2025-07-11T10:00:00.000000Z,689.56,689.58,688.98,689.22,2492.01
2025-07-11T10:05:00.000000Z,689.22,689.74,689.18,689.54,1193.43
2025-07-11T10:10:00.000000Z,689.53,689.65,688.89,689.09,2315.16
2025-07-11T10:15:00.000000Z,689.08,689.5,689.08,689.19,973.55
2025-07-11T10:20:00.000000Z,689.19,689.95,689.19,689.95,1304.47
2025-07-11T10:25:00.000000Z,689.94,690.35,689.69,690.35,1923.84
2025-07-11T10:30:00.000000Z,690.35,690.38,689.38,689.73,2650.63
2025-07-11T10:35:00.000000Z,689.72,689.76,689.12,689.3,2009.57
2025-07-11T10:40:00.000000Z,689.3,689.8,689.26,689.8,618.75
2025-07-11T10:45:00.000000Z,689.79,689.99,689.68,689.85,459.6
2025-07-11T10:50:00.000000Z,689.84,690.08,689.76,689.76,635.63
2025-07-11T10:55:00.000000Z,689.76,689.85,689.46,689.71,711.72
2025-07-11T11:00:00.000000Z,689.7,690.2,689.66,690.07,701.89
2025-07-11T11:05:00.000000Z,690.06,690.07,689.49,689.65,927.96
2025-07-11T11:10:00.000000Z,689.65,689.7,688.37,688.62,4072.05
2025-07-11T11:15:00.000000Z,688.61,689.36,688.5,688.81,1935.28
2025-07-11T11:20:00.000000Z,688.8,689.04,688.37,688.8,2265.09
2025-07-11T11:25:00.000000Z,688.79,689.16,688.47,688.77,1625.86
2025-07-11T11:30:00.000000Z,688.76,689.32,688.73,688.92,1836.1
2025-07-11T11:35:00.000000Z,688.92,689.49,688.92,689.37,661.37
2025-07-11T11:40:00.000000Z,689.37,689.37,687.96,688.79,4278.32
2025-07-11T11:45:00.000000Z,688.79,688.79,687.75,687.83,1550.15
2025-07-11T11:50:00.000000Z,687.84,688.7,687.83,688.61,934.61
2025-07-11T11:55:00.000000Z,688.62,688.82,688.59,688.59,597.64
2025-07-11T12:00:00.000000Z,688.58,688.99,688.36,688.98,1092.29
2025-07-11T12:05:00.000000Z,688.98,689.51,688.98,689.12,822.54
2025-07-11T12:10:00.000000Z,689.11,689.37,688.84,689.26,996.48
2025-07-11T12:15:00.000000Z,689.26,689.27,688.45,688.57,743.9
2025-07-11T12:20:00.000000Z,688.57,688.58,688.06,688.13,941.03
2025-07-11T12:25:00.000000Z,688.12,688.13,687.8,687.88,1811.74
2025-07-11T12:30:00.000000Z,687.87,688.47,687.78,688.41,706.74
2025-07-11T12:35:00.000000Z,688.41,688.6,688.41,688.6,392.01
2025-07-11T12:40:00.000000Z,688.6,688.66,688.44,688.58,534.94
2025-07-11T12:45:00.000000Z,688.57,689.38,688.57,689.0,1292.8
2025-07-11T12:50:00.000000Z,689.0,689.49,688.65,689.4,1550.71
2025-07-11T12:55:00.000000Z,689.39,690.14,689.39,690.06,1189.1
2025-07-11T13:00:00.000000Z,690.05,690.86,689.84,690.75,2517.73
2025-07-11T13:05:00.000000Z,690.74,691.13,690.05,690.34,3043.57
2025-07-11T13:10:00.000000Z,690.36,691.04,690.12,690.97,1669.45
2025-07-11T13:15:00.000000Z,690.96,691.3,690.61,690.68,1279.85
2025-07-11T13:20:00.000000Z,690.68,690.96,690.07,690.8,1800.72
2025-07-11T13:25:00.000000Z,690.79,690.9,690.37,690.59,775.23
2025-07-11T13:30:00.000000Z,690.58,690.58,688.73,689.23,2334.02
2025-07-11T13:35:00.000000Z,689.23,691.23,689.14,690.08,2167.42
2025-07-11T13:40:00.000000Z,690.07,690.7,689.5,689.66,1752.33
2025-07-11T13:45:00.000000Z,689.66,690.82,688.61,690.6,3824.91
2025-07-11T13:50:00.000000Z,690.6,691.0,689.91,689.98,1402.19
2025-07-11T13:55:00.000000Z,689.98,691.66,689.98,691.13,2245.24
2025-07-11T14:00:00.000000Z,691.13,691.54,690.08,690.69,2366.97
2025-07-11T14:05:00.000000Z,690.69,691.5,690.1,690.5,1963.62
2025-07-11T14:10:00.000000Z,690.48,691.43,690.31,691.24,1078.17
2025-07-11T14:15:00.000000Z,691.23,692.06,690.92,691.82,2101.84
2025-07-11T14:20:00.000000Z,691.81,692.87,691.78,692.8,1664.07
2025-07-11T14:25:00.000000Z,692.79,693.32,692.5,693.01,3221.68
2025-07-11T14:30:00.000000Z,693.01,694.34,692.69,693.94,2925.98
2025-07-11T14:35:00.000000Z,693.93,694.66,692.98,693.03,3305.61
2025-07-11T14:40:00.000000Z,693.02,693.9,692.47,693.74,1317.85
2025-07-11T14:45:00.000000Z,693.73,693.78,693.08,693.68,1034.38
2025-07-11T14:50:00.000000Z,693.67,693.88,690.72,691.74,4962.28
2025-07-11T14:55:00.000000Z,691.73,692.54,691.18,692.54,3438.53
2025-07-11T15:00:00.000000Z,692.53,692.87,691.8,691.91,1912.84
2025-07-11T15:05:00.000000Z,691.91,691.91,690.2,691.09,2825.07
2025-07-11T15:10:00.000000Z,691.09,691.9,690.07,690.71,2316.88
2025-07-11T15:15:00.000000Z,690.71,692.29,690.65,691.95,1437.14
2025-07-11T15:20:00.000000Z,691.96,692.49,691.1,691.24,1606.31
2025-07-11T15:25:00.000000Z,691.22,692.04,690.78,692.04,1586.33
2025-07-11T15:30:00.000000Z,692.04,692.04,690.48,691.85,2360.3
2025-07-11T15:35:00.000000Z,691.86,692.83,691.48,692.54,2160.89
2025-07-11T15:40:00.000000Z,692.55,693.6,692.37,692.76,1928.12
2025-07-11T15:45:00.000000Z,692.75,692.76,691.71,692.51,3665.37
2025-07-11T15:50:00.000000Z,692.51,693.46,689.0,690.03,5683.05
2025-07-11T15:55:00.000000Z,690.03,690.03,686.53,687.7,13278.27
2025-07-11T16:00:00.000000Z,687.69,690.0,687.13,688.9,6032.52
2025-07-11T16:05:00.000000Z,688.89,689.8,686.3,688.3,6331.24
2025-07-11T16:10:00.000000Z,688.29,689.76,687.73,689.76,3420.27
2025-07-11T16:15:00.000000Z,689.76,691.2,687.79,688.02,4732.61
2025-07-11T16:20:00.000000Z,688.03,690.08,687.96,689.88,2884.89
2025-07-11T16:25:00.000000Z,689.85,691.27,689.51,691.21,1903.67
2025-07-11T16:30:00.000000Z,691.21,692.97,691.0,691.39,5470.11
2025-07-11T16:35:00.000000Z,691.4,691.5,689.91,690.8,3143.87
2025-07-11T16:40:00.000000Z,690.8,691.83,690.63,690.87,1898.29
2025-07-11T16:45:00.000000Z,690.88,690.97,689.29,690.44,2621.94
2025-07-11T16:50:00.000000Z,690.44,693.49,690.43,692.9,5591.79
2025-07-11T16:55:00.000000Z,692.9,694.97,692.88,694.45,6887.04
2025-07-11T17:00:00.000000Z,694.46,697.26,694.13,694.74,17607.48
2025-07-11T17:05:00.000000Z,694.75,696.06,694.61,694.98,3549.93
2025-07-11T17:10:00.000000Z,694.97,695.13,693.8,693.88,4409.94
2025-07-11T17:15:00.000000Z,693.88,694.97,693.63,694.91,2095.04
2025-07-11T17:20:00.000000Z,694.92,695.56,694.59,695.02,2619.04
2025-07-11T17:25:00.000000Z,695.02,695.72,694.5,695.71,2368.11
2025-07-11T17:30:00.000000Z,695.7,696.2,694.74,694.95,2535.06
2025-07-11T17:35:00.000000Z,694.93,696.34,694.09,694.53,6369.88
2025-07-11T17:40:00.000000Z,694.52,695.66,694.48,695.17,2220.83
2025-07-11T17:45:00.000000Z,695.16,695.54,694.98,695.21,828.65
2025-07-11T17:50:00.000000Z,695.2,695.62,694.77,695.14,1642.63
2025-07-11T17:55:00.000000Z,695.13,696.04,694.91,695.99,1280.91
2025-07-11T18:00:00.000000Z,695.99,696.91,695.52,695.75,4835.59
2025-07-11T18:05:00.000000Z,695.75,696.34,695.7,695.97,1533.82
2025-07-11T18:10:00.000000Z,695.97,696.66,695.76,696.57,1262.52
2025-07-11T18:15:00.000000Z,696.57,696.9,695.62,695.62,1573.6
2025-07-11T18:20:00.000000Z,695.62,696.6,694.99,696.5,2362.21
2025-07-11T18:25:00.000000Z,696.5,696.79,695.6,695.6,1034.32
2025-07-11T18:30:00.000000Z,695.6,697.24,695.55,697.1,2748.0
2025-07-11T18:35:00.000000Z,697.1,697.11,696.26,696.5,839.97
2025-07-11T18:40:00.000000Z,696.51,697.11,696.34,697.1,1450.76
2025-07-11T18:45:00.000000Z,697.11,697.78,696.5,696.55,2231.21
2025-07-11T18:50:00.000000Z,696.55,696.96,696.0,696.72,931.04
2025-07-11T18:55:00.000000Z,696.71,696.84,696.07,696.28,824.69
2025-07-11T19:00:00.000000Z,696.28,696.38,694.44,694.69,2382.69
2025-07-11T19:05:00.000000Z,694.69,694.76,693.04,694.55,4341.17
2025-07-11T19:10:00.000000Z,694.56,694.56,693.83,694.36,920.99
2025-07-11T19:15:00.000000Z,694.37,695.4,694.28,694.69,2023.21
2025-07-11T19:20:00.000000Z,694.69,695.29,694.68,695.15,843.65
2025-07-11T19:25:00.000000Z,695.15,695.52,694.41,694.41,1775.32
2025-07-11T19:30:00.000000Z,694.42,695.34,693.91,695.06,925.99
2025-07-11T19:35:00.000000Z,695.05,695.12,694.28,694.28,673.62
2025-07-11T19:40:00.000000Z,694.29,694.46,693.9,694.05,878.75
2025-07-11T19:45:00.000000Z,694.05,694.32,693.06,693.69,3074.96
2025-07-11T19:50:00.000000Z,693.7,694.61,693.63,694.28,1125.11
2025-07-11T19:55:00.000000Z,694.29,694.4,693.85,694.26,854.91
2025-07-11T20:00:00.000000Z,694.26,694.31,693.45,693.45,1697.35
2025-07-11T20:05:00.000000Z,693.45,694.06,693.4,693.98,1324.41
2025-07-11T20:10:00.000000Z,693.98,694.3,693.59,693.9,515.96
2025-07-11T20:15:00.000000Z,693.9,694.5,693.62,693.95,858.83
2025-07-11T20:20:00.000000Z,693.95,694.13,693.62,693.8,718.27
2025-07-11T20:25:00.000000Z,693.8,694.14,693.59,694.04,451.7
2025-07-11T20:30:00.000000Z,694.04,694.1,692.62,692.9,2458.06
2025-07-11T20:35:00.000000Z,692.89,693.72,692.89,693.52,883.32
2025-07-11T20:40:00.000000Z,693.51,693.68,692.75,692.94,690.64
2025-07-11T20:45:00.000000Z,692.94,693.4,692.01,692.48,2042.94
2025-07-11T20:50:00.000000Z,692.48,693.25,692.35,692.35,696.74
2025-07-11T20:55:00.000000Z,692.35,692.42,691.15,691.6,2162.7
2025-07-11T21:00:00.000000Z,691.6,692.16,691.14,692.04,1941.72
2025-07-11T21:05:00.000000Z,692.05,692.58,690.8,690.84,1355.52
2025-07-11T21:10:00.000000Z,690.84,691.05,689.58,690.34,5123.96
2025-07-11T21:15:00.000000Z,690.33,690.93,689.83,690.27,1528.95
2025-07-11T21:20:00.000000Z,690.27,691.7,690.27,691.3,1091.04
2025-07-11T21:25:00.000000Z,691.29,691.83,691.29,691.83,443.76
2025-07-11T21:30:00.000000Z,691.83,691.83,690.92,691.08,582.67
2025-07-11T21:35:00.000000Z,691.07,691.23,688.75,688.75,2709.55
2025-07-11T21:40:00.000000Z,688.75,689.37,687.02,687.32,4899.64
2025-07-11T21:45:00.000000Z,687.31,689.24,687.09,689.24,1203.92
2025-07-11T21:50:00.000000Z,689.23,689.24,687.24,687.26,1627.72
2025-07-11T21:55:00.000000Z,687.34,689.21,687.34,689.02,1605.65
2025-07-11T22:00:00.000000Z,689.03,689.87,689.02,689.42,1411.37
2025-07-11T22:05:00.000000Z,689.42,689.43,688.0,688.27,999.78
2025-07-11T22:10:00.000000Z,688.27,688.28,687.04,687.14,1112.94
2025-07-11T22:15:00.000000Z,687.13,687.46,685.5,686.17,5169.27
2025-07-11T22:20:00.000000Z,686.18,686.4,684.42,684.78,5491.73
2025-07-11T22:25:00.000000Z,684.78,684.85,683.01,684.27,7869.03
2025-07-11T22:30:00.000000Z,684.27,686.44,683.6,686.33,5608.79
2025-07-11T22:35:00.000000Z,686.32,686.61,684.32,684.36,2939.2
2025-07-11T22:40:00.000000Z,684.36,686.72,683.98,684.81,3843.91
2025-07-11T22:45:00.000000Z,684.82,685.85,684.5,685.41,1272.93
2025-07-11T22:50:00.000000Z,685.4,686.53,685.09,685.91,1238.94
2025-07-11T22:55:00.000000Z,685.9,686.71,685.8,686.48,1002.19
2025-07-11T23:00:00.000000Z,686.49,687.6,686.34,687.52,1320.39
2025-07-11T23:05:00.000000Z,687.48,688.44,687.44,688.41,1005.33
2025-07-11T23:10:00.000000Z,688.41,689.04,688.35,689.04,890.54
2025-07-11T23:15:00.000000Z,689.04,689.16,688.43,689.1,1452.11
2025-07-11T23:20:00.000000Z,689.09,689.92,688.79,689.91,1164.7
2025-07-11T23:25:00.000000Z,689.91,690.15,689.68,689.92,957.88
2025-07-11T23:30:00.000000Z,689.92,690.08,689.15,689.44,2007.83
2025-07-11T23:35:00.000000Z,689.44,690.24,689.43,689.83,609.4
2025-07-11T23:40:00.000000Z,689.83,690.18,689.72,690.0,838.45
2025-07-11T23:45:00.000000Z,690.0,690.34,689.41,690.09,853.5
2025-07-11T23:50:00.000000Z,690.09,690.4,689.8,690.18,737.1
2025-07-11T23:55:00.000000Z,690.18,690.4,690.02,690.4,506.87
2025-07-12T00:00:00.000000Z,690.4,690.75,690.1,690.49,2267.28
2025-07-12T00:05:00.000000Z,690.48,690.58,689.7,690.27,1888.18
2025-07-12T00:10:00.000000Z,690.24,691.95,690.23,691.9,2360.84
2025-07-12T00:15:00.000000Z,691.89,691.9,689.91,690.48,4820.62
2025-07-12T00:20:00.000000Z,690.49,691.32,689.78,690.07,1182.05
2025-07-12T00:25:00.000000Z,690.07,691.12,689.61,690.9,1642.86
2025-07-12T00:30:00.000000Z,690.9,691.33,690.1,690.34,1574.08
2025-07-12T00:35:00.000000Z,690.33,690.33,688.29,688.62,4699.4
2025-07-12T00:40:00.000000Z,688.61,689.8,688.46,689.04,1947.65
2025-07-12T00:45:00.000000Z,689.04,691.06,688.96,690.8,1508.06
2025-07-12T00:50:00.000000Z,690.81,691.81,690.4,691.74,1075.13
2025-07-12T00:55:00.000000Z,691.73,692.5,691.42,692.09,1886.74
2025-07-12T01:00:00.000000Z,692.09,693.07,692.09,693.01,1896.98
2025-07-12T01:05:00.000000Z,693.0,693.8,692.93,693.77,1974.06
2025-07-12T01:10:00.000000Z,693.76,694.37,693.45,694.36,1788.32
2025-07-12T01:15:00.000000Z,694.36,695.18,694.18,695.07,2505.62
2025-07-12T01:20:00.000000Z,695.07,695.28,694.67,694.85,1620.74
2025-07-12T01:25:00.000000Z,694.85,694.96,694.61,694.96,1172.77
2025-07-12T01:30:00.000000Z,694.96,695.0,694.52,694.53,822.66
2025-07-12T01:35:00.000000Z,694.53,695.0,694.32,694.49,1198.42
2025-07-12T01:40:00.000000Z,694.48,694.98,694.42,694.97,571.96
2025-07-12T01:45:00.000000Z,694.97,694.99,694.68,694.89,453.35
2025-07-12T01:50:00.000000Z,694.89,695.0,694.59,694.74,535.48
2025-07-12T01:55:00.000000Z,694.74,694.78,694.04,694.19,1313.19
2025-07-12T02:00:00.000000Z,694.19,694.87,694.08,694.54,1188.4
2025-07-12T02:05:00.000000Z,694.53,695.1,694.47,694.75,1204.83
2025-07-12T02:10:00.000000Z,694.76,694.97,694.52,694.9,443.23
2025-07-12T02:15:00.000000Z,694.9,695.14,694.87,695.04,664.8
2025-07-12T02:20:00.000000Z,695.04,695.14,694.96,694.99,368.96
2025-07-12T02:25:00.000000Z,694.99,695.09,694.76,695.04,728.25
2025-07-12T02:30:00.000000Z,695.04,695.04,694.76,694.77,438.03
2025-07-12T02:35:00.000000Z,694.77,695.1,694.64,694.92,542.94
2025-07-12T02:40:00.000000Z,694.93,695.04,694.63,694.81,531.7
2025-07-12T02:45:00.000000Z,694.81,694.81,693.43,693.58,1483.22
2025-07-12T02:50:00.000000Z,693.58,693.96,693.17,693.18,722.55
2025-07-12T02:55:00.000000Z,693.17,693.53,692.92,693.27,1233.1
2025-07-12T03:00:00.000000Z,693.27,694.45,693.24,694.45,812.33
2025-07-12T03:05:00.000000Z,694.44,694.76,694.39,694.46,572.96
2025-07-12T03:10:00.000000Z,694.46,694.46,694.1,694.38,512.56
2025-07-12T03:15:00.000000Z,694.39,694.58,694.28,694.46,462.41
2025-07-12T03:20:00.000000Z,694.45,694.7,694.36,694.69,295.73
2025-07-12T03:25:00.000000Z,694.7,694.96,694.61,694.84,705.44
2025-07-12T03:30:00.000000Z,694.84,695.34,694.5,695.33,1168.0
2025-07-12T03:35:00.000000Z,695.34,695.35,694.8,694.98,1212.72
2025-07-12T03:40:00.000000Z,694.99,695.36,694.93,694.97,494.12
2025-07-12T03:45:00.000000Z,694.98,695.18,694.32,695.0,2331.92
2025-07-12T03:50:00.000000Z,695.0,695.46,694.99,695.19,767.11
2025-07-12T03:55:00.000000Z,695.19,695.72,695.11,695.63,788.85
2025-07-12T04:00:00.000000Z,695.64,696.71,695.63,696.66,3188.24
2025-07-12T04:05:00.000000Z,696.67,697.12,696.67,696.94,2800.72
2025-07-12T04:10:00.000000Z,696.94,697.38,696.94,697.05,1356.72
2025-07-12T04:15:00.000000Z,697.06,697.06,695.25,695.73,1727.66
2025-07-12T04:20:00.000000Z,695.74,695.78,694.51,694.82,1284.78
2025-07-12T04:25:00.000000Z,694.83,695.23,694.43,695.04,1621.31
2025-07-12T04:30:00.000000Z,695.03,695.03,694.15,694.23,876.43
2025-07-12T04:35:00.000000Z,694.23,694.43,693.4,693.41,2033.53
2025-07-12T04:40:00.000000Z,693.41,693.6,693.01,693.26,992.4
2025-07-12T04:45:00.000000Z,693.26,693.41,692.57,692.69,1631.05
2025-07-12T04:50:00.000000Z,692.69,693.79,691.73,693.21,2703.23
2025-07-12T04:55:00.000000Z,693.21,693.21,691.93,692.41,1397.98
2025-07-12T05:00:00.000000Z,692.41,692.63,691.42,691.56,1731.43
2025-07-12T05:05:00.000000Z,691.56,691.56,690.52,690.53,1954.28
2025-07-12T05:10:00.000000Z,690.53,691.4,690.52,690.86,1406.56
2025-07-12T05:15:00.000000Z,690.87,692.01,690.66,691.74,1194.54
2025-07-12T05:20:00.000000Z,691.73,692.45,691.68,692.07,1027.45
2025-07-12T05:25:00.000000Z,692.07,692.39,692.01,692.17,546.71
2025-07-12T05:30:00.000000Z,692.16,692.63,691.72,692.15,879.2
2025-07-12T05:35:00.000000Z,692.16,692.29,691.86,692.11,558.93
2025-07-12T05:40:00.000000Z,692.1,692.1,691.25,691.68,455.38
2025-07-12T05:45:00.000000Z,691.68,692.64,691.67,692.24,647.72
2025-07-12T05:50:00.000000Z,692.25,693.0,692.25,692.81,803.06
2025-07-12T05:55:00.000000Z,692.8,692.95,692.36,692.64,565.17
2025-07-12T06:00:00.000000Z,692.64,693.19,692.2,692.86,1233.09
2025-07-12T06:05:00.000000Z,692.86,693.05,692.48,692.5,1118.57
2025-07-12T06:10:00.000000Z,692.5,692.74,691.48,691.8,750.13
2025-07-12T06:15:00.000000Z,691.79,692.9,691.56,692.85,537.18
2025-07-12T06:20:00.000000Z,692.85,693.26,692.76,693.07,425.35
2025-07-12T06:25:00.000000Z,693.07,693.35,692.78,693.06,678.76
2025-07-12T06:30:00.000000Z,693.06,694.08,692.77,694.08,896.6
2025-07-12T06:35:00.000000Z,694.08,694.55,694.08,694.42,1125.73
2025-07-12T06:40:00.000000Z,694.43,694.97,694.42,694.88,969.89
2025-07-12T06:45:00.000000Z,694.88,695.23,694.49,694.87,1192.32
2025-07-12T06:50:00.000000Z,694.88,694.92,694.41,694.52,963.01
2025-07-12T06:55:00.000000Z,694.54,694.57,694.1,694.22,1067.29
2025-07-12T07:00:00.000000Z,694.23,694.93,694.17,694.18,1520.95
2025-07-12T07:05:00.000000Z,694.18,694.4,693.88,694.3,977.86
2025-07-12T07:10:00.000000Z,694.3,694.87,694.02,694.63,1462.05
2025-07-12T07:15:00.000000Z,694.63,694.87,693.77,693.77,1233.9
2025-07-12T07:20:00.000000Z,693.77,694.15,692.23,693.31,4638.71
2025-07-12T07:25:00.000000Z,693.31,693.6,693.09,693.38,671.7
2025-07-12T07:30:00.000000Z,693.38,693.42,692.25,692.38,883.86
2025-07-12T07:35:00.000000Z,692.38,692.44,691.6,692.12,1192.05
2025-07-12T07:40:00.000000Z,692.12,693.4,692.11,693.36,2162.53
2025-07-12T07:45:00.000000Z,693.36,693.46,692.77,693.13,1298.89
2025-07-12T07:50:00.000000Z,693.13,694.02,692.85,693.89,1457.97
2025-07-12T07:55:00.000000Z,693.89,694.96,693.77,694.71,1703.42
2025-07-12T08:00:00.000000Z,694.7,695.0,694.68,694.85,1295.35
2025-07-12T08:05:00.000000Z,694.85,694.89,694.77,694.77,558.45
2025-07-12T08:10:00.000000Z,694.77,694.78,694.39,694.48,698.8
2025-07-12T08:15:00.000000Z,694.47,694.48,693.66,693.78,1448.09
2025-07-12T08:20:00.000000Z,693.78,693.97,693.44,693.86,569.52
2025-07-12T08:25:00.000000Z,693.85,693.86,693.42,693.66,663.36
2025-07-12T08:30:00.000000Z,693.66,693.66,693.27,693.34,815.99
2025-07-12T08:35:00.000000Z,693.34,693.51,693.1,693.1,469.71
2025-07-12T08:40:00.000000Z,693.1,693.45,693.04,693.44,478.21
2025-07-12T08:45:00.000000Z,693.44,693.45,692.39,692.46,2108.98
2025-07-12T08:50:00.000000Z,692.46,693.14,691.64,693.01,3887.11
2025-07-12T08:55:00.000000Z,693.01,693.09,691.46,692.33,2365.48
2025-07-12T09:00:00.000000Z,692.33,692.64,691.89,692.47,1359.32
2025-07-12T09:05:00.000000Z,692.48,692.82,691.88,692.24,1067.01
2025-07-12T09:10:00.000000Z,692.23,692.64,692.23,692.29,445.82
2025-07-12T09:15:00.000000Z,692.29,692.98,692.29,692.81,863.25
2025-07-12T09:20:00.000000Z,692.82,692.82,692.44,692.64,538.72
2025-07-12T09:25:00.000000Z,692.64,692.72,692.41,692.53,571.75
2025-07-12T09:30:00.000000Z,692.56,692.9,692.52,692.87,766.83
2025-07-12T09:35:00.000000Z,692.86,693.16,692.74,692.83,807.06
2025-07-12T09:40:00.000000Z,692.84,693.66,692.83,693.48,1187.47
2025-07-12T09:45:00.000000Z,693.48,693.83,693.46,693.48,962.91
2025-07-12T09:50:00.000000Z,693.49,693.8,693.36,693.72,441.64
2025-07-12T09:55:00.000000Z,693.72,694.37,693.57,694.23,1446.55
2025-07-12T10:00:00.000000Z,694.23,694.26,693.52,694.15,3016.83
2025-07-12T10:05:00.000000Z,694.15,694.28,693.92,694.12,1178.88
2025-07-12T10:10:00.000000Z,694.12,694.5,693.8,694.28,841.21
2025-07-12T10:15:00.000000Z,694.27,694.5,694.02,694.17,597.71
2025-07-12T10:20:00.000000Z,694.5,694.5,693.72,693.72,761.78
2025-07-12T10:25:00.000000Z,693.73,694.12,693.73,693.93,175.18
2025-07-12T10:30:00.000000Z,693.63,694.16,693.49,693.83,537.28
2025-07-12T10:35:00.000000Z,693.83,693.85,693.75,693.84,132.92
2025-07-12T10:40:00.000000Z,694.15,694.28,694.0,694.2,455.09
2025-07-12T10:45:00.000000Z,694.12,694.12,693.7,693.7,215.74
2025-07-12T10:50:00.000000Z,693.93,694.07,693.56,694.06,621.82
2025-07-12T10:55:00.000000Z,694.07,694.33,694.06,694.18,599.88
2025-07-12T11:00:00.000000Z,694.18,694.37,693.54,693.69,966.93
2025-07-12T11:05:00.000000Z,693.68,693.78,693.19,693.4,448.9
2025-07-12T11:10:00.000000Z,693.39,693.56,692.44,692.59,1425.55
2025-07-12T11:15:00.000000Z,692.6,692.74,692.37,692.43,651.72
2025-07-12T11:20:00.000000Z,692.43,692.81,692.24,692.64,734.49
2025-07-12T11:25:00.000000Z,692.74,692.74,692.36,692.36,480.36
2025-07-12T11:30:00.000000Z,692.25,692.31,691.86,692.01,1018.48
2025-07-12T11:35:00.000000Z,692.02,692.24,691.92,691.93,336.81
2025-07-12T11:40:00.000000Z,692.72,693.15,691.96,692.01,1384.91
2025-07-12T11:45:00.000000Z,692.02,692.5,691.88,692.33,747.19
2025-07-12T11:50:00.000000Z,692.33,692.86,692.22,692.64,622.47
2025-07-12T11:55:00.000000Z,692.64,692.69,691.91,692.19,698.51
2025-07-12T12:00:00.000000Z,692.19,692.4,691.96,692.1,1424.73
2025-07-12T12:05:00.000000Z,692.09,692.1,690.8,691.25,2339.22
2025-07-12T12:10:00.000000Z,691.25,691.37,690.71,690.9,920.92
2025-07-12T12:15:00.000000Z,690.9,690.9,689.11,689.36,4131.48
2025-07-12T12:20:00.000000Z,689.36,689.58,688.6,688.6,2559.68
2025-07-12T12:25:00.000000Z,688.6,689.81,688.58,688.75,1824.86
2025-07-12T12:30:00.000000Z,688.74,689.67,688.72,688.77,1349.15
2025-07-12T12:35:00.000000Z,688.76,688.88,687.71,687.77,2828.46
2025-07-12T12:40:00.000000Z,687.77,688.14,687.2,687.47,2622.28
2025-07-12T12:45:00.000000Z,687.43,687.54,685.31,686.24,5467.95
2025-07-12T12:50:00.000000Z,686.24,687.35,685.78,687.16,5335.46
2025-07-12T12:55:00.000000Z,687.16,688.37,686.95,688.36,2488.92
2025-07-12T13:00:00.000000Z,688.37,688.49,687.41,687.62,2903.3
2025-07-12T13:05:00.000000Z,687.62,688.3,687.21,687.4,2237.1
2025-07-12T13:10:00.000000Z,687.41,687.56,686.66,687.45,2818.53
2025-07-12T13:15:00.000000Z,687.44,687.44,685.8,685.88,1461.27
2025-07-12T13:20:00.000000Z,685.86,686.48,685.5,686.06,2342.3
2025-07-12T13:25:00.000000Z,686.06,686.25,685.49,685.67,2878.46
2025-07-12T13:30:00.000000Z,685.67,687.33,685.67,686.74,2757.39
2025-07-12T13:35:00.000000Z,686.74,686.83,685.52,686.48,1494.91
2025-07-12T13:40:00.000000Z,686.48,686.48,684.0,685.26,3995.44
2025-07-12T13:45:00.000000Z,685.26,686.14,684.86,685.8,2264.41
2025-07-12T13:50:00.000000Z,685.8,686.52,685.77,686.29,1506.29
2025-07-12T13:55:00.000000Z,686.29,687.41,686.29,687.41,1094.38
2025-07-12T14:00:00.000000Z,687.41,687.42,686.28,686.34,1650.81
2025-07-12T14:05:00.000000Z,686.34,687.16,685.9,687.12,1455.31
2025-07-12T14:10:00.000000Z,687.11,688.01,687.11,687.79,2566.34
2025-07-12T14:15:00.000000Z,687.8,687.8,687.1,687.62,818.38
2025-07-12T14:20:00.000000Z,687.61,687.74,687.12,687.12,1403.62
2025-07-12T14:25:00.000000Z,687.11,687.45,686.92,687.44,659.61
2025-07-12T14:30:00.000000Z,687.44,687.44,686.79,686.79,456.44
2025-07-12T14:35:00.000000Z,686.79,687.03,686.02,686.17,2038.56
2025-07-12T14:40:00.000000Z,686.17,686.78,685.77,686.47,709.15
2025-07-12T14:45:00.000000Z,686.47,686.64,686.2,686.25,525.03
2025-07-12T14:50:00.000000Z,686.26,686.52,685.5,685.67,1258.78
2025-07-12T14:55:00.000000Z,685.67,686.24,685.44,685.49,891.55
2025-07-12T15:00:00.000000Z,685.49,685.74,684.02,684.5,2518.51
2025-07-12T15:05:00.000000Z,684.5,684.74,683.21,684.07,2931.05
2025-07-12T15:10:00.000000Z,684.06,684.15,682.24,682.91,6278.97
2025-07-12T15:15:00.000000Z,682.91,684.64,682.01,684.3,3195.38
2025-07-12T15:20:00.000000Z,684.31,684.5,683.28,683.3,1400.52
2025-07-12T15:25:00.000000Z,683.3,683.35,681.51,682.2,4809.42
2025-07-12T15:30:00.000000Z,682.21,683.14,681.09,681.61,3149.75
2025-07-12T15:35:00.000000Z,681.61,681.84,680.78,681.0,3500.75
2025-07-12T15:40:00.000000Z,681.0,681.51,680.6,680.92,3851.22
2025-07-12T15:45:00.000000Z,680.92,682.48,680.71,681.57,2200.31
2025-07-12T15:50:00.000000Z,681.57,682.34,679.47,680.02,10753.35
2025-07-12T15:55:00.000000Z,680.03,681.63,680.03,681.29,2179.75
2025-07-12T16:00:00.000000Z,681.3,682.17,680.04,681.73,2833.71
2025-07-12T16:05:00.000000Z,681.74,683.43,681.56,683.26,2741.36
2025-07-12T16:10:00.000000Z,683.27,683.79,683.03,683.52,1729.97
2025-07-12T16:15:00.000000Z,683.53,684.5,683.4,684.4,2667.09
2025-07-12T16:20:00.000000Z,684.39,684.74,683.94,684.14,1166.44
2025-07-12T16:25:00.000000Z,684.14,684.43,683.52,684.43,847.32
2025-07-12T16:30:00.000000Z,684.43,684.67,684.14,684.3,567.09
2025-07-12T16:35:00.000000Z,684.3,684.64,684.24,684.53,985.93
2025-07-12T16:40:00.000000Z,684.54,685.22,684.48,684.75,1644.72
2025-07-12T16:45:00.000000Z,684.74,685.32,684.74,685.07,1044.5
2025-07-12T16:50:00.000000Z,685.07,685.08,683.96,684.2,4172.15
2025-07-12T16:55:00.000000Z,684.2,684.44,683.96,684.13,800.94
2025-07-12T17:00:00.000000Z,684.12,685.57,683.99,684.92,4010.63
2025-07-12T17:05:00.000000Z,684.91,685.81,684.9,685.68,1090.38
2025-07-12T17:10:00.000000Z,685.68,685.88,685.56,685.59,671.5
2025-07-12T17:15:00.000000Z,685.6,686.2,685.59,686.1,1469.01
2025-07-12T17:20:00.000000Z,686.1,686.33,686.08,686.27,633.5
2025-07-12T17:25:00.000000Z,686.27,686.27,685.65,686.14,1128.8
2025-07-12T17:30:00.000000Z,686.13,686.14,685.67,685.98,683.47
2025-07-12T17:35:00.000000Z,685.98,686.16,685.65,686.16,483.5
2025-07-12T17:40:00.000000Z,686.16,686.39,685.96,686.05,604.83
2025-07-12T17:45:00.000000Z,686.04,686.28,685.95,686.22,506.31
2025-07-12T17:50:00.000000Z,686.21,686.28,686.04,686.23,312.72
2025-07-12T17:55:00.000000Z,686.23,686.78,686.23,686.57,446.41
2025-07-12T18:00:00.000000Z,686.56,686.72,686.14,686.28,952.58
2025-07-12T18:05:00.000000Z,686.28,686.48,686.19,686.2,530.5
2025-07-12T18:10:00.000000Z,686.2,686.28,685.66,685.74,679.66
2025-07-12T18:15:00.000000Z,685.73,685.74,685.06,685.37,771.72
2025-07-12T18:20:00.000000Z,685.38,685.38,684.82,685.12,524.56
2025-07-12T18:25:00.000000Z,685.11,685.46,685.08,685.46,209.66
2025-07-12T18:30:00.000000Z,685.46,686.65,685.38,686.28,1574.42
2025-07-12T18:35:00.000000Z,686.27,686.58,686.27,686.27,488.35
2025-07-12T18:40:00.000000Z,686.26,686.41,686.04,686.13,571.88
2025-07-12T18:45:00.000000Z,686.13,686.44,686.0,686.4,508.85
2025-07-12T18:50:00.000000Z,686.4,686.4,685.57,685.78,368.51
2025-07-12T18:55:00.000000Z,685.78,686.33,685.73,686.23,305.04
2025-07-12T19:00:00.000000Z,686.24,686.3,685.47,685.7,717.67
2025-07-12T19:05:00.000000Z,685.69,685.7,685.43,685.43,450.57
2025-07-12T19:10:00.000000Z,685.42,685.42,684.66,684.89,1229.76
2025-07-12T19:15:00.000000Z,684.9,684.98,684.56,684.97,544.3
2025-07-12T19:20:00.000000Z,684.98,685.12,684.11,684.11,358.04
2025-07-12T19:25:00.000000Z,684.11,684.62,684.06,684.17,311.74
2025-07-12T19:30:00.000000Z,684.17,684.77,684.16,684.77,286.72
2025-07-12T19:35:00.000000Z,684.77,685.04,684.58,684.93,415.87
2025-07-12T19:40:00.000000Z,684.91,684.91,684.62,684.72,449.83
2025-07-12T19:45:00.000000Z,684.73,684.86,684.62,684.72,272.8
2025-07-12T19:50:00.000000Z,684.72,684.72,684.43,684.49,172.97
2025-07-12T19:55:00.000000Z,684.49,684.83,684.44,684.83,231.91
2025-07-12T20:00:00.000000Z,684.82,684.9,684.58,684.58,414.39
2025-07-12T20:05:00.000000Z,684.58,684.58,683.82,683.82,839.95
2025-07-12T20:10:00.000000Z,683.82,683.89,683.53,683.59,831.01
2025-07-12T20:15:00.000000Z,683.58,683.94,683.58,683.63,580.13
2025-07-12T20:20:00.000000Z,683.64,683.66,683.1,683.61,1536.48
2025-07-12T20:25:00.000000Z,683.62,683.76,683.39,683.4,236.2
2025-07-12T20:30:00.000000Z,683.39,683.52,682.92,682.95,572.94
2025-07-12T20:35:00.000000Z,682.96,683.13,682.75,682.75,442.86
2025-07-12T20:40:00.000000Z,682.75,682.89,682.37,682.62,1062.07
2025-07-12T20:45:00.000000Z,682.62,682.62,682.18,682.27,553.59
2025-07-12T20:50:00.000000Z,682.27,682.27,681.59,681.63,673.07
2025-07-12T20:55:00.000000Z,681.63,681.64,680.92,680.93,1609.53
2025-07-12T21:00:00.000000Z,680.93,681.77,680.4,681.4,2723.09
2025-07-12T21:05:00.000000Z,681.39,682.04,681.34,681.63,610.16
2025-07-12T21:10:00.000000Z,681.64,681.79,680.68,680.96,1133.02
2025-07-12T21:15:00.000000Z,680.95,682.04,680.95,681.78,913.14
2025-07-12T21:20:00.000000Z,681.79,682.5,681.78,682.12,399.52
2025-07-12T21:25:00.000000Z,682.12,682.94,682.12,682.9,475.61
2025-07-12T21:30:00.000000Z,682.91,683.06,682.41,683.03,553.52
2025-07-12T21:35:00.000000Z,683.02,683.62,682.92,683.5,436.2
2025-07-12T21:40:00.000000Z,683.51,684.11,683.44,683.99,576.53
2025-07-12T21:45:00.000000Z,684.0,684.13,683.51,683.51,483.12
2025-07-12T21:50:00.000000Z,683.52,683.81,683.5,683.81,199.97
2025-07-12T21:55:00.000000Z,683.81,684.25,683.74,684.24,484.13
2025-07-12T22:00:00.000000Z,684.25,684.4,683.57,683.73,1645.71
2025-07-12T22:05:00.000000Z,683.73,683.99,683.5,683.91,606.96
2025-07-12T22:10:00.000000Z,683.92,684.09,683.58,684.08,774.08
2025-07-12T22:15:00.000000Z,684.09,684.09,682.36,683.05,713.38
2025-07-12T22:20:00.000000Z,683.06,683.9,682.92,683.84,359.7
2025-07-12T22:25:00.000000Z,683.83,684.65,683.72,684.65,523.34
2025-07-12T22:30:00.000000Z,684.65,685.03,684.41,684.77,558.95
2025-07-12T22:35:00.000000Z,684.77,684.98,684.6,684.68,159.71
2025-07-12T22:40:00.000000Z,684.68,684.96,684.6,684.95,197.7
2025-07-12T22:45:00.000000Z,684.96,684.96,684.2,684.35,510.46
2025-07-12T22:50:00.000000Z,684.35,684.95,684.35,684.76,185.65
2025-07-12T22:55:00.000000Z,684.77,685.17,684.77,685.16,283.45
2025-07-12T23:00:00.000000Z,685.16,685.5,684.7,684.71,733.23
2025-07-12T23:05:00.000000Z,684.71,685.13,684.54,684.82,484.23
2025-07-12T23:10:00.000000Z,684.82,684.94,684.7,684.93,256.27
2025-07-12T23:15:00.000000Z,684.93,685.6,684.93,685.36,434.9
2025-07-12T23:20:00.000000Z,685.37,685.68,685.36,685.58,283.18
2025-07-12T23:25:00.000000Z,685.58,685.66,685.13,685.55,944.58
2025-07-12T23:30:00.000000Z,685.54,685.87,685.37,685.75,484.11
2025-07-12T23:35:00.000000Z,685.75,685.81,685.44,685.49,193.87
2025-07-12T23:40:00.000000Z,685.48,685.49,685.21,685.39,318.11
2025-07-12T23:45:00.000000Z,685.4,686.4,685.32,686.4,934.07
2025-07-12T23:50:00.000000Z,686.4,686.52,685.62,685.83,658.56
2025-07-12T23:55:00.000000Z,685.83,686.1,685.71,686.1,612.71
2025-07-13T00:00:00.000000Z,686.1,686.45,685.76,685.8,1346.7
2025-07-13T00:05:00.000000Z,685.8,685.98,685.3,685.63,762.41
2025-07-13T00:10:00.000000Z,685.63,686.0,685.44,685.92,448.78
2025-07-13T00:15:00.000000Z,685.92,686.13,685.69,686.07,360.22
2025-07-13T00:20:00.000000Z,686.06,686.92,686.06,686.52,644.29
2025-07-13T00:25:00.000000Z,686.53,686.99,686.52,686.67,514.13
2025-07-13T00:30:00.000000Z,686.68,686.72,686.44,686.54,370.74
2025-07-13T00:35:00.000000Z,686.53,686.84,686.14,686.84,349.16
2025-07-13T00:40:00.000000Z,686.84,687.58,686.84,687.58,1463.21
2025-07-13T00:45:00.000000Z,687.58,687.58,686.92,687.32,433.91
2025-07-13T00:50:00.000000Z,687.32,687.61,687.14,687.33,426.14
2025-07-13T00:55:00.000000Z,687.33,687.4,686.87,687.27,414.59
2025-07-13T01:00:00.000000Z,687.28,687.54,687.05,687.46,497.03
2025-07-13T01:05:00.000000Z,687.46,687.68,687.32,687.33,457.08
2025-07-13T01:10:00.000000Z,687.33,687.63,687.18,687.24,274.83
2025-07-13T01:15:00.000000Z,687.25,687.42,686.8,686.94,620.12
2025-07-13T01:20:00.000000Z,686.93,687.32,686.78,686.89,506.64
2025-07-13T01:25:00.000000Z,686.89,687.08,686.67,686.84,275.13
2025-07-13T01:30:00.000000Z,686.83,686.94,686.41,686.49,374.22
2025-07-13T01:35:00.000000Z,686.49,687.1,686.49,687.1,315.96
2025-07-13T01:40:00.000000Z,687.1,687.21,686.91,687.2,395.7
2025-07-13T01:45:00.000000Z,687.19,687.72,686.99,687.7,640.88
2025-07-13T01:50:00.000000Z,687.7,687.86,687.42,687.66,556.35
2025-07-13T01:55:00.000000Z,687.65,687.72,687.44,687.61,489.44
2025-07-13T02:00:00.000000Z,687.6,687.61,687.22,687.29,567.06
2025-07-13T02:05:00.000000Z,687.28,687.46,687.14,687.32,408.34
2025-07-13T02:10:00.000000Z,687.33,687.33,687.08,687.09,273.18
2025-07-13T02:15:00.000000Z,687.09,687.09,686.09,686.25,692.37
2025-07-13T02:20:00.000000Z,686.26,686.36,685.88,686.13,409.27
2025-07-13T02:25:00.000000Z,686.13,686.28,685.95,686.28,359.7
2025-07-13T02:30:00.000000Z,686.28,686.58,686.0,686.41,400.08
2025-07-13T02:35:00.000000Z,686.4,686.75,686.15,686.43,275.03
2025-07-13T02:40:00.000000Z,686.44,687.03,686.44,687.03,670.7
2025-07-13T02:45:00.000000Z,687.03,687.41,687.0,687.08,669.11
2025-07-13T02:50:00.000000Z,687.09,687.58,687.0,687.53,668.42
2025-07-13T02:55:00.000000Z,687.53,688.06,687.52,687.82,1526.41
2025-07-13T03:00:00.000000Z,687.81,687.94,687.63,687.88,902.49
2025-07-13T03:05:00.000000Z,687.89,687.94,687.43,687.5,992.45
2025-07-13T03:10:00.000000Z,687.49,687.5,687.21,687.22,275.71
2025-07-13T03:15:00.000000Z,687.22,687.67,687.21,687.67,631.9
2025-07-13T03:20:00.000000Z,687.67,687.98,687.54,687.55,554.68
2025-07-13T03:25:00.000000Z,687.55,687.65,687.4,687.41,388.21
2025-07-13T03:30:00.000000Z,687.41,687.41,687.31,687.32,348.01
2025-07-13T03:35:00.000000Z,687.33,687.38,686.7,686.7,720.4
2025-07-13T03:40:00.000000Z,686.71,687.07,686.71,686.93,469.91
2025-07-13T03:45:00.000000Z,686.93,687.0,686.68,686.87,428.4
2025-07-13T03:50:00.000000Z,686.88,687.2,686.87,687.17,499.44
2025-07-13T03:55:00.000000Z,687.17,687.24,687.07,687.08,259.3
2025-07-13T04:00:00.000000Z,687.08,687.26,686.99,687.21,548.6
2025-07-13T04:05:00.000000Z,687.21,687.65,687.21,687.61,586.0
2025-07-13T04:10:00.000000Z,687.61,687.83,687.54,687.59,695.67
2025-07-13T04:15:00.000000Z,687.58,687.6,687.28,687.59,1298.36
2025-07-13T04:20:00.000000Z,687.6,687.94,687.48,687.48,679.06
2025-07-13T04:25:00.000000Z,687.47,687.61,687.38,687.38,373.68
2025-07-13T04:30:00.000000Z,687.38,687.5,687.2,687.49,738.64
2025-07-13T04:35:00.000000Z,687.5,687.51,687.32,687.36,217.81
2025-07-13T04:40:00.000000Z,687.36,687.48,687.2,687.39,341.51
2025-07-13T04:45:00.000000Z,687.4,687.84,687.39,687.8,379.43
2025-07-13T04:50:00.000000Z,687.79,687.89,687.7,687.89,557.23
2025-07-13T04:55:00.000000Z,687.89,687.92,687.78,687.88,235.38
2025-07-13T05:00:00.000000Z,687.88,687.98,687.64,687.97,727.98
2025-07-13T05:05:00.000000Z,687.97,688.59,687.92,688.49,2051.55
2025-07-13T05:10:00.000000Z,688.49,688.49,688.2,688.28,507.44
2025-07-13T05:15:00.000000Z,688.27,688.36,688.0,688.06,399.99
2025-07-13T05:20:00.000000Z,688.06,688.28,688.06,688.27,342.27
2025-07-13T05:25:00.000000Z,688.28,688.45,688.06,688.41,795.62
2025-07-13T05:30:00.000000Z,688.42,688.95,688.41,688.67,1702.75
2025-07-13T05:35:00.000000Z,688.67,688.97,688.62,688.97,686.44
2025-07-13T05:40:00.000000Z,688.97,689.0,688.58,688.99,472.93
2025-07-13T05:45:00.000000Z,689.0,689.04,688.71,688.79,492.45
2025-07-13T05:50:00.000000Z,688.79,689.01,688.49,688.53,855.62
2025-07-13T05:55:00.000000Z,688.54,688.68,688.32,688.53,403.71
2025-07-13T06:00:00.000000Z,688.53,688.9,688.32,688.89,905.4
2025-07-13T06:05:00.000000Z,688.89,689.1,688.87,689.07,650.47
2025-07-13T06:10:00.000000Z,689.08,689.18,688.97,689.17,348.04
2025-07-13T06:15:00.000000Z,689.17,689.56,689.17,689.46,1418.59
2025-07-13T06:20:00.000000Z,689.45,689.78,689.45,689.78,528.9
2025-07-13T06:25:00.000000Z,689.78,689.84,689.6,689.61,482.73
2025-07-13T06:30:00.000000Z,689.61,690.15,689.5,690.12,815.6
2025-07-13T06:35:00.000000Z,690.11,690.42,689.95,690.27,1232.47
2025-07-13T06:40:00.000000Z,690.27,690.42,690.04,690.32,612.23
2025-07-13T06:45:00.000000Z,690.32,690.33,689.8,689.8,514.25
2025-07-13T06:50:00.000000Z,689.81,689.85,689.46,689.47,415.56
2025-07-13T06:55:00.000000Z,689.47,689.57,689.41,689.42,314.55
2025-07-13T07:00:00.000000Z,689.42,689.44,689.23,689.38,588.67
2025-07-13T07:05:00.000000Z,689.38,689.67,689.11,689.11,569.87
2025-07-13T07:10:00.000000Z,689.12,689.12,688.68,688.78,661.79
2025-07-13T07:15:00.000000Z,688.79,689.31,688.79,689.3,285.68
2025-07-13T07:20:00.000000Z,689.31,689.31,689.09,689.14,328.12
2025-07-13T07:25:00.000000Z,689.14,689.27,688.98,689.06,264.01
2025-07-13T07:30:00.000000Z,689.06,689.53,689.06,689.53,459.76
2025-07-13T07:35:00.000000Z,689.54,689.94,689.53,689.73,766.01
2025-07-13T07:40:00.000000Z,689.73,690.06,689.72,689.85,548.41
2025-07-13T07:45:00.000000Z,689.84,689.92,689.63,689.89,455.75
2025-07-13T07:50:00.000000Z,689.89,689.9,689.65,689.8,401.7
2025-07-13T07:55:00.000000Z,689.81,690.44,689.66,690.43,1005.63
2025-07-13T08:00:00.000000Z,690.44,690.57,690.26,690.32,1454.55
2025-07-13T08:05:00.000000Z,690.32,690.53,690.26,690.51,658.43
2025-07-13T08:10:00.000000Z,690.51,690.87,690.43,690.86,1050.24
2025-07-13T08:15:00.000000Z,690.87,690.87,690.41,690.53,679.81
2025-07-13T08:20:00.000000Z,690.52,690.6,690.0,690.56,1237.06
2025-07-13T08:25:00.000000Z,690.57,690.86,690.53,690.82,762.38
2025-07-13T08:30:00.000000Z,690.83,691.09,690.62,690.76,1505.53
2025-07-13T08:35:00.000000Z,690.76,690.94,690.64,690.94,589.57
2025-07-13T08:40:00.000000Z,690.94,690.94,690.5,690.61,762.34
2025-07-13T08:45:00.000000Z,690.62,690.62,690.0,690.0,740.11
2025-07-13T08:50:00.000000Z,690.0,690.28,689.78,689.98,1036.96
2025-07-13T08:55:00.000000Z,689.98,690.34,689.86,690.34,678.66
2025-07-13T09:00:00.000000Z,690.34,690.5,690.1,690.39,928.36
2025-07-13T09:05:00.000000Z,690.39,690.54,690.28,690.29,500.88
2025-07-13T09:10:00.000000Z,690.28,690.36,690.15,690.21,240.72
2025-07-13T09:15:00.000000Z,690.22,690.22,689.54,689.57,689.95
2025-07-13T09:20:00.000000Z,689.56,689.56,689.26,689.37,512.88
2025-07-13T09:25:00.000000Z,689.36,690.04,689.27,689.79,1104.9
2025-07-13T09:30:00.000000Z,689.79,689.79,688.66,688.75,832.71
2025-07-13T09:35:00.000000Z,688.75,689.06,688.32,688.58,961.65
2025-07-13T09:40:00.000000Z,688.58,689.11,688.58,689.07,352.73
2025-07-13T09:45:00.000000Z,689.07,689.14,688.56,688.62,343.36
2025-07-13T09:50:00.000000Z,688.61,688.84,688.44,688.53,812.42
2025-07-13T09:55:00.000000Z,688.54,689.0,688.44,689.0,356.72
2025-07-13T10:00:00.000000Z,688.99,690.2,688.99,690.19,810.87
2025-07-13T10:05:00.000000Z,690.2,690.37,690.14,690.31,620.58
2025-07-13T10:10:00.000000Z,690.31,690.5,690.16,690.32,573.08
2025-07-13T10:15:00.000000Z,690.31,690.5,690.24,690.49,460.11
2025-07-13T10:20:00.000000Z,690.49,690.5,690.16,690.16,265.49
2025-07-13T10:25:00.000000Z,690.16,690.5,690.11,690.5,312.48
2025-07-13T10:30:00.000000Z,690.49,690.54,690.1,690.53,772.93
2025-07-13T10:35:00.000000Z,690.53,690.55,690.38,690.38,367.81
2025-07-13T10:40:00.000000Z,690.39,690.82,690.38,690.81,359.14
2025-07-13T10:45:00.000000Z,690.82,690.82,689.68,690.4,1527.14
2025-07-13T10:50:00.000000Z,690.41,690.44,690.0,690.16,773.8
2025-07-13T10:55:00.000000Z,690.17,690.36,689.96,690.33,649.38
2025-07-13T11:00:00.000000Z,690.32,690.94,690.32,690.94,1261.01
2025-07-13T11:05:00.000000Z,690.93,691.18,690.93,691.16,1349.15
2025-07-13T11:10:00.000000Z,691.16,691.47,691.1,691.37,1940.29
2025-07-13T11:15:00.000000Z,691.37,691.62,690.59,690.64,1064.77
2025-07-13T11:20:00.000000Z,690.64,690.64,690.29,690.62,425.24
2025-07-13T11:25:00.000000Z,690.61,690.7,690.38,690.61,731.57
2025-07-13T11:30:00.000000Z,690.62,690.62,689.41,690.38,1645.79
2025-07-13T11:35:00.000000Z,690.38,690.52,690.26,690.47,748.08
2025-07-13T11:40:00.000000Z,690.47,690.89,690.47,690.89,1083.95
2025-07-13T11:45:00.000000Z,690.9,690.9,690.74,690.81,353.24
2025-07-13T11:50:00.000000Z,690.81,690.9,690.52,690.87,654.85
2025-07-13T11:55:00.000000Z,690.88,691.53,690.81,691.47,1033.21
2025-07-13T12:00:00.000000Z,691.47,692.34,691.43,692.22,3514.98
2025-07-13T12:05:00.000000Z,692.22,692.66,692.22,692.46,2819.78
2025-07-13T12:10:00.000000Z,692.45,692.54,692.13,692.41,1296.97
2025-07-13T12:15:00.000000Z,692.41,692.66,692.28,692.66,1301.96
2025-07-13T12:20:00.000000Z,692.66,692.7,692.28,692.29,1199.05
2025-07-13T12:25:00.000000Z,692.28,692.74,692.24,692.71,1344.68
2025-07-13T12:30:00.000000Z,692.71,692.97,692.0,692.28,1841.58
2025-07-13T12:35:00.000000Z,692.28,692.46,691.86,692.06,718.82
2025-07-13T12:40:00.000000Z,692.06,692.24,691.7,692.24,832.31
2025-07-13T12:45:00.000000Z,692.24,692.24,691.77,691.92,730.14
2025-07-13T12:50:00.000000Z,691.93,693.4,691.84,693.02,4474.48
2025-07-13T12:55:00.000000Z,693.03,693.03,692.06,692.25,1649.69
2025-07-13T13:00:00.000000Z,692.26,692.54,691.71,691.91,1843.0
2025-07-13T13:05:00.000000Z,691.92,692.57,691.62,692.56,1380.86
2025-07-13T13:10:00.000000Z,692.56,692.64,691.21,691.4,1898.55
2025-07-13T13:15:00.000000Z,691.36,692.02,691.36,691.83,618.37
2025-07-13T13:20:00.000000Z,691.84,691.98,691.47,691.74,1222.25
2025-07-13T13:25:00.000000Z,691.74,691.75,691.38,691.39,748.59
2025-07-13T13:30:00.000000Z,691.38,692.01,691.38,692.01,476.01
2025-07-13T13:35:00.000000Z,692.02,692.21,691.71,692.03,655.18
2025-07-13T13:40:00.000000Z,692.03,692.4,691.99,692.32,722.46
2025-07-13T13:45:00.000000Z,692.32,692.76,692.12,692.68,1253.24
2025-07-13T13:50:00.000000Z,692.67,692.71,691.87,692.09,1180.13
2025-07-13T13:55:00.000000Z,692.09,692.34,692.09,692.34,464.43
2025-07-13T14:00:00.000000Z,692.34,692.4,691.76,691.94,879.52
2025-07-13T14:05:00.000000Z,691.95,692.46,691.82,692.32,809.0
2025-07-13T14:10:00.000000Z,692.33,692.48,692.02,692.42,602.41
2025-07-13T14:15:00.000000Z,692.43,694.37,692.38,693.91,4857.2
2025-07-13T14:20:00.000000Z,693.91,694.47,693.21,693.97,8302.5
2025-07-13T14:25:00.000000Z,693.97,694.4,693.46,694.1,2149.19
2025-07-13T14:30:00.000000Z,694.1,694.21,693.44,693.97,1581.49
2025-07-13T14:35:00.000000Z,693.96,694.23,693.52,693.6,1726.7
2025-07-13T14:40:00.000000Z,693.59,694.21,692.51,692.69,1890.81
2025-07-13T14:45:00.000000Z,692.7,693.69,691.95,692.38,3069.21
2025-07-13T14:50:00.000000Z,692.37,692.37,691.1,692.0,4098.4
2025-07-13T14:55:00.000000Z,692.01,693.55,691.92,692.1,3044.77
2025-07-13T15:00:00.000000Z,692.11,692.48,691.96,692.06,1420.19
2025-07-13T15:05:00.000000Z,692.05,692.41,691.49,692.33,1606.69
2025-07-13T15:10:00.000000Z,692.33,693.11,692.1,692.97,759.54
2025-07-13T15:15:00.000000Z,692.98,693.58,692.88,693.58,1209.13
2025-07-13T15:20:00.000000Z,693.58,693.86,692.9,693.07,1099.71
2025-07-13T15:25:00.000000Z,693.07,693.07,692.24,692.72,1321.56
2025-07-13T15:30:00.000000Z,692.72,692.72,691.08,691.11,1490.34
2025-07-13T15:35:00.000000Z,691.11,691.2,690.07,690.58,2602.49
2025-07-13T15:40:00.000000Z,690.57,691.65,690.44,691.51,1350.87
2025-07-13T15:45:00.000000Z,691.51,691.63,691.03,691.63,873.78
2025-07-13T15:50:00.000000Z,691.64,692.0,691.0,691.27,769.27
2025-07-13T15:55:00.000000Z,691.27,691.68,691.16,691.56,541.15
2025-07-13T16:00:00.000000Z,691.57,691.87,690.96,691.86,1045.42
2025-07-13T16:05:00.000000Z,691.86,692.59,691.8,692.39,1521.19
2025-07-13T16:10:00.000000Z,692.39,692.43,691.58,691.84,839.84
2025-07-13T16:15:00.000000Z,691.84,692.5,691.68,692.18,901.9
2025-07-13T16:20:00.000000Z,692.18,692.5,691.9,691.94,659.56
2025-07-13T16:25:00.000000Z,691.94,692.16,691.54,691.54,495.51
2025-07-13T16:30:00.000000Z,691.55,691.55,690.86,691.11,1634.43
2025-07-13T16:35:00.000000Z,691.09,691.24,690.81,690.82,523.05
2025-07-13T16:40:00.000000Z,690.83,691.08,690.6,690.75,565.08
2025-07-13T16:45:00.000000Z,690.75,690.76,689.87,689.99,1208.91
2025-07-13T16:50:00.000000Z,689.99,690.01,688.83,689.15,3129.68
2025-07-13T16:55:00.000000Z,689.15,689.66,688.84,689.0,974.0
2025-07-13T17:00:00.000000Z,689.0,689.1,688.33,688.88,2723.09
2025-07-13T17:05:00.000000Z,688.88,689.54,688.81,689.49,1178.55
2025-07-13T17:10:00.000000Z,689.5,689.94,689.34,689.93,758.25
2025-07-13T17:15:00.000000Z,689.94,690.29,689.68,690.2,1007.77
2025-07-13T17:20:00.000000Z,690.19,690.57,690.16,690.51,441.39
2025-07-13T17:25:00.000000Z,690.51,690.87,690.5,690.61,442.74
2025-07-13T17:30:00.000000Z,690.6,691.29,690.6,691.02,888.05
2025-07-13T17:35:00.000000Z,691.01,691.19,690.87,691.11,838.3
2025-07-13T17:40:00.000000Z,691.11,691.2,690.98,690.98,303.16
2025-07-13T17:45:00.000000Z,690.99,691.16,690.76,690.76,318.25
2025-07-13T17:50:00.000000Z,690.77,691.1,690.43,690.98,499.94
2025-07-13T17:55:00.000000Z,690.98,691.21,690.82,690.88,423.95
2025-07-13T18:00:00.000000Z,690.88,690.98,690.47,690.56,1135.08
2025-07-13T18:05:00.000000Z,690.55,690.58,690.3,690.54,573.53
2025-07-13T18:10:00.000000Z,690.53,690.8,690.53,690.74,423.19
2025-07-13T18:15:00.000000Z,690.74,690.94,690.67,690.93,481.98
2025-07-13T18:20:00.000000Z,690.94,691.7,690.93,691.56,969.94
2025-07-13T18:25:00.000000Z,691.56,691.76,691.5,691.73,829.18
2025-07-13T18:30:00.000000Z,691.74,691.8,691.41,691.63,506.7
2025-07-13T18:35:00.000000Z,691.63,691.91,691.44,691.78,613.12
2025-07-13T18:40:00.000000Z,691.79,691.79,691.49,691.57,445.65
2025-07-13T18:45:00.000000Z,691.58,691.62,691.26,691.62,430.15
2025-07-13T18:50:00.000000Z,691.61,692.25,691.61,691.95,1052.07
2025-07-13T18:55:00.000000Z,691.94,692.3,691.86,692.1,569.24
2025-07-13T19:00:00.000000Z,692.11,692.15,691.68,691.84,532.2
2025-07-13T19:05:00.000000Z,691.84,692.1,691.72,692.09,417.01
2025-07-13T19:10:00.000000Z,692.09,692.46,692.02,692.34,748.15
2025-07-13T19:15:00.000000Z,692.35,692.4,692.27,692.29,482.66
2025-07-13T19:20:00.000000Z,692.29,693.6,692.28,693.29,3022.07
2025-07-13T19:25:00.000000Z,693.29,693.62,693.2,693.56,782.97
2025-07-13T19:30:00.000000Z,693.56,693.86,693.0,693.0,875.02
2025-07-13T19:35:00.000000Z,693.01,693.68,692.73,693.33,619.12
2025-07-13T19:40:00.000000Z,693.34,693.38,692.86,692.99,369.72
2025-07-13T19:45:00.000000Z,692.99,693.05,692.16,692.79,1835.02
2025-07-13T19:50:00.000000Z,692.8,693.07,692.74,692.74,348.79
2025-07-13T19:55:00.000000Z,692.75,692.78,691.84,691.97,583.06
2025-07-13T20:00:00.000000Z,691.96,692.23,691.15,691.17,918.39
2025-07-13T20:05:00.000000Z,691.17,692.33,691.17,692.31,764.03
2025-07-13T20:10:00.000000Z,692.32,692.43,692.32,692.42,336.01
2025-07-13T20:15:00.000000Z,692.42,693.0,692.42,692.83,953.57
2025-07-13T20:20:00.000000Z,692.84,692.92,692.68,692.92,254.48
2025-07-13T20:25:00.000000Z,692.91,693.3,692.91,693.29,244.26
2025-07-13T20:30:00.000000Z,693.29,693.53,693.29,693.48,233.02
2025-07-13T20:35:00.000000Z,693.47,693.48,692.98,693.09,388.31
2025-07-13T20:40:00.000000Z,693.09,693.28,693.03,693.03,283.39
2025-07-13T20:45:00.000000Z,693.03,693.04,692.53,692.59,368.71
2025-07-13T20:50:00.000000Z,692.59,693.09,692.5,692.98,473.42
2025-07-13T20:55:00.000000Z,692.97,693.06,692.79,692.9,455.42
2025-07-13T21:00:00.000000Z,692.9,693.02,692.71,692.99,520.75
2025-07-13T21:05:00.000000Z,692.99,692.99,692.46,692.84,498.72
2025-07-13T21:10:00.000000Z,692.85,693.23,692.74,693.02,764.57
2025-07-13T21:15:00.000000Z,693.02,693.22,692.82,692.85,652.53
2025-07-13T21:20:00.000000Z,692.84,693.28,692.67,693.02,837.56
2025-07-13T21:25:00.000000Z,693.01,693.03,692.85,692.9,306.62
2025-07-13T21:30:00.000000Z,692.9,693.18,692.58,692.58,490.56
2025-07-13T21:35:00.000000Z,692.59,692.84,688.29,690.47,5057.65
2025-07-13T21:40:00.000000Z,690.47,691.64,689.58,691.64,1760.1
2025-07-13T21:45:00.000000Z,691.64,692.61,691.63,692.61,694.13
2025-07-13T21:50:00.000000Z,692.61,692.61,692.09,692.25,1157.29
2025-07-13T21:55:00.000000Z,692.25,692.61,691.64,691.91,577.6
2025-07-13T22:00:00.000000Z,691.91,691.91,690.86,691.67,1729.75
2025-07-13T22:05:00.000000Z,691.67,692.79,691.66,692.16,1186.17
2025-07-13T22:10:00.000000Z,692.16,692.24,691.55,691.96,852.19
2025-07-13T22:15:00.000000Z,691.97,692.49,690.59,690.59,1111.22
2025-07-13T22:20:00.000000Z,690.6,691.56,690.04,691.54,1828.16
2025-07-13T22:25:00.000000Z,691.54,691.54,689.71,689.79,1334.88
2025-07-13T22:30:00.000000Z,689.78,691.1,689.65,691.01,829.15
2025-07-13T22:35:00.000000Z,691.0,691.74,691.0,691.44,532.4
2025-07-13T22:40:00.000000Z,691.45,692.0,691.45,691.81,362.45
2025-07-13T22:45:00.000000Z,691.81,692.06,691.25,691.53,749.34
2025-07-13T22:50:00.000000Z,691.54,691.54,690.9,691.11,507.31
2025-07-13T22:55:00.000000Z,691.11,691.28,690.62,690.62,355.61
2025-07-13T23:00:00.000000Z,690.62,691.32,690.33,691.3,643.49
2025-07-13T23:05:00.000000Z,691.29,691.95,691.24,691.24,855.31
2025-07-13T23:10:00.000000Z,691.24,691.4,690.45,691.4,620.01
2025-07-13T23:15:00.000000Z,691.4,692.05,691.4,691.52,557.9
2025-07-13T23:20:00.000000Z,691.52,691.82,691.16,691.71,247.72
2025-07-13T23:25:00.000000Z,691.71,691.72,691.0,691.46,217.94
2025-07-13T23:30:00.000000Z,691.45,691.91,691.25,691.25,475.32
2025-07-13T23:35:00.000000Z,691.25,691.99,691.24,691.82,283.01
2025-07-13T23:40:00.000000Z,691.84,691.96,691.23,691.63,300.1
2025-07-13T23:45:00.000000Z,691.64,692.56,691.55,692.08,1001.33
2025-07-13T23:50:00.000000Z,692.04,692.73,692.04,692.4,439.6
2025-07-13T23:55:00.000000Z,692.4,692.57,692.24,692.33,377.84
2025-07-14T00:00:00.000000Z,692.33,692.79,691.96,692.68,1537.21
2025-07-14T00:05:00.000000Z,692.67,692.85,692.23,692.42,822.02
2025-07-14T00:10:00.000000Z,692.42,693.16,692.31,693.15,664.68
2025-07-14T00:15:00.000000Z,693.16,693.55,692.8,692.92,915.3
2025-07-14T00:20:00.000000Z,692.92,694.3,692.74,694.07,1081.39
2025-07-14T00:25:00.000000Z,694.07,694.5,693.74,693.84,1160.85
2025-07-14T00:30:00.000000Z,693.83,693.9,693.22,693.58,972.73
2025-07-14T00:35:00.000000Z,693.58,693.76,693.28,693.68,673.2
2025-07-14T00:40:00.000000Z,693.68,694.14,693.67,694.0,583.17
2025-07-14T00:45:00.000000Z,693.99,693.99,692.89,692.9,539.49
2025-07-14T00:50:00.000000Z,692.9,692.92,690.81,692.01,3738.57
2025-07-14T00:55:00.000000Z,692.02,692.02,690.58,691.53,3627.76
2025-07-14T01:00:00.000000Z,691.53,691.7,690.86,691.54,1448.07
2025-07-14T01:05:00.000000Z,691.54,692.12,690.83,691.03,1097.16
2025-07-14T01:10:00.000000Z,691.04,691.22,690.72,690.82,755.02
2025-07-14T01:15:00.000000Z,690.81,691.44,690.81,690.99,1287.37
2025-07-14T01:20:00.000000Z,690.99,691.2,690.87,690.88,1480.54
2025-07-14T01:25:00.000000Z,690.89,691.2,690.75,690.81,697.01
2025-07-14T01:30:00.000000Z,690.8,690.98,690.57,690.82,528.71
2025-07-14T01:35:00.000000Z,690.82,691.04,690.56,690.59,1020.69
2025-07-14T01:40:00.000000Z,690.59,691.74,690.58,691.15,680.61
2025-07-14T01:45:00.000000Z,691.15,691.17,690.31,690.43,696.7
2025-07-14T01:50:00.000000Z,690.42,691.14,690.2,691.08,876.45
2025-07-14T01:55:00.000000Z,691.09,691.09,690.48,690.49,568.13
2025-07-14T02:00:00.000000Z,690.49,690.78,690.48,690.54,954.56
2025-07-14T02:05:00.000000Z,690.54,690.88,690.24,690.76,1371.75
2025-07-14T02:10:00.000000Z,690.77,691.38,690.63,691.07,1065.67
2025-07-14T02:15:00.000000Z,691.06,691.12,690.74,691.11,627.45
2025-07-14T02:20:00.000000Z,691.11,692.59,690.9,692.54,1226.91
2025-07-14T02:25:00.000000Z,692.55,693.64,692.26,692.55,2733.02
2025-07-14T02:30:00.000000Z,692.54,692.88,692.02,692.43,1488.58
2025-07-14T02:35:00.000000Z,692.42,693.08,692.23,692.68,1007.79
2025-07-14T02:40:00.000000Z,692.68,693.04,692.6,692.84,846.22
2025-07-14T02:45:00.000000Z,692.83,694.71,692.2,692.25,4451.47
2025-07-14T02:50:00.000000Z,692.26,693.03,692.24,693.02,847.22
2025-07-14T02:55:00.000000Z,693.02,693.12,692.7,692.88,565.08
2025-07-14T03:00:00.000000Z,692.87,693.4,692.57,693.27,902.62
2025-07-14T03:05:00.000000Z,693.26,694.0,693.22,694.0,1285.31
2025-07-14T03:10:00.000000Z,694.0,694.0,693.33,693.62,823.63
2025-07-14T03:15:00.000000Z,693.63,693.66,693.13,693.43,659.68
2025-07-14T03:20:00.000000Z,693.44,694.28,693.43,693.92,1243.8
2025-07-14T03:25:00.000000Z,693.92,695.2,693.84,694.71,2925.01
2025-07-14T03:30:00.000000Z,694.71,694.91,694.32,694.48,1281.3
2025-07-14T03:35:00.000000Z,694.49,695.41,694.48,695.37,1845.49
2025-07-14T03:40:00.000000Z,695.37,700.0,695.21,698.36,17497.93
2025-07-14T03:45:00.000000Z,698.37,698.48,697.0,697.82,8373.39
2025-07-14T03:50:00.000000Z,697.82,700.0,697.45,698.94,10613.95
2025-07-14T03:55:00.000000Z,698.94,699.08,697.6,697.61,4466.45
2025-07-14T04:00:00.000000Z,697.62,698.08,697.06,697.85,3803.86
2025-07-14T04:05:00.000000Z,697.85,698.46,697.68,698.29,3812.53
2025-07-14T04:10:00.000000Z,698.29,698.29,697.4,697.96,1313.68
2025-07-14T04:15:00.000000Z,697.96,699.49,697.95,699.14,3499.96
2025-07-14T04:20:00.000000Z,699.14,699.27,698.52,698.8,1879.55
2025-07-14T04:25:00.000000Z,698.79,699.16,698.74,699.14,1421.44
2025-07-14T04:30:00.000000Z,699.15,699.53,698.5,699.15,2274.48
2025-07-14T04:35:00.000000Z,699.13,699.14,698.1,698.15,1285.48
2025-07-14T04:40:00.000000Z,698.15,700.37,698.07,700.02,5646.41
2025-07-14T04:45:00.000000Z,700.01,700.02,699.54,699.91,2586.27
2025-07-14T04:50:00.000000Z,699.91,700.19,699.54,699.8,2434.51
2025-07-14T04:55:00.000000Z,699.8,699.99,699.4,699.69,3496.4
2025-07-14T05:00:00.000000Z,699.68,699.69,698.6,699.28,3344.42
2025-07-14T05:05:00.000000Z,699.28,700.64,699.12,700.18,6730.71
2025-07-14T05:10:00.000000Z,700.19,702.29,700.12,702.01,8964.14
2025-07-14T05:15:00.000000Z,702.0,702.52,701.16,701.47,6634.9
2025-07-14T05:20:00.000000Z,701.47,702.47,701.2,701.68,6952.36
2025-07-14T05:25:00.000000Z,701.68,703.14,701.2,703.03,7247.7
2025-07-14T05:30:00.000000Z,703.04,703.75,701.85,702.19,8955.98
2025-07-14T05:35:00.000000Z,702.19,702.34,701.47,701.6,2275.48
2025-07-14T05:40:00.000000Z,701.59,701.76,699.08,699.29,7477.05
2025-07-14T05:45:00.000000Z,699.28,699.28,697.5,697.6,6438.33
2025-07-14T05:50:00.000000Z,697.58,698.73,692.9,696.63,15473.93
2025-07-14T05:55:00.000000Z,696.64,697.95,695.82,697.95,4959.48
2025-07-14T06:00:00.000000Z,697.95,698.7,697.04,698.65,4162.21
2025-07-14T06:05:00.000000Z,698.66,699.4,697.74,697.75,2460.99
2025-07-14T06:10:00.000000Z,697.75,697.8,696.3,697.11,2899.89
2025-07-14T06:15:00.000000Z,697.11,698.31,697.11,697.88,1716.63
2025-07-14T06:20:00.000000Z,697.89,698.2,697.14,697.19,1460.44
2025-07-14T06:25:00.000000Z,697.2,697.74,697.05,697.73,975.55
2025-07-14T06:30:00.000000Z,697.74,698.09,697.31,698.07,817.85
2025-07-14T06:35:00.000000Z,698.07,698.65,698.04,698.32,1308.21
2025-07-14T06:40:00.000000Z,698.31,698.48,697.54,697.79,985.2
2025-07-14T06:45:00.000000Z,697.79,698.25,697.41,698.02,831.15
2025-07-14T06:50:00.000000Z,698.02,698.03,696.9,696.92,1022.65
2025-07-14T06:55:00.000000Z,696.92,697.96,696.92,697.73,959.05
2025-07-14T07:00:00.000000Z,697.73,698.7,697.7,698.45,1787.18
2025-07-14T07:05:00.000000Z,698.46,700.12,698.38,700.05,2343.2
2025-07-14T07:10:00.000000Z,700.05,702.29,699.92,702.02,6107.51
2025-07-14T07:15:00.000000Z,702.02,705.6,702.0,705.34,18225.86
2025-07-14T07:20:00.000000Z,705.34,705.34,703.04,703.09,6655.76
2025-07-14T07:25:00.000000Z,703.11,704.85,702.58,704.64,3952.68
2025-07-14T07:30:00.000000Z,704.65,707.45,704.37,706.39,9039.74
2025-07-14T07:35:00.000000Z,706.39,707.0,705.26,706.38,7278.18
2025-07-14T07:40:00.000000Z,706.38,708.0,706.38,707.58,9873.56
2025-07-14T07:45:00.000000Z,707.59,707.59,706.27,706.34,3666.07
2025-07-14T07:50:00.000000Z,706.35,707.15,706.35,706.87,2632.52
2025-07-14T07:55:00.000000Z,706.86,707.25,706.65,706.86,2442.33
2025-07-14T08:00:00.000000Z,706.87,707.19,705.64,705.94,4399.92
2025-07-14T08:05:00.000000Z,705.94,705.95,705.19,705.88,3438.21
2025-07-14T08:10:00.000000Z,705.88,706.29,705.19,706.16,3563.53
2025-07-14T08:15:00.000000Z,706.15,706.42,705.19,706.13,2611.62
2025-07-14T08:20:00.000000Z,706.13,706.14,703.81,704.47,6029.59
2025-07-14T08:25:00.000000Z,704.48,704.48,703.33,703.85,3457.2
2025-07-14T08:30:00.000000Z,703.85,704.32,703.63,704.04,1931.46
2025-07-14T08:35:00.000000Z,704.02,705.36,703.9,704.13,2940.04
2025-07-14T08:40:00.000000Z,704.16,704.2,703.84,704.08,1058.39
2025-07-14T08:45:00.000000Z,704.08,705.51,703.54,705.38,3026.16
2025-07-14T08:50:00.000000Z,705.38,706.44,705.27,705.71,2823.07
2025-07-14T08:55:00.000000Z,705.72,705.72,704.76,704.89,1288.91
2025-07-14T09:00:00.000000Z,704.89,706.14,704.2,705.7,2160.95
2025-07-14T09:05:00.000000Z,705.71,706.39,705.63,705.64,1192.33
2025-07-14T09:10:00.000000Z,705.64,705.75,704.37,705.23,1556.32
2025-07-14T09:15:00.000000Z,705.23,705.92,704.79,705.3,2782.94
2025-07-14T09:20:00.000000Z,705.29,706.4,705.28,706.27,2467.65
2025-07-14T09:25:00.000000Z,706.28,706.66,706.02,706.4,4188.4
2025-07-14T09:30:00.000000Z,706.4,706.62,705.74,706.0,2218.25
2025-07-14T09:35:00.000000Z,706.01,706.16,705.21,705.39,1252.93
2025-07-14T09:40:00.000000Z,705.38,705.66,704.47,705.3,4104.75
2025-07-14T09:45:00.000000Z,705.31,706.28,704.19,704.73,3177.65
2025-07-14T09:50:00.000000Z,704.72,705.47,704.42,705.29,1098.82
2025-07-14T09:55:00.000000Z,705.3,705.3,704.32,704.8,710.86
2025-07-14T10:00:00.000000Z,704.79,704.94,701.0,702.17,8073.23
2025-07-14T10:05:00.000000Z,702.17,702.17,701.15,701.42,4968.67
2025-07-14T10:10:00.000000Z,701.42,702.79,701.4,702.67,1484.35
2025-07-14T10:15:00.000000Z,702.67,702.67,702.0,702.35,1542.57
2025-07-14T10:20:00.000000Z,702.36,703.36,702.3,702.98,1859.03
2025-07-14T10:25:00.000000Z,702.97,704.25,702.96,703.0,2843.49
2025-07-14T10:30:00.000000Z,703.0,703.58,702.2,703.58,1733.42
2025-07-14T10:35:00.000000Z,703.58,704.27,703.4,704.07,1627.59
2025-07-14T10:40:00.000000Z,704.02,704.8,703.8,704.39,2719.74
2025-07-14T10:45:00.000000Z,704.39,704.55,704.21,704.27,782.03
2025-07-14T10:50:00.000000Z,704.27,704.65,704.21,704.34,761.08
2025-07-14T10:55:00.000000Z,704.33,706.88,704.2,706.16,10790.64
2025-07-14T11:00:00.000000Z,706.15,706.16,705.37,705.68,2666.43
2025-07-14T11:05:00.000000Z,705.68,705.86,704.9,705.38,1954.46
2025-07-14T11:10:00.000000Z,705.38,705.69,704.9,705.22,1163.96
2025-07-14T11:15:00.000000Z,705.21,705.88,704.98,705.8,1880.89
2025-07-14T11:20:00.000000Z,705.8,705.86,703.51,703.51,1575.96
2025-07-14T11:25:00.000000Z,703.52,704.36,703.35,704.35,1134.32
2025-07-14T11:30:00.000000Z,704.35,704.79,703.16,703.52,1511.4
2025-07-14T11:35:00.000000Z,703.52,705.15,703.27,705.08,1129.16
2025-07-14T11:40:00.000000Z,705.07,705.74,705.07,705.6,1558.06
2025-07-14T11:45:00.000000Z,705.6,705.68,704.84,705.16,1137.14
2025-07-14T11:50:00.000000Z,705.17,705.17,704.64,704.77,696.4
2025-07-14T11:55:00.000000Z,704.78,705.25,704.73,704.88,929.99
2025-07-14T12:00:00.000000Z,704.87,705.44,704.12,704.8,1679.29
2025-07-14T12:05:00.000000Z,704.8,705.26,704.79,705.23,696.64
2025-07-14T12:10:00.000000Z,705.22,705.67,704.92,705.43,2318.02
2025-07-14T12:15:00.000000Z,705.43,705.44,704.27,704.38,1059.56
2025-07-14T12:20:00.000000Z,704.37,704.65,703.44,704.09,1419.27
2025-07-14T12:25:00.000000Z,704.1,704.34,703.69,704.34,798.86
2025-07-14T12:30:00.000000Z,704.33,704.98,703.44,704.76,1290.24
2025-07-14T12:35:00.000000Z,704.77,705.15,704.13,704.61,1264.21
2025-07-14T12:40:00.000000Z,704.61,704.84,704.26,704.63,587.37
2025-07-14T12:45:00.000000Z,704.63,704.88,704.14,704.44,783.01
2025-07-14T12:50:00.000000Z,704.42,704.5,703.96,704.33,1121.3
2025-07-14T12:55:00.000000Z,704.31,704.75,704.04,704.43,647.2
2025-07-14T13:00:00.000000Z,704.44,704.78,704.43,704.7,1161.95
2025-07-14T13:05:00.000000Z,704.7,704.88,704.0,704.0,670.67
2025-07-14T13:10:00.000000Z,704.01,704.18,703.3,703.48,1009.01
2025-07-14T13:15:00.000000Z,703.49,703.74,701.86,701.87,1753.54
2025-07-14T13:20:00.000000Z,701.87,702.4,701.6,702.4,2280.3
2025-07-14T13:25:00.000000Z,702.39,703.15,702.39,702.7,812.78
2025-07-14T13:30:00.000000Z,702.71,703.53,702.12,702.19,1566.31
2025-07-14T13:35:00.000000Z,702.18,703.21,701.3,702.45,1939.89
2025-07-14T13:40:00.000000Z,702.45,703.17,702.13,702.73,1215.5
2025-07-14T13:45:00.000000Z,702.73,704.2,702.56,703.93,1666.49
2025-07-14T13:50:00.000000Z,703.92,704.63,703.75,704.63,1547.15
2025-07-14T13:55:00.000000Z,704.63,704.81,703.26,703.78,2040.8
2025-07-14T14:00:00.000000Z,703.77,704.77,703.62,704.0,1313.2
2025-07-14T14:05:00.000000Z,704.01,704.72,704.0,704.21,1231.85
2025-07-14T14:10:00.000000Z,704.21,704.21,702.4,703.48,1650.97
2025-07-14T14:15:00.000000Z,703.48,703.77,702.99,703.0,902.32
2025-07-14T14:20:00.000000Z,703.01,703.01,701.23,701.36,2848.98
2025-07-14T14:25:00.000000Z,701.37,701.44,698.0,700.78,9391.2
2025-07-14T14:30:00.000000Z,700.77,700.78,696.75,697.9,18651.78
2025-07-14T14:35:00.000000Z,697.91,698.72,696.74,696.9,4990.79
2025-07-14T14:40:00.000000Z,696.9,698.22,696.88,698.22,4536.23
2025-07-14T14:45:00.000000Z,698.23,698.27,696.96,697.0,2257.46
2025-07-14T14:50:00.000000Z,697.0,698.46,696.79,698.31,2143.29
2025-07-14T14:55:00.000000Z,698.3,699.2,698.3,699.08,2025.23
2025-07-14T15:00:00.000000Z,699.08,699.2,697.9,697.91,1915.81
2025-07-14T15:05:00.000000Z,697.9,697.9,696.71,696.9,2752.6
2025-07-14T15:10:00.000000Z,696.9,697.96,696.54,697.81,2738.0
2025-07-14T15:15:00.000000Z,697.83,697.96,696.33,696.6,2462.4
2025-07-14T15:20:00.000000Z,696.59,696.62,695.8,696.15,8744.6
2025-07-14T15:25:00.000000Z,696.12,696.43,695.37,695.61,5229.82
2025-07-14T15:30:00.000000Z,695.61,695.71,694.5,694.77,3356.36
2025-07-14T15:35:00.000000Z,694.78,695.56,694.44,694.85,1457.2
2025-07-14T15:40:00.000000Z,694.86,695.5,694.54,694.68,648.59
2025-07-14T15:45:00.000000Z,694.69,694.81,692.12,692.55,5369.33
2025-07-14T15:50:00.000000Z,692.55,692.9,690.43,691.13,11576.02
2025-07-14T15:55:00.000000Z,691.13,693.09,690.67,692.9,4510.29
2025-07-14T16:00:00.000000Z,692.91,693.34,691.81,691.86,3650.03
2025-07-14T16:05:00.000000Z,691.86,692.43,691.23,691.9,2225.96
2025-07-14T16:10:00.000000Z,691.9,692.09,690.15,690.51,4029.18
2025-07-14T16:15:00.000000Z,690.51,692.66,690.38,692.35,3186.42
2025-07-14T16:20:00.000000Z,692.34,694.08,691.98,693.83,4126.35
2025-07-14T16:25:00.000000Z,693.82,694.1,693.28,693.95,4263.25
2025-07-14T16:30:00.000000Z,693.94,693.94,692.8,693.4,2040.85
2025-07-14T16:35:00.000000Z,693.4,694.17,693.4,693.84,1307.94
2025-07-14T16:40:00.000000Z,693.85,694.51,693.14,693.14,2572.83
2025-07-14T16:45:00.000000Z,693.15,693.57,692.2,693.45,2573.84
2025-07-14T16:50:00.000000Z,693.46,693.57,692.8,693.47,2103.73
2025-07-14T16:55:00.000000Z,693.48,693.77,693.08,693.63,1945.54
2025-07-14T17:00:00.000000Z,693.64,693.64,693.05,693.35,1856.65
2025-07-14T17:05:00.000000Z,693.35,694.09,692.88,693.91,1790.01
2025-07-14T17:10:00.000000Z,693.9,693.96,693.54,693.61,802.5
2025-07-14T17:15:00.000000Z,693.6,694.16,693.18,693.73,1446.59
2025-07-14T17:20:00.000000Z,693.72,693.82,693.1,693.67,850.47
2025-07-14T17:25:00.000000Z,693.67,693.77,692.08,692.91,2640.41
2025-07-14T17:30:00.000000Z,692.91,693.46,692.35,692.89,1270.24
2025-07-14T17:35:00.000000Z,692.89,692.99,691.21,691.47,2912.19
2025-07-14T17:40:00.000000Z,691.48,692.31,691.37,692.13,1304.26
2025-07-14T17:45:00.000000Z,692.13,693.21,692.08,692.76,943.92
2025-07-14T17:50:00.000000Z,692.75,692.79,691.84,692.1,667.81
2025-07-14T17:55:00.000000Z,692.1,692.66,692.1,692.59,769.68
2025-07-14T18:00:00.000000Z,692.6,692.62,691.2,691.6,2001.04
2025-07-14T18:05:00.000000Z,691.6,691.81,690.42,690.65,1347.88
2025-07-14T18:10:00.000000Z,690.65,691.46,690.46,691.22,1434.51
2025-07-14T18:15:00.000000Z,691.22,692.1,691.01,691.11,1050.32
2025-07-14T18:20:00.000000Z,691.11,692.22,690.92,692.22,1004.08
2025-07-14T18:25:00.000000Z,692.22,692.97,692.0,692.17,1163.35
2025-07-14T18:30:00.000000Z,692.18,692.37,691.67,691.67,1066.55
2025-07-14T18:35:00.000000Z,691.68,691.92,690.28,690.65,1424.88
2025-07-14T18:40:00.000000Z,690.65,691.91,690.56,691.81,689.35
2025-07-14T18:45:00.000000Z,691.82,691.82,690.87,691.14,1060.25
2025-07-14T18:50:00.000000Z,691.13,691.13,689.37,689.88,2908.61
2025-07-14T18:55:00.000000Z,689.87,689.87,689.28,689.32,1224.15
2025-07-14T19:00:00.000000Z,689.33,689.97,688.74,689.74,3382.52
2025-07-14T19:05:00.000000Z,689.75,690.16,689.36,689.67,1154.41
2025-07-14T19:10:00.000000Z,689.67,689.7,687.84,688.61,2433.58
2025-07-14T19:15:00.000000Z,688.62,689.28,687.95,688.8,1487.6
2025-07-14T19:20:00.000000Z,688.8,689.76,688.8,689.6,969.9
2025-07-14T19:25:00.000000Z,689.6,690.57,689.54,690.31,792.9
2025-07-14T19:30:00.000000Z,690.35,691.3,690.28,691.05,852.67
2025-07-14T19:35:00.000000Z,691.06,691.33,690.0,690.26,689.91
2025-07-14T19:40:00.000000Z,690.26,690.42,689.86,690.41,382.19
2025-07-14T19:45:00.000000Z,690.41,690.42,689.42,689.46,438.6
2025-07-14T19:50:00.000000Z,689.46,690.52,689.37,690.27,939.34
2025-07-14T19:55:00.000000Z,690.27,690.34,689.24,690.11,657.16
2025-07-14T20:00:00.000000Z,690.11,690.11,687.9,688.06,2170.43
2025-07-14T20:05:00.000000Z,688.07,688.64,687.03,688.04,4240.6
2025-07-14T20:10:00.000000Z,688.05,688.4,687.15,687.35,2320.82
2025-07-14T20:15:00.000000Z,687.35,688.62,686.01,688.11,4051.57
2025-07-14T20:20:00.000000Z,688.1,688.36,687.18,688.35,1127.26
2025-07-14T20:25:00.000000Z,688.35,689.47,688.35,689.47,930.48
2025-07-14T20:30:00.000000Z,689.47,690.27,689.19,690.02,736.76
2025-07-14T20:35:00.000000Z,690.02,691.11,689.84,690.76,1016.82
2025-07-14T20:40:00.000000Z,690.76,691.12,689.97,690.91,2727.01
2025-07-14T20:45:00.000000Z,690.91,691.18,690.62,691.09,568.54
2025-07-14T20:50:00.000000Z,691.1,691.87,690.62,691.72,711.91
2025-07-14T20:55:00.000000Z,691.73,691.73,690.99,690.99,724.03
2025-07-14T21:00:00.000000Z,690.99,690.99,690.03,690.4,1349.34
2025-07-14T21:05:00.000000Z,690.41,690.54,690.04,690.46,966.66
2025-07-14T21:10:00.000000Z,690.44,690.54,690.09,690.35,1155.29
2025-07-14T21:15:00.000000Z,690.35,691.26,690.2,691.04,685.9
2025-07-14T21:20:00.000000Z,691.04,691.7,691.04,691.5,696.99
2025-07-14T21:25:00.000000Z,691.51,691.56,691.22,691.39,536.69
2025-07-14T21:30:00.000000Z,691.39,692.0,691.35,691.99,429.99
2025-07-14T21:35:00.000000Z,692.0,692.33,691.99,692.21,681.88
2025-07-14T21:40:00.000000Z,692.21,692.21,690.59,691.04,1903.16
2025-07-14T21:45:00.000000Z,691.05,691.05,690.89,690.93,318.59
2025-07-14T21:50:00.000000Z,690.93,691.79,690.92,691.78,911.23
2025-07-14T21:55:00.000000Z,691.79,692.14,691.72,691.76,563.17
2025-07-14T22:00:00.000000Z,691.77,691.77,690.93,690.94,1379.3
2025-07-14T22:05:00.000000Z,690.94,690.95,690.26,690.53,1312.54
2025-07-14T22:10:00.000000Z,690.53,690.67,690.03,690.41,887.57
2025-07-14T22:15:00.000000Z,690.4,690.51,689.88,690.39,985.35
2025-07-14T22:20:00.000000Z,690.4,691.09,690.11,690.85,834.54
2025-07-14T22:25:00.000000Z,690.85,690.85,690.36,690.81,495.29
2025-07-14T22:30:00.000000Z,690.8,691.99,690.6,690.98,3567.73
2025-07-14T22:35:00.000000Z,690.98,691.39,690.95,691.0,657.24
2025-07-14T22:40:00.000000Z,691.01,691.04,690.78,690.89,472.31
2025-07-14T22:45:00.000000Z,690.89,691.34,690.89,691.11,644.82
2025-07-14T22:50:00.000000Z,691.1,691.19,690.8,691.0,303.81
2025-07-14T22:55:00.000000Z,691.0,691.09,690.82,690.94,368.42
2025-07-14T23:00:00.000000Z,690.95,691.49,690.91,691.06,749.49
2025-07-14T23:05:00.000000Z,691.06,691.07,690.61,690.89,576.55
2025-07-14T23:10:00.000000Z,690.89,690.9,690.52,690.71,609.58
2025-07-14T23:15:00.000000Z,690.71,690.71,689.64,690.0,816.29
2025-07-14T23:20:00.000000Z,690.0,690.01,689.66,689.66,396.72
2025-07-14T23:25:00.000000Z,689.67,689.88,689.48,689.55,521.05
2025-07-14T23:30:00.000000Z,689.54,690.42,689.54,690.33,444.71
2025-07-14T23:35:00.000000Z,690.38,690.46,690.0,690.19,469.67
2025-07-14T23:40:00.000000Z,690.19,690.19,689.8,690.15,567.84
2025-07-14T23:45:00.000000Z,690.14,690.54,690.1,690.28,568.19
2025-07-14T23:50:00.000000Z,690.28,690.28,688.82,688.88,2578.25
2025-07-14T23:55:00.000000Z,688.88,689.46,688.75,689.11,825.15
2025-07-15T00:00:00.000000Z,689.1,689.11,688.35,688.43,1924.96
2025-07-15T00:05:00.000000Z,688.43,688.55,687.45,688.28,3296.05
2025-07-15T00:10:00.000000Z,688.29,688.98,688.18,688.48,1242.25
2025-07-15T00:15:00.000000Z,688.48,689.38,688.39,689.35,860.31
2025-07-15T00:20:00.000000Z,689.36,690.66,689.35,690.47,1157.02
2025-07-15T00:25:00.000000Z,690.48,691.04,690.39,690.77,906.98
2025-07-15T00:30:00.000000Z,690.78,690.78,689.59,689.6,1054.51
2025-07-15T00:35:00.000000Z,689.6,689.71,689.16,689.53,706.97
2025-07-15T00:40:00.000000Z,689.55,689.55,687.55,688.25,1611.32
2025-07-15T00:45:00.000000Z,688.25,688.8,686.72,687.54,2114.05
2025-07-15T00:50:00.000000Z,687.54,688.16,687.49,687.83,1575.04
2025-07-15T00:55:00.000000Z,687.83,687.93,687.17,687.59,897.76
2025-07-15T01:00:00.000000Z,687.59,687.6,685.98,686.44,2032.03
2025-07-15T01:05:00.000000Z,686.43,686.94,685.29,685.45,3353.37
2025-07-15T01:10:00.000000Z,685.45,685.68,684.96,685.54,4005.32
2025-07-15T01:15:00.000000Z,685.54,687.04,685.53,685.59,1755.26
2025-07-15T01:20:00.000000Z,685.6,685.82,683.69,683.79,4117.98
2025-07-15T01:25:00.000000Z,683.79,685.75,682.04,685.67,7043.76
2025-07-15T01:30:00.000000Z,685.67,687.17,685.3,686.97,2096.65
2025-07-15T01:35:00.000000Z,686.96,687.93,686.67,687.93,1007.45
2025-07-15T01:40:00.000000Z,687.93,688.47,687.63,688.08,2137.87
2025-07-15T01:45:00.000000Z,688.08,688.55,687.36,687.37,1344.77
2025-07-15T01:50:00.000000Z,687.36,688.94,687.33,688.13,1140.03
2025-07-15T01:55:00.000000Z,688.13,688.13,685.4,685.85,1345.85
2025-07-15T02:00:00.000000Z,685.85,687.12,685.16,686.75,2276.45
2025-07-15T02:05:00.000000Z,686.73,686.73,685.63,685.92,1544.81
2025-07-15T02:10:00.000000Z,685.93,686.67,684.48,684.67,2126.36
2025-07-15T02:15:00.000000Z,684.67,684.76,682.22,683.5,4607.27
2025-07-15T02:20:00.000000Z,683.5,683.84,682.52,683.05,2028.99
2025-07-15T02:25:00.000000Z,683.06,683.06,681.07,681.46,4848.75
2025-07-15T02:30:00.000000Z,681.47,681.85,681.02,681.09,2907.31
2025-07-15T02:35:00.000000Z,681.08,682.83,681.0,682.28,2343.55
2025-07-15T02:40:00.000000Z,682.28,684.27,682.14,684.05,2345.1
2025-07-15T02:45:00.000000Z,684.05,684.95,683.71,683.96,1866.89
2025-07-15T02:50:00.000000Z,683.96,684.4,683.65,683.89,2173.19
2025-07-15T02:55:00.000000Z,683.88,683.91,682.94,683.26,640.11
2025-07-15T03:00:00.000000Z,683.27,683.41,675.0,678.79,21189.33
2025-07-15T03:05:00.000000Z,678.8,679.94,677.82,678.29,8635.84
2025-07-15T03:10:00.000000Z,678.24,678.48,675.95,678.3,7583.63
2025-07-15T03:15:00.000000Z,678.3,678.3,675.77,676.41,5750.69
2025-07-15T03:20:00.000000Z,676.4,677.86,675.68,677.8,3131.84
2025-07-15T03:25:00.000000Z,677.81,678.25,677.73,677.93,2254.35
2025-07-15T03:30:00.000000Z,677.94,677.94,675.62,676.33,4944.28
2025-07-15T03:35:00.000000Z,676.33,677.0,675.29,676.6,3755.65
2025-07-15T03:40:00.000000Z,676.59,678.74,676.36,678.32,4836.76
2025-07-15T03:45:00.000000Z,678.33,679.76,678.26,679.59,5750.89
2025-07-15T03:50:00.000000Z,679.6,679.82,678.66,678.66,2158.09
2025-07-15T03:55:00.000000Z,678.66,679.9,678.58,679.85,1174.99
2025-07-15T04:00:00.000000Z,679.85,679.85,678.48,678.48,1581.51
2025-07-15T04:05:00.000000Z,678.48,678.62,676.01,677.43,6428.04
2025-07-15T04:10:00.000000Z,677.43,679.72,676.87,679.53,3738.08
2025-07-15T04:15:00.000000Z,679.53,681.19,679.23,680.59,6254.23
2025-07-15T04:20:00.000000Z,680.59,681.64,680.59,681.51,2291.35
2025-07-15T04:25:00.000000Z,681.52,681.88,681.32,681.65,2282.69
2025-07-15T04:30:00.000000Z,681.64,681.65,680.18,680.62,1778.81
2025-07-15T04:35:00.000000Z,680.64,681.27,680.31,681.27,1436.08
2025-07-15T04:40:00.000000Z,681.28,682.1,681.27,681.83,1468.8
2025-07-15T04:45:00.000000Z,681.84,682.38,681.06,682.03,2616.35
2025-07-15T04:50:00.000000Z,682.04,682.87,681.57,682.82,1141.78
2025-07-15T04:55:00.000000Z,682.82,682.87,682.56,682.56,960.53
2025-07-15T05:00:00.000000Z,682.56,683.11,682.56,682.99,1632.32
2025-07-15T05:05:00.000000Z,682.98,683.61,682.87,683.55,1290.94
2025-07-15T05:10:00.000000Z,683.55,683.72,683.0,683.16,782.33
2025-07-15T05:15:00.000000Z,683.16,683.16,682.19,682.56,1280.07
2025-07-15T05:20:00.000000Z,682.56,682.86,682.13,682.64,760.12
2025-07-15T05:25:00.000000Z,682.64,682.94,682.28,682.79,507.39
2025-07-15T05:30:00.000000Z,682.8,682.87,682.01,682.01,1237.26
2025-07-15T05:35:00.000000Z,682.01,682.01,681.1,681.45,2013.08
2025-07-15T05:40:00.000000Z,681.46,682.24,681.32,681.38,972.45
2025-07-15T05:45:00.000000Z,681.39,681.63,680.79,681.17,721.9
2025-07-15T05:50:00.000000Z,681.2,681.71,680.84,681.57,685.88
2025-07-15T05:55:00.000000Z,681.56,681.9,681.43,681.65,522.68
2025-07-15T06:00:00.000000Z,681.65,681.79,680.63,681.32,2007.08
2025-07-15T06:05:00.000000Z,681.32,682.69,681.25,682.03,1493.43
2025-07-15T06:10:00.000000Z,682.02,682.61,681.72,682.18,1861.68
2025-07-15T06:15:00.000000Z,682.19,682.31,681.63,681.72,958.15
2025-07-15T06:20:00.000000Z,681.72,682.11,681.52,681.56,370.47
2025-07-15T06:25:00.000000Z,681.56,681.9,681.22,681.24,423.68
2025-07-15T06:30:00.000000Z,681.25,681.65,680.95,681.32,492.77
2025-07-15T06:35:00.000000Z,681.32,681.55,680.69,681.04,789.75
2025-07-15T06:40:00.000000Z,681.07,681.92,681.07,681.77,707.35
2025-07-15T06:45:00.000000Z,681.77,681.91,681.02,681.53,1032.36
2025-07-15T06:50:00.000000Z,681.53,681.68,681.13,681.2,1024.3
2025-07-15T06:55:00.000000Z,681.2,682.37,681.2,682.18,1288.43
2025-07-15T07:00:00.000000Z,682.19,682.96,682.19,682.33,2890.06
2025-07-15T07:05:00.000000Z,682.33,682.42,681.63,682.08,1399.07
2025-07-15T07:10:00.000000Z,682.09,682.24,681.36,681.44,609.36
2025-07-15T07:15:00.000000Z,681.45,681.57,680.67,680.9,637.26
2025-07-15T07:20:00.000000Z,680.91,681.36,680.91,681.25,447.16
2025-07-15T07:25:00.000000Z,681.25,681.44,680.83,680.83,600.4
2025-07-15T07:30:00.000000Z,680.84,680.84,680.03,680.17,1014.54
2025-07-15T07:35:00.000000Z,680.17,680.36,679.61,679.65,1333.24
2025-07-15T07:40:00.000000Z,679.66,680.54,679.58,679.86,1637.84
2025-07-15T07:45:00.000000Z,679.86,680.02,679.5,679.58,1273.75
2025-07-15T07:50:00.000000Z,679.59,681.0,679.56,680.87,2162.3
2025-07-15T07:55:00.000000Z,680.88,680.92,679.15,679.16,1976.95
2025-07-15T08:00:00.000000Z,679.17,679.68,678.38,678.62,2295.35
2025-07-15T08:05:00.000000Z,678.62,679.48,678.48,679.31,1226.36
2025-07-15T08:10:00.000000Z,679.32,679.75,679.24,679.31,1081.75
2025-07-15T08:15:00.000000Z,679.3,679.35,678.3,678.3,1442.13
2025-07-15T08:20:00.000000Z,678.3,679.76,677.7,679.75,1946.23
2025-07-15T08:25:00.000000Z,679.75,680.47,678.97,680.4,1039.81
2025-07-15T08:30:00.000000Z,680.42,681.05,680.42,680.61,1677.18
2025-07-15T08:35:00.000000Z,680.6,680.73,680.4,680.59,764.88
2025-07-15T08:40:00.000000Z,680.59,680.72,680.41,680.51,561.83
2025-07-15T08:45:00.000000Z,680.52,680.68,680.19,680.23,645.94
2025-07-15T08:50:00.000000Z,680.23,680.23,679.38,679.44,640.6
2025-07-15T08:55:00.000000Z,679.45,679.59,679.21,679.35,480.2
2025-07-15T09:00:00.000000Z,679.35,679.77,679.06,679.57,997.94
2025-07-15T09:05:00.000000Z,679.56,680.1,679.56,680.06,1163.47
2025-07-15T09:10:00.000000Z,680.07,680.2,679.84,680.2,815.92
2025-07-15T09:15:00.000000Z,680.19,680.3,679.24,679.33,1281.35
2025-07-15T09:20:00.000000Z,679.34,679.8,679.24,679.56,528.79
2025-07-15T09:25:00.000000Z,679.57,679.78,679.13,679.13,965.2
2025-07-15T09:30:00.000000Z,679.14,679.14,678.63,678.97,1278.97
2025-07-15T09:35:00.000000Z,678.96,678.99,678.5,678.65,1132.23
2025-07-15T09:40:00.000000Z,678.66,678.88,678.06,678.06,855.71
2025-07-15T09:45:00.000000Z,678.07,678.2,677.58,678.0,1312.65
2025-07-15T09:50:00.000000Z,677.99,678.07,677.29,677.29,1263.47
2025-07-15T09:55:00.000000Z,677.28,677.3,676.46,676.61,1709.82
2025-07-15T10:00:00.000000Z,676.61,677.0,676.39,677.0,1251.65
2025-07-15T10:05:00.000000Z,676.99,677.59,676.81,677.55,887.23
2025-07-15T10:10:00.000000Z,677.55,677.56,676.48,676.48,813.96
2025-07-15T10:15:00.000000Z,676.49,677.69,676.48,677.53,963.96
2025-07-15T10:20:00.000000Z,677.53,678.55,677.48,678.53,1187.73
2025-07-15T10:25:00.000000Z,678.44,678.76,678.29,678.56,957.38
2025-07-15T10:30:00.000000Z,678.56,678.76,678.16,678.68,1382.68
2025-07-15T10:35:00.000000Z,678.68,679.03,678.54,678.65,548.03
2025-07-15T10:40:00.000000Z,678.66,679.67,678.6,679.55,964.34
2025-07-15T10:45:00.000000Z,679.56,679.68,679.15,679.5,684.11
2025-07-15T10:50:00.000000Z,679.5,679.88,679.49,679.85,516.2
2025-07-15T10:55:00.000000Z,679.84,679.85,678.98,679.29,1807.09
2025-07-15T11:00:00.000000Z,679.3,680.35,679.29,679.81,2170.88
2025-07-15T11:05:00.000000Z,679.82,680.01,679.5,679.55,666.85
2025-07-15T11:10:00.000000Z,679.57,679.57,678.9,678.96,732.86
2025-07-15T11:15:00.000000Z,678.96,678.98,677.56,677.56,1113.11
2025-07-15T11:20:00.000000Z,677.56,678.2,677.3,677.79,1090.28
2025-07-15T11:25:00.000000Z,677.79,677.92,677.33,677.33,1535.46
2025-07-15T11:30:00.000000Z,677.34,678.3,677.33,677.95,946.5
2025-07-15T11:35:00.000000Z,677.95,678.53,677.68,678.16,921.6
2025-07-15T11:40:00.000000Z,678.16,678.72,677.88,678.6,510.59
2025-07-15T11:45:00.000000Z,678.61,678.82,678.28,678.82,426.35
2025-07-15T11:50:00.000000Z,678.81,679.77,678.81,679.76,879.8
2025-07-15T11:55:00.000000Z,679.76,680.88,679.76,680.55,1482.31
2025-07-15T12:00:00.000000Z,680.55,681.06,680.42,680.97,1879.65
2025-07-15T12:05:00.000000Z,680.98,681.64,680.87,681.27,5913.48
2025-07-15T12:10:00.000000Z,681.25,681.25,679.97,680.26,3440.02
2025-07-15T12:15:00.000000Z,680.26,680.84,680.08,680.28,860.31
2025-07-15T12:20:00.000000Z,680.28,680.66,680.16,680.66,910.0
2025-07-15T12:25:00.000000Z,680.66,680.79,680.24,680.78,889.35
2025-07-15T12:30:00.000000Z,680.79,683.2,680.79,682.77,4583.14
2025-07-15T12:35:00.000000Z,682.77,682.88,680.78,681.03,3642.57
2025-07-15T12:40:00.000000Z,681.08,681.08,677.65,678.36,3781.59
2025-07-15T12:45:00.000000Z,678.36,681.19,678.31,681.14,1967.15
2025-07-15T12:50:00.000000Z,681.14,681.73,681.06,681.47,1203.21
2025-07-15T12:55:00.000000Z,681.48,681.75,681.26,681.57,1814.24
2025-07-15T13:00:00.000000Z,681.57,682.77,681.31,682.77,1815.71
2025-07-15T13:05:00.000000Z,682.77,684.43,682.56,684.08,6168.88
2025-07-15T13:10:00.000000Z,684.09,684.94,683.67,684.53,2746.32
2025-07-15T13:15:00.000000Z,684.53,684.79,683.53,683.72,2317.24
2025-07-15T13:20:00.000000Z,683.72,683.98,682.96,683.13,1200.43
2025-07-15T13:25:00.000000Z,683.12,684.1,683.06,683.77,1192.22
2025-07-15T13:30:00.000000Z,683.76,684.57,682.99,684.06,2940.99
2025-07-15T13:35:00.000000Z,684.05,684.18,682.43,682.62,5575.12
2025-07-15T13:40:00.000000Z,682.62,685.33,682.42,684.91,2734.32
2025-07-15T13:45:00.000000Z,684.91,685.9,684.68,685.52,2689.45
2025-07-15T13:50:00.000000Z,685.52,686.2,684.66,685.66,2372.9
2025-07-15T13:55:00.000000Z,685.67,686.66,685.5,685.51,2119.32
2025-07-15T14:00:00.000000Z,685.51,686.48,684.99,685.3,3137.67
2025-07-15T14:05:00.000000Z,685.3,687.77,685.15,687.49,3085.64
2025-07-15T14:10:00.000000Z,687.5,687.62,686.84,687.29,1726.66
2025-07-15T14:15:00.000000Z,687.28,687.29,685.2,685.7,2923.68
2025-07-15T14:20:00.000000Z,685.69,685.84,684.58,684.81,1445.79
2025-07-15T14:25:00.000000Z,684.8,684.9,684.23,684.37,2124.04
2025-07-15T14:30:00.000000Z,684.36,684.58,682.63,683.4,2364.5
2025-07-15T14:35:00.000000Z,683.4,683.67,681.53,681.79,4519.83
2025-07-15T14:40:00.000000Z,681.78,682.19,679.49,680.75,4672.67
2025-07-15T14:45:00.000000Z,680.74,681.4,679.85,681.2,2455.37
2025-07-15T14:50:00.000000Z,681.15,681.35,678.16,678.52,6536.24
2025-07-15T14:55:00.000000Z,678.52,679.02,676.8,678.53,6338.83
2025-07-15T15:00:00.000000Z,678.53,679.23,677.47,678.82,4558.85
2025-07-15T15:05:00.000000Z,678.83,681.22,678.62,680.47,3691.91
2025-07-15T15:10:00.000000Z,680.46,680.97,679.98,680.0,1775.72
2025-07-15T15:15:00.000000Z,680.01,681.3,679.84,680.95,2795.5
2025-07-15T15:20:00.000000Z,680.94,680.94,678.84,679.21,2564.99
2025-07-15T15:25:00.000000Z,679.21,680.13,679.04,680.02,1691.12
2025-07-15T15:30:00.000000Z,680.01,681.42,679.59,680.6,1869.61
2025-07-15T15:35:00.000000Z,680.61,681.74,680.6,681.74,1273.99
2025-07-15T15:40:00.000000Z,681.75,682.82,681.36,682.1,2142.36
2025-07-15T15:45:00.000000Z,682.1,683.72,682.1,683.37,2667.11
2025-07-15T15:50:00.000000Z,683.37,684.12,683.12,684.11,2149.02
2025-07-15T15:55:00.000000Z,684.11,684.35,683.04,683.15,1545.34
2025-07-15T16:00:00.000000Z,683.15,684.12,682.67,684.12,2705.26
2025-07-15T16:05:00.000000Z,684.11,684.58,683.62,684.25,3257.28
2025-07-15T16:10:00.000000Z,684.25,684.98,683.66,683.66,2190.46
2025-07-15T16:15:00.000000Z,683.65,684.15,682.84,683.12,1552.74
2025-07-15T16:20:00.000000Z,683.14,684.47,683.08,683.85,1320.26
2025-07-15T16:25:00.000000Z,683.85,684.18,683.02,683.17,1085.57
2025-07-15T16:30:00.000000Z,683.17,684.8,683.17,683.99,1326.36
2025-07-15T16:35:00.000000Z,683.99,684.76,683.82,684.6,614.82
2025-07-15T16:40:00.000000Z,684.6,685.94,684.6,685.93,1297.36
2025-07-15T16:45:00.000000Z,685.94,686.14,685.26,685.26,1805.55
2025-07-15T16:50:00.000000Z,685.26,686.02,684.99,685.36,1092.4
2025-07-15T16:55:00.000000Z,685.37,685.72,684.39,684.9,2010.91
2025-07-15T17:00:00.000000Z,684.89,685.5,684.74,684.84,1922.48
2025-07-15T17:05:00.000000Z,684.84,685.0,683.44,684.0,5694.08
2025-07-15T17:10:00.000000Z,683.99,685.35,683.99,685.26,889.55
2025-07-15T17:15:00.000000Z,685.25,686.0,684.63,685.71,1097.85
2025-07-15T17:20:00.000000Z,685.72,686.13,685.5,686.02,668.4
2025-07-15T17:25:00.000000Z,686.01,686.94,685.84,686.67,1375.3
2025-07-15T17:30:00.000000Z,686.68,686.74,685.88,686.0,1565.77
2025-07-15T17:35:00.000000Z,686.03,687.19,686.02,686.99,1268.64
2025-07-15T17:40:00.000000Z,687.0,687.44,686.9,687.22,1173.63
2025-07-15T17:45:00.000000Z,687.23,687.51,686.97,687.29,1165.69
2025-07-15T17:50:00.000000Z,687.29,687.94,687.22,687.87,1125.79
2025-07-15T17:55:00.000000Z,687.88,688.43,687.72,688.21,1674.66
2025-07-15T18:00:00.000000Z,688.21,688.51,687.54,688.07,3246.86
2025-07-15T18:05:00.000000Z,688.07,688.22,687.46,687.72,2316.34
2025-07-15T18:10:00.000000Z,687.71,688.12,687.61,687.93,796.76
2025-07-15T18:15:00.000000Z,687.92,688.2,687.78,687.89,677.24
2025-07-15T18:20:00.000000Z,687.89,688.98,687.89,688.55,1809.23
2025-07-15T18:25:00.000000Z,688.55,688.72,687.04,687.37,1889.53
2025-07-15T18:30:00.000000Z,687.38,687.49,684.76,685.48,5444.25
2025-07-15T18:35:00.000000Z,685.48,685.59,683.52,684.69,4828.06
2025-07-15T18:40:00.000000Z,684.69,685.73,683.8,684.8,2671.49
2025-07-15T18:45:00.000000Z,684.81,686.18,684.64,685.89,2285.46
2025-07-15T18:50:00.000000Z,685.89,686.63,685.88,686.25,1270.96
2025-07-15T18:55:00.000000Z,686.25,686.39,685.54,685.54,736.34
2025-07-15T19:00:00.000000Z,685.53,686.94,685.14,686.4,1265.91
2025-07-15T19:05:00.000000Z,686.4,687.13,686.1,686.81,882.9
2025-07-15T19:10:00.000000Z,686.8,687.44,686.72,687.15,690.25
2025-07-15T19:15:00.000000Z,687.14,688.02,686.85,688.02,990.6
2025-07-15T19:20:00.000000Z,688.03,688.2,687.6,687.92,1923.89
2025-07-15T19:25:00.000000Z,687.92,688.05,687.26,687.45,729.83
2025-07-15T19:30:00.000000Z,687.45,687.66,686.46,686.46,747.89
2025-07-15T19:35:00.000000Z,686.47,686.74,685.45,686.1,1271.19
2025-07-15T19:40:00.000000Z,686.1,686.58,684.77,684.86,1195.45
2025-07-15T19:45:00.000000Z,684.85,685.01,683.55,684.35,2048.19
2025-07-15T19:50:00.000000Z,684.36,685.12,684.07,684.69,1313.85
2025-07-15T19:55:00.000000Z,684.7,685.34,684.69,684.91,780.26
2025-07-15T20:00:00.000000Z,684.91,685.41,684.01,684.03,1704.27
2025-07-15T20:05:00.000000Z,684.03,684.83,683.6,684.46,1270.32
2025-07-15T20:10:00.000000Z,684.48,686.48,684.48,686.24,1089.37
2025-07-15T20:15:00.000000Z,686.24,686.63,684.78,685.42,1629.78
2025-07-15T20:20:00.000000Z,685.42,685.83,684.92,685.73,744.64
2025-07-15T20:25:00.000000Z,685.73,686.22,685.73,685.98,467.0
2025-07-15T20:30:00.000000Z,685.98,686.22,684.61,685.9,708.89
2025-07-15T20:35:00.000000Z,685.89,685.9,684.87,684.87,599.49
2025-07-15T20:40:00.000000Z,684.86,686.13,684.76,685.88,1812.55
2025-07-15T20:45:00.000000Z,685.88,686.22,685.69,685.86,430.24
2025-07-15T20:50:00.000000Z,685.87,685.9,685.49,685.64,367.68
2025-07-15T20:55:00.000000Z,685.64,685.8,684.96,684.96,681.06
2025-07-15T21:00:00.000000Z,684.97,686.08,684.89,686.05,1180.26
2025-07-15T21:05:00.000000Z,686.05,686.34,685.93,686.23,835.61
2025-07-15T21:10:00.000000Z,686.24,687.42,686.24,687.34,1069.55
2025-07-15T21:15:00.000000Z,687.35,687.38,686.9,687.38,660.44
2025-07-15T21:20:00.000000Z,687.39,687.75,687.1,687.71,619.69
2025-07-15T21:25:00.000000Z,687.71,687.78,687.49,687.69,370.5
2025-07-15T21:30:00.000000Z,687.69,688.0,687.37,687.53,809.96
2025-07-15T21:35:00.000000Z,687.53,688.4,687.5,688.39,347.32
2025-07-15T21:40:00.000000Z,688.4,689.5,688.18,689.26,1618.44
2025-07-15T21:45:00.000000Z,689.26,689.51,688.42,688.66,678.57
2025-07-15T21:50:00.000000Z,688.65,689.18,688.65,689.09,214.71
2025-07-15T21:55:00.000000Z,689.09,689.52,689.02,689.46,279.74
2025-07-15T22:00:00.000000Z,689.46,689.53,687.79,688.1,1392.76
2025-07-15T22:05:00.000000Z,688.09,689.12,688.09,689.12,672.39
2025-07-15T22:10:00.000000Z,689.11,689.33,688.91,689.31,455.71
2025-07-15T22:15:00.000000Z,689.32,689.65,689.06,689.39,1221.56
2025-07-15T22:20:00.000000Z,689.39,689.73,689.32,689.68,382.35
2025-07-15T22:25:00.000000Z,689.68,689.88,689.49,689.5,406.54
2025-07-15T22:30:00.000000Z,689.49,689.61,688.6,688.89,661.7
2025-07-15T22:35:00.000000Z,688.88,689.68,688.88,689.59,478.05
2025-07-15T22:40:00.000000Z,689.58,690.51,689.58,690.5,1221.86
2025-07-15T22:45:00.000000Z,690.51,690.55,689.86,690.18,1326.83
2025-07-15T22:50:00.000000Z,690.18,691.14,690.17,691.01,1487.4
2025-07-15T22:55:00.000000Z,691.0,691.28,691.0,691.21,378.78
2025-07-15T23:00:00.000000Z,691.21,692.8,691.21,692.79,2932.77
2025-07-15T23:05:00.000000Z,692.78,693.25,692.44,693.05,1525.34
2025-07-15T23:10:00.000000Z,693.05,693.18,692.51,693.17,1965.31
2025-07-15T23:15:00.000000Z,693.18,693.54,693.06,693.34,1191.39
2025-07-15T23:20:00.000000Z,693.34,693.34,692.7,692.83,803.73
2025-07-15T23:25:00.000000Z,692.83,693.38,692.83,692.95,975.51
2025-07-15T23:30:00.000000Z,692.95,693.07,692.46,692.5,746.09
2025-07-15T23:35:00.000000Z,692.5,692.82,690.35,690.36,6251.52
2025-07-15T23:40:00.000000Z,690.36,691.5,690.36,691.38,2543.81
2025-07-15T23:45:00.000000Z,691.38,691.38,690.19,690.37,1664.85
2025-07-15T23:50:00.000000Z,690.37,690.5,690.08,690.32,1285.04
2025-07-15T23:55:00.000000Z,690.32,690.52,690.14,690.37,957.55
2025-07-16T00:00:00.000000Z,690.37,690.51,689.92,690.51,2258.73
2025-07-16T00:05:00.000000Z,690.51,690.52,689.45,689.5,1117.68
2025-07-16T00:10:00.000000Z,689.51,689.55,688.68,688.88,1509.49
2025-07-16T00:15:00.000000Z,688.88,690.4,688.8,690.08,1134.84
2025-07-16T00:20:00.000000Z,690.08,691.07,690.0,690.84,809.69
2025-07-16T00:25:00.000000Z,690.85,690.95,690.48,690.92,1047.36
2025-07-16T00:30:00.000000Z,690.92,691.99,690.92,691.81,920.12
2025-07-16T00:35:00.000000Z,691.81,692.73,691.8,692.69,1274.44
2025-07-16T00:40:00.000000Z,692.69,693.15,692.12,692.85,2256.34
2025-07-16T00:45:00.000000Z,692.84,693.97,692.35,693.65,2351.21
2025-07-16T00:50:00.000000Z,693.65,693.94,693.37,693.73,1121.49
2025-07-16T00:55:00.000000Z,693.73,693.73,692.88,693.04,1075.59
2025-07-16T01:00:00.000000Z,693.04,693.04,692.58,692.76,846.98
2025-07-16T01:05:00.000000Z,692.76,692.8,692.24,692.58,651.12
2025-07-16T01:10:00.000000Z,692.58,692.6,691.66,691.79,854.82
2025-07-16T01:15:00.000000Z,691.79,692.24,691.76,692.12,942.4
2025-07-16T01:20:00.000000Z,692.13,692.34,691.6,691.71,736.2
2025-07-16T01:25:00.000000Z,691.72,691.95,691.01,691.38,552.15
2025-07-16T01:30:00.000000Z,691.38,691.65,690.75,691.28,1186.89
2025-07-16T01:35:00.000000Z,691.23,691.48,690.99,691.37,425.21
2025-07-16T01:40:00.000000Z,691.37,691.5,690.65,690.65,424.0
2025-07-16T01:45:00.000000Z,690.65,690.98,690.16,690.97,690.75
2025-07-16T01:50:00.000000Z,690.98,691.6,690.9,691.42,630.62
2025-07-16T01:55:00.000000Z,691.42,691.42,690.22,690.86,835.94
2025-07-16T02:00:00.000000Z,690.87,691.15,690.12,690.12,2128.87
2025-07-16T02:05:00.000000Z,690.12,690.59,689.8,690.33,967.16
2025-07-16T02:10:00.000000Z,690.33,690.9,690.3,690.64,455.02
2025-07-16T02:15:00.000000Z,690.64,690.91,689.07,689.07,1204.5
2025-07-16T02:20:00.000000Z,689.07,689.83,688.43,688.49,1667.02
2025-07-16T02:25:00.000000Z,688.48,688.52,688.04,688.24,1295.07
2025-07-16T02:30:00.000000Z,688.23,688.3,687.32,687.32,1590.38
2025-07-16T02:35:00.000000Z,687.32,687.52,686.78,687.33,1651.8
2025-07-16T02:40:00.000000Z,687.33,687.5,686.28,686.61,1086.4
2025-07-16T02:45:00.000000Z,686.61,687.93,686.53,687.8,1058.81
2025-07-16T02:50:00.000000Z,687.81,688.12,687.41,687.84,616.53
2025-07-16T02:55:00.000000Z,687.84,688.08,687.77,688.07,691.06
2025-07-16T03:00:00.000000Z,688.08,688.98,688.08,688.23,1234.82
2025-07-16T03:05:00.000000Z,688.24,688.5,687.08,687.08,1044.07
2025-07-16T03:10:00.000000Z,687.08,687.81,687.01,687.3,509.2
2025-07-16T03:15:00.000000Z,687.31,688.19,687.31,688.19,920.06
2025-07-16T03:20:00.000000Z,688.18,688.49,687.92,688.11,593.12
2025-07-16T03:25:00.000000Z,688.12,688.26,687.68,687.9,587.55
2025-07-16T03:30:00.000000Z,687.9,688.78,687.89,688.36,426.48
2025-07-16T03:35:00.000000Z,688.37,688.68,688.35,688.36,465.89
2025-07-16T03:40:00.000000Z,688.36,689.05,688.21,688.97,1040.23
2025-07-16T03:45:00.000000Z,688.97,688.97,688.13,688.21,1001.95
2025-07-16T03:50:00.000000Z,688.22,688.5,687.93,688.29,583.23
2025-07-16T03:55:00.000000Z,688.26,688.59,688.2,688.2,588.64
2025-07-16T04:00:00.000000Z,688.21,688.42,687.05,687.46,1507.58
2025-07-16T04:05:00.000000Z,687.45,687.56,686.86,686.87,1053.71
2025-07-16T04:10:00.000000Z,686.86,686.87,685.43,685.44,2071.7
2025-07-16T04:15:00.000000Z,685.44,686.32,685.44,685.89,908.98
2025-07-16T04:20:00.000000Z,685.89,686.49,685.67,686.19,789.33
2025-07-16T04:25:00.000000Z,686.19,686.97,686.12,686.96,505.9
2025-07-16T04:30:00.000000Z,686.96,687.42,686.57,687.23,1029.8
2025-07-16T04:35:00.000000Z,687.23,687.35,686.93,687.35,554.94
2025-07-16T04:40:00.000000Z,687.36,687.48,687.24,687.24,410.64
2025-07-16T04:45:00.000000Z,687.25,687.48,686.83,686.83,530.29
2025-07-16T04:50:00.000000Z,686.84,687.14,686.28,687.14,483.23
2025-07-16T04:55:00.000000Z,687.15,687.6,686.9,687.47,784.92
2025-07-16T05:00:00.000000Z,687.47,688.41,687.3,688.25,1134.97
2025-07-16T05:05:00.000000Z,688.25,688.5,687.92,687.99,1094.08
2025-07-16T05:10:00.000000Z,688.0,688.71,687.93,688.52,585.35
2025-07-16T05:15:00.000000Z,688.52,688.72,688.42,688.61,459.51
2025-07-16T05:20:00.000000Z,688.61,689.07,688.25,688.38,663.83
2025-07-16T05:25:00.000000Z,688.38,688.9,688.26,688.76,312.94
2025-07-16T05:30:00.000000Z,688.76,689.36,688.64,689.36,350.63
2025-07-16T05:35:00.000000Z,689.37,689.57,689.13,689.13,457.72
2025-07-16T05:40:00.000000Z,689.13,689.73,689.04,689.71,620.69
2025-07-16T05:45:00.000000Z,689.7,689.98,689.15,689.15,669.56
2025-07-16T05:50:00.000000Z,689.16,689.53,689.06,689.15,953.95
2025-07-16T05:55:00.000000Z,689.16,689.43,689.15,689.3,821.95
2025-07-16T06:00:00.000000Z,689.3,689.31,688.21,688.79,1788.36
2025-07-16T06:05:00.000000Z,688.79,689.0,688.29,688.7,559.79
2025-07-16T06:10:00.000000Z,688.71,689.08,688.64,688.64,335.77
2025-07-16T06:15:00.000000Z,688.64,689.54,688.64,689.54,585.67
2025-07-16T06:20:00.000000Z,689.54,690.12,689.49,690.01,789.66
2025-07-16T06:25:00.000000Z,689.99,690.0,689.32,689.68,648.07
2025-07-16T06:30:00.000000Z,689.67,690.12,689.52,689.95,658.63
2025-07-16T06:35:00.000000Z,689.96,690.13,689.82,690.03,421.48
2025-07-16T06:40:00.000000Z,690.03,691.03,690.02,690.82,1302.59
2025-07-16T06:45:00.000000Z,690.81,691.0,690.6,690.81,1056.22
2025-07-16T06:50:00.000000Z,690.81,691.15,690.6,690.9,982.47
2025-07-16T06:55:00.000000Z,690.9,691.37,690.73,691.21,1181.74
2025-07-16T07:00:00.000000Z,691.21,691.42,690.9,691.08,1071.41
2025-07-16T07:05:00.000000Z,691.07,691.08,690.53,690.77,665.31
2025-07-16T07:10:00.000000Z,690.78,690.94,690.13,690.57,1593.19
2025-07-16T07:15:00.000000Z,690.57,691.23,690.57,691.23,519.35
2025-07-16T07:20:00.000000Z,691.24,691.64,691.24,691.4,795.98
2025-07-16T07:25:00.000000Z,691.4,692.08,691.39,692.04,1081.89
2025-07-16T07:30:00.000000Z,692.04,692.7,691.84,692.7,850.33
2025-07-16T07:35:00.000000Z,692.7,693.15,692.69,693.15,888.88
2025-07-16T07:40:00.000000Z,693.15,693.66,692.88,693.66,1589.52
2025-07-16T07:45:00.000000Z,693.65,693.8,693.42,693.71,1822.37
2025-07-16T07:50:00.000000Z,693.72,693.88,692.1,692.63,3639.51
2025-07-16T07:55:00.000000Z,692.63,692.64,691.75,692.16,1261.11
2025-07-16T08:00:00.000000Z,692.17,692.43,691.54,691.77,1171.35
2025-07-16T08:05:00.000000Z,691.77,692.24,690.95,691.71,1633.03
2025-07-16T08:10:00.000000Z,691.7,691.77,691.08,691.22,772.65
2025-07-16T08:15:00.000000Z,691.22,692.0,691.21,691.89,767.43
2025-07-16T08:20:00.000000Z,691.9,692.35,691.58,691.87,1111.43
2025-07-16T08:25:00.000000Z,691.87,692.22,691.8,691.89,704.04
2025-07-16T08:30:00.000000Z,691.89,692.32,691.81,692.27,566.59
2025-07-16T08:35:00.000000Z,692.27,693.65,692.24,693.56,3739.37
2025-07-16T08:40:00.000000Z,693.56,693.8,693.37,693.5,910.25
2025-07-16T08:45:00.000000Z,693.5,693.5,692.89,693.24,951.35
2025-07-16T08:50:00.000000Z,693.24,693.44,692.68,693.06,791.77
2025-07-16T08:55:00.000000Z,693.07,693.46,692.89,693.28,876.68
2025-07-16T09:00:00.000000Z,693.29,694.15,693.07,693.92,3861.85
2025-07-16T09:05:00.000000Z,693.92,694.44,693.91,694.44,1035.5
2025-07-16T09:10:00.000000Z,694.43,695.17,694.43,695.15,2405.87
2025-07-16T09:15:00.000000Z,695.15,695.41,694.89,695.33,1462.97
2025-07-16T09:20:00.000000Z,695.32,695.33,694.81,694.89,1095.12
2025-07-16T09:25:00.000000Z,694.89,695.2,694.76,694.92,849.09
2025-07-16T09:30:00.000000Z,694.93,695.76,694.81,695.5,1002.88
2025-07-16T09:35:00.000000Z,695.5,695.6,694.46,694.67,2470.47
2025-07-16T09:40:00.000000Z,694.68,694.95,693.78,694.13,1972.48
2025-07-16T09:45:00.000000Z,694.14,695.38,694.0,695.3,1777.44
2025-07-16T09:50:00.000000Z,695.3,695.45,695.1,695.26,1041.17
2025-07-16T09:55:00.000000Z,695.27,695.42,694.72,695.23,1266.03
2025-07-16T10:00:00.000000Z,695.24,695.31,694.86,695.07,1203.69
2025-07-16T10:05:00.000000Z,695.06,695.07,694.51,694.68,938.42
2025-07-16T10:10:00.000000Z,694.68,695.07,694.32,694.45,1238.08
2025-07-16T10:15:00.000000Z,694.44,694.44,693.8,694.32,1077.31
2025-07-16T10:20:00.000000Z,694.31,694.88,694.27,694.88,560.11
2025-07-16T10:25:00.000000Z,694.88,694.89,694.04,694.04,567.01
2025-07-16T10:30:00.000000Z,694.04,694.44,693.9,694.24,568.19
2025-07-16T10:35:00.000000Z,694.23,694.39,693.98,694.32,1064.25
2025-07-16T10:40:00.000000Z,694.32,694.6,693.36,693.55,1453.84
2025-07-16T10:45:00.000000Z,693.55,694.52,693.55,694.41,4509.56
2025-07-16T10:50:00.000000Z,694.41,694.6,694.04,694.2,477.59
2025-07-16T10:55:00.000000Z,694.21,694.36,693.52,693.57,1157.11
2025-07-16T11:00:00.000000Z,693.56,694.44,693.56,694.37,1705.75
2025-07-16T11:05:00.000000Z,694.37,694.88,694.36,694.71,1404.25
2025-07-16T11:10:00.000000Z,694.71,694.95,694.2,694.58,932.25
2025-07-16T11:15:00.000000Z,694.53,694.59,692.76,693.15,2351.22
2025-07-16T11:20:00.000000Z,693.14,693.26,692.28,692.48,1484.4
2025-07-16T11:25:00.000000Z,692.47,694.0,692.47,693.88,900.24
2025-07-16T11:30:00.000000Z,693.88,694.05,693.24,693.47,560.26
2025-07-16T11:35:00.000000Z,693.45,694.33,693.4,694.25,586.82
2025-07-16T11:40:00.000000Z,694.25,694.64,694.24,694.48,800.72
2025-07-16T11:45:00.000000Z,694.48,695.07,694.41,695.07,776.99
2025-07-16T11:50:00.000000Z,695.06,695.14,694.86,695.04,544.21
2025-07-16T11:55:00.000000Z,695.04,695.04,693.99,694.7,3570.03
2025-07-16T12:00:00.000000Z,694.69,695.29,694.64,695.26,811.63
2025-07-16T12:05:00.000000Z,695.29,696.21,695.28,695.93,1988.69
2025-07-16T12:10:00.000000Z,695.92,695.93,694.15,694.28,2073.4
2025-07-16T12:15:00.000000Z,694.28,694.5,693.65,694.04,1829.21
2025-07-16T12:20:00.000000Z,694.04,694.04,693.0,693.15,1910.44
2025-07-16T12:25:00.000000Z,693.15,694.38,693.15,694.38,928.74
2025-07-16T12:30:00.000000Z,694.38,695.0,692.98,694.8,2936.79
2025-07-16T12:35:00.000000Z,694.8,694.8,693.93,694.26,1953.45
2025-07-16T12:40:00.000000Z,694.27,694.89,694.01,694.17,1802.42
2025-07-16T12:45:00.000000Z,694.17,694.7,693.83,693.84,964.35
2025-07-16T12:50:00.000000Z,693.84,694.35,693.65,693.85,857.86
2025-07-16T12:55:00.000000Z,693.85,694.26,693.12,693.12,938.05
2025-07-16T13:00:00.000000Z,693.13,693.39,692.3,693.15,4056.71
2025-07-16T13:05:00.000000Z,693.15,693.38,692.02,692.98,3644.01
2025-07-16T13:10:00.000000Z,692.93,693.54,692.56,692.79,1054.1
2025-07-16T13:15:00.000000Z,692.79,693.27,692.44,693.07,937.61
2025-07-16T13:20:00.000000Z,693.08,694.65,692.24,692.43,8289.48
2025-07-16T13:25:00.000000Z,692.44,693.18,691.46,691.91,4786.63
2025-07-16T13:30:00.000000Z,691.91,692.71,691.33,692.35,3453.83
2025-07-16T13:35:00.000000Z,692.35,692.41,691.31,691.6,2168.06
2025-07-16T13:40:00.000000Z,691.6,691.74,691.03,691.29,1693.24
2025-07-16T13:45:00.000000Z,691.28,692.94,691.16,692.37,4307.54
2025-07-16T13:50:00.000000Z,692.37,693.32,691.92,692.48,2546.04
2025-07-16T13:55:00.000000Z,692.47,693.35,692.2,693.08,1144.79
2025-07-16T14:00:00.000000Z,693.09,694.79,693.0,694.73,3685.99
2025-07-16T14:05:00.000000Z,694.73,695.08,693.15,693.85,2598.62
2025-07-16T14:10:00.000000Z,693.87,693.97,692.41,692.44,1309.99
2025-07-16T14:15:00.000000Z,692.45,693.19,692.2,693.11,1171.2
2025-07-16T14:20:00.000000Z,693.11,693.47,692.85,693.02,597.21
2025-07-16T14:25:00.000000Z,693.01,693.87,692.64,693.87,704.11
2025-07-16T14:30:00.000000Z,693.86,695.99,693.48,695.82,3803.9
2025-07-16T14:35:00.000000Z,695.81,696.25,695.11,695.99,2570.86
2025-07-16T14:40:00.000000Z,696.0,698.06,695.67,697.93,6357.61
2025-07-16T14:45:00.000000Z,697.92,700.19,697.92,700.07,6294.85
2025-07-16T14:50:00.000000Z,700.07,701.35,699.48,700.11,12256.04
2025-07-16T14:55:00.000000Z,700.12,704.44,699.97,703.84,12240.76
2025-07-16T15:00:00.000000Z,703.83,706.8,703.8,705.79,13065.94
2025-07-16T15:05:00.000000Z,705.8,707.08,703.88,704.51,13245.63
2025-07-16T15:10:00.000000Z,704.51,705.68,702.54,702.61,6927.93
2025-07-16T15:15:00.000000Z,702.61,702.63,700.13,701.24,9565.14
2025-07-16T15:20:00.000000Z,701.23,701.33,699.56,700.12,6539.3
2025-07-16T15:25:00.000000Z,700.11,702.22,699.89,701.81,3000.8
2025-07-16T15:30:00.000000Z,701.81,702.33,699.87,700.08,4469.95
2025-07-16T15:35:00.000000Z,700.09,700.09,697.0,698.59,6014.0
2025-07-16T15:40:00.000000Z,698.6,699.81,698.58,699.46,2583.51
2025-07-16T15:45:00.000000Z,699.46,700.81,698.96,700.79,2287.77
2025-07-16T15:50:00.000000Z,700.79,701.26,699.43,700.24,2686.1
2025-07-16T15:55:00.000000Z,700.26,701.16,699.92,700.68,1818.2
2025-07-16T16:00:00.000000Z,700.68,701.35,699.82,699.84,3068.95
2025-07-16T16:05:00.000000Z,699.85,700.91,699.17,700.15,2109.45
2025-07-16T16:10:00.000000Z,700.15,701.73,699.72,700.8,5309.01
2025-07-16T16:15:00.000000Z,700.8,700.9,699.73,700.55,1968.43
2025-07-16T16:20:00.000000Z,700.55,701.32,700.35,701.15,2777.55
2025-07-16T16:25:00.000000Z,701.14,702.71,700.16,702.26,2785.09
2025-07-16T16:30:00.000000Z,702.26,702.6,701.08,701.08,2441.63
2025-07-16T16:35:00.000000Z,701.07,701.97,700.44,701.56,2405.02
2025-07-16T16:40:00.000000Z,701.56,701.96,701.24,701.4,1733.55
2025-07-16T16:45:00.000000Z,701.41,701.52,700.76,700.76,1344.35
2025-07-16T16:50:00.000000Z,700.77,700.88,700.48,700.71,1298.66
2025-07-16T16:55:00.000000Z,700.7,701.71,700.45,701.48,1942.31
2025-07-16T17:00:00.000000Z,701.47,702.01,700.33,700.68,3181.99
2025-07-16T17:05:00.000000Z,700.68,701.17,700.53,701.08,1166.95
2025-07-16T17:10:00.000000Z,701.08,701.15,700.73,700.81,1055.85
2025-07-16T17:15:00.000000Z,700.81,701.24,700.75,701.16,1116.23
2025-07-16T17:20:00.000000Z,701.17,702.64,701.12,702.64,2364.43
2025-07-16T17:25:00.000000Z,702.64,703.31,702.05,703.31,4682.35
2025-07-16T17:30:00.000000Z,703.31,703.66,702.85,702.88,3075.94
2025-07-16T17:35:00.000000Z,702.87,703.09,702.07,702.74,1722.77
2025-07-16T17:40:00.000000Z,702.74,703.37,702.47,702.58,1191.74
2025-07-16T17:45:00.000000Z,702.59,703.77,702.58,703.5,1331.48
2025-07-16T17:50:00.000000Z,703.5,705.52,702.68,705.11,5762.06
2025-07-16T17:55:00.000000Z,705.11,706.54,704.24,706.25,7010.79
2025-07-16T18:00:00.000000Z,706.26,707.66,705.84,707.65,5529.1
2025-07-16T18:05:00.000000Z,707.65,710.64,707.61,709.99,17004.75
2025-07-16T18:10:00.000000Z,709.99,710.05,708.25,709.39,5431.28
2025-07-16T18:15:00.000000Z,709.39,710.2,709.24,710.1,3863.5
2025-07-16T18:20:00.000000Z,710.1,710.32,709.49,710.1,4701.61
2025-07-16T18:25:00.000000Z,710.09,710.22,709.37,709.39,2292.31
2025-07-16T18:30:00.000000Z,709.38,711.43,709.38,710.69,5488.02
2025-07-16T18:35:00.000000Z,710.69,711.47,710.03,710.04,5079.11
2025-07-16T18:40:00.000000Z,710.03,710.58,709.6,710.16,2269.76
2025-07-16T18:45:00.000000Z,710.16,710.33,707.87,708.58,4061.07
2025-07-16T18:50:00.000000Z,708.57,708.62,707.34,708.53,4667.62
2025-07-16T18:55:00.000000Z,708.54,709.25,707.83,708.07,5692.82
2025-07-16T19:00:00.000000Z,708.06,709.77,708.06,708.27,2492.3
2025-07-16T19:05:00.000000Z,708.27,708.86,707.73,708.08,1358.17
2025-07-16T19:10:00.000000Z,708.08,708.08,706.04,706.37,2380.54
2025-07-16T19:15:00.000000Z,706.37,708.1,706.37,708.06,1834.16
2025-07-16T19:20:00.000000Z,708.05,708.68,707.7,708.32,7370.33
2025-07-16T19:25:00.000000Z,708.28,708.77,708.06,708.24,2582.47
2025-07-16T19:30:00.000000Z,708.23,708.23,706.34,706.62,1845.93
2025-07-16T19:35:00.000000Z,706.62,707.35,706.45,706.92,1213.76
2025-07-16T19:40:00.000000Z,706.91,706.92,706.29,706.53,648.09
2025-07-16T19:45:00.000000Z,706.52,707.49,706.35,707.0,2718.5
2025-07-16T19:50:00.000000Z,706.99,706.99,704.88,705.85,6756.57
2025-07-16T19:55:00.000000Z,705.86,707.27,705.38,706.97,1821.04
2025-07-16T20:00:00.000000Z,706.96,710.23,706.94,709.73,4164.14
2025-07-16T20:05:00.000000Z,709.75,709.8,708.16,708.91,4378.68
2025-07-16T20:10:00.000000Z,708.91,710.0,707.61,709.93,2333.29
2025-07-16T20:15:00.000000Z,709.92,710.13,709.26,709.95,2159.61
2025-07-16T20:20:00.000000Z,709.96,710.91,709.64,710.9,1572.43
2025-07-16T20:25:00.000000Z,710.91,712.04,710.9,711.87,4213.16
2025-07-16T20:30:00.000000Z,711.87,712.61,711.2,712.35,2483.28
2025-07-16T20:35:00.000000Z,712.36,713.85,712.36,713.52,9251.7
2025-07-16T20:40:00.000000Z,713.51,713.73,712.7,713.73,2006.05
2025-07-16T20:45:00.000000Z,713.73,713.86,712.11,712.6,2705.46
2025-07-16T20:50:00.000000Z,712.6,713.26,711.34,712.01,2416.37
2025-07-16T20:55:00.000000Z,712.01,713.45,711.75,712.98,1693.47
2025-07-16T21:00:00.000000Z,712.97,715.19,712.97,714.18,8813.4
2025-07-16T21:05:00.000000Z,714.18,714.21,713.21,713.69,2262.81
2025-07-16T21:10:00.000000Z,713.68,714.6,713.68,713.87,1864.87
2025-07-16T21:15:00.000000Z,713.86,714.36,712.92,713.35,1817.96
2025-07-16T21:20:00.000000Z,713.36,714.66,713.33,714.52,2016.76
2025-07-16T21:25:00.000000Z,714.52,715.99,714.48,714.83,7354.63
2025-07-16T21:30:00.000000Z,714.84,714.84,713.0,713.01,2570.05
2025-07-16T21:35:00.000000Z,713.01,713.44,711.31,713.02,2375.33
2025-07-16T21:40:00.000000Z,713.02,713.24,712.24,712.24,1337.73
2025-07-16T21:45:00.000000Z,712.24,713.5,712.24,713.5,669.27
2025-07-16T21:50:00.000000Z,713.49,714.29,713.49,714.04,554.61
2025-07-16T21:55:00.000000Z,714.03,714.03,712.35,712.82,1268.88
2025-07-16T22:00:00.000000Z,712.83,714.97,712.83,714.09,4840.29
2025-07-16T22:05:00.000000Z,714.09,714.62,713.06,714.56,2085.52
2025-07-16T22:10:00.000000Z,714.56,714.59,713.76,714.05,974.35
2025-07-16T22:15:00.000000Z,714.05,714.79,713.5,714.74,1508.95
2025-07-16T22:20:00.000000Z,714.74,715.29,714.01,714.01,1578.95
2025-07-16T22:25:00.000000Z,714.0,714.63,713.08,714.39,2227.37
2025-07-16T22:30:00.000000Z,714.39,715.23,713.68,714.01,1782.7
2025-07-16T22:35:00.000000Z,714.01,714.89,713.2,713.5,2417.12
2025-07-16T22:40:00.000000Z,713.5,713.9,712.71,713.84,3053.41
2025-07-16T22:45:00.000000Z,713.84,714.05,709.92,710.29,5975.47
2025-07-16T22:50:00.000000Z,710.28,711.36,709.8,710.85,4280.47
2025-07-16T22:55:00.000000Z,710.84,712.2,710.63,711.19,2452.3
2025-07-16T23:00:00.000000Z,711.18,712.0,709.24,709.4,3222.8
2025-07-16T23:05:00.000000Z,709.4,710.6,709.16,709.31,3032.32
2025-07-16T23:10:00.000000Z,709.3,709.94,709.1,709.44,1844.9
2025-07-16T23:15:00.000000Z,709.43,709.44,706.91,706.96,6688.09
2025-07-16T23:20:00.000000Z,706.96,709.5,706.95,709.15,2900.77
2025-07-16T23:25:00.000000Z,709.15,709.28,708.31,709.07,1785.95
2025-07-16T23:30:00.000000Z,709.07,709.25,707.57,707.99,1272.64
2025-07-16T23:35:00.000000Z,707.99,709.15,707.68,708.79,1221.38
2025-07-16T23:40:00.000000Z,708.8,709.78,708.71,708.93,1667.06
2025-07-16T23:45:00.000000Z,708.93,710.03,708.48,708.77,1449.81
2025-07-16T23:50:00.000000Z,708.78,708.78,707.57,708.64,1831.89
2025-07-16T23:55:00.000000Z,708.64,709.2,708.17,709.13,912.85
2025-07-17T00:00:00.000000Z,709.13,710.28,708.74,709.81,2748.43
2025-07-17T00:05:00.000000Z,709.82,710.19,708.77,708.99,1489.21
2025-07-17T00:10:00.000000Z,708.99,710.22,708.79,709.57,1814.39
2025-07-17T00:15:00.000000Z,709.56,711.93,709.56,711.72,2444.65
2025-07-17T00:20:00.000000Z,711.75,713.53,711.68,713.15,4695.34
2025-07-17T00:25:00.000000Z,713.14,714.16,712.91,713.77,2708.01
2025-07-17T00:30:00.000000Z,713.77,716.45,713.4,715.86,7665.71
2025-07-17T00:35:00.000000Z,715.82,716.14,714.68,715.33,4394.23
2025-07-17T00:40:00.000000Z,715.33,716.2,714.56,715.72,2700.14
2025-07-17T00:45:00.000000Z,715.72,718.4,715.12,718.16,13137.59
2025-07-17T00:50:00.000000Z,718.16,718.22,716.48,717.72,5389.69
2025-07-17T00:55:00.000000Z,717.71,718.0,715.34,717.65,7779.76
2025-07-17T01:00:00.000000Z,717.65,718.22,716.52,718.01,6776.08
2025-07-17T01:05:00.000000Z,718.0,721.08,717.6,718.27,16574.63
2025-07-17T01:10:00.000000Z,718.27,718.27,715.47,717.91,5306.71
2025-07-17T01:15:00.000000Z,717.92,721.09,717.2,719.12,11443.64
2025-07-17T01:20:00.000000Z,719.13,719.13,714.09,715.75,9186.4
2025-07-17T01:25:00.000000Z,715.75,719.63,714.99,716.31,9068.88
2025-07-17T01:30:00.000000Z,716.32,717.07,712.94,713.04,5486.3
2025-07-17T01:35:00.000000Z,713.04,714.28,712.34,714.04,5308.06
2025-07-17T01:40:00.000000Z,714.05,714.9,713.39,714.61,2957.57
2025-07-17T01:45:00.000000Z,714.6,714.69,708.76,708.83,9940.46
2025-07-17T01:50:00.000000Z,708.81,712.48,708.17,712.32,7894.82
2025-07-17T01:55:00.000000Z,712.32,715.35,712.04,714.31,3439.35
2025-07-17T02:00:00.000000Z,714.31,714.53,712.6,714.4,3612.33
2025-07-17T02:05:00.000000Z,714.4,717.0,714.39,716.89,8723.31
2025-07-17T02:10:00.000000Z,716.89,718.11,716.44,716.96,3496.91
2025-07-17T02:15:00.000000Z,716.96,718.87,716.81,717.6,3921.59
2025-07-17T02:20:00.000000Z,717.6,719.75,717.6,719.43,4649.4
2025-07-17T02:25:00.000000Z,719.43,724.2,719.22,722.12,19340.43
2025-07-17T02:30:00.000000Z,722.12,723.89,721.0,721.03,8661.97
2025-07-17T02:35:00.000000Z,721.03,722.06,719.44,719.66,5688.48
2025-07-17T02:40:00.000000Z,719.66,721.56,719.37,719.82,4075.87
2025-07-17T02:45:00.000000Z,719.82,720.06,716.99,718.76,5862.12
2025-07-17T02:50:00.000000Z,718.75,720.79,718.67,720.34,2671.22
2025-07-17T02:55:00.000000Z,720.34,720.83,717.64,718.79,3008.33
2025-07-17T03:00:00.000000Z,718.8,719.19,715.69,717.32,4065.17
2025-07-17T03:05:00.000000Z,717.32,717.33,715.14,716.04,2231.86
2025-07-17T03:10:00.000000Z,716.04,716.39,714.31,714.66,3164.27
2025-07-17T03:15:00.000000Z,714.66,715.4,714.07,714.64,3055.0
2025-07-17T03:20:00.000000Z,714.64,716.45,713.55,713.55,2198.67
2025-07-17T03:25:00.000000Z,713.56,713.79,710.47,710.68,6281.59
2025-07-17T03:30:00.000000Z,710.67,712.12,709.67,711.83,6661.61
2025-07-17T03:35:00.000000Z,711.83,712.01,709.55,710.0,4277.09
2025-07-17T03:40:00.000000Z,710.0,710.16,708.68,709.21,4137.56
2025-07-17T03:45:00.000000Z,709.2,709.73,708.84,708.84,4537.38
2025-07-17T03:50:00.000000Z,708.85,709.66,708.08,709.15,3279.81
2025-07-17T03:55:00.000000Z,709.15,709.94,708.96,709.75,3997.36
2025-07-17T04:00:00.000000Z,709.74,709.74,708.84,709.03,2288.07
2025-07-17T04:05:00.000000Z,709.03,709.93,708.2,709.93,1940.77
2025-07-17T04:10:00.000000Z,709.93,710.11,709.62,710.1,3660.45
2025-07-17T04:15:00.000000Z,710.11,710.11,709.34,709.61,1797.75
2025-07-17T04:20:00.000000Z,709.56,710.12,709.19,709.85,1536.6
2025-07-17T04:25:00.000000Z,709.85,710.08,709.15,709.91,1232.52
2025-07-17T04:30:00.000000Z,709.91,710.18,709.8,709.96,2263.95
2025-07-17T04:35:00.000000Z,709.97,710.14,709.8,710.01,1267.23
2025-07-17T04:40:00.000000Z,710.0,710.34,709.94,710.23,4087.52
2025-07-17T04:45:00.000000Z,710.23,710.33,709.73,709.76,1571.79
2025-07-17T04:50:00.000000Z,709.76,711.15,709.55,711.12,2717.24
2025-07-17T04:55:00.000000Z,711.12,711.4,710.87,711.4,3960.48
2025-07-17T05:00:00.000000Z,711.4,711.4,709.54,709.54,2918.75
2025-07-17T05:05:00.000000Z,709.54,709.74,707.32,707.41,7153.04
2025-07-17T05:10:00.000000Z,707.41,708.6,707.08,707.74,1827.09
2025-07-17T05:15:00.000000Z,707.73,708.36,707.52,707.83,1641.28
2025-07-17T05:20:00.000000Z,707.83,708.68,707.61,708.3,1063.29
2025-07-17T05:25:00.000000Z,708.31,710.0,708.21,709.93,1133.56
2025-07-17T05:30:00.000000Z,709.93,710.36,708.62,709.38,2086.8
2025-07-17T05:35:00.000000Z,709.38,710.71,708.86,710.06,1922.51
2025-07-17T05:40:00.000000Z,710.06,711.79,710.05,711.64,2532.21
2025-07-17T05:45:00.000000Z,711.64,713.31,711.14,712.64,2930.75
2025-07-17T05:50:00.000000Z,712.65,712.8,712.27,712.56,1615.74
2025-07-17T05:55:00.000000Z,712.56,712.99,712.46,712.83,895.51
2025-07-17T06:00:00.000000Z,712.83,713.52,712.26,713.38,1243.71
2025-07-17T06:05:00.000000Z,713.38,714.79,713.32,714.23,3317.74
2025-07-17T06:10:00.000000Z,714.23,714.23,711.31,711.72,2282.87
2025-07-17T06:15:00.000000Z,711.71,711.76,710.3,710.97,1535.72
2025-07-17T06:20:00.000000Z,710.96,715.94,710.89,715.82,4554.45
2025-07-17T06:25:00.000000Z,715.82,718.0,715.58,717.27,6361.71
2025-07-17T06:30:00.000000Z,717.28,723.84,716.83,720.4,23921.19
2025-07-17T06:35:00.000000Z,720.41,722.25,718.76,721.7,13828.05
2025-07-17T06:40:00.000000Z,721.7,722.78,719.52,721.25,8372.82
2025-07-17T06:45:00.000000Z,721.24,721.56,720.08,721.23,2958.86
2025-07-17T06:50:00.000000Z,721.23,721.32,719.73,720.49,4067.14
2025-07-17T06:55:00.000000Z,720.5,721.23,720.04,720.99,2578.84
2025-07-17T07:00:00.000000Z,721.0,721.11,718.15,719.74,6057.83
2025-07-17T07:05:00.000000Z,719.69,719.69,716.84,717.1,3589.72
2025-07-17T07:10:00.000000Z,717.1,719.6,716.92,717.87,5268.8
2025-07-17T07:15:00.000000Z,717.87,719.12,717.23,717.23,2633.35
2025-07-17T07:20:00.000000Z,717.23,717.34,716.04,716.79,2706.1
2025-07-17T07:25:00.000000Z,716.79,716.87,715.67,715.83,1804.6
2025-07-17T07:30:00.000000Z,715.83,717.0,715.83,716.84,3193.75
2025-07-17T07:35:00.000000Z,716.83,718.61,716.48,718.29,2042.84
2025-07-17T07:40:00.000000Z,718.3,719.8,718.29,719.53,4882.63
2025-07-17T07:45:00.000000Z,719.52,720.15,719.29,719.68,2716.1
2025-07-17T07:50:00.000000Z,719.68,720.62,719.36,719.43,2352.69
2025-07-17T07:55:00.000000Z,719.43,721.64,719.34,721.19,2363.17
2025-07-17T08:00:00.000000Z,721.19,721.66,720.44,721.19,3126.12
2025-07-17T08:05:00.000000Z,721.19,721.32,719.96,720.09,3869.02
2025-07-17T08:10:00.000000Z,720.07,720.32,719.58,719.88,2785.12
2025-07-17T08:15:00.000000Z,719.87,720.76,719.53,720.37,3164.45
2025-07-17T08:20:00.000000Z,720.38,720.38,715.66,716.01,13701.9
2025-07-17T08:25:00.000000Z,716.01,716.6,714.76,716.35,7164.28
2025-07-17T08:30:00.000000Z,716.35,716.35,715.12,715.71,4824.61
2025-07-17T08:35:00.000000Z,715.7,716.35,715.0,716.06,2238.62
2025-07-17T08:40:00.000000Z,716.05,717.28,715.84,716.88,1976.04
2025-07-17T08:45:00.000000Z,716.88,716.92,716.28,716.36,1052.97
2025-07-17T08:50:00.000000Z,716.4,716.96,715.96,716.92,1162.15
2025-07-17T08:55:00.000000Z,716.92,718.39,716.85,718.25,3033.36
2025-07-17T09:00:00.000000Z,718.25,719.19,717.41,718.89,2561.72
2025-07-17T09:05:00.000000Z,718.89,719.67,718.89,719.43,4892.37
2025-07-17T09:10:00.000000Z,719.42,719.6,717.06,717.09,6618.71
2025-07-17T09:15:00.000000Z,717.09,717.09,714.4,714.89,3948.84
2025-07-17T09:20:00.000000Z,714.88,716.86,714.88,716.33,2809.3
2025-07-17T09:25:00.000000Z,716.33,717.94,715.74,717.84,3317.8
2025-07-17T09:30:00.000000Z,717.84,718.69,717.56,717.75,6114.28
2025-07-17T09:35:00.000000Z,717.75,719.46,717.68,719.18,2724.49
2025-07-17T09:40:00.000000Z,719.18,720.26,718.77,720.21,3689.41
2025-07-17T09:45:00.000000Z,720.2,720.88,719.29,720.88,3877.65
2025-07-17T09:50:00.000000Z,720.89,722.19,720.59,721.85,5258.6
2025-07-17T09:55:00.000000Z,721.88,721.96,720.39,721.06,5054.49
2025-07-17T10:00:00.000000Z,721.06,721.24,718.41,718.42,5787.95
2025-07-17T10:05:00.000000Z,718.42,718.79,715.68,716.84,13124.33
2025-07-17T10:10:00.000000Z,716.84,717.36,716.31,716.65,3004.6
2025-07-17T10:15:00.000000Z,716.65,718.1,716.42,717.65,2071.93
2025-07-17T10:20:00.000000Z,717.65,719.67,717.44,718.88,4651.28
2025-07-17T10:25:00.000000Z,718.88,718.89,716.83,717.6,2116.66
2025-07-17T10:30:00.000000Z,717.61,718.04,716.89,716.89,1619.8
2025-07-17T10:35:00.000000Z,716.9,718.0,715.87,717.53,2519.85
2025-07-17T10:40:00.000000Z,717.53,717.66,715.6,715.98,4013.29
2025-07-17T10:45:00.000000Z,715.99,716.76,715.62,716.01,2597.83
2025-07-17T10:50:00.000000Z,716.01,716.17,715.27,715.61,1735.85
2025-07-17T10:55:00.000000Z,715.61,717.2,715.61,716.26,1591.88
2025-07-17T11:00:00.000000Z,716.26,716.94,715.64,716.27,1909.9
2025-07-17T11:05:00.000000Z,716.26,717.95,716.22,717.66,2688.49
2025-07-17T11:10:00.000000Z,717.65,719.6,717.56,719.44,2986.95
2025-07-17T11:15:00.000000Z,719.43,719.9,718.62,719.68,3184.48
2025-07-17T11:20:00.000000Z,719.68,719.7,718.26,719.57,2385.25
2025-07-17T11:25:00.000000Z,719.57,720.13,718.76,719.56,3454.5
2025-07-17T11:30:00.000000Z,719.55,719.67,717.6,718.31,2729.21
2025-07-17T11:35:00.000000Z,718.31,720.16,718.08,719.88,3070.44
2025-07-17T11:40:00.000000Z,719.87,720.01,718.9,719.13,3193.41
2025-07-17T11:45:00.000000Z,719.13,719.2,718.01,718.69,983.98
2025-07-17T11:50:00.000000Z,718.7,719.99,718.47,719.51,1280.45
2025-07-17T11:55:00.000000Z,719.5,719.5,718.0,718.04,2135.42
2025-07-17T12:00:00.000000Z,718.05,718.54,716.44,716.54,2257.58
2025-07-17T12:05:00.000000Z,716.55,716.81,714.95,715.58,4768.64
2025-07-17T12:10:00.000000Z,715.52,718.29,715.52,718.27,1708.09
2025-07-17T12:15:00.000000Z,718.27,718.59,716.8,717.04,2016.62
2025-07-17T12:20:00.000000Z,717.03,717.03,714.49,714.99,3601.38
2025-07-17T12:25:00.000000Z,714.99,715.32,714.22,714.68,1804.11
2025-07-17T12:30:00.000000Z,714.67,716.33,714.29,715.77,2381.42
2025-07-17T12:35:00.000000Z,715.79,717.08,715.72,716.55,1237.15
2025-07-17T12:40:00.000000Z,716.55,718.64,716.21,718.47,2106.82
2025-07-17T12:45:00.000000Z,718.48,719.37,718.42,719.29,2512.17
2025-07-17T12:50:00.000000Z,719.29,719.88,718.74,719.76,3523.94
2025-07-17T12:55:00.000000Z,719.76,720.11,719.41,719.41,1774.48
2025-07-17T13:00:00.000000Z,719.42,720.0,718.94,719.97,1956.63
2025-07-17T13:05:00.000000Z,719.97,720.05,717.29,718.15,4858.85
2025-07-17T13:10:00.000000Z,718.15,720.07,718.06,719.07,3683.69
2025-07-17T13:15:00.000000Z,719.06,719.07,717.17,718.69,2349.1
2025-07-17T13:20:00.000000Z,718.69,719.76,718.26,718.6,2225.19
2025-07-17T13:25:00.000000Z,718.64,719.83,718.64,719.36,1783.59
2025-07-17T13:30:00.000000Z,719.35,719.84,716.7,716.89,3398.11
2025-07-17T13:35:00.000000Z,716.88,718.89,716.63,717.57,2659.86
2025-07-17T13:40:00.000000Z,717.58,718.2,713.84,713.85,5026.93
2025-07-17T13:45:00.000000Z,713.85,715.89,712.03,715.86,9567.8
2025-07-17T13:50:00.000000Z,715.86,719.33,715.86,719.24,4040.84
2025-07-17T13:55:00.000000Z,719.24,722.97,718.8,720.51,15136.48
2025-07-17T14:00:00.000000Z,720.5,727.17,720.42,725.1,33187.13
2025-07-17T14:05:00.000000Z,725.11,727.44,724.36,725.57,13202.37
2025-07-17T14:10:00.000000Z,725.66,726.86,724.15,726.66,8377.87
2025-07-17T14:15:00.000000Z,726.61,727.37,724.25,724.73,7795.15
2025-07-17T14:20:00.000000Z,724.73,728.4,724.54,726.0,6491.74
2025-07-17T14:25:00.000000Z,725.99,727.61,725.88,727.56,4571.92
2025-07-17T14:30:00.000000Z,727.57,727.57,725.9,725.91,3021.08
2025-07-17T14:35:00.000000Z,725.91,726.64,725.46,725.9,2982.27
2025-07-17T14:40:00.000000Z,725.91,725.91,724.3,724.53,2314.23
2025-07-17T14:45:00.000000Z,724.52,725.73,724.48,724.6,2274.93
2025-07-17T14:50:00.000000Z,724.61,725.25,724.39,724.64,1726.59
2025-07-17T14:55:00.000000Z,724.64,725.33,724.47,725.05,1613.91
2025-07-17T15:00:00.000000Z,725.04,726.68,724.52,725.49,2798.58
2025-07-17T15:05:00.000000Z,725.48,726.4,723.5,723.66,3483.5
2025-07-17T15:10:00.000000Z,723.67,723.8,722.06,722.22,4817.24
2025-07-17T15:15:00.000000Z,722.22,723.71,721.15,723.05,4444.66
2025-07-17T15:20:00.000000Z,723.03,723.69,722.11,723.33,2221.08
2025-07-17T15:25:00.000000Z,723.33,723.52,720.99,721.73,3398.62
2025-07-17T15:30:00.000000Z,721.73,724.26,721.73,723.86,3596.61
2025-07-17T15:35:00.000000Z,723.85,723.93,722.53,723.01,2115.67
2025-07-17T15:40:00.000000Z,723.01,724.85,723.0,724.6,2068.28
2025-07-17T15:45:00.000000Z,724.6,724.61,722.17,722.36,2099.76
2025-07-17T15:50:00.000000Z,722.36,723.35,722.16,722.45,1947.3
2025-07-17T15:55:00.000000Z,722.46,722.92,721.69,721.69,1322.36
2025-07-17T16:00:00.000000Z,721.69,722.4,720.89,721.25,3855.32
2025-07-17T16:05:00.000000Z,721.28,721.43,719.28,719.67,4526.27
2025-07-17T16:10:00.000000Z,719.64,719.93,718.11,719.05,3865.38
2025-07-17T16:15:00.000000Z,719.05,719.05,717.08,718.27,3996.05
2025-07-17T16:20:00.000000Z,718.28,718.69,715.89,718.32,8239.57
2025-07-17T16:25:00.000000Z,718.31,718.48,715.49,716.43,4474.82
2025-07-17T16:30:00.000000Z,716.45,716.45,713.77,714.19,10221.87
2025-07-17T16:35:00.000000Z,714.18,715.33,713.89,715.28,3359.98
2025-07-17T16:40:00.000000Z,715.31,716.8,713.9,715.12,5042.56
2025-07-17T16:45:00.000000Z,715.12,715.4,713.84,714.61,2981.77
2025-07-17T16:50:00.000000Z,714.6,716.69,714.6,715.13,2899.67
2025-07-17T16:55:00.000000Z,715.12,716.14,714.21,716.07,1620.3
2025-07-17T17:00:00.000000Z,716.08,716.29,715.32,715.5,1372.87
2025-07-17T17:05:00.000000Z,715.51,717.63,715.42,717.52,2244.08
2025-07-17T17:10:00.000000Z,717.51,718.16,717.0,717.41,1995.54
2025-07-17T17:15:00.000000Z,717.4,717.5,716.87,716.89,1416.67
2025-07-17T17:20:00.000000Z,716.89,717.03,715.24,716.22,1303.49
2025-07-17T17:25:00.000000Z,716.22,716.68,715.7,715.96,1492.88
2025-07-17T17:30:00.000000Z,715.97,717.63,714.73,715.75,4960.2
2025-07-17T17:35:00.000000Z,715.75,716.14,714.33,714.38,1106.53
2025-07-17T17:40:00.000000Z,714.37,715.97,714.01,715.92,1340.65
2025-07-17T17:45:00.000000Z,715.92,718.25,715.34,717.73,2262.9
2025-07-17T17:50:00.000000Z,717.75,718.6,717.64,718.36,1865.65
2025-07-17T17:55:00.000000Z,718.37,719.77,718.37,719.27,2971.44
2025-07-17T18:00:00.000000Z,719.28,719.82,718.35,718.67,1518.68
2025-07-17T18:05:00.000000Z,718.66,719.28,718.5,718.93,1228.98
2025-07-17T18:10:00.000000Z,718.89,718.89,717.47,717.84,1090.68
2025-07-17T18:15:00.000000Z,717.84,719.36,717.84,719.28,767.9
2025-07-17T18:20:00.000000Z,719.28,720.17,719.18,719.83,1266.06
2025-07-17T18:25:00.000000Z,719.83,720.61,719.23,720.34,1299.49
2025-07-17T18:30:00.000000Z,720.35,720.7,720.34,720.61,969.26
2025-07-17T18:35:00.000000Z,720.62,720.62,719.73,719.89,968.51
2025-07-17T18:40:00.000000Z,719.89,720.38,719.53,719.6,934.74
2025-07-17T18:45:00.000000Z,719.65,720.55,719.15,720.49,1213.05
2025-07-17T18:50:00.000000Z,720.5,720.86,720.37,720.66,755.55
2025-07-17T18:55:00.000000Z,720.66,720.81,720.4,720.47,455.01
2025-07-17T19:00:00.000000Z,720.47,720.56,720.14,720.24,1051.14
2025-07-17T19:05:00.000000Z,720.24,720.6,719.78,720.51,933.34
2025-07-17T19:10:00.000000Z,720.51,720.59,719.93,720.2,1021.6
2025-07-17T19:15:00.000000Z,720.2,720.71,719.89,720.7,990.48
2025-07-17T19:20:00.000000Z,720.7,720.74,719.8,720.08,1198.17
2025-07-17T19:25:00.000000Z,720.08,720.16,719.67,719.99,434.74
2025-07-17T19:30:00.000000Z,719.99,720.76,719.99,720.69,1374.59
2025-07-17T19:35:00.000000Z,720.68,720.82,720.32,720.32,651.9
2025-07-17T19:40:00.000000Z,720.33,720.94,720.03,720.26,1121.41
2025-07-17T19:45:00.000000Z,720.26,720.26,718.08,718.9,2879.9
2025-07-17T19:50:00.000000Z,718.9,719.17,718.05,718.05,2495.61
2025-07-17T19:55:00.000000Z,718.05,718.05,715.26,715.84,6615.55
2025-07-17T20:00:00.000000Z,715.83,716.23,714.1,714.3,4431.67
2025-07-17T20:05:00.000000Z,714.3,714.3,711.0,711.52,14439.41
2025-07-17T20:10:00.000000Z,711.54,714.95,711.43,713.99,4585.88
2025-07-17T20:15:00.000000Z,713.99,714.66,713.25,713.87,1785.95
2025-07-17T20:20:00.000000Z,713.86,713.88,711.65,713.06,5749.75
2025-07-17T20:25:00.000000Z,713.07,714.53,712.79,713.53,3662.87
2025-07-17T20:30:00.000000Z,713.52,714.59,713.1,713.11,1771.32
2025-07-17T20:35:00.000000Z,713.12,715.01,713.12,715.01,1474.14
2025-07-17T20:40:00.000000Z,715.0,716.02,714.65,715.51,1508.11
2025-07-17T20:45:00.000000Z,715.55,716.56,715.11,715.11,2202.03
2025-07-17T20:50:00.000000Z,715.11,716.0,714.87,715.99,1334.5
2025-07-17T20:55:00.000000Z,715.99,716.31,715.05,716.31,1713.83
2025-07-17T21:00:00.000000Z,716.31,718.91,716.15,718.91,3107.93
2025-07-17T21:05:00.000000Z,718.91,720.72,718.33,720.25,4452.77
2025-07-17T21:10:00.000000Z,720.32,721.49,719.22,720.8,3740.93
2025-07-17T21:15:00.000000Z,720.79,722.47,720.79,722.4,4069.82
2025-07-17T21:20:00.000000Z,722.4,724.21,721.96,723.35,3460.09
2025-07-17T21:25:00.000000Z,723.35,723.92,721.92,723.92,3366.26
2025-07-17T21:30:00.000000Z,723.92,724.0,722.68,723.5,2529.93
2025-07-17T21:35:00.000000Z,723.49,723.49,718.99,721.86,4916.25
2025-07-17T21:40:00.000000Z,721.86,723.2,721.65,723.19,2177.94
2025-07-17T21:45:00.000000Z,723.19,724.21,722.79,723.17,1416.45
2025-07-17T21:50:00.000000Z,723.18,724.17,723.08,723.96,1270.52
2025-07-17T21:55:00.000000Z,723.96,724.21,723.18,723.58,1559.68
2025-07-17T22:00:00.000000Z,723.58,724.83,723.16,724.22,3509.19
2025-07-17T22:05:00.000000Z,724.22,724.94,723.44,724.92,1885.19
2025-07-17T22:10:00.000000Z,724.92,725.43,724.54,725.2,2218.9
2025-07-17T22:15:00.000000Z,725.2,725.52,724.79,725.25,1374.23
2025-07-17T22:20:00.000000Z,725.27,725.28,723.93,723.93,1254.43
2025-07-17T22:25:00.000000Z,723.93,724.44,723.93,724.11,977.3
2025-07-17T22:30:00.000000Z,724.12,725.04,723.86,724.84,1038.8
2025-07-17T22:35:00.000000Z,724.84,725.46,724.84,725.05,1036.97
2025-07-17T22:40:00.000000Z,725.06,725.23,724.62,724.92,1077.74
2025-07-17T22:45:00.000000Z,724.92,726.24,724.7,724.88,2518.03
2025-07-17T22:50:00.000000Z,724.89,724.89,722.72,723.0,5957.29
2025-07-17T22:55:00.000000Z,723.01,723.96,722.73,723.95,1065.98
2025-07-17T23:00:00.000000Z,723.96,724.51,723.23,723.23,1974.21
2025-07-17T23:05:00.000000Z,723.24,723.32,721.42,722.55,2379.85
2025-07-17T23:10:00.000000Z,722.53,723.2,722.16,722.84,1123.23
2025-07-17T23:15:00.000000Z,722.84,725.4,722.8,724.15,2957.2
2025-07-17T23:20:00.000000Z,724.16,725.3,723.63,724.73,1570.37
2025-07-17T23:25:00.000000Z,724.7,724.7,722.86,723.73,1742.53
2025-07-17T23:30:00.000000Z,723.74,723.8,722.6,722.61,1251.7
2025-07-17T23:35:00.000000Z,722.61,723.48,722.28,723.15,1502.53
2025-07-17T23:40:00.000000Z,723.15,724.0,723.0,723.0,2147.61
2025-07-17T23:45:00.000000Z,723.01,723.46,722.21,722.43,1589.45
2025-07-17T23:50:00.000000Z,722.43,722.44,721.51,721.8,942.18
2025-07-17T23:55:00.000000Z,721.8,721.84,720.43,721.11,1755.71
2025-07-18T00:00:00.000000Z,721.1,722.97,720.73,722.97,1778.36
2025-07-18T00:05:00.000000Z,722.98,723.12,720.4,721.21,2981.09
2025-07-18T00:10:00.000000Z,721.22,721.33,720.1,720.91,2549.49
2025-07-18T00:15:00.000000Z,720.91,721.76,720.66,721.23,1340.3
2025-07-18T00:20:00.000000Z,721.23,723.26,721.14,722.42,1214.86
2025-07-18T00:25:00.000000Z,722.41,723.7,721.89,723.19,1502.87
2025-07-18T00:30:00.000000Z,723.18,724.48,723.04,724.2,1175.57
2025-07-18T00:35:00.000000Z,724.24,725.48,724.24,725.21,1600.76
2025-07-18T00:40:00.000000Z,725.22,726.05,724.91,725.99,2027.6
2025-07-18T00:45:00.000000Z,726.0,727.69,725.92,727.18,4258.89
2025-07-18T00:50:00.000000Z,727.19,727.93,726.24,727.68,2510.59
2025-07-18T00:55:00.000000Z,727.67,728.9,727.36,728.88,5782.82
2025-07-18T01:00:00.000000Z,728.87,729.69,728.34,728.81,5686.47
2025-07-18T01:05:00.000000Z,728.82,729.6,728.56,729.58,2333.51
2025-07-18T01:10:00.000000Z,729.58,732.4,729.58,732.03,11920.57
2025-07-18T01:15:00.000000Z,732.03,732.03,729.74,731.02,6282.87
2025-07-18T01:20:00.000000Z,731.02,731.52,729.58,730.64,2630.64
2025-07-18T01:25:00.000000Z,730.63,731.86,729.08,731.25,3268.64
2025-07-18T01:30:00.000000Z,731.24,731.92,729.98,731.48,1355.18
2025-07-18T01:35:00.000000Z,731.48,731.79,730.98,731.24,2118.6
2025-07-18T01:40:00.000000Z,731.23,732.33,730.6,730.86,2047.63
2025-07-18T01:45:00.000000Z,730.85,732.6,730.1,731.85,4472.18
2025-07-18T01:50:00.000000Z,731.85,732.43,731.23,732.13,1769.48
2025-07-18T01:55:00.000000Z,732.14,734.16,732.08,733.2,6004.56
2025-07-18T02:00:00.000000Z,733.2,733.32,730.36,730.9,3935.01
2025-07-18T02:05:00.000000Z,730.9,731.34,728.55,730.13,6368.64
2025-07-18T02:10:00.000000Z,730.13,730.24,729.0,729.26,2709.09
2025-07-18T02:15:00.000000Z,729.26,729.26,727.7,728.72,3749.82
2025-07-18T02:20:00.000000Z,728.73,728.82,727.86,728.09,1875.85
2025-07-18T02:25:00.000000Z,728.1,729.61,727.95,729.48,1946.26
2025-07-18T02:30:00.000000Z,729.48,730.11,729.23,729.48,2720.02
2025-07-18T02:35:00.000000Z,729.47,730.42,729.31,729.6,1463.79
2025-07-18T02:40:00.000000Z,729.59,731.0,728.74,729.52,4500.91
2025-07-18T02:45:00.000000Z,729.51,732.14,728.86,731.95,2707.48
2025-07-18T02:50:00.000000Z,731.94,732.49,731.24,732.43,2022.31
2025-07-18T02:55:00.000000Z,732.43,732.62,731.67,732.38,1701.92
2025-07-18T03:00:00.000000Z,732.38,733.1,731.3,731.97,3938.19
2025-07-18T03:05:00.000000Z,731.96,732.97,731.61,732.69,3725.25
2025-07-18T03:10:00.000000Z,732.69,733.43,732.19,733.16,2834.01
2025-07-18T03:15:00.000000Z,733.16,733.17,732.66,733.15,1930.17
2025-07-18T03:20:00.000000Z,733.15,734.15,732.9,733.91,3955.49
2025-07-18T03:25:00.000000Z,733.9,734.15,732.52,732.61,3791.07
2025-07-18T03:30:00.000000Z,732.61,734.12,732.32,733.37,2400.01
2025-07-18T03:35:00.000000Z,733.36,735.48,733.24,734.47,6963.79
2025-07-18T03:40:00.000000Z,734.47,735.62,734.2,735.02,2944.39
2025-07-18T03:45:00.000000Z,735.02,736.81,734.94,735.46,5945.71
2025-07-18T03:50:00.000000Z,735.45,735.91,735.07,735.29,2419.89
2025-07-18T03:55:00.000000Z,735.28,737.16,735.28,737.05,4318.16
2025-07-18T04:00:00.000000Z,737.06,737.16,734.07,734.18,6484.65
2025-07-18T04:05:00.000000Z,734.18,736.4,734.05,735.83,4815.07
2025-07-18T04:10:00.000000Z,735.84,737.07,735.1,736.43,3295.53
2025-07-18T04:15:00.000000Z,736.43,736.68,735.75,735.91,2073.55
2025-07-18T04:20:00.000000Z,735.91,737.37,735.54,737.01,2333.24
2025-07-18T04:25:00.000000Z,737.01,739.12,736.7,739.02,5754.17
2025-07-18T04:30:00.000000Z,739.02,742.5,738.95,742.22,15926.87
2025-07-18T04:35:00.000000Z,742.23,743.59,740.87,741.31,13359.14
2025-07-18T04:40:00.000000Z,741.31,742.41,740.86,742.19,4747.31
2025-07-18T04:45:00.000000Z,742.17,742.61,741.24,742.16,2876.79
2025-07-18T04:50:00.000000Z,742.17,744.24,741.72,743.77,8130.15
2025-07-18T04:55:00.000000Z,743.76,744.39,743.1,744.11,3937.25
2025-07-18T05:00:00.000000Z,744.11,744.11,741.44,742.64,4493.6
2025-07-18T05:05:00.000000Z,742.63,746.0,742.63,745.08,14444.69
2025-07-18T05:10:00.000000Z,745.08,745.79,743.15,745.66,8722.57
2025-07-18T05:15:00.000000Z,745.65,747.74,745.56,747.09,12028.11
2025-07-18T05:20:00.000000Z,747.05,747.46,745.45,746.85,8355.53
2025-07-18T05:25:00.000000Z,746.85,748.41,746.37,747.37,8111.36
2025-07-18T05:30:00.000000Z,747.36,748.28,746.82,747.96,6027.73
2025-07-18T05:35:00.000000Z,747.96,748.14,746.48,747.69,3565.22
2025-07-18T05:40:00.000000Z,747.71,748.69,747.1,747.37,4150.8
2025-07-18T05:45:00.000000Z,747.37,748.13,746.61,747.04,4087.52
2025-07-18T05:50:00.000000Z,747.04,748.74,746.87,748.5,2617.38
2025-07-18T05:55:00.000000Z,748.49,748.65,747.62,748.33,2008.4
2025-07-18T06:00:00.000000Z,748.33,748.71,746.78,747.72,3202.68
2025-07-18T06:05:00.000000Z,747.71,748.52,746.66,747.24,2666.75
2025-07-18T06:10:00.000000Z,747.24,747.42,744.96,747.16,5737.94
2025-07-18T06:15:00.000000Z,747.16,747.99,746.01,747.12,3864.85
2025-07-18T06:20:00.000000Z,747.11,748.74,746.5,746.7,6303.55
2025-07-18T06:25:00.000000Z,746.7,746.7,745.06,746.03,4962.86
2025-07-18T06:30:00.000000Z,746.01,748.13,745.45,747.17,3953.39
2025-07-18T06:35:00.000000Z,747.17,748.19,746.56,747.88,2492.15
2025-07-18T06:40:00.000000Z,747.88,748.2,746.73,747.49,2341.79
2025-07-18T06:45:00.000000Z,747.48,748.5,747.4,747.62,3090.56
2025-07-18T06:50:00.000000Z,747.62,747.84,747.0,747.01,1460.07
2025-07-18T06:55:00.000000Z,747.01,747.53,745.76,745.89,2344.12
2025-07-18T07:00:00.000000Z,745.88,747.23,745.88,747.22,2724.56
2025-07-18T07:05:00.000000Z,747.22,747.64,745.88,746.9,3634.83
2025-07-18T07:10:00.000000Z,746.9,747.16,743.48,744.32,7545.11
2025-07-18T07:15:00.000000Z,744.32,745.61,743.17,743.32,6896.2
2025-07-18T07:20:00.000000Z,743.31,745.0,742.88,744.99,4909.22
2025-07-18T07:25:00.000000Z,745.0,745.36,743.84,745.36,2578.53
2025-07-18T07:30:00.000000Z,745.35,746.32,743.29,743.35,6652.91
2025-07-18T07:35:00.000000Z,743.34,743.8,741.5,741.5,7069.22
2025-07-18T07:40:00.000000Z,741.5,742.99,740.47,742.32,6169.47
2025-07-18T07:45:00.000000Z,742.31,742.54,740.76,740.93,5756.8
2025-07-18T07:50:00.000000Z,740.94,741.42,739.59,740.66,7761.35
2025-07-18T07:55:00.000000Z,740.66,741.72,739.79,740.42,8502.29
2025-07-18T08:00:00.000000Z,740.43,741.6,737.3,738.04,8858.05
2025-07-18T08:05:00.000000Z,738.03,741.14,737.91,738.99,8104.36
2025-07-18T08:10:00.000000Z,739.0,741.08,738.46,740.1,5625.9
2025-07-18T08:15:00.000000Z,740.11,741.79,739.72,740.89,4880.84
2025-07-18T08:20:00.000000Z,740.89,743.09,740.78,742.64,6679.11
2025-07-18T08:25:00.000000Z,742.65,742.71,741.36,742.14,3901.16
2025-07-18T08:30:00.000000Z,742.14,742.44,739.02,739.49,7137.34
2025-07-18T08:35:00.000000Z,739.48,740.77,737.66,737.81,6306.29
2025-07-18T08:40:00.000000Z,737.82,737.92,735.1,735.54,10126.16
2025-07-18T08:45:00.000000Z,735.54,738.08,734.97,737.2,6554.92
2025-07-18T08:50:00.000000Z,737.2,738.59,736.34,738.07,6186.69
2025-07-18T08:55:00.000000Z,738.06,738.38,736.5,736.53,2808.94
2025-07-18T09:00:00.000000Z,736.53,737.24,733.71,734.89,11245.98
2025-07-18T09:05:00.000000Z,734.9,736.0,733.73,735.12,8265.53
2025-07-18T09:10:00.000000Z,735.09,738.0,735.09,737.44,3968.55
2025-07-18T09:15:00.000000Z,737.45,738.08,736.32,737.31,3765.23
2025-07-18T09:20:00.000000Z,737.32,737.47,735.42,736.56,3106.23
2025-07-18T09:25:00.000000Z,736.56,736.95,735.56,736.0,2714.55
2025-07-18T09:30:00.000000Z,736.0,737.59,735.57,736.54,2655.26
2025-07-18T09:35:00.000000Z,736.6,738.11,735.97,738.0,1608.04
2025-07-18T09:40:00.000000Z,737.99,738.64,737.05,737.3,2485.03
2025-07-18T09:45:00.000000Z,737.32,738.2,737.0,737.79,2070.37
2025-07-18T09:50:00.000000Z,737.78,738.93,737.78,737.95,1332.45
2025-07-18T09:55:00.000000Z,737.95,740.0,737.92,739.37,2510.2
2025-07-18T10:00:00.000000Z,739.37,739.76,737.95,738.07,3092.18
2025-07-18T10:05:00.000000Z,738.07,738.84,737.16,737.81,2117.8
2025-07-18T10:10:00.000000Z,737.81,739.56,737.0,737.92,6606.41
2025-07-18T10:15:00.000000Z,737.91,738.75,736.13,736.2,2731.39
2025-07-18T10:20:00.000000Z,736.19,736.88,735.14,736.88,2763.18
2025-07-18T10:25:00.000000Z,736.87,737.76,736.38,736.46,1126.96
2025-07-18T10:30:00.000000Z,736.48,737.45,736.43,737.45,1181.97
2025-07-18T10:35:00.000000Z,737.44,737.67,735.14,735.43,1794.57
2025-07-18T10:40:00.000000Z,735.43,736.4,735.22,736.32,1313.55
2025-07-18T10:45:00.000000Z,736.31,738.11,735.4,737.93,1256.8
2025-07-18T10:50:00.000000Z,737.95,739.74,737.76,739.53,2620.14
2025-07-18T10:55:00.000000Z,739.52,740.46,739.01,739.85,2781.16
2025-07-18T11:00:00.000000Z,739.85,740.2,738.38,738.48,1955.72
2025-07-18T11:05:00.000000Z,738.48,739.36,738.38,739.08,1208.84
2025-07-18T11:10:00.000000Z,739.07,739.15,736.15,736.3,1843.25
2025-07-18T11:15:00.000000Z,736.3,736.8,735.2,735.56,3145.71
2025-07-18T11:20:00.000000Z,735.57,735.57,733.32,733.92,4823.4
2025-07-18T11:25:00.000000Z,733.91,734.92,733.67,733.84,2347.28
2025-07-18T11:30:00.000000Z,733.83,734.61,733.18,734.58,2416.81
2025-07-18T11:35:00.000000Z,734.59,736.2,734.59,735.8,1708.71
2025-07-18T11:40:00.000000Z,735.8,736.2,735.47,736.07,1764.15
2025-07-18T11:45:00.000000Z,736.07,736.82,735.7,736.51,1054.93
2025-07-18T11:50:00.000000Z,736.52,736.75,735.2,736.3,939.76
2025-07-18T11:55:00.000000Z,736.32,737.56,736.31,737.25,1256.76
2025-07-18T12:00:00.000000Z,737.25,738.64,737.08,738.05,1594.33
2025-07-18T12:05:00.000000Z,738.05,738.5,737.45,738.07,943.44
2025-07-18T12:10:00.000000Z,738.06,738.67,738.0,738.2,1818.18
2025-07-18T12:15:00.000000Z,738.2,739.32,737.43,739.06,1139.56
2025-07-18T12:20:00.000000Z,739.07,739.95,738.41,739.61,1457.27
2025-07-18T12:25:00.000000Z,739.6,742.58,739.28,741.33,9412.04
2025-07-18T12:30:00.000000Z,741.32,744.35,741.26,743.48,5973.21
2025-07-18T12:35:00.000000Z,743.48,745.4,743.48,744.48,3031.22
2025-07-18T12:40:00.000000Z,744.48,745.93,744.26,745.67,3626.16
2025-07-18T12:45:00.000000Z,745.68,747.32,745.13,746.65,4055.12
2025-07-18T12:50:00.000000Z,746.65,749.68,746.52,749.57,10235.01
2025-07-18T12:55:00.000000Z,749.57,750.88,749.04,750.55,13772.1
2025-07-18T13:00:00.000000Z,750.55,756.89,750.0,754.63,33203.96
2025-07-18T13:05:00.000000Z,754.64,762.94,753.42,761.77,46417.51
2025-07-18T13:10:00.000000Z,761.79,766.26,761.02,763.2,32181.1
2025-07-18T13:15:00.000000Z,763.23,764.07,759.2,759.43,16401.87
2025-07-18T13:20:00.000000Z,759.42,761.33,758.72,760.61,10109.4
2025-07-18T13:25:00.000000Z,760.61,761.37,757.44,758.59,10665.63
2025-07-18T13:30:00.000000Z,758.58,760.34,756.8,757.87,9770.19
2025-07-18T13:35:00.000000Z,757.88,761.94,756.37,760.24,9673.0
2025-07-18T13:40:00.000000Z,760.2,760.75,755.6,755.67,7365.99
2025-07-18T13:45:00.000000Z,755.67,759.91,755.67,759.19,5229.66
2025-07-18T13:50:00.000000Z,759.18,759.65,755.77,755.77,4614.93
2025-07-18T13:55:00.000000Z,755.77,758.19,755.17,757.09,5118.85
2025-07-18T14:00:00.000000Z,757.08,757.56,755.58,756.82,4828.67
2025-07-18T14:05:00.000000Z,756.82,759.2,756.13,759.12,3269.86
2025-07-18T14:10:00.000000Z,759.11,759.98,757.45,757.49,4178.87
2025-07-18T14:15:00.000000Z,757.49,758.47,752.33,752.45,12345.51
2025-07-18T14:20:00.000000Z,752.45,752.94,747.18,747.4,15016.95
2025-07-18T14:25:00.000000Z,747.4,748.81,743.0,745.0,22976.2
2025-07-18T14:30:00.000000Z,745.01,747.72,742.03,743.5,14966.67
2025-07-18T14:35:00.000000Z,743.53,745.26,741.02,741.73,12049.07
2025-07-18T14:40:00.000000Z,741.71,744.65,739.22,744.31,11243.06
2025-07-18T14:45:00.000000Z,744.3,746.0,743.8,745.37,7412.45
2025-07-18T14:50:00.000000Z,745.37,748.42,745.22,748.05,6750.94
2025-07-18T14:55:00.000000Z,748.05,750.17,747.45,747.53,6232.04
2025-07-18T15:00:00.000000Z,747.53,747.6,744.73,745.2,5473.13
2025-07-18T15:05:00.000000Z,745.2,747.0,743.92,744.48,3163.23
2025-07-18T15:10:00.000000Z,744.48,746.08,741.23,741.47,4250.93
2025-07-18T15:15:00.000000Z,741.47,743.56,735.83,737.0,17271.08
2025-07-18T15:20:00.000000Z,736.99,738.15,732.15,734.48,15207.14
2025-07-18T15:25:00.000000Z,734.47,735.88,732.76,734.51,7974.74
2025-07-18T15:30:00.000000Z,734.51,737.04,734.46,735.93,5372.14
2025-07-18T15:35:00.000000Z,735.93,736.31,732.58,733.81,7139.04
2025-07-18T15:40:00.000000Z,733.81,735.91,731.36,734.41,5888.52
2025-07-18T15:45:00.000000Z,734.4,736.8,732.67,736.43,4593.44
2025-07-18T15:50:00.000000Z,736.45,738.51,736.45,737.48,3877.62
2025-07-18T15:55:00.000000Z,737.47,738.5,736.9,737.93,2103.78
2025-07-18T16:00:00.000000Z,737.92,740.48,737.92,739.44,4738.6
2025-07-18T16:05:00.000000Z,739.44,740.4,736.78,737.71,3310.14
2025-07-18T16:10:00.000000Z,737.68,739.16,737.2,737.4,2602.84
2025-07-18T16:15:00.000000Z,737.36,739.94,735.76,739.85,3579.33
2025-07-18T16:20:00.000000Z,739.85,740.08,738.4,739.99,2731.94
2025-07-18T16:25:00.000000Z,739.99,740.53,738.52,740.12,4350.73
2025-07-18T16:30:00.000000Z,740.11,741.44,739.47,739.67,3290.28
2025-07-18T16:35:00.000000Z,739.67,742.36,739.32,742.11,2828.35
2025-07-18T16:40:00.000000Z,742.12,744.77,742.12,744.62,6409.06
2025-07-18T16:45:00.000000Z,744.6,745.0,743.36,744.2,4532.79
2025-07-18T16:50:00.000000Z,744.19,744.66,743.49,744.53,2316.27
2025-07-18T16:55:00.000000Z,744.53,744.88,742.72,743.87,2232.9
2025-07-18T17:00:00.000000Z,743.88,744.18,742.05,742.18,3560.35
2025-07-18T17:05:00.000000Z,742.2,744.96,741.83,744.57,3156.94
2025-07-18T17:10:00.000000Z,744.57,745.0,743.22,743.88,2669.85
2025-07-18T17:15:00.000000Z,743.84,746.58,743.84,746.08,4669.59
2025-07-18T17:20:00.000000Z,746.11,747.76,745.84,747.16,3074.6
2025-07-18T17:25:00.000000Z,747.13,748.36,746.31,748.04,2457.83
2025-07-18T17:30:00.000000Z,748.04,748.45,747.16,748.18,2211.1
2025-07-18T17:35:00.000000Z,748.18,748.81,747.69,748.56,2497.7
2025-07-18T17:40:00.000000Z,748.55,748.56,738.82,740.28,24056.87
2025-07-18T17:45:00.000000Z,740.28,741.42,739.98,740.86,4183.91
2025-07-18T17:50:00.000000Z,740.86,741.54,739.61,741.24,2660.91
2025-07-18T17:55:00.000000Z,741.25,742.25,741.24,741.57,2050.69
2025-07-18T18:00:00.000000Z,741.57,741.84,740.62,740.84,1687.74
2025-07-18T18:05:00.000000Z,740.83,741.47,739.98,740.67,1317.64
2025-07-18T18:10:00.000000Z,740.66,740.66,738.76,738.89,1843.67
2025-07-18T18:15:00.000000Z,738.89,740.43,738.08,739.46,2040.77
2025-07-18T18:20:00.000000Z,739.44,740.84,739.37,740.84,1815.25
2025-07-18T18:25:00.000000Z,740.83,740.83,739.64,740.78,1007.23
2025-07-18T18:30:00.000000Z,740.79,741.68,739.68,739.71,1451.46
2025-07-18T18:35:00.000000Z,739.72,739.96,738.26,738.41,2447.93
2025-07-18T18:40:00.000000Z,738.44,739.04,737.84,737.86,4083.6
2025-07-18T18:45:00.000000Z,737.85,738.41,736.31,738.41,2672.51
2025-07-18T18:50:00.000000Z,738.42,739.2,737.52,738.39,1071.45
2025-07-18T18:55:00.000000Z,738.39,738.44,735.56,735.98,4250.38
2025-07-18T19:00:00.000000Z,735.98,736.38,731.53,733.04,7858.16
2025-07-18T19:05:00.000000Z,733.04,733.04,729.03,732.0,10435.0
2025-07-18T19:10:00.000000Z,731.99,732.94,731.48,732.2,3140.05
2025-07-18T19:15:00.000000Z,732.21,734.64,732.05,734.04,3514.08
2025-07-18T19:20:00.000000Z,734.03,736.13,733.58,735.72,2396.41
2025-07-18T19:25:00.000000Z,735.71,735.71,734.68,734.72,1478.7
2025-07-18T19:30:00.000000Z,734.72,734.92,732.51,733.66,2059.0
2025-07-18T19:35:00.000000Z,733.66,734.17,732.46,733.13,1813.21
2025-07-18T19:40:00.000000Z,733.08,733.11,731.68,732.45,1440.55
2025-07-18T19:45:00.000000Z,732.45,732.72,730.61,732.07,1771.69
2025-07-18T19:50:00.000000Z,732.08,733.47,731.2,732.56,3118.65
2025-07-18T19:55:00.000000Z,732.57,732.76,731.41,732.15,1273.34
2025-07-18T20:00:00.000000Z,732.14,732.97,728.27,728.54,7767.0
2025-07-18T20:05:00.000000Z,728.54,728.92,725.0,725.72,11353.04
2025-07-18T20:10:00.000000Z,725.72,726.23,725.08,725.79,4849.55
2025-07-18T20:15:00.000000Z,725.8,727.57,724.53,724.53,3584.95
2025-07-18T20:20:00.000000Z,724.52,725.56,722.29,722.82,6530.08
2025-07-18T20:25:00.000000Z,722.83,723.79,720.22,720.59,9444.2
2025-07-18T20:30:00.000000Z,720.59,721.79,718.91,719.16,9497.69
2025-07-18T20:35:00.000000Z,719.16,721.96,719.01,719.99,4789.76
2025-07-18T20:40:00.000000Z,719.99,723.03,719.44,722.61,4372.35
2025-07-18T20:45:00.000000Z,722.62,725.82,722.29,725.7,9844.2
2025-07-18T20:50:00.000000Z,725.63,726.86,724.25,725.79,4971.06
2025-07-18T20:55:00.000000Z,725.8,726.76,725.45,725.51,1855.77
2025-07-18T21:00:00.000000Z,725.5,727.54,724.74,727.01,3400.21
2025-07-18T21:05:00.000000Z,727.01,728.42,726.86,728.3,3452.08
2025-07-18T21:10:00.000000Z,728.3,730.24,727.68,729.73,6094.36
2025-07-18T21:15:00.000000Z,729.72,731.59,728.42,731.28,5420.78
2025-07-18T21:20:00.000000Z,731.29,731.56,728.87,730.92,6541.37
2025-07-18T21:25:00.000000Z,730.91,732.13,730.36,731.91,6056.61
2025-07-18T21:30:00.000000Z,731.92,733.12,731.89,733.12,2986.47
2025-07-18T21:35:00.000000Z,733.11,733.66,732.58,732.91,2566.47
2025-07-18T21:40:00.000000Z,732.92,733.32,732.7,732.8,959.02
2025-07-18T21:45:00.000000Z,732.79,735.79,732.79,734.51,4230.26
2025-07-18T21:50:00.000000Z,734.51,734.75,732.21,733.1,4122.49
2025-07-18T21:55:00.000000Z,733.1,733.62,732.36,733.18,1701.28
2025-07-18T22:00:00.000000Z,733.17,733.3,729.59,729.99,3641.06
2025-07-18T22:05:00.000000Z,730.0,731.8,727.25,728.73,7503.86
2025-07-18T22:10:00.000000Z,728.74,731.5,728.74,730.04,2104.85
2025-07-18T22:15:00.000000Z,730.03,730.95,729.44,730.77,1483.39
2025-07-18T22:20:00.000000Z,730.8,731.67,730.8,731.55,949.83
2025-07-18T22:25:00.000000Z,731.55,734.19,731.36,733.65,3108.39
2025-07-18T22:30:00.000000Z,733.66,734.17,732.57,733.76,1813.58
2025-07-18T22:35:00.000000Z,733.76,734.46,733.17,734.33,1082.55
2025-07-18T22:40:00.000000Z,734.33,734.41,733.32,733.33,823.99
2025-07-18T22:45:00.000000Z,733.32,733.93,732.92,733.08,1475.75
2025-07-18T22:50:00.000000Z,733.08,733.08,731.48,732.49,2562.85
2025-07-18T22:55:00.000000Z,732.49,733.07,731.6,731.91,968.49
2025-07-18T23:00:00.000000Z,731.91,732.15,728.1,728.1,3158.07
2025-07-18T23:05:00.000000Z,728.12,728.47,724.45,725.64,7280.31
2025-07-18T23:10:00.000000Z,725.63,726.8,724.2,724.28,7402.38
2025-07-18T23:15:00.000000Z,724.27,725.42,723.9,725.09,5849.64
2025-07-18T23:20:00.000000Z,725.2,728.26,724.3,727.72,4067.64
2025-07-18T23:25:00.000000Z,727.73,728.26,726.13,726.91,2585.36
2025-07-18T23:30:00.000000Z,726.9,728.94,726.85,727.92,1549.68
2025-07-18T23:35:00.000000Z,727.91,728.69,727.15,727.75,1899.8
2025-07-18T23:40:00.000000Z,727.76,729.68,727.7,728.6,1968.03
2025-07-18T23:45:00.000000Z,728.59,730.57,727.96,730.02,2023.38
2025-07-18T23:50:00.000000Z,730.07,730.84,728.96,729.59,1451.06
2025-07-18T23:55:00.000000Z,729.59,730.88,729.59,730.39,1310.16
2025-07-19T00:00:00.000000Z,730.39,730.92,729.68,730.56,2568.93
2025-07-19T00:05:00.000000Z,730.55,730.65,729.19,729.28,2448.77
2025-07-19T00:10:00.000000Z,729.28,730.52,729.04,730.5,1736.35
2025-07-19T00:15:00.000000Z,730.5,730.63,729.68,729.83,2120.97
2025-07-19T00:20:00.000000Z,729.81,730.52,728.63,729.85,3140.91
2025-07-19T00:25:00.000000Z,729.85,731.0,729.08,730.83,1197.04
2025-07-19T00:30:00.000000Z,730.83,731.87,729.91,730.2,1929.68
2025-07-19T00:35:00.000000Z,730.2,730.72,728.04,728.36,1993.94
2025-07-19T00:40:00.000000Z,728.35,729.19,725.32,726.81,2934.79
2025-07-19T00:45:00.000000Z,726.82,727.12,724.71,725.39,2637.71
2025-07-19T00:50:00.000000Z,725.39,726.06,724.63,724.84,1789.13
2025-07-19T00:55:00.000000Z,724.85,725.51,722.4,722.63,4892.18
2025-07-19T01:00:00.000000Z,722.63,722.85,719.97,720.65,6973.81
2025-07-19T01:05:00.000000Z,720.62,721.88,718.95,721.84,6976.09
2025-07-19T01:10:00.000000Z,721.85,722.33,719.66,720.8,6928.11
2025-07-19T01:15:00.000000Z,720.8,723.0,720.11,721.95,6155.4
2025-07-19T01:20:00.000000Z,721.95,724.75,721.66,724.24,3421.27
2025-07-19T01:25:00.000000Z,724.24,724.99,723.73,724.61,1596.05
2025-07-19T01:30:00.000000Z,724.6,725.15,723.72,725.02,1766.59
2025-07-19T01:35:00.000000Z,725.01,726.12,724.76,726.0,1224.05
2025-07-19T01:40:00.000000Z,726.01,727.09,726.0,726.61,1599.52
2025-07-19T01:45:00.000000Z,726.6,726.7,725.28,726.38,1595.9
2025-07-19T01:50:00.000000Z,726.39,728.19,725.68,727.33,4742.77
2025-07-19T01:55:00.000000Z,727.33,727.43,726.12,726.3,1294.98
2025-07-19T02:00:00.000000Z,726.3,726.66,723.32,723.32,2448.1
2025-07-19T02:05:00.000000Z,723.31,725.23,723.03,723.97,2360.1
2025-07-19T02:10:00.000000Z,723.97,725.72,723.9,725.72,1984.33
2025-07-19T02:15:00.000000Z,725.71,727.24,724.26,727.21,1672.08
2025-07-19T02:20:00.000000Z,727.2,728.36,726.44,727.62,2676.39
2025-07-19T02:25:00.000000Z,727.61,727.81,726.21,726.48,1551.74
2025-07-19T02:30:00.000000Z,726.48,728.64,726.41,728.6,1971.88
2025-07-19T02:35:00.000000Z,728.59,729.56,728.55,729.21,2885.51
2025-07-19T02:40:00.000000Z,729.21,729.75,728.72,729.71,758.61
2025-07-19T02:45:00.000000Z,729.7,730.2,729.28,730.0,1759.71
2025-07-19T02:50:00.000000Z,730.0,730.9,729.96,730.85,1388.72
2025-07-19T02:55:00.000000Z,730.84,731.11,729.76,730.38,1162.64
2025-07-19T03:00:00.000000Z,730.38,730.92,730.35,730.92,1234.94
2025-07-19T03:05:00.000000Z,730.92,731.75,730.8,731.15,1346.35
2025-07-19T03:10:00.000000Z,731.15,731.84,729.9,731.71,4551.1
2025-07-19T03:15:00.000000Z,731.7,732.04,731.29,731.48,1732.42
2025-07-19T03:20:00.000000Z,731.47,732.08,731.35,731.99,1250.33
2025-07-19T03:25:00.000000Z,731.99,732.66,731.6,732.53,648.13
2025-07-19T03:30:00.000000Z,732.53,733.98,732.33,733.97,1309.9
2025-07-19T03:35:00.000000Z,733.96,734.24,733.49,733.96,1945.54
2025-07-19T03:40:00.000000Z,733.96,734.39,733.6,733.96,2246.7
2025-07-19T03:45:00.000000Z,733.96,734.76,733.56,733.66,2798.67
2025-07-19T03:50:00.000000Z,733.65,734.58,732.79,734.39,2448.34
2025-07-19T03:55:00.000000Z,734.4,735.39,734.39,735.25,2004.74
2025-07-19T04:00:00.000000Z,735.25,735.81,734.62,735.53,3133.48
2025-07-19T04:05:00.000000Z,735.53,737.43,735.52,737.09,5782.07
2025-07-19T04:10:00.000000Z,737.08,737.23,736.27,736.7,2596.14
2025-07-19T04:15:00.000000Z,736.7,737.68,736.28,737.21,8290.32
2025-07-19T04:20:00.000000Z,737.22,738.0,737.04,737.04,4671.15
2025-07-19T04:25:00.000000Z,737.05,738.64,736.41,738.46,5119.24
2025-07-19T04:30:00.000000Z,738.45,739.76,738.05,739.16,4971.75
2025-07-19T04:35:00.000000Z,739.16,739.2,736.48,737.57,4126.91
2025-07-19T04:40:00.000000Z,737.57,738.1,737.57,737.65,928.25
2025-07-19T04:45:00.000000Z,737.64,737.91,736.51,737.05,1458.98
2025-07-19T04:50:00.000000Z,737.05,737.98,736.99,737.28,954.39
2025-07-19T04:55:00.000000Z,737.28,737.6,737.0,737.43,958.51
2025-07-19T05:00:00.000000Z,737.44,737.64,736.76,736.95,1436.27
2025-07-19T05:05:00.000000Z,736.95,736.95,734.42,734.48,3442.93
2025-07-19T05:10:00.000000Z,734.49,735.85,734.2,735.53,1874.09
2025-07-19T05:15:00.000000Z,735.53,736.0,734.91,735.94,3192.4
2025-07-19T05:20:00.000000Z,735.94,736.54,735.0,735.64,1386.84
2025-07-19T05:25:00.000000Z,735.63,736.32,735.4,736.17,637.4
2025-07-19T05:30:00.000000Z,736.16,736.6,735.4,736.28,845.19
2025-07-19T05:35:00.000000Z,736.29,736.64,735.73,736.1,806.92
2025-07-19T05:40:00.000000Z,736.09,736.37,735.52,736.12,903.68
2025-07-19T05:45:00.000000Z,736.13,736.17,735.32,735.71,569.61
2025-07-19T05:50:00.000000Z,735.71,735.71,734.64,735.0,781.85
2025-07-19T05:55:00.000000Z,735.0,735.44,734.92,735.09,747.34
2025-07-19T06:00:00.000000Z,735.08,735.54,734.28,734.28,749.62
2025-07-19T06:05:00.000000Z,734.28,735.81,734.09,735.38,864.51
2025-07-19T06:10:00.000000Z,735.37,735.47,734.51,734.51,737.16
2025-07-19T06:15:00.000000Z,734.52,734.96,733.95,734.67,1699.97
2025-07-19T06:20:00.000000Z,734.67,734.8,732.84,733.12,1322.6
2025-07-19T06:25:00.000000Z,733.13,733.77,732.33,732.45,1544.7
2025-07-19T06:30:00.000000Z,732.46,733.98,732.46,733.76,1701.52
2025-07-19T06:35:00.000000Z,733.77,733.8,733.32,733.61,686.9
2025-07-19T06:40:00.000000Z,733.6,733.61,732.19,732.4,999.67
2025-07-19T06:45:00.000000Z,732.41,733.51,732.41,733.24,1157.15
2025-07-19T06:50:00.000000Z,733.23,733.68,732.88,733.08,631.75
2025-07-19T06:55:00.000000Z,733.08,733.25,732.09,732.4,848.6
2025-07-19T07:00:00.000000Z,732.4,732.92,731.93,732.8,1470.74
2025-07-19T07:05:00.000000Z,732.79,733.87,732.56,733.64,1472.91
2025-07-19T07:10:00.000000Z,733.64,734.61,732.95,734.21,1201.46
2025-07-19T07:15:00.000000Z,734.21,734.28,732.32,733.95,3895.37
2025-07-19T07:20:00.000000Z,733.96,734.75,733.95,734.75,1921.44
2025-07-19T07:25:00.000000Z,734.75,734.76,733.63,733.85,1902.4
2025-07-19T07:30:00.000000Z,733.86,734.0,732.64,732.83,2291.07
2025-07-19T07:35:00.000000Z,732.82,732.89,732.01,732.44,796.31
2025-07-19T07:40:00.000000Z,732.46,732.95,732.13,732.19,1224.93
2025-07-19T07:45:00.000000Z,732.19,733.27,732.11,733.27,1603.02
2025-07-19T07:50:00.000000Z,733.28,733.28,732.88,733.03,809.49
2025-07-19T07:55:00.000000Z,733.04,733.27,732.33,732.66,895.98
2025-07-19T08:00:00.000000Z,732.66,733.12,732.48,732.95,1942.94
2025-07-19T08:05:00.000000Z,732.95,733.56,731.93,731.97,1594.77
2025-07-19T08:10:00.000000Z,731.96,732.2,730.42,730.68,2743.54
2025-07-19T08:15:00.000000Z,730.68,731.21,729.41,730.0,3479.42
2025-07-19T08:20:00.000000Z,730.01,730.28,729.24,729.43,2651.2
2025-07-19T08:25:00.000000Z,729.47,730.58,729.47,730.08,1907.6
2025-07-19T08:30:00.000000Z,730.07,730.21,728.28,728.4,1898.21
2025-07-19T08:35:00.000000Z,728.4,729.78,728.3,729.68,2455.32
2025-07-19T08:40:00.000000Z,729.68,730.69,729.45,730.62,1501.78
2025-07-19T08:45:00.000000Z,730.62,731.48,729.81,731.34,994.24
2025-07-19T08:50:00.000000Z,731.36,731.36,730.0,730.74,1160.26
2025-07-19T08:55:00.000000Z,730.73,731.22,730.27,730.77,802.59
2025-07-19T09:00:00.000000Z,730.77,731.82,730.18,731.47,1249.63
2025-07-19T09:05:00.000000Z,731.48,733.59,731.28,733.09,1688.26
2025-07-19T09:10:00.000000Z,733.09,733.61,732.34,732.34,1292.53
2025-07-19T09:15:00.000000Z,732.35,733.64,732.18,733.33,1087.93
2025-07-19T09:20:00.000000Z,733.32,733.57,732.73,732.83,1112.97
2025-07-19T09:25:00.000000Z,732.84,733.57,732.64,732.88,1152.95
2025-07-19T09:30:00.000000Z,732.87,733.56,732.42,733.29,1046.37
2025-07-19T09:35:00.000000Z,733.29,734.32,733.29,733.77,926.97
2025-07-19T09:40:00.000000Z,733.77,734.19,733.4,734.04,1215.24
2025-07-19T09:45:00.000000Z,734.04,735.34,733.68,735.23,2808.23
2025-07-19T09:50:00.000000Z,735.23,735.23,731.9,732.29,3979.94
2025-07-19T09:55:00.000000Z,732.3,733.6,732.19,733.04,879.73
2025-07-19T10:00:00.000000Z,733.04,733.35,731.8,731.81,1188.45
2025-07-19T10:05:00.000000Z,731.81,733.04,731.64,731.7,1559.05
2025-07-19T10:10:00.000000Z,731.68,732.37,731.44,731.66,777.3
2025-07-19T10:15:00.000000Z,731.65,731.92,731.23,731.73,695.49
2025-07-19T10:20:00.000000Z,731.73,732.73,731.66,732.53,687.88
2025-07-19T10:25:00.000000Z,732.52,733.0,732.36,733.0,554.78
2025-07-19T10:30:00.000000Z,732.99,734.2,732.99,733.56,2216.39
2025-07-19T10:35:00.000000Z,733.56,736.38,733.49,736.22,4710.56
2025-07-19T10:40:00.000000Z,736.22,738.54,736.07,738.26,8050.17
2025-07-19T10:45:00.000000Z,738.26,738.84,736.54,737.02,4869.8
2025-07-19T10:50:00.000000Z,737.02,737.38,736.43,736.84,1491.64
2025-07-19T10:55:00.000000Z,736.83,737.03,735.67,736.4,1579.3
2025-07-19T11:00:00.000000Z,736.4,737.44,736.32,737.11,1997.17
2025-07-19T11:05:00.000000Z,737.11,737.57,736.65,736.91,1229.63
2025-07-19T11:10:00.000000Z,736.91,736.91,734.07,734.39,1874.69
2025-07-19T11:15:00.000000Z,734.39,736.0,733.36,736.0,3188.78
2025-07-19T11:20:00.000000Z,735.99,738.39,735.95,737.87,5610.86
2025-07-19T11:25:00.000000Z,737.87,738.19,737.32,737.68,1373.95
2025-07-19T11:30:00.000000Z,737.68,738.28,737.35,737.42,1926.24
2025-07-19T11:35:00.000000Z,737.42,738.3,737.11,737.67,1141.22
2025-07-19T11:40:00.000000Z,737.63,738.76,737.49,737.99,2593.75
2025-07-19T11:45:00.000000Z,737.99,738.68,736.87,736.87,3259.91
2025-07-19T11:50:00.000000Z,736.86,737.8,736.34,737.01,2068.65
2025-07-19T11:55:00.000000Z,737.0,737.48,736.0,737.17,1608.54
2025-07-19T12:00:00.000000Z,737.17,738.0,737.06,737.66,1761.78
2025-07-19T12:05:00.000000Z,737.64,737.85,736.1,737.47,2292.94
2025-07-19T12:10:00.000000Z,737.46,737.7,736.12,737.09,2607.77
2025-07-19T12:15:00.000000Z,737.1,738.43,736.36,737.94,2251.09
2025-07-19T12:20:00.000000Z,737.94,738.68,737.21,738.51,1499.85
2025-07-19T12:25:00.000000Z,738.51,741.36,738.51,739.59,7509.67
2025-07-19T12:30:00.000000Z,739.59,740.75,739.32,740.32,2502.54
2025-07-19T12:35:00.000000Z,740.31,740.82,739.83,740.32,1256.96
2025-07-19T12:40:00.000000Z,740.32,740.84,739.8,740.68,2419.03
2025-07-19T12:45:00.000000Z,740.67,740.91,740.04,740.75,1358.1
2025-07-19T12:50:00.000000Z,740.77,742.27,740.77,742.08,3898.62
2025-07-19T12:55:00.000000Z,742.09,742.48,741.2,742.36,2235.38
2025-07-19T13:00:00.000000Z,742.37,742.9,741.84,742.72,2725.74
2025-07-19T13:05:00.000000Z,742.72,742.94,740.19,740.93,3272.53
2025-07-19T13:10:00.000000Z,740.93,741.17,740.04,740.39,1122.41
2025-07-19T13:15:00.000000Z,740.4,740.52,739.4,739.64,2135.16
2025-07-19T13:20:00.000000Z,739.64,739.79,738.16,738.43,1842.52
2025-07-19T13:25:00.000000Z,738.43,739.02,737.53,737.75,2406.79
2025-07-19T13:30:00.000000Z,737.76,738.54,736.77,737.16,3848.61
2025-07-19T13:35:00.000000Z,737.16,737.68,736.57,736.69,2514.42
2025-07-19T13:40:00.000000Z,736.69,737.2,735.28,736.27,3987.23
2025-07-19T13:45:00.000000Z,736.27,736.8,734.91,734.91,2812.93
2025-07-19T13:50:00.000000Z,734.92,735.79,734.65,735.29,1390.23
2025-07-19T13:55:00.000000Z,735.29,736.39,734.7,736.24,1362.53
2025-07-19T14:00:00.000000Z,736.23,736.53,735.05,736.02,1545.31
2025-07-19T14:05:00.000000Z,736.02,736.36,734.85,734.92,2054.11
2025-07-19T14:10:00.000000Z,734.96,735.49,733.94,733.99,4840.7
2025-07-19T14:15:00.000000Z,733.99,735.68,733.9,735.12,1566.42
2025-07-19T14:20:00.000000Z,735.13,735.48,734.31,735.19,1426.41
2025-07-19T14:25:00.000000Z,735.19,735.46,733.32,733.66,2583.31
2025-07-19T14:30:00.000000Z,733.66,734.92,732.45,733.43,4201.63
2025-07-19T14:35:00.000000Z,733.44,734.02,731.16,731.55,4397.23
2025-07-19T14:40:00.000000Z,731.55,732.67,731.32,732.63,3002.67
2025-07-19T14:45:00.000000Z,732.63,733.29,731.55,732.01,1398.97
2025-07-19T14:50:00.000000Z,732.01,732.76,730.67,731.19,2347.4
2025-07-19T14:55:00.000000Z,731.2,731.32,728.49,729.19,8073.24
2025-07-19T15:00:00.000000Z,729.2,730.36,728.65,729.07,4869.28
2025-07-19T15:05:00.000000Z,729.08,729.42,728.12,728.54,4360.64
2025-07-19T15:10:00.000000Z,728.55,729.83,727.78,728.0,3700.79
2025-07-19T15:15:00.000000Z,728.0,730.17,728.0,729.9,5344.47
2025-07-19T15:20:00.000000Z,729.9,731.3,729.64,731.08,3810.85
2025-07-19T15:25:00.000000Z,731.09,731.09,730.13,730.4,1330.83
2025-07-19T15:30:00.000000Z,730.4,731.23,729.65,730.63,1972.49
2025-07-19T15:35:00.000000Z,730.63,731.28,729.88,730.88,1157.56
2025-07-19T15:40:00.000000Z,730.87,732.57,730.87,732.41,2585.36
2025-07-19T15:45:00.000000Z,732.41,732.41,731.5,731.92,1712.16
2025-07-19T15:50:00.000000Z,731.92,732.09,730.25,731.27,1510.67
2025-07-19T15:55:00.000000Z,731.28,731.78,730.98,731.15,1032.53
2025-07-19T16:00:00.000000Z,731.16,731.48,729.85,730.04,2185.96
2025-07-19T16:05:00.000000Z,730.04,730.24,729.17,729.29,2087.51
2025-07-19T16:10:00.000000Z,729.3,729.68,728.57,729.17,2329.93
2025-07-19T16:15:00.000000Z,729.17,730.53,728.6,730.52,1236.6
2025-07-19T16:20:00.000000Z,730.51,731.36,729.63,731.25,1797.22
2025-07-19T16:25:00.000000Z,731.27,732.83,730.81,732.64,2125.31
2025-07-19T16:30:00.000000Z,732.64,733.2,731.93,732.23,2004.22
2025-07-19T16:35:00.000000Z,732.24,733.33,732.23,732.99,816.92
2025-07-19T16:40:00.000000Z,732.99,733.28,732.56,733.23,797.15
2025-07-19T16:45:00.000000Z,733.24,733.48,732.55,733.44,1033.01
2025-07-19T16:50:00.000000Z,733.43,733.6,731.54,731.68,1052.52
2025-07-19T16:55:00.000000Z,731.69,732.53,731.68,732.53,704.28
2025-07-19T17:00:00.000000Z,732.54,732.6,732.0,732.0,578.46
2025-07-19T17:05:00.000000Z,732.0,732.12,731.23,731.51,882.81
2025-07-19T17:10:00.000000Z,731.52,731.59,730.58,731.04,2146.52
2025-07-19T17:15:00.000000Z,731.04,731.74,730.74,730.74,491.01
2025-07-19T17:20:00.000000Z,730.74,731.63,730.72,731.08,1122.88
2025-07-19T17:25:00.000000Z,731.09,731.19,730.16,730.71,782.52
2025-07-19T17:30:00.000000Z,730.71,730.9,729.76,730.06,1161.76
2025-07-19T17:35:00.000000Z,730.06,730.2,728.92,729.64,1432.55
2025-07-19T17:40:00.000000Z,729.64,729.64,728.6,729.07,1286.25
2025-07-19T17:45:00.000000Z,729.08,730.44,729.07,729.84,801.02
2025-07-19T17:50:00.000000Z,729.84,730.11,729.4,729.63,521.27
2025-07-19T17:55:00.000000Z,729.64,729.64,728.16,729.41,1148.81
2025-07-19T18:00:00.000000Z,729.41,730.59,728.92,730.0,1254.61
2025-07-19T18:05:00.000000Z,730.01,731.64,730.0,731.25,1202.06
2025-07-19T18:10:00.000000Z,731.25,731.99,731.25,731.56,904.93
2025-07-19T18:15:00.000000Z,731.56,732.27,730.84,730.85,1230.35
2025-07-19T18:20:00.000000Z,730.85,732.07,730.84,731.92,444.45
2025-07-19T18:25:00.000000Z,731.91,732.16,731.4,731.45,400.32
2025-07-19T18:30:00.000000Z,731.45,731.99,731.45,731.9,421.1
2025-07-19T18:35:00.000000Z,731.91,732.12,731.61,732.12,385.05
2025-07-19T18:40:00.000000Z,732.12,732.57,731.58,731.67,619.09
2025-07-19T18:45:00.000000Z,731.67,732.06,730.6,730.83,599.33
2025-07-19T18:50:00.000000Z,730.84,731.25,730.54,731.0,576.63
2025-07-19T18:55:00.000000Z,730.98,731.03,730.5,730.98,401.68
2025-07-19T19:00:00.000000Z,730.98,731.78,730.92,731.45,780.27
2025-07-19T19:05:00.000000Z,731.45,731.51,729.56,729.56,876.84
2025-07-19T19:10:00.000000Z,729.57,730.48,728.74,730.07,1367.64
2025-07-19T19:15:00.000000Z,730.08,731.63,729.96,731.14,671.15
2025-07-19T19:20:00.000000Z,731.14,732.04,731.09,731.55,663.96
2025-07-19T19:25:00.000000Z,731.56,732.18,731.33,732.17,684.57
2025-07-19T19:30:00.000000Z,732.18,733.27,732.17,733.13,1322.13
2025-07-19T19:35:00.000000Z,733.14,734.33,733.07,734.32,1284.72
2025-07-19T19:40:00.000000Z,734.33,735.63,734.0,734.96,2210.49
2025-07-19T19:45:00.000000Z,734.96,735.37,734.12,735.2,2194.96
2025-07-19T19:50:00.000000Z,735.31,735.57,734.54,734.86,2111.02
2025-07-19T19:55:00.000000Z,734.85,735.28,734.41,734.82,750.94
2025-07-19T20:00:00.000000Z,734.82,735.16,734.36,734.89,765.35
2025-07-19T20:05:00.000000Z,734.9,736.04,734.89,735.59,1192.43
2025-07-19T20:10:00.000000Z,735.59,735.66,735.11,735.23,756.11
2025-07-19T20:15:00.000000Z,735.23,735.24,733.9,734.6,833.57
2025-07-19T20:20:00.000000Z,734.62,735.06,734.46,734.93,863.57
2025-07-19T20:25:00.000000Z,734.95,735.26,734.68,735.01,882.85
2025-07-19T20:30:00.000000Z,735.01,735.07,734.25,734.84,680.06
2025-07-19T20:35:00.000000Z,734.84,735.1,734.72,735.09,481.1
2025-07-19T20:40:00.000000Z,735.09,735.62,735.03,735.32,488.2
2025-07-19T20:45:00.000000Z,735.33,735.58,734.82,735.58,547.29
2025-07-19T20:50:00.000000Z,735.59,736.05,735.36,735.83,763.19
2025-07-19T20:55:00.000000Z,735.84,736.27,733.06,733.06,3346.33
2025-07-19T21:00:00.000000Z,733.06,733.78,731.7,731.71,2501.87
2025-07-19T21:05:00.000000Z,731.71,732.36,731.14,731.14,3005.81
2025-07-19T21:10:00.000000Z,731.13,731.47,728.18,728.8,6111.23
2025-07-19T21:15:00.000000Z,728.79,729.19,725.5,726.14,11601.48
2025-07-19T21:20:00.000000Z,726.14,726.47,725.15,725.51,5994.42
2025-07-19T21:25:00.000000Z,725.5,728.6,725.4,728.56,3179.82
2025-07-19T21:30:00.000000Z,728.56,728.59,727.24,727.89,1354.2
2025-07-19T21:35:00.000000Z,727.89,728.92,727.72,728.09,1252.29
2025-07-19T21:40:00.000000Z,728.1,728.48,727.95,728.27,676.09
2025-07-19T21:45:00.000000Z,728.26,729.1,728.26,729.1,413.69
2025-07-19T21:50:00.000000Z,729.1,730.21,729.09,730.11,2688.13
2025-07-19T21:55:00.000000Z,730.12,730.87,730.11,730.53,469.98
2025-07-19T22:00:00.000000Z,730.53,730.64,729.36,729.54,1070.53
2025-07-19T22:05:00.000000Z,729.54,730.97,729.2,730.91,854.18
2025-07-19T22:10:00.000000Z,730.9,731.48,730.82,731.48,745.96
2025-07-19T22:15:00.000000Z,731.48,731.59,731.28,731.28,94.95
2025-07-19T22:20:00.000000Z,732.0,732.08,730.92,731.21,1018.76
2025-07-19T22:25:00.000000Z,731.21,731.28,731.21,731.27,12.64
2025-07-19T22:30:00.000000Z,730.67,731.2,730.52,731.11,612.79
2025-07-19T22:35:00.000000Z,731.1,731.5,731.02,731.36,331.41
2025-07-19T22:40:00.000000Z,731.36,732.33,731.21,732.15,625.54
2025-07-19T22:45:00.000000Z,732.16,732.25,731.79,731.96,549.77
2025-07-19T22:50:00.000000Z,731.95,732.27,731.67,732.18,462.27
2025-07-19T22:55:00.000000Z,732.18,732.88,732.17,732.87,494.76
2025-07-19T23:00:00.000000Z,732.87,732.89,732.08,732.87,720.08
2025-07-19T23:05:00.000000Z,732.88,733.12,732.64,732.68,555.37
2025-07-19T23:10:00.000000Z,732.69,733.04,732.65,732.87,395.08
2025-07-19T23:15:00.000000Z,732.87,732.87,732.02,732.49,537.65
2025-07-19T23:20:00.000000Z,732.49,732.5,731.67,731.84,574.23
2025-07-19T23:25:00.000000Z,731.84,732.24,731.14,732.12,1023.22
2025-07-19T23:30:00.000000Z,732.12,733.04,732.12,733.0,417.66
2025-07-19T23:35:00.000000Z,733.0,733.42,732.93,733.35,1989.6
2025-07-19T23:40:00.000000Z,733.35,733.39,732.61,732.61,2448.55
2025-07-19T23:45:00.000000Z,732.61,733.0,732.06,732.88,1165.73
2025-07-19T23:50:00.000000Z,732.89,733.32,732.65,733.32,686.87
2025-07-19T23:55:00.000000Z,733.32,733.74,733.24,733.43,814.22
2025-07-20T00:00:00.000000Z,733.43,733.66,732.78,732.79,1066.52
2025-07-20T00:05:00.000000Z,732.78,732.95,732.03,732.16,851.31
2025-07-20T00:10:00.000000Z,732.15,732.6,731.99,732.48,995.13
2025-07-20T00:15:00.000000Z,732.47,733.52,732.27,733.15,606.84
2025-07-20T00:20:00.000000Z,733.15,733.75,733.12,733.29,1024.45
2025-07-20T00:25:00.000000Z,733.28,733.28,731.72,731.72,612.27
2025-07-20T00:30:00.000000Z,731.72,733.04,731.71,732.84,645.94
2025-07-20T00:35:00.000000Z,732.84,734.04,732.83,733.24,1028.68
2025-07-20T00:40:00.000000Z,733.25,733.75,731.67,732.35,5356.61
2025-07-20T00:45:00.000000Z,732.36,733.6,732.36,733.54,661.78
2025-07-20T00:50:00.000000Z,733.55,734.35,733.52,734.22,1042.77
2025-07-20T00:55:00.000000Z,734.22,734.6,734.22,734.43,700.48
2025-07-20T01:00:00.000000Z,734.44,735.6,734.41,735.34,2947.32
2025-07-20T01:05:00.000000Z,735.34,736.64,735.34,736.34,3265.3
2025-07-20T01:10:00.000000Z,736.34,736.53,735.94,736.36,1790.96
2025-07-20T01:15:00.000000Z,736.36,737.1,736.36,736.87,1614.93
2025-07-20T01:20:00.000000Z,736.88,738.01,736.84,737.55,2302.11
2025-07-20T01:25:00.000000Z,737.55,737.96,737.33,737.5,1639.55
2025-07-20T01:30:00.000000Z,737.49,738.61,737.4,738.45,2640.51
2025-07-20T01:35:00.000000Z,738.46,738.46,737.01,737.08,1363.64
2025-07-20T01:40:00.000000Z,737.09,739.24,737.09,738.99,3469.7
2025-07-20T01:45:00.000000Z,739.0,740.4,738.85,740.36,5651.47
2025-07-20T01:50:00.000000Z,740.35,741.89,740.24,740.72,3585.85
2025-07-20T01:55:00.000000Z,740.73,740.76,738.81,738.97,2613.24
2025-07-20T02:00:00.000000Z,738.98,739.49,737.77,738.76,2682.02
2025-07-20T02:05:00.000000Z,738.77,738.99,737.8,738.49,1347.94
2025-07-20T02:10:00.000000Z,738.49,739.92,738.14,739.76,1742.94
2025-07-20T02:15:00.000000Z,739.76,739.95,738.62,738.69,1360.39
2025-07-20T02:20:00.000000Z,738.69,739.47,738.64,739.09,1561.39
2025-07-20T02:25:00.000000Z,739.14,740.63,738.64,740.07,4019.45
2025-07-20T02:30:00.000000Z,740.07,742.0,739.13,741.88,4005.94
2025-07-20T02:35:00.000000Z,741.88,742.37,741.44,741.94,2654.03
2025-07-20T02:40:00.000000Z,741.93,741.99,741.36,741.62,1121.49
2025-07-20T02:45:00.000000Z,741.63,742.15,741.36,742.0,1167.89
2025-07-20T02:50:00.000000Z,742.0,742.24,741.48,741.48,964.84
2025-07-20T02:55:00.000000Z,741.49,742.26,741.32,742.15,882.99
2025-07-20T03:00:00.000000Z,742.16,742.25,741.72,741.8,1191.26
2025-07-20T03:05:00.000000Z,741.8,742.12,741.39,741.94,1866.45
2025-07-20T03:10:00.000000Z,741.93,742.34,741.86,742.05,972.31
2025-07-20T03:15:00.000000Z,742.05,742.05,741.51,741.65,992.89
2025-07-20T03:20:00.000000Z,741.64,741.92,741.25,741.36,724.8
2025-07-20T03:25:00.000000Z,741.36,742.65,741.23,742.53,2937.87
2025-07-20T03:30:00.000000Z,742.53,743.96,742.52,743.85,4037.32
2025-07-20T03:35:00.000000Z,743.85,746.74,743.84,746.36,9243.23
2025-07-20T03:40:00.000000Z,746.37,746.56,743.96,744.8,4643.43
2025-07-20T03:45:00.000000Z,744.79,744.99,743.89,744.44,1390.06
2025-07-20T03:50:00.000000Z,744.44,744.82,743.15,743.4,3486.21
2025-07-20T03:55:00.000000Z,743.4,743.93,742.1,743.4,3548.36
2025-07-20T04:00:00.000000Z,743.4,744.64,743.12,743.35,2386.85
2025-07-20T04:05:00.000000Z,743.36,743.68,742.45,742.45,1442.01
2025-07-20T04:10:00.000000Z,742.46,742.81,741.41,742.28,2067.95
2025-07-20T04:15:00.000000Z,742.29,743.68,742.0,742.92,1887.27
2025-07-20T04:20:00.000000Z,742.92,744.29,742.76,744.27,996.85
2025-07-20T04:25:00.000000Z,744.27,744.37,743.6,743.85,1344.59
2025-07-20T04:30:00.000000Z,743.85,744.6,743.76,744.22,816.05
2025-07-20T04:35:00.000000Z,744.23,744.36,742.86,742.91,2258.24
2025-07-20T04:40:00.000000Z,742.9,742.96,742.46,742.85,611.45
2025-07-20T04:45:00.000000Z,742.84,743.18,742.23,742.56,991.45
2025-07-20T04:50:00.000000Z,742.56,742.9,742.18,742.18,1104.92
2025-07-20T04:55:00.000000Z,742.18,742.56,741.6,742.24,1050.1
2025-07-20T05:00:00.000000Z,742.23,742.64,741.87,742.37,727.83
2025-07-20T05:05:00.000000Z,742.37,742.4,741.09,741.28,2066.06
2025-07-20T05:10:00.000000Z,741.27,741.64,740.93,741.42,798.18
2025-07-20T05:15:00.000000Z,741.43,741.86,741.25,741.34,607.7
2025-07-20T05:20:00.000000Z,741.34,741.45,740.43,740.43,1041.87
2025-07-20T05:25:00.000000Z,740.44,740.73,739.73,740.23,1773.04
2025-07-20T05:30:00.000000Z,740.24,740.63,739.91,740.28,1328.68
2025-07-20T05:35:00.000000Z,740.29,741.12,740.29,740.84,935.2
2025-07-20T05:40:00.000000Z,740.84,741.75,740.64,741.75,1208.7
2025-07-20T05:45:00.000000Z,741.75,743.27,741.75,743.2,2101.49
2025-07-20T05:50:00.000000Z,743.19,744.42,742.58,743.93,2157.33
2025-07-20T05:55:00.000000Z,743.92,744.66,743.82,744.13,1797.68
2025-07-20T06:00:00.000000Z,744.13,744.36,743.75,743.96,1551.24
2025-07-20T06:05:00.000000Z,743.96,743.96,743.52,743.68,963.07
2025-07-20T06:10:00.000000Z,743.69,743.7,742.87,742.96,1083.6
2025-07-20T06:15:00.000000Z,742.96,743.16,742.65,742.65,516.8
2025-07-20T06:20:00.000000Z,742.65,742.72,741.84,742.49,1573.11
2025-07-20T06:25:00.000000Z,742.49,743.24,742.28,743.08,561.38
2025-07-20T06:30:00.000000Z,743.09,743.2,742.64,742.65,444.91
2025-07-20T06:35:00.000000Z,742.65,742.88,742.28,742.29,472.7
2025-07-20T06:40:00.000000Z,742.29,743.88,742.28,743.31,1913.37
2025-07-20T06:45:00.000000Z,743.31,743.33,742.8,742.8,419.71
2025-07-20T06:50:00.000000Z,742.79,742.84,742.43,742.44,410.39
2025-07-20T06:55:00.000000Z,742.44,742.65,742.39,742.59,446.39
2025-07-20T07:00:00.000000Z,742.59,743.0,742.44,742.45,982.06
2025-07-20T07:05:00.000000Z,742.45,743.26,742.01,742.41,1260.92
2025-07-20T07:10:00.000000Z,742.4,743.07,742.34,742.99,655.18
2025-07-20T07:15:00.000000Z,742.99,743.79,742.99,743.77,826.48
2025-07-20T07:20:00.000000Z,743.78,743.9,743.72,743.9,427.85
2025-07-20T07:25:00.000000Z,743.9,743.98,743.72,743.97,632.24
2025-07-20T07:30:00.000000Z,743.97,744.0,743.72,743.77,872.18
2025-07-20T07:35:00.000000Z,743.78,744.21,743.32,744.21,1465.17
2025-07-20T07:40:00.000000Z,744.21,746.0,744.2,745.92,2617.76
2025-07-20T07:45:00.000000Z,745.92,745.96,745.51,745.62,1570.78
2025-07-20T07:50:00.000000Z,745.62,745.62,745.0,745.14,1860.92
2025-07-20T07:55:00.000000Z,745.14,745.16,744.53,744.99,2316.99
2025-07-20T08:00:00.000000Z,744.98,747.48,744.98,747.37,5542.34
2025-07-20T08:05:00.000000Z,747.37,747.79,746.81,747.29,2495.68
2025-07-20T08:10:00.000000Z,747.29,747.29,747.0,747.19,1211.02
2025-07-20T08:15:00.000000Z,747.2,747.92,747.19,747.84,3032.17
2025-07-20T08:20:00.000000Z,747.84,748.31,747.52,748.2,2139.36
2025-07-20T08:25:00.000000Z,748.19,749.32,747.92,748.55,6526.42
2025-07-20T08:30:00.000000Z,748.55,749.21,748.24,748.84,1839.52
2025-07-20T08:35:00.000000Z,748.84,748.84,748.27,748.6,1460.53
2025-07-20T08:40:00.000000Z,748.59,749.45,748.3,749.45,3110.01
2025-07-20T08:45:00.000000Z,749.44,751.27,749.11,749.64,7463.97
2025-07-20T08:50:00.000000Z,749.64,749.9,748.48,748.99,3302.54
2025-07-20T08:55:00.000000Z,748.99,751.36,748.99,751.21,2551.49
2025-07-20T09:00:00.000000Z,751.21,751.21,750.16,750.39,2195.33
2025-07-20T09:05:00.000000Z,750.39,750.43,748.4,748.89,3432.08
2025-07-20T09:10:00.000000Z,748.9,749.3,748.41,749.29,1430.71
2025-07-20T09:15:00.000000Z,749.3,749.98,749.29,749.59,1088.09
2025-07-20T09:20:00.000000Z,749.58,749.58,748.17,748.35,1922.37
2025-07-20T09:25:00.000000Z,748.35,748.99,747.51,748.15,2183.9
2025-07-20T09:30:00.000000Z,748.16,749.74,748.16,749.5,1332.51
2025-07-20T09:35:00.000000Z,749.5,751.07,748.92,750.17,6738.75
2025-07-20T09:40:00.000000Z,750.16,750.31,749.4,749.51,688.55
2025-07-20T09:45:00.000000Z,749.51,750.08,749.4,749.55,983.42
2025-07-20T09:50:00.000000Z,749.55,749.84,749.28,749.44,685.17
2025-07-20T09:55:00.000000Z,749.43,749.63,749.04,749.2,1265.72
2025-07-20T10:00:00.000000Z,749.2,750.18,748.99,749.51,2686.29
2025-07-20T10:05:00.000000Z,749.51,749.69,748.07,748.39,6708.91
2025-07-20T10:10:00.000000Z,748.4,748.58,747.7,748.58,2016.42
2025-07-20T10:15:00.000000Z,748.58,749.45,748.37,749.31,800.41
2025-07-20T10:20:00.000000Z,749.31,749.35,748.62,749.08,1085.9
2025-07-20T10:25:00.000000Z,749.07,749.53,748.8,749.37,802.95
2025-07-20T10:30:00.000000Z,749.37,749.39,747.3,748.2,4041.25
2025-07-20T10:35:00.000000Z,748.22,748.76,747.8,747.85,858.43
2025-07-20T10:40:00.000000Z,747.85,748.2,747.62,747.63,894.32
2025-07-20T10:45:00.000000Z,747.63,748.03,747.47,747.99,685.37
2025-07-20T10:50:00.000000Z,747.99,748.08,746.7,746.75,1512.83
2025-07-20T10:55:00.000000Z,746.76,746.91,745.42,745.59,3488.6
2025-07-20T11:00:00.000000Z,745.58,746.57,745.0,746.39,4642.15
2025-07-20T11:05:00.000000Z,746.39,746.89,746.32,746.72,1468.89
2025-07-20T11:10:00.000000Z,746.72,746.8,746.16,746.59,2307.89
2025-07-20T11:15:00.000000Z,746.6,747.16,746.16,747.1,1912.47
2025-07-20T11:20:00.000000Z,747.1,748.32,746.72,747.32,1770.59
2025-07-20T11:25:00.000000Z,747.32,747.32,746.73,747.04,1105.21
2025-07-20T11:30:00.000000Z,747.04,747.41,746.76,747.41,762.93
2025-07-20T11:35:00.000000Z,747.41,747.98,747.41,747.76,970.45
2025-07-20T11:40:00.000000Z,747.75,748.27,747.53,748.04,1052.74
2025-07-20T11:45:00.000000Z,748.04,750.4,747.84,749.98,3089.94
2025-07-20T11:50:00.000000Z,749.98,750.68,749.65,750.32,2665.49
2025-07-20T11:55:00.000000Z,750.32,750.34,748.73,749.2,2128.85
2025-07-20T12:00:00.000000Z,749.2,749.29,747.67,748.04,2816.81
2025-07-20T12:05:00.000000Z,748.04,749.5,748.03,748.81,1605.4
2025-07-20T12:10:00.000000Z,748.81,748.96,747.63,748.47,1439.77
2025-07-20T12:15:00.000000Z,748.47,748.47,747.44,747.45,1263.16
2025-07-20T12:20:00.000000Z,747.55,748.04,746.97,747.89,1953.38
2025-07-20T12:25:00.000000Z,747.89,748.34,746.76,746.76,1264.9
2025-07-20T12:30:00.000000Z,746.77,747.19,746.28,747.17,1149.63
2025-07-20T12:35:00.000000Z,747.18,747.92,747.18,747.27,555.84
2025-07-20T12:40:00.000000Z,747.27,747.36,746.48,746.58,1624.01
2025-07-20T12:45:00.000000Z,746.59,746.99,746.43,746.93,529.59
2025-07-20T12:50:00.000000Z,746.93,748.23,746.87,747.79,1686.52
2025-07-20T12:55:00.000000Z,747.8,748.12,747.18,747.83,1435.7
2025-07-20T13:00:00.000000Z,747.84,748.55,747.79,747.92,980.71
2025-07-20T13:05:00.000000Z,747.91,748.42,747.49,747.81,1186.99
2025-07-20T13:10:00.000000Z,747.81,748.47,747.56,748.1,1489.7
2025-07-20T13:15:00.000000Z,748.11,748.16,747.48,748.1,1005.18
2025-07-20T13:20:00.000000Z,748.1,748.12,747.61,747.95,751.07
2025-07-20T13:25:00.000000Z,747.95,747.99,747.52,747.67,949.44
2025-07-20T13:30:00.000000Z,747.68,748.22,747.44,747.83,829.15
2025-07-20T13:35:00.000000Z,747.83,748.19,747.56,747.81,601.48
2025-07-20T13:40:00.000000Z,747.81,748.57,747.75,748.57,676.81
2025-07-20T13:45:00.000000Z,748.56,749.1,748.53,748.93,1219.8
2025-07-20T13:50:00.000000Z,748.93,749.83,748.84,749.83,1183.32
2025-07-20T13:55:00.000000Z,749.82,750.15,749.69,749.71,1644.93
2025-07-20T14:00:00.000000Z,749.71,750.07,749.17,749.35,2342.37
2025-07-20T14:05:00.000000Z,749.36,749.95,748.1,748.12,2054.29
2025-07-20T14:10:00.000000Z,748.13,748.2,746.16,747.37,6593.88
2025-07-20T14:15:00.000000Z,747.37,748.28,746.16,747.84,4645.7
2025-07-20T14:20:00.000000Z,747.88,748.72,747.68,748.18,1747.63
2025-07-20T14:25:00.000000Z,748.19,748.44,747.47,748.28,1162.62
2025-07-20T14:30:00.000000Z,748.28,748.49,746.73,747.4,5836.97
2025-07-20T14:35:00.000000Z,747.4,747.8,747.24,747.26,1295.74
2025-07-20T14:40:00.000000Z,747.26,747.69,746.5,746.57,1121.4
2025-07-20T14:45:00.000000Z,746.58,746.68,745.55,746.21,5013.43
2025-07-20T14:50:00.000000Z,746.22,746.66,745.8,746.22,2430.87
2025-07-20T14:55:00.000000Z,746.23,746.8,745.96,746.75,872.35
2025-07-20T15:00:00.000000Z,746.76,746.96,746.02,746.78,2373.44
2025-07-20T15:05:00.000000Z,746.77,746.77,746.17,746.4,1337.28
2025-07-20T15:10:00.000000Z,746.39,747.6,746.39,747.59,2073.29
2025-07-20T15:15:00.000000Z,747.59,747.79,746.66,746.75,3210.4
2025-07-20T15:20:00.000000Z,746.75,747.3,746.51,747.17,913.29
2025-07-20T15:25:00.000000Z,747.17,748.8,747.07,748.8,1985.57
2025-07-20T15:30:00.000000Z,748.81,748.93,748.16,748.68,2675.54
2025-07-20T15:35:00.000000Z,748.68,749.52,748.27,749.09,1984.55
2025-07-20T15:40:00.000000Z,749.09,750.32,748.92,750.29,2073.07
2025-07-20T15:45:00.000000Z,750.3,751.39,750.27,751.16,2615.96
2025-07-20T15:50:00.000000Z,751.16,751.94,750.84,751.91,2516.73
2025-07-20T15:55:00.000000Z,751.92,752.27,751.22,751.41,5135.41
2025-07-20T16:00:00.000000Z,751.41,754.85,751.07,754.0,10411.24
2025-07-20T16:05:00.000000Z,754.0,754.86,753.67,754.32,7231.86
2025-07-20T16:10:00.000000Z,754.31,755.0,752.71,754.97,3338.62
2025-07-20T16:15:00.000000Z,755.51,756.54,753.4,753.72,4520.36
2025-07-20T16:20:00.000000Z,753.73,753.79,753.12,753.34,580.99
2025-07-20T16:25:00.000000Z,753.07,754.44,753.07,754.15,3617.87
2025-07-20T16:30:00.000000Z,754.15,755.48,754.09,755.07,829.55
2025-07-20T16:35:00.000000Z,755.86,755.86,754.51,754.58,2844.73
2025-07-20T16:40:00.000000Z,754.58,756.79,754.41,756.45,2476.4
2025-07-20T16:45:00.000000Z,756.32,756.75,755.71,756.27,1285.23
2025-07-20T16:50:00.000000Z,756.13,756.6,755.31,755.65,1628.54
2025-07-20T16:55:00.000000Z,755.64,755.75,754.64,755.48,1977.85
2025-07-20T17:00:00.000000Z,755.47,755.57,750.34,751.2,5433.29
2025-07-20T17:05:00.000000Z,751.23,752.77,750.86,752.02,3519.62
2025-07-20T17:10:00.000000Z,752.34,752.4,750.89,751.91,2731.3
2025-07-20T17:15:00.000000Z,751.92,752.08,750.4,750.95,538.26
2025-07-20T17:20:00.000000Z,754.85,755.36,753.64,754.32,2682.22
2025-07-20T17:25:00.000000Z,754.32,754.69,752.92,754.0,1507.85
2025-07-20T17:30:00.000000Z,754.01,755.54,753.1,754.53,1759.77
2025-07-20T17:35:00.000000Z,754.53,754.74,752.88,753.4,2117.19
2025-07-20T17:40:00.000000Z,753.38,753.38,750.34,751.77,4227.81
2025-07-20T17:45:00.000000Z,751.77,751.78,750.89,751.28,276.98
2025-07-20T17:50:00.000000Z,751.05,751.24,748.1,748.55,3395.99
2025-07-20T17:55:00.000000Z,748.56,749.57,747.24,747.92,7901.91
2025-07-20T18:00:00.000000Z,747.92,749.76,747.84,749.02,2745.14
