timestamp,open,high,low,close,volume
2025-07-12T22:45:00.000000Z,684.96,684.96,684.74,684.78,95.96
2025-07-12T22:46:00.000000Z,684.79,684.79,684.66,684.75,62.58
2025-07-12T22:47:00.000000Z,684.75,684.75,684.74,684.74,16.09
2025-07-12T22:48:00.000000Z,684.74,684.74,684.32,684.36,92.04
2025-07-12T22:49:00.000000Z,684.36,684.38,684.2,684.35,243.79
2025-07-12T22:50:00.000000Z,684.35,684.43,684.35,684.42,32.79
2025-07-12T22:51:00.000000Z,684.42,684.56,684.42,684.56,23.54
2025-07-12T22:52:00.000000Z,684.55,684.7,684.55,684.7,37.66
2025-07-12T22:53:00.000000Z,684.7,684.83,684.69,684.82,17.47
2025-07-12T22:54:00.000000Z,684.83,684.95,684.76,684.76,74.19
2025-07-12T22:55:00.000000Z,684.77,684.84,684.77,684.84,52.83
2025-07-12T22:56:00.000000Z,684.84,684.97,684.83,684.9,43.36
2025-07-12T22:57:00.000000Z,684.91,685.09,684.91,685.09,94.27
2025-07-12T22:58:00.000000Z,685.09,685.11,685.09,685.11,33.61
2025-07-12T22:59:00.000000Z,685.11,685.17,685.1,685.16,59.38
2025-07-12T23:00:00.000000Z,685.16,685.5,685.16,685.5,172.83
2025-07-12T23:01:00.000000Z,685.5,685.5,685.36,685.37,84.07
2025-07-12T23:02:00.000000Z,685.37,685.37,685.2,685.21,130.68
2025-07-12T23:03:00.000000Z,685.21,685.21,685.07,685.09,203.91
2025-07-12T23:04:00.000000Z,685.1,685.1,684.7,684.71,141.74
2025-07-12T23:05:00.000000Z,684.71,685.05,684.71,685.0,129.54
2025-07-12T23:06:00.000000Z,684.99,685.13,684.94,685.13,54.51
2025-07-12T23:07:00.000000Z,685.12,685.13,684.86,684.87,101.33
2025-07-12T23:08:00.000000Z,684.87,685.04,684.86,684.86,73.99
2025-07-12T23:09:00.000000Z,684.86,684.86,684.54,684.82,124.86
2025-07-12T23:10:00.000000Z,684.82,684.84,684.81,684.84,14.33
2025-07-12T23:11:00.000000Z,684.84,684.84,684.83,684.83,29.88
2025-07-12T23:12:00.000000Z,684.84,684.84,684.7,684.75,58.92
2025-07-12T23:13:00.000000Z,684.75,684.85,684.74,684.85,58.56
2025-07-12T23:14:00.000000Z,684.84,684.94,684.75,684.93,94.58
2025-07-12T23:15:00.000000Z,684.93,685.15,684.93,685.15,67.9
2025-07-12T23:16:00.000000Z,685.15,685.24,685.14,685.23,44.79
2025-07-12T23:17:00.000000Z,685.24,685.6,685.23,685.46,230.22
2025-07-12T23:18:00.000000Z,685.46,685.46,685.3,685.37,64.76
2025-07-12T23:19:00.000000Z,685.37,685.49,685.36,685.36,27.23
2025-07-12T23:20:00.000000Z,685.37,685.52,685.36,685.51,31.64
2025-07-12T23:21:00.000000Z,685.51,685.61,685.51,685.6,39.83
2025-07-12T23:22:00.000000Z,685.6,685.68,685.6,685.66,81.91
2025-07-12T23:23:00.000000Z,685.65,685.66,685.58,685.58,75.41
2025-07-12T23:24:00.000000Z,685.58,685.59,685.58,685.58,54.39
2025-07-12T23:25:00.000000Z,685.58,685.58,685.13,685.26,274.34
2025-07-12T23:26:00.000000Z,685.26,685.6,685.26,685.49,93.44
2025-07-12T23:27:00.000000Z,685.48,685.62,685.41,685.49,261.33
2025-07-12T23:28:00.000000Z,685.48,685.66,685.48,685.54,304.87
2025-07-12T23:29:00.000000Z,685.55,685.55,685.54,685.55,10.6
2025-07-12T23:30:00.000000Z,685.54,685.64,685.37,685.59,62.63
2025-07-12T23:31:00.000000Z,685.59,685.6,685.49,685.5,16.69
2025-07-12T23:32:00.000000Z,685.49,685.74,685.49,685.73,199.71
2025-07-12T23:33:00.000000Z,685.74,685.87,685.73,685.8,166.85
2025-07-12T23:34:00.000000Z,685.79,685.8,685.73,685.75,38.23
2025-07-12T23:35:00.000000Z,685.75,685.76,685.71,685.75,51.18
2025-07-12T23:36:00.000000Z,685.75,685.81,685.72,685.73,25.76
2025-07-12T23:37:00.000000Z,685.72,685.73,685.72,685.72,23.11
2025-07-12T23:38:00.000000Z,685.73,685.73,685.51,685.52,56.69
2025-07-12T23:39:00.000000Z,685.52,685.52,685.44,685.49,37.13
2025-07-12T23:40:00.000000Z,685.48,685.49,685.42,685.42,124.19
2025-07-12T23:41:00.000000Z,685.42,685.43,685.27,685.28,36.74
2025-07-12T23:42:00.000000Z,685.27,685.37,685.27,685.3,90.76
2025-07-12T23:43:00.000000Z,685.31,685.31,685.21,685.21,21.5
2025-07-12T23:44:00.000000Z,685.22,685.4,685.21,685.39,44.92
2025-07-12T23:45:00.000000Z,685.4,685.4,685.32,685.32,69.53
2025-07-12T23:46:00.000000Z,685.32,685.98,685.32,685.98,131.79
2025-07-12T23:47:00.000000Z,685.9,685.9,685.81,685.81,100.38
2025-07-12T23:48:00.000000Z,685.81,685.9,685.81,685.9,29.39
2025-07-12T23:49:00.000000Z,685.9,686.4,685.89,686.4,602.98
2025-07-12T23:50:00.000000Z,686.4,686.52,686.39,686.44,231.7
2025-07-12T23:51:00.000000Z,686.45,686.45,686.36,686.36,105.34
2025-07-12T23:52:00.000000Z,686.36,686.36,686.23,686.24,21.82
2025-07-12T23:53:00.000000Z,686.24,686.24,685.9,685.9,65.75
2025-07-12T23:54:00.000000Z,685.9,685.9,685.62,685.83,233.95
2025-07-12T23:55:00.000000Z,685.83,685.84,685.79,685.79,51.94
2025-07-12T23:56:00.000000Z,685.79,685.83,685.77,685.8,118.9
2025-07-12T23:57:00.000000Z,685.8,685.86,685.71,685.85,103.68
2025-07-12T23:58:00.000000Z,685.86,686.08,685.85,686.08,51.6
2025-07-12T23:59:00.000000Z,686.08,686.1,685.95,686.1,286.59
2025-07-13T00:00:00.000000Z,686.1,686.45,686.06,686.18,694.92
2025-07-13T00:01:00.000000Z,686.19,686.19,686.01,686.04,257.9
2025-07-13T00:02:00.000000Z,686.04,686.26,686.04,686.13,163.43
2025-07-13T00:03:00.000000Z,686.14,686.14,685.76,685.98,164.33
2025-07-13T00:04:00.000000Z,685.98,685.98,685.8,685.8,66.12
2025-07-13T00:05:00.000000Z,685.8,685.98,685.8,685.98,165.85
2025-07-13T00:06:00.000000Z,685.98,685.98,685.62,685.66,116.29
2025-07-13T00:07:00.000000Z,685.65,685.72,685.33,685.46,209.96
2025-07-13T00:08:00.000000Z,685.45,685.46,685.3,685.39,127.83
2025-07-13T00:09:00.000000Z,685.38,685.64,685.38,685.63,142.48
2025-07-13T00:10:00.000000Z,685.63,685.63,685.44,685.44,77.26
2025-07-13T00:11:00.000000Z,685.44,685.79,685.44,685.79,87.57
2025-07-13T00:12:00.000000Z,685.79,686.0,685.78,685.84,112.09
2025-07-13T00:13:00.000000Z,685.83,686.0,685.74,686.0,58.74
2025-07-13T00:14:00.000000Z,685.99,686.0,685.86,685.92,113.12
2025-07-13T00:15:00.000000Z,685.92,686.1,685.89,685.89,132.3
2025-07-13T00:16:00.000000Z,685.89,685.9,685.69,685.87,67.12
2025-07-13T00:17:00.000000Z,685.88,685.88,685.86,685.87,33.99
2025-07-13T00:18:00.000000Z,685.87,686.13,685.71,686.08,111.07
2025-07-13T00:19:00.000000Z,686.09,686.09,686.06,686.07,15.74
2025-07-13T00:20:00.000000Z,686.06,686.44,686.06,686.44,59.71
2025-07-13T00:21:00.000000Z,686.44,686.51,686.42,686.51,111.04
2025-07-13T00:22:00.000000Z,686.51,686.92,686.51,686.86,175.28
2025-07-13T00:23:00.000000Z,686.86,686.86,686.53,686.72,202.59
2025-07-13T00:24:00.000000Z,686.73,686.84,686.52,686.52,95.67
2025-07-13T00:25:00.000000Z,686.53,686.9,686.52,686.89,195.89
2025-07-13T00:26:00.000000Z,686.9,686.99,686.74,686.74,87.83
2025-07-13T00:27:00.000000Z,686.74,686.74,686.66,686.67,23.53
2025-07-13T00:28:00.000000Z,686.67,686.67,686.56,686.57,88.79
2025-07-13T00:29:00.000000Z,686.57,686.68,686.56,686.67,118.09
2025-07-13T00:30:00.000000Z,686.68,686.68,686.44,686.51,71.73
2025-07-13T00:31:00.000000Z,686.51,686.72,686.51,686.65,86.2
2025-07-13T00:32:00.000000Z,686.64,686.72,686.63,686.64,59.44
2025-07-13T00:33:00.000000Z,686.64,686.65,686.49,686.49,49.0
2025-07-13T00:34:00.000000Z,686.49,686.55,686.45,686.54,104.37
2025-07-13T00:35:00.000000Z,686.53,686.65,686.53,686.59,60.92
2025-07-13T00:36:00.000000Z,686.6,686.6,686.19,686.23,81.89
2025-07-13T00:37:00.000000Z,686.23,686.23,686.14,686.15,44.25
2025-07-13T00:38:00.000000Z,686.15,686.74,686.14,686.73,85.92
2025-07-13T00:39:00.000000Z,686.74,686.84,686.66,686.84,76.18
2025-07-13T00:40:00.000000Z,686.84,686.86,686.84,686.84,90.01
2025-07-13T00:41:00.000000Z,686.85,687.2,686.84,687.17,551.43
2025-07-13T00:42:00.000000Z,687.16,687.17,686.97,687.16,439.87
2025-07-13T00:43:00.000000Z,687.16,687.57,687.16,687.4,322.66
2025-07-13T00:44:00.000000Z,687.4,687.58,687.39,687.58,59.24
2025-07-13T00:45:00.000000Z,687.58,687.58,686.92,686.95,169.13
2025-07-13T00:46:00.000000Z,686.94,687.36,686.94,687.29,50.24
2025-07-13T00:47:00.000000Z,687.3,687.47,687.29,687.42,82.23
2025-07-13T00:48:00.000000Z,687.42,687.56,687.27,687.28,88.96
2025-07-13T00:49:00.000000Z,687.28,687.48,687.27,687.32,43.35
2025-07-13T00:50:00.000000Z,687.32,687.36,687.28,687.35,67.38
2025-07-13T00:51:00.000000Z,687.36,687.58,687.35,687.57,75.94
2025-07-13T00:52:00.000000Z,687.58,687.61,687.5,687.51,139.76
2025-07-13T00:53:00.000000Z,687.51,687.51,687.28,687.28,82.45
2025-07-13T00:54:00.000000Z,687.27,687.33,687.14,687.33,60.61
2025-07-13T00:55:00.000000Z,687.33,687.4,687.27,687.33,95.82
2025-07-13T00:56:00.000000Z,687.33,687.33,687.1,687.1,81.85
2025-07-13T00:57:00.000000Z,687.1,687.1,686.87,687.03,99.94
2025-07-13T00:58:00.000000Z,687.03,687.38,687.02,687.19,91.69
2025-07-13T00:59:00.000000Z,687.2,687.28,687.12,687.27,45.29
2025-07-13T01:00:00.000000Z,687.28,687.39,687.27,687.33,123.18
2025-07-13T01:01:00.000000Z,687.33,687.37,687.05,687.11,79.19
2025-07-13T01:02:00.000000Z,687.1,687.5,687.1,687.48,143.88
2025-07-13T01:03:00.000000Z,687.47,687.54,687.34,687.35,86.56
2025-07-13T01:04:00.000000Z,687.35,687.48,687.34,687.46,64.22
2025-07-13T01:05:00.000000Z,687.46,687.65,687.46,687.65,121.53
2025-07-13T01:06:00.000000Z,687.65,687.65,687.4,687.41,128.93
2025-07-13T01:07:00.000000Z,687.41,687.56,687.35,687.55,63.35
2025-07-13T01:08:00.000000Z,687.56,687.68,687.44,687.44,94.5
2025-07-13T01:09:00.000000Z,687.44,687.45,687.32,687.33,48.77
2025-07-13T01:10:00.000000Z,687.33,687.33,687.18,687.22,45.3
2025-07-13T01:11:00.000000Z,687.22,687.63,687.18,687.63,122.15
2025-07-13T01:12:00.000000Z,687.63,687.63,687.42,687.43,24.9
2025-07-13T01:13:00.000000Z,687.43,687.43,687.42,687.43,24.75
2025-07-13T01:14:00.000000Z,687.43,687.43,687.18,687.24,57.73
2025-07-13T01:15:00.000000Z,687.25,687.42,686.87,686.87,109.71
2025-07-13T01:16:00.000000Z,686.88,687.25,686.87,686.89,214.31
2025-07-13T01:17:00.000000Z,686.89,687.08,686.87,687.04,147.15
2025-07-13T01:18:00.000000Z,687.05,687.05,686.92,686.93,66.53
2025-07-13T01:19:00.000000Z,686.93,687.01,686.8,686.94,82.42
2025-07-13T01:20:00.000000Z,686.93,687.06,686.78,686.9,248.93
2025-07-13T01:21:00.000000Z,686.91,687.2,686.9,687.2,69.07
2025-07-13T01:22:00.000000Z,687.2,687.32,687.11,687.14,63.35
2025-07-13T01:23:00.000000Z,687.14,687.14,687.04,687.14,82.41
2025-07-13T01:24:00.000000Z,687.13,687.14,686.89,686.89,42.88
2025-07-13T01:25:00.000000Z,686.89,687.02,686.88,686.92,58.24
2025-07-13T01:26:00.000000Z,686.92,687.08,686.92,687.08,41.71
2025-07-13T01:27:00.000000Z,687.07,687.08,687.0,687.01,30.66
2025-07-13T01:28:00.000000Z,687.01,687.01,686.67,686.82,82.35
2025-07-13T01:29:00.000000Z,686.82,686.89,686.82,686.84,62.17
2025-07-13T01:30:00.000000Z,686.83,686.94,686.83,686.94,33.31
2025-07-13T01:31:00.000000Z,686.93,686.94,686.6,686.72,151.31
2025-07-13T01:32:00.000000Z,686.72,686.9,686.72,686.9,32.05
2025-07-13T01:33:00.000000Z,686.89,686.9,686.64,686.65,91.36
2025-07-13T01:34:00.000000Z,686.64,686.64,686.41,686.49,66.19
2025-07-13T01:35:00.000000Z,686.49,686.66,686.49,686.63,59.79
2025-07-13T01:36:00.000000Z,686.63,686.82,686.62,686.63,72.61
2025-07-13T01:37:00.000000Z,686.62,686.86,686.62,686.86,40.71
2025-07-13T01:38:00.000000Z,686.86,686.86,686.85,686.86,23.18
2025-07-13T01:39:00.000000Z,686.85,687.1,686.85,687.1,119.67
2025-07-13T01:40:00.000000Z,687.1,687.1,686.91,686.96,100.76
2025-07-13T01:41:00.000000Z,686.96,687.2,686.96,687.16,66.24
2025-07-13T01:42:00.000000Z,687.16,687.16,687.06,687.07,87.07
2025-07-13T01:43:00.000000Z,687.07,687.21,687.03,687.03,61.62
2025-07-13T01:44:00.000000Z,687.03,687.2,686.95,687.2,80.01
2025-07-13T01:45:00.000000Z,687.19,687.2,686.99,687.0,115.04
2025-07-13T01:46:00.000000Z,687.0,687.21,687.0,687.21,52.31
2025-07-13T01:47:00.000000Z,687.2,687.38,687.2,687.38,196.88
2025-07-13T01:48:00.000000Z,687.38,687.72,687.38,687.58,222.06
2025-07-13T01:49:00.000000Z,687.58,687.7,687.57,687.7,54.59
2025-07-13T01:50:00.000000Z,687.7,687.7,687.42,687.52,120.03
2025-07-13T01:51:00.000000Z,687.51,687.75,687.51,687.75,138.41
2025-07-13T01:52:00.000000Z,687.75,687.86,687.74,687.85,129.12
2025-07-13T01:53:00.000000Z,687.85,687.86,687.62,687.73,82.83
2025-07-13T01:54:00.000000Z,687.73,687.73,687.64,687.66,85.96
2025-07-13T01:55:00.000000Z,687.65,687.66,687.44,687.45,147.07
2025-07-13T01:56:00.000000Z,687.45,687.6,687.44,687.48,141.74
2025-07-13T01:57:00.000000Z,687.48,687.64,687.45,687.64,70.37
2025-07-13T01:58:00.000000Z,687.64,687.72,687.6,687.63,61.81
2025-07-13T01:59:00.000000Z,687.63,687.7,687.6,687.61,68.45
2025-07-13T02:00:00.000000Z,687.6,687.61,687.22,687.37,156.92
2025-07-13T02:01:00.000000Z,687.38,687.43,687.28,687.43,102.37
2025-07-13T02:02:00.000000Z,687.42,687.43,687.3,687.3,143.26
2025-07-13T02:03:00.000000Z,687.31,687.44,687.3,687.39,80.76
2025-07-13T02:04:00.000000Z,687.39,687.44,687.28,687.29,83.75
2025-07-13T02:05:00.000000Z,687.28,687.46,687.28,687.28,84.02
2025-07-13T02:06:00.000000Z,687.29,687.4,687.24,687.39,198.35
2025-07-13T02:07:00.000000Z,687.39,687.39,687.27,687.28,31.8
2025-07-13T02:08:00.000000Z,687.28,687.28,687.2,687.2,41.54
2025-07-13T02:09:00.000000Z,687.2,687.33,687.14,687.32,52.63
2025-07-13T02:10:00.000000Z,687.33,687.33,687.25,687.25,61.68
2025-07-13T02:11:00.000000Z,687.26,687.32,687.26,687.32,77.39
2025-07-13T02:12:00.000000Z,687.32,687.32,687.17,687.18,38.76
2025-07-13T02:13:00.000000Z,687.18,687.18,687.14,687.14,57.05
2025-07-13T02:14:00.000000Z,687.15,687.15,687.08,687.09,38.3
2025-07-13T02:15:00.000000Z,687.09,687.09,686.76,686.77,150.19
2025-07-13T02:16:00.000000Z,686.76,686.77,686.68,686.69,80.12
2025-07-13T02:17:00.000000Z,686.69,686.69,686.5,686.5,69.38
2025-07-13T02:18:00.000000Z,686.51,686.51,686.09,686.25,339.14
2025-07-13T02:19:00.000000Z,686.26,686.26,686.12,686.25,53.54
2025-07-13T02:20:00.000000Z,686.26,686.28,686.1,686.11,94.08
2025-07-13T02:21:00.000000Z,686.1,686.11,685.88,685.88,134.03
2025-07-13T02:22:00.000000Z,685.89,686.28,685.88,686.27,78.88
2025-07-13T02:23:00.000000Z,686.28,686.36,686.22,686.3,55.53
2025-07-13T02:24:00.000000Z,686.3,686.3,686.13,686.13,46.75
2025-07-13T02:25:00.000000Z,686.13,686.14,686.02,686.09,86.72
2025-07-13T02:26:00.000000Z,686.09,686.1,685.95,686.1,104.29
2025-07-13T02:27:00.000000Z,686.1,686.16,686.02,686.13,66.07
2025-07-13T02:28:00.000000Z,686.13,686.14,686.1,686.11,42.41
2025-07-13T02:29:00.000000Z,686.11,686.28,686.1,686.28,60.21
2025-07-13T02:30:00.000000Z,686.28,686.28,686.0,686.01,130.45
2025-07-13T02:31:00.000000Z,686.01,686.27,686.0,686.26,135.59
2025-07-13T02:32:00.000000Z,686.26,686.34,686.26,686.33,47.65
2025-07-13T02:33:00.000000Z,686.33,686.58,686.32,686.57,33.35
2025-07-13T02:34:00.000000Z,686.58,686.58,686.41,686.41,53.04
2025-07-13T02:35:00.000000Z,686.4,686.4,686.15,686.16,62.47
2025-07-13T02:36:00.000000Z,686.15,686.58,686.15,686.57,83.94
2025-07-13T02:37:00.000000Z,686.58,686.58,686.49,686.58,44.04
2025-07-13T02:38:00.000000Z,686.58,686.75,686.58,686.67,52.72
2025-07-13T02:39:00.000000Z,686.67,686.67,686.43,686.43,31.86
2025-07-13T02:40:00.000000Z,686.44,686.47,686.44,686.47,12.38
2025-07-13T02:41:00.000000Z,686.46,686.82,686.46,686.81,192.74
2025-07-13T02:42:00.000000Z,686.81,687.02,686.81,686.98,143.28
2025-07-13T02:43:00.000000Z,686.98,686.99,686.86,686.91,251.55
2025-07-13T02:44:00.000000Z,686.9,687.03,686.9,687.03,70.75
2025-07-13T02:45:00.000000Z,687.03,687.16,687.0,687.16,175.01
2025-07-13T02:46:00.000000Z,687.16,687.41,687.15,687.27,149.6
2025-07-13T02:47:00.000000Z,687.28,687.37,687.27,687.29,148.63
2025-07-13T02:48:00.000000Z,687.29,687.3,687.24,687.25,74.91
2025-07-13T02:49:00.000000Z,687.25,687.25,687.08,687.08,120.96
2025-07-13T02:50:00.000000Z,687.09,687.09,687.0,687.01,132.35
2025-07-13T02:51:00.000000Z,687.02,687.05,687.01,687.05,33.2
2025-07-13T02:52:00.000000Z,687.05,687.11,687.04,687.1,62.84
2025-07-13T02:53:00.000000Z,687.11,687.4,687.11,687.3,218.75
2025-07-13T02:54:00.000000Z,687.36,687.58,687.35,687.53,221.28
2025-07-13T02:55:00.000000Z,687.53,688.0,687.52,687.99,821.32
2025-07-13T02:56:00.000000Z,688.0,688.06,687.7,687.84,314.52
2025-07-13T02:57:00.000000Z,687.83,687.98,687.75,687.98,193.73
2025-07-13T02:58:00.000000Z,687.98,687.98,687.81,687.89,138.88
2025-07-13T02:59:00.000000Z,687.9,687.9,687.81,687.82,57.96
2025-07-13T03:00:00.000000Z,687.81,687.88,687.74,687.79,213.57
2025-07-13T03:01:00.000000Z,687.79,687.83,687.77,687.83,153.79
2025-07-13T03:02:00.000000Z,687.82,687.93,687.63,687.93,348.25
2025-07-13T03:03:00.000000Z,687.94,687.94,687.87,687.88,112.29
2025-07-13T03:04:00.000000Z,687.87,687.89,687.87,687.88,74.59
2025-07-13T03:05:00.000000Z,687.89,687.94,687.85,687.86,98.6
2025-07-13T03:06:00.000000Z,687.86,687.86,687.6,687.61,525.31
2025-07-13T03:07:00.000000Z,687.61,687.7,687.43,687.69,184.77
2025-07-13T03:08:00.000000Z,687.69,687.69,687.47,687.47,69.68
2025-07-13T03:09:00.000000Z,687.47,687.51,687.47,687.5,114.09
2025-07-13T03:10:00.000000Z,687.49,687.5,687.4,687.4,64.11
2025-07-13T03:11:00.000000Z,687.4,687.41,687.36,687.37,35.06
2025-07-13T03:12:00.000000Z,687.37,687.37,687.3,687.3,76.17
2025-07-13T03:13:00.000000Z,687.3,687.31,687.3,687.31,18.69
2025-07-13T03:14:00.000000Z,687.31,687.31,687.21,687.22,81.68
2025-07-13T03:15:00.000000Z,687.22,687.42,687.21,687.41,131.66
2025-07-13T03:16:00.000000Z,687.41,687.58,687.41,687.57,173.08
2025-07-13T03:17:00.000000Z,687.58,687.58,687.53,687.54,56.78
2025-07-13T03:18:00.000000Z,687.54,687.54,687.53,687.53,51.09
2025-07-13T03:19:00.000000Z,687.54,687.67,687.53,687.67,219.29
2025-07-13T03:20:00.000000Z,687.67,687.98,687.66,687.98,143.28
2025-07-13T03:21:00.000000Z,687.97,687.98,687.8,687.81,110.94
2025-07-13T03:22:00.000000Z,687.81,687.81,687.7,687.71,53.0
2025-07-13T03:23:00.000000Z,687.7,687.71,687.68,687.7,62.88
2025-07-13T03:24:00.000000Z,687.7,687.7,687.54,687.55,184.58
2025-07-13T03:25:00.000000Z,687.55,687.65,687.54,687.59,168.98
2025-07-13T03:26:00.000000Z,687.6,687.6,687.52,687.57,78.11
2025-07-13T03:27:00.000000Z,687.56,687.59,687.56,687.59,16.36
2025-07-13T03:28:00.000000Z,687.58,687.59,687.51,687.51,82.82
2025-07-13T03:29:00.000000Z,687.51,687.51,687.4,687.41,41.94
2025-07-13T03:30:00.000000Z,687.41,687.41,687.37,687.38,44.99
2025-07-13T03:31:00.000000Z,687.38,687.41,687.37,687.4,74.72
2025-07-13T03:32:00.000000Z,687.4,687.41,687.4,687.41,20.84
2025-07-13T03:33:00.000000Z,687.41,687.41,687.31,687.32,79.01
2025-07-13T03:34:00.000000Z,687.32,687.41,687.31,687.32,128.45
2025-07-13T03:35:00.000000Z,687.33,687.38,687.31,687.32,36.69
2025-07-13T03:36:00.000000Z,687.32,687.33,687.3,687.33,81.34
2025-07-13T03:37:00.000000Z,687.33,687.33,687.12,687.12,153.95
2025-07-13T03:38:00.000000Z,687.13,687.13,686.9,686.91,130.52
2025-07-13T03:39:00.000000Z,686.91,686.98,686.7,686.7,317.9
2025-07-13T03:40:00.000000Z,686.71,687.0,686.71,687.0,129.26
2025-07-13T03:41:00.000000Z,687.0,687.01,686.99,687.0,34.69
2025-07-13T03:42:00.000000Z,687.01,687.04,686.93,687.03,200.91
2025-07-13T03:43:00.000000Z,687.04,687.04,686.98,687.03,54.71
2025-07-13T03:44:00.000000Z,687.03,687.07,686.92,686.93,50.34
2025-07-13T03:45:00.000000Z,686.93,686.93,686.85,686.85,110.19
2025-07-13T03:46:00.000000Z,686.85,686.85,686.68,686.72,71.7
2025-07-13T03:47:00.000000Z,686.73,686.98,686.73,686.98,118.26
2025-07-13T03:48:00.000000Z,686.98,687.0,686.87,686.92,108.13
2025-07-13T03:49:00.000000Z,686.92,686.92,686.87,686.87,20.12
2025-07-13T03:50:00.000000Z,686.88,686.94,686.87,686.94,65.88
2025-07-13T03:51:00.000000Z,686.93,687.18,686.93,687.18,44.58
2025-07-13T03:52:00.000000Z,687.18,687.2,687.08,687.2,51.88
2025-07-13T03:53:00.000000Z,687.2,687.2,687.11,687.12,46.78
2025-07-13T03:54:00.000000Z,687.12,687.2,687.06,687.17,290.32
2025-07-13T03:55:00.000000Z,687.17,687.24,687.17,687.24,76.17
2025-07-13T03:56:00.000000Z,687.23,687.23,687.1,687.15,84.49
2025-07-13T03:57:00.000000Z,687.15,687.2,687.14,687.19,11.32
2025-07-13T03:58:00.000000Z,687.19,687.2,687.13,687.13,66.34
2025-07-13T03:59:00.000000Z,687.14,687.14,687.07,687.08,20.98
2025-07-13T04:00:00.000000Z,687.08,687.26,687.07,687.19,138.93
2025-07-13T04:01:00.000000Z,687.19,687.2,687.05,687.06,37.71
2025-07-13T04:02:00.000000Z,687.06,687.06,686.99,687.03,69.83
2025-07-13T04:03:00.000000Z,687.03,687.21,687.02,687.19,230.49
2025-07-13T04:04:00.000000Z,687.19,687.21,687.14,687.21,71.64
2025-07-13T04:05:00.000000Z,687.21,687.34,687.21,687.34,118.89
2025-07-13T04:06:00.000000Z,687.34,687.43,687.33,687.43,46.23
2025-07-13T04:07:00.000000Z,687.43,687.64,687.43,687.64,281.96
2025-07-13T04:08:00.000000Z,687.63,687.65,687.62,687.63,107.8
2025-07-13T04:09:00.000000Z,687.62,687.63,687.6,687.61,31.12
2025-07-13T04:10:00.000000Z,687.61,687.83,687.6,687.66,424.04
2025-07-13T04:11:00.000000Z,687.65,687.66,687.54,687.59,65.47
2025-07-13T04:12:00.000000Z,687.58,687.64,687.58,687.63,85.87
2025-07-13T04:13:00.000000Z,687.63,687.64,687.62,687.63,47.79
2025-07-13T04:14:00.000000Z,687.63,687.63,687.58,687.59,72.5
2025-07-13T04:15:00.000000Z,687.58,687.59,687.44,687.45,119.65
2025-07-13T04:16:00.000000Z,687.45,687.48,687.4,687.48,140.51
2025-07-13T04:17:00.000000Z,687.48,687.49,687.28,687.29,225.4
2025-07-13T04:18:00.000000Z,687.29,687.41,687.28,687.37,710.69
2025-07-13T04:19:00.000000Z,687.37,687.6,687.37,687.59,102.11
2025-07-13T04:20:00.000000Z,687.6,687.94,687.6,687.67,339.26
2025-07-13T04:21:00.000000Z,687.66,687.74,687.58,687.67,95.15
2025-07-13T04:22:00.000000Z,687.68,687.74,687.67,687.73,57.69
2025-07-13T04:23:00.000000Z,687.74,687.78,687.52,687.55,121.97
2025-07-13T04:24:00.000000Z,687.53,687.53,687.48,687.48,64.99
2025-07-13T04:25:00.000000Z,687.47,687.49,687.38,687.48,56.7
2025-07-13T04:26:00.000000Z,687.49,687.61,687.49,687.6,89.33
2025-07-13T04:27:00.000000Z,687.61,687.61,687.44,687.46,140.66
2025-07-13T04:28:00.000000Z,687.45,687.48,687.45,687.47,17.54
2025-07-13T04:29:00.000000Z,687.48,687.48,687.38,687.38,69.45
2025-07-13T04:30:00.000000Z,687.38,687.39,687.2,687.25,367.0
2025-07-13T04:31:00.000000Z,687.26,687.5,687.26,687.3,76.76
2025-07-13T04:32:00.000000Z,687.3,687.31,687.28,687.29,22.24
2025-07-13T04:33:00.000000Z,687.28,687.35,687.28,687.29,170.14
2025-07-13T04:34:00.000000Z,687.28,687.5,687.28,687.49,102.5
2025-07-13T04:35:00.000000Z,687.5,687.5,687.4,687.45,48.51
2025-07-13T04:36:00.000000Z,687.44,687.46,687.38,687.46,43.78
2025-07-13T04:37:00.000000Z,687.46,687.51,687.46,687.51,17.72
2025-07-13T04:38:00.000000Z,687.5,687.51,687.42,687.43,49.01
2025-07-13T04:39:00.000000Z,687.43,687.43,687.32,687.36,58.79
2025-07-13T04:40:00.000000Z,687.36,687.48,687.33,687.33,122.52
2025-07-13T04:41:00.000000Z,687.33,687.33,687.28,687.29,45.66
2025-07-13T04:42:00.000000Z,687.29,687.29,687.2,687.2,19.95
2025-07-13T04:43:00.000000Z,687.2,687.29,687.2,687.29,42.7
2025-07-13T04:44:00.000000Z,687.29,687.4,687.28,687.39,110.68
2025-07-13T04:45:00.000000Z,687.4,687.51,687.39,687.5,57.73
2025-07-13T04:46:00.000000Z,687.51,687.68,687.5,687.67,71.65
2025-07-13T04:47:00.000000Z,687.68,687.68,687.63,687.64,68.84
2025-07-13T04:48:00.000000Z,687.63,687.84,687.63,687.83,110.63
2025-07-13T04:49:00.000000Z,687.84,687.84,687.79,687.8,70.58
2025-07-13T04:50:00.000000Z,687.79,687.8,687.7,687.71,118.11
2025-07-13T04:51:00.000000Z,687.71,687.84,687.71,687.78,297.03
2025-07-13T04:52:00.000000Z,687.77,687.85,687.77,687.81,76.63
2025-07-13T04:53:00.000000Z,687.81,687.81,687.8,687.81,33.41
2025-07-13T04:54:00.000000Z,687.81,687.89,687.8,687.89,32.05
2025-07-13T04:55:00.000000Z,687.89,687.89,687.78,687.78,110.09
2025-07-13T04:56:00.000000Z,687.79,687.79,687.78,687.79,21.48
2025-07-13T04:57:00.000000Z,687.79,687.92,687.78,687.91,62.27
2025-07-13T04:58:00.000000Z,687.91,687.92,687.87,687.88,22.52
2025-07-13T04:59:00.000000Z,687.88,687.88,687.87,687.88,19.02
2025-07-13T05:00:00.000000Z,687.88,687.94,687.87,687.9,189.23
2025-07-13T05:01:00.000000Z,687.89,687.9,687.72,687.73,193.67
2025-07-13T05:02:00.000000Z,687.72,687.73,687.65,687.71,100.19
2025-07-13T05:03:00.000000Z,687.71,687.82,687.64,687.81,100.3
2025-07-13T05:04:00.000000Z,687.82,687.98,687.81,687.97,144.59
2025-07-13T05:05:00.000000Z,687.97,688.26,687.96,687.97,706.69
2025-07-13T05:06:00.000000Z,687.97,688.03,687.92,688.02,127.71
2025-07-13T05:07:00.000000Z,688.03,688.27,688.02,688.25,454.79
2025-07-13T05:08:00.000000Z,688.25,688.41,688.2,688.41,249.77
2025-07-13T05:09:00.000000Z,688.41,688.59,688.4,688.49,512.59
2025-07-13T05:10:00.000000Z,688.49,688.49,688.2,688.21,167.66
2025-07-13T05:11:00.000000Z,688.21,688.36,688.2,688.21,146.13
2025-07-13T05:12:00.000000Z,688.21,688.36,688.2,688.28,104.35
2025-07-13T05:13:00.000000Z,688.28,688.3,688.27,688.29,51.03
2025-07-13T05:14:00.000000Z,688.3,688.3,688.27,688.28,38.27
2025-07-13T05:15:00.000000Z,688.27,688.36,688.2,688.29,91.24
2025-07-13T05:16:00.000000Z,688.29,688.3,688.16,688.16,70.21
2025-07-13T05:17:00.000000Z,688.16,688.3,688.16,688.26,82.91
2025-07-13T05:18:00.000000Z,688.27,688.27,688.26,688.26,39.5
2025-07-13T05:19:00.000000Z,688.27,688.27,688.0,688.06,116.13
2025-07-13T05:20:00.000000Z,688.06,688.18,688.06,688.09,103.02
2025-07-13T05:21:00.000000Z,688.09,688.15,688.08,688.15,43.84
2025-07-13T05:22:00.000000Z,688.15,688.2,688.14,688.19,77.86
2025-07-13T05:23:00.000000Z,688.19,688.19,688.15,688.17,60.91
2025-07-13T05:24:00.000000Z,688.17,688.28,688.16,688.27,56.64
2025-07-13T05:25:00.000000Z,688.28,688.45,688.06,688.06,588.82
2025-07-13T05:26:00.000000Z,688.07,688.32,688.06,688.31,58.17
2025-07-13T05:27:00.000000Z,688.32,688.33,688.29,688.29,56.59
2025-07-13T05:28:00.000000Z,688.3,688.42,688.29,688.42,66.31
2025-07-13T05:29:00.000000Z,688.42,688.42,688.41,688.41,25.73
2025-07-13T05:30:00.000000Z,688.42,688.42,688.41,688.42,29.54
2025-07-13T05:31:00.000000Z,688.41,688.52,688.41,688.52,150.15
2025-07-13T05:32:00.000000Z,688.52,688.95,688.51,688.91,1390.79
2025-07-13T05:33:00.000000Z,688.91,688.91,688.9,688.91,40.69
2025-07-13T05:34:00.000000Z,688.9,688.91,688.66,688.67,91.58
2025-07-13T05:35:00.000000Z,688.67,688.9,688.67,688.78,222.13
2025-07-13T05:36:00.000000Z,688.78,688.82,688.77,688.82,202.82
2025-07-13T05:37:00.000000Z,688.82,688.82,688.62,688.66,98.17
2025-07-13T05:38:00.000000Z,688.66,688.76,688.65,688.75,74.03
2025-07-13T05:39:00.000000Z,688.75,688.97,688.74,688.97,89.29
2025-07-13T05:40:00.000000Z,688.97,689.0,688.88,688.89,123.01
2025-07-13T05:41:00.000000Z,688.89,688.97,688.61,688.61,132.51
2025-07-13T05:42:00.000000Z,688.61,688.92,688.58,688.92,50.01
2025-07-13T05:43:00.000000Z,688.92,688.98,688.92,688.93,57.99
2025-07-13T05:44:00.000000Z,688.93,689.0,688.92,688.99,109.41
2025-07-13T05:45:00.000000Z,689.0,689.0,688.87,688.88,80.32
2025-07-13T05:46:00.000000Z,688.87,688.88,688.71,688.71,182.38
2025-07-13T05:47:00.000000Z,688.72,689.04,688.71,689.04,67.22
2025-07-13T05:48:00.000000Z,689.03,689.04,688.95,688.96,39.14
2025-07-13T05:49:00.000000Z,688.96,688.96,688.76,688.79,123.39
2025-07-13T05:50:00.000000Z,688.79,689.01,688.79,689.0,141.0
2025-07-13T05:51:00.000000Z,689.01,689.01,688.81,688.88,161.11
2025-07-13T05:52:00.000000Z,688.88,688.88,688.87,688.87,25.54
2025-07-13T05:53:00.000000Z,688.87,688.88,688.49,688.54,383.45
2025-07-13T05:54:00.000000Z,688.54,688.54,688.52,688.53,144.52
2025-07-13T05:55:00.000000Z,688.54,688.68,688.53,688.68,92.18
2025-07-13T05:56:00.000000Z,688.67,688.68,688.49,688.49,83.01
2025-07-13T05:57:00.000000Z,688.5,688.54,688.32,688.33,92.48
2025-07-13T05:58:00.000000Z,688.33,688.4,688.32,688.39,40.51
2025-07-13T05:59:00.000000Z,688.4,688.58,688.39,688.53,95.53
2025-07-13T06:00:00.000000Z,688.53,688.53,688.43,688.44,59.61
2025-07-13T06:01:00.000000Z,688.44,688.52,688.32,688.49,356.45
2025-07-13T06:02:00.000000Z,688.49,688.76,688.49,688.75,82.71
2025-07-13T06:03:00.000000Z,688.76,688.9,688.68,688.89,332.17
2025-07-13T06:04:00.000000Z,688.89,688.9,688.86,688.89,74.46
2025-07-13T06:05:00.000000Z,688.89,688.89,688.87,688.88,85.82
2025-07-13T06:06:00.000000Z,688.89,689.03,688.88,689.03,73.25
2025-07-13T06:07:00.000000Z,689.03,689.1,688.99,689.02,333.5
2025-07-13T06:08:00.000000Z,689.03,689.08,689.02,689.07,23.06
2025-07-13T06:09:00.000000Z,689.08,689.08,689.02,689.07,134.84
2025-07-13T06:10:00.000000Z,689.08,689.08,688.97,688.97,54.77
2025-07-13T06:11:00.000000Z,688.97,689.1,688.97,689.09,89.11
2025-07-13T06:12:00.000000Z,689.1,689.1,689.0,689.04,53.92
2025-07-13T06:13:00.000000Z,689.03,689.15,689.03,689.15,123.1
2025-07-13T06:14:00.000000Z,689.15,689.18,689.15,689.17,27.14
2025-07-13T06:15:00.000000Z,689.17,689.39,689.17,689.39,712.96
2025-07-13T06:16:00.000000Z,689.38,689.46,689.38,689.46,133.01
2025-07-13T06:17:00.000000Z,689.46,689.56,689.27,689.33,405.35
2025-07-13T06:18:00.000000Z,689.33,689.42,689.33,689.41,74.75
2025-07-13T06:19:00.000000Z,689.42,689.46,689.42,689.46,92.52
2025-07-13T06:20:00.000000Z,689.45,689.57,689.45,689.56,43.64
2025-07-13T06:21:00.000000Z,689.57,689.57,689.56,689.57,47.79
2025-07-13T06:22:00.000000Z,689.57,689.74,689.56,689.71,301.18
2025-07-13T06:23:00.000000Z,689.71,689.71,689.67,689.71,61.05
2025-07-13T06:24:00.000000Z,689.71,689.78,689.7,689.78,75.24
2025-07-13T06:25:00.000000Z,689.78,689.79,689.77,689.79,26.58
2025-07-13T06:26:00.000000Z,689.79,689.79,689.67,689.77,179.61
2025-07-13T06:27:00.000000Z,689.77,689.84,689.68,689.69,169.98
2025-07-13T06:28:00.000000Z,689.69,689.69,689.6,689.61,84.51
2025-07-13T06:29:00.000000Z,689.6,689.61,689.6,689.61,22.05
2025-07-13T06:30:00.000000Z,689.61,689.67,689.6,689.61,105.43
2025-07-13T06:31:00.000000Z,689.61,689.72,689.5,689.72,154.74
2025-07-13T06:32:00.000000Z,689.72,689.85,689.72,689.85,67.58
2025-07-13T06:33:00.000000Z,689.85,689.92,689.84,689.91,71.44
2025-07-13T06:34:00.000000Z,689.92,690.15,689.91,690.12,416.41
2025-07-13T06:35:00.000000Z,690.11,690.11,690.04,690.05,92.21
2025-07-13T06:36:00.000000Z,690.05,690.15,689.95,690.11,223.78
2025-07-13T06:37:00.000000Z,690.12,690.15,690.0,690.0,87.9
2025-07-13T06:38:00.000000Z,690.01,690.36,690.01,690.35,576.25
2025-07-13T06:39:00.000000Z,690.35,690.42,690.26,690.27,252.33
2025-07-13T06:40:00.000000Z,690.27,690.27,690.04,690.05,106.81
2025-07-13T06:41:00.000000Z,690.05,690.22,690.04,690.21,220.27
2025-07-13T06:42:00.000000Z,690.21,690.42,690.21,690.41,88.41
2025-07-13T06:43:00.000000Z,690.42,690.42,690.37,690.38,88.55
2025-07-13T06:44:00.000000Z,690.38,690.38,690.32,690.32,108.19
2025-07-13T06:45:00.000000Z,690.32,690.33,690.0,690.0,168.73
2025-07-13T06:46:00.000000Z,690.0,690.01,689.8,689.87,152.19
2025-07-13T06:47:00.000000Z,689.88,690.04,689.86,689.87,94.12
2025-07-13T06:48:00.000000Z,689.87,689.88,689.86,689.88,32.41
2025-07-13T06:49:00.000000Z,689.88,689.88,689.8,689.8,66.8
2025-07-13T06:50:00.000000Z,689.81,689.85,689.8,689.85,74.18
2025-07-13T06:51:00.000000Z,689.84,689.85,689.75,689.75,82.72
2025-07-13T06:52:00.000000Z,689.76,689.76,689.75,689.76,70.2
2025-07-13T06:53:00.000000Z,689.75,689.75,689.55,689.55,71.49
2025-07-13T06:54:00.000000Z,689.56,689.6,689.46,689.47,116.97
2025-07-13T06:55:00.000000Z,689.47,689.51,689.41,689.5,65.75
2025-07-13T06:56:00.000000Z,689.5,689.57,689.5,689.56,55.12
2025-07-13T06:57:00.000000Z,689.57,689.57,689.56,689.57,22.74
2025-07-13T06:58:00.000000Z,689.56,689.57,689.55,689.56,47.32
2025-07-13T06:59:00.000000Z,689.55,689.55,689.41,689.42,123.62
2025-07-13T07:00:00.000000Z,689.42,689.44,689.41,689.43,133.19
2025-07-13T07:01:00.000000Z,689.42,689.43,689.3,689.35,145.14
2025-07-13T07:02:00.000000Z,689.36,689.36,689.3,689.3,131.14
2025-07-13T07:03:00.000000Z,689.3,689.31,689.23,689.24,63.82
2025-07-13T07:04:00.000000Z,689.23,689.39,689.23,689.38,115.38
2025-07-13T07:05:00.000000Z,689.38,689.54,689.38,689.53,50.79
2025-07-13T07:06:00.000000Z,689.54,689.67,689.53,689.67,39.04
2025-07-13T07:07:00.000000Z,689.67,689.67,689.32,689.32,140.79
2025-07-13T07:08:00.000000Z,689.33,689.33,689.2,689.23,140.39
2025-07-13T07:09:00.000000Z,689.23,689.23,689.11,689.11,198.86
2025-07-13T07:10:00.000000Z,689.12,689.12,688.98,688.98,180.18
2025-07-13T07:11:00.000000Z,688.98,688.98,688.68,688.68,160.99
2025-07-13T07:12:00.000000Z,688.69,688.78,688.68,688.78,159.63
2025-07-13T07:13:00.000000Z,688.77,688.78,688.77,688.78,27.44
2025-07-13T07:14:00.000000Z,688.78,689.04,688.77,688.78,133.55
2025-07-13T07:15:00.000000Z,688.79,689.06,688.79,689.06,44.68
2025-07-13T07:16:00.000000Z,689.05,689.12,689.05,689.11,54.06
2025-07-13T07:17:00.000000Z,689.12,689.12,689.11,689.11,6.29
2025-07-13T07:18:00.000000Z,689.12,689.24,689.12,689.17,90.11
2025-07-13T07:19:00.000000Z,689.17,689.31,689.16,689.3,90.54
2025-07-13T07:20:00.000000Z,689.31,689.31,689.12,689.12,50.82
2025-07-13T07:21:00.000000Z,689.12,689.3,689.12,689.29,44.19
2025-07-13T07:22:00.000000Z,689.29,689.3,689.29,689.3,6.85
2025-07-13T07:23:00.000000Z,689.29,689.3,689.29,689.29,5.22
2025-07-13T07:24:00.000000Z,689.29,689.3,689.09,689.14,221.04
2025-07-13T07:25:00.000000Z,689.14,689.27,689.14,689.23,42.9
2025-07-13T07:26:00.000000Z,689.23,689.23,689.19,689.22,27.55
2025-07-13T07:27:00.000000Z,689.23,689.23,689.08,689.09,47.4
2025-07-13T07:28:00.000000Z,689.08,689.09,688.98,689.0,94.93
2025-07-13T07:29:00.000000Z,689.0,689.07,689.0,689.06,51.23
2025-07-13T07:30:00.000000Z,689.06,689.13,689.06,689.12,43.03
2025-07-13T07:31:00.000000Z,689.13,689.22,689.12,689.21,144.08
2025-07-13T07:32:00.000000Z,689.21,689.29,689.21,689.28,26.38
2025-07-13T07:33:00.000000Z,689.29,689.5,689.28,689.43,68.18
2025-07-13T07:34:00.000000Z,689.44,689.53,689.38,689.53,178.09
2025-07-13T07:35:00.000000Z,689.54,689.65,689.53,689.61,118.34
2025-07-13T07:36:00.000000Z,689.61,689.73,689.61,689.69,211.88
2025-07-13T07:37:00.000000Z,689.69,689.72,689.69,689.72,113.39
2025-07-13T07:38:00.000000Z,689.71,689.94,689.71,689.8,197.8
2025-07-13T07:39:00.000000Z,689.8,689.88,689.72,689.73,124.6
2025-07-13T07:40:00.000000Z,689.73,689.94,689.72,689.93,101.39
2025-07-13T07:41:00.000000Z,689.94,690.06,689.94,690.05,245.99
2025-07-13T07:42:00.000000Z,690.06,690.06,689.96,689.96,64.97
2025-07-13T07:43:00.000000Z,689.96,689.97,689.92,689.93,76.61
2025-07-13T07:44:00.000000Z,689.92,689.93,689.84,689.85,59.45
2025-07-13T07:45:00.000000Z,689.84,689.85,689.74,689.74,56.09
2025-07-13T07:46:00.000000Z,689.75,689.76,689.63,689.75,131.59
2025-07-13T07:47:00.000000Z,689.76,689.76,689.75,689.75,34.63
2025-07-13T07:48:00.000000Z,689.76,689.88,689.76,689.82,71.28
2025-07-13T07:49:00.000000Z,689.82,689.92,689.82,689.89,162.16
2025-07-13T07:50:00.000000Z,689.89,689.9,689.8,689.8,23.37
2025-07-13T07:51:00.000000Z,689.8,689.81,689.65,689.65,123.93
2025-07-13T07:52:00.000000Z,689.65,689.9,689.65,689.89,124.3
2025-07-13T07:53:00.000000Z,689.9,689.9,689.89,689.89,17.28
2025-07-13T07:54:00.000000Z,689.89,689.9,689.8,689.8,112.82
2025-07-13T07:55:00.000000Z,689.81,689.81,689.67,689.67,106.55
2025-07-13T07:56:00.000000Z,689.68,689.88,689.66,689.87,76.93
2025-07-13T07:57:00.000000Z,689.87,690.06,689.87,690.06,531.64
2025-07-13T07:58:00.000000Z,690.06,690.25,690.05,690.25,147.81
2025-07-13T07:59:00.000000Z,690.25,690.44,690.25,690.43,142.7
2025-07-13T08:00:00.000000Z,690.44,690.57,690.43,690.57,170.74
2025-07-13T08:01:00.000000Z,690.57,690.57,690.48,690.57,302.08
2025-07-13T08:02:00.000000Z,690.57,690.57,690.47,690.48,531.71
2025-07-13T08:03:00.000000Z,690.48,690.48,690.3,690.3,292.13
2025-07-13T08:04:00.000000Z,690.31,690.32,690.26,690.32,157.89
2025-07-13T08:05:00.000000Z,690.32,690.48,690.31,690.47,96.08
2025-07-13T08:06:00.000000Z,690.47,690.48,690.26,690.27,180.37
2025-07-13T08:07:00.000000Z,690.27,690.33,690.27,690.32,100.32
2025-07-13T08:08:00.000000Z,690.33,690.52,690.28,690.52,175.6
2025-07-13T08:09:00.000000Z,690.53,690.53,690.5,690.51,106.06
2025-07-13T08:10:00.000000Z,690.51,690.51,690.44,690.5,91.44
2025-07-13T08:11:00.000000Z,690.5,690.51,690.48,690.48,114.81
2025-07-13T08:12:00.000000Z,690.47,690.48,690.43,690.44,38.83
2025-07-13T08:13:00.000000Z,690.43,690.82,690.43,690.78,706.85
2025-07-13T08:14:00.000000Z,690.79,690.87,690.78,690.86,98.31
2025-07-13T08:15:00.000000Z,690.87,690.87,690.64,690.64,224.16
2025-07-13T08:16:00.000000Z,690.65,690.84,690.64,690.8,144.97
2025-07-13T08:17:00.000000Z,690.81,690.81,690.63,690.63,129.52
2025-07-13T08:18:00.000000Z,690.63,690.64,690.41,690.55,149.33
2025-07-13T08:19:00.000000Z,690.56,690.56,690.52,690.53,31.83
2025-07-13T08:20:00.000000Z,690.52,690.53,690.29,690.3,196.07
2025-07-13T08:21:00.000000Z,690.29,690.3,690.0,690.15,709.9
2025-07-13T08:22:00.000000Z,690.15,690.5,690.08,690.5,77.74
2025-07-13T08:23:00.000000Z,690.49,690.6,690.49,690.56,159.4
2025-07-13T08:24:00.000000Z,690.57,690.57,690.43,690.56,93.95
2025-07-13T08:25:00.000000Z,690.57,690.65,690.53,690.63,222.17
2025-07-13T08:26:00.000000Z,690.64,690.76,690.63,690.75,93.12
2025-07-13T08:27:00.000000Z,690.75,690.86,690.75,690.86,94.67
2025-07-13T08:28:00.000000Z,690.86,690.86,690.68,690.68,213.27
2025-07-13T08:29:00.000000Z,690.68,690.82,690.68,690.82,139.15
2025-07-13T08:30:00.000000Z,690.83,690.86,690.79,690.79,156.42
2025-07-13T08:31:00.000000Z,690.8,690.96,690.79,690.95,332.52
2025-07-13T08:32:00.000000Z,690.95,691.09,690.82,690.82,645.3
2025-07-13T08:33:00.000000Z,690.83,690.88,690.73,690.73,204.98
2025-07-13T08:34:00.000000Z,690.73,690.76,690.62,690.76,166.31
2025-07-13T08:35:00.000000Z,690.76,690.76,690.75,690.75,28.3
2025-07-13T08:36:00.000000Z,690.76,690.84,690.75,690.76,80.91
2025-07-13T08:37:00.000000Z,690.75,690.86,690.75,690.86,35.6
2025-07-13T08:38:00.000000Z,690.86,690.88,690.64,690.88,297.2
2025-07-13T08:39:00.000000Z,690.87,690.94,690.87,690.94,147.56
2025-07-13T08:40:00.000000Z,690.94,690.94,690.93,690.94,79.82
2025-07-13T08:41:00.000000Z,690.93,690.94,690.66,690.66,292.27
2025-07-13T08:42:00.000000Z,690.66,690.73,690.5,690.51,220.17
2025-07-13T08:43:00.000000Z,690.5,690.62,690.5,690.62,90.18
2025-07-13T08:44:00.000000Z,690.62,690.62,690.61,690.61,79.9
2025-07-13T08:45:00.000000Z,690.62,690.62,690.48,690.48,81.19
2025-07-13T08:46:00.000000Z,690.48,690.48,690.27,690.28,101.88
2025-07-13T08:47:00.000000Z,690.27,690.38,690.21,690.21,176.51
2025-07-13T08:48:00.000000Z,690.21,690.22,690.1,690.11,142.71
2025-07-13T08:49:00.000000Z,690.11,690.24,690.0,690.0,237.82
2025-07-13T08:50:00.000000Z,690.0,690.2,689.83,690.2,440.72
2025-07-13T08:51:00.000000Z,690.2,690.28,690.19,690.2,113.98
2025-07-13T08:52:00.000000Z,690.19,690.2,690.02,690.02,249.89
2025-07-13T08:53:00.000000Z,690.01,690.01,689.78,689.86,132.84
2025-07-13T08:54:00.000000Z,689.86,689.98,689.85,689.98,99.53
2025-07-13T08:55:00.000000Z,689.98,689.99,689.86,689.99,99.08
2025-07-13T08:56:00.000000Z,689.99,690.0,689.99,690.0,95.92
2025-07-13T08:57:00.000000Z,690.0,690.12,689.95,690.11,191.18
2025-07-13T08:58:00.000000Z,690.11,690.27,690.11,690.27,165.93
2025-07-13T08:59:00.000000Z,690.26,690.34,690.26,690.34,126.55
2025-07-13T09:00:00.000000Z,690.34,690.43,690.33,690.34,190.24
2025-07-13T09:01:00.000000Z,690.35,690.35,690.1,690.27,188.05
2025-07-13T09:02:00.000000Z,690.27,690.42,690.26,690.41,208.81
2025-07-13T09:03:00.000000Z,690.41,690.5,690.32,690.38,196.09
2025-07-13T09:04:00.000000Z,690.39,690.39,690.31,690.39,145.17
2025-07-13T09:05:00.000000Z,690.39,690.39,690.38,690.38,107.73
2025-07-13T09:06:00.000000Z,690.39,690.53,690.38,690.52,66.72
2025-07-13T09:07:00.000000Z,690.53,690.54,690.48,690.48,112.74
2025-07-13T09:08:00.000000Z,690.48,690.5,690.42,690.48,73.67
2025-07-13T09:09:00.000000Z,690.49,690.49,690.28,690.29,140.02
2025-07-13T09:10:00.000000Z,690.28,690.29,690.15,690.17,83.05
2025-07-13T09:11:00.000000Z,690.18,690.18,690.17,690.17,25.76
2025-07-13T09:12:00.000000Z,690.17,690.36,690.17,690.36,35.53
2025-07-13T09:13:00.000000Z,690.36,690.36,690.29,690.3,43.75
2025-07-13T09:14:00.000000Z,690.3,690.3,690.21,690.21,52.63
2025-07-13T09:15:00.000000Z,690.22,690.22,690.13,690.14,54.6
2025-07-13T09:16:00.000000Z,690.14,690.14,690.03,690.07,56.83
2025-07-13T09:17:00.000000Z,690.08,690.1,690.07,690.07,55.47
2025-07-13T09:18:00.000000Z,690.08,690.08,689.85,689.85,177.33
2025-07-13T09:19:00.000000Z,689.85,689.85,689.54,689.57,345.72
2025-07-13T09:20:00.000000Z,689.56,689.56,689.43,689.51,71.73
2025-07-13T09:21:00.000000Z,689.52,689.52,689.32,689.32,145.09
2025-07-13T09:22:00.000000Z,689.33,689.36,689.26,689.3,78.45
2025-07-13T09:23:00.000000Z,689.31,689.5,689.31,689.5,123.39
2025-07-13T09:24:00.000000Z,689.5,689.5,689.36,689.37,94.22
2025-07-13T09:25:00.000000Z,689.36,689.58,689.27,689.31,116.53
2025-07-13T09:26:00.000000Z,689.31,689.75,689.31,689.75,401.45
2025-07-13T09:27:00.000000Z,689.75,689.85,689.74,689.85,36.02
2025-07-13T09:28:00.000000Z,689.84,690.03,689.73,690.03,282.84
2025-07-13T09:29:00.000000Z,690.03,690.04,689.78,689.79,268.06
2025-07-13T09:30:00.000000Z,689.79,689.79,689.34,689.34,177.98
2025-07-13T09:31:00.000000Z,689.35,689.39,689.34,689.38,68.15
2025-07-13T09:32:00.000000Z,689.38,689.38,689.13,689.14,113.37
2025-07-13T09:33:00.000000Z,689.14,689.14,688.69,688.69,198.32
2025-07-13T09:34:00.000000Z,688.68,688.78,688.66,688.75,274.89
2025-07-13T09:35:00.000000Z,688.75,689.06,688.74,688.98,181.28
2025-07-13T09:36:00.000000Z,688.97,688.97,688.59,688.59,94.44
2025-07-13T09:37:00.000000Z,688.59,688.6,688.37,688.37,211.26
2025-07-13T09:38:00.000000Z,688.37,688.43,688.32,688.37,231.77
2025-07-13T09:39:00.000000Z,688.38,688.59,688.37,688.58,242.9
2025-07-13T09:40:00.000000Z,688.58,688.76,688.58,688.76,33.1
2025-07-13T09:41:00.000000Z,688.76,689.06,688.75,689.06,75.94
2025-07-13T09:42:00.000000Z,689.06,689.11,688.86,688.87,78.16
2025-07-13T09:43:00.000000Z,688.86,689.0,688.86,689.0,100.96
2025-07-13T09:44:00.000000Z,689.0,689.07,688.99,689.07,64.57
2025-07-13T09:45:00.000000Z,689.07,689.14,689.02,689.02,51.77
2025-07-13T09:46:00.000000Z,689.03,689.03,688.89,688.89,65.38
2025-07-13T09:47:00.000000Z,688.9,688.98,688.89,688.97,60.19
2025-07-13T09:48:00.000000Z,688.98,688.98,688.56,688.56,113.11
2025-07-13T09:49:00.000000Z,688.56,688.62,688.56,688.62,52.91
2025-07-13T09:50:00.000000Z,688.61,688.62,688.44,688.54,326.15
2025-07-13T09:51:00.000000Z,688.54,688.67,688.53,688.67,281.72
2025-07-13T09:52:00.000000Z,688.67,688.84,688.66,688.84,93.89
2025-07-13T09:53:00.000000Z,688.84,688.84,688.63,688.64,84.89
2025-07-13T09:54:00.000000Z,688.63,688.64,688.53,688.53,25.77
2025-07-13T09:55:00.000000Z,688.54,688.6,688.44,688.59,90.68
2025-07-13T09:56:00.000000Z,688.59,688.72,688.59,688.72,22.13
2025-07-13T09:57:00.000000Z,688.72,688.78,688.61,688.61,90.01
2025-07-13T09:58:00.000000Z,688.61,688.76,688.58,688.75,117.6
2025-07-13T09:59:00.000000Z,688.76,689.0,688.75,689.0,36.3
2025-07-13T10:00:00.000000Z,688.99,689.23,688.99,689.2,91.38
2025-07-13T10:01:00.000000Z,689.2,689.44,689.19,689.44,61.76
2025-07-13T10:02:00.000000Z,689.44,689.91,689.43,689.77,282.96
2025-07-13T10:03:00.000000Z,689.76,690.04,689.76,689.96,245.43
2025-07-13T10:04:00.000000Z,689.96,690.2,689.96,690.19,129.34
2025-07-13T10:05:00.000000Z,690.2,690.26,690.14,690.26,140.94
2025-07-13T10:06:00.000000Z,690.26,690.34,690.25,690.3,116.9
2025-07-13T10:07:00.000000Z,690.3,690.37,690.27,690.37,154.06
2025-07-13T10:08:00.000000Z,690.37,690.37,690.31,690.32,162.46
2025-07-13T10:09:00.000000Z,690.32,690.32,690.3,690.31,46.22
2025-07-13T10:10:00.000000Z,690.31,690.31,690.2,690.21,111.66
2025-07-13T10:11:00.000000Z,690.2,690.5,690.16,690.5,251.01
2025-07-13T10:12:00.000000Z,690.5,690.5,690.32,690.33,108.77
2025-07-13T10:13:00.000000Z,690.33,690.33,690.22,690.23,60.35
2025-07-13T10:14:00.000000Z,690.23,690.32,690.23,690.32,41.29
2025-07-13T10:15:00.000000Z,690.31,690.32,690.31,690.32,14.51
2025-07-13T10:16:00.000000Z,690.32,690.41,690.24,690.41,178.51
2025-07-13T10:17:00.000000Z,690.41,690.48,690.4,690.48,79.29
2025-07-13T10:18:00.000000Z,690.48,690.48,690.36,690.41,113.15
2025-07-13T10:19:00.000000Z,690.41,690.5,690.41,690.49,74.65
2025-07-13T10:20:00.000000Z,690.49,690.5,690.49,690.5,18.36
2025-07-13T10:21:00.000000Z,690.5,690.5,690.46,690.46,55.24
2025-07-13T10:22:00.000000Z,690.46,690.46,690.38,690.39,79.81
2025-07-13T10:23:00.000000Z,690.39,690.39,690.28,690.29,40.53
2025-07-13T10:24:00.000000Z,690.29,690.29,690.16,690.16,71.55
2025-07-13T10:25:00.000000Z,690.16,690.17,690.11,690.12,15.93
2025-07-13T10:26:00.000000Z,690.11,690.3,690.11,690.3,138.19
2025-07-13T10:27:00.000000Z,690.3,690.3,690.25,690.26,42.41
2025-07-13T10:28:00.000000Z,690.25,690.42,690.25,690.42,74.66
2025-07-13T10:29:00.000000Z,690.42,690.5,690.41,690.5,41.29
2025-07-13T10:30:00.000000Z,690.49,690.5,690.31,690.31,131.05
2025-07-13T10:31:00.000000Z,690.31,690.32,690.1,690.27,91.81
2025-07-13T10:32:00.000000Z,690.27,690.42,690.27,690.3,213.43
2025-07-13T10:33:00.000000Z,690.31,690.47,690.21,690.38,143.7
2025-07-13T10:34:00.000000Z,690.38,690.54,690.38,690.53,192.94
2025-07-13T10:35:00.000000Z,690.53,690.55,690.53,690.55,81.24
2025-07-13T10:36:00.000000Z,690.54,690.55,690.46,690.46,158.7
2025-07-13T10:37:00.000000Z,690.47,690.48,690.46,690.47,30.1
2025-07-13T10:38:00.000000Z,690.47,690.48,690.47,690.48,10.59
2025-07-13T10:39:00.000000Z,690.47,690.48,690.38,690.38,87.18
2025-07-13T10:40:00.000000Z,690.39,690.53,690.38,690.53,69.65
2025-07-13T10:41:00.000000Z,690.52,690.53,690.47,690.48,104.19
2025-07-13T10:42:00.000000Z,690.48,690.48,690.47,690.47,19.82
2025-07-13T10:43:00.000000Z,690.48,690.68,690.47,690.67,87.6
2025-07-13T10:44:00.000000Z,690.68,690.82,690.67,690.81,77.88
2025-07-13T10:45:00.000000Z,690.82,690.82,690.81,690.82,21.82
2025-07-13T10:46:00.000000Z,690.82,690.82,690.68,690.73,314.75
2025-07-13T10:47:00.000000Z,690.73,690.75,690.09,690.1,329.47
2025-07-13T10:48:00.000000Z,690.1,690.1,689.68,690.1,429.57
2025-07-13T10:49:00.000000Z,690.09,690.41,690.09,690.4,431.53
2025-07-13T10:50:00.000000Z,690.41,690.41,690.0,690.0,153.22
2025-07-13T10:51:00.000000Z,690.01,690.28,690.0,690.27,191.95
2025-07-13T10:52:00.000000Z,690.27,690.44,690.22,690.22,186.46
2025-07-13T10:53:00.000000Z,690.22,690.23,690.1,690.23,179.8
2025-07-13T10:54:00.000000Z,690.24,690.37,690.16,690.16,62.37
2025-07-13T10:55:00.000000Z,690.17,690.17,689.96,690.09,157.34
2025-07-13T10:56:00.000000Z,690.1,690.15,690.0,690.12,82.78
2025-07-13T10:57:00.000000Z,690.12,690.23,690.12,690.13,71.18
2025-07-13T10:58:00.000000Z,690.14,690.14,690.13,690.14,37.2
2025-07-13T10:59:00.000000Z,690.14,690.36,690.14,690.33,300.88
2025-07-13T11:00:00.000000Z,690.32,690.54,690.32,690.38,335.07
2025-07-13T11:01:00.000000Z,690.38,690.64,690.37,690.64,154.75
2025-07-13T11:02:00.000000Z,690.63,690.64,690.56,690.57,318.13
2025-07-13T11:03:00.000000Z,690.57,690.78,690.56,690.74,205.7
2025-07-13T11:04:00.000000Z,690.75,690.94,690.74,690.94,247.36
2025-07-13T11:05:00.000000Z,690.93,691.14,690.93,691.04,973.75
2025-07-13T11:06:00.000000Z,691.04,691.08,691.03,691.08,47.91
2025-07-13T11:07:00.000000Z,691.08,691.18,691.07,691.16,164.58
2025-07-13T11:08:00.000000Z,691.16,691.16,691.07,691.16,128.94
2025-07-13T11:09:00.000000Z,691.16,691.16,691.15,691.16,33.97
2025-07-13T11:10:00.000000Z,691.16,691.16,691.14,691.15,98.3
2025-07-13T11:11:00.000000Z,691.16,691.16,691.1,691.11,67.6
2025-07-13T11:12:00.000000Z,691.11,691.16,691.1,691.15,32.17
2025-07-13T11:13:00.000000Z,691.16,691.38,691.15,691.37,1208.46
2025-07-13T11:14:00.000000Z,691.37,691.47,691.36,691.37,533.76
2025-07-13T11:15:00.000000Z,691.37,691.62,691.37,691.42,425.63
2025-07-13T11:16:00.000000Z,691.41,691.41,690.97,691.03,193.89
2025-07-13T11:17:00.000000Z,691.02,691.27,691.02,691.27,114.7
2025-07-13T11:18:00.000000Z,691.26,691.27,691.03,691.03,102.49
2025-07-13T11:19:00.000000Z,691.02,691.02,690.59,690.64,228.06
2025-07-13T11:20:00.000000Z,690.64,690.64,690.53,690.53,130.54
2025-07-13T11:21:00.000000Z,690.54,690.54,690.45,690.54,84.95
2025-07-13T11:22:00.000000Z,690.53,690.54,690.29,690.3,71.52
2025-07-13T11:23:00.000000Z,690.29,690.36,690.29,690.36,82.41
2025-07-13T11:24:00.000000Z,690.35,690.62,690.35,690.62,55.82
2025-07-13T11:25:00.000000Z,690.61,690.61,690.38,690.49,115.67
2025-07-13T11:26:00.000000Z,690.48,690.58,690.4,690.44,200.46
2025-07-13T11:27:00.000000Z,690.43,690.65,690.43,690.61,214.58
2025-07-13T11:28:00.000000Z,690.61,690.7,690.6,690.65,136.42
2025-07-13T11:29:00.000000Z,690.66,690.66,690.61,690.61,64.44
2025-07-13T11:30:00.000000Z,690.62,690.62,690.31,690.31,299.12
2025-07-13T11:31:00.000000Z,690.32,690.32,690.25,690.3,163.63
2025-07-13T11:32:00.000000Z,690.3,690.3,689.41,690.08,898.98
2025-07-13T11:33:00.000000Z,690.08,690.41,690.07,690.41,210.17
2025-07-13T11:34:00.000000Z,690.42,690.42,690.37,690.38,73.89
2025-07-13T11:35:00.000000Z,690.38,690.44,690.37,690.37,59.64
2025-07-13T11:36:00.000000Z,690.37,690.38,690.27,690.27,83.32
2025-07-13T11:37:00.000000Z,690.26,690.29,690.26,690.29,197.4
2025-07-13T11:38:00.000000Z,690.28,690.48,690.28,690.4,308.82
2025-07-13T11:39:00.000000Z,690.41,690.52,690.4,690.47,98.9
2025-07-13T11:40:00.000000Z,690.47,690.67,690.47,690.63,230.99
2025-07-13T11:41:00.000000Z,690.63,690.63,690.61,690.61,42.14
2025-07-13T11:42:00.000000Z,690.62,690.86,690.53,690.78,662.96
2025-07-13T11:43:00.000000Z,690.78,690.86,690.78,690.83,65.93
2025-07-13T11:44:00.000000Z,690.83,690.89,690.82,690.89,81.93
2025-07-13T11:45:00.000000Z,690.9,690.9,690.74,690.75,112.18
2025-07-13T11:46:00.000000Z,690.74,690.88,690.74,690.87,60.23
2025-07-13T11:47:00.000000Z,690.87,690.9,690.79,690.79,69.91
2025-07-13T11:48:00.000000Z,690.8,690.81,690.79,690.81,84.4
2025-07-13T11:49:00.000000Z,690.8,690.81,690.8,690.81,26.52
2025-07-13T11:50:00.000000Z,690.81,690.81,690.71,690.71,67.41
2025-07-13T11:51:00.000000Z,690.72,690.72,690.66,690.66,129.57
2025-07-13T11:52:00.000000Z,690.67,690.67,690.66,690.67,22.69
2025-07-13T11:53:00.000000Z,690.67,690.72,690.52,690.71,245.74
2025-07-13T11:54:00.000000Z,690.72,690.9,690.71,690.87,189.44
2025-07-13T11:55:00.000000Z,690.88,690.88,690.87,690.88,48.03
2025-07-13T11:56:00.000000Z,690.87,690.88,690.81,690.81,136.02
2025-07-13T11:57:00.000000Z,690.82,691.0,690.81,691.0,118.83
2025-07-13T11:58:00.000000Z,690.99,691.22,690.97,691.22,353.61
2025-07-13T11:59:00.000000Z,691.22,691.53,691.21,691.47,376.72
2025-07-13T12:00:00.000000Z,691.47,691.68,691.43,691.68,435.69
2025-07-13T12:01:00.000000Z,691.68,692.0,691.67,691.95,1201.14
2025-07-13T12:02:00.000000Z,691.95,692.05,691.95,692.04,407.04
2025-07-13T12:03:00.000000Z,692.05,692.05,692.04,692.05,190.95
2025-07-13T12:04:00.000000Z,692.04,692.34,692.04,692.22,1280.16
2025-07-13T12:05:00.000000Z,692.22,692.66,692.22,692.53,1487.59
2025-07-13T12:06:00.000000Z,692.52,692.53,692.32,692.46,794.18
2025-07-13T12:07:00.000000Z,692.46,692.53,692.45,692.53,211.28
2025-07-13T12:08:00.000000Z,692.53,692.62,692.52,692.56,174.6
2025-07-13T12:09:00.000000Z,692.57,692.57,692.46,692.46,152.13
2025-07-13T12:10:00.000000Z,692.45,692.54,692.4,692.54,119.6
2025-07-13T12:11:00.000000Z,692.53,692.54,692.13,692.14,721.77
2025-07-13T12:12:00.000000Z,692.14,692.34,692.13,692.27,267.88
2025-07-13T12:13:00.000000Z,692.27,692.27,692.26,692.26,66.6
2025-07-13T12:14:00.000000Z,692.27,692.41,692.26,692.41,121.12
2025-07-13T12:15:00.000000Z,692.41,692.44,692.3,692.3,181.3
2025-07-13T12:16:00.000000Z,692.3,692.44,692.28,692.44,353.23
2025-07-13T12:17:00.000000Z,692.44,692.45,692.37,692.45,200.0
2025-07-13T12:18:00.000000Z,692.44,692.6,692.44,692.58,365.27
2025-07-13T12:19:00.000000Z,692.58,692.66,692.56,692.66,202.16
2025-07-13T12:20:00.000000Z,692.66,692.7,692.65,692.66,238.78
2025-07-13T12:21:00.000000Z,692.65,692.66,692.28,692.46,674.27
2025-07-13T12:22:00.000000Z,692.46,692.46,692.38,692.38,60.07
2025-07-13T12:23:00.000000Z,692.38,692.6,692.38,692.44,129.32
2025-07-13T12:24:00.000000Z,692.44,692.44,692.28,692.29,96.61
2025-07-13T12:25:00.000000Z,692.28,692.41,692.28,692.4,124.67
2025-07-13T12:26:00.000000Z,692.4,692.41,692.24,692.24,101.63
2025-07-13T12:27:00.000000Z,692.24,692.49,692.24,692.3,177.68
2025-07-13T12:28:00.000000Z,692.31,692.58,692.31,692.55,583.42
2025-07-13T12:29:00.000000Z,692.55,692.74,692.48,692.71,357.28
2025-07-13T12:30:00.000000Z,692.71,692.71,692.47,692.6,205.11
2025-07-13T12:31:00.000000Z,692.61,692.97,692.6,692.73,618.13
2025-07-13T12:32:00.000000Z,692.73,692.73,692.44,692.48,188.32
2025-07-13T12:33:00.000000Z,692.48,692.49,692.4,692.41,194.75
2025-07-13T12:34:00.000000Z,692.41,692.41,692.0,692.28,635.27
2025-07-13T12:35:00.000000Z,692.28,692.34,692.27,692.29,118.36
2025-07-13T12:36:00.000000Z,692.29,692.46,692.27,692.41,127.12
2025-07-13T12:37:00.000000Z,692.41,692.41,692.02,692.02,225.23
2025-07-13T12:38:00.000000Z,692.02,692.02,691.86,691.97,137.35
2025-07-13T12:39:00.000000Z,691.98,692.2,691.95,692.06,110.76
2025-07-13T12:40:00.000000Z,692.06,692.14,692.0,692.08,122.72
2025-07-13T12:41:00.000000Z,692.07,692.08,691.8,691.8,111.98
2025-07-13T12:42:00.000000Z,691.81,691.85,691.7,691.85,84.88
2025-07-13T12:43:00.000000Z,691.85,692.21,691.85,692.11,186.09
2025-07-13T12:44:00.000000Z,692.11,692.24,692.11,692.24,326.64
2025-07-13T12:45:00.000000Z,692.24,692.24,691.91,691.92,210.22
2025-07-13T12:46:00.000000Z,691.91,691.92,691.78,691.87,133.67
2025-07-13T12:47:00.000000Z,691.87,692.08,691.77,691.92,215.48
2025-07-13T12:48:00.000000Z,691.92,692.14,691.82,691.82,88.15
2025-07-13T12:49:00.000000Z,691.83,692.04,691.82,691.92,82.62
2025-07-13T12:50:00.000000Z,691.93,692.62,691.84,692.28,849.76
2025-07-13T12:51:00.000000Z,692.29,692.54,691.88,692.47,826.21
2025-07-13T12:52:00.000000Z,692.47,692.9,692.36,692.74,669.72
2025-07-13T12:53:00.000000Z,692.73,693.03,692.71,693.02,778.58
2025-07-13T12:54:00.000000Z,693.03,693.4,692.92,693.02,1350.21
2025-07-13T12:55:00.000000Z,693.03,693.03,692.52,692.72,356.9
2025-07-13T12:56:00.000000Z,692.72,692.72,692.54,692.67,297.51
2025-07-13T12:57:00.000000Z,692.67,692.67,692.18,692.25,294.99
2025-07-13T12:58:00.000000Z,692.26,692.54,692.22,692.23,217.17
2025-07-13T12:59:00.000000Z,692.23,692.34,692.06,692.25,483.12
2025-07-13T13:00:00.000000Z,692.26,692.28,692.0,692.25,376.35
2025-07-13T13:01:00.000000Z,692.26,692.26,691.88,691.95,307.27
2025-07-13T13:02:00.000000Z,691.95,692.48,691.94,692.48,792.4
2025-07-13T13:03:00.000000Z,692.47,692.54,692.12,692.12,174.87
2025-07-13T13:04:00.000000Z,692.11,692.11,691.71,691.91,192.11
2025-07-13T13:05:00.000000Z,691.92,692.0,691.64,691.82,276.06
2025-07-13T13:06:00.000000Z,691.82,691.98,691.77,691.98,119.67
2025-07-13T13:07:00.000000Z,692.0,692.09,691.78,691.78,224.68
2025-07-13T13:08:00.000000Z,691.79,692.14,691.62,692.13,355.96
2025-07-13T13:09:00.000000Z,692.14,692.57,692.13,692.56,404.49
2025-07-13T13:10:00.000000Z,692.56,692.64,692.51,692.56,152.45
2025-07-13T13:11:00.000000Z,692.56,692.56,691.94,692.18,877.27
2025-07-13T13:12:00.000000Z,692.18,692.18,691.62,691.62,155.28
2025-07-13T13:13:00.000000Z,691.63,691.64,691.21,691.64,548.44
2025-07-13T13:14:00.000000Z,691.64,691.73,691.36,691.4,165.11
2025-07-13T13:15:00.000000Z,691.36,691.87,691.36,691.87,128.99
2025-07-13T13:16:00.000000Z,691.87,691.87,691.54,691.67,138.7
2025-07-13T13:17:00.000000Z,691.66,691.67,691.4,691.65,171.63
2025-07-13T13:18:00.000000Z,691.66,692.02,691.65,691.81,122.31
2025-07-13T13:19:00.000000Z,691.8,691.84,691.64,691.83,56.74
2025-07-13T13:20:00.000000Z,691.84,691.94,691.8,691.89,107.35
2025-07-13T13:21:00.000000Z,691.9,691.94,691.47,691.84,677.87
2025-07-13T13:22:00.000000Z,691.83,691.9,691.72,691.73,95.24
2025-07-13T13:23:00.000000Z,691.73,691.94,691.67,691.82,185.45
2025-07-13T13:24:00.000000Z,691.81,691.98,691.74,691.74,156.34
2025-07-13T13:25:00.000000Z,691.74,691.75,691.71,691.71,24.53
2025-07-13T13:26:00.000000Z,691.71,691.72,691.49,691.61,189.14
2025-07-13T13:27:00.000000Z,691.61,691.71,691.47,691.48,305.58
2025-07-13T13:28:00.000000Z,691.47,691.6,691.39,691.4,138.71
2025-07-13T13:29:00.000000Z,691.4,691.48,691.38,691.39,90.63
2025-07-13T13:30:00.000000Z,691.38,691.6,691.38,691.59,113.45
2025-07-13T13:31:00.000000Z,691.6,691.66,691.58,691.58,130.49
2025-07-13T13:32:00.000000Z,691.58,691.8,691.58,691.79,42.56
2025-07-13T13:33:00.000000Z,691.8,691.92,691.76,691.92,107.12
2025-07-13T13:34:00.000000Z,691.92,692.01,691.91,692.01,82.39
2025-07-13T13:35:00.000000Z,692.02,692.21,691.88,692.01,168.65
2025-07-13T13:36:00.000000Z,692.01,692.14,691.9,691.9,186.51
2025-07-13T13:37:00.000000Z,691.91,691.91,691.71,691.88,153.82
2025-07-13T13:38:00.000000Z,691.88,691.89,691.87,691.88,58.82
2025-07-13T13:39:00.000000Z,691.89,692.07,691.88,692.03,87.38
2025-07-13T13:40:00.000000Z,692.03,692.03,692.02,692.03,45.82
2025-07-13T13:41:00.000000Z,692.02,692.22,692.02,692.07,281.64
2025-07-13T13:42:00.000000Z,692.07,692.15,691.99,692.14,231.0
2025-07-13T13:43:00.000000Z,692.15,692.4,692.15,692.31,140.17
2025-07-13T13:44:00.000000Z,692.31,692.32,692.31,692.32,23.83
2025-07-13T13:45:00.000000Z,692.32,692.32,692.13,692.13,121.0
2025-07-13T13:46:00.000000Z,692.12,692.54,692.12,692.44,324.59
2025-07-13T13:47:00.000000Z,692.45,692.76,692.44,692.66,470.06
2025-07-13T13:48:00.000000Z,692.66,692.66,692.44,692.62,173.88
2025-07-13T13:49:00.000000Z,692.63,692.76,692.59,692.68,163.71
2025-07-13T13:50:00.000000Z,692.67,692.68,692.56,692.68,83.28
2025-07-13T13:51:00.000000Z,692.68,692.71,692.49,692.57,182.12
2025-07-13T13:52:00.000000Z,692.57,692.57,692.2,692.2,110.79
2025-07-13T13:53:00.000000Z,692.21,692.27,691.87,691.93,709.44
2025-07-13T13:54:00.000000Z,691.94,692.1,691.94,692.09,94.5
2025-07-13T13:55:00.000000Z,692.09,692.27,692.09,692.26,124.33
2025-07-13T13:56:00.000000Z,692.27,692.33,692.16,692.29,98.7
2025-07-13T13:57:00.000000Z,692.3,692.34,692.22,692.34,146.65
2025-07-13T13:58:00.000000Z,692.34,692.34,692.33,692.33,60.55
2025-07-13T13:59:00.000000Z,692.34,692.34,692.33,692.34,34.2
2025-07-13T14:00:00.000000Z,692.34,692.4,692.22,692.39,339.57
2025-07-13T14:01:00.000000Z,692.4,692.4,692.04,692.04,168.83
2025-07-13T14:02:00.000000Z,692.04,692.05,691.76,691.83,169.06
2025-07-13T14:03:00.000000Z,691.84,692.15,691.83,692.14,75.08
2025-07-13T14:04:00.000000Z,692.15,692.15,691.9,691.94,126.98
2025-07-13T14:05:00.000000Z,691.95,691.95,691.94,691.94,62.73
2025-07-13T14:06:00.000000Z,691.94,692.32,691.82,692.31,358.28
2025-07-13T14:07:00.000000Z,692.32,692.46,692.24,692.24,195.88
2025-07-13T14:08:00.000000Z,692.24,692.36,692.1,692.35,80.41
2025-07-13T14:09:00.000000Z,692.35,692.42,692.32,692.32,111.7
2025-07-13T14:10:00.000000Z,692.33,692.33,692.02,692.24,244.68
2025-07-13T14:11:00.000000Z,692.24,692.47,692.24,692.43,93.48
2025-07-13T14:12:00.000000Z,692.42,692.43,692.2,692.25,109.41
2025-07-13T14:13:00.000000Z,692.25,692.35,692.24,692.34,54.7
2025-07-13T14:14:00.000000Z,692.35,692.48,692.34,692.42,100.14
2025-07-13T14:15:00.000000Z,692.43,692.6,692.38,692.59,138.25
2025-07-13T14:16:00.000000Z,692.6,692.64,692.4,692.63,372.36
2025-07-13T14:17:00.000000Z,692.63,692.81,692.62,692.8,233.33
2025-07-13T14:18:00.000000Z,692.8,694.37,692.8,693.08,3157.24
2025-07-13T14:19:00.000000Z,693.04,693.92,692.95,693.91,956.02
2025-07-13T14:20:00.000000Z,693.91,694.47,693.64,694.28,3478.0
2025-07-13T14:21:00.000000Z,694.28,694.31,693.61,693.97,1551.56
2025-07-13T14:22:00.000000Z,693.98,694.1,693.35,693.35,1974.61
2025-07-13T14:23:00.000000Z,693.33,693.86,693.21,693.75,605.13
2025-07-13T14:24:00.000000Z,693.74,694.2,693.66,693.97,693.2
2025-07-13T14:25:00.000000Z,693.97,693.98,693.46,693.98,846.56
2025-07-13T14:26:00.000000Z,693.98,694.26,693.86,694.26,386.99
2025-07-13T14:27:00.000000Z,694.25,694.4,693.9,693.97,483.62
2025-07-13T14:28:00.000000Z,693.98,694.14,693.9,693.97,321.52
2025-07-13T14:29:00.000000Z,693.97,694.1,693.78,694.1,110.5
2025-07-13T14:30:00.000000Z,694.1,694.14,693.58,693.91,452.37
2025-07-13T14:31:00.000000Z,693.92,694.16,693.91,694.05,258.27
2025-07-13T14:32:00.000000Z,694.05,694.12,693.44,693.93,384.32
2025-07-13T14:33:00.000000Z,693.94,694.13,693.68,693.99,307.28
2025-07-13T14:34:00.000000Z,693.99,694.21,693.93,693.97,179.25
2025-07-13T14:35:00.000000Z,693.96,693.96,693.67,693.85,349.4
2025-07-13T14:36:00.000000Z,693.85,693.99,693.6,693.92,266.2
2025-07-13T14:37:00.000000Z,693.92,694.23,693.92,694.11,677.23
2025-07-13T14:38:00.000000Z,694.1,694.12,693.52,693.52,205.89
2025-07-13T14:39:00.000000Z,693.52,693.76,693.52,693.6,227.98
2025-07-13T14:40:00.000000Z,693.59,694.1,693.48,694.1,367.9
2025-07-13T14:41:00.000000Z,694.1,694.21,693.94,694.08,268.77
2025-07-13T14:42:00.000000Z,694.08,694.08,693.7,693.72,211.78
2025-07-13T14:43:00.000000Z,693.71,693.79,693.6,693.62,329.39
2025-07-13T14:44:00.000000Z,693.63,693.63,692.51,692.69,712.97
2025-07-13T14:45:00.000000Z,692.7,693.35,692.69,693.23,260.34
2025-07-13T14:46:00.000000Z,693.23,693.69,693.06,693.06,932.53
2025-07-13T14:47:00.000000Z,693.06,693.06,692.47,692.47,613.41
2025-07-13T14:48:00.000000Z,692.46,692.78,691.95,692.77,772.2
2025-07-13T14:49:00.000000Z,692.76,692.76,692.3,692.38,490.73
2025-07-13T14:50:00.000000Z,692.37,692.37,691.42,691.78,605.3
2025-07-13T14:51:00.000000Z,691.77,692.03,691.1,691.69,1904.88
2025-07-13T14:52:00.000000Z,691.69,691.77,691.17,691.47,1069.7
2025-07-13T14:53:00.000000Z,691.48,691.88,691.46,691.87,189.22
2025-07-13T14:54:00.000000Z,691.88,692.1,691.81,692.0,329.3
2025-07-13T14:55:00.000000Z,692.01,692.1,691.92,691.99,386.68
2025-07-13T14:56:00.000000Z,691.98,692.4,691.98,692.4,187.25
2025-07-13T14:57:00.000000Z,692.4,693.55,692.29,692.29,2122.45
2025-07-13T14:58:00.000000Z,692.3,692.3,692.28,692.28,140.88
2025-07-13T14:59:00.000000Z,692.29,692.29,692.01,692.1,207.51
2025-07-13T15:00:00.000000Z,692.11,692.22,691.96,692.0,288.36
2025-07-13T15:01:00.000000Z,692.0,692.21,691.99,692.1,267.73
2025-07-13T15:02:00.000000Z,692.1,692.36,692.03,692.33,411.22
2025-07-13T15:03:00.000000Z,692.34,692.48,692.26,692.45,223.76
2025-07-13T15:04:00.000000Z,692.44,692.44,692.06,692.06,229.12
2025-07-13T15:05:00.000000Z,692.05,692.09,691.52,691.8,723.58
2025-07-13T15:06:00.000000Z,691.81,691.92,691.51,691.51,133.18
2025-07-13T15:07:00.000000Z,691.52,691.88,691.49,691.87,145.01
2025-07-13T15:08:00.000000Z,691.87,692.08,691.87,692.08,209.6
2025-07-13T15:09:00.000000Z,692.09,692.41,691.96,692.33,395.32
2025-07-13T15:10:00.000000Z,692.33,692.37,692.1,692.25,131.99
2025-07-13T15:11:00.000000Z,692.27,692.66,692.27,692.65,71.87
2025-07-13T15:12:00.000000Z,692.66,692.76,692.34,692.74,295.0
2025-07-13T15:13:00.000000Z,692.74,692.83,692.54,692.61,126.04
2025-07-13T15:14:00.000000Z,692.64,693.11,692.49,692.97,134.64
2025-07-13T15:15:00.000000Z,692.98,693.27,692.97,693.08,475.08
2025-07-13T15:16:00.000000Z,693.09,693.14,692.99,693.0,88.42
2025-07-13T15:17:00.000000Z,693.0,693.16,692.88,693.15,184.98
2025-07-13T15:18:00.000000Z,693.16,693.32,693.15,693.27,265.28
2025-07-13T15:19:00.000000Z,693.27,693.58,693.27,693.58,195.37
2025-07-13T15:20:00.000000Z,693.58,693.74,693.47,693.74,212.87
2025-07-13T15:21:00.000000Z,693.74,693.86,693.48,693.48,412.53
2025-07-13T15:22:00.000000Z,693.48,693.5,692.95,693.36,207.84
2025-07-13T15:23:00.000000Z,693.37,693.37,693.18,693.18,79.07
2025-07-13T15:24:00.000000Z,693.19,693.19,692.9,693.07,187.4
2025-07-13T15:25:00.000000Z,693.07,693.07,692.24,692.55,497.28
2025-07-13T15:26:00.000000Z,692.56,693.0,692.55,692.7,304.96
2025-07-13T15:27:00.000000Z,692.7,692.7,692.58,692.67,100.19
2025-07-13T15:28:00.000000Z,692.67,692.76,692.58,692.58,184.01
2025-07-13T15:29:00.000000Z,692.59,692.79,692.58,692.72,235.12
2025-07-13T15:30:00.000000Z,692.72,692.72,692.43,692.47,303.18
2025-07-13T15:31:00.000000Z,692.47,692.48,691.85,691.9,420.83
2025-07-13T15:32:00.000000Z,691.9,692.0,691.74,691.74,201.22
2025-07-13T15:33:00.000000Z,691.74,691.74,691.15,691.31,308.96
2025-07-13T15:34:00.000000Z,691.32,691.46,691.08,691.11,256.15
2025-07-13T15:35:00.000000Z,691.11,691.2,690.82,690.91,709.56
2025-07-13T15:36:00.000000Z,690.91,691.15,690.91,691.02,186.24
2025-07-13T15:37:00.000000Z,691.02,691.06,690.64,690.67,187.76
2025-07-13T15:38:00.000000Z,690.67,690.67,690.07,690.29,827.77
2025-07-13T15:39:00.000000Z,690.3,690.68,690.2,690.58,691.16
2025-07-13T15:40:00.000000Z,690.57,690.95,690.44,690.66,428.37
2025-07-13T15:41:00.000000Z,690.66,691.12,690.5,691.11,179.27
2025-07-13T15:42:00.000000Z,691.12,691.51,691.12,691.33,249.36
2025-07-13T15:43:00.000000Z,691.33,691.65,691.13,691.13,273.72
2025-07-13T15:44:00.000000Z,691.12,691.51,691.12,691.51,220.15
2025-07-13T15:45:00.000000Z,691.51,691.51,691.22,691.31,228.25
2025-07-13T15:46:00.000000Z,691.31,691.5,691.03,691.32,269.72
2025-07-13T15:47:00.000000Z,691.32,691.55,691.31,691.44,236.82
2025-07-13T15:48:00.000000Z,691.45,691.53,691.44,691.48,75.84
2025-07-13T15:49:00.000000Z,691.49,691.63,691.48,691.63,63.15
2025-07-13T15:50:00.000000Z,691.64,691.75,691.63,691.74,209.34
2025-07-13T15:51:00.000000Z,691.75,692.0,691.74,691.74,233.69
2025-07-13T15:52:00.000000Z,691.75,691.8,691.34,691.34,74.7
2025-07-13T15:53:00.000000Z,691.35,691.44,691.0,691.0,148.79
2025-07-13T15:54:00.000000Z,691.01,691.29,691.0,691.27,102.75
2025-07-13T15:55:00.000000Z,691.27,691.38,691.16,691.16,120.42
2025-07-13T15:56:00.000000Z,691.17,691.53,691.17,691.49,131.28
2025-07-13T15:57:00.000000Z,691.49,691.58,691.48,691.57,95.97
2025-07-13T15:58:00.000000Z,691.56,691.68,691.52,691.65,81.99
2025-07-13T15:59:00.000000Z,691.64,691.65,691.5,691.56,111.49
2025-07-13T16:00:00.000000Z,691.57,691.68,691.48,691.49,314.33
2025-07-13T16:01:00.000000Z,691.49,691.49,691.0,691.01,175.87
2025-07-13T16:02:00.000000Z,691.01,691.26,690.96,691.17,205.76
2025-07-13T16:03:00.000000Z,691.17,691.35,691.04,691.34,120.27
2025-07-13T16:04:00.000000Z,691.35,691.87,691.35,691.86,229.19
2025-07-13T16:05:00.000000Z,691.86,692.01,691.8,692.0,359.63
2025-07-13T16:06:00.000000Z,692.0,692.58,692.0,692.41,560.13
2025-07-13T16:07:00.000000Z,692.4,692.46,692.14,692.41,235.98
2025-07-13T16:08:00.000000Z,692.42,692.59,692.32,692.43,225.69
2025-07-13T16:09:00.000000Z,692.43,692.43,692.22,692.39,139.76
2025-07-13T16:10:00.000000Z,692.39,692.43,692.34,692.38,291.78
2025-07-13T16:11:00.000000Z,692.38,692.42,691.9,691.9,107.49
2025-07-13T16:12:00.000000Z,691.91,691.91,691.58,691.74,155.06
2025-07-13T16:13:00.000000Z,691.74,691.94,691.7,691.7,131.86
2025-07-13T16:14:00.000000Z,691.7,691.98,691.66,691.84,153.65
2025-07-13T16:15:00.000000Z,691.84,692.0,691.76,692.0,176.78
2025-07-13T16:16:00.000000Z,692.0,692.31,691.99,692.08,100.53
2025-07-13T16:17:00.000000Z,692.08,692.09,691.68,691.85,191.2
2025-07-13T16:18:00.000000Z,691.86,692.5,691.83,692.5,156.85
2025-07-13T16:19:00.000000Z,692.5,692.5,692.18,692.18,276.54
2025-07-13T16:20:00.000000Z,692.18,692.19,691.9,691.94,215.11
2025-07-13T16:21:00.000000Z,691.94,692.39,691.94,692.39,98.62
2025-07-13T16:22:00.000000Z,692.39,692.5,692.26,692.27,145.73
2025-07-13T16:23:00.000000Z,692.26,692.27,692.09,692.09,64.76
2025-07-13T16:24:00.000000Z,692.09,692.16,691.93,691.94,135.34
2025-07-13T16:25:00.000000Z,691.94,692.16,691.93,692.05,86.48
2025-07-13T16:26:00.000000Z,692.05,692.06,691.59,691.59,143.37
2025-07-13T16:27:00.000000Z,691.6,691.87,691.59,691.76,75.28
2025-07-13T16:28:00.000000Z,691.76,691.79,691.55,691.73,87.92
2025-07-13T16:29:00.000000Z,691.72,691.76,691.54,691.54,102.46
2025-07-13T16:30:00.000000Z,691.55,691.55,690.96,691.17,779.11
2025-07-13T16:31:00.000000Z,691.16,691.37,691.12,691.17,186.26
2025-07-13T16:32:00.000000Z,691.18,691.18,690.86,691.01,369.87
2025-07-13T16:33:00.000000Z,691.01,691.06,690.9,690.97,155.05
2025-07-13T16:34:00.000000Z,690.97,691.14,690.97,691.11,144.14
2025-07-13T16:35:00.000000Z,691.09,691.19,690.86,691.18,74.12
2025-07-13T16:36:00.000000Z,691.18,691.19,690.87,691.14,91.14
2025-07-13T16:37:00.000000Z,691.14,691.24,690.92,691.17,192.91
2025-07-13T16:38:00.000000Z,691.16,691.17,690.81,690.99,106.15
2025-07-13T16:39:00.000000Z,691.0,691.07,690.82,690.82,58.73
2025-07-13T16:40:00.000000Z,690.83,690.87,690.78,690.78,128.06
2025-07-13T16:41:00.000000Z,690.77,690.93,690.6,690.92,116.37
2025-07-13T16:42:00.000000Z,690.93,690.93,690.72,690.72,70.2
2025-07-13T16:43:00.000000Z,690.72,691.08,690.72,691.07,46.68
2025-07-13T16:44:00.000000Z,691.08,691.08,690.75,690.75,203.77
2025-07-13T16:45:00.000000Z,690.75,690.76,690.4,690.68,230.69
2025-07-13T16:46:00.000000Z,690.68,690.74,690.48,690.55,76.21
2025-07-13T16:47:00.000000Z,690.55,690.55,690.27,690.32,153.59
2025-07-13T16:48:00.000000Z,690.32,690.41,690.26,690.26,163.15
2025-07-13T16:49:00.000000Z,690.25,690.34,689.87,689.99,585.27
2025-07-13T16:50:00.000000Z,689.99,690.01,689.38,689.89,1064.51
2025-07-13T16:51:00.000000Z,689.9,689.9,688.96,689.25,581.3
2025-07-13T16:52:00.000000Z,689.25,689.25,688.83,688.91,528.31
2025-07-13T16:53:00.000000Z,688.91,689.33,688.84,689.07,406.61
2025-07-13T16:54:00.000000Z,689.07,689.38,689.07,689.15,548.95
2025-07-13T16:55:00.000000Z,689.15,689.53,689.15,689.52,184.65
2025-07-13T16:56:00.000000Z,689.52,689.57,689.29,689.48,154.65
2025-07-13T16:57:00.000000Z,689.48,689.66,689.29,689.29,127.86
2025-07-13T16:58:00.000000Z,689.3,689.3,688.95,688.95,224.04
2025-07-13T16:59:00.000000Z,688.95,689.18,688.84,689.0,282.8
2025-07-13T17:00:00.000000Z,689.0,689.01,688.75,688.78,320.86
2025-07-13T17:01:00.000000Z,688.77,688.78,688.33,688.76,633.76
2025-07-13T17:02:00.000000Z,688.76,689.1,688.72,689.1,881.15
2025-07-13T17:03:00.000000Z,689.09,689.1,688.87,688.98,523.42
2025-07-13T17:04:00.000000Z,688.98,689.0,688.84,688.88,363.9
2025-07-13T17:05:00.000000Z,688.88,688.98,688.81,688.97,158.01
2025-07-13T17:06:00.000000Z,688.98,689.12,688.96,689.08,323.09
2025-07-13T17:07:00.000000Z,689.07,689.2,688.88,688.88,145.62
2025-07-13T17:08:00.000000Z,688.87,689.35,688.87,689.35,428.7
2025-07-13T17:09:00.000000Z,689.36,689.54,689.36,689.49,123.13
2025-07-13T17:10:00.000000Z,689.5,689.58,689.34,689.57,133.04
2025-07-13T17:11:00.000000Z,689.58,689.68,689.57,689.68,126.73
2025-07-13T17:12:00.000000Z,689.68,689.68,689.46,689.56,94.64
2025-07-13T17:13:00.000000Z,689.56,689.89,689.5,689.86,369.75
2025-07-13T17:14:00.000000Z,689.87,689.94,689.86,689.93,34.09
2025-07-13T17:15:00.000000Z,689.94,690.28,689.93,689.96,294.89
2025-07-13T17:16:00.000000Z,689.96,690.15,689.96,690.05,105.6
2025-07-13T17:17:00.000000Z,690.06,690.06,689.68,689.89,183.73
2025-07-13T17:18:00.000000Z,689.89,690.29,689.89,690.26,337.2
2025-07-13T17:19:00.000000Z,690.26,690.26,690.1,690.2,86.35
2025-07-13T17:20:00.000000Z,690.19,690.4,690.16,690.34,104.32
2025-07-13T17:21:00.000000Z,690.34,690.5,690.34,690.45,123.94
2025-07-13T17:22:00.000000Z,690.45,690.52,690.34,690.52,109.88
2025-07-13T17:23:00.000000Z,690.51,690.57,690.51,690.52,51.36
2025-07-13T17:24:00.000000Z,690.53,690.53,690.5,690.51,51.89
2025-07-13T17:25:00.000000Z,690.51,690.57,690.5,690.5,105.94
2025-07-13T17:26:00.000000Z,690.5,690.55,690.5,690.55,29.2
2025-07-13T17:27:00.000000Z,690.55,690.75,690.54,690.74,152.31
2025-07-13T17:28:00.000000Z,690.75,690.87,690.64,690.65,122.12
2025-07-13T17:29:00.000000Z,690.65,690.65,690.6,690.61,33.17
2025-07-13T17:30:00.000000Z,690.6,690.94,690.6,690.78,164.1
2025-07-13T17:31:00.000000Z,690.79,690.79,690.78,690.78,48.18
2025-07-13T17:32:00.000000Z,690.78,691.11,690.78,691.1,133.0
2025-07-13T17:33:00.000000Z,691.1,691.29,691.02,691.02,243.31
2025-07-13T17:34:00.000000Z,691.03,691.14,691.0,691.02,299.46
2025-07-13T17:35:00.000000Z,691.01,691.02,691.01,691.02,22.03
2025-07-13T17:36:00.000000Z,691.02,691.19,691.01,691.19,97.78
2025-07-13T17:37:00.000000Z,691.18,691.18,691.0,691.0,156.45
2025-07-13T17:38:00.000000Z,691.0,691.01,690.87,690.87,473.68
2025-07-13T17:39:00.000000Z,690.87,691.12,690.87,691.11,88.36
2025-07-13T17:40:00.000000Z,691.11,691.17,691.06,691.07,93.73
2025-07-13T17:41:00.000000Z,691.06,691.2,691.06,691.19,34.58
2025-07-13T17:42:00.000000Z,691.19,691.2,691.06,691.07,53.82
2025-07-13T17:43:00.000000Z,691.07,691.07,691.02,691.02,90.53
2025-07-13T17:44:00.000000Z,691.02,691.03,690.98,690.98,30.5
2025-07-13T17:45:00.000000Z,690.99,691.03,690.98,691.03,73.91
2025-07-13T17:46:00.000000Z,691.03,691.04,691.03,691.03,19.15
2025-07-13T17:47:00.000000Z,691.04,691.16,691.03,691.05,119.33
2025-07-13T17:48:00.000000Z,691.05,691.05,690.84,690.84,48.68
2025-07-13T17:49:00.000000Z,690.85,690.85,690.76,690.76,57.18
2025-07-13T17:50:00.000000Z,690.77,690.8,690.43,690.8,150.76
2025-07-13T17:51:00.000000Z,690.8,690.91,690.8,690.9,83.23
2025-07-13T17:52:00.000000Z,690.9,690.95,690.89,690.94,51.05
2025-07-13T17:53:00.000000Z,690.95,691.1,690.92,690.92,86.28
2025-07-13T17:54:00.000000Z,690.93,690.99,690.72,690.98,128.62
2025-07-13T17:55:00.000000Z,690.98,691.13,690.98,691.13,74.72
2025-07-13T17:56:00.000000Z,691.13,691.21,690.92,690.92,70.92
2025-07-13T17:57:00.000000Z,690.92,691.02,690.83,690.9,88.56
2025-07-13T17:58:00.000000Z,690.92,690.99,690.82,690.98,133.05
2025-07-13T17:59:00.000000Z,690.98,690.99,690.88,690.88,56.7
2025-07-13T18:00:00.000000Z,690.88,690.89,690.75,690.75,163.31
2025-07-13T18:01:00.000000Z,690.76,690.76,690.47,690.74,356.84
2025-07-13T18:02:00.000000Z,690.74,690.75,690.7,690.7,62.36
2025-07-13T18:03:00.000000Z,690.7,690.98,690.7,690.97,223.65
2025-07-13T18:04:00.000000Z,690.97,690.98,690.48,690.56,328.92
2025-07-13T18:05:00.000000Z,690.55,690.58,690.43,690.46,141.25
2025-07-13T18:06:00.000000Z,690.47,690.56,690.39,690.49,109.09
2025-07-13T18:07:00.000000Z,690.5,690.5,690.3,690.47,154.24
2025-07-13T18:08:00.000000Z,690.48,690.54,690.41,690.54,89.01
2025-07-13T18:09:00.000000Z,690.54,690.54,690.48,690.54,79.94
2025-07-13T18:10:00.000000Z,690.53,690.7,690.53,690.69,99.83
2025-07-13T18:11:00.000000Z,690.69,690.78,690.65,690.78,98.64
2025-07-13T18:12:00.000000Z,690.78,690.8,690.74,690.74,122.75
2025-07-13T18:13:00.000000Z,690.75,690.75,690.74,690.74,54.96
2025-07-13T18:14:00.000000Z,690.75,690.75,690.74,690.74,47.01
2025-07-13T18:15:00.000000Z,690.74,690.82,690.67,690.68,224.1
2025-07-13T18:16:00.000000Z,690.68,690.88,690.67,690.87,84.43
2025-07-13T18:17:00.000000Z,690.88,690.9,690.87,690.9,70.39
2025-07-13T18:18:00.000000Z,690.9,690.94,690.9,690.93,64.56
2025-07-13T18:19:00.000000Z,690.94,690.94,690.93,690.93,38.5
2025-07-13T18:20:00.000000Z,690.94,691.15,690.93,691.14,157.71
2025-07-13T18:21:00.000000Z,691.14,691.24,691.14,691.23,169.9
2025-07-13T18:22:00.000000Z,691.23,691.37,691.21,691.36,256.13
2025-07-13T18:23:00.000000Z,691.37,691.52,691.36,691.51,181.69
2025-07-13T18:24:00.000000Z,691.52,691.7,691.52,691.56,204.51
2025-07-13T18:25:00.000000Z,691.56,691.57,691.53,691.54,79.21
2025-07-13T18:26:00.000000Z,691.54,691.76,691.5,691.51,330.21
2025-07-13T18:27:00.000000Z,691.51,691.72,691.51,691.71,104.64
2025-07-13T18:28:00.000000Z,691.71,691.73,691.71,691.72,191.09
2025-07-13T18:29:00.000000Z,691.73,691.74,691.62,691.73,124.03
2025-07-13T18:30:00.000000Z,691.74,691.8,691.44,691.58,218.18
2025-07-13T18:31:00.000000Z,691.57,691.7,691.57,691.63,115.06
2025-07-13T18:32:00.000000Z,691.63,691.63,691.41,691.41,61.0
2025-07-13T18:33:00.000000Z,691.42,691.49,691.41,691.49,63.48
2025-07-13T18:34:00.000000Z,691.49,691.63,691.49,691.63,48.98
2025-07-13T18:35:00.000000Z,691.63,691.72,691.44,691.44,129.69
2025-07-13T18:36:00.000000Z,691.45,691.58,691.44,691.58,81.87
2025-07-13T18:37:00.000000Z,691.57,691.8,691.57,691.8,162.92
2025-07-13T18:38:00.000000Z,691.8,691.84,691.6,691.83,103.67
2025-07-13T18:39:00.000000Z,691.84,691.91,691.78,691.78,134.97
2025-07-13T18:40:00.000000Z,691.79,691.79,691.49,691.5,160.48
2025-07-13T18:41:00.000000Z,691.5,691.58,691.49,691.57,101.53
2025-07-13T18:42:00.000000Z,691.57,691.71,691.57,691.6,53.02
2025-07-13T18:43:00.000000Z,691.6,691.71,691.59,691.71,40.17
2025-07-13T18:44:00.000000Z,691.71,691.71,691.57,691.57,90.45
2025-07-13T18:45:00.000000Z,691.58,691.58,691.53,691.54,81.58
2025-07-13T18:46:00.000000Z,691.54,691.54,691.26,691.26,87.71
2025-07-13T18:47:00.000000Z,691.27,691.31,691.26,691.3,70.01
2025-07-13T18:48:00.000000Z,691.3,691.44,691.3,691.41,105.26
2025-07-13T18:49:00.000000Z,691.4,691.62,691.4,691.62,85.59
2025-07-13T18:50:00.000000Z,691.61,692.05,691.61,691.93,631.72
2025-07-13T18:51:00.000000Z,691.94,692.16,691.93,692.16,172.34
2025-07-13T18:52:00.000000Z,692.16,692.16,692.08,692.11,66.4
2025-07-13T18:53:00.000000Z,692.12,692.25,692.09,692.09,141.42
2025-07-13T18:54:00.000000Z,692.1,692.1,691.94,691.95,40.19
2025-07-13T18:55:00.000000Z,691.94,691.95,691.86,691.88,134.59
2025-07-13T18:56:00.000000Z,691.88,692.01,691.88,692.01,97.09
2025-07-13T18:57:00.000000Z,692.0,692.18,692.0,692.18,55.79
2025-07-13T18:58:00.000000Z,692.18,692.3,692.17,692.27,163.46
2025-07-13T18:59:00.000000Z,692.28,692.28,692.08,692.1,118.31
2025-07-13T19:00:00.000000Z,692.11,692.15,692.03,692.04,125.83
2025-07-13T19:01:00.000000Z,692.03,692.04,691.84,691.85,61.48
2025-07-13T19:02:00.000000Z,691.85,691.85,691.68,691.81,110.67
2025-07-13T19:03:00.000000Z,691.82,691.82,691.81,691.81,90.18
2025-07-13T19:04:00.000000Z,691.81,691.93,691.81,691.84,144.04
2025-07-13T19:05:00.000000Z,691.84,691.86,691.84,691.86,48.07
2025-07-13T19:06:00.000000Z,691.86,691.86,691.85,691.85,18.62
2025-07-13T19:07:00.000000Z,691.86,691.86,691.79,691.8,114.41
2025-07-13T19:08:00.000000Z,691.8,691.8,691.72,691.72,81.44
2025-07-13T19:09:00.000000Z,691.73,692.1,691.72,692.09,154.47
2025-07-13T19:10:00.000000Z,692.09,692.1,692.04,692.04,60.21
2025-07-13T19:11:00.000000Z,692.05,692.11,692.02,692.02,88.93
2025-07-13T19:12:00.000000Z,692.03,692.15,692.02,692.15,173.27
2025-07-13T19:13:00.000000Z,692.15,692.31,692.14,692.3,167.43
2025-07-13T19:14:00.000000Z,692.31,692.46,692.3,692.34,258.31
2025-07-13T19:15:00.000000Z,692.35,692.4,692.34,692.4,147.74
2025-07-13T19:16:00.000000Z,692.39,692.4,692.28,692.32,163.3
2025-07-13T19:17:00.000000Z,692.32,692.33,692.27,692.28,53.1
2025-07-13T19:18:00.000000Z,692.28,692.37,692.27,692.36,80.74
2025-07-13T19:19:00.000000Z,692.36,692.37,692.28,692.29,37.78
2025-07-13T19:20:00.000000Z,692.29,693.6,692.28,693.01,2688.51
2025-07-13T19:21:00.000000Z,693.0,693.12,692.94,693.12,80.58
2025-07-13T19:22:00.000000Z,693.12,693.12,693.0,693.03,43.93
2025-07-13T19:23:00.000000Z,693.03,693.29,693.03,693.26,163.24
2025-07-13T19:24:00.000000Z,693.26,693.29,693.24,693.29,45.81
2025-07-13T19:25:00.000000Z,693.29,693.35,693.2,693.35,178.55
2025-07-13T19:26:00.000000Z,693.36,693.46,693.36,693.45,144.27
2025-07-13T19:27:00.000000Z,693.45,693.53,693.38,693.49,176.25
2025-07-13T19:28:00.000000Z,693.48,693.62,693.48,693.61,187.62
2025-07-13T19:29:00.000000Z,693.62,693.62,693.56,693.56,96.28
2025-07-13T19:30:00.000000Z,693.56,693.65,693.56,693.64,85.15
2025-07-13T19:31:00.000000Z,693.65,693.65,693.62,693.63,41.97
2025-07-13T19:32:00.000000Z,693.63,693.86,693.57,693.67,441.89
2025-07-13T19:33:00.000000Z,693.68,693.68,693.56,693.66,143.45
2025-07-13T19:34:00.000000Z,693.66,693.67,693.0,693.0,162.56
2025-07-13T19:35:00.000000Z,693.01,693.21,692.73,693.2,281.25
2025-07-13T19:36:00.000000Z,693.21,693.5,693.12,693.5,56.57
2025-07-13T19:37:00.000000Z,693.5,693.68,693.41,693.41,114.19
2025-07-13T19:38:00.000000Z,693.42,693.42,693.16,693.21,128.72
2025-07-13T19:39:00.000000Z,693.22,693.38,693.21,693.33,38.39
2025-07-13T19:40:00.000000Z,693.34,693.38,693.11,693.37,81.72
2025-07-13T19:41:00.000000Z,693.37,693.38,693.17,693.17,69.49
2025-07-13T19:42:00.000000Z,693.18,693.18,693.06,693.11,93.55
2025-07-13T19:43:00.000000Z,693.11,693.11,692.86,692.92,89.07
2025-07-13T19:44:00.000000Z,692.91,692.99,692.91,692.99,35.89
2025-07-13T19:45:00.000000Z,692.99,693.05,692.81,692.81,49.6
2025-07-13T19:46:00.000000Z,692.8,692.88,692.66,692.88,83.1
2025-07-13T19:47:00.000000Z,692.88,693.04,692.87,693.03,32.98
2025-07-13T19:48:00.000000Z,693.04,693.04,692.9,692.9,86.51
2025-07-13T19:49:00.000000Z,692.91,692.91,692.16,692.79,1582.83
2025-07-13T19:50:00.000000Z,692.8,693.07,692.8,693.04,102.42
2025-07-13T19:51:00.000000Z,693.03,693.07,692.93,693.03,146.96
2025-07-13T19:52:00.000000Z,693.04,693.04,692.94,692.97,39.91
2025-07-13T19:53:00.000000Z,692.97,693.01,692.94,692.95,36.54
2025-07-13T19:54:00.000000Z,692.95,692.95,692.74,692.74,22.96
2025-07-13T19:55:00.000000Z,692.75,692.78,692.74,692.74,25.61
2025-07-13T19:56:00.000000Z,692.74,692.75,692.74,692.74,24.85
2025-07-13T19:57:00.000000Z,692.75,692.75,692.62,692.63,32.48
2025-07-13T19:58:00.000000Z,692.63,692.67,692.33,692.33,165.72
2025-07-13T19:59:00.000000Z,692.33,692.33,691.84,691.97,334.4
2025-07-13T20:00:00.000000Z,691.96,692.23,691.91,691.91,210.09
2025-07-13T20:01:00.000000Z,691.92,691.92,691.15,691.43,336.66
2025-07-13T20:02:00.000000Z,691.43,691.69,691.43,691.68,193.02
2025-07-13T20:03:00.000000Z,691.69,691.69,691.41,691.52,73.65
2025-07-13T20:04:00.000000Z,691.51,691.52,691.17,691.17,104.97
2025-07-13T20:05:00.000000Z,691.17,691.54,691.17,691.47,200.08
2025-07-13T20:06:00.000000Z,691.48,691.69,691.41,691.63,173.23
2025-07-13T20:07:00.000000Z,691.62,692.19,691.62,692.19,179.03
2025-07-13T20:08:00.000000Z,692.2,692.33,691.99,692.03,115.53
2025-07-13T20:09:00.000000Z,692.03,692.32,692.03,692.31,96.16
2025-07-13T20:10:00.000000Z,692.32,692.39,692.32,692.38,56.9
2025-07-13T20:11:00.000000Z,692.38,692.39,692.34,692.38,120.22
2025-07-13T20:12:00.000000Z,692.39,692.39,692.34,692.39,61.23
2025-07-13T20:13:00.000000Z,692.39,692.43,692.38,692.42,73.85
2025-07-13T20:14:00.000000Z,692.43,692.43,692.42,692.42,23.81
2025-07-13T20:15:00.000000Z,692.42,692.57,692.42,692.57,141.57
2025-07-13T20:16:00.000000Z,692.56,692.77,692.5,692.62,472.4
2025-07-13T20:17:00.000000Z,692.63,692.85,692.62,692.84,40.89
2025-07-13T20:18:00.000000Z,692.84,692.92,692.7,692.71,222.37
2025-07-13T20:19:00.000000Z,692.71,693.0,692.71,692.83,76.34
2025-07-13T20:20:00.000000Z,692.84,692.84,692.77,692.77,45.11
2025-07-13T20:21:00.000000Z,692.78,692.82,692.68,692.81,134.73
2025-07-13T20:22:00.000000Z,692.82,692.84,692.81,692.84,20.02
2025-07-13T20:23:00.000000Z,692.83,692.88,692.83,692.87,13.73
2025-07-13T20:24:00.000000Z,692.87,692.92,692.87,692.92,40.89
2025-07-13T20:25:00.000000Z,692.91,692.92,692.91,692.92,15.54
2025-07-13T20:26:00.000000Z,692.91,693.11,692.91,693.0,120.83
2025-07-13T20:27:00.000000Z,693.01,693.09,693.0,693.08,31.84
2025-07-13T20:28:00.000000Z,693.09,693.27,693.08,693.27,28.6
2025-07-13T20:29:00.000000Z,693.27,693.3,693.26,693.29,47.45
2025-07-13T20:30:00.000000Z,693.29,693.3,693.29,693.29,33.87
2025-07-13T20:31:00.000000Z,693.29,693.43,693.29,693.42,37.68
2025-07-13T20:32:00.000000Z,693.43,693.53,693.42,693.52,52.43
2025-07-13T20:33:00.000000Z,693.52,693.53,693.44,693.45,47.34
2025-07-13T20:34:00.000000Z,693.44,693.48,693.44,693.48,61.7
2025-07-13T20:35:00.000000Z,693.47,693.48,693.39,693.39,90.09
2025-07-13T20:36:00.000000Z,693.4,693.4,693.34,693.35,46.54
2025-07-13T20:37:00.000000Z,693.35,693.35,693.28,693.29,155.71
2025-07-13T20:38:00.000000Z,693.29,693.3,693.12,693.12,59.06
2025-07-13T20:39:00.000000Z,693.13,693.13,692.98,693.09,36.91
2025-07-13T20:40:00.000000Z,693.09,693.28,693.09,693.27,64.11
2025-07-13T20:41:00.000000Z,693.26,693.27,693.22,693.22,73.35
2025-07-13T20:42:00.000000Z,693.22,693.23,693.14,693.15,34.11
2025-07-13T20:43:00.000000Z,693.14,693.15,693.05,693.06,75.67
2025-07-13T20:44:00.000000Z,693.06,693.06,693.03,693.03,36.15
2025-07-13T20:45:00.000000Z,693.03,693.04,693.03,693.03,56.85
2025-07-13T20:46:00.000000Z,693.03,693.03,692.85,692.87,69.3
2025-07-13T20:47:00.000000Z,692.88,692.88,692.66,692.67,65.44
2025-07-13T20:48:00.000000Z,692.66,692.67,692.53,692.53,106.23
2025-07-13T20:49:00.000000Z,692.53,692.72,692.53,692.59,70.89
2025-07-13T20:50:00.000000Z,692.59,692.77,692.5,692.72,192.68
2025-07-13T20:51:00.000000Z,692.73,692.92,692.57,692.91,69.45
2025-07-13T20:52:00.000000Z,692.91,693.0,692.88,693.0,123.01
2025-07-13T20:53:00.000000Z,693.01,693.09,693.0,693.08,41.93
2025-07-13T20:54:00.000000Z,693.09,693.09,692.97,692.98,46.35
2025-07-13T20:55:00.000000Z,692.97,692.98,692.79,692.98,127.25
2025-07-13T20:56:00.000000Z,692.97,693.02,692.94,692.94,38.36
2025-07-13T20:57:00.000000Z,692.94,693.06,692.94,692.95,68.45
2025-07-13T20:58:00.000000Z,692.94,692.95,692.9,692.9,39.2
2025-07-13T20:59:00.000000Z,692.9,692.91,692.86,692.9,182.16
2025-07-13T21:00:00.000000Z,692.9,693.02,692.86,693.01,83.37
2025-07-13T21:01:00.000000Z,693.01,693.02,692.85,692.85,88.11
2025-07-13T21:02:00.000000Z,692.86,692.86,692.79,692.86,74.0
2025-07-13T21:03:00.000000Z,692.85,692.86,692.71,692.74,133.19
2025-07-13T21:04:00.000000Z,692.74,693.0,692.74,692.99,142.08
2025-07-13T21:05:00.000000Z,692.99,692.99,692.82,692.82,55.59
2025-07-13T21:06:00.000000Z,692.83,692.83,692.7,692.73,97.48
2025-07-13T21:07:00.000000Z,692.73,692.83,692.46,692.79,235.51
2025-07-13T21:08:00.000000Z,692.78,692.95,692.78,692.81,94.26
2025-07-13T21:09:00.000000Z,692.81,692.85,692.81,692.84,15.88
2025-07-13T21:10:00.000000Z,692.85,692.92,692.84,692.92,134.16
2025-07-13T21:11:00.000000Z,692.91,693.23,692.9,692.9,327.93
2025-07-13T21:12:00.000000Z,692.91,692.91,692.84,692.84,21.5
2025-07-13T21:13:00.000000Z,692.84,692.86,692.74,692.85,192.23
2025-07-13T21:14:00.000000Z,692.85,693.02,692.82,693.02,88.75
2025-07-13T21:15:00.000000Z,693.02,693.02,692.97,692.98,69.73
2025-07-13T21:16:00.000000Z,692.97,693.14,692.93,692.94,184.09
2025-07-13T21:17:00.000000Z,692.93,693.15,692.82,693.15,106.32
2025-07-13T21:18:00.000000Z,693.14,693.22,692.82,692.84,268.08
2025-07-13T21:19:00.000000Z,692.85,692.85,692.84,692.85,24.31
2025-07-13T21:20:00.000000Z,692.84,692.85,692.67,692.67,80.57
2025-07-13T21:21:00.000000Z,692.68,692.88,692.67,692.73,138.31
2025-07-13T21:22:00.000000Z,692.74,693.28,692.74,693.08,419.35
2025-07-13T21:23:00.000000Z,693.08,693.08,692.86,692.87,59.37
2025-07-13T21:24:00.000000Z,692.87,693.02,692.86,693.02,139.96
2025-07-13T21:25:00.000000Z,693.01,693.02,692.86,692.86,84.91
2025-07-13T21:26:00.000000Z,692.87,693.03,692.86,693.02,70.99
2025-07-13T21:27:00.000000Z,693.03,693.03,692.85,692.85,103.0
2025-07-13T21:28:00.000000Z,692.86,692.86,692.85,692.85,20.92
2025-07-13T21:29:00.000000Z,692.86,692.9,692.86,692.9,26.8
2025-07-13T21:30:00.000000Z,692.9,692.9,692.89,692.9,43.68
2025-07-13T21:31:00.000000Z,692.9,693.03,692.89,692.96,106.4
2025-07-13T21:32:00.000000Z,692.96,693.03,692.86,693.02,111.09
2025-07-13T21:33:00.000000Z,693.03,693.18,692.88,692.88,50.21
2025-07-13T21:34:00.000000Z,692.89,692.89,692.58,692.58,179.18
2025-07-13T21:35:00.000000Z,692.59,692.84,692.58,692.84,184.76
2025-07-13T21:36:00.000000Z,692.84,692.84,692.71,692.81,120.15
2025-07-13T21:37:00.000000Z,692.81,692.81,691.93,691.93,791.24
2025-07-13T21:38:00.000000Z,691.93,691.94,689.77,689.81,1812.5
2025-07-13T21:39:00.000000Z,689.79,690.48,688.29,690.47,2149.0
2025-07-13T21:40:00.000000Z,690.47,690.47,689.58,690.2,667.8
2025-07-13T21:41:00.000000Z,690.19,690.69,690.0,690.69,256.39
2025-07-13T21:42:00.000000Z,690.68,691.01,690.56,690.91,347.41
2025-07-13T21:43:00.000000Z,690.9,691.09,690.9,691.04,148.05
2025-07-13T21:44:00.000000Z,691.04,691.64,691.04,691.64,340.45
2025-07-13T21:45:00.000000Z,691.64,692.22,691.63,692.18,274.97
2025-07-13T21:46:00.000000Z,692.18,692.44,692.17,692.37,228.37
2025-07-13T21:47:00.000000Z,692.37,692.41,692.37,692.4,32.23
2025-07-13T21:48:00.000000Z,692.4,692.41,692.4,692.4,49.44
2025-07-13T21:49:00.000000Z,692.41,692.61,692.4,692.61,109.12
2025-07-13T21:50:00.000000Z,692.61,692.61,692.42,692.43,301.52
2025-07-13T21:51:00.000000Z,692.44,692.51,692.43,692.5,72.67
2025-07-13T21:52:00.000000Z,692.5,692.51,692.1,692.11,314.71
2025-07-13T21:53:00.000000Z,692.11,692.11,692.09,692.09,42.35
2025-07-13T21:54:00.000000Z,692.09,692.42,692.09,692.25,426.04
2025-07-13T21:55:00.000000Z,692.25,692.48,692.24,692.47,118.33
2025-07-13T21:56:00.000000Z,692.48,692.61,692.34,692.61,111.62
2025-07-13T21:57:00.000000Z,692.61,692.61,692.28,692.34,95.23
2025-07-13T21:58:00.000000Z,692.33,692.34,691.87,691.87,99.65
2025-07-13T21:59:00.000000Z,691.87,691.92,691.64,691.91,152.77
2025-07-13T22:00:00.000000Z,691.91,691.91,690.86,691.54,566.06
2025-07-13T22:01:00.000000Z,691.55,691.76,691.07,691.53,462.08
2025-07-13T22:02:00.000000Z,691.52,691.8,691.24,691.28,212.56
2025-07-13T22:03:00.000000Z,691.3,691.46,691.18,691.34,258.55
2025-07-13T22:04:00.000000Z,691.32,691.84,691.32,691.67,230.5
2025-07-13T22:05:00.000000Z,691.67,692.25,691.66,692.08,319.41
2025-07-13T22:06:00.000000Z,692.08,692.54,692.08,692.53,241.82
2025-07-13T22:07:00.000000Z,692.54,692.79,692.54,692.73,247.94
2025-07-13T22:08:00.000000Z,692.74,692.74,692.21,692.36,234.7
2025-07-13T22:09:00.000000Z,692.36,692.42,692.04,692.16,142.3
2025-07-13T22:10:00.000000Z,692.16,692.24,691.55,691.86,369.62
2025-07-13T22:11:00.000000Z,691.86,691.95,691.71,691.83,94.04
2025-07-13T22:12:00.000000Z,691.83,691.91,691.6,691.91,135.27
2025-07-13T22:13:00.000000Z,691.91,691.98,691.81,691.82,110.72
2025-07-13T22:14:00.000000Z,691.82,692.01,691.76,691.96,142.54
2025-07-13T22:15:00.000000Z,691.97,692.42,691.94,692.41,226.54
2025-07-13T22:16:00.000000Z,692.42,692.49,692.11,692.19,126.45
2025-07-13T22:17:00.000000Z,692.2,692.2,691.76,691.76,81.0
2025-07-13T22:18:00.000000Z,691.77,691.94,691.05,691.25,206.92
2025-07-13T22:19:00.000000Z,691.26,691.26,690.59,690.59,470.31
2025-07-13T22:20:00.000000Z,690.6,690.74,690.04,690.74,853.59
2025-07-13T22:21:00.000000Z,690.75,690.75,690.05,690.18,192.78
2025-07-13T22:22:00.000000Z,690.19,690.55,690.1,690.49,328.59
2025-07-13T22:23:00.000000Z,690.49,691.36,690.49,691.36,217.85
2025-07-13T22:24:00.000000Z,691.35,691.56,691.22,691.54,235.35
2025-07-13T22:25:00.000000Z,691.54,691.54,690.72,691.07,225.76
2025-07-13T22:26:00.000000Z,691.03,691.08,690.52,690.77,136.59
2025-07-13T22:27:00.000000Z,690.77,690.82,689.92,690.11,610.17
2025-07-13T22:28:00.000000Z,690.11,690.11,689.71,689.92,264.43
2025-07-13T22:29:00.000000Z,689.92,689.99,689.78,689.79,97.93
2025-07-13T22:30:00.000000Z,689.78,690.26,689.65,690.14,287.42
2025-07-13T22:31:00.000000Z,690.15,690.93,690.13,690.72,236.58
2025-07-13T22:32:00.000000Z,690.69,690.88,690.62,690.72,151.88
2025-07-13T22:33:00.000000Z,690.72,691.1,690.72,690.84,98.4
2025-07-13T22:34:00.000000Z,690.83,691.1,690.83,691.01,54.87
2025-07-13T22:35:00.000000Z,691.0,691.15,691.0,691.05,66.48
2025-07-13T22:36:00.000000Z,691.05,691.54,691.05,691.53,123.32
2025-07-13T22:37:00.000000Z,691.54,691.68,691.54,691.56,93.59
2025-07-13T22:38:00.000000Z,691.56,691.68,691.47,691.68,103.9
2025-07-13T22:39:00.000000Z,691.67,691.74,691.44,691.44,145.11
2025-07-13T22:40:00.000000Z,691.45,691.74,691.45,691.73,38.97
2025-07-13T22:41:00.000000Z,691.74,691.8,691.74,691.79,77.32
2025-07-13T22:42:00.000000Z,691.8,691.92,691.79,691.91,56.9
2025-07-13T22:43:00.000000Z,691.92,691.99,691.91,691.97,40.45
2025-07-13T22:44:00.000000Z,691.97,692.0,691.81,691.81,148.81
2025-07-13T22:45:00.000000Z,691.81,692.01,691.81,692.01,132.61
2025-07-13T22:46:00.000000Z,692.01,692.06,691.86,692.06,64.7
2025-07-13T22:47:00.000000Z,692.06,692.06,691.25,691.51,398.51
2025-07-13T22:48:00.000000Z,691.51,691.67,691.51,691.61,104.32
2025-07-13T22:49:00.000000Z,691.6,691.67,691.53,691.53,49.2
2025-07-13T22:50:00.000000Z,691.54,691.54,691.17,691.21,125.28
2025-07-13T22:51:00.000000Z,691.22,691.37,691.21,691.37,65.34
2025-07-13T22:52:00.000000Z,691.38,691.46,691.06,691.07,177.84
2025-07-13T22:53:00.000000Z,691.08,691.16,690.9,691.07,62.74
2025-07-13T22:54:00.000000Z,691.07,691.13,690.9,691.11,76.11
2025-07-13T22:55:00.000000Z,691.11,691.22,691.11,691.22,64.39
2025-07-13T22:56:00.000000Z,691.22,691.28,691.11,691.14,88.68
2025-07-13T22:57:00.000000Z,691.14,691.14,690.82,690.83,73.26
2025-07-13T22:58:00.000000Z,690.83,690.96,690.82,690.87,51.27
2025-07-13T22:59:00.000000Z,690.88,690.88,690.62,690.62,78.01
2025-07-13T23:00:00.000000Z,690.62,690.82,690.54,690.55,240.56
2025-07-13T23:01:00.000000Z,690.54,690.55,690.4,690.4,83.78
2025-07-13T23:02:00.000000Z,690.4,690.81,690.33,690.78,87.38
2025-07-13T23:03:00.000000Z,690.77,691.32,690.77,691.2,130.74
2025-07-13T23:04:00.000000Z,691.21,691.3,691.21,691.3,101.03
2025-07-13T23:05:00.000000Z,691.29,691.91,691.29,691.91,235.58
2025-07-13T23:06:00.000000Z,691.92,691.95,691.44,691.53,367.84
2025-07-13T23:07:00.000000Z,691.59,691.72,691.54,691.72,41.57
2025-07-13T23:08:00.000000Z,691.72,691.72,691.52,691.52,58.21
2025-07-13T23:09:00.000000Z,691.53,691.72,691.24,691.24,152.11
2025-07-13T23:10:00.000000Z,691.24,691.25,690.75,690.98,120.68
2025-07-13T23:11:00.000000Z,690.98,690.98,690.54,690.54,158.93
2025-07-13T23:12:00.000000Z,690.55,690.98,690.45,690.82,193.1
2025-07-13T23:13:00.000000Z,690.87,691.38,690.87,691.37,31.89
2025-07-13T23:14:00.000000Z,691.38,691.4,691.2,691.4,115.41
2025-07-13T23:15:00.000000Z,691.4,691.93,691.4,691.51,317.23
2025-07-13T23:16:00.000000Z,691.51,691.86,691.44,691.82,54.15
2025-07-13T23:17:00.000000Z,691.82,692.05,691.81,691.88,55.64
2025-07-13T23:18:00.000000Z,691.89,692.01,691.84,691.93,50.17
2025-07-13T23:19:00.000000Z,691.94,691.96,691.47,691.52,80.71
2025-07-13T23:20:00.000000Z,691.52,691.52,691.16,691.33,47.25
2025-07-13T23:21:00.000000Z,691.33,691.82,691.33,691.72,82.97
2025-07-13T23:22:00.000000Z,691.71,691.74,691.49,691.74,46.17
2025-07-13T23:23:00.000000Z,691.75,691.8,691.67,691.77,26.51
2025-07-13T23:24:00.000000Z,691.78,691.78,691.71,691.71,44.82
2025-07-13T23:25:00.000000Z,691.71,691.72,691.52,691.53,18.66
2025-07-13T23:26:00.000000Z,691.52,691.53,691.06,691.37,66.12
2025-07-13T23:27:00.000000Z,691.38,691.5,691.31,691.31,39.66
2025-07-13T23:28:00.000000Z,691.32,691.39,691.08,691.09,52.01
2025-07-13T23:29:00.000000Z,691.09,691.46,691.0,691.46,41.49
2025-07-13T23:30:00.000000Z,691.45,691.77,691.43,691.76,134.76
2025-07-13T23:31:00.000000Z,691.77,691.91,691.64,691.64,190.33
2025-07-13T23:32:00.000000Z,691.65,691.65,691.3,691.34,71.09
2025-07-13T23:33:00.000000Z,691.35,691.43,691.34,691.41,28.16
2025-07-13T23:34:00.000000Z,691.42,691.5,691.25,691.25,50.98
2025-07-13T23:35:00.000000Z,691.25,691.6,691.24,691.48,37.36
2025-07-13T23:36:00.000000Z,691.48,691.75,691.48,691.62,93.54
2025-07-13T23:37:00.000000Z,691.63,691.85,691.63,691.85,19.75
2025-07-13T23:38:00.000000Z,691.85,691.99,691.85,691.93,57.35
2025-07-13T23:39:00.000000Z,691.92,691.93,691.66,691.82,75.01
2025-07-13T23:40:00.000000Z,691.84,691.96,691.74,691.95,87.96
2025-07-13T23:41:00.000000Z,691.95,691.96,691.67,691.76,50.69
2025-07-13T23:42:00.000000Z,691.75,691.76,691.36,691.36,41.96
2025-07-13T23:43:00.000000Z,691.36,691.58,691.23,691.57,45.43
2025-07-13T23:44:00.000000Z,691.58,691.66,691.48,691.63,74.06
2025-07-13T23:45:00.000000Z,691.64,691.66,691.55,691.65,95.78
2025-07-13T23:46:00.000000Z,691.66,692.02,691.65,692.02,33.75
2025-07-13T23:47:00.000000Z,692.01,692.56,691.96,692.39,778.06
2025-07-13T23:48:00.000000Z,692.39,692.4,692.08,692.08,37.52
2025-07-13T23:49:00.000000Z,692.09,692.13,691.98,692.08,56.22
2025-07-13T23:50:00.000000Z,692.04,692.3,692.04,692.29,43.54
2025-07-13T23:51:00.000000Z,692.29,692.73,692.29,692.53,219.62
2025-07-13T23:52:00.000000Z,692.54,692.72,692.53,692.63,57.98
2025-07-13T23:53:00.000000Z,692.63,692.63,692.56,692.62,47.76
2025-07-13T23:54:00.000000Z,692.62,692.63,692.4,692.4,70.7
2025-07-13T23:55:00.000000Z,692.4,692.57,692.4,692.48,102.36
2025-07-13T23:56:00.000000Z,692.48,692.49,692.37,692.4,36.3
2025-07-13T23:57:00.000000Z,692.4,692.48,692.24,692.48,93.45
2025-07-13T23:58:00.000000Z,692.48,692.48,692.36,692.36,41.36
2025-07-13T23:59:00.000000Z,692.37,692.37,692.27,692.33,104.37
2025-07-14T00:00:00.000000Z,692.33,692.56,692.33,692.56,683.67
2025-07-14T00:01:00.000000Z,692.55,692.56,691.97,691.97,276.4
2025-07-14T00:02:00.000000Z,691.97,692.21,691.96,692.21,152.42
2025-07-14T00:03:00.000000Z,692.21,692.79,692.21,692.7,307.09
2025-07-14T00:04:00.000000Z,692.71,692.71,692.62,692.68,117.63
2025-07-14T00:05:00.000000Z,692.67,692.67,692.38,692.62,168.99
2025-07-14T00:06:00.000000Z,692.62,692.8,692.61,692.74,144.1
2025-07-14T00:07:00.000000Z,692.74,692.85,692.72,692.8,97.58
2025-07-14T00:08:00.000000Z,692.81,692.81,692.26,692.38,237.82
2025-07-14T00:09:00.000000Z,692.39,692.54,692.23,692.42,173.53
2025-07-14T00:10:00.000000Z,692.42,692.53,692.31,692.53,106.98
2025-07-14T00:11:00.000000Z,692.52,692.68,692.41,692.67,57.69
2025-07-14T00:12:00.000000Z,692.68,692.8,692.54,692.8,112.74
2025-07-14T00:13:00.000000Z,692.8,692.89,692.74,692.88,158.94
2025-07-14T00:14:00.000000Z,692.88,693.16,692.87,693.15,228.33
2025-07-14T00:15:00.000000Z,693.16,693.18,693.02,693.02,197.33
2025-07-14T00:16:00.000000Z,693.03,693.1,692.88,692.95,204.33
2025-07-14T00:17:00.000000Z,692.96,693.1,692.8,693.09,165.01
2025-07-14T00:18:00.000000Z,693.1,693.55,693.1,693.21,156.08
2025-07-14T00:19:00.000000Z,693.21,693.22,692.92,692.92,192.55
2025-07-14T00:20:00.000000Z,692.92,693.19,692.74,693.18,115.61
2025-07-14T00:21:00.000000Z,693.19,693.19,692.88,693.07,80.21
2025-07-14T00:22:00.000000Z,693.08,693.35,693.07,693.23,142.44
2025-07-14T00:23:00.000000Z,693.22,693.89,693.22,693.88,201.2
2025-07-14T00:24:00.000000Z,693.88,694.3,693.88,694.07,541.93
2025-07-14T00:25:00.000000Z,694.07,694.5,694.06,694.24,262.95
2025-07-14T00:26:00.000000Z,694.25,694.25,693.88,694.1,242.15
2025-07-14T00:27:00.000000Z,694.11,694.26,693.97,693.97,234.78
2025-07-14T00:28:00.000000Z,693.97,694.12,693.75,693.94,240.67
2025-07-14T00:29:00.000000Z,693.94,693.94,693.74,693.84,180.3
2025-07-14T00:30:00.000000Z,693.83,693.84,693.44,693.5,334.85
2025-07-14T00:31:00.000000Z,693.51,693.66,693.22,693.53,166.94
2025-07-14T00:32:00.000000Z,693.53,693.9,693.51,693.89,125.2
2025-07-14T00:33:00.000000Z,693.9,693.9,693.51,693.59,228.61
2025-07-14T00:34:00.000000Z,693.6,693.72,693.54,693.58,117.13
2025-07-14T00:35:00.000000Z,693.58,693.58,693.4,693.49,101.27
2025-07-14T00:36:00.000000Z,693.49,693.74,693.4,693.57,198.35
2025-07-14T00:37:00.000000Z,693.57,693.7,693.43,693.69,104.79
2025-07-14T00:38:00.000000Z,693.68,693.76,693.44,693.44,121.63
2025-07-14T00:39:00.000000Z,693.45,693.68,693.28,693.68,147.16
2025-07-14T00:40:00.000000Z,693.68,694.0,693.67,694.0,146.97
2025-07-14T00:41:00.000000Z,694.0,694.14,693.95,693.96,130.07
2025-07-14T00:42:00.000000Z,693.96,694.02,693.92,693.92,120.61
2025-07-14T00:43:00.000000Z,693.92,694.05,693.91,694.03,142.02
2025-07-14T00:44:00.000000Z,694.04,694.04,693.99,694.0,43.5
2025-07-14T00:45:00.000000Z,693.99,693.99,693.68,693.75,151.03
2025-07-14T00:46:00.000000Z,693.76,693.76,693.42,693.43,90.11
2025-07-14T00:47:00.000000Z,693.42,693.51,693.25,693.25,159.43
2025-07-14T00:48:00.000000Z,693.25,693.28,693.2,693.21,64.38
2025-07-14T00:49:00.000000Z,693.21,693.21,692.89,692.9,74.54
2025-07-14T00:50:00.000000Z,692.9,692.9,692.67,692.9,151.47
2025-07-14T00:51:00.000000Z,692.9,692.92,692.72,692.83,180.52
2025-07-14T00:52:00.000000Z,692.82,692.82,692.68,692.68,35.59
2025-07-14T00:53:00.000000Z,692.68,692.76,692.58,692.74,186.85
2025-07-14T00:54:00.000000Z,692.74,692.74,690.81,692.01,3184.14
2025-07-14T00:55:00.000000Z,692.02,692.02,690.58,691.15,2567.77
2025-07-14T00:56:00.000000Z,691.16,691.51,691.14,691.49,474.68
2025-07-14T00:57:00.000000Z,691.49,691.6,691.42,691.51,317.0
2025-07-14T00:58:00.000000Z,691.5,691.55,691.48,691.53,211.7
2025-07-14T00:59:00.000000Z,691.53,691.53,691.52,691.53,56.61
2025-07-14T01:00:00.000000Z,691.53,691.7,691.42,691.53,494.73
2025-07-14T01:01:00.000000Z,691.53,691.53,691.32,691.41,145.9
2025-07-14T01:02:00.000000Z,691.42,691.52,690.99,691.0,277.75
2025-07-14T01:03:00.000000Z,691.0,691.28,690.86,691.27,341.22
2025-07-14T01:04:00.000000Z,691.27,691.55,691.27,691.54,188.47
2025-07-14T01:05:00.000000Z,691.54,692.12,691.54,691.63,339.29
2025-07-14T01:06:00.000000Z,691.63,691.68,691.31,691.37,171.6
2025-07-14T01:07:00.000000Z,691.37,691.37,690.83,691.0,269.67
2025-07-14T01:08:00.000000Z,691.0,691.19,690.84,690.96,119.63
2025-07-14T01:09:00.000000Z,690.96,691.08,690.86,691.03,196.97
2025-07-14T01:10:00.000000Z,691.04,691.22,690.85,691.1,224.97
2025-07-14T01:11:00.000000Z,691.09,691.13,690.88,690.96,104.72
2025-07-14T01:12:00.000000Z,690.96,691.06,690.85,690.85,73.47
2025-07-14T01:13:00.000000Z,690.85,690.92,690.82,690.87,220.56
2025-07-14T01:14:00.000000Z,690.87,690.88,690.72,690.82,131.3
2025-07-14T01:15:00.000000Z,690.81,691.44,690.81,691.37,304.8
2025-07-14T01:16:00.000000Z,691.37,691.38,690.85,690.85,411.64
2025-07-14T01:17:00.000000Z,690.86,691.25,690.85,691.13,284.6
2025-07-14T01:18:00.000000Z,691.13,691.14,691.0,691.01,116.34
2025-07-14T01:19:00.000000Z,691.01,691.19,690.86,690.99,169.99
2025-07-14T01:20:00.000000Z,690.99,691.2,690.99,691.01,105.88
2025-07-14T01:21:00.000000Z,691.01,691.15,690.87,691.04,738.87
2025-07-14T01:22:00.000000Z,691.05,691.1,690.93,691.02,324.04
2025-07-14T01:23:00.000000Z,691.01,691.12,690.98,691.11,80.29
2025-07-14T01:24:00.000000Z,691.1,691.18,690.88,690.88,231.46
2025-07-14T01:25:00.000000Z,690.89,690.96,690.75,690.91,235.26
2025-07-14T01:26:00.000000Z,690.91,691.2,690.91,691.03,139.4
2025-07-14T01:27:00.000000Z,691.03,691.12,690.82,691.06,170.85
2025-07-14T01:28:00.000000Z,691.07,691.12,690.9,691.0,69.9
2025-07-14T01:29:00.000000Z,690.99,691.0,690.8,690.81,81.6
2025-07-14T01:30:00.000000Z,690.8,690.98,690.59,690.73,153.98
2025-07-14T01:31:00.000000Z,690.74,690.84,690.64,690.64,60.78
2025-07-14T01:32:00.000000Z,690.64,690.94,690.57,690.71,203.9
2025-07-14T01:33:00.000000Z,690.71,690.98,690.63,690.97,49.78
2025-07-14T01:34:00.000000Z,690.98,690.98,690.78,690.82,60.27
2025-07-14T01:35:00.000000Z,690.82,690.82,690.67,690.79,135.54
2025-07-14T01:36:00.000000Z,690.78,691.04,690.73,690.73,102.1
2025-07-14T01:37:00.000000Z,690.73,690.92,690.56,690.57,614.9
2025-07-14T01:38:00.000000Z,690.57,690.82,690.57,690.82,68.76
2025-07-14T01:39:00.000000Z,690.81,690.82,690.59,690.59,99.39
2025-07-14T01:40:00.000000Z,690.59,690.85,690.58,690.85,89.31
2025-07-14T01:41:00.000000Z,690.85,690.96,690.79,690.96,103.17
2025-07-14T01:42:00.000000Z,690.96,691.55,690.95,691.55,199.87
2025-07-14T01:43:00.000000Z,691.55,691.74,691.5,691.51,144.41
2025-07-14T01:44:00.000000Z,691.5,691.55,691.14,691.15,143.85
2025-07-14T01:45:00.000000Z,691.15,691.17,690.82,690.82,112.35
2025-07-14T01:46:00.000000Z,690.81,690.82,690.45,690.45,212.03
2025-07-14T01:47:00.000000Z,690.46,690.66,690.31,690.57,198.34
2025-07-14T01:48:00.000000Z,690.57,690.6,690.33,690.33,80.39
2025-07-14T01:49:00.000000Z,690.34,690.53,690.33,690.43,93.59
2025-07-14T01:50:00.000000Z,690.42,690.42,690.2,690.36,114.88
2025-07-14T01:51:00.000000Z,690.35,690.62,690.35,690.4,234.09
2025-07-14T01:52:00.000000Z,690.36,690.53,690.36,690.46,159.42
2025-07-14T01:53:00.000000Z,690.47,690.58,690.35,690.57,127.34
2025-07-14T01:54:00.000000Z,690.58,691.14,690.57,691.08,240.72
2025-07-14T01:55:00.000000Z,691.09,691.09,690.76,690.77,85.56
2025-07-14T01:56:00.000000Z,690.77,690.77,690.62,690.62,54.31
2025-07-14T01:57:00.000000Z,690.63,690.72,690.6,690.72,157.37
2025-07-14T01:58:00.000000Z,690.71,690.72,690.48,690.48,250.59
2025-07-14T01:59:00.000000Z,690.48,690.49,690.48,690.49,20.3
2025-07-14T02:00:00.000000Z,690.49,690.7,690.48,690.62,232.33
2025-07-14T02:01:00.000000Z,690.62,690.78,690.54,690.77,182.91
2025-07-14T02:02:00.000000Z,690.78,690.78,690.65,690.7,267.87
2025-07-14T02:03:00.000000Z,690.69,690.7,690.54,690.68,160.03
2025-07-14T02:04:00.000000Z,690.68,690.68,690.54,690.54,111.42
2025-07-14T02:05:00.000000Z,690.54,690.56,690.3,690.3,476.52
2025-07-14T02:06:00.000000Z,690.3,690.4,690.24,690.28,229.68
2025-07-14T02:07:00.000000Z,690.28,690.36,690.24,690.29,130.68
2025-07-14T02:08:00.000000Z,690.3,690.88,690.29,690.88,148.99
2025-07-14T02:09:00.000000Z,690.87,690.88,690.5,690.76,385.88
2025-07-14T02:10:00.000000Z,690.77,690.87,690.63,690.64,92.96
2025-07-14T02:11:00.000000Z,690.64,690.9,690.64,690.69,160.32
2025-07-14T02:12:00.000000Z,690.69,690.86,690.68,690.86,93.96
2025-07-14T02:13:00.000000Z,690.85,691.38,690.85,691.13,584.93
2025-07-14T02:14:00.000000Z,691.14,691.14,691.06,691.07,133.5
2025-07-14T02:15:00.000000Z,691.06,691.07,690.91,690.93,164.16
2025-07-14T02:16:00.000000Z,690.92,691.12,690.75,690.75,207.76
2025-07-14T02:17:00.000000Z,690.76,690.76,690.74,690.75,51.66
2025-07-14T02:18:00.000000Z,690.75,690.9,690.75,690.8,133.78
2025-07-14T02:19:00.000000Z,690.8,691.12,690.8,691.11,70.09
2025-07-14T02:20:00.000000Z,691.11,691.11,690.9,690.91,59.36
2025-07-14T02:21:00.000000Z,690.9,691.47,690.9,691.46,255.14
2025-07-14T02:22:00.000000Z,691.46,691.51,691.24,691.33,104.79
2025-07-14T02:23:00.000000Z,691.32,692.37,691.32,692.17,495.3
2025-07-14T02:24:00.000000Z,692.17,692.59,692.17,692.54,312.32
2025-07-14T02:25:00.000000Z,692.55,692.7,692.46,692.7,276.87
2025-07-14T02:26:00.000000Z,692.71,693.64,692.71,693.33,1102.35
2025-07-14T02:27:00.000000Z,693.3,693.38,693.0,693.08,466.1
2025-07-14T02:28:00.000000Z,693.08,693.18,692.64,692.65,286.06
2025-07-14T02:29:00.000000Z,692.64,692.7,692.26,692.55,601.64
2025-07-14T02:30:00.000000Z,692.54,692.88,692.38,692.38,716.24
2025-07-14T02:31:00.000000Z,692.39,692.46,692.02,692.4,403.85
2025-07-14T02:32:00.000000Z,692.4,692.54,692.26,692.31,136.06
2025-07-14T02:33:00.000000Z,692.3,692.64,692.22,692.48,158.0
2025-07-14T02:34:00.000000Z,692.49,692.49,692.38,692.43,74.43
2025-07-14T02:35:00.000000Z,692.42,692.43,692.26,692.35,141.75
2025-07-14T02:36:00.000000Z,692.35,692.7,692.23,692.49,389.74
2025-07-14T02:37:00.000000Z,692.49,692.6,692.33,692.34,130.22
2025-07-14T02:38:00.000000Z,692.34,692.78,692.33,692.78,159.68
2025-07-14T02:39:00.000000Z,692.77,693.08,692.63,692.68,186.4
2025-07-14T02:40:00.000000Z,692.68,693.0,692.6,692.97,427.65
2025-07-14T02:41:00.000000Z,692.96,693.04,692.68,692.83,174.61
2025-07-14T02:42:00.000000Z,692.83,692.93,692.8,692.8,97.65
2025-07-14T02:43:00.000000Z,692.81,692.92,692.8,692.83,39.44
2025-07-14T02:44:00.000000Z,692.84,692.84,692.64,692.84,106.87
2025-07-14T02:45:00.000000Z,692.83,693.17,692.83,693.17,152.72
2025-07-14T02:46:00.000000Z,693.17,694.71,693.17,693.75,2834.39
2025-07-14T02:47:00.000000Z,693.74,694.03,693.26,693.3,586.47
2025-07-14T02:48:00.000000Z,693.31,693.4,692.55,692.55,381.94
2025-07-14T02:49:00.000000Z,692.55,692.55,692.2,692.25,495.95
2025-07-14T02:50:00.000000Z,692.26,692.58,692.24,692.47,181.7
2025-07-14T02:51:00.000000Z,692.46,692.48,692.33,692.33,158.2
2025-07-14T02:52:00.000000Z,692.34,692.55,692.33,692.48,154.27
2025-07-14T02:53:00.000000Z,692.48,692.88,692.48,692.88,195.09
2025-07-14T02:54:00.000000Z,692.88,693.03,692.76,693.02,157.96
2025-07-14T02:55:00.000000Z,693.02,693.12,692.82,692.83,101.56
2025-07-14T02:56:00.000000Z,692.82,692.92,692.75,692.92,152.18
2025-07-14T02:57:00.000000Z,692.91,692.92,692.81,692.91,97.41
2025-07-14T02:58:00.000000Z,692.92,692.92,692.82,692.82,70.52
2025-07-14T02:59:00.000000Z,692.82,692.88,692.7,692.88,143.41
2025-07-14T03:00:00.000000Z,692.87,692.88,692.74,692.87,151.63
2025-07-14T03:01:00.000000Z,692.87,692.87,692.57,692.86,248.19
2025-07-14T03:02:00.000000Z,692.86,693.13,692.86,693.13,205.16
2025-07-14T03:03:00.000000Z,693.13,693.4,693.05,693.18,154.05
2025-07-14T03:04:00.000000Z,693.19,693.27,693.19,693.27,143.59
2025-07-14T03:05:00.000000Z,693.26,693.45,693.22,693.45,266.57
2025-07-14T03:06:00.000000Z,693.45,693.79,693.45,693.79,197.56
2025-07-14T03:07:00.000000Z,693.78,693.83,693.66,693.67,479.49
2025-07-14T03:08:00.000000Z,693.69,693.96,693.56,693.93,196.13
2025-07-14T03:09:00.000000Z,693.93,694.0,693.74,694.0,145.56
2025-07-14T03:10:00.000000Z,694.0,694.0,693.69,693.7,195.26
2025-07-14T03:11:00.000000Z,693.7,693.71,693.33,693.57,187.65
2025-07-14T03:12:00.000000Z,693.58,693.91,693.57,693.9,103.85
2025-07-14T03:13:00.000000Z,693.91,693.95,693.72,693.72,122.93
2025-07-14T03:14:00.000000Z,693.73,693.8,693.55,693.62,213.94
2025-07-14T03:15:00.000000Z,693.63,693.66,693.45,693.46,176.81
2025-07-14T03:16:00.000000Z,693.46,693.46,693.15,693.19,104.75
2025-07-14T03:17:00.000000Z,693.19,693.19,693.16,693.18,90.79
2025-07-14T03:18:00.000000Z,693.18,693.24,693.13,693.22,180.02
2025-07-14T03:19:00.000000Z,693.22,693.44,693.21,693.43,107.31
2025-07-14T03:20:00.000000Z,693.44,693.93,693.43,693.92,250.16
2025-07-14T03:21:00.000000Z,693.93,694.28,693.55,693.6,591.26
2025-07-14T03:22:00.000000Z,693.59,694.08,693.59,694.05,197.39
2025-07-14T03:23:00.000000Z,694.05,694.1,693.96,694.07,56.15
2025-07-14T03:24:00.000000Z,694.07,694.07,693.92,693.92,148.84
2025-07-14T03:25:00.000000Z,693.92,694.03,693.84,694.02,128.16
2025-07-14T03:26:00.000000Z,694.03,694.09,694.02,694.09,64.38
2025-07-14T03:27:00.000000Z,694.09,694.11,694.02,694.1,43.6
2025-07-14T03:28:00.000000Z,694.1,695.2,694.1,694.98,2449.3
2025-07-14T03:29:00.000000Z,694.97,695.01,694.7,694.71,239.57
2025-07-14T03:30:00.000000Z,694.71,694.91,694.56,694.78,571.1
2025-07-14T03:31:00.000000Z,694.79,694.9,694.77,694.86,138.49
2025-07-14T03:32:00.000000Z,694.85,694.9,694.85,694.89,116.29
2025-07-14T03:33:00.000000Z,694.9,694.9,694.66,694.67,179.49
2025-07-14T03:34:00.000000Z,694.67,694.67,694.32,694.48,275.93
2025-07-14T03:35:00.000000Z,694.49,694.84,694.48,694.57,189.76
2025-07-14T03:36:00.000000Z,694.57,694.88,694.57,694.76,259.8
2025-07-14T03:37:00.000000Z,694.77,695.01,694.76,695.0,117.51
2025-07-14T03:38:00.000000Z,695.0,695.41,694.98,695.02,1040.39
2025-07-14T03:39:00.000000Z,695.02,695.37,695.02,695.37,238.03
2025-07-14T03:40:00.000000Z,695.37,695.54,695.21,695.25,933.55
2025-07-14T03:41:00.000000Z,695.26,695.78,695.26,695.78,966.8
2025-07-14T03:42:00.000000Z,695.78,697.27,695.78,696.71,4082.33
2025-07-14T03:43:00.000000Z,696.72,700.0,696.72,697.99,10354.88
2025-07-14T03:44:00.000000Z,697.99,698.54,697.97,698.36,1160.37
2025-07-14T03:45:00.000000Z,698.37,698.48,697.0,697.34,2284.57
2025-07-14T03:46:00.000000Z,697.32,697.72,697.01,697.39,2249.51
2025-07-14T03:47:00.000000Z,697.39,698.06,697.18,697.77,952.77
2025-07-14T03:48:00.000000Z,697.77,698.34,697.53,697.6,686.4
2025-07-14T03:49:00.000000Z,697.6,697.82,697.43,697.82,2200.14
2025-07-14T03:50:00.000000Z,697.82,700.0,697.45,698.53,7470.76
2025-07-14T03:51:00.000000Z,698.54,699.18,698.31,699.18,825.52
2025-07-14T03:52:00.000000Z,699.17,699.39,698.95,699.23,1091.29
2025-07-14T03:53:00.000000Z,699.22,699.46,699.05,699.31,872.21
2025-07-14T03:54:00.000000Z,699.32,699.32,698.83,698.94,354.17
2025-07-14T03:55:00.000000Z,698.94,699.08,698.61,698.67,1790.36
2025-07-14T03:56:00.000000Z,698.66,698.76,697.86,698.37,1262.88
2025-07-14T03:57:00.000000Z,698.37,698.47,698.23,698.23,288.72
2025-07-14T03:58:00.000000Z,698.24,698.24,697.77,698.08,400.2
2025-07-14T03:59:00.000000Z,698.08,698.08,697.6,697.61,724.29
2025-07-14T04:00:00.000000Z,697.62,698.08,697.5,698.08,1424.97
2025-07-14T04:01:00.000000Z,698.08,698.08,697.43,697.46,617.29
2025-07-14T04:02:00.000000Z,697.47,697.98,697.06,697.61,534.9
2025-07-14T04:03:00.000000Z,697.62,698.04,697.62,697.74,505.73
2025-07-14T04:04:00.000000Z,697.75,697.92,697.54,697.85,720.97
2025-07-14T04:05:00.000000Z,697.85,698.24,697.68,698.19,885.53
2025-07-14T04:06:00.000000Z,698.2,698.46,698.13,698.35,1489.17
2025-07-14T04:07:00.000000Z,698.35,698.44,697.82,698.04,688.57
2025-07-14T04:08:00.000000Z,698.04,698.44,697.82,698.43,411.11
2025-07-14T04:09:00.000000Z,698.44,698.44,698.16,698.29,338.15
2025-07-14T04:10:00.000000Z,698.29,698.29,698.04,698.16,140.73
2025-07-14T04:11:00.000000Z,698.16,698.16,697.42,697.63,345.17
2025-07-14T04:12:00.000000Z,697.62,697.87,697.4,697.73,401.97
2025-07-14T04:13:00.000000Z,697.73,697.94,697.62,697.66,299.88
2025-07-14T04:14:00.000000Z,697.65,698.0,697.65,697.96,125.93
2025-07-14T04:15:00.000000Z,697.96,698.49,697.95,698.43,523.38
2025-07-14T04:16:00.000000Z,698.43,698.87,698.42,698.79,301.62
2025-07-14T04:17:00.000000Z,698.79,699.2,698.72,699.19,992.16
2025-07-14T04:18:00.000000Z,699.2,699.49,699.1,699.11,998.65
2025-07-14T04:19:00.000000Z,699.11,699.25,698.96,699.14,684.15
2025-07-14T04:20:00.000000Z,699.14,699.27,698.72,698.72,679.69
2025-07-14T04:21:00.000000Z,698.73,698.86,698.61,698.8,246.57
2025-07-14T04:22:00.000000Z,698.79,699.05,698.52,699.02,326.07
2025-07-14T04:23:00.000000Z,699.01,699.2,698.87,698.96,454.08
2025-07-14T04:24:00.000000Z,698.95,698.95,698.74,698.8,173.14
2025-07-14T04:25:00.000000Z,698.79,699.16,698.79,699.16,336.43
2025-07-14T04:26:00.000000Z,699.15,699.16,698.97,698.98,172.41
2025-07-14T04:27:00.000000Z,698.97,699.1,698.74,699.04,621.6
2025-07-14T04:28:00.000000Z,699.05,699.14,699.04,699.12,180.23
2025-07-14T04:29:00.000000Z,699.12,699.15,699.11,699.14,110.77
2025-07-14T04:30:00.000000Z,699.15,699.15,698.5,698.66,221.16
2025-07-14T04:31:00.000000Z,698.66,698.82,698.55,698.77,583.46
2025-07-14T04:32:00.000000Z,698.76,698.97,698.59,698.97,202.85
2025-07-14T04:33:00.000000Z,698.97,699.2,698.96,699.18,215.02
2025-07-14T04:34:00.000000Z,699.17,699.53,698.94,699.15,1051.99
2025-07-14T04:35:00.000000Z,699.13,699.14,698.88,698.88,145.46
2025-07-14T04:36:00.000000Z,698.88,698.98,698.7,698.83,372.54
2025-07-14T04:37:00.000000Z,698.82,698.83,698.41,698.64,293.62
2025-07-14T04:38:00.000000Z,698.64,698.72,698.41,698.55,222.21
2025-07-14T04:39:00.000000Z,698.56,698.58,698.1,698.15,251.65
2025-07-14T04:40:00.000000Z,698.15,698.4,698.08,698.08,441.51
2025-07-14T04:41:00.000000Z,698.08,698.62,698.07,698.62,508.91
2025-07-14T04:42:00.000000Z,698.62,699.23,698.61,699.23,223.98
2025-07-14T04:43:00.000000Z,699.23,699.72,699.22,699.71,1105.36
2025-07-14T04:44:00.000000Z,699.7,700.37,699.7,700.02,3366.65
2025-07-14T04:45:00.000000Z,700.01,700.02,699.72,699.72,438.97
2025-07-14T04:46:00.000000Z,699.72,699.88,699.54,699.63,406.98
2025-07-14T04:47:00.000000Z,699.63,699.98,699.62,699.94,316.23
2025-07-14T04:48:00.000000Z,699.94,699.98,699.66,699.82,606.35
2025-07-14T04:49:00.000000Z,699.82,700.02,699.72,699.91,817.74
2025-07-14T04:50:00.000000Z,699.91,700.19,699.91,699.96,871.79
2025-07-14T04:51:00.000000Z,699.96,699.96,699.61,699.82,718.85
2025-07-14T04:52:00.000000Z,699.82,699.95,699.62,699.67,306.81
2025-07-14T04:53:00.000000Z,699.66,699.8,699.66,699.75,92.71
2025-07-14T04:54:00.000000Z,699.75,699.84,699.54,699.8,444.35
2025-07-14T04:55:00.000000Z,699.8,699.8,699.42,699.54,1070.52
2025-07-14T04:56:00.000000Z,699.53,699.7,699.4,699.41,517.88
2025-07-14T04:57:00.000000Z,699.4,699.76,699.4,699.66,955.7
2025-07-14T04:58:00.000000Z,699.66,699.89,699.64,699.65,165.14
2025-07-14T04:59:00.000000Z,699.65,699.99,699.64,699.69,787.16
2025-07-14T05:00:00.000000Z,699.68,699.69,699.4,699.54,328.88
2025-07-14T05:01:00.000000Z,699.54,699.54,698.96,698.97,1539.1
2025-07-14T05:02:00.000000Z,698.96,698.97,698.67,698.67,586.42
2025-07-14T05:03:00.000000Z,698.67,698.98,698.6,698.98,539.37
2025-07-14T05:04:00.000000Z,698.97,699.48,698.97,699.28,350.65
2025-07-14T05:05:00.000000Z,699.28,699.4,699.12,699.39,320.28
2025-07-14T05:06:00.000000Z,699.39,699.58,699.39,699.52,167.91
2025-07-14T05:07:00.000000Z,699.52,700.15,699.51,700.09,1273.38
2025-07-14T05:08:00.000000Z,700.09,700.14,699.81,699.93,2193.02
2025-07-14T05:09:00.000000Z,699.94,700.64,699.51,700.18,2776.12
2025-07-14T05:10:00.000000Z,700.19,700.29,700.12,700.28,368.1
2025-07-14T05:11:00.000000Z,700.29,700.38,700.18,700.21,823.44
2025-07-14T05:12:00.000000Z,700.2,700.55,700.2,700.45,1248.42
2025-07-14T05:13:00.000000Z,700.45,701.19,700.44,700.56,2814.09
2025-07-14T05:14:00.000000Z,700.55,702.29,700.55,702.01,3710.09
2025-07-14T05:15:00.000000Z,702.0,702.52,701.86,702.28,2113.27
2025-07-14T05:16:00.000000Z,702.28,702.3,701.26,702.1,2455.87
2025-07-14T05:17:00.000000Z,702.1,702.1,701.78,702.09,476.16
2025-07-14T05:18:00.000000Z,702.09,702.38,701.77,701.88,890.24
2025-07-14T05:19:00.000000Z,701.88,701.89,701.16,701.47,699.36
2025-07-14T05:20:00.000000Z,701.47,702.14,701.47,702.14,644.02
2025-07-14T05:21:00.000000Z,702.14,702.34,701.45,701.92,865.6
2025-07-14T05:22:00.000000Z,701.92,702.47,701.46,701.58,2196.61
2025-07-14T05:23:00.000000Z,701.59,702.27,701.2,701.33,2161.4
2025-07-14T05:24:00.000000Z,701.34,702.26,701.2,701.68,1084.73
2025-07-14T05:25:00.000000Z,701.68,701.88,701.2,701.88,1045.5
2025-07-14T05:26:00.000000Z,701.88,702.49,701.71,702.09,1339.18
2025-07-14T05:27:00.000000Z,702.09,702.28,701.85,702.18,711.93
2025-07-14T05:28:00.000000Z,702.18,702.71,702.08,702.69,1992.74
2025-07-14T05:29:00.000000Z,702.69,703.14,702.56,703.03,2158.35
2025-07-14T05:30:00.000000Z,703.04,703.31,702.82,703.18,1148.59
2025-07-14T05:31:00.000000Z,703.17,703.75,701.85,702.79,5451.47
2025-07-14T05:32:00.000000Z,702.78,702.84,702.34,702.39,775.58
2025-07-14T05:33:00.000000Z,702.4,702.75,702.05,702.39,1296.54
2025-07-14T05:34:00.000000Z,702.39,702.55,702.15,702.19,283.8
2025-07-14T05:35:00.000000Z,702.19,702.3,702.08,702.29,440.42
2025-07-14T05:36:00.000000Z,702.29,702.29,701.85,702.25,610.34
2025-07-14T05:37:00.000000Z,702.25,702.34,702.04,702.08,364.85
2025-07-14T05:38:00.000000Z,702.08,702.09,701.77,701.77,423.33
2025-07-14T05:39:00.000000Z,701.77,701.78,701.47,701.6,436.54
2025-07-14T05:40:00.000000Z,701.59,701.76,701.34,701.46,541.96
2025-07-14T05:41:00.000000Z,701.45,701.69,701.04,701.05,991.41
2025-07-14T05:42:00.000000Z,701.04,701.06,700.01,700.68,3059.16
2025-07-14T05:43:00.000000Z,700.67,700.68,699.92,700.26,985.28
2025-07-14T05:44:00.000000Z,700.25,700.25,699.08,699.29,1899.24
2025-07-14T05:45:00.000000Z,699.28,699.28,698.09,699.1,2916.59
2025-07-14T05:46:00.000000Z,699.11,699.17,698.73,698.92,813.21
2025-07-14T05:47:00.000000Z,698.92,699.2,698.64,698.69,501.23
2025-07-14T05:48:00.000000Z,698.68,698.73,697.98,698.73,1238.58
2025-07-14T05:49:00.000000Z,698.74,698.76,697.5,697.6,968.72
2025-07-14T05:50:00.000000Z,697.58,698.39,697.5,698.38,1224.04
2025-07-14T05:51:00.000000Z,698.39,698.73,698.09,698.19,662.01
2025-07-14T05:52:00.000000Z,698.19,698.2,695.31,696.46,4404.03
2025-07-14T05:53:00.000000Z,696.46,696.46,692.9,696.0,6811.87
2025-07-14T05:54:00.000000Z,695.98,696.74,695.83,696.63,2371.98
2025-07-14T05:55:00.000000Z,696.64,697.29,695.82,697.29,2224.25
2025-07-14T05:56:00.000000Z,697.3,697.72,696.75,697.0,1291.65
2025-07-14T05:57:00.000000Z,697.0,697.59,697.0,697.53,486.99
2025-07-14T05:58:00.000000Z,697.54,697.81,697.43,697.47,282.61
2025-07-14T05:59:00.000000Z,697.48,697.95,697.31,697.95,673.98
2025-07-14T06:00:00.000000Z,697.95,698.07,697.35,697.77,1348.23
2025-07-14T06:01:00.000000Z,697.78,698.14,697.41,697.42,742.89
2025-07-14T06:02:00.000000Z,697.41,697.61,697.3,697.5,544.98
2025-07-14T06:03:00.000000Z,697.5,697.65,697.23,697.55,697.64
2025-07-14T06:04:00.000000Z,697.55,698.7,697.04,698.65,828.47
2025-07-14T06:05:00.000000Z,698.66,699.4,698.43,699.05,631.93
2025-07-14T06:06:00.000000Z,699.06,699.34,698.88,699.03,727.31
2025-07-14T06:07:00.000000Z,699.03,699.18,698.66,698.66,388.25
2025-07-14T06:08:00.000000Z,698.67,698.78,698.34,698.34,398.67
2025-07-14T06:09:00.000000Z,698.34,698.36,697.74,697.75,314.83
2025-07-14T06:10:00.000000Z,697.75,697.8,697.03,697.04,385.24
2025-07-14T06:11:00.000000Z,697.03,697.03,696.3,696.8,1269.02
2025-07-14T06:12:00.000000Z,696.81,696.81,696.31,696.76,409.62
2025-07-14T06:13:00.000000Z,696.74,697.4,696.51,696.87,541.17
2025-07-14T06:14:00.000000Z,696.87,697.13,696.8,697.11,294.84
2025-07-14T06:15:00.000000Z,697.11,698.03,697.11,697.99,342.42
2025-07-14T06:16:00.000000Z,698.0,698.31,697.92,697.97,769.63
2025-07-14T06:17:00.000000Z,698.0,698.23,697.3,697.83,319.02
2025-07-14T06:18:00.000000Z,697.83,697.97,697.51,697.97,164.56
2025-07-14T06:19:00.000000Z,697.97,697.98,697.8,697.88,121.0
2025-07-14T06:20:00.000000Z,697.89,698.2,697.56,697.61,350.67
2025-07-14T06:21:00.000000Z,697.62,697.64,697.2,697.41,298.61
2025-07-14T06:22:00.000000Z,697.41,697.57,697.23,697.51,312.9
2025-07-14T06:23:00.000000Z,697.52,697.97,697.37,697.44,383.13
2025-07-14T06:24:00.000000Z,697.44,697.46,697.14,697.19,115.13
2025-07-14T06:25:00.000000Z,697.2,697.44,697.2,697.36,198.93
2025-07-14T06:26:00.000000Z,697.37,697.48,697.05,697.29,321.09
2025-07-14T06:27:00.000000Z,697.29,697.48,697.2,697.48,66.61
2025-07-14T06:28:00.000000Z,697.48,697.58,697.37,697.38,118.28
2025-07-14T06:29:00.000000Z,697.38,697.74,697.38,697.73,270.64
2025-07-14T06:30:00.000000Z,697.74,697.89,697.47,697.83,310.49
2025-07-14T06:31:00.000000Z,697.83,698.0,697.31,697.76,215.08
2025-07-14T06:32:00.000000Z,697.76,698.09,697.7,698.07,145.15
2025-07-14T06:33:00.000000Z,698.08,698.08,697.84,698.0,90.29
2025-07-14T06:34:00.000000Z,697.99,698.07,697.81,698.07,56.84
2025-07-14T06:35:00.000000Z,698.07,698.3,698.04,698.29,192.6
2025-07-14T06:36:00.000000Z,698.3,698.65,698.29,698.58,329.16
2025-07-14T06:37:00.000000Z,698.58,698.58,698.12,698.52,513.97
2025-07-14T06:38:00.000000Z,698.5,698.5,698.2,698.26,155.59
2025-07-14T06:39:00.000000Z,698.27,698.32,698.13,698.32,116.89
2025-07-14T06:40:00.000000Z,698.31,698.48,698.18,698.22,452.67
2025-07-14T06:41:00.000000Z,698.23,698.3,698.08,698.19,180.77
2025-07-14T06:42:00.000000Z,698.19,698.19,697.58,697.63,86.88
2025-07-14T06:43:00.000000Z,697.62,697.7,697.54,697.63,143.25
2025-07-14T06:44:00.000000Z,697.63,697.8,697.59,697.79,121.63
2025-07-14T06:45:00.000000Z,697.79,697.93,697.49,697.49,124.23
2025-07-14T06:46:00.000000Z,697.48,697.73,697.41,697.73,216.84
2025-07-14T06:47:00.000000Z,697.73,697.74,697.51,697.68,110.05
2025-07-14T06:48:00.000000Z,697.72,697.99,697.62,697.99,134.06
2025-07-14T06:49:00.000000Z,697.98,698.25,697.98,698.02,245.97
2025-07-14T06:50:00.000000Z,698.02,698.03,697.89,697.91,132.73
2025-07-14T06:51:00.000000Z,697.92,698.0,697.69,697.99,112.62
2025-07-14T06:52:00.000000Z,698.0,698.0,697.54,697.74,193.02
2025-07-14T06:53:00.000000Z,697.74,697.75,697.62,697.62,52.96
2025-07-14T06:54:00.000000Z,697.62,697.63,696.9,696.92,531.32
2025-07-14T06:55:00.000000Z,696.92,697.68,696.92,697.62,338.56
2025-07-14T06:56:00.000000Z,697.61,697.81,697.53,697.7,88.56
2025-07-14T06:57:00.000000Z,697.7,697.96,697.69,697.69,85.07
2025-07-14T06:58:00.000000Z,697.7,697.71,697.43,697.7,303.43
2025-07-14T06:59:00.000000Z,697.7,697.78,697.69,697.73,143.43
2025-07-14T07:00:00.000000Z,697.73,697.97,697.7,697.94,226.56
2025-07-14T07:01:00.000000Z,697.94,698.21,697.89,697.97,198.97
2025-07-14T07:02:00.000000Z,697.97,698.25,697.97,698.24,307.52
2025-07-14T07:03:00.000000Z,698.24,698.7,698.24,698.36,729.27
2025-07-14T07:04:00.000000Z,698.37,698.5,698.32,698.45,324.86
2025-07-14T07:05:00.000000Z,698.46,698.74,698.38,698.73,470.71
2025-07-14T07:06:00.000000Z,698.73,698.74,698.44,698.59,246.84
2025-07-14T07:07:00.000000Z,698.6,699.05,698.47,699.02,488.85
2025-07-14T07:08:00.000000Z,699.02,699.5,699.01,699.49,572.87
2025-07-14T07:09:00.000000Z,699.5,700.12,699.49,700.05,563.93
2025-07-14T07:10:00.000000Z,700.05,700.19,699.92,699.92,636.81
2025-07-14T07:11:00.000000Z,699.92,700.92,699.92,700.92,587.33
2025-07-14T07:12:00.000000Z,700.92,701.29,700.44,700.91,1266.55
2025-07-14T07:13:00.000000Z,700.92,701.16,700.48,701.15,600.23
2025-07-14T07:14:00.000000Z,701.16,702.29,701.15,702.02,3016.59
2025-07-14T07:15:00.000000Z,702.02,704.24,702.0,703.62,6756.13
2025-07-14T07:16:00.000000Z,703.62,704.89,703.57,703.86,3566.97
2025-07-14T07:17:00.000000Z,703.86,704.58,703.38,703.72,1874.88
2025-07-14T07:18:00.000000Z,703.7,704.36,703.4,704.36,911.86
2025-07-14T07:19:00.000000Z,704.35,705.6,703.93,705.34,5116.02
2025-07-14T07:20:00.000000Z,705.34,705.34,704.68,704.76,2128.5
2025-07-14T07:21:00.000000Z,704.75,704.75,704.28,704.49,927.0
2025-07-14T07:22:00.000000Z,704.49,704.49,704.2,704.33,768.35
2025-07-14T07:23:00.000000Z,704.34,704.34,703.71,704.03,1887.42
2025-07-14T07:24:00.000000Z,704.03,704.03,703.04,703.09,944.49
2025-07-14T07:25:00.000000Z,703.11,703.47,702.58,703.04,836.35
2025-07-14T07:26:00.000000Z,703.03,703.72,703.03,703.64,1017.36
2025-07-14T07:27:00.000000Z,703.65,704.33,703.54,704.33,375.66
2025-07-14T07:28:00.000000Z,704.33,704.38,704.02,704.35,737.23
2025-07-14T07:29:00.000000Z,704.36,704.85,704.35,704.64,986.08
2025-07-14T07:30:00.000000Z,704.65,704.79,704.37,704.64,831.36
2025-07-14T07:31:00.000000Z,704.64,705.32,704.48,705.29,844.43
2025-07-14T07:32:00.000000Z,705.29,705.55,705.15,705.39,616.79
2025-07-14T07:33:00.000000Z,705.4,706.63,705.22,706.6,2596.98
2025-07-14T07:34:00.000000Z,706.59,707.45,706.28,706.39,4150.18
2025-07-14T07:35:00.000000Z,706.39,707.0,705.62,706.92,1735.73
2025-07-14T07:36:00.000000Z,706.9,706.9,705.89,705.9,1595.52
2025-07-14T07:37:00.000000Z,705.91,705.98,705.41,705.55,576.73
2025-07-14T07:38:00.000000Z,705.54,706.46,705.44,705.83,1358.12
2025-07-14T07:39:00.000000Z,705.83,706.44,705.26,706.38,2012.08
2025-07-14T07:40:00.000000Z,706.38,707.53,706.38,707.34,2516.74
2025-07-14T07:41:00.000000Z,707.33,708.0,707.25,707.75,3271.58
2025-07-14T07:42:00.000000Z,707.74,707.81,707.22,707.54,1830.76
2025-07-14T07:43:00.000000Z,707.55,708.0,707.14,707.69,1426.84
2025-07-14T07:44:00.000000Z,707.68,707.8,707.28,707.58,827.64
2025-07-14T07:45:00.000000Z,707.59,707.59,706.96,707.07,587.54
2025-07-14T07:46:00.000000Z,707.06,707.34,706.67,707.17,615.36
2025-07-14T07:47:00.000000Z,707.17,707.18,706.27,706.8,1152.07
2025-07-14T07:48:00.000000Z,706.8,707.14,706.4,706.47,1001.81
2025-07-14T07:49:00.000000Z,706.47,706.74,706.33,706.34,309.29
2025-07-14T07:50:00.000000Z,706.35,706.93,706.35,706.78,407.7
2025-07-14T07:51:00.000000Z,706.79,706.79,706.64,706.65,206.82
2025-07-14T07:52:00.000000Z,706.64,706.79,706.5,706.7,473.63
2025-07-14T07:53:00.000000Z,706.69,707.15,706.59,706.83,1192.38
2025-07-14T07:54:00.000000Z,706.84,706.93,706.74,706.87,351.99
2025-07-14T07:55:00.000000Z,706.86,707.25,706.65,707.15,618.92
2025-07-14T07:56:00.000000Z,707.15,707.24,706.81,707.21,543.48
2025-07-14T07:57:00.000000Z,707.22,707.22,706.9,706.91,390.82
2025-07-14T07:58:00.000000Z,706.91,707.12,706.8,706.81,275.98
2025-07-14T07:59:00.000000Z,706.81,706.96,706.7,706.86,613.13
2025-07-14T08:00:00.000000Z,706.87,707.19,706.82,707.02,1140.23
2025-07-14T08:01:00.000000Z,707.02,707.05,706.78,707.04,359.36
2025-07-14T08:02:00.000000Z,707.04,707.06,707.0,707.05,337.3
2025-07-14T08:03:00.000000Z,707.05,707.06,706.15,706.15,942.18
2025-07-14T08:04:00.000000Z,706.16,706.16,705.64,705.94,1620.85
2025-07-14T08:05:00.000000Z,705.94,705.95,705.19,705.28,1550.94
2025-07-14T08:06:00.000000Z,705.28,705.52,705.23,705.52,690.79
2025-07-14T08:07:00.000000Z,705.51,705.6,705.45,705.54,284.61
2025-07-14T08:08:00.000000Z,705.53,705.81,705.41,705.61,585.72
2025-07-14T08:09:00.000000Z,705.6,705.88,705.5,705.88,326.15
2025-07-14T08:10:00.000000Z,705.88,706.02,705.6,705.92,845.22
2025-07-14T08:11:00.000000Z,705.93,705.93,705.19,705.68,932.2
2025-07-14T08:12:00.000000Z,705.68,706.19,705.61,706.09,870.49
2025-07-14T08:13:00.000000Z,706.09,706.19,705.62,705.84,608.58
2025-07-14T08:14:00.000000Z,705.84,706.29,705.8,706.16,307.04
2025-07-14T08:15:00.000000Z,706.15,706.42,706.12,706.14,514.84
2025-07-14T08:16:00.000000Z,706.14,706.19,705.72,705.86,809.78
2025-07-14T08:17:00.000000Z,705.86,705.92,705.61,705.79,502.59
2025-07-14T08:18:00.000000Z,705.79,705.8,705.19,705.69,364.72
2025-07-14T08:19:00.000000Z,705.67,706.26,705.63,706.13,419.69
2025-07-14T08:20:00.000000Z,706.13,706.14,705.4,705.67,542.3
2025-07-14T08:21:00.000000Z,705.67,705.7,704.43,704.43,898.72
2025-07-14T08:22:00.000000Z,704.43,704.77,703.81,704.18,3344.04
2025-07-14T08:23:00.000000Z,704.19,704.94,703.92,704.93,673.91
2025-07-14T08:24:00.000000Z,704.93,704.96,704.4,704.47,570.62
2025-07-14T08:25:00.000000Z,704.48,704.48,703.83,704.23,1059.54
2025-07-14T08:26:00.000000Z,704.24,704.43,704.1,704.1,423.14
2025-07-14T08:27:00.000000Z,704.11,704.25,703.5,703.51,996.72
2025-07-14T08:28:00.000000Z,703.5,703.97,703.33,703.97,543.64
2025-07-14T08:29:00.000000Z,703.96,704.19,703.71,703.85,434.16
2025-07-14T08:30:00.000000Z,703.85,704.12,703.63,704.12,368.0
2025-07-14T08:31:00.000000Z,704.13,704.16,703.86,704.03,613.93
2025-07-14T08:32:00.000000Z,704.03,704.19,703.98,704.19,253.48
2025-07-14T08:33:00.000000Z,704.18,704.32,704.18,704.29,409.27
2025-07-14T08:34:00.000000Z,704.3,704.32,704.04,704.04,286.78
2025-07-14T08:35:00.000000Z,704.02,704.37,704.02,704.37,235.27
2025-07-14T08:36:00.000000Z,704.36,705.36,704.15,704.3,718.32
2025-07-14T08:37:00.000000Z,704.3,705.03,704.23,704.5,1293.12
2025-07-14T08:38:00.000000Z,704.5,704.66,704.23,704.27,434.72
2025-07-14T08:39:00.000000Z,704.27,704.27,703.9,704.13,258.61
2025-07-14T08:40:00.000000Z,704.16,704.18,703.84,704.02,297.96
2025-07-14T08:41:00.000000Z,704.02,704.2,704.01,704.12,98.86
2025-07-14T08:42:00.000000Z,704.12,704.12,703.91,704.08,224.72
2025-07-14T08:43:00.000000Z,704.08,704.1,703.97,704.06,215.12
2025-07-14T08:44:00.000000Z,704.06,704.09,703.99,704.08,221.73
2025-07-14T08:45:00.000000Z,704.08,704.2,703.97,704.02,229.05
2025-07-14T08:46:00.000000Z,704.01,704.15,703.54,704.15,640.4
2025-07-14T08:47:00.000000Z,704.15,704.25,703.88,704.24,413.63
2025-07-14T08:48:00.000000Z,704.24,704.48,704.12,704.34,478.0
2025-07-14T08:49:00.000000Z,704.35,705.51,704.35,705.38,1265.08
2025-07-14T08:50:00.000000Z,705.38,705.86,705.27,705.65,674.08
2025-07-14T08:51:00.000000Z,705.64,705.89,705.59,705.88,348.52
2025-07-14T08:52:00.000000Z,705.88,706.13,705.42,706.1,745.27
2025-07-14T08:53:00.000000Z,706.11,706.44,706.06,706.06,816.86
2025-07-14T08:54:00.000000Z,706.07,706.07,705.6,705.71,238.34
2025-07-14T08:55:00.000000Z,705.72,705.72,705.19,705.2,186.73
2025-07-14T08:56:00.000000Z,705.2,705.39,704.96,705.3,352.2
2025-07-14T08:57:00.000000Z,705.3,705.3,705.1,705.2,183.92
2025-07-14T08:58:00.000000Z,705.19,705.19,704.76,705.01,480.89
2025-07-14T08:59:00.000000Z,705.01,705.07,704.89,704.89,85.17
2025-07-14T09:00:00.000000Z,704.89,705.37,704.89,705.09,333.39
2025-07-14T09:01:00.000000Z,705.09,705.21,704.46,704.57,299.51
2025-07-14T09:02:00.000000Z,704.56,704.82,704.2,704.6,427.17
2025-07-14T09:03:00.000000Z,704.6,706.07,704.6,706.0,363.49
2025-07-14T09:04:00.000000Z,705.99,706.14,705.46,705.7,737.39
2025-07-14T09:05:00.000000Z,705.71,706.08,705.7,706.03,250.3
2025-07-14T09:06:00.000000Z,706.02,706.11,705.77,705.97,357.36
2025-07-14T09:07:00.000000Z,705.98,706.1,705.95,706.09,100.31
2025-07-14T09:08:00.000000Z,706.1,706.39,706.05,706.05,249.81
2025-07-14T09:09:00.000000Z,706.05,706.1,705.63,705.64,234.55
2025-07-14T09:10:00.000000Z,705.64,705.75,705.36,705.57,315.6
2025-07-14T09:11:00.000000Z,705.56,705.57,705.38,705.38,209.69
2025-07-14T09:12:00.000000Z,705.38,705.38,704.51,704.52,291.83
2025-07-14T09:13:00.000000Z,704.51,705.34,704.37,705.33,363.17
2025-07-14T09:14:00.000000Z,705.34,705.34,704.81,705.23,376.03
2025-07-14T09:15:00.000000Z,705.23,705.7,705.23,705.5,461.2
2025-07-14T09:16:00.000000Z,705.51,705.92,705.22,705.92,534.69
2025-07-14T09:17:00.000000Z,705.92,705.92,705.49,705.6,469.67
2025-07-14T09:18:00.000000Z,705.57,705.7,705.04,705.04,799.19
2025-07-14T09:19:00.000000Z,705.05,705.3,704.79,705.3,518.19
2025-07-14T09:20:00.000000Z,705.29,705.77,705.28,705.68,516.13
2025-07-14T09:21:00.000000Z,705.69,706.0,705.68,706.0,260.83
2025-07-14T09:22:00.000000Z,706.0,706.12,705.78,705.79,306.05
2025-07-14T09:23:00.000000Z,705.79,705.87,705.64,705.68,464.69
2025-07-14T09:24:00.000000Z,705.69,706.4,705.68,706.27,919.95
2025-07-14T09:25:00.000000Z,706.28,706.56,706.28,706.34,625.05
2025-07-14T09:26:00.000000Z,706.34,706.58,706.25,706.41,1430.48
2025-07-14T09:27:00.000000Z,706.4,706.66,706.26,706.53,1130.68
2025-07-14T09:28:00.000000Z,706.53,706.56,706.08,706.08,633.78
2025-07-14T09:29:00.000000Z,706.08,706.41,706.02,706.4,368.41
2025-07-14T09:30:00.000000Z,706.4,706.4,705.77,705.85,516.17
2025-07-14T09:31:00.000000Z,705.85,706.14,705.74,706.14,430.21
2025-07-14T09:32:00.000000Z,706.14,706.62,705.97,705.97,768.94
2025-07-14T09:33:00.000000Z,705.98,706.28,705.96,706.04,312.98
2025-07-14T09:34:00.000000Z,706.03,706.28,706.0,706.0,189.95
2025-07-14T09:35:00.000000Z,706.01,706.16,705.86,705.87,201.11
2025-07-14T09:36:00.000000Z,705.86,705.87,705.73,705.73,226.38
2025-07-14T09:37:00.000000Z,705.74,705.74,705.45,705.57,246.2
2025-07-14T09:38:00.000000Z,705.57,705.75,705.21,705.56,343.5
2025-07-14T09:39:00.000000Z,705.56,705.56,705.33,705.39,235.74
2025-07-14T09:40:00.000000Z,705.38,705.43,704.76,704.81,784.35
2025-07-14T09:41:00.000000Z,704.8,704.83,704.47,704.62,321.1
2025-07-14T09:42:00.000000Z,704.61,704.9,704.61,704.74,255.65
2025-07-14T09:43:00.000000Z,704.73,705.66,704.73,705.4,2095.82
2025-07-14T09:44:00.000000Z,705.4,705.63,705.25,705.3,647.83
2025-07-14T09:45:00.000000Z,705.31,705.66,705.31,705.54,770.18
2025-07-14T09:46:00.000000Z,705.55,706.28,705.54,705.63,785.73
2025-07-14T09:47:00.000000Z,705.62,705.66,704.35,704.42,825.73
2025-07-14T09:48:00.000000Z,704.43,704.78,704.31,704.36,496.48
2025-07-14T09:49:00.000000Z,704.36,704.74,704.19,704.73,299.53
2025-07-14T09:50:00.000000Z,704.72,704.86,704.42,704.86,406.13
2025-07-14T09:51:00.000000Z,704.86,705.27,704.73,705.25,201.38
2025-07-14T09:52:00.000000Z,705.25,705.44,705.13,705.31,185.52
2025-07-14T09:53:00.000000Z,705.32,705.33,705.02,705.26,143.92
2025-07-14T09:54:00.000000Z,705.27,705.47,705.09,705.29,161.87
2025-07-14T09:55:00.000000Z,705.3,705.3,704.56,704.56,141.68
2025-07-14T09:56:00.000000Z,704.56,704.84,704.53,704.61,172.99
2025-07-14T09:57:00.000000Z,704.61,704.61,704.34,704.46,119.5
2025-07-14T09:58:00.000000Z,704.46,704.46,704.35,704.4,114.96
2025-07-14T09:59:00.000000Z,704.4,704.8,704.32,704.8,161.73
2025-07-14T10:00:00.000000Z,704.79,704.94,704.42,704.42,387.89
2025-07-14T10:01:00.000000Z,704.42,704.57,704.12,704.27,348.31
2025-07-14T10:02:00.000000Z,704.27,704.27,703.76,703.8,1420.7
2025-07-14T10:03:00.000000Z,703.79,703.79,701.0,702.37,4711.61
2025-07-14T10:04:00.000000Z,702.37,702.52,701.9,702.17,1204.72
2025-07-14T10:05:00.000000Z,702.17,702.17,701.15,701.66,1868.0
2025-07-14T10:06:00.000000Z,701.67,701.87,701.37,701.81,786.57
2025-07-14T10:07:00.000000Z,701.81,702.1,701.55,702.06,565.52
2025-07-14T10:08:00.000000Z,702.05,702.06,701.24,701.46,1034.85
2025-07-14T10:09:00.000000Z,701.45,701.84,701.2,701.42,713.73
2025-07-14T10:10:00.000000Z,701.42,702.46,701.4,702.46,514.94
2025-07-14T10:11:00.000000Z,702.45,702.74,702.36,702.57,268.55
2025-07-14T10:12:00.000000Z,702.56,702.73,702.49,702.52,169.29
2025-07-14T10:13:00.000000Z,702.52,702.6,702.48,702.55,279.24
2025-07-14T10:14:00.000000Z,702.54,702.79,702.54,702.67,252.33
2025-07-14T10:15:00.000000Z,702.67,702.67,702.53,702.56,185.45
2025-07-14T10:16:00.000000Z,702.56,702.56,702.3,702.45,289.08
2025-07-14T10:17:00.000000Z,702.45,702.59,702.0,702.45,668.65
2025-07-14T10:18:00.000000Z,702.44,702.44,702.36,702.39,127.28
2025-07-14T10:19:00.000000Z,702.39,702.54,702.35,702.35,272.11
2025-07-14T10:20:00.000000Z,702.36,702.49,702.3,702.33,283.28
2025-07-14T10:21:00.000000Z,702.33,702.52,702.32,702.51,131.28
2025-07-14T10:22:00.000000Z,702.51,702.51,702.36,702.5,125.07
2025-07-14T10:23:00.000000Z,702.49,703.36,702.49,702.82,944.11
2025-07-14T10:24:00.000000Z,702.81,703.04,702.57,702.98,375.29
2025-07-14T10:25:00.000000Z,702.97,704.25,702.97,703.62,1791.51
2025-07-14T10:26:00.000000Z,703.63,704.1,703.58,703.69,333.51
2025-07-14T10:27:00.000000Z,703.68,703.69,703.32,703.44,196.97
2025-07-14T10:28:00.000000Z,703.45,703.51,702.96,702.96,459.78
2025-07-14T10:29:00.000000Z,702.96,703.06,702.96,703.0,61.72
2025-07-14T10:30:00.000000Z,703.0,703.0,702.73,702.78,192.82
2025-07-14T10:31:00.000000Z,702.78,703.13,702.66,702.73,427.27
2025-07-14T10:32:00.000000Z,702.73,702.74,702.2,702.52,359.45
2025-07-14T10:33:00.000000Z,702.51,703.0,702.45,702.82,199.25
2025-07-14T10:34:00.000000Z,702.81,703.58,702.81,703.58,554.63
2025-07-14T10:35:00.000000Z,703.58,703.66,703.4,703.5,329.67
2025-07-14T10:36:00.000000Z,703.5,703.84,703.45,703.65,326.26
2025-07-14T10:37:00.000000Z,703.65,703.66,703.42,703.56,156.69
2025-07-14T10:38:00.000000Z,703.56,704.01,703.55,703.8,346.33
2025-07-14T10:39:00.000000Z,703.81,704.27,703.81,704.07,468.64
2025-07-14T10:40:00.000000Z,704.02,704.22,703.81,704.09,574.02
2025-07-14T10:41:00.000000Z,704.1,704.12,703.8,704.01,403.72
2025-07-14T10:42:00.000000Z,704.02,704.26,704.01,704.07,332.6
2025-07-14T10:43:00.000000Z,704.06,704.41,704.02,704.41,962.86
2025-07-14T10:44:00.000000Z,704.42,704.8,704.39,704.39,446.54
2025-07-14T10:45:00.000000Z,704.39,704.39,704.21,704.22,136.76
2025-07-14T10:46:00.000000Z,704.21,704.48,704.21,704.26,261.6
2025-07-14T10:47:00.000000Z,704.25,704.5,704.25,704.49,74.07
2025-07-14T10:48:00.000000Z,704.5,704.55,704.44,704.44,207.98
2025-07-14T10:49:00.000000Z,704.45,704.45,704.26,704.27,101.62
2025-07-14T10:50:00.000000Z,704.27,704.44,704.21,704.24,260.2
2025-07-14T10:51:00.000000Z,704.24,704.49,704.23,704.49,119.7
2025-07-14T10:52:00.000000Z,704.52,704.65,704.52,704.65,103.13
2025-07-14T10:53:00.000000Z,704.65,704.65,704.23,704.24,101.77
2025-07-14T10:54:00.000000Z,704.24,704.46,704.23,704.34,176.28
2025-07-14T10:55:00.000000Z,704.33,704.72,704.2,704.69,420.6
2025-07-14T10:56:00.000000Z,704.69,706.88,704.69,705.96,4134.22
2025-07-14T10:57:00.000000Z,705.96,706.2,705.4,705.96,4822.04
2025-07-14T10:58:00.000000Z,705.96,706.18,705.73,706.17,482.18
2025-07-14T10:59:00.000000Z,706.17,706.33,706.0,706.16,931.6
2025-07-14T11:00:00.000000Z,706.15,706.16,705.59,705.74,850.28
2025-07-14T11:01:00.000000Z,705.75,705.94,705.56,705.58,476.75
2025-07-14T11:02:00.000000Z,705.58,705.65,705.53,705.57,264.43
2025-07-14T11:03:00.000000Z,705.58,705.74,705.41,705.43,651.71
2025-07-14T11:04:00.000000Z,705.41,705.68,705.37,705.68,423.26
2025-07-14T11:05:00.000000Z,705.68,705.85,705.56,705.8,430.28
2025-07-14T11:06:00.000000Z,705.8,705.86,705.12,705.12,498.14
2025-07-14T11:07:00.000000Z,705.12,705.4,704.92,705.02,607.33
2025-07-14T11:08:00.000000Z,705.01,705.39,704.9,705.33,160.81
2025-07-14T11:09:00.000000Z,705.34,705.51,705.24,705.38,257.9
2025-07-14T11:10:00.000000Z,705.38,705.69,705.37,705.61,301.58
2025-07-14T11:11:00.000000Z,705.61,705.62,705.4,705.4,147.33
2025-07-14T11:12:00.000000Z,705.4,705.41,705.26,705.27,293.9
2025-07-14T11:13:00.000000Z,705.26,705.27,704.9,705.0,293.12
2025-07-14T11:14:00.000000Z,705.0,705.23,704.92,705.22,128.03
2025-07-14T11:15:00.000000Z,705.21,705.28,705.07,705.27,337.54
2025-07-14T11:16:00.000000Z,705.27,705.74,705.19,705.31,329.33
2025-07-14T11:17:00.000000Z,705.3,705.31,705.07,705.13,428.51
2025-07-14T11:18:00.000000Z,705.12,705.37,705.07,705.11,247.38
2025-07-14T11:19:00.000000Z,705.11,705.88,704.98,705.8,538.13
2025-07-14T11:20:00.000000Z,705.8,705.86,705.36,705.42,106.7
2025-07-14T11:21:00.000000Z,705.42,705.47,705.36,705.41,116.73
2025-07-14T11:22:00.000000Z,705.41,705.41,704.54,704.79,461.89
2025-07-14T11:23:00.000000Z,704.78,704.78,704.04,704.21,471.67
2025-07-14T11:24:00.000000Z,704.21,704.24,703.51,703.51,418.97
2025-07-14T11:25:00.000000Z,703.52,704.0,703.52,703.88,213.18
2025-07-14T11:26:00.000000Z,703.87,704.07,703.56,704.01,312.01
2025-07-14T11:27:00.000000Z,704.0,704.01,703.63,703.67,141.63
2025-07-14T11:28:00.000000Z,703.67,703.97,703.35,703.97,339.66
2025-07-14T11:29:00.000000Z,703.97,704.36,703.97,704.35,127.84
2025-07-14T11:30:00.000000Z,704.35,704.79,704.35,704.36,303.25
2025-07-14T11:31:00.000000Z,704.35,704.48,704.01,704.1,123.59
2025-07-14T11:32:00.000000Z,704.09,704.34,703.99,704.0,338.55
2025-07-14T11:33:00.000000Z,703.99,704.24,703.16,703.55,588.51
2025-07-14T11:34:00.000000Z,703.56,703.64,703.44,703.52,157.5
2025-07-14T11:35:00.000000Z,703.52,703.83,703.51,703.62,195.39
2025-07-14T11:36:00.000000Z,703.61,703.91,703.27,703.91,339.76
2025-07-14T11:37:00.000000Z,703.92,704.44,703.91,704.44,152.73
2025-07-14T11:38:00.000000Z,704.45,705.1,704.45,705.09,301.39
2025-07-14T11:39:00.000000Z,705.09,705.15,704.98,705.08,139.89
2025-07-14T11:40:00.000000Z,705.07,705.35,705.07,705.34,224.98
2025-07-14T11:41:00.000000Z,705.34,705.48,705.12,705.47,448.46
2025-07-14T11:42:00.000000Z,705.47,705.48,705.19,705.26,229.24
2025-07-14T11:43:00.000000Z,705.26,705.68,705.26,705.68,440.95
2025-07-14T11:44:00.000000Z,705.67,705.74,705.56,705.6,214.43
2025-07-14T11:45:00.000000Z,705.6,705.68,705.46,705.59,456.77
2025-07-14T11:46:00.000000Z,705.6,705.6,705.13,705.18,276.57
2025-07-14T11:47:00.000000Z,705.18,705.28,705.05,705.12,189.38
2025-07-14T11:48:00.000000Z,705.12,705.12,704.9,705.04,119.7
2025-07-14T11:49:00.000000Z,705.04,705.31,704.84,705.16,94.72
2025-07-14T11:50:00.000000Z,705.17,705.17,704.66,704.67,135.68
2025-07-14T11:51:00.000000Z,704.66,705.0,704.64,704.85,201.96
2025-07-14T11:52:00.000000Z,704.84,705.01,704.84,704.88,121.58
2025-07-14T11:53:00.000000Z,704.88,704.98,704.73,704.73,125.03
2025-07-14T11:54:00.000000Z,704.72,705.0,704.69,704.77,112.15
2025-07-14T11:55:00.000000Z,704.78,705.0,704.77,704.91,79.49
2025-07-14T11:56:00.000000Z,704.91,705.25,704.77,705.25,143.8
2025-07-14T11:57:00.000000Z,705.25,705.25,704.84,704.95,137.73
2025-07-14T11:58:00.000000Z,704.94,705.18,704.84,705.08,158.43
2025-07-14T11:59:00.000000Z,705.08,705.09,704.73,704.88,410.54
2025-07-14T12:00:00.000000Z,704.87,704.87,704.34,704.5,583.84
2025-07-14T12:01:00.000000Z,704.5,704.88,704.12,704.83,189.8
2025-07-14T12:02:00.000000Z,704.84,705.15,704.81,705.14,288.88
2025-07-14T12:03:00.000000Z,705.14,705.44,705.09,705.09,405.1
2025-07-14T12:04:00.000000Z,705.09,705.1,704.7,704.8,211.67
2025-07-14T12:05:00.000000Z,704.8,704.99,704.79,704.99,113.69
2025-07-14T12:06:00.000000Z,704.99,705.24,704.94,705.03,200.25
2025-07-14T12:07:00.000000Z,705.02,705.04,704.84,705.02,142.22
2025-07-14T12:08:00.000000Z,705.04,705.2,704.97,705.19,86.37
2025-07-14T12:09:00.000000Z,705.19,705.26,704.91,705.23,154.11
2025-07-14T12:10:00.000000Z,705.22,705.43,705.13,705.24,255.68
2025-07-14T12:11:00.000000Z,705.23,705.42,704.92,705.12,1341.68
2025-07-14T12:12:00.000000Z,705.12,705.49,705.04,705.48,272.72
2025-07-14T12:13:00.000000Z,705.47,705.67,705.47,705.56,176.62
2025-07-14T12:14:00.000000Z,705.57,705.57,705.33,705.43,271.32
2025-07-14T12:15:00.000000Z,705.43,705.44,705.31,705.32,182.86
2025-07-14T12:16:00.000000Z,705.32,705.32,705.06,705.07,288.6
2025-07-14T12:17:00.000000Z,705.07,705.24,705.0,705.06,114.65
2025-07-14T12:18:00.000000Z,705.06,705.12,704.37,704.37,212.02
2025-07-14T12:19:00.000000Z,704.38,704.6,704.27,704.38,261.43
2025-07-14T12:20:00.000000Z,704.37,704.65,704.16,704.65,249.89
2025-07-14T12:21:00.000000Z,704.65,704.65,704.46,704.5,231.47
2025-07-14T12:22:00.000000Z,704.49,704.59,704.3,704.35,158.87
2025-07-14T12:23:00.000000Z,704.36,704.46,704.21,704.27,97.2
2025-07-14T12:24:00.000000Z,704.27,704.27,703.44,704.09,681.84
2025-07-14T12:25:00.000000Z,704.1,704.1,703.72,704.06,297.41
2025-07-14T12:26:00.000000Z,704.06,704.3,703.91,704.13,171.02
2025-07-14T12:27:00.000000Z,704.13,704.16,703.74,703.91,149.64
2025-07-14T12:28:00.000000Z,703.9,703.96,703.69,703.82,103.57
2025-07-14T12:29:00.000000Z,703.81,704.34,703.81,704.34,77.22
2025-07-14T12:30:00.000000Z,704.33,704.34,703.99,703.99,109.0
2025-07-14T12:31:00.000000Z,703.99,704.0,703.44,703.44,352.79
2025-07-14T12:32:00.000000Z,703.44,704.18,703.44,704.18,147.59
2025-07-14T12:33:00.000000Z,704.17,704.9,703.92,704.88,366.51
2025-07-14T12:34:00.000000Z,704.88,704.98,704.46,704.76,314.35
2025-07-14T12:35:00.000000Z,704.77,704.77,704.13,704.41,456.49
2025-07-14T12:36:00.000000Z,704.44,704.63,704.19,704.29,420.18
2025-07-14T12:37:00.000000Z,704.29,704.48,704.26,704.47,52.31
2025-07-14T12:38:00.000000Z,704.48,705.15,704.47,705.14,215.46
2025-07-14T12:39:00.000000Z,705.15,705.15,704.6,704.61,119.77
2025-07-14T12:40:00.000000Z,704.61,704.68,704.3,704.61,211.41
2025-07-14T12:41:00.000000Z,704.61,704.63,704.32,704.52,97.53
2025-07-14T12:42:00.000000Z,704.51,704.52,704.28,704.29,102.68
2025-07-14T12:43:00.000000Z,704.29,704.68,704.26,704.68,91.64
2025-07-14T12:44:00.000000Z,704.69,704.84,704.62,704.63,84.11
2025-07-14T12:45:00.000000Z,704.63,704.83,704.54,704.82,160.36
2025-07-14T12:46:00.000000Z,704.81,704.88,704.65,704.65,127.34
2025-07-14T12:47:00.000000Z,704.66,704.66,704.42,704.53,73.97
2025-07-14T12:48:00.000000Z,704.54,704.66,704.14,704.25,347.61
2025-07-14T12:49:00.000000Z,704.26,704.56,704.26,704.44,73.73
2025-07-14T12:50:00.000000Z,704.42,704.42,704.1,704.11,262.72
2025-07-14T12:51:00.000000Z,704.1,704.49,703.96,704.4,171.91
2025-07-14T12:52:00.000000Z,704.38,704.5,704.28,704.35,124.75
2025-07-14T12:53:00.000000Z,704.35,704.44,704.28,704.3,133.15
2025-07-14T12:54:00.000000Z,704.31,704.42,704.1,704.33,428.77
2025-07-14T12:55:00.000000Z,704.31,704.48,704.2,704.48,119.41
2025-07-14T12:56:00.000000Z,704.48,704.75,704.47,704.55,167.23
2025-07-14T12:57:00.000000Z,704.55,704.55,704.04,704.11,119.21
2025-07-14T12:58:00.000000Z,704.11,704.29,704.1,704.29,126.51
2025-07-14T12:59:00.000000Z,704.29,704.5,704.29,704.43,114.84
2025-07-14T13:00:00.000000Z,704.44,704.64,704.43,704.53,543.51
2025-07-14T13:01:00.000000Z,704.53,704.62,704.44,704.47,201.6
2025-07-14T13:02:00.000000Z,704.47,704.55,704.46,704.54,35.85
2025-07-14T13:03:00.000000Z,704.55,704.78,704.55,704.67,169.53
2025-07-14T13:04:00.000000Z,704.68,704.76,704.62,704.7,211.46
2025-07-14T13:05:00.000000Z,704.7,704.74,704.46,704.73,108.94
2025-07-14T13:06:00.000000Z,704.74,704.75,704.62,704.71,188.09
2025-07-14T13:07:00.000000Z,704.72,704.88,704.7,704.71,105.83
2025-07-14T13:08:00.000000Z,704.71,704.71,704.22,704.22,86.55
2025-07-14T13:09:00.000000Z,704.23,704.23,704.0,704.0,181.26
2025-07-14T13:10:00.000000Z,704.01,704.18,703.67,704.13,346.09
2025-07-14T13:11:00.000000Z,704.09,704.09,703.52,703.52,157.67
2025-07-14T13:12:00.000000Z,703.52,703.64,703.3,703.31,345.92
2025-07-14T13:13:00.000000Z,703.31,703.51,703.3,703.46,58.16
2025-07-14T13:14:00.000000Z,703.46,703.6,703.45,703.48,101.17
2025-07-14T13:15:00.000000Z,703.49,703.74,703.42,703.61,122.74
2025-07-14T13:16:00.000000Z,703.6,703.61,702.9,702.9,316.44
2025-07-14T13:17:00.000000Z,702.9,703.11,702.83,702.84,215.46
2025-07-14T13:18:00.000000Z,702.83,702.84,702.02,702.02,658.05
2025-07-14T13:19:00.000000Z,702.02,702.16,701.86,701.87,440.85
2025-07-14T13:20:00.000000Z,701.87,702.04,701.85,702.03,173.35
2025-07-14T13:21:00.000000Z,702.03,702.14,701.6,701.85,1427.34
2025-07-14T13:22:00.000000Z,701.85,702.1,701.77,702.09,205.11
2025-07-14T13:23:00.000000Z,702.1,702.23,701.92,702.22,216.84
2025-07-14T13:24:00.000000Z,702.22,702.4,702.22,702.4,257.66
2025-07-14T13:25:00.000000Z,702.39,703.15,702.39,702.95,232.29
2025-07-14T13:26:00.000000Z,702.95,702.96,702.74,702.79,271.09
2025-07-14T13:27:00.000000Z,702.79,702.84,702.7,702.76,100.03
2025-07-14T13:28:00.000000Z,702.76,702.76,702.5,702.69,150.5
2025-07-14T13:29:00.000000Z,702.71,702.71,702.6,702.7,58.87
2025-07-14T13:30:00.000000Z,702.71,702.91,702.52,702.75,328.05
2025-07-14T13:31:00.000000Z,702.74,703.52,702.6,703.23,295.66
2025-07-14T13:32:00.000000Z,703.23,703.53,703.0,703.0,236.65
2025-07-14T13:33:00.000000Z,703.0,703.14,702.78,703.06,236.21
2025-07-14T13:34:00.000000Z,703.06,703.1,702.12,702.19,469.74
2025-07-14T13:35:00.000000Z,702.18,702.18,701.3,701.45,576.83
2025-07-14T13:36:00.000000Z,701.45,702.56,701.37,702.2,412.54
2025-07-14T13:37:00.000000Z,702.19,703.12,701.98,703.08,505.62
2025-07-14T13:38:00.000000Z,703.08,703.21,702.68,702.8,248.43
2025-07-14T13:39:00.000000Z,702.81,702.81,702.38,702.45,196.47
2025-07-14T13:40:00.000000Z,702.45,702.85,702.45,702.55,282.51
2025-07-14T13:41:00.000000Z,702.55,702.83,702.23,702.41,211.89
2025-07-14T13:42:00.000000Z,702.41,703.17,702.39,702.7,363.57
2025-07-14T13:43:00.000000Z,702.7,702.78,702.13,702.77,229.41
2025-07-14T13:44:00.000000Z,702.78,702.98,702.66,702.73,128.12
2025-07-14T13:45:00.000000Z,702.73,703.72,702.56,703.72,310.86
2025-07-14T13:46:00.000000Z,703.71,703.83,703.39,703.68,374.94
2025-07-14T13:47:00.000000Z,703.68,703.8,703.52,703.75,259.59
2025-07-14T13:48:00.000000Z,703.75,703.84,703.63,703.84,237.72
2025-07-14T13:49:00.000000Z,703.83,704.2,703.83,703.93,483.38
2025-07-14T13:50:00.000000Z,703.92,704.19,703.75,703.82,545.83
2025-07-14T13:51:00.000000Z,703.83,704.16,703.83,704.15,276.4
2025-07-14T13:52:00.000000Z,704.15,704.16,703.84,703.99,231.4
2025-07-14T13:53:00.000000Z,703.99,704.24,703.9,704.05,246.96
2025-07-14T13:54:00.000000Z,704.04,704.63,704.04,704.63,246.56
2025-07-14T13:55:00.000000Z,704.63,704.81,704.5,704.55,798.91
2025-07-14T13:56:00.000000Z,704.56,704.66,703.93,704.09,397.74
2025-07-14T13:57:00.000000Z,704.09,704.1,703.7,703.71,243.31
2025-07-14T13:58:00.000000Z,703.71,703.72,703.26,703.61,424.63
2025-07-14T13:59:00.000000Z,703.6,703.83,703.54,703.78,176.21
2025-07-14T14:00:00.000000Z,703.77,704.21,703.77,703.88,286.82
2025-07-14T14:01:00.000000Z,703.86,704.31,703.62,704.31,300.58
2025-07-14T14:02:00.000000Z,704.31,704.55,704.16,704.35,246.35
2025-07-14T14:03:00.000000Z,704.35,704.77,704.32,704.7,187.62
2025-07-14T14:04:00.000000Z,704.7,704.71,704.0,704.0,291.83
2025-07-14T14:05:00.000000Z,704.01,704.66,704.0,704.44,205.71
2025-07-14T14:06:00.000000Z,704.44,704.62,704.32,704.32,263.22
2025-07-14T14:07:00.000000Z,704.32,704.68,704.12,704.66,152.52
2025-07-14T14:08:00.000000Z,704.65,704.72,704.2,704.21,354.9
2025-07-14T14:09:00.000000Z,704.21,704.52,704.18,704.21,255.5
2025-07-14T14:10:00.000000Z,704.21,704.21,703.46,703.67,347.02
2025-07-14T14:11:00.000000Z,703.67,703.67,703.2,703.6,314.02
2025-07-14T14:12:00.000000Z,703.59,703.72,702.46,702.47,415.76
2025-07-14T14:13:00.000000Z,702.46,703.66,702.4,703.66,362.6
2025-07-14T14:14:00.000000Z,703.65,703.75,703.25,703.48,211.57
2025-07-14T14:15:00.000000Z,703.48,703.68,703.18,703.68,181.67
2025-07-14T14:16:00.000000Z,703.69,703.75,703.2,703.64,133.85
2025-07-14T14:17:00.000000Z,703.63,703.64,703.35,703.42,263.2
2025-07-14T14:18:00.000000Z,703.41,703.77,703.3,703.77,181.93
2025-07-14T14:19:00.000000Z,703.77,703.77,702.99,703.0,141.67
2025-07-14T14:20:00.000000Z,703.01,703.01,702.38,702.38,231.82
2025-07-14T14:21:00.000000Z,702.39,702.88,702.38,702.69,241.02
2025-07-14T14:22:00.000000Z,702.7,702.7,702.12,702.25,586.02
2025-07-14T14:23:00.000000Z,702.24,702.24,701.76,701.76,912.18
2025-07-14T14:24:00.000000Z,701.76,701.77,701.23,701.36,877.94
2025-07-14T14:25:00.000000Z,701.37,701.44,700.72,700.76,915.67
2025-07-14T14:26:00.000000Z,700.72,700.88,700.43,700.47,730.42
2025-07-14T14:27:00.000000Z,700.47,700.58,699.66,699.9,1663.89
2025-07-14T14:28:00.000000Z,699.92,699.92,698.0,699.88,4373.06
2025-07-14T14:29:00.000000Z,699.88,700.92,699.68,700.78,1708.16
2025-07-14T14:30:00.000000Z,700.77,700.78,699.47,699.76,2825.33
2025-07-14T14:31:00.000000Z,699.78,700.15,699.06,699.07,957.49
2025-07-14T14:32:00.000000Z,699.08,699.32,697.99,698.61,5062.19
2025-07-14T14:33:00.000000Z,698.59,698.92,696.75,697.21,8301.25
2025-07-14T14:34:00.000000Z,697.21,697.96,697.11,697.9,1505.52
2025-07-14T14:35:00.000000Z,697.91,698.72,697.83,698.16,1240.71
2025-07-14T14:36:00.000000Z,698.17,698.51,697.85,698.01,905.02
2025-07-14T14:37:00.000000Z,698.02,698.5,697.17,697.61,1102.43
2025-07-14T14:38:00.000000Z,697.61,697.93,697.08,697.35,478.54
2025-07-14T14:39:00.000000Z,697.34,697.35,696.74,696.9,1264.09
2025-07-14T14:40:00.000000Z,696.9,697.89,696.9,697.79,1476.93
2025-07-14T14:41:00.000000Z,697.8,697.81,697.47,697.52,638.93
2025-07-14T14:42:00.000000Z,697.5,697.74,697.0,697.04,1029.97
2025-07-14T14:43:00.000000Z,697.04,697.47,697.04,697.37,572.52
2025-07-14T14:44:00.000000Z,697.38,698.22,696.88,698.22,817.88
2025-07-14T14:45:00.000000Z,698.23,698.27,697.56,697.93,436.99
2025-07-14T14:46:00.000000Z,697.95,698.23,697.72,698.08,413.42
2025-07-14T14:47:00.000000Z,698.09,698.13,697.33,697.62,567.87
2025-07-14T14:48:00.000000Z,697.63,697.81,697.34,697.37,407.68
2025-07-14T14:49:00.000000Z,697.36,697.54,696.96,697.0,431.5
2025-07-14T14:50:00.000000Z,697.0,697.18,696.79,697.03,643.82
2025-07-14T14:51:00.000000Z,697.02,698.13,697.0,698.01,478.87
2025-07-14T14:52:00.000000Z,698.01,698.07,697.5,697.93,364.22
2025-07-14T14:53:00.000000Z,697.94,698.26,697.94,698.18,331.94
2025-07-14T14:54:00.000000Z,698.19,698.46,698.18,698.31,324.44
2025-07-14T14:55:00.000000Z,698.3,699.02,698.3,699.02,860.22
2025-07-14T14:56:00.000000Z,699.03,699.19,698.73,698.74,417.62
2025-07-14T14:57:00.000000Z,698.78,699.04,698.74,699.04,140.68
2025-07-14T14:58:00.000000Z,699.04,699.15,698.84,698.84,283.33
2025-07-14T14:59:00.000000Z,698.84,699.2,698.84,699.08,323.38
2025-07-14T15:00:00.000000Z,699.08,699.09,698.86,698.87,260.76
2025-07-14T15:01:00.000000Z,698.87,699.2,698.86,699.05,175.24
2025-07-14T15:02:00.000000Z,699.05,699.05,698.62,698.62,646.22
2025-07-14T15:03:00.000000Z,698.63,698.7,698.17,698.3,619.75
2025-07-14T15:04:00.000000Z,698.3,698.3,697.9,697.91,213.84
2025-07-14T15:05:00.000000Z,697.9,697.9,697.45,697.52,660.2
2025-07-14T15:06:00.000000Z,697.51,697.64,696.71,696.74,655.96
2025-07-14T15:07:00.000000Z,696.73,697.48,696.73,697.32,472.46
2025-07-14T15:08:00.000000Z,697.33,697.47,696.79,696.85,693.39
2025-07-14T15:09:00.000000Z,696.85,697.16,696.85,696.9,270.59
2025-07-14T15:10:00.000000Z,696.9,697.06,696.54,696.57,1332.16
2025-07-14T15:11:00.000000Z,696.57,697.44,696.56,697.37,471.22
2025-07-14T15:12:00.000000Z,697.38,697.68,697.15,697.58,410.56
2025-07-14T15:13:00.000000Z,697.58,697.85,697.49,697.85,244.82
2025-07-14T15:14:00.000000Z,697.86,697.96,697.7,697.81,279.24
2025-07-14T15:15:00.000000Z,697.83,697.96,696.94,697.02,372.8
2025-07-14T15:16:00.000000Z,697.02,697.58,696.88,697.45,474.44
2025-07-14T15:17:00.000000Z,697.45,697.45,696.62,696.91,963.87
2025-07-14T15:18:00.000000Z,696.9,696.95,696.33,696.7,391.84
2025-07-14T15:19:00.000000Z,696.7,697.08,696.47,696.6,259.45
2025-07-14T15:20:00.000000Z,696.59,696.62,695.99,696.28,3250.77
2025-07-14T15:21:00.000000Z,696.27,696.45,696.1,696.27,1657.2
2025-07-14T15:22:00.000000Z,696.27,696.3,695.89,696.01,792.37
2025-07-14T15:23:00.000000Z,696.02,696.21,695.8,696.1,1650.81
2025-07-14T15:24:00.000000Z,696.1,696.2,695.83,696.15,1393.45
2025-07-14T15:25:00.000000Z,696.12,696.43,695.63,695.64,2971.57
2025-07-14T15:26:00.000000Z,695.64,695.79,695.46,695.59,592.0
2025-07-14T15:27:00.000000Z,695.59,695.75,695.37,695.74,855.04
2025-07-14T15:28:00.000000Z,695.74,695.9,695.6,695.82,326.44
2025-07-14T15:29:00.000000Z,695.81,695.88,695.57,695.61,484.77
2025-07-14T15:30:00.000000Z,695.61,695.71,695.13,695.13,666.0
2025-07-14T15:31:00.000000Z,695.12,695.12,694.52,694.77,1121.37
2025-07-14T15:32:00.000000Z,694.76,695.05,694.5,695.05,959.49
2025-07-14T15:33:00.000000Z,695.06,695.12,694.54,694.71,429.77
2025-07-14T15:34:00.000000Z,694.73,694.83,694.58,694.77,179.73
2025-07-14T15:35:00.000000Z,694.78,694.91,694.44,694.63,416.06
2025-07-14T15:36:00.000000Z,694.63,695.56,694.63,695.39,494.07
2025-07-14T15:37:00.000000Z,695.38,695.43,694.8,694.96,254.68
2025-07-14T15:38:00.000000Z,694.96,695.27,694.89,695.09,150.09
2025-07-14T15:39:00.000000Z,695.1,695.15,694.76,694.85,142.3
2025-07-14T15:40:00.000000Z,694.86,695.5,694.85,695.5,110.37
2025-07-14T15:41:00.000000Z,695.49,695.49,695.04,695.18,156.55
2025-07-14T15:42:00.000000Z,695.19,695.19,694.8,694.81,106.05
2025-07-14T15:43:00.000000Z,694.8,694.97,694.54,694.96,138.27
2025-07-14T15:44:00.000000Z,694.97,694.97,694.68,694.68,137.35
2025-07-14T15:45:00.000000Z,694.69,694.69,693.68,693.91,1003.37
2025-07-14T15:46:00.000000Z,693.9,694.76,693.9,694.22,335.88
2025-07-14T15:47:00.000000Z,694.22,694.81,693.92,694.0,343.58
2025-07-14T15:48:00.000000Z,694.0,694.01,692.34,692.72,2348.17
2025-07-14T15:49:00.000000Z,692.72,692.8,692.12,692.55,1338.33
2025-07-14T15:50:00.000000Z,692.55,692.8,692.43,692.54,980.07
2025-07-14T15:51:00.000000Z,692.54,692.9,690.57,691.94,4749.9
2025-07-14T15:52:00.000000Z,691.92,691.93,690.91,691.34,2760.08
2025-07-14T15:53:00.000000Z,691.34,691.9,691.12,691.26,1908.99
2025-07-14T15:54:00.000000Z,691.26,691.4,690.43,691.13,1176.98
2025-07-14T15:55:00.000000Z,691.13,691.37,690.67,691.34,987.46
2025-07-14T15:56:00.000000Z,691.33,692.15,691.14,692.07,1159.22
2025-07-14T15:57:00.000000Z,692.08,692.78,692.08,692.74,754.64
2025-07-14T15:58:00.000000Z,692.74,692.79,692.31,692.49,493.38
2025-07-14T15:59:00.000000Z,692.45,693.09,692.27,692.9,1115.59
2025-07-14T16:00:00.000000Z,692.91,693.33,692.57,693.32,1479.31
2025-07-14T16:01:00.000000Z,693.33,693.34,692.64,693.24,573.31
2025-07-14T16:02:00.000000Z,693.24,693.25,692.31,692.62,546.93
2025-07-14T16:03:00.000000Z,692.63,692.76,692.34,692.65,518.04
2025-07-14T16:04:00.000000Z,692.65,692.65,691.81,691.86,532.44
2025-07-14T16:05:00.000000Z,691.86,692.05,691.48,691.6,396.57
2025-07-14T16:06:00.000000Z,691.6,692.28,691.6,692.02,399.98
2025-07-14T16:07:00.000000Z,692.02,692.43,691.81,691.81,430.46
2025-07-14T16:08:00.000000Z,691.82,692.16,691.3,691.39,585.26
2025-07-14T16:09:00.000000Z,691.4,692.09,691.23,691.9,413.69
2025-07-14T16:10:00.000000Z,691.9,692.09,691.35,691.41,368.03
2025-07-14T16:11:00.000000Z,691.4,691.49,691.06,691.19,875.4
2025-07-14T16:12:00.000000Z,691.19,691.19,690.71,690.89,658.85
2025-07-14T16:13:00.000000Z,690.88,691.28,690.57,690.76,952.02
2025-07-14T16:14:00.000000Z,690.76,690.76,690.15,690.51,1174.88
2025-07-14T16:15:00.000000Z,690.51,691.49,690.38,690.85,1051.89
2025-07-14T16:16:00.000000Z,690.85,691.12,690.76,690.91,456.38
2025-07-14T16:17:00.000000Z,690.9,691.6,690.84,691.59,401.4
2025-07-14T16:18:00.000000Z,691.6,692.34,691.6,692.24,447.15
2025-07-14T16:19:00.000000Z,692.25,692.66,692.24,692.35,829.6
2025-07-14T16:20:00.000000Z,692.34,692.69,691.98,692.56,618.0
2025-07-14T16:21:00.000000Z,692.56,693.08,692.54,693.04,607.15
2025-07-14T16:22:00.000000Z,693.04,693.26,692.92,693.12,808.68
2025-07-14T16:23:00.000000Z,693.11,693.82,692.97,693.72,598.22
2025-07-14T16:24:00.000000Z,693.73,694.08,693.35,693.83,1494.3
2025-07-14T16:25:00.000000Z,693.82,694.1,693.6,693.97,1310.72
2025-07-14T16:26:00.000000Z,693.97,693.98,693.28,693.61,437.18
2025-07-14T16:27:00.000000Z,693.62,693.81,693.47,693.61,671.66
2025-07-14T16:28:00.000000Z,693.61,694.01,693.48,693.76,1528.12
2025-07-14T16:29:00.000000Z,693.75,694.02,693.74,693.95,315.57
2025-07-14T16:30:00.000000Z,693.94,693.94,693.46,693.46,245.29
2025-07-14T16:31:00.000000Z,693.46,693.46,692.8,693.15,732.62
2025-07-14T16:32:00.000000Z,693.16,693.74,693.16,693.68,685.31
2025-07-14T16:33:00.000000Z,693.68,693.69,693.48,693.48,269.76
2025-07-14T16:34:00.000000Z,693.48,693.48,693.26,693.4,107.87
2025-07-14T16:35:00.000000Z,693.4,694.17,693.4,693.78,524.29
2025-07-14T16:36:00.000000Z,693.78,693.79,693.44,693.63,158.27
2025-07-14T16:37:00.000000Z,693.63,693.72,693.48,693.5,247.96
2025-07-14T16:38:00.000000Z,693.5,693.71,693.44,693.7,205.01
2025-07-14T16:39:00.000000Z,693.7,694.0,693.6,693.84,172.41
2025-07-14T16:40:00.000000Z,693.85,694.08,693.49,694.07,568.12
2025-07-14T16:41:00.000000Z,694.08,694.51,694.07,694.42,524.91
2025-07-14T16:42:00.000000Z,694.42,694.43,693.84,693.84,887.92
2025-07-14T16:43:00.000000Z,693.84,693.91,693.37,693.45,369.78
2025-07-14T16:44:00.000000Z,693.45,693.45,693.14,693.14,222.1
2025-07-14T16:45:00.000000Z,693.15,693.19,692.27,692.28,805.67
2025-07-14T16:46:00.000000Z,692.27,693.1,692.2,693.1,509.56
2025-07-14T16:47:00.000000Z,693.09,693.39,692.9,693.24,602.98
2025-07-14T16:48:00.000000Z,693.25,693.29,693.07,693.28,192.28
2025-07-14T16:49:00.000000Z,693.28,693.57,693.12,693.45,463.35
2025-07-14T16:50:00.000000Z,693.46,693.46,693.06,693.19,417.09
2025-07-14T16:51:00.000000Z,693.19,693.43,692.8,692.99,660.03
2025-07-14T16:52:00.000000Z,692.99,693.14,692.93,693.09,287.14
2025-07-14T16:53:00.000000Z,693.08,693.43,693.02,693.42,300.27
2025-07-14T16:54:00.000000Z,693.43,693.57,693.11,693.47,439.2
2025-07-14T16:55:00.000000Z,693.48,693.48,693.08,693.27,511.83
2025-07-14T16:56:00.000000Z,693.27,693.5,693.26,693.41,297.77
2025-07-14T16:57:00.000000Z,693.4,693.77,693.4,693.6,626.25
2025-07-14T16:58:00.000000Z,693.61,693.68,693.47,693.53,264.41
2025-07-14T16:59:00.000000Z,693.53,693.7,693.53,693.63,245.28
2025-07-14T17:00:00.000000Z,693.64,693.64,693.4,693.41,559.98
2025-07-14T17:01:00.000000Z,693.4,693.41,693.05,693.21,276.88
2025-07-14T17:02:00.000000Z,693.21,693.35,693.21,693.35,218.71
2025-07-14T17:03:00.000000Z,693.34,693.56,693.34,693.36,466.71
2025-07-14T17:04:00.000000Z,693.35,693.41,693.18,693.35,334.37
2025-07-14T17:05:00.000000Z,693.35,693.47,692.88,693.26,548.12
2025-07-14T17:06:00.000000Z,693.25,693.57,693.25,693.55,351.16
2025-07-14T17:07:00.000000Z,693.55,694.08,693.55,693.84,293.86
2025-07-14T17:08:00.000000Z,693.85,694.09,693.7,693.92,260.49
2025-07-14T17:09:00.000000Z,693.93,694.08,693.9,693.91,336.38
2025-07-14T17:10:00.000000Z,693.9,693.91,693.57,693.67,186.72
2025-07-14T17:11:00.000000Z,693.66,693.81,693.54,693.81,182.58
2025-07-14T17:12:00.000000Z,693.8,693.96,693.75,693.86,289.93
2025-07-14T17:13:00.000000Z,693.86,693.87,693.82,693.82,75.77
2025-07-14T17:14:00.000000Z,693.81,693.81,693.6,693.61,67.5
2025-07-14T17:15:00.000000Z,693.6,693.62,693.36,693.37,324.65
2025-07-14T17:16:00.000000Z,693.38,693.62,693.18,693.49,246.58
2025-07-14T17:17:00.000000Z,693.49,694.01,693.49,694.0,161.27
2025-07-14T17:18:00.000000Z,694.0,694.16,693.95,693.96,322.04
2025-07-14T17:19:00.000000Z,693.96,693.97,693.7,693.73,392.05
2025-07-14T17:20:00.000000Z,693.72,693.82,693.4,693.61,223.2
2025-07-14T17:21:00.000000Z,693.6,693.6,693.18,693.3,172.9
2025-07-14T17:22:00.000000Z,693.3,693.42,693.1,693.41,105.47
2025-07-14T17:23:00.000000Z,693.41,693.76,693.36,693.42,245.82
2025-07-14T17:24:00.000000Z,693.42,693.68,693.32,693.67,103.08
2025-07-14T17:25:00.000000Z,693.67,693.77,693.64,693.64,120.38
2025-07-14T17:26:00.000000Z,693.64,693.64,692.84,692.93,267.49
2025-07-14T17:27:00.000000Z,692.94,692.94,692.08,692.93,1648.59
2025-07-14T17:28:00.000000Z,692.93,692.93,692.58,692.59,257.29
2025-07-14T17:29:00.000000Z,692.58,692.98,692.58,692.91,346.66
2025-07-14T17:30:00.000000Z,692.91,692.91,692.35,692.36,255.16
2025-07-14T17:31:00.000000Z,692.35,693.01,692.35,692.99,603.12
2025-07-14T17:32:00.000000Z,692.99,693.33,692.99,693.21,156.27
2025-07-14T17:33:00.000000Z,693.22,693.46,693.09,693.45,143.14
2025-07-14T17:34:00.000000Z,693.46,693.46,692.88,692.89,112.55
2025-07-14T17:35:00.000000Z,692.89,692.99,692.62,692.69,508.04
2025-07-14T17:36:00.000000Z,692.69,692.7,692.03,692.35,301.02
2025-07-14T17:37:00.000000Z,692.35,692.42,692.13,692.27,184.22
2025-07-14T17:38:00.000000Z,692.27,692.44,692.17,692.39,135.1
2025-07-14T17:39:00.000000Z,692.39,692.4,691.21,691.47,1783.81
2025-07-14T17:40:00.000000Z,691.48,692.1,691.37,692.09,277.54
2025-07-14T17:41:00.000000Z,692.09,692.31,691.98,692.26,291.6
2025-07-14T17:42:00.000000Z,692.26,692.31,691.88,691.89,114.61
2025-07-14T17:43:00.000000Z,691.89,692.3,691.88,692.29,417.06
2025-07-14T17:44:00.000000Z,692.29,692.3,692.01,692.13,203.45
2025-07-14T17:45:00.000000Z,692.13,692.7,692.09,692.51,145.7
2025-07-14T17:46:00.000000Z,692.5,692.51,692.08,692.25,143.66
2025-07-14T17:47:00.000000Z,692.25,692.48,692.19,692.39,181.85
2025-07-14T17:48:00.000000Z,692.39,693.14,692.39,693.13,242.88
2025-07-14T17:49:00.000000Z,693.14,693.21,692.74,692.76,229.83
2025-07-14T17:50:00.000000Z,692.75,692.79,692.58,692.58,154.36
2025-07-14T17:51:00.000000Z,692.58,692.58,692.14,692.4,214.99
2025-07-14T17:52:00.000000Z,692.39,692.39,692.01,692.01,99.48
2025-07-14T17:53:00.000000Z,692.02,692.06,691.94,692.05,95.92
2025-07-14T17:54:00.000000Z,692.05,692.1,691.84,692.1,103.06
2025-07-14T17:55:00.000000Z,692.1,692.49,692.1,692.48,166.57
2025-07-14T17:56:00.000000Z,692.49,692.56,692.42,692.5,117.12
2025-07-14T17:57:00.000000Z,692.5,692.66,692.44,692.65,71.09
2025-07-14T17:58:00.000000Z,692.65,692.66,692.49,692.51,195.64
2025-07-14T17:59:00.000000Z,692.51,692.59,692.3,692.59,219.26
2025-07-14T18:00:00.000000Z,692.6,692.62,692.15,692.41,648.92
2025-07-14T18:01:00.000000Z,692.41,692.46,691.66,691.73,535.37
2025-07-14T18:02:00.000000Z,691.74,691.87,691.2,691.2,437.86
2025-07-14T18:03:00.000000Z,691.2,691.71,691.2,691.6,211.68
2025-07-14T18:04:00.000000Z,691.6,691.88,691.6,691.6,167.21
2025-07-14T18:05:00.000000Z,691.6,691.72,691.4,691.5,158.43
2025-07-14T18:06:00.000000Z,691.5,691.81,691.45,691.81,197.94
2025-07-14T18:07:00.000000Z,691.81,691.81,691.45,691.45,67.16
2025-07-14T18:08:00.000000Z,691.45,691.45,690.95,690.99,321.17
2025-07-14T18:09:00.000000Z,691.0,691.0,690.42,690.65,603.18
2025-07-14T18:10:00.000000Z,690.65,690.92,690.46,690.87,519.22
2025-07-14T18:11:00.000000Z,690.87,690.92,690.8,690.88,316.22
2025-07-14T18:12:00.000000Z,690.88,690.96,690.78,690.83,189.0
2025-07-14T18:13:00.000000Z,690.83,691.29,690.83,691.23,259.83
2025-07-14T18:14:00.000000Z,691.23,691.46,691.22,691.22,150.24
2025-07-14T18:15:00.000000Z,691.22,691.74,691.01,691.72,132.76
2025-07-14T18:16:00.000000Z,691.72,692.1,691.5,691.5,624.32
2025-07-14T18:17:00.000000Z,691.5,691.55,691.22,691.37,94.85
2025-07-14T18:18:00.000000Z,691.37,691.56,691.06,691.55,93.49
2025-07-14T18:19:00.000000Z,691.55,691.56,691.11,691.11,104.9
2025-07-14T18:20:00.000000Z,691.11,691.24,690.92,691.06,150.86
2025-07-14T18:21:00.000000Z,691.06,691.28,691.06,691.28,295.22
2025-07-14T18:22:00.000000Z,691.29,691.81,691.28,691.61,146.96
2025-07-14T18:23:00.000000Z,691.61,691.82,691.61,691.73,169.27
2025-07-14T18:24:00.000000Z,691.74,692.22,691.74,692.22,241.77
2025-07-14T18:25:00.000000Z,692.22,692.97,692.22,692.84,347.39
2025-07-14T18:26:00.000000Z,692.84,692.84,692.43,692.49,327.63
2025-07-14T18:27:00.000000Z,692.5,692.5,692.0,692.0,160.82
2025-07-14T18:28:00.000000Z,692.0,692.46,692.0,692.21,202.81
2025-07-14T18:29:00.000000Z,692.2,692.28,692.14,692.17,124.7
2025-07-14T18:30:00.000000Z,692.18,692.37,692.08,692.25,312.12
2025-07-14T18:31:00.000000Z,692.26,692.27,692.14,692.15,354.56
2025-07-14T18:32:00.000000Z,692.13,692.2,692.0,692.06,237.47
2025-07-14T18:33:00.000000Z,692.06,692.06,691.91,691.99,71.93
2025-07-14T18:34:00.000000Z,691.99,692.0,691.67,691.67,90.47
2025-07-14T18:35:00.000000Z,691.68,691.92,691.67,691.67,199.51
2025-07-14T18:36:00.000000Z,691.68,691.72,690.61,690.67,431.81
2025-07-14T18:37:00.000000Z,690.66,690.85,690.28,690.65,492.12
2025-07-14T18:38:00.000000Z,690.65,691.07,690.64,690.69,147.02
2025-07-14T18:39:00.000000Z,690.68,690.79,690.62,690.65,154.42
2025-07-14T18:40:00.000000Z,690.65,691.16,690.56,691.15,76.8
2025-07-14T18:41:00.000000Z,691.15,691.3,691.11,691.11,240.3
2025-07-14T18:42:00.000000Z,691.12,691.28,691.06,691.28,60.11
2025-07-14T18:43:00.000000Z,691.28,691.58,691.27,691.57,155.38
2025-07-14T18:44:00.000000Z,691.57,691.91,691.57,691.81,156.76
2025-07-14T18:45:00.000000Z,691.82,691.82,691.44,691.46,144.64
2025-07-14T18:46:00.000000Z,691.46,691.74,691.45,691.74,228.06
2025-07-14T18:47:00.000000Z,691.73,691.73,691.36,691.64,260.73
2025-07-14T18:48:00.000000Z,691.65,691.65,691.23,691.23,93.62
2025-07-14T18:49:00.000000Z,691.23,691.23,690.87,691.14,333.2
2025-07-14T18:50:00.000000Z,691.13,691.13,690.72,690.92,157.97
2025-07-14T18:51:00.000000Z,690.92,690.93,690.07,690.09,274.63
2025-07-14T18:52:00.000000Z,690.1,690.1,689.37,689.72,1933.85
2025-07-14T18:53:00.000000Z,689.71,689.86,689.46,689.67,374.3
2025-07-14T18:54:00.000000Z,689.67,689.88,689.67,689.88,167.86
2025-07-14T18:55:00.000000Z,689.87,689.87,689.42,689.51,478.01
2025-07-14T18:56:00.000000Z,689.5,689.61,689.46,689.46,179.1
2025-07-14T18:57:00.000000Z,689.46,689.74,689.36,689.52,212.85
2025-07-14T18:58:00.000000Z,689.52,689.58,689.28,689.28,134.01
2025-07-14T18:59:00.000000Z,689.28,689.41,689.28,689.32,220.18
2025-07-14T19:00:00.000000Z,689.33,689.42,688.74,689.42,1361.25
2025-07-14T19:01:00.000000Z,689.42,689.59,689.21,689.48,814.52
2025-07-14T19:02:00.000000Z,689.49,689.56,689.17,689.52,615.6
2025-07-14T19:03:00.000000Z,689.52,689.97,689.52,689.65,318.74
2025-07-14T19:04:00.000000Z,689.67,689.75,689.48,689.74,272.41
2025-07-14T19:05:00.000000Z,689.75,689.92,689.6,689.81,221.14
2025-07-14T19:06:00.000000Z,689.81,690.11,689.77,690.1,348.98
2025-07-14T19:07:00.000000Z,690.1,690.16,689.89,690.01,197.11
2025-07-14T19:08:00.000000Z,690.01,690.01,689.37,689.37,207.51
2025-07-14T19:09:00.000000Z,689.37,689.67,689.36,689.67,179.67
2025-07-14T19:10:00.000000Z,689.67,689.7,689.01,689.21,577.29
2025-07-14T19:11:00.000000Z,689.22,689.22,688.92,688.92,94.36
2025-07-14T19:12:00.000000Z,688.92,688.93,688.34,688.34,416.77
2025-07-14T19:13:00.000000Z,688.35,688.41,687.84,688.04,1033.34
2025-07-14T19:14:00.000000Z,688.03,688.62,688.0,688.61,311.82
2025-07-14T19:15:00.000000Z,688.62,688.62,688.06,688.2,330.41
2025-07-14T19:16:00.000000Z,688.2,688.82,687.95,688.81,447.16
2025-07-14T19:17:00.000000Z,688.82,689.14,688.7,689.13,273.44
2025-07-14T19:18:00.000000Z,689.13,689.22,689.02,689.05,132.02
2025-07-14T19:19:00.000000Z,689.05,689.28,688.75,688.8,304.57
2025-07-14T19:20:00.000000Z,688.8,689.52,688.8,689.46,190.26
2025-07-14T19:21:00.000000Z,689.46,689.57,689.18,689.55,154.64
2025-07-14T19:22:00.000000Z,689.54,689.76,689.44,689.44,275.64
2025-07-14T19:23:00.000000Z,689.45,689.54,689.27,689.34,141.27
2025-07-14T19:24:00.000000Z,689.34,689.61,689.31,689.6,208.09
2025-07-14T19:25:00.000000Z,689.6,690.16,689.54,690.15,157.85
2025-07-14T19:26:00.000000Z,690.16,690.57,690.15,690.34,176.98
2025-07-14T19:27:00.000000Z,690.34,690.57,690.34,690.49,231.18
2025-07-14T19:28:00.000000Z,690.48,690.49,690.29,690.29,95.76
2025-07-14T19:29:00.000000Z,690.29,690.38,690.25,690.31,131.13
2025-07-14T19:30:00.000000Z,690.35,690.6,690.28,690.59,157.84
2025-07-14T19:31:00.000000Z,690.59,690.74,690.39,690.72,200.46
2025-07-14T19:32:00.000000Z,690.71,690.8,690.46,690.78,216.06
2025-07-14T19:33:00.000000Z,690.78,690.89,690.63,690.83,114.47
2025-07-14T19:34:00.000000Z,690.83,691.3,690.74,691.05,163.84
2025-07-14T19:35:00.000000Z,691.06,691.33,691.05,691.32,69.19
2025-07-14T19:36:00.000000Z,691.32,691.32,690.8,690.8,173.03
2025-07-14T19:37:00.000000Z,690.79,690.79,690.24,690.24,144.63
2025-07-14T19:38:00.000000Z,690.23,690.54,690.06,690.33,188.75
2025-07-14T19:39:00.000000Z,690.34,690.4,690.0,690.26,114.31
2025-07-14T19:40:00.000000Z,690.26,690.26,690.01,690.01,102.4
2025-07-14T19:41:00.000000Z,690.01,690.16,690.0,690.07,118.43
2025-07-14T19:42:00.000000Z,690.07,690.2,689.86,690.2,53.69
2025-07-14T19:43:00.000000Z,690.19,690.25,690.04,690.24,48.18
2025-07-14T19:44:00.000000Z,690.24,690.42,690.14,690.41,59.49
2025-07-14T19:45:00.000000Z,690.41,690.42,690.07,690.07,69.56
2025-07-14T19:46:00.000000Z,690.06,690.07,689.88,689.93,82.41
2025-07-14T19:47:00.000000Z,689.93,690.07,689.93,690.06,31.62
2025-07-14T19:48:00.000000Z,690.06,690.06,689.64,689.67,106.39
2025-07-14T19:49:00.000000Z,689.67,689.72,689.42,689.46,148.62
2025-07-14T19:50:00.000000Z,689.46,689.68,689.42,689.65,116.19
2025-07-14T19:51:00.000000Z,689.65,689.65,689.37,689.49,162.34
2025-07-14T19:52:00.000000Z,689.48,690.12,689.48,690.07,190.06
2025-07-14T19:53:00.000000Z,690.07,690.17,689.9,690.16,243.36
2025-07-14T19:54:00.000000Z,690.17,690.52,690.17,690.27,227.39
2025-07-14T19:55:00.000000Z,690.27,690.34,690.1,690.17,155.51
2025-07-14T19:56:00.000000Z,690.16,690.16,689.55,689.61,113.98
2025-07-14T19:57:00.000000Z,689.62,689.62,689.24,689.24,98.02
2025-07-14T19:58:00.000000Z,689.24,689.72,689.24,689.71,96.26
2025-07-14T19:59:00.000000Z,689.71,690.12,689.71,690.11,193.39
2025-07-14T20:00:00.000000Z,690.11,690.11,689.05,689.05,466.43
2025-07-14T20:01:00.000000Z,689.05,689.16,688.64,688.85,465.64
2025-07-14T20:02:00.000000Z,688.84,688.85,688.13,688.14,205.76
2025-07-14T20:03:00.000000Z,688.14,688.5,687.9,688.26,710.89
2025-07-14T20:04:00.000000Z,688.27,688.32,688.06,688.06,321.71
2025-07-14T20:05:00.000000Z,688.07,688.25,687.77,687.79,405.61
2025-07-14T20:06:00.000000Z,687.78,687.92,687.03,687.29,1338.92
2025-07-14T20:07:00.000000Z,687.28,688.17,687.22,688.17,648.3
2025-07-14T20:08:00.000000Z,688.16,688.34,687.73,688.32,1580.64
2025-07-14T20:09:00.000000Z,688.32,688.64,688.02,688.04,267.13
2025-07-14T20:10:00.000000Z,688.05,688.4,687.84,688.12,1307.61
2025-07-14T20:11:00.000000Z,688.1,688.1,687.68,688.07,356.89
2025-07-14T20:12:00.000000Z,688.07,688.07,687.64,687.8,109.95
2025-07-14T20:13:00.000000Z,687.8,688.11,687.15,687.18,400.21
2025-07-14T20:14:00.000000Z,687.17,687.42,687.17,687.35,146.16
2025-07-14T20:15:00.000000Z,687.35,687.44,686.74,687.07,1052.03
2025-07-14T20:16:00.000000Z,687.07,687.07,686.01,686.39,1442.6
2025-07-14T20:17:00.000000Z,686.4,686.76,686.24,686.76,781.81
2025-07-14T20:18:00.000000Z,686.75,687.81,686.64,687.81,459.79
2025-07-14T20:19:00.000000Z,687.81,688.62,687.68,688.11,315.34
2025-07-14T20:20:00.000000Z,688.1,688.1,687.3,687.64,265.18
2025-07-14T20:21:00.000000Z,687.64,687.86,687.18,687.85,222.56
2025-07-14T20:22:00.000000Z,687.85,688.05,687.64,687.85,272.08
2025-07-14T20:23:00.000000Z,687.85,688.11,687.58,688.11,261.88
2025-07-14T20:24:00.000000Z,688.11,688.36,688.11,688.35,105.56
2025-07-14T20:25:00.000000Z,688.35,688.97,688.35,688.97,435.7
2025-07-14T20:26:00.000000Z,688.98,689.09,688.41,688.41,162.33
2025-07-14T20:27:00.000000Z,688.41,689.14,688.39,689.14,98.21
2025-07-14T20:28:00.000000Z,689.14,689.25,689.0,689.01,129.87
2025-07-14T20:29:00.000000Z,689.01,689.47,689.0,689.47,104.37
2025-07-14T20:30:00.000000Z,689.47,689.58,689.19,689.58,105.22
2025-07-14T20:31:00.000000Z,689.57,689.84,689.57,689.68,174.14
2025-07-14T20:32:00.000000Z,689.69,689.98,689.57,689.57,145.41
2025-07-14T20:33:00.000000Z,689.58,689.97,689.51,689.96,165.67
2025-07-14T20:34:00.000000Z,689.9,690.27,689.9,690.02,146.32
2025-07-14T20:35:00.000000Z,690.02,690.35,689.84,690.34,121.3
2025-07-14T20:36:00.000000Z,690.35,690.59,690.3,690.45,265.41
2025-07-14T20:37:00.000000Z,690.44,690.44,690.24,690.29,144.37
2025-07-14T20:38:00.000000Z,690.29,690.55,690.21,690.55,107.83
2025-07-14T20:39:00.000000Z,690.55,691.11,690.55,690.76,377.91
2025-07-14T20:40:00.000000Z,690.76,690.98,690.09,690.09,730.49
2025-07-14T20:41:00.000000Z,690.09,690.99,689.97,690.98,1258.83
2025-07-14T20:42:00.000000Z,690.98,691.11,690.82,690.89,271.38
2025-07-14T20:43:00.000000Z,690.89,691.12,690.72,691.02,222.78
2025-07-14T20:44:00.000000Z,691.01,691.06,690.9,690.91,243.53
2025-07-14T20:45:00.000000Z,690.91,691.06,690.67,690.68,93.06
2025-07-14T20:46:00.000000Z,690.68,690.8,690.62,690.73,159.61
2025-07-14T20:47:00.000000Z,690.74,691.08,690.74,691.05,110.27
2025-07-14T20:48:00.000000Z,691.05,691.18,691.05,691.17,80.26
2025-07-14T20:49:00.000000Z,691.18,691.18,691.09,691.09,125.34
2025-07-14T20:50:00.000000Z,691.1,691.12,690.69,690.69,73.4
2025-07-14T20:51:00.000000Z,690.69,691.13,690.62,691.06,116.51
2025-07-14T20:52:00.000000Z,691.06,691.13,691.03,691.12,59.64
2025-07-14T20:53:00.000000Z,691.12,691.84,691.11,691.84,241.41
2025-07-14T20:54:00.000000Z,691.83,691.87,691.66,691.72,220.95
2025-07-14T20:55:00.000000Z,691.73,691.73,691.47,691.66,117.14
2025-07-14T20:56:00.000000Z,691.66,691.66,691.21,691.42,153.03
2025-07-14T20:57:00.000000Z,691.43,691.52,691.26,691.41,73.32
2025-07-14T20:58:00.000000Z,691.41,691.56,691.38,691.54,61.03
2025-07-14T20:59:00.000000Z,691.53,691.53,690.99,690.99,319.51
2025-07-14T21:00:00.000000Z,690.99,690.99,690.61,690.61,335.46
2025-07-14T21:01:00.000000Z,690.61,690.71,690.3,690.3,195.68
2025-07-14T21:02:00.000000Z,690.31,690.33,690.03,690.33,310.06
2025-07-14T21:03:00.000000Z,690.33,690.47,690.21,690.47,155.89
2025-07-14T21:04:00.000000Z,690.47,690.56,690.4,690.4,352.25
2025-07-14T21:05:00.000000Z,690.41,690.46,690.32,690.45,241.07
2025-07-14T21:06:00.000000Z,690.46,690.54,690.04,690.04,210.48
2025-07-14T21:07:00.000000Z,690.06,690.5,690.05,690.4,317.9
2025-07-14T21:08:00.000000Z,690.41,690.42,690.21,690.41,48.47
2025-07-14T21:09:00.000000Z,690.41,690.52,690.41,690.46,148.74
2025-07-14T21:10:00.000000Z,690.44,690.45,690.29,690.33,121.96
2025-07-14T21:11:00.000000Z,690.33,690.4,690.33,690.39,59.87
2025-07-14T21:12:00.000000Z,690.39,690.41,690.33,690.33,121.66
2025-07-14T21:13:00.000000Z,690.34,690.41,690.09,690.34,555.73
2025-07-14T21:14:00.000000Z,690.34,690.54,690.3,690.35,296.07
2025-07-14T21:15:00.000000Z,690.35,690.53,690.2,690.53,151.63
2025-07-14T21:16:00.000000Z,690.52,691.03,690.52,690.97,188.71
2025-07-14T21:17:00.000000Z,690.96,691.05,690.83,690.95,124.67
2025-07-14T21:18:00.000000Z,690.95,691.15,690.95,691.15,115.24
2025-07-14T21:19:00.000000Z,691.14,691.26,691.04,691.04,105.65
2025-07-14T21:20:00.000000Z,691.04,691.3,691.04,691.29,98.57
2025-07-14T21:21:00.000000Z,691.3,691.65,691.29,691.58,222.78
2025-07-14T21:22:00.000000Z,691.59,691.7,691.48,691.48,147.94
2025-07-14T21:23:00.000000Z,691.48,691.6,691.32,691.59,151.77
2025-07-14T21:24:00.000000Z,691.6,691.6,691.5,691.5,75.93
2025-07-14T21:25:00.000000Z,691.51,691.51,691.22,691.44,175.85
2025-07-14T21:26:00.000000Z,691.43,691.56,691.38,691.55,69.44
2025-07-14T21:27:00.000000Z,691.56,691.56,691.43,691.43,159.27
2025-07-14T21:28:00.000000Z,691.44,691.47,691.35,691.46,60.59
2025-07-14T21:29:00.000000Z,691.47,691.52,691.39,691.39,71.54
2025-07-14T21:30:00.000000Z,691.39,691.52,691.35,691.51,101.09
2025-07-14T21:31:00.000000Z,691.51,691.57,691.51,691.57,36.96
2025-07-14T21:32:00.000000Z,691.58,691.73,691.57,691.72,91.76
2025-07-14T21:33:00.000000Z,691.72,691.88,691.72,691.88,83.89
2025-07-14T21:34:00.000000Z,691.88,692.0,691.87,691.99,116.29
2025-07-14T21:35:00.000000Z,692.0,692.02,691.99,692.01,114.99
2025-07-14T21:36:00.000000Z,692.01,692.14,692.01,692.14,126.81
2025-07-14T21:37:00.000000Z,692.14,692.28,692.13,692.13,141.43
2025-07-14T21:38:00.000000Z,692.13,692.18,692.13,692.18,87.53
2025-07-14T21:39:00.000000Z,692.17,692.33,692.17,692.21,211.12
2025-07-14T21:40:00.000000Z,692.21,692.21,690.69,690.78,918.91
2025-07-14T21:41:00.000000Z,690.79,691.24,690.59,691.17,674.45
2025-07-14T21:42:00.000000Z,691.17,691.2,691.04,691.04,126.1
2025-07-14T21:43:00.000000Z,691.05,691.1,690.89,690.89,125.36
2025-07-14T21:44:00.000000Z,690.9,691.05,690.9,691.04,58.34
2025-07-14T21:45:00.000000Z,691.05,691.05,690.89,690.89,107.57
2025-07-14T21:46:00.000000Z,690.9,690.9,690.89,690.89,70.34
2025-07-14T21:47:00.000000Z,690.9,690.9,690.89,690.89,31.88
2025-07-14T21:48:00.000000Z,690.89,690.93,690.89,690.93,89.34
2025-07-14T21:49:00.000000Z,690.93,690.93,690.92,690.93,19.46
2025-07-14T21:50:00.000000Z,690.93,690.96,690.93,690.95,8.21
2025-07-14T21:51:00.000000Z,690.96,690.96,690.92,690.92,76.23
2025-07-14T21:52:00.000000Z,690.92,691.0,690.92,691.0,68.08
2025-07-14T21:53:00.000000Z,691.0,691.67,690.99,691.67,706.83
2025-07-14T21:54:00.000000Z,691.67,691.79,691.67,691.78,51.88
2025-07-14T21:55:00.000000Z,691.79,692.0,691.79,692.0,97.27
2025-07-14T21:56:00.000000Z,692.0,692.14,691.99,692.13,167.02
2025-07-14T21:57:00.000000Z,692.14,692.14,691.93,691.94,145.43
2025-07-14T21:58:00.000000Z,691.94,691.99,691.93,691.99,60.11
2025-07-14T21:59:00.000000Z,692.0,692.0,691.72,691.76,93.34
2025-07-14T22:00:00.000000Z,691.77,691.77,691.03,691.03,263.51
2025-07-14T22:01:00.000000Z,691.03,691.15,690.93,691.15,174.94
2025-07-14T22:02:00.000000Z,691.14,691.36,690.96,691.2,608.0
2025-07-14T22:03:00.000000Z,691.2,691.24,691.02,691.18,169.35
2025-07-14T22:04:00.000000Z,691.18,691.2,690.94,690.94,163.5
2025-07-14T22:05:00.000000Z,690.94,690.95,690.54,690.55,629.75
2025-07-14T22:06:00.000000Z,690.55,690.8,690.36,690.51,356.22
2025-07-14T22:07:00.000000Z,690.51,690.51,690.31,690.43,150.54
2025-07-14T22:08:00.000000Z,690.44,690.44,690.26,690.32,63.41
2025-07-14T22:09:00.000000Z,690.31,690.54,690.31,690.53,112.62
2025-07-14T22:10:00.000000Z,690.53,690.67,690.39,690.6,178.69
2025-07-14T22:11:00.000000Z,690.61,690.65,690.35,690.4,164.71
2025-07-14T22:12:00.000000Z,690.4,690.64,690.16,690.16,245.34
2025-07-14T22:13:00.000000Z,690.16,690.24,690.03,690.23,151.95
2025-07-14T22:14:00.000000Z,690.24,690.41,690.23,690.41,146.88
2025-07-14T22:15:00.000000Z,690.4,690.51,690.27,690.3,248.32
2025-07-14T22:16:00.000000Z,690.3,690.34,689.88,689.92,438.0
2025-07-14T22:17:00.000000Z,689.92,690.26,689.92,690.16,130.05
2025-07-14T22:18:00.000000Z,690.16,690.2,690.16,690.17,39.76
2025-07-14T22:19:00.000000Z,690.16,690.4,690.14,690.39,129.22
2025-07-14T22:20:00.000000Z,690.4,690.4,690.19,690.19,102.03
2025-07-14T22:21:00.000000Z,690.19,690.32,690.11,690.29,173.65
2025-07-14T22:22:00.000000Z,690.29,690.47,690.29,690.47,46.78
2025-07-14T22:23:00.000000Z,690.48,690.9,690.48,690.9,342.77
2025-07-14T22:24:00.000000Z,690.89,691.09,690.85,690.85,169.31
2025-07-14T22:25:00.000000Z,690.85,690.85,690.36,690.5,105.82
2025-07-14T22:26:00.000000Z,690.51,690.67,690.44,690.67,112.02
2025-07-14T22:27:00.000000Z,690.67,690.79,690.67,690.7,96.34
2025-07-14T22:28:00.000000Z,690.7,690.75,690.57,690.75,117.23
2025-07-14T22:29:00.000000Z,690.74,690.85,690.74,690.81,63.88
2025-07-14T22:30:00.000000Z,690.8,690.81,690.72,690.8,74.31
2025-07-14T22:31:00.000000Z,690.8,691.3,690.75,690.93,806.81
2025-07-14T22:32:00.000000Z,690.93,691.99,690.72,690.73,2407.72
2025-07-14T22:33:00.000000Z,690.72,690.82,690.6,690.65,177.81
2025-07-14T22:34:00.000000Z,690.64,690.99,690.6,690.98,101.08
2025-07-14T22:35:00.000000Z,690.98,691.38,690.98,691.38,133.33
2025-07-14T22:36:00.000000Z,691.37,691.39,690.98,690.99,219.24
2025-07-14T22:37:00.000000Z,690.98,691.16,690.98,691.16,113.73
2025-07-14T22:38:00.000000Z,691.15,691.16,691.0,691.01,118.87
2025-07-14T22:39:00.000000Z,691.01,691.01,690.95,691.0,72.07
2025-07-14T22:40:00.000000Z,691.01,691.01,690.78,690.78,57.15
2025-07-14T22:41:00.000000Z,690.78,690.93,690.78,690.92,123.89
2025-07-14T22:42:00.000000Z,690.92,691.04,690.92,691.04,76.62
2025-07-14T22:43:00.000000Z,691.03,691.03,690.78,690.85,174.88
2025-07-14T22:44:00.000000Z,690.85,690.9,690.85,690.89,39.77
2025-07-14T22:45:00.000000Z,690.89,691.2,690.89,691.19,171.87
2025-07-14T22:46:00.000000Z,691.19,691.32,691.19,691.32,95.27
2025-07-14T22:47:00.000000Z,691.31,691.31,691.24,691.24,27.97
2025-07-14T22:48:00.000000Z,691.25,691.34,691.24,691.3,218.02
2025-07-14T22:49:00.000000Z,691.3,691.3,691.1,691.11,131.69
2025-07-14T22:50:00.000000Z,691.1,691.1,690.8,691.09,69.23
2025-07-14T22:51:00.000000Z,691.09,691.19,691.08,691.18,69.73
2025-07-14T22:52:00.000000Z,691.18,691.19,691.0,691.01,85.52
2025-07-14T22:53:00.000000Z,691.0,691.06,690.95,691.05,54.51
2025-07-14T22:54:00.000000Z,691.06,691.06,690.99,691.0,24.82
2025-07-14T22:55:00.000000Z,691.0,691.09,690.99,691.07,49.32
2025-07-14T22:56:00.000000Z,691.07,691.07,691.01,691.01,44.98
2025-07-14T22:57:00.000000Z,691.01,691.02,690.94,690.94,153.96
2025-07-14T22:58:00.000000Z,690.94,690.95,690.82,690.94,92.56
2025-07-14T22:59:00.000000Z,690.95,690.98,690.94,690.94,27.6
2025-07-14T23:00:00.000000Z,690.95,691.09,690.91,691.09,171.96
2025-07-14T23:01:00.000000Z,691.08,691.35,691.08,691.21,132.4
2025-07-14T23:02:00.000000Z,691.2,691.34,691.01,691.34,177.09
2025-07-14T23:03:00.000000Z,691.34,691.49,691.22,691.32,177.12
2025-07-14T23:04:00.000000Z,691.32,691.32,691.06,691.06,90.92
2025-07-14T23:05:00.000000Z,691.06,691.07,690.91,690.91,99.17
2025-07-14T23:06:00.000000Z,690.91,690.91,690.61,690.61,71.5
2025-07-14T23:07:00.000000Z,690.61,691.01,690.61,691.01,248.75
2025-07-14T23:08:00.000000Z,691.0,691.01,690.77,690.77,101.05
2025-07-14T23:09:00.000000Z,690.77,690.89,690.76,690.89,56.08
2025-07-14T23:10:00.000000Z,690.89,690.9,690.81,690.81,33.01
2025-07-14T23:11:00.000000Z,690.82,690.86,690.62,690.62,142.24
2025-07-14T23:12:00.000000Z,690.63,690.7,690.52,690.7,62.05
2025-07-14T23:13:00.000000Z,690.69,690.7,690.6,690.65,160.77
2025-07-14T23:14:00.000000Z,690.66,690.82,690.62,690.71,211.51
2025-07-14T23:15:00.000000Z,690.71,690.71,690.16,690.17,130.68
2025-07-14T23:16:00.000000Z,690.16,690.29,690.07,690.07,214.38
2025-07-14T23:17:00.000000Z,690.07,690.08,689.82,689.85,177.58
2025-07-14T23:18:00.000000Z,689.84,689.9,689.8,689.81,78.96
2025-07-14T23:19:00.000000Z,689.82,690.0,689.64,690.0,214.69
2025-07-14T23:20:00.000000Z,690.0,690.0,689.95,689.99,121.86
2025-07-14T23:21:00.000000Z,690.0,690.0,689.7,689.94,156.21
2025-07-14T23:22:00.000000Z,689.95,690.01,689.86,689.86,48.02
2025-07-14T23:23:00.000000Z,689.86,689.87,689.72,689.8,37.33
2025-07-14T23:24:00.000000Z,689.79,689.79,689.66,689.66,33.3
2025-07-14T23:25:00.000000Z,689.67,689.78,689.48,689.78,352.04
2025-07-14T23:26:00.000000Z,689.78,689.88,689.76,689.77,56.92
2025-07-14T23:27:00.000000Z,689.76,689.77,689.68,689.74,53.87
2025-07-14T23:28:00.000000Z,689.74,689.74,689.69,689.69,22.34
2025-07-14T23:29:00.000000Z,689.69,689.7,689.54,689.55,35.88
2025-07-14T23:30:00.000000Z,689.54,689.87,689.54,689.77,143.37
2025-07-14T23:31:00.000000Z,689.77,689.86,689.75,689.75,71.85
2025-07-14T23:32:00.000000Z,689.75,689.97,689.66,689.96,62.73
2025-07-14T23:33:00.000000Z,689.95,690.42,689.95,690.42,50.58
2025-07-14T23:34:00.000000Z,690.41,690.41,690.32,690.33,116.18
2025-07-14T23:35:00.000000Z,690.38,690.39,690.34,690.38,111.18
2025-07-14T23:36:00.000000Z,690.38,690.39,690.19,690.36,116.47
2025-07-14T23:37:00.000000Z,690.37,690.46,690.04,690.04,63.37
2025-07-14T23:38:00.000000Z,690.05,690.08,690.0,690.01,78.51
2025-07-14T23:39:00.000000Z,690.0,690.2,690.0,690.19,100.14
2025-07-14T23:40:00.000000Z,690.19,690.19,690.09,690.09,160.71
2025-07-14T23:41:00.000000Z,690.09,690.09,689.8,689.96,150.0
2025-07-14T23:42:00.000000Z,689.96,690.05,689.91,690.01,101.63
2025-07-14T23:43:00.000000Z,690.0,690.11,690.0,690.0,73.56
2025-07-14T23:44:00.000000Z,690.0,690.15,689.96,690.15,81.94
2025-07-14T23:45:00.000000Z,690.14,690.15,690.1,690.15,41.74
2025-07-14T23:46:00.000000Z,690.15,690.46,690.14,690.43,96.84
2025-07-14T23:47:00.000000Z,690.43,690.54,690.39,690.39,77.46
2025-07-14T23:48:00.000000Z,690.4,690.5,690.39,690.39,90.9
2025-07-14T23:49:00.000000Z,690.39,690.39,690.18,690.28,261.25
2025-07-14T23:50:00.000000Z,690.28,690.28,689.38,689.45,510.8
2025-07-14T23:51:00.000000Z,689.44,689.45,689.06,689.06,579.43
2025-07-14T23:52:00.000000Z,689.07,689.12,688.86,688.87,621.39
2025-07-14T23:53:00.000000Z,688.87,689.04,688.82,689.04,623.06
2025-07-14T23:54:00.000000Z,689.04,689.16,688.88,688.88,243.57
2025-07-14T23:55:00.000000Z,688.88,688.96,688.75,688.95,380.4
2025-07-14T23:56:00.000000Z,688.96,689.15,688.95,689.15,49.51
2025-07-14T23:57:00.000000Z,689.14,689.36,689.11,689.35,150.66
2025-07-14T23:58:00.000000Z,689.35,689.4,689.27,689.39,29.23
2025-07-14T23:59:00.000000Z,689.39,689.46,689.07,689.11,215.35
2025-07-15T00:00:00.000000Z,689.1,689.11,688.77,688.77,345.08
2025-07-15T00:01:00.000000Z,688.77,688.95,688.65,688.94,416.62
2025-07-15T00:02:00.000000Z,688.95,689.03,688.74,688.77,88.05
2025-07-15T00:03:00.000000Z,688.77,688.82,688.65,688.67,371.66
2025-07-15T00:04:00.000000Z,688.67,688.68,688.35,688.43,703.55
2025-07-15T00:05:00.000000Z,688.43,688.43,688.16,688.16,261.76
2025-07-15T00:06:00.000000Z,688.16,688.55,688.16,688.47,328.24
2025-07-15T00:07:00.000000Z,688.48,688.52,688.27,688.34,204.78
2025-07-15T00:08:00.000000Z,688.35,688.49,688.31,688.44,251.55
2025-07-15T00:09:00.000000Z,688.44,688.55,687.45,688.28,2249.72
2025-07-15T00:10:00.000000Z,688.29,688.61,688.18,688.57,419.34
2025-07-15T00:11:00.000000Z,688.58,688.98,688.58,688.88,245.17
2025-07-15T00:12:00.000000Z,688.87,688.88,688.52,688.52,242.08
2025-07-15T00:13:00.000000Z,688.53,688.62,688.52,688.52,89.6
2025-07-15T00:14:00.000000Z,688.53,688.69,688.48,688.48,246.06
2025-07-15T00:15:00.000000Z,688.48,689.23,688.39,689.23,324.48
2025-07-15T00:16:00.000000Z,689.23,689.23,688.98,689.06,280.42
2025-07-15T00:17:00.000000Z,689.05,689.13,688.88,689.13,54.46
2025-07-15T00:18:00.000000Z,689.12,689.29,689.06,689.29,124.46
2025-07-15T00:19:00.000000Z,689.28,689.38,689.22,689.35,76.49
2025-07-15T00:20:00.000000Z,689.36,689.48,689.35,689.42,202.33
2025-07-15T00:21:00.000000Z,689.42,689.52,689.37,689.44,81.22
2025-07-15T00:22:00.000000Z,689.45,689.99,689.44,689.99,103.86
2025-07-15T00:23:00.000000Z,689.98,690.66,689.98,690.55,572.24
2025-07-15T00:24:00.000000Z,690.54,690.55,690.3,690.47,197.37
2025-07-15T00:25:00.000000Z,690.48,690.75,690.39,690.61,173.16
2025-07-15T00:26:00.000000Z,690.61,690.91,690.58,690.9,122.89
2025-07-15T00:27:00.000000Z,690.91,691.04,690.9,691.03,211.06
2025-07-15T00:28:00.000000Z,691.04,691.04,690.76,690.88,238.67
2025-07-15T00:29:00.000000Z,690.88,690.96,690.68,690.77,161.2
2025-07-15T00:30:00.000000Z,690.78,690.78,690.4,690.4,418.64
2025-07-15T00:31:00.000000Z,690.39,690.51,690.16,690.39,229.06
2025-07-15T00:32:00.000000Z,690.39,690.43,690.28,690.37,132.8
2025-07-15T00:33:00.000000Z,690.37,690.42,690.12,690.12,114.21
2025-07-15T00:34:00.000000Z,690.11,690.11,689.59,689.6,159.8
2025-07-15T00:35:00.000000Z,689.6,689.71,689.16,689.17,155.91
2025-07-15T00:36:00.000000Z,689.17,689.46,689.17,689.45,161.52
2025-07-15T00:37:00.000000Z,689.45,689.46,689.26,689.31,80.35
2025-07-15T00:38:00.000000Z,689.3,689.67,689.3,689.67,245.89
2025-07-15T00:39:00.000000Z,689.66,689.67,689.42,689.53,63.3
2025-07-15T00:40:00.000000Z,689.55,689.55,688.8,688.95,225.21
2025-07-15T00:41:00.000000Z,688.96,688.96,688.21,688.22,345.05
2025-07-15T00:42:00.000000Z,688.22,688.32,687.55,688.21,707.42
2025-07-15T00:43:00.000000Z,688.21,688.53,688.19,688.4,238.46
2025-07-15T00:44:00.000000Z,688.41,688.43,688.24,688.25,95.18
2025-07-15T00:45:00.000000Z,688.25,688.8,688.24,688.55,207.44
2025-07-15T00:46:00.000000Z,688.54,688.54,688.01,688.01,184.86
2025-07-15T00:47:00.000000Z,688.0,688.0,686.99,687.01,643.04
2025-07-15T00:48:00.000000Z,687.01,687.01,686.72,686.98,714.3
2025-07-15T00:49:00.000000Z,686.98,687.54,686.73,687.54,364.41
2025-07-15T00:50:00.000000Z,687.54,688.02,687.49,687.71,490.71
2025-07-15T00:51:00.000000Z,687.71,688.16,687.58,688.16,454.47
2025-07-15T00:52:00.000000Z,688.16,688.16,687.72,687.81,226.97
2025-07-15T00:53:00.000000Z,687.84,688.0,687.58,687.58,175.82
2025-07-15T00:54:00.000000Z,687.59,687.87,687.55,687.83,227.07
2025-07-15T00:55:00.000000Z,687.83,687.93,687.58,687.67,149.44
2025-07-15T00:56:00.000000Z,687.66,687.79,687.44,687.52,223.15
2025-07-15T00:57:00.000000Z,687.51,687.52,687.17,687.51,133.33
2025-07-15T00:58:00.000000Z,687.51,687.64,687.27,687.38,111.18
2025-07-15T00:59:00.000000Z,687.37,687.6,687.37,687.59,280.66
2025-07-15T01:00:00.000000Z,687.59,687.6,687.32,687.4,270.01
2025-07-15T01:01:00.000000Z,687.39,687.4,687.1,687.11,203.6
2025-07-15T01:02:00.000000Z,687.1,687.1,686.42,686.49,337.58
2025-07-15T01:03:00.000000Z,686.5,686.56,686.01,686.07,710.77
2025-07-15T01:04:00.000000Z,686.08,686.44,685.98,686.44,510.07
2025-07-15T01:05:00.000000Z,686.43,686.91,686.37,686.76,430.89
2025-07-15T01:06:00.000000Z,686.77,686.94,686.57,686.65,372.63
2025-07-15T01:07:00.000000Z,686.64,686.8,686.33,686.39,216.22
2025-07-15T01:08:00.000000Z,686.39,686.39,685.37,685.84,1617.33
2025-07-15T01:09:00.000000Z,685.83,685.83,685.29,685.45,716.3
2025-07-15T01:10:00.000000Z,685.45,685.68,685.29,685.52,313.81
2025-07-15T01:11:00.000000Z,685.51,685.53,685.03,685.19,572.95
2025-07-15T01:12:00.000000Z,685.19,685.62,685.18,685.49,1033.79
2025-07-15T01:13:00.000000Z,685.48,685.59,685.22,685.54,540.01
2025-07-15T01:14:00.000000Z,685.54,685.6,684.96,685.54,1544.76
2025-07-15T01:15:00.000000Z,685.54,687.04,685.53,686.84,673.27
2025-07-15T01:16:00.000000Z,686.85,686.91,686.42,686.52,406.23
2025-07-15T01:17:00.000000Z,686.53,686.79,686.0,686.24,344.64
2025-07-15T01:18:00.000000Z,686.24,686.44,685.53,685.78,198.37
2025-07-15T01:19:00.000000Z,685.79,686.04,685.58,685.59,132.75
2025-07-15T01:20:00.000000Z,685.6,685.82,684.82,685.7,1084.89
2025-07-15T01:21:00.000000Z,685.71,685.71,685.08,685.1,328.83
2025-07-15T01:22:00.000000Z,685.11,685.11,684.31,684.32,1110.48
2025-07-15T01:23:00.000000Z,684.31,684.8,684.22,684.55,482.83
2025-07-15T01:24:00.000000Z,684.56,684.62,683.69,683.79,1110.95
2025-07-15T01:25:00.000000Z,683.79,684.73,682.04,684.06,4945.4
2025-07-15T01:26:00.000000Z,684.09,684.68,684.05,684.62,831.93
2025-07-15T01:27:00.000000Z,684.63,685.38,684.58,685.38,606.49
2025-07-15T01:28:00.000000Z,685.37,685.67,685.1,685.55,510.95
2025-07-15T01:29:00.000000Z,685.56,685.75,685.48,685.67,148.99
2025-07-15T01:30:00.000000Z,685.67,685.74,685.3,685.53,471.1
2025-07-15T01:31:00.000000Z,685.52,685.73,685.3,685.61,324.59
2025-07-15T01:32:00.000000Z,685.63,686.31,685.63,686.13,421.06
2025-07-15T01:33:00.000000Z,686.13,686.6,686.09,686.57,343.41
2025-07-15T01:34:00.000000Z,686.57,687.17,686.56,686.97,536.49
2025-07-15T01:35:00.000000Z,686.96,687.14,686.67,686.87,355.99
2025-07-15T01:36:00.000000Z,686.87,687.05,686.71,687.05,130.65
2025-07-15T01:37:00.000000Z,687.05,687.37,687.02,687.12,187.1
2025-07-15T01:38:00.000000Z,687.17,687.51,687.17,687.49,180.13
2025-07-15T01:39:00.000000Z,687.5,687.93,687.44,687.93,153.58
2025-07-15T01:40:00.000000Z,687.93,688.17,687.63,687.63,617.6
2025-07-15T01:41:00.000000Z,687.63,688.18,687.63,688.03,281.48
2025-07-15T01:42:00.000000Z,688.03,688.22,687.93,687.93,183.42
2025-07-15T01:43:00.000000Z,687.94,688.47,687.94,688.36,788.95
2025-07-15T01:44:00.000000Z,688.36,688.47,688.02,688.08,266.42
2025-07-15T01:45:00.000000Z,688.08,688.22,688.08,688.12,128.5
2025-07-15T01:46:00.000000Z,688.12,688.55,688.11,688.32,399.6
2025-07-15T01:47:00.000000Z,688.33,688.38,688.11,688.38,100.41
2025-07-15T01:48:00.000000Z,688.37,688.38,687.87,687.87,541.68
2025-07-15T01:49:00.000000Z,687.88,687.88,687.36,687.37,174.58
2025-07-15T01:50:00.000000Z,687.36,688.07,687.33,687.96,194.25
2025-07-15T01:51:00.000000Z,687.96,688.41,687.96,688.18,312.14
2025-07-15T01:52:00.000000Z,688.19,688.82,688.18,688.82,267.63
2025-07-15T01:53:00.000000Z,688.84,688.94,688.74,688.8,173.29
2025-07-15T01:54:00.000000Z,688.81,688.81,688.04,688.13,192.72
2025-07-15T01:55:00.000000Z,688.13,688.13,687.56,687.58,246.01
2025-07-15T01:56:00.000000Z,687.57,687.59,687.12,687.55,224.9
2025-07-15T01:57:00.000000Z,687.55,687.55,687.1,687.11,144.09
2025-07-15T01:58:00.000000Z,687.1,687.1,686.22,686.23,260.75
2025-07-15T01:59:00.000000Z,686.22,686.28,685.4,685.85,470.1
2025-07-15T02:00:00.000000Z,685.85,686.26,685.19,686.26,475.16
2025-07-15T02:01:00.000000Z,686.25,686.25,685.74,685.79,409.73
2025-07-15T02:02:00.000000Z,685.8,685.97,685.16,685.93,424.68
2025-07-15T02:03:00.000000Z,685.93,686.95,685.63,686.67,524.06
2025-07-15T02:04:00.000000Z,686.63,687.12,686.6,686.75,442.82
2025-07-15T02:05:00.000000Z,686.73,686.73,685.63,686.14,376.56
2025-07-15T02:06:00.000000Z,686.14,686.59,686.1,686.59,124.81
2025-07-15T02:07:00.000000Z,686.6,686.66,686.02,686.02,652.85
2025-07-15T02:08:00.000000Z,686.02,686.45,685.84,686.05,154.15
2025-07-15T02:09:00.000000Z,686.05,686.31,685.92,685.92,236.44
2025-07-15T02:10:00.000000Z,685.93,686.67,685.9,686.47,177.6
2025-07-15T02:11:00.000000Z,686.47,686.48,685.72,685.72,169.45
2025-07-15T02:12:00.000000Z,685.71,685.75,685.23,685.29,643.39
2025-07-15T02:13:00.000000Z,685.28,685.34,684.77,684.88,389.12
2025-07-15T02:14:00.000000Z,684.88,685.03,684.48,684.67,746.8
2025-07-15T02:15:00.000000Z,684.67,684.76,684.18,684.2,371.67
2025-07-15T02:16:00.000000Z,684.2,684.21,683.74,683.81,596.74
2025-07-15T02:17:00.000000Z,683.81,683.82,682.71,682.9,1434.95
2025-07-15T02:18:00.000000Z,682.89,683.91,682.22,683.67,1312.03
2025-07-15T02:19:00.000000Z,683.66,683.91,683.03,683.5,891.88
2025-07-15T02:20:00.000000Z,683.5,683.78,683.2,683.43,688.52
2025-07-15T02:21:00.000000Z,683.4,683.55,682.87,683.21,289.39
2025-07-15T02:22:00.000000Z,683.22,683.84,682.99,683.18,378.81
2025-07-15T02:23:00.000000Z,683.19,683.36,682.52,682.76,419.28
2025-07-15T02:24:00.000000Z,682.76,683.23,682.54,683.05,252.99
2025-07-15T02:25:00.000000Z,683.06,683.06,681.8,681.86,970.01
2025-07-15T02:26:00.000000Z,681.86,682.32,681.53,682.0,1159.24
2025-07-15T02:27:00.000000Z,682.0,682.39,681.68,682.35,1032.55
2025-07-15T02:28:00.000000Z,682.36,682.44,681.82,682.0,425.98
2025-07-15T02:29:00.000000Z,681.97,681.97,681.07,681.46,1260.97
2025-07-15T02:30:00.000000Z,681.47,681.76,681.02,681.29,956.22
2025-07-15T02:31:00.000000Z,681.29,681.64,681.08,681.44,532.04
2025-07-15T02:32:00.000000Z,681.44,681.85,681.28,681.76,667.13
2025-07-15T02:33:00.000000Z,681.75,681.76,681.3,681.4,378.14
2025-07-15T02:34:00.000000Z,681.41,681.66,681.08,681.09,373.78
2025-07-15T02:35:00.000000Z,681.08,681.56,681.08,681.35,392.64
2025-07-15T02:36:00.000000Z,681.35,681.96,681.0,681.86,1044.57
2025-07-15T02:37:00.000000Z,681.87,682.13,681.52,682.07,301.08
2025-07-15T02:38:00.000000Z,682.07,682.81,682.07,682.58,319.07
2025-07-15T02:39:00.000000Z,682.58,682.83,682.03,682.28,286.19
2025-07-15T02:40:00.000000Z,682.28,682.67,682.14,682.66,688.66
2025-07-15T02:41:00.000000Z,682.66,683.27,682.51,683.01,370.05
2025-07-15T02:42:00.000000Z,683.02,683.63,682.95,683.62,229.59
2025-07-15T02:43:00.000000Z,683.63,684.07,683.45,684.05,685.09
2025-07-15T02:44:00.000000Z,684.05,684.27,684.05,684.05,371.71
2025-07-15T02:45:00.000000Z,684.05,684.29,683.93,684.14,245.8
2025-07-15T02:46:00.000000Z,684.14,684.34,683.71,683.94,374.2
2025-07-15T02:47:00.000000Z,683.93,684.54,683.71,684.35,529.48
2025-07-15T02:48:00.000000Z,684.35,684.95,684.22,684.48,567.99
2025-07-15T02:49:00.000000Z,684.48,684.56,683.94,683.96,149.42
2025-07-15T02:50:00.000000Z,683.96,684.32,683.78,684.01,238.62
2025-07-15T02:51:00.000000Z,684.01,684.4,683.65,684.2,1492.22
2025-07-15T02:52:00.000000Z,684.19,684.28,683.67,683.9,110.07
2025-07-15T02:53:00.000000Z,683.9,684.08,683.78,683.79,122.96
2025-07-15T02:54:00.000000Z,683.78,684.1,683.66,683.89,209.32
2025-07-15T02:55:00.000000Z,683.88,683.91,683.33,683.5,165.1
2025-07-15T02:56:00.000000Z,683.51,683.57,683.05,683.05,123.8
2025-07-15T02:57:00.000000Z,683.05,683.37,682.94,683.24,94.08
2025-07-15T02:58:00.000000Z,683.25,683.38,683.05,683.07,181.39
2025-07-15T02:59:00.000000Z,683.08,683.36,683.02,683.26,75.74
2025-07-15T03:00:00.000000Z,683.27,683.41,682.88,682.88,501.93
2025-07-15T03:01:00.000000Z,682.89,683.4,682.72,683.36,319.89
2025-07-15T03:02:00.000000Z,683.32,683.32,681.97,682.02,886.65
2025-07-15T03:03:00.000000Z,682.01,682.5,681.46,681.5,1734.86
2025-07-15T03:04:00.000000Z,681.48,681.61,675.0,678.79,17746.0
2025-07-15T03:05:00.000000Z,678.8,679.94,678.57,679.54,3162.8
2025-07-15T03:06:00.000000Z,679.54,679.54,678.55,678.55,1507.14
2025-07-15T03:07:00.000000Z,678.56,679.28,678.07,679.28,1855.25
2025-07-15T03:08:00.000000Z,679.28,679.62,678.94,679.62,903.86
2025-07-15T03:09:00.000000Z,679.61,679.66,677.82,678.29,1206.79
2025-07-15T03:10:00.000000Z,678.24,678.48,675.95,677.16,3469.26
2025-07-15T03:11:00.000000Z,677.17,677.78,676.49,677.24,1528.19
2025-07-15T03:12:00.000000Z,677.24,678.06,677.24,677.93,793.52
2025-07-15T03:13:00.000000Z,677.93,678.06,677.32,677.82,844.44
2025-07-15T03:14:00.000000Z,677.84,678.4,677.84,678.3,948.22
2025-07-15T03:15:00.000000Z,678.3,678.3,676.5,676.52,992.17
2025-07-15T03:16:00.000000Z,676.52,677.46,676.19,676.54,1426.36
2025-07-15T03:17:00.000000Z,676.53,676.78,675.77,676.36,1419.16
2025-07-15T03:18:00.000000Z,676.31,677.66,676.24,677.27,1404.81
2025-07-15T03:19:00.000000Z,677.27,677.92,676.39,676.41,508.19
2025-07-15T03:20:00.000000Z,676.4,676.74,675.68,676.05,933.84
2025-07-15T03:21:00.000000Z,676.06,676.72,675.84,676.33,465.28
2025-07-15T03:22:00.000000Z,676.33,677.57,676.33,677.56,420.1
2025-07-15T03:23:00.000000Z,677.55,677.84,677.41,677.74,357.57
2025-07-15T03:24:00.000000Z,677.74,677.86,677.05,677.8,955.05
2025-07-15T03:25:00.000000Z,677.81,678.22,677.81,678.09,536.32
2025-07-15T03:26:00.000000Z,678.19,678.22,677.74,677.74,499.46
2025-07-15T03:27:00.000000Z,677.74,678.02,677.73,677.87,162.43
2025-07-15T03:28:00.000000Z,677.87,678.25,677.87,678.11,877.21
2025-07-15T03:29:00.000000Z,678.1,678.12,677.93,677.93,178.93
2025-07-15T03:30:00.000000Z,677.94,677.94,676.45,676.89,859.49
2025-07-15T03:31:00.000000Z,676.89,677.01,675.95,676.31,2609.54
2025-07-15T03:32:00.000000Z,676.32,676.68,676.06,676.06,586.22
2025-07-15T03:33:00.000000Z,676.06,676.29,675.78,675.78,444.08
2025-07-15T03:34:00.000000Z,675.78,676.33,675.62,676.33,444.95
2025-07-15T03:35:00.000000Z,676.33,676.38,675.89,675.92,309.78
2025-07-15T03:36:00.000000Z,675.91,676.08,675.29,675.73,1213.55
2025-07-15T03:37:00.000000Z,675.73,676.33,675.62,676.02,926.96
2025-07-15T03:38:00.000000Z,676.02,676.8,675.42,676.8,841.39
2025-07-15T03:39:00.000000Z,676.81,677.0,676.4,676.6,463.97
2025-07-15T03:40:00.000000Z,676.59,677.16,676.36,677.16,706.53
2025-07-15T03:41:00.000000Z,677.15,677.45,676.56,676.85,433.86
2025-07-15T03:42:00.000000Z,676.86,677.97,676.8,677.76,672.38
2025-07-15T03:43:00.000000Z,677.75,678.28,677.75,677.99,462.98
2025-07-15T03:44:00.000000Z,678.0,678.74,677.07,678.32,2561.01
2025-07-15T03:45:00.000000Z,678.33,679.38,678.26,678.83,2974.12
2025-07-15T03:46:00.000000Z,678.82,679.58,678.7,678.76,1559.26
2025-07-15T03:47:00.000000Z,678.76,679.6,678.75,679.57,487.78
2025-07-15T03:48:00.000000Z,679.56,679.62,679.41,679.45,443.95
2025-07-15T03:49:00.000000Z,679.45,679.76,679.44,679.59,285.78
2025-07-15T03:50:00.000000Z,679.6,679.64,678.93,679.08,1205.21
2025-07-15T03:51:00.000000Z,679.08,679.78,679.08,679.78,282.05
2025-07-15T03:52:00.000000Z,679.78,679.82,679.3,679.3,208.0
2025-07-15T03:53:00.000000Z,679.3,679.3,678.93,678.95,215.42
2025-07-15T03:54:00.000000Z,678.93,679.12,678.66,678.66,247.41
2025-07-15T03:55:00.000000Z,678.66,679.42,678.58,679.19,299.55
2025-07-15T03:56:00.000000Z,679.18,679.6,679.01,679.38,259.89
2025-07-15T03:57:00.000000Z,679.38,679.74,679.34,679.7,299.08
2025-07-15T03:58:00.000000Z,679.69,679.9,679.62,679.89,167.83
2025-07-15T03:59:00.000000Z,679.89,679.89,679.63,679.85,148.64
2025-07-15T04:00:00.000000Z,679.85,679.85,679.21,679.38,541.17
2025-07-15T04:01:00.000000Z,679.39,679.5,679.31,679.38,129.45
2025-07-15T04:02:00.000000Z,679.39,679.82,679.39,679.39,361.64
2025-07-15T04:03:00.000000Z,679.38,679.5,678.89,679.07,346.3
2025-07-15T04:04:00.000000Z,679.07,679.18,678.48,678.48,202.95
2025-07-15T04:05:00.000000Z,678.48,678.62,678.28,678.3,376.18
2025-07-15T04:06:00.000000Z,678.3,678.42,678.01,678.02,197.96
2025-07-15T04:07:00.000000Z,678.01,678.01,676.01,677.91,4273.28
2025-07-15T04:08:00.000000Z,677.92,677.92,677.56,677.63,380.89
2025-07-15T04:09:00.000000Z,677.64,677.84,676.66,677.43,1199.73
2025-07-15T04:10:00.000000Z,677.43,677.57,676.87,677.35,1466.66
2025-07-15T04:11:00.000000Z,677.36,678.99,677.36,678.76,747.59
2025-07-15T04:12:00.000000Z,678.77,679.72,678.77,679.53,715.07
2025-07-15T04:13:00.000000Z,679.53,679.65,679.07,679.07,377.31
2025-07-15T04:14:00.000000Z,679.08,679.6,679.08,679.53,431.45
2025-07-15T04:15:00.000000Z,679.53,680.36,679.53,680.34,906.34
2025-07-15T04:16:00.000000Z,680.31,680.77,680.12,680.77,410.56
2025-07-15T04:17:00.000000Z,680.77,681.19,679.23,680.33,4030.32
2025-07-15T04:18:00.000000Z,680.33,680.62,680.32,680.37,574.45
2025-07-15T04:19:00.000000Z,680.36,680.86,680.36,680.59,332.56
2025-07-15T04:20:00.000000Z,680.59,681.25,680.59,681.24,882.64
2025-07-15T04:21:00.000000Z,681.24,681.25,681.01,681.14,217.27
2025-07-15T04:22:00.000000Z,681.14,681.64,681.14,681.55,396.51
2025-07-15T04:23:00.000000Z,681.54,681.57,681.32,681.37,378.19
2025-07-15T04:24:00.000000Z,681.37,681.59,681.35,681.51,416.74
2025-07-15T04:25:00.000000Z,681.52,681.88,681.51,681.59,596.54
2025-07-15T04:26:00.000000Z,681.6,681.6,681.44,681.45,411.57
2025-07-15T04:27:00.000000Z,681.45,681.64,681.32,681.47,399.91
2025-07-15T04:28:00.000000Z,681.48,681.72,681.42,681.44,138.31
2025-07-15T04:29:00.000000Z,681.46,681.7,681.44,681.65,736.36
2025-07-15T04:30:00.000000Z,681.64,681.65,681.19,681.23,289.67
2025-07-15T04:31:00.000000Z,681.23,681.23,680.96,681.07,431.36
2025-07-15T04:32:00.000000Z,681.07,681.08,680.53,680.6,217.19
2025-07-15T04:33:00.000000Z,680.62,680.76,680.29,680.41,256.83
2025-07-15T04:34:00.000000Z,680.41,680.72,680.18,680.62,583.76
2025-07-15T04:35:00.000000Z,680.64,680.64,680.35,680.53,213.24
2025-07-15T04:36:00.000000Z,680.53,680.78,680.31,680.78,677.07
2025-07-15T04:37:00.000000Z,680.78,680.78,680.6,680.64,236.53
2025-07-15T04:38:00.000000Z,680.65,681.2,680.65,681.19,149.41
2025-07-15T04:39:00.000000Z,681.2,681.27,681.14,681.27,159.83
2025-07-15T04:40:00.000000Z,681.28,681.58,681.27,681.58,143.76
2025-07-15T04:41:00.000000Z,681.58,682.0,681.58,681.99,229.82
2025-07-15T04:42:00.000000Z,682.0,682.1,681.83,682.1,298.72
2025-07-15T04:43:00.000000Z,682.1,682.1,682.03,682.03,169.23
2025-07-15T04:44:00.000000Z,682.04,682.1,681.83,681.83,627.27
2025-07-15T04:45:00.000000Z,681.84,681.84,681.06,681.06,702.29
2025-07-15T04:46:00.000000Z,681.07,681.79,681.06,681.79,704.38
2025-07-15T04:47:00.000000Z,681.79,682.13,681.72,682.03,532.87
2025-07-15T04:48:00.000000Z,682.03,682.38,682.03,682.12,303.12
2025-07-15T04:49:00.000000Z,682.11,682.35,681.94,682.03,373.69
2025-07-15T04:50:00.000000Z,682.04,682.04,681.77,681.77,192.78
2025-07-15T04:51:00.000000Z,681.77,681.77,681.57,681.68,148.21
2025-07-15T04:52:00.000000Z,681.68,681.9,681.62,681.9,87.49
2025-07-15T04:53:00.000000Z,681.89,682.53,681.89,682.51,290.36
2025-07-15T04:54:00.000000Z,682.52,682.87,682.51,682.82,422.94
2025-07-15T04:55:00.000000Z,682.82,682.83,682.62,682.65,506.29
2025-07-15T04:56:00.000000Z,682.64,682.87,682.64,682.74,181.67
2025-07-15T04:57:00.000000Z,682.75,682.75,682.69,682.73,65.91
2025-07-15T04:58:00.000000Z,682.73,682.77,682.66,682.76,135.45
2025-07-15T04:59:00.000000Z,682.77,682.77,682.56,682.56,71.21
2025-07-15T05:00:00.000000Z,682.56,683.06,682.56,683.0,472.46
2025-07-15T05:01:00.000000Z,683.0,683.11,682.86,682.86,333.66
2025-07-15T05:02:00.000000Z,682.85,682.85,682.56,682.72,242.11
2025-07-15T05:03:00.000000Z,682.72,682.88,682.68,682.73,366.49
2025-07-15T05:04:00.000000Z,682.73,682.99,682.73,682.99,217.6
2025-07-15T05:05:00.000000Z,682.98,683.3,682.87,683.3,484.2
2025-07-15T05:06:00.000000Z,683.3,683.55,683.29,683.54,216.82
2025-07-15T05:07:00.000000Z,683.55,683.55,683.34,683.34,137.4
2025-07-15T05:08:00.000000Z,683.34,683.52,683.23,683.41,305.38
2025-07-15T05:09:00.000000Z,683.41,683.61,683.41,683.55,147.14
2025-07-15T05:10:00.000000Z,683.55,683.72,683.46,683.46,214.95
2025-07-15T05:11:00.000000Z,683.46,683.54,683.17,683.44,173.59
2025-07-15T05:12:00.000000Z,683.45,683.45,683.0,683.32,262.9
2025-07-15T05:13:00.000000Z,683.31,683.32,683.1,683.1,65.45
2025-07-15T05:14:00.000000Z,683.11,683.19,683.1,683.16,65.44
2025-07-15T05:15:00.000000Z,683.16,683.16,682.79,682.79,175.53
2025-07-15T05:16:00.000000Z,682.78,682.79,682.24,682.24,483.2
2025-07-15T05:17:00.000000Z,682.25,682.46,682.19,682.45,164.66
2025-07-15T05:18:00.000000Z,682.46,682.78,682.39,682.41,363.81
2025-07-15T05:19:00.000000Z,682.41,682.56,682.24,682.56,92.87
2025-07-15T05:20:00.000000Z,682.56,682.57,682.34,682.51,171.47
2025-07-15T05:21:00.000000Z,682.51,682.86,682.51,682.53,81.49
2025-07-15T05:22:00.000000Z,682.53,682.53,682.13,682.25,226.48
2025-07-15T05:23:00.000000Z,682.25,682.74,682.25,682.74,180.63
2025-07-15T05:24:00.000000Z,682.73,682.74,682.52,682.64,100.05
2025-07-15T05:25:00.000000Z,682.64,682.74,682.59,682.61,57.72
2025-07-15T05:26:00.000000Z,682.61,682.61,682.4,682.4,104.83
2025-07-15T05:27:00.000000Z,682.41,682.57,682.28,682.57,133.0
2025-07-15T05:28:00.000000Z,682.57,682.94,682.57,682.94,94.72
2025-07-15T05:29:00.000000Z,682.93,682.94,682.79,682.79,117.12
2025-07-15T05:30:00.000000Z,682.8,682.87,682.44,682.6,156.09
2025-07-15T05:31:00.000000Z,682.6,682.68,682.44,682.67,156.76
2025-07-15T05:32:00.000000Z,682.68,682.79,682.27,682.27,108.73
2025-07-15T05:33:00.000000Z,682.26,682.5,682.06,682.06,701.12
2025-07-15T05:34:00.000000Z,682.06,682.35,682.01,682.01,114.56
2025-07-15T05:35:00.000000Z,682.01,682.01,681.58,681.58,325.55
2025-07-15T05:36:00.000000Z,681.58,681.64,681.33,681.41,1333.68
2025-07-15T05:37:00.000000Z,681.4,681.44,681.1,681.26,127.61
2025-07-15T05:38:00.000000Z,681.26,681.46,681.22,681.46,104.05
2025-07-15T05:39:00.000000Z,681.45,681.56,681.3,681.45,122.19
2025-07-15T05:40:00.000000Z,681.46,682.17,681.46,682.16,271.57
2025-07-15T05:41:00.000000Z,682.16,682.24,681.87,682.04,266.45
2025-07-15T05:42:00.000000Z,682.05,682.12,681.61,681.61,183.56
2025-07-15T05:43:00.000000Z,681.61,681.74,681.32,681.58,95.4
2025-07-15T05:44:00.000000Z,681.58,681.62,681.38,681.38,155.47
2025-07-15T05:45:00.000000Z,681.39,681.52,681.22,681.5,113.55
2025-07-15T05:46:00.000000Z,681.52,681.63,681.52,681.6,55.61
2025-07-15T05:47:00.000000Z,681.61,681.61,681.08,681.08,173.53
2025-07-15T05:48:00.000000Z,681.08,681.09,680.79,681.0,290.48
2025-07-15T05:49:00.000000Z,680.99,681.2,680.99,681.17,88.73
2025-07-15T05:50:00.000000Z,681.2,681.62,681.12,681.28,308.42
2025-07-15T05:51:00.000000Z,681.28,681.28,680.88,680.88,122.53
2025-07-15T05:52:00.000000Z,680.88,681.11,680.84,681.03,63.32
2025-07-15T05:53:00.000000Z,681.04,681.23,681.03,681.23,95.64
2025-07-15T05:54:00.000000Z,681.24,681.71,681.23,681.57,95.97
2025-07-15T05:55:00.000000Z,681.56,681.75,681.48,681.48,113.53
2025-07-15T05:56:00.000000Z,681.48,681.73,681.43,681.69,151.83
2025-07-15T05:57:00.000000Z,681.69,681.9,681.64,681.9,66.65
2025-07-15T05:58:00.000000Z,681.9,681.9,681.52,681.63,118.47
2025-07-15T05:59:00.000000Z,681.62,681.75,681.62,681.65,72.2
2025-07-15T06:00:00.000000Z,681.65,681.79,681.29,681.29,647.21
2025-07-15T06:01:00.000000Z,681.3,681.48,681.18,681.39,131.8
2025-07-15T06:02:00.000000Z,681.39,681.4,680.63,680.93,720.18
2025-07-15T06:03:00.000000Z,680.93,681.57,680.93,681.36,287.99
2025-07-15T06:04:00.000000Z,681.36,681.56,681.16,681.32,219.9
2025-07-15T06:05:00.000000Z,681.32,681.58,681.25,681.4,169.12
2025-07-15T06:06:00.000000Z,681.41,681.88,681.4,681.87,212.65
2025-07-15T06:07:00.000000Z,681.87,682.52,681.74,682.38,421.1
2025-07-15T06:08:00.000000Z,682.38,682.69,682.28,682.33,305.23
2025-07-15T06:09:00.000000Z,682.33,682.33,681.63,682.03,385.33
2025-07-15T06:10:00.000000Z,682.02,682.03,681.88,681.96,115.64
2025-07-15T06:11:00.000000Z,681.96,682.55,681.72,682.23,1211.03
2025-07-15T06:12:00.000000Z,682.23,682.36,682.11,682.35,188.14
2025-07-15T06:13:00.000000Z,682.31,682.36,682.16,682.31,83.03
2025-07-15T06:14:00.000000Z,682.31,682.61,682.18,682.18,263.84
2025-07-15T06:15:00.000000Z,682.19,682.27,682.05,682.08,264.41
2025-07-15T06:16:00.000000Z,682.08,682.31,681.93,682.28,157.71
2025-07-15T06:17:00.000000Z,682.28,682.28,681.71,681.8,398.24
2025-07-15T06:18:00.000000Z,681.8,681.85,681.64,681.68,110.18
2025-07-15T06:19:00.000000Z,681.67,681.73,681.63,681.72,27.61
2025-07-15T06:20:00.000000Z,681.72,681.86,681.56,681.68,115.5
2025-07-15T06:21:00.000000Z,681.68,681.88,681.56,681.87,84.28
2025-07-15T06:22:00.000000Z,681.87,682.04,681.85,681.96,40.82
2025-07-15T06:23:00.000000Z,681.95,682.11,681.95,682.03,64.76
2025-07-15T06:24:00.000000Z,682.03,682.04,681.52,681.56,65.11
2025-07-15T06:25:00.000000Z,681.56,681.76,681.52,681.76,79.5
2025-07-15T06:26:00.000000Z,681.77,681.9,681.7,681.7,117.96
2025-07-15T06:27:00.000000Z,681.7,681.71,681.22,681.23,128.11
2025-07-15T06:28:00.000000Z,681.22,681.32,681.22,681.31,37.55
2025-07-15T06:29:00.000000Z,681.31,681.32,681.24,681.24,60.56
2025-07-15T06:30:00.000000Z,681.25,681.65,681.22,681.64,104.43
2025-07-15T06:31:00.000000Z,681.64,681.64,681.3,681.3,101.48
2025-07-15T06:32:00.000000Z,681.31,681.31,681.09,681.09,46.72
2025-07-15T06:33:00.000000Z,681.09,681.37,680.95,681.15,169.08
2025-07-15T06:34:00.000000Z,681.14,681.32,681.14,681.32,71.06
2025-07-15T06:35:00.000000Z,681.32,681.55,681.28,681.54,169.64
2025-07-15T06:36:00.000000Z,681.55,681.55,681.28,681.28,36.04
2025-07-15T06:37:00.000000Z,681.28,681.33,681.19,681.26,84.14
2025-07-15T06:38:00.000000Z,681.26,681.27,681.07,681.07,125.5
2025-07-15T06:39:00.000000Z,681.06,681.06,680.69,681.04,374.43
2025-07-15T06:40:00.000000Z,681.07,681.42,681.07,681.26,68.2
2025-07-15T06:41:00.000000Z,681.26,681.75,681.26,681.74,110.8
2025-07-15T06:42:00.000000Z,681.74,681.87,681.68,681.87,276.0
2025-07-15T06:43:00.000000Z,681.88,681.92,681.7,681.71,197.04
2025-07-15T06:44:00.000000Z,681.71,681.82,681.7,681.77,55.31
2025-07-15T06:45:00.000000Z,681.77,681.78,681.6,681.78,63.67
2025-07-15T06:46:00.000000Z,681.77,681.91,681.77,681.77,116.56
2025-07-15T06:47:00.000000Z,681.77,681.78,681.4,681.51,145.6
2025-07-15T06:48:00.000000Z,681.51,681.51,681.02,681.39,196.16
2025-07-15T06:49:00.000000Z,681.39,681.62,681.39,681.53,510.37
2025-07-15T06:50:00.000000Z,681.53,681.54,681.19,681.33,250.43
2025-07-15T06:51:00.000000Z,681.33,681.44,681.14,681.14,126.08
2025-07-15T06:52:00.000000Z,681.13,681.34,681.13,681.34,61.9
2025-07-15T06:53:00.000000Z,681.34,681.68,681.34,681.48,501.65
2025-07-15T06:54:00.000000Z,681.48,681.49,681.2,681.2,84.24
2025-07-15T06:55:00.000000Z,681.2,681.47,681.2,681.46,85.3
2025-07-15T06:56:00.000000Z,681.46,682.05,681.46,682.04,571.5
2025-07-15T06:57:00.000000Z,682.04,682.32,681.95,682.28,234.83
2025-07-15T06:58:00.000000Z,682.28,682.37,681.94,681.95,205.46
2025-07-15T06:59:00.000000Z,681.95,682.18,681.87,682.18,191.34
2025-07-15T07:00:00.000000Z,682.19,682.37,682.19,682.37,247.77
2025-07-15T07:01:00.000000Z,682.37,682.96,682.36,682.6,1414.19
2025-07-15T07:02:00.000000Z,682.6,682.61,682.5,682.51,212.25
2025-07-15T07:03:00.000000Z,682.5,682.56,682.42,682.55,826.45
2025-07-15T07:04:00.000000Z,682.55,682.56,682.26,682.33,189.4
2025-07-15T07:05:00.000000Z,682.33,682.42,682.22,682.22,210.49
2025-07-15T07:06:00.000000Z,682.22,682.22,681.65,681.85,413.17
2025-07-15T07:07:00.000000Z,681.85,682.06,681.63,681.86,608.51
2025-07-15T07:08:00.000000Z,681.85,682.0,681.74,681.99,59.54
2025-07-15T07:09:00.000000Z,681.99,682.08,681.87,682.08,107.36
2025-07-15T07:10:00.000000Z,682.09,682.14,682.05,682.05,54.67
2025-07-15T07:11:00.000000Z,682.05,682.24,682.05,682.08,209.11
2025-07-15T07:12:00.000000Z,682.09,682.13,681.72,681.73,121.9
2025-07-15T07:13:00.000000Z,681.72,681.72,681.36,681.36,75.52
2025-07-15T07:14:00.000000Z,681.36,681.66,681.36,681.44,148.16
2025-07-15T07:15:00.000000Z,681.45,681.57,681.36,681.36,85.96
2025-07-15T07:16:00.000000Z,681.36,681.37,680.82,680.82,205.75
2025-07-15T07:17:00.000000Z,680.83,681.08,680.67,681.08,150.32
2025-07-15T07:18:00.000000Z,681.07,681.15,680.96,681.05,66.61
2025-07-15T07:19:00.000000Z,681.06,681.09,680.83,680.9,128.62
2025-07-15T07:20:00.000000Z,680.91,681.23,680.91,681.23,155.31
2025-07-15T07:21:00.000000Z,681.23,681.23,681.03,681.04,83.3
2025-07-15T07:22:00.000000Z,681.04,681.36,681.03,681.22,43.06
2025-07-15T07:23:00.000000Z,681.23,681.23,681.04,681.1,106.08
2025-07-15T07:24:00.000000Z,681.09,681.26,680.96,681.25,59.41
2025-07-15T07:25:00.000000Z,681.25,681.4,681.21,681.22,97.91
2025-07-15T07:26:00.000000Z,681.23,681.44,681.06,681.37,222.28
2025-07-15T07:27:00.000000Z,681.37,681.38,681.02,681.1,109.19
2025-07-15T07:28:00.000000Z,681.1,681.1,681.02,681.06,52.33
2025-07-15T07:29:00.000000Z,681.06,681.07,680.83,680.83,118.69
2025-07-15T07:30:00.000000Z,680.84,680.84,680.47,680.47,228.71
2025-07-15T07:31:00.000000Z,680.48,680.52,680.4,680.41,142.63
2025-07-15T07:32:00.000000Z,680.4,680.41,680.12,680.12,392.39
2025-07-15T07:33:00.000000Z,680.12,680.4,680.03,680.23,202.96
2025-07-15T07:34:00.000000Z,680.24,680.27,680.11,680.17,47.85
2025-07-15T07:35:00.000000Z,680.17,680.36,680.17,680.27,468.74
2025-07-15T07:36:00.000000Z,680.28,680.36,680.23,680.24,81.0
2025-07-15T07:37:00.000000Z,680.24,680.25,680.09,680.09,90.42
2025-07-15T07:38:00.000000Z,680.09,680.1,679.8,680.06,431.25
2025-07-15T07:39:00.000000Z,680.06,680.08,679.61,679.65,261.83
2025-07-15T07:40:00.000000Z,679.66,679.82,679.58,679.82,245.41
2025-07-15T07:41:00.000000Z,679.81,680.28,679.81,680.11,285.0
2025-07-15T07:42:00.000000Z,680.11,680.54,680.11,680.41,432.54
2025-07-15T07:43:00.000000Z,680.41,680.42,680.04,680.05,189.97
2025-07-15T07:44:00.000000Z,680.04,680.22,679.86,679.86,484.92
2025-07-15T07:45:00.000000Z,679.86,680.02,679.62,680.01,296.73
2025-07-15T07:46:00.000000Z,680.01,680.02,679.62,679.79,251.42
2025-07-15T07:47:00.000000Z,679.8,679.81,679.5,679.5,241.7
2025-07-15T07:48:00.000000Z,679.5,679.68,679.5,679.62,278.26
2025-07-15T07:49:00.000000Z,679.62,679.72,679.52,679.58,205.64
2025-07-15T07:50:00.000000Z,679.59,679.87,679.56,679.86,281.76
2025-07-15T07:51:00.000000Z,679.86,679.99,679.67,679.81,570.54
2025-07-15T07:52:00.000000Z,679.81,680.36,679.69,680.35,290.13
2025-07-15T07:53:00.000000Z,680.35,680.77,680.35,680.65,267.85
2025-07-15T07:54:00.000000Z,680.65,681.0,680.54,680.87,752.02
2025-07-15T07:55:00.000000Z,680.88,680.92,680.16,680.16,267.64
2025-07-15T07:56:00.000000Z,680.16,680.64,680.16,680.64,165.47
2025-07-15T07:57:00.000000Z,680.65,680.71,680.44,680.47,231.47
2025-07-15T07:58:00.000000Z,680.47,680.47,679.71,679.8,581.91
2025-07-15T07:59:00.000000Z,679.8,679.81,679.15,679.16,730.46
2025-07-15T08:00:00.000000Z,679.17,679.68,679.17,679.67,484.59
2025-07-15T08:01:00.000000Z,679.66,679.68,679.25,679.25,206.86
2025-07-15T08:02:00.000000Z,679.24,679.24,678.38,678.66,1005.72
2025-07-15T08:03:00.000000Z,678.66,678.76,678.51,678.59,336.86
2025-07-15T08:04:00.000000Z,678.6,678.76,678.54,678.62,261.32
2025-07-15T08:05:00.000000Z,678.62,678.74,678.48,678.74,371.3
2025-07-15T08:06:00.000000Z,678.73,679.05,678.52,679.05,189.88
2025-07-15T08:07:00.000000Z,679.06,679.15,678.9,679.11,183.79
2025-07-15T08:08:00.000000Z,679.11,679.23,679.1,679.1,315.68
2025-07-15T08:09:00.000000Z,679.11,679.48,679.11,679.31,165.71
2025-07-15T08:10:00.000000Z,679.32,679.62,679.31,679.61,147.62
2025-07-15T08:11:00.000000Z,679.61,679.73,679.47,679.52,292.18
2025-07-15T08:12:00.000000Z,679.53,679.75,679.24,679.34,260.41
2025-07-15T08:13:00.000000Z,679.34,679.51,679.25,679.51,267.72
2025-07-15T08:14:00.000000Z,679.51,679.52,679.3,679.31,113.82
2025-07-15T08:15:00.000000Z,679.3,679.35,679.04,679.34,642.84
2025-07-15T08:16:00.000000Z,679.34,679.34,678.86,678.91,231.71
2025-07-15T08:17:00.000000Z,678.91,678.98,678.41,678.47,254.87
2025-07-15T08:18:00.000000Z,678.47,678.66,678.33,678.65,153.39
2025-07-15T08:19:00.000000Z,678.65,678.66,678.3,678.3,159.32
2025-07-15T08:20:00.000000Z,678.3,678.38,677.88,677.88,375.43
2025-07-15T08:21:00.000000Z,677.89,678.55,677.7,678.55,528.45
2025-07-15T08:22:00.000000Z,678.55,679.26,678.48,679.25,352.1
2025-07-15T08:23:00.000000Z,679.25,679.59,679.21,679.55,214.22
2025-07-15T08:24:00.000000Z,679.55,679.76,679.55,679.75,476.03
2025-07-15T08:25:00.000000Z,679.75,679.76,678.97,679.0,195.54
2025-07-15T08:26:00.000000Z,679.01,679.8,679.01,679.7,203.89
2025-07-15T08:27:00.000000Z,679.7,679.97,679.66,679.97,167.11
2025-07-15T08:28:00.000000Z,679.96,680.35,679.96,680.35,364.45
2025-07-15T08:29:00.000000Z,680.34,680.47,680.22,680.4,108.82
2025-07-15T08:30:00.000000Z,680.42,680.92,680.42,680.73,821.5
2025-07-15T08:31:00.000000Z,680.74,680.97,680.62,680.86,328.28
2025-07-15T08:32:00.000000Z,680.86,681.05,680.8,680.9,180.13
2025-07-15T08:33:00.000000Z,680.9,680.94,680.43,680.44,150.54
2025-07-15T08:34:00.000000Z,680.43,680.72,680.43,680.61,196.73
2025-07-15T08:35:00.000000Z,680.6,680.73,680.54,680.65,316.57
2025-07-15T08:36:00.000000Z,680.65,680.65,680.46,680.46,123.53
2025-07-15T08:37:00.000000Z,680.46,680.59,680.4,680.56,158.65
2025-07-15T08:38:00.000000Z,680.57,680.72,680.56,680.56,99.31
2025-07-15T08:39:00.000000Z,680.57,680.7,680.56,680.59,66.82
2025-07-15T08:40:00.000000Z,680.59,680.6,680.42,680.53,82.89
2025-07-15T08:41:00.000000Z,680.52,680.72,680.52,680.7,163.65
2025-07-15T08:42:00.000000Z,680.71,680.71,680.53,680.54,74.64
2025-07-15T08:43:00.000000Z,680.53,680.59,680.45,680.53,136.4
2025-07-15T08:44:00.000000Z,680.53,680.53,680.41,680.51,104.25
2025-07-15T08:45:00.000000Z,680.52,680.68,680.51,680.67,88.68
2025-07-15T08:46:00.000000Z,680.67,680.68,680.38,680.6,123.83
2025-07-15T08:47:00.000000Z,680.6,680.6,680.4,680.4,70.28
2025-07-15T08:48:00.000000Z,680.4,680.43,680.19,680.42,286.73
2025-07-15T08:49:00.000000Z,680.43,680.43,680.23,680.23,76.42
2025-07-15T08:50:00.000000Z,680.23,680.23,679.91,679.91,144.59
2025-07-15T08:51:00.000000Z,679.91,679.92,679.38,679.45,225.61
2025-07-15T08:52:00.000000Z,679.45,679.72,679.45,679.71,169.64
2025-07-15T08:53:00.000000Z,679.72,679.77,679.71,679.76,32.34
2025-07-15T08:54:00.000000Z,679.76,679.77,679.44,679.44,68.42
2025-07-15T08:55:00.000000Z,679.45,679.45,679.23,679.23,71.75
2025-07-15T08:56:00.000000Z,679.24,679.5,679.23,679.5,175.63
2025-07-15T08:57:00.000000Z,679.5,679.59,679.3,679.32,124.21
2025-07-15T08:58:00.000000Z,679.33,679.39,679.32,679.32,63.57
2025-07-15T08:59:00.000000Z,679.32,679.36,679.21,679.35,45.04
2025-07-15T09:00:00.000000Z,679.35,679.35,679.06,679.18,308.66
2025-07-15T09:01:00.000000Z,679.19,679.69,679.19,679.65,120.21
2025-07-15T09:02:00.000000Z,679.66,679.77,679.53,679.53,310.83
2025-07-15T09:03:00.000000Z,679.53,679.53,679.28,679.39,147.26
2025-07-15T09:04:00.000000Z,679.39,679.57,679.38,679.57,110.98
2025-07-15T09:05:00.000000Z,679.56,679.88,679.56,679.69,582.78
2025-07-15T09:06:00.000000Z,679.7,680.0,679.65,679.99,173.58
2025-07-15T09:07:00.000000Z,680.0,680.0,679.86,679.91,125.14
2025-07-15T09:08:00.000000Z,679.91,680.1,679.9,680.06,262.22
2025-07-15T09:09:00.000000Z,680.07,680.07,680.06,680.06,19.75
2025-07-15T09:10:00.000000Z,680.07,680.07,680.0,680.0,125.54
2025-07-15T09:11:00.000000Z,680.0,680.01,679.84,680.0,173.94
2025-07-15T09:12:00.000000Z,680.01,680.05,679.9,679.9,239.0
2025-07-15T09:13:00.000000Z,679.9,680.05,679.86,680.05,88.02
2025-07-15T09:14:00.000000Z,680.06,680.2,680.05,680.2,189.42
2025-07-15T09:15:00.000000Z,680.19,680.23,680.17,680.23,201.71
2025-07-15T09:16:00.000000Z,680.22,680.3,679.79,679.79,469.45
2025-07-15T09:17:00.000000Z,679.79,679.88,679.63,679.87,130.46
2025-07-15T09:18:00.000000Z,679.88,679.88,679.42,679.44,152.94
2025-07-15T09:19:00.000000Z,679.44,679.5,679.24,679.33,326.79
2025-07-15T09:20:00.000000Z,679.34,679.61,679.24,679.5,123.08
2025-07-15T09:21:00.000000Z,679.51,679.51,679.28,679.29,189.93
2025-07-15T09:22:00.000000Z,679.29,679.69,679.29,679.69,43.18
2025-07-15T09:23:00.000000Z,679.7,679.8,679.61,679.61,127.54
2025-07-15T09:24:00.000000Z,679.62,679.62,679.56,679.56,45.06
2025-07-15T09:25:00.000000Z,679.57,679.78,679.57,679.77,117.16
2025-07-15T09:26:00.000000Z,679.77,679.77,679.5,679.5,431.58
2025-07-15T09:27:00.000000Z,679.51,679.51,679.36,679.48,152.8
2025-07-15T09:28:00.000000Z,679.47,679.48,679.3,679.3,149.98
2025-07-15T09:29:00.000000Z,679.3,679.31,679.13,679.13,113.68
2025-07-15T09:30:00.000000Z,679.14,679.14,678.99,679.07,248.41
2025-07-15T09:31:00.000000Z,679.07,679.08,678.64,678.65,255.46
2025-07-15T09:32:00.000000Z,678.64,678.71,678.63,678.7,254.26
2025-07-15T09:33:00.000000Z,678.7,678.88,678.7,678.77,291.29
2025-07-15T09:34:00.000000Z,678.78,679.1,678.77,678.97,229.55
2025-07-15T09:35:00.000000Z,678.96,678.97,678.92,678.92,109.29
2025-07-15T09:36:00.000000Z,678.92,678.99,678.51,678.51,429.45
2025-07-15T09:37:00.000000Z,678.51,678.76,678.5,678.75,145.71
2025-07-15T09:38:00.000000Z,678.76,678.85,678.58,678.65,264.31
2025-07-15T09:39:00.000000Z,678.65,678.66,678.56,678.65,183.47
2025-07-15T09:40:00.000000Z,678.66,678.88,678.58,678.58,120.01
2025-07-15T09:41:00.000000Z,678.57,678.67,678.47,678.47,142.95
2025-07-15T09:42:00.000000Z,678.48,678.48,678.3,678.3,115.63
2025-07-15T09:43:00.000000Z,678.31,678.31,678.2,678.2,139.07
2025-07-15T09:44:00.000000Z,678.19,678.19,678.06,678.06,338.05
2025-07-15T09:45:00.000000Z,678.07,678.2,678.06,678.19,212.39
2025-07-15T09:46:00.000000Z,678.2,678.2,678.02,678.2,193.04
2025-07-15T09:47:00.000000Z,678.19,678.2,677.77,677.77,397.28
2025-07-15T09:48:00.000000Z,677.77,677.78,677.58,677.78,286.91
2025-07-15T09:49:00.000000Z,677.77,678.0,677.67,678.0,223.03
2025-07-15T09:50:00.000000Z,677.99,678.07,677.7,677.7,192.64
2025-07-15T09:51:00.000000Z,677.71,677.81,677.46,677.56,231.12
2025-07-15T09:52:00.000000Z,677.56,677.69,677.49,677.65,95.1
2025-07-15T09:53:00.000000Z,677.66,677.76,677.56,677.75,500.33
2025-07-15T09:54:00.000000Z,677.75,677.76,677.29,677.29,244.28
2025-07-15T09:55:00.000000Z,677.28,677.3,677.0,677.0,341.18
2025-07-15T09:56:00.000000Z,677.01,677.01,676.67,676.67,596.55
2025-07-15T09:57:00.000000Z,676.67,676.8,676.5,676.51,366.62
2025-07-15T09:58:00.000000Z,676.51,676.62,676.46,676.46,293.11
2025-07-15T09:59:00.000000Z,676.47,676.62,676.46,676.61,112.36
2025-07-15T10:00:00.000000Z,676.61,676.79,676.5,676.5,330.19
2025-07-15T10:01:00.000000Z,676.51,676.67,676.39,676.67,244.51
2025-07-15T10:02:00.000000Z,676.67,676.82,676.67,676.81,253.65
2025-07-15T10:03:00.000000Z,676.81,676.92,676.74,676.87,213.37
2025-07-15T10:04:00.000000Z,676.87,677.0,676.58,677.0,209.93
2025-07-15T10:05:00.000000Z,676.99,677.3,676.98,676.98,215.72
2025-07-15T10:06:00.000000Z,676.99,677.12,676.81,676.82,187.48
2025-07-15T10:07:00.000000Z,676.83,677.2,676.82,677.19,128.44
2025-07-15T10:08:00.000000Z,677.18,677.34,677.18,677.25,200.55
2025-07-15T10:09:00.000000Z,677.24,677.59,677.24,677.55,155.04
2025-07-15T10:10:00.000000Z,677.55,677.56,677.35,677.35,186.42
2025-07-15T10:11:00.000000Z,677.36,677.36,677.35,677.36,29.14
2025-07-15T10:12:00.000000Z,677.35,677.36,676.78,676.78,256.46
2025-07-15T10:13:00.000000Z,676.79,676.94,676.62,676.62,151.9
2025-07-15T10:14:00.000000Z,676.62,676.85,676.48,676.48,190.04
2025-07-15T10:15:00.000000Z,676.49,676.78,676.48,676.76,141.02
2025-07-15T10:16:00.000000Z,676.77,676.84,676.61,676.61,94.43
2025-07-15T10:17:00.000000Z,676.62,677.03,676.6,677.03,160.16
2025-07-15T10:18:00.000000Z,677.02,677.42,677.02,677.31,147.54
2025-07-15T10:19:00.000000Z,677.34,677.69,677.32,677.53,420.81
2025-07-15T10:20:00.000000Z,677.53,677.67,677.48,677.61,268.9
2025-07-15T10:21:00.000000Z,677.61,678.22,677.6,677.99,227.41
2025-07-15T10:22:00.000000Z,677.98,678.11,677.91,678.08,94.47
2025-07-15T10:23:00.000000Z,678.07,678.33,678.02,678.19,439.16
2025-07-15T10:24:00.000000Z,678.19,678.55,678.18,678.53,157.79
2025-07-15T10:25:00.000000Z,678.44,678.45,678.29,678.43,176.15
2025-07-15T10:26:00.000000Z,678.43,678.72,678.43,678.7,308.75
2025-07-15T10:27:00.000000Z,678.69,678.76,678.69,678.75,70.46
2025-07-15T10:28:00.000000Z,678.76,678.76,678.43,678.43,213.12
2025-07-15T10:29:00.000000Z,678.44,678.56,678.43,678.56,188.9
2025-07-15T10:30:00.000000Z,678.56,678.75,678.52,678.57,151.67
2025-07-15T10:31:00.000000Z,678.57,678.61,678.16,678.6,848.18
2025-07-15T10:32:00.000000Z,678.55,678.55,678.24,678.5,145.55
2025-07-15T10:33:00.000000Z,678.49,678.53,678.38,678.38,134.52
2025-07-15T10:34:00.000000Z,678.38,678.76,678.38,678.68,102.76
2025-07-15T10:35:00.000000Z,678.68,678.68,678.54,678.63,62.88
2025-07-15T10:36:00.000000Z,678.63,678.94,678.63,678.93,140.34
2025-07-15T10:37:00.000000Z,678.93,679.0,678.78,678.99,139.53
2025-07-15T10:38:00.000000Z,678.99,679.03,678.99,679.03,64.85
2025-07-15T10:39:00.000000Z,679.02,679.03,678.65,678.65,140.43
2025-07-15T10:40:00.000000Z,678.66,678.99,678.6,678.99,275.53
2025-07-15T10:41:00.000000Z,678.99,679.14,678.99,679.07,148.87
2025-07-15T10:42:00.000000Z,679.07,679.38,679.06,679.38,95.07
2025-07-15T10:43:00.000000Z,679.38,679.57,679.38,679.56,219.41
2025-07-15T10:44:00.000000Z,679.57,679.67,679.54,679.55,225.46
2025-07-15T10:45:00.000000Z,679.56,679.56,679.28,679.51,202.31
2025-07-15T10:46:00.000000Z,679.5,679.68,679.38,679.38,119.74
2025-07-15T10:47:00.000000Z,679.38,679.5,679.15,679.5,142.08
2025-07-15T10:48:00.000000Z,679.49,679.52,679.2,679.39,144.74
2025-07-15T10:49:00.000000Z,679.4,679.6,679.39,679.5,75.24
2025-07-15T10:50:00.000000Z,679.5,679.6,679.49,679.54,53.66
2025-07-15T10:51:00.000000Z,679.54,679.8,679.54,679.68,110.7
2025-07-15T10:52:00.000000Z,679.68,679.7,679.6,679.7,44.87
2025-07-15T10:53:00.000000Z,679.71,679.88,679.7,679.85,67.32
2025-07-15T10:54:00.000000Z,679.85,679.86,679.81,679.85,239.65
2025-07-15T10:55:00.000000Z,679.84,679.85,679.4,679.45,88.75
2025-07-15T10:56:00.000000Z,679.44,679.57,679.37,679.44,340.45
2025-07-15T10:57:00.000000Z,679.44,679.68,679.43,679.58,95.2
2025-07-15T10:58:00.000000Z,679.58,679.61,679.56,679.56,34.56
2025-07-15T10:59:00.000000Z,679.57,679.65,678.98,679.29,1248.13
2025-07-15T11:00:00.000000Z,679.3,679.8,679.29,679.8,281.89
2025-07-15T11:01:00.000000Z,679.81,679.96,679.66,679.92,488.28
2025-07-15T11:02:00.000000Z,679.91,680.35,679.84,680.35,755.99
2025-07-15T11:03:00.000000Z,680.34,680.34,679.57,679.57,534.18
2025-07-15T11:04:00.000000Z,679.56,679.81,679.56,679.81,110.54
2025-07-15T11:05:00.000000Z,679.82,679.82,679.64,679.77,101.09
2025-07-15T11:06:00.000000Z,679.78,679.78,679.58,679.69,139.27
2025-07-15T11:07:00.000000Z,679.69,679.97,679.69,679.97,62.87
2025-07-15T11:08:00.000000Z,679.97,680.01,679.7,679.71,165.28
2025-07-15T11:09:00.000000Z,679.7,679.7,679.5,679.55,198.34
2025-07-15T11:10:00.000000Z,679.57,679.57,679.39,679.39,315.56
2025-07-15T11:11:00.000000Z,679.4,679.4,679.15,679.34,107.72
2025-07-15T11:12:00.000000Z,679.35,679.43,679.21,679.21,58.46
2025-07-15T11:13:00.000000Z,679.2,679.22,679.14,679.21,93.34
2025-07-15T11:14:00.000000Z,679.22,679.22,678.9,678.96,157.78
2025-07-15T11:15:00.000000Z,678.96,678.98,678.56,678.56,165.49
2025-07-15T11:16:00.000000Z,678.56,678.57,678.04,678.1,438.2
2025-07-15T11:17:00.000000Z,678.1,678.2,677.88,677.89,209.15
2025-07-15T11:18:00.000000Z,677.89,678.02,677.62,677.99,238.42
2025-07-15T11:19:00.000000Z,678.0,678.02,677.56,677.56,61.85
2025-07-15T11:20:00.000000Z,677.56,677.56,677.33,677.36,247.77
2025-07-15T11:21:00.000000Z,677.37,677.41,677.3,677.34,150.69
2025-07-15T11:22:00.000000Z,677.35,677.65,677.34,677.53,293.42
2025-07-15T11:23:00.000000Z,677.53,677.66,677.34,677.66,199.12
2025-07-15T11:24:00.000000Z,677.65,678.2,677.65,677.79,199.28
2025-07-15T11:25:00.000000Z,677.79,677.92,677.52,677.52,185.97
2025-07-15T11:26:00.000000Z,677.52,677.66,677.48,677.55,161.74
2025-07-15T11:27:00.000000Z,677.55,677.55,677.42,677.51,94.39
2025-07-15T11:28:00.000000Z,677.51,677.68,677.34,677.56,851.75
2025-07-15T11:29:00.000000Z,677.55,677.56,677.33,677.33,241.61
2025-07-15T11:30:00.000000Z,677.34,677.68,677.33,677.42,350.76
2025-07-15T11:31:00.000000Z,677.42,677.68,677.4,677.67,119.59
2025-07-15T11:32:00.000000Z,677.67,677.67,677.42,677.48,146.99
2025-07-15T11:33:00.000000Z,677.48,678.3,677.48,678.3,209.24
2025-07-15T11:34:00.000000Z,678.3,678.3,677.85,677.95,119.92
2025-07-15T11:35:00.000000Z,677.95,678.11,677.8,677.8,436.53
2025-07-15T11:36:00.000000Z,677.8,677.94,677.68,677.94,106.18
2025-07-15T11:37:00.000000Z,677.93,678.3,677.93,678.08,146.86
2025-07-15T11:38:00.000000Z,678.08,678.53,678.08,678.46,91.38
2025-07-15T11:39:00.000000Z,678.45,678.46,678.16,678.16,140.65
2025-07-15T11:40:00.000000Z,678.16,678.33,677.98,677.99,143.31
2025-07-15T11:41:00.000000Z,677.99,678.09,677.88,678.08,85.05
2025-07-15T11:42:00.000000Z,678.08,678.5,678.08,678.5,89.67
2025-07-15T11:43:00.000000Z,678.5,678.7,678.49,678.59,136.65
2025-07-15T11:44:00.000000Z,678.59,678.72,678.59,678.6,55.91
2025-07-15T11:45:00.000000Z,678.61,678.72,678.55,678.65,74.25
2025-07-15T11:46:00.000000Z,678.65,678.65,678.39,678.4,71.37
2025-07-15T11:47:00.000000Z,678.4,678.59,678.28,678.58,56.87
2025-07-15T11:48:00.000000Z,678.59,678.65,678.58,678.59,95.81
2025-07-15T11:49:00.000000Z,678.58,678.82,678.52,678.82,128.05
2025-07-15T11:50:00.000000Z,678.81,679.3,678.81,679.25,159.65
2025-07-15T11:51:00.000000Z,679.26,679.28,679.11,679.24,93.09
2025-07-15T11:52:00.000000Z,679.24,679.48,679.24,679.47,108.99
2025-07-15T11:53:00.000000Z,679.47,679.74,679.47,679.6,187.88
2025-07-15T11:54:00.000000Z,679.61,679.77,679.58,679.76,330.19
2025-07-15T11:55:00.000000Z,679.76,680.28,679.76,680.11,206.97
2025-07-15T11:56:00.000000Z,680.11,680.59,680.11,680.59,341.14
2025-07-15T11:57:00.000000Z,680.59,680.83,680.59,680.83,308.74
2025-07-15T11:58:00.000000Z,680.82,680.88,680.68,680.72,513.77
2025-07-15T11:59:00.000000Z,680.74,680.74,680.55,680.55,111.69
2025-07-15T12:00:00.000000Z,680.55,680.93,680.55,680.92,257.17
2025-07-15T12:01:00.000000Z,680.92,681.06,680.44,680.47,472.33
2025-07-15T12:02:00.000000Z,680.47,680.95,680.42,680.83,247.32
2025-07-15T12:03:00.000000Z,680.83,680.92,680.69,680.76,232.84
2025-07-15T12:04:00.000000Z,680.76,681.0,680.73,680.97,669.99
2025-07-15T12:05:00.000000Z,680.98,681.15,680.87,681.06,283.21
2025-07-15T12:06:00.000000Z,681.07,681.23,681.06,681.11,357.02
2025-07-15T12:07:00.000000Z,681.11,681.52,681.1,681.29,2459.19
2025-07-15T12:08:00.000000Z,681.29,681.64,681.1,681.32,2329.51
2025-07-15T12:09:00.000000Z,681.32,681.49,681.22,681.27,484.55
2025-07-15T12:10:00.000000Z,681.25,681.25,680.91,680.92,1024.72
2025-07-15T12:11:00.000000Z,680.92,680.92,680.61,680.77,677.06
2025-07-15T12:12:00.000000Z,680.78,680.78,680.57,680.58,761.83
2025-07-15T12:13:00.000000Z,680.58,680.58,679.97,680.31,776.67
2025-07-15T12:14:00.000000Z,680.31,680.32,680.09,680.26,199.74
2025-07-15T12:15:00.000000Z,680.26,680.61,680.26,680.61,141.91
2025-07-15T12:16:00.000000Z,680.62,680.84,680.57,680.7,192.24
2025-07-15T12:17:00.000000Z,680.74,680.74,680.52,680.53,213.81
2025-07-15T12:18:00.000000Z,680.52,680.52,680.08,680.17,172.48
2025-07-15T12:19:00.000000Z,680.18,680.4,680.08,680.28,139.87
2025-07-15T12:20:00.000000Z,680.28,680.44,680.27,680.29,331.6
2025-07-15T12:21:00.000000Z,680.27,680.5,680.24,680.43,258.13
2025-07-15T12:22:00.000000Z,680.42,680.5,680.27,680.32,124.55
2025-07-15T12:23:00.000000Z,680.32,680.37,680.16,680.33,104.61
2025-07-15T12:24:00.000000Z,680.34,680.66,680.32,680.66,91.11
2025-07-15T12:25:00.000000Z,680.66,680.72,680.48,680.6,258.73
2025-07-15T12:26:00.000000Z,680.59,680.59,680.28,680.3,221.43
2025-07-15T12:27:00.000000Z,680.3,680.6,680.24,680.59,137.41
2025-07-15T12:28:00.000000Z,680.59,680.59,680.47,680.48,79.46
2025-07-15T12:29:00.000000Z,680.48,680.79,680.4,680.78,192.32
2025-07-15T12:30:00.000000Z,680.79,681.95,680.79,681.94,1475.19
2025-07-15T12:31:00.000000Z,681.95,682.6,681.76,682.5,1140.38
2025-07-15T12:32:00.000000Z,682.5,683.2,682.5,682.85,809.6
2025-07-15T12:33:00.000000Z,682.85,683.06,682.2,682.6,635.12
2025-07-15T12:34:00.000000Z,682.6,682.88,682.3,682.77,522.85
2025-07-15T12:35:00.000000Z,682.77,682.88,682.44,682.8,1133.54
2025-07-15T12:36:00.000000Z,682.82,682.86,682.33,682.58,557.27
2025-07-15T12:37:00.000000Z,682.57,682.68,681.93,681.97,612.04
2025-07-15T12:38:00.000000Z,681.97,681.98,680.79,681.17,737.46
2025-07-15T12:39:00.000000Z,681.17,681.17,680.78,681.03,602.26
2025-07-15T12:40:00.000000Z,681.08,681.08,680.62,680.63,326.35
2025-07-15T12:41:00.000000Z,680.62,680.64,679.95,679.96,618.94
2025-07-15T12:42:00.000000Z,679.95,679.96,679.22,679.22,662.59
2025-07-15T12:43:00.000000Z,679.21,679.35,678.58,678.68,997.31
2025-07-15T12:44:00.000000Z,678.67,678.67,677.65,678.36,1176.4
2025-07-15T12:45:00.000000Z,678.36,679.52,678.31,678.74,590.37
2025-07-15T12:46:00.000000Z,678.75,679.98,678.75,679.98,342.65
2025-07-15T12:47:00.000000Z,679.99,680.58,679.84,680.53,534.72
2025-07-15T12:48:00.000000Z,680.54,681.07,680.53,681.02,291.58
2025-07-15T12:49:00.000000Z,681.02,681.19,680.83,681.14,207.83
2025-07-15T12:50:00.000000Z,681.14,681.35,681.09,681.09,188.08
2025-07-15T12:51:00.000000Z,681.1,681.73,681.06,681.37,370.45
2025-07-15T12:52:00.000000Z,681.37,681.71,681.27,681.44,409.07
2025-07-15T12:53:00.000000Z,681.45,681.48,681.26,681.39,124.18
2025-07-15T12:54:00.000000Z,681.4,681.58,681.28,681.47,111.43
2025-07-15T12:55:00.000000Z,681.48,681.58,681.26,681.49,172.7
2025-07-15T12:56:00.000000Z,681.49,681.65,681.35,681.44,522.16
2025-07-15T12:57:00.000000Z,681.45,681.52,681.33,681.52,648.9
2025-07-15T12:58:00.000000Z,681.52,681.75,681.51,681.57,283.2
2025-07-15T12:59:00.000000Z,681.57,681.75,681.54,681.57,187.28
2025-07-15T13:00:00.000000Z,681.57,681.57,681.44,681.5,249.72
2025-07-15T13:01:00.000000Z,681.5,681.62,681.31,681.6,200.33
2025-07-15T13:02:00.000000Z,681.59,681.95,681.45,681.94,311.45
2025-07-15T13:03:00.000000Z,681.94,682.44,681.77,682.38,737.17
2025-07-15T13:04:00.000000Z,682.38,682.77,682.38,682.77,317.04
2025-07-15T13:05:00.000000Z,682.77,683.06,682.56,682.96,414.36
2025-07-15T13:06:00.000000Z,682.97,684.0,682.93,683.87,1048.88
2025-07-15T13:07:00.000000Z,683.86,683.86,683.31,683.36,1679.22
2025-07-15T13:08:00.000000Z,683.36,683.74,683.36,683.74,590.4
2025-07-15T13:09:00.000000Z,683.74,684.43,683.63,684.08,2436.02
2025-07-15T13:10:00.000000Z,684.09,684.45,683.67,684.44,477.56
2025-07-15T13:11:00.000000Z,684.44,684.89,684.37,684.43,769.92
2025-07-15T13:12:00.000000Z,684.43,684.94,684.32,684.86,544.15
2025-07-15T13:13:00.000000Z,684.85,684.86,684.22,684.33,503.62
2025-07-15T13:14:00.000000Z,684.34,684.58,684.24,684.53,451.07
2025-07-15T13:15:00.000000Z,684.53,684.74,684.34,684.74,615.51
2025-07-15T13:16:00.000000Z,684.74,684.79,684.33,684.34,329.46
2025-07-15T13:17:00.000000Z,684.33,684.34,684.0,684.34,586.71
2025-07-15T13:18:00.000000Z,684.34,684.34,683.72,683.73,464.76
2025-07-15T13:19:00.000000Z,683.73,683.77,683.53,683.72,320.8
2025-07-15T13:20:00.000000Z,683.72,683.98,683.62,683.62,208.08
2025-07-15T13:21:00.000000Z,683.63,683.76,683.58,683.7,143.44
2025-07-15T13:22:00.000000Z,683.69,683.7,683.05,683.32,295.63
2025-07-15T13:23:00.000000Z,683.31,683.75,683.2,683.21,140.53
2025-07-15T13:24:00.000000Z,683.22,683.23,682.96,683.13,412.75
2025-07-15T13:25:00.000000Z,683.12,684.0,683.06,683.58,272.45
2025-07-15T13:26:00.000000Z,683.59,684.07,683.59,683.88,215.61
2025-07-15T13:27:00.000000Z,683.88,683.94,683.57,683.73,337.06
2025-07-15T13:28:00.000000Z,683.71,684.05,683.7,684.0,152.09
2025-07-15T13:29:00.000000Z,683.98,684.1,683.75,683.77,215.01
2025-07-15T13:30:00.000000Z,683.76,683.96,683.54,683.55,410.14
2025-07-15T13:31:00.000000Z,683.55,683.62,683.2,683.21,432.32
2025-07-15T13:32:00.000000Z,683.24,683.4,682.99,683.22,458.56
2025-07-15T13:33:00.000000Z,683.22,684.57,683.14,683.96,968.79
2025-07-15T13:34:00.000000Z,683.96,684.15,683.74,684.06,671.18
2025-07-15T13:35:00.000000Z,684.05,684.11,683.58,683.86,573.44
2025-07-15T13:36:00.000000Z,683.86,684.18,683.72,683.88,277.46
2025-07-15T13:37:00.000000Z,683.95,684.0,682.54,683.89,3655.14
2025-07-15T13:38:00.000000Z,683.9,684.08,683.4,683.4,424.7
2025-07-15T13:39:00.000000Z,683.4,683.55,682.43,682.62,644.38
2025-07-15T13:40:00.000000Z,682.62,683.44,682.42,683.41,358.23
2025-07-15T13:41:00.000000Z,683.41,683.58,683.1,683.39,313.64
2025-07-15T13:42:00.000000Z,683.38,684.07,683.21,684.07,246.04
2025-07-15T13:43:00.000000Z,684.07,685.33,684.07,685.19,1194.07
2025-07-15T13:44:00.000000Z,685.18,685.18,684.85,684.91,622.34
2025-07-15T13:45:00.000000Z,684.91,685.71,684.74,685.66,838.32
2025-07-15T13:46:00.000000Z,685.67,685.87,684.78,684.78,563.53
2025-07-15T13:47:00.000000Z,684.79,685.26,684.68,684.79,386.96
2025-07-15T13:48:00.000000Z,684.8,685.7,684.74,685.67,401.3
2025-07-15T13:49:00.000000Z,685.67,685.9,685.23,685.52,499.34
2025-07-15T13:50:00.000000Z,685.52,686.2,685.43,686.07,360.48
2025-07-15T13:51:00.000000Z,686.07,686.18,685.62,685.75,609.2
2025-07-15T13:52:00.000000Z,685.76,685.9,684.77,684.79,842.14
2025-07-15T13:53:00.000000Z,684.79,685.22,684.66,685.2,322.19
2025-07-15T13:54:00.000000Z,685.2,685.66,685.19,685.66,238.89
2025-07-15T13:55:00.000000Z,685.67,686.6,685.56,686.59,983.22
2025-07-15T13:56:00.000000Z,686.59,686.66,686.38,686.39,249.78
2025-07-15T13:57:00.000000Z,686.39,686.64,686.19,686.19,285.1
2025-07-15T13:58:00.000000Z,686.18,686.19,685.8,686.0,362.44
2025-07-15T13:59:00.000000Z,686.0,686.0,685.5,685.51,238.78
2025-07-15T14:00:00.000000Z,685.51,685.94,685.51,685.69,316.07
2025-07-15T14:01:00.000000Z,685.69,686.23,685.57,686.19,289.7
2025-07-15T14:02:00.000000Z,686.19,686.48,686.09,686.33,305.01
2025-07-15T14:03:00.000000Z,686.33,686.34,685.62,685.98,580.26
2025-07-15T14:04:00.000000Z,685.98,685.98,684.99,685.3,1646.63
2025-07-15T14:05:00.000000Z,685.3,685.98,685.15,685.68,571.1
2025-07-15T14:06:00.000000Z,685.68,686.4,685.67,686.4,233.99
2025-07-15T14:07:00.000000Z,686.4,686.87,686.4,686.83,401.24
2025-07-15T14:08:00.000000Z,686.84,687.46,686.74,687.45,1476.43
2025-07-15T14:09:00.000000Z,687.46,687.77,687.45,687.49,402.88
2025-07-15T14:10:00.000000Z,687.5,687.62,686.86,686.98,489.38
2025-07-15T14:11:00.000000Z,686.99,687.58,686.99,687.58,230.97
2025-07-15T14:12:00.000000Z,687.59,687.59,687.27,687.43,242.63
2025-07-15T14:13:00.000000Z,687.44,687.46,686.84,687.11,458.68
2025-07-15T14:14:00.000000Z,687.12,687.42,687.12,687.29,305.0
2025-07-15T14:15:00.000000Z,687.28,687.29,686.8,687.12,606.82
2025-07-15T14:16:00.000000Z,687.12,687.12,686.71,686.9,293.81
2025-07-15T14:17:00.000000Z,686.89,686.9,685.51,685.8,1237.08
2025-07-15T14:18:00.000000Z,685.8,685.92,685.3,685.3,509.64
2025-07-15T14:19:00.000000Z,685.3,685.7,685.2,685.7,276.33
2025-07-15T14:20:00.000000Z,685.69,685.75,685.37,685.68,216.61
2025-07-15T14:21:00.000000Z,685.67,685.84,685.14,685.15,438.53
2025-07-15T14:22:00.000000Z,685.15,685.15,684.7,684.75,371.79
2025-07-15T14:23:00.000000Z,684.74,684.77,684.58,684.77,172.21
2025-07-15T14:24:00.000000Z,684.77,685.2,684.77,684.81,246.65
2025-07-15T14:25:00.000000Z,684.8,684.8,684.23,684.35,1364.18
2025-07-15T14:26:00.000000Z,684.35,684.64,684.29,684.37,143.5
2025-07-15T14:27:00.000000Z,684.36,684.84,684.36,684.61,200.27
2025-07-15T14:28:00.000000Z,684.62,684.9,684.54,684.69,216.37
2025-07-15T14:29:00.000000Z,684.69,684.72,684.36,684.37,199.72
2025-07-15T14:30:00.000000Z,684.36,684.49,684.18,684.49,265.65
2025-07-15T14:31:00.000000Z,684.5,684.58,683.14,683.14,683.8
2025-07-15T14:32:00.000000Z,683.13,684.0,682.63,683.99,809.74
2025-07-15T14:33:00.000000Z,683.99,683.99,683.29,683.41,218.97
2025-07-15T14:34:00.000000Z,683.41,683.76,683.32,683.4,386.34
2025-07-15T14:35:00.000000Z,683.4,683.67,682.74,682.9,686.34
2025-07-15T14:36:00.000000Z,682.9,683.38,682.78,682.78,532.59
2025-07-15T14:37:00.000000Z,682.78,682.78,682.1,682.14,810.45
2025-07-15T14:38:00.000000Z,682.14,682.14,681.53,681.84,1692.47
2025-07-15T14:39:00.000000Z,681.83,682.07,681.67,681.79,797.98
2025-07-15T14:40:00.000000Z,681.78,682.19,681.58,681.65,726.92
2025-07-15T14:41:00.000000Z,681.65,681.85,681.11,681.17,632.43
2025-07-15T14:42:00.000000Z,681.17,681.31,680.03,680.23,1283.17
2025-07-15T14:43:00.000000Z,680.24,680.25,679.5,679.72,1288.36
2025-07-15T14:44:00.000000Z,679.71,680.9,679.49,680.75,741.79
2025-07-15T14:45:00.000000Z,680.74,680.74,679.85,680.26,668.21
2025-07-15T14:46:00.000000Z,680.25,681.09,680.12,681.03,523.55
2025-07-15T14:47:00.000000Z,681.04,681.16,680.51,680.52,460.58
2025-07-15T14:48:00.000000Z,680.52,681.4,680.52,681.03,505.84
2025-07-15T14:49:00.000000Z,681.0,681.31,680.92,681.2,297.19
2025-07-15T14:50:00.000000Z,681.15,681.35,680.14,680.14,657.19
2025-07-15T14:51:00.000000Z,680.13,680.54,679.19,679.29,1954.1
2025-07-15T14:52:00.000000Z,679.29,679.39,678.16,678.71,2266.74
2025-07-15T14:53:00.000000Z,678.64,679.15,678.48,679.0,770.31
2025-07-15T14:54:00.000000Z,679.0,679.15,678.26,678.52,887.9
2025-07-15T14:55:00.000000Z,678.52,678.52,677.83,678.05,1027.66
2025-07-15T14:56:00.000000Z,678.04,678.14,676.8,677.07,2516.28
2025-07-15T14:57:00.000000Z,677.07,679.02,677.07,678.66,1687.32
2025-07-15T14:58:00.000000Z,678.68,678.89,678.16,678.89,607.99
2025-07-15T14:59:00.000000Z,678.9,678.91,678.23,678.53,499.58
2025-07-15T15:00:00.000000Z,678.53,678.86,677.47,678.21,1678.49
2025-07-15T15:01:00.000000Z,678.24,678.58,677.81,677.81,724.74
2025-07-15T15:02:00.000000Z,677.82,678.83,677.82,678.26,644.65
2025-07-15T15:03:00.000000Z,678.26,679.1,678.25,678.94,659.69
2025-07-15T15:04:00.000000Z,678.93,679.23,678.66,678.82,851.28
2025-07-15T15:05:00.000000Z,678.83,679.38,678.62,679.37,893.77
2025-07-15T15:06:00.000000Z,679.37,680.18,679.06,680.13,908.04
2025-07-15T15:07:00.000000Z,680.13,680.83,680.02,680.62,1146.19
2025-07-15T15:08:00.000000Z,680.62,681.08,680.62,681.07,283.91
2025-07-15T15:09:00.000000Z,681.08,681.22,680.47,680.47,460.0
2025-07-15T15:10:00.000000Z,680.46,680.97,680.3,680.86,531.97
2025-07-15T15:11:00.000000Z,680.86,680.96,680.48,680.74,408.39
2025-07-15T15:12:00.000000Z,680.74,680.8,680.27,680.27,344.51
2025-07-15T15:13:00.000000Z,680.26,680.36,679.98,680.2,317.19
2025-07-15T15:14:00.000000Z,680.2,680.27,680.0,680.0,173.66
2025-07-15T15:15:00.000000Z,680.01,680.97,679.84,680.97,379.19
2025-07-15T15:16:00.000000Z,680.97,681.1,680.6,680.97,497.55
2025-07-15T15:17:00.000000Z,680.98,681.24,680.89,681.03,1409.21
2025-07-15T15:18:00.000000Z,681.03,681.3,680.97,681.08,195.49
2025-07-15T15:19:00.000000Z,681.09,681.18,680.88,680.95,314.06
2025-07-15T15:20:00.000000Z,680.94,680.94,680.07,680.07,761.6
2025-07-15T15:21:00.000000Z,680.08,680.44,680.08,680.23,407.29
2025-07-15T15:22:00.000000Z,680.22,680.54,680.19,680.25,204.92
2025-07-15T15:23:00.000000Z,680.27,680.47,679.36,679.36,449.03
2025-07-15T15:24:00.000000Z,679.35,679.55,678.84,679.21,742.15
2025-07-15T15:25:00.000000Z,679.21,679.87,679.18,679.33,301.35
2025-07-15T15:26:00.000000Z,679.32,679.61,679.25,679.58,296.04
2025-07-15T15:27:00.000000Z,679.57,679.58,679.4,679.41,208.54
2025-07-15T15:28:00.000000Z,679.41,679.41,679.04,679.05,256.39
2025-07-15T15:29:00.000000Z,679.05,680.13,679.05,680.02,628.8
2025-07-15T15:30:00.000000Z,680.01,681.06,680.01,680.87,525.47
2025-07-15T15:31:00.000000Z,680.87,681.42,680.73,680.73,379.09
2025-07-15T15:32:00.000000Z,680.72,680.91,680.48,680.48,327.28
2025-07-15T15:33:00.000000Z,680.46,680.46,679.59,679.74,387.41
2025-07-15T15:34:00.000000Z,679.75,680.82,679.74,680.6,250.36
2025-07-15T15:35:00.000000Z,680.61,680.96,680.6,680.77,187.94
2025-07-15T15:36:00.000000Z,680.77,681.12,680.77,681.04,201.72
2025-07-15T15:37:00.000000Z,681.04,681.15,680.68,681.12,311.58
2025-07-15T15:38:00.000000Z,681.13,681.62,681.13,681.6,209.01
2025-07-15T15:39:00.000000Z,681.6,681.74,681.38,681.74,363.74
2025-07-15T15:40:00.000000Z,681.75,681.87,681.42,681.42,304.12
2025-07-15T15:41:00.000000Z,681.43,681.72,681.36,681.72,435.72
2025-07-15T15:42:00.000000Z,681.72,681.97,681.59,681.97,408.52
2025-07-15T15:43:00.000000Z,681.98,682.74,681.97,682.63,331.95
2025-07-15T15:44:00.000000Z,682.64,682.82,682.02,682.1,662.05
2025-07-15T15:45:00.000000Z,682.1,683.12,682.1,682.82,859.62
2025-07-15T15:46:00.000000Z,682.82,682.89,682.57,682.8,539.62
2025-07-15T15:47:00.000000Z,682.8,683.21,682.76,683.21,415.45
2025-07-15T15:48:00.000000Z,683.22,683.61,683.22,683.56,398.22
2025-07-15T15:49:00.000000Z,683.57,683.72,683.23,683.37,454.2
2025-07-15T15:50:00.000000Z,683.37,683.69,683.12,683.29,728.1
2025-07-15T15:51:00.000000Z,683.3,683.72,683.26,683.71,239.76
2025-07-15T15:52:00.000000Z,683.72,684.0,683.71,683.89,230.63
2025-07-15T15:53:00.000000Z,683.9,683.96,683.64,683.91,484.96
2025-07-15T15:54:00.000000Z,683.91,684.12,683.6,684.11,465.57
2025-07-15T15:55:00.000000Z,684.11,684.35,684.05,684.09,262.75
2025-07-15T15:56:00.000000Z,684.08,684.08,683.69,683.73,524.22
2025-07-15T15:57:00.000000Z,683.73,683.74,683.25,683.25,233.07
2025-07-15T15:58:00.000000Z,683.25,683.34,683.16,683.22,308.7
2025-07-15T15:59:00.000000Z,683.23,683.23,683.04,683.15,216.6
2025-07-15T16:00:00.000000Z,683.15,683.53,683.08,683.26,946.94
2025-07-15T16:01:00.000000Z,683.26,683.26,682.9,682.91,360.23
2025-07-15T16:02:00.000000Z,682.9,683.41,682.67,683.41,385.56
2025-07-15T16:03:00.000000Z,683.41,683.85,683.4,683.74,527.37
2025-07-15T16:04:00.000000Z,683.74,684.12,683.7,684.12,485.16
2025-07-15T16:05:00.000000Z,684.11,684.52,683.98,684.22,945.43
2025-07-15T16:06:00.000000Z,684.22,684.58,684.21,684.33,1190.32
2025-07-15T16:07:00.000000Z,684.33,684.36,684.08,684.08,501.51
2025-07-15T16:08:00.000000Z,684.08,684.09,683.83,683.83,260.02
2025-07-15T16:09:00.000000Z,683.83,684.27,683.62,684.25,360.0
2025-07-15T16:10:00.000000Z,684.25,684.25,683.68,684.0,690.58
2025-07-15T16:11:00.000000Z,684.0,684.53,683.96,684.53,292.76
2025-07-15T16:12:00.000000Z,684.53,684.98,684.49,684.72,268.02
2025-07-15T16:13:00.000000Z,684.72,684.9,684.5,684.51,463.43
2025-07-15T16:14:00.000000Z,684.51,684.68,683.66,683.66,475.67
2025-07-15T16:15:00.000000Z,683.65,683.93,683.33,683.89,639.08
2025-07-15T16:16:00.000000Z,683.88,684.15,683.26,683.27,300.3
2025-07-15T16:17:00.000000Z,683.26,683.63,683.13,683.35,188.77
2025-07-15T16:18:00.000000Z,683.35,683.6,682.87,682.87,151.9
2025-07-15T16:19:00.000000Z,682.87,683.2,682.84,683.12,272.69
2025-07-15T16:20:00.000000Z,683.14,683.99,683.08,683.95,171.02
2025-07-15T16:21:00.000000Z,683.95,684.2,683.52,683.88,229.46
2025-07-15T16:22:00.000000Z,683.89,684.4,683.7,684.4,596.14
2025-07-15T16:23:00.000000Z,684.4,684.47,683.96,684.33,174.81
2025-07-15T16:24:00.000000Z,684.34,684.35,683.74,683.85,148.83
2025-07-15T16:25:00.000000Z,683.85,684.18,683.6,683.79,224.8
2025-07-15T16:26:00.000000Z,683.79,683.92,683.28,683.28,230.23
2025-07-15T16:27:00.000000Z,683.29,683.88,683.28,683.78,187.21
2025-07-15T16:28:00.000000Z,683.78,684.0,683.34,683.34,175.85
2025-07-15T16:29:00.000000Z,683.33,683.34,683.02,683.17,267.48
2025-07-15T16:30:00.000000Z,683.17,684.08,683.17,684.08,164.62
2025-07-15T16:31:00.000000Z,684.12,684.4,684.06,684.4,335.42
2025-07-15T16:32:00.000000Z,684.4,684.8,684.37,684.45,236.49
2025-07-15T16:33:00.000000Z,684.46,684.76,684.46,684.76,175.09
2025-07-15T16:34:00.000000Z,684.75,684.76,683.99,683.99,414.74
2025-07-15T16:35:00.000000Z,683.99,684.44,683.82,684.44,140.91
2025-07-15T16:36:00.000000Z,684.43,684.5,684.26,684.27,174.06
2025-07-15T16:37:00.000000Z,684.27,684.58,684.2,684.25,95.13
2025-07-15T16:38:00.000000Z,684.25,684.56,684.17,684.55,127.08
2025-07-15T16:39:00.000000Z,684.56,684.76,684.52,684.6,77.64
2025-07-15T16:40:00.000000Z,684.6,685.2,684.6,685.1,211.4
2025-07-15T16:41:00.000000Z,685.1,685.7,685.09,685.69,353.72
2025-07-15T16:42:00.000000Z,685.7,685.86,685.59,685.59,204.76
2025-07-15T16:43:00.000000Z,685.59,685.8,685.56,685.66,276.56
2025-07-15T16:44:00.000000Z,685.67,685.94,685.66,685.93,250.92
2025-07-15T16:45:00.000000Z,685.94,686.14,685.9,686.08,925.99
2025-07-15T16:46:00.000000Z,686.09,686.09,685.67,685.82,172.37
2025-07-15T16:47:00.000000Z,685.82,686.09,685.67,685.82,345.98
2025-07-15T16:48:00.000000Z,685.82,686.1,685.55,685.55,88.46
2025-07-15T16:49:00.000000Z,685.54,685.72,685.26,685.26,272.75
2025-07-15T16:50:00.000000Z,685.26,685.5,684.99,685.5,238.61
2025-07-15T16:51:00.000000Z,685.49,686.02,685.38,685.96,208.82
2025-07-15T16:52:00.000000Z,685.97,685.97,685.57,685.65,159.72
2025-07-15T16:53:00.000000Z,685.69,685.89,685.56,685.87,340.81
2025-07-15T16:54:00.000000Z,685.88,685.88,685.36,685.36,144.44
2025-07-15T16:55:00.000000Z,685.37,685.72,685.34,685.43,99.26
2025-07-15T16:56:00.000000Z,685.43,685.43,684.87,685.06,124.73
2025-07-15T16:57:00.000000Z,685.05,685.09,684.88,684.94,259.02
2025-07-15T16:58:00.000000Z,684.95,684.95,684.59,684.78,1283.61
2025-07-15T16:59:00.000000Z,684.76,684.9,684.39,684.9,244.29
2025-07-15T17:00:00.000000Z,684.89,685.36,684.85,685.3,431.81
2025-07-15T17:01:00.000000Z,685.3,685.34,685.08,685.2,133.69
2025-07-15T17:02:00.000000Z,685.2,685.5,685.14,685.43,213.32
2025-07-15T17:03:00.000000Z,685.43,685.43,684.74,685.06,532.98
2025-07-15T17:04:00.000000Z,685.06,685.35,684.84,684.84,610.68
2025-07-15T17:05:00.000000Z,684.84,685.0,684.6,684.82,1562.37
2025-07-15T17:06:00.000000Z,684.82,684.82,684.06,684.25,998.56
2025-07-15T17:07:00.000000Z,684.25,684.32,683.62,683.62,1348.45
2025-07-15T17:08:00.000000Z,683.63,684.04,683.44,683.7,1356.28
2025-07-15T17:09:00.000000Z,683.71,684.04,683.68,684.0,428.42
2025-07-15T17:10:00.000000Z,683.99,684.36,683.99,684.21,192.13
2025-07-15T17:11:00.000000Z,684.21,684.72,684.21,684.6,168.06
2025-07-15T17:12:00.000000Z,684.6,685.14,684.6,685.12,215.27
2025-07-15T17:13:00.000000Z,685.13,685.35,685.13,685.25,281.26
2025-07-15T17:14:00.000000Z,685.25,685.31,685.09,685.26,32.83
2025-07-15T17:15:00.000000Z,685.25,685.36,684.72,684.72,274.21
2025-07-15T17:16:00.000000Z,684.73,685.0,684.63,684.99,120.46
2025-07-15T17:17:00.000000Z,685.0,685.14,684.96,685.09,75.8
2025-07-15T17:18:00.000000Z,685.1,685.67,685.09,685.67,376.16
2025-07-15T17:19:00.000000Z,685.66,686.0,685.59,685.71,251.22
2025-07-15T17:20:00.000000Z,685.72,685.94,685.6,685.6,208.93
2025-07-15T17:21:00.000000Z,685.61,685.67,685.5,685.67,111.04
2025-07-15T17:22:00.000000Z,685.67,685.99,685.66,685.86,151.13
2025-07-15T17:23:00.000000Z,685.85,686.0,685.76,686.0,76.66
2025-07-15T17:24:00.000000Z,686.0,686.13,685.86,686.02,120.64
2025-07-15T17:25:00.000000Z,686.01,686.06,685.86,686.06,90.96
2025-07-15T17:26:00.000000Z,686.05,686.06,685.87,685.96,116.13
2025-07-15T17:27:00.000000Z,685.96,685.98,685.84,685.98,123.81
2025-07-15T17:28:00.000000Z,685.98,686.53,685.97,686.47,383.46
2025-07-15T17:29:00.000000Z,686.47,686.94,686.46,686.67,660.94
2025-07-15T17:30:00.000000Z,686.68,686.74,686.34,686.34,630.55
2025-07-15T17:31:00.000000Z,686.35,686.42,686.18,686.19,132.12
2025-07-15T17:32:00.000000Z,686.19,686.41,686.18,686.23,326.25
2025-07-15T17:33:00.000000Z,686.23,686.23,686.01,686.05,276.11
2025-07-15T17:34:00.000000Z,686.05,686.05,685.88,686.0,200.74
2025-07-15T17:35:00.000000Z,686.03,686.2,686.02,686.19,148.99
2025-07-15T17:36:00.000000Z,686.2,686.85,686.19,686.75,259.84
2025-07-15T17:37:00.000000Z,686.75,686.87,686.68,686.86,277.26
2025-07-15T17:38:00.000000Z,686.86,687.19,686.86,687.17,465.0
2025-07-15T17:39:00.000000Z,687.17,687.18,686.99,686.99,117.55
2025-07-15T17:40:00.000000Z,687.0,687.14,686.99,687.14,113.72
2025-07-15T17:41:00.000000Z,687.13,687.13,686.9,687.1,165.78
2025-07-15T17:42:00.000000Z,687.1,687.17,687.0,687.16,184.16
2025-07-15T17:43:00.000000Z,687.16,687.16,686.9,687.01,280.91
2025-07-15T17:44:00.000000Z,687.01,687.44,687.0,687.22,429.06
2025-07-15T17:45:00.000000Z,687.23,687.3,686.97,687.1,233.18
2025-07-15T17:46:00.000000Z,687.1,687.24,686.97,687.24,186.33
2025-07-15T17:47:00.000000Z,687.24,687.34,687.14,687.29,194.18
2025-07-15T17:48:00.000000Z,687.29,687.51,687.29,687.42,363.77
2025-07-15T17:49:00.000000Z,687.43,687.43,687.09,687.29,188.23
2025-07-15T17:50:00.000000Z,687.29,687.48,687.22,687.47,256.31
2025-07-15T17:51:00.000000Z,687.47,687.58,687.45,687.52,254.21
2025-07-15T17:52:00.000000Z,687.51,687.6,687.43,687.58,280.12
2025-07-15T17:53:00.000000Z,687.57,687.8,687.57,687.79,115.46
2025-07-15T17:54:00.000000Z,687.79,687.94,687.79,687.87,219.69
2025-07-15T17:55:00.000000Z,687.88,688.0,687.72,687.73,414.33
2025-07-15T17:56:00.000000Z,687.73,687.99,687.72,687.92,366.83
2025-07-15T17:57:00.000000Z,687.92,688.01,687.8,687.97,165.01
2025-07-15T17:58:00.000000Z,687.97,688.17,687.97,688.17,224.07
2025-07-15T17:59:00.000000Z,688.16,688.43,688.16,688.21,504.42
2025-07-15T18:00:00.000000Z,688.21,688.51,688.17,688.2,1163.33
2025-07-15T18:01:00.000000Z,688.2,688.24,687.54,688.0,850.05
2025-07-15T18:02:00.000000Z,687.99,688.26,687.99,688.05,702.89
2025-07-15T18:03:00.000000Z,688.04,688.32,688.0,688.24,274.42
2025-07-15T18:04:00.000000Z,688.23,688.23,687.96,688.07,256.17
2025-07-15T18:05:00.000000Z,688.07,688.12,687.75,688.05,347.96
2025-07-15T18:06:00.000000Z,688.05,688.22,687.94,688.14,334.14
2025-07-15T18:07:00.000000Z,688.14,688.15,687.46,687.77,1112.8
2025-07-15T18:08:00.000000Z,687.78,687.99,687.69,687.77,212.8
2025-07-15T18:09:00.000000Z,687.77,687.78,687.59,687.72,308.64
2025-07-15T18:10:00.000000Z,687.71,687.96,687.71,687.8,156.58
2025-07-15T18:11:00.000000Z,687.8,687.94,687.61,687.93,167.23
2025-07-15T18:12:00.000000Z,687.94,688.12,687.84,687.85,185.54
2025-07-15T18:13:00.000000Z,687.85,687.92,687.67,687.91,150.29
2025-07-15T18:14:00.000000Z,687.9,687.93,687.76,687.93,137.12
2025-07-15T18:15:00.000000Z,687.92,688.13,687.92,688.06,198.9
2025-07-15T18:16:00.000000Z,688.05,688.05,687.78,687.94,116.43
2025-07-15T18:17:00.000000Z,687.94,688.02,687.89,687.96,97.48
2025-07-15T18:18:00.000000Z,687.96,688.2,687.96,688.09,171.42
2025-07-15T18:19:00.000000Z,688.09,688.09,687.87,687.89,93.01
2025-07-15T18:20:00.000000Z,687.89,688.14,687.89,688.11,148.15
2025-07-15T18:21:00.000000Z,688.1,688.93,687.98,688.92,856.73
2025-07-15T18:22:00.000000Z,688.93,688.98,688.63,688.84,368.25
2025-07-15T18:23:00.000000Z,688.84,688.86,688.58,688.85,153.36
2025-07-15T18:24:00.000000Z,688.86,688.86,688.38,688.55,282.74
2025-07-15T18:25:00.000000Z,688.55,688.72,688.37,688.52,249.54
2025-07-15T18:26:00.000000Z,688.52,688.52,687.66,687.67,486.82
2025-07-15T18:27:00.000000Z,687.67,687.68,687.04,687.15,526.61
2025-07-15T18:28:00.000000Z,687.15,687.67,687.15,687.67,419.34
2025-07-15T18:29:00.000000Z,687.66,687.68,687.37,687.37,207.22
2025-07-15T18:30:00.000000Z,687.38,687.49,687.09,687.09,324.57
2025-07-15T18:31:00.000000Z,687.08,687.08,686.3,686.33,929.6
2025-07-15T18:32:00.000000Z,686.3,686.56,686.08,686.55,637.27
2025-07-15T18:33:00.000000Z,686.56,686.58,684.76,685.21,3159.51
2025-07-15T18:34:00.000000Z,685.21,685.6,685.04,685.48,393.3
2025-07-15T18:35:00.000000Z,685.48,685.59,684.95,685.1,498.37
2025-07-15T18:36:00.000000Z,685.1,685.2,684.26,684.26,1841.36
2025-07-15T18:37:00.000000Z,684.25,684.25,683.72,684.01,1149.52
2025-07-15T18:38:00.000000Z,684.0,684.61,683.52,684.61,931.78
2025-07-15T18:39:00.000000Z,684.61,685.12,684.38,684.69,407.03
2025-07-15T18:40:00.000000Z,684.69,685.22,684.69,684.95,771.14
2025-07-15T18:41:00.000000Z,684.95,684.95,683.8,683.97,762.04
2025-07-15T18:42:00.000000Z,683.98,684.9,683.93,684.74,344.07
2025-07-15T18:43:00.000000Z,684.73,685.73,684.66,685.73,326.16
2025-07-15T18:44:00.000000Z,685.71,685.72,684.8,684.8,468.08
2025-07-15T18:45:00.000000Z,684.81,685.78,684.64,685.58,1097.23
2025-07-15T18:46:00.000000Z,685.59,685.77,685.4,685.52,302.8
2025-07-15T18:47:00.000000Z,685.52,686.08,685.52,686.0,443.84
2025-07-15T18:48:00.000000Z,686.01,686.18,685.88,686.18,237.05
2025-07-15T18:49:00.000000Z,686.17,686.18,685.71,685.89,204.54
2025-07-15T18:50:00.000000Z,685.89,686.37,685.88,686.23,294.9
2025-07-15T18:51:00.000000Z,686.24,686.63,685.92,685.92,332.53
2025-07-15T18:52:00.000000Z,685.92,686.33,685.91,686.29,343.81
2025-07-15T18:53:00.000000Z,686.27,686.38,686.15,686.25,126.1
2025-07-15T18:54:00.000000Z,686.25,686.44,686.14,686.25,173.62
2025-07-15T18:55:00.000000Z,686.25,686.39,686.05,686.21,153.75
2025-07-15T18:56:00.000000Z,686.21,686.28,685.92,686.23,226.94
2025-07-15T18:57:00.000000Z,686.2,686.28,685.88,686.17,103.08
2025-07-15T18:58:00.000000Z,686.17,686.17,685.85,685.96,147.42
2025-07-15T18:59:00.000000Z,685.97,686.03,685.54,685.54,105.15
2025-07-15T19:00:00.000000Z,685.53,685.92,685.14,685.81,320.91
2025-07-15T19:01:00.000000Z,685.81,686.01,685.72,686.01,171.24
2025-07-15T19:02:00.000000Z,686.02,686.94,686.01,686.72,348.87
2025-07-15T19:03:00.000000Z,686.73,686.73,686.25,686.4,280.14
2025-07-15T19:04:00.000000Z,686.41,686.62,686.35,686.4,144.75
2025-07-15T19:05:00.000000Z,686.4,686.4,686.1,686.38,204.92
2025-07-15T19:06:00.000000Z,686.38,686.81,686.3,686.81,142.6
2025-07-15T19:07:00.000000Z,686.82,687.13,686.8,686.81,192.69
2025-07-15T19:08:00.000000Z,686.81,687.04,686.8,687.03,58.65
2025-07-15T19:09:00.000000Z,687.03,687.04,686.8,686.81,284.04
2025-07-15T19:10:00.000000Z,686.8,687.27,686.72,687.14,221.72
2025-07-15T19:11:00.000000Z,687.14,687.44,687.1,687.1,146.61
2025-07-15T19:12:00.000000Z,687.11,687.14,686.92,687.14,113.56
2025-07-15T19:13:00.000000Z,687.14,687.35,687.02,687.06,145.22
2025-07-15T19:14:00.000000Z,687.04,687.24,687.03,687.15,63.14
2025-07-15T19:15:00.000000Z,687.14,687.17,686.92,687.04,275.08
2025-07-15T19:16:00.000000Z,687.06,687.06,686.85,687.04,199.39
2025-07-15T19:17:00.000000Z,687.05,687.09,686.97,687.01,58.85
2025-07-15T19:18:00.000000Z,687.02,687.49,687.02,687.41,195.54
2025-07-15T19:19:00.000000Z,687.41,688.02,687.4,688.02,261.74
2025-07-15T19:20:00.000000Z,688.03,688.17,687.96,688.03,398.82
2025-07-15T19:21:00.000000Z,688.02,688.02,687.6,687.78,255.07
2025-07-15T19:22:00.000000Z,687.78,688.2,687.77,688.16,232.67
2025-07-15T19:23:00.000000Z,688.16,688.18,687.72,687.88,546.1
2025-07-15T19:24:00.000000Z,687.88,688.05,687.72,687.92,491.23
2025-07-15T19:25:00.000000Z,687.92,688.0,687.91,688.0,37.28
2025-07-15T19:26:00.000000Z,687.99,688.05,687.33,687.4,320.21
2025-07-15T19:27:00.000000Z,687.39,687.68,687.26,687.42,169.17
2025-07-15T19:28:00.000000Z,687.42,687.53,687.41,687.45,126.14
2025-07-15T19:29:00.000000Z,687.46,687.62,687.43,687.45,77.03
2025-07-15T19:30:00.000000Z,687.45,687.66,687.42,687.56,208.87
2025-07-15T19:31:00.000000Z,687.56,687.56,687.38,687.43,101.4
2025-07-15T19:32:00.000000Z,687.42,687.42,686.61,686.62,136.19
2025-07-15T19:33:00.000000Z,686.63,686.77,686.47,686.76,111.02
2025-07-15T19:34:00.000000Z,686.76,686.77,686.46,686.46,190.41
2025-07-15T19:35:00.000000Z,686.47,686.74,686.46,686.53,150.03
2025-07-15T19:36:00.000000Z,686.53,686.73,686.46,686.56,116.94
2025-07-15T19:37:00.000000Z,686.56,686.56,686.19,686.19,350.97
2025-07-15T19:38:00.000000Z,686.17,686.17,685.45,685.97,541.89
2025-07-15T19:39:00.000000Z,685.96,686.31,685.92,686.1,111.36
2025-07-15T19:40:00.000000Z,686.1,686.58,686.04,686.5,163.34
2025-07-15T19:41:00.000000Z,686.49,686.51,686.09,686.09,187.1
2025-07-15T19:42:00.000000Z,686.08,686.08,685.66,685.82,198.33
2025-07-15T19:43:00.000000Z,685.81,685.82,685.16,685.16,252.73
2025-07-15T19:44:00.000000Z,685.16,685.32,684.77,684.86,393.95
2025-07-15T19:45:00.000000Z,684.85,685.01,684.26,684.37,437.1
2025-07-15T19:46:00.000000Z,684.37,684.43,684.19,684.2,254.67
2025-07-15T19:47:00.000000Z,684.19,684.19,683.81,683.82,359.33
2025-07-15T19:48:00.000000Z,683.81,684.14,683.55,683.61,565.25
2025-07-15T19:49:00.000000Z,683.61,684.35,683.61,684.35,431.84
2025-07-15T19:50:00.000000Z,684.36,684.56,684.19,684.54,393.24
2025-07-15T19:51:00.000000Z,684.53,684.66,684.12,684.12,353.28
2025-07-15T19:52:00.000000Z,684.11,685.12,684.07,684.83,231.61
2025-07-15T19:53:00.000000Z,684.82,685.0,684.66,684.79,157.19
2025-07-15T19:54:00.000000Z,684.79,684.79,684.25,684.69,178.53
2025-07-15T19:55:00.000000Z,684.7,685.27,684.7,685.27,181.4
2025-07-15T19:56:00.000000Z,685.26,685.34,685.15,685.34,177.77
2025-07-15T19:57:00.000000Z,685.34,685.34,684.91,685.09,137.26
2025-07-15T19:58:00.000000Z,685.08,685.08,684.79,684.95,156.15
2025-07-15T19:59:00.000000Z,684.93,685.03,684.69,684.91,127.68
2025-07-15T20:00:00.000000Z,684.91,685.23,684.76,684.99,557.69
2025-07-15T20:01:00.000000Z,684.99,685.08,684.81,684.91,190.8
2025-07-15T20:02:00.000000Z,684.91,685.41,684.88,684.91,234.61
2025-07-15T20:03:00.000000Z,684.91,684.92,684.44,684.44,274.66
2025-07-15T20:04:00.000000Z,684.44,684.72,684.01,684.03,446.51
2025-07-15T20:05:00.000000Z,684.03,684.52,683.64,683.67,320.3
2025-07-15T20:06:00.000000Z,683.67,684.52,683.6,684.26,363.33
2025-07-15T20:07:00.000000Z,684.25,684.81,684.05,684.59,177.81
2025-07-15T20:08:00.000000Z,684.59,684.6,684.05,684.29,240.34
2025-07-15T20:09:00.000000Z,684.29,684.83,684.29,684.46,168.54
2025-07-15T20:10:00.000000Z,684.48,685.22,684.48,685.21,214.86
2025-07-15T20:11:00.000000Z,685.22,685.87,685.22,685.64,327.52
2025-07-15T20:12:00.000000Z,685.64,686.25,685.64,686.25,201.2
2025-07-15T20:13:00.000000Z,686.26,686.48,686.26,686.41,200.65
2025-07-15T20:14:00.000000Z,686.41,686.43,686.13,686.24,145.14
2025-07-15T20:15:00.000000Z,686.24,686.5,686.05,686.19,215.6
2025-07-15T20:16:00.000000Z,686.2,686.63,686.19,686.45,465.24
2025-07-15T20:17:00.000000Z,686.45,686.49,684.78,684.92,625.95
2025-07-15T20:18:00.000000Z,684.92,685.32,684.88,685.32,155.0
2025-07-15T20:19:00.000000Z,685.32,685.66,685.19,685.42,167.99
2025-07-15T20:20:00.000000Z,685.42,685.73,685.19,685.45,196.41
2025-07-15T20:21:00.000000Z,685.46,685.83,685.46,685.8,131.34
2025-07-15T20:22:00.000000Z,685.8,685.8,684.92,685.18,277.93
2025-07-15T20:23:00.000000Z,685.19,685.52,685.19,685.51,83.5
2025-07-15T20:24:00.000000Z,685.51,685.77,685.51,685.73,55.46
2025-07-15T20:25:00.000000Z,685.73,685.98,685.73,685.81,97.61
2025-07-15T20:26:00.000000Z,685.82,685.83,685.73,685.83,73.22
2025-07-15T20:27:00.000000Z,685.82,686.13,685.78,686.12,102.82
2025-07-15T20:28:00.000000Z,686.12,686.22,685.91,685.98,148.92
2025-07-15T20:29:00.000000Z,685.98,686.03,685.97,685.98,44.43
2025-07-15T20:30:00.000000Z,685.98,685.98,684.61,684.61,226.22
2025-07-15T20:31:00.000000Z,684.62,685.58,684.62,685.56,121.3
2025-07-15T20:32:00.000000Z,685.56,685.65,685.37,685.42,80.45
2025-07-15T20:33:00.000000Z,685.43,685.8,685.32,685.8,87.45
2025-07-15T20:34:00.000000Z,685.8,686.22,685.8,685.9,193.47
2025-07-15T20:35:00.000000Z,685.89,685.9,685.49,685.5,107.21
2025-07-15T20:36:00.000000Z,685.51,685.8,685.51,685.8,56.23
2025-07-15T20:37:00.000000Z,685.8,685.8,685.14,685.2,304.71
2025-07-15T20:38:00.000000Z,685.24,685.47,685.24,685.29,50.99
2025-07-15T20:39:00.000000Z,685.29,685.33,684.87,684.87,80.35
2025-07-15T20:40:00.000000Z,684.86,685.47,684.76,685.32,130.49
2025-07-15T20:41:00.000000Z,685.32,685.51,685.32,685.41,109.26
2025-07-15T20:42:00.000000Z,685.41,685.61,685.41,685.47,167.36
2025-07-15T20:43:00.000000Z,685.47,685.59,685.38,685.5,71.12
2025-07-15T20:44:00.000000Z,685.5,686.13,685.5,685.88,1334.32
2025-07-15T20:45:00.000000Z,685.88,686.1,685.87,686.06,61.16
2025-07-15T20:46:00.000000Z,686.07,686.16,685.91,686.15,131.34
2025-07-15T20:47:00.000000Z,686.15,686.22,686.05,686.14,100.7
2025-07-15T20:48:00.000000Z,686.15,686.15,685.69,685.78,99.55
2025-07-15T20:49:00.000000Z,685.79,685.98,685.79,685.86,37.49
2025-07-15T20:50:00.000000Z,685.87,685.87,685.53,685.61,181.87
2025-07-15T20:51:00.000000Z,685.6,685.84,685.5,685.5,55.16
2025-07-15T20:52:00.000000Z,685.5,685.81,685.49,685.81,39.42
2025-07-15T20:53:00.000000Z,685.81,685.9,685.66,685.89,51.02
2025-07-15T20:54:00.000000Z,685.89,685.89,685.57,685.64,40.21
2025-07-15T20:55:00.000000Z,685.64,685.8,685.52,685.58,51.32
2025-07-15T20:56:00.000000Z,685.59,685.67,685.45,685.55,112.34
2025-07-15T20:57:00.000000Z,685.56,685.64,685.55,685.6,24.46
2025-07-15T20:58:00.000000Z,685.6,685.75,685.6,685.65,106.93
2025-07-15T20:59:00.000000Z,685.65,685.65,684.96,684.96,386.01
2025-07-15T21:00:00.000000Z,684.97,685.2,684.89,685.04,407.4
2025-07-15T21:01:00.000000Z,685.04,685.39,684.97,685.39,222.14
2025-07-15T21:02:00.000000Z,685.38,685.94,685.38,685.93,180.54
2025-07-15T21:03:00.000000Z,685.93,686.08,685.72,686.08,216.3
2025-07-15T21:04:00.000000Z,686.07,686.08,685.92,686.05,153.88
2025-07-15T21:05:00.000000Z,686.05,686.06,685.93,686.0,90.5
2025-07-15T21:06:00.000000Z,686.0,686.19,686.0,686.19,349.43
2025-07-15T21:07:00.000000Z,686.19,686.34,686.18,686.18,126.82
2025-07-15T21:08:00.000000Z,686.18,686.24,686.18,686.18,65.21
2025-07-15T21:09:00.000000Z,686.18,686.24,686.09,686.23,203.65
2025-07-15T21:10:00.000000Z,686.24,686.41,686.24,686.24,130.02
2025-07-15T21:11:00.000000Z,686.25,686.52,686.25,686.43,201.9
2025-07-15T21:12:00.000000Z,686.44,687.4,686.44,687.39,315.81
2025-07-15T21:13:00.000000Z,687.39,687.4,687.1,687.31,362.12
2025-07-15T21:14:00.000000Z,687.3,687.42,687.19,687.34,59.7
2025-07-15T21:15:00.000000Z,687.35,687.35,686.9,687.04,316.32
2025-07-15T21:16:00.000000Z,687.04,687.31,687.04,687.31,97.41
2025-07-15T21:17:00.000000Z,687.31,687.35,687.06,687.22,96.42
2025-07-15T21:18:00.000000Z,687.22,687.37,687.22,687.36,66.48
2025-07-15T21:19:00.000000Z,687.37,687.38,687.18,687.38,83.81
2025-07-15T21:20:00.000000Z,687.39,687.64,687.38,687.43,162.66
2025-07-15T21:21:00.000000Z,687.44,687.44,687.1,687.11,117.8
2025-07-15T21:22:00.000000Z,687.11,687.44,687.11,687.34,80.63
2025-07-15T21:23:00.000000Z,687.35,687.55,687.35,687.54,33.32
2025-07-15T21:24:00.000000Z,687.55,687.75,687.54,687.71,225.28
2025-07-15T21:25:00.000000Z,687.71,687.71,687.49,687.57,37.16
2025-07-15T21:26:00.000000Z,687.57,687.77,687.57,687.66,109.66
2025-07-15T21:27:00.000000Z,687.67,687.72,687.66,687.72,58.04
2025-07-15T21:28:00.000000Z,687.75,687.78,687.7,687.7,89.13
2025-07-15T21:29:00.000000Z,687.71,687.72,687.69,687.69,76.51
2025-07-15T21:30:00.000000Z,687.69,687.82,687.45,687.46,149.22
2025-07-15T21:31:00.000000Z,687.45,687.6,687.37,687.6,97.69
2025-07-15T21:32:00.000000Z,687.6,687.75,687.56,687.74,93.4
2025-07-15T21:33:00.000000Z,687.74,688.0,687.74,687.97,362.37
2025-07-15T21:34:00.000000Z,687.97,688.0,687.53,687.53,107.28
2025-07-15T21:35:00.000000Z,687.53,687.62,687.5,687.61,32.81
2025-07-15T21:36:00.000000Z,687.62,688.21,687.61,687.99,161.43
2025-07-15T21:37:00.000000Z,687.99,688.29,687.98,688.29,60.4
2025-07-15T21:38:00.000000Z,688.29,688.38,688.29,688.32,65.36
2025-07-15T21:39:00.000000Z,688.31,688.4,688.31,688.39,27.32
2025-07-15T21:40:00.000000Z,688.4,688.48,688.18,688.39,322.56
2025-07-15T21:41:00.000000Z,688.38,688.65,688.38,688.65,102.24
2025-07-15T21:42:00.000000Z,688.65,688.95,688.65,688.95,186.34
2025-07-15T21:43:00.000000Z,688.95,689.5,688.94,689.13,898.37
2025-07-15T21:44:00.000000Z,689.14,689.26,689.09,689.26,108.93
2025-07-15T21:45:00.000000Z,689.26,689.51,689.25,689.45,160.12
2025-07-15T21:46:00.000000Z,689.45,689.45,689.18,689.18,113.83
2025-07-15T21:47:00.000000Z,689.18,689.18,688.89,688.9,58.78
2025-07-15T21:48:00.000000Z,688.89,688.89,688.42,688.66,261.11
2025-07-15T21:49:00.000000Z,688.66,688.66,688.61,688.66,84.73
2025-07-15T21:50:00.000000Z,688.65,688.72,688.65,688.71,30.55
2025-07-15T21:51:00.000000Z,688.72,689.0,688.71,689.0,25.26
2025-07-15T21:52:00.000000Z,689.0,689.18,689.0,689.13,83.39
2025-07-15T21:53:00.000000Z,689.14,689.14,689.09,689.1,52.13
2025-07-15T21:54:00.000000Z,689.09,689.1,689.09,689.09,23.38
2025-07-15T21:55:00.000000Z,689.09,689.1,689.09,689.1,31.43
2025-07-15T21:56:00.000000Z,689.1,689.13,689.02,689.13,62.2
2025-07-15T21:57:00.000000Z,689.13,689.44,689.13,689.44,61.55
2025-07-15T21:58:00.000000Z,689.44,689.44,689.3,689.3,71.95
2025-07-15T21:59:00.000000Z,689.31,689.52,689.3,689.46,52.61
2025-07-15T22:00:00.000000Z,689.46,689.53,688.38,688.67,491.61
2025-07-15T22:01:00.000000Z,688.66,689.02,688.65,688.71,165.77
2025-07-15T22:02:00.000000Z,688.71,688.71,688.24,688.27,357.79
2025-07-15T22:03:00.000000Z,688.26,688.36,687.94,687.94,172.89
2025-07-15T22:04:00.000000Z,687.95,688.34,687.79,688.1,204.7
2025-07-15T22:05:00.000000Z,688.09,688.53,688.09,688.53,145.87
2025-07-15T22:06:00.000000Z,688.54,688.85,688.5,688.71,223.1
2025-07-15T22:07:00.000000Z,688.71,689.09,688.71,689.08,93.03
2025-07-15T22:08:00.000000Z,689.09,689.09,688.81,688.81,101.93
2025-07-15T22:09:00.000000Z,688.82,689.12,688.81,689.12,108.46
2025-07-15T22:10:00.000000Z,689.11,689.12,688.91,688.97,67.55
2025-07-15T22:11:00.000000Z,688.97,689.06,688.97,689.05,39.75
2025-07-15T22:12:00.000000Z,689.05,689.2,689.05,689.14,101.73
2025-07-15T22:13:00.000000Z,689.15,689.24,689.1,689.24,181.88
2025-07-15T22:14:00.000000Z,689.24,689.33,689.24,689.31,64.8
2025-07-15T22:15:00.000000Z,689.32,689.36,689.16,689.33,90.14
2025-07-15T22:16:00.000000Z,689.34,689.55,689.34,689.54,52.58
2025-07-15T22:17:00.000000Z,689.55,689.6,689.4,689.6,154.39
2025-07-15T22:18:00.000000Z,689.59,689.65,689.5,689.51,109.55
2025-07-15T22:19:00.000000Z,689.51,689.52,689.06,689.39,814.9
2025-07-15T22:20:00.000000Z,689.39,689.5,689.35,689.35,81.36
2025-07-15T22:21:00.000000Z,689.35,689.45,689.35,689.36,81.41
2025-07-15T22:22:00.000000Z,689.35,689.6,689.32,689.52,105.57
2025-07-15T22:23:00.000000Z,689.5,689.69,689.5,689.68,32.39
2025-07-15T22:24:00.000000Z,689.69,689.73,689.67,689.68,81.62
2025-07-15T22:25:00.000000Z,689.68,689.71,689.63,689.68,74.47
2025-07-15T22:26:00.000000Z,689.68,689.75,689.68,689.74,55.32
2025-07-15T22:27:00.000000Z,689.75,689.88,689.74,689.85,131.78
2025-07-15T22:28:00.000000Z,689.85,689.85,689.67,689.67,50.72
2025-07-15T22:29:00.000000Z,689.68,689.68,689.49,689.5,94.25
2025-07-15T22:30:00.000000Z,689.49,689.61,689.37,689.45,112.0
2025-07-15T22:31:00.000000Z,689.45,689.45,689.3,689.41,99.32
2025-07-15T22:32:00.000000Z,689.41,689.42,689.13,689.23,195.33
2025-07-15T22:33:00.000000Z,689.23,689.24,688.78,688.85,130.38
2025-07-15T22:34:00.000000Z,688.84,688.89,688.6,688.89,124.67
2025-07-15T22:35:00.000000Z,688.88,689.14,688.88,688.98,191.52
2025-07-15T22:36:00.000000Z,688.98,689.21,688.98,689.2,35.86
2025-07-15T22:37:00.000000Z,689.2,689.55,689.2,689.55,114.28
2025-07-15T22:38:00.000000Z,689.55,689.68,689.53,689.56,87.71
2025-07-15T22:39:00.000000Z,689.56,689.64,689.46,689.59,48.68
2025-07-15T22:40:00.000000Z,689.58,689.82,689.58,689.82,58.86
2025-07-15T22:41:00.000000Z,689.81,689.89,689.77,689.88,48.2
2025-07-15T22:42:00.000000Z,689.88,690.0,689.82,689.99,242.71
2025-07-15T22:43:00.000000Z,689.99,690.26,689.98,690.26,336.13
2025-07-15T22:44:00.000000Z,690.26,690.51,690.26,690.5,535.96
2025-07-15T22:45:00.000000Z,690.51,690.55,690.46,690.47,222.07
2025-07-15T22:46:00.000000Z,690.46,690.47,690.29,690.29,121.01
2025-07-15T22:47:00.000000Z,690.29,690.34,690.15,690.18,218.25
2025-07-15T22:48:00.000000Z,690.17,690.3,689.86,689.96,735.4
2025-07-15T22:49:00.000000Z,689.95,690.18,689.95,690.18,30.1
2025-07-15T22:50:00.000000Z,690.18,690.51,690.17,690.51,163.95
2025-07-15T22:51:00.000000Z,690.51,690.57,690.44,690.57,122.95
2025-07-15T22:52:00.000000Z,690.56,691.1,690.56,690.99,472.37
2025-07-15T22:53:00.000000Z,690.99,691.14,690.94,690.94,570.29
2025-07-15T22:54:00.000000Z,690.95,691.01,690.82,691.01,157.84
2025-07-15T22:55:00.000000Z,691.0,691.27,691.0,691.26,72.69
2025-07-15T22:56:00.000000Z,691.27,691.28,691.18,691.2,149.21
2025-07-15T22:57:00.000000Z,691.19,691.2,691.12,691.13,61.68
2025-07-15T22:58:00.000000Z,691.13,691.2,691.12,691.2,41.17
2025-07-15T22:59:00.000000Z,691.2,691.22,691.19,691.21,54.03
2025-07-15T23:00:00.000000Z,691.21,692.44,691.21,692.4,1707.35
2025-07-15T23:01:00.000000Z,692.39,692.68,692.39,692.58,388.59
2025-07-15T23:02:00.000000Z,692.59,692.8,692.53,692.71,399.34
2025-07-15T23:03:00.000000Z,692.72,692.72,692.45,692.61,269.49
2025-07-15T23:04:00.000000Z,692.6,692.79,692.51,692.79,168.0
2025-07-15T23:05:00.000000Z,692.78,692.79,692.44,692.64,300.01
2025-07-15T23:06:00.000000Z,692.64,692.81,692.63,692.81,201.77
2025-07-15T23:07:00.000000Z,692.81,692.97,692.8,692.94,288.75
2025-07-15T23:08:00.000000Z,692.94,693.25,692.93,693.09,515.46
2025-07-15T23:09:00.000000Z,693.1,693.2,693.04,693.05,219.35
2025-07-15T23:10:00.000000Z,693.05,693.11,692.78,692.85,955.33
2025-07-15T23:11:00.000000Z,692.85,692.93,692.85,692.85,223.03
2025-07-15T23:12:00.000000Z,692.86,692.86,692.73,692.79,163.05
2025-07-15T23:13:00.000000Z,692.8,693.08,692.51,693.08,473.2
2025-07-15T23:14:00.000000Z,693.07,693.18,693.0,693.17,150.7
2025-07-15T23:15:00.000000Z,693.18,693.24,693.06,693.13,154.22
2025-07-15T23:16:00.000000Z,693.13,693.52,693.13,693.52,418.96
2025-07-15T23:17:00.000000Z,693.52,693.54,693.29,693.44,194.46
2025-07-15T23:18:00.000000Z,693.44,693.44,693.24,693.28,134.88
2025-07-15T23:19:00.000000Z,693.28,693.35,693.12,693.34,288.87
2025-07-15T23:20:00.000000Z,693.34,693.34,692.8,692.8,238.78
2025-07-15T23:21:00.000000Z,692.81,692.9,692.8,692.9,60.56
2025-07-15T23:22:00.000000Z,692.9,692.97,692.75,692.97,123.26
2025-07-15T23:23:00.000000Z,692.96,692.97,692.7,692.75,139.38
2025-07-15T23:24:00.000000Z,692.75,692.84,692.71,692.83,241.75
2025-07-15T23:25:00.000000Z,692.83,693.35,692.83,693.35,555.5
2025-07-15T23:26:00.000000Z,693.36,693.38,692.97,692.98,162.29
2025-07-15T23:27:00.000000Z,692.98,693.03,692.94,693.03,100.6
2025-07-15T23:28:00.000000Z,693.03,693.03,692.89,692.89,81.78
2025-07-15T23:29:00.000000Z,692.9,692.96,692.89,692.95,75.34
2025-07-15T23:30:00.000000Z,692.95,693.07,692.76,692.76,269.87
2025-07-15T23:31:00.000000Z,692.76,693.0,692.75,692.91,143.37
2025-07-15T23:32:00.000000Z,692.91,692.91,692.78,692.87,91.72
2025-07-15T23:33:00.000000Z,692.87,692.88,692.65,692.66,82.1
2025-07-15T23:34:00.000000Z,692.66,692.91,692.46,692.5,159.03
2025-07-15T23:35:00.000000Z,692.5,692.64,692.49,692.64,246.24
2025-07-15T23:36:00.000000Z,692.64,692.82,692.23,692.33,1314.87
2025-07-15T23:37:00.000000Z,692.33,692.35,691.21,691.65,2806.22
2025-07-15T23:38:00.000000Z,691.64,691.84,690.46,690.47,1153.41
2025-07-15T23:39:00.000000Z,690.48,690.8,690.35,690.36,730.78
2025-07-15T23:40:00.000000Z,690.36,690.72,690.36,690.72,233.88
2025-07-15T23:41:00.000000Z,690.72,690.89,690.62,690.73,698.79
2025-07-15T23:42:00.000000Z,690.73,690.82,690.58,690.75,595.27
2025-07-15T23:43:00.000000Z,690.75,691.0,690.53,691.0,574.53
2025-07-15T23:44:00.000000Z,691.0,691.5,691.0,691.38,441.34
2025-07-15T23:45:00.000000Z,691.38,691.38,691.03,691.17,522.41
2025-07-15T23:46:00.000000Z,691.17,691.17,690.4,690.4,503.56
2025-07-15T23:47:00.000000Z,690.4,690.44,690.19,690.37,346.16
2025-07-15T23:48:00.000000Z,690.37,690.44,690.28,690.44,195.0
2025-07-15T23:49:00.000000Z,690.44,690.49,690.37,690.37,97.72
2025-07-15T23:50:00.000000Z,690.37,690.5,690.29,690.5,419.74
2025-07-15T23:51:00.000000Z,690.5,690.5,690.22,690.36,103.94
2025-07-15T23:52:00.000000Z,690.35,690.36,690.22,690.22,58.33
2025-07-15T23:53:00.000000Z,690.23,690.36,690.22,690.35,95.06
2025-07-15T23:54:00.000000Z,690.35,690.35,690.08,690.32,607.97
2025-07-15T23:55:00.000000Z,690.32,690.32,690.14,690.14,55.25
2025-07-15T23:56:00.000000Z,690.14,690.32,690.14,690.2,177.77
2025-07-15T23:57:00.000000Z,690.18,690.32,690.15,690.32,173.99
2025-07-15T23:58:00.000000Z,690.31,690.52,690.31,690.42,362.57
2025-07-15T23:59:00.000000Z,690.42,690.42,690.27,690.37,187.97
2025-07-16T00:00:00.000000Z,690.37,690.42,689.92,690.38,1068.95
2025-07-16T00:01:00.000000Z,690.38,690.39,690.17,690.17,162.6
2025-07-16T00:02:00.000000Z,690.17,690.38,690.17,690.24,369.29
2025-07-16T00:03:00.000000Z,690.24,690.37,690.17,690.18,333.1
2025-07-16T00:04:00.000000Z,690.18,690.51,690.18,690.51,324.79
2025-07-16T00:05:00.000000Z,690.51,690.52,690.08,690.15,312.37
2025-07-16T00:06:00.000000Z,690.15,690.15,690.05,690.05,128.48
2025-07-16T00:07:00.000000Z,690.05,690.05,689.75,690.01,243.23
2025-07-16T00:08:00.000000Z,690.0,690.01,689.67,689.78,175.92
2025-07-16T00:09:00.000000Z,689.79,689.88,689.45,689.5,257.68
2025-07-16T00:10:00.000000Z,689.51,689.55,689.2,689.27,384.6
2025-07-16T00:11:00.000000Z,689.27,689.27,688.68,688.82,616.06
2025-07-16T00:12:00.000000Z,688.82,689.07,688.82,689.07,201.58
2025-07-16T00:13:00.000000Z,689.06,689.15,689.04,689.04,168.4
2025-07-16T00:14:00.000000Z,689.04,689.04,688.77,688.88,138.85
2025-07-16T00:15:00.000000Z,688.88,689.04,688.8,689.01,178.47
2025-07-16T00:16:00.000000Z,689.04,689.97,689.04,689.85,345.7
2025-07-16T00:17:00.000000Z,689.85,690.19,689.82,690.19,169.35
2025-07-16T00:18:00.000000Z,690.2,690.4,690.18,690.37,339.08
2025-07-16T00:19:00.000000Z,690.37,690.39,690.07,690.08,102.24
2025-07-16T00:20:00.000000Z,690.08,690.28,690.0,690.27,104.53
2025-07-16T00:21:00.000000Z,690.28,690.35,690.04,690.05,211.84
2025-07-16T00:22:00.000000Z,690.05,690.28,690.05,690.27,150.18
2025-07-16T00:23:00.000000Z,690.27,690.59,690.27,690.58,58.41
2025-07-16T00:24:00.000000Z,690.59,691.07,690.59,690.84,284.73
2025-07-16T00:25:00.000000Z,690.85,690.95,690.72,690.73,493.38
2025-07-16T00:26:00.000000Z,690.72,690.79,690.52,690.65,276.84
2025-07-16T00:27:00.000000Z,690.66,690.67,690.54,690.54,67.98
2025-07-16T00:28:00.000000Z,690.55,690.72,690.48,690.66,144.07
2025-07-16T00:29:00.000000Z,690.66,690.92,690.66,690.92,65.09
2025-07-16T00:30:00.000000Z,690.92,691.19,690.92,691.1,203.66
2025-07-16T00:31:00.000000Z,691.09,691.38,691.09,691.38,96.32
2025-07-16T00:32:00.000000Z,691.38,691.99,691.38,691.85,233.82
2025-07-16T00:33:00.000000Z,691.85,691.85,691.61,691.72,281.31
2025-07-16T00:34:00.000000Z,691.73,691.81,691.72,691.81,105.01
2025-07-16T00:35:00.000000Z,691.81,692.13,691.8,692.12,167.25
2025-07-16T00:36:00.000000Z,692.12,692.38,692.12,692.38,119.94
2025-07-16T00:37:00.000000Z,692.38,692.56,692.29,692.3,252.62
2025-07-16T00:38:00.000000Z,692.29,692.52,692.29,692.5,538.25
2025-07-16T00:39:00.000000Z,692.5,692.73,692.48,692.69,196.38
2025-07-16T00:40:00.000000Z,692.69,693.15,692.69,692.73,449.44
2025-07-16T00:41:00.000000Z,692.73,692.84,692.12,692.13,667.07
2025-07-16T00:42:00.000000Z,692.12,692.44,692.12,692.16,536.36
2025-07-16T00:43:00.000000Z,692.16,692.52,692.16,692.47,246.85
2025-07-16T00:44:00.000000Z,692.47,692.89,692.43,692.85,356.62
2025-07-16T00:45:00.000000Z,692.84,692.85,692.35,692.41,374.51
2025-07-16T00:46:00.000000Z,692.41,692.89,692.41,692.88,543.27
2025-07-16T00:47:00.000000Z,692.89,693.79,692.89,693.63,736.53
2025-07-16T00:48:00.000000Z,693.65,693.9,693.65,693.9,499.69
2025-07-16T00:49:00.000000Z,693.9,693.97,693.65,693.65,197.21
2025-07-16T00:50:00.000000Z,693.65,693.72,693.37,693.66,384.55
2025-07-16T00:51:00.000000Z,693.67,693.73,693.65,693.73,114.0
2025-07-16T00:52:00.000000Z,693.73,693.73,693.53,693.57,184.24
2025-07-16T00:53:00.000000Z,693.57,693.9,693.52,693.9,310.89
2025-07-16T00:54:00.000000Z,693.9,693.94,693.72,693.73,127.81
2025-07-16T00:55:00.000000Z,693.73,693.73,693.3,693.51,147.66
2025-07-16T00:56:00.000000Z,693.5,693.51,693.0,693.06,265.21
2025-07-16T00:57:00.000000Z,693.06,693.06,692.88,692.97,286.45
2025-07-16T00:58:00.000000Z,692.97,693.18,692.96,693.17,249.13
2025-07-16T00:59:00.000000Z,693.16,693.3,693.04,693.04,127.14
2025-07-16T01:00:00.000000Z,693.04,693.04,692.72,692.73,401.07
2025-07-16T01:01:00.000000Z,692.72,692.73,692.58,692.73,134.18
2025-07-16T01:02:00.000000Z,692.73,692.91,692.64,692.87,107.36
2025-07-16T01:03:00.000000Z,692.88,692.92,692.68,692.8,140.58
2025-07-16T01:04:00.000000Z,692.8,692.8,692.75,692.76,63.79
2025-07-16T01:05:00.000000Z,692.76,692.8,692.58,692.75,112.11
2025-07-16T01:06:00.000000Z,692.75,692.79,692.54,692.56,149.98
2025-07-16T01:07:00.000000Z,692.56,692.6,692.4,692.6,57.05
2025-07-16T01:08:00.000000Z,692.59,692.75,692.52,692.53,120.93
2025-07-16T01:09:00.000000Z,692.53,692.58,692.24,692.58,211.05
2025-07-16T01:10:00.000000Z,692.58,692.6,692.5,692.51,54.42
2025-07-16T01:11:00.000000Z,692.51,692.52,692.32,692.34,148.03
2025-07-16T01:12:00.000000Z,692.34,692.37,691.73,691.8,280.85
2025-07-16T01:13:00.000000Z,691.79,691.99,691.79,691.92,115.38
2025-07-16T01:14:00.000000Z,691.92,691.92,691.66,691.79,256.14
2025-07-16T01:15:00.000000Z,691.79,692.09,691.76,692.09,431.91
2025-07-16T01:16:00.000000Z,692.09,692.23,691.91,692.23,155.62
2025-07-16T01:17:00.000000Z,692.22,692.24,691.85,691.89,101.58
2025-07-16T01:18:00.000000Z,691.89,692.06,691.89,692.04,126.98
2025-07-16T01:19:00.000000Z,692.04,692.16,692.03,692.12,126.31
2025-07-16T01:20:00.000000Z,692.13,692.29,692.04,692.13,114.75
2025-07-16T01:21:00.000000Z,692.13,692.13,691.85,692.07,241.85
2025-07-16T01:22:00.000000Z,692.07,692.34,692.07,692.19,57.71
2025-07-16T01:23:00.000000Z,692.2,692.2,691.97,691.98,134.92
2025-07-16T01:24:00.000000Z,691.97,691.98,691.6,691.71,186.97
2025-07-16T01:25:00.000000Z,691.72,691.72,691.51,691.57,138.56
2025-07-16T01:26:00.000000Z,691.56,691.93,691.56,691.85,92.42
2025-07-16T01:27:00.000000Z,691.86,691.95,691.47,691.47,117.38
2025-07-16T01:28:00.000000Z,691.47,691.47,691.12,691.12,89.6
2025-07-16T01:29:00.000000Z,691.12,691.39,691.01,691.38,114.19
2025-07-16T01:30:00.000000Z,691.38,691.47,691.21,691.21,147.71
2025-07-16T01:31:00.000000Z,691.2,691.2,690.78,690.79,143.26
2025-07-16T01:32:00.000000Z,690.79,691.39,690.75,691.39,393.11
2025-07-16T01:33:00.000000Z,691.39,691.65,691.25,691.58,343.99
2025-07-16T01:34:00.000000Z,691.57,691.57,691.12,691.28,158.82
2025-07-16T01:35:00.000000Z,691.23,691.24,691.11,691.15,67.57
2025-07-16T01:36:00.000000Z,691.15,691.41,690.99,691.41,91.15
2025-07-16T01:37:00.000000Z,691.41,691.48,691.31,691.34,113.83
2025-07-16T01:38:00.000000Z,691.33,691.33,691.01,691.2,78.58
2025-07-16T01:39:00.000000Z,691.2,691.44,691.2,691.37,74.08
2025-07-16T01:40:00.000000Z,691.37,691.5,691.26,691.49,64.17
2025-07-16T01:41:00.000000Z,691.5,691.5,691.21,691.21,55.14
2025-07-16T01:42:00.000000Z,691.21,691.29,691.08,691.08,65.19
2025-07-16T01:43:00.000000Z,691.09,691.23,691.05,691.05,42.27
2025-07-16T01:44:00.000000Z,691.05,691.05,690.65,690.65,197.23
2025-07-16T01:45:00.000000Z,690.65,690.7,690.16,690.29,290.05
2025-07-16T01:46:00.000000Z,690.3,690.79,690.29,690.79,174.46
2025-07-16T01:47:00.000000Z,690.79,690.86,690.64,690.72,71.33
2025-07-16T01:48:00.000000Z,690.73,690.83,690.63,690.64,88.71
2025-07-16T01:49:00.000000Z,690.64,690.98,690.63,690.97,66.2
2025-07-16T01:50:00.000000Z,690.98,691.29,690.9,691.2,129.34
2025-07-16T01:51:00.000000Z,691.19,691.5,691.08,691.4,87.82
2025-07-16T01:52:00.000000Z,691.41,691.45,691.24,691.45,58.82
2025-07-16T01:53:00.000000Z,691.45,691.6,691.37,691.51,154.06
2025-07-16T01:54:00.000000Z,691.52,691.57,691.36,691.42,200.58
2025-07-16T01:55:00.000000Z,691.42,691.42,690.96,690.97,78.07
2025-07-16T01:56:00.000000Z,690.97,691.0,690.54,690.87,240.13
2025-07-16T01:57:00.000000Z,690.88,690.92,690.72,690.85,153.15
2025-07-16T01:58:00.000000Z,690.84,690.92,690.22,690.43,278.17
2025-07-16T01:59:00.000000Z,690.44,690.86,690.44,690.86,86.42
2025-07-16T02:00:00.000000Z,690.87,691.12,690.81,691.01,1095.48
2025-07-16T02:01:00.000000Z,691.01,691.15,690.88,690.93,463.63
2025-07-16T02:02:00.000000Z,690.93,691.05,690.77,690.77,207.68
2025-07-16T02:03:00.000000Z,690.77,690.96,690.35,690.43,225.44
2025-07-16T02:04:00.000000Z,690.47,690.47,690.12,690.12,136.64
2025-07-16T02:05:00.000000Z,690.12,690.3,690.04,690.19,299.95
2025-07-16T02:06:00.000000Z,690.19,690.19,689.8,689.89,220.85
2025-07-16T02:07:00.000000Z,689.88,690.4,689.87,690.35,175.18
2025-07-16T02:08:00.000000Z,690.34,690.56,690.05,690.55,136.92
2025-07-16T02:09:00.000000Z,690.56,690.59,690.31,690.33,134.26
2025-07-16T02:10:00.000000Z,690.33,690.39,690.3,690.39,71.07
2025-07-16T02:11:00.000000Z,690.4,690.85,690.35,690.85,144.45
2025-07-16T02:12:00.000000Z,690.86,690.9,690.56,690.56,93.76
2025-07-16T02:13:00.000000Z,690.56,690.7,690.56,690.61,62.77
2025-07-16T02:14:00.000000Z,690.62,690.67,690.48,690.64,82.97
2025-07-16T02:15:00.000000Z,690.64,690.91,690.4,690.4,165.82
2025-07-16T02:16:00.000000Z,690.4,690.4,689.9,689.9,104.23
2025-07-16T02:17:00.000000Z,689.91,690.08,689.8,689.84,183.04
2025-07-16T02:18:00.000000Z,689.83,689.91,689.7,689.74,179.63
2025-07-16T02:19:00.000000Z,689.73,689.74,689.07,689.07,571.78
2025-07-16T02:20:00.000000Z,689.07,689.56,689.01,689.55,275.0
2025-07-16T02:21:00.000000Z,689.55,689.83,689.33,689.33,387.06
2025-07-16T02:22:00.000000Z,689.33,689.33,688.75,688.75,240.66
2025-07-16T02:23:00.000000Z,688.75,689.1,688.7,688.96,307.8
2025-07-16T02:24:00.000000Z,688.96,689.03,688.43,688.49,456.5
2025-07-16T02:25:00.000000Z,688.48,688.48,688.04,688.18,642.4
2025-07-16T02:26:00.000000Z,688.17,688.47,688.06,688.47,288.8
2025-07-16T02:27:00.000000Z,688.46,688.52,688.4,688.47,185.66
2025-07-16T02:28:00.000000Z,688.49,688.49,688.24,688.28,72.55
2025-07-16T02:29:00.000000Z,688.28,688.47,688.12,688.24,105.66
2025-07-16T02:30:00.000000Z,688.23,688.26,687.4,687.78,675.96
2025-07-16T02:31:00.000000Z,687.78,688.3,687.78,687.79,227.83
2025-07-16T02:32:00.000000Z,687.79,687.91,687.6,687.71,186.17
2025-07-16T02:33:00.000000Z,687.71,687.71,687.39,687.53,385.26
2025-07-16T02:34:00.000000Z,687.53,687.64,687.32,687.32,115.16
2025-07-16T02:35:00.000000Z,687.32,687.44,687.29,687.44,124.31
2025-07-16T02:36:00.000000Z,687.44,687.51,686.78,687.01,710.29
2025-07-16T02:37:00.000000Z,687.02,687.32,686.9,687.27,179.11
2025-07-16T02:38:00.000000Z,687.26,687.49,687.09,687.49,196.26
2025-07-16T02:39:00.000000Z,687.5,687.52,687.28,687.33,441.83
2025-07-16T02:40:00.000000Z,687.33,687.5,686.89,686.9,200.28
2025-07-16T02:41:00.000000Z,686.9,687.09,686.34,686.48,361.52
2025-07-16T02:42:00.000000Z,686.48,686.54,686.28,686.52,222.31
2025-07-16T02:43:00.000000Z,686.52,686.75,686.49,686.61,179.74
2025-07-16T02:44:00.000000Z,686.62,686.72,686.44,686.61,122.55
2025-07-16T02:45:00.000000Z,686.61,687.32,686.53,687.32,225.93
2025-07-16T02:46:00.000000Z,687.33,687.89,687.33,687.67,316.7
2025-07-16T02:47:00.000000Z,687.67,687.76,687.51,687.64,192.75
2025-07-16T02:48:00.000000Z,687.63,687.88,687.63,687.74,147.98
2025-07-16T02:49:00.000000Z,687.75,687.93,687.67,687.8,175.45
2025-07-16T02:50:00.000000Z,687.81,688.12,687.8,687.94,134.75
2025-07-16T02:51:00.000000Z,687.94,687.95,687.82,687.94,84.79
2025-07-16T02:52:00.000000Z,687.95,687.97,687.87,687.91,66.52
2025-07-16T02:53:00.000000Z,687.9,687.91,687.41,687.63,166.7
2025-07-16T02:54:00.000000Z,687.63,687.84,687.52,687.84,163.77
2025-07-16T02:55:00.000000Z,687.84,688.02,687.77,687.98,226.59
2025-07-16T02:56:00.000000Z,687.97,688.02,687.78,687.96,75.14
2025-07-16T02:57:00.000000Z,687.95,688.04,687.81,688.04,258.91
2025-07-16T02:58:00.000000Z,688.03,688.04,687.92,687.97,68.98
2025-07-16T02:59:00.000000Z,687.97,688.08,687.88,688.07,61.44
2025-07-16T03:00:00.000000Z,688.08,688.72,688.08,688.72,225.49
2025-07-16T03:01:00.000000Z,688.72,688.98,688.72,688.88,198.4
2025-07-16T03:02:00.000000Z,688.89,688.98,688.87,688.91,333.65
2025-07-16T03:03:00.000000Z,688.92,688.96,688.44,688.44,336.25
2025-07-16T03:04:00.000000Z,688.45,688.58,688.23,688.23,141.03
2025-07-16T03:05:00.000000Z,688.24,688.46,688.23,688.46,147.09
2025-07-16T03:06:00.000000Z,688.46,688.5,688.45,688.5,69.35
2025-07-16T03:07:00.000000Z,688.49,688.5,688.12,688.13,116.12
2025-07-16T03:08:00.000000Z,688.12,688.12,687.84,687.85,355.63
2025-07-16T03:09:00.000000Z,687.84,687.85,687.08,687.08,355.88
2025-07-16T03:10:00.000000Z,687.08,687.66,687.01,687.66,166.91
2025-07-16T03:11:00.000000Z,687.67,687.81,687.52,687.78,138.36
2025-07-16T03:12:00.000000Z,687.77,687.77,687.52,687.52,71.75
2025-07-16T03:13:00.000000Z,687.51,687.51,687.35,687.41,62.69
2025-07-16T03:14:00.000000Z,687.41,687.44,687.27,687.3,69.49
2025-07-16T03:15:00.000000Z,687.31,688.01,687.31,688.01,143.05
2025-07-16T03:16:00.000000Z,688.03,688.03,687.86,687.86,96.7
2025-07-16T03:17:00.000000Z,687.87,687.92,687.72,687.83,269.45
2025-07-16T03:18:00.000000Z,687.84,687.99,687.77,687.99,274.69
2025-07-16T03:19:00.000000Z,687.99,688.19,687.92,688.19,136.17
2025-07-16T03:20:00.000000Z,688.18,688.49,688.14,688.14,176.75
2025-07-16T03:21:00.000000Z,688.12,688.21,687.94,687.95,70.26
2025-07-16T03:22:00.000000Z,687.95,688.34,687.92,688.33,93.68
2025-07-16T03:23:00.000000Z,688.33,688.33,688.2,688.26,135.0
2025-07-16T03:24:00.000000Z,688.25,688.25,688.05,688.11,117.43
2025-07-16T03:25:00.000000Z,688.12,688.26,688.11,688.2,105.98
2025-07-16T03:26:00.000000Z,688.2,688.2,687.74,687.74,109.49
2025-07-16T03:27:00.000000Z,687.72,687.98,687.68,687.98,190.61
2025-07-16T03:28:00.000000Z,687.98,687.99,687.89,687.98,80.75
2025-07-16T03:29:00.000000Z,687.98,688.16,687.89,687.9,100.72
2025-07-16T03:30:00.000000Z,687.9,688.56,687.89,688.56,115.15
2025-07-16T03:31:00.000000Z,688.56,688.63,688.4,688.54,117.12
2025-07-16T03:32:00.000000Z,688.55,688.63,688.54,688.63,68.17
2025-07-16T03:33:00.000000Z,688.62,688.78,688.51,688.52,54.26
2025-07-16T03:34:00.000000Z,688.52,688.57,688.36,688.36,71.78
2025-07-16T03:35:00.000000Z,688.37,688.64,688.37,688.6,99.95
2025-07-16T03:36:00.000000Z,688.6,688.6,688.48,688.48,38.03
2025-07-16T03:37:00.000000Z,688.49,688.63,688.4,688.52,98.26
2025-07-16T03:38:00.000000Z,688.53,688.68,688.53,688.57,148.87
2025-07-16T03:39:00.000000Z,688.57,688.58,688.35,688.36,80.78
2025-07-16T03:40:00.000000Z,688.36,688.36,688.21,688.36,83.39
2025-07-16T03:41:00.000000Z,688.36,688.4,688.31,688.35,32.32
2025-07-16T03:42:00.000000Z,688.36,688.36,688.31,688.32,42.57
2025-07-16T03:43:00.000000Z,688.33,688.46,688.32,688.46,62.6
2025-07-16T03:44:00.000000Z,688.46,689.05,688.46,688.97,819.35
2025-07-16T03:45:00.000000Z,688.97,688.97,688.65,688.74,522.29
2025-07-16T03:46:00.000000Z,688.73,688.74,688.66,688.66,58.27
2025-07-16T03:47:00.000000Z,688.65,688.65,688.32,688.32,150.26
2025-07-16T03:48:00.000000Z,688.33,688.33,688.13,688.21,138.49
2025-07-16T03:49:00.000000Z,688.21,688.22,688.17,688.21,132.64
2025-07-16T03:50:00.000000Z,688.22,688.5,688.21,688.35,144.94
2025-07-16T03:51:00.000000Z,688.35,688.35,687.93,688.19,193.16
2025-07-16T03:52:00.000000Z,688.2,688.4,688.19,688.26,69.07
2025-07-16T03:53:00.000000Z,688.26,688.42,688.25,688.31,54.47
2025-07-16T03:54:00.000000Z,688.31,688.33,688.26,688.29,121.59
2025-07-16T03:55:00.000000Z,688.26,688.47,688.2,688.45,218.45
2025-07-16T03:56:00.000000Z,688.45,688.59,688.32,688.49,80.53
2025-07-16T03:57:00.000000Z,688.49,688.49,688.23,688.23,136.85
2025-07-16T03:58:00.000000Z,688.23,688.32,688.23,688.28,106.56
2025-07-16T03:59:00.000000Z,688.28,688.28,688.2,688.2,46.25
2025-07-16T04:00:00.000000Z,688.21,688.4,688.2,688.4,54.27
2025-07-16T04:01:00.000000Z,688.4,688.42,688.37,688.37,65.96
2025-07-16T04:02:00.000000Z,688.38,688.38,687.68,687.69,564.06
2025-07-16T04:03:00.000000Z,687.69,687.69,687.05,687.41,599.65
2025-07-16T04:04:00.000000Z,687.41,687.66,687.41,687.46,223.64
2025-07-16T04:05:00.000000Z,687.45,687.56,687.43,687.52,229.04
2025-07-16T04:06:00.000000Z,687.51,687.51,687.36,687.44,318.15
2025-07-16T04:07:00.000000Z,687.45,687.52,687.44,687.48,86.58
2025-07-16T04:08:00.000000Z,687.49,687.49,687.01,687.01,158.5
2025-07-16T04:09:00.000000Z,687.0,687.08,686.86,686.87,261.44
2025-07-16T04:10:00.000000Z,686.86,686.87,686.08,686.19,487.55
2025-07-16T04:11:00.000000Z,686.2,686.22,686.0,686.12,483.18
2025-07-16T04:12:00.000000Z,686.12,686.12,685.71,685.74,872.28
2025-07-16T04:13:00.000000Z,685.74,685.84,685.74,685.83,83.97
2025-07-16T04:14:00.000000Z,685.83,685.84,685.43,685.44,144.72
2025-07-16T04:15:00.000000Z,685.44,685.88,685.44,685.79,333.79
2025-07-16T04:16:00.000000Z,685.78,686.32,685.78,686.09,152.03
2025-07-16T04:17:00.000000Z,686.08,686.2,685.96,686.2,133.72
2025-07-16T04:18:00.000000Z,686.19,686.28,686.06,686.07,63.63
2025-07-16T04:19:00.000000Z,686.06,686.27,685.89,685.89,225.81
2025-07-16T04:20:00.000000Z,685.89,685.89,685.67,685.83,272.66
2025-07-16T04:21:00.000000Z,685.84,686.08,685.83,686.05,98.8
2025-07-16T04:22:00.000000Z,686.05,686.47,686.05,686.43,209.43
2025-07-16T04:23:00.000000Z,686.43,686.49,686.18,686.19,117.72
2025-07-16T04:24:00.000000Z,686.18,686.22,686.17,686.19,90.72
2025-07-16T04:25:00.000000Z,686.19,686.32,686.12,686.26,125.86
2025-07-16T04:26:00.000000Z,686.26,686.63,686.26,686.63,45.9
2025-07-16T04:27:00.000000Z,686.62,686.67,686.45,686.67,99.48
2025-07-16T04:28:00.000000Z,686.66,686.91,686.66,686.91,208.71
2025-07-16T04:29:00.000000Z,686.91,686.97,686.91,686.96,25.95
2025-07-16T04:30:00.000000Z,686.96,686.96,686.57,686.57,286.57
2025-07-16T04:31:00.000000Z,686.58,687.21,686.57,687.21,144.12
2025-07-16T04:32:00.000000Z,687.22,687.42,687.15,687.42,265.64
2025-07-16T04:33:00.000000Z,687.41,687.41,687.16,687.16,256.04
2025-07-16T04:34:00.000000Z,687.17,687.27,687.13,687.23,77.43
2025-07-16T04:35:00.000000Z,687.23,687.24,687.05,687.05,83.37
2025-07-16T04:36:00.000000Z,687.05,687.08,686.93,687.07,83.7
2025-07-16T04:37:00.000000Z,687.08,687.32,687.07,687.31,70.43
2025-07-16T04:38:00.000000Z,687.31,687.33,687.09,687.24,223.64
2025-07-16T04:39:00.000000Z,687.24,687.35,687.24,687.35,93.8
2025-07-16T04:40:00.000000Z,687.36,687.36,687.24,687.29,68.93
2025-07-16T04:41:00.000000Z,687.29,687.48,687.28,687.43,133.69
2025-07-16T04:42:00.000000Z,687.44,687.47,687.32,687.33,104.59
2025-07-16T04:43:00.000000Z,687.32,687.33,687.32,687.32,20.25
2025-07-16T04:44:00.000000Z,687.33,687.33,687.24,687.24,83.18
2025-07-16T04:45:00.000000Z,687.25,687.25,687.08,687.11,67.33
2025-07-16T04:46:00.000000Z,687.12,687.23,687.11,687.23,52.97
2025-07-16T04:47:00.000000Z,687.24,687.48,687.1,687.1,116.1
2025-07-16T04:48:00.000000Z,687.11,687.17,687.04,687.09,139.22
2025-07-16T04:49:00.000000Z,687.09,687.1,686.83,686.83,154.67
2025-07-16T04:50:00.000000Z,686.84,686.84,686.28,686.29,114.6
2025-07-16T04:51:00.000000Z,686.28,686.88,686.28,686.88,150.73
2025-07-16T04:52:00.000000Z,686.87,686.88,686.68,686.73,133.82
2025-07-16T04:53:00.000000Z,686.73,686.96,686.73,686.96,48.83
2025-07-16T04:54:00.000000Z,686.98,687.14,686.98,687.14,35.25
2025-07-16T04:55:00.000000Z,687.15,687.23,687.15,687.18,124.52
2025-07-16T04:56:00.000000Z,687.18,687.18,686.9,686.9,110.82
2025-07-16T04:57:00.000000Z,686.9,687.18,686.9,687.17,138.98
2025-07-16T04:58:00.000000Z,687.18,687.6,687.18,687.6,210.01
2025-07-16T04:59:00.000000Z,687.59,687.59,687.36,687.47,200.59
2025-07-16T05:00:00.000000Z,687.47,687.81,687.42,687.42,165.97
2025-07-16T05:01:00.000000Z,687.42,687.47,687.3,687.35,69.59
2025-07-16T05:02:00.000000Z,687.34,687.99,687.34,687.98,204.85
2025-07-16T05:03:00.000000Z,687.99,688.28,687.61,688.08,392.69
2025-07-16T05:04:00.000000Z,688.08,688.41,687.96,688.25,301.87
2025-07-16T05:05:00.000000Z,688.25,688.25,687.95,688.08,151.53
2025-07-16T05:06:00.000000Z,688.09,688.4,688.08,688.24,255.95
2025-07-16T05:07:00.000000Z,688.25,688.5,688.25,688.29,192.18
2025-07-16T05:08:00.000000Z,688.3,688.47,688.22,688.27,326.71
2025-07-16T05:09:00.000000Z,688.28,688.28,687.92,687.99,167.71
2025-07-16T05:10:00.000000Z,688.0,688.33,687.93,688.33,144.52
2025-07-16T05:11:00.000000Z,688.33,688.51,688.32,688.49,95.68
2025-07-16T05:12:00.000000Z,688.5,688.71,688.5,688.7,93.73
2025-07-16T05:13:00.000000Z,688.71,688.71,688.52,688.6,146.76
2025-07-16T05:14:00.000000Z,688.6,688.66,688.52,688.52,104.66
2025-07-16T05:15:00.000000Z,688.52,688.72,688.52,688.6,106.53
2025-07-16T05:16:00.000000Z,688.61,688.61,688.46,688.49,87.14
2025-07-16T05:17:00.000000Z,688.5,688.61,688.42,688.6,137.82
2025-07-16T05:18:00.000000Z,688.6,688.6,688.49,688.56,85.94
2025-07-16T05:19:00.000000Z,688.56,688.66,688.46,688.61,42.08
2025-07-16T05:20:00.000000Z,688.61,688.72,688.5,688.71,68.57
2025-07-16T05:21:00.000000Z,688.72,688.95,688.71,688.95,86.47
2025-07-16T05:22:00.000000Z,688.95,689.07,688.54,688.54,240.17
2025-07-16T05:23:00.000000Z,688.53,688.6,688.32,688.4,169.78
2025-07-16T05:24:00.000000Z,688.41,688.55,688.25,688.38,98.84
2025-07-16T05:25:00.000000Z,688.38,688.62,688.26,688.62,34.14
2025-07-16T05:26:00.000000Z,688.62,688.89,688.62,688.78,72.52
2025-07-16T05:27:00.000000Z,688.79,688.82,688.65,688.68,152.56
2025-07-16T05:28:00.000000Z,688.68,688.76,688.68,688.76,23.1
2025-07-16T05:29:00.000000Z,688.76,688.9,688.76,688.76,30.62
2025-07-16T05:30:00.000000Z,688.76,688.95,688.68,688.95,79.69
2025-07-16T05:31:00.000000Z,688.94,688.94,688.64,688.65,29.9
2025-07-16T05:32:00.000000Z,688.64,689.12,688.64,689.12,84.01
2025-07-16T05:33:00.000000Z,689.11,689.21,689.11,689.2,52.21
2025-07-16T05:34:00.000000Z,689.21,689.36,689.11,689.36,104.82
2025-07-16T05:35:00.000000Z,689.37,689.4,689.27,689.27,56.59
2025-07-16T05:36:00.000000Z,689.27,689.52,689.27,689.52,209.6
2025-07-16T05:37:00.000000Z,689.52,689.57,689.37,689.37,66.79
2025-07-16T05:38:00.000000Z,689.37,689.38,689.37,689.37,12.04
2025-07-16T05:39:00.000000Z,689.37,689.37,689.13,689.13,112.7
2025-07-16T05:40:00.000000Z,689.13,689.37,689.04,689.37,188.54
2025-07-16T05:41:00.000000Z,689.37,689.37,689.3,689.34,57.7
2025-07-16T05:42:00.000000Z,689.35,689.67,689.34,689.67,80.4
2025-07-16T05:43:00.000000Z,689.66,689.73,689.58,689.61,228.65
2025-07-16T05:44:00.000000Z,689.63,689.71,689.63,689.71,65.4
2025-07-16T05:45:00.000000Z,689.7,689.71,689.59,689.66,154.44
2025-07-16T05:46:00.000000Z,689.66,689.98,689.66,689.9,227.39
2025-07-16T05:47:00.000000Z,689.9,689.9,689.58,689.58,167.4
2025-07-16T05:48:00.000000Z,689.58,689.59,689.32,689.32,52.52
2025-07-16T05:49:00.000000Z,689.32,689.33,689.15,689.15,67.81
2025-07-16T05:50:00.000000Z,689.16,689.53,689.15,689.52,157.31
2025-07-16T05:51:00.000000Z,689.53,689.53,689.06,689.07,606.48
2025-07-16T05:52:00.000000Z,689.06,689.24,689.06,689.23,74.92
2025-07-16T05:53:00.000000Z,689.23,689.24,689.13,689.14,62.48
2025-07-16T05:54:00.000000Z,689.13,689.16,689.07,689.15,52.76
2025-07-16T05:55:00.000000Z,689.16,689.42,689.15,689.41,70.15
2025-07-16T05:56:00.000000Z,689.42,689.43,689.34,689.43,91.79
2025-07-16T05:57:00.000000Z,689.42,689.42,689.26,689.27,133.95
2025-07-16T05:58:00.000000Z,689.28,689.29,689.27,689.28,95.31
2025-07-16T05:59:00.000000Z,689.29,689.35,689.28,689.3,430.75
2025-07-16T06:00:00.000000Z,689.3,689.31,689.11,689.18,127.59
2025-07-16T06:01:00.000000Z,689.18,689.18,688.72,688.72,791.09
2025-07-16T06:02:00.000000Z,688.72,688.72,688.21,688.39,457.3
2025-07-16T06:03:00.000000Z,688.4,688.84,688.4,688.8,288.22
2025-07-16T06:04:00.000000Z,688.84,688.9,688.64,688.79,124.16
2025-07-16T06:05:00.000000Z,688.79,689.0,688.78,688.85,44.56
2025-07-16T06:06:00.000000Z,688.85,688.85,688.64,688.72,120.55
2025-07-16T06:07:00.000000Z,688.73,688.73,688.29,688.49,293.79
2025-07-16T06:08:00.000000Z,688.5,688.71,688.44,688.7,51.89
2025-07-16T06:09:00.000000Z,688.7,688.71,688.61,688.7,49.0
2025-07-16T06:10:00.000000Z,688.71,689.0,688.71,689.0,89.43
2025-07-16T06:11:00.000000Z,689.0,689.07,688.99,689.07,59.78
2025-07-16T06:12:00.000000Z,689.07,689.08,688.9,688.96,68.09
2025-07-16T06:13:00.000000Z,688.97,689.04,688.78,688.78,100.12
2025-07-16T06:14:00.000000Z,688.78,688.78,688.64,688.64,18.35
2025-07-16T06:15:00.000000Z,688.64,688.99,688.64,688.98,171.82
2025-07-16T06:16:00.000000Z,688.99,689.0,688.85,688.99,55.8
2025-07-16T06:17:00.000000Z,688.99,689.09,688.92,688.92,72.22
2025-07-16T06:18:00.000000Z,688.93,689.31,688.93,689.31,85.26
2025-07-16T06:19:00.000000Z,689.31,689.54,689.31,689.54,200.57
2025-07-16T06:20:00.000000Z,689.54,689.78,689.54,689.73,101.65
2025-07-16T06:21:00.000000Z,689.74,689.8,689.52,689.66,90.52
2025-07-16T06:22:00.000000Z,689.67,689.82,689.6,689.68,63.52
2025-07-16T06:23:00.000000Z,689.68,689.73,689.49,689.66,155.22
2025-07-16T06:24:00.000000Z,689.64,690.12,689.64,690.01,378.75
2025-07-16T06:25:00.000000Z,689.99,690.0,689.56,689.56,207.12
2025-07-16T06:26:00.000000Z,689.56,689.75,689.51,689.75,76.3
2025-07-16T06:27:00.000000Z,689.75,689.75,689.32,689.33,113.92
2025-07-16T06:28:00.000000Z,689.34,689.6,689.34,689.59,122.14
2025-07-16T06:29:00.000000Z,689.6,689.68,689.52,689.68,128.59
2025-07-16T06:30:00.000000Z,689.67,689.68,689.52,689.55,167.79
2025-07-16T06:31:00.000000Z,689.55,689.72,689.53,689.72,180.89
2025-07-16T06:32:00.000000Z,689.73,690.12,689.72,690.08,114.42
2025-07-16T06:33:00.000000Z,690.08,690.09,689.93,689.97,140.36
2025-07-16T06:34:00.000000Z,689.96,689.98,689.93,689.95,55.17
2025-07-16T06:35:00.000000Z,689.96,690.13,689.84,689.84,170.37
2025-07-16T06:36:00.000000Z,689.84,689.96,689.84,689.95,51.02
2025-07-16T06:37:00.000000Z,689.96,690.02,689.82,689.92,50.39
2025-07-16T06:38:00.000000Z,689.92,690.03,689.91,689.91,96.25
2025-07-16T06:39:00.000000Z,689.92,690.08,689.92,690.03,53.45
2025-07-16T06:40:00.000000Z,690.03,690.18,690.02,690.17,115.02
2025-07-16T06:41:00.000000Z,690.17,690.68,690.17,690.67,582.73
2025-07-16T06:42:00.000000Z,690.67,690.88,690.67,690.84,129.11
2025-07-16T06:43:00.000000Z,690.83,691.03,690.83,690.92,399.91
2025-07-16T06:44:00.000000Z,690.94,690.94,690.8,690.82,75.82
2025-07-16T06:45:00.000000Z,690.81,690.82,690.71,690.78,223.66
2025-07-16T06:46:00.000000Z,690.77,690.78,690.6,690.6,53.83
2025-07-16T06:47:00.000000Z,690.61,690.96,690.61,690.93,188.4
2025-07-16T06:48:00.000000Z,690.92,691.0,690.74,690.81,301.85
2025-07-16T06:49:00.000000Z,690.82,690.92,690.76,690.81,288.48
2025-07-16T06:50:00.000000Z,690.81,690.92,690.72,690.77,100.94
2025-07-16T06:51:00.000000Z,690.78,690.78,690.6,690.62,108.29
2025-07-16T06:52:00.000000Z,690.64,690.97,690.6,690.97,552.83
2025-07-16T06:53:00.000000Z,690.98,691.15,690.92,691.07,86.23
2025-07-16T06:54:00.000000Z,691.06,691.06,690.89,690.9,134.18
2025-07-16T06:55:00.000000Z,690.9,690.93,690.84,690.92,128.05
2025-07-16T06:56:00.000000Z,690.93,690.93,690.82,690.82,58.74
2025-07-16T06:57:00.000000Z,690.83,691.06,690.73,691.05,137.51
2025-07-16T06:58:00.000000Z,691.06,691.37,691.06,691.2,680.58
2025-07-16T06:59:00.000000Z,691.21,691.34,691.2,691.21,176.86
2025-07-16T07:00:00.000000Z,691.21,691.3,690.97,691.11,236.2
2025-07-16T07:01:00.000000Z,691.1,691.42,691.1,691.34,452.25
2025-07-16T07:02:00.000000Z,691.34,691.35,691.11,691.12,118.77
2025-07-16T07:03:00.000000Z,691.12,691.12,690.9,691.04,197.51
2025-07-16T07:04:00.000000Z,691.06,691.11,691.0,691.08,66.68
2025-07-16T07:05:00.000000Z,691.07,691.08,690.85,690.85,145.51
2025-07-16T07:06:00.000000Z,690.85,690.88,690.65,690.77,167.69
2025-07-16T07:07:00.000000Z,690.78,690.78,690.72,690.74,57.84
2025-07-16T07:08:00.000000Z,690.73,690.78,690.57,690.57,94.15
2025-07-16T07:09:00.000000Z,690.57,690.78,690.53,690.77,200.12
2025-07-16T07:10:00.000000Z,690.78,690.94,690.55,690.58,186.25
2025-07-16T07:11:00.000000Z,690.58,690.58,690.37,690.37,329.73
2025-07-16T07:12:00.000000Z,690.37,690.38,690.13,690.17,602.07
2025-07-16T07:13:00.000000Z,690.18,690.4,690.17,690.32,414.4
2025-07-16T07:14:00.000000Z,690.33,690.57,690.33,690.57,60.74
2025-07-16T07:15:00.000000Z,690.57,690.86,690.57,690.85,80.36
2025-07-16T07:16:00.000000Z,690.86,690.88,690.67,690.82,140.05
2025-07-16T07:17:00.000000Z,690.82,690.86,690.82,690.85,110.21
2025-07-16T07:18:00.000000Z,690.86,690.96,690.85,690.96,78.37
2025-07-16T07:19:00.000000Z,690.95,691.23,690.95,691.23,110.36
2025-07-16T07:20:00.000000Z,691.24,691.52,691.24,691.44,150.22
2025-07-16T07:21:00.000000Z,691.43,691.52,691.43,691.5,215.21
2025-07-16T07:22:00.000000Z,691.48,691.52,691.41,691.52,102.32
2025-07-16T07:23:00.000000Z,691.53,691.64,691.52,691.61,185.73
2025-07-16T07:24:00.000000Z,691.6,691.61,691.39,691.4,142.5
2025-07-16T07:25:00.000000Z,691.4,691.6,691.39,691.55,195.57
2025-07-16T07:26:00.000000Z,691.55,691.84,691.54,691.79,230.39
2025-07-16T07:27:00.000000Z,691.79,691.83,691.58,691.83,181.81
2025-07-16T07:28:00.000000Z,691.85,691.96,691.85,691.94,134.36
2025-07-16T07:29:00.000000Z,691.95,692.08,691.88,692.04,339.76
2025-07-16T07:30:00.000000Z,692.04,692.04,692.0,692.01,112.59
2025-07-16T07:31:00.000000Z,692.0,692.2,691.84,692.2,188.78
2025-07-16T07:32:00.000000Z,692.2,692.58,692.2,692.57,141.08
2025-07-16T07:33:00.000000Z,692.58,692.7,692.51,692.52,244.87
2025-07-16T07:34:00.000000Z,692.52,692.7,692.52,692.7,163.01
2025-07-16T07:35:00.000000Z,692.7,692.78,692.69,692.77,139.2
2025-07-16T07:36:00.000000Z,692.78,692.8,692.78,692.79,125.96
2025-07-16T07:37:00.000000Z,692.8,693.0,692.79,692.99,354.52
2025-07-16T07:38:00.000000Z,693.0,693.0,692.99,692.99,154.51
2025-07-16T07:39:00.000000Z,693.0,693.15,692.99,693.15,114.69
2025-07-16T07:40:00.000000Z,693.15,693.15,693.0,693.13,383.0
2025-07-16T07:41:00.000000Z,693.12,693.13,692.92,693.0,267.9
2025-07-16T07:42:00.000000Z,693.01,693.14,692.88,693.14,556.0
2025-07-16T07:43:00.000000Z,693.15,693.55,693.14,693.55,252.25
2025-07-16T07:44:00.000000Z,693.55,693.66,693.5,693.66,130.37
2025-07-16T07:45:00.000000Z,693.65,693.73,693.62,693.63,335.69
2025-07-16T07:46:00.000000Z,693.63,693.65,693.44,693.44,618.67
2025-07-16T07:47:00.000000Z,693.45,693.46,693.42,693.46,226.01
2025-07-16T07:48:00.000000Z,693.46,693.65,693.45,693.65,143.76
2025-07-16T07:49:00.000000Z,693.65,693.8,693.64,693.71,498.24
2025-07-16T07:50:00.000000Z,693.72,693.88,693.71,693.79,293.48
2025-07-16T07:51:00.000000Z,693.8,693.87,693.76,693.76,181.64
2025-07-16T07:52:00.000000Z,693.77,693.77,693.28,693.28,234.28
2025-07-16T07:53:00.000000Z,693.28,693.44,693.06,693.17,451.93
2025-07-16T07:54:00.000000Z,693.16,693.17,692.1,692.63,2478.18
2025-07-16T07:55:00.000000Z,692.63,692.64,692.51,692.53,268.99
2025-07-16T07:56:00.000000Z,692.53,692.53,692.39,692.39,216.36
2025-07-16T07:57:00.000000Z,692.4,692.4,691.95,691.99,335.95
2025-07-16T07:58:00.000000Z,691.99,692.27,691.75,692.27,273.98
2025-07-16T07:59:00.000000Z,692.27,692.27,692.16,692.16,165.83
2025-07-16T08:00:00.000000Z,692.17,692.43,692.16,692.21,189.29
2025-07-16T08:01:00.000000Z,692.2,692.21,692.07,692.2,350.11
2025-07-16T08:02:00.000000Z,692.2,692.2,691.84,691.95,169.64
2025-07-16T08:03:00.000000Z,691.95,691.96,691.77,691.77,218.24
2025-07-16T08:04:00.000000Z,691.76,691.77,691.54,691.77,244.07
2025-07-16T08:05:00.000000Z,691.77,692.24,691.77,691.97,590.34
2025-07-16T08:06:00.000000Z,691.98,691.98,691.8,691.81,164.46
2025-07-16T08:07:00.000000Z,691.81,691.86,691.28,691.28,268.9
2025-07-16T08:08:00.000000Z,691.27,691.27,690.95,691.2,254.48
2025-07-16T08:09:00.000000Z,691.2,691.8,691.17,691.71,354.85
2025-07-16T08:10:00.000000Z,691.7,691.77,691.47,691.48,187.68
2025-07-16T08:11:00.000000Z,691.47,691.48,691.22,691.23,82.46
2025-07-16T08:12:00.000000Z,691.22,691.71,691.22,691.71,245.89
2025-07-16T08:13:00.000000Z,691.7,691.71,691.31,691.31,127.35
2025-07-16T08:14:00.000000Z,691.31,691.31,691.08,691.22,129.27
2025-07-16T08:15:00.000000Z,691.22,691.43,691.21,691.42,212.45
2025-07-16T08:16:00.000000Z,691.43,691.67,691.42,691.67,121.14
2025-07-16T08:17:00.000000Z,691.67,691.95,691.66,691.91,194.31
2025-07-16T08:18:00.000000Z,691.91,692.0,691.7,691.99,126.5
2025-07-16T08:19:00.000000Z,691.99,691.99,691.71,691.89,113.03
2025-07-16T08:20:00.000000Z,691.9,692.33,691.9,692.33,572.17
2025-07-16T08:21:00.000000Z,692.34,692.35,692.08,692.32,140.06
2025-07-16T08:22:00.000000Z,692.33,692.33,692.08,692.22,151.43
2025-07-16T08:23:00.000000Z,692.21,692.22,691.64,691.64,137.95
2025-07-16T08:24:00.000000Z,691.64,691.87,691.58,691.87,109.82
2025-07-16T08:25:00.000000Z,691.87,692.05,691.82,692.05,92.12
2025-07-16T08:26:00.000000Z,692.05,692.22,692.05,692.19,271.75
2025-07-16T08:27:00.000000Z,692.18,692.19,691.92,691.93,93.18
2025-07-16T08:28:00.000000Z,691.92,692.15,691.92,692.09,136.46
2025-07-16T08:29:00.000000Z,692.1,692.1,691.8,691.89,110.53
2025-07-16T08:30:00.000000Z,691.89,692.09,691.81,691.96,75.79
2025-07-16T08:31:00.000000Z,691.97,692.29,691.97,692.13,171.89
2025-07-16T08:32:00.000000Z,692.13,692.28,692.09,692.2,138.38
2025-07-16T08:33:00.000000Z,692.2,692.32,692.2,692.32,66.68
2025-07-16T08:34:00.000000Z,692.32,692.32,692.13,692.27,113.85
2025-07-16T08:35:00.000000Z,692.27,692.5,692.27,692.49,194.86
2025-07-16T08:36:00.000000Z,692.49,692.49,692.24,692.49,128.93
2025-07-16T08:37:00.000000Z,692.5,693.0,692.49,693.0,531.42
2025-07-16T08:38:00.000000Z,693.0,693.33,692.8,693.04,411.12
2025-07-16T08:39:00.000000Z,693.03,693.65,692.95,693.56,2473.04
2025-07-16T08:40:00.000000Z,693.56,693.56,693.37,693.53,252.25
2025-07-16T08:41:00.000000Z,693.53,693.8,693.47,693.53,201.07
2025-07-16T08:42:00.000000Z,693.53,693.68,693.37,693.68,225.34
2025-07-16T08:43:00.000000Z,693.68,693.68,693.53,693.54,98.05
2025-07-16T08:44:00.000000Z,693.53,693.54,693.48,693.5,133.54
2025-07-16T08:45:00.000000Z,693.5,693.5,693.21,693.33,315.37
2025-07-16T08:46:00.000000Z,693.33,693.36,693.08,693.19,216.48
2025-07-16T08:47:00.000000Z,693.18,693.19,692.89,693.07,211.21
2025-07-16T08:48:00.000000Z,693.07,693.16,693.0,693.14,125.44
2025-07-16T08:49:00.000000Z,693.15,693.32,693.11,693.24,82.85
2025-07-16T08:50:00.000000Z,693.24,693.24,693.23,693.24,48.31
2025-07-16T08:51:00.000000Z,693.24,693.44,693.1,693.44,152.85
2025-07-16T08:52:00.000000Z,693.43,693.43,692.68,692.92,258.31
2025-07-16T08:53:00.000000Z,692.93,693.0,692.75,693.0,243.68
2025-07-16T08:54:00.000000Z,693.0,693.08,693.0,693.06,88.62
2025-07-16T08:55:00.000000Z,693.07,693.07,692.89,693.06,282.46
2025-07-16T08:56:00.000000Z,693.07,693.32,693.07,693.32,138.75
2025-07-16T08:57:00.000000Z,693.32,693.46,693.32,693.46,37.57
2025-07-16T08:58:00.000000Z,693.45,693.46,693.3,693.33,258.99
2025-07-16T08:59:00.000000Z,693.33,693.44,693.28,693.28,158.91
2025-07-16T09:00:00.000000Z,693.29,694.08,693.07,694.07,2590.22
2025-07-16T09:01:00.000000Z,694.08,694.15,693.8,693.84,337.7
2025-07-16T09:02:00.000000Z,693.84,693.88,693.72,693.87,256.75
2025-07-16T09:03:00.000000Z,693.87,694.07,693.84,693.92,433.05
2025-07-16T09:04:00.000000Z,693.91,693.94,693.88,693.92,244.13
2025-07-16T09:05:00.000000Z,693.92,694.04,693.91,694.03,146.73
2025-07-16T09:06:00.000000Z,694.04,694.09,693.92,694.09,174.72
2025-07-16T09:07:00.000000Z,694.1,694.15,693.96,694.11,191.03
2025-07-16T09:08:00.000000Z,694.11,694.31,694.11,694.31,258.66
2025-07-16T09:09:00.000000Z,694.3,694.44,694.26,694.44,264.36
2025-07-16T09:10:00.000000Z,694.43,694.83,694.43,694.77,625.2
2025-07-16T09:11:00.000000Z,694.76,695.12,694.76,695.09,1103.72
2025-07-16T09:12:00.000000Z,695.09,695.17,695.02,695.12,260.13
2025-07-16T09:13:00.000000Z,695.12,695.12,695.06,695.07,79.94
2025-07-16T09:14:00.000000Z,695.06,695.16,694.84,695.15,336.88
2025-07-16T09:15:00.000000Z,695.15,695.21,695.0,695.08,155.81
2025-07-16T09:16:00.000000Z,695.09,695.2,695.09,695.15,141.28
2025-07-16T09:17:00.000000Z,695.15,695.15,694.89,695.11,226.54
2025-07-16T09:18:00.000000Z,695.11,695.12,695.02,695.08,134.52
2025-07-16T09:19:00.000000Z,695.08,695.41,694.96,695.33,804.82
2025-07-16T09:20:00.000000Z,695.32,695.33,695.26,695.26,88.81
2025-07-16T09:21:00.000000Z,695.27,695.27,695.13,695.14,189.75
2025-07-16T09:22:00.000000Z,695.14,695.28,695.13,695.18,333.68
2025-07-16T09:23:00.000000Z,695.18,695.23,695.15,695.2,181.87
2025-07-16T09:24:00.000000Z,695.2,695.21,694.81,694.89,301.01
2025-07-16T09:25:00.000000Z,694.89,695.0,694.76,694.99,167.2
2025-07-16T09:26:00.000000Z,695.0,695.12,695.0,695.04,219.08
2025-07-16T09:27:00.000000Z,695.05,695.2,695.04,695.13,224.4
2025-07-16T09:28:00.000000Z,695.16,695.16,695.15,695.15,24.73
2025-07-16T09:29:00.000000Z,695.16,695.16,694.92,694.92,213.68
2025-07-16T09:30:00.000000Z,694.93,695.0,694.81,694.94,146.66
2025-07-16T09:31:00.000000Z,694.95,695.7,694.94,695.69,336.34
2025-07-16T09:32:00.000000Z,695.64,695.7,695.57,695.58,103.7
2025-07-16T09:33:00.000000Z,695.58,695.76,695.57,695.6,230.4
2025-07-16T09:34:00.000000Z,695.61,695.61,695.33,695.5,185.78
2025-07-16T09:35:00.000000Z,695.5,695.6,695.18,695.18,900.7
2025-07-16T09:36:00.000000Z,695.18,695.19,694.9,695.04,212.24
2025-07-16T09:37:00.000000Z,695.04,695.15,694.8,694.89,143.12
2025-07-16T09:38:00.000000Z,694.88,695.0,694.59,694.8,465.78
2025-07-16T09:39:00.000000Z,694.8,694.81,694.46,694.67,748.63
2025-07-16T09:40:00.000000Z,694.68,694.95,694.62,694.68,428.96
2025-07-16T09:41:00.000000Z,694.69,694.71,694.42,694.48,413.09
2025-07-16T09:42:00.000000Z,694.49,694.5,694.14,694.17,200.34
2025-07-16T09:43:00.000000Z,694.16,694.28,693.9,694.19,446.61
2025-07-16T09:44:00.000000Z,694.19,694.2,693.78,694.13,483.48
2025-07-16T09:45:00.000000Z,694.14,694.32,694.0,694.14,734.34
2025-07-16T09:46:00.000000Z,694.12,694.29,694.0,694.29,279.72
2025-07-16T09:47:00.000000Z,694.29,694.64,694.25,694.63,207.32
2025-07-16T09:48:00.000000Z,694.63,695.28,694.63,695.28,430.88
2025-07-16T09:49:00.000000Z,695.28,695.38,695.27,695.3,125.18
2025-07-16T09:50:00.000000Z,695.3,695.37,695.25,695.32,165.05
2025-07-16T09:51:00.000000Z,695.33,695.43,695.32,695.43,70.27
2025-07-16T09:52:00.000000Z,695.45,695.45,695.4,695.41,125.92
2025-07-16T09:53:00.000000Z,695.41,695.43,695.32,695.32,230.75
2025-07-16T09:54:00.000000Z,695.32,695.33,695.1,695.26,449.18
2025-07-16T09:55:00.000000Z,695.27,695.27,695.0,695.0,178.47
2025-07-16T09:56:00.000000Z,695.0,695.0,694.74,694.88,311.74
2025-07-16T09:57:00.000000Z,694.89,694.89,694.84,694.85,106.68
2025-07-16T09:58:00.000000Z,694.85,695.0,694.84,695.0,28.11
2025-07-16T09:59:00.000000Z,695.0,695.42,694.72,695.23,641.03
2025-07-16T10:00:00.000000Z,695.24,695.31,694.92,694.97,476.67
2025-07-16T10:01:00.000000Z,694.98,694.98,694.86,694.89,139.02
2025-07-16T10:02:00.000000Z,694.89,695.1,694.88,694.88,234.69
2025-07-16T10:03:00.000000Z,694.89,695.12,694.88,694.96,295.31
2025-07-16T10:04:00.000000Z,694.96,695.07,694.95,695.07,58.0
2025-07-16T10:05:00.000000Z,695.06,695.07,694.72,694.72,329.56
2025-07-16T10:06:00.000000Z,694.72,694.84,694.72,694.78,213.19
2025-07-16T10:07:00.000000Z,694.77,694.84,694.6,694.6,198.16
2025-07-16T10:08:00.000000Z,694.6,694.79,694.51,694.78,112.69
2025-07-16T10:09:00.000000Z,694.78,694.88,694.68,694.68,84.82
2025-07-16T10:10:00.000000Z,694.68,694.69,694.52,694.68,160.9
2025-07-16T10:11:00.000000Z,694.67,694.9,694.57,694.89,607.23
2025-07-16T10:12:00.000000Z,694.89,694.99,694.89,694.99,155.78
2025-07-16T10:13:00.000000Z,694.99,695.07,694.57,694.58,219.86
2025-07-16T10:14:00.000000Z,694.57,694.58,694.32,694.45,94.31
2025-07-16T10:15:00.000000Z,694.44,694.44,694.26,694.26,92.71
2025-07-16T10:16:00.000000Z,694.27,694.41,694.24,694.24,596.34
2025-07-16T10:17:00.000000Z,694.25,694.25,693.8,693.81,192.37
2025-07-16T10:18:00.000000Z,693.8,694.31,693.8,694.31,119.33
2025-07-16T10:19:00.000000Z,694.31,694.32,694.12,694.32,76.56
2025-07-16T10:20:00.000000Z,694.31,694.5,694.27,694.49,42.53
2025-07-16T10:21:00.000000Z,694.5,694.6,694.32,694.42,292.81
2025-07-16T10:22:00.000000Z,694.41,694.6,694.35,694.45,89.07
2025-07-16T10:23:00.000000Z,694.44,694.83,694.44,694.82,69.27
2025-07-16T10:24:00.000000Z,694.83,694.88,694.82,694.88,66.43
2025-07-16T10:25:00.000000Z,694.88,694.89,694.74,694.74,145.9
2025-07-16T10:26:00.000000Z,694.73,694.73,694.57,694.64,85.98
2025-07-16T10:27:00.000000Z,694.64,694.64,694.4,694.4,123.78
2025-07-16T10:28:00.000000Z,694.39,694.48,694.28,694.48,68.66
2025-07-16T10:29:00.000000Z,694.47,694.47,694.04,694.04,142.69
2025-07-16T10:30:00.000000Z,694.04,694.3,694.04,694.3,117.0
2025-07-16T10:31:00.000000Z,694.29,694.44,694.29,694.31,57.25
2025-07-16T10:32:00.000000Z,694.31,694.35,694.22,694.26,97.75
2025-07-16T10:33:00.000000Z,694.26,694.32,694.08,694.08,101.65
2025-07-16T10:34:00.000000Z,694.08,694.24,693.9,694.24,194.54
2025-07-16T10:35:00.000000Z,694.23,694.3,694.09,694.29,84.47
2025-07-16T10:36:00.000000Z,694.29,694.35,694.21,694.21,112.71
2025-07-16T10:37:00.000000Z,694.21,694.39,694.21,694.26,130.99
2025-07-16T10:38:00.000000Z,694.25,694.26,693.98,693.98,493.82
2025-07-16T10:39:00.000000Z,693.98,694.32,693.98,694.32,242.26
2025-07-16T10:40:00.000000Z,694.32,694.6,694.31,694.46,82.84
2025-07-16T10:41:00.000000Z,694.45,694.46,693.86,693.9,163.72
2025-07-16T10:42:00.000000Z,693.9,694.03,693.38,693.55,901.96
2025-07-16T10:43:00.000000Z,693.55,693.68,693.44,693.58,194.33
2025-07-16T10:44:00.000000Z,693.58,693.58,693.36,693.55,110.99
2025-07-16T10:45:00.000000Z,693.55,693.85,693.55,693.78,189.56
2025-07-16T10:46:00.000000Z,693.78,694.28,693.64,693.97,4062.83
2025-07-16T10:47:00.000000Z,693.97,693.97,693.88,693.88,100.27
2025-07-16T10:48:00.000000Z,693.89,694.23,693.88,694.23,50.14
2025-07-16T10:49:00.000000Z,694.23,694.52,694.22,694.41,106.76
2025-07-16T10:50:00.000000Z,694.41,694.52,694.04,694.43,81.0
2025-07-16T10:51:00.000000Z,694.44,694.44,694.2,694.21,73.94
2025-07-16T10:52:00.000000Z,694.21,694.34,694.12,694.27,107.02
2025-07-16T10:53:00.000000Z,694.27,694.53,694.21,694.52,59.46
2025-07-16T10:54:00.000000Z,694.52,694.6,694.2,694.2,156.17
2025-07-16T10:55:00.000000Z,694.21,694.36,693.81,693.82,165.69
2025-07-16T10:56:00.000000Z,693.81,693.92,693.64,693.76,302.87
2025-07-16T10:57:00.000000Z,693.76,693.77,693.59,693.59,366.04
2025-07-16T10:58:00.000000Z,693.59,693.88,693.52,693.88,110.47
2025-07-16T10:59:00.000000Z,693.88,694.05,693.56,693.57,212.04
2025-07-16T11:00:00.000000Z,693.56,694.31,693.56,694.23,269.33
2025-07-16T11:01:00.000000Z,694.23,694.32,694.08,694.17,210.64
2025-07-16T11:02:00.000000Z,694.17,694.44,694.16,694.36,206.56
2025-07-16T11:03:00.000000Z,694.36,694.37,694.26,694.34,967.15
2025-07-16T11:04:00.000000Z,694.34,694.37,694.26,694.37,52.07
2025-07-16T11:05:00.000000Z,694.37,694.59,694.36,694.49,846.31
2025-07-16T11:06:00.000000Z,694.49,694.88,694.49,694.84,169.29
2025-07-16T11:07:00.000000Z,694.84,694.84,694.63,694.63,226.72
2025-07-16T11:08:00.000000Z,694.64,694.64,694.49,694.55,127.01
2025-07-16T11:09:00.000000Z,694.56,694.71,694.54,694.71,34.92
2025-07-16T11:10:00.000000Z,694.71,694.95,694.7,694.91,87.38
2025-07-16T11:11:00.000000Z,694.91,694.91,694.2,694.27,555.51
2025-07-16T11:12:00.000000Z,694.27,694.41,694.22,694.41,85.76
2025-07-16T11:13:00.000000Z,694.41,694.52,694.37,694.52,50.12
2025-07-16T11:14:00.000000Z,694.51,694.66,694.41,694.58,153.48
2025-07-16T11:15:00.000000Z,694.53,694.59,694.4,694.59,111.11
2025-07-16T11:16:00.000000Z,694.58,694.59,694.44,694.5,93.86
2025-07-16T11:17:00.000000Z,694.49,694.5,693.68,693.69,583.08
2025-07-16T11:18:00.000000Z,693.69,693.69,692.76,692.9,1413.93
2025-07-16T11:19:00.000000Z,692.89,693.24,692.89,693.15,149.24
2025-07-16T11:20:00.000000Z,693.14,693.26,693.06,693.06,140.81
2025-07-16T11:21:00.000000Z,693.06,693.14,692.66,692.67,295.28
2025-07-16T11:22:00.000000Z,692.66,692.68,692.45,692.46,490.7
2025-07-16T11:23:00.000000Z,692.45,692.72,692.42,692.57,204.91
2025-07-16T11:24:00.000000Z,692.58,692.64,692.28,692.48,352.7
2025-07-16T11:25:00.000000Z,692.47,692.84,692.47,692.74,247.08
2025-07-16T11:26:00.000000Z,692.74,693.16,692.74,693.16,153.28
2025-07-16T11:27:00.000000Z,693.16,693.47,693.15,693.47,213.06
2025-07-16T11:28:00.000000Z,693.47,693.83,693.47,693.82,146.03
2025-07-16T11:29:00.000000Z,693.82,694.0,693.82,693.88,140.79
2025-07-16T11:30:00.000000Z,693.88,693.88,693.74,693.75,74.66
2025-07-16T11:31:00.000000Z,693.75,693.98,693.74,693.98,57.49
2025-07-16T11:32:00.000000Z,693.98,694.05,693.53,693.62,265.7
2025-07-16T11:33:00.000000Z,693.61,693.66,693.24,693.66,63.75
2025-07-16T11:34:00.000000Z,693.65,693.78,693.32,693.47,98.66
2025-07-16T11:35:00.000000Z,693.45,693.68,693.4,693.68,31.59
2025-07-16T11:36:00.000000Z,693.68,693.82,693.67,693.74,124.83
2025-07-16T11:37:00.000000Z,693.75,693.88,693.67,693.76,95.32
2025-07-16T11:38:00.000000Z,693.76,694.16,693.75,694.16,94.43
2025-07-16T11:39:00.000000Z,694.16,694.33,694.05,694.25,240.65
2025-07-16T11:40:00.000000Z,694.25,694.61,694.24,694.5,153.92
2025-07-16T11:41:00.000000Z,694.5,694.64,694.41,694.64,115.36
2025-07-16T11:42:00.000000Z,694.64,694.64,694.42,694.45,120.28
2025-07-16T11:43:00.000000Z,694.45,694.5,694.36,694.36,114.44
2025-07-16T11:44:00.000000Z,694.36,694.5,694.36,694.48,296.72
2025-07-16T11:45:00.000000Z,694.48,694.68,694.41,694.67,93.86
2025-07-16T11:46:00.000000Z,694.67,694.87,694.67,694.86,153.69
2025-07-16T11:47:00.000000Z,694.87,694.91,694.8,694.84,116.43
2025-07-16T11:48:00.000000Z,694.85,695.0,694.84,695.0,162.98
2025-07-16T11:49:00.000000Z,695.0,695.07,694.87,695.07,250.03
2025-07-16T11:50:00.000000Z,695.06,695.14,694.93,694.93,99.5
2025-07-16T11:51:00.000000Z,694.92,695.07,694.89,695.07,83.55
2025-07-16T11:52:00.000000Z,695.06,695.06,694.86,695.02,161.54
2025-07-16T11:53:00.000000Z,695.03,695.03,694.9,695.03,63.64
2025-07-16T11:54:00.000000Z,695.02,695.11,695.02,695.04,135.98
2025-07-16T11:55:00.000000Z,695.04,695.04,694.25,694.29,1677.15
2025-07-16T11:56:00.000000Z,694.29,694.66,693.99,694.66,1455.98
2025-07-16T11:57:00.000000Z,694.66,694.72,694.55,694.59,261.72
2025-07-16T11:58:00.000000Z,694.59,694.6,694.31,694.6,126.93
2025-07-16T11:59:00.000000Z,694.6,694.7,694.6,694.7,48.25
2025-07-16T12:00:00.000000Z,694.69,694.92,694.69,694.86,233.47
2025-07-16T12:01:00.000000Z,694.86,694.86,694.64,694.82,165.84
2025-07-16T12:02:00.000000Z,694.82,694.9,694.78,694.86,134.75
2025-07-16T12:03:00.000000Z,694.85,695.15,694.85,695.14,207.03
2025-07-16T12:04:00.000000Z,695.15,695.29,695.14,695.26,70.54
2025-07-16T12:05:00.000000Z,695.29,695.75,695.28,695.75,196.81
2025-07-16T12:06:00.000000Z,695.75,696.21,695.74,695.83,1319.85
2025-07-16T12:07:00.000000Z,695.84,696.0,695.84,695.87,120.74
2025-07-16T12:08:00.000000Z,695.87,696.03,695.86,696.03,105.25
2025-07-16T12:09:00.000000Z,696.03,696.03,695.93,695.93,246.04
2025-07-16T12:10:00.000000Z,695.92,695.93,694.93,694.96,811.41
2025-07-16T12:11:00.000000Z,694.92,695.28,694.92,695.19,226.49
2025-07-16T12:12:00.000000Z,695.19,695.19,694.3,694.33,754.96
2025-07-16T12:13:00.000000Z,694.33,694.33,694.18,694.18,182.96
2025-07-16T12:14:00.000000Z,694.18,694.28,694.15,694.28,97.58
2025-07-16T12:15:00.000000Z,694.28,694.33,693.65,693.92,903.28
2025-07-16T12:16:00.000000Z,693.92,694.31,693.91,694.21,206.81
2025-07-16T12:17:00.000000Z,694.21,694.43,694.2,694.43,156.02
2025-07-16T12:18:00.000000Z,694.44,694.5,694.39,694.46,90.53
2025-07-16T12:19:00.000000Z,694.47,694.47,693.96,694.04,472.57
2025-07-16T12:20:00.000000Z,694.04,694.04,693.44,693.45,627.44
2025-07-16T12:21:00.000000Z,693.46,693.46,693.0,693.35,540.54
2025-07-16T12:22:00.000000Z,693.35,693.46,693.24,693.46,102.37
2025-07-16T12:23:00.000000Z,693.46,693.55,693.15,693.19,531.62
2025-07-16T12:24:00.000000Z,693.19,693.31,693.15,693.15,108.47
2025-07-16T12:25:00.000000Z,693.15,693.56,693.15,693.46,289.06
2025-07-16T12:26:00.000000Z,693.46,693.68,693.45,693.68,127.51
2025-07-16T12:27:00.000000Z,693.68,693.93,693.68,693.88,143.15
2025-07-16T12:28:00.000000Z,693.88,694.27,693.88,694.2,182.78
2025-07-16T12:29:00.000000Z,694.21,694.38,694.16,694.38,186.24
2025-07-16T12:30:00.000000Z,694.38,695.0,694.32,694.32,675.08
2025-07-16T12:31:00.000000Z,694.33,694.33,693.06,693.07,723.62
2025-07-16T12:32:00.000000Z,693.07,694.22,692.98,694.22,1045.94
2025-07-16T12:33:00.000000Z,694.23,694.66,693.97,694.43,302.53
2025-07-16T12:34:00.000000Z,694.41,694.85,694.26,694.8,189.62
2025-07-16T12:35:00.000000Z,694.8,694.8,693.97,694.05,731.5
2025-07-16T12:36:00.000000Z,694.05,694.28,693.97,694.12,289.98
2025-07-16T12:37:00.000000Z,694.16,694.53,694.07,694.46,181.99
2025-07-16T12:38:00.000000Z,694.46,694.6,694.13,694.13,570.59
2025-07-16T12:39:00.000000Z,694.13,694.27,693.93,694.26,179.39
2025-07-16T12:40:00.000000Z,694.27,694.89,694.07,694.63,313.42
2025-07-16T12:41:00.000000Z,694.63,694.76,694.24,694.25,257.55
2025-07-16T12:42:00.000000Z,694.25,694.46,694.24,694.29,351.79
2025-07-16T12:43:00.000000Z,694.29,694.3,694.01,694.28,146.05
2025-07-16T12:44:00.000000Z,694.28,694.4,694.03,694.17,733.61
2025-07-16T12:45:00.000000Z,694.17,694.29,693.88,694.29,170.95
2025-07-16T12:46:00.000000Z,694.29,694.37,694.18,694.29,115.06
2025-07-16T12:47:00.000000Z,694.29,694.7,694.08,694.55,210.32
2025-07-16T12:48:00.000000Z,694.54,694.55,694.13,694.31,164.33
2025-07-16T12:49:00.000000Z,694.31,694.33,693.83,693.84,303.69
2025-07-16T12:50:00.000000Z,693.84,694.35,693.65,693.92,233.21
2025-07-16T12:51:00.000000Z,693.92,694.12,693.66,694.11,271.87
2025-07-16T12:52:00.000000Z,694.08,694.29,694.08,694.17,108.86
2025-07-16T12:53:00.000000Z,694.17,694.17,693.85,694.0,126.44
2025-07-16T12:54:00.000000Z,694.0,694.01,693.85,693.85,117.48
2025-07-16T12:55:00.000000Z,693.85,694.24,693.8,694.24,90.3
2025-07-16T12:56:00.000000Z,694.23,694.26,693.7,693.7,130.51
2025-07-16T12:57:00.000000Z,693.71,693.92,693.64,693.76,188.53
2025-07-16T12:58:00.000000Z,693.77,693.77,693.4,693.41,340.26
2025-07-16T12:59:00.000000Z,693.4,693.58,693.12,693.12,188.45
2025-07-16T13:00:00.000000Z,693.13,693.33,692.96,692.97,305.02
2025-07-16T13:01:00.000000Z,692.96,693.12,692.82,693.04,418.52
2025-07-16T13:02:00.000000Z,693.03,693.08,692.44,692.46,518.97
2025-07-16T13:03:00.000000Z,692.46,692.73,692.3,692.53,858.96
2025-07-16T13:04:00.000000Z,692.52,693.39,692.52,693.15,1955.24
2025-07-16T13:05:00.000000Z,693.15,693.38,692.73,692.9,1116.3
2025-07-16T13:06:00.000000Z,692.91,692.91,692.58,692.58,300.92
2025-07-16T13:07:00.000000Z,692.58,692.59,692.02,692.28,1596.2
2025-07-16T13:08:00.000000Z,692.27,693.21,692.27,693.2,260.31
2025-07-16T13:09:00.000000Z,693.21,693.32,692.92,692.98,370.28
2025-07-16T13:10:00.000000Z,692.93,693.43,692.8,693.3,165.61
2025-07-16T13:11:00.000000Z,693.31,693.44,693.2,693.2,200.78
2025-07-16T13:12:00.000000Z,693.21,693.47,693.21,693.46,184.13
2025-07-16T13:13:00.000000Z,693.47,693.54,693.25,693.28,291.38
2025-07-16T13:14:00.000000Z,693.27,693.27,692.56,692.79,212.2
2025-07-16T13:15:00.000000Z,692.79,692.84,692.51,692.51,141.88
2025-07-16T13:16:00.000000Z,692.5,692.91,692.44,692.89,255.87
2025-07-16T13:17:00.000000Z,692.89,692.96,692.67,692.96,207.54
2025-07-16T13:18:00.000000Z,692.95,693.27,692.8,693.05,162.45
2025-07-16T13:19:00.000000Z,693.05,693.19,693.04,693.07,169.87
2025-07-16T13:20:00.000000Z,693.08,693.24,693.01,693.06,225.1
2025-07-16T13:21:00.000000Z,693.05,693.43,693.0,693.32,105.95
2025-07-16T13:22:00.000000Z,693.32,694.65,693.14,694.52,5485.74
2025-07-16T13:23:00.000000Z,694.52,694.53,692.81,692.81,1447.31
2025-07-16T13:24:00.000000Z,692.82,692.89,692.24,692.43,1025.38
2025-07-16T13:25:00.000000Z,692.44,693.18,692.36,692.49,1229.83
2025-07-16T13:26:00.000000Z,692.5,692.5,692.06,692.22,587.62
2025-07-16T13:27:00.000000Z,692.23,692.23,691.46,691.74,2153.99
2025-07-16T13:28:00.000000Z,691.73,692.17,691.73,692.17,332.23
2025-07-16T13:29:00.000000Z,692.16,692.16,691.72,691.91,482.96
2025-07-16T13:30:00.000000Z,691.91,691.91,691.5,691.5,544.08
2025-07-16T13:31:00.000000Z,691.5,691.52,691.33,691.48,678.56
2025-07-16T13:32:00.000000Z,691.5,692.07,691.5,691.86,303.73
2025-07-16T13:33:00.000000Z,691.87,692.27,691.87,692.23,339.73
2025-07-16T13:34:00.000000Z,692.23,692.71,691.93,692.35,1587.73
2025-07-16T13:35:00.000000Z,692.35,692.41,691.48,691.71,680.07
2025-07-16T13:36:00.000000Z,691.72,692.16,691.67,691.8,308.46
2025-07-16T13:37:00.000000Z,691.78,691.9,691.32,691.59,409.22
2025-07-16T13:38:00.000000Z,691.59,691.82,691.44,691.76,341.15
2025-07-16T13:39:00.000000Z,691.76,691.84,691.31,691.6,429.16
2025-07-16T13:40:00.000000Z,691.6,691.64,691.12,691.16,374.66
2025-07-16T13:41:00.000000Z,691.16,691.74,691.03,691.73,371.53
2025-07-16T13:42:00.000000Z,691.73,691.73,691.21,691.27,262.44
2025-07-16T13:43:00.000000Z,691.27,691.45,691.19,691.24,376.65
2025-07-16T13:44:00.000000Z,691.2,691.43,691.15,691.29,307.96
2025-07-16T13:45:00.000000Z,691.28,691.55,691.16,691.45,269.34
2025-07-16T13:46:00.000000Z,691.44,692.38,691.44,692.37,505.53
2025-07-16T13:47:00.000000Z,692.37,692.77,692.09,692.42,1859.71
2025-07-16T13:48:00.000000Z,692.42,692.94,692.32,692.37,712.09
2025-07-16T13:49:00.000000Z,692.37,692.72,692.2,692.37,960.87
2025-07-16T13:50:00.000000Z,692.37,693.32,692.24,692.64,1433.08
2025-07-16T13:51:00.000000Z,692.65,692.65,691.92,692.41,479.65
2025-07-16T13:52:00.000000Z,692.4,692.6,692.16,692.6,358.16
2025-07-16T13:53:00.000000Z,692.61,692.84,692.48,692.82,125.27
2025-07-16T13:54:00.000000Z,692.83,693.09,692.48,692.48,149.88
2025-07-16T13:55:00.000000Z,692.47,693.12,692.2,693.12,277.99
2025-07-16T13:56:00.000000Z,693.11,693.11,692.72,692.93,255.17
2025-07-16T13:57:00.000000Z,692.93,693.16,692.8,693.09,291.27
2025-07-16T13:58:00.000000Z,693.09,693.34,693.09,693.34,158.76
2025-07-16T13:59:00.000000Z,693.34,693.35,693.03,693.08,161.6
2025-07-16T14:00:00.000000Z,693.09,693.65,693.0,693.35,1830.07
2025-07-16T14:01:00.000000Z,693.33,693.35,693.08,693.27,354.65
2025-07-16T14:02:00.000000Z,693.27,693.86,693.18,693.84,265.51
2025-07-16T14:03:00.000000Z,693.84,693.9,693.68,693.8,143.84
2025-07-16T14:04:00.000000Z,693.81,694.79,693.62,694.73,1091.92
2025-07-16T14:05:00.000000Z,694.73,695.08,694.34,694.45,1100.3
2025-07-16T14:06:00.000000Z,694.45,694.8,694.15,694.15,511.93
2025-07-16T14:07:00.000000Z,694.16,694.36,693.42,693.47,420.26
2025-07-16T14:08:00.000000Z,693.46,693.84,693.34,693.41,303.67
2025-07-16T14:09:00.000000Z,693.42,693.85,693.15,693.85,262.46
2025-07-16T14:10:00.000000Z,693.87,693.97,693.33,693.94,177.12
2025-07-16T14:11:00.000000Z,693.94,693.95,693.15,693.34,108.66
2025-07-16T14:12:00.000000Z,693.34,693.63,693.22,693.36,201.13
2025-07-16T14:13:00.000000Z,693.36,693.36,693.04,693.08,128.46
2025-07-16T14:14:00.000000Z,693.07,693.24,692.41,692.44,694.62
2025-07-16T14:15:00.000000Z,692.45,692.8,692.4,692.8,231.66
2025-07-16T14:16:00.000000Z,692.79,692.79,692.2,692.27,414.04
2025-07-16T14:17:00.000000Z,692.28,692.88,692.28,692.72,179.21
2025-07-16T14:18:00.000000Z,692.72,693.18,692.72,693.12,187.72
2025-07-16T14:19:00.000000Z,693.12,693.19,692.98,693.11,158.57
2025-07-16T14:20:00.000000Z,693.11,693.47,693.1,693.2,155.88
2025-07-16T14:21:00.000000Z,693.2,693.35,693.04,693.16,151.07
2025-07-16T14:22:00.000000Z,693.16,693.23,692.85,692.97,130.73
2025-07-16T14:23:00.000000Z,693.0,693.11,692.88,692.88,75.64
2025-07-16T14:24:00.000000Z,692.88,693.05,692.88,693.02,83.89
2025-07-16T14:25:00.000000Z,693.01,693.3,692.75,692.86,178.84
2025-07-16T14:26:00.000000Z,692.87,693.26,692.64,693.18,318.08
2025-07-16T14:27:00.000000Z,693.17,693.64,693.17,693.63,74.34
2025-07-16T14:28:00.000000Z,693.63,693.72,693.58,693.68,50.94
2025-07-16T14:29:00.000000Z,693.67,693.87,693.67,693.87,81.91
2025-07-16T14:30:00.000000Z,693.86,694.57,693.48,694.57,873.14
2025-07-16T14:31:00.000000Z,694.54,695.0,694.3,694.39,691.64
2025-07-16T14:32:00.000000Z,694.38,695.32,694.29,695.2,422.41
2025-07-16T14:33:00.000000Z,695.2,695.99,695.12,695.89,1357.44
2025-07-16T14:34:00.000000Z,695.88,695.99,695.55,695.82,459.27
2025-07-16T14:35:00.000000Z,695.81,695.82,695.2,695.29,527.61
2025-07-16T14:36:00.000000Z,695.3,695.59,695.11,695.43,745.26
2025-07-16T14:37:00.000000Z,695.44,696.25,695.35,695.76,895.15
2025-07-16T14:38:00.000000Z,695.77,695.87,695.27,695.63,284.13
2025-07-16T14:39:00.000000Z,695.64,696.0,695.63,695.99,118.71
2025-07-16T14:40:00.000000Z,696.0,696.11,695.82,695.92,356.75
2025-07-16T14:41:00.000000Z,695.93,696.02,695.67,696.01,263.57
2025-07-16T14:42:00.000000Z,696.02,697.44,696.02,697.36,2166.36
2025-07-16T14:43:00.000000Z,697.36,697.97,697.36,697.84,2038.09
2025-07-16T14:44:00.000000Z,697.85,698.06,697.65,697.93,1532.84
2025-07-16T14:45:00.000000Z,697.92,698.72,697.92,698.62,1589.21
2025-07-16T14:46:00.000000Z,698.61,698.62,698.2,698.62,888.82
2025-07-16T14:47:00.000000Z,698.61,699.05,698.52,699.02,1422.18
2025-07-16T14:48:00.000000Z,699.02,699.83,699.02,699.5,1104.13
2025-07-16T14:49:00.000000Z,699.51,700.19,699.32,700.07,1290.51
2025-07-16T14:50:00.000000Z,700.07,700.07,699.48,699.92,1397.5
2025-07-16T14:51:00.000000Z,699.91,700.87,699.73,700.63,1748.39
2025-07-16T14:52:00.000000Z,700.61,701.35,700.61,700.7,2634.34
2025-07-16T14:53:00.000000Z,700.7,700.85,699.61,700.61,4441.42
2025-07-16T14:54:00.000000Z,700.6,700.61,699.61,700.11,2034.39
2025-07-16T14:55:00.000000Z,700.12,700.32,699.97,700.09,815.13
2025-07-16T14:56:00.000000Z,700.08,701.52,700.01,701.51,1248.08
2025-07-16T14:57:00.000000Z,701.52,703.12,701.48,703.04,3869.08
2025-07-16T14:58:00.000000Z,703.04,703.32,702.3,703.1,2525.93
2025-07-16T14:59:00.000000Z,703.1,704.44,703.1,703.84,3782.54
2025-07-16T15:00:00.000000Z,703.83,704.75,703.8,704.64,2218.24
2025-07-16T15:01:00.000000Z,704.64,705.55,704.48,705.04,3058.5
2025-07-16T15:02:00.000000Z,705.04,705.69,704.92,705.6,2460.64
2025-07-16T15:03:00.000000Z,705.59,706.8,705.43,705.69,3700.39
2025-07-16T15:04:00.000000Z,705.7,705.9,705.47,705.79,1628.17
2025-07-16T15:05:00.000000Z,705.8,705.82,703.88,704.41,4764.62
2025-07-16T15:06:00.000000Z,704.4,705.07,704.34,705.0,1130.64
2025-07-16T15:07:00.000000Z,704.99,706.59,704.41,706.48,2602.59
2025-07-16T15:08:00.000000Z,706.47,707.08,705.03,705.37,3021.95
2025-07-16T15:09:00.000000Z,705.33,705.65,704.26,704.51,1725.83
2025-07-16T15:10:00.000000Z,704.51,705.68,704.28,704.46,1793.14
2025-07-16T15:11:00.000000Z,704.45,704.53,703.84,704.08,1197.05
2025-07-16T15:12:00.000000Z,704.09,704.12,703.66,703.8,1228.11
2025-07-16T15:13:00.000000Z,703.8,703.96,703.4,703.43,943.42
2025-07-16T15:14:00.000000Z,703.43,703.59,702.54,702.61,1766.21
2025-07-16T15:15:00.000000Z,702.61,702.63,701.06,701.13,1993.24
2025-07-16T15:16:00.000000Z,701.15,701.92,700.23,701.56,3668.32
2025-07-16T15:17:00.000000Z,701.56,701.92,700.37,701.7,1498.14
2025-07-16T15:18:00.000000Z,701.69,701.7,700.37,700.77,1545.87
2025-07-16T15:19:00.000000Z,700.78,701.24,700.13,701.24,859.57
2025-07-16T15:20:00.000000Z,701.23,701.33,700.17,701.3,3015.88
2025-07-16T15:21:00.000000Z,701.25,701.25,700.37,700.37,695.82
2025-07-16T15:22:00.000000Z,700.37,700.75,699.62,700.29,1318.57
2025-07-16T15:23:00.000000Z,700.28,700.78,700.11,700.33,748.81
2025-07-16T15:24:00.000000Z,700.34,700.34,699.56,700.12,760.22
2025-07-16T15:25:00.000000Z,700.11,701.03,699.89,700.76,763.45
2025-07-16T15:26:00.000000Z,700.77,701.6,700.77,701.58,638.9
2025-07-16T15:27:00.000000Z,701.58,702.18,701.57,701.79,860.03
2025-07-16T15:28:00.000000Z,701.78,702.22,701.53,702.2,490.22
2025-07-16T15:29:00.000000Z,702.21,702.21,701.73,701.81,248.2
2025-07-16T15:30:00.000000Z,701.81,702.33,701.28,701.32,1486.22
2025-07-16T15:31:00.000000Z,701.34,701.34,700.19,700.5,1105.23
2025-07-16T15:32:00.000000Z,700.52,700.52,700.18,700.4,510.84
2025-07-16T15:33:00.000000Z,700.38,700.38,699.87,700.02,583.32
2025-07-16T15:34:00.000000Z,700.02,700.4,699.96,700.08,784.34
2025-07-16T15:35:00.000000Z,700.09,700.09,699.11,699.22,1385.81
2025-07-16T15:36:00.000000Z,699.21,699.23,698.08,698.13,1391.41
2025-07-16T15:37:00.000000Z,698.13,698.31,697.47,697.85,1291.95
2025-07-16T15:38:00.000000Z,697.85,698.75,697.0,698.74,1246.73
2025-07-16T15:39:00.000000Z,698.74,698.88,698.2,698.59,698.1
2025-07-16T15:40:00.000000Z,698.6,699.73,698.58,699.28,875.67
2025-07-16T15:41:00.000000Z,699.28,699.79,699.28,699.29,362.16
2025-07-16T15:42:00.000000Z,699.29,699.81,699.25,699.32,662.07
2025-07-16T15:43:00.000000Z,699.31,699.6,699.2,699.58,457.63
2025-07-16T15:44:00.000000Z,699.56,699.56,698.96,699.46,225.98
2025-07-16T15:45:00.000000Z,699.46,699.72,698.96,699.4,357.16
2025-07-16T15:46:00.000000Z,699.39,699.64,699.16,699.32,750.44
2025-07-16T15:47:00.000000Z,699.32,699.8,699.32,699.79,271.63
2025-07-16T15:48:00.000000Z,699.78,700.7,699.65,700.69,682.86
2025-07-16T15:49:00.000000Z,700.68,700.81,700.48,700.79,225.68
2025-07-16T15:50:00.000000Z,700.79,701.26,700.78,701.05,677.12
2025-07-16T15:51:00.000000Z,701.05,701.2,700.46,700.49,636.16
2025-07-16T15:52:00.000000Z,700.5,700.5,699.43,699.5,346.67
2025-07-16T15:53:00.000000Z,699.47,700.44,699.43,700.33,172.11
2025-07-16T15:54:00.000000Z,700.4,700.68,700.03,700.24,854.04
2025-07-16T15:55:00.000000Z,700.26,701.16,700.14,700.2,596.44
2025-07-16T15:56:00.000000Z,700.19,700.88,700.05,700.21,461.74
2025-07-16T15:57:00.000000Z,700.2,700.68,699.92,699.98,323.81
2025-07-16T15:58:00.000000Z,699.98,700.96,699.97,700.83,266.64
2025-07-16T15:59:00.000000Z,700.81,701.11,700.64,700.68,169.57
2025-07-16T16:00:00.000000Z,700.68,701.35,700.67,700.68,990.22
2025-07-16T16:01:00.000000Z,700.68,700.92,700.28,700.59,526.0
2025-07-16T16:02:00.000000Z,700.59,700.96,700.38,700.96,711.56
2025-07-16T16:03:00.000000Z,700.95,700.95,700.4,700.52,434.74
2025-07-16T16:04:00.000000Z,700.52,700.6,699.82,699.84,406.43
2025-07-16T16:05:00.000000Z,699.85,700.24,699.56,699.91,451.99
2025-07-16T16:06:00.000000Z,699.9,700.89,699.86,700.89,461.3
2025-07-16T16:07:00.000000Z,700.9,700.91,699.8,699.85,354.33
2025-07-16T16:08:00.000000Z,699.88,700.01,699.17,699.42,503.56
2025-07-16T16:09:00.000000Z,699.43,700.22,699.27,700.15,338.27
2025-07-16T16:10:00.000000Z,700.15,700.72,699.74,699.74,617.44
2025-07-16T16:11:00.000000Z,699.72,700.65,699.72,700.37,392.56
2025-07-16T16:12:00.000000Z,700.37,700.47,699.92,700.17,364.65
2025-07-16T16:13:00.000000Z,700.17,701.73,700.12,700.95,3558.59
2025-07-16T16:14:00.000000Z,700.95,700.95,700.53,700.8,375.77
2025-07-16T16:15:00.000000Z,700.8,700.9,699.97,700.27,612.42
2025-07-16T16:16:00.000000Z,700.26,700.42,700.1,700.28,376.89
2025-07-16T16:17:00.000000Z,700.28,700.86,700.26,700.49,285.01
2025-07-16T16:18:00.000000Z,700.48,700.48,699.74,699.76,400.88
2025-07-16T16:19:00.000000Z,699.74,700.55,699.73,700.55,293.23
2025-07-16T16:20:00.000000Z,700.55,701.32,700.55,701.17,555.94
2025-07-16T16:21:00.000000Z,701.17,701.17,700.61,700.71,757.28
2025-07-16T16:22:00.000000Z,700.71,700.96,700.48,700.96,557.31
2025-07-16T16:23:00.000000Z,700.96,701.02,700.42,700.52,343.9
2025-07-16T16:24:00.000000Z,700.51,701.25,700.35,701.15,563.12
2025-07-16T16:25:00.000000Z,701.14,701.45,700.65,700.65,861.11
2025-07-16T16:26:00.000000Z,700.66,700.8,700.16,700.8,550.03
2025-07-16T16:27:00.000000Z,700.8,701.16,700.79,701.16,222.7
2025-07-16T16:28:00.000000Z,701.17,701.99,701.17,701.99,441.69
2025-07-16T16:29:00.000000Z,702.0,702.71,701.99,702.26,709.56
2025-07-16T16:30:00.000000Z,702.26,702.48,701.81,702.46,834.41
2025-07-16T16:31:00.000000Z,702.47,702.6,702.4,702.42,520.79
2025-07-16T16:32:00.000000Z,702.43,702.48,701.53,701.57,563.91
2025-07-16T16:33:00.000000Z,701.57,701.75,701.36,701.48,318.54
2025-07-16T16:34:00.000000Z,701.48,701.52,701.08,701.08,203.98
2025-07-16T16:35:00.000000Z,701.07,701.07,700.57,700.66,1022.27
2025-07-16T16:36:00.000000Z,700.64,700.86,700.44,700.86,397.31
2025-07-16T16:37:00.000000Z,700.86,700.86,700.48,700.51,367.6
2025-07-16T16:38:00.000000Z,700.52,700.87,700.52,700.84,302.32
2025-07-16T16:39:00.000000Z,700.85,701.97,700.84,701.56,315.52
2025-07-16T16:40:00.000000Z,701.56,701.78,701.45,701.72,585.58
2025-07-16T16:41:00.000000Z,701.72,701.96,701.61,701.61,327.72
2025-07-16T16:42:00.000000Z,701.61,701.61,701.24,701.29,276.42
2025-07-16T16:43:00.000000Z,701.29,701.78,701.28,701.78,336.32
2025-07-16T16:44:00.000000Z,701.79,701.89,701.4,701.4,207.51
2025-07-16T16:45:00.000000Z,701.41,701.52,700.92,701.01,386.71
2025-07-16T16:46:00.000000Z,701.0,701.38,700.95,701.07,485.76
2025-07-16T16:47:00.000000Z,701.08,701.12,700.88,700.89,141.49
2025-07-16T16:48:00.000000Z,700.88,701.05,700.88,700.92,176.28
2025-07-16T16:49:00.000000Z,700.93,701.03,700.76,700.76,154.11
2025-07-16T16:50:00.000000Z,700.77,700.79,700.48,700.7,294.48
2025-07-16T16:51:00.000000Z,700.71,700.79,700.52,700.52,247.37
2025-07-16T16:52:00.000000Z,700.52,700.88,700.49,700.85,358.55
2025-07-16T16:53:00.000000Z,700.87,700.88,700.5,700.51,194.33
2025-07-16T16:54:00.000000Z,700.5,700.78,700.5,700.71,203.93
2025-07-16T16:55:00.000000Z,700.7,701.09,700.6,700.61,300.86
2025-07-16T16:56:00.000000Z,700.61,700.96,700.56,700.72,375.57
2025-07-16T16:57:00.000000Z,700.72,700.87,700.45,700.77,298.86
2025-07-16T16:58:00.000000Z,700.77,701.71,700.77,701.44,310.68
2025-07-16T16:59:00.000000Z,701.44,701.67,701.29,701.48,656.34
2025-07-16T17:00:00.000000Z,701.47,701.76,701.47,701.71,503.64
2025-07-16T17:01:00.000000Z,701.72,702.0,701.71,701.82,260.55
2025-07-16T17:02:00.000000Z,701.82,702.01,701.5,701.87,507.45
2025-07-16T17:03:00.000000Z,701.88,701.88,701.17,701.17,286.1
2025-07-16T17:04:00.000000Z,701.17,701.22,700.33,700.68,1624.25
2025-07-16T17:05:00.000000Z,700.68,700.92,700.68,700.91,185.81
2025-07-16T17:06:00.000000Z,700.92,700.92,700.53,700.84,406.96
2025-07-16T17:07:00.000000Z,700.83,700.88,700.6,700.68,190.86
2025-07-16T17:08:00.000000Z,700.68,701.04,700.68,701.04,132.59
2025-07-16T17:09:00.000000Z,701.04,701.17,701.03,701.08,250.73
2025-07-16T17:10:00.000000Z,701.08,701.15,700.89,700.89,316.74
2025-07-16T17:11:00.000000Z,700.88,701.15,700.73,701.13,454.82
2025-07-16T17:12:00.000000Z,701.14,701.14,701.0,701.01,120.61
2025-07-16T17:13:00.000000Z,701.01,701.01,700.88,700.94,84.54
2025-07-16T17:14:00.000000Z,700.93,700.94,700.8,700.81,79.14
2025-07-16T17:15:00.000000Z,700.81,700.98,700.75,700.97,329.53
2025-07-16T17:16:00.000000Z,700.97,701.12,700.9,701.11,264.83
2025-07-16T17:17:00.000000Z,701.12,701.18,701.07,701.17,222.15
2025-07-16T17:18:00.000000Z,701.18,701.24,701.07,701.19,213.73
2025-07-16T17:19:00.000000Z,701.18,701.2,701.13,701.16,85.99
2025-07-16T17:20:00.000000Z,701.17,701.87,701.16,701.69,459.57
2025-07-16T17:21:00.000000Z,701.69,701.85,701.12,701.29,520.66
2025-07-16T17:22:00.000000Z,701.29,702.36,701.29,702.29,288.3
2025-07-16T17:23:00.000000Z,702.29,702.29,701.84,702.16,280.08
2025-07-16T17:24:00.000000Z,702.16,702.64,702.15,702.64,815.82
2025-07-16T17:25:00.000000Z,702.64,702.79,702.05,702.74,1718.82
2025-07-16T17:26:00.000000Z,702.74,702.8,702.53,702.72,685.86
2025-07-16T17:27:00.000000Z,702.72,702.94,702.3,702.31,1256.37
2025-07-16T17:28:00.000000Z,702.31,702.68,702.28,702.68,602.72
2025-07-16T17:29:00.000000Z,702.68,703.31,702.67,703.31,418.58
2025-07-16T17:30:00.000000Z,703.31,703.4,703.08,703.4,554.78
2025-07-16T17:31:00.000000Z,703.4,703.53,703.12,703.36,704.1
2025-07-16T17:32:00.000000Z,703.36,703.66,703.36,703.53,498.89
2025-07-16T17:33:00.000000Z,703.53,703.57,703.31,703.55,312.98
2025-07-16T17:34:00.000000Z,703.54,703.55,702.85,702.88,1005.19
2025-07-16T17:35:00.000000Z,702.87,702.87,702.56,702.64,399.37
2025-07-16T17:36:00.000000Z,702.64,703.01,702.64,702.8,217.57
2025-07-16T17:37:00.000000Z,702.8,702.91,702.18,702.19,283.78
2025-07-16T17:38:00.000000Z,702.18,702.88,702.07,702.87,501.44
2025-07-16T17:39:00.000000Z,702.87,703.09,702.68,702.74,320.61
2025-07-16T17:40:00.000000Z,702.74,703.04,702.7,702.96,162.89
2025-07-16T17:41:00.000000Z,702.96,703.37,702.96,703.31,497.43
2025-07-16T17:42:00.000000Z,703.3,703.3,702.62,702.62,226.14
2025-07-16T17:43:00.000000Z,702.62,702.87,702.62,702.81,166.8
2025-07-16T17:44:00.000000Z,702.8,702.84,702.47,702.58,138.48
2025-07-16T17:45:00.000000Z,702.59,703.16,702.58,703.04,302.45
2025-07-16T17:46:00.000000Z,703.03,703.33,703.03,703.33,199.21
2025-07-16T17:47:00.000000Z,703.34,703.73,703.34,703.73,314.93
2025-07-16T17:48:00.000000Z,703.73,703.77,703.57,703.57,340.62
2025-07-16T17:49:00.000000Z,703.57,703.57,703.39,703.5,174.27
2025-07-16T17:50:00.000000Z,703.5,703.5,702.68,702.73,581.29
2025-07-16T17:51:00.000000Z,702.73,703.16,702.68,703.12,280.76
2025-07-16T17:52:00.000000Z,703.12,705.06,703.12,704.91,2531.53
2025-07-16T17:53:00.000000Z,704.91,705.52,704.79,705.12,1347.02
2025-07-16T17:54:00.000000Z,705.12,705.24,704.81,705.11,1021.46
2025-07-16T17:55:00.000000Z,705.11,705.11,704.24,704.63,395.95
2025-07-16T17:56:00.000000Z,704.64,705.85,704.63,705.46,2477.78
2025-07-16T17:57:00.000000Z,705.44,705.68,705.04,705.52,2657.99
2025-07-16T17:58:00.000000Z,705.53,706.15,705.52,706.09,724.6
2025-07-16T17:59:00.000000Z,706.09,706.54,706.09,706.25,754.47
2025-07-16T18:00:00.000000Z,706.26,706.28,705.84,706.08,616.46
2025-07-16T18:01:00.000000Z,706.08,706.4,706.01,706.39,523.01
2025-07-16T18:02:00.000000Z,706.4,706.6,706.25,706.47,593.25
2025-07-16T18:03:00.000000Z,706.45,706.52,706.08,706.35,1165.62
2025-07-16T18:04:00.000000Z,706.36,707.66,706.35,707.65,2630.76
2025-07-16T18:05:00.000000Z,707.65,708.81,707.61,708.67,3245.84
2025-07-16T18:06:00.000000Z,708.68,710.64,708.57,709.9,9958.93
2025-07-16T18:07:00.000000Z,709.9,710.07,709.39,709.4,1398.49
2025-07-16T18:08:00.000000Z,709.4,709.7,709.12,709.63,887.61
2025-07-16T18:09:00.000000Z,709.64,710.09,709.21,709.99,1513.88
2025-07-16T18:10:00.000000Z,709.99,710.05,708.87,709.19,1719.04
2025-07-16T18:11:00.000000Z,709.2,709.2,708.25,708.75,1049.97
2025-07-16T18:12:00.000000Z,708.75,708.76,708.41,708.57,341.36
2025-07-16T18:13:00.000000Z,708.58,709.71,708.36,709.45,1779.05
2025-07-16T18:14:00.000000Z,709.45,709.49,709.18,709.39,541.86
2025-07-16T18:15:00.000000Z,709.39,709.68,709.24,709.57,505.4
2025-07-16T18:16:00.000000Z,709.57,709.83,709.53,709.83,406.4
2025-07-16T18:17:00.000000Z,709.83,709.85,709.42,709.84,915.36
2025-07-16T18:18:00.000000Z,709.84,709.85,709.49,709.57,964.67
2025-07-16T18:19:00.000000Z,709.59,710.2,709.59,710.1,1071.67
2025-07-16T18:20:00.000000Z,710.1,710.26,709.49,709.96,2765.07
2025-07-16T18:21:00.000000Z,709.95,709.96,709.73,709.96,344.44
2025-07-16T18:22:00.000000Z,709.96,710.32,709.78,710.08,524.99
2025-07-16T18:23:00.000000Z,710.09,710.22,709.81,710.21,787.59
2025-07-16T18:24:00.000000Z,710.2,710.21,709.83,710.1,279.52
2025-07-16T18:25:00.000000Z,710.09,710.22,709.84,710.01,693.42
2025-07-16T18:26:00.000000Z,710.01,710.18,709.37,709.38,533.5
2025-07-16T18:27:00.000000Z,709.38,710.08,709.38,709.89,611.27
2025-07-16T18:28:00.000000Z,709.88,709.89,709.53,709.68,212.89
2025-07-16T18:29:00.000000Z,709.64,709.65,709.38,709.39,241.23
2025-07-16T18:30:00.000000Z,709.38,709.67,709.38,709.54,821.4
2025-07-16T18:31:00.000000Z,709.54,709.68,709.43,709.68,315.95
2025-07-16T18:32:00.000000Z,709.68,710.2,709.61,710.16,626.89
2025-07-16T18:33:00.000000Z,710.17,710.63,710.0,710.37,1450.02
2025-07-16T18:34:00.000000Z,710.37,711.43,710.37,710.69,2273.76
2025-07-16T18:35:00.000000Z,710.69,711.44,710.48,711.16,828.44
2025-07-16T18:36:00.000000Z,711.16,711.28,710.98,711.03,974.47
2025-07-16T18:37:00.000000Z,711.03,711.47,710.94,710.94,487.27
2025-07-16T18:38:00.000000Z,710.93,710.93,710.04,710.4,2125.45
2025-07-16T18:39:00.000000Z,710.41,710.52,710.03,710.04,663.48
2025-07-16T18:40:00.000000Z,710.03,710.09,709.6,710.08,511.02
2025-07-16T18:41:00.000000Z,710.09,710.26,709.91,710.23,358.99
2025-07-16T18:42:00.000000Z,710.22,710.42,709.98,710.41,415.69
2025-07-16T18:43:00.000000Z,710.42,710.58,710.3,710.37,447.51
2025-07-16T18:44:00.000000Z,710.38,710.48,710.0,710.16,536.55
2025-07-16T18:45:00.000000Z,710.16,710.33,710.07,710.32,281.48
2025-07-16T18:46:00.000000Z,710.31,710.32,709.56,709.67,355.5
2025-07-16T18:47:00.000000Z,709.67,709.79,708.89,708.93,867.21
2025-07-16T18:48:00.000000Z,708.93,708.93,707.87,708.32,2038.01
2025-07-16T18:49:00.000000Z,708.32,708.58,707.93,708.58,518.87
2025-07-16T18:50:00.000000Z,708.57,708.58,707.78,708.06,1807.98
2025-07-16T18:51:00.000000Z,708.07,708.2,707.34,707.55,1295.16
2025-07-16T18:52:00.000000Z,707.56,708.07,707.56,708.03,485.26
2025-07-16T18:53:00.000000Z,708.02,708.28,707.7,708.05,648.86
2025-07-16T18:54:00.000000Z,708.05,708.62,708.01,708.53,430.36
2025-07-16T18:55:00.000000Z,708.54,709.25,708.24,709.04,779.19
2025-07-16T18:56:00.000000Z,709.03,709.22,708.84,708.91,329.51
2025-07-16T18:57:00.000000Z,708.91,708.96,707.97,708.31,4030.32
2025-07-16T18:58:00.000000Z,708.32,708.5,708.0,708.18,271.57
2025-07-16T18:59:00.000000Z,708.19,708.29,707.83,708.07,282.23
2025-07-16T19:00:00.000000Z,708.06,708.49,708.06,708.48,333.54
2025-07-16T19:01:00.000000Z,708.5,709.76,708.49,709.73,803.21
2025-07-16T19:02:00.000000Z,709.73,709.77,709.01,709.24,377.21
2025-07-16T19:03:00.000000Z,709.24,709.24,708.26,708.38,647.58
2025-07-16T19:04:00.000000Z,708.37,708.58,708.26,708.27,330.76
2025-07-16T19:05:00.000000Z,708.27,708.27,707.88,708.2,270.11
2025-07-16T19:06:00.000000Z,708.2,708.64,708.2,708.64,214.77
2025-07-16T19:07:00.000000Z,708.64,708.64,708.19,708.4,233.39
2025-07-16T19:08:00.000000Z,708.4,708.86,708.4,708.43,230.28
2025-07-16T19:09:00.000000Z,708.42,708.43,707.73,708.08,409.62
2025-07-16T19:10:00.000000Z,708.08,708.08,707.14,707.14,379.97
2025-07-16T19:11:00.000000Z,707.14,707.24,706.87,707.04,332.4
2025-07-16T19:12:00.000000Z,707.03,707.03,706.04,706.4,838.03
2025-07-16T19:13:00.000000Z,706.4,706.62,706.18,706.24,397.49
2025-07-16T19:14:00.000000Z,706.25,706.47,706.1,706.37,432.65
2025-07-16T19:15:00.000000Z,706.37,706.92,706.37,706.87,153.26
2025-07-16T19:16:00.000000Z,706.87,707.8,706.87,707.67,840.82
2025-07-16T19:17:00.000000Z,707.68,708.05,707.59,707.79,388.44
2025-07-16T19:18:00.000000Z,707.78,707.82,707.41,707.73,241.53
2025-07-16T19:19:00.000000Z,707.73,708.1,707.64,708.06,210.11
2025-07-16T19:20:00.000000Z,708.05,708.17,707.92,708.1,313.61
2025-07-16T19:21:00.000000Z,708.11,708.49,707.7,707.75,1302.55
2025-07-16T19:22:00.000000Z,707.74,708.68,707.74,708.65,5058.01
2025-07-16T19:23:00.000000Z,708.65,708.65,708.01,708.01,513.44
2025-07-16T19:24:00.000000Z,708.01,708.33,708.0,708.32,182.72
2025-07-16T19:25:00.000000Z,708.28,708.77,708.28,708.71,322.36
2025-07-16T19:26:00.000000Z,708.71,708.76,708.46,708.51,285.35
2025-07-16T19:27:00.000000Z,708.51,708.51,708.33,708.43,489.35
2025-07-16T19:28:00.000000Z,708.43,708.43,708.06,708.39,1345.63
2025-07-16T19:29:00.000000Z,708.39,708.44,708.23,708.24,139.78
2025-07-16T19:30:00.000000Z,708.23,708.23,706.78,706.82,666.64
2025-07-16T19:31:00.000000Z,706.82,706.82,706.41,706.79,435.94
2025-07-16T19:32:00.000000Z,706.79,706.96,706.58,706.64,375.76
2025-07-16T19:33:00.000000Z,706.64,706.84,706.61,706.79,162.22
2025-07-16T19:34:00.000000Z,706.8,706.8,706.34,706.62,205.37
2025-07-16T19:35:00.000000Z,706.62,706.74,706.45,706.56,257.36
2025-07-16T19:36:00.000000Z,706.55,706.88,706.55,706.87,126.7
2025-07-16T19:37:00.000000Z,706.88,707.35,706.88,707.05,390.09
2025-07-16T19:38:00.000000Z,707.05,707.07,706.79,706.93,218.82
2025-07-16T19:39:00.000000Z,706.93,707.0,706.56,706.92,220.79
2025-07-16T19:40:00.000000Z,706.91,706.92,706.57,706.76,120.64
2025-07-16T19:41:00.000000Z,706.76,706.87,706.71,706.78,86.55
2025-07-16T19:42:00.000000Z,706.78,706.79,706.32,706.58,166.2
2025-07-16T19:43:00.000000Z,706.6,706.92,706.5,706.54,131.25
2025-07-16T19:44:00.000000Z,706.56,706.68,706.29,706.53,143.45
2025-07-16T19:45:00.000000Z,706.52,706.98,706.35,706.98,808.98
2025-07-16T19:46:00.000000Z,706.98,707.11,706.82,706.94,209.16
2025-07-16T19:47:00.000000Z,706.94,707.49,706.86,706.92,1229.84
2025-07-16T19:48:00.000000Z,706.96,707.07,706.79,706.85,369.69
2025-07-16T19:49:00.000000Z,706.85,707.0,706.72,707.0,100.83
2025-07-16T19:50:00.000000Z,706.99,706.99,706.31,706.32,299.26
2025-07-16T19:51:00.000000Z,706.32,706.51,706.22,706.51,109.05
2025-07-16T19:52:00.000000Z,706.52,706.69,704.88,705.31,5923.32
2025-07-16T19:53:00.000000Z,705.31,705.99,705.31,705.76,259.21
2025-07-16T19:54:00.000000Z,705.76,705.99,705.75,705.85,165.73
2025-07-16T19:55:00.000000Z,705.86,705.99,705.38,705.94,377.42
2025-07-16T19:56:00.000000Z,705.94,706.49,705.81,706.49,318.04
2025-07-16T19:57:00.000000Z,706.49,707.01,706.48,706.57,387.11
2025-07-16T19:58:00.000000Z,706.56,707.14,706.56,706.92,264.05
2025-07-16T19:59:00.000000Z,706.91,707.27,706.81,706.97,474.42
2025-07-16T20:00:00.000000Z,706.96,707.31,706.94,707.27,294.31
2025-07-16T20:01:00.000000Z,707.27,707.39,707.1,707.13,464.47
2025-07-16T20:02:00.000000Z,707.12,707.94,707.11,707.89,513.32
2025-07-16T20:03:00.000000Z,707.89,709.12,707.88,709.12,581.99
2025-07-16T20:04:00.000000Z,709.13,710.23,709.13,709.73,2310.05
2025-07-16T20:05:00.000000Z,709.75,709.8,709.3,709.42,768.22
2025-07-16T20:06:00.000000Z,709.41,709.55,709.37,709.51,325.34
2025-07-16T20:07:00.000000Z,709.5,709.52,708.93,709.34,405.44
2025-07-16T20:08:00.000000Z,709.35,709.7,709.34,709.59,276.79
2025-07-16T20:09:00.000000Z,709.6,709.62,708.16,708.91,2602.89
2025-07-16T20:10:00.000000Z,708.91,709.02,708.56,708.64,316.28
2025-07-16T20:11:00.000000Z,708.65,708.65,707.61,707.72,533.41
2025-07-16T20:12:00.000000Z,707.72,708.95,707.72,708.94,358.67
2025-07-16T20:13:00.000000Z,708.94,709.52,708.52,709.52,529.34
2025-07-16T20:14:00.000000Z,709.51,710.0,709.39,709.93,595.59
2025-07-16T20:15:00.000000Z,709.92,709.92,709.46,709.46,302.18
2025-07-16T20:16:00.000000Z,709.46,709.7,709.26,709.7,222.66
2025-07-16T20:17:00.000000Z,709.69,710.13,709.69,709.84,592.83
2025-07-16T20:18:00.000000Z,709.85,710.07,709.71,709.94,847.27
2025-07-16T20:19:00.000000Z,709.91,709.95,709.75,709.95,194.67
2025-07-16T20:20:00.000000Z,709.96,710.16,709.83,710.14,442.33
2025-07-16T20:21:00.000000Z,710.15,710.15,709.89,709.9,257.84
2025-07-16T20:22:00.000000Z,709.9,709.97,709.64,709.87,225.8
2025-07-16T20:23:00.000000Z,709.88,710.44,709.87,710.43,217.05
2025-07-16T20:24:00.000000Z,710.44,710.91,710.43,710.9,429.41
2025-07-16T20:25:00.000000Z,710.91,711.87,710.9,711.28,2305.28
2025-07-16T20:26:00.000000Z,711.29,711.56,711.28,711.5,320.73
2025-07-16T20:27:00.000000Z,711.5,711.56,711.36,711.45,304.04
2025-07-16T20:28:00.000000Z,711.45,711.76,711.44,711.76,128.89
2025-07-16T20:29:00.000000Z,711.76,712.04,711.61,711.87,1154.22
2025-07-16T20:30:00.000000Z,711.87,712.61,711.86,712.39,717.72
2025-07-16T20:31:00.000000Z,712.38,712.39,711.2,711.69,781.17
2025-07-16T20:32:00.000000Z,711.7,711.9,711.66,711.71,260.2
2025-07-16T20:33:00.000000Z,711.72,712.21,711.71,712.11,455.1
2025-07-16T20:34:00.000000Z,712.12,712.36,712.01,712.35,269.09
2025-07-16T20:35:00.000000Z,712.36,713.6,712.36,713.29,3359.44
2025-07-16T20:36:00.000000Z,713.29,713.39,712.72,712.81,3006.45
2025-07-16T20:37:00.000000Z,712.87,713.71,712.87,713.7,1023.04
2025-07-16T20:38:00.000000Z,713.7,713.85,713.69,713.84,906.52
2025-07-16T20:39:00.000000Z,713.85,713.85,713.5,713.52,956.25
2025-07-16T20:40:00.000000Z,713.51,713.52,712.7,713.07,543.68
2025-07-16T20:41:00.000000Z,713.06,713.36,712.85,712.85,506.26
2025-07-16T20:42:00.000000Z,712.86,713.25,712.8,713.24,240.48
2025-07-16T20:43:00.000000Z,713.25,713.44,713.09,713.44,226.12
2025-07-16T20:44:00.000000Z,713.44,713.73,713.43,713.73,489.51
2025-07-16T20:45:00.000000Z,713.73,713.86,713.3,713.37,619.14
2025-07-16T20:46:00.000000Z,713.36,713.37,712.5,712.97,588.63
2025-07-16T20:47:00.000000Z,712.97,713.64,712.85,713.54,351.03
2025-07-16T20:48:00.000000Z,713.55,713.64,713.2,713.2,155.16
2025-07-16T20:49:00.000000Z,713.21,713.21,712.11,712.6,991.5
2025-07-16T20:50:00.000000Z,712.6,713.26,712.49,712.49,464.69
2025-07-16T20:51:00.000000Z,712.5,712.66,711.96,712.27,357.36
2025-07-16T20:52:00.000000Z,712.24,712.35,711.9,712.35,349.41
2025-07-16T20:53:00.000000Z,712.36,712.55,712.27,712.51,163.67
2025-07-16T20:54:00.000000Z,712.51,712.56,711.34,712.01,1081.24
2025-07-16T20:55:00.000000Z,712.01,712.46,711.75,712.45,352.0
2025-07-16T20:56:00.000000Z,712.46,712.54,712.0,712.03,302.99
2025-07-16T20:57:00.000000Z,712.05,712.82,712.04,712.82,223.42
2025-07-16T20:58:00.000000Z,712.84,713.39,712.83,713.39,275.94
2025-07-16T20:59:00.000000Z,713.39,713.45,712.93,712.98,539.12
2025-07-16T21:00:00.000000Z,712.97,714.32,712.97,713.88,2373.11
2025-07-16T21:01:00.000000Z,713.88,714.57,713.38,714.56,1008.74
2025-07-16T21:02:00.000000Z,714.56,714.96,714.48,714.91,1597.15
2025-07-16T21:03:00.000000Z,714.92,715.19,713.98,714.58,3126.39
2025-07-16T21:04:00.000000Z,714.58,715.18,714.18,714.18,708.01
2025-07-16T21:05:00.000000Z,714.18,714.21,713.21,713.53,569.84
2025-07-16T21:06:00.000000Z,713.53,713.84,713.44,713.79,484.78
2025-07-16T21:07:00.000000Z,713.79,713.99,713.54,713.99,655.77
2025-07-16T21:08:00.000000Z,714.0,714.0,713.69,713.81,218.09
2025-07-16T21:09:00.000000Z,713.81,713.87,713.45,713.69,334.33
2025-07-16T21:10:00.000000Z,713.68,714.4,713.68,714.28,674.24
2025-07-16T21:11:00.000000Z,714.28,714.28,713.82,713.86,252.75
2025-07-16T21:12:00.000000Z,713.87,714.53,713.79,714.45,337.5
2025-07-16T21:13:00.000000Z,714.46,714.6,714.13,714.2,316.82
2025-07-16T21:14:00.000000Z,714.19,714.58,713.87,713.87,283.56
2025-07-16T21:15:00.000000Z,713.86,714.16,713.62,714.09,278.73
2025-07-16T21:16:00.000000Z,714.09,714.36,713.52,713.78,224.65
2025-07-16T21:17:00.000000Z,713.78,714.04,713.54,713.89,248.66
2025-07-16T21:18:00.000000Z,713.88,713.89,713.32,713.41,147.84
2025-07-16T21:19:00.000000Z,713.42,713.53,712.92,713.35,918.08
2025-07-16T21:20:00.000000Z,713.36,713.66,713.33,713.66,236.84
2025-07-16T21:21:00.000000Z,713.66,713.88,713.4,713.62,356.82
2025-07-16T21:22:00.000000Z,713.63,713.86,713.4,713.41,293.67
2025-07-16T21:23:00.000000Z,713.41,714.6,713.4,714.6,733.91
2025-07-16T21:24:00.000000Z,714.59,714.66,714.35,714.52,395.52
2025-07-16T21:25:00.000000Z,714.52,714.66,714.48,714.52,167.89
2025-07-16T21:26:00.000000Z,714.52,714.9,714.51,714.83,861.66
2025-07-16T21:27:00.000000Z,714.83,715.0,714.81,714.95,246.57
2025-07-16T21:28:00.000000Z,714.95,715.94,714.66,714.76,4369.1
2025-07-16T21:29:00.000000Z,714.76,715.99,714.75,714.83,1709.41
2025-07-16T21:30:00.000000Z,714.84,714.84,714.55,714.55,263.38
2025-07-16T21:31:00.000000Z,714.56,714.56,714.1,714.17,551.87
2025-07-16T21:32:00.000000Z,714.17,714.28,714.0,714.16,339.99
2025-07-16T21:33:00.000000Z,714.15,714.18,713.4,713.4,1098.63
2025-07-16T21:34:00.000000Z,713.41,713.41,713.0,713.01,316.18
2025-07-16T21:35:00.000000Z,713.01,713.44,712.93,712.96,352.68
2025-07-16T21:36:00.000000Z,712.96,712.97,712.72,712.73,186.3
2025-07-16T21:37:00.000000Z,712.72,712.73,711.55,711.64,625.29
2025-07-16T21:38:00.000000Z,711.64,712.07,711.31,712.07,739.83
2025-07-16T21:39:00.000000Z,712.06,713.03,712.06,713.02,471.23
2025-07-16T21:40:00.000000Z,713.02,713.02,712.7,712.99,429.07
2025-07-16T21:41:00.000000Z,713.0,713.08,712.84,713.0,300.52
2025-07-16T21:42:00.000000Z,713.02,713.24,712.8,712.8,211.16
2025-07-16T21:43:00.000000Z,712.8,712.81,712.56,712.56,183.71
2025-07-16T21:44:00.000000Z,712.57,712.57,712.24,712.24,213.27
2025-07-16T21:45:00.000000Z,712.24,712.56,712.24,712.56,241.54
2025-07-16T21:46:00.000000Z,712.56,712.73,712.55,712.73,94.02
2025-07-16T21:47:00.000000Z,712.73,713.0,712.72,712.99,83.99
2025-07-16T21:48:00.000000Z,713.0,713.25,712.99,713.25,95.28
2025-07-16T21:49:00.000000Z,713.25,713.5,713.24,713.5,154.44
2025-07-16T21:50:00.000000Z,713.49,713.71,713.49,713.71,93.81
2025-07-16T21:51:00.000000Z,713.71,713.85,713.7,713.85,107.83
2025-07-16T21:52:00.000000Z,713.85,714.14,713.85,714.14,78.64
2025-07-16T21:53:00.000000Z,714.14,714.29,713.94,713.94,189.31
2025-07-16T21:54:00.000000Z,713.95,714.05,713.94,714.04,85.02
2025-07-16T21:55:00.000000Z,714.03,714.03,713.94,713.95,31.85
2025-07-16T21:56:00.000000Z,713.95,713.95,713.52,713.64,539.6
2025-07-16T21:57:00.000000Z,713.63,713.64,713.17,713.17,241.08
2025-07-16T21:58:00.000000Z,713.16,713.17,712.35,712.35,300.94
2025-07-16T21:59:00.000000Z,712.36,712.93,712.36,712.82,155.41
2025-07-16T22:00:00.000000Z,712.83,714.39,712.83,714.39,1638.2
2025-07-16T22:01:00.000000Z,714.39,714.67,714.11,714.12,1479.39
2025-07-16T22:02:00.000000Z,714.13,714.97,713.69,714.83,937.83
2025-07-16T22:03:00.000000Z,714.82,714.82,713.93,714.51,503.43
2025-07-16T22:04:00.000000Z,714.5,714.5,713.96,714.09,281.44
2025-07-16T22:05:00.000000Z,714.09,714.34,713.88,714.0,311.28
2025-07-16T22:06:00.000000Z,714.0,714.27,713.76,713.96,380.14
2025-07-16T22:07:00.000000Z,713.97,714.06,713.06,713.12,717.4
2025-07-16T22:08:00.000000Z,713.12,714.37,713.12,714.25,444.7
2025-07-16T22:09:00.000000Z,714.24,714.62,714.01,714.56,232.0
2025-07-16T22:10:00.000000Z,714.56,714.59,714.19,714.42,165.43
2025-07-16T22:11:00.000000Z,714.42,714.42,713.93,714.15,329.82
2025-07-16T22:12:00.000000Z,714.15,714.24,713.92,714.1,155.32
2025-07-16T22:13:00.000000Z,714.09,714.2,713.76,713.76,144.04
2025-07-16T22:14:00.000000Z,713.76,714.14,713.76,714.05,179.74
2025-07-16T22:15:00.000000Z,714.05,714.12,713.74,713.74,255.71
2025-07-16T22:16:00.000000Z,713.73,714.08,713.5,714.02,209.9
2025-07-16T22:17:00.000000Z,714.03,714.51,713.79,714.44,284.72
2025-07-16T22:18:00.000000Z,714.44,714.79,714.21,714.27,571.57
2025-07-16T22:19:00.000000Z,714.32,714.74,714.32,714.74,187.05
2025-07-16T22:20:00.000000Z,714.74,715.29,714.63,714.64,953.02
2025-07-16T22:21:00.000000Z,714.64,714.88,714.51,714.87,138.28
2025-07-16T22:22:00.000000Z,714.88,714.88,714.48,714.49,120.33
2025-07-16T22:23:00.000000Z,714.49,714.68,714.4,714.59,92.05
2025-07-16T22:24:00.000000Z,714.59,714.59,714.01,714.01,275.27
2025-07-16T22:25:00.000000Z,714.0,714.0,713.4,713.4,475.21
2025-07-16T22:26:00.000000Z,713.41,713.51,713.08,713.51,857.03
2025-07-16T22:27:00.000000Z,713.5,713.51,713.23,713.3,236.57
2025-07-16T22:28:00.000000Z,713.3,713.78,713.27,713.77,263.19
2025-07-16T22:29:00.000000Z,713.77,714.63,713.77,714.39,395.37
2025-07-16T22:30:00.000000Z,714.39,714.93,714.28,714.93,719.46
2025-07-16T22:31:00.000000Z,714.92,715.23,714.92,714.93,326.6
2025-07-16T22:32:00.000000Z,714.93,714.93,714.49,714.49,177.65
2025-07-16T22:33:00.000000Z,714.49,714.66,713.68,713.68,322.68
2025-07-16T22:34:00.000000Z,713.69,714.36,713.68,714.01,236.31
2025-07-16T22:35:00.000000Z,714.01,714.68,713.85,714.67,289.86
2025-07-16T22:36:00.000000Z,714.67,714.89,714.64,714.65,241.86
2025-07-16T22:37:00.000000Z,714.64,714.82,713.97,714.02,366.48
2025-07-16T22:38:00.000000Z,714.04,714.34,713.68,714.0,466.55
2025-07-16T22:39:00.000000Z,714.01,714.01,713.2,713.5,1052.37
2025-07-16T22:40:00.000000Z,713.5,713.66,713.4,713.52,476.0
2025-07-16T22:41:00.000000Z,713.53,713.72,712.92,712.99,941.72
2025-07-16T22:42:00.000000Z,712.99,713.59,712.95,713.12,700.11
2025-07-16T22:43:00.000000Z,713.12,713.28,712.71,713.27,476.55
2025-07-16T22:44:00.000000Z,713.28,713.9,713.2,713.84,459.03
2025-07-16T22:45:00.000000Z,713.84,714.05,713.43,713.45,532.36
2025-07-16T22:46:00.000000Z,713.44,713.45,712.45,712.51,480.37
2025-07-16T22:47:00.000000Z,712.51,712.57,711.38,711.52,2187.74
2025-07-16T22:48:00.000000Z,711.53,711.82,711.17,711.39,734.64
2025-07-16T22:49:00.000000Z,711.4,711.4,709.92,710.29,2040.36
2025-07-16T22:50:00.000000Z,710.28,710.71,710.0,710.32,1056.49
2025-07-16T22:51:00.000000Z,710.32,710.33,709.8,710.2,1179.84
2025-07-16T22:52:00.000000Z,710.19,711.36,710.08,710.8,1136.41
2025-07-16T22:53:00.000000Z,710.81,711.2,710.38,711.19,427.51
2025-07-16T22:54:00.000000Z,711.19,711.31,710.73,710.85,480.22
2025-07-16T22:55:00.000000Z,710.84,711.92,710.63,711.91,825.84
2025-07-16T22:56:00.000000Z,711.91,712.2,711.63,711.64,618.64
2025-07-16T22:57:00.000000Z,711.64,711.8,710.92,711.47,558.82
2025-07-16T22:58:00.000000Z,711.47,711.47,710.65,710.98,362.61
2025-07-16T22:59:00.000000Z,710.97,711.19,710.84,711.19,86.39
2025-07-16T23:00:00.000000Z,711.18,712.0,711.18,711.71,621.98
2025-07-16T23:01:00.000000Z,711.73,711.8,711.0,711.08,531.77
2025-07-16T23:02:00.000000Z,711.09,711.28,710.72,711.21,832.79
2025-07-16T23:03:00.000000Z,711.21,711.22,709.8,710.05,508.04
2025-07-16T23:04:00.000000Z,710.05,710.17,709.24,709.4,728.22
2025-07-16T23:05:00.000000Z,709.4,709.98,709.16,709.98,1293.84
2025-07-16T23:06:00.000000Z,709.97,710.38,709.58,709.99,716.73
2025-07-16T23:07:00.000000Z,709.99,710.6,709.58,710.5,400.59
2025-07-16T23:08:00.000000Z,710.49,710.53,710.05,710.05,384.6
2025-07-16T23:09:00.000000Z,710.04,710.24,709.31,709.31,236.56
2025-07-16T23:10:00.000000Z,709.3,709.94,709.3,709.65,572.24
2025-07-16T23:11:00.000000Z,709.65,709.69,709.1,709.58,358.79
2025-07-16T23:12:00.000000Z,709.58,709.65,709.2,709.36,365.04
2025-07-16T23:13:00.000000Z,709.36,709.67,709.2,709.49,206.21
2025-07-16T23:14:00.000000Z,709.48,709.66,709.35,709.44,342.62
2025-07-16T23:15:00.000000Z,709.43,709.44,708.28,708.49,1514.14
2025-07-16T23:16:00.000000Z,708.48,708.48,707.48,707.93,1680.06
2025-07-16T23:17:00.000000Z,707.92,708.05,707.37,707.37,1881.06
2025-07-16T23:18:00.000000Z,707.36,707.61,707.14,707.32,719.15
2025-07-16T23:19:00.000000Z,707.31,707.32,706.91,706.96,893.68
2025-07-16T23:20:00.000000Z,706.96,708.32,706.95,708.32,953.36
2025-07-16T23:21:00.000000Z,708.31,708.99,707.92,707.99,754.86
2025-07-16T23:22:00.000000Z,707.99,708.58,707.72,708.57,430.64
2025-07-16T23:23:00.000000Z,708.57,708.8,708.38,708.68,338.0
2025-07-16T23:24:00.000000Z,708.68,709.5,708.64,709.15,423.91
2025-07-16T23:25:00.000000Z,709.15,709.22,708.72,708.73,568.88
2025-07-16T23:26:00.000000Z,708.72,709.11,708.31,709.11,551.75
2025-07-16T23:27:00.000000Z,709.1,709.28,708.84,709.13,157.73
2025-07-16T23:28:00.000000Z,709.13,709.18,708.96,708.99,149.85
2025-07-16T23:29:00.000000Z,708.99,709.17,708.95,709.07,357.74
2025-07-16T23:30:00.000000Z,709.07,709.25,708.2,708.29,377.12
2025-07-16T23:31:00.000000Z,708.28,708.71,707.93,708.7,310.01
2025-07-16T23:32:00.000000Z,708.7,708.7,708.15,708.19,220.6
2025-07-16T23:33:00.000000Z,708.19,708.44,707.76,707.8,171.86
2025-07-16T23:34:00.000000Z,707.79,708.0,707.57,707.99,193.05
2025-07-16T23:35:00.000000Z,707.99,708.33,707.68,708.01,269.84
2025-07-16T23:36:00.000000Z,708.0,708.18,707.72,708.12,140.05
2025-07-16T23:37:00.000000Z,708.12,709.15,708.11,708.76,286.39
2025-07-16T23:38:00.000000Z,708.76,708.8,708.07,708.07,127.93
2025-07-16T23:39:00.000000Z,708.05,709.04,707.91,708.79,397.17
2025-07-16T23:40:00.000000Z,708.8,709.78,708.79,709.53,735.71
2025-07-16T23:41:00.000000Z,709.52,709.62,709.13,709.27,276.16
2025-07-16T23:42:00.000000Z,709.28,709.31,708.92,709.03,255.13
2025-07-16T23:43:00.000000Z,709.04,709.09,708.85,708.9,246.53
2025-07-16T23:44:00.000000Z,708.9,709.0,708.71,708.93,153.53
2025-07-16T23:45:00.000000Z,708.93,709.0,708.48,708.57,220.07
2025-07-16T23:46:00.000000Z,708.58,709.43,708.53,709.43,292.34
2025-07-16T23:47:00.000000Z,709.43,710.03,709.43,709.81,396.94
2025-07-16T23:48:00.000000Z,709.81,709.96,709.56,709.57,128.74
2025-07-16T23:49:00.000000Z,709.56,709.57,708.72,708.77,411.72
2025-07-16T23:50:00.000000Z,708.78,708.78,707.83,707.83,992.75
2025-07-16T23:51:00.000000Z,707.83,708.2,707.57,707.95,173.94
2025-07-16T23:52:00.000000Z,707.99,708.24,707.68,708.24,283.2
2025-07-16T23:53:00.000000Z,708.24,708.43,708.04,708.32,193.69
2025-07-16T23:54:00.000000Z,708.32,708.64,708.05,708.64,188.31
2025-07-16T23:55:00.000000Z,708.64,708.67,708.21,708.21,217.29
2025-07-16T23:56:00.000000Z,708.21,708.4,708.17,708.26,75.51
2025-07-16T23:57:00.000000Z,708.25,708.68,708.2,708.68,82.12
2025-07-16T23:58:00.000000Z,708.68,708.68,708.32,708.33,106.3
2025-07-16T23:59:00.000000Z,708.32,709.2,708.23,709.13,431.63
2025-07-17T00:00:00.000000Z,709.13,709.76,709.13,709.41,1021.03
2025-07-17T00:01:00.000000Z,709.4,709.48,709.0,709.0,435.78
2025-07-17T00:02:00.000000Z,709.0,709.82,708.74,709.82,348.74
2025-07-17T00:03:00.000000Z,709.81,710.28,709.81,709.96,599.08
2025-07-17T00:04:00.000000Z,709.97,710.08,709.66,709.81,343.8
2025-07-17T00:05:00.000000Z,709.82,710.19,709.65,710.18,534.67
2025-07-17T00:06:00.000000Z,710.14,710.15,709.52,709.64,296.69
2025-07-17T00:07:00.000000Z,709.63,709.89,709.24,709.24,250.39
2025-07-17T00:08:00.000000Z,709.25,709.56,709.09,709.22,225.57
2025-07-17T00:09:00.000000Z,709.2,709.41,708.77,708.99,181.89
2025-07-17T00:10:00.000000Z,708.99,709.25,708.79,709.24,299.92
2025-07-17T00:11:00.000000Z,709.24,709.57,708.88,709.57,822.69
2025-07-17T00:12:00.000000Z,709.57,710.22,709.4,710.15,307.63
2025-07-17T00:13:00.000000Z,710.16,710.16,709.22,709.4,199.43
2025-07-17T00:14:00.000000Z,709.41,709.95,709.4,709.57,184.72
2025-07-17T00:15:00.000000Z,709.56,710.21,709.56,709.89,257.15
2025-07-17T00:16:00.000000Z,709.89,710.2,709.87,710.2,314.41
2025-07-17T00:17:00.000000Z,710.22,711.06,710.21,710.95,517.56
2025-07-17T00:18:00.000000Z,710.94,711.79,710.94,711.79,523.4
2025-07-17T00:19:00.000000Z,711.8,711.93,711.51,711.72,832.13
2025-07-17T00:20:00.000000Z,711.75,712.0,711.68,711.89,570.43
2025-07-17T00:21:00.000000Z,711.89,712.43,711.89,712.28,407.52
2025-07-17T00:22:00.000000Z,712.29,712.4,712.21,712.29,471.63
2025-07-17T00:23:00.000000Z,712.29,713.2,712.29,712.52,2809.51
2025-07-17T00:24:00.000000Z,712.52,713.53,712.52,713.15,436.25
2025-07-17T00:25:00.000000Z,713.14,713.68,712.91,713.41,578.93
2025-07-17T00:26:00.000000Z,713.41,713.64,713.29,713.64,483.57
2025-07-17T00:27:00.000000Z,713.64,713.71,713.35,713.4,347.19
2025-07-17T00:28:00.000000Z,713.38,713.68,713.12,713.24,633.1
2025-07-17T00:29:00.000000Z,713.23,714.16,713.23,713.77,665.22
2025-07-17T00:30:00.000000Z,713.77,714.04,713.4,713.93,652.92
2025-07-17T00:31:00.000000Z,713.93,714.94,713.92,714.52,974.37
2025-07-17T00:32:00.000000Z,714.53,714.72,714.0,714.01,834.06
2025-07-17T00:33:00.000000Z,714.0,716.0,713.97,715.84,2973.98
2025-07-17T00:34:00.000000Z,715.84,716.45,715.27,715.86,2230.38
2025-07-17T00:35:00.000000Z,715.82,716.1,714.89,715.73,1675.72
2025-07-17T00:36:00.000000Z,715.73,716.14,715.29,715.29,1091.18
2025-07-17T00:37:00.000000Z,715.28,715.67,714.68,715.6,773.11
2025-07-17T00:38:00.000000Z,715.6,715.72,715.2,715.53,538.69
2025-07-17T00:39:00.000000Z,715.52,715.7,715.33,715.33,315.53
2025-07-17T00:40:00.000000Z,715.33,715.34,714.85,715.03,517.13
2025-07-17T00:41:00.000000Z,715.03,715.54,714.56,715.33,1065.35
2025-07-17T00:42:00.000000Z,715.34,716.2,715.11,716.16,623.74
2025-07-17T00:43:00.000000Z,716.15,716.16,715.56,715.76,255.04
2025-07-17T00:44:00.000000Z,715.75,715.96,715.71,715.72,238.88
2025-07-17T00:45:00.000000Z,715.72,716.73,715.12,716.68,1630.79
2025-07-17T00:46:00.000000Z,716.68,717.36,716.16,716.54,4426.57
2025-07-17T00:47:00.000000Z,716.54,717.32,716.54,717.23,1608.8
2025-07-17T00:48:00.000000Z,717.23,717.24,716.99,717.17,1425.72
2025-07-17T00:49:00.000000Z,717.18,718.4,717.0,718.16,4045.71
2025-07-17T00:50:00.000000Z,718.16,718.16,716.48,717.38,2473.21
2025-07-17T00:51:00.000000Z,717.38,718.22,717.25,718.22,1054.05
2025-07-17T00:52:00.000000Z,718.22,718.22,717.12,717.29,815.58
2025-07-17T00:53:00.000000Z,717.29,717.29,716.93,717.08,406.89
2025-07-17T00:54:00.000000Z,717.08,717.78,716.64,717.72,639.96
2025-07-17T00:55:00.000000Z,717.71,717.71,715.63,715.93,2198.72
2025-07-17T00:56:00.000000Z,715.93,716.25,715.73,715.73,322.91
2025-07-17T00:57:00.000000Z,715.73,716.19,715.34,715.92,729.59
2025-07-17T00:58:00.000000Z,715.93,717.26,715.91,716.96,1967.33
2025-07-17T00:59:00.000000Z,716.92,718.0,716.76,717.65,2561.21
2025-07-17T01:00:00.000000Z,717.65,718.06,717.52,717.83,1235.01
2025-07-17T01:01:00.000000Z,717.83,718.22,717.23,717.32,864.81
2025-07-17T01:02:00.000000Z,717.31,717.55,716.98,717.0,1954.61
2025-07-17T01:03:00.000000Z,717.05,717.51,716.64,716.64,1513.64
2025-07-17T01:04:00.000000Z,716.65,718.13,716.52,718.01,1208.01
2025-07-17T01:05:00.000000Z,718.0,718.14,717.6,717.92,849.33
2025-07-17T01:06:00.000000Z,717.9,718.74,717.9,718.45,1913.04
2025-07-17T01:07:00.000000Z,718.45,721.08,718.24,720.71,8912.21
2025-07-17T01:08:00.000000Z,720.72,720.88,719.38,719.38,3130.92
2025-07-17T01:09:00.000000Z,719.38,719.87,718.14,718.27,1769.13
2025-07-17T01:10:00.000000Z,718.27,718.27,717.29,717.61,1085.9
2025-07-17T01:11:00.000000Z,717.61,717.61,715.76,715.86,1243.45
2025-07-17T01:12:00.000000Z,715.86,717.0,715.47,716.6,1489.01
2025-07-17T01:13:00.000000Z,716.6,717.06,716.39,717.03,779.87
2025-07-17T01:14:00.000000Z,717.02,717.94,716.88,717.91,708.48
2025-07-17T01:15:00.000000Z,717.92,719.7,717.2,719.2,3588.94
2025-07-17T01:16:00.000000Z,719.24,719.48,717.45,717.45,855.98
2025-07-17T01:17:00.000000Z,717.45,721.09,717.45,720.83,2853.38
2025-07-17T01:18:00.000000Z,720.83,720.92,720.21,720.23,1869.04
2025-07-17T01:19:00.000000Z,720.23,720.24,719.12,719.12,2276.3
2025-07-17T01:20:00.000000Z,719.13,719.13,717.25,717.55,1067.34
2025-07-17T01:21:00.000000Z,717.55,717.55,716.05,716.05,1381.48
2025-07-17T01:22:00.000000Z,716.04,716.24,714.58,714.77,1584.74
2025-07-17T01:23:00.000000Z,714.76,715.49,714.47,715.2,1519.29
2025-07-17T01:24:00.000000Z,715.19,715.79,714.09,715.75,3633.55
2025-07-17T01:25:00.000000Z,715.75,716.71,714.99,716.42,948.31
2025-07-17T01:26:00.000000Z,716.43,716.84,715.96,716.13,1362.68
2025-07-17T01:27:00.000000Z,716.13,719.63,715.77,719.25,4346.6
2025-07-17T01:28:00.000000Z,719.24,719.24,717.96,717.97,1535.88
2025-07-17T01:29:00.000000Z,717.97,718.01,716.3,716.31,875.41
2025-07-17T01:30:00.000000Z,716.32,716.83,715.84,716.13,1173.8
2025-07-17T01:31:00.000000Z,716.13,717.07,715.8,716.58,588.12
2025-07-17T01:32:00.000000Z,716.58,716.67,714.66,714.72,1102.11
2025-07-17T01:33:00.000000Z,714.7,714.98,713.55,713.83,1105.19
2025-07-17T01:34:00.000000Z,713.84,714.04,712.94,713.04,1517.08
2025-07-17T01:35:00.000000Z,713.04,713.42,712.69,713.21,957.82
2025-07-17T01:36:00.000000Z,713.21,713.99,712.74,712.83,1865.98
2025-07-17T01:37:00.000000Z,712.84,713.32,712.37,712.52,688.39
2025-07-17T01:38:00.000000Z,712.53,713.11,712.34,712.81,724.32
2025-07-17T01:39:00.000000Z,712.81,714.28,712.62,714.04,1071.55
2025-07-17T01:40:00.000000Z,714.05,714.72,713.39,714.36,929.87
2025-07-17T01:41:00.000000Z,714.36,714.4,713.5,713.67,670.12
2025-07-17T01:42:00.000000Z,713.7,714.77,713.64,714.77,441.67
2025-07-17T01:43:00.000000Z,714.79,714.9,714.28,714.49,566.8
2025-07-17T01:44:00.000000Z,714.48,714.76,714.17,714.61,349.11
2025-07-17T01:45:00.000000Z,714.6,714.69,713.68,713.76,562.19
2025-07-17T01:46:00.000000Z,713.72,714.4,712.67,712.75,1081.66
2025-07-17T01:47:00.000000Z,712.75,712.97,711.97,711.97,2110.47
2025-07-17T01:48:00.000000Z,711.96,712.09,710.19,710.6,2186.74
2025-07-17T01:49:00.000000Z,710.6,710.6,708.76,708.83,3999.4
2025-07-17T01:50:00.000000Z,708.81,710.61,708.17,710.61,2471.58
2025-07-17T01:51:00.000000Z,710.61,711.58,710.16,711.45,3338.38
2025-07-17T01:52:00.000000Z,711.44,712.24,711.28,711.28,872.64
2025-07-17T01:53:00.000000Z,711.27,711.88,711.12,711.55,573.33
2025-07-17T01:54:00.000000Z,711.54,712.48,711.54,712.32,638.89
2025-07-17T01:55:00.000000Z,712.32,712.88,712.17,712.73,370.09
2025-07-17T01:56:00.000000Z,712.73,713.22,712.04,713.19,464.07
2025-07-17T01:57:00.000000Z,713.19,713.56,712.84,713.43,404.82
2025-07-17T01:58:00.000000Z,713.42,714.92,713.42,714.62,1341.8
2025-07-17T01:59:00.000000Z,714.63,715.35,714.3,714.31,858.57
2025-07-17T02:00:00.000000Z,714.31,714.31,713.36,713.42,1056.5
2025-07-17T02:01:00.000000Z,713.42,713.55,712.6,712.88,651.35
2025-07-17T02:02:00.000000Z,712.88,713.5,712.68,713.4,543.71
2025-07-17T02:03:00.000000Z,713.39,714.12,713.15,713.65,867.27
2025-07-17T02:04:00.000000Z,713.66,714.53,713.52,714.4,493.5
2025-07-17T02:05:00.000000Z,714.4,716.8,714.39,716.03,4727.52
2025-07-17T02:06:00.000000Z,716.04,716.24,715.56,716.23,944.55
2025-07-17T02:07:00.000000Z,716.24,716.57,715.7,715.96,1158.62
2025-07-17T02:08:00.000000Z,716.0,717.0,716.0,716.85,1146.46
2025-07-17T02:09:00.000000Z,716.84,716.98,716.64,716.89,746.16
2025-07-17T02:10:00.000000Z,716.89,717.27,716.66,716.66,587.81
2025-07-17T02:11:00.000000Z,716.64,717.24,716.56,717.24,421.09
2025-07-17T02:12:00.000000Z,717.25,718.11,717.08,717.57,1658.87
2025-07-17T02:13:00.000000Z,717.58,717.85,716.78,717.06,557.85
2025-07-17T02:14:00.000000Z,717.05,717.2,716.44,716.96,271.29
2025-07-17T02:15:00.000000Z,716.96,717.61,716.85,716.97,966.28
2025-07-17T02:16:00.000000Z,716.98,717.53,716.81,717.48,391.94
2025-07-17T02:17:00.000000Z,717.48,717.88,717.17,717.87,516.78
2025-07-17T02:18:00.000000Z,717.88,718.87,717.76,718.02,940.36
2025-07-17T02:19:00.000000Z,718.02,718.02,717.56,717.6,1106.23
2025-07-17T02:20:00.000000Z,717.6,718.24,717.6,718.23,418.13
2025-07-17T02:21:00.000000Z,718.23,718.88,718.2,718.65,1278.32
2025-07-17T02:22:00.000000Z,718.65,719.0,718.64,718.97,752.03
2025-07-17T02:23:00.000000Z,718.97,719.75,718.87,719.33,1516.92
2025-07-17T02:24:00.000000Z,719.33,719.67,718.79,719.43,684.0
2025-07-17T02:25:00.000000Z,719.43,721.57,719.22,721.42,4286.48
2025-07-17T02:26:00.000000Z,721.42,723.12,721.28,723.11,5449.09
2025-07-17T02:27:00.000000Z,723.06,724.2,722.82,723.36,4303.42
2025-07-17T02:28:00.000000Z,723.35,723.49,722.52,722.53,1867.54
2025-07-17T02:29:00.000000Z,722.52,722.52,721.01,722.12,3433.9
2025-07-17T02:30:00.000000Z,722.12,723.89,721.94,722.4,3266.52
2025-07-17T02:31:00.000000Z,722.4,722.4,721.19,721.65,1796.95
2025-07-17T02:32:00.000000Z,721.65,722.12,721.07,722.12,864.43
2025-07-17T02:33:00.000000Z,722.13,722.39,721.16,721.16,2238.5
2025-07-17T02:34:00.000000Z,721.16,721.38,721.0,721.03,495.57
2025-07-17T02:35:00.000000Z,721.03,722.06,720.99,721.86,823.03
2025-07-17T02:36:00.000000Z,721.81,722.06,720.21,720.29,1308.21
2025-07-17T02:37:00.000000Z,720.29,720.97,720.01,720.76,567.66
2025-07-17T02:38:00.000000Z,720.8,720.8,720.1,720.48,662.54
2025-07-17T02:39:00.000000Z,720.47,720.69,719.44,719.66,2327.04
2025-07-17T02:40:00.000000Z,719.66,720.25,719.37,720.12,856.36
2025-07-17T02:41:00.000000Z,720.12,720.78,719.89,720.78,571.81
2025-07-17T02:42:00.000000Z,720.78,721.56,720.78,721.3,1277.52
2025-07-17T02:43:00.000000Z,721.29,721.56,720.48,720.99,713.55
2025-07-17T02:44:00.000000Z,720.99,721.0,719.55,719.82,656.63
2025-07-17T02:45:00.000000Z,719.82,719.82,718.02,718.06,790.23
2025-07-17T02:46:00.000000Z,718.05,719.21,717.88,718.65,1019.04
2025-07-17T02:47:00.000000Z,718.65,718.7,717.78,717.79,1060.07
2025-07-17T02:48:00.000000Z,717.78,718.56,716.99,718.25,1265.57
2025-07-17T02:49:00.000000Z,718.22,720.06,718.16,718.76,1727.21
2025-07-17T02:50:00.000000Z,718.75,719.65,718.7,719.4,418.0
2025-07-17T02:51:00.000000Z,719.4,719.46,718.84,719.1,652.34
2025-07-17T02:52:00.000000Z,719.11,719.37,718.67,719.22,341.76
2025-07-17T02:53:00.000000Z,719.22,719.94,718.92,719.82,789.89
2025-07-17T02:54:00.000000Z,719.82,720.79,719.55,720.34,469.23
2025-07-17T02:55:00.000000Z,720.34,720.83,720.3,720.47,834.97
2025-07-17T02:56:00.000000Z,720.53,720.57,719.31,719.51,580.98
2025-07-17T02:57:00.000000Z,719.52,719.52,718.68,718.68,437.44
2025-07-17T02:58:00.000000Z,718.67,718.75,717.64,717.76,514.48
2025-07-17T02:59:00.000000Z,717.77,718.82,717.76,718.79,640.46
2025-07-17T03:00:00.000000Z,718.8,719.19,718.25,718.25,780.84
2025-07-17T03:01:00.000000Z,718.24,718.4,717.1,717.23,616.19
2025-07-17T03:02:00.000000Z,717.22,717.28,716.81,716.81,458.7
2025-07-17T03:03:00.000000Z,716.81,716.81,715.69,716.31,1108.08
2025-07-17T03:04:00.000000Z,716.31,717.39,716.13,717.32,1101.36
2025-07-17T03:05:00.000000Z,717.32,717.33,716.17,716.4,425.46
2025-07-17T03:06:00.000000Z,716.41,716.53,715.55,715.56,310.06
2025-07-17T03:07:00.000000Z,715.55,716.5,715.14,716.5,669.15
2025-07-17T03:08:00.000000Z,716.5,717.2,716.47,716.68,462.93
2025-07-17T03:09:00.000000Z,716.68,716.71,715.78,716.04,364.26
2025-07-17T03:10:00.000000Z,716.04,716.39,714.98,715.08,722.02
2025-07-17T03:11:00.000000Z,715.11,715.95,714.89,714.96,454.51
2025-07-17T03:12:00.000000Z,714.96,715.53,714.71,715.53,458.23
2025-07-17T03:13:00.000000Z,715.53,715.53,714.9,714.9,812.75
2025-07-17T03:14:00.000000Z,714.89,715.12,714.31,714.66,716.76
2025-07-17T03:15:00.000000Z,714.66,715.18,714.64,714.95,449.82
2025-07-17T03:16:00.000000Z,714.96,715.34,714.54,715.33,234.15
2025-07-17T03:17:00.000000Z,715.34,715.4,714.7,714.86,386.84
2025-07-17T03:18:00.000000Z,714.87,714.93,714.45,714.67,537.23
2025-07-17T03:19:00.000000Z,714.66,714.94,714.07,714.64,1446.96
2025-07-17T03:20:00.000000Z,714.64,716.45,714.4,716.21,534.83
2025-07-17T03:21:00.000000Z,716.24,716.34,715.72,715.72,411.37
2025-07-17T03:22:00.000000Z,715.71,715.71,714.61,715.13,346.03
2025-07-17T03:23:00.000000Z,715.12,715.21,714.25,714.38,316.21
2025-07-17T03:24:00.000000Z,714.38,714.45,713.55,713.55,590.23
2025-07-17T03:25:00.000000Z,713.56,713.79,713.05,713.06,614.08
2025-07-17T03:26:00.000000Z,713.06,713.06,711.36,711.37,1856.18
2025-07-17T03:27:00.000000Z,711.36,712.01,711.03,711.86,1737.34
2025-07-17T03:28:00.000000Z,711.86,712.0,710.97,711.03,896.73
2025-07-17T03:29:00.000000Z,711.04,711.19,710.47,710.68,1177.26
2025-07-17T03:30:00.000000Z,710.67,711.54,710.56,710.81,815.32
2025-07-17T03:31:00.000000Z,710.81,711.44,710.37,710.83,975.51
2025-07-17T03:32:00.000000Z,710.83,710.84,709.67,710.01,2580.52
2025-07-17T03:33:00.000000Z,710.01,711.42,709.85,711.42,741.92
2025-07-17T03:34:00.000000Z,711.42,712.12,711.4,711.83,1548.34
2025-07-17T03:35:00.000000Z,711.83,712.01,711.01,711.16,989.44
2025-07-17T03:36:00.000000Z,711.16,711.47,710.33,710.33,703.02
2025-07-17T03:37:00.000000Z,710.33,710.39,709.55,710.08,939.11
2025-07-17T03:38:00.000000Z,710.09,710.33,709.6,710.23,629.04
2025-07-17T03:39:00.000000Z,710.22,710.42,709.68,710.0,1016.48
2025-07-17T03:40:00.000000Z,710.0,710.16,709.13,709.26,949.0
2025-07-17T03:41:00.000000Z,709.25,709.52,708.68,709.52,1335.03
2025-07-17T03:42:00.000000Z,709.52,709.87,709.03,709.38,648.91
2025-07-17T03:43:00.000000Z,709.37,709.56,708.71,708.75,562.38
2025-07-17T03:44:00.000000Z,708.75,709.28,708.72,709.21,642.24
2025-07-17T03:45:00.000000Z,709.2,709.5,708.96,709.49,537.18
2025-07-17T03:46:00.000000Z,709.5,709.7,709.37,709.46,1187.42
2025-07-17T03:47:00.000000Z,709.46,709.48,709.02,709.2,718.7
2025-07-17T03:48:00.000000Z,709.19,709.73,709.1,709.11,1709.06
2025-07-17T03:49:00.000000Z,709.11,709.41,708.84,708.84,385.02
2025-07-17T03:50:00.000000Z,708.85,709.39,708.08,708.12,1342.17
2025-07-17T03:51:00.000000Z,708.13,709.66,708.08,709.55,750.47
2025-07-17T03:52:00.000000Z,709.54,709.6,709.09,709.1,439.91
2025-07-17T03:53:00.000000Z,709.09,709.27,708.5,708.92,421.58
2025-07-17T03:54:00.000000Z,708.91,709.18,708.8,709.15,325.68
2025-07-17T03:55:00.000000Z,709.15,709.84,708.96,709.7,1887.85
2025-07-17T03:56:00.000000Z,709.72,709.78,709.4,709.57,443.43
2025-07-17T03:57:00.000000Z,709.57,709.8,709.4,709.65,322.9
2025-07-17T03:58:00.000000Z,709.65,709.94,709.64,709.9,1085.9
2025-07-17T03:59:00.000000Z,709.91,709.94,709.75,709.75,257.28
2025-07-17T04:00:00.000000Z,709.74,709.74,709.23,709.23,587.04
2025-07-17T04:01:00.000000Z,709.23,709.32,708.84,708.89,453.24
2025-07-17T04:02:00.000000Z,708.9,709.49,708.89,709.49,672.09
2025-07-17T04:03:00.000000Z,709.49,709.5,708.92,709.06,357.73
2025-07-17T04:04:00.000000Z,709.06,709.5,708.95,709.03,217.97
2025-07-17T04:05:00.000000Z,709.03,709.03,708.3,708.3,511.47
2025-07-17T04:06:00.000000Z,708.3,708.8,708.2,708.54,452.8
2025-07-17T04:07:00.000000Z,708.53,709.0,708.32,709.0,321.92
2025-07-17T04:08:00.000000Z,708.99,709.76,708.99,709.76,362.62
2025-07-17T04:09:00.000000Z,709.75,709.93,709.49,709.93,291.96
2025-07-17T04:10:00.000000Z,709.93,710.0,709.62,709.77,998.27
2025-07-17T04:11:00.000000Z,709.77,709.96,709.74,709.75,258.63
2025-07-17T04:12:00.000000Z,709.75,710.0,709.67,709.94,379.2
2025-07-17T04:13:00.000000Z,709.95,710.02,709.88,709.96,649.27
2025-07-17T04:14:00.000000Z,709.96,710.11,709.95,710.1,1375.08
2025-07-17T04:15:00.000000Z,710.11,710.11,709.43,709.49,646.09
2025-07-17T04:16:00.000000Z,709.49,709.95,709.34,709.75,308.32
2025-07-17T04:17:00.000000Z,709.74,710.04,709.73,710.04,276.09
2025-07-17T04:18:00.000000Z,710.03,710.03,709.5,709.51,329.1
2025-07-17T04:19:00.000000Z,709.5,709.71,709.44,709.61,238.15
2025-07-17T04:20:00.000000Z,709.56,709.57,709.19,709.49,430.03
2025-07-17T04:21:00.000000Z,709.49,710.07,709.48,709.85,376.8
2025-07-17T04:22:00.000000Z,709.85,709.95,709.68,709.87,182.45
2025-07-17T04:23:00.000000Z,709.88,710.08,709.85,710.07,191.91
2025-07-17T04:24:00.000000Z,710.07,710.12,709.8,709.85,355.41
2025-07-17T04:25:00.000000Z,709.85,709.96,709.55,709.61,442.09
2025-07-17T04:26:00.000000Z,709.6,709.61,709.15,709.25,385.58
2025-07-17T04:27:00.000000Z,709.24,709.68,709.24,709.68,135.26
2025-07-17T04:28:00.000000Z,709.67,709.98,709.67,709.97,140.96
2025-07-17T04:29:00.000000Z,709.98,710.08,709.88,709.91,128.63
2025-07-17T04:30:00.000000Z,709.91,710.18,709.8,710.04,1442.09
2025-07-17T04:31:00.000000Z,710.04,710.12,709.94,710.12,212.39
2025-07-17T04:32:00.000000Z,710.12,710.18,709.94,710.0,210.48
2025-07-17T04:33:00.000000Z,710.0,710.08,709.85,709.95,202.7
2025-07-17T04:34:00.000000Z,709.96,710.16,709.9,709.96,196.29
2025-07-17T04:35:00.000000Z,709.97,710.14,709.8,709.8,301.75
2025-07-17T04:36:00.000000Z,709.81,710.08,709.8,709.98,206.56
2025-07-17T04:37:00.000000Z,709.98,710.11,709.86,709.87,309.86
2025-07-17T04:38:00.000000Z,709.87,710.03,709.86,709.98,295.92
2025-07-17T04:39:00.000000Z,709.99,710.04,709.93,710.01,153.14
2025-07-17T04:40:00.000000Z,710.0,710.09,709.94,709.95,250.05
2025-07-17T04:41:00.000000Z,709.95,710.34,709.94,710.27,2777.06
2025-07-17T04:42:00.000000Z,710.28,710.28,710.25,710.25,266.21
2025-07-17T04:43:00.000000Z,710.25,710.33,710.19,710.19,409.19
2025-07-17T04:44:00.000000Z,710.18,710.32,710.12,710.23,385.01
2025-07-17T04:45:00.000000Z,710.23,710.24,709.73,710.0,694.66
2025-07-17T04:46:00.000000Z,710.01,710.33,710.0,710.11,197.84
2025-07-17T04:47:00.000000Z,710.1,710.17,709.84,709.93,167.22
2025-07-17T04:48:00.000000Z,709.93,710.11,709.84,710.1,218.03
2025-07-17T04:49:00.000000Z,710.1,710.1,709.75,709.76,294.04
2025-07-17T04:50:00.000000Z,709.76,710.05,709.7,709.87,338.27
2025-07-17T04:51:00.000000Z,709.86,709.95,709.73,709.95,202.35
2025-07-17T04:52:00.000000Z,709.95,710.0,709.55,709.57,910.32
2025-07-17T04:53:00.000000Z,709.57,710.19,709.57,710.16,729.97
2025-07-17T04:54:00.000000Z,710.15,711.15,710.15,711.12,536.33
2025-07-17T04:55:00.000000Z,711.12,711.13,710.87,711.0,450.47
2025-07-17T04:56:00.000000Z,711.0,711.07,710.88,711.07,243.22
2025-07-17T04:57:00.000000Z,711.06,711.3,711.06,711.28,1037.8
2025-07-17T04:58:00.000000Z,711.28,711.28,711.04,711.19,214.71
2025-07-17T04:59:00.000000Z,711.19,711.4,711.12,711.4,2014.28
2025-07-17T05:00:00.000000Z,711.4,711.4,710.54,710.61,1428.47
2025-07-17T05:01:00.000000Z,710.61,710.62,710.04,710.23,532.04
2025-07-17T05:02:00.000000Z,710.24,710.39,709.86,710.39,555.24
2025-07-17T05:03:00.000000Z,710.39,710.56,710.0,710.16,243.06
2025-07-17T05:04:00.000000Z,710.16,710.16,709.54,709.54,159.94
2025-07-17T05:05:00.000000Z,709.54,709.74,709.0,709.06,589.04
2025-07-17T05:06:00.000000Z,709.06,709.08,708.12,708.67,2311.92
2025-07-17T05:07:00.000000Z,708.68,709.23,708.67,708.96,376.05
2025-07-17T05:08:00.000000Z,708.96,708.96,707.32,707.75,3097.97
2025-07-17T05:09:00.000000Z,707.75,708.15,707.39,707.41,778.06
2025-07-17T05:10:00.000000Z,707.41,707.88,707.08,707.87,732.21
2025-07-17T05:11:00.000000Z,707.87,708.04,707.68,708.04,183.46
2025-07-17T05:12:00.000000Z,708.03,708.54,707.94,708.51,353.76
2025-07-17T05:13:00.000000Z,708.52,708.6,707.6,707.6,368.84
2025-07-17T05:14:00.000000Z,707.57,707.88,707.57,707.74,188.82
2025-07-17T05:15:00.000000Z,707.73,708.27,707.73,708.27,281.93
2025-07-17T05:16:00.000000Z,708.26,708.36,707.57,707.58,209.13
2025-07-17T05:17:00.000000Z,707.58,708.11,707.58,708.07,632.3
2025-07-17T05:18:00.000000Z,708.06,708.07,707.71,707.9,323.85
2025-07-17T05:19:00.000000Z,707.9,708.04,707.52,707.83,194.07
2025-07-17T05:20:00.000000Z,707.83,707.95,707.61,707.7,178.84
2025-07-17T05:21:00.000000Z,707.7,708.68,707.7,708.27,193.73
2025-07-17T05:22:00.000000Z,708.28,708.44,707.77,708.04,386.07
2025-07-17T05:23:00.000000Z,708.03,708.15,708.03,708.15,176.85
2025-07-17T05:24:00.000000Z,708.14,708.31,707.89,708.3,127.8
2025-07-17T05:25:00.000000Z,708.31,708.52,708.21,708.52,124.92
2025-07-17T05:26:00.000000Z,708.52,708.73,708.45,708.48,253.22
2025-07-17T05:27:00.000000Z,708.49,709.26,708.49,709.25,291.02
2025-07-17T05:28:00.000000Z,709.26,709.7,709.26,709.7,212.79
2025-07-17T05:29:00.000000Z,709.69,710.0,709.44,709.93,251.61
2025-07-17T05:30:00.000000Z,709.93,709.93,709.21,709.7,426.16
2025-07-17T05:31:00.000000Z,709.7,710.36,709.25,709.27,377.21
2025-07-17T05:32:00.000000Z,709.26,709.49,708.73,708.73,412.29
2025-07-17T05:33:00.000000Z,708.73,709.08,708.62,709.0,632.2
2025-07-17T05:34:00.000000Z,709.0,709.41,708.84,709.38,238.94
2025-07-17T05:35:00.000000Z,709.38,709.48,708.86,708.86,527.65
2025-07-17T05:36:00.000000Z,708.86,710.71,708.86,710.64,742.15
2025-07-17T05:37:00.000000Z,710.68,710.71,709.76,710.24,374.37
2025-07-17T05:38:00.000000Z,710.24,710.44,710.01,710.02,189.35
2025-07-17T05:39:00.000000Z,710.01,710.06,709.78,710.06,88.99
2025-07-17T05:40:00.000000Z,710.06,710.65,710.05,710.44,312.78
2025-07-17T05:41:00.000000Z,710.44,710.6,710.08,710.44,306.1
2025-07-17T05:42:00.000000Z,710.43,711.27,710.39,711.27,491.22
2025-07-17T05:43:00.000000Z,711.28,711.76,711.08,711.59,1164.21
2025-07-17T05:44:00.000000Z,711.6,711.79,711.51,711.64,257.9
2025-07-17T05:45:00.000000Z,711.64,711.68,711.14,711.67,462.15
2025-07-17T05:46:00.000000Z,711.68,712.61,711.68,712.6,774.53
2025-07-17T05:47:00.000000Z,712.59,713.0,712.59,712.64,634.33
2025-07-17T05:48:00.000000Z,712.64,713.31,712.52,712.93,497.67
2025-07-17T05:49:00.000000Z,712.94,713.19,712.64,712.64,562.07
2025-07-17T05:50:00.000000Z,712.65,712.68,712.43,712.44,433.29
2025-07-17T05:51:00.000000Z,712.44,712.79,712.44,712.71,167.52
2025-07-17T05:52:00.000000Z,712.7,712.8,712.49,712.76,390.64
2025-07-17T05:53:00.000000Z,712.76,712.77,712.48,712.54,386.69
2025-07-17T05:54:00.000000Z,712.54,712.64,712.27,712.56,237.6
2025-07-17T05:55:00.000000Z,712.56,712.74,712.46,712.47,150.95
2025-07-17T05:56:00.000000Z,712.47,712.83,712.47,712.79,198.04
2025-07-17T05:57:00.000000Z,712.78,712.93,712.68,712.93,193.01
2025-07-17T05:58:00.000000Z,712.93,712.99,712.68,712.92,210.0
2025-07-17T05:59:00.000000Z,712.92,712.92,712.82,712.83,143.51
2025-07-17T06:00:00.000000Z,712.83,712.83,712.38,712.43,215.9
2025-07-17T06:01:00.000000Z,712.42,712.83,712.26,712.76,253.13
2025-07-17T06:02:00.000000Z,712.75,712.9,712.56,712.9,229.81
2025-07-17T06:03:00.000000Z,712.9,713.36,712.82,713.35,331.03
2025-07-17T06:04:00.000000Z,713.36,713.52,713.3,713.38,213.84
2025-07-17T06:05:00.000000Z,713.38,713.49,713.32,713.43,496.43
2025-07-17T06:06:00.000000Z,713.43,714.33,713.4,714.32,1160.5
2025-07-17T06:07:00.000000Z,714.33,714.64,714.32,714.42,470.95
2025-07-17T06:08:00.000000Z,714.43,714.79,714.36,714.57,629.95
2025-07-17T06:09:00.000000Z,714.56,714.57,714.03,714.23,559.91
2025-07-17T06:10:00.000000Z,714.23,714.23,713.26,713.26,628.82
2025-07-17T06:11:00.000000Z,713.27,713.32,713.04,713.05,151.06
2025-07-17T06:12:00.000000Z,713.05,713.05,712.45,712.46,558.51
2025-07-17T06:13:00.000000Z,712.45,712.52,711.34,711.34,632.66
2025-07-17T06:14:00.000000Z,711.33,711.72,711.31,711.72,311.82
2025-07-17T06:15:00.000000Z,711.71,711.76,710.89,710.89,242.94
2025-07-17T06:16:00.000000Z,710.89,710.9,710.3,710.59,453.31
2025-07-17T06:17:00.000000Z,710.58,711.16,710.44,710.83,249.93
2025-07-17T06:18:00.000000Z,710.82,710.83,710.43,710.6,328.46
2025-07-17T06:19:00.000000Z,710.59,711.4,710.3,710.97,261.08
2025-07-17T06:20:00.000000Z,710.96,712.11,710.89,711.85,417.03
2025-07-17T06:21:00.000000Z,711.86,712.71,711.86,712.71,272.92
2025-07-17T06:22:00.000000Z,712.72,712.8,712.07,712.47,197.42
2025-07-17T06:23:00.000000Z,712.48,714.26,712.47,714.26,2226.1
2025-07-17T06:24:00.000000Z,714.25,715.94,714.2,715.82,1440.98
2025-07-17T06:25:00.000000Z,715.82,716.21,715.58,716.18,951.71
2025-07-17T06:26:00.000000Z,716.18,716.4,715.96,716.4,516.93
2025-07-17T06:27:00.000000Z,716.39,716.72,716.38,716.72,880.46
2025-07-17T06:28:00.000000Z,716.71,718.0,716.68,717.58,2844.98
2025-07-17T06:29:00.000000Z,717.58,718.0,716.88,717.27,1167.63
2025-07-17T06:30:00.000000Z,717.28,720.56,716.83,720.0,6470.43
2025-07-17T06:31:00.000000Z,719.99,721.39,718.98,721.31,8384.5
2025-07-17T06:32:00.000000Z,721.33,723.84,721.17,722.25,6738.35
2025-07-17T06:33:00.000000Z,722.25,722.65,721.35,721.35,1484.83
2025-07-17T06:34:00.000000Z,721.35,721.36,720.4,720.4,843.08
2025-07-17T06:35:00.000000Z,720.41,720.41,718.84,718.84,1184.73
2025-07-17T06:36:00.000000Z,718.84,721.5,718.76,721.27,2861.86
2025-07-17T06:37:00.000000Z,721.27,721.36,720.8,721.33,1373.53
2025-07-17T06:38:00.000000Z,721.35,721.63,719.28,719.36,4679.65
2025-07-17T06:39:00.000000Z,719.39,722.25,719.28,721.7,3728.28
2025-07-17T06:40:00.000000Z,721.7,722.78,721.05,721.2,4157.47
2025-07-17T06:41:00.000000Z,721.17,721.17,719.52,719.8,1373.54
2025-07-17T06:42:00.000000Z,719.8,720.36,719.68,720.13,1237.67
2025-07-17T06:43:00.000000Z,720.14,720.55,719.7,720.55,807.4
2025-07-17T06:44:00.000000Z,720.5,721.31,720.18,721.25,796.74
2025-07-17T06:45:00.000000Z,721.24,721.56,720.89,721.19,663.72
2025-07-17T06:46:00.000000Z,721.18,721.19,720.08,720.31,929.02
2025-07-17T06:47:00.000000Z,720.31,720.8,720.28,720.79,471.72
2025-07-17T06:48:00.000000Z,720.79,721.0,720.28,720.88,435.63
2025-07-17T06:49:00.000000Z,720.88,721.34,720.81,721.23,458.77
2025-07-17T06:50:00.000000Z,721.23,721.32,720.67,720.73,669.18
2025-07-17T06:51:00.000000Z,720.72,720.77,719.73,720.43,1506.06
2025-07-17T06:52:00.000000Z,720.42,721.04,720.23,720.6,794.24
2025-07-17T06:53:00.000000Z,720.63,720.76,720.19,720.53,641.96
2025-07-17T06:54:00.000000Z,720.53,720.66,720.27,720.49,455.7
2025-07-17T06:55:00.000000Z,720.5,720.5,720.06,720.1,743.16
2025-07-17T06:56:00.000000Z,720.11,720.31,720.04,720.11,356.58
2025-07-17T06:57:00.000000Z,720.11,720.36,720.11,720.35,273.93
2025-07-17T06:58:00.000000Z,720.36,721.04,720.25,721.04,295.5
2025-07-17T06:59:00.000000Z,721.04,721.23,720.81,720.99,909.67
2025-07-17T07:00:00.000000Z,721.0,721.11,719.18,719.18,2160.96
2025-07-17T07:01:00.000000Z,719.18,720.04,719.14,719.15,731.72
2025-07-17T07:02:00.000000Z,719.15,719.26,718.32,718.69,1549.62
2025-07-17T07:03:00.000000Z,718.68,718.69,718.15,718.61,819.46
2025-07-17T07:04:00.000000Z,718.6,719.83,718.6,719.74,796.07
2025-07-17T07:05:00.000000Z,719.69,719.69,718.78,718.78,592.28
2025-07-17T07:06:00.000000Z,718.78,719.36,718.56,718.57,497.35
2025-07-17T07:07:00.000000Z,718.57,718.77,717.82,718.09,508.33
2025-07-17T07:08:00.000000Z,718.1,718.1,716.84,717.11,1384.04
2025-07-17T07:09:00.000000Z,717.12,717.52,716.86,717.1,607.72
2025-07-17T07:10:00.000000Z,717.1,718.52,716.92,718.29,629.55
2025-07-17T07:11:00.000000Z,718.3,719.06,718.08,718.79,2089.54
2025-07-17T07:12:00.000000Z,718.8,719.6,718.8,719.4,787.52
2025-07-17T07:13:00.000000Z,719.4,719.4,717.98,718.16,690.65
2025-07-17T07:14:00.000000Z,718.12,718.2,717.44,717.87,1071.54
2025-07-17T07:15:00.000000Z,717.87,718.21,717.4,717.93,607.85
2025-07-17T07:16:00.000000Z,717.95,718.45,717.88,717.95,603.34
2025-07-17T07:17:00.000000Z,717.96,719.12,717.96,719.08,332.31
2025-07-17T07:18:00.000000Z,719.09,719.09,717.81,717.81,575.7
2025-07-17T07:19:00.000000Z,717.81,717.91,717.23,717.23,514.15
2025-07-17T07:20:00.000000Z,717.23,717.34,716.63,716.79,642.01
2025-07-17T07:21:00.000000Z,716.79,716.8,716.05,716.55,887.31
2025-07-17T07:22:00.000000Z,716.55,717.07,716.48,716.99,430.21
2025-07-17T07:23:00.000000Z,716.95,716.96,716.63,716.63,323.2
2025-07-17T07:24:00.000000Z,716.63,716.84,716.04,716.79,423.37
2025-07-17T07:25:00.000000Z,716.79,716.87,716.03,716.03,532.5
2025-07-17T07:26:00.000000Z,716.03,716.2,715.7,715.89,449.14
2025-07-17T07:27:00.000000Z,715.9,716.46,715.9,716.25,275.2
2025-07-17T07:28:00.000000Z,716.25,716.28,715.67,715.95,348.45
2025-07-17T07:29:00.000000Z,715.95,715.95,715.68,715.83,199.31
2025-07-17T07:30:00.000000Z,715.83,716.91,715.83,716.86,662.99
2025-07-17T07:31:00.000000Z,716.9,716.91,716.36,716.87,587.81
2025-07-17T07:32:00.000000Z,716.84,717.0,716.33,716.33,687.5
2025-07-17T07:33:00.000000Z,716.34,716.4,715.87,715.95,856.87
2025-07-17T07:34:00.000000Z,715.94,716.84,715.94,716.84,398.58
2025-07-17T07:35:00.000000Z,716.83,717.05,716.48,717.05,294.72
2025-07-17T07:36:00.000000Z,717.05,718.07,717.05,718.07,535.73
2025-07-17T07:37:00.000000Z,718.07,718.61,718.0,718.37,558.13
2025-07-17T07:38:00.000000Z,718.37,718.47,718.16,718.2,402.21
2025-07-17T07:39:00.000000Z,718.2,718.48,718.19,718.29,252.05
2025-07-17T07:40:00.000000Z,718.3,719.34,718.29,719.29,1068.57
2025-07-17T07:41:00.000000Z,719.29,719.48,718.85,718.85,1824.7
2025-07-17T07:42:00.000000Z,718.84,719.07,718.6,718.73,414.84
2025-07-17T07:43:00.000000Z,718.74,719.48,718.74,719.48,712.4
2025-07-17T07:44:00.000000Z,719.48,719.8,719.25,719.53,862.12
2025-07-17T07:45:00.000000Z,719.52,720.15,719.32,720.04,1036.4
2025-07-17T07:46:00.000000Z,720.04,720.05,719.29,719.72,519.82
2025-07-17T07:47:00.000000Z,719.72,720.0,719.65,719.95,449.18
2025-07-17T07:48:00.000000Z,719.96,720.05,719.81,719.9,440.92
2025-07-17T07:49:00.000000Z,719.89,720.05,719.68,719.68,269.78
2025-07-17T07:50:00.000000Z,719.68,720.0,719.6,719.77,412.56
2025-07-17T07:51:00.000000Z,719.77,720.0,719.77,719.95,219.22
2025-07-17T07:52:00.000000Z,719.95,720.2,719.91,720.04,499.72
2025-07-17T07:53:00.000000Z,720.04,720.27,720.01,720.18,221.5
2025-07-17T07:54:00.000000Z,720.17,720.62,719.36,719.43,999.69
2025-07-17T07:55:00.000000Z,719.43,720.0,719.36,719.55,458.1
2025-07-17T07:56:00.000000Z,719.54,719.89,719.34,719.89,288.27
2025-07-17T07:57:00.000000Z,719.88,720.56,719.88,720.46,354.06
2025-07-17T07:58:00.000000Z,720.47,721.3,720.33,721.17,639.37
2025-07-17T07:59:00.000000Z,721.17,721.64,720.98,721.19,623.37
2025-07-17T08:00:00.000000Z,721.19,721.23,720.44,720.65,499.68
2025-07-17T08:01:00.000000Z,720.65,721.24,720.52,721.08,328.06
2025-07-17T08:02:00.000000Z,721.08,721.66,721.08,721.56,791.72
2025-07-17T08:03:00.000000Z,721.55,721.55,721.01,721.24,646.83
2025-07-17T08:04:00.000000Z,721.24,721.37,720.68,721.19,859.83
2025-07-17T08:05:00.000000Z,721.19,721.32,720.42,720.95,645.32
2025-07-17T08:06:00.000000Z,720.94,721.11,720.84,720.95,442.76
2025-07-17T08:07:00.000000Z,720.95,720.95,720.4,720.41,371.47
2025-07-17T08:08:00.000000Z,720.41,720.87,720.24,720.73,433.91
2025-07-17T08:09:00.000000Z,720.73,720.84,719.96,720.09,1975.56
2025-07-17T08:10:00.000000Z,720.07,720.07,719.58,719.74,671.7
2025-07-17T08:11:00.000000Z,719.74,720.32,719.74,719.88,986.02
2025-07-17T08:12:00.000000Z,719.88,720.01,719.62,719.96,548.08
2025-07-17T08:13:00.000000Z,719.96,720.0,719.63,719.95,308.81
2025-07-17T08:14:00.000000Z,719.95,719.95,719.68,719.88,270.51
2025-07-17T08:15:00.000000Z,719.87,719.99,719.61,719.99,318.86
2025-07-17T08:16:00.000000Z,719.99,720.76,719.72,720.2,1630.8
2025-07-17T08:17:00.000000Z,720.2,720.26,719.53,719.7,418.81
2025-07-17T08:18:00.000000Z,719.7,719.93,719.56,719.92,300.06
2025-07-17T08:19:00.000000Z,719.93,720.38,719.73,720.37,495.92
2025-07-17T08:20:00.000000Z,720.38,720.38,720.0,720.26,748.13
2025-07-17T08:21:00.000000Z,720.26,720.31,719.73,720.26,194.99
2025-07-17T08:22:00.000000Z,720.27,720.27,719.84,719.91,170.24
2025-07-17T08:23:00.000000Z,719.89,720.17,719.85,720.01,207.68
2025-07-17T08:24:00.000000Z,720.02,720.19,715.66,716.01,12380.86
2025-07-17T08:25:00.000000Z,716.01,716.6,714.99,715.03,4423.09
2025-07-17T08:26:00.000000Z,715.03,715.81,714.76,715.81,1442.07
2025-07-17T08:27:00.000000Z,715.8,716.1,715.53,716.0,560.86
2025-07-17T08:28:00.000000Z,716.0,716.24,715.73,715.96,381.11
2025-07-17T08:29:00.000000Z,715.95,716.43,715.72,716.35,357.15
2025-07-17T08:30:00.000000Z,716.35,716.35,715.5,715.9,723.74
2025-07-17T08:31:00.000000Z,715.91,716.28,715.37,715.8,1024.61
2025-07-17T08:32:00.000000Z,715.77,715.78,715.13,715.13,597.22
2025-07-17T08:33:00.000000Z,715.12,715.51,715.12,715.16,785.36
2025-07-17T08:34:00.000000Z,715.16,716.2,715.12,715.71,1693.68
2025-07-17T08:35:00.000000Z,715.7,715.71,715.13,715.29,685.54
2025-07-17T08:36:00.000000Z,715.3,715.5,715.0,715.03,502.24
2025-07-17T08:37:00.000000Z,715.04,715.92,715.04,715.92,458.69
2025-07-17T08:38:00.000000Z,715.93,716.0,715.42,715.9,326.31
2025-07-17T08:39:00.000000Z,715.92,716.35,715.91,716.06,265.84
2025-07-17T08:40:00.000000Z,716.05,717.06,715.84,717.0,618.41
2025-07-17T08:41:00.000000Z,717.0,717.28,716.13,716.13,608.67
2025-07-17T08:42:00.000000Z,716.12,717.2,716.11,717.04,324.66
2025-07-17T08:43:00.000000Z,717.04,717.04,716.79,716.95,216.6
2025-07-17T08:44:00.000000Z,716.95,716.96,716.6,716.88,207.7
2025-07-17T08:45:00.000000Z,716.88,716.92,716.58,716.62,182.9
2025-07-17T08:46:00.000000Z,716.61,716.83,716.52,716.52,259.97
2025-07-17T08:47:00.000000Z,716.53,716.78,716.32,716.67,196.65
2025-07-17T08:48:00.000000Z,716.68,716.72,716.44,716.68,177.5
2025-07-17T08:49:00.000000Z,716.69,716.72,716.28,716.36,235.95
2025-07-17T08:50:00.000000Z,716.4,716.43,716.02,716.24,132.02
2025-07-17T08:51:00.000000Z,716.24,716.58,716.1,716.35,255.59
2025-07-17T08:52:00.000000Z,716.35,716.47,715.96,716.38,272.08
2025-07-17T08:53:00.000000Z,716.38,716.39,716.08,716.2,210.56
2025-07-17T08:54:00.000000Z,716.19,716.96,716.16,716.92,291.9
2025-07-17T08:55:00.000000Z,716.92,717.91,716.85,717.91,501.94
2025-07-17T08:56:00.000000Z,717.9,718.09,717.71,717.77,520.41
2025-07-17T08:57:00.000000Z,717.77,718.25,717.69,718.25,966.63
2025-07-17T08:58:00.000000Z,718.24,718.36,717.9,718.06,698.39
2025-07-17T08:59:00.000000Z,718.05,718.39,718.05,718.25,345.99
2025-07-17T09:00:00.000000Z,718.25,718.25,717.41,717.52,542.23
2025-07-17T09:01:00.000000Z,717.53,718.1,717.49,717.97,576.74
2025-07-17T09:02:00.000000Z,717.97,718.4,717.88,718.39,361.89
2025-07-17T09:03:00.000000Z,718.4,719.19,718.36,718.9,946.34
2025-07-17T09:04:00.000000Z,718.91,718.93,718.8,718.89,134.52
2025-07-17T09:05:00.000000Z,718.89,719.0,718.89,718.92,685.44
2025-07-17T09:06:00.000000Z,718.93,719.65,718.92,719.36,2636.35
2025-07-17T09:07:00.000000Z,719.37,719.55,719.36,719.52,351.34
2025-07-17T09:08:00.000000Z,719.52,719.67,719.04,719.67,680.31
2025-07-17T09:09:00.000000Z,719.66,719.67,719.35,719.43,538.93
2025-07-17T09:10:00.000000Z,719.42,719.6,718.56,718.56,1800.47
2025-07-17T09:11:00.000000Z,718.56,718.88,718.41,718.87,383.74
2025-07-17T09:12:00.000000Z,718.87,719.02,718.74,719.01,212.79
2025-07-17T09:13:00.000000Z,719.02,719.58,719.02,719.2,968.83
2025-07-17T09:14:00.000000Z,719.21,719.32,717.06,717.09,3252.88
2025-07-17T09:15:00.000000Z,717.09,717.09,715.75,715.75,864.46
2025-07-17T09:16:00.000000Z,715.74,715.78,715.45,715.77,1002.81
2025-07-17T09:17:00.000000Z,715.77,715.78,715.4,715.58,452.86
2025-07-17T09:18:00.000000Z,715.6,715.88,715.59,715.65,409.88
2025-07-17T09:19:00.000000Z,715.65,715.72,714.4,714.89,1218.83
2025-07-17T09:20:00.000000Z,714.88,715.47,714.88,715.42,453.17
2025-07-17T09:21:00.000000Z,715.43,716.5,715.42,716.33,704.15
2025-07-17T09:22:00.000000Z,716.32,716.86,716.32,716.45,528.2
2025-07-17T09:23:00.000000Z,716.44,716.83,716.43,716.83,268.16
2025-07-17T09:24:00.000000Z,716.82,716.82,716.33,716.33,855.62
2025-07-17T09:25:00.000000Z,716.33,717.24,715.74,717.1,955.88
2025-07-17T09:26:00.000000Z,717.1,717.94,716.76,717.72,1033.01
2025-07-17T09:27:00.000000Z,717.71,717.72,717.0,717.06,448.87
2025-07-17T09:28:00.000000Z,717.02,717.48,716.88,717.35,409.13
2025-07-17T09:29:00.000000Z,717.36,717.94,717.35,717.84,470.91
2025-07-17T09:30:00.000000Z,717.84,718.25,717.6,718.11,1757.7
2025-07-17T09:31:00.000000Z,718.12,718.6,718.11,718.41,2368.82
2025-07-17T09:32:00.000000Z,718.42,718.69,718.26,718.69,865.19
2025-07-17T09:33:00.000000Z,718.68,718.68,717.58,717.95,604.57
2025-07-17T09:34:00.000000Z,717.95,717.96,717.56,717.75,518.0
2025-07-17T09:35:00.000000Z,717.75,717.96,717.68,717.94,168.95
2025-07-17T09:36:00.000000Z,717.93,718.78,717.85,718.77,418.95
2025-07-17T09:37:00.000000Z,718.78,719.46,718.77,719.44,1068.79
2025-07-17T09:38:00.000000Z,719.43,719.44,718.49,718.51,878.17
2025-07-17T09:39:00.000000Z,718.51,719.18,718.5,719.18,189.63
2025-07-17T09:40:00.000000Z,719.18,719.72,718.77,719.45,679.65
2025-07-17T09:41:00.000000Z,719.45,719.6,719.17,719.49,647.56
2025-07-17T09:42:00.000000Z,719.5,719.67,719.36,719.4,382.86
2025-07-17T09:43:00.000000Z,719.4,720.0,719.38,719.9,917.39
2025-07-17T09:44:00.000000Z,719.9,720.26,719.83,720.21,1061.95
2025-07-17T09:45:00.000000Z,720.2,720.2,719.52,719.68,368.21
2025-07-17T09:46:00.000000Z,719.68,719.94,719.4,719.45,410.91
2025-07-17T09:47:00.000000Z,719.44,719.74,719.29,719.36,310.66
2025-07-17T09:48:00.000000Z,719.36,720.85,719.35,720.48,2336.92
2025-07-17T09:49:00.000000Z,720.47,720.88,720.38,720.88,450.95
2025-07-17T09:50:00.000000Z,720.89,721.2,720.59,721.16,907.76
2025-07-17T09:51:00.000000Z,721.16,721.89,721.08,721.45,687.91
2025-07-17T09:52:00.000000Z,721.47,721.47,720.66,720.85,620.51
2025-07-17T09:53:00.000000Z,720.84,721.9,720.72,721.74,513.78
2025-07-17T09:54:00.000000Z,721.73,722.19,721.4,721.85,2528.64
2025-07-17T09:55:00.000000Z,721.88,721.96,720.96,721.11,1185.33
2025-07-17T09:56:00.000000Z,721.11,721.3,720.84,721.14,355.49
2025-07-17T09:57:00.000000Z,721.14,721.25,720.7,720.71,341.27
2025-07-17T09:58:00.000000Z,720.7,721.06,720.39,721.04,598.15
2025-07-17T09:59:00.000000Z,721.04,721.63,720.82,721.06,2574.25
2025-07-17T10:00:00.000000Z,721.06,721.24,720.59,720.88,1559.58
2025-07-17T10:01:00.000000Z,720.88,721.01,720.29,720.29,647.95
2025-07-17T10:02:00.000000Z,720.28,720.35,719.64,719.97,868.32
2025-07-17T10:03:00.000000Z,719.98,720.28,719.52,719.59,690.85
2025-07-17T10:04:00.000000Z,719.58,719.73,718.41,718.42,2021.25
2025-07-17T10:05:00.000000Z,718.42,718.79,717.64,717.64,2449.7
2025-07-17T10:06:00.000000Z,717.64,717.64,715.68,716.32,3882.55
2025-07-17T10:07:00.000000Z,716.32,717.29,716.26,716.45,3455.09
2025-07-17T10:08:00.000000Z,716.44,716.64,715.7,715.99,2748.79
2025-07-17T10:09:00.000000Z,715.99,717.33,715.99,716.84,588.2
2025-07-17T10:10:00.000000Z,716.84,716.99,716.31,716.77,541.58
2025-07-17T10:11:00.000000Z,716.8,717.36,716.58,716.62,1150.9
2025-07-17T10:12:00.000000Z,716.63,717.25,716.46,716.83,628.34
2025-07-17T10:13:00.000000Z,716.82,717.22,716.76,716.9,403.75
2025-07-17T10:14:00.000000Z,716.91,717.16,716.65,716.65,280.03
2025-07-17T10:15:00.000000Z,716.65,717.94,716.42,717.94,505.9
2025-07-17T10:16:00.000000Z,717.94,718.1,717.2,717.2,581.39
2025-07-17T10:17:00.000000Z,717.21,717.8,716.98,717.55,459.08
2025-07-17T10:18:00.000000Z,717.56,717.72,717.0,717.18,198.77
2025-07-17T10:19:00.000000Z,717.17,717.87,717.0,717.65,326.79
2025-07-17T10:20:00.000000Z,717.65,719.5,717.44,718.98,2775.05
2025-07-17T10:21:00.000000Z,718.98,719.57,718.98,719.38,727.5
2025-07-17T10:22:00.000000Z,719.38,719.67,719.2,719.2,393.35
2025-07-17T10:23:00.000000Z,719.21,719.3,718.25,718.38,396.44
2025-07-17T10:24:00.000000Z,718.39,719.05,718.38,718.88,358.94
2025-07-17T10:25:00.000000Z,718.88,718.89,716.85,716.86,749.16
2025-07-17T10:26:00.000000Z,716.85,717.74,716.85,717.26,392.46
2025-07-17T10:27:00.000000Z,717.26,717.89,717.1,717.16,316.89
2025-07-17T10:28:00.000000Z,717.17,717.49,716.83,717.49,468.55
2025-07-17T10:29:00.000000Z,717.49,717.89,717.43,717.6,189.6
2025-07-17T10:30:00.000000Z,717.61,717.85,717.0,717.0,426.46
2025-07-17T10:31:00.000000Z,717.0,717.53,717.0,717.09,189.3
2025-07-17T10:32:00.000000Z,717.1,718.04,717.1,717.69,360.7
2025-07-17T10:33:00.000000Z,717.68,717.68,717.01,717.3,318.8
2025-07-17T10:34:00.000000Z,717.3,717.4,716.89,716.89,324.54
2025-07-17T10:35:00.000000Z,716.9,717.01,716.37,716.37,394.36
2025-07-17T10:36:00.000000Z,716.37,716.65,716.3,716.44,453.59
2025-07-17T10:37:00.000000Z,716.44,717.27,715.87,717.18,445.05
2025-07-17T10:38:00.000000Z,717.17,718.0,716.67,717.59,867.56
2025-07-17T10:39:00.000000Z,717.6,717.91,717.48,717.53,359.29
2025-07-17T10:40:00.000000Z,717.53,717.66,715.67,715.67,735.78
2025-07-17T10:41:00.000000Z,715.66,716.77,715.6,716.76,486.78
2025-07-17T10:42:00.000000Z,716.76,716.76,716.04,716.29,215.89
2025-07-17T10:43:00.000000Z,716.28,717.1,716.1,716.1,1798.59
2025-07-17T10:44:00.000000Z,716.08,716.19,715.73,715.98,776.25
2025-07-17T10:45:00.000000Z,715.99,716.4,715.97,716.21,888.82
2025-07-17T10:46:00.000000Z,716.21,716.37,715.85,716.07,679.41
2025-07-17T10:47:00.000000Z,716.08,716.76,716.08,716.72,241.99
2025-07-17T10:48:00.000000Z,716.71,716.73,716.02,716.03,309.95
2025-07-17T10:49:00.000000Z,716.02,716.48,715.62,716.01,477.66
2025-07-17T10:50:00.000000Z,716.01,716.17,715.38,715.38,329.7
2025-07-17T10:51:00.000000Z,715.38,716.15,715.35,715.96,431.79
2025-07-17T10:52:00.000000Z,715.96,715.96,715.61,715.65,188.57
2025-07-17T10:53:00.000000Z,715.64,715.97,715.35,715.44,284.21
2025-07-17T10:54:00.000000Z,715.44,715.66,715.27,715.61,501.58
2025-07-17T10:55:00.000000Z,715.61,716.15,715.61,716.01,560.12
2025-07-17T10:56:00.000000Z,716.01,716.38,715.97,716.38,319.53
2025-07-17T10:57:00.000000Z,716.38,717.2,716.38,717.19,217.25
2025-07-17T10:58:00.000000Z,717.15,717.19,716.79,716.79,298.97
2025-07-17T10:59:00.000000Z,716.79,716.8,716.19,716.26,196.01
2025-07-17T11:00:00.000000Z,716.26,716.39,715.92,715.92,318.34
2025-07-17T11:01:00.000000Z,715.91,716.37,715.64,716.36,568.59
2025-07-17T11:02:00.000000Z,716.36,716.94,716.1,716.1,395.62
2025-07-17T11:03:00.000000Z,716.11,716.19,715.64,715.73,301.05
2025-07-17T11:04:00.000000Z,715.74,716.48,715.7,716.27,326.3
2025-07-17T11:05:00.000000Z,716.26,716.91,716.22,716.91,499.34
2025-07-17T11:06:00.000000Z,716.92,717.32,716.52,717.32,811.47
2025-07-17T11:07:00.000000Z,717.31,717.95,717.31,717.58,642.05
2025-07-17T11:08:00.000000Z,717.58,717.59,716.94,717.21,460.53
2025-07-17T11:09:00.000000Z,717.22,717.66,717.21,717.66,275.1
2025-07-17T11:10:00.000000Z,717.65,718.9,717.56,718.88,1139.87
2025-07-17T11:11:00.000000Z,718.87,719.44,718.8,719.43,806.6
2025-07-17T11:12:00.000000Z,719.43,719.46,719.16,719.29,293.51
2025-07-17T11:13:00.000000Z,719.3,719.42,719.11,719.42,392.22
2025-07-17T11:14:00.000000Z,719.41,719.6,719.39,719.44,354.75
2025-07-17T11:15:00.000000Z,719.43,719.82,719.43,719.8,645.58
2025-07-17T11:16:00.000000Z,719.79,719.9,718.9,718.91,1043.61
2025-07-17T11:17:00.000000Z,718.91,719.5,718.62,719.49,400.34
2025-07-17T11:18:00.000000Z,719.49,719.5,719.02,719.24,480.68
2025-07-17T11:19:00.000000Z,719.21,719.69,719.11,719.68,614.27
2025-07-17T11:20:00.000000Z,719.68,719.68,718.87,718.87,458.2
2025-07-17T11:21:00.000000Z,718.86,719.24,718.78,719.13,216.16
2025-07-17T11:22:00.000000Z,719.13,719.32,719.08,719.17,170.74
2025-07-17T11:23:00.000000Z,719.16,719.17,718.26,719.12,890.48
2025-07-17T11:24:00.000000Z,719.12,719.7,718.81,719.57,649.67
2025-07-17T11:25:00.000000Z,719.57,719.7,719.03,719.4,512.65
2025-07-17T11:26:00.000000Z,719.38,719.62,719.24,719.53,432.12
2025-07-17T11:27:00.000000Z,719.54,719.54,719.04,719.27,418.95
2025-07-17T11:28:00.000000Z,719.28,719.36,719.09,719.3,225.96
2025-07-17T11:29:00.000000Z,719.3,720.13,718.76,719.56,1864.82
2025-07-17T11:30:00.000000Z,719.55,719.67,718.7,718.73,433.93
2025-07-17T11:31:00.000000Z,718.73,718.99,718.55,718.65,376.74
2025-07-17T11:32:00.000000Z,718.65,718.72,717.64,717.64,817.68
2025-07-17T11:33:00.000000Z,717.64,718.3,717.6,718.13,787.14
2025-07-17T11:34:00.000000Z,718.13,718.31,717.84,718.31,313.72
2025-07-17T11:35:00.000000Z,718.31,719.21,718.08,719.21,1024.08
2025-07-17T11:36:00.000000Z,719.21,719.63,719.21,719.6,390.89
2025-07-17T11:37:00.000000Z,719.59,720.01,719.48,719.93,619.59
2025-07-17T11:38:00.000000Z,719.92,720.16,719.87,719.87,710.46
2025-07-17T11:39:00.000000Z,719.87,720.13,719.76,719.88,325.42
2025-07-17T11:40:00.000000Z,719.87,719.87,719.24,719.6,1722.8
2025-07-17T11:41:00.000000Z,719.6,720.01,719.5,719.61,687.17
2025-07-17T11:42:00.000000Z,719.6,719.88,719.51,719.84,266.59
2025-07-17T11:43:00.000000Z,719.84,719.9,719.24,719.24,155.91
2025-07-17T11:44:00.000000Z,719.23,719.33,718.9,719.13,360.94
2025-07-17T11:45:00.000000Z,719.13,719.13,718.36,718.93,247.8
2025-07-17T11:46:00.000000Z,718.96,718.96,718.66,718.66,180.99
2025-07-17T11:47:00.000000Z,718.65,718.85,718.1,718.21,207.87
2025-07-17T11:48:00.000000Z,718.2,718.83,718.01,718.83,157.08
2025-07-17T11:49:00.000000Z,718.84,719.2,718.5,718.69,190.24
2025-07-17T11:50:00.000000Z,718.7,718.9,718.47,718.66,215.23
2025-07-17T11:51:00.000000Z,718.65,719.14,718.58,719.14,256.03
2025-07-17T11:52:00.000000Z,719.14,719.14,718.86,718.89,193.75
2025-07-17T11:53:00.000000Z,718.89,719.49,718.89,719.49,230.53
2025-07-17T11:54:00.000000Z,719.5,719.99,719.49,719.51,384.91
2025-07-17T11:55:00.000000Z,719.5,719.5,718.67,719.25,188.9
2025-07-17T11:56:00.000000Z,719.24,719.3,718.9,719.08,269.84
2025-07-17T11:57:00.000000Z,719.08,719.08,718.55,718.76,135.43
2025-07-17T11:58:00.000000Z,718.77,719.12,718.48,718.55,937.09
2025-07-17T11:59:00.000000Z,718.56,718.56,718.0,718.04,604.16
2025-07-17T12:00:00.000000Z,718.05,718.54,718.04,718.1,463.95
2025-07-17T12:01:00.000000Z,718.1,718.1,717.5,717.51,217.67
2025-07-17T12:02:00.000000Z,717.51,717.75,716.89,716.89,548.99
2025-07-17T12:03:00.000000Z,716.88,717.51,716.7,717.51,646.98
2025-07-17T12:04:00.000000Z,717.51,717.54,716.44,716.54,379.99
2025-07-17T12:05:00.000000Z,716.55,716.81,716.48,716.54,348.57
2025-07-17T12:06:00.000000Z,716.54,716.7,716.12,716.3,573.07
2025-07-17T12:07:00.000000Z,716.29,716.29,715.7,715.78,851.22
2025-07-17T12:08:00.000000Z,715.77,716.03,715.44,716.03,1069.24
2025-07-17T12:09:00.000000Z,716.03,716.04,714.95,715.58,1926.54
2025-07-17T12:10:00.000000Z,715.52,716.58,715.52,716.24,420.16
2025-07-17T12:11:00.000000Z,716.24,717.2,716.24,717.02,262.45
2025-07-17T12:12:00.000000Z,717.02,717.6,716.98,717.39,374.44
2025-07-17T12:13:00.000000Z,717.4,717.89,717.17,717.89,287.75
2025-07-17T12:14:00.000000Z,717.89,718.29,717.69,718.27,363.29
2025-07-17T12:15:00.000000Z,718.27,718.59,718.0,718.37,431.45
2025-07-17T12:16:00.000000Z,718.39,718.4,718.24,718.33,143.23
2025-07-17T12:17:00.000000Z,718.33,718.43,718.17,718.3,370.07
2025-07-17T12:18:00.000000Z,718.31,718.43,716.95,717.57,936.13
2025-07-17T12:19:00.000000Z,717.58,717.66,716.8,717.04,135.74
2025-07-17T12:20:00.000000Z,717.03,717.03,715.73,715.75,396.58
2025-07-17T12:21:00.000000Z,715.75,715.99,715.31,715.43,380.57
2025-07-17T12:22:00.000000Z,715.42,715.74,714.81,715.19,1558.84
2025-07-17T12:23:00.000000Z,715.2,715.24,714.49,715.09,913.22
2025-07-17T12:24:00.000000Z,715.09,715.24,714.72,714.99,352.17
2025-07-17T12:25:00.000000Z,714.99,715.32,714.99,715.07,225.88
2025-07-17T12:26:00.000000Z,715.08,715.08,714.56,714.57,394.72
2025-07-17T12:27:00.000000Z,714.56,714.7,714.22,714.52,449.9
2025-07-17T12:28:00.000000Z,714.51,714.78,714.51,714.56,147.85
2025-07-17T12:29:00.000000Z,714.55,714.83,714.29,714.68,585.76
2025-07-17T12:30:00.000000Z,714.67,716.33,714.67,715.73,761.6
2025-07-17T12:31:00.000000Z,715.73,716.11,715.58,715.74,421.74
2025-07-17T12:32:00.000000Z,715.75,715.75,714.29,715.01,672.84
2025-07-17T12:33:00.000000Z,715.04,716.27,714.76,716.27,305.19
2025-07-17T12:34:00.000000Z,716.27,716.31,715.43,715.77,220.05
2025-07-17T12:35:00.000000Z,715.79,716.88,715.72,716.06,292.3
2025-07-17T12:36:00.000000Z,716.06,716.72,716.0,716.67,257.21
2025-07-17T12:37:00.000000Z,716.68,716.84,716.44,716.64,198.25
2025-07-17T12:38:00.000000Z,716.65,716.81,716.48,716.81,271.68
2025-07-17T12:39:00.000000Z,716.82,717.08,716.55,716.55,217.71
2025-07-17T12:40:00.000000Z,716.55,717.22,716.21,717.22,268.08
2025-07-17T12:41:00.000000Z,717.22,718.25,717.21,717.99,681.12
2025-07-17T12:42:00.000000Z,717.99,718.33,717.94,718.11,375.93
2025-07-17T12:43:00.000000Z,718.11,718.21,717.82,718.06,358.27
2025-07-17T12:44:00.000000Z,718.06,718.64,718.06,718.47,423.42
2025-07-17T12:45:00.000000Z,718.48,718.89,718.47,718.88,715.06
2025-07-17T12:46:00.000000Z,718.89,719.06,718.79,718.81,541.15
2025-07-17T12:47:00.000000Z,718.81,718.81,718.42,718.53,502.84
2025-07-17T12:48:00.000000Z,718.54,719.33,718.53,719.32,486.69
2025-07-17T12:49:00.000000Z,719.33,719.37,719.08,719.29,266.43
2025-07-17T12:50:00.000000Z,719.29,719.29,718.95,719.12,322.34
2025-07-17T12:51:00.000000Z,719.11,719.52,719.11,719.19,839.31
2025-07-17T12:52:00.000000Z,719.19,719.37,718.74,719.31,504.46
2025-07-17T12:53:00.000000Z,719.34,719.83,719.26,719.75,934.11
2025-07-17T12:54:00.000000Z,719.75,719.88,719.66,719.76,923.72
2025-07-17T12:55:00.000000Z,719.76,719.97,719.59,719.83,411.01
2025-07-17T12:56:00.000000Z,719.83,719.83,719.56,719.62,465.6
2025-07-17T12:57:00.000000Z,719.61,719.84,719.49,719.84,185.59
2025-07-17T12:58:00.000000Z,719.84,720.11,719.83,719.85,557.89
2025-07-17T12:59:00.000000Z,719.85,719.85,719.41,719.41,154.39
2025-07-17T13:00:00.000000Z,719.42,719.74,718.94,719.63,709.73
2025-07-17T13:01:00.000000Z,719.63,719.76,719.48,719.49,375.5
2025-07-17T13:02:00.000000Z,719.49,719.59,719.32,719.4,246.01
2025-07-17T13:03:00.000000Z,719.39,719.72,719.39,719.72,283.09
2025-07-17T13:04:00.000000Z,719.73,720.0,719.65,719.97,342.3
2025-07-17T13:05:00.000000Z,719.97,720.05,719.89,719.89,478.39
2025-07-17T13:06:00.000000Z,719.89,719.94,719.6,719.82,660.11
2025-07-17T13:07:00.000000Z,719.81,719.89,719.4,719.45,236.67
2025-07-17T13:08:00.000000Z,719.46,719.46,717.29,717.92,3103.57
2025-07-17T13:09:00.000000Z,717.91,718.54,717.88,718.15,380.11
2025-07-17T13:10:00.000000Z,718.15,718.53,718.06,718.33,454.17
2025-07-17T13:11:00.000000Z,718.33,718.62,718.11,718.62,266.74
2025-07-17T13:12:00.000000Z,718.62,720.07,718.61,719.26,2315.49
2025-07-17T13:13:00.000000Z,719.25,719.43,718.87,718.87,344.76
2025-07-17T13:14:00.000000Z,718.87,719.28,718.76,719.07,302.53
2025-07-17T13:15:00.000000Z,719.06,719.07,718.37,718.45,372.21
2025-07-17T13:16:00.000000Z,718.45,718.94,718.25,718.51,325.24
2025-07-17T13:17:00.000000Z,718.51,718.64,718.23,718.24,275.34
2025-07-17T13:18:00.000000Z,718.24,718.49,717.17,718.31,1110.38
2025-07-17T13:19:00.000000Z,718.31,718.7,717.89,718.69,265.93
2025-07-17T13:20:00.000000Z,718.69,719.76,718.63,719.57,645.21
2025-07-17T13:21:00.000000Z,719.56,719.57,719.06,719.2,342.98
2025-07-17T13:22:00.000000Z,719.2,719.2,718.26,718.35,337.6
2025-07-17T13:23:00.000000Z,718.34,719.37,718.29,719.33,280.72
2025-07-17T13:24:00.000000Z,719.33,719.41,718.45,718.6,618.68
2025-07-17T13:25:00.000000Z,718.64,719.29,718.64,719.13,380.16
2025-07-17T13:26:00.000000Z,719.13,719.76,719.13,719.74,536.82
2025-07-17T13:27:00.000000Z,719.73,719.83,719.42,719.55,307.78
2025-07-17T13:28:00.000000Z,719.55,719.64,719.12,719.21,327.9
2025-07-17T13:29:00.000000Z,719.21,719.44,719.17,719.36,230.93
2025-07-17T13:30:00.000000Z,719.35,719.57,718.66,719.45,579.13
2025-07-17T13:31:00.000000Z,719.45,719.84,718.8,718.89,596.33
2025-07-17T13:32:00.000000Z,718.88,719.03,717.63,717.71,439.68
2025-07-17T13:33:00.000000Z,717.71,717.97,716.7,717.4,1384.49
2025-07-17T13:34:00.000000Z,717.4,717.4,716.83,716.89,398.48
2025-07-17T13:35:00.000000Z,716.88,718.04,716.67,717.88,417.15
2025-07-17T13:36:00.000000Z,717.86,717.88,716.65,716.65,384.77
2025-07-17T13:37:00.000000Z,716.65,718.32,716.63,718.32,630.15
2025-07-17T13:38:00.000000Z,718.32,718.33,717.61,718.05,479.68
2025-07-17T13:39:00.000000Z,718.05,718.89,717.57,717.57,748.11
2025-07-17T13:40:00.000000Z,717.58,718.2,717.06,717.06,497.8
2025-07-17T13:41:00.000000Z,717.05,717.94,716.89,717.62,375.8
2025-07-17T13:42:00.000000Z,717.62,717.85,716.86,716.93,350.83
2025-07-17T13:43:00.000000Z,716.94,717.48,716.43,716.43,879.59
2025-07-17T13:44:00.000000Z,716.43,716.43,713.84,713.85,2922.91
2025-07-17T13:45:00.000000Z,713.85,713.86,713.04,713.39,4297.3
2025-07-17T13:46:00.000000Z,713.36,713.42,712.03,713.1,2384.38
2025-07-17T13:47:00.000000Z,713.09,714.2,712.74,713.69,1572.37
2025-07-17T13:48:00.000000Z,713.69,715.4,713.69,715.4,783.67
2025-07-17T13:49:00.000000Z,715.41,715.89,715.15,715.86,530.08
2025-07-17T13:50:00.000000Z,715.86,717.33,715.86,717.14,1088.52
2025-07-17T13:51:00.000000Z,717.2,717.77,716.86,717.65,718.62
2025-07-17T13:52:00.000000Z,717.65,717.95,717.52,717.88,326.92
2025-07-17T13:53:00.000000Z,717.88,719.32,717.88,719.09,1048.59
2025-07-17T13:54:00.000000Z,719.08,719.33,718.59,719.24,858.19
2025-07-17T13:55:00.000000Z,719.24,719.5,718.8,719.49,876.46
2025-07-17T13:56:00.000000Z,719.49,721.51,719.49,721.27,5148.22
2025-07-17T13:57:00.000000Z,721.26,722.32,720.73,722.3,3430.16
2025-07-17T13:58:00.000000Z,722.3,722.97,721.01,721.09,4725.77
2025-07-17T13:59:00.000000Z,721.15,721.37,720.51,720.51,955.87
2025-07-17T14:00:00.000000Z,720.5,725.0,720.42,724.44,12468.17
2025-07-17T14:01:00.000000Z,724.43,725.84,723.44,723.69,5977.76
2025-07-17T14:02:00.000000Z,723.7,724.68,723.41,724.21,2707.83
2025-07-17T14:03:00.000000Z,724.2,724.2,723.46,723.9,1630.8
2025-07-17T14:04:00.000000Z,723.89,727.17,723.44,725.1,10402.57
2025-07-17T14:05:00.000000Z,725.11,727.06,725.11,726.83,3298.0
2025-07-17T14:06:00.000000Z,726.83,727.44,725.96,726.99,2703.63
2025-07-17T14:07:00.000000Z,726.94,727.09,726.12,726.52,1398.2
2025-07-17T14:08:00.000000Z,726.53,726.62,725.48,725.48,1885.02
2025-07-17T14:09:00.000000Z,725.49,725.83,724.36,725.57,3917.52
2025-07-17T14:10:00.000000Z,725.66,726.47,725.44,726.17,1102.17
2025-07-17T14:11:00.000000Z,726.17,726.66,725.21,725.48,1933.1
2025-07-17T14:12:00.000000Z,725.47,725.74,724.59,724.92,1882.61
2025-07-17T14:13:00.000000Z,724.93,726.0,724.15,725.99,1824.05
2025-07-17T14:14:00.000000Z,725.99,726.86,725.5,726.66,1635.94
2025-07-17T14:15:00.000000Z,726.61,727.37,725.68,726.64,3926.37
2025-07-17T14:16:00.000000Z,726.64,726.76,725.96,726.01,1228.98
2025-07-17T14:17:00.000000Z,726.0,726.21,725.28,725.62,851.76
2025-07-17T14:18:00.000000Z,725.63,725.87,724.73,725.26,920.45
2025-07-17T14:19:00.000000Z,725.26,725.31,724.25,724.73,867.59
2025-07-17T14:20:00.000000Z,724.73,725.4,724.54,725.28,976.62
2025-07-17T14:21:00.000000Z,725.28,726.66,724.93,726.66,786.74
2025-07-17T14:22:00.000000Z,726.65,728.4,726.65,727.83,2975.81
2025-07-17T14:23:00.000000Z,727.82,727.95,726.37,726.56,885.76
2025-07-17T14:24:00.000000Z,726.55,726.57,725.8,726.0,866.81
2025-07-17T14:25:00.000000Z,725.99,726.56,725.88,726.27,996.2
2025-07-17T14:26:00.000000Z,726.28,726.99,726.05,726.98,1150.96
2025-07-17T14:27:00.000000Z,726.99,726.99,726.44,726.95,555.66
2025-07-17T14:28:00.000000Z,726.94,727.19,726.2,726.21,730.48
2025-07-17T14:29:00.000000Z,726.27,727.61,726.27,727.56,1138.62
2025-07-17T14:30:00.000000Z,727.57,727.57,726.51,726.55,984.57
2025-07-17T14:31:00.000000Z,726.55,726.76,726.2,726.21,761.72
2025-07-17T14:32:00.000000Z,726.21,726.62,726.21,726.46,350.06
2025-07-17T14:33:00.000000Z,726.47,726.63,726.18,726.19,508.58
2025-07-17T14:34:00.000000Z,726.19,726.19,725.9,725.91,416.15
2025-07-17T14:35:00.000000Z,725.91,726.64,725.66,726.3,850.53
2025-07-17T14:36:00.000000Z,726.3,726.37,726.05,726.05,485.94
2025-07-17T14:37:00.000000Z,726.06,726.24,725.46,725.64,569.33
2025-07-17T14:38:00.000000Z,725.64,726.44,725.64,725.93,769.0
2025-07-17T14:39:00.000000Z,725.92,726.0,725.47,725.9,307.47
2025-07-17T14:40:00.000000Z,725.91,725.91,725.13,725.29,409.26
2025-07-17T14:41:00.000000Z,725.3,725.7,725.24,725.25,454.47
2025-07-17T14:42:00.000000Z,725.26,725.57,725.18,725.19,304.75
2025-07-17T14:43:00.000000Z,725.18,725.18,724.37,724.43,825.22
2025-07-17T14:44:00.000000Z,724.44,724.8,724.3,724.53,320.53
2025-07-17T14:45:00.000000Z,724.52,724.99,724.48,724.99,606.08
2025-07-17T14:46:00.000000Z,724.99,725.4,724.91,725.07,372.45
2025-07-17T14:47:00.000000Z,725.07,725.58,724.92,725.56,423.83
2025-07-17T14:48:00.000000Z,725.53,725.73,725.02,725.02,373.8
2025-07-17T14:49:00.000000Z,725.01,725.02,724.54,724.6,498.77
2025-07-17T14:50:00.000000Z,724.61,725.25,724.5,724.88,303.71
2025-07-17T14:51:00.000000Z,724.88,724.88,724.39,724.4,177.58
2025-07-17T14:52:00.000000Z,724.4,724.97,724.39,724.72,387.96
2025-07-17T14:53:00.000000Z,724.71,724.87,724.4,724.81,408.75
2025-07-17T14:54:00.000000Z,724.81,724.95,724.53,724.64,448.59
2025-07-17T14:55:00.000000Z,724.64,724.75,724.54,724.58,104.64
2025-07-17T14:56:00.000000Z,724.58,724.82,724.47,724.82,227.48
2025-07-17T14:57:00.000000Z,724.82,724.91,724.58,724.59,195.12
2025-07-17T14:58:00.000000Z,724.6,724.92,724.5,724.85,289.93
2025-07-17T14:59:00.000000Z,724.85,725.33,724.85,725.05,796.74
2025-07-17T15:00:00.000000Z,725.04,725.34,724.52,725.34,494.17
2025-07-17T15:01:00.000000Z,725.34,726.0,725.29,725.99,594.34
2025-07-17T15:02:00.000000Z,726.0,726.6,725.92,726.07,650.12
2025-07-17T15:03:00.000000Z,726.07,726.68,726.07,726.16,516.19
2025-07-17T15:04:00.000000Z,726.15,726.38,725.49,725.49,543.76
2025-07-17T15:05:00.000000Z,725.48,726.34,725.04,726.34,514.72
2025-07-17T15:06:00.000000Z,726.33,726.33,725.99,726.13,313.33
2025-07-17T15:07:00.000000Z,726.12,726.4,724.95,724.95,474.91
2025-07-17T15:08:00.000000Z,724.95,725.08,724.03,724.18,846.86
2025-07-17T15:09:00.000000Z,724.19,724.34,723.5,723.66,1333.68
2025-07-17T15:10:00.000000Z,723.67,723.8,723.07,723.16,1426.26
2025-07-17T15:11:00.000000Z,723.17,723.29,722.78,723.16,1438.27
2025-07-17T15:12:00.000000Z,723.17,723.66,722.55,723.66,877.85
2025-07-17T15:13:00.000000Z,723.67,723.76,722.86,722.94,468.09
2025-07-17T15:14:00.000000Z,722.95,723.2,722.06,722.22,606.77
2025-07-17T15:15:00.000000Z,722.22,722.26,721.15,722.24,1189.17
2025-07-17T15:16:00.000000Z,722.23,722.77,721.91,722.77,1729.15
2025-07-17T15:17:00.000000Z,722.77,723.71,722.77,723.36,625.74
2025-07-17T15:18:00.000000Z,723.36,723.36,722.68,722.75,494.28
2025-07-17T15:19:00.000000Z,722.75,723.57,722.66,723.05,406.32
2025-07-17T15:20:00.000000Z,723.03,723.65,722.81,723.45,584.53
2025-07-17T15:21:00.000000Z,723.45,723.46,722.11,722.11,328.81
2025-07-17T15:22:00.000000Z,722.11,723.39,722.11,722.97,509.2
2025-07-17T15:23:00.000000Z,722.98,723.64,722.98,723.48,387.12
2025-07-17T15:24:00.000000Z,723.49,723.69,723.28,723.33,411.42
2025-07-17T15:25:00.000000Z,723.33,723.33,723.07,723.09,208.37
2025-07-17T15:26:00.000000Z,723.12,723.5,723.12,723.42,276.52
2025-07-17T15:27:00.000000Z,723.43,723.52,722.4,722.4,190.7
2025-07-17T15:28:00.000000Z,722.4,722.79,722.24,722.79,276.39
2025-07-17T15:29:00.000000Z,722.79,722.97,720.99,721.73,2446.64
2025-07-17T15:30:00.000000Z,721.73,722.68,721.73,722.68,624.06
2025-07-17T15:31:00.000000Z,722.67,723.18,722.67,723.08,376.4
2025-07-17T15:32:00.000000Z,723.09,723.96,722.86,723.95,1077.25
2025-07-17T15:33:00.000000Z,723.95,724.26,723.77,724.09,822.05
2025-07-17T15:34:00.000000Z,724.08,724.2,723.84,723.86,696.85
2025-07-17T15:35:00.000000Z,723.85,723.93,723.56,723.74,205.62
2025-07-17T15:36:00.000000Z,723.74,723.74,722.53,722.53,180.63
2025-07-17T15:37:00.000000Z,722.53,723.41,722.53,723.41,900.58
2025-07-17T15:38:00.000000Z,723.4,723.41,722.57,722.75,613.72
2025-07-17T15:39:00.000000Z,722.76,723.13,722.75,723.01,215.12
2025-07-17T15:40:00.000000Z,723.01,723.64,723.0,723.36,448.52
2025-07-17T15:41:00.000000Z,723.37,724.2,723.37,724.01,563.71
2025-07-17T15:42:00.000000Z,724.04,724.12,723.92,724.0,229.46
2025-07-17T15:43:00.000000Z,724.0,724.5,724.0,724.5,320.35
2025-07-17T15:44:00.000000Z,724.5,724.85,724.33,724.6,506.24
2025-07-17T15:45:00.000000Z,724.6,724.61,723.88,724.1,395.88
2025-07-17T15:46:00.000000Z,724.1,724.1,723.0,723.3,455.11
2025-07-17T15:47:00.000000Z,723.29,723.49,722.79,723.49,239.97
2025-07-17T15:48:00.000000Z,723.49,723.49,722.73,722.73,167.91
2025-07-17T15:49:00.000000Z,722.72,722.72,722.17,722.36,840.89
2025-07-17T15:50:00.000000Z,722.36,722.69,722.16,722.48,633.66
2025-07-17T15:51:00.000000Z,722.48,723.11,722.48,723.11,516.34
2025-07-17T15:52:00.000000Z,723.11,723.35,722.73,722.81,152.34
2025-07-17T15:53:00.000000Z,722.81,723.25,722.71,723.01,380.97
2025-07-17T15:54:00.000000Z,723.01,723.02,722.45,722.45,263.99
2025-07-17T15:55:00.000000Z,722.46,722.54,722.16,722.53,313.79
2025-07-17T15:56:00.000000Z,722.54,722.92,722.43,722.5,297.66
2025-07-17T15:57:00.000000Z,722.51,722.63,722.35,722.47,166.74
2025-07-17T15:58:00.000000Z,722.46,722.47,722.28,722.33,132.58
2025-07-17T15:59:00.000000Z,722.36,722.37,721.69,721.69,411.59
2025-07-17T16:00:00.000000Z,721.69,722.39,721.64,722.13,398.49
2025-07-17T16:01:00.000000Z,722.12,722.27,721.65,721.69,627.7
2025-07-17T16:02:00.000000Z,721.7,722.4,721.69,721.92,1146.37
2025-07-17T16:03:00.000000Z,721.9,721.98,721.05,721.05,484.98
2025-07-17T16:04:00.000000Z,721.04,721.45,720.89,721.25,1197.78
2025-07-17T16:05:00.000000Z,721.28,721.43,720.63,720.64,486.4
2025-07-17T16:06:00.000000Z,720.63,721.02,720.5,720.9,510.06
2025-07-17T16:07:00.000000Z,720.91,720.91,719.59,719.68,1519.88
2025-07-17T16:08:00.000000Z,719.68,720.62,719.28,720.62,1226.66
2025-07-17T16:09:00.000000Z,720.63,720.68,719.53,719.67,783.27
2025-07-17T16:10:00.000000Z,719.64,719.93,719.27,719.34,421.38
2025-07-17T16:11:00.000000Z,719.35,719.53,718.76,718.8,916.87
2025-07-17T16:12:00.000000Z,718.8,719.28,718.54,718.63,839.73
2025-07-17T16:13:00.000000Z,718.64,719.02,718.11,718.88,1068.06
2025-07-17T16:14:00.000000Z,718.88,719.05,718.26,719.05,619.34
2025-07-17T16:15:00.000000Z,719.05,719.05,718.14,718.33,558.51
2025-07-17T16:16:00.000000Z,718.32,718.32,717.08,717.7,1445.93
2025-07-17T16:17:00.000000Z,717.69,718.0,717.2,717.62,671.34
2025-07-17T16:18:00.000000Z,717.62,718.63,717.5,717.5,752.77
2025-07-17T16:19:00.000000Z,717.51,718.4,717.51,718.27,567.5
2025-07-17T16:20:00.000000Z,718.28,718.4,715.89,717.91,5870.52
2025-07-17T16:21:00.000000Z,717.91,717.95,717.19,717.19,750.25
2025-07-17T16:22:00.000000Z,717.18,718.08,717.18,718.07,669.35
2025-07-17T16:23:00.000000Z,718.07,718.25,717.63,718.2,533.3
2025-07-17T16:24:00.000000Z,718.2,718.69,718.19,718.32,416.15
2025-07-17T16:25:00.000000Z,718.31,718.48,717.0,717.0,792.93
2025-07-17T16:26:00.000000Z,717.01,717.74,716.94,717.6,920.33
2025-07-17T16:27:00.000000Z,717.57,718.0,716.6,716.61,688.36
2025-07-17T16:28:00.000000Z,716.6,716.86,716.09,716.45,676.03
2025-07-17T16:29:00.000000Z,716.45,716.53,715.49,716.43,1397.17
2025-07-17T16:30:00.000000Z,716.45,716.45,715.31,715.33,769.42
2025-07-17T16:31:00.000000Z,715.34,715.61,714.85,715.61,2312.2
2025-07-17T16:32:00.000000Z,715.61,715.62,714.21,714.22,2130.4
2025-07-17T16:33:00.000000Z,714.22,714.6,713.77,714.42,1840.31
2025-07-17T16:34:00.000000Z,714.43,715.05,714.0,714.19,3169.54
2025-07-17T16:35:00.000000Z,714.18,714.74,713.96,714.32,813.26
2025-07-17T16:36:00.000000Z,714.31,714.67,713.94,714.45,893.07
2025-07-17T16:37:00.000000Z,714.4,714.74,713.89,714.48,564.03
2025-07-17T16:38:00.000000Z,714.47,714.82,714.18,714.68,519.02
2025-07-17T16:39:00.000000Z,714.68,715.33,714.33,715.28,570.6
2025-07-17T16:40:00.000000Z,715.31,715.31,713.9,713.94,547.75
2025-07-17T16:41:00.000000Z,714.0,716.5,714.0,716.29,1921.54
2025-07-17T16:42:00.000000Z,716.29,716.8,715.83,715.93,876.46
2025-07-17T16:43:00.000000Z,715.93,716.62,715.66,715.78,1099.39
2025-07-17T16:44:00.000000Z,715.79,715.79,714.53,715.12,597.42
2025-07-17T16:45:00.000000Z,715.12,715.12,714.23,714.78,637.33
2025-07-17T16:46:00.000000Z,714.75,715.35,714.02,715.32,571.11
2025-07-17T16:47:00.000000Z,715.32,715.4,714.46,714.46,273.38
2025-07-17T16:48:00.000000Z,714.47,714.66,713.84,714.65,918.96
2025-07-17T16:49:00.000000Z,714.61,714.99,714.29,714.61,580.99
2025-07-17T16:50:00.000000Z,714.6,716.39,714.6,716.08,634.95
2025-07-17T16:51:00.000000Z,716.09,716.69,716.07,716.45,901.52
2025-07-17T16:52:00.000000Z,716.45,716.45,715.47,715.59,617.46
2025-07-17T16:53:00.000000Z,715.59,716.5,715.59,716.0,310.41
2025-07-17T16:54:00.000000Z,716.0,716.0,715.12,715.13,435.33
2025-07-17T16:55:00.000000Z,715.12,715.15,714.4,714.44,358.33
2025-07-17T16:56:00.000000Z,714.44,715.21,714.21,715.21,545.11
2025-07-17T16:57:00.000000Z,715.21,715.81,715.19,715.8,208.91
2025-07-17T16:58:00.000000Z,715.8,716.04,715.4,716.01,352.61
2025-07-17T16:59:00.000000Z,716.02,716.14,715.91,716.07,155.34
2025-07-17T17:00:00.000000Z,716.08,716.17,715.84,715.99,366.3
2025-07-17T17:01:00.000000Z,715.98,716.24,715.97,715.99,175.09
2025-07-17T17:02:00.000000Z,715.99,716.1,715.32,715.74,317.92
2025-07-17T17:03:00.000000Z,715.75,716.29,715.74,715.81,290.27
2025-07-17T17:04:00.000000Z,715.83,715.89,715.5,715.5,223.29
2025-07-17T17:05:00.000000Z,715.51,715.85,715.42,715.61,258.28
2025-07-17T17:06:00.000000Z,715.61,716.96,715.61,716.96,317.05
2025-07-17T17:07:00.000000Z,716.96,717.44,716.73,716.93,956.89
2025-07-17T17:08:00.000000Z,716.93,717.63,716.93,717.4,383.8
2025-07-17T17:09:00.000000Z,717.4,717.58,717.26,717.52,328.06
2025-07-17T17:10:00.000000Z,717.51,717.59,717.35,717.56,325.24
2025-07-17T17:11:00.000000Z,717.56,717.64,717.39,717.5,424.71
2025-07-17T17:12:00.000000Z,717.5,717.5,717.0,717.38,333.96
2025-07-17T17:13:00.000000Z,717.39,717.68,717.38,717.47,348.37
2025-07-17T17:14:00.000000Z,717.47,718.16,717.23,717.41,563.26
2025-07-17T17:15:00.000000Z,717.4,717.48,717.16,717.32,210.37
2025-07-17T17:16:00.000000Z,717.32,717.32,717.07,717.07,306.67
2025-07-17T17:17:00.000000Z,717.08,717.5,716.99,717.32,515.76
2025-07-17T17:18:00.000000Z,717.33,717.33,716.91,717.27,189.91
2025-07-17T17:19:00.000000Z,717.28,717.49,716.87,716.89,193.96
2025-07-17T17:20:00.000000Z,716.89,717.03,716.23,716.24,446.98
2025-07-17T17:21:00.000000Z,716.24,716.24,715.55,715.55,155.29
2025-07-17T17:22:00.000000Z,715.55,715.96,715.24,715.95,332.38
2025-07-17T17:23:00.000000Z,715.95,716.09,715.56,715.56,214.81
2025-07-17T17:24:00.000000Z,715.56,716.22,715.56,716.22,154.03
2025-07-17T17:25:00.000000Z,716.22,716.68,716.0,716.1,204.94
2025-07-17T17:26:00.000000Z,716.11,716.46,716.03,716.03,366.03
2025-07-17T17:27:00.000000Z,716.03,716.32,715.7,716.12,309.46
2025-07-17T17:28:00.000000Z,716.12,716.42,715.93,716.24,337.78
2025-07-17T17:29:00.000000Z,716.21,716.21,715.96,715.96,274.67
2025-07-17T17:30:00.000000Z,715.97,717.63,715.97,717.41,1802.31
2025-07-17T17:31:00.000000Z,717.42,717.51,716.29,716.46,920.77
2025-07-17T17:32:00.000000Z,716.49,716.49,715.5,715.69,417.05
2025-07-17T17:33:00.000000Z,715.7,716.11,715.53,716.05,327.29
2025-07-17T17:34:00.000000Z,716.06,716.12,714.73,715.75,1492.78
2025-07-17T17:35:00.000000Z,715.75,716.14,715.48,715.48,204.13
2025-07-17T17:36:00.000000Z,715.49,716.09,715.23,715.32,315.08
2025-07-17T17:37:00.000000Z,715.33,715.64,715.12,715.64,176.84
2025-07-17T17:38:00.000000Z,715.64,715.72,715.25,715.26,158.2
2025-07-17T17:39:00.000000Z,715.25,715.25,714.33,714.38,252.28
2025-07-17T17:40:00.000000Z,714.37,714.37,714.01,714.15,312.44
2025-07-17T17:41:00.000000Z,714.15,714.87,714.15,714.87,317.07
2025-07-17T17:42:00.000000Z,714.86,715.47,714.86,715.47,226.18
2025-07-17T17:43:00.000000Z,715.47,715.96,715.47,715.61,268.25
2025-07-17T17:44:00.000000Z,715.62,715.97,715.62,715.92,216.71
2025-07-17T17:45:00.000000Z,715.92,715.92,715.34,715.37,271.06
2025-07-17T17:46:00.000000Z,715.36,716.24,715.36,716.05,230.34
2025-07-17T17:47:00.000000Z,716.06,716.86,716.06,716.78,292.23
2025-07-17T17:48:00.000000Z,716.79,718.25,716.79,717.61,1177.96
2025-07-17T17:49:00.000000Z,717.61,717.73,717.39,717.73,291.31
2025-07-17T17:50:00.000000Z,717.75,718.16,717.64,718.15,674.83
2025-07-17T17:51:00.000000Z,718.15,718.4,718.05,718.28,345.57
2025-07-17T17:52:00.000000Z,718.28,718.49,718.05,718.05,373.83
2025-07-17T17:53:00.000000Z,718.05,718.57,717.65,718.48,355.2
2025-07-17T17:54:00.000000Z,718.49,718.6,718.28,718.36,116.22
2025-07-17T17:55:00.000000Z,718.37,718.86,718.37,718.86,228.41
2025-07-17T17:56:00.000000Z,718.86,719.57,718.85,719.56,526.22
2025-07-17T17:57:00.000000Z,719.57,719.58,718.99,719.57,624.72
2025-07-17T17:58:00.000000Z,719.57,719.76,719.39,719.74,398.1
2025-07-17T17:59:00.000000Z,719.75,719.77,718.81,719.27,1193.99
2025-07-17T18:00:00.000000Z,719.28,719.82,719.27,719.63,470.82
2025-07-17T18:01:00.000000Z,719.63,719.74,719.33,719.34,202.81
2025-07-17T18:02:00.000000Z,719.34,719.52,718.89,718.89,297.07
2025-07-17T18:03:00.000000Z,718.9,718.97,718.35,718.97,360.28
2025-07-17T18:04:00.000000Z,718.96,718.96,718.44,718.67,187.7
2025-07-17T18:05:00.000000Z,718.66,718.79,718.51,718.71,341.75
2025-07-17T18:06:00.000000Z,718.71,718.72,718.5,718.5,226.09
2025-07-17T18:07:00.000000Z,718.51,718.86,718.5,718.86,155.27
2025-07-17T18:08:00.000000Z,718.86,719.28,718.85,719.18,222.86
2025-07-17T18:09:00.000000Z,719.19,719.24,718.86,718.93,283.01
2025-07-17T18:10:00.000000Z,718.89,718.89,718.04,718.05,223.11
2025-07-17T18:11:00.000000Z,718.06,718.12,717.59,717.6,412.13
2025-07-17T18:12:00.000000Z,717.6,717.91,717.47,717.78,203.29
2025-07-17T18:13:00.000000Z,717.77,717.91,717.64,717.91,87.92
2025-07-17T18:14:00.000000Z,717.9,717.91,717.68,717.84,164.23
2025-07-17T18:15:00.000000Z,717.84,718.23,717.84,718.09,178.18
2025-07-17T18:16:00.000000Z,718.08,718.69,718.04,718.5,199.57
2025-07-17T18:17:00.000000Z,718.5,718.84,718.49,718.74,124.88
2025-07-17T18:18:00.000000Z,718.74,719.03,718.6,719.02,107.92
2025-07-17T18:19:00.000000Z,719.02,719.36,719.02,719.28,157.35
2025-07-17T18:20:00.000000Z,719.28,719.71,719.18,719.7,178.41
2025-07-17T18:21:00.000000Z,719.7,719.91,719.67,719.91,232.92
2025-07-17T18:22:00.000000Z,719.91,720.17,719.9,720.08,536.95
2025-07-17T18:23:00.000000Z,720.07,720.08,719.86,719.88,208.73
2025-07-17T18:24:00.000000Z,719.89,719.92,719.81,719.83,109.05
2025-07-17T18:25:00.000000Z,719.83,719.83,719.28,719.5,370.11
2025-07-17T18:26:00.000000Z,719.49,719.92,719.23,719.78,168.5
2025-07-17T18:27:00.000000Z,719.78,720.1,719.78,720.03,115.18
2025-07-17T18:28:00.000000Z,720.02,720.49,720.02,720.41,498.21
2025-07-17T18:29:00.000000Z,720.41,720.61,720.34,720.34,147.49
2025-07-17T18:30:00.000000Z,720.35,720.61,720.34,720.61,121.91
2025-07-17T18:31:00.000000Z,720.61,720.61,720.34,720.5,207.6
2025-07-17T18:32:00.000000Z,720.51,720.7,720.5,720.69,92.07
2025-07-17T18:33:00.000000Z,720.7,720.7,720.4,720.5,265.77
2025-07-17T18:34:00.000000Z,720.51,720.63,720.51,720.61,281.91
2025-07-17T18:35:00.000000Z,720.62,720.62,720.16,720.17,412.71
2025-07-17T18:36:00.000000Z,720.17,720.36,719.92,719.95,180.66
2025-07-17T18:37:00.000000Z,719.95,719.96,719.73,719.85,77.34
2025-07-17T18:38:00.000000Z,719.86,720.13,719.85,720.13,177.11
2025-07-17T18:39:00.000000Z,720.14,720.14,719.89,719.89,120.69
2025-07-17T18:40:00.000000Z,719.89,719.9,719.54,719.82,201.12
2025-07-17T18:41:00.000000Z,719.83,720.38,719.83,720.28,256.03
2025-07-17T18:42:00.000000Z,720.29,720.29,719.8,719.8,53.72
2025-07-17T18:43:00.000000Z,719.8,720.0,719.74,719.92,145.47
2025-07-17T18:44:00.000000Z,719.91,719.91,719.53,719.6,278.4
2025-07-17T18:45:00.000000Z,719.65,719.92,719.51,719.58,369.7
2025-07-17T18:46:00.000000Z,719.58,719.74,719.15,719.74,227.17
2025-07-17T18:47:00.000000Z,719.74,720.16,719.73,720.15,156.47
2025-07-17T18:48:00.000000Z,720.16,720.29,719.88,720.25,269.81
2025-07-17T18:49:00.000000Z,720.25,720.55,720.25,720.49,189.9
2025-07-17T18:50:00.000000Z,720.5,720.79,720.5,720.78,161.69
2025-07-17T18:51:00.000000Z,720.78,720.86,720.67,720.67,141.85
2025-07-17T18:52:00.000000Z,720.65,720.8,720.43,720.47,174.02
2025-07-17T18:53:00.000000Z,720.47,720.61,720.37,720.55,117.99
2025-07-17T18:54:00.000000Z,720.56,720.67,720.54,720.66,160.0
2025-07-17T18:55:00.000000Z,720.66,720.67,720.4,720.62,116.8
2025-07-17T18:56:00.000000Z,720.61,720.61,720.44,720.57,93.54
2025-07-17T18:57:00.000000Z,720.58,720.8,720.57,720.8,84.75
2025-07-17T18:58:00.000000Z,720.8,720.81,720.74,720.75,81.1
2025-07-17T18:59:00.000000Z,720.75,720.75,720.47,720.47,78.82
2025-07-17T19:00:00.000000Z,720.47,720.56,720.24,720.24,157.98
2025-07-17T19:01:00.000000Z,720.25,720.35,720.21,720.22,151.51
2025-07-17T19:02:00.000000Z,720.23,720.47,720.22,720.28,221.0
2025-07-17T19:03:00.000000Z,720.28,720.29,720.14,720.25,397.04
2025-07-17T19:04:00.000000Z,720.26,720.31,720.23,720.24,123.61
2025-07-17T19:05:00.000000Z,720.24,720.24,719.78,720.06,295.45
2025-07-17T19:06:00.000000Z,720.07,720.16,719.96,719.97,272.4
2025-07-17T19:07:00.000000Z,719.96,720.34,719.96,720.17,187.61
2025-07-17T19:08:00.000000Z,720.17,720.43,720.16,720.42,86.11
2025-07-17T19:09:00.000000Z,720.43,720.6,720.33,720.51,91.77
2025-07-17T19:10:00.000000Z,720.51,720.59,720.36,720.37,101.3
2025-07-17T19:11:00.000000Z,720.36,720.37,719.93,719.96,121.59
2025-07-17T19:12:00.000000Z,719.97,720.27,719.96,720.27,270.51
2025-07-17T19:13:00.000000Z,720.27,720.27,720.08,720.26,220.87
2025-07-17T19:14:00.000000Z,720.27,720.37,720.16,720.2,307.33
2025-07-17T19:15:00.000000Z,720.2,720.2,719.89,720.07,119.83
2025-07-17T19:16:00.000000Z,720.07,720.43,720.06,720.42,194.82
2025-07-17T19:17:00.000000Z,720.43,720.7,720.3,720.59,191.83
2025-07-17T19:18:00.000000Z,720.6,720.71,720.35,720.44,377.63
2025-07-17T19:19:00.000000Z,720.41,720.7,720.4,720.7,106.37
2025-07-17T19:20:00.000000Z,720.7,720.74,720.49,720.74,211.1
2025-07-17T19:21:00.000000Z,720.74,720.74,720.56,720.61,127.02
2025-07-17T19:22:00.000000Z,720.61,720.61,720.38,720.39,175.92
2025-07-17T19:23:00.000000Z,720.4,720.4,719.8,719.91,211.8
2025-07-17T19:24:00.000000Z,719.92,720.09,719.91,720.08,472.33
2025-07-17T19:25:00.000000Z,720.08,720.08,719.67,719.82,85.71
2025-07-17T19:26:00.000000Z,719.84,720.16,719.84,720.08,85.98
2025-07-17T19:27:00.000000Z,720.07,720.12,719.85,719.85,117.5
2025-07-17T19:28:00.000000Z,719.84,720.16,719.84,720.12,88.91
2025-07-17T19:29:00.000000Z,720.12,720.13,719.99,719.99,56.64
2025-07-17T19:30:00.000000Z,719.99,720.34,719.99,720.23,85.7
2025-07-17T19:31:00.000000Z,720.22,720.61,720.22,720.61,756.29
2025-07-17T19:32:00.000000Z,720.61,720.76,720.41,720.41,134.41
2025-07-17T19:33:00.000000Z,720.42,720.72,720.3,720.72,227.37
2025-07-17T19:34:00.000000Z,720.72,720.72,720.52,720.69,170.82
2025-07-17T19:35:00.000000Z,720.68,720.82,720.58,720.58,94.28
2025-07-17T19:36:00.000000Z,720.59,720.59,720.4,720.52,188.41
2025-07-17T19:37:00.000000Z,720.51,720.58,720.47,720.5,50.61
2025-07-17T19:38:00.000000Z,720.51,720.62,720.32,720.62,174.34
2025-07-17T19:39:00.000000Z,720.62,720.62,720.32,720.32,144.26
2025-07-17T19:40:00.000000Z,720.33,720.46,720.12,720.45,142.51
2025-07-17T19:41:00.000000Z,720.45,720.71,720.45,720.7,148.59
2025-07-17T19:42:00.000000Z,720.71,720.94,720.32,720.38,469.25
2025-07-17T19:43:00.000000Z,720.39,720.68,720.35,720.35,229.58
2025-07-17T19:44:00.000000Z,720.35,720.35,720.03,720.26,131.48
2025-07-17T19:45:00.000000Z,720.26,720.26,719.0,719.16,968.35
2025-07-17T19:46:00.000000Z,719.16,719.16,718.8,719.07,502.85
2025-07-17T19:47:00.000000Z,719.08,719.08,718.7,718.88,302.1
2025-07-17T19:48:00.000000Z,718.87,718.87,718.29,718.33,504.18
2025-07-17T19:49:00.000000Z,718.32,718.91,718.08,718.9,602.42
2025-07-17T19:50:00.000000Z,718.9,718.91,718.5,718.82,412.73
2025-07-17T19:51:00.000000Z,718.81,719.16,718.72,718.84,546.34
2025-07-17T19:52:00.000000Z,718.83,719.17,718.58,718.58,466.71
2025-07-17T19:53:00.000000Z,718.59,718.93,718.51,718.55,601.33
2025-07-17T19:54:00.000000Z,718.58,718.84,718.05,718.05,468.5
2025-07-17T19:55:00.000000Z,718.05,718.05,716.41,716.42,2120.27
2025-07-17T19:56:00.000000Z,716.43,716.55,716.0,716.07,1161.66
2025-07-17T19:57:00.000000Z,716.06,716.4,715.42,716.29,885.96
2025-07-17T19:58:00.000000Z,716.36,716.41,715.26,715.91,1843.2
2025-07-17T19:59:00.000000Z,715.9,716.03,715.43,715.84,604.46
2025-07-17T20:00:00.000000Z,715.83,716.23,715.6,715.77,558.45
2025-07-17T20:01:00.000000Z,715.75,715.75,714.83,714.86,835.36
2025-07-17T20:02:00.000000Z,714.86,715.13,714.1,714.87,1794.94
2025-07-17T20:03:00.000000Z,714.86,715.04,714.36,714.44,732.65
2025-07-17T20:04:00.000000Z,714.43,714.64,714.17,714.3,510.27
2025-07-17T20:05:00.000000Z,714.3,714.3,712.6,712.82,4237.35
2025-07-17T20:06:00.000000Z,712.81,713.33,712.5,712.92,2216.45
2025-07-17T20:07:00.000000Z,712.92,713.46,711.72,712.83,4111.01
2025-07-17T20:08:00.000000Z,712.8,712.88,711.83,712.21,842.05
2025-07-17T20:09:00.000000Z,712.21,712.44,711.0,711.52,3032.55
2025-07-17T20:10:00.000000Z,711.54,713.35,711.43,713.34,1495.41
2025-07-17T20:11:00.000000Z,713.34,714.07,712.84,714.07,1222.82
2025-07-17T20:12:00.000000Z,714.07,714.68,713.92,714.37,599.82
2025-07-17T20:13:00.000000Z,714.38,714.7,714.09,714.69,412.96
2025-07-17T20:14:00.000000Z,714.7,714.95,713.96,713.99,854.87
2025-07-17T20:15:00.000000Z,713.99,714.66,713.84,714.43,452.95
2025-07-17T20:16:00.000000Z,714.44,714.66,713.9,713.9,393.72
2025-07-17T20:17:00.000000Z,713.91,714.57,713.71,714.56,376.33
2025-07-17T20:18:00.000000Z,714.57,714.57,713.98,713.98,231.9
2025-07-17T20:19:00.000000Z,713.98,714.29,713.25,713.87,331.05
2025-07-17T20:20:00.000000Z,713.86,713.88,711.89,711.92,2100.82
2025-07-17T20:21:00.000000Z,711.94,713.65,711.65,713.49,872.3
2025-07-17T20:22:00.000000Z,713.45,713.45,711.84,711.84,1145.2
2025-07-17T20:23:00.000000Z,711.83,712.68,711.74,712.39,813.71
2025-07-17T20:24:00.000000Z,712.39,713.08,711.74,713.06,817.72
2025-07-17T20:25:00.000000Z,713.07,714.14,712.84,714.01,1301.31
2025-07-17T20:26:00.000000Z,714.01,714.53,713.65,713.81,936.65
2025-07-17T20:27:00.000000Z,713.82,714.02,713.4,713.41,465.83
2025-07-17T20:28:00.000000Z,713.4,713.76,712.8,712.8,596.26
2025-07-17T20:29:00.000000Z,712.8,713.67,712.79,713.53,362.82
2025-07-17T20:30:00.000000Z,713.52,714.49,713.43,714.28,659.68
2025-07-17T20:31:00.000000Z,714.26,714.59,713.99,714.49,395.42
2025-07-17T20:32:00.000000Z,714.49,714.51,714.31,714.35,206.99
2025-07-17T20:33:00.000000Z,714.35,714.51,714.29,714.35,207.07
2025-07-17T20:34:00.000000Z,714.36,714.46,713.1,713.11,302.16
2025-07-17T20:35:00.000000Z,713.12,713.83,713.12,713.78,352.28
2025-07-17T20:36:00.000000Z,713.77,714.39,713.6,714.16,301.77
2025-07-17T20:37:00.000000Z,714.16,714.31,713.99,714.11,406.03
2025-07-17T20:38:00.000000Z,714.1,714.81,714.09,714.81,256.15
2025-07-17T20:39:00.000000Z,714.81,715.01,714.8,715.01,157.91
2025-07-17T20:40:00.000000Z,715.0,715.15,714.65,714.66,377.67
2025-07-17T20:41:00.000000Z,714.66,715.38,714.65,715.38,438.34
2025-07-17T20:42:00.000000Z,715.38,716.02,715.38,715.82,270.94
2025-07-17T20:43:00.000000Z,715.83,715.98,715.63,715.97,118.28
2025-07-17T20:44:00.000000Z,715.97,716.0,715.51,715.51,302.88
2025-07-17T20:45:00.000000Z,715.55,716.38,715.4,716.21,909.37
2025-07-17T20:46:00.000000Z,716.2,716.38,716.04,716.38,375.65
2025-07-17T20:47:00.000000Z,716.37,716.56,716.2,716.48,205.04
2025-07-17T20:48:00.000000Z,716.48,716.55,716.35,716.35,217.77
2025-07-17T20:49:00.000000Z,716.35,716.36,715.11,715.11,494.2
2025-07-17T20:50:00.000000Z,715.11,715.29,714.87,715.18,385.95
2025-07-17T20:51:00.000000Z,715.18,715.72,715.09,715.71,196.59
2025-07-17T20:52:00.000000Z,715.64,715.93,715.4,715.68,130.57
2025-07-17T20:53:00.000000Z,715.67,715.9,715.4,715.89,453.21
2025-07-17T20:54:00.000000Z,715.9,716.0,715.57,715.99,168.18
2025-07-17T20:55:00.000000Z,715.99,716.0,715.56,715.75,169.46
2025-07-17T20:56:00.000000Z,715.75,715.75,715.05,715.12,445.09
2025-07-17T20:57:00.000000Z,715.11,715.43,715.11,715.22,198.98
2025-07-17T20:58:00.000000Z,715.27,715.97,715.24,715.75,230.1
2025-07-17T20:59:00.000000Z,715.76,716.31,715.22,716.31,670.2
2025-07-17T21:00:00.000000Z,716.31,716.97,716.15,716.48,814.84
2025-07-17T21:01:00.000000Z,716.49,717.53,716.4,717.45,606.67
2025-07-17T21:02:00.000000Z,717.45,718.11,717.37,717.99,665.18
2025-07-17T21:03:00.000000Z,717.99,718.42,717.99,718.27,319.91
2025-07-17T21:04:00.000000Z,718.26,718.91,718.26,718.91,701.33
2025-07-17T21:05:00.000000Z,718.91,719.0,718.33,718.7,846.43
2025-07-17T21:06:00.000000Z,718.71,719.44,718.69,719.22,677.79
2025-07-17T21:07:00.000000Z,719.21,720.16,719.01,719.73,1146.01
2025-07-17T21:08:00.000000Z,719.69,720.33,719.69,720.28,567.98
2025-07-17T21:09:00.000000Z,720.28,720.72,720.25,720.25,1214.56
2025-07-17T21:10:00.000000Z,720.32,721.49,720.21,720.78,1245.14
2025-07-17T21:11:00.000000Z,720.78,721.28,720.71,720.71,512.56
2025-07-17T21:12:00.000000Z,720.72,720.72,719.23,719.76,808.74
2025-07-17T21:13:00.000000Z,719.75,719.79,719.22,719.74,694.21
2025-07-17T21:14:00.000000Z,719.73,720.8,719.73,720.8,480.28
2025-07-17T21:15:00.000000Z,720.79,721.68,720.79,721.37,822.98
2025-07-17T21:16:00.000000Z,721.38,721.89,721.37,721.89,494.34
2025-07-17T21:17:00.000000Z,721.89,722.47,721.15,721.42,1367.93
2025-07-17T21:18:00.000000Z,721.41,722.41,721.18,722.39,928.16
2025-07-17T21:19:00.000000Z,722.4,722.4,722.02,722.4,456.41
2025-07-17T21:20:00.000000Z,722.4,722.99,721.96,722.77,922.55
2025-07-17T21:21:00.000000Z,722.76,722.82,722.53,722.68,361.99
2025-07-17T21:22:00.000000Z,722.68,723.17,722.67,723.17,698.53
2025-07-17T21:23:00.000000Z,723.16,723.75,723.16,723.75,596.76
2025-07-17T21:24:00.000000Z,723.76,724.21,723.33,723.35,880.26
2025-07-17T21:25:00.000000Z,723.35,723.36,721.92,722.22,705.86
2025-07-17T21:26:00.000000Z,722.23,723.59,722.23,722.89,870.16
2025-07-17T21:27:00.000000Z,722.88,723.26,722.02,722.78,881.09
2025-07-17T21:28:00.000000Z,722.72,723.27,722.18,723.27,502.64
2025-07-17T21:29:00.000000Z,723.28,723.92,723.28,723.92,406.51
2025-07-17T21:30:00.000000Z,723.92,724.0,723.36,723.65,729.24
2025-07-17T21:31:00.000000Z,723.6,723.7,722.9,723.18,418.69
2025-07-17T21:32:00.000000Z,723.2,723.57,722.68,723.2,630.11
2025-07-17T21:33:00.000000Z,723.21,723.51,722.88,723.12,480.33
2025-07-17T21:34:00.000000Z,723.13,723.57,722.83,723.5,271.56
2025-07-17T21:35:00.000000Z,723.49,723.49,720.4,720.51,1282.4
2025-07-17T21:36:00.000000Z,720.51,721.03,720.37,720.46,919.32
2025-07-17T21:37:00.000000Z,720.45,720.46,718.99,719.49,781.81
2025-07-17T21:38:00.000000Z,719.49,721.47,719.49,721.47,953.45
2025-07-17T21:39:00.000000Z,721.46,721.9,720.38,721.86,979.27
2025-07-17T21:40:00.000000Z,721.86,722.6,721.65,722.6,565.67
2025-07-17T21:41:00.000000Z,722.6,722.92,722.59,722.74,805.41
2025-07-17T21:42:00.000000Z,722.74,723.13,722.74,722.94,489.67
2025-07-17T21:43:00.000000Z,722.93,722.93,722.75,722.82,143.79
2025-07-17T21:44:00.000000Z,722.82,723.2,722.82,723.19,173.4
2025-07-17T21:45:00.000000Z,723.19,724.21,723.19,724.2,321.77
2025-07-17T21:46:00.000000Z,724.21,724.21,723.6,723.6,564.48
2025-07-17T21:47:00.000000Z,723.6,723.6,722.79,723.22,249.74
2025-07-17T21:48:00.000000Z,723.23,723.63,723.22,723.63,136.28
2025-07-17T21:49:00.000000Z,723.63,723.63,723.17,723.17,144.18
2025-07-17T21:50:00.000000Z,723.18,723.49,723.08,723.46,257.13
2025-07-17T21:51:00.000000Z,723.46,723.55,723.33,723.55,223.05
2025-07-17T21:52:00.000000Z,723.55,723.89,723.55,723.75,238.43
2025-07-17T21:53:00.000000Z,723.76,724.17,723.61,724.16,237.19
2025-07-17T21:54:00.000000Z,724.16,724.17,723.72,723.96,314.72
2025-07-17T21:55:00.000000Z,723.96,724.21,723.95,724.11,205.34
2025-07-17T21:56:00.000000Z,724.12,724.13,723.91,723.98,151.92
2025-07-17T21:57:00.000000Z,723.99,724.0,723.75,723.85,199.64
2025-07-17T21:58:00.000000Z,723.85,723.9,723.18,723.87,617.29
2025-07-17T21:59:00.000000Z,723.81,723.96,723.54,723.58,385.49
2025-07-17T22:00:00.000000Z,723.58,723.85,723.16,723.38,942.34
2025-07-17T22:01:00.000000Z,723.39,724.58,723.38,724.57,1086.27
2025-07-17T22:02:00.000000Z,724.58,724.83,723.8,724.25,783.82
2025-07-17T22:03:00.000000Z,724.25,724.41,724.05,724.4,432.28
2025-07-17T22:04:00.000000Z,724.4,724.43,724.08,724.22,264.48
2025-07-17T22:05:00.000000Z,724.22,724.24,723.44,723.51,595.04
2025-07-17T22:06:00.000000Z,723.51,723.75,723.48,723.66,393.65
2025-07-17T22:07:00.000000Z,723.66,724.43,723.66,724.42,215.76
2025-07-17T22:08:00.000000Z,724.43,724.68,724.28,724.46,340.29
2025-07-17T22:09:00.000000Z,724.47,724.94,724.46,724.92,340.45
2025-07-17T22:10:00.000000Z,724.92,724.96,724.73,724.76,320.01
2025-07-17T22:11:00.000000Z,724.76,724.96,724.54,724.88,407.85
2025-07-17T22:12:00.000000Z,724.88,725.17,724.88,725.12,807.48
2025-07-17T22:13:00.000000Z,725.11,725.29,724.97,725.28,247.2
2025-07-17T22:14:00.000000Z,725.28,725.43,725.2,725.2,436.36
2025-07-17T22:15:00.000000Z,725.2,725.25,724.79,725.2,271.47
2025-07-17T22:16:00.000000Z,725.2,725.2,724.88,725.1,259.78
2025-07-17T22:17:00.000000Z,725.1,725.52,725.09,725.4,216.05
2025-07-17T22:18:00.000000Z,725.39,725.4,725.15,725.25,328.72
2025-07-17T22:19:00.000000Z,725.25,725.51,725.2,725.25,298.21
2025-07-17T22:20:00.000000Z,725.27,725.28,724.25,724.25,395.35
2025-07-17T22:21:00.000000Z,724.25,724.46,724.15,724.28,284.0
2025-07-17T22:22:00.000000Z,724.27,724.43,724.14,724.31,342.24
2025-07-17T22:23:00.000000Z,724.32,724.46,724.18,724.18,101.13
2025-07-17T22:24:00.000000Z,724.18,724.34,723.93,723.93,131.71
2025-07-17T22:25:00.000000Z,723.93,724.44,723.93,724.14,294.42
2025-07-17T22:26:00.000000Z,724.14,724.27,724.05,724.11,156.88
2025-07-17T22:27:00.000000Z,724.12,724.23,724.03,724.17,176.47
2025-07-17T22:28:00.000000Z,724.18,724.36,724.07,724.07,172.96
2025-07-17T22:29:00.000000Z,724.05,724.21,723.93,724.11,176.57
2025-07-17T22:30:00.000000Z,724.12,724.31,724.03,724.08,149.48
2025-07-17T22:31:00.000000Z,724.08,724.27,723.86,724.27,206.1
2025-07-17T22:32:00.000000Z,724.27,724.39,724.22,724.35,229.91
2025-07-17T22:33:00.000000Z,724.36,724.8,724.36,724.79,225.16
2025-07-17T22:34:00.000000Z,724.8,725.04,724.8,724.84,228.15
2025-07-17T22:35:00.000000Z,724.84,725.2,724.84,725.16,337.99
2025-07-17T22:36:00.000000Z,725.16,725.46,725.06,725.12,224.0
2025-07-17T22:37:00.000000Z,725.13,725.24,725.13,725.23,69.55
2025-07-17T22:38:00.000000Z,725.23,725.23,725.07,725.18,202.47
2025-07-17T22:39:00.000000Z,725.19,725.19,725.05,725.05,202.96
2025-07-17T22:40:00.000000Z,725.06,725.19,724.99,725.08,167.9
2025-07-17T22:41:00.000000Z,725.09,725.09,725.08,725.08,31.35
2025-07-17T22:42:00.000000Z,725.08,725.08,724.86,724.86,124.56
2025-07-17T22:43:00.000000Z,724.87,725.04,724.62,725.04,484.88
2025-07-17T22:44:00.000000Z,725.03,725.23,724.86,724.92,269.05
2025-07-17T22:45:00.000000Z,724.92,725.74,724.92,725.71,363.51
2025-07-17T22:46:00.000000Z,725.7,725.94,725.66,725.68,558.5
2025-07-17T22:47:00.000000Z,725.68,726.24,725.64,725.76,941.26
2025-07-17T22:48:00.000000Z,725.76,725.77,725.2,725.21,255.63
2025-07-17T22:49:00.000000Z,725.2,725.21,724.7,724.88,399.13
2025-07-17T22:50:00.000000Z,724.89,724.89,724.17,724.19,341.8
2025-07-17T22:51:00.000000Z,724.19,724.23,723.14,723.41,1263.05
2025-07-17T22:52:00.000000Z,723.42,723.64,723.38,723.45,286.33
2025-07-17T22:53:00.000000Z,723.47,723.48,722.72,722.98,1442.82
2025-07-17T22:54:00.000000Z,722.98,723.39,722.8,723.0,2623.29
2025-07-17T22:55:00.000000Z,723.01,723.41,722.73,723.41,276.92
2025-07-17T22:56:00.000000Z,723.43,723.43,723.13,723.38,273.96
2025-07-17T22:57:00.000000Z,723.38,723.43,723.25,723.25,246.22
2025-07-17T22:58:00.000000Z,723.26,723.71,723.25,723.57,152.58
2025-07-17T22:59:00.000000Z,723.57,723.96,723.56,723.95,116.3
2025-07-17T23:00:00.000000Z,723.96,724.12,723.79,723.88,611.29
2025-07-17T23:01:00.000000Z,723.88,724.51,723.87,724.17,405.91
2025-07-17T23:02:00.000000Z,724.16,724.21,723.38,723.57,298.78
2025-07-17T23:03:00.000000Z,723.57,723.65,723.4,723.57,237.42
2025-07-17T23:04:00.000000Z,723.56,723.67,723.23,723.23,420.81
2025-07-17T23:05:00.000000Z,723.24,723.24,721.42,721.48,1059.46
2025-07-17T23:06:00.000000Z,721.48,722.2,721.44,721.96,557.77
2025-07-17T23:07:00.000000Z,721.96,722.75,721.95,722.75,292.84
2025-07-17T23:08:00.000000Z,722.74,722.95,722.31,722.74,235.67
2025-07-17T23:09:00.000000Z,722.75,723.32,722.55,722.55,234.11
2025-07-17T23:10:00.000000Z,722.53,722.86,722.16,722.44,216.09
2025-07-17T23:11:00.000000Z,722.44,722.44,722.16,722.3,190.24
2025-07-17T23:12:00.000000Z,722.32,722.78,722.32,722.64,254.87
2025-07-17T23:13:00.000000Z,722.64,722.92,722.21,722.91,257.77
2025-07-17T23:14:00.000000Z,722.83,723.2,722.73,722.84,204.26
2025-07-17T23:15:00.000000Z,722.84,724.48,722.8,724.48,650.03
2025-07-17T23:16:00.000000Z,724.48,725.2,724.33,724.89,525.51
2025-07-17T23:17:00.000000Z,724.89,725.4,724.43,724.97,823.11
2025-07-17T23:18:00.000000Z,724.98,725.4,724.72,724.84,525.01
2025-07-17T23:19:00.000000Z,724.85,725.16,724.15,724.15,433.54
2025-07-17T23:20:00.000000Z,724.16,725.24,724.16,724.87,272.08
2025-07-17T23:21:00.000000Z,724.88,725.3,724.68,724.68,206.29
2025-07-17T23:22:00.000000Z,724.68,724.75,724.14,724.38,222.81
2025-07-17T23:23:00.000000Z,724.37,724.37,723.63,724.27,370.97
2025-07-17T23:24:00.000000Z,724.27,724.76,723.64,724.73,498.22
2025-07-17T23:25:00.000000Z,724.7,724.7,723.35,723.6,417.99
2025-07-17T23:26:00.000000Z,723.59,724.0,723.59,723.73,214.02
2025-07-17T23:27:00.000000Z,723.75,723.84,722.86,723.32,423.09
2025-07-17T23:28:00.000000Z,723.31,723.61,723.29,723.61,445.09
2025-07-17T23:29:00.000000Z,723.61,723.73,723.36,723.73,242.34
2025-07-17T23:30:00.000000Z,723.74,723.74,723.2,723.2,265.94
2025-07-17T23:31:00.000000Z,723.21,723.53,723.12,723.24,166.77
2025-07-17T23:32:00.000000Z,723.24,723.25,722.72,723.11,147.38
2025-07-17T23:33:00.000000Z,723.11,723.8,723.0,723.01,390.89
2025-07-17T23:34:00.000000Z,723.01,723.23,722.6,722.61,280.72
2025-07-17T23:35:00.000000Z,722.61,723.05,722.28,722.88,327.98
2025-07-17T23:36:00.000000Z,722.83,722.83,722.28,722.42,332.0
2025-07-17T23:37:00.000000Z,722.42,723.0,722.42,722.76,321.51
2025-07-17T23:38:00.000000Z,722.76,723.48,722.44,723.47,358.9
2025-07-17T23:39:00.000000Z,723.48,723.48,723.08,723.15,162.14
2025-07-17T23:40:00.000000Z,723.15,723.5,723.15,723.49,309.0
2025-07-17T23:41:00.000000Z,723.5,724.0,723.49,723.64,515.56
2025-07-17T23:42:00.000000Z,723.64,723.76,723.09,723.15,767.45
2025-07-17T23:43:00.000000Z,723.15,723.26,723.0,723.08,205.12
2025-07-17T23:44:00.000000Z,723.08,723.36,723.0,723.0,350.48
2025-07-17T23:45:00.000000Z,723.01,723.01,722.61,723.0,792.35
2025-07-17T23:46:00.000000Z,723.0,723.29,723.0,723.12,83.48
2025-07-17T23:47:00.000000Z,723.13,723.42,723.0,723.01,403.68
2025-07-17T23:48:00.000000Z,723.01,723.46,722.86,722.86,118.56
2025-07-17T23:49:00.000000Z,722.86,722.97,722.21,722.43,191.38
2025-07-17T23:50:00.000000Z,722.43,722.44,721.72,722.14,276.05
2025-07-17T23:51:00.000000Z,722.15,722.17,721.79,721.79,144.88
2025-07-17T23:52:00.000000Z,721.78,721.79,721.51,721.56,179.92
2025-07-17T23:53:00.000000Z,721.55,722.04,721.55,722.04,97.54
2025-07-17T23:54:00.000000Z,722.03,722.12,721.72,721.8,243.79
2025-07-17T23:55:00.000000Z,721.8,721.84,721.0,721.01,611.7
2025-07-17T23:56:00.000000Z,721.0,721.01,720.43,720.92,495.75
2025-07-17T23:57:00.000000Z,720.92,721.2,720.92,721.15,142.6
2025-07-17T23:58:00.000000Z,721.15,721.16,720.82,720.96,314.32
2025-07-17T23:59:00.000000Z,720.96,721.11,720.72,721.11,191.34
2025-07-18T00:00:00.000000Z,721.1,721.63,721.1,721.24,417.81
2025-07-18T00:01:00.000000Z,721.23,721.32,720.8,721.02,242.46
2025-07-18T00:02:00.000000Z,721.02,721.37,720.73,721.2,381.35
2025-07-18T00:03:00.000000Z,721.2,722.16,721.2,722.14,317.1
2025-07-18T00:04:00.000000Z,722.16,722.97,722.07,722.97,419.64
2025-07-18T00:05:00.000000Z,722.98,723.12,722.79,722.81,501.88
2025-07-18T00:06:00.000000Z,722.81,722.81,722.14,722.35,382.28
2025-07-18T00:07:00.000000Z,722.35,722.5,721.95,721.95,252.6
2025-07-18T00:08:00.000000Z,721.93,721.99,720.4,720.77,1451.37
2025-07-18T00:09:00.000000Z,720.76,721.33,720.65,721.21,392.96
2025-07-18T00:10:00.000000Z,721.22,721.33,720.61,720.61,457.85
2025-07-18T00:11:00.000000Z,720.62,721.0,720.52,720.63,849.13
2025-07-18T00:12:00.000000Z,720.62,720.62,720.1,720.35,559.1
2025-07-18T00:13:00.000000Z,720.35,721.04,720.24,720.79,340.78
2025-07-18T00:14:00.000000Z,720.8,721.04,720.68,720.91,342.63
2025-07-18T00:15:00.000000Z,720.91,721.28,720.82,721.2,351.65
2025-07-18T00:16:00.000000Z,721.21,721.76,721.19,721.32,360.0
2025-07-18T00:17:00.000000Z,721.32,721.32,720.9,720.93,276.55
2025-07-18T00:18:00.000000Z,720.94,721.32,720.67,720.67,124.15
2025-07-18T00:19:00.000000Z,720.66,721.23,720.66,721.23,227.95
2025-07-18T00:20:00.000000Z,721.23,721.93,721.14,721.93,250.75
2025-07-18T00:21:00.000000Z,721.93,722.69,721.93,722.69,231.29
2025-07-18T00:22:00.000000Z,722.69,723.25,722.65,723.25,299.69
2025-07-18T00:23:00.000000Z,723.26,723.26,722.52,722.52,247.37
2025-07-18T00:24:00.000000Z,722.52,722.72,722.37,722.42,185.76
2025-07-18T00:25:00.000000Z,722.41,722.41,721.99,722.11,314.37
2025-07-18T00:26:00.000000Z,722.12,722.28,721.89,722.13,133.36
2025-07-18T00:27:00.000000Z,722.14,723.36,722.14,723.36,319.54
2025-07-18T00:28:00.000000Z,723.37,723.7,723.22,723.46,520.26
2025-07-18T00:29:00.000000Z,723.46,723.68,723.19,723.19,215.34
2025-07-18T00:30:00.000000Z,723.18,723.71,723.04,723.71,191.39
2025-07-18T00:31:00.000000Z,723.71,723.71,723.36,723.6,328.96
2025-07-18T00:32:00.000000Z,723.61,723.72,723.11,723.62,211.82
2025-07-18T00:33:00.000000Z,723.62,724.48,723.57,724.45,263.05
2025-07-18T00:34:00.000000Z,724.44,724.48,724.09,724.2,180.35
2025-07-18T00:35:00.000000Z,724.24,724.94,724.24,724.82,275.55
2025-07-18T00:36:00.000000Z,724.82,724.98,724.64,724.65,284.79
2025-07-18T00:37:00.000000Z,724.65,725.0,724.52,724.52,291.52
2025-07-18T00:38:00.000000Z,724.53,725.48,724.53,725.37,575.83
2025-07-18T00:39:00.000000Z,725.36,725.46,725.1,725.21,173.07
2025-07-18T00:40:00.000000Z,725.22,725.3,725.01,725.13,202.73
2025-07-18T00:41:00.000000Z,725.13,725.23,725.01,725.06,249.53
2025-07-18T00:42:00.000000Z,725.05,725.25,724.91,725.2,670.91
2025-07-18T00:43:00.000000Z,725.19,725.25,725.0,725.16,198.08
2025-07-18T00:44:00.000000Z,725.16,726.05,725.15,725.99,706.35
2025-07-18T00:45:00.000000Z,726.0,726.71,725.92,726.6,1098.37
2025-07-18T00:46:00.000000Z,726.6,727.12,726.08,726.5,1075.05
2025-07-18T00:47:00.000000Z,726.4,727.06,726.18,727.03,848.84
2025-07-18T00:48:00.000000Z,727.04,727.69,727.03,727.16,966.74
2025-07-18T00:49:00.000000Z,727.16,727.31,726.96,727.18,269.89
2025-07-18T00:50:00.000000Z,727.19,727.36,726.24,726.93,938.46
2025-07-18T00:51:00.000000Z,726.94,727.08,726.59,726.73,273.63
2025-07-18T00:52:00.000000Z,726.74,727.28,726.73,727.04,311.93
2025-07-18T00:53:00.000000Z,727.03,727.72,727.01,727.57,407.45
2025-07-18T00:54:00.000000Z,727.57,727.93,727.45,727.68,579.12
2025-07-18T00:55:00.000000Z,727.67,728.0,727.36,727.6,1274.73
2025-07-18T00:56:00.000000Z,727.6,727.85,727.54,727.8,584.84
2025-07-18T00:57:00.000000Z,727.8,728.22,727.71,727.87,1231.45
2025-07-18T00:58:00.000000Z,727.87,728.64,727.87,728.6,1380.88
2025-07-18T00:59:00.000000Z,728.59,728.9,728.56,728.88,1310.92
2025-07-18T01:00:00.000000Z,728.87,728.88,728.36,728.7,457.11
2025-07-18T01:01:00.000000Z,728.69,728.9,728.34,728.89,625.9
2025-07-18T01:02:00.000000Z,728.89,729.69,728.6,728.89,3256.59
2025-07-18T01:03:00.000000Z,728.89,729.12,728.78,728.78,429.43
2025-07-18T01:04:00.000000Z,728.79,729.12,728.65,728.81,917.44
2025-07-18T01:05:00.000000Z,728.82,729.07,728.6,728.71,674.37
2025-07-18T01:06:00.000000Z,728.7,728.96,728.56,728.57,518.1
2025-07-18T01:07:00.000000Z,728.57,729.23,728.57,729.16,439.99
2025-07-18T01:08:00.000000Z,729.17,729.56,729.12,729.55,390.97
2025-07-18T01:09:00.000000Z,729.55,729.6,729.43,729.58,310.08
2025-07-18T01:10:00.000000Z,729.58,730.47,729.58,730.21,3235.6
2025-07-18T01:11:00.000000Z,730.21,731.56,730.2,731.52,3070.41
2025-07-18T01:12:00.000000Z,731.53,731.91,731.46,731.73,1598.24
2025-07-18T01:13:00.000000Z,731.74,732.32,731.73,732.17,2813.33
2025-07-18T01:14:00.000000Z,732.16,732.4,731.61,732.03,1202.99
2025-07-18T01:15:00.000000Z,732.03,732.03,729.74,730.3,3285.96
2025-07-18T01:16:00.000000Z,730.3,730.63,729.97,730.29,802.47
2025-07-18T01:17:00.000000Z,730.3,730.9,730.27,730.66,696.12
2025-07-18T01:18:00.000000Z,730.67,731.21,730.66,731.1,534.07
2025-07-18T01:19:00.000000Z,731.09,731.46,730.68,731.02,964.25
2025-07-18T01:20:00.000000Z,731.02,731.52,730.57,730.57,501.5
2025-07-18T01:21:00.000000Z,730.58,731.2,730.57,730.72,481.63
2025-07-18T01:22:00.000000Z,730.72,730.8,730.4,730.57,373.87
2025-07-18T01:23:00.000000Z,730.57,730.57,729.58,730.01,1001.26
2025-07-18T01:24:00.000000Z,730.0,730.64,729.66,730.64,272.38
2025-07-18T01:25:00.000000Z,730.63,730.63,729.55,729.62,488.55
2025-07-18T01:26:00.000000Z,729.61,730.67,729.08,730.67,622.57
2025-07-18T01:27:00.000000Z,730.67,731.61,730.67,731.6,1156.7
2025-07-18T01:28:00.000000Z,731.61,731.86,731.4,731.56,681.02
2025-07-18T01:29:00.000000Z,731.56,731.68,731.24,731.25,319.8
2025-07-18T01:30:00.000000Z,731.24,731.24,729.98,731.03,361.99
2025-07-18T01:31:00.000000Z,731.03,731.4,730.72,731.4,150.49
2025-07-18T01:32:00.000000Z,731.4,731.48,730.52,730.52,318.86
2025-07-18T01:33:00.000000Z,730.52,731.49,730.52,731.4,209.21
2025-07-18T01:34:00.000000Z,731.38,731.92,731.38,731.48,314.63
2025-07-18T01:35:00.000000Z,731.48,731.74,731.47,731.67,213.82
2025-07-18T01:36:00.000000Z,731.68,731.69,730.98,731.05,731.33
2025-07-18T01:37:00.000000Z,731.09,731.79,731.01,731.51,418.42
2025-07-18T01:38:00.000000Z,731.51,731.51,731.08,731.1,287.26
2025-07-18T01:39:00.000000Z,731.11,731.47,731.03,731.24,467.77
2025-07-18T01:40:00.000000Z,731.23,732.08,731.23,732.07,548.15
2025-07-18T01:41:00.000000Z,732.07,732.33,731.4,731.4,497.08
2025-07-18T01:42:00.000000Z,731.39,731.57,731.1,731.41,375.81
2025-07-18T01:43:00.000000Z,731.4,731.79,731.2,731.2,291.68
2025-07-18T01:44:00.000000Z,731.2,731.21,730.6,730.86,334.91
2025-07-18T01:45:00.000000Z,730.85,730.85,730.1,730.64,574.9
2025-07-18T01:46:00.000000Z,730.63,732.3,730.45,732.2,1345.48
2025-07-18T01:47:00.000000Z,732.2,732.34,732.1,732.22,367.46
2025-07-18T01:48:00.000000Z,732.21,732.6,732.0,732.01,1192.33
2025-07-18T01:49:00.000000Z,732.0,732.05,731.46,731.85,992.01
2025-07-18T01:50:00.000000Z,731.85,732.0,731.5,731.5,374.06
2025-07-18T01:51:00.000000Z,731.51,731.78,731.23,731.75,316.2
2025-07-18T01:52:00.000000Z,731.75,731.76,731.39,731.64,229.89
2025-07-18T01:53:00.000000Z,731.66,732.17,731.63,732.07,471.25
2025-07-18T01:54:00.000000Z,732.08,732.43,732.0,732.13,378.08
2025-07-18T01:55:00.000000Z,732.14,732.41,732.11,732.41,256.99
2025-07-18T01:56:00.000000Z,732.41,732.41,732.24,732.3,411.09
2025-07-18T01:57:00.000000Z,732.3,733.47,732.08,733.32,2102.42
2025-07-18T01:58:00.000000Z,733.32,734.16,732.96,733.8,2544.52
2025-07-18T01:59:00.000000Z,733.8,733.94,733.1,733.2,689.54
2025-07-18T02:00:00.000000Z,733.2,733.32,732.6,732.61,664.06
2025-07-18T02:01:00.000000Z,732.6,732.62,732.23,732.49,634.28
2025-07-18T02:02:00.000000Z,732.48,732.48,731.64,731.64,667.94
2025-07-18T02:03:00.000000Z,731.64,732.16,731.07,731.07,1138.64
2025-07-18T02:04:00.000000Z,731.07,731.07,730.36,730.9,830.09
2025-07-18T02:05:00.000000Z,730.9,731.34,730.25,730.31,738.83
2025-07-18T02:06:00.000000Z,730.31,730.32,728.55,729.09,2737.86
2025-07-18T02:07:00.000000Z,729.08,729.52,728.64,729.34,1533.72
2025-07-18T02:08:00.000000Z,729.34,730.1,728.84,730.02,678.33
2025-07-18T02:09:00.000000Z,730.02,730.4,729.86,730.13,679.9
2025-07-18T02:10:00.000000Z,730.13,730.23,729.5,729.51,890.08
2025-07-18T02:11:00.000000Z,729.5,730.24,729.5,729.86,523.97
2025-07-18T02:12:00.000000Z,729.86,729.87,729.62,729.74,333.15
2025-07-18T02:13:00.000000Z,729.74,729.74,729.0,729.3,359.4
2025-07-18T02:14:00.000000Z,729.3,729.67,729.25,729.26,602.49
2025-07-18T02:15:00.000000Z,729.26,729.26,727.88,728.06,976.68
2025-07-18T02:16:00.000000Z,728.05,728.33,727.72,727.87,849.85
2025-07-18T02:17:00.000000Z,727.87,728.32,727.7,728.05,656.34
2025-07-18T02:18:00.000000Z,728.04,728.47,728.0,728.13,347.77
2025-07-18T02:19:00.000000Z,728.14,728.72,728.04,728.72,919.18
2025-07-18T02:20:00.000000Z,728.73,728.82,728.06,728.06,455.71
2025-07-18T02:21:00.000000Z,728.07,728.23,727.86,728.11,315.75
2025-07-18T02:22:00.000000Z,728.11,728.17,727.92,728.06,330.93
2025-07-18T02:23:00.000000Z,728.05,728.21,727.96,728.18,189.14
2025-07-18T02:24:00.000000Z,728.18,728.72,728.09,728.09,584.32
2025-07-18T02:25:00.000000Z,728.1,728.24,727.95,728.2,257.33
2025-07-18T02:26:00.000000Z,728.21,728.32,727.95,728.02,262.51
2025-07-18T02:27:00.000000Z,728.02,729.49,727.99,729.16,957.73
2025-07-18T02:28:00.000000Z,729.15,729.29,729.07,729.26,256.85
2025-07-18T02:29:00.000000Z,729.26,729.61,729.23,729.48,211.84
2025-07-18T02:30:00.000000Z,729.48,729.92,729.23,729.75,1027.06
2025-07-18T02:31:00.000000Z,729.74,729.84,729.4,729.62,568.27
2025-07-18T02:32:00.000000Z,729.62,729.86,729.52,729.67,250.0
2025-07-18T02:33:00.000000Z,729.67,730.11,729.38,729.54,682.35
2025-07-18T02:34:00.000000Z,729.54,729.54,729.31,729.48,192.34
2025-07-18T02:35:00.000000Z,729.47,730.25,729.32,730.17,268.42
2025-07-18T02:36:00.000000Z,730.17,730.42,729.96,729.97,368.95
2025-07-18T02:37:00.000000Z,729.96,729.97,729.34,729.63,186.63
2025-07-18T02:38:00.000000Z,729.63,729.83,729.31,729.83,486.47
2025-07-18T02:39:00.000000Z,729.84,729.84,729.5,729.6,153.32
2025-07-18T02:40:00.000000Z,729.59,730.01,729.15,729.33,865.01
2025-07-18T02:41:00.000000Z,729.33,730.0,729.32,729.79,302.36
2025-07-18T02:42:00.000000Z,729.79,729.79,728.74,728.97,592.12
2025-07-18T02:43:00.000000Z,728.96,731.0,728.96,730.0,2446.6
2025-07-18T02:44:00.000000Z,730.0,730.0,729.46,729.52,294.82
2025-07-18T02:45:00.000000Z,729.51,729.71,729.44,729.6,293.27
2025-07-18T02:46:00.000000Z,729.59,729.73,729.27,729.27,361.0
2025-07-18T02:47:00.000000Z,729.27,730.03,728.86,730.02,863.17
2025-07-18T02:48:00.000000Z,730.03,731.16,729.74,731.06,632.28
2025-07-18T02:49:00.000000Z,731.06,732.14,731.02,731.95,557.76
2025-07-18T02:50:00.000000Z,731.94,731.98,731.25,731.87,435.84
2025-07-18T02:51:00.000000Z,731.87,731.98,731.24,731.91,587.78
2025-07-18T02:52:00.000000Z,731.92,731.97,731.31,731.44,280.93
2025-07-18T02:53:00.000000Z,731.43,731.86,731.43,731.85,140.19
2025-07-18T02:54:00.000000Z,731.86,732.49,731.86,732.43,577.57
2025-07-18T02:55:00.000000Z,732.43,732.62,732.22,732.62,310.74
2025-07-18T02:56:00.000000Z,732.61,732.62,732.0,732.02,554.35
2025-07-18T02:57:00.000000Z,732.03,732.03,731.67,731.8,172.81
2025-07-18T02:58:00.000000Z,731.8,732.24,731.77,732.23,258.55
2025-07-18T02:59:00.000000Z,732.23,732.45,732.2,732.38,405.47
2025-07-18T03:00:00.000000Z,732.38,733.1,732.38,732.77,817.01
2025-07-18T03:01:00.000000Z,732.77,732.91,731.8,732.01,422.49
2025-07-18T03:02:00.000000Z,732.0,732.54,731.69,732.54,477.86
2025-07-18T03:03:00.000000Z,732.54,732.54,731.42,731.73,638.93
2025-07-18T03:04:00.000000Z,731.73,732.16,731.3,731.97,1581.9
2025-07-18T03:05:00.000000Z,731.96,732.0,731.64,731.66,869.32
2025-07-18T03:06:00.000000Z,731.65,732.83,731.61,732.83,1043.54
2025-07-18T03:07:00.000000Z,732.83,732.97,732.59,732.83,727.63
2025-07-18T03:08:00.000000Z,732.84,732.84,732.2,732.48,829.23
2025-07-18T03:09:00.000000Z,732.48,732.72,732.35,732.69,255.53
2025-07-18T03:10:00.000000Z,732.69,732.92,732.4,732.56,579.04
2025-07-18T03:11:00.000000Z,732.56,732.56,732.22,732.24,405.9
2025-07-18T03:12:00.000000Z,732.23,732.56,732.19,732.34,718.31
2025-07-18T03:13:00.000000Z,732.34,732.84,732.33,732.55,403.47
2025-07-18T03:14:00.000000Z,732.56,733.43,732.43,733.16,727.29
2025-07-18T03:15:00.000000Z,733.16,733.17,732.81,732.91,723.45
2025-07-18T03:16:00.000000Z,732.92,733.14,732.66,733.1,430.83
2025-07-18T03:17:00.000000Z,733.1,733.16,732.84,733.15,275.17
2025-07-18T03:18:00.000000Z,733.16,733.16,732.93,732.97,160.41
2025-07-18T03:19:00.000000Z,732.97,733.16,732.9,733.15,340.31
2025-07-18T03:20:00.000000Z,733.15,733.56,733.15,733.32,898.68
2025-07-18T03:21:00.000000Z,733.33,733.33,732.9,733.13,808.84
2025-07-18T03:22:00.000000Z,733.13,733.62,733.08,733.62,177.2
2025-07-18T03:23:00.000000Z,733.62,734.15,733.5,733.94,985.69
2025-07-18T03:24:00.000000Z,733.94,734.02,733.6,733.91,1085.08
2025-07-18T03:25:00.000000Z,733.9,734.15,733.69,733.69,631.03
2025-07-18T03:26:00.000000Z,733.69,733.78,732.65,732.72,2393.7
2025-07-18T03:27:00.000000Z,732.72,733.28,732.61,733.04,284.88
2025-07-18T03:28:00.000000Z,733.04,733.24,732.87,733.01,319.59
2025-07-18T03:29:00.000000Z,733.0,733.01,732.52,732.61,161.87
2025-07-18T03:30:00.000000Z,732.61,732.91,732.32,732.74,531.76
2025-07-18T03:31:00.000000Z,732.73,733.71,732.59,733.71,534.05
2025-07-18T03:32:00.000000Z,733.72,734.04,733.32,733.37,659.68
2025-07-18T03:33:00.000000Z,733.36,734.0,733.13,733.99,352.41
2025-07-18T03:34:00.000000Z,733.99,734.12,733.37,733.37,322.11
2025-07-18T03:35:00.000000Z,733.36,733.59,733.24,733.51,301.08
2025-07-18T03:36:00.000000Z,733.51,734.06,733.29,734.06,355.97
2025-07-18T03:37:00.000000Z,734.06,734.61,734.05,734.54,1228.65
2025-07-18T03:38:00.000000Z,734.53,735.48,734.1,734.39,4599.01
2025-07-18T03:39:00.000000Z,734.4,734.52,734.08,734.47,479.08
2025-07-18T03:40:00.000000Z,734.47,734.75,734.2,734.36,546.55
2025-07-18T03:41:00.000000Z,734.36,734.99,734.31,734.93,443.55
2025-07-18T03:42:00.000000Z,734.93,735.62,734.93,735.04,687.33
2025-07-18T03:43:00.000000Z,735.04,735.28,734.92,735.11,574.43
2025-07-18T03:44:00.000000Z,735.11,735.23,734.9,735.02,692.53
2025-07-18T03:45:00.000000Z,735.02,735.26,735.01,735.09,488.14
2025-07-18T03:46:00.000000Z,735.08,735.31,734.94,735.18,393.31
2025-07-18T03:47:00.000000Z,735.19,736.12,735.05,735.97,1477.72
2025-07-18T03:48:00.000000Z,735.96,736.48,735.8,736.4,1486.22
2025-07-18T03:49:00.000000Z,736.41,736.81,735.4,735.46,2100.32
2025-07-18T03:50:00.000000Z,735.45,735.91,735.3,735.3,534.55
2025-07-18T03:51:00.000000Z,735.31,735.83,735.07,735.41,660.15
2025-07-18T03:52:00.000000Z,735.41,735.91,735.32,735.89,436.37
2025-07-18T03:53:00.000000Z,735.88,735.88,735.34,735.39,445.86
2025-07-18T03:54:00.000000Z,735.39,735.55,735.28,735.29,342.96
2025-07-18T03:55:00.000000Z,735.28,736.1,735.28,736.0,741.88
2025-07-18T03:56:00.000000Z,736.0,736.59,736.0,736.49,518.46
2025-07-18T03:57:00.000000Z,736.49,736.75,736.35,736.74,398.77
2025-07-18T03:58:00.000000Z,736.74,737.16,736.65,736.85,2278.11
2025-07-18T03:59:00.000000Z,736.84,737.06,736.65,737.05,380.94
2025-07-18T04:00:00.000000Z,737.06,737.16,736.44,736.92,1571.76
2025-07-18T04:01:00.000000Z,736.91,737.1,735.22,735.59,1326.69
2025-07-18T04:02:00.000000Z,735.6,735.92,734.68,735.29,1862.33
2025-07-18T04:03:00.000000Z,735.28,735.29,734.23,734.37,1063.75
2025-07-18T04:04:00.000000Z,734.37,734.52,734.07,734.18,660.12
2025-07-18T04:05:00.000000Z,734.18,734.9,734.05,734.73,558.62
2025-07-18T04:06:00.000000Z,734.73,736.4,734.44,735.89,2467.99
2025-07-18T04:07:00.000000Z,735.89,736.36,735.48,736.17,813.28
2025-07-18T04:08:00.000000Z,736.17,736.28,735.32,735.55,611.5
2025-07-18T04:09:00.000000Z,735.56,736.2,735.56,735.83,363.68
2025-07-18T04:10:00.000000Z,735.84,735.93,735.5,735.51,434.99
2025-07-18T04:11:00.000000Z,735.5,735.75,735.1,735.64,1459.6
2025-07-18T04:12:00.000000Z,735.63,736.52,735.11,736.51,438.48
2025-07-18T04:13:00.000000Z,736.52,737.07,736.19,736.84,514.12
2025-07-18T04:14:00.000000Z,736.85,736.85,736.2,736.43,448.34
2025-07-18T04:15:00.000000Z,736.43,736.68,736.22,736.22,427.62
2025-07-18T04:16:00.000000Z,736.22,736.48,736.19,736.38,294.69
2025-07-18T04:17:00.000000Z,736.38,736.56,736.22,736.24,404.0
2025-07-18T04:18:00.000000Z,736.25,736.32,735.97,735.98,453.35
2025-07-18T04:19:00.000000Z,735.98,736.12,735.75,735.91,493.89
2025-07-18T04:20:00.000000Z,735.91,736.67,735.54,736.59,542.78
2025-07-18T04:21:00.000000Z,736.6,736.84,736.31,736.53,327.67
2025-07-18T04:22:00.000000Z,736.53,737.17,736.52,737.16,583.2
2025-07-18T04:23:00.000000Z,737.16,737.37,736.88,737.36,494.71
2025-07-18T04:24:00.000000Z,737.36,737.36,737.01,737.01,384.88
2025-07-18T04:25:00.000000Z,737.01,737.08,736.87,737.0,380.22
2025-07-18T04:26:00.000000Z,736.99,737.13,736.7,737.08,751.85
2025-07-18T04:27:00.000000Z,737.09,737.56,737.08,737.54,750.79
2025-07-18T04:28:00.000000Z,737.56,738.41,737.56,738.01,1701.99
2025-07-18T04:29:00.000000Z,738.02,739.12,738.02,739.02,2169.32
2025-07-18T04:30:00.000000Z,739.02,739.56,739.02,739.12,3064.34
2025-07-18T04:31:00.000000Z,739.13,740.88,738.95,740.8,6011.33
2025-07-18T04:32:00.000000Z,740.8,740.99,740.58,740.8,1384.3
2025-07-18T04:33:00.000000Z,740.81,741.01,740.66,740.82,1539.34
2025-07-18T04:34:00.000000Z,740.82,742.5,740.21,742.22,3927.56
2025-07-18T04:35:00.000000Z,742.23,743.59,741.73,743.12,6395.11
2025-07-18T04:36:00.000000Z,743.13,743.19,742.37,742.65,1696.99
2025-07-18T04:37:00.000000Z,742.65,743.13,742.34,742.77,1029.07
2025-07-18T04:38:00.000000Z,742.78,742.78,741.57,741.71,1397.39
2025-07-18T04:39:00.000000Z,741.72,741.72,740.87,741.31,2840.58
2025-07-18T04:40:00.000000Z,741.31,742.41,740.86,742.2,1406.87
2025-07-18T04:41:00.000000Z,742.2,742.26,741.6,741.7,947.44
2025-07-18T04:42:00.000000Z,741.69,742.36,741.6,741.94,1176.36
2025-07-18T04:43:00.000000Z,741.93,741.93,741.72,741.81,443.44
2025-07-18T04:44:00.000000Z,741.8,742.29,741.51,742.19,773.2
2025-07-18T04:45:00.000000Z,742.17,742.17,741.24,741.57,786.64
2025-07-18T04:46:00.000000Z,741.57,742.02,741.53,741.74,500.05
2025-07-18T04:47:00.000000Z,741.74,741.92,741.55,741.55,433.11
2025-07-18T04:48:00.000000Z,741.56,742.48,741.36,742.47,507.35
2025-07-18T04:49:00.000000Z,742.47,742.61,742.16,742.16,649.64
2025-07-18T04:50:00.000000Z,742.17,742.28,741.72,741.99,741.21
2025-07-18T04:51:00.000000Z,742.0,742.48,741.74,742.0,1550.12
2025-07-18T04:52:00.000000Z,741.99,742.44,741.77,742.44,492.02
2025-07-18T04:53:00.000000Z,742.44,743.88,742.43,743.65,4250.25
2025-07-18T04:54:00.000000Z,743.65,744.24,743.6,743.77,1096.55
2025-07-18T04:55:00.000000Z,743.76,743.92,743.1,743.74,748.37
2025-07-18T04:56:00.000000Z,743.74,743.92,743.36,743.36,561.05
2025-07-18T04:57:00.000000Z,743.36,743.69,743.12,743.69,558.83
2025-07-18T04:58:00.000000Z,743.69,744.3,743.68,744.24,973.97
2025-07-18T04:59:00.000000Z,744.24,744.39,743.93,744.11,1095.03
2025-07-18T05:00:00.000000Z,744.11,744.11,742.52,742.53,1106.01
2025-07-18T05:01:00.000000Z,742.53,742.53,741.44,741.53,930.05
2025-07-18T05:02:00.000000Z,741.53,742.86,741.52,742.16,1078.98
2025-07-18T05:03:00.000000Z,742.16,742.57,742.13,742.43,693.72
2025-07-18T05:04:00.000000Z,742.44,743.11,742.26,742.64,684.84
2025-07-18T05:05:00.000000Z,742.63,743.66,742.63,743.63,1190.27
2025-07-18T05:06:00.000000Z,743.6,744.36,743.48,743.61,1682.28
2025-07-18T05:07:00.000000Z,743.61,743.95,743.38,743.95,583.02
2025-07-18T05:08:00.000000Z,743.95,744.0,743.56,743.56,739.39
2025-07-18T05:09:00.000000Z,743.56,746.0,743.56,745.08,10249.73
2025-07-18T05:10:00.000000Z,745.08,745.32,744.53,744.71,2285.44
2025-07-18T05:11:00.000000Z,744.73,744.78,743.62,743.91,1681.3
2025-07-18T05:12:00.000000Z,743.91,744.0,743.15,743.15,2025.58
2025-07-18T05:13:00.000000Z,743.15,744.59,743.15,744.53,1071.39
2025-07-18T05:14:00.000000Z,744.51,745.79,744.2,745.66,1658.86
2025-07-18T05:15:00.000000Z,745.65,746.5,745.56,745.73,3910.22
2025-07-18T05:16:00.000000Z,745.74,747.26,745.7,746.88,3409.16
2025-07-18T05:17:00.000000Z,746.87,747.17,746.22,746.63,2208.94
2025-07-18T05:18:00.000000Z,746.63,747.02,746.11,746.72,1033.63
2025-07-18T05:19:00.000000Z,746.72,747.74,746.67,747.09,1466.16
2025-07-18T05:20:00.000000Z,747.05,747.28,746.11,746.54,1394.02
2025-07-18T05:21:00.000000Z,746.54,746.92,745.45,746.64,3982.6
2025-07-18T05:22:00.000000Z,746.63,746.74,746.08,746.49,1323.77
2025-07-18T05:23:00.000000Z,746.49,747.46,746.38,746.97,1114.42
2025-07-18T05:24:00.000000Z,746.97,746.98,746.25,746.85,540.72
2025-07-18T05:25:00.000000Z,746.85,747.3,746.37,747.23,675.33
2025-07-18T05:26:00.000000Z,747.22,747.76,746.82,747.62,1371.37
2025-07-18T05:27:00.000000Z,747.62,747.84,747.36,747.72,1314.4
2025-07-18T05:28:00.000000Z,747.71,747.8,747.32,747.68,2827.42
2025-07-18T05:29:00.000000Z,747.68,748.41,747.37,747.37,1922.84
2025-07-18T05:30:00.000000Z,747.36,748.18,747.3,747.39,990.56
2025-07-18T05:31:00.000000Z,747.4,747.7,746.9,747.13,765.98
2025-07-18T05:32:00.000000Z,747.12,748.05,747.12,748.05,689.54
2025-07-18T05:33:00.000000Z,748.05,748.12,747.48,747.72,403.12
2025-07-18T05:34:00.000000Z,747.71,748.28,746.82,747.96,3178.53
2025-07-18T05:35:00.000000Z,747.96,748.14,746.7,746.7,1057.56
2025-07-18T05:36:00.000000Z,746.71,747.44,746.48,746.7,1225.13
2025-07-18T05:37:00.000000Z,746.74,747.88,746.6,747.88,562.91
2025-07-18T05:38:00.000000Z,747.89,748.0,747.18,747.28,340.09
2025-07-18T05:39:00.000000Z,747.28,747.88,747.12,747.69,379.53
2025-07-18T05:40:00.000000Z,747.71,748.26,747.53,748.22,1065.39
2025-07-18T05:41:00.000000Z,748.21,748.69,747.51,747.71,1699.76
2025-07-18T05:42:00.000000Z,747.71,748.03,747.5,748.03,326.5
2025-07-18T05:43:00.000000Z,748.03,748.04,747.21,747.47,510.13
2025-07-18T05:44:00.000000Z,747.48,747.66,747.1,747.37,549.02
2025-07-18T05:45:00.000000Z,747.37,747.56,747.29,747.46,264.34
2025-07-18T05:46:00.000000Z,747.46,748.13,747.28,747.59,836.71
2025-07-18T05:47:00.000000Z,747.58,747.8,747.53,747.56,413.66
2025-07-18T05:48:00.000000Z,747.55,747.56,746.61,747.04,792.86
2025-07-18T05:49:00.000000Z,747.07,747.61,746.96,747.04,1779.95
2025-07-18T05:50:00.000000Z,747.04,747.8,746.87,747.64,520.23
2025-07-18T05:51:00.000000Z,747.65,747.98,747.62,747.98,330.47
2025-07-18T05:52:00.000000Z,747.98,748.19,747.88,748.15,390.93
2025-07-18T05:53:00.000000Z,748.15,748.71,748.11,748.63,576.96
2025-07-18T05:54:00.000000Z,748.64,748.74,748.42,748.5,798.79
2025-07-18T05:55:00.000000Z,748.49,748.55,748.15,748.16,376.1
2025-07-18T05:56:00.000000Z,748.16,748.16,747.62,747.95,382.59
2025-07-18T05:57:00.000000Z,747.96,748.28,747.72,748.15,656.13
2025-07-18T05:58:00.000000Z,748.16,748.65,748.16,748.56,355.34
2025-07-18T05:59:00.000000Z,748.57,748.57,748.32,748.33,238.24
2025-07-18T06:00:00.000000Z,748.33,748.33,748.05,748.15,353.41
2025-07-18T06:01:00.000000Z,748.15,748.68,748.06,748.6,607.59
2025-07-18T06:02:00.000000Z,748.59,748.64,748.4,748.61,532.05
2025-07-18T06:03:00.000000Z,748.61,748.71,747.68,747.69,632.43
2025-07-18T06:04:00.000000Z,747.68,747.72,746.78,747.72,1077.2
2025-07-18T06:05:00.000000Z,747.71,748.52,747.71,747.9,545.74
2025-07-18T06:06:00.000000Z,747.9,748.16,747.2,747.44,480.44
2025-07-18T06:07:00.000000Z,747.43,747.68,746.84,746.99,754.58
2025-07-18T06:08:00.000000Z,747.0,747.26,746.66,747.26,481.29
2025-07-18T06:09:00.000000Z,747.27,747.28,746.7,747.24,404.7
2025-07-18T06:10:00.000000Z,747.24,747.24,744.96,745.49,2434.86
2025-07-18T06:11:00.000000Z,745.49,745.51,745.01,745.21,1271.13
2025-07-18T06:12:00.000000Z,745.2,746.32,745.04,746.17,980.27
2025-07-18T06:13:00.000000Z,746.18,747.42,746.18,746.74,507.33
2025-07-18T06:14:00.000000Z,746.75,747.2,746.52,747.16,544.35
2025-07-18T06:15:00.000000Z,747.16,747.16,746.21,746.36,1239.69
2025-07-18T06:16:00.000000Z,746.36,747.12,746.01,746.64,852.78
2025-07-18T06:17:00.000000Z,746.67,747.07,746.56,746.87,328.79
2025-07-18T06:18:00.000000Z,746.86,747.63,746.57,747.63,641.04
2025-07-18T06:19:00.000000Z,747.63,747.99,746.87,747.12,802.55
2025-07-18T06:20:00.000000Z,747.11,748.74,746.52,748.47,3279.08
2025-07-18T06:21:00.000000Z,748.48,748.48,747.63,747.76,862.52
2025-07-18T06:22:00.000000Z,747.76,747.76,746.82,746.83,679.29
2025-07-18T06:23:00.000000Z,746.83,747.16,746.5,747.08,1006.92
2025-07-18T06:24:00.000000Z,747.08,747.24,746.64,746.7,475.74
2025-07-18T06:25:00.000000Z,746.7,746.7,745.98,746.11,729.7
2025-07-18T06:26:00.000000Z,746.1,746.2,745.26,745.41,1688.15
2025-07-18T06:27:00.000000Z,745.41,746.22,745.4,745.88,534.88
2025-07-18T06:28:00.000000Z,745.88,746.44,745.35,745.35,1016.54
2025-07-18T06:29:00.000000Z,745.34,746.11,745.06,746.03,993.59
2025-07-18T06:30:00.000000Z,746.01,746.86,745.45,745.93,567.52
2025-07-18T06:31:00.000000Z,745.93,746.64,745.51,746.37,440.09
2025-07-18T06:32:00.000000Z,746.36,747.23,746.09,747.06,1407.38
2025-07-18T06:33:00.000000Z,747.06,747.33,746.96,747.33,417.31
2025-07-18T06:34:00.000000Z,747.34,748.13,747.08,747.17,1121.09
2025-07-18T06:35:00.000000Z,747.17,747.79,747.02,747.7,627.91
2025-07-18T06:36:00.000000Z,747.7,747.7,746.81,746.81,378.5
2025-07-18T06:37:00.000000Z,746.82,747.92,746.56,747.73,648.79
2025-07-18T06:38:00.000000Z,747.72,748.18,747.72,748.18,385.32
2025-07-18T06:39:00.000000Z,748.18,748.19,747.76,747.88,451.63
2025-07-18T06:40:00.000000Z,747.88,747.88,746.81,746.98,696.59
2025-07-18T06:41:00.000000Z,746.99,747.96,746.73,747.89,611.48
2025-07-18T06:42:00.000000Z,747.89,748.2,747.76,748.16,419.06
2025-07-18T06:43:00.000000Z,748.16,748.16,747.76,747.93,402.59
2025-07-18T06:44:00.000000Z,747.92,747.99,747.47,747.49,212.07
2025-07-18T06:45:00.000000Z,747.48,748.04,747.4,747.92,360.46
2025-07-18T06:46:00.000000Z,747.91,748.44,747.84,748.25,591.29
2025-07-18T06:47:00.000000Z,748.26,748.5,748.18,748.22,819.33
2025-07-18T06:48:00.000000Z,748.22,748.32,747.9,748.05,799.58
2025-07-18T06:49:00.000000Z,748.05,748.16,747.4,747.62,519.9
2025-07-18T06:50:00.000000Z,747.62,747.84,747.45,747.46,409.32
2025-07-18T06:51:00.000000Z,747.46,747.82,747.15,747.77,374.81
2025-07-18T06:52:00.000000Z,747.77,747.8,747.33,747.58,209.78
2025-07-18T06:53:00.000000Z,747.58,747.63,747.29,747.41,244.51
2025-07-18T06:54:00.000000Z,747.41,747.53,747.0,747.01,221.65
2025-07-18T06:55:00.000000Z,747.01,747.53,747.0,747.03,670.86
2025-07-18T06:56:00.000000Z,747.03,747.08,746.1,746.1,696.32
2025-07-18T06:57:00.000000Z,746.11,746.16,746.0,746.02,253.07
2025-07-18T06:58:00.000000Z,746.02,746.13,745.88,745.92,419.21
2025-07-18T06:59:00.000000Z,745.93,745.93,745.76,745.89,304.66
2025-07-18T07:00:00.000000Z,745.88,746.55,745.88,746.13,1064.75
2025-07-18T07:01:00.000000Z,746.13,746.67,746.12,746.54,332.72
2025-07-18T07:02:00.000000Z,746.54,746.71,746.44,746.49,263.7
2025-07-18T07:03:00.000000Z,746.5,747.17,746.49,746.81,807.41
2025-07-18T07:04:00.000000Z,746.81,747.23,746.76,747.22,255.98
2025-07-18T07:05:00.000000Z,747.22,747.23,745.88,746.09,1245.08
2025-07-18T07:06:00.000000Z,746.11,746.82,746.04,746.75,393.35
2025-07-18T07:07:00.000000Z,746.75,747.64,746.6,747.63,560.07
2025-07-18T07:08:00.000000Z,747.63,747.63,747.08,747.4,346.33
2025-07-18T07:09:00.000000Z,747.39,747.56,746.26,746.9,1090.0
2025-07-18T07:10:00.000000Z,746.9,747.16,746.09,746.09,479.32
2025-07-18T07:11:00.000000Z,746.09,746.61,745.66,746.61,509.86
2025-07-18T07:12:00.000000Z,746.62,746.68,745.13,745.26,1176.27
2025-07-18T07:13:00.000000Z,745.27,745.58,744.18,744.4,2195.96
2025-07-18T07:14:00.000000Z,744.4,744.77,743.48,744.32,3183.7
2025-07-18T07:15:00.000000Z,744.32,744.32,743.19,744.15,1759.5
2025-07-18T07:16:00.000000Z,744.15,744.15,743.56,743.76,733.19
2025-07-18T07:17:00.000000Z,743.77,745.61,743.68,745.06,2698.66
2025-07-18T07:18:00.000000Z,745.04,745.28,743.96,744.04,1077.58
2025-07-18T07:19:00.000000Z,744.04,744.28,743.17,743.32,627.27
2025-07-18T07:20:00.000000Z,743.31,743.98,743.1,743.98,1093.14
2025-07-18T07:21:00.000000Z,743.98,744.08,742.88,743.39,1708.56
2025-07-18T07:22:00.000000Z,743.39,743.83,743.04,743.27,557.9
2025-07-18T07:23:00.000000Z,743.26,743.77,743.26,743.45,544.36
2025-07-18T07:24:00.000000Z,743.45,745.0,743.36,744.99,1005.26
2025-07-18T07:25:00.000000Z,745.0,745.14,744.23,744.55,638.84
2025-07-18T07:26:00.000000Z,744.55,744.88,743.84,744.88,536.03
2025-07-18T07:27:00.000000Z,744.87,744.99,744.5,744.73,530.39
2025-07-18T07:28:00.000000Z,744.73,745.36,744.72,744.93,512.18
2025-07-18T07:29:00.000000Z,744.92,745.36,744.84,745.36,361.09
2025-07-18T07:30:00.000000Z,745.35,746.22,745.35,745.51,925.84
2025-07-18T07:31:00.000000Z,745.51,746.32,745.48,745.5,2031.39
2025-07-18T07:32:00.000000Z,745.5,745.5,744.5,744.65,1303.27
2025-07-18T07:33:00.000000Z,744.66,744.79,744.0,744.05,1194.36
2025-07-18T07:34:00.000000Z,744.05,744.05,743.29,743.35,1198.05
2025-07-18T07:35:00.000000Z,743.34,743.8,743.0,743.23,1227.84
2025-07-18T07:36:00.000000Z,743.23,743.48,742.79,743.16,1713.34
2025-07-18T07:37:00.000000Z,743.15,743.28,742.56,742.69,1072.75
2025-07-18T07:38:00.000000Z,742.69,742.82,742.0,742.07,1143.87
2025-07-18T07:39:00.000000Z,742.07,742.23,741.5,741.5,1911.42
2025-07-18T07:40:00.000000Z,741.5,741.7,740.47,741.44,2223.97
2025-07-18T07:41:00.000000Z,741.44,742.23,741.19,742.23,1234.52
2025-07-18T07:42:00.000000Z,742.23,742.77,741.52,742.75,913.98
2025-07-18T07:43:00.000000Z,742.75,742.99,742.32,742.62,852.68
2025-07-18T07:44:00.000000Z,742.64,742.92,741.8,742.32,944.32
2025-07-18T07:45:00.000000Z,742.31,742.54,741.47,741.48,896.1
2025-07-18T07:46:00.000000Z,741.47,741.79,740.87,741.79,2040.13
2025-07-18T07:47:00.000000Z,741.79,741.95,741.0,741.1,824.43
2025-07-18T07:48:00.000000Z,741.1,741.84,741.1,741.3,875.7
2025-07-18T07:49:00.000000Z,741.29,741.51,740.76,740.93,1120.44
2025-07-18T07:50:00.000000Z,740.94,741.42,740.68,741.03,1247.53
2025-07-18T07:51:00.000000Z,741.03,741.04,740.43,741.04,980.74
2025-07-18T07:52:00.000000Z,741.05,741.1,739.59,740.35,3017.3
2025-07-18T07:53:00.000000Z,740.35,740.37,740.08,740.31,1363.86
2025-07-18T07:54:00.000000Z,740.3,741.16,740.3,740.66,1151.92
2025-07-18T07:55:00.000000Z,740.66,741.72,740.66,741.55,888.96
2025-07-18T07:56:00.000000Z,741.56,741.6,740.5,741.08,2322.33
2025-07-18T07:57:00.000000Z,741.07,741.07,740.25,740.25,1172.9
2025-07-18T07:58:00.000000Z,740.26,740.96,739.87,739.95,1668.47
2025-07-18T07:59:00.000000Z,739.95,740.56,739.79,740.42,2449.63
2025-07-18T08:00:00.000000Z,740.43,741.6,740.37,740.6,1405.41
2025-07-18T08:01:00.000000Z,740.6,740.97,740.16,740.91,1121.24
2025-07-18T08:02:00.000000Z,740.91,741.24,740.22,740.31,1213.94
2025-07-18T08:03:00.000000Z,740.3,740.3,738.22,738.72,2044.01
2025-07-18T08:04:00.000000Z,738.72,738.87,737.3,738.04,3073.45
2025-07-18T08:05:00.000000Z,738.03,739.03,737.91,739.03,1903.85
2025-07-18T08:06:00.000000Z,739.04,739.82,739.04,739.42,1203.17
2025-07-18T08:07:00.000000Z,739.43,741.14,739.29,740.47,2922.69
2025-07-18T08:08:00.000000Z,740.47,740.8,739.7,739.87,1599.45
2025-07-18T08:09:00.000000Z,739.88,739.92,738.6,738.99,475.2
2025-07-18T08:10:00.000000Z,739.0,739.48,738.46,738.87,1176.59
2025-07-18T08:11:00.000000Z,738.87,739.56,738.72,738.87,835.44
2025-07-18T08:12:00.000000Z,738.86,740.11,738.86,739.56,606.06
2025-07-18T08:13:00.000000Z,739.58,741.08,739.17,740.08,2205.03
2025-07-18T08:14:00.000000Z,740.04,740.48,739.84,740.1,802.78
2025-07-18T08:15:00.000000Z,740.11,740.78,739.72,740.2,1072.82
2025-07-18T08:16:00.000000Z,740.21,741.48,740.21,740.6,1453.01
2025-07-18T08:17:00.000000Z,740.6,741.36,740.6,741.27,536.36
2025-07-18T08:18:00.000000Z,741.28,741.79,740.74,740.96,1123.75
2025-07-18T08:19:00.000000Z,741.0,741.03,740.4,740.89,694.9
2025-07-18T08:20:00.000000Z,740.89,741.84,740.88,741.48,806.57
2025-07-18T08:21:00.000000Z,741.49,741.6,740.93,741.6,1057.07
2025-07-18T08:22:00.000000Z,741.6,741.84,741.52,741.71,385.49
2025-07-18T08:23:00.000000Z,741.72,741.95,740.78,741.75,1267.95
2025-07-18T08:24:00.000000Z,741.75,743.09,741.65,742.64,3162.03
2025-07-18T08:25:00.000000Z,742.65,742.71,742.29,742.41,1046.83
2025-07-18T08:26:00.000000Z,742.4,742.67,741.68,741.83,984.42
2025-07-18T08:27:00.000000Z,741.83,742.3,741.65,742.2,556.77
2025-07-18T08:28:00.000000Z,742.21,742.41,741.65,741.76,778.73
2025-07-18T08:29:00.000000Z,741.77,742.33,741.36,742.14,534.41
2025-07-18T08:30:00.000000Z,742.14,742.44,741.81,742.13,1186.73
2025-07-18T08:31:00.000000Z,742.13,742.36,740.09,740.18,2889.57
2025-07-18T08:32:00.000000Z,740.18,740.88,739.82,739.93,1070.79
2025-07-18T08:33:00.000000Z,739.93,740.76,739.93,740.08,771.12
2025-07-18T08:34:00.000000Z,740.08,740.08,739.02,739.49,1219.13
2025-07-18T08:35:00.000000Z,739.48,739.76,738.76,739.68,1248.11
2025-07-18T08:36:00.000000Z,739.75,740.77,738.88,740.22,1206.91
2025-07-18T08:37:00.000000Z,740.2,740.43,739.22,739.32,1200.79
2025-07-18T08:38:00.000000Z,739.31,740.7,739.17,739.32,785.05
2025-07-18T08:39:00.000000Z,739.32,739.6,737.66,737.81,1865.43
2025-07-18T08:40:00.000000Z,737.82,737.92,735.65,736.93,3930.41
2025-07-18T08:41:00.000000Z,736.94,736.94,736.32,736.7,1260.95
2025-07-18T08:42:00.000000Z,736.72,737.0,735.8,736.95,1804.29
2025-07-18T08:43:00.000000Z,736.95,737.0,735.2,735.34,1763.68
2025-07-18T08:44:00.000000Z,735.29,736.11,735.1,735.54,1366.83
2025-07-18T08:45:00.000000Z,735.54,736.97,734.97,736.29,2004.72
2025-07-18T08:46:00.000000Z,736.29,736.97,736.08,736.52,809.14
2025-07-18T08:47:00.000000Z,736.53,737.97,736.53,737.97,1310.22
2025-07-18T08:48:00.000000Z,737.96,738.08,737.2,737.6,1237.56
2025-07-18T08:49:00.000000Z,737.59,737.82,737.04,737.2,1193.28
2025-07-18T08:50:00.000000Z,737.2,737.61,736.34,736.35,921.15
2025-07-18T08:51:00.000000Z,736.35,737.34,736.35,737.11,620.82
2025-07-18T08:52:00.000000Z,737.11,738.59,737.03,737.19,3099.69
2025-07-18T08:53:00.000000Z,737.19,738.2,737.09,738.2,557.37
2025-07-18T08:54:00.000000Z,738.2,738.46,738.07,738.07,987.66
2025-07-18T08:55:00.000000Z,738.06,738.16,737.52,737.53,673.17
2025-07-18T08:56:00.000000Z,737.53,737.87,737.28,737.77,537.31
2025-07-18T08:57:00.000000Z,737.8,738.38,737.67,737.69,570.69
2025-07-18T08:58:00.000000Z,737.69,737.75,736.59,736.88,492.35
2025-07-18T08:59:00.000000Z,736.88,736.95,736.5,736.53,535.42
2025-07-18T09:00:00.000000Z,736.53,737.18,736.51,736.76,952.82
2025-07-18T09:01:00.000000Z,736.75,737.24,736.3,736.43,806.92
2025-07-18T09:02:00.000000Z,736.44,736.62,733.71,734.88,3820.45
2025-07-18T09:03:00.000000Z,734.89,735.55,734.64,734.96,1352.29
2025-07-18T09:04:00.000000Z,734.95,735.31,733.81,734.89,4313.5
2025-07-18T09:05:00.000000Z,734.9,734.9,734.08,734.3,1066.21
2025-07-18T09:06:00.000000Z,734.3,736.0,733.73,735.32,4579.74
2025-07-18T09:07:00.000000Z,735.31,735.65,734.87,735.65,920.04
2025-07-18T09:08:00.000000Z,735.65,735.76,734.73,735.55,512.59
2025-07-18T09:09:00.000000Z,735.55,735.79,734.92,735.12,1186.95
2025-07-18T09:10:00.000000Z,735.09,736.93,735.09,736.82,796.73
2025-07-18T09:11:00.000000Z,736.83,737.08,736.33,736.64,762.35
2025-07-18T09:12:00.000000Z,736.63,736.96,736.42,736.96,588.41
2025-07-18T09:13:00.000000Z,736.95,738.0,736.95,737.99,1001.8
2025-07-18T09:14:00.000000Z,737.99,737.99,737.24,737.44,819.26
2025-07-18T09:15:00.000000Z,737.45,738.08,737.23,737.35,777.24
2025-07-18T09:16:00.000000Z,737.34,737.62,736.32,736.44,1096.17
2025-07-18T09:17:00.000000Z,736.47,737.82,736.32,737.09,654.15
2025-07-18T09:18:00.000000Z,737.12,737.61,736.41,736.5,715.58
2025-07-18T09:19:00.000000Z,736.55,737.35,736.52,737.31,522.09
2025-07-18T09:20:00.000000Z,737.32,737.47,736.46,736.56,538.15
2025-07-18T09:21:00.000000Z,736.57,736.57,735.42,735.64,891.42
2025-07-18T09:22:00.000000Z,735.69,736.84,735.69,736.18,692.83
2025-07-18T09:23:00.000000Z,736.18,736.8,735.56,735.88,569.78
2025-07-18T09:24:00.000000Z,735.87,736.57,735.78,736.56,414.05
2025-07-18T09:25:00.000000Z,736.56,736.56,735.56,735.72,505.89
2025-07-18T09:26:00.000000Z,735.71,736.72,735.71,736.47,614.3
2025-07-18T09:27:00.000000Z,736.46,736.95,735.96,736.87,835.25
2025-07-18T09:28:00.000000Z,736.87,736.87,736.24,736.29,430.51
2025-07-18T09:29:00.000000Z,736.32,736.34,735.96,736.0,328.6
2025-07-18T09:30:00.000000Z,736.0,737.59,736.0,737.4,557.38
2025-07-18T09:31:00.000000Z,737.4,737.4,736.76,737.11,466.27
2025-07-18T09:32:00.000000Z,737.1,737.1,735.98,736.24,520.57
2025-07-18T09:33:00.000000Z,736.24,736.84,735.92,736.44,629.31
2025-07-18T09:34:00.000000Z,736.44,736.6,735.57,736.54,481.73
2025-07-18T09:35:00.000000Z,736.6,736.87,735.97,736.21,339.05
2025-07-18T09:36:00.000000Z,736.21,737.23,736.21,737.23,411.35
2025-07-18T09:37:00.000000Z,737.23,737.79,737.08,737.73,304.62
2025-07-18T09:38:00.000000Z,737.74,738.11,737.35,737.44,342.77
2025-07-18T09:39:00.000000Z,737.43,738.1,737.36,738.0,210.25
2025-07-18T09:40:00.000000Z,737.99,738.16,737.42,738.0,372.2
2025-07-18T09:41:00.000000Z,738.01,738.52,738.01,738.52,280.1
2025-07-18T09:42:00.000000Z,738.51,738.64,737.97,738.15,477.6
2025-07-18T09:43:00.000000Z,738.15,738.48,737.96,737.97,357.39
2025-07-18T09:44:00.000000Z,737.96,737.96,737.05,737.3,997.74
2025-07-18T09:45:00.000000Z,737.32,737.6,737.0,737.15,1036.87
2025-07-18T09:46:00.000000Z,737.16,737.87,737.16,737.7,286.53
2025-07-18T09:47:00.000000Z,737.71,737.79,737.28,737.74,255.76
2025-07-18T09:48:00.000000Z,737.73,738.08,737.65,737.75,302.52
2025-07-18T09:49:00.000000Z,737.76,738.2,737.76,737.79,188.69
2025-07-18T09:50:00.000000Z,737.78,738.44,737.78,738.43,156.16
2025-07-18T09:51:00.000000Z,738.44,738.61,738.32,738.6,250.54
2025-07-18T09:52:00.000000Z,738.61,738.93,738.56,738.56,336.82
2025-07-18T09:53:00.000000Z,738.53,738.67,738.35,738.49,256.45
2025-07-18T09:54:00.000000Z,738.49,738.52,737.95,737.95,332.48
2025-07-18T09:55:00.000000Z,737.95,738.52,737.92,738.51,315.06
2025-07-18T09:56:00.000000Z,738.51,739.16,738.44,739.15,240.85
2025-07-18T09:57:00.000000Z,739.16,739.8,739.14,739.77,664.21
2025-07-18T09:58:00.000000Z,739.77,740.0,739.43,739.57,662.0
2025-07-18T09:59:00.000000Z,739.56,739.8,739.36,739.37,628.08
2025-07-18T10:00:00.000000Z,739.37,739.74,739.16,739.74,394.39
2025-07-18T10:01:00.000000Z,739.74,739.76,739.04,739.28,384.53
2025-07-18T10:02:00.000000Z,739.28,739.29,739.0,739.0,233.27
2025-07-18T10:03:00.000000Z,739.0,739.45,739.0,739.02,343.43
2025-07-18T10:04:00.000000Z,739.03,739.03,737.95,738.07,1736.56
2025-07-18T10:05:00.000000Z,738.07,738.2,737.41,738.08,654.76
2025-07-18T10:06:00.000000Z,738.05,738.84,737.96,738.84,279.45
2025-07-18T10:07:00.000000Z,738.83,738.83,737.5,737.75,274.98
2025-07-18T10:08:00.000000Z,737.76,737.76,737.16,737.28,639.63
2025-07-18T10:09:00.000000Z,737.24,738.2,737.16,737.81,268.98
2025-07-18T10:10:00.000000Z,737.81,738.97,737.81,738.35,320.24
2025-07-18T10:11:00.000000Z,738.39,738.44,737.58,737.9,1024.2
2025-07-18T10:12:00.000000Z,737.9,738.67,737.88,737.88,658.09
2025-07-18T10:13:00.000000Z,737.87,739.56,737.2,737.32,4127.61
2025-07-18T10:14:00.000000Z,737.32,737.99,737.0,737.92,476.27
2025-07-18T10:15:00.000000Z,737.91,738.75,737.72,738.14,667.24
2025-07-18T10:16:00.000000Z,738.13,738.13,737.24,737.28,566.5
2025-07-18T10:17:00.000000Z,737.28,737.96,737.24,737.73,320.28
2025-07-18T10:18:00.000000Z,737.73,737.83,736.43,736.44,677.81
2025-07-18T10:19:00.000000Z,736.43,736.54,736.13,736.2,499.56
2025-07-18T10:20:00.000000Z,736.19,736.2,735.14,735.83,915.85
2025-07-18T10:21:00.000000Z,735.83,736.35,735.61,735.95,500.47
2025-07-18T10:22:00.000000Z,735.95,736.44,735.5,735.75,464.71
2025-07-18T10:23:00.000000Z,735.73,736.24,735.61,736.19,532.54
2025-07-18T10:24:00.000000Z,736.19,736.88,736.13,736.88,349.61
2025-07-18T10:25:00.000000Z,736.87,737.74,736.69,737.73,277.48
2025-07-18T10:26:00.000000Z,737.73,737.76,736.92,736.92,284.71
2025-07-18T10:27:00.000000Z,736.92,737.28,736.92,737.28,165.76
2025-07-18T10:28:00.000000Z,737.28,737.28,736.5,736.5,257.46
2025-07-18T10:29:00.000000Z,736.51,736.8,736.38,736.46,141.55
2025-07-18T10:30:00.000000Z,736.48,737.24,736.47,736.81,300.43
2025-07-18T10:31:00.000000Z,736.8,736.96,736.5,736.74,159.54
2025-07-18T10:32:00.000000Z,736.72,737.15,736.43,737.15,249.24
2025-07-18T10:33:00.000000Z,737.16,737.29,737.0,737.28,238.7
2025-07-18T10:34:00.000000Z,737.28,737.45,736.87,737.45,234.06
2025-07-18T10:35:00.000000Z,737.44,737.67,736.77,736.85,358.72
2025-07-18T10:36:00.000000Z,736.85,737.13,736.85,737.08,296.09
2025-07-18T10:37:00.000000Z,737.08,737.08,735.76,735.77,379.16
2025-07-18T10:38:00.000000Z,735.77,736.28,735.57,736.04,288.2
2025-07-18T10:39:00.000000Z,736.05,736.4,735.14,735.43,472.4
2025-07-18T10:40:00.000000Z,735.43,736.14,735.24,735.94,495.2
2025-07-18T10:41:00.000000Z,735.94,735.94,735.22,735.84,355.43
2025-07-18T10:42:00.000000Z,735.84,736.4,735.72,736.4,143.24
2025-07-18T10:43:00.000000Z,736.39,736.4,735.88,736.16,159.34
2025-07-18T10:44:00.000000Z,736.15,736.4,735.96,736.32,160.34
2025-07-18T10:45:00.000000Z,736.31,736.32,735.41,735.52,266.62
2025-07-18T10:46:00.000000Z,735.51,737.0,735.4,736.94,314.62
2025-07-18T10:47:00.000000Z,736.94,737.0,736.56,736.68,176.64
2025-07-18T10:48:00.000000Z,736.69,737.56,736.69,737.56,246.86
2025-07-18T10:49:00.000000Z,737.56,738.11,737.55,737.93,252.06
2025-07-18T10:50:00.000000Z,737.95,738.07,737.76,737.99,189.18
2025-07-18T10:51:00.000000Z,737.98,738.79,737.98,738.79,487.99
2025-07-18T10:52:00.000000Z,738.79,739.3,738.68,739.17,783.28
2025-07-18T10:53:00.000000Z,739.2,739.36,739.0,739.33,518.69
2025-07-18T10:54:00.000000Z,739.34,739.74,739.28,739.53,641.0
2025-07-18T10:55:00.000000Z,739.52,739.68,739.01,739.68,624.13
2025-07-18T10:56:00.000000Z,739.68,740.46,739.67,739.74,1074.96
2025-07-18T10:57:00.000000Z,739.73,740.36,739.73,740.17,326.38
2025-07-18T10:58:00.000000Z,740.17,740.17,739.68,739.73,562.88
2025-07-18T10:59:00.000000Z,739.73,740.03,739.73,739.85,192.81
2025-07-18T11:00:00.000000Z,739.85,740.16,739.8,740.07,266.02
2025-07-18T11:01:00.000000Z,740.07,740.2,739.76,739.89,394.18
2025-07-18T11:02:00.000000Z,739.89,739.9,739.34,739.35,458.56
2025-07-18T11:03:00.000000Z,739.35,739.6,738.77,739.1,487.58
2025-07-18T11:04:00.000000Z,739.1,739.22,738.38,738.48,349.38
2025-07-18T11:05:00.000000Z,738.48,738.95,738.47,738.67,266.73
2025-07-18T11:06:00.000000Z,738.67,739.27,738.66,738.83,342.28
2025-07-18T11:07:00.000000Z,738.83,739.36,738.82,739.08,186.35
2025-07-18T11:08:00.000000Z,739.07,739.07,738.38,738.84,178.57
2025-07-18T11:09:00.000000Z,738.83,739.08,738.52,739.08,234.91
2025-07-18T11:10:00.000000Z,739.07,739.15,738.36,738.44,519.19
2025-07-18T11:11:00.000000Z,738.43,738.44,737.59,737.59,442.85
2025-07-18T11:12:00.000000Z,737.6,737.6,736.68,736.68,302.81
2025-07-18T11:13:00.000000Z,736.69,737.0,736.51,736.7,194.25
2025-07-18T11:14:00.000000Z,736.71,736.8,736.15,736.3,384.15
2025-07-18T11:15:00.000000Z,736.3,736.8,736.29,736.56,270.93
2025-07-18T11:16:00.000000Z,736.57,736.79,736.4,736.59,167.38
2025-07-18T11:17:00.000000Z,736.6,736.6,736.09,736.1,165.48
2025-07-18T11:18:00.000000Z,736.09,736.2,735.52,735.66,1398.25
2025-07-18T11:19:00.000000Z,735.66,735.71,735.2,735.56,1143.67
2025-07-18T11:20:00.000000Z,735.57,735.57,735.0,735.11,837.64
2025-07-18T11:21:00.000000Z,735.11,735.11,733.32,733.79,2121.68
2025-07-18T11:22:00.000000Z,733.79,733.79,733.39,733.76,658.83
2025-07-18T11:23:00.000000Z,733.77,734.08,733.5,733.65,658.19
2025-07-18T11:24:00.000000Z,733.65,734.0,733.65,733.92,547.06
2025-07-18T11:25:00.000000Z,733.91,734.32,733.76,734.21,478.55
2025-07-18T11:26:00.000000Z,734.21,734.54,734.05,734.54,697.57
2025-07-18T11:27:00.000000Z,734.55,734.92,733.67,733.85,605.24
2025-07-18T11:28:00.000000Z,733.86,734.39,733.73,734.38,387.28
2025-07-18T11:29:00.000000Z,734.39,734.39,733.84,733.84,178.64
2025-07-18T11:30:00.000000Z,733.83,734.18,733.18,733.47,573.96
2025-07-18T11:31:00.000000Z,733.46,733.96,733.36,733.7,405.34
2025-07-18T11:32:00.000000Z,733.7,734.37,733.41,734.37,404.83
2025-07-18T11:33:00.000000Z,734.37,734.48,733.95,734.24,496.57
2025-07-18T11:34:00.000000Z,734.24,734.61,734.21,734.58,536.11
2025-07-18T11:35:00.000000Z,734.59,735.32,734.59,735.2,375.11
2025-07-18T11:36:00.000000Z,735.23,736.2,735.22,735.61,589.51
2025-07-18T11:37:00.000000Z,735.61,735.85,735.44,735.8,343.9
2025-07-18T11:38:00.000000Z,735.81,735.92,735.73,735.91,205.43
2025-07-18T11:39:00.000000Z,735.91,736.16,735.76,735.8,194.76
2025-07-18T11:40:00.000000Z,735.8,736.16,735.47,736.15,913.81
2025-07-18T11:41:00.000000Z,736.15,736.16,735.55,735.84,306.55
2025-07-18T11:42:00.000000Z,735.83,736.2,735.76,735.77,134.36
2025-07-18T11:43:00.000000Z,735.76,736.18,735.76,736.18,180.21
2025-07-18T11:44:00.000000Z,736.17,736.18,735.97,736.07,229.22
2025-07-18T11:45:00.000000Z,736.07,736.4,736.04,736.04,186.91
2025-07-18T11:46:00.000000Z,736.05,736.24,735.7,735.98,225.75
2025-07-18T11:47:00.000000Z,735.98,736.18,735.89,736.06,149.26
2025-07-18T11:48:00.000000Z,736.05,736.82,735.92,736.82,188.01
2025-07-18T11:49:00.000000Z,736.81,736.82,736.31,736.51,305.0
2025-07-18T11:50:00.000000Z,736.52,736.75,736.12,736.21,254.46
2025-07-18T11:51:00.000000Z,736.2,736.24,735.72,735.91,251.88
2025-07-18T11:52:00.000000Z,735.91,735.92,735.32,735.37,162.26
2025-07-18T11:53:00.000000Z,735.37,735.82,735.2,735.78,110.46
2025-07-18T11:54:00.000000Z,735.77,736.3,735.69,736.3,160.7
2025-07-18T11:55:00.000000Z,736.32,737.37,736.31,736.98,354.93
2025-07-18T11:56:00.000000Z,736.99,737.56,736.84,737.51,145.5
2025-07-18T11:57:00.000000Z,737.5,737.51,736.91,737.17,428.08
2025-07-18T11:58:00.000000Z,737.18,737.36,737.14,737.16,141.41
2025-07-18T11:59:00.000000Z,737.17,737.28,736.98,737.25,186.84
2025-07-18T12:00:00.000000Z,737.25,737.52,737.08,737.52,436.84
2025-07-18T12:01:00.000000Z,737.52,737.92,737.32,737.91,167.23
2025-07-18T12:02:00.000000Z,737.91,738.2,737.91,738.08,470.9
2025-07-18T12:03:00.000000Z,738.07,738.54,737.98,738.5,281.02
2025-07-18T12:04:00.000000Z,738.52,738.64,738.04,738.05,238.34
2025-07-18T12:05:00.000000Z,738.05,738.5,737.98,738.09,153.66
2025-07-18T12:06:00.000000Z,738.1,738.28,737.88,737.99,196.04
2025-07-18T12:07:00.000000Z,738.0,738.05,737.45,737.95,323.08
2025-07-18T12:08:00.000000Z,737.95,738.25,737.87,738.16,94.27
2025-07-18T12:09:00.000000Z,738.15,738.15,737.62,738.07,176.39
2025-07-18T12:10:00.000000Z,738.06,738.32,738.0,738.3,130.26
2025-07-18T12:11:00.000000Z,738.31,738.67,738.01,738.32,617.49
2025-07-18T12:12:00.000000Z,738.33,738.48,738.15,738.2,195.6
2025-07-18T12:13:00.000000Z,738.2,738.62,738.04,738.61,438.68
2025-07-18T12:14:00.000000Z,738.62,738.62,738.2,738.2,436.15
2025-07-18T12:15:00.000000Z,738.2,738.2,737.43,737.82,295.44
2025-07-18T12:16:00.000000Z,737.8,738.35,737.8,738.34,167.53
2025-07-18T12:17:00.000000Z,738.35,738.67,738.15,738.34,140.46
2025-07-18T12:18:00.000000Z,738.35,739.32,738.34,738.85,386.26
2025-07-18T12:19:00.000000Z,738.85,739.16,738.65,739.06,149.87
2025-07-18T12:20:00.000000Z,739.07,739.28,738.89,738.96,200.44
2025-07-18T12:21:00.000000Z,738.96,739.03,738.41,739.03,211.84
2025-07-18T12:22:00.000000Z,739.04,739.2,738.82,739.12,367.54
2025-07-18T12:23:00.000000Z,739.11,739.88,739.11,739.64,317.08
2025-07-18T12:24:00.000000Z,739.64,739.95,739.35,739.61,360.37
2025-07-18T12:25:00.000000Z,739.6,739.94,739.28,739.75,753.61
2025-07-18T12:26:00.000000Z,739.76,740.57,739.64,740.2,1488.93
2025-07-18T12:27:00.000000Z,740.19,742.11,739.68,741.92,3308.26
2025-07-18T12:28:00.000000Z,741.92,742.58,741.36,741.66,3374.27
2025-07-18T12:29:00.000000Z,741.67,742.12,741.32,741.33,486.97
2025-07-18T12:30:00.000000Z,741.32,742.44,741.26,742.44,770.33
2025-07-18T12:31:00.000000Z,742.44,743.0,742.02,742.93,1035.5
2025-07-18T12:32:00.000000Z,742.91,744.35,742.91,744.12,2385.16
2025-07-18T12:33:00.000000Z,744.12,744.2,743.41,743.55,1121.73
2025-07-18T12:34:00.000000Z,743.56,743.72,743.01,743.48,660.49
2025-07-18T12:35:00.000000Z,743.48,744.2,743.48,744.19,509.96
2025-07-18T12:36:00.000000Z,744.19,744.57,743.96,744.37,468.9
2025-07-18T12:37:00.000000Z,744.36,744.69,744.09,744.69,756.93
2025-07-18T12:38:00.000000Z,744.68,745.4,744.52,744.96,883.78
2025-07-18T12:39:00.000000Z,744.96,745.0,744.2,744.48,411.65
2025-07-18T12:40:00.000000Z,744.48,745.03,744.26,744.88,710.77
2025-07-18T12:41:00.000000Z,744.87,745.11,744.76,744.8,674.96
2025-07-18T12:42:00.000000Z,744.81,745.37,744.81,745.14,810.47
2025-07-18T12:43:00.000000Z,745.14,745.93,745.06,745.5,996.34
2025-07-18T12:44:00.000000Z,745.51,745.68,745.32,745.67,433.62
2025-07-18T12:45:00.000000Z,745.68,745.79,745.13,745.62,686.12
2025-07-18T12:46:00.000000Z,745.62,745.94,745.49,745.7,695.01
2025-07-18T12:47:00.000000Z,745.65,745.84,745.6,745.83,249.82
2025-07-18T12:48:00.000000Z,745.84,746.33,745.68,746.33,729.51
2025-07-18T12:49:00.000000Z,746.33,747.32,746.33,746.65,1694.66
2025-07-18T12:50:00.000000Z,746.65,746.96,746.52,746.95,666.29
2025-07-18T12:51:00.000000Z,746.96,747.4,746.65,746.65,2070.8
2025-07-18T12:52:00.000000Z,746.65,747.77,746.65,747.69,1899.52
2025-07-18T12:53:00.000000Z,747.69,748.36,747.69,748.22,1383.96
2025-07-18T12:54:00.000000Z,748.23,749.68,748.22,749.57,4214.44
2025-07-18T12:55:00.000000Z,749.57,750.43,749.04,749.79,7349.48
2025-07-18T12:56:00.000000Z,749.79,750.16,749.55,750.14,1173.71
2025-07-18T12:57:00.000000Z,750.14,750.46,750.09,750.45,1416.36
2025-07-18T12:58:00.000000Z,750.45,750.64,750.24,750.24,1902.25
2025-07-18T12:59:00.000000Z,750.25,750.88,750.25,750.55,1930.3
2025-07-18T13:00:00.000000Z,750.55,751.37,750.32,750.58,3937.07
2025-07-18T13:01:00.000000Z,750.58,751.32,750.0,751.06,2358.48
2025-07-18T13:02:00.000000Z,751.07,753.0,750.8,752.87,7859.98
2025-07-18T13:03:00.000000Z,752.87,754.52,752.76,753.96,7740.12
2025-07-18T13:04:00.000000Z,753.96,756.89,753.94,754.63,11308.31
2025-07-18T13:05:00.000000Z,754.64,759.4,753.42,758.69,17385.65
2025-07-18T13:06:00.000000Z,758.69,761.24,757.25,760.22,11561.81
2025-07-18T13:07:00.000000Z,760.22,762.94,758.85,761.73,7528.54
2025-07-18T13:08:00.000000Z,761.72,761.95,758.92,759.81,5837.89
2025-07-18T13:09:00.000000Z,759.81,761.78,759.37,761.77,4103.62
2025-07-18T13:10:00.000000Z,761.79,764.13,761.53,764.13,7188.24
2025-07-18T13:11:00.000000Z,764.14,764.2,761.02,762.42,5328.57
2025-07-18T13:12:00.000000Z,762.4,765.92,761.84,765.91,8821.2
2025-07-18T13:13:00.000000Z,765.91,766.26,763.52,764.13,7640.68
2025-07-18T13:14:00.000000Z,764.13,764.51,762.52,763.2,3202.41
2025-07-18T13:15:00.000000Z,763.23,764.07,761.52,761.96,3977.44
2025-07-18T13:16:00.000000Z,761.95,762.07,759.28,759.34,5157.5
2025-07-18T13:17:00.000000Z,759.34,760.07,759.2,759.76,2775.79
2025-07-18T13:18:00.000000Z,759.76,760.94,759.2,760.77,2453.21
2025-07-18T13:19:00.000000Z,760.76,762.12,759.43,759.43,2037.93
2025-07-18T13:20:00.000000Z,759.42,760.36,758.72,759.79,2760.06
2025-07-18T13:21:00.000000Z,759.79,760.52,759.01,759.73,1502.5
2025-07-18T13:22:00.000000Z,759.72,760.8,759.63,760.2,2148.3
2025-07-18T13:23:00.000000Z,760.17,761.28,759.71,759.82,1767.43
2025-07-18T13:24:00.000000Z,759.82,761.33,759.29,760.61,1931.11
2025-07-18T13:25:00.000000Z,760.61,761.37,759.77,761.13,1642.27
2025-07-18T13:26:00.000000Z,761.13,761.16,759.45,759.89,1749.46
2025-07-18T13:27:00.000000Z,759.9,760.27,757.44,758.64,4203.86
2025-07-18T13:28:00.000000Z,758.64,759.54,758.64,759.54,1631.63
2025-07-18T13:29:00.000000Z,759.54,759.56,757.96,758.59,1438.41
2025-07-18T13:30:00.000000Z,758.58,758.63,757.37,757.64,1591.47
2025-07-18T13:31:00.000000Z,757.63,759.3,756.8,758.96,3504.73
2025-07-18T13:32:00.000000Z,758.96,760.05,758.8,760.0,1561.31
2025-07-18T13:33:00.000000Z,759.99,760.34,759.11,759.2,2096.44
2025-07-18T13:34:00.000000Z,759.25,759.31,757.57,757.87,1016.24
2025-07-18T13:35:00.000000Z,757.88,758.71,756.37,758.6,2618.9
2025-07-18T13:36:00.000000Z,758.59,760.08,758.28,760.04,1206.59
2025-07-18T13:37:00.000000Z,760.05,761.08,759.88,761.0,1998.13
2025-07-18T13:38:00.000000Z,760.99,761.13,760.09,760.67,1464.89
2025-07-18T13:39:00.000000Z,760.67,761.94,759.93,760.24,2384.49
2025-07-18T13:40:00.000000Z,760.2,760.75,756.49,756.67,1977.07
2025-07-18T13:41:00.000000Z,756.62,757.33,756.13,756.72,2113.89
2025-07-18T13:42:00.000000Z,756.71,756.79,755.6,756.34,1811.53
2025-07-18T13:43:00.000000Z,756.33,756.83,755.76,756.08,865.66
2025-07-18T13:44:00.000000Z,756.08,756.64,755.67,755.67,597.84
2025-07-18T13:45:00.000000Z,755.67,757.71,755.67,757.28,1525.97
2025-07-18T13:46:00.000000Z,757.28,758.33,757.28,758.11,868.03
2025-07-18T13:47:00.000000Z,758.12,758.82,758.02,758.21,724.27
2025-07-18T13:48:00.000000Z,758.2,759.28,758.01,758.41,863.01
2025-07-18T13:49:00.000000Z,758.41,759.91,757.76,759.19,1248.38
2025-07-18T13:50:00.000000Z,759.18,759.65,758.76,759.01,755.16
2025-07-18T13:51:00.000000Z,759.01,759.01,758.14,758.17,1772.6
2025-07-18T13:52:00.000000Z,758.16,758.21,757.39,757.48,847.25
2025-07-18T13:53:00.000000Z,757.48,757.61,757.22,757.24,480.57
2025-07-18T13:54:00.000000Z,757.24,757.24,755.77,755.77,759.35
2025-07-18T13:55:00.000000Z,755.77,756.17,755.17,755.49,601.04
2025-07-18T13:56:00.000000Z,755.49,756.69,755.49,756.35,1800.09
2025-07-18T13:57:00.000000Z,756.36,756.36,755.6,755.81,712.99
2025-07-18T13:58:00.000000Z,755.81,758.19,755.8,758.12,1013.76
2025-07-18T13:59:00.000000Z,758.12,758.12,756.26,757.09,990.97
2025-07-18T14:00:00.000000Z,757.08,757.56,756.86,757.4,1210.46
2025-07-18T14:01:00.000000Z,757.32,757.33,756.24,756.94,1055.81
2025-07-18T14:02:00.000000Z,756.95,756.95,755.58,756.5,1157.31
2025-07-18T14:03:00.000000Z,756.51,756.67,755.72,756.23,642.64
2025-07-18T14:04:00.000000Z,756.23,757.19,756.03,756.82,762.45
2025-07-18T14:05:00.000000Z,756.82,757.12,756.13,756.2,654.11
2025-07-18T14:06:00.000000Z,756.2,757.35,756.2,757.23,335.44
2025-07-18T14:07:00.000000Z,757.31,758.49,757.29,758.48,643.58
2025-07-18T14:08:00.000000Z,758.49,759.2,758.16,758.94,1007.89
2025-07-18T14:09:00.000000Z,758.95,759.13,758.36,759.12,628.84
2025-07-18T14:10:00.000000Z,759.11,759.55,758.81,759.49,666.53
2025-07-18T14:11:00.000000Z,759.48,759.88,759.13,759.87,841.48
2025-07-18T14:12:00.000000Z,759.87,759.98,758.84,759.09,885.98
2025-07-18T14:13:00.000000Z,759.12,759.12,758.33,758.83,590.15
2025-07-18T14:14:00.000000Z,758.81,758.81,757.45,757.49,1194.73
2025-07-18T14:15:00.000000Z,757.49,758.47,756.93,758.09,591.96
2025-07-18T14:16:00.000000Z,758.09,758.09,755.48,755.52,2266.14
2025-07-18T14:17:00.000000Z,755.52,755.64,753.25,754.43,4776.7
2025-07-18T14:18:00.000000Z,754.42,754.42,753.0,753.19,2330.64
2025-07-18T14:19:00.000000Z,753.19,753.58,752.33,752.45,2380.07
2025-07-18T14:20:00.000000Z,752.45,752.48,750.43,751.23,3231.19
2025-07-18T14:21:00.000000Z,751.24,752.44,750.63,752.38,1902.79
2025-07-18T14:22:00.000000Z,752.38,752.94,750.53,750.58,1710.66
2025-07-18T14:23:00.000000Z,750.58,750.7,748.58,749.45,4567.14
2025-07-18T14:24:00.000000Z,749.44,749.47,747.18,747.4,3605.17
2025-07-18T14:25:00.000000Z,747.4,747.59,746.36,746.44,3622.79
2025-07-18T14:26:00.000000Z,746.44,746.62,744.6,745.91,4872.02
2025-07-18T14:27:00.000000Z,745.97,748.81,743.0,748.0,5163.22
2025-07-18T14:28:00.000000Z,747.99,748.75,745.31,746.01,7063.32
2025-07-18T14:29:00.000000Z,746.03,746.76,744.84,745.0,2254.85
2025-07-18T14:30:00.000000Z,745.01,747.72,744.81,747.31,4137.41
2025-07-18T14:31:00.000000Z,747.27,747.6,744.69,744.75,3061.63
2025-07-18T14:32:00.000000Z,744.75,745.28,742.03,743.27,4229.77
2025-07-18T14:33:00.000000Z,743.26,744.41,742.72,744.4,1721.38
2025-07-18T14:34:00.000000Z,744.4,744.63,743.0,743.5,1816.48
2025-07-18T14:35:00.000000Z,743.53,744.13,742.22,742.64,2007.56
2025-07-18T14:36:00.000000Z,742.63,743.43,742.12,743.19,1022.98
2025-07-18T14:37:00.000000Z,743.13,745.26,743.0,743.61,1299.41
2025-07-18T14:38:00.000000Z,743.61,745.22,742.58,742.58,1711.49
2025-07-18T14:39:00.000000Z,742.56,743.34,741.02,741.73,6007.63
2025-07-18T14:40:00.000000Z,741.71,743.28,741.19,741.95,1706.15
2025-07-18T14:41:00.000000Z,741.93,741.93,739.87,740.38,3771.02
2025-07-18T14:42:00.000000Z,740.37,741.75,739.22,741.68,2535.85
2025-07-18T14:43:00.000000Z,741.68,743.47,740.91,743.4,2124.23
2025-07-18T14:44:00.000000Z,743.41,744.65,743.12,744.31,1105.81
2025-07-18T14:45:00.000000Z,744.3,746.0,743.8,745.69,2819.84
2025-07-18T14:46:00.000000Z,745.68,745.95,745.21,745.36,2024.44
2025-07-18T14:47:00.000000Z,745.37,745.78,744.15,745.2,1098.49
2025-07-18T14:48:00.000000Z,745.2,746.0,745.0,745.05,905.4
2025-07-18T14:49:00.000000Z,745.12,745.82,744.65,745.37,564.28
2025-07-18T14:50:00.000000Z,745.37,747.77,745.22,747.28,1012.8
2025-07-18T14:51:00.000000Z,747.31,747.86,746.83,746.94,1882.71
2025-07-18T14:52:00.000000Z,746.94,747.47,746.6,747.03,1128.25
2025-07-18T14:53:00.000000Z,747.0,748.0,746.68,747.99,1023.46
2025-07-18T14:54:00.000000Z,747.99,748.42,747.62,748.05,1703.72
2025-07-18T14:55:00.000000Z,748.05,748.56,747.81,747.82,1111.32
2025-07-18T14:56:00.000000Z,747.81,749.22,747.81,748.84,1937.49
2025-07-18T14:57:00.000000Z,748.84,750.17,748.84,749.36,1577.4
2025-07-18T14:58:00.000000Z,749.35,749.35,747.91,748.03,722.7
2025-07-18T14:59:00.000000Z,748.03,748.53,747.45,747.53,883.13
2025-07-18T15:00:00.000000Z,747.53,747.6,745.15,745.15,2370.83
2025-07-18T15:01:00.000000Z,745.14,746.44,745.08,746.44,821.77
2025-07-18T15:02:00.000000Z,746.43,746.7,745.54,746.7,914.41
2025-07-18T15:03:00.000000Z,746.71,747.04,745.64,745.82,690.84
2025-07-18T15:04:00.000000Z,745.82,745.91,744.73,745.2,675.28
2025-07-18T15:05:00.000000Z,745.2,746.53,744.84,746.45,766.94
2025-07-18T15:06:00.000000Z,746.44,747.0,745.41,745.41,331.83
2025-07-18T15:07:00.000000Z,745.41,745.68,743.92,744.21,906.68
2025-07-18T15:08:00.000000Z,744.21,745.42,744.21,744.88,610.58
2025-07-18T15:09:00.000000Z,744.85,745.51,744.43,744.48,547.2
2025-07-18T15:10:00.000000Z,744.48,746.08,744.48,745.16,506.62
2025-07-18T15:11:00.000000Z,745.15,745.68,743.63,743.63,722.65
2025-07-18T15:12:00.000000Z,743.62,743.62,742.43,742.43,1072.19
2025-07-18T15:13:00.000000Z,742.42,742.43,741.33,742.11,1140.91
2025-07-18T15:14:00.000000Z,742.11,742.11,741.23,741.47,808.56
2025-07-18T15:15:00.000000Z,741.47,743.36,741.13,743.04,1553.95
2025-07-18T15:16:00.000000Z,743.04,743.56,741.62,741.87,2386.05
2025-07-18T15:17:00.000000Z,741.86,742.16,740.04,740.42,1612.7
2025-07-18T15:18:00.000000Z,740.41,740.54,738.22,739.0,5614.24
2025-07-18T15:19:00.000000Z,738.99,739.03,735.83,737.0,6104.14
2025-07-18T15:20:00.000000Z,736.99,737.93,736.65,737.43,1959.27
2025-07-18T15:21:00.000000Z,737.44,737.56,736.51,736.67,1597.64
2025-07-18T15:22:00.000000Z,736.66,738.15,736.16,736.28,1401.46
2025-07-18T15:23:00.000000Z,736.33,736.71,735.11,735.32,2088.91
2025-07-18T15:24:00.000000Z,735.35,735.36,732.15,734.48,8159.86
2025-07-18T15:25:00.000000Z,734.47,734.56,732.76,733.89,3743.6
2025-07-18T15:26:00.000000Z,733.89,735.69,733.35,735.69,1824.36
2025-07-18T15:27:00.000000Z,735.69,735.76,734.21,734.37,968.11
2025-07-18T15:28:00.000000Z,734.39,735.88,734.24,735.07,960.39
2025-07-18T15:29:00.000000Z,735.08,735.18,734.12,734.51,478.28
2025-07-18T15:30:00.000000Z,734.51,735.88,734.51,734.99,1193.54
2025-07-18T15:31:00.000000Z,734.98,735.32,734.46,734.71,1616.74
2025-07-18T15:32:00.000000Z,734.71,735.52,734.51,735.01,955.81
2025-07-18T15:33:00.000000Z,735.02,737.04,735.02,736.61,974.21
2025-07-18T15:34:00.000000Z,736.6,736.6,735.62,735.93,631.84
2025-07-18T15:35:00.000000Z,735.93,736.31,734.92,734.93,939.53
2025-07-18T15:36:00.000000Z,734.93,735.28,732.58,732.73,1995.39
2025-07-18T15:37:00.000000Z,732.73,735.03,732.64,734.28,1894.56
2025-07-18T15:38:00.000000Z,734.28,734.8,733.75,734.04,1650.23
2025-07-18T15:39:00.000000Z,734.03,734.8,733.6,733.81,659.33
2025-07-18T15:40:00.000000Z,733.81,734.85,733.56,734.85,898.21
2025-07-18T15:41:00.000000Z,734.86,735.91,734.74,734.93,711.19
2025-07-18T15:42:00.000000Z,734.92,734.92,731.65,732.01,1935.21
2025-07-18T15:43:00.000000Z,732.0,734.44,731.36,734.31,1892.75
2025-07-18T15:44:00.000000Z,734.31,734.69,733.48,734.41,451.16
2025-07-18T15:45:00.000000Z,734.4,734.56,732.67,733.41,760.37
2025-07-18T15:46:00.000000Z,733.42,734.56,733.42,734.53,918.07
2025-07-18T15:47:00.000000Z,734.52,735.1,733.9,735.0,678.38
2025-07-18T15:48:00.000000Z,735.05,736.54,734.68,736.54,1244.34
2025-07-18T15:49:00.000000Z,736.54,736.8,735.92,736.43,992.28
2025-07-18T15:50:00.000000Z,736.45,737.42,736.45,737.26,955.94
2025-07-18T15:51:00.000000Z,737.26,738.49,737.26,738.22,1055.74
2025-07-18T15:52:00.000000Z,738.22,738.33,738.03,738.23,718.59
2025-07-18T15:53:00.000000Z,738.24,738.51,737.32,737.42,776.73
2025-07-18T15:54:00.000000Z,737.41,738.0,737.14,737.48,370.62
2025-07-18T15:55:00.000000Z,737.47,737.92,736.9,737.52,709.17
2025-07-18T15:56:00.000000Z,737.51,738.36,737.34,737.79,332.63
2025-07-18T15:57:00.000000Z,737.79,738.5,737.67,737.67,344.9
2025-07-18T15:58:00.000000Z,737.67,738.32,737.6,738.26,287.14
2025-07-18T15:59:00.000000Z,738.25,738.42,737.93,737.93,429.94
2025-07-18T16:00:00.000000Z,737.92,739.28,737.92,739.21,927.84
2025-07-18T16:01:00.000000Z,739.2,739.39,738.72,738.88,1304.16
2025-07-18T16:02:00.000000Z,738.87,738.99,738.32,738.49,475.47
2025-07-18T16:03:00.000000Z,738.49,740.48,738.49,739.57,1331.75
2025-07-18T16:04:00.000000Z,739.56,739.57,738.25,739.44,699.38
2025-07-18T16:05:00.000000Z,739.44,740.0,739.04,739.89,559.65
2025-07-18T16:06:00.000000Z,739.89,740.4,739.57,739.6,499.54
2025-07-18T16:07:00.000000Z,739.61,739.68,737.56,738.77,1219.26
2025-07-18T16:08:00.000000Z,738.76,738.76,737.16,737.16,340.44
2025-07-18T16:09:00.000000Z,737.17,737.95,736.78,737.71,691.25
2025-07-18T16:10:00.000000Z,737.68,738.77,737.2,737.96,484.09
2025-07-18T16:11:00.000000Z,737.96,739.15,737.95,738.99,656.71
2025-07-18T16:12:00.000000Z,738.99,739.16,737.5,737.53,555.13
2025-07-18T16:13:00.000000Z,737.52,738.69,737.52,738.52,584.8
2025-07-18T16:14:00.000000Z,738.52,738.53,737.23,737.4,322.11
2025-07-18T16:15:00.000000Z,737.36,737.61,735.98,735.98,1172.53
2025-07-18T16:16:00.000000Z,735.96,738.37,735.76,738.11,542.91
2025-07-18T16:17:00.000000Z,738.1,738.43,737.5,738.43,485.6
2025-07-18T16:18:00.000000Z,738.43,738.5,737.6,737.75,498.84
2025-07-18T16:19:00.000000Z,737.76,739.94,737.76,739.85,879.45
2025-07-18T16:20:00.000000Z,739.85,740.08,738.67,738.67,651.01
2025-07-18T16:21:00.000000Z,738.67,739.35,738.57,739.15,468.5
2025-07-18T16:22:00.000000Z,739.15,739.47,738.4,739.33,402.53
2025-07-18T16:23:00.000000Z,739.32,739.7,738.85,739.7,462.41
2025-07-18T16:24:00.000000Z,739.7,740.0,739.0,739.99,747.49
2025-07-18T16:25:00.000000Z,739.99,740.19,739.16,739.16,965.65
2025-07-18T16:26:00.000000Z,739.16,739.96,738.64,738.88,461.61
2025-07-18T16:27:00.000000Z,738.87,739.9,738.52,738.97,827.35
2025-07-18T16:28:00.000000Z,738.98,739.64,738.88,739.15,367.03
2025-07-18T16:29:00.000000Z,739.16,740.53,739.16,740.12,1729.09
2025-07-18T16:30:00.000000Z,740.11,741.03,739.47,740.72,1395.82
2025-07-18T16:31:00.000000Z,740.7,741.04,740.13,740.13,411.16
2025-07-18T16:32:00.000000Z,740.13,741.42,740.1,741.23,706.55
2025-07-18T16:33:00.000000Z,741.23,741.44,740.44,740.53,473.06
2025-07-18T16:34:00.000000Z,740.53,740.8,739.51,739.67,303.69
2025-07-18T16:35:00.000000Z,739.67,741.88,739.32,741.78,727.85
2025-07-18T16:36:00.000000Z,741.78,742.0,741.08,741.49,668.71
2025-07-18T16:37:00.000000Z,741.49,742.0,740.69,740.77,412.59
2025-07-18T16:38:00.000000Z,740.8,742.36,740.8,742.0,636.95
2025-07-18T16:39:00.000000Z,742.01,742.11,741.4,742.11,382.25
2025-07-18T16:40:00.000000Z,742.12,743.76,742.12,743.76,1467.39
2025-07-18T16:41:00.000000Z,743.77,744.22,743.26,744.22,827.49
2025-07-18T16:42:00.000000Z,744.22,744.77,744.0,744.05,1645.7
2025-07-18T16:43:00.000000Z,744.02,744.43,743.64,744.43,1694.37
2025-07-18T16:44:00.000000Z,744.43,744.7,744.34,744.62,774.11
2025-07-18T16:45:00.000000Z,744.6,744.75,744.3,744.74,917.68
2025-07-18T16:46:00.000000Z,744.74,745.0,743.98,743.98,1668.15
2025-07-18T16:47:00.000000Z,743.98,744.83,743.98,744.19,476.47
2025-07-18T16:48:00.000000Z,744.18,744.35,743.61,743.78,1024.43
2025-07-18T16:49:00.000000Z,743.77,744.24,743.36,744.2,446.06
2025-07-18T16:50:00.000000Z,744.19,744.36,743.88,744.09,499.35
2025-07-18T16:51:00.000000Z,744.07,744.55,743.8,744.53,683.22
2025-07-18T16:52:00.000000Z,744.53,744.53,743.62,743.99,424.88
2025-07-18T16:53:00.000000Z,744.0,744.11,743.49,743.83,411.61
2025-07-18T16:54:00.000000Z,743.84,744.66,743.84,744.53,297.21
2025-07-18T16:55:00.000000Z,744.53,744.8,744.28,744.61,290.49
2025-07-18T16:56:00.000000Z,744.64,744.88,744.63,744.63,305.33
2025-07-18T16:57:00.000000Z,744.6,744.62,744.0,744.31,479.63
2025-07-18T16:58:00.000000Z,744.31,744.44,743.19,743.22,530.49
2025-07-18T16:59:00.000000Z,743.2,743.88,742.72,743.87,626.96
2025-07-18T17:00:00.000000Z,743.88,744.18,743.53,743.68,600.21
2025-07-18T17:01:00.000000Z,743.69,744.1,742.92,743.2,497.91
2025-07-18T17:02:00.000000Z,743.17,743.17,742.15,743.05,1346.1
2025-07-18T17:03:00.000000Z,743.07,743.19,742.08,742.84,694.36
2025-07-18T17:04:00.000000Z,742.83,742.83,742.05,742.18,421.77
2025-07-18T17:05:00.000000Z,742.2,744.16,741.83,744.07,610.94
2025-07-18T17:06:00.000000Z,744.04,744.96,743.81,744.72,1514.82
2025-07-18T17:07:00.000000Z,744.71,744.86,744.28,744.42,414.42
2025-07-18T17:08:00.000000Z,744.41,744.78,743.96,744.65,411.34
2025-07-18T17:09:00.000000Z,744.64,744.64,744.21,744.57,205.42
2025-07-18T17:10:00.000000Z,744.57,744.57,743.22,743.39,391.45
2025-07-18T17:11:00.000000Z,743.39,744.04,743.29,744.03,410.73
2025-07-18T17:12:00.000000Z,744.03,745.0,744.0,744.75,1098.71
2025-07-18T17:13:00.000000Z,744.74,744.75,744.09,744.3,438.81
2025-07-18T17:14:00.000000Z,744.3,744.36,743.79,743.88,330.15
2025-07-18T17:15:00.000000Z,743.84,744.37,743.84,744.24,335.92
2025-07-18T17:16:00.000000Z,744.23,745.0,744.23,745.0,347.75
2025-07-18T17:17:00.000000Z,744.99,746.58,744.92,746.53,3024.38
2025-07-18T17:18:00.000000Z,746.52,746.53,745.68,745.68,639.64
2025-07-18T17:19:00.000000Z,745.69,746.58,745.69,746.08,321.9
2025-07-18T17:20:00.000000Z,746.11,746.48,745.84,746.47,289.99
2025-07-18T17:21:00.000000Z,746.48,746.71,746.29,746.6,941.87
2025-07-18T17:22:00.000000Z,746.6,747.76,746.48,747.45,820.2
2025-07-18T17:23:00.000000Z,747.45,747.45,747.03,747.09,421.39
2025-07-18T17:24:00.000000Z,747.1,747.56,747.09,747.16,601.15
2025-07-18T17:25:00.000000Z,747.13,747.13,746.31,746.31,323.41
2025-07-18T17:26:00.000000Z,746.32,747.14,746.32,747.08,722.71
2025-07-18T17:27:00.000000Z,747.08,747.71,747.07,747.45,470.35
2025-07-18T17:28:00.000000Z,747.46,747.77,747.45,747.77,189.12
2025-07-18T17:29:00.000000Z,747.77,748.36,747.77,748.04,752.24
2025-07-18T17:30:00.000000Z,748.04,748.11,747.16,747.51,697.79
2025-07-18T17:31:00.000000Z,747.52,748.28,747.25,748.21,349.26
2025-07-18T17:32:00.000000Z,748.21,748.41,747.86,748.33,541.79
2025-07-18T17:33:00.000000Z,748.33,748.45,748.05,748.05,325.58
2025-07-18T17:34:00.000000Z,748.04,748.25,748.0,748.18,296.68
2025-07-18T17:35:00.000000Z,748.18,748.36,748.0,748.01,343.66
2025-07-18T17:36:00.000000Z,748.01,748.45,747.69,748.14,786.99
2025-07-18T17:37:00.000000Z,748.15,748.56,748.08,748.27,721.09
2025-07-18T17:38:00.000000Z,748.27,748.81,748.26,748.8,337.04
2025-07-18T17:39:00.000000Z,748.8,748.8,748.34,748.56,308.92
2025-07-18T17:40:00.000000Z,748.55,748.56,744.16,744.45,5582.55
2025-07-18T17:41:00.000000Z,744.44,744.69,743.52,744.26,2414.77
2025-07-18T17:42:00.000000Z,744.25,744.32,740.13,741.41,8806.13
2025-07-18T17:43:00.000000Z,741.42,742.17,740.34,740.63,1650.81
2025-07-18T17:44:00.000000Z,740.63,740.63,738.82,740.28,5602.61
2025-07-18T17:45:00.000000Z,740.28,740.88,739.98,740.6,1294.81
2025-07-18T17:46:00.000000Z,740.61,741.16,740.51,740.61,839.09
2025-07-18T17:47:00.000000Z,740.6,741.24,740.17,741.24,806.85
2025-07-18T17:48:00.000000Z,741.24,741.42,740.68,740.94,835.14
2025-07-18T17:49:00.000000Z,740.93,741.29,740.6,740.86,408.02
2025-07-18T17:50:00.000000Z,740.86,740.86,740.01,740.24,717.35
2025-07-18T17:51:00.000000Z,740.24,740.5,739.61,740.36,766.93
2025-07-18T17:52:00.000000Z,740.37,741.2,740.32,741.12,483.1
2025-07-18T17:53:00.000000Z,741.11,741.54,740.92,741.44,319.8
2025-07-18T17:54:00.000000Z,741.43,741.54,741.24,741.24,373.73
2025-07-18T17:55:00.000000Z,741.25,742.0,741.24,741.62,1003.61
2025-07-18T17:56:00.000000Z,741.63,742.25,741.53,742.07,339.18
2025-07-18T17:57:00.000000Z,742.06,742.07,741.28,741.64,329.05
2025-07-18T17:58:00.000000Z,741.64,741.92,741.32,741.55,281.63
2025-07-18T17:59:00.000000Z,741.56,741.8,741.55,741.57,97.22
2025-07-18T18:00:00.000000Z,741.57,741.84,741.51,741.51,243.22
2025-07-18T18:01:00.000000Z,741.51,741.67,741.12,741.27,276.2
2025-07-18T18:02:00.000000Z,741.26,741.36,741.07,741.18,259.4
2025-07-18T18:03:00.000000Z,741.18,741.18,740.62,740.93,678.51
2025-07-18T18:04:00.000000Z,740.93,741.17,740.76,740.84,230.41
2025-07-18T18:05:00.000000Z,740.83,740.83,739.98,740.68,411.38
2025-07-18T18:06:00.000000Z,740.67,740.73,740.19,740.73,205.26
2025-07-18T18:07:00.000000Z,740.73,741.28,740.72,741.27,314.48
2025-07-18T18:08:00.000000Z,741.28,741.47,740.56,740.56,207.29
2025-07-18T18:09:00.000000Z,740.54,740.96,740.53,740.67,179.23
2025-07-18T18:10:00.000000Z,740.66,740.66,740.08,740.12,227.21
2025-07-18T18:11:00.000000Z,740.12,740.13,739.59,740.01,354.99
2025-07-18T18:12:00.000000Z,740.01,740.01,739.03,739.4,523.31
2025-07-18T18:13:00.000000Z,739.41,739.86,739.04,739.08,393.63
2025-07-18T18:14:00.000000Z,739.09,739.11,738.76,738.89,344.53
2025-07-18T18:15:00.000000Z,738.89,738.92,738.08,738.25,628.29
2025-07-18T18:16:00.000000Z,738.25,740.43,738.24,740.43,781.03
2025-07-18T18:17:00.000000Z,740.42,740.42,739.32,739.86,262.11
2025-07-18T18:18:00.000000Z,739.85,739.85,739.32,739.51,260.34
2025-07-18T18:19:00.000000Z,739.51,739.68,739.34,739.46,109.0
2025-07-18T18:20:00.000000Z,739.44,740.36,739.44,740.13,312.45
2025-07-18T18:21:00.000000Z,740.13,740.46,739.85,739.99,472.37
2025-07-18T18:22:00.000000Z,739.98,740.06,739.37,739.8,495.79
2025-07-18T18:23:00.000000Z,739.81,740.19,739.53,739.83,321.33
2025-07-18T18:24:00.000000Z,739.83,740.84,739.72,740.84,213.31
2025-07-18T18:25:00.000000Z,740.83,740.83,739.64,739.72,387.32
2025-07-18T18:26:00.000000Z,739.72,740.31,739.72,740.22,209.27
2025-07-18T18:27:00.000000Z,740.21,740.35,740.0,740.24,132.9
2025-07-18T18:28:00.000000Z,740.23,740.51,740.23,740.4,106.28
2025-07-18T18:29:00.000000Z,740.4,740.79,740.4,740.78,171.46
2025-07-18T18:30:00.000000Z,740.79,741.68,740.71,741.39,395.36
2025-07-18T18:31:00.000000Z,741.38,741.39,740.71,740.72,219.9
2025-07-18T18:32:00.000000Z,740.72,740.8,740.04,740.08,282.14
2025-07-18T18:33:00.000000Z,740.07,740.62,739.76,740.62,242.23
2025-07-18T18:34:00.000000Z,740.62,740.8,739.68,739.71,311.83
2025-07-18T18:35:00.000000Z,739.72,739.72,739.41,739.48,482.54
2025-07-18T18:36:00.000000Z,739.44,739.58,739.27,739.46,279.06
2025-07-18T18:37:00.000000Z,739.45,739.96,739.35,739.87,239.06
2025-07-18T18:38:00.000000Z,739.84,739.85,738.96,739.04,294.09
2025-07-18T18:39:00.000000Z,739.04,739.48,738.26,738.41,1153.18
2025-07-18T18:40:00.000000Z,738.44,738.66,738.27,738.48,226.62
2025-07-18T18:41:00.000000Z,738.49,739.04,738.4,738.87,359.89
2025-07-18T18:42:00.000000Z,738.86,738.96,738.15,738.15,319.3
2025-07-18T18:43:00.000000Z,738.15,738.4,738.0,738.39,640.55
2025-07-18T18:44:00.000000Z,738.39,738.39,737.84,737.86,2537.24
2025-07-18T18:45:00.000000Z,737.85,737.93,736.7,736.99,1126.62
2025-07-18T18:46:00.000000Z,736.96,736.96,736.31,736.62,578.23
2025-07-18T18:47:00.000000Z,736.62,737.08,736.61,736.99,365.49
2025-07-18T18:48:00.000000Z,736.99,738.11,736.99,738.11,249.44
2025-07-18T18:49:00.000000Z,738.12,738.41,737.83,738.41,352.73
2025-07-18T18:50:00.000000Z,738.42,739.2,738.41,739.0,341.58
2025-07-18T18:51:00.000000Z,739.0,739.0,738.02,738.28,224.61
2025-07-18T18:52:00.000000Z,738.28,738.7,737.73,737.83,196.24
2025-07-18T18:53:00.000000Z,737.83,738.26,737.52,738.26,212.24
2025-07-18T18:54:00.000000Z,738.28,738.5,738.13,738.39,96.78
2025-07-18T18:55:00.000000Z,738.39,738.44,737.4,737.4,127.79
2025-07-18T18:56:00.000000Z,737.4,737.83,737.0,737.69,1996.32
2025-07-18T18:57:00.000000Z,737.7,737.7,737.04,737.04,179.09
2025-07-18T18:58:00.000000Z,737.04,737.36,736.41,736.5,347.41
2025-07-18T18:59:00.000000Z,736.5,736.62,735.56,735.98,1599.77
2025-07-18T19:00:00.000000Z,735.98,736.38,734.72,734.91,1410.9
2025-07-18T19:01:00.000000Z,734.91,734.91,733.38,733.4,1790.38
2025-07-18T19:02:00.000000Z,733.42,733.58,732.65,732.72,1418.26
2025-07-18T19:03:00.000000Z,732.73,732.92,732.0,732.2,1399.36
2025-07-18T19:04:00.000000Z,732.2,733.1,731.53,733.04,1839.26
2025-07-18T19:05:00.000000Z,733.04,733.04,731.09,731.26,935.49
2025-07-18T19:06:00.000000Z,731.26,731.26,729.03,730.3,5740.59
2025-07-18T19:07:00.000000Z,730.27,730.91,729.64,730.2,1345.97
2025-07-18T19:08:00.000000Z,730.19,731.86,730.0,731.72,1690.28
2025-07-18T19:09:00.000000Z,731.71,732.0,730.73,732.0,722.67
2025-07-18T19:10:00.000000Z,731.99,732.84,731.6,731.7,1043.83
2025-07-18T19:11:00.000000Z,731.69,732.94,731.58,731.59,570.34
2025-07-18T19:12:00.000000Z,731.58,732.68,731.48,732.25,657.35
2025-07-18T19:13:00.000000Z,732.25,732.87,732.25,732.59,395.1
2025-07-18T19:14:00.000000Z,732.6,732.76,731.64,732.2,473.43
2025-07-18T19:15:00.000000Z,732.21,732.68,732.05,732.06,529.8
2025-07-18T19:16:00.000000Z,732.06,734.64,732.05,734.56,1252.39
2025-07-18T19:17:00.000000Z,734.57,734.63,733.81,734.36,793.32
2025-07-18T19:18:00.000000Z,734.35,734.64,733.85,733.91,568.26
2025-07-18T19:19:00.000000Z,733.88,734.04,733.4,734.04,370.31
2025-07-18T19:20:00.000000Z,734.03,734.39,733.58,734.07,402.31
2025-07-18T19:21:00.000000Z,734.07,735.1,734.07,735.04,554.66
2025-07-18T19:22:00.000000Z,735.04,735.45,734.92,735.08,408.15
2025-07-18T19:23:00.000000Z,735.08,735.66,735.0,735.66,226.72
2025-07-18T19:24:00.000000Z,735.66,736.13,735.49,735.72,804.57
2025-07-18T19:25:00.000000Z,735.71,735.71,735.05,735.09,170.65
2025-07-18T19:26:00.000000Z,735.09,735.52,734.98,735.51,300.73
2025-07-18T19:27:00.000000Z,735.51,735.65,735.2,735.36,153.47
2025-07-18T19:28:00.000000Z,735.4,735.45,735.33,735.33,155.76
2025-07-18T19:29:00.000000Z,735.33,735.33,734.68,734.72,698.09
2025-07-18T19:30:00.000000Z,734.72,734.92,733.62,733.69,530.5
2025-07-18T19:31:00.000000Z,733.69,733.7,732.94,733.01,348.3
2025-07-18T19:32:00.000000Z,733.0,733.29,732.51,732.65,486.57
2025-07-18T19:33:00.000000Z,732.65,733.88,732.58,733.76,365.01
2025-07-18T19:34:00.000000Z,733.72,734.09,733.55,733.66,328.62
2025-07-18T19:35:00.000000Z,733.66,734.17,733.0,733.18,629.08
2025-07-18T19:36:00.000000Z,733.19,733.84,733.01,733.01,421.24
2025-07-18T19:37:00.000000Z,733.0,733.36,732.76,732.95,427.58
2025-07-18T19:38:00.000000Z,732.95,733.16,732.46,732.46,200.25
2025-07-18T19:39:00.000000Z,732.46,733.17,732.46,733.13,135.06
2025-07-18T19:40:00.000000Z,733.08,733.08,731.83,731.83,419.54
2025-07-18T19:41:00.000000Z,731.82,732.4,731.68,732.36,335.45
2025-07-18T19:42:00.000000Z,732.35,733.0,732.29,732.77,231.5
2025-07-18T19:43:00.000000Z,732.76,733.11,732.4,732.88,220.16
2025-07-18T19:44:00.000000Z,732.89,732.89,732.43,732.45,233.9
2025-07-18T19:45:00.000000Z,732.45,732.72,731.97,732.19,303.97
2025-07-18T19:46:00.000000Z,732.19,732.39,731.54,731.86,231.0
2025-07-18T19:47:00.000000Z,731.85,731.86,730.73,730.81,610.57
2025-07-18T19:48:00.000000Z,730.81,731.29,730.61,730.85,350.28
2025-07-18T19:49:00.000000Z,730.84,732.07,730.61,732.07,275.87
2025-07-18T19:50:00.000000Z,732.08,732.53,731.2,731.88,497.18
2025-07-18T19:51:00.000000Z,731.87,732.2,731.64,731.77,205.38
2025-07-18T19:52:00.000000Z,731.76,732.25,731.52,732.1,149.33
2025-07-18T19:53:00.000000Z,732.11,733.35,732.08,733.24,347.13
2025-07-18T19:54:00.000000Z,733.31,733.47,732.13,732.56,1919.63
2025-07-18T19:55:00.000000Z,732.57,732.76,732.22,732.34,268.71
2025-07-18T19:56:00.000000Z,732.32,732.76,732.32,732.53,151.79
2025-07-18T19:57:00.000000Z,732.52,732.75,732.22,732.22,149.66
2025-07-18T19:58:00.000000Z,732.23,732.53,731.42,731.42,502.04
2025-07-18T19:59:00.000000Z,731.41,732.27,731.41,732.15,201.14
2025-07-18T20:00:00.000000Z,732.14,732.6,731.95,732.6,502.68
2025-07-18T20:01:00.000000Z,732.6,732.97,729.83,729.84,3187.7
2025-07-18T20:02:00.000000Z,729.83,729.96,728.61,728.62,2395.95
2025-07-18T20:03:00.000000Z,728.62,728.9,728.27,728.78,1148.19
2025-07-18T20:04:00.000000Z,728.79,728.79,728.33,728.54,532.48
2025-07-18T20:05:00.000000Z,728.54,728.92,728.48,728.9,419.94
2025-07-18T20:06:00.000000Z,728.89,728.9,727.73,727.74,1214.72
2025-07-18T20:07:00.000000Z,727.74,727.75,725.72,725.89,6360.04
2025-07-18T20:08:00.000000Z,725.88,725.91,725.0,725.49,2482.98
2025-07-18T20:09:00.000000Z,725.49,725.78,725.24,725.72,875.36
2025-07-18T20:10:00.000000Z,725.72,725.84,725.21,725.44,835.41
2025-07-18T20:11:00.000000Z,725.44,726.1,725.42,725.42,1447.88
2025-07-18T20:12:00.000000Z,725.43,725.95,725.43,725.57,661.55
2025-07-18T20:13:00.000000Z,725.58,726.23,725.08,725.99,1269.46
2025-07-18T20:14:00.000000Z,726.0,726.16,725.61,725.79,635.25
2025-07-18T20:15:00.000000Z,725.8,726.62,725.76,726.12,690.04
2025-07-18T20:16:00.000000Z,726.12,727.57,726.12,726.76,628.43
2025-07-18T20:17:00.000000Z,726.76,726.99,726.23,726.47,491.08
2025-07-18T20:18:00.000000Z,726.48,726.74,725.77,726.15,639.41
2025-07-18T20:19:00.000000Z,726.16,726.24,724.53,724.53,1135.99
2025-07-18T20:20:00.000000Z,724.52,725.56,724.48,725.48,907.48
2025-07-18T20:21:00.000000Z,725.48,725.52,724.52,724.79,595.88
2025-07-18T20:22:00.000000Z,724.79,725.12,723.44,723.68,1516.93
2025-07-18T20:23:00.000000Z,723.68,723.73,722.6,723.06,2089.76
2025-07-18T20:24:00.000000Z,723.06,723.07,722.29,722.82,1420.03
2025-07-18T20:25:00.000000Z,722.83,723.79,722.48,723.32,858.7
2025-07-18T20:26:00.000000Z,723.32,723.35,721.9,722.06,2042.26
2025-07-18T20:27:00.000000Z,722.03,722.04,720.79,720.94,2863.82
2025-07-18T20:28:00.000000Z,720.95,720.96,720.22,720.68,2815.08
2025-07-18T20:29:00.000000Z,720.68,721.34,720.24,720.59,864.34
2025-07-18T20:30:00.000000Z,720.59,721.79,720.24,720.32,1440.37
2025-07-18T20:31:00.000000Z,720.33,721.0,720.28,720.49,931.19
2025-07-18T20:32:00.000000Z,720.51,720.68,718.93,720.57,3744.78
2025-07-18T20:33:00.000000Z,720.58,721.04,719.47,720.99,1239.89
2025-07-18T20:34:00.000000Z,720.99,721.0,718.91,719.16,2141.46
2025-07-18T20:35:00.000000Z,719.16,721.81,719.01,721.04,1595.88
2025-07-18T20:36:00.000000Z,721.04,721.96,720.84,721.3,1573.76
2025-07-18T20:37:00.000000Z,721.24,721.62,720.24,721.19,567.57
2025-07-18T20:38:00.000000Z,721.19,721.96,720.96,721.36,568.89
2025-07-18T20:39:00.000000Z,721.34,721.34,719.79,719.99,483.66
2025-07-18T20:40:00.000000Z,719.99,720.95,719.44,720.37,808.76
2025-07-18T20:41:00.000000Z,720.33,721.06,720.01,720.32,875.65
2025-07-18T20:42:00.000000Z,720.32,722.21,720.32,722.21,564.9
2025-07-18T20:43:00.000000Z,722.16,723.03,722.15,722.32,1664.88
2025-07-18T20:44:00.000000Z,722.33,722.83,721.92,722.61,458.16
2025-07-18T20:45:00.000000Z,722.62,724.06,722.29,723.45,3835.52
2025-07-18T20:46:00.000000Z,723.45,723.63,722.73,723.12,1869.99
2025-07-18T20:47:00.000000Z,723.13,723.71,722.96,723.37,894.98
2025-07-18T20:48:00.000000Z,723.37,724.58,723.16,724.54,1388.27
2025-07-18T20:49:00.000000Z,724.54,725.82,724.54,725.7,1855.44
2025-07-18T20:50:00.000000Z,725.63,725.85,724.25,724.25,824.36
2025-07-18T20:51:00.000000Z,724.26,726.08,724.26,725.76,694.37
2025-07-18T20:52:00.000000Z,725.75,726.03,725.29,725.93,1011.84
2025-07-18T20:53:00.000000Z,725.93,726.86,725.85,726.19,1823.61
2025-07-18T20:54:00.000000Z,726.19,726.67,725.38,725.79,616.88
2025-07-18T20:55:00.000000Z,725.8,726.11,725.45,726.0,511.35
2025-07-18T20:56:00.000000Z,726.03,726.66,725.96,726.28,320.33
2025-07-18T20:57:00.000000Z,726.27,726.66,726.27,726.66,236.14
2025-07-18T20:58:00.000000Z,726.67,726.76,726.48,726.55,196.35
2025-07-18T20:59:00.000000Z,726.55,726.6,725.5,725.51,591.6
2025-07-18T21:00:00.000000Z,725.5,726.38,724.74,726.38,808.17
2025-07-18T21:01:00.000000Z,726.34,726.64,725.41,726.36,450.49
2025-07-18T21:02:00.000000Z,726.4,726.94,726.08,726.58,1352.24
2025-07-18T21:03:00.000000Z,726.57,726.76,726.37,726.6,362.33
2025-07-18T21:04:00.000000Z,726.6,727.54,726.6,727.01,426.98
2025-07-18T21:05:00.000000Z,727.01,728.09,726.86,727.61,1266.28
2025-07-18T21:06:00.000000Z,727.61,728.28,727.61,728.12,677.1
2025-07-18T21:07:00.000000Z,728.13,728.2,727.17,727.38,517.2
2025-07-18T21:08:00.000000Z,727.39,728.0,727.39,727.99,363.46
2025-07-18T21:09:00.000000Z,727.99,728.42,727.99,728.3,628.04
2025-07-18T21:10:00.000000Z,728.3,728.39,727.68,728.26,571.2
2025-07-18T21:11:00.000000Z,728.27,728.78,728.11,728.77,1216.34
2025-07-18T21:12:00.000000Z,728.76,728.77,728.17,728.31,378.5
2025-07-18T21:13:00.000000Z,728.31,729.66,728.31,729.28,2624.28
2025-07-18T21:14:00.000000Z,729.28,730.24,729.12,729.73,1304.04
2025-07-18T21:15:00.000000Z,729.72,729.73,728.42,728.78,732.72
2025-07-18T21:16:00.000000Z,728.77,729.83,728.64,729.74,321.37
2025-07-18T21:17:00.000000Z,729.74,731.28,729.53,731.11,2432.83
2025-07-18T21:18:00.000000Z,731.1,731.59,730.19,731.16,1661.12
2025-07-18T21:19:00.000000Z,731.15,731.47,731.12,731.28,272.74
2025-07-18T21:20:00.000000Z,731.29,731.56,728.87,728.98,4331.5
2025-07-18T21:21:00.000000Z,728.98,730.29,728.98,730.28,1048.91
2025-07-18T21:22:00.000000Z,730.29,730.79,730.0,730.39,607.32
2025-07-18T21:23:00.000000Z,730.39,731.03,730.15,731.03,309.0
2025-07-18T21:24:00.000000Z,731.03,731.03,730.44,730.92,244.64
2025-07-18T21:25:00.000000Z,730.91,731.44,730.36,731.2,1264.65
2025-07-18T21:26:00.000000Z,731.2,731.39,731.0,731.11,916.37
2025-07-18T21:27:00.000000Z,731.11,731.93,730.52,731.82,3180.6
2025-07-18T21:28:00.000000Z,731.83,732.08,731.55,732.02,437.89
2025-07-18T21:29:00.000000Z,732.02,732.13,731.88,731.91,257.1
2025-07-18T21:30:00.000000Z,731.92,732.19,731.89,732.18,406.43
2025-07-18T21:31:00.000000Z,732.19,732.47,732.19,732.29,656.77
2025-07-18T21:32:00.000000Z,732.28,732.88,732.2,732.21,819.68
2025-07-18T21:33:00.000000Z,732.2,733.06,732.04,732.88,709.41
2025-07-18T21:34:00.000000Z,732.87,733.12,732.69,733.12,394.18
2025-07-18T21:35:00.000000Z,733.11,733.48,732.95,733.04,954.14
2025-07-18T21:36:00.000000Z,733.04,733.04,732.61,732.61,139.17
2025-07-18T21:37:00.000000Z,732.61,733.66,732.58,733.55,919.67
2025-07-18T21:38:00.000000Z,733.55,733.55,733.07,733.23,240.72
2025-07-18T21:39:00.000000Z,733.23,733.23,732.79,732.91,312.77
2025-07-18T21:40:00.000000Z,732.92,733.21,732.73,732.87,163.75
2025-07-18T21:41:00.000000Z,732.87,733.16,732.87,733.16,140.76
2025-07-18T21:42:00.000000Z,733.16,733.16,733.11,733.12,68.24
2025-07-18T21:43:00.000000Z,733.11,733.32,732.8,732.8,426.12
2025-07-18T21:44:00.000000Z,732.81,732.81,732.7,732.8,160.15
2025-07-18T21:45:00.000000Z,732.79,733.48,732.79,733.47,290.49
2025-07-18T21:46:00.000000Z,733.47,734.07,733.41,733.97,962.31
2025-07-18T21:47:00.000000Z,733.98,735.79,733.97,735.0,2546.82
2025-07-18T21:48:00.000000Z,734.99,735.06,734.87,734.88,308.62
2025-07-18T21:49:00.000000Z,734.87,734.88,734.5,734.51,122.02
2025-07-18T21:50:00.000000Z,734.51,734.51,734.31,734.31,152.64
2025-07-18T21:51:00.000000Z,734.32,734.72,732.21,733.8,3123.21
2025-07-18T21:52:00.000000Z,733.8,734.75,733.76,734.65,375.8
2025-07-18T21:53:00.000000Z,734.64,734.64,734.17,734.17,219.13
2025-07-18T21:54:00.000000Z,734.17,734.17,733.02,733.1,251.71
2025-07-18T21:55:00.000000Z,733.1,733.11,732.81,732.92,432.98
2025-07-18T21:56:00.000000Z,732.92,733.08,732.92,733.08,194.05
2025-07-18T21:57:00.000000Z,733.07,733.07,732.45,732.47,543.39
2025-07-18T21:58:00.000000Z,732.48,733.62,732.36,733.62,315.84
2025-07-18T21:59:00.000000Z,733.61,733.62,733.05,733.18,215.02
2025-07-18T22:00:00.000000Z,733.17,733.3,731.37,732.29,1177.89
2025-07-18T22:01:00.000000Z,732.24,732.48,731.34,731.34,345.92
2025-07-18T22:02:00.000000Z,731.33,731.6,731.07,731.13,716.54
2025-07-18T22:03:00.000000Z,731.12,731.23,730.01,730.22,867.74
2025-07-18T22:04:00.000000Z,730.22,730.23,729.59,729.99,532.97
2025-07-18T22:05:00.000000Z,730.0,730.8,730.0,730.66,559.64
2025-07-18T22:06:00.000000Z,730.65,731.8,727.25,729.34,4708.64
2025-07-18T22:07:00.000000Z,729.35,729.54,729.0,729.11,1161.51
2025-07-18T22:08:00.000000Z,729.11,729.2,728.68,728.96,573.27
2025-07-18T22:09:00.000000Z,728.96,729.01,728.29,728.73,500.8
2025-07-18T22:10:00.000000Z,728.74,730.73,728.74,730.67,819.19
2025-07-18T22:11:00.000000Z,730.67,731.26,730.36,731.26,357.7
2025-07-18T22:12:00.000000Z,731.26,731.5,730.64,730.87,464.86
2025-07-18T22:13:00.000000Z,730.88,730.88,730.02,730.29,228.15
2025-07-18T22:14:00.000000Z,730.3,730.44,730.04,730.04,234.95
2025-07-18T22:15:00.000000Z,730.03,730.23,729.65,729.83,321.95
2025-07-18T22:16:00.000000Z,729.84,730.29,729.44,730.16,340.79
2025-07-18T22:17:00.000000Z,730.16,730.68,729.96,730.68,357.54
2025-07-18T22:18:00.000000Z,730.68,730.87,730.3,730.53,254.16
2025-07-18T22:19:00.000000Z,730.52,730.95,730.48,730.77,208.95
2025-07-18T22:20:00.000000Z,730.8,731.67,730.8,731.59,370.82
2025-07-18T22:21:00.000000Z,731.58,731.59,731.24,731.28,194.01
2025-07-18T22:22:00.000000Z,731.29,731.29,731.06,731.18,138.31
2025-07-18T22:23:00.000000Z,731.17,731.44,731.17,731.44,143.66
2025-07-18T22:24:00.000000Z,731.45,731.56,731.38,731.55,103.03
2025-07-18T22:25:00.000000Z,731.55,733.6,731.36,733.6,1287.3
2025-07-18T22:26:00.000000Z,733.61,734.05,733.24,733.31,742.27
2025-07-18T22:27:00.000000Z,733.3,733.62,733.04,733.34,414.17
2025-07-18T22:28:00.000000Z,733.35,733.99,733.34,733.84,332.83
2025-07-18T22:29:00.000000Z,733.84,734.19,733.65,733.65,331.82
2025-07-18T22:30:00.000000Z,733.66,733.86,732.95,732.95,348.14
2025-07-18T22:31:00.000000Z,732.95,733.95,732.57,733.31,818.27
2025-07-18T22:32:00.000000Z,733.31,734.17,733.28,734.17,213.94
2025-07-18T22:33:00.000000Z,734.16,734.17,733.61,733.75,216.08
2025-07-18T22:34:00.000000Z,733.76,733.99,733.57,733.76,217.15
2025-07-18T22:35:00.000000Z,733.76,733.99,733.76,733.87,151.92
2025-07-18T22:36:00.000000Z,733.86,733.87,733.17,733.83,235.94
2025-07-18T22:37:00.000000Z,733.83,734.44,733.83,734.44,201.7
2025-07-18T22:38:00.000000Z,734.44,734.44,733.89,734.28,337.55
2025-07-18T22:39:00.000000Z,734.28,734.46,734.12,734.33,155.44
2025-07-18T22:40:00.000000Z,734.33,734.33,734.12,734.13,70.28
2025-07-18T22:41:00.000000Z,734.12,734.41,733.76,733.95,295.77
2025-07-18T22:42:00.000000Z,733.96,734.04,733.8,733.8,95.83
2025-07-18T22:43:00.000000Z,733.8,733.86,733.46,733.86,214.57
2025-07-18T22:44:00.000000Z,733.85,733.85,733.32,733.33,147.54
2025-07-18T22:45:00.000000Z,733.32,733.64,733.24,733.58,250.66
2025-07-18T22:46:00.000000Z,733.58,733.88,733.47,733.87,155.59
2025-07-18T22:47:00.000000Z,733.87,733.93,733.09,733.09,623.59
2025-07-18T22:48:00.000000Z,733.08,733.24,732.92,733.24,351.89
2025-07-18T22:49:00.000000Z,733.24,733.25,733.04,733.08,94.02
2025-07-18T22:50:00.000000Z,733.08,733.08,732.6,732.78,561.07
2025-07-18T22:51:00.000000Z,732.78,732.82,731.71,731.71,768.12
2025-07-18T22:52:00.000000Z,731.71,732.29,731.48,732.29,831.54
2025-07-18T22:53:00.000000Z,732.28,732.74,732.0,732.74,188.9
2025-07-18T22:54:00.000000Z,732.74,732.84,732.21,732.49,213.22
2025-07-18T22:55:00.000000Z,732.49,733.07,732.42,732.72,287.51
2025-07-18T22:56:00.000000Z,732.71,732.94,732.44,732.77,135.14
2025-07-18T22:57:00.000000Z,732.76,732.76,731.78,732.08,202.36
2025-07-18T22:58:00.000000Z,732.08,732.16,731.73,732.12,101.77
2025-07-18T22:59:00.000000Z,732.12,732.18,731.6,731.91,241.71
2025-07-18T23:00:00.000000Z,731.91,732.15,731.73,731.8,265.12
2025-07-18T23:01:00.000000Z,731.81,731.92,730.88,730.88,354.66
2025-07-18T23:02:00.000000Z,730.88,730.88,729.95,730.2,642.29
2025-07-18T23:03:00.000000Z,730.2,730.68,730.02,730.31,525.35
2025-07-18T23:04:00.000000Z,730.31,730.31,728.1,728.1,1370.65
2025-07-18T23:05:00.000000Z,728.12,728.47,727.56,727.6,1742.77
2025-07-18T23:06:00.000000Z,727.59,727.6,726.91,726.91,1535.27
2025-07-18T23:07:00.000000Z,726.9,727.03,726.17,726.39,1004.08
2025-07-18T23:08:00.000000Z,726.39,726.39,724.86,725.14,1405.66
2025-07-18T23:09:00.000000Z,725.0,726.07,724.45,725.64,1592.53
2025-07-18T23:10:00.000000Z,725.63,726.8,725.41,725.86,1138.55
2025-07-18T23:11:00.000000Z,725.83,725.83,724.77,725.27,1241.34
2025-07-18T23:12:00.000000Z,725.24,726.32,724.72,724.87,2796.76
2025-07-18T23:13:00.000000Z,724.88,725.16,724.25,724.92,1151.35
2025-07-18T23:14:00.000000Z,724.91,725.39,724.2,724.28,1074.38
2025-07-18T23:15:00.000000Z,724.27,725.42,723.9,724.2,1569.69
2025-07-18T23:16:00.000000Z,724.21,724.96,724.03,724.7,1128.04
2025-07-18T23:17:00.000000Z,724.68,725.15,724.14,724.73,924.72
2025-07-18T23:18:00.000000Z,724.72,724.97,724.28,724.67,1119.93
2025-07-18T23:19:00.000000Z,724.67,725.27,724.47,725.09,1107.26
2025-07-18T23:20:00.000000Z,725.2,726.84,724.3,726.83,1431.24
2025-07-18T23:21:00.000000Z,726.84,727.88,726.56,727.08,1356.05
2025-07-18T23:22:00.000000Z,727.07,728.12,726.76,727.92,538.67
2025-07-18T23:23:00.000000Z,727.92,728.19,727.36,727.37,483.75
2025-07-18T23:24:00.000000Z,727.37,728.26,727.37,727.72,257.93
2025-07-18T23:25:00.000000Z,727.73,728.26,727.44,727.51,599.91
2025-07-18T23:26:00.000000Z,727.51,727.72,726.16,726.35,383.45
2025-07-18T23:27:00.000000Z,726.34,727.15,726.34,727.15,788.63
2025-07-18T23:28:00.000000Z,727.15,727.25,726.13,726.51,573.89
2025-07-18T23:29:00.000000Z,726.51,726.96,726.44,726.91,239.48
2025-07-18T23:30:00.000000Z,726.9,728.4,726.85,728.04,425.35
2025-07-18T23:31:00.000000Z,728.03,728.61,727.88,728.61,218.9
2025-07-18T23:32:00.000000Z,728.62,728.94,728.29,728.29,292.14
2025-07-18T23:33:00.000000Z,728.28,728.55,727.97,728.05,360.16
2025-07-18T23:34:00.000000Z,728.05,728.67,727.92,727.92,253.13
2025-07-18T23:35:00.000000Z,727.91,728.69,727.91,728.37,598.2
2025-07-18T23:36:00.000000Z,728.36,728.37,727.45,727.54,389.65
2025-07-18T23:37:00.000000Z,727.53,727.93,727.32,727.93,287.59
2025-07-18T23:38:00.000000Z,727.93,728.16,727.15,728.16,330.38
2025-07-18T23:39:00.000000Z,728.15,728.15,727.56,727.75,293.98
2025-07-18T23:40:00.000000Z,727.76,728.19,727.7,728.01,294.51
2025-07-18T23:41:00.000000Z,728.01,728.59,727.92,728.38,298.35
2025-07-18T23:42:00.000000Z,728.39,729.68,728.39,729.24,844.96
2025-07-18T23:43:00.000000Z,729.23,729.23,728.62,728.81,233.26
2025-07-18T23:44:00.000000Z,728.82,729.06,728.32,728.6,296.95
2025-07-18T23:45:00.000000Z,728.59,728.6,727.96,728.6,255.51
2025-07-18T23:46:00.000000Z,728.59,728.98,728.28,728.55,349.48
2025-07-18T23:47:00.000000Z,728.55,729.07,728.48,728.83,324.57
2025-07-18T23:48:00.000000Z,728.83,729.85,728.83,729.84,777.64
2025-07-18T23:49:00.000000Z,729.84,730.57,729.84,730.02,316.18
2025-07-18T23:50:00.000000Z,730.07,730.45,729.71,730.32,266.98
2025-07-18T23:51:00.000000Z,730.32,730.84,730.17,730.73,640.58
2025-07-18T23:52:00.000000Z,730.77,730.77,730.08,730.2,228.18
2025-07-18T23:53:00.000000Z,730.2,730.24,730.07,730.08,110.36
2025-07-18T23:54:00.000000Z,730.07,730.07,728.96,729.59,204.96
2025-07-18T23:55:00.000000Z,729.59,730.5,729.59,730.47,391.48
2025-07-18T23:56:00.000000Z,730.46,730.46,729.96,730.35,328.53
2025-07-18T23:57:00.000000Z,730.35,730.63,730.26,730.63,205.34
2025-07-18T23:58:00.000000Z,730.63,730.88,730.28,730.28,269.78
2025-07-18T23:59:00.000000Z,730.28,730.4,729.98,730.39,115.03
2025-07-19T00:00:00.000000Z,730.39,730.47,729.96,730.0,809.93
2025-07-19T00:01:00.000000Z,730.0,730.38,729.68,730.2,395.4
2025-07-19T00:02:00.000000Z,730.23,730.92,729.75,729.76,617.14
2025-07-19T00:03:00.000000Z,729.76,730.72,729.76,730.72,374.75
2025-07-19T00:04:00.000000Z,730.72,730.72,730.22,730.56,371.71
2025-07-19T00:05:00.000000Z,730.55,730.62,729.66,729.98,455.37
2025-07-19T00:06:00.000000Z,729.97,730.24,729.51,729.69,807.57
2025-07-19T00:07:00.000000Z,729.65,729.87,729.19,729.75,352.48
2025-07-19T00:08:00.000000Z,729.74,730.46,729.68,730.46,611.82
2025-07-19T00:09:00.000000Z,730.46,730.65,729.28,729.28,221.53
2025-07-19T00:10:00.000000Z,729.28,730.05,729.16,729.2,380.41
2025-07-19T00:11:00.000000Z,729.17,730.2,729.04,730.2,305.8
2025-07-19T00:12:00.000000Z,730.2,730.29,729.61,730.1,369.71
2025-07-19T00:13:00.000000Z,730.09,730.1,729.04,729.21,309.98
2025-07-19T00:14:00.000000Z,729.2,730.52,729.2,730.5,370.45
2025-07-19T00:15:00.000000Z,730.5,730.63,729.68,729.88,728.2
2025-07-19T00:16:00.000000Z,729.91,730.59,729.91,730.5,525.51
2025-07-19T00:17:00.000000Z,730.5,730.59,729.74,729.77,373.72
2025-07-19T00:18:00.000000Z,729.78,730.2,729.75,729.85,242.28
2025-07-19T00:19:00.000000Z,729.85,730.46,729.8,729.83,251.26
2025-07-19T00:20:00.000000Z,729.81,730.52,729.55,730.5,690.99
2025-07-19T00:21:00.000000Z,730.49,730.49,729.64,729.98,228.39
2025-07-19T00:22:00.000000Z,729.97,730.23,729.8,729.96,208.3
2025-07-19T00:23:00.000000Z,729.95,729.95,728.63,729.47,1817.08
2025-07-19T00:24:00.000000Z,729.46,729.88,729.21,729.85,196.15
2025-07-19T00:25:00.000000Z,729.85,730.05,729.4,729.47,325.52
2025-07-19T00:26:00.000000Z,729.47,730.08,729.25,729.25,268.4
2025-07-19T00:27:00.000000Z,729.24,730.12,729.08,730.11,159.21
2025-07-19T00:28:00.000000Z,730.11,730.91,729.89,730.91,307.73
2025-07-19T00:29:00.000000Z,730.91,731.0,730.83,730.83,136.18
2025-07-19T00:30:00.000000Z,730.83,731.52,730.72,731.37,596.78
2025-07-19T00:31:00.000000Z,731.37,731.82,731.36,731.64,302.54
2025-07-19T00:32:00.000000Z,731.64,731.87,731.47,731.47,212.82
2025-07-19T00:33:00.000000Z,731.48,731.56,731.04,731.04,344.77
2025-07-19T00:34:00.000000Z,731.04,731.16,729.91,730.2,472.77
2025-07-19T00:35:00.000000Z,730.2,730.72,730.04,730.04,575.35
2025-07-19T00:36:00.000000Z,730.04,730.06,728.72,728.99,556.9
2025-07-19T00:37:00.000000Z,729.0,729.42,728.73,729.37,309.27
2025-07-19T00:38:00.000000Z,729.37,729.65,728.92,729.11,270.98
2025-07-19T00:39:00.000000Z,729.11,729.11,728.04,728.36,281.44
2025-07-19T00:40:00.000000Z,728.35,729.06,728.35,729.05,363.69
2025-07-19T00:41:00.000000Z,729.05,729.19,727.6,727.74,758.57
2025-07-19T00:42:00.000000Z,727.73,727.73,726.9,727.0,620.8
2025-07-19T00:43:00.000000Z,727.03,727.07,725.83,726.0,506.53
2025-07-19T00:44:00.000000Z,725.99,726.81,725.32,726.81,685.2
2025-07-19T00:45:00.000000Z,726.82,727.12,725.36,725.36,793.72
2025-07-19T00:46:00.000000Z,725.35,726.32,725.34,725.9,358.74
2025-07-19T00:47:00.000000Z,725.9,725.92,725.04,725.16,247.13
2025-07-19T00:48:00.000000Z,725.15,725.74,724.94,725.56,513.04
2025-07-19T00:49:00.000000Z,725.55,725.57,724.71,725.39,725.08
2025-07-19T00:50:00.000000Z,725.39,725.68,725.0,725.0,290.11
2025-07-19T00:51:00.000000Z,725.01,725.53,725.0,725.21,278.61
2025-07-19T00:52:00.000000Z,725.21,725.55,724.63,725.55,292.13
2025-07-19T00:53:00.000000Z,725.56,726.06,725.3,726.06,538.25
2025-07-19T00:54:00.000000Z,726.05,726.05,724.64,724.84,390.03
2025-07-19T00:55:00.000000Z,724.85,725.51,724.54,724.54,355.0
2025-07-19T00:56:00.000000Z,724.52,724.52,722.47,723.09,2308.81
2025-07-19T00:57:00.000000Z,723.09,723.57,722.59,723.36,897.65
2025-07-19T00:58:00.000000Z,723.37,723.42,723.01,723.28,415.35
2025-07-19T00:59:00.000000Z,723.28,723.28,722.4,722.63,915.37
2025-07-19T01:00:00.000000Z,722.63,722.85,721.85,721.86,1543.6
2025-07-19T01:01:00.000000Z,721.86,722.58,721.61,721.69,1063.94
2025-07-19T01:02:00.000000Z,721.69,722.04,721.27,721.49,1265.16
2025-07-19T01:03:00.000000Z,721.49,721.8,720.96,720.96,730.27
2025-07-19T01:04:00.000000Z,720.96,721.29,719.97,720.65,2370.84
2025-07-19T01:05:00.000000Z,720.62,721.57,720.29,721.04,1450.37
2025-07-19T01:06:00.000000Z,721.04,721.21,719.12,719.43,2408.64
2025-07-19T01:07:00.000000Z,719.43,720.0,718.95,719.25,1400.7
2025-07-19T01:08:00.000000Z,719.24,721.13,719.15,721.03,824.26
2025-07-19T01:09:00.000000Z,721.03,721.88,720.95,721.84,892.12
2025-07-19T01:10:00.000000Z,721.85,721.86,720.64,721.34,1018.08
2025-07-19T01:11:00.000000Z,721.34,721.96,721.04,721.9,450.72
2025-07-19T01:12:00.000000Z,721.9,722.33,720.36,720.52,1271.45
2025-07-19T01:13:00.000000Z,720.53,720.98,719.77,719.8,3078.89
2025-07-19T01:14:00.000000Z,719.79,720.83,719.66,720.8,1108.97
2025-07-19T01:15:00.000000Z,720.8,722.72,720.8,722.72,816.13
2025-07-19T01:16:00.000000Z,722.75,723.0,722.33,722.58,888.9
2025-07-19T01:17:00.000000Z,722.59,722.79,720.13,720.35,2324.32
2025-07-19T01:18:00.000000Z,720.36,721.59,720.11,720.72,1429.91
2025-07-19T01:19:00.000000Z,720.72,721.95,720.51,721.95,696.14
2025-07-19T01:20:00.000000Z,721.95,723.14,721.66,723.09,875.01
2025-07-19T01:21:00.000000Z,723.04,724.34,722.88,724.34,566.79
2025-07-19T01:22:00.000000Z,724.34,724.56,723.33,723.6,908.01
2025-07-19T01:23:00.000000Z,723.59,724.28,723.24,723.72,610.31
2025-07-19T01:24:00.000000Z,723.71,724.75,723.6,724.24,461.15
2025-07-19T01:25:00.000000Z,724.24,724.52,723.73,724.12,492.42
2025-07-19T01:26:00.000000Z,724.08,724.62,723.8,724.17,335.14
2025-07-19T01:27:00.000000Z,724.17,724.99,724.17,724.59,401.21
2025-07-19T01:28:00.000000Z,724.6,724.89,724.48,724.75,219.98
2025-07-19T01:29:00.000000Z,724.75,724.75,724.4,724.61,147.3
2025-07-19T01:30:00.000000Z,724.6,724.61,723.72,724.3,513.25
2025-07-19T01:31:00.000000Z,724.33,724.7,723.96,723.96,284.74
2025-07-19T01:32:00.000000Z,723.97,724.77,723.8,724.53,314.9
2025-07-19T01:33:00.000000Z,724.53,725.15,724.4,725.15,332.13
2025-07-19T01:34:00.000000Z,725.14,725.14,724.64,725.02,321.57
2025-07-19T01:35:00.000000Z,725.01,725.31,724.76,725.09,222.89
2025-07-19T01:36:00.000000Z,725.08,725.51,724.96,725.42,371.61
2025-07-19T01:37:00.000000Z,725.44,725.83,725.44,725.79,208.9
2025-07-19T01:38:00.000000Z,725.8,725.99,725.49,725.98,258.77
2025-07-19T01:39:00.000000Z,725.99,726.12,725.96,726.0,161.88
2025-07-19T01:40:00.000000Z,726.01,726.77,726.0,726.77,347.93
2025-07-19T01:41:00.000000Z,726.76,727.09,726.57,726.75,428.14
2025-07-19T01:42:00.000000Z,726.75,726.75,726.28,726.66,230.79
2025-07-19T01:43:00.000000Z,726.67,726.93,726.34,726.67,485.68
2025-07-19T01:44:00.000000Z,726.68,726.89,726.6,726.61,106.98
2025-07-19T01:45:00.000000Z,726.6,726.7,725.28,725.29,345.35
2025-07-19T01:46:00.000000Z,725.39,726.35,725.32,726.06,347.4
2025-07-19T01:47:00.000000Z,726.05,726.56,725.93,726.29,174.89
2025-07-19T01:48:00.000000Z,726.28,726.46,725.84,726.39,554.7
2025-07-19T01:49:00.000000Z,726.4,726.4,725.71,726.38,173.56
2025-07-19T01:50:00.000000Z,726.39,726.52,725.69,725.69,182.56
2025-07-19T01:51:00.000000Z,725.68,726.8,725.68,726.76,232.89
2025-07-19T01:52:00.000000Z,726.75,727.18,726.37,727.18,339.1
2025-07-19T01:53:00.000000Z,727.17,728.19,727.17,727.64,3594.94
2025-07-19T01:54:00.000000Z,727.63,727.75,727.33,727.33,393.28
2025-07-19T01:55:00.000000Z,727.33,727.43,727.21,727.42,152.59
2025-07-19T01:56:00.000000Z,727.41,727.42,726.76,726.77,175.8
2025-07-19T01:57:00.000000Z,726.77,726.88,726.55,726.87,234.44
2025-07-19T01:58:00.000000Z,726.87,726.96,726.3,726.35,627.41
2025-07-19T01:59:00.000000Z,726.38,726.39,726.12,726.3,104.74
2025-07-19T02:00:00.000000Z,726.3,726.66,725.76,725.86,269.04
2025-07-19T02:01:00.000000Z,725.87,726.02,725.4,725.4,307.38
2025-07-19T02:02:00.000000Z,725.4,725.4,724.72,725.08,819.21
2025-07-19T02:03:00.000000Z,725.09,725.58,724.98,725.44,448.55
2025-07-19T02:04:00.000000Z,725.44,725.44,723.32,723.32,603.92
2025-07-19T02:05:00.000000Z,723.31,723.91,723.03,723.74,707.57
2025-07-19T02:06:00.000000Z,723.74,723.79,723.13,723.34,405.14
2025-07-19T02:07:00.000000Z,723.35,724.91,723.12,724.89,519.58
2025-07-19T02:08:00.000000Z,724.89,725.23,724.13,724.68,426.73
2025-07-19T02:09:00.000000Z,724.68,724.97,723.89,723.97,301.08
2025-07-19T02:10:00.000000Z,723.97,725.0,723.9,724.8,453.41
2025-07-19T02:11:00.000000Z,724.8,725.26,724.56,725.2,168.27
2025-07-19T02:12:00.000000Z,725.19,725.19,724.01,724.85,191.13
2025-07-19T02:13:00.000000Z,724.88,725.44,724.74,724.96,393.06
2025-07-19T02:14:00.000000Z,724.92,725.72,724.72,725.72,778.46
2025-07-19T02:15:00.000000Z,725.71,725.71,724.96,725.15,228.33
2025-07-19T02:16:00.000000Z,725.16,725.22,724.26,725.07,351.29
2025-07-19T02:17:00.000000Z,725.08,726.07,724.95,726.07,380.08
2025-07-19T02:18:00.000000Z,726.06,726.56,725.72,726.56,245.56
2025-07-19T02:19:00.000000Z,726.56,727.24,726.55,727.21,466.82
2025-07-19T02:20:00.000000Z,727.2,727.48,726.44,726.97,324.72
2025-07-19T02:21:00.000000Z,726.96,727.41,726.62,727.08,276.59
2025-07-19T02:22:00.000000Z,727.08,728.0,727.08,727.89,546.04
2025-07-19T02:23:00.000000Z,727.88,728.23,727.34,727.35,655.08
2025-07-19T02:24:00.000000Z,727.34,728.36,727.29,727.62,873.96
2025-07-19T02:25:00.000000Z,727.61,727.7,726.33,726.79,258.14
2025-07-19T02:26:00.000000Z,726.78,727.26,726.21,726.24,278.31
2025-07-19T02:27:00.000000Z,726.25,727.49,726.25,727.39,246.89
2025-07-19T02:28:00.000000Z,727.39,727.81,726.73,727.05,337.03
2025-07-19T02:29:00.000000Z,727.02,727.18,726.4,726.48,431.37
2025-07-19T02:30:00.000000Z,726.48,727.81,726.41,727.37,916.93
2025-07-19T02:31:00.000000Z,727.36,727.8,727.2,727.73,214.83
2025-07-19T02:32:00.000000Z,727.73,728.23,727.49,728.23,195.21
2025-07-19T02:33:00.000000Z,728.22,728.23,727.88,728.04,181.99
2025-07-19T02:34:00.000000Z,728.04,728.64,727.69,728.6,462.92
2025-07-19T02:35:00.000000Z,728.59,729.27,728.55,729.23,526.73
2025-07-19T02:36:00.000000Z,729.24,729.36,728.8,728.8,563.73
2025-07-19T02:37:00.000000Z,728.81,729.22,728.62,728.8,396.73
2025-07-19T02:38:00.000000Z,728.8,729.56,728.79,729.33,1039.32
2025-07-19T02:39:00.000000Z,729.32,729.44,729.13,729.21,359.0
2025-07-19T02:40:00.000000Z,729.21,729.36,728.72,729.03,179.43
2025-07-19T02:41:00.000000Z,729.03,729.24,729.01,729.24,156.3
2025-07-19T02:42:00.000000Z,729.23,729.66,729.23,729.64,91.32
2025-07-19T02:43:00.000000Z,729.62,729.73,729.42,729.73,84.33
2025-07-19T02:44:00.000000Z,729.73,729.75,729.44,729.71,247.23
2025-07-19T02:45:00.000000Z,729.7,729.97,729.5,729.79,480.4
2025-07-19T02:46:00.000000Z,729.78,729.78,729.28,729.49,166.49
2025-07-19T02:47:00.000000Z,729.48,729.9,729.48,729.74,190.82
2025-07-19T02:48:00.000000Z,729.73,729.88,729.48,729.88,162.01
2025-07-19T02:49:00.000000Z,729.88,730.2,729.68,730.0,759.99
2025-07-19T02:50:00.000000Z,730.0,730.26,729.96,730.26,195.76
2025-07-19T02:51:00.000000Z,730.26,730.46,730.16,730.16,224.41
2025-07-19T02:52:00.000000Z,730.16,730.35,730.16,730.24,137.52
2025-07-19T02:53:00.000000Z,730.25,730.71,730.21,730.6,280.73
2025-07-19T02:54:00.000000Z,730.6,730.9,730.59,730.85,550.3
2025-07-19T02:55:00.000000Z,730.84,731.11,730.73,731.0,345.49
2025-07-19T02:56:00.000000Z,731.01,731.01,730.57,730.75,182.83
2025-07-19T02:57:00.000000Z,730.74,730.75,730.08,730.08,360.18
2025-07-19T02:58:00.000000Z,730.07,730.16,729.76,729.91,124.73
2025-07-19T02:59:00.000000Z,729.9,730.38,729.9,730.38,149.41
2025-07-19T03:00:00.000000Z,730.38,730.75,730.36,730.59,278.57
2025-07-19T03:01:00.000000Z,730.59,730.8,730.52,730.8,335.27
2025-07-19T03:02:00.000000Z,730.8,730.87,730.48,730.58,361.73
2025-07-19T03:03:00.000000Z,730.58,730.78,730.35,730.69,202.7
2025-07-19T03:04:00.000000Z,730.7,730.92,730.56,730.92,56.67
2025-07-19T03:05:00.000000Z,730.92,731.5,730.8,731.4,361.74
2025-07-19T03:06:00.000000Z,731.39,731.75,731.2,731.43,384.49
2025-07-19T03:07:00.000000Z,731.43,731.68,731.17,731.51,160.22
2025-07-19T03:08:00.000000Z,731.52,731.59,731.33,731.4,214.53
2025-07-19T03:09:00.000000Z,731.4,731.4,730.91,731.15,225.37
2025-07-19T03:10:00.000000Z,731.15,731.18,730.77,731.14,224.41
2025-07-19T03:11:00.000000Z,731.13,731.14,729.9,730.89,3486.43
2025-07-19T03:12:00.000000Z,730.89,731.28,730.88,731.06,174.36
2025-07-19T03:13:00.000000Z,731.06,731.68,731.06,731.55,283.89
2025-07-19T03:14:00.000000Z,731.56,731.84,731.44,731.71,382.01
2025-07-19T03:15:00.000000Z,731.7,732.04,731.41,731.71,766.28
2025-07-19T03:16:00.000000Z,731.7,732.03,731.38,731.6,409.26
2025-07-19T03:17:00.000000Z,731.6,731.84,731.53,731.75,178.49
2025-07-19T03:18:00.000000Z,731.75,731.75,731.3,731.32,236.86
2025-07-19T03:19:00.000000Z,731.32,731.51,731.29,731.48,141.53
2025-07-19T03:20:00.000000Z,731.47,731.76,731.47,731.48,258.3
2025-07-19T03:21:00.000000Z,731.47,731.7,731.35,731.63,285.79
2025-07-19T03:22:00.000000Z,731.63,731.63,731.46,731.56,108.03
2025-07-19T03:23:00.000000Z,731.56,731.88,731.42,731.88,323.91
2025-07-19T03:24:00.000000Z,731.88,732.08,731.87,731.99,274.3
2025-07-19T03:25:00.000000Z,731.99,731.99,731.6,731.9,148.49
2025-07-19T03:26:00.000000Z,731.9,732.08,731.89,731.97,70.37
2025-07-19T03:27:00.000000Z,731.97,732.16,731.8,732.16,157.73
2025-07-19T03:28:00.000000Z,732.16,732.42,732.15,732.42,121.19
2025-07-19T03:29:00.000000Z,732.42,732.66,732.41,732.53,150.35
2025-07-19T03:30:00.000000Z,732.53,732.59,732.33,732.52,134.1
2025-07-19T03:31:00.000000Z,732.53,732.68,732.35,732.49,226.62
2025-07-19T03:32:00.000000Z,732.49,732.94,732.49,732.9,387.55
2025-07-19T03:33:00.000000Z,732.91,733.3,732.9,733.29,202.57
2025-07-19T03:34:00.000000Z,733.3,733.98,733.3,733.97,359.06
2025-07-19T03:35:00.000000Z,733.96,733.97,733.49,733.72,497.17
2025-07-19T03:36:00.000000Z,733.72,733.99,733.63,733.88,281.1
2025-07-19T03:37:00.000000Z,733.88,734.2,733.68,734.2,680.34
2025-07-19T03:38:00.000000Z,734.19,734.24,733.97,733.98,304.03
2025-07-19T03:39:00.000000Z,733.97,734.07,733.9,733.96,182.9
2025-07-19T03:40:00.000000Z,733.96,734.13,733.85,734.12,303.46
2025-07-19T03:41:00.000000Z,734.12,734.12,733.97,733.98,127.17
2025-07-19T03:42:00.000000Z,733.98,733.98,733.6,733.91,260.83
2025-07-19T03:43:00.000000Z,733.91,734.26,733.9,734.23,289.68
2025-07-19T03:44:00.000000Z,734.23,734.39,733.95,733.96,1265.56
2025-07-19T03:45:00.000000Z,733.96,734.09,733.94,733.96,172.92
2025-07-19T03:46:00.000000Z,733.97,734.16,733.78,734.15,802.97
2025-07-19T03:47:00.000000Z,734.16,734.76,734.15,734.72,288.16
2025-07-19T03:48:00.000000Z,734.71,734.71,734.16,734.36,530.21
2025-07-19T03:49:00.000000Z,734.35,734.35,733.56,733.66,1004.41
2025-07-19T03:50:00.000000Z,733.65,733.95,732.79,732.96,856.5
2025-07-19T03:51:00.000000Z,732.96,733.5,732.96,733.34,427.21
2025-07-19T03:52:00.000000Z,733.36,733.94,733.32,733.83,286.99
2025-07-19T03:53:00.000000Z,733.83,734.2,733.81,734.2,432.08
2025-07-19T03:54:00.000000Z,734.19,734.58,733.99,734.39,445.56
2025-07-19T03:55:00.000000Z,734.4,734.91,734.39,734.9,237.69
2025-07-19T03:56:00.000000Z,734.9,735.39,734.78,734.85,766.77
2025-07-19T03:57:00.000000Z,734.85,734.96,734.44,734.68,315.35
2025-07-19T03:58:00.000000Z,734.67,735.16,734.62,735.08,298.2
2025-07-19T03:59:00.000000Z,735.07,735.25,734.8,735.25,386.73
2025-07-19T04:00:00.000000Z,735.25,735.25,734.62,734.63,695.84
2025-07-19T04:01:00.000000Z,734.67,735.24,734.67,735.13,227.22
2025-07-19T04:02:00.000000Z,735.13,735.24,734.66,734.67,551.14
2025-07-19T04:03:00.000000Z,734.67,735.06,734.66,735.06,255.42
2025-07-19T04:04:00.000000Z,735.08,735.81,735.08,735.53,1403.86
2025-07-19T04:05:00.000000Z,735.53,736.47,735.52,736.37,1886.49
2025-07-19T04:06:00.000000Z,736.37,736.94,736.1,736.52,1553.56
2025-07-19T04:07:00.000000Z,736.52,736.72,736.33,736.43,449.51
2025-07-19T04:08:00.000000Z,736.44,736.95,736.28,736.81,451.78
2025-07-19T04:09:00.000000Z,736.81,737.43,736.7,737.09,1440.73
2025-07-19T04:10:00.000000Z,737.08,737.23,736.5,736.5,689.57
2025-07-19T04:11:00.000000Z,736.51,736.88,736.3,736.77,651.13
2025-07-19T04:12:00.000000Z,736.76,737.16,736.61,736.98,355.52
2025-07-19T04:13:00.000000Z,736.96,736.96,736.27,736.48,386.92
2025-07-19T04:14:00.000000Z,736.47,737.04,736.47,736.7,513.0
2025-07-19T04:15:00.000000Z,736.7,736.83,736.45,736.52,237.28
2025-07-19T04:16:00.000000Z,736.51,737.23,736.28,737.05,3011.17
2025-07-19T04:17:00.000000Z,737.04,737.48,736.8,736.93,2384.16
2025-07-19T04:18:00.000000Z,736.93,737.62,736.72,737.16,1786.39
2025-07-19T04:19:00.000000Z,737.15,737.68,737.09,737.21,871.32
2025-07-19T04:20:00.000000Z,737.22,737.72,737.22,737.5,1007.29
2025-07-19T04:21:00.000000Z,737.5,737.88,737.41,737.84,1497.36
2025-07-19T04:22:00.000000Z,737.84,738.0,737.15,737.6,796.94
2025-07-19T04:23:00.000000Z,737.6,737.62,737.16,737.16,847.02
2025-07-19T04:24:00.000000Z,737.15,737.32,737.04,737.04,522.54
2025-07-19T04:25:00.000000Z,737.05,737.31,736.96,736.96,433.45
2025-07-19T04:26:00.000000Z,736.96,737.3,736.64,737.04,832.48
2025-07-19T04:27:00.000000Z,737.04,737.75,736.41,737.61,794.41
2025-07-19T04:28:00.000000Z,737.6,737.83,737.39,737.83,300.81
2025-07-19T04:29:00.000000Z,737.83,738.64,737.75,738.46,2758.09
2025-07-19T04:30:00.000000Z,738.45,738.61,738.05,738.55,1231.2
2025-07-19T04:31:00.000000Z,738.55,739.46,738.45,739.46,1652.26
2025-07-19T04:32:00.000000Z,739.46,739.5,739.0,739.05,498.6
2025-07-19T04:33:00.000000Z,739.05,739.76,739.03,739.61,976.97
2025-07-19T04:34:00.000000Z,739.62,739.62,739.16,739.16,612.72
2025-07-19T04:35:00.000000Z,739.16,739.2,738.7,738.71,666.61
2025-07-19T04:36:00.000000Z,738.7,738.71,738.05,738.12,1015.3
2025-07-19T04:37:00.000000Z,738.11,738.12,737.12,737.17,1214.64
2025-07-19T04:38:00.000000Z,737.18,737.2,736.48,736.89,767.63
2025-07-19T04:39:00.000000Z,736.89,737.67,736.89,737.57,462.73
2025-07-19T04:40:00.000000Z,737.57,738.02,737.57,737.76,310.15
2025-07-19T04:41:00.000000Z,737.76,737.96,737.68,737.96,142.66
2025-07-19T04:42:00.000000Z,737.96,738.06,737.67,738.05,165.07
2025-07-19T04:43:00.000000Z,738.05,738.1,737.71,738.1,152.69
2025-07-19T04:44:00.000000Z,738.09,738.09,737.64,737.65,157.68
2025-07-19T04:45:00.000000Z,737.64,737.8,736.9,737.01,456.48
2025-07-19T04:46:00.000000Z,737.0,737.87,736.82,737.87,369.28
2025-07-19T04:47:00.000000Z,737.88,737.91,737.25,737.26,170.61
2025-07-19T04:48:00.000000Z,737.26,737.29,736.85,736.96,210.07
2025-07-19T04:49:00.000000Z,736.95,737.05,736.51,737.05,252.54
2025-07-19T04:50:00.000000Z,737.05,737.63,736.99,737.41,372.88
2025-07-19T04:51:00.000000Z,737.44,737.63,737.4,737.52,155.56
2025-07-19T04:52:00.000000Z,737.52,737.77,737.33,737.76,157.18
2025-07-19T04:53:00.000000Z,737.77,737.98,737.46,737.46,103.41
2025-07-19T04:54:00.000000Z,737.45,737.47,737.05,737.28,165.36
2025-07-19T04:55:00.000000Z,737.28,737.6,737.25,737.56,73.76
2025-07-19T04:56:00.000000Z,737.56,737.56,737.0,737.09,372.22
2025-07-19T04:57:00.000000Z,737.09,737.18,737.05,737.18,191.9
2025-07-19T04:58:00.000000Z,737.17,737.36,737.01,737.01,180.59
2025-07-19T04:59:00.000000Z,737.0,737.48,737.0,737.43,140.04
2025-07-19T05:00:00.000000Z,737.44,737.6,737.07,737.44,457.82
2025-07-19T05:01:00.000000Z,737.43,737.44,737.17,737.27,230.66
2025-07-19T05:02:00.000000Z,737.28,737.64,737.17,737.17,229.09
2025-07-19T05:03:00.000000Z,737.16,737.2,736.76,736.85,368.43
2025-07-19T05:04:00.000000Z,736.85,737.12,736.81,736.95,150.27
2025-07-19T05:05:00.000000Z,736.95,736.95,735.7,735.88,1215.64
2025-07-19T05:06:00.000000Z,735.88,735.96,735.0,735.25,1332.37
2025-07-19T05:07:00.000000Z,735.25,735.64,735.01,735.47,240.62
2025-07-19T05:08:00.000000Z,735.46,735.46,734.52,734.81,321.83
2025-07-19T05:09:00.000000Z,734.8,734.88,734.42,734.48,332.47
2025-07-19T05:10:00.000000Z,734.49,734.91,734.2,734.91,595.52
2025-07-19T05:11:00.000000Z,734.9,735.49,734.9,735.48,536.31
2025-07-19T05:12:00.000000Z,735.48,735.48,735.19,735.31,240.21
2025-07-19T05:13:00.000000Z,735.31,735.85,735.3,735.85,339.76
2025-07-19T05:14:00.000000Z,735.85,735.85,735.52,735.53,162.29
2025-07-19T05:15:00.000000Z,735.53,735.95,735.52,735.52,359.52
2025-07-19T05:16:00.000000Z,735.53,735.7,734.91,735.7,1279.92
2025-07-19T05:17:00.000000Z,735.7,735.96,735.24,735.95,524.63
2025-07-19T05:18:00.000000Z,735.96,736.0,735.76,735.84,813.29
2025-07-19T05:19:00.000000Z,735.85,736.0,735.56,735.94,215.04
2025-07-19T05:20:00.000000Z,735.94,736.54,735.94,736.41,202.15
2025-07-19T05:21:00.000000Z,736.41,736.41,735.0,735.01,544.68
2025-07-19T05:22:00.000000Z,735.01,735.64,735.01,735.63,231.92
2025-07-19T05:23:00.000000Z,735.63,735.98,735.49,735.98,268.02
2025-07-19T05:24:00.000000Z,735.97,735.97,735.43,735.64,140.07
2025-07-19T05:25:00.000000Z,735.63,735.63,735.44,735.53,127.09
2025-07-19T05:26:00.000000Z,735.53,735.53,735.4,735.49,65.81
2025-07-19T05:27:00.000000Z,735.5,736.2,735.5,736.2,130.56
2025-07-19T05:28:00.000000Z,736.19,736.29,735.99,736.28,155.82
2025-07-19T05:29:00.000000Z,736.27,736.32,736.12,736.17,158.12
2025-07-19T05:30:00.000000Z,736.16,736.16,735.4,735.61,163.52
2025-07-19T05:31:00.000000Z,735.61,735.87,735.53,735.87,236.76
2025-07-19T05:32:00.000000Z,735.88,736.42,735.8,736.36,94.07
2025-07-19T05:33:00.000000Z,736.36,736.6,736.36,736.49,171.43
2025-07-19T05:34:00.000000Z,736.49,736.6,736.28,736.28,179.41
2025-07-19T05:35:00.000000Z,736.29,736.64,736.23,736.37,208.97
2025-07-19T05:36:00.000000Z,736.36,736.37,735.73,735.92,212.34
2025-07-19T05:37:00.000000Z,735.92,736.2,735.92,736.19,87.03
2025-07-19T05:38:00.000000Z,736.19,736.29,735.96,736.29,243.85
2025-07-19T05:39:00.000000Z,736.31,736.4,736.09,736.1,54.73
2025-07-19T05:40:00.000000Z,736.09,736.21,735.52,735.64,182.31
2025-07-19T05:41:00.000000Z,735.65,736.03,735.56,735.93,163.89
2025-07-19T05:42:00.000000Z,735.92,736.37,735.92,736.27,107.47
2025-07-19T05:43:00.000000Z,736.26,736.36,735.93,736.21,345.64
2025-07-19T05:44:00.000000Z,736.21,736.29,736.09,736.12,104.37
2025-07-19T05:45:00.000000Z,736.13,736.17,735.67,735.71,134.55
2025-07-19T05:46:00.000000Z,735.72,735.88,735.59,735.75,88.54
2025-07-19T05:47:00.000000Z,735.76,735.8,735.38,735.64,150.39
2025-07-19T05:48:00.000000Z,735.63,735.88,735.44,735.48,80.89
2025-07-19T05:49:00.000000Z,735.49,735.72,735.32,735.71,115.24
2025-07-19T05:50:00.000000Z,735.71,735.71,735.07,735.08,146.05
2025-07-19T05:51:00.000000Z,735.08,735.23,734.89,735.1,291.45
2025-07-19T05:52:00.000000Z,735.12,735.16,734.64,734.64,109.98
2025-07-19T05:53:00.000000Z,734.65,735.06,734.65,734.99,92.65
2025-07-19T05:54:00.000000Z,735.0,735.07,734.72,735.0,141.72
2025-07-19T05:55:00.000000Z,735.0,735.41,734.97,735.41,256.97
2025-07-19T05:56:00.000000Z,735.41,735.44,735.08,735.08,170.6
2025-07-19T05:57:00.000000Z,735.09,735.16,735.0,735.16,70.27
2025-07-19T05:58:00.000000Z,735.15,735.21,735.01,735.2,129.9
2025-07-19T05:59:00.000000Z,735.2,735.2,734.92,735.09,119.6
2025-07-19T06:00:00.000000Z,735.08,735.32,735.01,735.31,95.11
2025-07-19T06:01:00.000000Z,735.31,735.54,735.12,735.13,133.81
2025-07-19T06:02:00.000000Z,735.14,735.29,735.13,735.21,98.97
2025-07-19T06:03:00.000000Z,735.2,735.2,734.64,734.64,273.67
2025-07-19T06:04:00.000000Z,734.64,734.66,734.28,734.28,148.06
2025-07-19T06:05:00.000000Z,734.28,734.72,734.09,734.68,230.61
2025-07-19T06:06:00.000000Z,734.67,734.92,734.67,734.79,142.69
2025-07-19T06:07:00.000000Z,734.79,735.59,734.79,735.59,81.18
2025-07-19T06:08:00.000000Z,735.59,735.81,735.17,735.18,238.15
2025-07-19T06:09:00.000000Z,735.18,735.4,735.0,735.38,171.88
2025-07-19T06:10:00.000000Z,735.37,735.47,735.12,735.43,168.87
2025-07-19T06:11:00.000000Z,735.42,735.43,735.27,735.41,108.45
2025-07-19T06:12:00.000000Z,735.41,735.45,735.09,735.36,103.54
2025-07-19T06:13:00.000000Z,735.36,735.36,735.16,735.28,55.29
2025-07-19T06:14:00.000000Z,735.27,735.3,734.51,734.51,301.01
2025-07-19T06:15:00.000000Z,734.52,734.96,734.36,734.87,238.51
2025-07-19T06:16:00.000000Z,734.88,734.88,734.02,734.2,734.69
2025-07-19T06:17:00.000000Z,734.19,734.41,733.95,734.41,338.9
2025-07-19T06:18:00.000000Z,734.41,734.45,734.09,734.17,128.94
2025-07-19T06:19:00.000000Z,734.17,734.67,734.1,734.67,258.93
2025-07-19T06:20:00.000000Z,734.67,734.8,734.41,734.56,125.83
2025-07-19T06:21:00.000000Z,734.57,734.57,733.92,733.92,90.5
2025-07-19T06:22:00.000000Z,733.92,734.03,733.65,734.03,297.37
2025-07-19T06:23:00.000000Z,734.04,734.04,733.65,733.65,162.6
2025-07-19T06:24:00.000000Z,733.68,733.68,732.84,733.12,646.3
2025-07-19T06:25:00.000000Z,733.13,733.77,733.13,733.67,473.57
2025-07-19T06:26:00.000000Z,733.63,733.63,733.28,733.28,121.31
2025-07-19T06:27:00.000000Z,733.27,733.27,732.78,732.79,219.13
2025-07-19T06:28:00.000000Z,732.78,733.04,732.53,732.8,270.3
2025-07-19T06:29:00.000000Z,732.8,732.9,732.33,732.45,460.39
2025-07-19T06:30:00.000000Z,732.46,732.92,732.46,732.87,539.48
2025-07-19T06:31:00.000000Z,732.88,733.32,732.79,733.32,269.85
2025-07-19T06:32:00.000000Z,733.32,733.32,732.77,732.84,260.09
2025-07-19T06:33:00.000000Z,732.83,733.2,732.77,733.2,264.06
2025-07-19T06:34:00.000000Z,733.21,733.98,733.21,733.76,368.04
2025-07-19T06:35:00.000000Z,733.77,733.8,733.6,733.76,111.23
2025-07-19T06:36:00.000000Z,733.77,733.8,733.37,733.54,159.19
2025-07-19T06:37:00.000000Z,733.54,733.57,733.32,733.43,193.32
2025-07-19T06:38:00.000000Z,733.43,733.72,733.43,733.71,123.43
2025-07-19T06:39:00.000000Z,733.72,733.8,733.6,733.61,99.73
2025-07-19T06:40:00.000000Z,733.6,733.61,732.96,732.96,149.31
2025-07-19T06:41:00.000000Z,732.97,732.97,732.6,732.66,259.18
2025-07-19T06:42:00.000000Z,732.67,732.67,732.34,732.34,122.64
2025-07-19T06:43:00.000000Z,732.34,732.52,732.19,732.41,328.76
2025-07-19T06:44:00.000000Z,732.48,732.62,732.28,732.4,139.78
2025-07-19T06:45:00.000000Z,732.41,733.03,732.41,732.73,185.11
2025-07-19T06:46:00.000000Z,732.73,733.51,732.73,733.51,308.14
2025-07-19T06:47:00.000000Z,733.5,733.5,733.0,733.18,187.63
2025-07-19T06:48:00.000000Z,733.18,733.34,733.04,733.2,189.0
2025-07-19T06:49:00.000000Z,733.2,733.38,733.07,733.24,287.27
2025-07-19T06:50:00.000000Z,733.23,733.68,733.23,733.67,174.53
2025-07-19T06:51:00.000000Z,733.68,733.68,733.33,733.33,85.9
2025-07-19T06:52:00.000000Z,733.33,733.52,733.29,733.48,93.51
2025-07-19T06:53:00.000000Z,733.48,733.54,733.24,733.25,94.95
2025-07-19T06:54:00.000000Z,733.25,733.38,732.88,733.08,182.86
2025-07-19T06:55:00.000000Z,733.08,733.25,733.0,733.0,105.56
2025-07-19T06:56:00.000000Z,733.0,733.0,732.32,732.64,414.16
2025-07-19T06:57:00.000000Z,732.64,733.01,732.64,732.99,113.36
2025-07-19T06:58:00.000000Z,732.99,732.99,732.48,732.48,76.19
2025-07-19T06:59:00.000000Z,732.47,732.48,732.09,732.4,139.33
2025-07-19T07:00:00.000000Z,732.4,732.45,732.24,732.4,269.68
2025-07-19T07:01:00.000000Z,732.41,732.48,732.2,732.21,252.87
2025-07-19T07:02:00.000000Z,732.2,732.31,731.93,732.19,417.4
2025-07-19T07:03:00.000000Z,732.19,732.3,731.96,732.11,126.25
2025-07-19T07:04:00.000000Z,732.11,732.92,732.05,732.8,404.54
2025-07-19T07:05:00.000000Z,732.79,733.62,732.56,733.57,621.55
2025-07-19T07:06:00.000000Z,733.57,733.84,733.21,733.64,369.15
2025-07-19T07:07:00.000000Z,733.64,733.87,733.54,733.56,189.02
2025-07-19T07:08:00.000000Z,733.57,733.76,733.57,733.6,185.0
2025-07-19T07:09:00.000000Z,733.6,733.8,733.58,733.64,108.19
2025-07-19T07:10:00.000000Z,733.64,733.79,733.53,733.62,210.79
2025-07-19T07:11:00.000000Z,733.63,733.63,733.37,733.5,191.82
2025-07-19T07:12:00.000000Z,733.5,733.51,732.95,733.48,337.33
2025-07-19T07:13:00.000000Z,733.47,734.42,733.44,734.42,180.45
2025-07-19T07:14:00.000000Z,734.42,734.61,734.2,734.21,281.07
2025-07-19T07:15:00.000000Z,734.21,734.28,733.64,733.76,271.87
2025-07-19T07:16:00.000000Z,733.77,733.9,733.1,733.74,1777.87
2025-07-19T07:17:00.000000Z,733.74,733.74,732.32,732.46,1231.85
2025-07-19T07:18:00.000000Z,732.47,733.56,732.46,733.52,263.78
2025-07-19T07:19:00.000000Z,733.52,733.97,733.51,733.95,350.0
2025-07-19T07:20:00.000000Z,733.96,734.43,733.95,734.42,709.69
2025-07-19T07:21:00.000000Z,734.42,734.45,734.16,734.19,475.92
2025-07-19T07:22:00.000000Z,734.18,734.36,734.01,734.19,413.09
2025-07-19T07:23:00.000000Z,734.2,734.64,734.09,734.63,102.63
2025-07-19T07:24:00.000000Z,734.64,734.75,734.52,734.75,220.11
2025-07-19T07:25:00.000000Z,734.75,734.76,734.08,734.08,141.23
2025-07-19T07:26:00.000000Z,734.07,734.16,733.72,733.72,286.69
2025-07-19T07:27:00.000000Z,733.72,734.21,733.63,734.21,150.49
2025-07-19T07:28:00.000000Z,734.2,734.21,734.05,734.05,166.54
2025-07-19T07:29:00.000000Z,734.05,734.2,733.7,733.85,1157.45
2025-07-19T07:30:00.000000Z,733.86,734.0,733.6,733.6,1313.98
2025-07-19T07:31:00.000000Z,733.59,733.59,732.74,732.74,371.36
2025-07-19T07:32:00.000000Z,732.72,733.08,732.64,732.91,331.63
2025-07-19T07:33:00.000000Z,732.92,733.36,732.68,733.35,103.68
2025-07-19T07:34:00.000000Z,733.36,733.45,732.83,732.83,170.42
2025-07-19T07:35:00.000000Z,732.82,732.89,732.29,732.29,224.43
2025-07-19T07:36:00.000000Z,732.3,732.62,732.01,732.62,234.29
2025-07-19T07:37:00.000000Z,732.62,732.72,732.13,732.22,129.24
2025-07-19T07:38:00.000000Z,732.22,732.64,732.08,732.59,94.29
2025-07-19T07:39:00.000000Z,732.59,732.63,732.3,732.44,114.06
2025-07-19T07:40:00.000000Z,732.46,732.9,732.46,732.9,427.18
2025-07-19T07:41:00.000000Z,732.9,732.95,732.51,732.67,123.46
2025-07-19T07:42:00.000000Z,732.68,732.92,732.44,732.44,205.29
2025-07-19T07:43:00.000000Z,732.44,732.63,732.2,732.6,220.28
2025-07-19T07:44:00.000000Z,732.62,732.72,732.13,732.19,248.72
2025-07-19T07:45:00.000000Z,732.19,732.74,732.18,732.52,363.06
2025-07-19T07:46:00.000000Z,732.52,732.6,732.2,732.29,315.53
2025-07-19T07:47:00.000000Z,732.29,732.71,732.29,732.38,245.06
2025-07-19T07:48:00.000000Z,732.39,732.5,732.11,732.35,504.95
2025-07-19T07:49:00.000000Z,732.35,733.27,732.35,733.27,174.42
2025-07-19T07:50:00.000000Z,733.28,733.28,733.04,733.17,186.01
2025-07-19T07:51:00.000000Z,733.17,733.28,732.96,733.19,250.26
2025-07-19T07:52:00.000000Z,733.19,733.19,733.07,733.08,49.85
2025-07-19T07:53:00.000000Z,733.08,733.12,732.88,733.04,78.75
2025-07-19T07:54:00.000000Z,733.04,733.11,732.93,733.03,244.62
2025-07-19T07:55:00.000000Z,733.04,733.04,732.4,732.42,195.05
2025-07-19T07:56:00.000000Z,732.43,732.98,732.33,732.98,115.93
2025-07-19T07:57:00.000000Z,732.97,733.27,732.88,732.88,388.43
2025-07-19T07:58:00.000000Z,732.88,732.88,732.57,732.57,116.11
2025-07-19T07:59:00.000000Z,732.58,732.66,732.58,732.66,80.46
2025-07-19T08:00:00.000000Z,732.66,732.81,732.56,732.8,468.72
2025-07-19T08:01:00.000000Z,732.81,733.12,732.67,732.87,507.4
2025-07-19T08:02:00.000000Z,732.88,732.95,732.57,732.57,448.82
2025-07-19T08:03:00.000000Z,732.57,732.74,732.48,732.61,208.65
2025-07-19T08:04:00.000000Z,732.63,732.96,732.59,732.95,309.35
2025-07-19T08:05:00.000000Z,732.95,733.36,732.95,733.36,594.48
2025-07-19T08:06:00.000000Z,733.35,733.56,733.17,733.25,187.13
2025-07-19T08:07:00.000000Z,733.25,733.27,732.92,732.92,142.05
2025-07-19T08:08:00.000000Z,732.93,732.97,732.81,732.83,68.12
2025-07-19T08:09:00.000000Z,732.83,732.95,731.93,731.97,602.99
2025-07-19T08:10:00.000000Z,731.96,732.2,731.62,731.66,320.09
2025-07-19T08:11:00.000000Z,731.66,731.66,731.2,731.2,627.38
2025-07-19T08:12:00.000000Z,731.2,731.2,730.84,730.95,535.2
2025-07-19T08:13:00.000000Z,730.94,731.12,730.42,730.8,570.03
2025-07-19T08:14:00.000000Z,730.79,731.0,730.42,730.68,690.84
2025-07-19T08:15:00.000000Z,730.68,731.21,730.68,730.83,466.69
2025-07-19T08:16:00.000000Z,730.82,730.84,730.56,730.58,418.01
2025-07-19T08:17:00.000000Z,730.58,730.76,730.39,730.7,363.59
2025-07-19T08:18:00.000000Z,730.71,730.75,730.2,730.34,656.3
2025-07-19T08:19:00.000000Z,730.34,730.55,729.41,730.0,1574.83
2025-07-19T08:20:00.000000Z,730.01,730.18,729.75,729.92,916.61
2025-07-19T08:21:00.000000Z,729.91,730.12,729.76,729.88,439.42
2025-07-19T08:22:00.000000Z,729.88,730.28,729.84,730.17,248.98
2025-07-19T08:23:00.000000Z,730.17,730.18,729.64,729.76,172.0
2025-07-19T08:24:00.000000Z,729.75,730.04,729.24,729.43,874.19
2025-07-19T08:25:00.000000Z,729.47,729.96,729.47,729.95,528.56
2025-07-19T08:26:00.000000Z,729.95,730.12,729.65,729.81,286.05
2025-07-19T08:27:00.000000Z,729.8,729.99,729.51,729.67,260.05
2025-07-19T08:28:00.000000Z,729.67,730.47,729.52,730.33,392.56
2025-07-19T08:29:00.000000Z,730.33,730.58,729.94,730.08,440.38
2025-07-19T08:30:00.000000Z,730.07,730.21,729.62,729.99,177.92
2025-07-19T08:31:00.000000Z,729.99,729.99,729.4,729.41,327.1
2025-07-19T08:32:00.000000Z,729.41,729.73,729.24,729.54,268.98
2025-07-19T08:33:00.000000Z,729.52,729.52,728.46,728.87,600.48
2025-07-19T08:34:00.000000Z,728.88,728.88,728.28,728.4,523.73
2025-07-19T08:35:00.000000Z,728.4,728.9,728.3,728.61,393.6
2025-07-19T08:36:00.000000Z,728.62,729.25,728.62,728.81,1187.67
2025-07-19T08:37:00.000000Z,728.81,729.38,728.76,729.38,413.81
2025-07-19T08:38:00.000000Z,729.39,729.46,729.2,729.38,218.94
2025-07-19T08:39:00.000000Z,729.39,729.78,729.2,729.68,241.3
2025-07-19T08:40:00.000000Z,729.68,730.32,729.56,730.09,640.43
2025-07-19T08:41:00.000000Z,730.08,730.08,729.68,729.77,178.56
2025-07-19T08:42:00.000000Z,729.78,729.87,729.57,729.57,198.43
2025-07-19T08:43:00.000000Z,729.57,730.26,729.45,730.26,105.31
2025-07-19T08:44:00.000000Z,730.25,730.69,730.16,730.62,379.05
2025-07-19T08:45:00.000000Z,730.62,730.71,729.81,729.96,303.95
2025-07-19T08:46:00.000000Z,729.96,730.76,729.95,730.64,164.37
2025-07-19T08:47:00.000000Z,730.64,730.92,730.6,730.71,174.17
2025-07-19T08:48:00.000000Z,730.72,731.14,730.71,731.07,162.11
2025-07-19T08:49:00.000000Z,731.07,731.48,731.0,731.34,189.64
2025-07-19T08:50:00.000000Z,731.36,731.36,730.87,731.04,361.17
2025-07-19T08:51:00.000000Z,731.05,731.05,730.0,730.04,247.84
2025-07-19T08:52:00.000000Z,730.04,730.59,730.04,730.47,188.25
2025-07-19T08:53:00.000000Z,730.49,730.59,730.09,730.09,136.56
2025-07-19T08:54:00.000000Z,730.09,730.89,730.09,730.74,226.44
2025-07-19T08:55:00.000000Z,730.73,730.73,730.27,730.6,260.72
2025-07-19T08:56:00.000000Z,730.59,730.78,730.36,730.41,130.99
2025-07-19T08:57:00.000000Z,730.42,730.66,730.33,730.59,109.47
2025-07-19T08:58:00.000000Z,730.57,731.22,730.52,730.96,213.42
2025-07-19T08:59:00.000000Z,730.97,731.0,730.76,730.77,87.99
2025-07-19T09:00:00.000000Z,730.77,730.9,730.52,730.72,218.93
2025-07-19T09:01:00.000000Z,730.7,730.76,730.18,730.76,136.88
2025-07-19T09:02:00.000000Z,730.77,731.1,730.6,731.1,159.66
2025-07-19T09:03:00.000000Z,731.1,731.68,731.1,731.58,453.22
2025-07-19T09:04:00.000000Z,731.59,731.82,731.36,731.47,280.94
2025-07-19T09:05:00.000000Z,731.48,732.09,731.28,732.09,384.58
2025-07-19T09:06:00.000000Z,732.09,732.42,731.97,732.42,245.18
2025-07-19T09:07:00.000000Z,732.42,732.77,732.41,732.77,209.29
2025-07-19T09:08:00.000000Z,732.77,733.45,732.76,733.44,464.73
2025-07-19T09:09:00.000000Z,733.45,733.59,733.08,733.09,384.48
2025-07-19T09:10:00.000000Z,733.09,733.2,732.67,732.88,184.13
2025-07-19T09:11:00.000000Z,732.88,733.36,732.82,733.36,122.31
2025-07-19T09:12:00.000000Z,733.36,733.61,733.15,733.35,623.72
2025-07-19T09:13:00.000000Z,733.35,733.43,733.12,733.12,138.86
2025-07-19T09:14:00.000000Z,733.12,733.12,732.34,732.34,223.51
2025-07-19T09:15:00.000000Z,732.35,732.97,732.18,732.57,156.92
2025-07-19T09:16:00.000000Z,732.57,733.12,732.35,733.02,113.29
2025-07-19T09:17:00.000000Z,733.01,733.16,732.84,733.13,404.17
2025-07-19T09:18:00.000000Z,733.15,733.64,733.13,733.64,304.1
2025-07-19T09:19:00.000000Z,733.63,733.64,733.32,733.33,109.45
2025-07-19T09:20:00.000000Z,733.32,733.32,732.73,733.23,244.49
2025-07-19T09:21:00.000000Z,733.23,733.4,732.88,732.96,236.81
2025-07-19T09:22:00.000000Z,732.96,733.29,732.91,733.21,165.16
2025-07-19T09:23:00.000000Z,733.21,733.5,733.02,733.49,319.22
2025-07-19T09:24:00.000000Z,733.49,733.57,732.83,732.83,147.29
2025-07-19T09:25:00.000000Z,732.84,733.28,732.64,733.28,587.27
2025-07-19T09:26:00.000000Z,733.28,733.36,733.05,733.27,185.5
2025-07-19T09:27:00.000000Z,733.26,733.57,733.18,733.22,107.38
2025-07-19T09:28:00.000000Z,733.23,733.48,733.19,733.2,206.43
2025-07-19T09:29:00.000000Z,733.2,733.2,732.84,732.88,66.37
2025-07-19T09:30:00.000000Z,732.87,733.4,732.42,733.4,212.85
2025-07-19T09:31:00.000000Z,733.4,733.55,733.21,733.41,112.41
2025-07-19T09:32:00.000000Z,733.41,733.56,733.16,733.17,189.51
2025-07-19T09:33:00.000000Z,733.17,733.29,733.06,733.14,139.07
2025-07-19T09:34:00.000000Z,733.13,733.34,733.05,733.29,392.53
2025-07-19T09:35:00.000000Z,733.29,734.09,733.29,733.82,310.44
2025-07-19T09:36:00.000000Z,733.82,734.29,733.8,734.29,215.73
2025-07-19T09:37:00.000000Z,734.28,734.28,734.01,734.18,125.89
2025-07-19T09:38:00.000000Z,734.18,734.32,734.04,734.04,160.85
2025-07-19T09:39:00.000000Z,734.03,734.17,733.76,733.77,114.06
2025-07-19T09:40:00.000000Z,733.77,734.11,733.72,733.91,173.75
2025-07-19T09:41:00.000000Z,733.91,734.16,733.4,733.41,268.6
2025-07-19T09:42:00.000000Z,733.41,734.09,733.41,734.09,199.99
2025-07-19T09:43:00.000000Z,734.09,734.09,733.72,733.9,391.89
2025-07-19T09:44:00.000000Z,733.91,734.19,733.65,734.04,181.01
2025-07-19T09:45:00.000000Z,734.04,734.04,733.68,733.81,72.32
2025-07-19T09:46:00.000000Z,733.81,734.52,733.81,734.52,453.12
2025-07-19T09:47:00.000000Z,734.52,734.72,734.37,734.63,499.2
2025-07-19T09:48:00.000000Z,734.62,734.71,734.45,734.65,241.39
2025-07-19T09:49:00.000000Z,734.65,735.34,734.56,735.23,1542.2
2025-07-19T09:50:00.000000Z,735.23,735.23,734.8,734.8,247.5
2025-07-19T09:51:00.000000Z,734.81,734.9,734.09,734.23,179.7
2025-07-19T09:52:00.000000Z,734.23,734.35,733.68,733.68,371.45
2025-07-19T09:53:00.000000Z,733.68,733.68,731.9,732.47,2911.68
2025-07-19T09:54:00.000000Z,732.48,732.59,731.96,732.29,269.61
2025-07-19T09:55:00.000000Z,732.3,732.76,732.19,732.75,192.54
2025-07-19T09:56:00.000000Z,732.76,733.0,732.76,732.87,191.44
2025-07-19T09:57:00.000000Z,732.87,733.58,732.8,733.45,190.67
2025-07-19T09:58:00.000000Z,733.46,733.6,732.97,733.01,137.97
2025-07-19T09:59:00.000000Z,733.01,733.07,732.85,733.04,167.11
2025-07-19T10:00:00.000000Z,733.04,733.35,732.41,732.45,624.35
2025-07-19T10:01:00.000000Z,732.45,732.66,732.34,732.44,115.95
2025-07-19T10:02:00.000000Z,732.43,732.44,732.1,732.1,150.81
2025-07-19T10:03:00.000000Z,732.1,732.55,732.07,732.32,108.51
2025-07-19T10:04:00.000000Z,732.33,732.34,731.8,731.81,188.83
2025-07-19T10:05:00.000000Z,731.81,732.12,731.64,731.91,470.7
2025-07-19T10:06:00.000000Z,731.92,732.45,731.85,732.45,162.72
2025-07-19T10:07:00.000000Z,732.45,732.7,732.25,732.25,138.46
2025-07-19T10:08:00.000000Z,732.25,733.04,732.25,732.69,111.17
2025-07-19T10:09:00.000000Z,732.7,732.7,731.64,731.7,676.0
2025-07-19T10:10:00.000000Z,731.68,732.18,731.44,732.18,343.91
2025-07-19T10:11:00.000000Z,732.17,732.37,732.07,732.07,117.7
2025-07-19T10:12:00.000000Z,732.06,732.09,731.76,731.85,121.24
2025-07-19T10:13:00.000000Z,731.85,732.28,731.76,732.21,130.16
2025-07-19T10:14:00.000000Z,732.2,732.2,731.64,731.66,64.29
2025-07-19T10:15:00.000000Z,731.65,731.77,731.56,731.64,95.72
2025-07-19T10:16:00.000000Z,731.65,731.75,731.23,731.61,84.5
2025-07-19T10:17:00.000000Z,731.61,731.79,731.51,731.67,108.87
2025-07-19T10:18:00.000000Z,731.66,731.92,731.51,731.77,238.33
2025-07-19T10:19:00.000000Z,731.76,731.91,731.56,731.73,168.07
2025-07-19T10:20:00.000000Z,731.73,732.24,731.66,732.24,176.38
2025-07-19T10:21:00.000000Z,732.23,732.7,732.23,732.69,97.51
2025-07-19T10:22:00.000000Z,732.7,732.73,732.31,732.32,259.26
2025-07-19T10:23:00.000000Z,732.31,732.32,732.0,732.32,81.11
2025-07-19T10:24:00.000000Z,732.32,732.64,732.31,732.53,73.62
2025-07-19T10:25:00.000000Z,732.52,732.64,732.41,732.45,156.54
2025-07-19T10:26:00.000000Z,732.44,732.84,732.36,732.84,166.58
2025-07-19T10:27:00.000000Z,732.83,732.94,732.59,732.72,90.85
2025-07-19T10:28:00.000000Z,732.73,732.92,732.73,732.86,54.31
2025-07-19T10:29:00.000000Z,732.86,733.0,732.85,733.0,86.5
2025-07-19T10:30:00.000000Z,732.99,734.2,732.99,733.79,1634.44
2025-07-19T10:31:00.000000Z,733.79,733.8,733.51,733.61,292.14
2025-07-19T10:32:00.000000Z,733.6,733.6,733.32,733.46,102.45
2025-07-19T10:33:00.000000Z,733.46,733.6,733.46,733.48,83.82
2025-07-19T10:34:00.000000Z,733.49,733.6,733.49,733.56,103.54
2025-07-19T10:35:00.000000Z,733.56,734.12,733.49,734.11,191.58
2025-07-19T10:36:00.000000Z,734.11,734.5,734.11,734.5,185.53
2025-07-19T10:37:00.000000Z,734.49,734.49,734.21,734.21,177.78
2025-07-19T10:38:00.000000Z,734.21,736.34,734.21,736.02,3350.87
2025-07-19T10:39:00.000000Z,736.02,736.38,735.8,736.22,804.8
2025-07-19T10:40:00.000000Z,736.22,737.41,736.07,737.41,2604.91
2025-07-19T10:41:00.000000Z,737.41,737.71,736.9,737.23,1830.28
2025-07-19T10:42:00.000000Z,737.23,738.29,737.14,738.29,2106.65
2025-07-19T10:43:00.000000Z,738.28,738.47,737.96,738.42,765.71
2025-07-19T10:44:00.000000Z,738.42,738.54,738.25,738.26,742.62
2025-07-19T10:45:00.000000Z,738.26,738.84,737.79,737.8,1019.77
2025-07-19T10:46:00.000000Z,737.79,738.79,737.74,738.68,1709.1
2025-07-19T10:47:00.000000Z,738.68,738.68,737.34,737.34,693.37
2025-07-19T10:48:00.000000Z,737.34,737.74,736.65,737.03,817.09
2025-07-19T10:49:00.000000Z,737.04,737.1,736.54,737.02,630.47
2025-07-19T10:50:00.000000Z,737.02,737.14,736.92,737.13,374.61
2025-07-19T10:51:00.000000Z,737.14,737.38,737.03,737.04,286.01
2025-07-19T10:52:00.000000Z,737.04,737.04,736.43,736.95,439.73
2025-07-19T10:53:00.000000Z,736.96,737.04,736.69,736.8,203.62
2025-07-19T10:54:00.000000Z,736.8,737.12,736.76,736.84,187.67
2025-07-19T10:55:00.000000Z,736.83,737.03,736.62,737.02,302.99
2025-07-19T10:56:00.000000Z,737.03,737.03,736.32,736.44,440.22
2025-07-19T10:57:00.000000Z,736.43,736.83,735.98,736.06,356.34
2025-07-19T10:58:00.000000Z,736.07,736.19,735.67,736.04,250.93
2025-07-19T10:59:00.000000Z,736.03,736.4,735.88,736.4,228.82
2025-07-19T11:00:00.000000Z,736.4,736.68,736.32,736.42,334.61
2025-07-19T11:01:00.000000Z,736.43,737.04,736.42,737.04,320.74
2025-07-19T11:02:00.000000Z,737.04,737.04,736.61,736.75,356.79
2025-07-19T11:03:00.000000Z,736.75,736.87,736.57,736.86,189.63
2025-07-19T11:04:00.000000Z,736.87,737.44,736.86,737.11,795.4
2025-07-19T11:05:00.000000Z,737.11,737.26,737.04,737.13,256.47
2025-07-19T11:06:00.000000Z,737.13,737.5,737.08,737.5,450.43
2025-07-19T11:07:00.000000Z,737.5,737.57,737.38,737.39,135.12
2025-07-19T11:08:00.000000Z,737.4,737.4,736.65,736.8,283.32
2025-07-19T11:09:00.000000Z,736.8,736.92,736.71,736.91,104.29
2025-07-19T11:10:00.000000Z,736.91,736.91,736.2,736.24,151.84
2025-07-19T11:11:00.000000Z,736.24,736.64,736.18,736.2,330.73
2025-07-19T11:12:00.000000Z,736.2,736.21,735.54,735.54,279.97
2025-07-19T11:13:00.000000Z,735.54,735.59,734.46,734.68,649.02
2025-07-19T11:14:00.000000Z,734.68,734.75,734.07,734.39,463.13
2025-07-19T11:15:00.000000Z,734.39,734.4,733.65,733.68,747.51
2025-07-19T11:16:00.000000Z,733.67,734.28,733.36,733.97,651.4
2025-07-19T11:17:00.000000Z,733.98,734.19,733.45,734.05,830.77
2025-07-19T11:18:00.000000Z,734.05,735.29,734.0,735.25,586.31
2025-07-19T11:19:00.000000Z,735.24,736.0,735.24,736.0,372.79
2025-07-19T11:20:00.000000Z,735.99,736.97,735.95,736.96,627.39
2025-07-19T11:21:00.000000Z,736.96,737.35,736.82,737.13,872.1
2025-07-19T11:22:00.000000Z,737.13,738.03,737.13,737.8,548.72
2025-07-19T11:23:00.000000Z,737.81,738.39,737.57,738.12,3364.79
2025-07-19T11:24:00.000000Z,738.11,738.11,737.52,737.87,197.86
2025-07-19T11:25:00.000000Z,737.87,738.0,737.86,738.0,139.71
2025-07-19T11:26:00.000000Z,737.99,738.0,737.32,737.32,262.72
2025-07-19T11:27:00.000000Z,737.33,738.19,737.33,737.84,513.21
2025-07-19T11:28:00.000000Z,737.85,737.9,737.66,737.72,293.57
2025-07-19T11:29:00.000000Z,737.72,737.72,737.37,737.68,164.74
2025-07-19T11:30:00.000000Z,737.68,737.98,737.35,737.98,673.64
2025-07-19T11:31:00.000000Z,737.97,738.28,737.86,737.87,216.47
2025-07-19T11:32:00.000000Z,737.87,738.04,737.66,737.99,600.23
2025-07-19T11:33:00.000000Z,737.99,738.19,737.64,737.97,174.08
2025-07-19T11:34:00.000000Z,737.97,738.11,737.42,737.42,261.82
2025-07-19T11:35:00.000000Z,737.42,737.47,737.36,737.45,166.25
2025-07-19T11:36:00.000000Z,737.45,737.68,737.11,737.4,299.36
2025-07-19T11:37:00.000000Z,737.41,737.92,737.41,737.92,114.65
2025-07-19T11:38:00.000000Z,737.91,738.3,737.9,737.9,462.04
2025-07-19T11:39:00.000000Z,737.9,737.91,737.46,737.67,98.92
2025-07-19T11:40:00.000000Z,737.63,738.68,737.49,738.58,792.96
2025-07-19T11:41:00.000000Z,738.57,738.76,738.32,738.44,1141.55
2025-07-19T11:42:00.000000Z,738.44,738.47,738.08,738.08,257.12
2025-07-19T11:43:00.000000Z,738.09,738.15,737.61,737.69,188.15
2025-07-19T11:44:00.000000Z,737.68,738.26,737.68,737.99,213.97
2025-07-19T11:45:00.000000Z,737.99,738.2,737.84,738.19,251.77
2025-07-19T11:46:00.000000Z,738.19,738.68,738.18,738.34,680.86
2025-07-19T11:47:00.000000Z,738.37,738.38,737.5,737.73,403.41
2025-07-19T11:48:00.000000Z,737.74,737.96,737.5,737.91,191.51
2025-07-19T11:49:00.000000Z,737.88,737.99,736.87,736.87,1732.36
2025-07-19T11:50:00.000000Z,736.86,737.04,736.53,736.57,847.56
2025-07-19T11:51:00.000000Z,736.56,737.34,736.34,737.34,342.82
2025-07-19T11:52:00.000000Z,737.35,737.8,737.32,737.47,452.7
2025-07-19T11:53:00.000000Z,737.46,737.46,737.02,737.16,192.22
2025-07-19T11:54:00.000000Z,737.16,737.35,737.0,737.01,233.35
2025-07-19T11:55:00.000000Z,737.0,737.05,736.03,736.03,307.86
2025-07-19T11:56:00.000000Z,736.02,736.91,736.0,736.76,340.27
2025-07-19T11:57:00.000000Z,736.75,737.48,736.71,736.85,236.22
2025-07-19T11:58:00.000000Z,736.84,736.87,736.12,736.3,481.41
2025-07-19T11:59:00.000000Z,736.29,737.36,736.29,737.17,242.78
2025-07-19T12:00:00.000000Z,737.17,737.85,737.06,737.49,506.78
2025-07-19T12:01:00.000000Z,737.48,737.92,737.34,737.92,276.76
2025-07-19T12:02:00.000000Z,737.91,738.0,737.62,737.62,340.2
2025-07-19T12:03:00.000000Z,737.6,737.74,737.34,737.52,360.37
2025-07-19T12:04:00.000000Z,737.51,737.89,737.51,737.66,277.67
2025-07-19T12:05:00.000000Z,737.64,737.77,736.8,736.86,303.58
2025-07-19T12:06:00.000000Z,736.85,737.48,736.58,737.47,904.03
2025-07-19T12:07:00.000000Z,737.48,737.56,736.34,736.36,338.38
2025-07-19T12:08:00.000000Z,736.35,737.52,736.1,737.52,400.28
2025-07-19T12:09:00.000000Z,737.54,737.85,737.23,737.47,346.67
2025-07-19T12:10:00.000000Z,737.46,737.7,737.08,737.08,414.0
2025-07-19T12:11:00.000000Z,737.09,737.5,736.84,737.5,381.51
2025-07-19T12:12:00.000000Z,737.49,737.5,736.36,736.75,232.03
2025-07-19T12:13:00.000000Z,736.75,736.75,736.12,736.14,334.84
2025-07-19T12:14:00.000000Z,736.14,737.12,736.14,737.09,1245.39
2025-07-19T12:15:00.000000Z,737.1,737.67,736.89,736.89,286.31
2025-07-19T12:16:00.000000Z,736.88,737.59,736.76,737.23,316.72
2025-07-19T12:17:00.000000Z,737.22,737.32,736.36,736.76,557.5
2025-07-19T12:18:00.000000Z,736.77,738.43,736.66,738.42,547.27
2025-07-19T12:19:00.000000Z,738.42,738.42,737.93,737.94,543.29
2025-07-19T12:20:00.000000Z,737.94,737.94,737.21,737.55,248.34
2025-07-19T12:21:00.000000Z,737.55,738.04,737.45,737.98,279.27
2025-07-19T12:22:00.000000Z,737.99,738.58,737.99,738.58,373.77
2025-07-19T12:23:00.000000Z,738.58,738.68,738.09,738.16,435.18
2025-07-19T12:24:00.000000Z,738.16,738.59,738.16,738.51,163.29
2025-07-19T12:25:00.000000Z,738.51,739.35,738.51,739.3,1065.97
2025-07-19T12:26:00.000000Z,739.31,740.41,738.97,740.32,1741.65
2025-07-19T12:27:00.000000Z,740.28,741.36,740.28,740.76,3047.02
2025-07-19T12:28:00.000000Z,740.77,740.77,740.0,740.01,811.52
2025-07-19T12:29:00.000000Z,740.01,740.15,739.1,739.59,843.51
2025-07-19T12:30:00.000000Z,739.59,740.46,739.59,740.28,467.78
2025-07-19T12:31:00.000000Z,740.27,740.75,739.48,739.48,663.41
2025-07-19T12:32:00.000000Z,739.48,739.91,739.32,739.6,831.25
2025-07-19T12:33:00.000000Z,739.6,740.55,739.6,740.55,323.03
2025-07-19T12:34:00.000000Z,740.55,740.55,739.97,740.32,217.07
2025-07-19T12:35:00.000000Z,740.31,740.48,739.83,739.87,254.9
2025-07-19T12:36:00.000000Z,739.88,740.36,739.88,740.06,205.31
2025-07-19T12:37:00.000000Z,740.06,740.47,740.06,740.47,209.0
2025-07-19T12:38:00.000000Z,740.47,740.82,740.46,740.64,298.67
2025-07-19T12:39:00.000000Z,740.65,740.68,740.1,740.32,289.08
2025-07-19T12:40:00.000000Z,740.32,740.48,740.12,740.17,119.58
2025-07-19T12:41:00.000000Z,740.18,740.28,739.8,740.26,561.19
2025-07-19T12:42:00.000000Z,740.27,740.76,740.21,740.24,387.35
2025-07-19T12:43:00.000000Z,740.25,740.43,740.03,740.03,155.51
2025-07-19T12:44:00.000000Z,740.04,740.84,740.01,740.68,1195.4
2025-07-19T12:45:00.000000Z,740.67,740.67,740.04,740.17,373.72
2025-07-19T12:46:00.000000Z,740.17,740.4,740.04,740.39,115.26
2025-07-19T12:47:00.000000Z,740.4,740.63,740.32,740.6,386.1
2025-07-19T12:48:00.000000Z,740.6,740.81,740.55,740.75,191.47
2025-07-19T12:49:00.000000Z,740.75,740.91,740.7,740.75,291.55
2025-07-19T12:50:00.000000Z,740.77,741.6,740.77,741.56,1064.68
2025-07-19T12:51:00.000000Z,741.56,741.77,741.13,741.13,660.74
2025-07-19T12:52:00.000000Z,741.14,741.72,741.14,741.68,691.73
2025-07-19T12:53:00.000000Z,741.68,741.77,741.32,741.69,455.54
2025-07-19T12:54:00.000000Z,741.69,742.27,741.6,742.08,1025.93
2025-07-19T12:55:00.000000Z,742.09,742.09,741.57,741.6,479.76
2025-07-19T12:56:00.000000Z,741.6,741.73,741.44,741.72,325.25
2025-07-19T12:57:00.000000Z,741.73,741.73,741.3,741.31,299.42
2025-07-19T12:58:00.000000Z,741.31,742.12,741.2,742.04,524.66
2025-07-19T12:59:00.000000Z,742.04,742.48,741.92,742.36,606.29
2025-07-19T13:00:00.000000Z,742.37,742.47,741.84,742.06,762.49
2025-07-19T13:01:00.000000Z,742.07,742.36,742.0,742.13,323.38
2025-07-19T13:02:00.000000Z,742.13,742.68,742.12,742.68,554.93
2025-07-19T13:03:00.000000Z,742.69,742.75,742.68,742.75,396.96
2025-07-19T13:04:00.000000Z,742.75,742.9,742.36,742.72,687.98
2025-07-19T13:05:00.000000Z,742.72,742.94,742.52,742.68,445.97
2025-07-19T13:06:00.000000Z,742.68,742.68,741.73,741.73,767.04
2025-07-19T13:07:00.000000Z,741.74,741.74,740.6,740.6,762.01
2025-07-19T13:08:00.000000Z,740.6,740.68,740.19,740.57,1087.96
2025-07-19T13:09:00.000000Z,740.56,741.07,740.4,740.93,209.55
2025-07-19T13:10:00.000000Z,740.93,741.17,740.85,740.87,296.19
2025-07-19T13:11:00.000000Z,740.87,740.87,740.29,740.29,212.27
2025-07-19T13:12:00.000000Z,740.3,740.4,740.04,740.35,259.54
2025-07-19T13:13:00.000000Z,740.36,740.42,740.16,740.3,278.89
2025-07-19T13:14:00.000000Z,740.3,740.43,740.26,740.39,75.52
2025-07-19T13:15:00.000000Z,740.4,740.4,740.03,740.03,142.53
2025-07-19T13:16:00.000000Z,740.04,740.52,740.04,740.44,311.64
2025-07-19T13:17:00.000000Z,740.45,740.48,739.74,739.75,442.6
2025-07-19T13:18:00.000000Z,739.75,739.99,739.5,739.5,905.69
2025-07-19T13:19:00.000000Z,739.5,739.76,739.4,739.64,332.7
2025-07-19T13:20:00.000000Z,739.64,739.79,739.44,739.47,400.08
2025-07-19T13:21:00.000000Z,739.48,739.56,738.65,738.68,417.29
2025-07-19T13:22:00.000000Z,738.67,738.74,738.16,738.52,499.6
2025-07-19T13:23:00.000000Z,738.52,739.0,738.41,738.6,373.5
2025-07-19T13:24:00.000000Z,738.61,738.61,738.37,738.43,152.05
2025-07-19T13:25:00.000000Z,738.43,738.75,738.43,738.49,221.8
2025-07-19T13:26:00.000000Z,738.49,739.02,738.34,738.4,360.27
2025-07-19T13:27:00.000000Z,738.41,738.57,737.96,738.05,684.49
2025-07-19T13:28:00.000000Z,738.05,738.05,737.53,737.68,549.3
2025-07-19T13:29:00.000000Z,737.68,738.07,737.58,737.75,590.93
2025-07-19T13:30:00.000000Z,737.76,738.12,737.04,738.12,1100.75
2025-07-19T13:31:00.000000Z,738.12,738.54,737.84,737.92,843.7
2025-07-19T13:32:00.000000Z,737.91,737.91,737.63,737.7,305.6
2025-07-19T13:33:00.000000Z,737.7,737.82,737.68,737.82,223.45
2025-07-19T13:34:00.000000Z,737.83,737.83,736.77,737.16,1375.11
2025-07-19T13:35:00.000000Z,737.16,737.43,736.81,737.43,429.28
2025-07-19T13:36:00.000000Z,737.43,737.68,736.73,736.73,872.14
2025-07-19T13:37:00.000000Z,736.73,737.27,736.73,736.8,571.88
2025-07-19T13:38:00.000000Z,736.81,737.16,736.72,736.82,467.19
2025-07-19T13:39:00.000000Z,736.83,736.83,736.57,736.69,173.93
2025-07-19T13:40:00.000000Z,736.69,737.16,736.68,737.15,276.12
2025-07-19T13:41:00.000000Z,737.16,737.2,736.46,736.46,357.95
2025-07-19T13:42:00.000000Z,736.46,736.68,735.28,735.49,2130.98
2025-07-19T13:43:00.000000Z,735.49,736.08,735.49,736.08,598.7
2025-07-19T13:44:00.000000Z,736.08,736.36,735.89,736.27,623.48
2025-07-19T13:45:00.000000Z,736.27,736.35,735.94,736.04,551.74
2025-07-19T13:46:00.000000Z,736.05,736.71,736.04,736.71,578.28
2025-07-19T13:47:00.000000Z,736.71,736.8,736.16,736.16,330.91
2025-07-19T13:48:00.000000Z,736.16,736.16,735.53,735.6,456.86
2025-07-19T13:49:00.000000Z,735.6,735.6,734.91,734.91,895.14
2025-07-19T13:50:00.000000Z,734.92,735.28,734.65,734.91,403.8
2025-07-19T13:51:00.000000Z,734.91,735.57,734.82,735.52,294.79
2025-07-19T13:52:00.000000Z,735.53,735.79,735.32,735.36,238.76
2025-07-19T13:53:00.000000Z,735.36,735.52,735.1,735.11,239.47
2025-07-19T13:54:00.000000Z,735.1,735.4,735.1,735.29,213.41
2025-07-19T13:55:00.000000Z,735.29,735.3,735.12,735.16,150.31
2025-07-19T13:56:00.000000Z,735.17,735.17,734.7,734.73,300.13
2025-07-19T13:57:00.000000Z,734.74,735.37,734.73,735.37,250.54
2025-07-19T13:58:00.000000Z,735.38,736.12,735.37,736.12,277.53
2025-07-19T13:59:00.000000Z,736.11,736.39,735.97,736.24,384.02
2025-07-19T14:00:00.000000Z,736.23,736.52,735.96,736.52,288.48
2025-07-19T14:01:00.000000Z,736.52,736.53,735.28,735.28,344.2
2025-07-19T14:02:00.000000Z,735.29,735.55,735.05,735.38,505.29
2025-07-19T14:03:00.000000Z,735.38,735.59,735.27,735.27,266.45
2025-07-19T14:04:00.000000Z,735.27,736.03,735.27,736.02,140.89
2025-07-19T14:05:00.000000Z,736.02,736.02,735.8,735.95,227.86
2025-07-19T14:06:00.000000Z,735.95,736.36,735.95,736.23,422.22
2025-07-19T14:07:00.000000Z,736.22,736.22,735.33,735.53,362.28
2025-07-19T14:08:00.000000Z,735.53,735.71,735.4,735.41,191.99
2025-07-19T14:09:00.000000Z,735.41,735.41,734.85,734.92,849.76
2025-07-19T14:10:00.000000Z,734.96,735.49,734.08,734.71,3403.98
2025-07-19T14:11:00.000000Z,734.72,735.19,734.46,734.88,313.96
2025-07-19T14:12:00.000000Z,734.89,735.19,734.67,734.92,226.68
2025-07-19T14:13:00.000000Z,734.93,735.04,734.35,734.35,274.07
2025-07-19T14:14:00.000000Z,734.35,734.35,733.94,733.99,622.01
2025-07-19T14:15:00.000000Z,733.99,734.64,733.9,734.58,740.19
2025-07-19T14:16:00.000000Z,734.58,735.1,734.46,734.47,309.74
2025-07-19T14:17:00.000000Z,734.47,735.07,734.28,735.07,171.12
2025-07-19T14:18:00.000000Z,735.07,735.68,735.07,735.37,229.39
2025-07-19T14:19:00.000000Z,735.4,735.63,735.12,735.12,115.98
2025-07-19T14:20:00.000000Z,735.13,735.48,735.05,735.1,256.94
2025-07-19T14:21:00.000000Z,735.09,735.1,734.31,734.84,358.2
2025-07-19T14:22:00.000000Z,734.85,734.95,734.36,734.67,298.0
2025-07-19T14:23:00.000000Z,734.68,735.35,734.67,735.3,299.48
2025-07-19T14:24:00.000000Z,735.31,735.31,734.72,735.19,213.79
2025-07-19T14:25:00.000000Z,735.19,735.46,734.52,734.75,467.66
2025-07-19T14:26:00.000000Z,734.76,734.91,734.11,734.3,268.42
2025-07-19T14:27:00.000000Z,734.29,734.29,733.62,733.76,664.23
2025-07-19T14:28:00.000000Z,733.76,734.05,733.32,733.32,596.83
2025-07-19T14:29:00.000000Z,733.32,733.83,733.32,733.66,586.17
2025-07-19T14:30:00.000000Z,733.66,734.92,733.66,734.52,424.37
2025-07-19T14:31:00.000000Z,734.53,734.53,733.25,733.33,304.47
2025-07-19T14:32:00.000000Z,733.37,733.64,732.45,733.13,666.52
2025-07-19T14:33:00.000000Z,733.13,733.67,733.01,733.44,686.32
2025-07-19T14:34:00.000000Z,733.44,734.42,732.97,733.43,2119.95
2025-07-19T14:35:00.000000Z,733.44,734.02,732.9,733.04,375.87
2025-07-19T14:36:00.000000Z,733.05,733.7,733.0,733.68,330.64
2025-07-19T14:37:00.000000Z,733.68,733.94,733.48,733.6,238.18
2025-07-19T14:38:00.000000Z,733.61,733.61,732.72,732.72,357.7
2025-07-19T14:39:00.000000Z,732.73,733.17,731.16,731.55,3094.84
2025-07-19T14:40:00.000000Z,731.55,732.37,731.32,732.37,1200.96
2025-07-19T14:41:00.000000Z,732.38,732.5,731.81,732.37,492.46
2025-07-19T14:42:00.000000Z,732.37,732.67,731.64,731.8,367.9
2025-07-19T14:43:00.000000Z,731.8,732.3,731.63,732.0,483.32
2025-07-19T14:44:00.000000Z,732.0,732.67,731.76,732.63,458.03
2025-07-19T14:45:00.000000Z,732.63,733.29,732.52,732.9,462.81
2025-07-19T14:46:00.000000Z,732.9,732.9,731.89,731.9,201.41
2025-07-19T14:47:00.000000Z,731.94,732.43,731.94,732.31,201.73
2025-07-19T14:48:00.000000Z,732.31,732.4,731.56,731.74,228.31
2025-07-19T14:49:00.000000Z,731.75,732.42,731.55,732.01,304.71
2025-07-19T14:50:00.000000Z,732.01,732.11,731.46,731.81,517.37
2025-07-19T14:51:00.000000Z,731.8,732.38,731.66,732.38,255.38
2025-07-19T14:52:00.000000Z,732.37,732.76,732.04,732.04,466.77
2025-07-19T14:53:00.000000Z,732.05,732.11,731.2,731.21,437.82
2025-07-19T14:54:00.000000Z,731.24,731.59,730.67,731.19,670.06
2025-07-19T14:55:00.000000Z,731.2,731.32,730.0,730.42,1758.41
2025-07-19T14:56:00.000000Z,730.44,730.91,730.44,730.72,407.84
2025-07-19T14:57:00.000000Z,730.73,731.0,730.38,730.44,433.12
2025-07-19T14:58:00.000000Z,730.45,730.6,728.49,728.82,4275.19
2025-07-19T14:59:00.000000Z,728.83,729.24,728.51,729.19,1198.68
2025-07-19T15:00:00.000000Z,729.2,729.9,728.65,729.77,1258.55
2025-07-19T15:01:00.000000Z,729.77,730.36,729.51,729.66,1247.0
2025-07-19T15:02:00.000000Z,729.66,730.04,729.32,729.32,846.81
2025-07-19T15:03:00.000000Z,729.32,729.75,729.21,729.43,711.42
2025-07-19T15:04:00.000000Z,729.43,729.43,728.82,729.07,805.5
2025-07-19T15:05:00.000000Z,729.08,729.16,728.41,728.43,905.18
2025-07-19T15:06:00.000000Z,728.42,728.73,728.12,728.43,574.06
2025-07-19T15:07:00.000000Z,728.43,728.97,728.34,728.89,1242.26
2025-07-19T15:08:00.000000Z,728.9,729.42,728.25,728.55,1082.45
2025-07-19T15:09:00.000000Z,728.55,728.84,728.53,728.54,556.69
2025-07-19T15:10:00.000000Z,728.55,729.83,728.54,729.69,617.71
2025-07-19T15:11:00.000000Z,729.68,729.7,728.64,729.05,818.13
2025-07-19T15:12:00.000000Z,729.06,729.27,728.54,728.6,892.15
2025-07-19T15:13:00.000000Z,728.61,728.61,727.78,727.92,975.58
2025-07-19T15:14:00.000000Z,727.92,728.64,727.92,728.0,397.22
2025-07-19T15:15:00.000000Z,728.0,728.9,728.0,728.9,935.45
2025-07-19T15:16:00.000000Z,728.9,728.91,728.32,728.63,1166.0
2025-07-19T15:17:00.000000Z,728.63,729.38,728.33,729.38,1674.12
2025-07-19T15:18:00.000000Z,729.39,729.66,728.35,729.66,1099.54
2025-07-19T15:19:00.000000Z,729.67,730.17,729.66,729.9,469.36
2025-07-19T15:20:00.000000Z,729.9,730.62,729.64,730.51,906.41
2025-07-19T15:21:00.000000Z,730.51,730.83,730.44,730.83,473.54
2025-07-19T15:22:00.000000Z,730.83,731.19,730.68,730.68,1549.49
2025-07-19T15:23:00.000000Z,730.68,731.12,730.4,731.12,551.12
2025-07-19T15:24:00.000000Z,731.12,731.3,731.04,731.08,330.29
2025-07-19T15:25:00.000000Z,731.09,731.09,730.5,730.51,265.88
2025-07-19T15:26:00.000000Z,730.5,730.72,730.19,730.35,405.42
2025-07-19T15:27:00.000000Z,730.35,730.88,730.17,730.17,241.61
2025-07-19T15:28:00.000000Z,730.16,730.71,730.13,730.51,290.66
2025-07-19T15:29:00.000000Z,730.51,730.72,730.4,730.4,127.26
2025-07-19T15:30:00.000000Z,730.4,730.63,730.2,730.23,559.82
2025-07-19T15:31:00.000000Z,730.24,731.23,730.24,731.01,253.13
2025-07-19T15:32:00.000000Z,731.01,731.01,729.92,729.92,458.33
2025-07-19T15:33:00.000000Z,729.91,730.58,729.65,730.49,387.01
2025-07-19T15:34:00.000000Z,730.46,730.63,730.09,730.63,314.2
2025-07-19T15:35:00.000000Z,730.63,730.63,729.88,729.88,160.46
2025-07-19T15:36:00.000000Z,729.89,730.34,729.88,730.12,279.89
2025-07-19T15:37:00.000000Z,730.11,730.88,730.04,730.86,244.69
2025-07-19T15:38:00.000000Z,730.87,731.28,730.86,731.27,274.19
2025-07-19T15:39:00.000000Z,731.28,731.28,730.78,730.88,198.33
2025-07-19T15:40:00.000000Z,730.87,731.65,730.87,731.57,446.18
2025-07-19T15:41:00.000000Z,731.56,732.0,731.02,731.95,1182.66
2025-07-19T15:42:00.000000Z,731.92,732.28,731.91,732.25,349.75
2025-07-19T15:43:00.000000Z,732.25,732.28,732.0,732.16,349.13
2025-07-19T15:44:00.000000Z,732.15,732.57,732.09,732.41,257.64
2025-07-19T15:45:00.000000Z,732.41,732.41,731.72,732.04,524.26
2025-07-19T15:46:00.000000Z,732.01,732.21,731.84,731.85,456.92
2025-07-19T15:47:00.000000Z,731.85,732.0,731.66,731.77,292.34
2025-07-19T15:48:00.000000Z,731.76,731.92,731.5,731.79,385.59
2025-07-19T15:49:00.000000Z,731.8,731.92,731.69,731.92,53.05
2025-07-19T15:50:00.000000Z,731.92,732.09,731.45,731.45,189.17
2025-07-19T15:51:00.000000Z,731.45,731.47,730.33,730.33,536.08
2025-07-19T15:52:00.000000Z,730.34,730.93,730.25,730.9,469.54
2025-07-19T15:53:00.000000Z,730.9,731.64,730.89,731.55,137.17
2025-07-19T15:54:00.000000Z,731.56,731.56,731.21,731.27,178.71
2025-07-19T15:55:00.000000Z,731.28,731.78,731.28,731.66,232.42
2025-07-19T15:56:00.000000Z,731.64,731.64,731.44,731.52,179.89
2025-07-19T15:57:00.000000Z,731.53,731.68,731.31,731.38,221.46
2025-07-19T15:58:00.000000Z,731.37,731.37,731.16,731.16,123.62
2025-07-19T15:59:00.000000Z,731.17,731.2,730.98,731.15,275.14
2025-07-19T16:00:00.000000Z,731.16,731.48,730.86,730.87,744.5
2025-07-19T16:01:00.000000Z,730.87,731.27,730.87,731.03,340.53
2025-07-19T16:02:00.000000Z,731.03,731.18,730.52,730.52,331.62
2025-07-19T16:03:00.000000Z,730.53,730.56,729.92,729.92,437.82
2025-07-19T16:04:00.000000Z,729.92,730.24,729.85,730.04,331.49
2025-07-19T16:05:00.000000Z,730.04,730.24,729.17,729.23,706.65
2025-07-19T16:06:00.000000Z,729.23,729.92,729.18,729.91,358.79
2025-07-19T16:07:00.000000Z,729.92,730.16,729.58,729.8,337.62
2025-07-19T16:08:00.000000Z,729.81,730.04,729.42,729.42,215.95
2025-07-19T16:09:00.000000Z,729.43,729.64,729.2,729.29,468.5
2025-07-19T16:10:00.000000Z,729.3,729.67,729.0,729.08,374.95
2025-07-19T16:11:00.000000Z,729.08,729.32,728.76,729.24,502.85
2025-07-19T16:12:00.000000Z,729.23,729.68,728.98,728.98,408.15
2025-07-19T16:13:00.000000Z,728.98,729.04,728.57,728.57,279.08
2025-07-19T16:14:00.000000Z,728.58,729.28,728.58,729.17,764.9
2025-07-19T16:15:00.000000Z,729.17,729.44,728.6,728.65,192.3
2025-07-19T16:16:00.000000Z,728.64,730.1,728.64,729.83,452.87
2025-07-19T16:17:00.000000Z,729.82,730.17,729.46,729.46,199.96
2025-07-19T16:18:00.000000Z,729.47,730.11,729.47,729.85,170.2
2025-07-19T16:19:00.000000Z,729.85,730.53,729.85,730.52,221.27
2025-07-19T16:20:00.000000Z,730.51,730.51,729.63,729.81,288.78
2025-07-19T16:21:00.000000Z,729.82,730.95,729.81,730.94,485.44
2025-07-19T16:22:00.000000Z,730.94,731.36,730.94,731.27,636.05
2025-07-19T16:23:00.000000Z,731.28,731.28,730.64,730.86,217.18
2025-07-19T16:24:00.000000Z,730.87,731.25,730.86,731.25,169.77
2025-07-19T16:25:00.000000Z,731.27,731.56,730.81,731.55,293.9
2025-07-19T16:26:00.000000Z,731.55,731.74,731.24,731.74,318.35
2025-07-19T16:27:00.000000Z,731.75,732.49,731.75,732.45,510.24
2025-07-19T16:28:00.000000Z,732.45,732.76,732.17,732.75,704.21
2025-07-19T16:29:00.000000Z,732.76,732.83,732.64,732.64,298.61
2025-07-19T16:30:00.000000Z,732.64,732.8,732.18,732.71,425.97
2025-07-19T16:31:00.000000Z,732.71,733.04,732.4,733.03,288.47
2025-07-19T16:32:00.000000Z,733.03,733.1,732.68,733.09,443.99
2025-07-19T16:33:00.000000Z,733.1,733.2,732.72,732.96,349.6
2025-07-19T16:34:00.000000Z,732.96,732.96,731.93,732.23,496.19
2025-07-19T16:35:00.000000Z,732.24,732.83,732.23,732.45,189.45
2025-07-19T16:36:00.000000Z,732.45,733.08,732.45,733.07,168.1
2025-07-19T16:37:00.000000Z,733.08,733.08,732.82,732.96,126.99
2025-07-19T16:38:00.000000Z,732.96,733.33,732.95,733.31,154.98
2025-07-19T16:39:00.000000Z,733.32,733.32,732.99,732.99,177.4
2025-07-19T16:40:00.000000Z,732.99,733.08,732.68,732.68,273.59
2025-07-19T16:41:00.000000Z,732.68,732.83,732.57,732.57,118.45
2025-07-19T16:42:00.000000Z,732.57,733.27,732.56,733.24,225.62
2025-07-19T16:43:00.000000Z,733.24,733.28,732.97,733.28,86.23
2025-07-19T16:44:00.000000Z,733.28,733.28,733.01,733.23,93.26
2025-07-19T16:45:00.000000Z,733.24,733.24,732.55,733.2,112.21
2025-07-19T16:46:00.000000Z,733.2,733.2,732.72,732.83,133.66
2025-07-19T16:47:00.000000Z,732.84,733.48,732.84,733.47,137.45
2025-07-19T16:48:00.000000Z,733.48,733.48,732.95,733.29,170.17
2025-07-19T16:49:00.000000Z,733.28,733.47,733.14,733.44,479.52
2025-07-19T16:50:00.000000Z,733.43,733.6,733.27,733.39,171.35
2025-07-19T16:51:00.000000Z,733.39,733.4,732.97,732.97,186.45
2025-07-19T16:52:00.000000Z,732.98,732.98,732.24,732.24,242.42
2025-07-19T16:53:00.000000Z,732.24,732.25,731.54,731.57,290.06
2025-07-19T16:54:00.000000Z,731.58,731.8,731.57,731.68,162.24
2025-07-19T16:55:00.000000Z,731.69,732.06,731.68,732.05,65.51
2025-07-19T16:56:00.000000Z,732.06,732.51,732.05,732.5,374.63
2025-07-19T16:57:00.000000Z,732.51,732.53,732.09,732.33,178.85
2025-07-19T16:58:00.000000Z,732.33,732.47,732.19,732.47,55.01
2025-07-19T16:59:00.000000Z,732.48,732.53,732.36,732.53,30.28
2025-07-19T17:00:00.000000Z,732.54,732.6,732.22,732.38,218.72
2025-07-19T17:01:00.000000Z,732.37,732.51,732.24,732.3,84.46
2025-07-19T17:02:00.000000Z,732.29,732.52,732.0,732.09,102.15
2025-07-19T17:03:00.000000Z,732.1,732.32,732.02,732.32,84.64
2025-07-19T17:04:00.000000Z,732.32,732.32,732.0,732.0,88.49
2025-07-19T17:05:00.000000Z,732.0,732.12,731.68,731.73,235.32
2025-07-19T17:06:00.000000Z,731.74,731.84,731.27,731.6,271.29
2025-07-19T17:07:00.000000Z,731.6,731.6,731.27,731.28,89.16
2025-07-19T17:08:00.000000Z,731.28,731.92,731.26,731.26,167.96
2025-07-19T17:09:00.000000Z,731.27,731.64,731.23,731.51,119.08
2025-07-19T17:10:00.000000Z,731.52,731.59,731.26,731.26,162.29
2025-07-19T17:11:00.000000Z,731.27,731.27,730.71,731.17,1524.11
2025-07-19T17:12:00.000000Z,731.16,731.48,731.16,731.42,69.17
2025-07-19T17:13:00.000000Z,731.43,731.43,730.69,730.69,223.14
2025-07-19T17:14:00.000000Z,730.7,731.04,730.58,731.04,167.81
2025-07-19T17:15:00.000000Z,731.04,731.69,731.03,731.69,140.13
2025-07-19T17:16:00.000000Z,731.7,731.74,731.24,731.24,111.01
2025-07-19T17:17:00.000000Z,731.24,731.35,731.11,731.12,80.92
2025-07-19T17:18:00.000000Z,731.11,731.36,731.11,731.35,83.99
2025-07-19T17:19:00.000000Z,731.35,731.35,730.74,730.74,74.96
2025-07-19T17:20:00.000000Z,730.74,731.0,730.72,730.94,167.88
2025-07-19T17:21:00.000000Z,730.95,731.43,730.79,731.43,218.86
2025-07-19T17:22:00.000000Z,731.43,731.43,730.96,730.97,89.09
2025-07-19T17:23:00.000000Z,731.0,731.63,730.99,731.38,567.42
2025-07-19T17:24:00.000000Z,731.38,731.38,731.08,731.08,79.63
2025-07-19T17:25:00.000000Z,731.09,731.19,730.83,730.95,70.57
2025-07-19T17:26:00.000000Z,730.96,731.12,730.8,730.8,78.82
2025-07-19T17:27:00.000000Z,730.8,730.85,730.46,730.46,156.04
2025-07-19T17:28:00.000000Z,730.46,730.52,730.16,730.52,335.38
2025-07-19T17:29:00.000000Z,730.52,730.71,730.51,730.71,141.71
2025-07-19T17:30:00.000000Z,730.71,730.9,730.54,730.55,110.42
2025-07-19T17:31:00.000000Z,730.55,730.56,730.1,730.1,244.99
2025-07-19T17:32:00.000000Z,730.1,730.43,729.96,730.09,228.92
2025-07-19T17:33:00.000000Z,730.09,730.12,729.77,729.78,237.98
2025-07-19T17:34:00.000000Z,729.79,730.16,729.76,730.06,339.45
2025-07-19T17:35:00.000000Z,730.06,730.06,729.68,729.94,278.77
2025-07-19T17:36:00.000000Z,729.94,730.2,729.72,729.8,156.2
2025-07-19T17:37:00.000000Z,729.8,729.8,729.16,729.51,423.52
2025-07-19T17:38:00.000000Z,729.46,729.63,729.0,729.01,267.23
2025-07-19T17:39:00.000000Z,729.01,729.64,728.92,729.64,306.83
2025-07-19T17:40:00.000000Z,729.64,729.64,728.87,728.99,246.31
2025-07-19T17:41:00.000000Z,728.99,729.0,728.73,728.73,136.94
2025-07-19T17:42:00.000000Z,728.74,728.98,728.65,728.98,570.11
2025-07-19T17:43:00.000000Z,728.99,729.16,728.6,729.15,222.74
2025-07-19T17:44:00.000000Z,729.16,729.3,728.98,729.07,110.15
2025-07-19T17:45:00.000000Z,729.08,729.91,729.07,729.9,158.85
2025-07-19T17:46:00.000000Z,729.9,730.15,729.65,729.65,274.54
2025-07-19T17:47:00.000000Z,729.65,730.22,729.52,730.22,107.18
2025-07-19T17:48:00.000000Z,730.21,730.44,730.1,730.4,158.25
2025-07-19T17:49:00.000000Z,730.4,730.4,729.63,729.84,102.2
2025-07-19T17:50:00.000000Z,729.84,730.0,729.6,729.99,123.63
2025-07-19T17:51:00.000000Z,730.0,730.11,729.85,729.92,108.63
2025-07-19T17:52:00.000000Z,729.92,729.93,729.45,729.79,153.62
2025-07-19T17:53:00.000000Z,729.8,729.96,729.67,729.69,70.69
2025-07-19T17:54:00.000000Z,729.69,729.8,729.4,729.63,64.7
2025-07-19T17:55:00.000000Z,729.64,729.64,728.82,728.82,127.09
2025-07-19T17:56:00.000000Z,728.81,728.81,728.16,728.29,640.31
2025-07-19T17:57:00.000000Z,728.29,729.4,728.28,729.12,260.95
2025-07-19T17:58:00.000000Z,729.13,729.34,728.98,729.27,95.91
2025-07-19T17:59:00.000000Z,729.27,729.41,729.26,729.41,24.55
2025-07-19T18:00:00.000000Z,729.41,729.41,728.92,728.97,285.14
2025-07-19T18:01:00.000000Z,728.97,730.18,728.97,730.17,197.19
2025-07-19T18:02:00.000000Z,730.18,730.59,730.17,730.2,385.95
2025-07-19T18:03:00.000000Z,730.21,730.38,729.92,729.92,163.34
2025-07-19T18:04:00.000000Z,729.92,730.28,729.71,730.0,222.99
2025-07-19T18:05:00.000000Z,730.01,731.03,730.0,731.03,306.5
2025-07-19T18:06:00.000000Z,731.04,731.34,730.96,731.34,229.48
2025-07-19T18:07:00.000000Z,731.34,731.48,731.16,731.17,200.05
2025-07-19T18:08:00.000000Z,731.17,731.64,731.17,731.4,376.88
2025-07-19T18:09:00.000000Z,731.37,731.51,731.24,731.25,89.15
2025-07-19T18:10:00.000000Z,731.25,731.99,731.25,731.94,245.34
2025-07-19T18:11:00.000000Z,731.95,731.95,731.69,731.72,201.17
2025-07-19T18:12:00.000000Z,731.73,731.88,731.68,731.87,87.66
2025-07-19T18:13:00.000000Z,731.87,731.98,731.78,731.78,145.99
2025-07-19T18:14:00.000000Z,731.78,731.87,731.53,731.56,224.77
2025-07-19T18:15:00.000000Z,731.56,732.0,731.53,731.95,127.82
2025-07-19T18:16:00.000000Z,731.96,732.27,731.89,731.89,481.01
2025-07-19T18:17:00.000000Z,731.9,731.9,731.52,731.78,371.85
2025-07-19T18:18:00.000000Z,731.77,731.78,731.28,731.28,100.62
2025-07-19T18:19:00.000000Z,731.29,731.34,730.84,730.85,149.05
2025-07-19T18:20:00.000000Z,730.85,731.66,730.84,731.61,121.12
2025-07-19T18:21:00.000000Z,731.62,731.75,731.44,731.59,102.24
2025-07-19T18:22:00.000000Z,731.6,732.07,731.59,732.04,78.39
2025-07-19T18:23:00.000000Z,732.03,732.05,731.88,732.0,61.35
2025-07-19T18:24:00.000000Z,732.0,732.0,731.84,731.92,81.35
2025-07-19T18:25:00.000000Z,731.91,732.16,731.81,731.81,127.17
2025-07-19T18:26:00.000000Z,731.8,731.8,731.4,731.46,75.67
2025-07-19T18:27:00.000000Z,731.45,731.72,731.45,731.65,69.71
2025-07-19T18:28:00.000000Z,731.65,731.74,731.44,731.54,79.09
2025-07-19T18:29:00.000000Z,731.54,731.54,731.4,731.45,48.68
2025-07-19T18:30:00.000000Z,731.45,731.67,731.45,731.6,114.41
2025-07-19T18:31:00.000000Z,731.59,731.84,731.48,731.84,78.55
2025-07-19T18:32:00.000000Z,731.85,731.99,731.49,731.64,81.47
2025-07-19T18:33:00.000000Z,731.63,731.72,731.63,731.63,60.7
2025-07-19T18:34:00.000000Z,731.63,731.98,731.62,731.9,85.97
2025-07-19T18:35:00.000000Z,731.91,731.91,731.61,731.61,49.57
2025-07-19T18:36:00.000000Z,731.62,732.07,731.62,731.97,98.8
2025-07-19T18:37:00.000000Z,731.97,732.04,731.82,731.84,96.17
2025-07-19T18:38:00.000000Z,731.84,731.99,731.83,731.99,56.05
2025-07-19T18:39:00.000000Z,732.0,732.12,731.99,732.12,84.46
2025-07-19T18:40:00.000000Z,732.12,732.57,732.11,732.4,309.35
2025-07-19T18:41:00.000000Z,732.41,732.49,732.0,732.0,106.45
2025-07-19T18:42:00.000000Z,732.01,732.01,731.76,731.76,77.48
2025-07-19T18:43:00.000000Z,731.76,731.92,731.62,731.92,37.94
2025-07-19T18:44:00.000000Z,731.94,731.94,731.58,731.67,87.87
2025-07-19T18:45:00.000000Z,731.67,732.0,731.67,731.99,57.66
2025-07-19T18:46:00.000000Z,731.99,732.06,731.72,731.8,77.11
2025-07-19T18:47:00.000000Z,731.8,731.8,730.6,730.66,203.73
2025-07-19T18:48:00.000000Z,730.66,731.26,730.66,731.16,189.88
2025-07-19T18:49:00.000000Z,731.16,731.29,730.83,730.83,70.95
2025-07-19T18:50:00.000000Z,730.84,730.99,730.69,730.85,80.27
2025-07-19T18:51:00.000000Z,730.85,730.85,730.55,730.67,137.25
2025-07-19T18:52:00.000000Z,730.67,731.12,730.54,731.1,123.94
2025-07-19T18:53:00.000000Z,731.12,731.25,730.87,730.87,125.4
2025-07-19T18:54:00.000000Z,730.87,731.02,730.68,731.0,109.77
2025-07-19T18:55:00.000000Z,730.98,731.03,730.71,730.71,166.78
2025-07-19T18:56:00.000000Z,730.72,730.88,730.69,730.88,72.4
2025-07-19T18:57:00.000000Z,730.87,730.88,730.69,730.69,25.44
2025-07-19T18:58:00.000000Z,730.69,730.7,730.54,730.54,67.77
2025-07-19T18:59:00.000000Z,730.55,730.99,730.5,730.98,69.29
2025-07-19T19:00:00.000000Z,730.98,731.14,730.98,731.01,136.74
2025-07-19T19:01:00.000000Z,731.0,731.16,730.92,731.16,124.65
2025-07-19T19:02:00.000000Z,731.16,731.73,731.16,731.73,262.02
2025-07-19T19:03:00.000000Z,731.72,731.78,731.5,731.65,107.16
2025-07-19T19:04:00.000000Z,731.66,731.76,731.44,731.45,149.7
2025-07-19T19:05:00.000000Z,731.45,731.51,731.0,731.07,123.21
2025-07-19T19:06:00.000000Z,731.08,731.08,730.42,730.43,223.96
2025-07-19T19:07:00.000000Z,730.42,730.68,730.3,730.41,189.54
2025-07-19T19:08:00.000000Z,730.41,730.56,730.17,730.18,89.59
2025-07-19T19:09:00.000000Z,730.17,730.17,729.56,729.56,250.54
2025-07-19T19:10:00.000000Z,729.57,729.57,729.24,729.51,544.78
2025-07-19T19:11:00.000000Z,729.52,729.52,728.74,728.92,405.35
2025-07-19T19:12:00.000000Z,728.92,729.77,728.92,729.75,188.05
2025-07-19T19:13:00.000000Z,729.72,730.02,729.6,730.02,110.36
2025-07-19T19:14:00.000000Z,730.03,730.48,730.03,730.07,119.1
2025-07-19T19:15:00.000000Z,730.08,730.68,729.96,730.68,137.77
2025-07-19T19:16:00.000000Z,730.69,731.44,730.68,731.36,208.83
2025-07-19T19:17:00.000000Z,731.36,731.44,731.2,731.43,68.77
2025-07-19T19:18:00.000000Z,731.43,731.56,731.43,731.56,143.74
2025-07-19T19:19:00.000000Z,731.57,731.63,731.14,731.14,112.04
2025-07-19T19:20:00.000000Z,731.14,731.59,731.09,731.49,162.0
2025-07-19T19:21:00.000000Z,731.5,731.86,731.44,731.68,123.9
2025-07-19T19:22:00.000000Z,731.67,732.04,731.67,731.83,145.88
2025-07-19T19:23:00.000000Z,731.82,731.9,731.61,731.61,167.47
2025-07-19T19:24:00.000000Z,731.61,731.61,731.45,731.55,64.71
2025-07-19T19:25:00.000000Z,731.56,731.76,731.33,731.46,137.14
2025-07-19T19:26:00.000000Z,731.47,732.18,731.47,731.96,246.4
2025-07-19T19:27:00.000000Z,731.97,732.09,731.84,731.89,118.14
2025-07-19T19:28:00.000000Z,731.97,732.15,731.79,732.15,130.43
2025-07-19T19:29:00.000000Z,732.15,732.17,732.03,732.17,52.46
2025-07-19T19:30:00.000000Z,732.18,732.64,732.17,732.32,182.64
2025-07-19T19:31:00.000000Z,732.31,732.53,732.2,732.53,180.52
2025-07-19T19:32:00.000000Z,732.52,733.06,732.52,732.8,425.37
2025-07-19T19:33:00.000000Z,732.8,733.25,732.8,733.25,365.55
2025-07-19T19:34:00.000000Z,733.25,733.27,733.13,733.13,168.05
2025-07-19T19:35:00.000000Z,733.14,733.44,733.07,733.38,215.59
2025-07-19T19:36:00.000000Z,733.38,733.68,733.38,733.68,344.76
2025-07-19T19:37:00.000000Z,733.69,734.11,733.69,734.11,334.32
2025-07-19T19:38:00.000000Z,734.11,734.32,734.07,734.32,260.5
2025-07-19T19:39:00.000000Z,734.32,734.33,734.28,734.32,129.55
2025-07-19T19:40:00.000000Z,734.33,734.33,734.07,734.19,150.73
2025-07-19T19:41:00.000000Z,734.19,734.2,734.0,734.19,175.46
2025-07-19T19:42:00.000000Z,734.2,734.83,734.2,734.83,475.43
2025-07-19T19:43:00.000000Z,734.83,735.59,734.83,735.58,581.36
2025-07-19T19:44:00.000000Z,735.59,735.63,734.93,734.96,827.51
2025-07-19T19:45:00.000000Z,734.96,734.97,734.25,734.55,588.01
2025-07-19T19:46:00.000000Z,734.55,734.56,734.12,734.4,431.3
2025-07-19T19:47:00.000000Z,734.4,734.4,734.22,734.35,245.84
2025-07-19T19:48:00.000000Z,734.35,734.96,734.35,734.96,310.27
2025-07-19T19:49:00.000000Z,734.95,735.37,734.95,735.2,619.54
2025-07-19T19:50:00.000000Z,735.31,735.49,735.14,735.36,582.28
2025-07-19T19:51:00.000000Z,735.37,735.57,735.2,735.56,414.24
2025-07-19T19:52:00.000000Z,735.55,735.56,734.84,734.84,437.51
2025-07-19T19:53:00.000000Z,734.84,734.85,734.68,734.68,417.32
2025-07-19T19:54:00.000000Z,734.69,735.07,734.54,734.86,259.67
2025-07-19T19:55:00.000000Z,734.85,735.28,734.85,734.9,241.79
2025-07-19T19:56:00.000000Z,734.9,734.9,734.41,734.41,226.02
2025-07-19T19:57:00.000000Z,734.42,734.82,734.42,734.81,163.29
2025-07-19T19:58:00.000000Z,734.81,734.82,734.59,734.6,67.84
2025-07-19T19:59:00.000000Z,734.6,734.92,734.59,734.82,52.0
2025-07-19T20:00:00.000000Z,734.82,734.96,734.78,734.78,271.62
2025-07-19T20:01:00.000000Z,734.78,734.78,734.36,734.37,109.18
2025-07-19T20:02:00.000000Z,734.37,734.78,734.37,734.71,141.05
2025-07-19T20:03:00.000000Z,734.7,735.16,734.61,735.03,176.59
2025-07-19T20:04:00.000000Z,735.02,735.08,734.89,734.89,66.91
2025-07-19T20:05:00.000000Z,734.9,735.35,734.89,735.15,239.27
2025-07-19T20:06:00.000000Z,735.15,735.35,735.0,735.35,115.89
2025-07-19T20:07:00.000000Z,735.35,736.03,735.26,736.01,502.63
2025-07-19T20:08:00.000000Z,736.02,736.04,735.66,735.66,226.74
2025-07-19T20:09:00.000000Z,735.66,735.75,735.54,735.59,107.9
2025-07-19T20:10:00.000000Z,735.59,735.66,735.21,735.3,216.89
2025-07-19T20:11:00.000000Z,735.31,735.64,735.31,735.56,112.91
2025-07-19T20:12:00.000000Z,735.56,735.57,735.29,735.41,178.34
2025-07-19T20:13:00.000000Z,735.41,735.42,735.18,735.25,97.35
2025-07-19T20:14:00.000000Z,735.24,735.33,735.11,735.23,150.62
2025-07-19T20:15:00.000000Z,735.23,735.24,734.77,734.77,131.29
2025-07-19T20:16:00.000000Z,734.77,734.78,734.36,734.69,282.27
2025-07-19T20:17:00.000000Z,734.7,734.72,734.3,734.3,84.64
2025-07-19T20:18:00.000000Z,734.3,734.47,734.26,734.32,110.03
2025-07-19T20:19:00.000000Z,734.33,734.6,733.9,734.6,225.34
2025-07-19T20:20:00.000000Z,734.62,734.76,734.53,734.53,215.31
2025-07-19T20:21:00.000000Z,734.53,734.79,734.46,734.78,156.93
2025-07-19T20:22:00.000000Z,734.79,734.79,734.7,734.73,65.52
2025-07-19T20:23:00.000000Z,734.73,735.06,734.7,734.95,292.09
2025-07-19T20:24:00.000000Z,734.95,734.96,734.64,734.93,133.72
2025-07-19T20:25:00.000000Z,734.95,734.95,734.68,734.68,81.21
2025-07-19T20:26:00.000000Z,734.69,734.92,734.69,734.91,87.4
2025-07-19T20:27:00.000000Z,734.92,735.06,734.91,734.92,392.76
2025-07-19T20:28:00.000000Z,734.92,735.23,734.91,735.16,231.35
2025-07-19T20:29:00.000000Z,735.2,735.26,735.01,735.01,90.13
2025-07-19T20:30:00.000000Z,735.01,735.07,734.94,734.95,88.43
2025-07-19T20:31:00.000000Z,734.96,734.96,734.25,734.25,181.08
2025-07-19T20:32:00.000000Z,734.25,734.67,734.25,734.67,185.29
2025-07-19T20:33:00.000000Z,734.68,734.88,734.64,734.64,143.75
2025-07-19T20:34:00.000000Z,734.64,734.84,734.64,734.84,81.51
2025-07-19T20:35:00.000000Z,734.84,735.08,734.72,734.84,254.74
2025-07-19T20:36:00.000000Z,734.85,735.09,734.85,734.97,126.56
2025-07-19T20:37:00.000000Z,734.96,735.03,734.96,734.98,33.12
2025-07-19T20:38:00.000000Z,734.98,735.03,734.92,734.92,40.69
2025-07-19T20:39:00.000000Z,734.93,735.1,734.93,735.09,25.99
2025-07-19T20:40:00.000000Z,735.09,735.38,735.09,735.2,194.03
2025-07-19T20:41:00.000000Z,735.2,735.32,735.03,735.31,131.35
2025-07-19T20:42:00.000000Z,735.32,735.32,735.16,735.17,50.37
2025-07-19T20:43:00.000000Z,735.17,735.62,735.17,735.44,73.74
2025-07-19T20:44:00.000000Z,735.44,735.44,735.32,735.32,38.71
2025-07-19T20:45:00.000000Z,735.33,735.33,735.0,735.0,93.2
2025-07-19T20:46:00.000000Z,735.01,735.25,735.0,735.23,119.63
2025-07-19T20:47:00.000000Z,735.23,735.24,734.86,734.86,128.27
2025-07-19T20:48:00.000000Z,734.87,735.4,734.82,735.4,114.64
2025-07-19T20:49:00.000000Z,735.41,735.58,735.37,735.58,91.55
2025-07-19T20:50:00.000000Z,735.59,735.65,735.36,735.47,109.39
2025-07-19T20:51:00.000000Z,735.47,735.82,735.39,735.82,151.49
2025-07-19T20:52:00.000000Z,735.81,735.98,735.81,735.98,88.38
2025-07-19T20:53:00.000000Z,735.98,736.05,735.71,735.72,178.34
2025-07-19T20:54:00.000000Z,735.72,735.83,735.71,735.83,235.59
2025-07-19T20:55:00.000000Z,735.84,736.26,735.84,736.18,375.07
2025-07-19T20:56:00.000000Z,736.18,736.27,735.65,735.8,1414.09
2025-07-19T20:57:00.000000Z,735.8,735.91,734.87,734.87,202.76
2025-07-19T20:58:00.000000Z,734.86,734.86,733.71,733.73,634.0
2025-07-19T20:59:00.000000Z,733.72,733.83,733.06,733.06,720.41
2025-07-19T21:00:00.000000Z,733.06,733.31,732.89,733.19,639.22
2025-07-19T21:01:00.000000Z,733.19,733.78,733.19,733.7,380.86
2025-07-19T21:02:00.000000Z,733.69,733.7,732.8,732.8,462.64
2025-07-19T21:03:00.000000Z,732.8,733.27,732.72,732.72,369.15
2025-07-19T21:04:00.000000Z,732.72,732.72,731.7,731.71,650.0
2025-07-19T21:05:00.000000Z,731.71,732.36,731.62,732.2,541.86
2025-07-19T21:06:00.000000Z,732.2,732.28,731.89,732.16,833.69
2025-07-19T21:07:00.000000Z,732.16,732.36,731.86,731.87,448.73
2025-07-19T21:08:00.000000Z,731.87,732.27,731.87,731.96,400.92
2025-07-19T21:09:00.000000Z,731.95,731.99,731.14,731.14,780.61
2025-07-19T21:10:00.000000Z,731.13,731.47,730.84,731.15,1106.77
2025-07-19T21:11:00.000000Z,731.14,731.14,730.52,730.95,1451.94
2025-07-19T21:12:00.000000Z,730.95,730.97,729.54,729.68,968.69
2025-07-19T21:13:00.000000Z,729.69,729.76,728.71,728.91,1324.02
2025-07-19T21:14:00.000000Z,728.91,728.96,728.18,728.8,1259.81
2025-07-19T21:15:00.000000Z,728.79,729.19,728.56,729.12,1050.61
2025-07-19T21:16:00.000000Z,729.11,729.12,728.03,728.07,1679.18
2025-07-19T21:17:00.000000Z,728.08,728.35,726.9,727.04,2293.06
2025-07-19T21:18:00.000000Z,727.03,727.28,725.9,726.6,4131.82
2025-07-19T21:19:00.000000Z,726.6,726.9,725.5,726.14,2446.81
2025-07-19T21:20:00.000000Z,726.14,726.47,725.8,726.0,1623.69
2025-07-19T21:21:00.000000Z,725.98,725.99,725.54,725.55,696.37
2025-07-19T21:22:00.000000Z,725.54,725.8,725.25,725.28,1109.64
2025-07-19T21:23:00.000000Z,725.31,725.91,725.15,725.88,2110.15
2025-07-19T21:24:00.000000Z,725.87,725.87,725.39,725.51,454.57
2025-07-19T21:25:00.000000Z,725.5,725.96,725.4,725.75,1011.94
2025-07-19T21:26:00.000000Z,725.71,726.4,725.57,725.87,483.15
2025-07-19T21:27:00.000000Z,725.87,727.1,725.87,727.08,525.24
2025-07-19T21:28:00.000000Z,727.08,727.74,727.07,727.74,449.89
2025-07-19T21:29:00.000000Z,727.74,728.6,727.73,728.56,709.6
2025-07-19T21:30:00.000000Z,728.56,728.59,728.01,728.05,512.43
2025-07-19T21:31:00.000000Z,728.05,728.05,727.5,728.04,198.82
2025-07-19T21:32:00.000000Z,728.04,728.26,727.5,727.56,271.55
2025-07-19T21:33:00.000000Z,727.55,727.78,727.24,727.76,180.8
2025-07-19T21:34:00.000000Z,727.76,727.89,727.3,727.89,190.6
2025-07-19T21:35:00.000000Z,727.89,728.37,727.72,728.21,220.9
2025-07-19T21:36:00.000000Z,728.21,728.92,728.2,728.91,209.07
2025-07-19T21:37:00.000000Z,728.91,728.92,728.08,728.21,543.71
2025-07-19T21:38:00.000000Z,728.21,728.48,728.12,728.12,119.83
2025-07-19T21:39:00.000000Z,728.13,728.27,727.94,728.09,158.78
2025-07-19T21:40:00.000000Z,728.1,728.33,727.95,728.25,214.83
2025-07-19T21:41:00.000000Z,728.24,728.43,728.24,728.43,77.91
2025-07-19T21:42:00.000000Z,728.42,728.48,728.42,728.43,54.17
2025-07-19T21:43:00.000000Z,728.42,728.43,728.17,728.18,202.69
2025-07-19T21:44:00.000000Z,728.18,728.28,728.18,728.27,126.49
2025-07-19T21:45:00.000000Z,728.26,728.4,728.26,728.4,37.62
2025-07-19T21:46:00.000000Z,728.39,728.48,728.32,728.47,65.14
2025-07-19T21:47:00.000000Z,728.48,728.69,728.47,728.68,152.35
2025-07-19T21:48:00.000000Z,728.69,728.86,728.68,728.86,62.63
2025-07-19T21:49:00.000000Z,728.86,729.1,728.85,729.1,95.95
2025-07-19T21:50:00.000000Z,729.1,729.35,729.09,729.34,143.82
2025-07-19T21:51:00.000000Z,729.34,730.17,729.34,730.15,1563.03
2025-07-19T21:52:00.000000Z,730.16,730.17,729.56,729.6,786.61
2025-07-19T21:53:00.000000Z,729.6,730.21,729.6,730.2,118.34
2025-07-19T21:54:00.000000Z,730.2,730.21,729.99,730.11,76.33
2025-07-19T21:55:00.000000Z,730.12,730.24,730.11,730.2,37.87
2025-07-19T21:56:00.000000Z,730.24,730.26,730.23,730.25,40.99
2025-07-19T21:57:00.000000Z,730.25,730.46,730.25,730.42,163.78
2025-07-19T21:58:00.000000Z,730.42,730.59,730.42,730.59,74.69
2025-07-19T21:59:00.000000Z,730.58,730.87,730.53,730.53,152.65
2025-07-19T22:00:00.000000Z,730.53,730.53,729.8,730.25,289.8
2025-07-19T22:01:00.000000Z,730.26,730.64,729.9,730.0,249.45
2025-07-19T22:02:00.000000Z,730.01,730.44,729.76,730.39,244.89
2025-07-19T22:03:00.000000Z,730.4,730.57,730.24,730.24,112.73
2025-07-19T22:04:00.000000Z,730.25,730.25,729.36,729.54,173.66
2025-07-19T22:05:00.000000Z,729.54,729.6,729.2,729.59,139.17
2025-07-19T22:06:00.000000Z,729.59,730.54,729.59,730.54,225.07
2025-07-19T22:07:00.000000Z,730.54,730.79,730.25,730.31,174.17
2025-07-19T22:08:00.000000Z,730.31,730.7,730.3,730.69,81.63
2025-07-19T22:09:00.000000Z,730.69,730.97,730.69,730.91,234.14
2025-07-19T22:10:00.000000Z,730.9,731.31,730.9,731.3,202.0
2025-07-19T22:11:00.000000Z,731.31,731.32,731.09,731.26,136.39
2025-07-19T22:12:00.000000Z,731.26,731.26,730.82,731.17,167.72
2025-07-19T22:13:00.000000Z,731.17,731.38,731.12,731.2,141.17
2025-07-19T22:14:00.000000Z,731.2,731.48,731.17,731.48,98.68
2025-07-19T22:15:00.000000Z,731.48,731.59,731.28,731.4,109.29
2025-07-19T22:16:00.000000Z,731.41,731.59,731.4,731.56,84.04
2025-07-19T22:17:00.000000Z,731.55,731.89,731.55,731.87,334.9
2025-07-19T22:18:00.000000Z,731.87,732.16,731.84,732.11,314.69
2025-07-19T22:19:00.000000Z,732.11,732.19,731.92,732.0,107.25
2025-07-19T22:20:00.000000Z,732.0,732.08,732.0,732.08,88.08
2025-07-19T22:21:00.000000Z,732.07,732.07,731.22,731.22,446.2
2025-07-19T22:22:00.000000Z,731.23,731.32,730.92,731.31,127.3
2025-07-19T22:23:00.000000Z,731.31,731.52,731.15,731.32,289.32
2025-07-19T22:24:00.000000Z,731.31,731.44,731.21,731.21,67.86
2025-07-19T22:25:00.000000Z,731.21,731.6,731.21,731.53,101.87
2025-07-19T22:26:00.000000Z,731.54,731.54,731.28,731.28,55.27
2025-07-19T22:27:00.000000Z,731.29,731.34,731.15,731.2,84.87
2025-07-19T22:28:00.000000Z,731.19,731.19,730.93,731.02,56.28
2025-07-19T22:29:00.000000Z,731.03,731.04,730.65,730.67,115.43
2025-07-19T22:30:00.000000Z,730.67,730.92,730.52,730.92,71.49
2025-07-19T22:31:00.000000Z,730.91,731.08,730.83,731.07,202.02
2025-07-19T22:32:00.000000Z,731.08,731.2,730.87,731.07,189.26
2025-07-19T22:33:00.000000Z,731.07,731.08,730.72,730.73,68.16
2025-07-19T22:34:00.000000Z,730.72,731.2,730.72,731.11,81.86
2025-07-19T22:35:00.000000Z,731.1,731.28,731.07,731.27,69.11
2025-07-19T22:36:00.000000Z,731.28,731.28,731.19,731.19,131.75
2025-07-19T22:37:00.000000Z,731.18,731.26,731.08,731.25,31.0
2025-07-19T22:38:00.000000Z,731.25,731.5,731.25,731.49,34.32
2025-07-19T22:39:00.000000Z,731.49,731.49,731.02,731.36,65.23
2025-07-19T22:40:00.000000Z,731.36,731.55,731.21,731.54,233.59
2025-07-19T22:41:00.000000Z,731.55,732.19,731.54,732.18,123.84
2025-07-19T22:42:00.000000Z,732.19,732.28,731.91,731.91,158.86
2025-07-19T22:43:00.000000Z,731.92,732.32,731.92,732.32,58.96
2025-07-19T22:44:00.000000Z,732.32,732.33,732.15,732.15,49.01
2025-07-19T22:45:00.000000Z,732.16,732.21,732.16,732.21,3.5
