timestamp,open,high,low,close,volume
2025-07-12T22:45:00.000000Z,117373.3,117376.2,117340.5,117345.7,29.355
2025-07-12T22:46:00.000000Z,117345.7,117345.8,117340.0,117340.1,6.454
2025-07-12T22:47:00.000000Z,117340.0,117345.6,117340.0,117345.5,2.995
2025-07-12T22:48:00.000000Z,117345.5,117345.6,117313.7,117313.7,17.234
2025-07-12T22:49:00.000000Z,117313.6,117313.7,117301.7,117312.9,26.305
2025-07-12T22:50:00.000000Z,117312.8,117330.7,117312.8,117330.7,4.966
2025-07-12T22:51:00.000000Z,117330.6,117330.7,117330.6,117330.7,8.862
2025-07-12T22:52:00.000000Z,117330.7,117345.5,117330.7,117345.5,11.255
2025-07-12T22:53:00.000000Z,117345.4,117345.5,117345.4,117345.5,3.162
2025-07-12T22:54:00.000000Z,117345.4,117369.7,117334.7,117334.7,26.497
2025-07-12T22:55:00.000000Z,117334.7,117350.0,117334.7,117350.0,21.045
2025-07-12T22:56:00.000000Z,117349.9,117350.0,117349.9,117350.0,4.128
2025-07-12T22:57:00.000000Z,117349.9,117358.4,117349.9,117358.4,10.529
2025-07-12T22:58:00.000000Z,117358.4,117358.4,117345.1,117349.9,15.049
2025-07-12T22:59:00.000000Z,117349.9,117349.9,117349.8,117349.8,4.0
2025-07-12T23:00:00.000000Z,117349.9,117378.6,117349.8,117378.5,14.014
2025-07-12T23:01:00.000000Z,117378.5,117378.6,117372.7,117375.4,26.111
2025-07-12T23:02:00.000000Z,117375.3,117375.4,117369.8,117369.9,8.279
2025-07-12T23:03:00.000000Z,117369.8,117369.9,117355.0,117355.0,9.332
2025-07-12T23:04:00.000000Z,117355.0,117355.0,117325.0,117325.0,15.236
2025-07-12T23:05:00.000000Z,117325.0,117325.1,117304.8,117304.8,13.843
2025-07-12T23:06:00.000000Z,117304.8,117316.7,117301.6,117308.1,16.705
2025-07-12T23:07:00.000000Z,117308.1,117308.2,117275.3,117275.3,12.69
2025-07-12T23:08:00.000000Z,117275.3,117275.4,117256.5,117256.5,30.575
2025-07-12T23:09:00.000000Z,117256.5,117256.6,117225.5,117250.7,39.379
2025-07-12T23:10:00.000000Z,117250.7,117250.8,117250.7,117250.8,5.554
2025-07-12T23:11:00.000000Z,117250.7,117250.8,117245.7,117245.7,8.714
2025-07-12T23:12:00.000000Z,117245.7,117245.8,117234.2,117234.3,14.046
2025-07-12T23:13:00.000000Z,117234.2,117234.3,117209.0,117209.0,30.857
2025-07-12T23:14:00.000000Z,117209.0,117222.8,117174.0,117222.8,116.75
2025-07-12T23:15:00.000000Z,117222.8,117245.4,117222.7,117243.3,12.494
2025-07-12T23:16:00.000000Z,117243.3,117257.6,117243.3,117257.5,9.413
2025-07-12T23:17:00.000000Z,117257.5,117315.6,117257.5,117315.5,24.502
2025-07-12T23:18:00.000000Z,117315.5,117331.7,117274.5,117274.6,36.091
2025-07-12T23:19:00.000000Z,117274.6,117274.6,117243.9,117244.0,19.338
2025-07-12T23:20:00.000000Z,117243.9,117244.0,117243.9,117243.9,5.371
2025-07-12T23:21:00.000000Z,117243.9,117247.0,117243.9,117247.0,6.161
2025-07-12T23:22:00.000000Z,117247.0,117282.6,117247.0,117282.6,9.661
2025-07-12T23:23:00.000000Z,117282.6,117282.6,117282.5,117282.5,9.322
2025-07-12T23:24:00.000000Z,117282.6,117282.6,117282.5,117282.5,3.882
2025-07-12T23:25:00.000000Z,117282.5,117282.5,117233.0,117233.1,35.331
2025-07-12T23:26:00.000000Z,117233.1,117233.1,117233.0,117233.0,4.72
2025-07-12T23:27:00.000000Z,117233.0,117254.1,117233.0,117254.0,8.31
2025-07-12T23:28:00.000000Z,117254.1,117254.1,117254.0,117254.1,1.545
2025-07-12T23:29:00.000000Z,117254.0,117254.1,117254.0,117254.1,3.862
2025-07-12T23:30:00.000000Z,117254.1,117274.8,117253.9,117268.4,19.957
2025-07-12T23:31:00.000000Z,117268.3,117270.0,117268.3,117270.0,9.811
2025-07-12T23:32:00.000000Z,117269.9,117287.4,117269.9,117287.4,9.581
2025-07-12T23:33:00.000000Z,117287.4,117287.4,117287.3,117287.4,7.912
2025-07-12T23:34:00.000000Z,117287.3,117287.3,117271.6,117279.7,17.377
2025-07-12T23:35:00.000000Z,117279.7,117279.8,117279.7,117279.7,6.805
2025-07-12T23:36:00.000000Z,117279.8,117279.8,117273.8,117273.8,4.638
2025-07-12T23:37:00.000000Z,117273.8,117273.9,117273.8,117273.8,2.655
2025-07-12T23:38:00.000000Z,117273.8,117273.9,117256.5,117256.5,7.219
2025-07-12T23:39:00.000000Z,117256.5,117256.5,117243.4,117246.0,18.544
2025-07-12T23:40:00.000000Z,117246.0,117246.0,117245.9,117245.9,10.422
2025-07-12T23:41:00.000000Z,117245.9,117246.0,117233.0,117233.1,7.462
2025-07-12T23:42:00.000000Z,117233.0,117233.1,117231.0,117231.0,6.345
2025-07-12T23:43:00.000000Z,117231.0,117231.1,117206.6,117206.6,33.843
2025-07-12T23:44:00.000000Z,117206.7,117220.2,117206.6,117220.1,38.523
2025-07-12T23:45:00.000000Z,117220.2,117220.2,117220.1,117220.2,7.289
2025-07-12T23:46:00.000000Z,117220.1,117312.2,117220.1,117312.2,74.079
2025-07-12T23:47:00.000000Z,117312.0,117312.2,117293.8,117301.6,17.974
2025-07-12T23:48:00.000000Z,117301.5,117312.2,117297.3,117312.2,21.35
2025-07-12T23:49:00.000000Z,117312.2,117416.6,117312.1,117416.6,112.169
2025-07-12T23:50:00.000000Z,117416.5,117435.8,117412.6,117420.7,56.302
2025-07-12T23:51:00.000000Z,117420.8,117420.8,117400.2,117400.2,23.073
2025-07-12T23:52:00.000000Z,117400.3,117404.8,117388.8,117404.8,14.535
2025-07-12T23:53:00.000000Z,117404.8,117404.8,117364.8,117372.0,73.473
2025-07-12T23:54:00.000000Z,117372.0,117372.0,117332.7,117364.6,47.524
2025-07-12T23:55:00.000000Z,117364.6,117364.7,117364.6,117364.7,5.803
2025-07-12T23:56:00.000000Z,117364.7,117364.7,117357.6,117357.6,4.664
2025-07-12T23:57:00.000000Z,117357.6,117357.7,117331.6,117331.7,24.626
2025-07-12T23:58:00.000000Z,117331.7,117358.0,117331.6,117357.9,33.854
2025-07-12T23:59:00.000000Z,117358.0,117389.4,117357.9,117389.3,9.762
2025-07-13T00:00:00.000000Z,117389.4,117424.6,117389.3,117420.0,43.65
2025-07-13T00:01:00.000000Z,117420.0,117420.1,117392.0,117392.0,15.804
2025-07-13T00:02:00.000000Z,117392.1,117397.3,117358.9,117364.8,80.228
2025-07-13T00:03:00.000000Z,117364.7,117364.8,117342.0,117342.1,20.456
2025-07-13T00:04:00.000000Z,117342.1,117342.1,117341.0,117341.1,8.257
2025-07-13T00:05:00.000000Z,117341.0,117341.0,117304.9,117335.7,54.051
2025-07-13T00:06:00.000000Z,117335.6,117335.6,117300.0,117300.0,33.551
2025-07-13T00:07:00.000000Z,117300.1,117317.2,117288.3,117288.4,34.958
2025-07-13T00:08:00.000000Z,117288.3,117288.4,117275.2,117275.3,13.509
2025-07-13T00:09:00.000000Z,117275.3,117275.3,117260.2,117260.3,22.964
2025-07-13T00:10:00.000000Z,117260.3,117260.3,117260.2,117260.3,8.11
2025-07-13T00:11:00.000000Z,117260.3,117271.4,117247.4,117271.3,51.744
2025-07-13T00:12:00.000000Z,117271.4,117271.4,117265.0,117265.1,13.925
2025-07-13T00:13:00.000000Z,117265.0,117274.9,117257.9,117274.9,24.294
2025-07-13T00:14:00.000000Z,117274.9,117284.9,117274.8,117284.9,12.779
2025-07-13T00:15:00.000000Z,117284.9,117284.9,117265.3,117265.3,17.264
2025-07-13T00:16:00.000000Z,117265.3,117265.4,117218.4,117218.4,50.618
2025-07-13T00:17:00.000000Z,117218.5,117218.5,117212.6,117212.7,7.102
2025-07-13T00:18:00.000000Z,117212.7,117243.6,117212.6,117222.1,28.824
2025-07-13T00:19:00.000000Z,117222.1,117222.1,117222.0,117222.0,4.94
2025-07-13T00:20:00.000000Z,117222.1,117287.9,117222.0,117287.9,36.777
2025-07-13T00:21:00.000000Z,117287.8,117313.0,117287.8,117313.0,15.6
2025-07-13T00:22:00.000000Z,117312.9,117372.7,117312.9,117372.7,52.372
2025-07-13T00:23:00.000000Z,117372.7,117372.7,117339.5,117366.9,62.137
2025-07-13T00:24:00.000000Z,117366.8,117366.9,117326.8,117326.8,23.942
2025-07-13T00:25:00.000000Z,117326.9,117360.0,117326.8,117359.9,14.794
2025-07-13T00:26:00.000000Z,117360.0,117378.6,117347.0,117347.0,21.065
2025-07-13T00:27:00.000000Z,117347.1,117347.1,117330.5,117330.5,15.031
2025-07-13T00:28:00.000000Z,117330.6,117330.6,117330.5,117330.6,4.208
2025-07-13T00:29:00.000000Z,117330.6,117349.7,117330.5,117349.6,15.655
2025-07-13T00:30:00.000000Z,117349.6,117349.7,117314.4,117327.0,21.43
2025-07-13T00:31:00.000000Z,117327.0,117380.0,117326.9,117380.0,12.7
2025-07-13T00:32:00.000000Z,117380.0,117388.4,117366.6,117366.6,19.858
2025-07-13T00:33:00.000000Z,117366.7,117366.7,117320.1,117321.9,20.884
2025-07-13T00:34:00.000000Z,117321.9,117336.0,117321.8,117325.7,16.523
2025-07-13T00:35:00.000000Z,117325.8,117325.8,117325.7,117325.8,7.15
2025-07-13T00:36:00.000000Z,117325.8,117325.8,117264.6,117264.7,30.879
2025-07-13T00:37:00.000000Z,117264.7,117264.7,117222.1,117227.6,22.79
2025-07-13T00:38:00.000000Z,117227.6,117269.7,117227.6,117269.6,13.42
2025-07-13T00:39:00.000000Z,117269.6,117298.7,117260.0,117298.7,14.191
2025-07-13T00:40:00.000000Z,117298.6,117333.5,117298.6,117333.5,20.473
2025-07-13T00:41:00.000000Z,117333.5,117378.2,117333.4,117378.2,22.422
2025-07-13T00:42:00.000000Z,117378.2,117378.3,117365.4,117365.5,12.619
2025-07-13T00:43:00.000000Z,117365.5,117390.2,117365.5,117390.2,15.035
2025-07-13T00:44:00.000000Z,117390.1,117410.2,117390.1,117410.2,26.303
2025-07-13T00:45:00.000000Z,117410.2,117410.2,117300.0,117300.1,101.378
2025-07-13T00:46:00.000000Z,117300.0,117335.3,117300.0,117335.2,31.35
2025-07-13T00:47:00.000000Z,117335.2,117369.7,117332.4,117334.6,35.957
2025-07-13T00:48:00.000000Z,117334.6,117360.7,117329.4,117329.4,6.823
2025-07-13T00:49:00.000000Z,117329.5,117329.5,117308.6,117308.6,17.732
2025-07-13T00:50:00.000000Z,117308.6,117308.7,117308.6,117308.6,3.868
2025-07-13T00:51:00.000000Z,117308.7,117337.0,117308.6,117337.0,28.326
2025-07-13T00:52:00.000000Z,117336.9,117337.0,117327.6,117329.8,4.876
2025-07-13T00:53:00.000000Z,117329.7,117329.8,117305.0,117305.0,11.13
2025-07-13T00:54:00.000000Z,117305.0,117305.1,117295.9,117295.9,6.44
2025-07-13T00:55:00.000000Z,117296.0,117300.0,117295.9,117300.0,10.017
2025-07-13T00:56:00.000000Z,117300.0,117300.0,117299.9,117299.9,4.661
2025-07-13T00:57:00.000000Z,117299.9,117299.9,117272.9,117272.9,11.893
2025-07-13T00:58:00.000000Z,117272.9,117273.0,117272.9,117273.0,4.984
2025-07-13T00:59:00.000000Z,117272.9,117273.0,117272.9,117273.0,2.43
2025-07-13T01:00:00.000000Z,117272.9,117278.9,117272.9,117278.8,13.18
2025-07-13T01:01:00.000000Z,117278.8,117278.9,117254.6,117254.7,14.777
2025-07-13T01:02:00.000000Z,117254.6,117352.3,117254.6,117340.9,84.726
2025-07-13T01:03:00.000000Z,117340.8,117361.2,117340.8,117343.5,19.97
2025-07-13T01:04:00.000000Z,117343.5,117361.2,117343.4,117346.2,16.28
2025-07-13T01:05:00.000000Z,117346.3,117375.8,117346.2,117375.7,18.59
2025-07-13T01:06:00.000000Z,117375.7,117375.8,117347.4,117347.4,24.29
2025-07-13T01:07:00.000000Z,117347.5,117347.5,117347.4,117347.4,4.354
2025-07-13T01:08:00.000000Z,117347.4,117347.5,117325.0,117325.0,14.982
2025-07-13T01:09:00.000000Z,117325.1,117325.1,117300.0,117300.0,8.245
2025-07-13T01:10:00.000000Z,117300.1,117300.1,117285.0,117285.0,4.273
2025-07-13T01:11:00.000000Z,117285.0,117330.0,117285.0,117329.9,14.147
2025-07-13T01:12:00.000000Z,117329.9,117330.0,117329.9,117329.9,6.965
2025-07-13T01:13:00.000000Z,117329.9,117330.0,117329.9,117330.0,4.103
2025-07-13T01:14:00.000000Z,117330.0,117330.0,117300.0,117300.1,20.347
2025-07-13T01:15:00.000000Z,117300.1,117309.6,117164.3,117175.9,246.139
2025-07-13T01:16:00.000000Z,117176.0,117358.7,117175.9,117284.2,344.589
2025-07-13T01:17:00.000000Z,117284.3,117327.5,117284.2,117327.5,38.039
2025-07-13T01:18:00.000000Z,117327.4,117327.5,117300.7,117300.7,28.244
2025-07-13T01:19:00.000000Z,117300.7,117300.7,117248.8,117268.0,19.827
2025-07-13T01:20:00.000000Z,117268.1,117310.8,117268.0,117293.4,41.224
2025-07-13T01:21:00.000000Z,117293.5,117344.8,117291.0,117344.8,43.365
2025-07-13T01:22:00.000000Z,117344.7,117344.8,117321.4,117341.5,11.008
2025-07-13T01:23:00.000000Z,117341.4,117363.7,117341.4,117363.7,7.631
2025-07-13T01:24:00.000000Z,117363.7,117363.7,117326.3,117326.3,23.615
2025-07-13T01:25:00.000000Z,117326.4,117342.7,117312.8,117342.6,11.755
2025-07-13T01:26:00.000000Z,117342.7,117365.1,117342.6,117365.0,15.186
2025-07-13T01:27:00.000000Z,117365.1,117385.7,117365.1,117385.7,15.849
2025-07-13T01:28:00.000000Z,117385.7,117385.7,117344.2,117344.3,14.91
2025-07-13T01:29:00.000000Z,117344.2,117353.7,117344.2,117353.6,9.408
2025-07-13T01:30:00.000000Z,117353.7,117368.2,117353.6,117368.1,25.974
2025-07-13T01:31:00.000000Z,117368.2,117368.2,117334.2,117339.1,15.772
2025-07-13T01:32:00.000000Z,117339.2,117368.8,117339.2,117368.7,3.568
2025-07-13T01:33:00.000000Z,117368.7,117368.8,117368.7,117368.7,5.081
2025-07-13T01:34:00.000000Z,117368.7,117368.8,117336.3,117336.3,23.239
2025-07-13T01:35:00.000000Z,117336.4,117364.3,117336.3,117364.3,11.773
2025-07-13T01:36:00.000000Z,117364.2,117443.7,117364.2,117400.1,49.254
2025-07-13T01:37:00.000000Z,117400.0,117419.6,117390.6,117419.6,18.039
2025-07-13T01:38:00.000000Z,117419.6,117431.3,117416.6,117431.3,21.3
2025-07-13T01:39:00.000000Z,117431.3,117510.0,117431.3,117497.1,133.806
2025-07-13T01:40:00.000000Z,117497.2,117497.2,117401.6,117430.7,92.6
2025-07-13T01:41:00.000000Z,117430.7,117460.2,117430.6,117460.1,13.988
2025-07-13T01:42:00.000000Z,117460.1,117460.2,117440.3,117459.6,19.954
2025-07-13T01:43:00.000000Z,117459.7,117500.0,117459.7,117472.9,35.684
2025-07-13T01:44:00.000000Z,117473.0,117507.4,117467.1,117507.4,24.442
2025-07-13T01:45:00.000000Z,117507.4,117507.4,117494.1,117494.1,17.991
2025-07-13T01:46:00.000000Z,117494.1,117524.3,117494.1,117524.2,24.427
2025-07-13T01:47:00.000000Z,117524.2,117572.3,117524.2,117572.3,73.273
2025-07-13T01:48:00.000000Z,117572.2,117635.4,117572.2,117592.6,127.035
2025-07-13T01:49:00.000000Z,117592.6,117592.6,117560.5,117583.4,35.222
2025-07-13T01:50:00.000000Z,117583.4,117583.4,117556.2,117556.3,20.671
2025-07-13T01:51:00.000000Z,117556.3,117593.9,117556.2,117580.3,153.426
2025-07-13T01:52:00.000000Z,117580.3,117607.6,117580.3,117597.6,69.024
2025-07-13T01:53:00.000000Z,117597.6,117607.6,117590.9,117602.7,51.859
2025-07-13T01:54:00.000000Z,117602.7,117602.8,117600.0,117600.0,18.538
2025-07-13T01:55:00.000000Z,117600.0,117600.1,117514.6,117514.6,120.796
2025-07-13T01:56:00.000000Z,117514.7,117514.7,117500.0,117501.0,32.603
2025-07-13T01:57:00.000000Z,117501.0,117540.0,117501.0,117539.9,13.91
2025-07-13T01:58:00.000000Z,117539.9,117540.0,117514.2,117525.2,39.568
2025-07-13T01:59:00.000000Z,117525.1,117530.3,117510.7,117510.8,16.584
2025-07-13T02:00:00.000000Z,117510.8,117510.8,117455.6,117484.4,51.89
2025-07-13T02:01:00.000000Z,117484.4,117484.5,117455.6,117468.1,58.216
2025-07-13T02:02:00.000000Z,117468.1,117468.1,117450.0,117450.1,17.404
2025-07-13T02:03:00.000000Z,117450.0,117465.0,117450.0,117464.9,20.33
2025-07-13T02:04:00.000000Z,117464.9,117468.4,117456.1,117456.2,23.65
2025-07-13T02:05:00.000000Z,117456.2,117487.5,117456.1,117456.2,20.875
2025-07-13T02:06:00.000000Z,117456.1,117457.5,117442.6,117457.4,37.571
2025-07-13T02:07:00.000000Z,117457.4,117461.8,117444.3,117461.7,13.728
2025-07-13T02:08:00.000000Z,117461.8,117461.8,117442.1,117442.1,7.449
2025-07-13T02:09:00.000000Z,117442.2,117472.9,117440.3,117472.8,9.53
2025-07-13T02:10:00.000000Z,117472.8,117472.9,117472.8,117472.9,2.468
2025-07-13T02:11:00.000000Z,117472.8,117478.8,117439.5,117444.2,30.672
2025-07-13T02:12:00.000000Z,117444.2,117444.2,117444.1,117444.2,7.952
2025-07-13T02:13:00.000000Z,117444.1,117444.1,117431.0,117431.1,13.902
2025-07-13T02:14:00.000000Z,117431.1,117431.1,117431.0,117431.1,2.93
2025-07-13T02:15:00.000000Z,117431.0,117431.1,117416.6,117416.6,12.99
2025-07-13T02:16:00.000000Z,117416.6,117416.7,117406.8,117406.8,17.998
2025-07-13T02:17:00.000000Z,117406.8,117406.9,117401.2,117401.2,9.907
2025-07-13T02:18:00.000000Z,117401.2,117401.3,117360.1,117367.9,143.595
2025-07-13T02:19:00.000000Z,117368.0,117377.3,117360.2,117377.2,12.864
2025-07-13T02:20:00.000000Z,117377.3,117384.4,117377.3,117384.3,6.797
2025-07-13T02:21:00.000000Z,117384.4,117384.4,117365.2,117365.3,13.215
2025-07-13T02:22:00.000000Z,117365.2,117384.4,117361.6,117367.7,54.866
2025-07-13T02:23:00.000000Z,117367.8,117373.7,117367.7,117367.8,18.869
2025-07-13T02:24:00.000000Z,117367.8,117373.7,117367.8,117373.6,9.803
2025-07-13T02:25:00.000000Z,117373.6,117373.7,117373.6,117373.6,7.117
2025-07-13T02:26:00.000000Z,117373.6,117380.8,117373.6,117380.8,12.311
2025-07-13T02:27:00.000000Z,117380.7,117392.3,117376.2,117376.2,8.836
2025-07-13T02:28:00.000000Z,117376.2,117376.3,117376.2,117376.3,6.852
2025-07-13T02:29:00.000000Z,117376.2,117387.7,117376.2,117387.6,5.049
2025-07-13T02:30:00.000000Z,117387.6,117387.7,117367.0,117367.1,11.186
2025-07-13T02:31:00.000000Z,117367.1,117375.8,117359.4,117375.8,31.825
2025-07-13T02:32:00.000000Z,117375.7,117375.8,117375.7,117375.7,4.048
2025-07-13T02:33:00.000000Z,117375.7,117403.0,117375.7,117403.0,6.903
2025-07-13T02:34:00.000000Z,117403.0,117403.0,117402.9,117402.9,6.063
2025-07-13T02:35:00.000000Z,117403.0,117403.0,117360.0,117365.9,29.968
2025-07-13T02:36:00.000000Z,117366.0,117403.2,117365.9,117403.2,13.899
2025-07-13T02:37:00.000000Z,117403.2,117403.2,117399.1,117399.1,4.594
2025-07-13T02:38:00.000000Z,117399.1,117399.6,117399.1,117399.6,8.267
2025-07-13T02:39:00.000000Z,117399.6,117399.6,117382.6,117382.7,11.03
2025-07-13T02:40:00.000000Z,117382.7,117382.7,117382.6,117382.7,1.828
2025-07-13T02:41:00.000000Z,117382.6,117408.0,117382.6,117408.0,11.197
2025-07-13T02:42:00.000000Z,117408.0,117477.6,117407.9,117467.0,67.93
2025-07-13T02:43:00.000000Z,117466.9,117467.0,117466.9,117466.9,5.163
2025-07-13T02:44:00.000000Z,117466.9,117467.0,117466.9,117466.9,3.017
2025-07-13T02:45:00.000000Z,117467.0,117480.0,117466.9,117480.0,14.928
2025-07-13T02:46:00.000000Z,117479.9,117512.3,117479.9,117507.6,22.734
2025-07-13T02:47:00.000000Z,117507.6,117507.7,117507.6,117507.6,11.486
2025-07-13T02:48:00.000000Z,117507.7,117507.7,117507.6,117507.6,4.955
2025-07-13T02:49:00.000000Z,117507.7,117510.0,117507.6,117510.0,8.071
2025-07-13T02:50:00.000000Z,117510.0,117510.0,117509.9,117509.9,5.171
2025-07-13T02:51:00.000000Z,117509.9,117510.0,117509.9,117509.9,6.69
2025-07-13T02:52:00.000000Z,117509.9,117510.0,117509.9,117510.0,11.004
2025-07-13T02:53:00.000000Z,117510.0,117608.4,117510.0,117570.3,146.048
2025-07-13T02:54:00.000000Z,117571.3,117618.9,117571.3,117615.1,73.283
2025-07-13T02:55:00.000000Z,117615.1,117794.7,117611.0,117711.2,467.18
2025-07-13T02:56:00.000000Z,117711.2,117720.4,117596.2,117638.0,76.77
2025-07-13T02:57:00.000000Z,117638.0,117651.9,117620.4,117622.6,27.363
2025-07-13T02:58:00.000000Z,117622.5,117622.6,117585.2,117585.2,38.181
2025-07-13T02:59:00.000000Z,117585.1,117585.2,117573.9,117573.9,13.407
2025-07-13T03:00:00.000000Z,117574.0,117629.0,117573.9,117622.5,33.514
2025-07-13T03:01:00.000000Z,117622.5,117622.6,117621.6,117621.6,18.176
2025-07-13T03:02:00.000000Z,117621.6,117621.7,117580.1,117590.2,34.287
2025-07-13T03:03:00.000000Z,117590.3,117602.1,117590.2,117602.1,11.511
2025-07-13T03:04:00.000000Z,117602.1,117602.1,117582.5,117602.1,21.465
2025-07-13T03:05:00.000000Z,117602.0,117642.0,117602.0,117641.9,17.262
2025-07-13T03:06:00.000000Z,117641.9,117650.0,117608.4,117608.4,44.44
2025-07-13T03:07:00.000000Z,117608.5,117608.5,117571.6,117595.0,28.335
2025-07-13T03:08:00.000000Z,117595.0,117595.1,117582.9,117582.9,10.613
2025-07-13T03:09:00.000000Z,117583.0,117597.5,117583.0,117597.2,20.301
2025-07-13T03:10:00.000000Z,117597.2,117597.3,117557.3,117565.9,36.408
2025-07-13T03:11:00.000000Z,117566.0,117566.0,117557.4,117557.4,5.058
2025-07-13T03:12:00.000000Z,117557.5,117566.0,117557.4,117565.9,16.729
2025-07-13T03:13:00.000000Z,117566.0,117566.0,117565.9,117565.9,4.266
2025-07-13T03:14:00.000000Z,117566.0,117566.0,117561.9,117561.9,9.034
2025-07-13T03:15:00.000000Z,117561.9,117572.3,117557.4,117572.2,21.654
2025-07-13T03:16:00.000000Z,117572.3,117623.6,117572.3,117623.5,16.98
2025-07-13T03:17:00.000000Z,117623.4,117623.5,117612.8,117612.8,8.851
2025-07-13T03:18:00.000000Z,117612.8,117612.9,117612.8,117612.8,3.582
2025-07-13T03:19:00.000000Z,117612.8,117650.0,117612.8,117650.0,38.918
2025-07-13T03:20:00.000000Z,117649.9,117718.9,117649.9,117718.9,50.16
2025-07-13T03:21:00.000000Z,117718.9,117718.9,117709.9,117710.0,45.272
2025-07-13T03:22:00.000000Z,117709.9,117722.9,117709.9,117722.8,40.09
2025-07-13T03:23:00.000000Z,117722.9,117722.9,117713.0,117713.0,23.042
2025-07-13T03:24:00.000000Z,117713.1,117713.1,117701.2,117701.2,23.002
2025-07-13T03:25:00.000000Z,117701.2,117739.8,117701.2,117735.4,37.436
2025-07-13T03:26:00.000000Z,117735.5,117735.5,117718.8,117718.9,27.232
2025-07-13T03:27:00.000000Z,117718.8,117718.9,117718.8,117718.8,13.563
2025-07-13T03:28:00.000000Z,117718.9,117722.0,117718.8,117721.9,24.646
2025-07-13T03:29:00.000000Z,117721.9,117724.7,117721.9,117722.0,29.118
2025-07-13T03:30:00.000000Z,117721.9,117728.0,117721.9,117727.9,27.043
2025-07-13T03:31:00.000000Z,117728.0,117750.0,117726.4,117750.0,28.077
2025-07-13T03:32:00.000000Z,117749.9,117760.9,117749.3,117749.3,40.428
2025-07-13T03:33:00.000000Z,117749.3,117767.2,117749.3,117762.7,44.288
2025-07-13T03:34:00.000000Z,117762.7,117770.0,117753.8,117770.0,32.373
2025-07-13T03:35:00.000000Z,117769.9,117770.0,117769.9,117769.9,22.118
2025-07-13T03:36:00.000000Z,117770.0,117786.4,117769.9,117786.4,39.03
2025-07-13T03:37:00.000000Z,117786.4,117791.0,117780.0,117780.1,41.157
2025-07-13T03:38:00.000000Z,117780.1,117780.1,117736.4,117746.6,54.913
2025-07-13T03:39:00.000000Z,117746.5,117746.6,117709.6,117709.6,36.146
2025-07-13T03:40:00.000000Z,117709.6,117759.4,117709.5,117759.4,49.739
2025-07-13T03:41:00.000000Z,117759.4,117765.6,117752.6,117765.5,32.75
2025-07-13T03:42:00.000000Z,117765.5,117765.6,117731.7,117741.2,34.317
2025-07-13T03:43:00.000000Z,117741.1,117741.2,117737.2,117737.2,24.483
2025-07-13T03:44:00.000000Z,117737.3,117737.3,117700.0,117700.0,19.251
2025-07-13T03:45:00.000000Z,117700.0,117700.1,117671.4,117671.4,14.398
2025-07-13T03:46:00.000000Z,117671.4,117671.5,117627.9,117641.3,50.539
2025-07-13T03:47:00.000000Z,117641.5,117679.2,117641.5,117679.1,12.896
2025-07-13T03:48:00.000000Z,117679.2,117689.3,117650.2,117660.0,49.691
2025-07-13T03:49:00.000000Z,117660.0,117660.0,117645.5,117645.5,12.191
2025-07-13T03:50:00.000000Z,117645.6,117725.2,117645.5,117725.2,21.032
2025-07-13T03:51:00.000000Z,117725.1,117742.4,117725.1,117738.8,17.161
2025-07-13T03:52:00.000000Z,117738.8,117752.2,117703.4,117752.1,43.248
2025-07-13T03:53:00.000000Z,117752.1,117752.2,117746.0,117746.1,11.88
2025-07-13T03:54:00.000000Z,117746.1,117746.1,117735.5,117735.5,14.594
2025-07-13T03:55:00.000000Z,117735.5,117735.6,117735.5,117735.5,8.72
2025-07-13T03:56:00.000000Z,117735.6,117735.6,117711.0,117716.9,19.614
2025-07-13T03:57:00.000000Z,117716.9,117717.0,117716.9,117716.9,6.58
2025-07-13T03:58:00.000000Z,117716.9,117717.0,117698.1,117711.3,18.523
2025-07-13T03:59:00.000000Z,117711.4,117711.6,117711.3,117711.5,16.398
2025-07-13T04:00:00.000000Z,117711.6,117736.7,117711.5,117736.7,20.923
2025-07-13T04:01:00.000000Z,117736.6,117736.7,117696.4,117696.4,30.338
2025-07-13T04:02:00.000000Z,117696.4,117696.5,117685.7,117685.7,15.009
2025-07-13T04:03:00.000000Z,117685.7,117692.9,117673.5,117673.5,20.7
2025-07-13T04:04:00.000000Z,117673.6,117680.0,117666.0,117680.0,15.592
2025-07-13T04:05:00.000000Z,117679.9,117680.0,117679.9,117679.9,5.59
2025-07-13T04:06:00.000000Z,117680.0,117680.0,117668.3,117669.2,35.031
2025-07-13T04:07:00.000000Z,117669.3,117669.3,117639.7,117658.9,28.328
2025-07-13T04:08:00.000000Z,117659.0,117686.3,117658.9,117686.2,15.032
2025-07-13T04:09:00.000000Z,117686.2,117701.0,117686.2,117701.0,15.769
2025-07-13T04:10:00.000000Z,117700.9,117727.0,117697.2,117697.2,23.556
2025-07-13T04:11:00.000000Z,117697.3,117705.1,117686.3,117686.4,14.99
2025-07-13T04:12:00.000000Z,117686.4,117686.4,117686.2,117686.2,4.87
2025-07-13T04:13:00.000000Z,117686.2,117708.1,117686.2,117708.1,26.253
2025-07-13T04:14:00.000000Z,117708.0,117708.1,117708.0,117708.1,8.579
2025-07-13T04:15:00.000000Z,117708.0,117708.1,117680.1,117680.2,39.78
2025-07-13T04:16:00.000000Z,117680.1,117709.8,117680.1,117709.8,13.185
2025-07-13T04:17:00.000000Z,117709.8,117709.8,117685.0,117685.1,18.594
2025-07-13T04:18:00.000000Z,117685.0,117738.0,117685.0,117734.4,26.884
2025-07-13T04:19:00.000000Z,117734.5,117771.2,117730.9,117771.2,34.853
2025-07-13T04:20:00.000000Z,117771.1,117771.2,117753.4,117753.5,19.508
2025-07-13T04:21:00.000000Z,117753.5,117780.5,117751.6,117763.4,63.931
2025-07-13T04:22:00.000000Z,117763.4,117764.9,117757.6,117757.6,9.739
2025-07-13T04:23:00.000000Z,117757.7,117781.0,117734.7,117734.7,36.886
2025-07-13T04:24:00.000000Z,117734.6,117734.6,117722.5,117722.6,7.686
2025-07-13T04:25:00.000000Z,117722.5,117732.3,117718.2,117726.4,6.225
2025-07-13T04:26:00.000000Z,117726.3,117726.4,117726.3,117726.3,2.872
2025-07-13T04:27:00.000000Z,117726.4,117726.4,117722.3,117722.3,8.846
2025-07-13T04:28:00.000000Z,117722.4,117732.3,117722.3,117732.2,17.055
2025-07-13T04:29:00.000000Z,117732.2,117732.3,117732.2,117732.2,11.698
2025-07-13T04:30:00.000000Z,117732.2,117741.8,117726.3,117741.7,42.035
2025-07-13T04:31:00.000000Z,117741.8,117768.4,117741.7,117753.0,27.423
2025-07-13T04:32:00.000000Z,117752.9,117753.0,117752.9,117753.0,11.38
2025-07-13T04:33:00.000000Z,117753.0,117766.2,117752.9,117766.1,19.242
2025-07-13T04:34:00.000000Z,117766.1,117784.6,117766.1,117784.6,25.361
2025-07-13T04:35:00.000000Z,117784.6,117788.0,117784.6,117787.9,22.829
2025-07-13T04:36:00.000000Z,117787.8,117787.9,117780.0,117780.0,17.575
2025-07-13T04:37:00.000000Z,117780.1,117787.6,117780.0,117787.6,30.647
2025-07-13T04:38:00.000000Z,117787.5,117787.6,117780.2,117780.2,23.865
2025-07-13T04:39:00.000000Z,117780.2,117822.7,117770.9,117820.6,136.913
2025-07-13T04:40:00.000000Z,117820.6,117835.0,117783.2,117783.2,103.895
2025-07-13T04:41:00.000000Z,117783.2,117783.3,117772.8,117777.4,24.336
2025-07-13T04:42:00.000000Z,117777.4,117792.5,117777.3,117784.8,19.636
2025-07-13T04:43:00.000000Z,117784.8,117784.9,117784.8,117784.9,5.769
2025-07-13T04:44:00.000000Z,117784.8,117784.9,117784.8,117784.9,5.987
2025-07-13T04:45:00.000000Z,117784.8,117796.4,117781.8,117796.4,18.171
2025-07-13T04:46:00.000000Z,117796.3,117796.4,117788.2,117788.3,24.79
2025-07-13T04:47:00.000000Z,117788.3,117800.0,117788.2,117800.0,27.573
2025-07-13T04:48:00.000000Z,117800.0,117820.7,117799.9,117820.7,20.011
2025-07-13T04:49:00.000000Z,117820.6,117831.0,117820.6,117831.0,28.794
2025-07-13T04:50:00.000000Z,117831.0,117846.1,117830.9,117846.1,64.292
2025-07-13T04:51:00.000000Z,117846.1,117850.0,117846.0,117849.9,48.091
2025-07-13T04:52:00.000000Z,117849.9,117850.0,117849.9,117849.9,26.466
2025-07-13T04:53:00.000000Z,117849.9,117850.0,117840.6,117840.6,53.167
2025-07-13T04:54:00.000000Z,117840.6,117840.7,117840.6,117840.6,13.861
2025-07-13T04:55:00.000000Z,117840.7,117840.7,117823.4,117823.4,36.575
2025-07-13T04:56:00.000000Z,117823.4,117823.5,117819.0,117819.0,12.903
2025-07-13T04:57:00.000000Z,117819.1,117842.9,117819.0,117842.9,35.23
2025-07-13T04:58:00.000000Z,117842.9,117842.9,117842.8,117842.9,5.344
2025-07-13T04:59:00.000000Z,117842.9,117842.9,117842.8,117842.8,16.054
2025-07-13T05:00:00.000000Z,117842.8,117851.5,117834.7,117851.5,110.976
2025-07-13T05:01:00.000000Z,117851.5,117851.5,117809.9,117824.4,75.295
2025-07-13T05:02:00.000000Z,117824.4,117824.5,117820.0,117820.0,8.774
2025-07-13T05:03:00.000000Z,117820.0,117834.1,117813.9,117834.0,32.928
2025-07-13T05:04:00.000000Z,117834.1,117860.0,117834.0,117859.9,114.989
2025-07-13T05:05:00.000000Z,117859.9,117860.0,117850.9,117850.9,25.559
2025-07-13T05:06:00.000000Z,117851.0,117851.0,117850.9,117850.9,9.678
2025-07-13T05:07:00.000000Z,117850.9,117851.0,117850.9,117851.0,11.515
2025-07-13T05:08:00.000000Z,117850.9,117856.9,117850.9,117856.9,23.251
2025-07-13T05:09:00.000000Z,117856.9,117860.0,117856.8,117860.0,25.494
2025-07-13T05:10:00.000000Z,117860.0,117860.0,117838.8,117838.9,26.298
2025-07-13T05:11:00.000000Z,117838.9,117838.9,117838.8,117838.9,21.7
2025-07-13T05:12:00.000000Z,117838.8,117838.9,117819.2,117819.3,29.794
2025-07-13T05:13:00.000000Z,117819.3,117831.1,117819.2,117831.1,13.7
2025-07-13T05:14:00.000000Z,117831.1,117831.1,117820.4,117820.5,26.673
2025-07-13T05:15:00.000000Z,117820.4,117820.5,117805.0,117805.0,30.33
2025-07-13T05:16:00.000000Z,117805.1,117805.1,117773.6,117773.6,35.695
2025-07-13T05:17:00.000000Z,117773.6,117784.9,117773.6,117777.1,27.897
2025-07-13T05:18:00.000000Z,117777.2,117777.2,117776.9,117776.9,13.432
2025-07-13T05:19:00.000000Z,117777.0,117777.0,117766.7,117766.8,26.092
2025-07-13T05:20:00.000000Z,117766.7,117776.9,117766.7,117775.1,16.597
2025-07-13T05:21:00.000000Z,117775.2,117775.2,117770.7,117770.8,8.861
2025-07-13T05:22:00.000000Z,117770.8,117770.8,117770.7,117770.7,16.257
2025-07-13T05:23:00.000000Z,117770.7,117770.8,117768.5,117768.6,8.25
2025-07-13T05:24:00.000000Z,117768.5,117768.6,117766.7,117766.8,15.788
2025-07-13T05:25:00.000000Z,117766.7,117766.8,117733.7,117733.7,38.547
2025-07-13T05:26:00.000000Z,117733.7,117787.9,117733.7,117785.6,47.405
2025-07-13T05:27:00.000000Z,117785.6,117790.0,117785.5,117790.0,9.721
2025-07-13T05:28:00.000000Z,117790.0,117790.0,117789.9,117789.9,10.31
2025-07-13T05:29:00.000000Z,117789.9,117790.0,117789.9,117790.0,8.62
2025-07-13T05:30:00.000000Z,117790.0,117790.0,117789.9,117789.9,5.153
2025-07-13T05:31:00.000000Z,117790.0,117790.0,117789.9,117789.9,7.383
2025-07-13T05:32:00.000000Z,117790.0,117858.0,117789.9,117857.9,50.31
2025-07-13T05:33:00.000000Z,117857.9,117858.0,117857.9,117858.0,11.375
2025-07-13T05:34:00.000000Z,117858.0,117858.0,117857.9,117858.0,20.273
2025-07-13T05:35:00.000000Z,117857.9,117858.0,117852.1,117852.1,22.408
2025-07-13T05:36:00.000000Z,117852.2,117852.2,117846.1,117846.2,19.327
2025-07-13T05:37:00.000000Z,117846.1,117846.2,117814.6,117814.6,40.751
2025-07-13T05:38:00.000000Z,117814.7,117814.7,117808.4,117813.9,21.034
2025-07-13T05:39:00.000000Z,117814.0,117840.7,117813.9,117840.7,15.845
2025-07-13T05:40:00.000000Z,117840.7,117840.7,117809.4,117809.5,25.858
2025-07-13T05:41:00.000000Z,117809.5,117816.0,117683.1,117685.9,97.339
2025-07-13T05:42:00.000000Z,117685.8,117738.1,117685.8,117738.1,37.73
2025-07-13T05:43:00.000000Z,117738.0,117738.1,117729.1,117729.1,15.611
2025-07-13T05:44:00.000000Z,117729.2,117729.2,117720.1,117720.1,20.26
2025-07-13T05:45:00.000000Z,117720.2,117720.2,117681.4,117696.5,119.214
2025-07-13T05:46:00.000000Z,117696.5,117696.5,117643.1,117664.5,108.577
2025-07-13T05:47:00.000000Z,117664.6,117719.2,117664.5,117712.7,34.336
2025-07-13T05:48:00.000000Z,117712.8,117712.8,117712.7,117712.7,17.689
2025-07-13T05:49:00.000000Z,117712.8,117712.8,117674.9,117674.9,42.071
2025-07-13T05:50:00.000000Z,117674.9,117678.5,117657.2,117678.4,27.546
2025-07-13T05:51:00.000000Z,117678.4,117678.5,117649.5,117678.5,45.829
2025-07-13T05:52:00.000000Z,117678.5,117678.5,117678.4,117678.4,5.115
2025-07-13T05:53:00.000000Z,117678.4,117678.5,117661.5,117661.5,12.498
2025-07-13T05:54:00.000000Z,117661.6,117670.5,117661.5,117670.5,15.542
2025-07-13T05:55:00.000000Z,117670.4,117706.9,117670.4,117706.8,29.441
2025-07-13T05:56:00.000000Z,117706.8,117725.0,117706.8,117719.2,18.095
2025-07-13T05:57:00.000000Z,117719.2,117727.5,117701.9,117702.0,29.139
2025-07-13T05:58:00.000000Z,117702.0,117702.0,117701.9,117701.9,13.742
2025-07-13T05:59:00.000000Z,117702.0,117715.0,117701.9,117714.9,16.181
2025-07-13T06:00:00.000000Z,117714.9,117715.0,117714.9,117715.0,16.249
2025-07-13T06:01:00.000000Z,117715.0,117715.0,117690.1,117690.2,19.634
2025-07-13T06:02:00.000000Z,117690.2,117707.6,117690.1,117707.6,26.288
2025-07-13T06:03:00.000000Z,117707.5,117731.0,117707.5,117731.0,39.044
2025-07-13T06:04:00.000000Z,117730.9,117731.0,117730.8,117730.9,17.788
2025-07-13T06:05:00.000000Z,117730.9,117730.9,117730.8,117730.8,8.266
2025-07-13T06:06:00.000000Z,117730.8,117744.9,117730.8,117744.9,9.637
2025-07-13T06:07:00.000000Z,117744.9,117750.0,117726.5,117726.6,33.199
2025-07-13T06:08:00.000000Z,117726.6,117741.7,117726.5,117741.7,8.894
2025-07-13T06:09:00.000000Z,117741.7,117741.7,117741.6,117741.7,5.062
2025-07-13T06:10:00.000000Z,117741.6,117741.7,117741.6,117741.7,13.847
2025-07-13T06:11:00.000000Z,117741.7,117741.7,117741.6,117741.7,12.971
2025-07-13T06:12:00.000000Z,117741.7,117741.7,117713.3,117713.4,22.141
2025-07-13T06:13:00.000000Z,117713.3,117739.1,117713.3,117739.1,16.277
2025-07-13T06:14:00.000000Z,117739.1,117739.1,117739.0,117739.0,12.942
2025-07-13T06:15:00.000000Z,117739.0,117750.0,117739.0,117750.0,21.829
2025-07-13T06:16:00.000000Z,117750.0,117755.5,117749.9,117755.5,14.144
2025-07-13T06:17:00.000000Z,117755.5,117755.5,117718.9,117720.9,27.811
2025-07-13T06:18:00.000000Z,117720.9,117740.3,117720.9,117740.3,10.544
2025-07-13T06:19:00.000000Z,117740.3,117755.5,117740.2,117755.5,8.556
2025-07-13T06:20:00.000000Z,117755.5,117758.5,117755.4,117758.5,8.853
2025-07-13T06:21:00.000000Z,117758.5,117758.5,117758.4,117758.4,7.23
2025-07-13T06:22:00.000000Z,117758.5,117780.9,117758.4,117780.9,19.407
2025-07-13T06:23:00.000000Z,117780.9,117782.2,117780.8,117782.2,13.823
2025-07-13T06:24:00.000000Z,117782.1,117807.4,117782.1,117807.4,16.992
2025-07-13T06:25:00.000000Z,117807.4,117817.7,117807.4,117817.6,29.716
2025-07-13T06:26:00.000000Z,117817.7,117817.7,117807.4,117808.4,52.592
2025-07-13T06:27:00.000000Z,117808.4,117808.4,117808.3,117808.4,12.651
2025-07-13T06:28:00.000000Z,117808.4,117808.4,117808.3,117808.4,8.709
2025-07-13T06:29:00.000000Z,117808.4,117808.4,117808.3,117808.3,4.209
2025-07-13T06:30:00.000000Z,117808.4,117812.6,117808.3,117812.6,16.845
2025-07-13T06:31:00.000000Z,117812.5,117812.6,117812.5,117812.6,7.361
2025-07-13T06:32:00.000000Z,117812.5,117812.6,117812.5,117812.6,2.642
2025-07-13T06:33:00.000000Z,117812.6,117840.2,117812.5,117840.2,61.867
2025-07-13T06:34:00.000000Z,117840.2,117864.3,117834.9,117860.5,66.485
2025-07-13T06:35:00.000000Z,117860.4,117860.4,117852.5,117859.5,18.789
2025-07-13T06:36:00.000000Z,117859.4,117885.0,117859.4,117884.9,98.186
2025-07-13T06:37:00.000000Z,117885.0,117888.0,117884.9,117887.8,36.81
2025-07-13T06:38:00.000000Z,117887.9,117942.0,117887.8,117921.2,227.516
2025-07-13T06:39:00.000000Z,117921.1,117930.5,117897.5,117920.5,66.73
2025-07-13T06:40:00.000000Z,117920.4,117920.5,117896.6,117897.5,41.486
2025-07-13T06:41:00.000000Z,117897.5,117909.9,117897.4,117909.9,20.798
2025-07-13T06:42:00.000000Z,117909.9,117920.0,117909.7,117920.0,30.951
2025-07-13T06:43:00.000000Z,117919.9,117940.4,117919.9,117940.4,30.287
2025-07-13T06:44:00.000000Z,117940.4,117940.4,117925.1,117925.2,37.02
2025-07-13T06:45:00.000000Z,117925.2,117925.2,117880.4,117880.4,51.561
2025-07-13T06:46:00.000000Z,117880.4,117880.5,117854.7,117854.8,45.134
2025-07-13T06:47:00.000000Z,117854.7,117867.9,117854.7,117858.7,12.315
2025-07-13T06:48:00.000000Z,117858.8,117858.8,117858.7,117858.8,8.234
2025-07-13T06:49:00.000000Z,117858.7,117858.8,117848.5,117848.5,18.666
2025-07-13T06:50:00.000000Z,117848.6,117877.2,117838.4,117877.1,59.545
2025-07-13T06:51:00.000000Z,117877.2,117877.2,117859.0,117859.1,20.221
2025-07-13T06:52:00.000000Z,117859.1,117870.9,117859.0,117862.2,22.076
2025-07-13T06:53:00.000000Z,117862.1,117862.2,117838.4,117838.5,26.921
2025-07-13T06:54:00.000000Z,117838.5,117841.0,117838.4,117841.0,20.732
2025-07-13T06:55:00.000000Z,117841.0,117841.0,117833.0,117835.5,23.878
2025-07-13T06:56:00.000000Z,117835.6,117839.9,117833.0,117839.8,21.946
2025-07-13T06:57:00.000000Z,117839.9,117839.9,117839.8,117839.9,5.791
2025-07-13T06:58:00.000000Z,117839.9,117839.9,117839.8,117839.8,3.649
2025-07-13T06:59:00.000000Z,117839.9,117839.9,117839.8,117839.8,8.964
2025-07-13T07:00:00.000000Z,117839.9,117839.9,117839.8,117839.9,33.508
2025-07-13T07:01:00.000000Z,117839.9,117839.9,117839.8,117839.9,14.42
2025-07-13T07:02:00.000000Z,117839.9,117839.9,117820.0,117820.1,20.633
2025-07-13T07:03:00.000000Z,117820.1,117820.1,117797.8,117797.8,29.194
2025-07-13T07:04:00.000000Z,117797.8,117817.6,117797.8,117817.5,45.758
2025-07-13T07:05:00.000000Z,117817.6,117839.5,117817.5,117839.5,29.231
2025-07-13T07:06:00.000000Z,117839.4,117857.4,117839.4,117857.4,14.509
2025-07-13T07:07:00.000000Z,117857.3,117874.9,117836.6,117836.6,28.637
2025-07-13T07:08:00.000000Z,117836.7,117836.7,117829.6,117833.7,22.336
2025-07-13T07:09:00.000000Z,117833.7,117833.8,117833.7,117833.7,4.454
2025-07-13T07:10:00.000000Z,117833.8,117833.8,117833.7,117833.7,9.654
2025-07-13T07:11:00.000000Z,117833.8,117833.8,117830.0,117830.0,6.032
2025-07-13T07:12:00.000000Z,117830.1,117847.0,117830.0,117846.9,24.84
2025-07-13T07:13:00.000000Z,117846.9,117847.0,117835.4,117835.4,25.832
2025-07-13T07:14:00.000000Z,117835.5,117843.9,117835.4,117843.0,33.538
2025-07-13T07:15:00.000000Z,117843.1,117878.1,117843.0,117878.1,19.798
2025-07-13T07:16:00.000000Z,117878.0,117886.2,117872.1,117872.2,30.835
2025-07-13T07:17:00.000000Z,117872.2,117888.0,117872.1,117888.0,30.493
2025-07-13T07:18:00.000000Z,117888.0,117888.0,117858.7,117858.7,36.533
2025-07-13T07:19:00.000000Z,117858.8,117876.9,117858.7,117876.9,11.551
2025-07-13T07:20:00.000000Z,117876.8,117889.4,117876.8,117889.4,47.933
2025-07-13T07:21:00.000000Z,117889.3,117889.4,117889.3,117889.3,21.656
2025-07-13T07:22:00.000000Z,117889.3,117897.5,117889.3,117897.4,13.294
2025-07-13T07:23:00.000000Z,117897.4,117917.2,117897.4,117917.1,27.696
2025-07-13T07:24:00.000000Z,117917.2,117937.4,117917.1,117937.4,46.461
2025-07-13T07:25:00.000000Z,117937.4,117948.0,117937.3,117948.0,44.767
2025-07-13T07:26:00.000000Z,117948.0,117955.0,117947.9,117950.5,74.881
2025-07-13T07:27:00.000000Z,117950.5,117950.5,117939.7,117939.8,25.368
2025-07-13T07:28:00.000000Z,117939.7,117950.0,117939.7,117947.4,52.547
2025-07-13T07:29:00.000000Z,117947.4,117947.5,117947.4,117947.4,6.811
2025-07-13T07:30:00.000000Z,117947.5,117947.5,117947.4,117947.4,10.437
2025-07-13T07:31:00.000000Z,117947.5,117947.5,117936.1,117936.2,25.114
2025-07-13T07:32:00.000000Z,117936.1,117938.3,117936.1,117938.2,17.96
2025-07-13T07:33:00.000000Z,117938.2,117938.3,117936.0,117936.0,22.061
2025-07-13T07:34:00.000000Z,117936.1,117958.5,117930.9,117957.0,91.177
2025-07-13T07:35:00.000000Z,117956.9,117962.9,117956.9,117962.9,28.755
2025-07-13T07:36:00.000000Z,117962.9,117962.9,117962.8,117962.8,16.684
2025-07-13T07:37:00.000000Z,117962.8,118040.8,117962.8,118014.3,278.241
2025-07-13T07:38:00.000000Z,118014.4,118014.4,117952.4,117952.8,113.031
2025-07-13T07:39:00.000000Z,117952.9,117966.9,117915.3,117941.0,87.264
2025-07-13T07:40:00.000000Z,117941.0,117962.9,117941.0,117962.8,22.356
2025-07-13T07:41:00.000000Z,117962.8,117962.9,117912.0,117915.3,37.567
2025-07-13T07:42:00.000000Z,117915.4,117915.4,117902.2,117903.6,59.477
2025-07-13T07:43:00.000000Z,117903.6,117937.0,117903.5,117936.9,43.952
2025-07-13T07:44:00.000000Z,117937.0,117937.0,117909.3,117909.4,51.432
2025-07-13T07:45:00.000000Z,117909.3,117909.4,117909.2,117909.3,47.254
2025-07-13T07:46:00.000000Z,117909.3,117909.4,117909.3,117909.3,11.196
2025-07-13T07:47:00.000000Z,117909.3,117909.4,117909.3,117909.3,18.143
2025-07-13T07:48:00.000000Z,117909.3,117909.4,117909.3,117909.3,30.101
2025-07-13T07:49:00.000000Z,117909.4,117909.4,117883.0,117891.8,34.689
2025-07-13T07:50:00.000000Z,117891.8,117892.0,117891.8,117891.9,24.961
2025-07-13T07:51:00.000000Z,117892.0,117892.0,117851.0,117852.1,63.205
2025-07-13T07:52:00.000000Z,117852.1,117907.4,117852.1,117907.4,56.086
2025-07-13T07:53:00.000000Z,117907.4,117908.0,117907.3,117907.9,31.651
2025-07-13T07:54:00.000000Z,117907.9,117908.0,117889.6,117908.0,62.559
2025-07-13T07:55:00.000000Z,117908.0,117908.0,117860.2,117882.9,69.093
2025-07-13T07:56:00.000000Z,117883.0,117894.7,117882.9,117894.7,29.145
2025-07-13T07:57:00.000000Z,117894.6,117918.5,117894.6,117912.6,43.479
2025-07-13T07:58:00.000000Z,117912.6,117940.9,117912.5,117940.8,28.828
2025-07-13T07:59:00.000000Z,117940.9,117950.0,117940.8,117950.0,25.617
2025-07-13T08:00:00.000000Z,117950.0,117970.0,117949.9,117969.6,37.039
2025-07-13T08:01:00.000000Z,117969.6,117975.4,117969.5,117975.3,27.821
2025-07-13T08:02:00.000000Z,117975.4,117975.4,117926.8,117926.8,53.147
2025-07-13T08:03:00.000000Z,117926.8,117926.9,117919.8,117926.0,16.427
2025-07-13T08:04:00.000000Z,117926.0,117926.0,117925.9,117925.9,15.691
2025-07-13T08:05:00.000000Z,117925.9,117926.0,117913.5,117913.6,34.031
2025-07-13T08:06:00.000000Z,117913.5,117913.6,117870.2,117870.3,42.157
2025-07-13T08:07:00.000000Z,117870.3,117888.1,117870.3,117888.1,23.095
2025-07-13T08:08:00.000000Z,117888.0,117899.9,117870.8,117895.9,45.699
2025-07-13T08:09:00.000000Z,117895.9,117896.0,117895.9,117895.9,6.014
2025-07-13T08:10:00.000000Z,117896.0,117896.0,117876.4,117887.9,22.757
2025-07-13T08:11:00.000000Z,117887.9,117887.9,117876.4,117876.4,8.686
2025-07-13T08:12:00.000000Z,117876.5,117876.5,117876.4,117876.5,21.056
2025-07-13T08:13:00.000000Z,117876.5,117911.8,117876.4,117911.7,25.49
2025-07-13T08:14:00.000000Z,117911.7,117911.8,117902.7,117902.8,11.49
2025-07-13T08:15:00.000000Z,117902.7,117902.8,117846.3,117846.3,46.414
2025-07-13T08:16:00.000000Z,117846.3,117854.6,117841.0,117841.1,25.134
2025-07-13T08:17:00.000000Z,117841.0,117841.1,117841.0,117841.1,10.56
2025-07-13T08:18:00.000000Z,117841.0,117841.0,117800.0,117800.1,45.996
2025-07-13T08:19:00.000000Z,117800.1,117800.1,117800.0,117800.0,18.103
2025-07-13T08:20:00.000000Z,117800.1,117800.1,117798.0,117798.1,16.783
2025-07-13T08:21:00.000000Z,117798.0,117798.1,117786.9,117790.0,36.117
2025-07-13T08:22:00.000000Z,117790.0,117790.0,117769.2,117779.9,60.592
2025-07-13T08:23:00.000000Z,117779.9,117787.1,117775.3,117775.4,18.103
2025-07-13T08:24:00.000000Z,117775.3,117775.4,117775.3,117775.3,14.788
2025-07-13T08:25:00.000000Z,117775.3,117784.1,117775.3,117784.1,13.227
2025-07-13T08:26:00.000000Z,117784.1,117784.1,117784.0,117784.1,8.524
2025-07-13T08:27:00.000000Z,117784.1,117784.1,117784.0,117784.1,9.61
2025-07-13T08:28:00.000000Z,117784.1,117784.1,117776.7,117776.8,15.592
2025-07-13T08:29:00.000000Z,117776.7,117795.9,117776.7,117795.9,22.565
2025-07-13T08:30:00.000000Z,117795.9,117795.9,117795.8,117795.9,10.724
2025-07-13T08:31:00.000000Z,117795.9,117795.9,117795.8,117795.9,7.383
2025-07-13T08:32:00.000000Z,117795.9,117795.9,117795.8,117795.8,6.948
2025-07-13T08:33:00.000000Z,117795.9,117795.9,117783.6,117783.7,16.608
2025-07-13T08:34:00.000000Z,117783.7,117783.7,117775.0,117782.2,24.159
2025-07-13T08:35:00.000000Z,117782.2,117782.3,117775.9,117775.9,18.143
2025-07-13T08:36:00.000000Z,117775.9,117776.0,117775.9,117775.9,6.307
2025-07-13T08:37:00.000000Z,117775.9,117776.0,117775.9,117775.9,25.947
2025-07-13T08:38:00.000000Z,117775.9,117776.0,117770.1,117770.2,29.889
2025-07-13T08:39:00.000000Z,117770.2,117770.2,117770.1,117770.1,8.172
2025-07-13T08:40:00.000000Z,117770.2,117770.2,117750.4,117750.4,17.191
2025-07-13T08:41:00.000000Z,117750.4,117757.1,117750.4,117757.0,24.603
2025-07-13T08:42:00.000000Z,117757.1,117757.1,117750.1,117750.1,21.236
2025-07-13T08:43:00.000000Z,117750.2,117750.2,117750.1,117750.1,9.835
2025-07-13T08:44:00.000000Z,117750.1,117750.2,117750.1,117750.2,8.413
2025-07-13T08:45:00.000000Z,117750.1,117750.2,117728.4,117728.5,55.548
2025-07-13T08:46:00.000000Z,117728.5,117728.5,117710.0,117710.0,21.037
2025-07-13T08:47:00.000000Z,117710.1,117717.7,117710.0,117717.7,24.759
2025-07-13T08:48:00.000000Z,117717.7,117717.7,117717.6,117717.6,19.817
2025-07-13T08:49:00.000000Z,117717.7,117717.7,117717.6,117717.7,15.37
2025-07-13T08:50:00.000000Z,117717.6,117753.7,117717.6,117753.6,33.043
2025-07-13T08:51:00.000000Z,117753.7,117753.7,117753.6,117753.6,7.654
2025-07-13T08:52:00.000000Z,117753.7,117753.7,117753.6,117753.7,9.253
2025-07-13T08:53:00.000000Z,117753.7,117753.7,117753.6,117753.7,10.577
2025-07-13T08:54:00.000000Z,117753.7,117753.7,117753.6,117753.7,5.369
2025-07-13T08:55:00.000000Z,117753.7,117753.7,117753.6,117753.7,5.856
2025-07-13T08:56:00.000000Z,117753.7,117753.7,117753.6,117753.7,6.128
2025-07-13T08:57:00.000000Z,117753.7,117777.3,117753.6,117777.3,19.975
2025-07-13T08:58:00.000000Z,117777.2,117825.1,117777.2,117825.0,45.131
2025-07-13T08:59:00.000000Z,117825.0,117862.1,117825.0,117855.5,58.829
2025-07-13T09:00:00.000000Z,117855.5,117861.2,117855.4,117861.1,19.827
2025-07-13T09:01:00.000000Z,117861.2,117870.3,117861.1,117870.3,12.036
2025-07-13T09:02:00.000000Z,117870.2,117870.3,117870.2,117870.3,23.199
2025-07-13T09:03:00.000000Z,117870.3,117870.3,117864.7,117864.7,17.398
2025-07-13T09:04:00.000000Z,117864.8,117864.8,117864.7,117864.8,9.267
2025-07-13T09:05:00.000000Z,117864.8,117864.8,117861.1,117861.2,19.666
2025-07-13T09:06:00.000000Z,117861.2,117861.2,117861.1,117861.1,13.037
2025-07-13T09:07:00.000000Z,117861.2,117861.2,117861.1,117861.2,6.606
2025-07-13T09:08:00.000000Z,117861.1,117861.2,117861.1,117861.1,6.193
2025-07-13T09:09:00.000000Z,117861.2,117861.2,117861.0,117861.1,7.201
2025-07-13T09:10:00.000000Z,117861.0,117861.1,117836.0,117836.5,35.76
2025-07-13T09:11:00.000000Z,117836.6,117836.6,117836.5,117836.5,19.457
2025-07-13T09:12:00.000000Z,117836.6,117836.6,117833.6,117833.6,15.475
2025-07-13T09:13:00.000000Z,117833.6,117833.7,117833.6,117833.7,8.692
2025-07-13T09:14:00.000000Z,117833.7,117841.0,117833.6,117841.0,9.302
2025-07-13T09:15:00.000000Z,117840.9,117841.0,117840.8,117840.9,10.449
2025-07-13T09:16:00.000000Z,117840.9,117840.9,117838.1,117838.2,8.662
2025-07-13T09:17:00.000000Z,117838.1,117838.2,117838.0,117838.0,5.645
2025-07-13T09:18:00.000000Z,117838.1,117838.1,117813.6,117813.6,22.317
2025-07-13T09:19:00.000000Z,117813.6,117827.5,117813.6,117817.7,29.684
2025-07-13T09:20:00.000000Z,117817.8,117817.8,117808.5,117808.6,44.72
2025-07-13T09:21:00.000000Z,117808.5,117808.6,117808.5,117808.5,13.327
2025-07-13T09:22:00.000000Z,117808.6,117808.6,117808.5,117808.6,12.939
2025-07-13T09:23:00.000000Z,117808.6,117808.6,117808.5,117808.6,14.514
2025-07-13T09:24:00.000000Z,117808.6,117808.6,117808.5,117808.5,17.254
2025-07-13T09:25:00.000000Z,117808.6,117808.6,117808.5,117808.5,10.292
2025-07-13T09:26:00.000000Z,117808.6,117808.6,117808.5,117808.6,7.507
2025-07-13T09:27:00.000000Z,117808.6,117808.6,117808.5,117808.6,10.766
2025-07-13T09:28:00.000000Z,117808.5,117818.0,117750.4,117817.9,120.564
2025-07-13T09:29:00.000000Z,117817.9,117818.0,117817.9,117817.9,8.117
2025-07-13T09:30:00.000000Z,117817.9,117818.0,117806.5,117806.6,13.206
2025-07-13T09:31:00.000000Z,117806.5,117806.6,117806.5,117806.5,7.873
2025-07-13T09:32:00.000000Z,117806.5,117806.6,117775.4,117775.4,38.534
2025-07-13T09:33:00.000000Z,117775.4,117775.5,117741.3,117741.3,34.174
2025-07-13T09:34:00.000000Z,117741.3,117754.6,117741.3,117745.5,30.809
2025-07-13T09:35:00.000000Z,117745.5,117747.1,117738.0,117738.0,28.421
2025-07-13T09:36:00.000000Z,117738.0,117738.1,117712.5,117712.6,30.416
2025-07-13T09:37:00.000000Z,117712.5,117712.6,117695.1,117702.9,69.519
2025-07-13T09:38:00.000000Z,117702.8,117702.9,117680.0,117680.1,43.203
2025-07-13T09:39:00.000000Z,117680.0,117680.1,117641.3,117668.8,156.864
2025-07-13T09:40:00.000000Z,117668.8,117698.8,117668.8,117698.7,27.768
2025-07-13T09:41:00.000000Z,117698.8,117745.0,117698.7,117744.9,29.283
2025-07-13T09:42:00.000000Z,117745.0,117746.3,117740.9,117740.9,32.78
2025-07-13T09:43:00.000000Z,117741.0,117741.0,117735.1,117737.1,10.384
2025-07-13T09:44:00.000000Z,117737.2,117767.5,117737.1,117754.3,19.352
2025-07-13T09:45:00.000000Z,117754.4,117766.2,117754.3,117766.2,27.806
2025-07-13T09:46:00.000000Z,117766.2,117766.2,117754.3,117754.4,23.549
2025-07-13T09:47:00.000000Z,117754.4,117754.4,117745.3,117745.3,21.809
2025-07-13T09:48:00.000000Z,117745.4,117745.4,117711.6,117711.6,20.522
2025-07-13T09:49:00.000000Z,117711.7,117711.7,117711.6,117711.6,5.799
2025-07-13T09:50:00.000000Z,117711.6,117711.7,117706.7,117706.8,26.018
2025-07-13T09:51:00.000000Z,117706.7,117706.8,117706.7,117706.8,3.181
2025-07-13T09:52:00.000000Z,117706.8,117710.1,117706.7,117710.0,32.475
2025-07-13T09:53:00.000000Z,117710.0,117728.8,117710.0,117723.6,194.181
2025-07-13T09:54:00.000000Z,117723.7,117723.7,117723.6,117723.7,10.083
2025-07-13T09:55:00.000000Z,117723.6,117723.7,117712.8,117712.8,9.919
2025-07-13T09:56:00.000000Z,117712.8,117712.9,117712.8,117712.8,10.494
2025-07-13T09:57:00.000000Z,117712.8,117712.9,117700.4,117700.5,28.208
2025-07-13T09:58:00.000000Z,117700.5,117700.5,117700.0,117700.0,4.653
2025-07-13T09:59:00.000000Z,117700.1,117700.1,117700.0,117700.1,10.95
2025-07-13T10:00:00.000000Z,117700.0,117741.1,117700.0,117741.0,30.409
2025-07-13T10:01:00.000000Z,117741.1,117741.1,117741.0,117741.1,9.035
2025-07-13T10:02:00.000000Z,117741.1,117775.0,117741.0,117758.4,77.963
2025-07-13T10:03:00.000000Z,117758.4,117758.4,117758.3,117758.4,7.139
2025-07-13T10:04:00.000000Z,117758.4,117786.9,117758.3,117786.9,18.304
2025-07-13T10:05:00.000000Z,117786.9,117793.2,117786.8,117793.2,25.861
2025-07-13T10:06:00.000000Z,117793.2,117811.5,117793.1,117810.4,21.316
2025-07-13T10:07:00.000000Z,117810.4,117810.4,117810.3,117810.4,17.968
2025-07-13T10:08:00.000000Z,117810.4,117810.4,117810.2,117810.2,17.798
2025-07-13T10:09:00.000000Z,117810.3,117810.3,117810.2,117810.3,15.287
2025-07-13T10:10:00.000000Z,117810.3,117810.3,117810.2,117810.2,5.263
2025-07-13T10:11:00.000000Z,117810.2,117818.5,117810.2,117818.5,28.416
2025-07-13T10:12:00.000000Z,117818.5,117818.5,117818.4,117818.5,9.523
2025-07-13T10:13:00.000000Z,117818.4,117818.5,117801.7,117801.8,42.746
2025-07-13T10:14:00.000000Z,117801.8,117801.8,117801.7,117801.7,8.182
2025-07-13T10:15:00.000000Z,117801.8,117801.8,117801.7,117801.8,4.168
2025-07-13T10:16:00.000000Z,117801.8,117801.8,117767.5,117767.5,36.36
2025-07-13T10:17:00.000000Z,117767.5,117767.6,117764.3,117764.3,6.329
2025-07-13T10:18:00.000000Z,117764.3,117764.4,117754.9,117755.0,11.382
2025-07-13T10:19:00.000000Z,117754.9,117755.0,117754.9,117755.0,6.172
2025-07-13T10:20:00.000000Z,117755.0,117773.3,117754.9,117773.3,40.061
2025-07-13T10:21:00.000000Z,117773.2,117773.3,117773.2,117773.2,9.997
2025-07-13T10:22:00.000000Z,117773.2,117773.3,117773.2,117773.3,3.264
2025-07-13T10:23:00.000000Z,117773.3,117773.3,117766.8,117766.9,11.835
2025-07-13T10:24:00.000000Z,117766.9,117766.9,117752.2,117752.4,18.159
2025-07-13T10:25:00.000000Z,117752.4,117752.4,117752.3,117752.3,6.232
2025-07-13T10:26:00.000000Z,117752.4,117752.4,117752.3,117752.4,6.713
2025-07-13T10:27:00.000000Z,117752.3,117752.4,117752.3,117752.4,2.626
2025-07-13T10:28:00.000000Z,117752.3,117752.4,117745.4,117745.4,24.431
2025-07-13T10:29:00.000000Z,117745.5,117759.0,117745.4,117759.0,23.942
2025-07-13T10:30:00.000000Z,117758.9,117759.0,117758.9,117758.9,4.901
2025-07-13T10:31:00.000000Z,117759.0,117759.0,117740.9,117740.9,20.757
2025-07-13T10:32:00.000000Z,117740.9,117741.0,117721.4,117721.4,9.668
2025-07-13T10:33:00.000000Z,117721.4,117721.4,117706.6,117718.0,34.524
2025-07-13T10:34:00.000000Z,117717.9,117741.3,117717.9,117741.3,20.872
2025-07-13T10:35:00.000000Z,117741.2,117746.7,117741.2,117746.7,3.838
2025-07-13T10:36:00.000000Z,117746.7,117746.7,117746.6,117746.7,4.925
2025-07-13T10:37:00.000000Z,117746.6,117746.7,117746.6,117746.7,9.444
2025-07-13T10:38:00.000000Z,117746.7,117746.7,117746.6,117746.7,9.771
2025-07-13T10:39:00.000000Z,117746.7,117746.7,117737.6,117737.6,12.859
2025-07-13T10:40:00.000000Z,117737.6,117737.7,117737.6,117737.6,3.167
2025-07-13T10:41:00.000000Z,117737.7,117737.7,117737.6,117737.7,1.395
2025-07-13T10:42:00.000000Z,117737.7,117737.7,117737.6,117737.6,7.146
2025-07-13T10:43:00.000000Z,117737.6,117737.7,117737.6,117737.7,16.613
2025-07-13T10:44:00.000000Z,117737.7,117737.7,117737.6,117737.6,2.844
2025-07-13T10:45:00.000000Z,117737.6,117737.7,117737.6,117737.6,7.67
2025-07-13T10:46:00.000000Z,117737.6,117737.7,117737.6,117737.7,1.651
2025-07-13T10:47:00.000000Z,117737.7,117737.7,117718.3,117718.4,31.515
2025-07-13T10:48:00.000000Z,117718.4,117718.4,117698.7,117718.4,36.637
2025-07-13T10:49:00.000000Z,117718.3,117748.7,117718.3,117748.7,14.636
2025-07-13T10:50:00.000000Z,117748.6,117748.7,117735.7,117735.8,18.8
2025-07-13T10:51:00.000000Z,117735.7,117735.7,117726.0,117726.1,4.641
2025-07-13T10:52:00.000000Z,117726.0,117726.1,117726.0,117726.0,6.674
2025-07-13T10:53:00.000000Z,117726.1,117726.1,117725.2,117725.2,12.509
2025-07-13T10:54:00.000000Z,117725.3,117725.3,117725.2,117725.3,4.309
2025-07-13T10:55:00.000000Z,117725.3,117725.3,117692.6,117692.7,19.431
2025-07-13T10:56:00.000000Z,117692.7,117692.7,117692.6,117692.6,14.0
2025-07-13T10:57:00.000000Z,117692.7,117710.1,117692.7,117710.0,48.128
2025-07-13T10:58:00.000000Z,117710.1,117710.1,117710.0,117710.1,8.335
2025-07-13T10:59:00.000000Z,117710.1,117716.0,117710.0,117715.9,11.027
2025-07-13T11:00:00.000000Z,117716.0,117736.3,117715.9,117736.2,23.969
2025-07-13T11:01:00.000000Z,117736.2,117753.1,117736.2,117753.1,10.417
2025-07-13T11:02:00.000000Z,117753.1,117759.0,117753.0,117758.9,13.315
2025-07-13T11:03:00.000000Z,117759.0,117759.0,117758.9,117759.0,6.676
2025-07-13T11:04:00.000000Z,117759.0,117784.3,117758.9,117784.2,14.952
2025-07-13T11:05:00.000000Z,117784.3,117847.7,117784.2,117847.7,40.506
2025-07-13T11:06:00.000000Z,117847.7,117847.7,117827.6,117830.0,65.318
2025-07-13T11:07:00.000000Z,117830.1,117854.4,117827.6,117854.4,40.924
2025-07-13T11:08:00.000000Z,117854.3,117854.4,117850.0,117850.1,36.711
2025-07-13T11:09:00.000000Z,117850.0,117850.1,117850.0,117850.0,15.71
2025-07-13T11:10:00.000000Z,117850.0,117850.1,117850.0,117850.1,15.055
2025-07-13T11:11:00.000000Z,117850.1,117850.1,117840.5,117840.7,20.597
2025-07-13T11:12:00.000000Z,117840.8,117846.5,117840.7,117846.4,10.668
2025-07-13T11:13:00.000000Z,117846.5,117861.9,117846.4,117861.9,30.458
2025-07-13T11:14:00.000000Z,117861.8,117861.9,117861.8,117861.9,13.529
2025-07-13T11:15:00.000000Z,117861.9,117930.0,117861.8,117888.2,84.755
2025-07-13T11:16:00.000000Z,117888.2,117894.2,117880.3,117880.4,59.984
2025-07-13T11:17:00.000000Z,117880.3,117899.1,117880.3,117899.0,12.062
2025-07-13T11:18:00.000000Z,117899.1,117899.1,117890.2,117890.3,11.405
2025-07-13T11:19:00.000000Z,117890.3,117890.3,117863.6,117863.6,12.943
2025-07-13T11:20:00.000000Z,117863.6,117863.7,117843.8,117843.8,20.491
2025-07-13T11:21:00.000000Z,117843.8,117843.9,117837.1,117837.1,11.258
2025-07-13T11:22:00.000000Z,117837.1,117837.2,117825.3,117825.3,15.122
2025-07-13T11:23:00.000000Z,117825.3,117825.4,117825.3,117825.3,6.566
2025-07-13T11:24:00.000000Z,117825.4,117968.0,117825.3,117967.9,269.48
2025-07-13T11:25:00.000000Z,117967.9,117988.4,117928.2,117988.4,75.019
2025-07-13T11:26:00.000000Z,117988.4,118053.6,117974.6,118021.7,345.096
2025-07-13T11:27:00.000000Z,118021.8,118021.8,117997.1,117997.1,90.913
2025-07-13T11:28:00.000000Z,117997.1,118013.4,117997.1,118013.4,43.825
2025-07-13T11:29:00.000000Z,118013.4,118024.6,118013.3,118024.1,43.742
2025-07-13T11:30:00.000000Z,118024.0,118024.1,117975.7,117975.8,92.956
2025-07-13T11:31:00.000000Z,117975.7,117981.3,117959.8,117981.3,69.616
2025-07-13T11:32:00.000000Z,117981.2,117981.3,117923.1,117946.0,100.487
2025-07-13T11:33:00.000000Z,117945.9,117946.0,117899.7,117906.2,83.024
2025-07-13T11:34:00.000000Z,117906.2,117920.1,117906.1,117920.1,22.388
2025-07-13T11:35:00.000000Z,117920.1,117940.9,117920.1,117922.9,17.588
2025-07-13T11:36:00.000000Z,117922.9,117927.4,117922.1,117927.4,17.433
2025-07-13T11:37:00.000000Z,117927.3,117937.0,117927.3,117937.0,15.604
2025-07-13T11:38:00.000000Z,117937.0,117952.4,117936.9,117952.3,24.368
2025-07-13T11:39:00.000000Z,117952.3,117952.4,117952.2,117952.3,14.641
2025-07-13T11:40:00.000000Z,117952.2,117952.3,117952.2,117952.3,8.114
2025-07-13T11:41:00.000000Z,117952.2,117952.3,117952.2,117952.3,16.421
2025-07-13T11:42:00.000000Z,117952.3,117952.3,117935.7,117952.3,21.849
2025-07-13T11:43:00.000000Z,117952.2,117982.2,117952.2,117975.9,71.308
2025-07-13T11:44:00.000000Z,117975.9,117976.0,117960.0,117960.0,22.446
2025-07-13T11:45:00.000000Z,117960.1,117960.1,117949.8,117949.8,21.457
2025-07-13T11:46:00.000000Z,117949.8,117949.9,117945.2,117945.2,10.55
2025-07-13T11:47:00.000000Z,117945.3,117945.3,117924.8,117924.9,31.592
2025-07-13T11:48:00.000000Z,117924.9,117939.7,117924.8,117939.1,27.185
2025-07-13T11:49:00.000000Z,117939.0,117948.3,117933.8,117933.9,21.627
2025-07-13T11:50:00.000000Z,117933.8,117933.9,117929.2,117929.3,20.297
2025-07-13T11:51:00.000000Z,117929.2,117929.3,117929.1,117929.1,9.08
2025-07-13T11:52:00.000000Z,117929.2,117929.2,117929.1,117929.2,6.531
2025-07-13T11:53:00.000000Z,117929.2,117929.2,117922.7,117922.8,16.07
2025-07-13T11:54:00.000000Z,117922.8,117939.1,117922.7,117939.0,22.453
2025-07-13T11:55:00.000000Z,117939.1,117949.9,117939.1,117949.9,18.17
2025-07-13T11:56:00.000000Z,117949.9,117949.9,117949.8,117949.8,11.266
2025-07-13T11:57:00.000000Z,117949.9,117984.9,117949.8,117984.9,38.449
2025-07-13T11:58:00.000000Z,117984.8,118017.5,117984.8,118017.4,50.752
2025-07-13T11:59:00.000000Z,118017.5,118058.3,118017.4,118036.1,126.307
2025-07-13T12:00:00.000000Z,118036.0,118040.2,118015.9,118034.2,72.499
2025-07-13T12:01:00.000000Z,118034.2,118055.8,118034.2,118055.7,50.808
2025-07-13T12:02:00.000000Z,118055.7,118055.8,118055.7,118055.8,27.929
2025-07-13T12:03:00.000000Z,118055.7,118100.0,118055.7,118100.0,160.855
2025-07-13T12:04:00.000000Z,118100.0,118106.5,118060.5,118060.5,93.19
2025-07-13T12:05:00.000000Z,118060.5,118070.0,118060.4,118060.4,36.755
2025-07-13T12:06:00.000000Z,118060.5,118060.5,118029.0,118029.0,39.59
2025-07-13T12:07:00.000000Z,118029.1,118029.1,118016.7,118021.9,55.476
2025-07-13T12:08:00.000000Z,118021.8,118021.9,117996.5,117996.5,44.832
2025-07-13T12:09:00.000000Z,117996.6,117996.6,117983.3,117983.3,40.306
2025-07-13T12:10:00.000000Z,117983.4,117983.4,117956.4,117972.8,60.425
2025-07-13T12:11:00.000000Z,117972.7,117972.8,117935.1,117935.2,27.521
2025-07-13T12:12:00.000000Z,117935.2,117967.2,117933.4,117967.2,39.506
2025-07-13T12:13:00.000000Z,117967.1,117986.9,117967.1,117986.8,19.593
2025-07-13T12:14:00.000000Z,117986.8,117986.9,117986.8,117986.8,11.817
2025-07-13T12:15:00.000000Z,117986.9,117986.9,117986.8,117986.8,8.523
2025-07-13T12:16:00.000000Z,117986.9,118000.0,117986.8,118000.0,28.195
2025-07-13T12:17:00.000000Z,118000.0,118000.0,117999.9,117999.9,12.521
2025-07-13T12:18:00.000000Z,118000.0,118047.1,117999.9,118047.1,33.581
2025-07-13T12:19:00.000000Z,118047.1,118078.1,118047.0,118078.1,21.307
2025-07-13T12:20:00.000000Z,118078.1,118090.7,118077.9,118089.8,86.748
2025-07-13T12:21:00.000000Z,118089.8,118089.9,118080.8,118081.0,35.236
2025-07-13T12:22:00.000000Z,118080.9,118081.0,118050.3,118050.3,36.683
2025-07-13T12:23:00.000000Z,118050.3,118098.4,118050.3,118098.3,38.557
2025-07-13T12:24:00.000000Z,118098.4,118098.4,118098.3,118098.4,27.935
2025-07-13T12:25:00.000000Z,118098.4,118100.0,118098.3,118100.0,35.283
2025-07-13T12:26:00.000000Z,118099.9,118150.0,118090.8,118118.1,254.594
2025-07-13T12:27:00.000000Z,118118.1,118156.0,118118.0,118151.5,77.801
2025-07-13T12:28:00.000000Z,118151.6,118157.0,118150.5,118157.0,85.979
2025-07-13T12:29:00.000000Z,118156.9,118161.6,118150.6,118150.8,77.542
2025-07-13T12:30:00.000000Z,118150.8,118150.8,118061.0,118074.0,154.26
2025-07-13T12:31:00.000000Z,118074.0,118141.2,118074.0,118109.7,113.524
2025-07-13T12:32:00.000000Z,118109.8,118109.8,118087.6,118103.4,35.042
2025-07-13T12:33:00.000000Z,118103.4,118103.5,118084.3,118096.5,18.917
2025-07-13T12:34:00.000000Z,118096.4,118096.5,118016.8,118083.4,101.516
2025-07-13T12:35:00.000000Z,118083.3,118083.3,118072.6,118083.2,19.726
2025-07-13T12:36:00.000000Z,118083.3,118083.3,118078.0,118078.0,24.766
2025-07-13T12:37:00.000000Z,118078.1,118078.1,118020.9,118021.0,45.747
2025-07-13T12:38:00.000000Z,118020.9,118027.5,118020.9,118027.5,15.585
2025-07-13T12:39:00.000000Z,118027.4,118084.8,118015.5,118069.4,58.924
2025-07-13T12:40:00.000000Z,118069.3,118069.4,118069.3,118069.4,7.766
2025-07-13T12:41:00.000000Z,118069.3,118069.4,118035.7,118035.8,37.511
2025-07-13T12:42:00.000000Z,118035.8,118047.7,118035.7,118047.6,26.437
2025-07-13T12:43:00.000000Z,118047.7,118091.3,118047.6,118087.1,36.737
2025-07-13T12:44:00.000000Z,118087.1,118100.0,118087.0,118099.9,34.43
2025-07-13T12:45:00.000000Z,118099.9,118109.9,118067.7,118067.8,75.79
2025-07-13T12:46:00.000000Z,118067.8,118073.0,118067.7,118072.9,19.374
2025-07-13T12:47:00.000000Z,118072.9,118073.0,118032.0,118059.1,35.12
2025-07-13T12:48:00.000000Z,118059.1,118060.0,118059.1,118059.1,24.418
2025-07-13T12:49:00.000000Z,118059.1,118118.0,118059.1,118111.8,66.407
2025-07-13T12:50:00.000000Z,118111.8,118388.0,118111.8,118201.2,897.337
2025-07-13T12:51:00.000000Z,118201.2,118341.1,118149.9,118308.3,341.993
2025-07-13T12:52:00.000000Z,118308.3,118435.0,118248.0,118380.1,675.87
2025-07-13T12:53:00.000000Z,118380.2,118445.0,118371.2,118401.7,470.765
2025-07-13T12:54:00.000000Z,118401.6,118658.5,118385.1,118473.1,1199.438
2025-07-13T12:55:00.000000Z,118473.1,118496.0,118400.8,118491.4,265.997
2025-07-13T12:56:00.000000Z,118491.3,118491.4,118400.0,118443.8,182.962
2025-07-13T12:57:00.000000Z,118443.9,118451.2,118358.8,118364.7,181.952
2025-07-13T12:58:00.000000Z,118364.8,118414.2,118363.2,118368.3,125.517
2025-07-13T12:59:00.000000Z,118368.3,118382.2,118327.2,118382.1,156.275
2025-07-13T13:00:00.000000Z,118382.1,118415.0,118365.6,118415.0,162.995
2025-07-13T13:01:00.000000Z,118415.0,118436.9,118382.5,118426.3,299.482
2025-07-13T13:02:00.000000Z,118426.4,118552.0,118426.3,118510.2,291.629
2025-07-13T13:03:00.000000Z,118510.2,118510.2,118310.3,118333.5,219.697
2025-07-13T13:04:00.000000Z,118333.5,118333.6,118265.5,118278.7,260.555
2025-07-13T13:05:00.000000Z,118278.8,118278.8,118201.0,118241.9,218.212
2025-07-13T13:06:00.000000Z,118241.9,118319.5,118241.9,118319.5,69.074
2025-07-13T13:07:00.000000Z,118320.0,118329.4,118250.0,118250.0,97.127
2025-07-13T13:08:00.000000Z,118250.0,118291.6,118224.9,118260.2,74.35
2025-07-13T13:09:00.000000Z,118260.2,118306.1,118260.1,118302.2,57.889
2025-07-13T13:10:00.000000Z,118302.3,118353.0,118302.2,118339.4,49.732
2025-07-13T13:11:00.000000Z,118339.4,118339.4,118269.2,118269.3,43.543
2025-07-13T13:12:00.000000Z,118269.2,118269.3,118104.2,118134.6,227.074
2025-07-13T13:13:00.000000Z,118134.7,118164.9,118094.1,118164.9,173.096
2025-07-13T13:14:00.000000Z,118164.9,118222.1,118120.6,118120.8,109.552
2025-07-13T13:15:00.000000Z,118120.8,118215.3,118120.8,118214.9,109.668
2025-07-13T13:16:00.000000Z,118214.9,118215.2,118164.4,118188.9,88.75
2025-07-13T13:17:00.000000Z,118188.9,118210.0,118118.8,118210.0,69.019
2025-07-13T13:18:00.000000Z,118209.9,118243.5,118183.3,118213.0,131.881
2025-07-13T13:19:00.000000Z,118213.0,118213.0,118172.2,118187.0,63.903
2025-07-13T13:20:00.000000Z,118187.0,118247.9,118187.0,118237.9,84.574
2025-07-13T13:21:00.000000Z,118237.9,118249.3,118237.9,118249.2,28.529
2025-07-13T13:22:00.000000Z,118249.3,118272.0,118247.3,118272.0,71.41
2025-07-13T13:23:00.000000Z,118272.0,118293.2,118249.0,118249.0,49.463
2025-07-13T13:24:00.000000Z,118249.0,118284.8,118245.0,118261.7,69.846
2025-07-13T13:25:00.000000Z,118261.6,118270.0,118245.9,118263.0,32.474
2025-07-13T13:26:00.000000Z,118262.9,118263.0,118234.8,118245.9,24.728
2025-07-13T13:27:00.000000Z,118245.9,118246.0,118211.8,118220.1,43.416
2025-07-13T13:28:00.000000Z,118220.0,118286.2,118204.0,118239.4,71.94
2025-07-13T13:29:00.000000Z,118239.4,118280.7,118224.9,118247.4,102.346
2025-07-13T13:30:00.000000Z,118247.4,118305.2,118247.4,118305.2,99.131
2025-07-13T13:31:00.000000Z,118305.1,118331.3,118305.1,118319.6,48.936
2025-07-13T13:32:00.000000Z,118319.5,118360.0,118319.5,118343.7,113.755
2025-07-13T13:33:00.000000Z,118343.7,118418.0,118343.7,118418.0,112.556
2025-07-13T13:34:00.000000Z,118417.9,118496.8,118417.9,118486.5,160.284
2025-07-13T13:35:00.000000Z,118486.5,118560.0,118458.8,118475.0,252.902
2025-07-13T13:36:00.000000Z,118475.0,118500.0,118442.6,118464.9,82.521
2025-07-13T13:37:00.000000Z,118464.9,118465.0,118347.7,118413.6,100.179
2025-07-13T13:38:00.000000Z,118413.6,118448.8,118382.4,118441.8,82.433
2025-07-13T13:39:00.000000Z,118441.8,118530.6,118426.2,118528.3,111.567
2025-07-13T13:40:00.000000Z,118528.4,118548.2,118471.4,118484.5,112.455
2025-07-13T13:41:00.000000Z,118484.6,118620.0,118475.1,118525.4,420.349
2025-07-13T13:42:00.000000Z,118525.4,118545.5,118485.0,118545.5,129.766
2025-07-13T13:43:00.000000Z,118545.4,118591.9,118535.9,118542.0,200.701
2025-07-13T13:44:00.000000Z,118542.0,118555.3,118535.0,118549.9,75.822
2025-07-13T13:45:00.000000Z,118549.9,118550.0,118495.8,118495.8,75.9
2025-07-13T13:46:00.000000Z,118495.8,118608.6,118495.8,118598.0,103.107
2025-07-13T13:47:00.000000Z,118598.0,118722.2,118597.9,118708.0,507.16
2025-07-13T13:48:00.000000Z,118708.1,118708.1,118607.0,118641.8,228.301
2025-07-13T13:49:00.000000Z,118641.9,118709.5,118600.5,118709.5,201.204
2025-07-13T13:50:00.000000Z,118709.4,118709.4,118650.0,118682.9,122.873
2025-07-13T13:51:00.000000Z,118682.8,118682.9,118601.8,118626.1,71.607
2025-07-13T13:52:00.000000Z,118626.0,118630.8,118532.0,118532.0,86.113
2025-07-13T13:53:00.000000Z,118532.1,118554.9,118418.5,118475.0,208.305
2025-07-13T13:54:00.000000Z,118475.1,118512.6,118461.5,118494.3,91.788
2025-07-13T13:55:00.000000Z,118494.2,118555.6,118494.2,118541.3,105.789
2025-07-13T13:56:00.000000Z,118541.3,118593.0,118541.2,118585.1,88.404
2025-07-13T13:57:00.000000Z,118585.0,118585.1,118544.7,118555.0,60.706
2025-07-13T13:58:00.000000Z,118555.0,118579.7,118555.0,118569.8,42.511
2025-07-13T13:59:00.000000Z,118569.7,118569.9,118550.0,118550.0,45.625
2025-07-13T14:00:00.000000Z,118550.0,118603.1,118550.0,118590.4,109.081
2025-07-13T14:01:00.000000Z,118590.5,118590.5,118445.2,118490.0,139.938
2025-07-13T14:02:00.000000Z,118490.0,118490.0,118404.6,118448.4,128.057
2025-07-13T14:03:00.000000Z,118448.3,118496.1,118448.3,118496.1,45.076
2025-07-13T14:04:00.000000Z,118496.1,118496.1,118427.4,118427.5,57.195
2025-07-13T14:05:00.000000Z,118427.5,118459.6,118427.4,118440.0,77.746
2025-07-13T14:06:00.000000Z,118440.0,118546.9,118439.0,118546.9,56.619
2025-07-13T14:07:00.000000Z,118546.9,118556.2,118508.2,118510.6,58.655
2025-07-13T14:08:00.000000Z,118510.0,118510.0,118453.9,118494.7,49.717
2025-07-13T14:09:00.000000Z,118494.7,118535.8,118494.6,118517.0,72.787
2025-07-13T14:10:00.000000Z,118517.0,118523.6,118455.8,118522.3,149.615
2025-07-13T14:11:00.000000Z,118522.2,118546.7,118513.3,118528.6,45.595
2025-07-13T14:12:00.000000Z,118528.7,118538.6,118507.4,118523.3,51.857
2025-07-13T14:13:00.000000Z,118523.3,118559.6,118523.2,118559.6,56.362
2025-07-13T14:14:00.000000Z,118559.6,118609.0,118545.4,118575.1,84.561
2025-07-13T14:15:00.000000Z,118575.1,118626.1,118575.1,118626.1,126.964
2025-07-13T14:16:00.000000Z,118626.1,118665.7,118610.2,118665.7,174.908
2025-07-13T14:17:00.000000Z,118665.7,118749.6,118658.0,118661.8,282.426
2025-07-13T14:18:00.000000Z,118661.7,119655.0,118661.7,118951.0,4309.083
2025-07-13T14:19:00.000000Z,118951.0,119267.1,118913.7,119230.5,1243.274
2025-07-13T14:20:00.000000Z,119231.5,119342.5,119159.1,119235.7,1275.921
2025-07-13T14:21:00.000000Z,119235.7,119235.8,119000.0,119197.0,633.492
2025-07-13T14:22:00.000000Z,119197.0,119262.3,118926.9,118927.8,603.962
2025-07-13T14:23:00.000000Z,118927.8,119077.0,118915.4,119053.6,525.807
2025-07-13T14:24:00.000000Z,119053.5,119276.6,119053.5,119153.4,555.735
2025-07-13T14:25:00.000000Z,119153.5,119159.3,118993.6,119086.8,454.402
2025-07-13T14:26:00.000000Z,119086.8,119117.2,118965.9,119019.3,226.071
2025-07-13T14:27:00.000000Z,119019.4,119058.7,118991.8,119026.2,136.949
2025-07-13T14:28:00.000000Z,119026.2,119091.2,119002.3,119041.8,128.701
2025-07-13T14:29:00.000000Z,119041.8,119121.7,119000.0,119120.1,177.5
2025-07-13T14:30:00.000000Z,119120.0,119137.1,119007.0,119043.8,276.288
2025-07-13T14:31:00.000000Z,119043.7,119050.0,119007.3,119007.3,150.929
2025-07-13T14:32:00.000000Z,119007.4,119013.2,118900.2,118990.3,240.147
2025-07-13T14:33:00.000000Z,118990.4,119013.2,118902.9,118982.6,151.436
2025-07-13T14:34:00.000000Z,118982.6,119032.2,118976.9,118977.0,94.95
2025-07-13T14:35:00.000000Z,118977.0,118977.0,118903.6,118942.7,169.25
2025-07-13T14:36:00.000000Z,118942.6,118942.8,118900.0,118933.5,123.586
2025-07-13T14:37:00.000000Z,118933.6,118941.3,118920.2,118934.9,63.929
2025-07-13T14:38:00.000000Z,118934.9,118935.0,118815.3,118815.4,282.191
2025-07-13T14:39:00.000000Z,118815.4,118836.2,118796.5,118796.5,146.385
2025-07-13T14:40:00.000000Z,118796.5,118885.1,118751.9,118881.6,293.902
2025-07-13T14:41:00.000000Z,118883.1,118970.6,118883.1,118940.1,163.495
2025-07-13T14:42:00.000000Z,118940.0,118950.0,118858.7,118897.0,95.141
2025-07-13T14:43:00.000000Z,118896.9,118897.0,118787.4,118787.4,375.073
2025-07-13T14:44:00.000000Z,118787.5,118787.5,118672.0,118700.0,557.412
2025-07-13T14:45:00.000000Z,118699.9,118788.0,118699.9,118787.6,144.913
2025-07-13T14:46:00.000000Z,118787.7,118822.6,118720.3,118739.3,151.589
2025-07-13T14:47:00.000000Z,118739.3,118747.5,118533.1,118535.7,640.939
2025-07-13T14:48:00.000000Z,118535.4,118567.5,118392.3,118553.7,758.893
2025-07-13T14:49:00.000000Z,118553.7,118554.0,118486.8,118521.0,188.899
2025-07-13T14:50:00.000000Z,118520.1,118520.1,118300.0,118411.9,572.731
2025-07-13T14:51:00.000000Z,118411.8,118530.3,118411.8,118446.0,219.269
2025-07-13T14:52:00.000000Z,118445.9,118510.0,118426.9,118466.7,177.471
2025-07-13T14:53:00.000000Z,118466.8,118560.0,118447.9,118560.0,139.433
2025-07-13T14:54:00.000000Z,118560.0,118648.6,118554.1,118638.7,175.73
2025-07-13T14:55:00.000000Z,118638.6,118648.0,118589.1,118612.8,70.276
2025-07-13T14:56:00.000000Z,118612.7,118680.0,118612.7,118680.0,72.18
2025-07-13T14:57:00.000000Z,118680.0,118680.0,118650.7,118661.8,91.033
2025-07-13T14:58:00.000000Z,118661.9,118684.4,118661.8,118678.4,44.232
2025-07-13T14:59:00.000000Z,118678.4,118715.9,118678.4,118713.3,89.652
2025-07-13T15:00:00.000000Z,118713.3,118800.0,118713.2,118736.9,156.287
2025-07-13T15:01:00.000000Z,118736.9,118800.1,118736.9,118751.4,85.264
2025-07-13T15:02:00.000000Z,118751.4,118800.0,118736.9,118793.8,179.764
2025-07-13T15:03:00.000000Z,118793.8,118818.1,118767.0,118802.6,98.238
2025-07-13T15:04:00.000000Z,118802.5,118802.6,118710.0,118710.0,106.884
2025-07-13T15:05:00.000000Z,118710.0,118728.4,118603.5,118728.4,201.117
2025-07-13T15:06:00.000000Z,118728.4,118784.1,118728.3,118749.3,49.141
2025-07-13T15:07:00.000000Z,118749.4,118800.0,118749.3,118796.8,58.875
2025-07-13T15:08:00.000000Z,118796.8,118937.4,118796.7,118937.4,160.304
2025-07-13T15:09:00.000000Z,118937.4,119079.0,118903.3,119004.8,592.162
2025-07-13T15:10:00.000000Z,119004.7,119004.8,118904.0,118944.4,172.052
2025-07-13T15:11:00.000000Z,118944.5,118999.0,118944.4,118979.9,65.072
2025-07-13T15:12:00.000000Z,118979.9,118980.0,118855.7,118909.9,313.552
2025-07-13T15:13:00.000000Z,118910.0,118976.1,118909.9,118928.3,101.738
2025-07-13T15:14:00.000000Z,118928.4,118975.3,118900.0,118938.3,107.427
2025-07-13T15:15:00.000000Z,118938.3,118944.6,118905.0,118916.9,74.943
2025-07-13T15:16:00.000000Z,118916.9,118961.6,118916.9,118960.7,90.227
2025-07-13T15:17:00.000000Z,118960.7,118960.8,118886.9,118931.5,65.778
2025-07-13T15:18:00.000000Z,118931.4,118959.3,118931.4,118953.7,65.47
2025-07-13T15:19:00.000000Z,118953.7,118960.0,118922.5,118952.4,69.505
2025-07-13T15:20:00.000000Z,118952.4,118960.8,118930.0,118952.8,109.628
2025-07-13T15:21:00.000000Z,118952.8,118958.0,118907.3,118907.4,37.031
2025-07-13T15:22:00.000000Z,118907.3,118907.4,118855.7,118903.8,67.484
2025-07-13T15:23:00.000000Z,118903.8,118903.8,118810.2,118817.4,90.519
2025-07-13T15:24:00.000000Z,118817.4,118846.7,118817.4,118843.1,46.489
2025-07-13T15:25:00.000000Z,118843.2,118843.2,118762.0,118803.9,108.92
2025-07-13T15:26:00.000000Z,118803.8,118894.0,118803.3,118888.7,36.411
2025-07-13T15:27:00.000000Z,118888.6,118888.6,118835.8,118848.5,39.6
2025-07-13T15:28:00.000000Z,118848.5,118871.7,118848.5,118868.0,34.385
2025-07-13T15:29:00.000000Z,118867.9,118875.4,118842.6,118842.6,20.577
2025-07-13T15:30:00.000000Z,118842.5,118842.5,118766.0,118776.3,37.843
2025-07-13T15:31:00.000000Z,118776.3,118776.4,118750.4,118776.0,51.241
2025-07-13T15:32:00.000000Z,118776.0,118777.4,118733.7,118734.0,40.885
2025-07-13T15:33:00.000000Z,118734.0,118734.0,118653.5,118680.4,122.439
2025-07-13T15:34:00.000000Z,118680.4,118690.0,118615.4,118621.3,93.151
2025-07-13T15:35:00.000000Z,118621.2,118688.6,118621.2,118653.8,288.411
2025-07-13T15:36:00.000000Z,118653.8,118714.5,118653.8,118689.2,70.501
2025-07-13T15:37:00.000000Z,118689.1,118732.0,118636.3,118653.2,77.397
2025-07-13T15:38:00.000000Z,118653.2,118653.3,118530.3,118544.4,142.614
2025-07-13T15:39:00.000000Z,118544.4,118609.7,118530.0,118609.7,92.199
2025-07-13T15:40:00.000000Z,118609.6,118619.1,118571.9,118571.9,29.004
2025-07-13T15:41:00.000000Z,118572.0,118601.5,118555.0,118601.4,43.051
2025-07-13T15:42:00.000000Z,118601.5,118653.5,118601.4,118637.0,47.725
2025-07-13T15:43:00.000000Z,118636.9,118637.0,118488.0,118488.0,177.966
2025-07-13T15:44:00.000000Z,118488.0,118549.0,118488.0,118533.4,71.034
2025-07-13T15:45:00.000000Z,118532.8,118532.9,118506.9,118506.9,65.325
2025-07-13T15:46:00.000000Z,118506.9,118561.6,118472.3,118544.4,119.913
2025-07-13T15:47:00.000000Z,118544.3,118608.2,118544.3,118590.8,68.345
2025-07-13T15:48:00.000000Z,118590.7,118590.8,118559.3,118583.9,60.249
2025-07-13T15:49:00.000000Z,118583.9,118599.0,118583.8,118599.0,17.835
2025-07-13T15:50:00.000000Z,118599.0,118643.7,118598.9,118627.2,62.459
2025-07-13T15:51:00.000000Z,118627.2,118673.1,118627.1,118667.8,38.171
2025-07-13T15:52:00.000000Z,118667.8,118724.0,118626.3,118626.3,95.244
2025-07-13T15:53:00.000000Z,118626.3,118626.4,118626.3,118626.4,28.95
2025-07-13T15:54:00.000000Z,118626.4,118678.4,118626.3,118678.0,58.766
2025-07-13T15:55:00.000000Z,118678.0,118678.0,118600.0,118621.3,91.22
2025-07-13T15:56:00.000000Z,118621.3,118657.8,118621.3,118657.8,25.292
2025-07-13T15:57:00.000000Z,118657.7,118678.1,118650.0,118666.5,53.656
2025-07-13T15:58:00.000000Z,118666.4,118666.5,118648.0,118648.0,8.956
2025-07-13T15:59:00.000000Z,118648.0,118648.1,118610.6,118610.6,48.43
2025-07-13T16:00:00.000000Z,118610.6,118645.8,118610.6,118639.3,145.09
2025-07-13T16:01:00.000000Z,118639.3,118639.3,118592.9,118592.9,40.097
2025-07-13T16:02:00.000000Z,118592.9,118634.1,118581.6,118602.1,61.858
2025-07-13T16:03:00.000000Z,118602.1,118624.8,118596.9,118624.7,25.719
2025-07-13T16:04:00.000000Z,118624.8,118721.9,118624.7,118721.8,41.41
2025-07-13T16:05:00.000000Z,118721.9,118721.9,118685.5,118713.0,58.807
2025-07-13T16:06:00.000000Z,118713.1,118830.0,118713.0,118815.1,136.489
2025-07-13T16:07:00.000000Z,118815.1,118837.5,118735.0,118788.0,240.84
2025-07-13T16:08:00.000000Z,118788.0,118814.6,118787.9,118814.2,39.118
2025-07-13T16:09:00.000000Z,118814.1,118830.0,118800.0,118816.6,44.147
2025-07-13T16:10:00.000000Z,118816.6,118828.5,118794.1,118804.3,38.198
2025-07-13T16:11:00.000000Z,118804.2,118809.9,118787.8,118787.8,46.746
2025-07-13T16:12:00.000000Z,118787.8,118787.8,118687.9,118699.0,84.101
2025-07-13T16:13:00.000000Z,118699.1,118733.1,118699.1,118708.3,39.978
2025-07-13T16:14:00.000000Z,118708.3,118723.0,118708.2,118719.7,32.325
2025-07-13T16:15:00.000000Z,118719.7,118778.0,118719.7,118778.0,141.113
2025-07-13T16:16:00.000000Z,118777.9,118836.5,118720.8,118735.1,123.101
2025-07-13T16:17:00.000000Z,118735.0,118738.4,118681.4,118718.7,85.483
2025-07-13T16:18:00.000000Z,118718.7,118887.3,118712.0,118887.2,78.871
2025-07-13T16:19:00.000000Z,118887.2,118888.0,118800.0,118800.1,72.999
2025-07-13T16:20:00.000000Z,118800.0,118836.1,118794.1,118824.2,106.327
2025-07-13T16:21:00.000000Z,118824.1,118911.2,118824.1,118908.1,83.141
2025-07-13T16:22:00.000000Z,118908.0,118943.3,118851.0,118885.0,327.769
2025-07-13T16:23:00.000000Z,118884.9,118885.0,118842.2,118846.7,24.728
2025-07-13T16:24:00.000000Z,118846.7,118855.5,118777.0,118777.0,120.755
2025-07-13T16:25:00.000000Z,118777.0,118829.0,118777.0,118829.0,39.226
2025-07-13T16:26:00.000000Z,118828.9,118852.6,118806.0,118806.0,29.589
2025-07-13T16:27:00.000000Z,118806.0,118828.2,118806.0,118811.7,38.918
2025-07-13T16:28:00.000000Z,118811.7,118811.7,118778.0,118803.0,92.099
2025-07-13T16:29:00.000000Z,118802.9,118803.0,118765.0,118765.0,15.738
2025-07-13T16:30:00.000000Z,118765.0,118765.0,118663.4,118681.5,77.012
2025-07-13T16:31:00.000000Z,118681.5,118710.0,118681.4,118687.7,41.694
2025-07-13T16:32:00.000000Z,118687.6,118687.7,118639.0,118675.7,45.497
2025-07-13T16:33:00.000000Z,118675.7,118707.3,118666.5,118689.7,63.362
2025-07-13T16:34:00.000000Z,118689.6,118739.0,118689.6,118739.0,17.823
2025-07-13T16:35:00.000000Z,118738.9,118751.8,118700.8,118751.8,32.384
2025-07-13T16:36:00.000000Z,118751.8,118759.8,118702.6,118759.7,21.177
2025-07-13T16:37:00.000000Z,118759.8,118793.4,118759.8,118793.4,31.064
2025-07-13T16:38:00.000000Z,118793.4,118815.0,118759.0,118814.9,26.43
2025-07-13T16:39:00.000000Z,118815.0,118829.7,118783.6,118786.8,40.249
2025-07-13T16:40:00.000000Z,118786.7,118786.8,118760.3,118760.4,14.399
2025-07-13T16:41:00.000000Z,118760.3,118772.8,118713.0,118772.8,47.353
2025-07-13T16:42:00.000000Z,118772.8,118774.5,118751.1,118751.1,28.155
2025-07-13T16:43:00.000000Z,118751.2,118790.0,118751.1,118790.0,23.882
2025-07-13T16:44:00.000000Z,118790.0,118794.7,118782.9,118794.6,18.632
2025-07-13T16:45:00.000000Z,118794.6,118796.8,118742.9,118796.8,36.582
2025-07-13T16:46:00.000000Z,118796.8,118817.8,118766.7,118780.0,38.758
2025-07-13T16:47:00.000000Z,118780.0,118780.0,118750.0,118760.0,13.41
2025-07-13T16:48:00.000000Z,118760.0,118785.1,118759.9,118770.1,20.31
2025-07-13T16:49:00.000000Z,118770.0,118778.8,118696.1,118709.9,64.794
2025-07-13T16:50:00.000000Z,118709.9,118709.9,118650.0,118683.3,89.576
2025-07-13T16:51:00.000000Z,118683.4,118708.3,118540.6,118540.6,275.3
2025-07-13T16:52:00.000000Z,118540.6,118540.7,118457.8,118469.1,231.14
2025-07-13T16:53:00.000000Z,118469.1,118551.6,118464.0,118498.2,96.242
2025-07-13T16:54:00.000000Z,118498.1,118533.6,118498.1,118533.6,38.548
2025-07-13T16:55:00.000000Z,118533.6,118578.0,118514.5,118571.2,50.87
2025-07-13T16:56:00.000000Z,118571.1,118596.4,118560.0,118570.5,46.055
2025-07-13T16:57:00.000000Z,118570.6,118587.0,118566.4,118566.4,19.467
2025-07-13T16:58:00.000000Z,118566.5,118570.0,118500.0,118500.1,49.982
2025-07-13T16:59:00.000000Z,118500.0,118501.3,118460.0,118466.1,92.368
2025-07-13T17:00:00.000000Z,118466.0,118466.1,118390.6,118390.7,118.06
2025-07-13T17:01:00.000000Z,118390.6,118422.4,118369.9,118422.3,133.476
2025-07-13T17:02:00.000000Z,118422.3,118455.9,118392.3,118449.8,85.801
2025-07-13T17:03:00.000000Z,118449.8,118449.9,118388.1,118388.1,48.288
2025-07-13T17:04:00.000000Z,118388.0,118400.2,118381.8,118396.3,93.316
2025-07-13T17:05:00.000000Z,118396.2,118396.2,118377.2,118377.3,110.686
2025-07-13T17:06:00.000000Z,118377.3,118384.8,118377.3,118384.7,38.942
2025-07-13T17:07:00.000000Z,118384.8,118384.8,118325.4,118339.8,107.757
2025-07-13T17:08:00.000000Z,118339.8,118499.5,118339.8,118499.5,217.15
2025-07-13T17:09:00.000000Z,118499.5,118594.7,118495.7,118573.8,277.203
2025-07-13T17:10:00.000000Z,118573.7,118595.6,118556.0,118585.4,71.358
2025-07-13T17:11:00.000000Z,118585.4,118609.4,118585.2,118603.4,47.983
2025-07-13T17:12:00.000000Z,118603.4,118603.4,118563.6,118583.9,39.151
2025-07-13T17:13:00.000000Z,118583.9,118583.9,118555.0,118567.0,31.333
2025-07-13T17:14:00.000000Z,118567.0,118567.0,118558.6,118565.5,24.675
2025-07-13T17:15:00.000000Z,118565.5,118616.5,118565.5,118566.1,75.649
2025-07-13T17:16:00.000000Z,118566.0,118595.5,118566.0,118584.6,56.674
2025-07-13T17:17:00.000000Z,118584.5,118584.6,118501.1,118548.3,67.962
2025-07-13T17:18:00.000000Z,118548.3,118548.3,118512.9,118548.2,28.662
2025-07-13T17:19:00.000000Z,118548.2,118548.3,118513.3,118544.3,12.19
2025-07-13T17:20:00.000000Z,118544.3,118595.5,118531.0,118584.1,96.069
2025-07-13T17:21:00.000000Z,118584.0,118606.5,118584.0,118601.0,44.407
2025-07-13T17:22:00.000000Z,118600.9,118633.0,118595.2,118630.4,33.355
2025-07-13T17:23:00.000000Z,118630.4,118630.9,118601.4,118601.4,16.074
2025-07-13T17:24:00.000000Z,118601.5,118601.5,118601.4,118601.4,10.471
2025-07-13T17:25:00.000000Z,118601.4,118624.7,118601.4,118607.8,23.891
2025-07-13T17:26:00.000000Z,118607.9,118625.2,118607.8,118625.1,8.811
2025-07-13T17:27:00.000000Z,118625.1,118666.0,118625.1,118666.0,31.13
2025-07-13T17:28:00.000000Z,118666.0,118681.3,118606.2,118609.8,73.865
2025-07-13T17:29:00.000000Z,118609.8,118615.0,118602.7,118607.9,24.823
2025-07-13T17:30:00.000000Z,118607.9,118679.3,118607.9,118642.6,35.713
2025-07-13T17:31:00.000000Z,118642.6,118649.9,118626.9,118642.9,19.454
2025-07-13T17:32:00.000000Z,118642.8,118697.7,118642.8,118696.9,47.71
2025-07-13T17:33:00.000000Z,118696.9,118712.3,118676.8,118676.9,54.249
2025-07-13T17:34:00.000000Z,118676.9,118704.5,118676.8,118698.8,12.343
2025-07-13T17:35:00.000000Z,118698.8,118704.5,118691.3,118697.8,18.202
2025-07-13T17:36:00.000000Z,118697.7,118725.6,118697.7,118725.5,33.811
2025-07-13T17:37:00.000000Z,118725.5,118725.5,118707.3,118707.4,31.093
2025-07-13T17:38:00.000000Z,118707.3,118707.3,118677.9,118703.2,35.869
2025-07-13T17:39:00.000000Z,118703.2,118709.8,118703.2,118703.2,9.156
2025-07-13T17:40:00.000000Z,118703.2,118703.3,118703.2,118703.3,9.742
2025-07-13T17:41:00.000000Z,118703.3,118708.6,118703.2,118708.5,8.518
2025-07-13T17:42:00.000000Z,118708.5,118708.6,118703.2,118703.3,13.65
2025-07-13T17:43:00.000000Z,118703.3,118703.3,118703.2,118703.2,17.255
2025-07-13T17:44:00.000000Z,118703.3,118703.3,118690.8,118690.9,13.046
2025-07-13T17:45:00.000000Z,118690.9,118701.4,118690.9,118701.3,13.421
2025-07-13T17:46:00.000000Z,118701.3,118703.3,118701.3,118703.3,9.273
2025-07-13T17:47:00.000000Z,118703.3,118722.2,118703.2,118715.7,34.38
2025-07-13T17:48:00.000000Z,118715.7,118728.0,118709.0,118710.4,46.811
2025-07-13T17:49:00.000000Z,118710.5,118710.5,118699.5,118699.6,23.637
2025-07-13T17:50:00.000000Z,118699.5,118719.6,118679.1,118719.6,64.196
2025-07-13T17:51:00.000000Z,118719.6,118749.9,118719.5,118749.8,37.673
2025-07-13T17:52:00.000000Z,118749.8,118795.3,118749.8,118780.9,46.893
2025-07-13T17:53:00.000000Z,118781.0,118792.4,118760.2,118760.2,26.054
2025-07-13T17:54:00.000000Z,118760.2,118760.3,118662.3,118683.2,142.678
2025-07-13T17:55:00.000000Z,118683.2,118726.5,118683.2,118726.5,70.358
2025-07-13T17:56:00.000000Z,118726.5,118753.6,118707.9,118707.9,19.868
2025-07-13T17:57:00.000000Z,118707.9,118723.2,118627.3,118635.8,81.963
2025-07-13T17:58:00.000000Z,118636.2,118646.1,118612.6,118646.1,42.004
2025-07-13T17:59:00.000000Z,118646.1,118646.1,118618.1,118640.4,25.079
2025-07-13T18:00:00.000000Z,118640.3,118704.9,118640.3,118663.5,59.672
2025-07-13T18:01:00.000000Z,118663.6,118670.0,118566.9,118667.7,115.936
2025-07-13T18:02:00.000000Z,118667.7,118719.4,118667.7,118697.9,67.194
2025-07-13T18:03:00.000000Z,118697.9,118766.6,118697.8,118766.5,24.912
2025-07-13T18:04:00.000000Z,118766.5,118766.6,118588.7,118588.7,94.614
2025-07-13T18:05:00.000000Z,118588.7,118588.8,118524.0,118580.1,60.594
2025-07-13T18:06:00.000000Z,118575.7,118624.0,118575.7,118620.7,24.175
2025-07-13T18:07:00.000000Z,118620.7,118699.3,118598.0,118683.5,41.831
2025-07-13T18:08:00.000000Z,118683.4,118683.5,118637.4,118665.9,23.0
2025-07-13T18:09:00.000000Z,118665.9,118666.0,118628.1,118642.9,23.307
2025-07-13T18:10:00.000000Z,118642.5,118687.3,118641.3,118687.2,21.72
2025-07-13T18:11:00.000000Z,118687.2,118709.7,118673.5,118709.7,16.542
2025-07-13T18:12:00.000000Z,118709.7,118736.6,118690.5,118690.6,43.68
2025-07-13T18:13:00.000000Z,118690.5,118705.0,118688.0,118705.0,13.513
2025-07-13T18:14:00.000000Z,118705.3,118725.7,118702.9,118725.6,8.63
2025-07-13T18:15:00.000000Z,118725.6,118725.7,118704.0,118704.0,21.399
2025-07-13T18:16:00.000000Z,118704.1,118766.6,118704.0,118759.7,45.543
2025-07-13T18:17:00.000000Z,118759.8,118759.8,118714.5,118737.8,13.08
2025-07-13T18:18:00.000000Z,118737.7,118757.3,118737.7,118756.5,17.59
2025-07-13T18:19:00.000000Z,118756.6,118756.6,118749.8,118751.0,12.598
2025-07-13T18:20:00.000000Z,118751.0,118823.6,118751.0,118823.6,58.934
2025-07-13T18:21:00.000000Z,118823.5,118862.1,118823.5,118862.1,57.531
2025-07-13T18:22:00.000000Z,118862.1,118881.6,118834.6,118881.6,61.79
2025-07-13T18:23:00.000000Z,118881.6,118915.0,118881.0,118909.0,63.305
2025-07-13T18:24:00.000000Z,118908.9,118942.5,118900.0,118900.0,71.367
2025-07-13T18:25:00.000000Z,118900.0,118936.5,118900.0,118936.4,47.317
2025-07-13T18:26:00.000000Z,118936.4,119018.0,118867.6,118879.3,377.522
2025-07-13T18:27:00.000000Z,118879.4,118955.6,118879.4,118955.5,37.463
2025-07-13T18:28:00.000000Z,118955.5,118988.5,118955.5,118977.2,88.665
2025-07-13T18:29:00.000000Z,118977.3,118977.3,118955.5,118977.1,44.861
2025-07-13T18:30:00.000000Z,118977.1,118977.1,118915.9,118954.9,59.002
2025-07-13T18:31:00.000000Z,118954.8,118963.9,118950.0,118950.0,25.063
2025-07-13T18:32:00.000000Z,118950.1,118950.1,118888.0,118888.1,121.954
2025-07-13T18:33:00.000000Z,118888.2,118926.3,118882.4,118926.3,90.539
2025-07-13T18:34:00.000000Z,118926.3,118954.9,118926.2,118954.8,23.618
2025-07-13T18:35:00.000000Z,118954.8,118959.4,118882.0,118882.0,39.868
2025-07-13T18:36:00.000000Z,118882.1,118935.7,118882.0,118932.8,19.439
2025-07-13T18:37:00.000000Z,118932.8,118943.4,118914.1,118936.4,42.592
2025-07-13T18:38:00.000000Z,118936.5,118936.5,118867.3,118908.7,30.106
2025-07-13T18:39:00.000000Z,118908.6,118912.1,118884.3,118884.3,23.42
2025-07-13T18:40:00.000000Z,118884.3,118884.3,118807.3,118820.9,73.171
2025-07-13T18:41:00.000000Z,118820.8,118836.5,118820.8,118831.6,20.363
2025-07-13T18:42:00.000000Z,118831.7,118850.0,118831.6,118838.0,15.744
2025-07-13T18:43:00.000000Z,118837.9,118850.7,118837.9,118850.7,15.083
2025-07-13T18:44:00.000000Z,118850.6,118850.7,118840.3,118840.3,29.143
2025-07-13T18:45:00.000000Z,118840.3,118840.4,118840.3,118840.3,6.159
2025-07-13T18:46:00.000000Z,118840.3,118840.4,118762.3,118764.0,40.582
2025-07-13T18:47:00.000000Z,118764.0,118772.9,118764.0,118772.8,18.605
2025-07-13T18:48:00.000000Z,118772.8,118806.1,118772.8,118801.9,34.016
2025-07-13T18:49:00.000000Z,118801.9,118847.9,118801.9,118847.8,6.688
2025-07-13T18:50:00.000000Z,118847.8,118908.6,118837.0,118908.6,36.394
2025-07-13T18:51:00.000000Z,118908.6,118987.7,118896.0,118985.6,107.034
2025-07-13T18:52:00.000000Z,118985.7,118985.7,118946.5,118946.6,24.903
2025-07-13T18:53:00.000000Z,118946.5,118961.7,118939.9,118946.5,28.479
2025-07-13T18:54:00.000000Z,118946.5,118946.6,118882.8,118901.1,32.242
2025-07-13T18:55:00.000000Z,118901.2,118909.1,118878.9,118909.1,14.712
2025-07-13T18:56:00.000000Z,118909.1,118940.7,118909.0,118940.6,9.941
2025-07-13T18:57:00.000000Z,118940.6,118940.6,118927.1,118939.0,17.057
2025-07-13T18:58:00.000000Z,118939.1,118959.2,118939.0,118959.1,18.262
2025-07-13T18:59:00.000000Z,118959.1,118959.2,118940.1,118940.1,13.779
2025-07-13T19:00:00.000000Z,118940.2,118974.0,118940.1,118964.9,42.715
2025-07-13T19:01:00.000000Z,118965.0,118971.9,118943.3,118943.3,32.103
2025-07-13T19:02:00.000000Z,118943.3,118971.4,118913.1,118971.4,35.368
2025-07-13T19:03:00.000000Z,118971.3,118971.4,118965.0,118965.0,16.911
2025-07-13T19:04:00.000000Z,118965.0,118991.9,118965.0,118985.3,23.815
2025-07-13T19:05:00.000000Z,118985.3,118985.4,118985.2,118985.2,25.682
2025-07-13T19:06:00.000000Z,118985.2,118985.3,118979.2,118979.4,16.433
2025-07-13T19:07:00.000000Z,118979.4,118979.4,118930.0,118930.1,26.8
2025-07-13T19:08:00.000000Z,118930.1,118930.1,118905.2,118905.3,15.394
2025-07-13T19:09:00.000000Z,118905.3,119048.0,118902.4,119047.9,110.077
2025-07-13T19:10:00.000000Z,119048.0,119048.0,118975.5,119002.7,82.4
2025-07-13T19:11:00.000000Z,119002.6,119002.7,118993.7,119002.4,19.792
2025-07-13T19:12:00.000000Z,119002.4,119002.4,119002.3,119002.3,13.527
2025-07-13T19:13:00.000000Z,119002.4,119016.0,119002.3,119013.6,62.211
2025-07-13T19:14:00.000000Z,119013.4,119022.0,119000.0,119022.0,62.429
2025-07-13T19:15:00.000000Z,119022.0,119078.5,119003.7,119003.8,93.914
2025-07-13T19:16:00.000000Z,119003.9,119019.0,118990.0,119018.9,31.059
2025-07-13T19:17:00.000000Z,119019.0,119025.9,118994.9,118995.1,47.371
2025-07-13T19:18:00.000000Z,118995.1,119050.0,118995.1,119050.0,25.658
2025-07-13T19:19:00.000000Z,119049.9,119049.9,119040.0,119040.0,22.759
2025-07-13T19:20:00.000000Z,119040.0,119040.1,119014.5,119027.9,20.279
2025-07-13T19:21:00.000000Z,119028.0,119050.0,119027.9,119050.0,26.167
2025-07-13T19:22:00.000000Z,119050.0,119058.0,119045.2,119058.0,26.177
2025-07-13T19:23:00.000000Z,119058.0,119100.0,119057.9,119100.0,92.188
2025-07-13T19:24:00.000000Z,119100.0,119166.2,119082.7,119140.3,204.987
2025-07-13T19:25:00.000000Z,119140.2,119234.0,119108.7,119232.5,280.034
2025-07-13T19:26:00.000000Z,119232.5,119235.5,119163.8,119216.4,141.865
2025-07-13T19:27:00.000000Z,119216.4,119283.4,119171.1,119222.7,332.947
2025-07-13T19:28:00.000000Z,119222.7,119278.4,119222.7,119240.4,95.273
2025-07-13T19:29:00.000000Z,119240.4,119240.5,119200.1,119204.2,42.246
2025-07-13T19:30:00.000000Z,119204.1,119341.5,119204.1,119335.7,240.643
2025-07-13T19:31:00.000000Z,119335.7,119340.7,119307.8,119307.9,70.717
2025-07-13T19:32:00.000000Z,119307.9,119454.9,119307.8,119376.5,480.796
2025-07-13T19:33:00.000000Z,119376.4,119376.4,119317.7,119354.1,161.855
2025-07-13T19:34:00.000000Z,119354.1,119354.2,119123.2,119124.8,207.742
2025-07-13T19:35:00.000000Z,119124.8,119198.0,119056.6,119194.8,171.286
2025-07-13T19:36:00.000000Z,119194.9,119257.9,119188.9,119257.8,59.364
2025-07-13T19:37:00.000000Z,119257.9,119311.5,119147.9,119147.9,136.158
2025-07-13T19:38:00.000000Z,119147.9,119151.6,119082.3,119107.2,121.986
2025-07-13T19:39:00.000000Z,119107.1,119138.7,119082.5,119082.5,28.53
2025-07-13T19:40:00.000000Z,119082.5,119087.6,119019.4,119084.1,87.731
2025-07-13T19:41:00.000000Z,119084.1,119098.1,119019.3,119025.0,68.575
2025-07-13T19:42:00.000000Z,119025.0,119054.9,118984.3,119039.9,68.732
2025-07-13T19:43:00.000000Z,119040.0,119040.0,118956.9,119014.8,91.514
2025-07-13T19:44:00.000000Z,119014.7,119034.0,119010.0,119033.9,40.314
2025-07-13T19:45:00.000000Z,119033.9,119066.3,119014.4,119014.4,33.688
2025-07-13T19:46:00.000000Z,119014.4,119020.1,118980.4,119020.1,59.019
2025-07-13T19:47:00.000000Z,119020.1,119037.0,119000.2,119029.1,31.337
2025-07-13T19:48:00.000000Z,119029.2,119047.3,119023.1,119047.2,21.165
2025-07-13T19:49:00.000000Z,119047.2,119127.2,119000.3,119112.2,161.137
2025-07-13T19:50:00.000000Z,119112.3,119200.0,119101.9,119159.1,132.079
2025-07-13T19:51:00.000000Z,119159.1,119162.1,119136.5,119136.5,40.105
2025-07-13T19:52:00.000000Z,119136.6,119136.6,119103.6,119132.0,34.755
2025-07-13T19:53:00.000000Z,119132.1,119132.1,119070.9,119081.1,59.713
2025-07-13T19:54:00.000000Z,119081.2,119081.2,119055.9,119056.0,16.648
2025-07-13T19:55:00.000000Z,119056.0,119077.6,119055.9,119058.4,51.541
2025-07-13T19:56:00.000000Z,119058.4,119076.0,119053.2,119053.2,24.039
2025-07-13T19:57:00.000000Z,119053.2,119053.3,119005.4,119005.4,19.272
2025-07-13T19:58:00.000000Z,119005.4,119020.8,118980.0,118980.0,19.712
2025-07-13T19:59:00.000000Z,118980.0,118980.0,118855.4,118923.0,208.619
2025-07-13T20:00:00.000000Z,118922.9,118935.6,118860.5,118861.2,172.803
2025-07-13T20:01:00.000000Z,118861.3,118861.3,118771.2,118855.5,182.336
2025-07-13T20:02:00.000000Z,118855.5,118930.4,118855.5,118887.5,142.484
2025-07-13T20:03:00.000000Z,118887.5,118887.6,118840.9,118840.9,61.079
2025-07-13T20:04:00.000000Z,118840.9,118841.0,118772.8,118777.0,42.815
2025-07-13T20:05:00.000000Z,118777.0,118874.2,118776.9,118874.2,87.515
2025-07-13T20:06:00.000000Z,118874.2,118874.2,118834.1,118834.4,63.795
2025-07-13T20:07:00.000000Z,118834.3,118885.7,118834.3,118885.6,30.432
2025-07-13T20:08:00.000000Z,118885.7,118900.0,118850.9,118851.0,44.628
2025-07-13T20:09:00.000000Z,118850.9,118900.0,118850.9,118899.9,21.621
2025-07-13T20:10:00.000000Z,118899.9,118925.3,118899.9,118911.1,56.266
2025-07-13T20:11:00.000000Z,118911.1,118912.3,118908.0,118908.1,13.1
2025-07-13T20:12:00.000000Z,118908.1,118908.1,118870.1,118892.1,60.754
2025-07-13T20:13:00.000000Z,118892.1,118897.6,118892.1,118897.6,14.938
2025-07-13T20:14:00.000000Z,118897.6,118914.0,118897.6,118914.0,24.361
2025-07-13T20:15:00.000000Z,118913.9,119035.5,118913.9,119025.2,70.613
2025-07-13T20:16:00.000000Z,119025.3,119025.3,118992.8,119003.7,33.816
2025-07-13T20:17:00.000000Z,119003.8,119055.5,119003.7,119049.6,26.982
2025-07-13T20:18:00.000000Z,119049.5,119076.7,119049.5,119076.7,15.801
2025-07-13T20:19:00.000000Z,119076.6,119142.0,119076.6,119090.7,34.334
2025-07-13T20:20:00.000000Z,119090.7,119108.7,119090.7,119108.7,20.657
2025-07-13T20:21:00.000000Z,119108.7,119108.7,119084.3,119108.6,27.058
2025-07-13T20:22:00.000000Z,119108.6,119108.6,119066.0,119066.0,68.31
2025-07-13T20:23:00.000000Z,119066.0,119073.9,119042.8,119042.9,24.906
2025-07-13T20:24:00.000000Z,119042.8,119065.1,119026.7,119065.1,27.021
2025-07-13T20:25:00.000000Z,119065.1,119107.4,119050.4,119107.3,22.107
2025-07-13T20:26:00.000000Z,119107.3,119188.5,119107.3,119118.4,95.019
2025-07-13T20:27:00.000000Z,119118.4,119157.5,119118.4,119148.2,25.995
2025-07-13T20:28:00.000000Z,119148.1,119243.7,119148.1,119243.6,76.981
2025-07-13T20:29:00.000000Z,119243.7,119248.1,119232.0,119232.1,49.76
2025-07-13T20:30:00.000000Z,119232.0,119244.2,119232.0,119241.6,40.09
2025-07-13T20:31:00.000000Z,119241.7,119333.0,119238.8,119312.2,115.543
2025-07-13T20:32:00.000000Z,119312.3,119325.3,119267.0,119317.9,59.69
2025-07-13T20:33:00.000000Z,119318.0,119318.0,119260.0,119260.0,37.592
2025-07-13T20:34:00.000000Z,119260.0,119283.7,119236.2,119249.0,27.062
2025-07-13T20:35:00.000000Z,119249.0,119249.1,119232.1,119232.1,29.566
2025-07-13T20:36:00.000000Z,119232.1,119232.2,119180.1,119187.9,30.096
2025-07-13T20:37:00.000000Z,119187.9,119221.1,119171.6,119205.1,36.334
2025-07-13T20:38:00.000000Z,119205.1,119205.1,119115.9,119116.9,44.57
2025-07-13T20:39:00.000000Z,119116.9,119116.9,119075.0,119083.3,30.593
2025-07-13T20:40:00.000000Z,119083.3,119117.5,119059.9,119117.5,30.581
2025-07-13T20:41:00.000000Z,119117.5,119117.6,119084.8,119086.5,54.525
2025-07-13T20:42:00.000000Z,119086.4,119086.4,119064.8,119064.8,18.332
2025-07-13T20:43:00.000000Z,119064.8,119064.9,119046.5,119051.9,31.951
2025-07-13T20:44:00.000000Z,119052.0,119052.0,119012.6,119012.6,26.526
2025-07-13T20:45:00.000000Z,119012.7,119040.4,119012.6,119024.8,36.524
2025-07-13T20:46:00.000000Z,119024.8,119024.9,119003.0,119003.0,14.028
2025-07-13T20:47:00.000000Z,119003.0,119003.1,118964.3,118964.3,24.729
2025-07-13T20:48:00.000000Z,118964.3,118987.9,118955.7,118980.3,30.274
2025-07-13T20:49:00.000000Z,118980.4,119032.7,118980.3,119013.8,39.386
2025-07-13T20:50:00.000000Z,119013.8,119017.0,118994.4,119015.9,26.123
2025-07-13T20:51:00.000000Z,119015.9,119039.3,118998.4,119038.8,30.359
2025-07-13T20:52:00.000000Z,119038.8,119062.6,119030.3,119062.6,32.762
2025-07-13T20:53:00.000000Z,119062.5,119083.2,119062.5,119083.1,27.789
2025-07-13T20:54:00.000000Z,119083.2,119134.0,119083.2,119134.0,38.756
2025-07-13T20:55:00.000000Z,119134.1,119134.1,119081.3,119132.4,55.813
2025-07-13T20:56:00.000000Z,119132.3,119132.4,119087.8,119087.8,30.638
2025-07-13T20:57:00.000000Z,119087.8,119105.8,119072.3,119072.4,29.047
2025-07-13T20:58:00.000000Z,119072.4,119072.4,119062.6,119062.6,16.644
2025-07-13T20:59:00.000000Z,119062.6,119068.0,119028.7,119028.7,19.607
2025-07-13T21:00:00.000000Z,119028.7,119028.8,118985.8,119014.8,35.107
2025-07-13T21:01:00.000000Z,119014.9,119014.9,118965.6,118965.7,29.731
2025-07-13T21:02:00.000000Z,118965.6,118965.6,118950.0,118960.0,18.647
2025-07-13T21:03:00.000000Z,118960.0,118964.5,118934.5,118944.6,33.25
2025-07-13T21:04:00.000000Z,118944.5,118986.1,118944.5,118986.1,22.095
2025-07-13T21:05:00.000000Z,118986.1,118986.1,118920.2,118920.3,46.569
2025-07-13T21:06:00.000000Z,118920.3,118920.3,118893.4,118895.1,34.534
2025-07-13T21:07:00.000000Z,118895.2,118895.2,118811.2,118866.9,100.757
2025-07-13T21:08:00.000000Z,118866.8,118872.4,118845.9,118845.9,31.481
2025-07-13T21:09:00.000000Z,118846.0,118876.4,118846.0,118876.4,24.837
2025-07-13T21:10:00.000000Z,118876.3,118876.4,118868.7,118876.4,23.631
2025-07-13T21:11:00.000000Z,118876.4,118876.4,118853.0,118853.0,33.796
2025-07-13T21:12:00.000000Z,118853.1,118853.1,118853.0,118853.1,10.09
2025-07-13T21:13:00.000000Z,118853.1,118853.1,118846.6,118846.6,15.512
2025-07-13T21:14:00.000000Z,118846.7,118846.7,118813.4,118846.6,51.256
2025-07-13T21:15:00.000000Z,118846.7,118857.0,118832.2,118857.0,29.274
2025-07-13T21:16:00.000000Z,118857.0,118918.7,118857.0,118887.5,36.264
2025-07-13T21:17:00.000000Z,118887.5,118894.6,118858.8,118886.0,26.013
2025-07-13T21:18:00.000000Z,118885.9,118905.5,118877.9,118878.0,18.583
2025-07-13T21:19:00.000000Z,118878.0,118878.0,118877.9,118877.9,10.295
2025-07-13T21:20:00.000000Z,118878.0,118909.8,118877.9,118909.8,31.239
2025-07-13T21:21:00.000000Z,118909.7,118961.6,118909.7,118956.2,35.088
2025-07-13T21:22:00.000000Z,118956.3,118956.3,118956.2,118956.3,6.899
2025-07-13T21:23:00.000000Z,118956.3,118956.3,118956.2,118956.3,10.652
2025-07-13T21:24:00.000000Z,118956.3,118956.3,118956.2,118956.2,8.113
2025-07-13T21:25:00.000000Z,118956.3,118956.3,118905.5,118905.6,28.586
2025-07-13T21:26:00.000000Z,118905.6,118948.5,118869.9,118948.4,108.978
2025-07-13T21:27:00.000000Z,118948.4,118948.4,118892.0,118903.9,42.79
2025-07-13T21:28:00.000000Z,118904.0,118904.0,118903.9,118903.9,4.186
2025-07-13T21:29:00.000000Z,118904.0,118904.0,118882.0,118895.8,25.245
2025-07-13T21:30:00.000000Z,118895.9,118895.9,118883.8,118891.0,15.707
2025-07-13T21:31:00.000000Z,118890.9,118904.0,118883.8,118886.1,28.265
2025-07-13T21:32:00.000000Z,118886.1,118892.0,118874.1,118891.9,28.088
2025-07-13T21:33:00.000000Z,118891.9,118892.0,118858.0,118858.1,18.61
2025-07-13T21:34:00.000000Z,118858.1,118858.1,118700.2,118767.1,256.818
2025-07-13T21:35:00.000000Z,118767.2,118793.7,118720.2,118720.2,48.595
2025-07-13T21:36:00.000000Z,118720.2,118730.7,118696.2,118704.7,105.182
2025-07-13T21:37:00.000000Z,118704.8,118704.8,118638.0,118665.4,138.82
2025-07-13T21:38:00.000000Z,118665.3,118665.4,118501.0,118506.1,259.763
2025-07-13T21:39:00.000000Z,118505.2,118583.2,118501.1,118507.9,377.912
2025-07-13T21:40:00.000000Z,118507.9,118510.0,118480.0,118480.2,178.185
2025-07-13T21:41:00.000000Z,118480.2,118592.4,118411.8,118591.5,355.875
2025-07-13T21:42:00.000000Z,118591.5,118633.5,118551.1,118621.7,97.756
2025-07-13T21:43:00.000000Z,118621.6,118621.7,118555.4,118593.1,77.957
2025-07-13T21:44:00.000000Z,118593.0,118651.8,118593.0,118651.8,41.442
2025-07-13T21:45:00.000000Z,118651.7,118780.5,118647.4,118723.7,113.592
2025-07-13T21:46:00.000000Z,118723.7,118726.3,118663.2,118726.2,27.883
2025-07-13T21:47:00.000000Z,118726.3,118765.6,118679.4,118722.5,38.848
2025-07-13T21:48:00.000000Z,118722.4,118766.4,118628.1,118766.3,105.18
2025-07-13T21:49:00.000000Z,118766.4,118815.8,118766.3,118810.4,32.059
2025-07-13T21:50:00.000000Z,118810.5,118810.5,118773.8,118773.8,19.332
2025-07-13T21:51:00.000000Z,118773.9,118773.9,118646.2,118680.2,114.255
2025-07-13T21:52:00.000000Z,118680.3,118688.0,118621.3,118688.0,31.912
2025-07-13T21:53:00.000000Z,118687.9,118787.4,118687.9,118732.5,33.862
2025-07-13T21:54:00.000000Z,118732.5,118732.6,118663.6,118663.7,14.881
2025-07-13T21:55:00.000000Z,118663.6,118732.5,118660.9,118732.4,25.092
2025-07-13T21:56:00.000000Z,118732.5,118732.5,118693.3,118728.1,102.94
2025-07-13T21:57:00.000000Z,118728.1,118728.1,118601.7,118611.1,137.569
2025-07-13T21:58:00.000000Z,118611.1,118626.1,118526.7,118526.8,87.004
2025-07-13T21:59:00.000000Z,118526.7,118593.1,118484.2,118593.1,62.921
2025-07-13T22:00:00.000000Z,118593.0,118600.3,118407.9,118494.0,328.907
2025-07-13T22:01:00.000000Z,118494.0,118521.7,118412.8,118445.7,126.968
2025-07-13T22:02:00.000000Z,118445.7,118464.1,118407.4,118408.3,49.419
2025-07-13T22:03:00.000000Z,118408.4,118441.8,118408.3,118425.9,94.742
2025-07-13T22:04:00.000000Z,118425.9,118484.0,118425.8,118433.2,67.132
2025-07-13T22:05:00.000000Z,118433.1,118473.5,118433.1,118446.0,61.967
2025-07-13T22:06:00.000000Z,118445.9,118499.1,118445.9,118499.1,75.021
2025-07-13T22:07:00.000000Z,118499.1,118530.0,118467.0,118518.2,113.491
2025-07-13T22:08:00.000000Z,118518.1,118518.2,118448.3,118448.4,46.177
2025-07-13T22:09:00.000000Z,118448.4,118448.4,118388.0,118390.6,98.693
2025-07-13T22:10:00.000000Z,118390.6,118396.6,118197.7,118328.4,616.65
2025-07-13T22:11:00.000000Z,118328.4,118341.5,118274.1,118315.5,99.855
2025-07-13T22:12:00.000000Z,118315.6,118355.6,118281.5,118355.6,83.05
2025-07-13T22:13:00.000000Z,118355.6,118378.9,118339.0,118343.9,54.008
2025-07-13T22:14:00.000000Z,118343.9,118378.3,118343.9,118351.8,29.328
2025-07-13T22:15:00.000000Z,118351.8,118452.6,118350.0,118452.6,190.132
2025-07-13T22:16:00.000000Z,118452.5,118467.4,118400.0,118425.5,47.345
2025-07-13T22:17:00.000000Z,118425.5,118425.5,118342.3,118342.3,43.609
2025-07-13T22:18:00.000000Z,118342.4,118358.1,118284.7,118326.9,159.876
2025-07-13T22:19:00.000000Z,118326.9,118352.8,118286.2,118286.3,85.924
2025-07-13T22:20:00.000000Z,118286.2,118310.1,118233.5,118310.0,104.734
2025-07-13T22:21:00.000000Z,118310.0,118310.1,118247.9,118287.8,90.995
2025-07-13T22:22:00.000000Z,118287.9,118334.9,118285.6,118313.6,63.651
2025-07-13T22:23:00.000000Z,118313.7,118454.7,118313.7,118443.3,90.501
2025-07-13T22:24:00.000000Z,118443.4,118454.7,118410.5,118410.6,37.515
2025-07-13T22:25:00.000000Z,118410.6,118422.4,118344.8,118422.4,31.185
2025-07-13T22:26:00.000000Z,118422.4,118428.9,118359.9,118369.5,35.773
2025-07-13T22:27:00.000000Z,118369.6,118376.4,118329.9,118376.3,28.208
2025-07-13T22:28:00.000000Z,118376.2,118376.3,118350.8,118362.7,19.049
2025-07-13T22:29:00.000000Z,118362.7,118369.7,118362.6,118369.7,10.089
2025-07-13T22:30:00.000000Z,118369.7,118469.9,118369.6,118445.8,99.013
2025-07-13T22:31:00.000000Z,118446.6,118572.8,118446.6,118514.4,96.084
2025-07-13T22:32:00.000000Z,118514.4,118531.0,118514.3,118530.7,41.967
2025-07-13T22:33:00.000000Z,118530.9,118581.0,118530.9,118547.5,51.298
2025-07-13T22:34:00.000000Z,118547.6,118572.0,118537.2,118557.3,66.288
2025-07-13T22:35:00.000000Z,118557.2,118593.9,118557.2,118566.6,111.562
2025-07-13T22:36:00.000000Z,118566.6,118610.0,118566.5,118610.0,89.09
2025-07-13T22:37:00.000000Z,118610.0,118646.6,118610.0,118646.6,76.029
2025-07-13T22:38:00.000000Z,118646.6,118673.8,118636.6,118654.3,74.439
2025-07-13T22:39:00.000000Z,118654.3,118672.5,118644.0,118644.2,74.249
2025-07-13T22:40:00.000000Z,118644.2,118683.9,118644.2,118683.8,24.57
2025-07-13T22:41:00.000000Z,118683.8,118722.1,118683.8,118722.0,170.897
2025-07-13T22:42:00.000000Z,118722.0,118724.7,118722.0,118724.7,19.621
2025-07-13T22:43:00.000000Z,118724.6,118724.7,118711.4,118711.5,44.464
2025-07-13T22:44:00.000000Z,118711.5,118731.1,118711.4,118712.7,32.209
2025-07-13T22:45:00.000000Z,118712.8,118732.5,118712.7,118732.4,22.402
2025-07-13T22:46:00.000000Z,118732.5,118734.5,118723.7,118734.5,23.459
2025-07-13T22:47:00.000000Z,118734.5,118734.5,118688.2,118698.0,63.638
2025-07-13T22:48:00.000000Z,118698.0,118709.1,118697.9,118697.9,16.944
2025-07-13T22:49:00.000000Z,118698.0,118710.2,118667.0,118667.0,29.56
2025-07-13T22:50:00.000000Z,118667.0,118667.1,118627.8,118627.9,24.259
2025-07-13T22:51:00.000000Z,118627.8,118633.2,118627.8,118633.1,22.106
2025-07-13T22:52:00.000000Z,118633.2,118639.1,118560.6,118560.6,65.431
2025-07-13T22:53:00.000000Z,118560.7,118578.4,118551.7,118578.4,59.418
2025-07-13T22:54:00.000000Z,118578.3,118605.5,118578.3,118603.3,27.426
2025-07-13T22:55:00.000000Z,118603.3,118603.4,118594.4,118600.0,16.898
2025-07-13T22:56:00.000000Z,118599.9,118600.0,118570.5,118570.6,13.698
2025-07-13T22:57:00.000000Z,118570.6,118570.6,118545.9,118557.9,43.493
2025-07-13T22:58:00.000000Z,118557.9,118557.9,118529.1,118529.1,15.925
2025-07-13T22:59:00.000000Z,118529.0,118529.1,118462.5,118462.5,44.754
2025-07-13T23:00:00.000000Z,118462.5,118484.4,118451.4,118451.5,51.277
2025-07-13T23:01:00.000000Z,118451.5,118451.5,118420.7,118420.8,26.797
2025-07-13T23:02:00.000000Z,118420.7,118462.3,118400.0,118462.3,74.973
2025-07-13T23:03:00.000000Z,118462.2,118518.5,118462.2,118513.3,136.418
2025-07-13T23:04:00.000000Z,118513.2,118513.3,118478.5,118495.2,34.764
2025-07-13T23:05:00.000000Z,118495.2,118597.6,118495.2,118597.5,105.386
2025-07-13T23:06:00.000000Z,118597.5,118597.6,118534.7,118539.0,40.51
2025-07-13T23:07:00.000000Z,118539.0,118539.1,118506.1,118539.0,20.656
2025-07-13T23:08:00.000000Z,118539.1,118539.2,118522.1,118522.1,19.591
2025-07-13T23:09:00.000000Z,118522.2,118558.4,118440.6,118440.6,54.315
2025-07-13T23:10:00.000000Z,118440.6,118440.7,118350.0,118374.2,136.383
2025-07-13T23:11:00.000000Z,118374.2,118374.8,118324.6,118355.8,69.775
2025-07-13T23:12:00.000000Z,118355.8,118434.4,118355.7,118430.7,159.439
2025-07-13T23:13:00.000000Z,118430.6,118519.7,118430.6,118519.7,35.491
2025-07-13T23:14:00.000000Z,118519.9,118524.9,118511.1,118517.3,43.619
2025-07-13T23:15:00.000000Z,118517.3,118600.9,118517.3,118521.1,99.502
2025-07-13T23:16:00.000000Z,118521.1,118576.9,118513.6,118540.4,66.086
2025-07-13T23:17:00.000000Z,118540.3,118603.5,118540.3,118598.7,131.388
2025-07-13T23:18:00.000000Z,118598.8,118614.1,118591.5,118598.5,24.56
2025-07-13T23:19:00.000000Z,118598.6,118627.6,118598.6,118609.1,49.015
2025-07-13T23:20:00.000000Z,118609.0,118618.0,118569.6,118618.0,90.249
2025-07-13T23:21:00.000000Z,118618.1,118720.5,118618.0,118718.9,117.225
2025-07-13T23:22:00.000000Z,118718.8,118718.8,118664.8,118689.8,31.787
2025-07-13T23:23:00.000000Z,118689.9,118694.7,118683.2,118683.3,19.945
2025-07-13T23:24:00.000000Z,118683.3,118688.5,118677.7,118678.5,24.025
2025-07-13T23:25:00.000000Z,118678.5,118690.4,118672.0,118672.0,29.23
2025-07-13T23:26:00.000000Z,118672.0,118672.1,118608.0,118630.0,42.284
2025-07-13T23:27:00.000000Z,118630.0,118630.0,118589.0,118589.0,17.695
2025-07-13T23:28:00.000000Z,118589.1,118606.9,118552.7,118552.7,60.547
2025-07-13T23:29:00.000000Z,118552.8,118606.4,118540.3,118606.3,23.013
2025-07-13T23:30:00.000000Z,118606.4,118666.1,118606.3,118666.1,47.456
2025-07-13T23:31:00.000000Z,118666.1,118697.4,118651.3,118651.3,40.023
2025-07-13T23:32:00.000000Z,118651.3,118651.4,118611.8,118611.9,19.13
2025-07-13T23:33:00.000000Z,118611.8,118638.0,118611.8,118638.0,11.528
2025-07-13T23:34:00.000000Z,118638.0,118651.4,118611.8,118611.8,14.496
2025-07-13T23:35:00.000000Z,118611.9,118632.9,118611.8,118628.9,21.357
2025-07-13T23:36:00.000000Z,118628.8,118646.1,118628.8,118636.8,11.113
2025-07-13T23:37:00.000000Z,118636.9,118671.5,118636.8,118671.4,18.813
2025-07-13T23:38:00.000000Z,118671.5,118700.0,118671.4,118700.0,19.424
2025-07-13T23:39:00.000000Z,118699.9,118700.0,118675.6,118689.4,23.04
2025-07-13T23:40:00.000000Z,118689.4,118749.0,118689.3,118743.8,81.602
2025-07-13T23:41:00.000000Z,118743.7,118746.3,118684.4,118691.0,29.522
2025-07-13T23:42:00.000000Z,118691.0,118691.1,118629.2,118638.1,43.335
2025-07-13T23:43:00.000000Z,118638.1,118650.0,118603.5,118650.0,36.19
2025-07-13T23:44:00.000000Z,118650.0,118657.7,118640.0,118648.6,10.769
2025-07-13T23:45:00.000000Z,118648.6,118667.1,118638.1,118667.0,7.217
2025-07-13T23:46:00.000000Z,118667.0,118721.1,118667.0,118721.0,13.696
2025-07-13T23:47:00.000000Z,118721.0,118952.6,118715.1,118870.9,595.831
2025-07-13T23:48:00.000000Z,118870.9,118908.2,118863.6,118870.7,44.861
2025-07-13T23:49:00.000000Z,118870.6,118892.0,118850.0,118853.9,65.662
2025-07-13T23:50:00.000000Z,118853.9,118901.2,118839.0,118901.1,37.751
2025-07-13T23:51:00.000000Z,118901.1,119061.2,118901.1,119025.5,228.808
2025-07-13T23:52:00.000000Z,119025.6,119166.0,119025.5,119124.1,251.107
2025-07-13T23:53:00.000000Z,119124.1,119124.1,119068.7,119109.5,141.703
2025-07-13T23:54:00.000000Z,119109.5,119128.6,119089.6,119112.5,106.091
2025-07-13T23:55:00.000000Z,119112.5,119150.0,119083.0,119083.0,132.141
2025-07-13T23:56:00.000000Z,119083.0,119088.9,119042.6,119042.7,88.388
2025-07-13T23:57:00.000000Z,119042.6,119042.7,118981.6,119025.0,59.895
2025-07-13T23:58:00.000000Z,119025.0,119028.9,119000.9,119001.0,35.924
2025-07-13T23:59:00.000000Z,119000.9,119038.4,118995.4,119038.3,24.896
2025-07-14T00:00:00.000000Z,119038.3,119066.7,119007.6,119036.5,80.429
2025-07-14T00:01:00.000000Z,119036.5,119036.6,118949.0,118949.1,64.484
2025-07-14T00:02:00.000000Z,118949.1,118957.0,118900.0,118900.0,68.302
2025-07-14T00:03:00.000000Z,118900.0,119008.0,118880.7,118958.9,77.554
2025-07-14T00:04:00.000000Z,118958.9,118985.1,118958.8,118968.3,26.438
2025-07-14T00:05:00.000000Z,118968.3,118968.3,118939.3,118939.4,68.46
2025-07-14T00:06:00.000000Z,118939.4,118961.9,118912.3,118938.8,50.075
2025-07-14T00:07:00.000000Z,118938.8,118976.7,118938.8,118963.3,23.031
2025-07-14T00:08:00.000000Z,118963.3,118963.4,118895.1,118922.7,25.251
2025-07-14T00:09:00.000000Z,118922.8,118938.4,118871.6,118938.3,44.899
2025-07-14T00:10:00.000000Z,118938.3,118950.0,118914.9,118950.0,34.196
2025-07-14T00:11:00.000000Z,118950.0,118991.4,118949.9,118987.2,111.792
2025-07-14T00:12:00.000000Z,118987.3,119011.8,118961.0,119011.8,28.858
2025-07-14T00:13:00.000000Z,119011.8,119049.8,119008.3,119049.8,31.637
2025-07-14T00:14:00.000000Z,119049.9,119103.0,119049.9,119102.9,40.356
2025-07-14T00:15:00.000000Z,119103.0,119139.7,119072.2,119078.1,120.883
2025-07-14T00:16:00.000000Z,119078.0,119078.1,119003.3,119035.5,118.543
2025-07-14T00:17:00.000000Z,119035.4,119060.0,119006.3,119030.8,84.178
2025-07-14T00:18:00.000000Z,119030.8,119109.1,119022.4,119036.7,143.13
2025-07-14T00:19:00.000000Z,119036.8,119086.2,119006.9,119007.0,95.647
2025-07-14T00:20:00.000000Z,119007.0,119010.0,118956.1,119010.0,97.139
2025-07-14T00:21:00.000000Z,119009.9,119020.8,118957.4,118990.4,29.404
2025-07-14T00:22:00.000000Z,118990.4,119034.7,118990.3,119019.5,27.16
2025-07-14T00:23:00.000000Z,119019.5,119153.9,119019.5,119153.9,52.434
2025-07-14T00:24:00.000000Z,119153.9,119247.6,119153.9,119236.6,199.738
2025-07-14T00:25:00.000000Z,119236.5,119450.0,119236.5,119413.0,583.63
2025-07-14T00:26:00.000000Z,119412.9,119416.6,119337.8,119383.9,122.74
2025-07-14T00:27:00.000000Z,119383.9,119404.6,119321.0,119321.0,110.59
2025-07-14T00:28:00.000000Z,119321.0,119321.1,119183.8,119183.8,91.73
2025-07-14T00:29:00.000000Z,119183.9,119183.9,119124.5,119137.2,159.302
2025-07-14T00:30:00.000000Z,119137.0,119137.0,119035.4,119071.9,111.592
2025-07-14T00:31:00.000000Z,119071.9,119081.8,119015.9,119059.3,70.968
2025-07-14T00:32:00.000000Z,119059.3,119182.8,119052.8,119153.9,116.251
2025-07-14T00:33:00.000000Z,119153.8,119153.9,119068.0,119091.7,36.788
2025-07-14T00:34:00.000000Z,119091.6,119112.4,119049.8,119054.4,54.009
2025-07-14T00:35:00.000000Z,119054.5,119060.0,119024.3,119060.0,30.13
2025-07-14T00:36:00.000000Z,119060.0,119093.9,119034.7,119053.3,60.436
2025-07-14T00:37:00.000000Z,119053.3,119088.1,119050.4,119087.9,26.842
2025-07-14T00:38:00.000000Z,119087.9,119132.7,119083.8,119099.0,32.003
2025-07-14T00:39:00.000000Z,119098.9,119133.6,119081.7,119133.6,16.717
2025-07-14T00:40:00.000000Z,119133.5,119260.8,119133.5,119250.4,96.688
2025-07-14T00:41:00.000000Z,119250.3,119319.5,119232.1,119263.9,109.524
2025-07-14T00:42:00.000000Z,119263.9,119377.1,119263.8,119348.4,160.823
2025-07-14T00:43:00.000000Z,119348.4,119370.0,119327.9,119368.4,88.514
2025-07-14T00:44:00.000000Z,119368.4,119368.5,119333.8,119333.8,47.073
2025-07-14T00:45:00.000000Z,119333.8,119355.0,119313.1,119340.0,70.746
2025-07-14T00:46:00.000000Z,119340.0,119383.3,119300.0,119300.0,108.304
2025-07-14T00:47:00.000000Z,119300.0,119339.1,119273.8,119305.7,61.7
2025-07-14T00:48:00.000000Z,119305.6,119316.5,119300.8,119313.8,42.871
2025-07-14T00:49:00.000000Z,119313.8,119313.8,119246.2,119271.5,82.362
2025-07-14T00:50:00.000000Z,119271.6,119279.9,119226.0,119273.7,56.604
2025-07-14T00:51:00.000000Z,119273.6,119273.7,119215.8,119234.5,31.974
2025-07-14T00:52:00.000000Z,119234.5,119234.6,119200.6,119214.3,26.971
2025-07-14T00:53:00.000000Z,119214.3,119214.6,119185.6,119205.8,36.975
2025-07-14T00:54:00.000000Z,119205.8,119205.9,119130.0,119130.1,47.631
2025-07-14T00:55:00.000000Z,119130.0,119135.2,119061.2,119061.3,141.565
2025-07-14T00:56:00.000000Z,119061.3,119097.0,119043.4,119085.4,97.459
2025-07-14T00:57:00.000000Z,119085.4,119088.0,119036.2,119041.7,90.08
2025-07-14T00:58:00.000000Z,119041.8,119041.8,119013.3,119033.3,87.23
2025-07-14T00:59:00.000000Z,119033.3,119036.3,119011.8,119030.6,64.728
2025-07-14T01:00:00.000000Z,119030.6,119073.5,119030.5,119054.2,82.673
2025-07-14T01:01:00.000000Z,119054.2,119054.3,119022.8,119024.0,47.832
2025-07-14T01:02:00.000000Z,119023.9,119030.0,118916.6,118916.6,153.241
2025-07-14T01:03:00.000000Z,118916.6,118994.4,118905.3,118994.3,67.768
2025-07-14T01:04:00.000000Z,118994.4,119047.3,118979.9,119047.3,91.607
2025-07-14T01:05:00.000000Z,119047.3,119142.0,119030.4,119030.5,128.185
2025-07-14T01:06:00.000000Z,119030.4,119030.5,118980.6,118994.1,54.182
2025-07-14T01:07:00.000000Z,118994.2,119003.0,118938.1,118972.9,77.914
2025-07-14T01:08:00.000000Z,118972.9,119018.1,118960.3,118986.0,49.194
2025-07-14T01:09:00.000000Z,118985.9,119018.1,118985.9,119005.2,51.545
2025-07-14T01:10:00.000000Z,119005.1,119005.2,118959.9,118979.3,41.07
2025-07-14T01:11:00.000000Z,118979.3,118991.3,118946.8,118947.9,45.944
2025-07-14T01:12:00.000000Z,118947.8,118956.4,118914.7,118914.9,24.087
2025-07-14T01:13:00.000000Z,118914.8,118939.1,118914.8,118923.0,56.997
2025-07-14T01:14:00.000000Z,118923.0,118941.0,118914.8,118936.2,22.731
2025-07-14T01:15:00.000000Z,118936.3,119005.1,118936.2,118987.7,88.479
2025-07-14T01:16:00.000000Z,118987.8,118991.8,118936.8,118936.9,60.848
2025-07-14T01:17:00.000000Z,118936.8,118962.0,118924.9,118947.5,32.383
2025-07-14T01:18:00.000000Z,118947.5,118971.5,118914.7,118945.1,43.062
2025-07-14T01:19:00.000000Z,118945.2,118974.2,118916.6,118934.9,29.661
2025-07-14T01:20:00.000000Z,118934.9,118962.7,118934.8,118947.4,24.222
2025-07-14T01:21:00.000000Z,118947.5,118947.5,118924.5,118925.2,29.187
2025-07-14T01:22:00.000000Z,118925.3,118945.8,118925.1,118926.6,26.471
2025-07-14T01:23:00.000000Z,118926.5,118950.0,118905.3,118941.1,38.348
2025-07-14T01:24:00.000000Z,118941.0,118941.0,118906.1,118906.1,14.884
2025-07-14T01:25:00.000000Z,118906.2,118917.3,118900.0,118913.5,49.553
2025-07-14T01:26:00.000000Z,118913.4,118946.7,118913.4,118919.8,39.669
2025-07-14T01:27:00.000000Z,118919.8,118919.8,118896.1,118897.9,26.304
2025-07-14T01:28:00.000000Z,118898.0,118906.7,118891.0,118891.0,19.273
2025-07-14T01:29:00.000000Z,118891.0,118901.9,118880.0,118886.9,160.622
2025-07-14T01:30:00.000000Z,118886.9,118901.0,118862.6,118877.2,123.85
2025-07-14T01:31:00.000000Z,118877.3,118912.4,118877.3,118900.0,28.559
2025-07-14T01:32:00.000000Z,118900.1,119003.8,118900.0,118950.1,41.854
2025-07-14T01:33:00.000000Z,118950.0,119035.6,118950.0,119032.7,39.277
2025-07-14T01:34:00.000000Z,119032.6,119033.0,118980.0,118990.1,69.609
2025-07-14T01:35:00.000000Z,118990.1,119026.7,118981.5,119026.6,38.411
2025-07-14T01:36:00.000000Z,119026.7,119070.0,118976.1,118976.1,25.197
2025-07-14T01:37:00.000000Z,118976.1,118992.4,118962.0,118962.0,29.026
2025-07-14T01:38:00.000000Z,118962.1,119010.6,118962.0,119010.6,21.855
2025-07-14T01:39:00.000000Z,119010.6,119026.6,118988.8,118988.8,18.547
2025-07-14T01:40:00.000000Z,118988.8,119057.3,118988.8,119056.3,32.87
2025-07-14T01:41:00.000000Z,119056.4,119097.1,119050.3,119097.1,27.81
2025-07-14T01:42:00.000000Z,119097.1,119127.4,119093.6,119127.4,123.801
2025-07-14T01:43:00.000000Z,119127.4,119188.1,119127.3,119188.0,64.1
2025-07-14T01:44:00.000000Z,119188.1,119204.5,119134.8,119134.8,92.129
2025-07-14T01:45:00.000000Z,119134.9,119136.4,119097.8,119097.8,38.811
2025-07-14T01:46:00.000000Z,119100.0,119100.0,119025.5,119025.6,43.28
2025-07-14T01:47:00.000000Z,119025.6,119063.5,119011.8,119029.0,32.686
2025-07-14T01:48:00.000000Z,119028.9,119034.9,119000.1,119000.1,12.452
2025-07-14T01:49:00.000000Z,119000.1,119029.7,119000.1,119015.4,15.505
2025-07-14T01:50:00.000000Z,119015.4,119015.5,118970.9,118983.9,31.829
2025-07-14T01:51:00.000000Z,118983.9,119000.0,118961.7,118961.7,18.663
2025-07-14T01:52:00.000000Z,118961.7,118980.2,118961.6,118980.1,19.745
2025-07-14T01:53:00.000000Z,118980.1,119050.0,118980.0,119050.0,22.766
2025-07-14T01:54:00.000000Z,119050.0,119123.0,119049.9,119122.9,39.032
2025-07-14T01:55:00.000000Z,119123.0,119123.0,119044.7,119056.5,85.334
2025-07-14T01:56:00.000000Z,119056.5,119056.5,119039.2,119055.8,20.1
2025-07-14T01:57:00.000000Z,119055.7,119063.8,119048.2,119052.2,15.375
2025-07-14T01:58:00.000000Z,119052.2,119090.5,119052.2,119052.3,15.842
2025-07-14T01:59:00.000000Z,119052.2,119061.5,119052.2,119052.2,12.506
2025-07-14T02:00:00.000000Z,119052.2,119085.8,119047.4,119085.8,143.396
2025-07-14T02:01:00.000000Z,119085.8,119129.1,119079.3,119129.1,40.824
2025-07-14T02:02:00.000000Z,119129.0,119138.6,119096.1,119122.3,57.686
2025-07-14T02:03:00.000000Z,119122.3,119122.3,119083.4,119105.7,22.096
2025-07-14T02:04:00.000000Z,119105.7,119105.7,119064.2,119064.3,16.498
2025-07-14T02:05:00.000000Z,119064.2,119064.2,118946.0,118946.1,94.149
2025-07-14T02:06:00.000000Z,118946.0,118968.7,118930.0,118968.7,47.146
2025-07-14T02:07:00.000000Z,118968.6,118991.2,118958.2,118991.1,26.043
2025-07-14T02:08:00.000000Z,118991.2,119047.2,118991.1,119046.8,22.882
2025-07-14T02:09:00.000000Z,119046.9,119046.9,118991.6,119024.8,25.12
2025-07-14T02:10:00.000000Z,119024.8,119050.2,119024.8,119026.2,18.335
2025-07-14T02:11:00.000000Z,119026.3,119078.1,119026.2,119063.6,37.888
2025-07-14T02:12:00.000000Z,119063.6,119121.4,119063.6,119119.7,28.594
2025-07-14T02:13:00.000000Z,119119.6,119154.8,119119.6,119128.4,55.201
2025-07-14T02:14:00.000000Z,119128.5,119136.7,119113.0,119134.9,24.424
2025-07-14T02:15:00.000000Z,119134.8,119134.8,119114.8,119118.0,34.278
2025-07-14T02:16:00.000000Z,119117.9,119148.9,119078.1,119088.2,74.547
2025-07-14T02:17:00.000000Z,119088.2,119106.4,119064.2,119106.4,33.546
2025-07-14T02:18:00.000000Z,119106.3,119118.5,119106.3,119118.4,21.249
2025-07-14T02:19:00.000000Z,119118.4,119152.0,119118.4,119151.9,26.148
2025-07-14T02:20:00.000000Z,119151.9,119152.0,119132.7,119132.9,23.656
2025-07-14T02:21:00.000000Z,119132.9,119224.6,119132.9,119224.5,42.128
2025-07-14T02:22:00.000000Z,119224.5,119264.7,119218.6,119264.7,118.123
2025-07-14T02:23:00.000000Z,119264.6,119654.7,119264.6,119626.0,1748.451
2025-07-14T02:24:00.000000Z,119625.9,119638.3,119579.7,119590.2,393.675
2025-07-14T02:25:00.000000Z,119590.5,119613.9,119528.3,119589.9,482.599
2025-07-14T02:26:00.000000Z,119589.9,119888.0,119589.9,119810.8,1597.713
2025-07-14T02:27:00.000000Z,119810.8,119895.9,119751.6,119848.1,592.9
2025-07-14T02:28:00.000000Z,119848.1,119866.6,119790.0,119790.0,299.027
2025-07-14T02:29:00.000000Z,119790.0,119838.0,119697.8,119795.1,389.682
2025-07-14T02:30:00.000000Z,119795.1,119928.3,119775.6,119775.6,485.763
2025-07-14T02:31:00.000000Z,119775.0,119776.2,119648.0,119724.9,327.995
2025-07-14T02:32:00.000000Z,119724.9,119742.0,119668.2,119680.0,144.331
2025-07-14T02:33:00.000000Z,119680.0,119758.2,119650.0,119727.4,129.716
2025-07-14T02:34:00.000000Z,119726.8,119726.8,119660.0,119661.3,61.777
2025-07-14T02:35:00.000000Z,119661.3,119687.4,119606.9,119640.0,141.704
2025-07-14T02:36:00.000000Z,119640.1,119683.7,119613.7,119640.0,201.149
2025-07-14T02:37:00.000000Z,119640.0,119656.6,119615.1,119615.1,80.428
2025-07-14T02:38:00.000000Z,119615.2,119656.5,119615.1,119648.3,66.765
2025-07-14T02:39:00.000000Z,119648.2,119756.7,119648.2,119700.1,82.256
2025-07-14T02:40:00.000000Z,119700.1,119748.9,119683.5,119748.8,71.766
2025-07-14T02:41:00.000000Z,119748.8,119757.3,119691.1,119717.3,137.72
2025-07-14T02:42:00.000000Z,119717.4,119753.7,119717.3,119721.0,58.021
2025-07-14T02:43:00.000000Z,119721.1,119769.8,119714.2,119714.2,112.545
2025-07-14T02:44:00.000000Z,119714.3,119733.6,119693.5,119725.6,81.391
2025-07-14T02:45:00.000000Z,119725.6,119740.1,119710.2,119730.6,62.139
2025-07-14T02:46:00.000000Z,119730.7,119842.0,119730.7,119842.0,91.092
2025-07-14T02:47:00.000000Z,119841.9,120000.0,119719.0,119722.5,985.454
2025-07-14T02:48:00.000000Z,119722.9,119738.5,119613.8,119638.5,461.146
2025-07-14T02:49:00.000000Z,119638.5,119638.6,119452.3,119453.8,589.359
2025-07-14T02:50:00.000000Z,119453.8,119597.1,119450.4,119587.6,170.093
2025-07-14T02:51:00.000000Z,119587.6,119593.6,119560.0,119577.6,139.882
2025-07-14T02:52:00.000000Z,119577.5,119656.0,119571.6,119656.0,559.121
2025-07-14T02:53:00.000000Z,119656.0,119738.0,119642.8,119669.8,104.224
2025-07-14T02:54:00.000000Z,119669.8,119674.2,119559.8,119626.5,161.081
2025-07-14T02:55:00.000000Z,119626.6,119672.6,119584.0,119616.9,61.679
2025-07-14T02:56:00.000000Z,119616.9,119623.1,119588.4,119622.9,61.025
2025-07-14T02:57:00.000000Z,119623.0,119648.5,119579.2,119636.3,79.465
2025-07-14T02:58:00.000000Z,119636.3,119663.7,119633.9,119640.9,44.41
2025-07-14T02:59:00.000000Z,119640.8,119647.5,119603.1,119626.4,41.8
2025-07-14T03:00:00.000000Z,119626.4,119635.2,119585.5,119611.2,73.478
2025-07-14T03:01:00.000000Z,119611.1,119626.0,119558.2,119626.0,63.824
2025-07-14T03:02:00.000000Z,119625.9,119666.3,119625.9,119659.9,44.919
2025-07-14T03:03:00.000000Z,119660.0,119742.1,119623.8,119690.2,79.079
2025-07-14T03:04:00.000000Z,119690.3,119744.3,119680.0,119744.2,40.804
2025-07-14T03:05:00.000000Z,119744.3,119792.8,119730.3,119777.0,66.505
2025-07-14T03:06:00.000000Z,119777.0,119790.0,119764.8,119765.0,90.875
2025-07-14T03:07:00.000000Z,119765.0,119786.3,119715.2,119715.2,101.879
2025-07-14T03:08:00.000000Z,119715.2,119777.0,119680.2,119777.0,426.202
2025-07-14T03:09:00.000000Z,119777.0,119777.0,119742.2,119776.9,78.825
2025-07-14T03:10:00.000000Z,119776.9,119803.2,119758.3,119773.7,268.639
2025-07-14T03:11:00.000000Z,119773.7,119828.4,119751.4,119828.4,151.451
2025-07-14T03:12:00.000000Z,119828.3,119880.0,119828.3,119880.0,96.928
2025-07-14T03:13:00.000000Z,119879.9,119907.0,119860.0,119874.5,102.754
2025-07-14T03:14:00.000000Z,119874.6,119874.6,119803.8,119832.9,88.269
2025-07-14T03:15:00.000000Z,119833.0,119866.1,119828.1,119866.0,83.061
2025-07-14T03:16:00.000000Z,119866.1,119866.1,119796.7,119802.7,93.914
2025-07-14T03:17:00.000000Z,119802.7,119860.7,119802.7,119860.6,54.433
2025-07-14T03:18:00.000000Z,119860.6,119903.9,119836.7,119863.8,115.699
2025-07-14T03:19:00.000000Z,119863.7,119863.8,119800.1,119800.2,55.257
2025-07-14T03:20:00.000000Z,119800.1,119889.7,119800.1,119889.7,66.711
2025-07-14T03:21:00.000000Z,119889.6,119937.0,119742.3,119750.8,242.108
2025-07-14T03:22:00.000000Z,119750.8,119804.7,119750.8,119791.1,90.349
2025-07-14T03:23:00.000000Z,119791.0,119848.5,119781.4,119848.5,56.703
2025-07-14T03:24:00.000000Z,119848.4,119848.5,119801.8,119801.9,53.861
2025-07-14T03:25:00.000000Z,119801.8,119843.8,119789.9,119813.7,52.32
2025-07-14T03:26:00.000000Z,119813.8,119845.7,119806.7,119845.7,34.399
2025-07-14T03:27:00.000000Z,119845.7,119855.6,119830.9,119855.6,37.498
2025-07-14T03:28:00.000000Z,119855.5,119922.9,119832.3,119922.9,116.525
2025-07-14T03:29:00.000000Z,119923.0,119923.1,119880.9,119880.9,124.829
2025-07-14T03:30:00.000000Z,119880.9,119939.2,119859.4,119914.8,138.342
2025-07-14T03:31:00.000000Z,119914.8,119920.0,119886.1,119887.0,63.485
2025-07-14T03:32:00.000000Z,119886.9,119894.5,119870.1,119892.0,71.977
2025-07-14T03:33:00.000000Z,119892.0,119892.1,119873.1,119873.2,37.807
2025-07-14T03:34:00.000000Z,119873.1,119873.1,119775.4,119814.8,86.603
2025-07-14T03:35:00.000000Z,119814.7,119881.0,119790.1,119794.7,149.65
2025-07-14T03:36:00.000000Z,119794.8,119799.3,119776.0,119778.5,66.612
2025-07-14T03:37:00.000000Z,119778.5,119865.6,119778.4,119865.6,56.547
2025-07-14T03:38:00.000000Z,119865.6,119947.6,119865.5,119918.9,212.777
2025-07-14T03:39:00.000000Z,119918.9,119978.0,119909.0,119962.1,144.627
2025-07-14T03:40:00.000000Z,119957.3,119957.3,119902.6,119908.5,209.374
2025-07-14T03:41:00.000000Z,119908.5,119960.5,119900.0,119959.8,255.846
2025-07-14T03:42:00.000000Z,119959.8,121325.0,119945.0,120757.3,7082.275
2025-07-14T03:43:00.000000Z,120757.4,121800.0,120703.1,121014.8,4452.493
2025-07-14T03:44:00.000000Z,121014.8,121195.3,120946.0,121149.9,1525.456
2025-07-14T03:45:00.000000Z,121149.8,121199.7,120731.4,120899.5,1497.411
2025-07-14T03:46:00.000000Z,120899.5,121039.5,120815.8,120864.8,650.625
2025-07-14T03:47:00.000000Z,120864.8,120964.2,120770.1,120770.1,395.574
2025-07-14T03:48:00.000000Z,120770.1,120847.5,120632.6,120688.1,354.921
2025-07-14T03:49:00.000000Z,120688.0,120775.0,120627.3,120752.6,389.501
2025-07-14T03:50:00.000000Z,120752.6,120789.6,120684.0,120789.6,272.217
2025-07-14T03:51:00.000000Z,120789.5,120867.1,120744.6,120861.2,187.52
2025-07-14T03:52:00.000000Z,120861.2,120928.7,120832.0,120928.2,335.385
2025-07-14T03:53:00.000000Z,120928.5,121000.0,120886.4,121000.0,456.325
2025-07-14T03:54:00.000000Z,120999.9,121000.0,120900.2,120910.9,230.831
2025-07-14T03:55:00.000000Z,120910.8,120930.0,120848.1,120875.2,210.627
2025-07-14T03:56:00.000000Z,120875.2,120913.4,120838.0,120857.8,151.431
2025-07-14T03:57:00.000000Z,120857.8,120896.8,120760.2,120762.1,190.149
2025-07-14T03:58:00.000000Z,120762.1,120789.3,120717.6,120789.3,131.275
2025-07-14T03:59:00.000000Z,120789.3,120789.3,120706.6,120733.2,153.783
2025-07-14T04:00:00.000000Z,120733.2,120846.1,120733.2,120790.7,385.283
2025-07-14T04:01:00.000000Z,120790.6,120790.7,120655.1,120672.4,233.274
2025-07-14T04:02:00.000000Z,120672.3,120759.0,120638.0,120708.0,181.13
2025-07-14T04:03:00.000000Z,120708.1,120732.9,120652.1,120652.2,190.31
2025-07-14T04:04:00.000000Z,120652.2,120708.5,120636.6,120693.1,88.401
2025-07-14T04:05:00.000000Z,120693.0,120717.8,120657.6,120711.4,141.767
2025-07-14T04:06:00.000000Z,120711.5,120750.0,120657.6,120679.5,141.139
2025-07-14T04:07:00.000000Z,120679.4,120768.0,120626.4,120678.2,200.378
2025-07-14T04:08:00.000000Z,120678.3,120696.8,120614.6,120687.2,105.999
2025-07-14T04:09:00.000000Z,120687.1,120709.6,120657.7,120709.6,45.308
2025-07-14T04:10:00.000000Z,120709.6,120709.6,120612.2,120612.2,79.806
2025-07-14T04:11:00.000000Z,120612.0,120612.1,120565.0,120606.5,151.071
2025-07-14T04:12:00.000000Z,120606.5,120706.6,120515.9,120677.0,255.691
2025-07-14T04:13:00.000000Z,120677.0,120800.0,120661.1,120684.1,251.451
2025-07-14T04:14:00.000000Z,120684.0,120799.8,120670.5,120794.6,92.098
2025-07-14T04:15:00.000000Z,120794.5,120853.8,120794.5,120843.6,121.658
2025-07-14T04:16:00.000000Z,120843.6,120958.6,120839.2,120900.0,270.676
2025-07-14T04:17:00.000000Z,120900.0,120971.0,120890.8,120964.1,135.254
2025-07-14T04:18:00.000000Z,120964.1,121071.3,120963.4,120980.5,262.663
2025-07-14T04:19:00.000000Z,120980.4,120991.6,120823.9,120916.0,522.682
2025-07-14T04:20:00.000000Z,120915.9,120933.8,120804.2,120834.3,352.424
2025-07-14T04:21:00.000000Z,120834.3,120915.3,120807.9,120894.9,69.842
2025-07-14T04:22:00.000000Z,120895.0,120916.1,120846.4,120904.0,83.241
2025-07-14T04:23:00.000000Z,120904.0,120934.8,120900.2,120918.4,59.699
2025-07-14T04:24:00.000000Z,120918.3,120934.8,120910.0,120934.8,44.726
2025-07-14T04:25:00.000000Z,120934.8,120934.8,120888.8,120929.9,65.529
2025-07-14T04:26:00.000000Z,120930.0,120992.0,120929.9,120973.7,210.356
2025-07-14T04:27:00.000000Z,120973.8,121039.9,120939.3,120959.9,168.648
2025-07-14T04:28:00.000000Z,120959.9,120989.9,120948.5,120977.6,53.472
2025-07-14T04:29:00.000000Z,120977.6,120977.6,120922.5,120923.0,56.578
2025-07-14T04:30:00.000000Z,120923.0,120923.1,120824.7,120843.5,230.92
2025-07-14T04:31:00.000000Z,120843.4,120909.1,120818.6,120907.7,71.323
2025-07-14T04:32:00.000000Z,120907.7,120937.2,120864.0,120937.1,134.305
2025-07-14T04:33:00.000000Z,120937.2,120980.0,120923.0,120954.3,55.788
2025-07-14T04:34:00.000000Z,120954.2,121029.8,120954.2,120983.5,111.915
2025-07-14T04:35:00.000000Z,120983.5,120983.6,120937.1,120937.1,66.405
2025-07-14T04:36:00.000000Z,120937.2,121066.0,120919.0,121016.3,152.191
2025-07-14T04:37:00.000000Z,121016.3,121059.7,120927.5,121059.7,113.177
2025-07-14T04:38:00.000000Z,121059.7,121074.2,121025.7,121074.1,119.574
2025-07-14T04:39:00.000000Z,121074.2,121107.3,121000.0,121014.1,162.167
2025-07-14T04:40:00.000000Z,121014.1,121014.1,120895.7,120942.7,355.351
2025-07-14T04:41:00.000000Z,120942.7,121011.0,120942.7,121003.2,76.148
2025-07-14T04:42:00.000000Z,121003.1,121100.1,120983.8,121100.1,153.986
2025-07-14T04:43:00.000000Z,121100.1,121242.6,121100.0,121199.9,585.22
2025-07-14T04:44:00.000000Z,121199.9,121250.0,121171.2,121199.2,198.675
2025-07-14T04:45:00.000000Z,121199.3,121200.0,121128.1,121193.7,138.257
2025-07-14T04:46:00.000000Z,121193.7,121225.9,121166.4,121208.3,178.018
2025-07-14T04:47:00.000000Z,121208.3,121349.4,121208.2,121306.3,357.419
2025-07-14T04:48:00.000000Z,121306.2,121325.5,121229.3,121256.5,167.173
2025-07-14T04:49:00.000000Z,121256.6,121291.0,121245.9,121262.1,109.046
2025-07-14T04:50:00.000000Z,121262.0,121262.1,121225.7,121240.0,84.048
2025-07-14T04:51:00.000000Z,121240.1,121240.1,121203.1,121207.8,84.209
2025-07-14T04:52:00.000000Z,121207.8,121240.1,121203.4,121226.6,60.98
2025-07-14T04:53:00.000000Z,121226.5,121250.0,121226.5,121236.5,64.766
2025-07-14T04:54:00.000000Z,121236.5,121288.2,121217.2,121288.2,105.23
2025-07-14T04:55:00.000000Z,121288.1,121294.3,121252.5,121288.2,69.62
2025-07-14T04:56:00.000000Z,121288.2,121320.0,121285.2,121304.6,141.157
2025-07-14T04:57:00.000000Z,121304.6,121375.0,121304.5,121342.0,134.883
2025-07-14T04:58:00.000000Z,121342.1,121397.3,121319.6,121372.3,213.324
2025-07-14T04:59:00.000000Z,121372.3,121418.2,121368.2,121370.0,224.619
2025-07-14T05:00:00.000000Z,121370.0,121370.1,121302.5,121318.0,119.164
2025-07-14T05:01:00.000000Z,121318.0,121318.0,121187.4,121187.5,353.684
2025-07-14T05:02:00.000000Z,121187.4,121187.4,121113.3,121141.0,184.731
2025-07-14T05:03:00.000000Z,121141.0,121208.1,121116.0,121208.0,94.573
2025-07-14T05:04:00.000000Z,121208.0,121320.3,121202.0,121300.0,184.546
2025-07-14T05:05:00.000000Z,121299.9,121316.6,121269.6,121316.5,94.483
2025-07-14T05:06:00.000000Z,121316.6,121316.6,121235.5,121289.9,68.704
2025-07-14T05:07:00.000000Z,121290.0,121290.6,121251.9,121289.4,50.229
2025-07-14T05:08:00.000000Z,121289.4,121289.4,121251.9,121255.1,44.811
2025-07-14T05:09:00.000000Z,121255.1,121255.2,121182.6,121204.7,118.813
2025-07-14T05:10:00.000000Z,121204.8,121255.0,121204.7,121255.0,49.644
2025-07-14T05:11:00.000000Z,121255.0,121308.0,121217.2,121308.0,92.624
2025-07-14T05:12:00.000000Z,121308.0,121333.5,121303.7,121333.4,91.474
2025-07-14T05:13:00.000000Z,121333.4,121444.0,121333.4,121399.8,226.852
2025-07-14T05:14:00.000000Z,121399.8,121446.7,121399.8,121446.7,105.529
2025-07-14T05:15:00.000000Z,121446.6,121560.0,121446.6,121482.7,446.738
2025-07-14T05:16:00.000000Z,121482.6,121482.7,121333.0,121392.3,379.111
2025-07-14T05:17:00.000000Z,121392.3,121427.0,121374.7,121408.5,75.098
2025-07-14T05:18:00.000000Z,121408.4,121439.6,121400.0,121439.6,152.604
2025-07-14T05:19:00.000000Z,121439.5,121439.6,121400.0,121408.5,113.972
2025-07-14T05:20:00.000000Z,121408.4,121500.0,121402.4,121490.0,157.312
2025-07-14T05:21:00.000000Z,121489.9,121685.9,121446.9,121469.4,787.304
2025-07-14T05:22:00.000000Z,121469.3,122147.8,121463.6,121857.9,3587.512
2025-07-14T05:23:00.000000Z,121857.9,122355.7,121783.5,122097.3,2142.978
2025-07-14T05:24:00.000000Z,122097.2,122814.9,121938.2,122421.7,3252.546
2025-07-14T05:25:00.000000Z,122421.7,122490.9,122212.5,122447.7,1201.228
2025-07-14T05:26:00.000000Z,122447.6,122475.7,122370.2,122459.5,447.367
2025-07-14T05:27:00.000000Z,122459.5,122609.5,122400.0,122438.5,939.406
2025-07-14T05:28:00.000000Z,122438.5,122442.3,122294.1,122310.5,477.329
2025-07-14T05:29:00.000000Z,122310.5,122366.9,122240.9,122307.9,347.005
2025-07-14T05:30:00.000000Z,122307.9,122382.9,122167.4,122246.3,391.295
2025-07-14T05:31:00.000000Z,122246.2,122419.1,122210.0,122370.4,346.111
2025-07-14T05:32:00.000000Z,122370.4,122442.5,122350.0,122392.2,224.95
2025-07-14T05:33:00.000000Z,122392.3,122454.9,122201.3,122360.3,489.906
2025-07-14T05:34:00.000000Z,122360.6,122398.0,122300.1,122332.5,167.864
2025-07-14T05:35:00.000000Z,122332.5,122387.8,122293.5,122378.9,159.511
2025-07-14T05:36:00.000000Z,122378.9,122383.4,122255.0,122317.7,201.729
2025-07-14T05:37:00.000000Z,122317.6,122374.3,122265.5,122310.0,206.174
2025-07-14T05:38:00.000000Z,122309.9,122337.9,122280.0,122309.0,324.13
2025-07-14T05:39:00.000000Z,122308.9,122321.6,122160.0,122200.0,282.488
2025-07-14T05:40:00.000000Z,122200.0,122300.0,122155.2,122237.1,330.343
2025-07-14T05:41:00.000000Z,122237.0,122297.7,122233.0,122234.3,105.094
2025-07-14T05:42:00.000000Z,122234.4,122249.8,122094.1,122242.7,345.663
2025-07-14T05:43:00.000000Z,122242.6,122288.0,122193.8,122288.0,114.759
2025-07-14T05:44:00.000000Z,122288.0,122311.8,122220.2,122288.7,173.452
2025-07-14T05:45:00.000000Z,122288.7,122288.7,122200.0,122245.2,196.65
2025-07-14T05:46:00.000000Z,122245.2,122245.3,122200.0,122225.0,139.501
2025-07-14T05:47:00.000000Z,122224.9,122241.0,122172.6,122176.4,352.269
2025-07-14T05:48:00.000000Z,122176.3,122176.4,121952.6,122077.3,487.119
2025-07-14T05:49:00.000000Z,122077.3,122077.3,121895.8,121897.4,887.266
2025-07-14T05:50:00.000000Z,121897.4,121982.8,121877.0,121982.8,561.212
2025-07-14T05:51:00.000000Z,121982.8,122088.7,121939.6,122037.3,235.325
2025-07-14T05:52:00.000000Z,122037.3,122037.4,121935.8,121962.9,170.113
2025-07-14T05:53:00.000000Z,121963.0,122203.0,121903.8,122187.2,603.161
2025-07-14T05:54:00.000000Z,122187.1,122496.6,122187.1,122324.2,1241.791
2025-07-14T05:55:00.000000Z,122324.2,122450.1,122248.2,122450.1,350.599
2025-07-14T05:56:00.000000Z,122450.1,122467.4,122304.9,122306.1,284.846
2025-07-14T05:57:00.000000Z,122306.1,122495.8,122306.1,122463.6,244.577
2025-07-14T05:58:00.000000Z,122463.6,122489.4,122416.2,122458.9,131.754
2025-07-14T05:59:00.000000Z,122458.9,122479.0,122426.4,122447.4,199.588
2025-07-14T06:00:00.000000Z,122447.4,122457.0,122366.5,122431.4,258.973
2025-07-14T06:01:00.000000Z,122431.5,122445.8,122357.0,122357.0,105.262
2025-07-14T06:02:00.000000Z,122357.0,122357.1,122268.4,122286.8,144.807
2025-07-14T06:03:00.000000Z,122286.7,122300.0,122263.5,122268.6,101.485
2025-07-14T06:04:00.000000Z,122268.5,122268.5,122000.0,122192.7,1100.231
2025-07-14T06:05:00.000000Z,122192.6,122220.0,122147.7,122208.9,135.485
2025-07-14T06:06:00.000000Z,122208.4,122211.0,122174.6,122181.6,104.889
2025-07-14T06:07:00.000000Z,122181.6,122190.1,122153.8,122154.5,51.162
2025-07-14T06:08:00.000000Z,122154.4,122181.8,122125.1,122175.7,87.228
2025-07-14T06:09:00.000000Z,122175.6,122190.0,122154.5,122154.6,70.112
2025-07-14T06:10:00.000000Z,122154.6,122154.6,122038.2,122038.3,153.954
2025-07-14T06:11:00.000000Z,122038.3,122107.3,122038.2,122088.0,90.74
2025-07-14T06:12:00.000000Z,122088.1,122088.1,122023.6,122031.2,99.495
2025-07-14T06:13:00.000000Z,122031.3,122242.3,122023.2,122140.4,510.891
2025-07-14T06:14:00.000000Z,122140.4,122188.9,122100.5,122123.1,93.648
2025-07-14T06:15:00.000000Z,122123.1,122224.7,122115.1,122224.1,121.311
2025-07-14T06:16:00.000000Z,122224.1,122267.6,122148.1,122150.1,139.08
2025-07-14T06:17:00.000000Z,122150.2,122187.1,122089.8,122187.1,79.687
2025-07-14T06:18:00.000000Z,122187.1,122206.7,122156.6,122206.6,77.779
2025-07-14T06:19:00.000000Z,122206.7,122253.5,122186.5,122253.5,106.363
2025-07-14T06:20:00.000000Z,122253.5,122390.3,122237.0,122347.7,339.596
2025-07-14T06:21:00.000000Z,122347.7,122367.1,122274.6,122310.6,261.942
2025-07-14T06:22:00.000000Z,122310.7,122349.6,122300.1,122349.6,57.702
2025-07-14T06:23:00.000000Z,122349.5,122436.6,122349.5,122404.6,157.968
2025-07-14T06:24:00.000000Z,122404.7,122410.8,122364.1,122390.1,65.291
2025-07-14T06:25:00.000000Z,122390.0,122420.6,122371.9,122371.9,111.177
2025-07-14T06:26:00.000000Z,122371.9,122382.2,122366.0,122376.0,47.747
2025-07-14T06:27:00.000000Z,122375.9,122415.1,122375.9,122414.5,79.458
2025-07-14T06:28:00.000000Z,122414.5,122417.2,122379.4,122382.6,62.023
2025-07-14T06:29:00.000000Z,122382.6,122417.2,122350.0,122413.8,90.429
2025-07-14T06:30:00.000000Z,122413.9,122413.9,122239.2,122239.2,82.25
2025-07-14T06:31:00.000000Z,122239.3,122239.3,122121.8,122150.0,101.826
2025-07-14T06:32:00.000000Z,122150.0,122183.1,122120.2,122168.4,61.439
2025-07-14T06:33:00.000000Z,122168.3,122229.8,122168.3,122229.7,53.418
2025-07-14T06:34:00.000000Z,122229.7,122229.8,122189.5,122189.6,41.899
2025-07-14T06:35:00.000000Z,122189.5,122207.9,122172.7,122194.0,55.392
2025-07-14T06:36:00.000000Z,122194.1,122230.7,122168.8,122207.8,85.691
2025-07-14T06:37:00.000000Z,122207.8,122208.4,122133.6,122133.7,55.301
2025-07-14T06:38:00.000000Z,122133.6,122133.7,122101.0,122108.8,66.309
2025-07-14T06:39:00.000000Z,122108.9,122111.0,122077.0,122091.6,76.817
2025-07-14T06:40:00.000000Z,122091.6,122267.0,122091.5,122210.9,378.881
2025-07-14T06:41:00.000000Z,122210.9,122211.0,122158.0,122179.2,44.272
2025-07-14T06:42:00.000000Z,122179.2,122179.2,122099.5,122099.6,79.037
2025-07-14T06:43:00.000000Z,122099.6,122108.8,122077.0,122108.8,62.779
2025-07-14T06:44:00.000000Z,122108.7,122156.2,122101.0,122133.7,111.517
2025-07-14T06:45:00.000000Z,122133.8,122173.0,122116.9,122117.0,117.672
2025-07-14T06:46:00.000000Z,122116.9,122162.2,122101.5,122162.2,50.353
2025-07-14T06:47:00.000000Z,122162.2,122162.2,122067.5,122096.9,150.861
2025-07-14T06:48:00.000000Z,122097.0,122097.0,122076.7,122093.9,46.773
2025-07-14T06:49:00.000000Z,122093.9,122128.0,122093.9,122106.2,53.778
2025-07-14T06:50:00.000000Z,122106.2,122118.2,122100.0,122118.2,37.969
2025-07-14T06:51:00.000000Z,122118.2,122118.2,122087.8,122117.0,69.546
2025-07-14T06:52:00.000000Z,122117.0,122117.0,122077.2,122101.8,41.644
2025-07-14T06:53:00.000000Z,122101.9,122101.9,122092.1,122092.1,24.127
2025-07-14T06:54:00.000000Z,122092.1,122097.1,122047.8,122047.8,172.718
2025-07-14T06:55:00.000000Z,122047.9,122087.2,122044.3,122086.5,119.263
2025-07-14T06:56:00.000000Z,122086.5,122092.0,122072.3,122091.9,41.963
2025-07-14T06:57:00.000000Z,122092.0,122092.0,122069.6,122069.7,37.507
2025-07-14T06:58:00.000000Z,122069.6,122097.1,122069.6,122097.0,39.846
2025-07-14T06:59:00.000000Z,122097.0,122124.1,122097.0,122124.0,48.541
2025-07-14T07:00:00.000000Z,122124.1,122179.0,122113.6,122128.2,124.097
2025-07-14T07:01:00.000000Z,122128.2,122170.4,122128.1,122128.1,49.876
2025-07-14T07:02:00.000000Z,122128.2,122137.5,122091.2,122091.3,81.543
2025-07-14T07:03:00.000000Z,122091.2,122120.6,122087.7,122114.8,65.558
2025-07-14T07:04:00.000000Z,122114.8,122131.4,122114.7,122114.8,61.627
2025-07-14T07:05:00.000000Z,122114.8,122307.0,122101.8,122294.7,304.481
2025-07-14T07:06:00.000000Z,122294.7,122294.7,122176.2,122176.2,192.129
2025-07-14T07:07:00.000000Z,122176.3,122191.7,122144.6,122170.6,71.924
2025-07-14T07:08:00.000000Z,122170.6,122300.0,122170.6,122300.0,66.697
2025-07-14T07:09:00.000000Z,122300.0,122368.0,122293.2,122367.5,82.261
2025-07-14T07:10:00.000000Z,122367.5,122436.9,122280.0,122280.1,378.393
2025-07-14T07:11:00.000000Z,122280.0,122300.0,122243.6,122256.3,71.888
2025-07-14T07:12:00.000000Z,122256.4,122329.4,122256.3,122329.3,106.946
2025-07-14T07:13:00.000000Z,122329.4,122335.7,122260.0,122268.4,182.436
2025-07-14T07:14:00.000000Z,122268.5,122277.4,122210.0,122210.0,71.059
2025-07-14T07:15:00.000000Z,122210.0,122266.1,122196.4,122266.0,68.893
2025-07-14T07:16:00.000000Z,122266.1,122266.1,122208.2,122240.0,39.851
2025-07-14T07:17:00.000000Z,122240.1,122306.0,122240.1,122250.0,63.428
2025-07-14T07:18:00.000000Z,122250.0,122281.9,122228.7,122281.9,48.463
2025-07-14T07:19:00.000000Z,122281.8,122342.8,122281.8,122329.3,56.133
2025-07-14T07:20:00.000000Z,122329.3,122370.3,122324.0,122370.3,81.968
2025-07-14T07:21:00.000000Z,122370.2,122370.3,122326.3,122363.4,86.64
2025-07-14T07:22:00.000000Z,122363.3,122399.0,122363.3,122398.9,82.892
2025-07-14T07:23:00.000000Z,122399.0,122436.9,122328.5,122332.4,151.144
2025-07-14T07:24:00.000000Z,122332.5,122444.0,122332.5,122370.7,152.979
2025-07-14T07:25:00.000000Z,122370.7,122370.8,122287.9,122293.4,53.646
2025-07-14T07:26:00.000000Z,122293.4,122357.9,122268.0,122357.9,71.931
2025-07-14T07:27:00.000000Z,122357.9,122360.9,122322.9,122322.9,46.87
2025-07-14T07:28:00.000000Z,122322.9,122326.5,122311.8,122321.1,33.779
2025-07-14T07:29:00.000000Z,122321.1,122345.3,122290.5,122290.6,42.736
2025-07-14T07:30:00.000000Z,122290.5,122354.8,122290.5,122354.7,84.893
2025-07-14T07:31:00.000000Z,122354.8,122379.9,122337.3,122343.8,145.775
2025-07-14T07:32:00.000000Z,122343.7,122450.0,122343.7,122449.9,73.381
2025-07-14T07:33:00.000000Z,122450.0,122524.3,122436.1,122452.3,303.693
2025-07-14T07:34:00.000000Z,122452.3,122583.2,122452.3,122516.5,242.136
2025-07-14T07:35:00.000000Z,122516.5,122567.0,122516.4,122550.0,149.633
2025-07-14T07:36:00.000000Z,122549.9,122839.8,122546.9,122679.8,1098.687
2025-07-14T07:37:00.000000Z,122679.8,122768.0,122591.7,122748.6,476.844
2025-07-14T07:38:00.000000Z,122748.6,123300.0,122746.1,123198.4,2204.942
2025-07-14T07:39:00.000000Z,123198.4,123198.4,122886.7,122894.1,966.997
2025-07-14T07:40:00.000000Z,122894.0,123057.4,122894.0,122984.6,451.997
2025-07-14T07:41:00.000000Z,122984.5,123015.5,122912.6,123008.0,349.357
2025-07-14T07:42:00.000000Z,123008.0,123100.0,122988.3,123074.7,321.265
2025-07-14T07:43:00.000000Z,123074.7,123074.8,122920.1,122920.2,230.188
2025-07-14T07:44:00.000000Z,122920.2,122920.2,122848.0,122858.1,241.395
2025-07-14T07:45:00.000000Z,122858.0,122858.0,122765.9,122809.7,177.15
2025-07-14T07:46:00.000000Z,122809.6,122829.1,122759.7,122768.5,156.756
2025-07-14T07:47:00.000000Z,122768.4,122768.5,122649.2,122767.0,276.814
2025-07-14T07:48:00.000000Z,122766.9,122846.1,122741.3,122789.3,138.587
2025-07-14T07:49:00.000000Z,122789.2,122897.4,122757.4,122896.5,136.559
2025-07-14T07:50:00.000000Z,122896.4,122896.5,122801.8,122801.8,115.539
2025-07-14T07:51:00.000000Z,122801.5,122801.6,122730.1,122730.1,113.062
2025-07-14T07:52:00.000000Z,122730.1,122777.8,122692.4,122760.6,166.081
2025-07-14T07:53:00.000000Z,122760.5,122923.0,122760.5,122922.7,181.511
2025-07-14T07:54:00.000000Z,122922.7,122966.7,122904.1,122920.0,181.567
2025-07-14T07:55:00.000000Z,122920.0,122920.1,122860.8,122864.4,104.072
2025-07-14T07:56:00.000000Z,122864.4,122864.5,122746.9,122800.0,145.946
2025-07-14T07:57:00.000000Z,122800.0,122806.8,122761.9,122787.6,49.126
2025-07-14T07:58:00.000000Z,122787.6,122810.0,122707.9,122707.9,83.275
2025-07-14T07:59:00.000000Z,122707.9,122738.0,122679.0,122731.0,144.856
2025-07-14T08:00:00.000000Z,122731.0,122772.7,122660.0,122669.0,156.309
2025-07-14T08:01:00.000000Z,122669.1,122699.5,122600.0,122640.0,231.719
2025-07-14T08:02:00.000000Z,122639.9,122640.0,122589.8,122589.9,144.827
2025-07-14T08:03:00.000000Z,122589.8,122609.7,122572.2,122582.8,133.674
2025-07-14T08:04:00.000000Z,122582.7,122582.8,122500.0,122500.0,236.894
2025-07-14T08:05:00.000000Z,122500.0,122507.6,122427.6,122457.4,293.775
2025-07-14T08:06:00.000000Z,122457.4,122516.3,122444.9,122476.8,142.793
2025-07-14T08:07:00.000000Z,122476.8,122516.5,122476.7,122512.4,78.362
2025-07-14T08:08:00.000000Z,122512.4,122541.8,122471.0,122471.0,111.946
2025-07-14T08:09:00.000000Z,122471.0,122471.1,122421.1,122449.6,136.338
2025-07-14T08:10:00.000000Z,122449.5,122450.0,122346.0,122364.4,150.154
2025-07-14T08:11:00.000000Z,122364.5,122440.9,122327.7,122409.5,163.618
2025-07-14T08:12:00.000000Z,122409.6,122409.6,122363.9,122380.0,94.548
2025-07-14T08:13:00.000000Z,122380.1,122399.9,122360.1,122379.0,53.888
2025-07-14T08:14:00.000000Z,122379.0,122419.1,122373.8,122385.1,58.653
2025-07-14T08:15:00.000000Z,122385.1,122408.1,122371.6,122371.8,64.227
2025-07-14T08:16:00.000000Z,122371.7,122415.6,122350.0,122381.4,91.491
2025-07-14T08:17:00.000000Z,122381.5,122420.0,122361.8,122420.0,74.872
2025-07-14T08:18:00.000000Z,122420.0,122454.2,122382.2,122445.1,88.679
2025-07-14T08:19:00.000000Z,122445.1,122516.6,122445.0,122512.6,102.377
2025-07-14T08:20:00.000000Z,122512.6,122512.7,122438.2,122438.3,70.777
2025-07-14T08:21:00.000000Z,122438.2,122438.3,122280.5,122305.7,120.425
2025-07-14T08:22:00.000000Z,122305.8,122341.1,122275.6,122323.2,124.557
2025-07-14T08:23:00.000000Z,122323.2,122358.0,122301.3,122356.1,107.929
2025-07-14T08:24:00.000000Z,122356.1,122373.8,122330.3,122342.7,35.378
2025-07-14T08:25:00.000000Z,122342.7,122379.6,122312.9,122379.6,92.413
2025-07-14T08:26:00.000000Z,122379.6,122406.6,122360.8,122362.8,36.71
2025-07-14T08:27:00.000000Z,122363.6,122402.4,122339.7,122339.8,58.869
2025-07-14T08:28:00.000000Z,122339.7,122422.0,122332.6,122422.0,69.972
2025-07-14T08:29:00.000000Z,122421.9,122424.5,122397.5,122424.5,56.207
2025-07-14T08:30:00.000000Z,122424.5,122534.5,122424.4,122533.8,142.169
2025-07-14T08:31:00.000000Z,122533.7,122579.8,122502.4,122559.8,137.852
2025-07-14T08:32:00.000000Z,122559.8,122593.7,122530.2,122574.8,88.712
2025-07-14T08:33:00.000000Z,122574.7,122595.3,122553.5,122591.9,65.929
2025-07-14T08:34:00.000000Z,122591.8,122591.9,122500.0,122500.1,50.247
2025-07-14T08:35:00.000000Z,122500.0,122529.0,122432.5,122483.9,144.156
2025-07-14T08:36:00.000000Z,122484.0,122532.5,122483.9,122513.8,49.617
2025-07-14T08:37:00.000000Z,122513.9,122532.5,122495.4,122512.3,62.723
2025-07-14T08:38:00.000000Z,122512.3,122532.5,122512.3,122522.4,27.955
2025-07-14T08:39:00.000000Z,122522.5,122567.4,122518.8,122567.3,42.124
2025-07-14T08:40:00.000000Z,122567.3,122585.2,122551.2,122563.6,64.33
2025-07-14T08:41:00.000000Z,122563.5,122620.0,122563.5,122614.1,86.004
2025-07-14T08:42:00.000000Z,122614.2,122632.3,122600.0,122632.2,63.836
2025-07-14T08:43:00.000000Z,122632.2,122639.8,122629.9,122638.0,108.441
2025-07-14T08:44:00.000000Z,122638.1,122664.9,122638.0,122641.0,92.661
2025-07-14T08:45:00.000000Z,122641.0,122673.5,122639.8,122639.9,114.721
2025-07-14T08:46:00.000000Z,122639.9,122639.9,122566.5,122594.4,103.616
2025-07-14T08:47:00.000000Z,122594.4,122594.5,122550.8,122554.7,76.634
2025-07-14T08:48:00.000000Z,122554.7,122574.3,122539.8,122539.8,165.821
2025-07-14T08:49:00.000000Z,122539.8,122596.5,122539.7,122596.5,66.239
2025-07-14T08:50:00.000000Z,122596.4,122673.5,122596.4,122673.4,67.951
2025-07-14T08:51:00.000000Z,122673.4,122687.9,122644.9,122660.0,61.496
2025-07-14T08:52:00.000000Z,122660.0,122660.0,122585.4,122617.2,106.824
2025-07-14T08:53:00.000000Z,122617.3,122692.3,122617.2,122651.5,44.489
2025-07-14T08:54:00.000000Z,122651.5,122651.5,122551.9,122552.0,96.185
2025-07-14T08:55:00.000000Z,122551.9,122562.1,122527.0,122535.1,63.784
2025-07-14T08:56:00.000000Z,122535.1,122535.1,122495.3,122517.7,283.155
2025-07-14T08:57:00.000000Z,122517.7,122584.1,122517.7,122567.5,68.569
2025-07-14T08:58:00.000000Z,122567.5,122567.5,122544.1,122555.2,43.893
2025-07-14T08:59:00.000000Z,122555.2,122575.7,122555.1,122560.1,34.421
2025-07-14T09:00:00.000000Z,122560.0,122566.0,122542.3,122542.3,46.049
2025-07-14T09:01:00.000000Z,122542.3,122542.3,122500.0,122500.0,49.143
2025-07-14T09:02:00.000000Z,122500.0,122515.7,122444.9,122457.4,108.281
2025-07-14T09:03:00.000000Z,122456.8,122474.4,122445.3,122474.3,53.373
2025-07-14T09:04:00.000000Z,122474.2,122474.3,122474.2,122474.3,19.845
2025-07-14T09:05:00.000000Z,122474.3,122491.4,122450.7,122450.7,56.394
2025-07-14T09:06:00.000000Z,122450.7,122471.1,122436.0,122471.1,49.679
2025-07-14T09:07:00.000000Z,122471.2,122474.3,122471.2,122474.2,14.621
2025-07-14T09:08:00.000000Z,122474.2,122515.6,122463.3,122463.3,71.799
2025-07-14T09:09:00.000000Z,122463.4,122469.9,122400.0,122428.6,93.413
2025-07-14T09:10:00.000000Z,122428.7,122428.7,122378.2,122385.8,86.308
2025-07-14T09:11:00.000000Z,122385.7,122396.9,122362.7,122362.8,41.621
2025-07-14T09:12:00.000000Z,122362.7,122362.8,122185.0,122185.0,355.656
2025-07-14T09:13:00.000000Z,122185.1,122331.8,122185.0,122268.2,144.947
2025-07-14T09:14:00.000000Z,122268.3,122268.3,122219.0,122246.8,114.353
2025-07-14T09:15:00.000000Z,122246.8,122277.5,122194.4,122215.8,178.19
2025-07-14T09:16:00.000000Z,122215.8,122240.1,122169.9,122240.1,225.953
2025-07-14T09:17:00.000000Z,122240.0,122240.3,122179.8,122180.0,102.147
2025-07-14T09:18:00.000000Z,122180.1,122180.1,122105.1,122105.1,205.232
2025-07-14T09:19:00.000000Z,122105.2,122164.0,122105.1,122147.4,218.463
2025-07-14T09:20:00.000000Z,122147.4,122206.0,122140.4,122188.4,133.716
2025-07-14T09:21:00.000000Z,122188.4,122255.0,122188.3,122255.0,65.75
2025-07-14T09:22:00.000000Z,122255.0,122288.0,122227.4,122227.4,70.087
2025-07-14T09:23:00.000000Z,122227.4,122227.5,122183.9,122183.9,54.851
2025-07-14T09:24:00.000000Z,122184.0,122196.2,122099.9,122108.6,379.582
2025-07-14T09:25:00.000000Z,122108.6,122131.3,122069.9,122088.6,154.596
2025-07-14T09:26:00.000000Z,122088.6,122169.9,122088.6,122100.9,132.215
2025-07-14T09:27:00.000000Z,122100.8,122110.9,122100.8,122110.6,45.99
2025-07-14T09:28:00.000000Z,122110.6,122125.5,121930.0,121942.2,695.22
2025-07-14T09:29:00.000000Z,121942.2,122005.4,121879.0,122000.0,447.187
2025-07-14T09:30:00.000000Z,122000.0,122000.0,121924.3,121943.6,88.031
2025-07-14T09:31:00.000000Z,121943.5,122026.2,121943.5,122021.7,114.258
2025-07-14T09:32:00.000000Z,122021.8,122104.6,122021.8,122067.6,109.532
2025-07-14T09:33:00.000000Z,122067.6,122153.8,122067.6,122129.6,168.953
2025-07-14T09:34:00.000000Z,122129.6,122139.4,122099.3,122137.8,43.396
2025-07-14T09:35:00.000000Z,122137.8,122218.8,122121.4,122130.0,148.616
2025-07-14T09:36:00.000000Z,122130.0,122140.0,122120.0,122120.0,38.774
2025-07-14T09:37:00.000000Z,122120.0,122130.1,122055.3,122055.3,79.984
2025-07-14T09:38:00.000000Z,122055.4,122068.1,122001.9,122030.1,147.227
2025-07-14T09:39:00.000000Z,122030.2,122052.2,122030.1,122032.0,70.83
2025-07-14T09:40:00.000000Z,122031.9,122031.9,121968.6,121968.6,61.027
2025-07-14T09:41:00.000000Z,121968.6,121968.7,121840.0,121929.0,341.287
2025-07-14T09:42:00.000000Z,121929.0,121968.1,121929.0,121968.1,90.976
2025-07-14T09:43:00.000000Z,121968.1,122099.7,121968.0,122036.1,215.144
2025-07-14T09:44:00.000000Z,122036.2,122090.0,121988.2,121988.2,109.545
2025-07-14T09:45:00.000000Z,121988.3,122004.0,121909.0,121910.2,141.688
2025-07-14T09:46:00.000000Z,121910.3,122204.7,121908.5,122051.5,599.216
2025-07-14T09:47:00.000000Z,122051.4,122091.0,121991.3,121997.2,140.986
2025-07-14T09:48:00.000000Z,121997.2,122054.5,121997.1,122033.7,67.186
2025-07-14T09:49:00.000000Z,122033.6,122153.8,122033.6,122130.4,287.333
2025-07-14T09:50:00.000000Z,122130.3,122130.3,122061.5,122114.5,91.208
2025-07-14T09:51:00.000000Z,122114.5,122124.0,122101.0,122101.3,58.323
2025-07-14T09:52:00.000000Z,122101.3,122101.3,122077.8,122077.9,33.149
2025-07-14T09:53:00.000000Z,122077.8,122077.9,121978.7,122030.1,142.441
2025-07-14T09:54:00.000000Z,122030.1,122030.1,121994.5,122009.4,74.245
2025-07-14T09:55:00.000000Z,122009.3,122009.3,121946.9,121968.8,115.065
2025-07-14T09:56:00.000000Z,121968.7,121994.9,121955.0,121994.9,60.557
2025-07-14T09:57:00.000000Z,121994.9,121994.9,121944.2,121952.4,70.231
2025-07-14T09:58:00.000000Z,121952.3,121985.8,121952.3,121979.9,63.123
2025-07-14T09:59:00.000000Z,121980.0,121980.0,121979.9,121979.9,24.616
2025-07-14T10:00:00.000000Z,121980.0,121980.0,121957.0,121957.0,56.58
2025-07-14T10:01:00.000000Z,121957.1,121980.9,121951.5,121951.6,45.53
2025-07-14T10:02:00.000000Z,121951.5,121970.3,121912.0,121948.5,142.565
2025-07-14T10:03:00.000000Z,121948.5,121948.6,121900.7,121945.1,122.809
2025-07-14T10:04:00.000000Z,121945.1,121945.2,121900.0,121900.0,100.522
2025-07-14T10:05:00.000000Z,121900.1,121900.1,121750.5,121753.1,421.312
2025-07-14T10:06:00.000000Z,121753.2,121800.0,121753.1,121787.8,141.407
2025-07-14T10:07:00.000000Z,121787.8,121787.9,121649.9,121700.0,442.679
2025-07-14T10:08:00.000000Z,121700.0,121700.1,121620.7,121659.2,227.514
2025-07-14T10:09:00.000000Z,121659.1,121699.9,121659.1,121676.0,139.427
2025-07-14T10:10:00.000000Z,121676.0,121810.9,121675.9,121809.0,215.393
2025-07-14T10:11:00.000000Z,121809.1,121860.0,121803.1,121847.3,99.482
2025-07-14T10:12:00.000000Z,121847.2,121847.2,121780.0,121780.0,94.956
2025-07-14T10:13:00.000000Z,121780.1,121838.3,121780.0,121811.9,71.386
2025-07-14T10:14:00.000000Z,121811.9,121823.6,121796.0,121796.1,36.311
2025-07-14T10:15:00.000000Z,121796.1,121835.4,121778.1,121804.4,80.243
2025-07-14T10:16:00.000000Z,121804.3,121804.4,121750.3,121750.3,58.981
2025-07-14T10:17:00.000000Z,121750.3,121788.0,121744.0,121787.9,45.783
2025-07-14T10:18:00.000000Z,121788.0,121793.2,121761.9,121793.0,33.867
2025-07-14T10:19:00.000000Z,121793.0,121940.9,121787.7,121909.9,325.989
2025-07-14T10:20:00.000000Z,121910.0,121931.2,121860.2,121860.3,114.77
2025-07-14T10:21:00.000000Z,121860.3,121900.0,121860.3,121887.6,37.585
2025-07-14T10:22:00.000000Z,121887.7,121945.1,121868.7,121945.1,65.029
2025-07-14T10:23:00.000000Z,121945.1,121945.1,121918.7,121921.8,51.435
2025-07-14T10:24:00.000000Z,121921.8,121936.2,121915.4,121915.5,38.639
2025-07-14T10:25:00.000000Z,121915.5,121980.0,121915.4,121968.1,75.427
2025-07-14T10:26:00.000000Z,121968.1,122000.0,121956.0,121968.0,167.364
2025-07-14T10:27:00.000000Z,121968.1,121968.1,121900.0,121900.9,203.278
2025-07-14T10:28:00.000000Z,121900.9,121939.1,121900.9,121924.8,47.062
2025-07-14T10:29:00.000000Z,121924.8,121940.4,121924.7,121924.7,30.405
2025-07-14T10:30:00.000000Z,121924.7,121924.8,121885.6,121885.6,40.6
2025-07-14T10:31:00.000000Z,121885.7,121950.0,121885.6,121912.5,99.602
2025-07-14T10:32:00.000000Z,121912.4,121912.5,121861.7,121878.5,46.957
2025-07-14T10:33:00.000000Z,121878.5,121967.4,121878.4,121917.3,142.542
2025-07-14T10:34:00.000000Z,121917.4,122000.0,121917.3,121981.7,138.572
2025-07-14T10:35:00.000000Z,121981.7,122007.0,121944.4,122003.4,115.304
2025-07-14T10:36:00.000000Z,122003.3,122093.1,121998.9,122049.7,370.151
2025-07-14T10:37:00.000000Z,122049.7,122091.8,122015.2,122091.8,131.423
2025-07-14T10:38:00.000000Z,122091.7,122127.2,122042.9,122060.5,160.166
2025-07-14T10:39:00.000000Z,122060.6,122149.8,122060.5,122117.7,182.818
2025-07-14T10:40:00.000000Z,122117.7,122117.7,122050.0,122101.2,160.939
2025-07-14T10:41:00.000000Z,122101.1,122101.2,122050.0,122080.3,55.205
2025-07-14T10:42:00.000000Z,122080.3,122092.9,122066.2,122080.6,91.69
2025-07-14T10:43:00.000000Z,122080.6,122080.6,122024.7,122024.8,80.38
2025-07-14T10:44:00.000000Z,122024.8,122054.7,122011.5,122054.7,102.22
2025-07-14T10:45:00.000000Z,122054.7,122054.7,122022.4,122022.5,22.148
2025-07-14T10:46:00.000000Z,122022.5,122091.1,122022.5,122040.8,60.578
2025-07-14T10:47:00.000000Z,122040.9,122057.2,122000.0,122000.0,77.706
2025-07-14T10:48:00.000000Z,122000.0,122030.1,122000.0,122030.1,46.277
2025-07-14T10:49:00.000000Z,122030.0,122030.0,121957.9,121957.9,70.91
2025-07-14T10:50:00.000000Z,121957.9,121959.9,121924.1,121924.2,51.075
2025-07-14T10:51:00.000000Z,121924.2,121948.6,121924.1,121927.4,37.822
2025-07-14T10:52:00.000000Z,121927.3,121941.8,121927.3,121941.8,36.573
2025-07-14T10:53:00.000000Z,121941.8,121941.8,121926.6,121928.4,15.581
2025-07-14T10:54:00.000000Z,121928.4,121941.4,121925.4,121941.3,22.044
2025-07-14T10:55:00.000000Z,121941.3,121958.8,121926.2,121934.6,47.078
2025-07-14T10:56:00.000000Z,121934.5,121948.8,121934.5,121941.4,16.539
2025-07-14T10:57:00.000000Z,121941.5,121974.0,121941.4,121955.0,58.23
2025-07-14T10:58:00.000000Z,121955.0,121955.0,121912.0,121912.0,59.356
2025-07-14T10:59:00.000000Z,121912.1,121912.1,121905.5,121911.8,35.493
2025-07-14T11:00:00.000000Z,121911.8,121911.8,121825.2,121833.3,115.929
2025-07-14T11:01:00.000000Z,121833.3,121833.4,121774.0,121774.0,116.769
2025-07-14T11:02:00.000000Z,121774.1,121799.3,121774.0,121799.3,50.639
2025-07-14T11:03:00.000000Z,121799.2,121892.2,121799.2,121842.9,64.213
2025-07-14T11:04:00.000000Z,121842.8,121854.6,121812.1,121827.5,36.356
2025-07-14T11:05:00.000000Z,121827.5,121850.0,121811.0,121811.1,31.635
2025-07-14T11:06:00.000000Z,121811.1,121853.6,121800.0,121800.0,38.714
2025-07-14T11:07:00.000000Z,121800.1,121821.5,121778.4,121778.4,39.933
2025-07-14T11:08:00.000000Z,121778.4,121804.6,121770.2,121804.6,37.356
2025-07-14T11:09:00.000000Z,121804.5,121817.2,121783.2,121801.2,55.324
2025-07-14T11:10:00.000000Z,121801.3,121820.0,121797.8,121808.9,50.452
2025-07-14T11:11:00.000000Z,121808.9,121808.9,121780.0,121780.1,44.001
2025-07-14T11:12:00.000000Z,121780.0,121797.0,121732.1,121732.1,72.244
2025-07-14T11:13:00.000000Z,121732.1,121732.2,121704.7,121707.4,61.958
2025-07-14T11:14:00.000000Z,121707.5,121707.5,121689.0,121689.1,45.653
2025-07-14T11:15:00.000000Z,121689.1,121689.1,121644.0,121644.0,83.007
2025-07-14T11:16:00.000000Z,121644.1,121644.1,121561.8,121591.9,239.401
2025-07-14T11:17:00.000000Z,121592.0,121592.0,121512.6,121555.8,173.27
2025-07-14T11:18:00.000000Z,121555.8,121670.0,121555.7,121670.0,125.078
2025-07-14T11:19:00.000000Z,121669.9,121725.1,121651.1,121697.8,94.174
2025-07-14T11:20:00.000000Z,121697.8,121734.2,121666.0,121678.2,107.608
2025-07-14T11:21:00.000000Z,121678.2,121678.8,121678.1,121678.3,29.197
2025-07-14T11:22:00.000000Z,121678.3,121678.3,121590.2,121603.6,113.039
2025-07-14T11:23:00.000000Z,121603.7,121603.7,121500.0,121526.1,299.439
2025-07-14T11:24:00.000000Z,121526.1,121535.7,121366.9,121389.1,426.229
2025-07-14T11:25:00.000000Z,121389.1,121488.0,121389.1,121433.3,238.398
2025-07-14T11:26:00.000000Z,121433.3,121473.7,121360.5,121447.8,264.022
2025-07-14T11:27:00.000000Z,121447.9,121463.4,121406.6,121419.1,101.668
2025-07-14T11:28:00.000000Z,121419.0,121467.1,121383.6,121456.7,160.957
2025-07-14T11:29:00.000000Z,121456.6,121538.4,121456.6,121538.3,87.08
2025-07-14T11:30:00.000000Z,121538.4,121549.8,121494.0,121494.0,128.641
2025-07-14T11:31:00.000000Z,121494.0,121504.9,121439.1,121441.5,85.722
2025-07-14T11:32:00.000000Z,121441.4,121453.3,121378.3,121382.7,83.48
2025-07-14T11:33:00.000000Z,121382.7,121407.1,121358.0,121363.2,101.748
2025-07-14T11:34:00.000000Z,121363.2,121398.2,121357.0,121375.7,108.157
2025-07-14T11:35:00.000000Z,121375.8,121425.4,121361.0,121425.3,96.877
2025-07-14T11:36:00.000000Z,121425.3,121467.0,121404.7,121467.0,87.577
2025-07-14T11:37:00.000000Z,121467.0,121552.4,121467.0,121541.0,121.93
2025-07-14T11:38:00.000000Z,121541.0,121629.9,121535.8,121629.8,130.584
2025-07-14T11:39:00.000000Z,121629.9,121653.7,121600.1,121639.4,148.215
2025-07-14T11:40:00.000000Z,121639.5,121671.9,121621.0,121654.4,83.278
2025-07-14T11:41:00.000000Z,121654.3,121654.4,121534.0,121576.4,139.913
2025-07-14T11:42:00.000000Z,121576.4,121578.9,121509.5,121514.3,69.756
2025-07-14T11:43:00.000000Z,121514.2,121549.5,121508.1,121549.5,35.496
2025-07-14T11:44:00.000000Z,121549.5,121615.3,121549.4,121601.8,97.764
2025-07-14T11:45:00.000000Z,121601.8,121694.1,121601.7,121676.6,88.576
2025-07-14T11:46:00.000000Z,121676.7,121682.8,121594.8,121594.8,89.463
2025-07-14T11:47:00.000000Z,121594.9,121643.3,121566.2,121576.6,108.867
2025-07-14T11:48:00.000000Z,121576.5,121576.6,121550.0,121556.1,33.335
2025-07-14T11:49:00.000000Z,121556.1,121646.2,121533.9,121574.0,110.35
2025-07-14T11:50:00.000000Z,121573.9,121583.8,121545.9,121545.9,33.884
2025-07-14T11:51:00.000000Z,121546.0,121577.5,121507.0,121507.1,70.96
2025-07-14T11:52:00.000000Z,121507.1,121562.8,121507.0,121553.4,35.411
2025-07-14T11:53:00.000000Z,121553.3,121553.4,121517.9,121517.9,26.431
2025-07-14T11:54:00.000000Z,121517.9,121518.0,121495.0,121495.1,55.501
2025-07-14T11:55:00.000000Z,121495.0,121536.2,121495.0,121503.9,41.819
2025-07-14T11:56:00.000000Z,121503.9,121536.3,121482.9,121536.3,65.857
2025-07-14T11:57:00.000000Z,121536.4,121538.4,121487.7,121487.8,36.813
2025-07-14T11:58:00.000000Z,121487.7,121510.3,121487.7,121510.3,11.097
2025-07-14T11:59:00.000000Z,121510.2,121560.0,121474.1,121474.5,129.52
2025-07-14T12:00:00.000000Z,121474.5,121474.5,121410.0,121446.8,137.861
2025-07-14T12:01:00.000000Z,121446.9,121537.7,121420.3,121537.7,75.858
2025-07-14T12:02:00.000000Z,121537.6,121624.5,121534.5,121624.5,99.967
2025-07-14T12:03:00.000000Z,121624.5,121752.6,121624.5,121688.4,190.797
2025-07-14T12:04:00.000000Z,121688.5,121688.5,121608.2,121642.9,89.906
2025-07-14T12:05:00.000000Z,121643.0,121686.1,121576.4,121633.7,215.85
2025-07-14T12:06:00.000000Z,121633.6,121688.4,121633.6,121688.3,45.648
2025-07-14T12:07:00.000000Z,121688.4,121723.1,121680.0,121714.0,100.326
2025-07-14T12:08:00.000000Z,121714.0,121794.1,121713.9,121794.1,107.051
2025-07-14T12:09:00.000000Z,121794.1,121799.3,121730.1,121745.2,139.245
2025-07-14T12:10:00.000000Z,121745.1,121760.7,121738.0,121751.0,81.331
2025-07-14T12:11:00.000000Z,121751.1,121751.1,121704.1,121711.6,82.41
2025-07-14T12:12:00.000000Z,121711.7,121873.3,121708.1,121837.3,330.174
2025-07-14T12:13:00.000000Z,121837.3,121872.5,121837.3,121839.9,115.124
2025-07-14T12:14:00.000000Z,121839.9,121839.9,121800.0,121800.0,35.508
2025-07-14T12:15:00.000000Z,121800.1,121814.2,121798.6,121799.3,156.859
2025-07-14T12:16:00.000000Z,121798.7,121798.7,121728.0,121733.0,99.592
2025-07-14T12:17:00.000000Z,121733.0,121778.9,121733.0,121764.1,53.977
2025-07-14T12:18:00.000000Z,121764.0,121774.4,121735.2,121737.8,59.524
2025-07-14T12:19:00.000000Z,121737.7,121765.9,121728.9,121763.0,53.248
2025-07-14T12:20:00.000000Z,121763.1,121883.9,121730.7,121876.8,156.541
2025-07-14T12:21:00.000000Z,121876.8,121876.8,121830.0,121835.5,52.894
2025-07-14T12:22:00.000000Z,121835.4,121835.4,121751.7,121751.7,77.88
2025-07-14T12:23:00.000000Z,121751.8,121751.8,121684.3,121744.3,112.42
2025-07-14T12:24:00.000000Z,121744.4,121770.4,121670.2,121770.4,65.082
2025-07-14T12:25:00.000000Z,121770.3,121824.7,121724.1,121820.4,80.186
2025-07-14T12:26:00.000000Z,121820.4,121820.5,121752.0,121810.0,129.759
2025-07-14T12:27:00.000000Z,121810.0,121810.0,121764.7,121764.8,62.271
2025-07-14T12:28:00.000000Z,121764.8,121764.8,121730.5,121730.6,17.395
2025-07-14T12:29:00.000000Z,121730.5,121792.9,121730.5,121792.9,65.967
2025-07-14T12:30:00.000000Z,121792.9,121792.9,121732.4,121732.4,30.174
2025-07-14T12:31:00.000000Z,121732.5,121732.5,121655.4,121666.0,78.828
2025-07-14T12:32:00.000000Z,121666.3,121828.9,121665.1,121817.0,120.016
2025-07-14T12:33:00.000000Z,121817.0,121817.1,121779.8,121779.8,71.252
2025-07-14T12:34:00.000000Z,121779.9,121795.7,121733.3,121795.7,66.239
2025-07-14T12:35:00.000000Z,121795.6,121795.7,121718.9,121773.8,87.228
2025-07-14T12:36:00.000000Z,121773.7,121780.0,121749.9,121761.8,46.58
2025-07-14T12:37:00.000000Z,121761.7,121774.0,121749.1,121749.2,42.034
2025-07-14T12:38:00.000000Z,121749.1,121854.5,121749.1,121854.5,68.589
2025-07-14T12:39:00.000000Z,121854.4,121854.5,121779.2,121779.3,64.353
2025-07-14T12:40:00.000000Z,121779.2,121779.3,121682.3,121718.9,122.36
2025-07-14T12:41:00.000000Z,121719.0,121723.8,121664.2,121710.0,85.265
2025-07-14T12:42:00.000000Z,121709.9,121716.5,121666.2,121666.2,65.192
2025-07-14T12:43:00.000000Z,121666.2,121865.0,121660.0,121860.1,195.126
2025-07-14T12:44:00.000000Z,121860.2,121917.8,121849.9,121850.9,192.443
2025-07-14T12:45:00.000000Z,121850.9,121911.6,121838.7,121911.6,72.581
2025-07-14T12:46:00.000000Z,121911.6,121911.6,121851.9,121851.9,76.275
2025-07-14T12:47:00.000000Z,121851.9,121856.9,121835.3,121856.9,46.244
2025-07-14T12:48:00.000000Z,121856.8,121890.8,121800.8,121800.8,48.684
2025-07-14T12:49:00.000000Z,121800.8,121843.7,121800.8,121843.6,43.513
2025-07-14T12:50:00.000000Z,121843.7,121843.7,121800.0,121800.0,51.162
2025-07-14T12:51:00.000000Z,121800.1,121848.5,121780.9,121848.4,54.575
2025-07-14T12:52:00.000000Z,121848.4,121848.5,121822.0,121822.0,38.385
2025-07-14T12:53:00.000000Z,121821.8,121821.8,121792.2,121798.0,29.467
2025-07-14T12:54:00.000000Z,121798.0,121840.2,121788.0,121810.5,35.398
2025-07-14T12:55:00.000000Z,121809.0,121872.0,121790.0,121872.0,51.828
2025-07-14T12:56:00.000000Z,121872.0,121890.3,121850.6,121882.1,68.868
2025-07-14T12:57:00.000000Z,121882.0,121900.0,121840.2,121868.9,51.042
2025-07-14T12:58:00.000000Z,121868.9,121905.6,121845.5,121883.7,100.535
2025-07-14T12:59:00.000000Z,121883.7,121911.5,121883.6,121894.2,61.417
2025-07-14T13:00:00.000000Z,121894.2,121894.2,121876.8,121876.9,35.322
2025-07-14T13:01:00.000000Z,121876.9,121897.7,121876.8,121880.2,81.568
2025-07-14T13:02:00.000000Z,121880.2,121896.6,121876.9,121877.0,60.486
2025-07-14T13:03:00.000000Z,121876.9,121911.8,121847.7,121865.5,104.547
2025-07-14T13:04:00.000000Z,121865.5,121881.2,121838.4,121838.5,67.262
2025-07-14T13:05:00.000000Z,121838.4,121850.0,121808.4,121850.0,71.876
2025-07-14T13:06:00.000000Z,121850.0,121896.7,121849.9,121896.7,67.423
2025-07-14T13:07:00.000000Z,121896.6,121939.8,121886.1,121902.3,114.824
2025-07-14T13:08:00.000000Z,121902.4,121909.5,121824.7,121824.8,110.68
2025-07-14T13:09:00.000000Z,121824.8,121841.7,121800.0,121809.6,53.99
2025-07-14T13:10:00.000000Z,121809.6,121843.0,121760.4,121828.5,109.075
2025-07-14T13:11:00.000000Z,121828.5,121828.6,121780.0,121801.0,43.574
2025-07-14T13:12:00.000000Z,121801.0,121853.3,121801.0,121816.4,43.566
2025-07-14T13:13:00.000000Z,121816.4,121865.8,121816.3,121865.7,55.848
2025-07-14T13:14:00.000000Z,121865.7,121884.9,121865.0,121865.0,41.123
2025-07-14T13:15:00.000000Z,121865.1,121874.4,121836.0,121858.0,30.866
2025-07-14T13:16:00.000000Z,121858.0,121858.0,121806.4,121806.5,33.134
2025-07-14T13:17:00.000000Z,121806.5,121814.1,121773.2,121773.2,44.805
2025-07-14T13:18:00.000000Z,121773.3,121773.3,121620.0,121620.1,209.593
2025-07-14T13:19:00.000000Z,121620.1,121620.1,121563.6,121574.3,110.671
2025-07-14T13:20:00.000000Z,121574.3,121626.6,121574.3,121609.6,66.029
2025-07-14T13:21:00.000000Z,121609.7,121609.7,121562.0,121579.4,64.926
2025-07-14T13:22:00.000000Z,121579.3,121606.2,121567.2,121598.0,67.927
2025-07-14T13:23:00.000000Z,121598.0,121632.3,121579.8,121632.3,77.774
2025-07-14T13:24:00.000000Z,121632.2,121675.2,121597.7,121602.6,78.584
2025-07-14T13:25:00.000000Z,121602.6,121660.2,121602.6,121636.9,108.716
2025-07-14T13:26:00.000000Z,121637.0,121696.3,121636.9,121696.3,48.323
2025-07-14T13:27:00.000000Z,121696.2,121769.2,121684.0,121769.2,45.21
2025-07-14T13:28:00.000000Z,121769.1,121769.2,121711.6,121723.9,42.263
2025-07-14T13:29:00.000000Z,121723.9,121723.9,121679.0,121680.9,50.122
2025-07-14T13:30:00.000000Z,121680.9,121717.6,121580.0,121661.9,164.491
2025-07-14T13:31:00.000000Z,121661.8,121699.7,121600.0,121669.0,200.34
2025-07-14T13:32:00.000000Z,121669.0,121700.0,121597.4,121599.7,92.471
2025-07-14T13:33:00.000000Z,121599.7,121602.8,121491.4,121570.0,246.23
2025-07-14T13:34:00.000000Z,121570.0,121589.8,121257.5,121289.1,970.359
2025-07-14T13:35:00.000000Z,121289.0,121309.1,121150.0,121168.7,992.957
2025-07-14T13:36:00.000000Z,121168.7,121356.9,121152.6,121274.2,393.99
2025-07-14T13:37:00.000000Z,121274.2,121573.8,121255.8,121573.8,478.451
2025-07-14T13:38:00.000000Z,121573.7,121573.8,121426.9,121517.1,288.533
2025-07-14T13:39:00.000000Z,121517.1,121540.7,121444.0,121518.6,186.917
2025-07-14T13:40:00.000000Z,121518.6,121600.0,121450.0,121510.1,184.15
2025-07-14T13:41:00.000000Z,121509.5,121574.5,121448.8,121500.4,80.37
2025-07-14T13:42:00.000000Z,121500.4,121793.2,121500.3,121660.1,399.632
2025-07-14T13:43:00.000000Z,121660.1,121826.1,121505.7,121799.1,405.962
2025-07-14T13:44:00.000000Z,121799.2,121844.0,121728.4,121790.5,328.364
2025-07-14T13:45:00.000000Z,121790.5,122057.7,121730.2,122021.8,528.333
2025-07-14T13:46:00.000000Z,122021.8,122034.3,121872.0,121922.6,522.593
2025-07-14T13:47:00.000000Z,121922.7,121922.7,121810.0,121871.3,246.885
2025-07-14T13:48:00.000000Z,121871.2,122023.2,121835.3,121979.8,290.145
2025-07-14T13:49:00.000000Z,121979.8,121985.3,121875.5,121894.9,172.565
2025-07-14T13:50:00.000000Z,121895.0,121965.3,121805.0,121866.1,181.922
2025-07-14T13:51:00.000000Z,121866.1,121951.9,121850.0,121951.9,103.997
2025-07-14T13:52:00.000000Z,121951.9,121976.5,121902.4,121965.0,90.189
2025-07-14T13:53:00.000000Z,121965.0,122066.9,121940.8,122012.3,279.764
2025-07-14T13:54:00.000000Z,122012.2,122065.9,121986.2,122065.8,131.687
2025-07-14T13:55:00.000000Z,122065.8,122113.9,121921.2,121921.2,367.378
2025-07-14T13:56:00.000000Z,121921.1,121936.0,121710.0,121773.9,386.515
2025-07-14T13:57:00.000000Z,121773.9,121794.0,121620.6,121639.0,240.861
2025-07-14T13:58:00.000000Z,121639.1,121644.0,121538.4,121610.0,304.348
2025-07-14T13:59:00.000000Z,121610.0,121715.8,121586.5,121679.2,158.07
2025-07-14T14:00:00.000000Z,121679.3,121782.1,121615.3,121623.9,173.901
2025-07-14T14:01:00.000000Z,121624.0,121739.2,121600.0,121711.3,99.579
2025-07-14T14:02:00.000000Z,121711.3,121804.3,121690.0,121761.7,95.225
2025-07-14T14:03:00.000000Z,121761.8,121876.6,121750.4,121868.9,130.542
2025-07-14T14:04:00.000000Z,121869.0,121880.8,121740.1,121785.9,79.085
2025-07-14T14:05:00.000000Z,121785.9,121862.7,121785.8,121796.7,107.176
2025-07-14T14:06:00.000000Z,121796.7,121810.0,121623.6,121623.7,69.431
2025-07-14T14:07:00.000000Z,121623.6,121736.3,121623.6,121711.4,79.566
2025-07-14T14:08:00.000000Z,121711.4,121758.0,121625.2,121661.2,74.444
2025-07-14T14:09:00.000000Z,121661.1,121690.2,121631.0,121631.1,56.807
2025-07-14T14:10:00.000000Z,121631.1,121631.1,121485.5,121571.3,208.48
2025-07-14T14:11:00.000000Z,121571.4,121739.3,121538.1,121739.2,139.326
2025-07-14T14:12:00.000000Z,121739.3,121811.8,121548.5,121548.6,122.561
2025-07-14T14:13:00.000000Z,121548.6,121818.3,121543.1,121815.5,116.128
2025-07-14T14:14:00.000000Z,121815.6,121843.7,121741.3,121758.0,232.292
2025-07-14T14:15:00.000000Z,121758.1,121780.0,121666.9,121775.1,118.966
2025-07-14T14:16:00.000000Z,121775.0,121839.8,121690.3,121830.1,90.867
2025-07-14T14:17:00.000000Z,121830.1,121850.0,121795.4,121835.3,105.799
2025-07-14T14:18:00.000000Z,121835.2,121970.9,121811.3,121969.3,359.204
2025-07-14T14:19:00.000000Z,121969.3,121969.4,121787.1,121787.2,144.883
2025-07-14T14:20:00.000000Z,121787.2,121815.0,121615.3,121615.4,185.167
2025-07-14T14:21:00.000000Z,121615.4,121707.9,121600.0,121600.1,267.11
2025-07-14T14:22:00.000000Z,121600.1,121624.8,121512.5,121512.6,241.008
2025-07-14T14:23:00.000000Z,121512.6,121538.1,121423.3,121458.7,265.185
2025-07-14T14:24:00.000000Z,121458.7,121458.7,121366.0,121389.2,215.818
2025-07-14T14:25:00.000000Z,121389.2,121436.8,121230.7,121239.7,354.529
2025-07-14T14:26:00.000000Z,121239.7,121355.0,121232.0,121337.5,169.918
2025-07-14T14:27:00.000000Z,121337.5,121337.5,121100.0,121177.2,663.602
2025-07-14T14:28:00.000000Z,121178.8,121325.1,121121.1,121315.8,258.468
2025-07-14T14:29:00.000000Z,121315.7,121487.9,121293.7,121455.0,202.177
2025-07-14T14:30:00.000000Z,121455.0,121479.3,121214.5,121273.6,247.068
2025-07-14T14:31:00.000000Z,121273.6,121306.0,121100.0,121108.4,523.761
2025-07-14T14:32:00.000000Z,121108.3,121121.0,120907.5,121081.1,1426.898
2025-07-14T14:33:00.000000Z,121081.1,121109.4,120800.0,120889.7,549.79
2025-07-14T14:34:00.000000Z,120889.6,120971.2,120889.6,120949.7,405.913
2025-07-14T14:35:00.000000Z,120949.8,121139.4,120930.4,121000.1,431.95
2025-07-14T14:36:00.000000Z,121000.0,121063.4,120951.0,120968.1,209.915
2025-07-14T14:37:00.000000Z,120968.1,121035.5,120862.8,120888.7,398.817
2025-07-14T14:38:00.000000Z,120888.7,120963.6,120834.0,120834.1,240.819
2025-07-14T14:39:00.000000Z,120834.0,120851.4,120764.0,120810.4,625.617
2025-07-14T14:40:00.000000Z,120810.5,120938.4,120789.6,120867.5,252.358
2025-07-14T14:41:00.000000Z,120867.6,120867.6,120759.9,120776.4,220.449
2025-07-14T14:42:00.000000Z,120776.4,120834.9,120762.7,120770.6,248.498
2025-07-14T14:43:00.000000Z,120770.6,120828.0,120770.6,120779.1,200.677
2025-07-14T14:44:00.000000Z,120779.1,120929.9,120706.1,120929.8,352.68
2025-07-14T14:45:00.000000Z,120929.8,120956.2,120718.4,120805.0,319.154
2025-07-14T14:46:00.000000Z,120804.9,120865.3,120778.5,120864.5,152.26
2025-07-14T14:47:00.000000Z,120864.5,120865.3,120722.4,120751.5,293.356
2025-07-14T14:48:00.000000Z,120751.4,120793.8,120720.0,120724.6,106.078
2025-07-14T14:49:00.000000Z,120724.5,120742.1,120622.0,120629.0,336.039
2025-07-14T14:50:00.000000Z,120629.0,120700.0,120612.4,120653.2,299.105
2025-07-14T14:51:00.000000Z,120653.2,120986.9,120653.2,120934.7,373.682
2025-07-14T14:52:00.000000Z,120934.6,120980.0,120783.8,120886.1,375.043
2025-07-14T14:53:00.000000Z,120886.1,120933.2,120843.2,120885.3,129.6
2025-07-14T14:54:00.000000Z,120885.5,121031.4,120875.8,120989.2,206.041
2025-07-14T14:55:00.000000Z,120989.3,121131.9,120989.2,121131.3,282.496
2025-07-14T14:56:00.000000Z,121131.3,121184.7,121068.8,121100.8,302.101
2025-07-14T14:57:00.000000Z,121100.9,121111.0,121056.4,121108.9,122.281
2025-07-14T14:58:00.000000Z,121109.0,121154.4,121087.0,121094.2,176.769
2025-07-14T14:59:00.000000Z,121094.3,121200.0,121094.2,121160.0,209.693
2025-07-14T15:00:00.000000Z,121160.0,121160.0,121100.0,121100.4,135.349
2025-07-14T15:01:00.000000Z,121100.4,121173.2,121100.3,121123.5,58.734
2025-07-14T15:02:00.000000Z,121123.9,121123.9,120910.6,120926.1,172.906
2025-07-14T15:03:00.000000Z,120926.1,120947.5,120889.9,120921.4,136.501
2025-07-14T15:04:00.000000Z,120921.4,120959.5,120880.0,120880.0,93.572
2025-07-14T15:05:00.000000Z,120880.0,120900.1,120829.1,120845.4,121.812
2025-07-14T15:06:00.000000Z,120845.3,120847.8,120700.0,120700.0,161.49
2025-07-14T15:07:00.000000Z,120700.0,120785.4,120700.0,120743.0,105.84
2025-07-14T15:08:00.000000Z,120743.0,120750.7,120625.0,120625.1,153.312
2025-07-14T15:09:00.000000Z,120625.0,120625.1,120500.1,120559.6,575.675
2025-07-14T15:10:00.000000Z,120559.6,120570.1,120445.1,120514.9,516.358
2025-07-14T15:11:00.000000Z,120514.8,120726.9,120514.8,120682.1,468.39
2025-07-14T15:12:00.000000Z,120682.1,120711.9,120603.6,120678.1,140.867
2025-07-14T15:13:00.000000Z,120678.1,120751.0,120665.9,120751.0,98.444
2025-07-14T15:14:00.000000Z,120751.0,120763.2,120666.0,120711.9,105.19
2025-07-14T15:15:00.000000Z,120711.8,120740.5,120539.2,120574.1,182.328
2025-07-14T15:16:00.000000Z,120574.2,120619.8,120520.0,120529.1,376.983
2025-07-14T15:17:00.000000Z,120529.1,120552.0,120393.0,120495.1,602.854
2025-07-14T15:18:00.000000Z,120495.0,120495.1,120407.3,120460.1,271.63
2025-07-14T15:19:00.000000Z,120460.8,120526.5,120439.0,120443.4,175.521
2025-07-14T15:20:00.000000Z,120443.4,120503.6,120422.4,120435.4,197.865
2025-07-14T15:21:00.000000Z,120435.4,120455.1,120368.8,120407.1,491.993
2025-07-14T15:22:00.000000Z,120407.1,120443.4,120378.0,120383.9,189.855
2025-07-14T15:23:00.000000Z,120384.0,120432.0,120376.6,120406.3,157.772
2025-07-14T15:24:00.000000Z,120406.4,120429.2,120339.0,120406.1,479.019
2025-07-14T15:25:00.000000Z,120406.1,120425.0,120350.0,120353.5,117.803
2025-07-14T15:26:00.000000Z,120353.6,120364.8,120320.0,120320.1,121.386
2025-07-14T15:27:00.000000Z,120320.0,120364.8,120315.1,120360.8,177.068
2025-07-14T15:28:00.000000Z,120360.8,120409.9,120334.2,120380.6,144.833
2025-07-14T15:29:00.000000Z,120380.6,120400.0,120360.0,120381.9,129.349
2025-07-14T15:30:00.000000Z,120381.8,120395.0,120321.5,120321.6,89.099
2025-07-14T15:31:00.000000Z,120321.5,120355.5,120223.0,120242.9,288.273
2025-07-14T15:32:00.000000Z,120242.9,120283.4,120175.4,120283.3,311.658
2025-07-14T15:33:00.000000Z,120283.4,120287.0,120180.0,120194.4,135.582
2025-07-14T15:34:00.000000Z,120194.4,120194.4,120123.8,120127.7,308.298
2025-07-14T15:35:00.000000Z,120127.7,120138.5,120071.0,120092.4,513.633
2025-07-14T15:36:00.000000Z,120092.5,120337.2,120074.7,120318.7,400.383
2025-07-14T15:37:00.000000Z,120318.6,120318.7,120156.0,120178.1,192.953
2025-07-14T15:38:00.000000Z,120178.1,120234.6,120135.2,120205.6,279.913
2025-07-14T15:39:00.000000Z,120205.7,120205.7,120058.9,120106.0,192.644
2025-07-14T15:40:00.000000Z,120106.1,120246.4,120075.4,120246.4,227.928
2025-07-14T15:41:00.000000Z,120246.4,120272.2,120100.0,120172.8,124.626
2025-07-14T15:42:00.000000Z,120172.8,120187.0,120100.1,120106.5,109.851
2025-07-14T15:43:00.000000Z,120106.4,120186.9,120076.0,120155.6,209.282
2025-07-14T15:44:00.000000Z,120155.6,120155.6,120090.7,120122.6,108.705
2025-07-14T15:45:00.000000Z,120122.6,120137.8,119878.0,119919.9,1099.507
2025-07-14T15:46:00.000000Z,119919.9,120120.0,119919.9,120077.7,281.029
2025-07-14T15:47:00.000000Z,120077.6,120133.1,119884.4,119900.3,335.261
2025-07-14T15:48:00.000000Z,119900.3,119917.1,119800.0,119800.1,515.3
2025-07-14T15:49:00.000000Z,119800.0,119800.1,119600.0,119724.4,1270.083
2025-07-14T15:50:00.000000Z,119724.4,119778.9,119690.0,119690.1,486.194
2025-07-14T15:51:00.000000Z,119690.0,119734.7,119669.5,119701.9,357.208
2025-07-14T15:52:00.000000Z,119701.9,119722.0,119590.9,119705.2,900.014
2025-07-14T15:53:00.000000Z,119705.2,119800.0,119600.7,119644.0,799.545
2025-07-14T15:54:00.000000Z,119644.0,119725.1,119613.6,119702.0,615.289
2025-07-14T15:55:00.000000Z,119701.9,119720.0,119597.2,119649.0,286.205
2025-07-14T15:56:00.000000Z,119649.0,119829.8,119625.7,119790.7,313.897
2025-07-14T15:57:00.000000Z,119790.6,119826.7,119746.4,119800.1,269.078
2025-07-14T15:58:00.000000Z,119800.1,119832.7,119782.7,119810.8,222.613
2025-07-14T15:59:00.000000Z,119810.8,119885.1,119803.6,119863.1,270.644
2025-07-14T16:00:00.000000Z,119863.1,119863.1,119743.1,119823.6,354.095
2025-07-14T16:01:00.000000Z,119823.5,119844.7,119773.4,119844.6,259.961
2025-07-14T16:02:00.000000Z,119844.7,119868.5,119766.8,119819.7,156.424
2025-07-14T16:03:00.000000Z,119819.7,119900.0,119758.3,119880.4,163.067
2025-07-14T16:04:00.000000Z,119880.4,119880.4,119714.7,119725.9,128.997
2025-07-14T16:05:00.000000Z,119726.0,119779.9,119678.7,119678.7,186.537
2025-07-14T16:06:00.000000Z,119678.8,119749.8,119678.7,119738.2,108.53
2025-07-14T16:07:00.000000Z,119738.3,119798.1,119700.0,119707.9,122.805
2025-07-14T16:08:00.000000Z,119708.0,119721.0,119644.0,119651.2,108.753
2025-07-14T16:09:00.000000Z,119651.2,119680.1,119570.8,119649.4,213.42
2025-07-14T16:10:00.000000Z,119649.5,119680.1,119552.8,119560.3,190.62
2025-07-14T16:11:00.000000Z,119560.3,119576.2,119450.0,119487.2,543.69
2025-07-14T16:12:00.000000Z,119487.1,119487.2,119431.8,119450.0,222.943
2025-07-14T16:13:00.000000Z,119450.0,119706.3,119427.6,119483.0,769.131
2025-07-14T16:14:00.000000Z,119482.9,119509.3,119341.2,119413.7,506.842
2025-07-14T16:15:00.000000Z,119413.7,119502.9,119261.2,119292.3,925.119
2025-07-14T16:16:00.000000Z,119292.2,119353.3,119200.0,119231.3,821.353
2025-07-14T16:17:00.000000Z,119231.4,119350.0,119226.8,119335.2,311.241
2025-07-14T16:18:00.000000Z,119335.2,119410.0,119334.1,119385.6,308.484
2025-07-14T16:19:00.000000Z,119385.7,119395.7,119350.5,119370.1,129.069
2025-07-14T16:20:00.000000Z,119370.2,119484.6,119345.6,119467.1,196.959
2025-07-14T16:21:00.000000Z,119467.1,119500.0,119427.2,119483.5,224.181
2025-07-14T16:22:00.000000Z,119483.5,119538.4,119476.1,119497.6,376.063
2025-07-14T16:23:00.000000Z,119497.7,119740.0,119464.6,119740.0,483.907
2025-07-14T16:24:00.000000Z,119739.9,119791.1,119677.2,119776.9,537.487
2025-07-14T16:25:00.000000Z,119776.8,119854.1,119716.4,119804.0,610.816
2025-07-14T16:26:00.000000Z,119804.1,119854.1,119722.0,119818.4,365.201
2025-07-14T16:27:00.000000Z,119818.3,119895.7,119760.0,119857.4,358.668
2025-07-14T16:28:00.000000Z,119857.5,119938.6,119831.8,119926.7,442.719
2025-07-14T16:29:00.000000Z,119926.8,120060.0,119920.9,120026.5,756.101
2025-07-14T16:30:00.000000Z,120026.5,120026.5,119876.4,119876.4,245.327
2025-07-14T16:31:00.000000Z,119876.4,119876.4,119708.2,119806.6,376.195
2025-07-14T16:32:00.000000Z,119806.6,119933.3,119806.5,119933.3,194.816
2025-07-14T16:33:00.000000Z,119933.3,119933.3,119873.7,119873.7,94.8
2025-07-14T16:34:00.000000Z,119873.7,119873.7,119812.3,119836.1,83.981
2025-07-14T16:35:00.000000Z,119836.1,120000.0,119836.1,119884.3,180.765
2025-07-14T16:36:00.000000Z,119884.3,119909.6,119800.0,119829.8,107.007
2025-07-14T16:37:00.000000Z,119829.9,119886.4,119814.9,119815.0,86.675
2025-07-14T16:38:00.000000Z,119814.9,119846.0,119744.1,119836.6,105.939
2025-07-14T16:39:00.000000Z,119836.6,119910.4,119836.6,119871.9,81.563
2025-07-14T16:40:00.000000Z,119871.9,119932.0,119838.9,119931.9,77.57
2025-07-14T16:41:00.000000Z,119932.0,119932.0,119896.5,119899.9,160.029
2025-07-14T16:42:00.000000Z,119899.8,119899.9,119790.8,119790.9,99.676
2025-07-14T16:43:00.000000Z,119790.8,119838.1,119780.6,119838.1,222.465
2025-07-14T16:44:00.000000Z,119838.1,119838.1,119797.1,119797.1,75.043
2025-07-14T16:45:00.000000Z,119797.2,119800.0,119695.9,119699.9,128.211
2025-07-14T16:46:00.000000Z,119699.9,119888.1,119671.9,119888.1,113.011
2025-07-14T16:47:00.000000Z,119888.1,119959.9,119862.6,119946.8,230.209
2025-07-14T16:48:00.000000Z,119946.8,119988.8,119941.0,119988.7,157.191
2025-07-14T16:49:00.000000Z,119988.8,119999.0,119954.1,119971.3,74.54
2025-07-14T16:50:00.000000Z,119971.3,120032.0,119953.9,120032.0,164.591
2025-07-14T16:51:00.000000Z,120031.9,120146.7,120013.2,120065.5,360.228
2025-07-14T16:52:00.000000Z,120065.6,120153.0,120057.0,120130.6,263.689
2025-07-14T16:53:00.000000Z,120130.6,120208.2,120090.8,120193.1,246.31
2025-07-14T16:54:00.000000Z,120193.0,120240.0,120161.2,120228.7,338.657
2025-07-14T16:55:00.000000Z,120228.7,120240.2,120162.8,120208.2,360.934
2025-07-14T16:56:00.000000Z,120208.2,120286.4,120208.2,120286.3,169.504
2025-07-14T16:57:00.000000Z,120286.2,120299.0,120250.0,120255.4,228.459
2025-07-14T16:58:00.000000Z,120255.4,120265.1,120230.0,120236.4,222.859
2025-07-14T16:59:00.000000Z,120236.5,120273.8,120236.4,120260.9,74.005
2025-07-14T17:00:00.000000Z,120261.0,120269.0,120214.7,120214.8,159.692
2025-07-14T17:01:00.000000Z,120214.8,120269.0,120183.0,120250.0,124.521
2025-07-14T17:02:00.000000Z,120250.0,120348.9,120226.9,120340.7,146.611
2025-07-14T17:03:00.000000Z,120340.7,120449.8,120337.0,120421.5,640.074
2025-07-14T17:04:00.000000Z,120421.5,120429.6,120378.5,120419.9,144.832
2025-07-14T17:05:00.000000Z,120420.0,120420.0,120330.0,120377.6,168.053
2025-07-14T17:06:00.000000Z,120377.6,120390.0,120330.0,120355.8,113.637
2025-07-14T17:07:00.000000Z,120355.9,120434.5,120355.8,120425.3,97.494
2025-07-14T17:08:00.000000Z,120425.2,120497.4,120418.8,120431.7,238.095
2025-07-14T17:09:00.000000Z,120431.7,120510.9,120431.7,120496.0,213.118
2025-07-14T17:10:00.000000Z,120496.0,120496.0,120393.7,120443.8,227.144
2025-07-14T17:11:00.000000Z,120443.8,120480.2,120426.1,120480.1,76.282
2025-07-14T17:12:00.000000Z,120480.1,120480.2,120450.4,120461.8,67.773
2025-07-14T17:13:00.000000Z,120461.9,120479.9,120443.2,120466.5,64.738
2025-07-14T17:14:00.000000Z,120466.4,120469.8,120445.6,120465.2,55.588
2025-07-14T17:15:00.000000Z,120465.3,120465.3,120383.5,120383.5,112.263
2025-07-14T17:16:00.000000Z,120383.5,120417.6,120310.3,120347.2,121.471
2025-07-14T17:17:00.000000Z,120347.2,120435.2,120330.6,120434.1,97.559
2025-07-14T17:18:00.000000Z,120434.0,120442.0,120393.5,120400.0,83.242
2025-07-14T17:19:00.000000Z,120399.9,120400.0,120344.1,120344.1,82.14
2025-07-14T17:20:00.000000Z,120344.0,120344.9,120216.0,120255.0,149.566
2025-07-14T17:21:00.000000Z,120255.1,120255.1,120100.6,120160.2,467.917
2025-07-14T17:22:00.000000Z,120160.2,120188.0,120100.0,120188.0,180.301
2025-07-14T17:23:00.000000Z,120188.0,120294.8,120163.1,120248.9,81.422
2025-07-14T17:24:00.000000Z,120248.8,120254.9,120178.1,120254.9,51.817
2025-07-14T17:25:00.000000Z,120254.8,120260.1,120182.4,120203.8,62.704
2025-07-14T17:26:00.000000Z,120203.8,120203.8,120032.6,120042.0,139.279
2025-07-14T17:27:00.000000Z,120042.2,120163.3,120032.6,120152.7,90.189
2025-07-14T17:28:00.000000Z,120152.7,120152.8,120024.3,120079.2,176.86
2025-07-14T17:29:00.000000Z,120079.2,120139.9,120079.1,120137.9,61.124
2025-07-14T17:30:00.000000Z,120137.8,120153.9,120100.3,120104.3,121.909
2025-07-14T17:31:00.000000Z,120104.4,120208.8,120104.3,120201.7,44.697
2025-07-14T17:32:00.000000Z,120201.7,120241.8,120097.6,120122.4,297.767
2025-07-14T17:33:00.000000Z,120122.4,120154.6,120110.3,120152.3,82.797
2025-07-14T17:34:00.000000Z,120152.2,120152.2,120022.8,120022.8,79.939
2025-07-14T17:35:00.000000Z,120022.8,120022.8,119960.9,119968.0,192.309
2025-07-14T17:36:00.000000Z,119968.0,119988.7,119818.0,119942.0,222.516
2025-07-14T17:37:00.000000Z,119942.0,119978.2,119918.0,119969.8,74.222
2025-07-14T17:38:00.000000Z,119969.8,119980.0,119943.2,119955.1,43.003
2025-07-14T17:39:00.000000Z,119955.2,119955.2,119832.0,119878.8,134.68
2025-07-14T17:40:00.000000Z,119878.8,119982.0,119878.8,119975.4,79.748
2025-07-14T17:41:00.000000Z,119975.3,120009.2,119975.3,120000.9,84.563
2025-07-14T17:42:00.000000Z,120000.9,120000.9,119902.3,119902.3,47.155
2025-07-14T17:43:00.000000Z,119902.3,119954.4,119902.3,119949.9,50.922
2025-07-14T17:44:00.000000Z,119949.9,119950.0,119878.8,119914.8,50.537
2025-07-14T17:45:00.000000Z,119914.8,119977.0,119914.8,119938.3,42.211
2025-07-14T17:46:00.000000Z,119938.3,119947.0,119883.6,119901.4,47.232
2025-07-14T17:47:00.000000Z,119901.4,119920.5,119889.0,119909.0,34.852
2025-07-14T17:48:00.000000Z,119909.1,120015.0,119909.0,120015.0,58.552
2025-07-14T17:49:00.000000Z,120015.0,120015.0,119900.0,119911.8,100.321
2025-07-14T17:50:00.000000Z,119911.9,119931.8,119907.3,119913.1,36.11
2025-07-14T17:51:00.000000Z,119913.1,119913.2,119766.0,119766.1,410.914
2025-07-14T17:52:00.000000Z,119766.0,119820.0,119750.0,119800.6,144.214
2025-07-14T17:53:00.000000Z,119800.7,119906.9,119800.6,119875.0,51.487
2025-07-14T17:54:00.000000Z,119875.0,119875.1,119800.0,119827.6,83.055
2025-07-14T17:55:00.000000Z,119827.5,119864.9,119827.5,119849.9,51.512
2025-07-14T17:56:00.000000Z,119850.0,119850.1,119816.0,119824.4,51.128
2025-07-14T17:57:00.000000Z,119824.3,119824.3,119782.0,119812.2,49.462
2025-07-14T17:58:00.000000Z,119812.1,119812.2,119804.2,119810.0,24.576
2025-07-14T17:59:00.000000Z,119810.1,119885.2,119782.1,119885.2,41.132
2025-07-14T18:00:00.000000Z,119885.2,120000.0,119878.7,120000.0,109.428
2025-07-14T18:01:00.000000Z,120000.0,120084.9,119993.8,120005.2,108.142
2025-07-14T18:02:00.000000Z,120005.2,120005.2,119889.5,119889.6,43.224
2025-07-14T18:03:00.000000Z,119889.5,119903.1,119857.1,119867.2,57.11
2025-07-14T18:04:00.000000Z,119867.2,119894.9,119828.4,119828.4,88.097
2025-07-14T18:05:00.000000Z,119828.4,119848.3,119780.0,119802.2,95.332
2025-07-14T18:06:00.000000Z,119802.3,119843.3,119794.1,119843.3,33.605
2025-07-14T18:07:00.000000Z,119843.3,119898.3,119841.7,119852.7,33.929
2025-07-14T18:08:00.000000Z,119852.6,119852.7,119752.1,119754.0,81.411
2025-07-14T18:09:00.000000Z,119754.1,119754.1,119711.0,119728.1,81.786
2025-07-14T18:10:00.000000Z,119728.1,119820.6,119721.8,119818.1,56.789
2025-07-14T18:11:00.000000Z,119818.2,119818.2,119776.0,119796.5,40.133
2025-07-14T18:12:00.000000Z,119796.6,119802.3,119752.3,119757.0,44.001
2025-07-14T18:13:00.000000Z,119757.1,119810.0,119757.0,119810.0,33.009
2025-07-14T18:14:00.000000Z,119810.0,119847.0,119774.3,119782.6,44.934
2025-07-14T18:15:00.000000Z,119782.6,119816.5,119771.0,119816.5,24.03
2025-07-14T18:16:00.000000Z,119816.5,119849.6,119782.4,119782.4,49.714
2025-07-14T18:17:00.000000Z,119782.5,119819.1,119772.0,119810.1,27.896
2025-07-14T18:18:00.000000Z,119810.0,119883.3,119794.4,119863.2,55.777
2025-07-14T18:19:00.000000Z,119863.3,119889.8,119830.0,119861.4,149.548
2025-07-14T18:20:00.000000Z,119861.4,119866.7,119804.9,119829.2,28.844
2025-07-14T18:21:00.000000Z,119829.2,119906.2,119829.2,119906.1,27.238
2025-07-14T18:22:00.000000Z,119906.2,120000.0,119906.1,119960.0,85.746
2025-07-14T18:23:00.000000Z,119960.0,120009.9,119955.0,120009.8,89.344
2025-07-14T18:24:00.000000Z,120009.9,120076.9,120009.8,120076.9,52.025
2025-07-14T18:25:00.000000Z,120076.9,120156.0,120076.8,120128.9,120.938
2025-07-14T18:26:00.000000Z,120129.0,120160.0,120120.0,120146.9,105.916
2025-07-14T18:27:00.000000Z,120146.9,120146.9,120021.1,120027.8,107.011
2025-07-14T18:28:00.000000Z,120027.8,120093.6,120027.8,120091.6,49.24
2025-07-14T18:29:00.000000Z,120091.6,120148.9,120091.5,120100.1,71.57
2025-07-14T18:30:00.000000Z,120100.0,120128.0,120088.4,120113.3,58.756
2025-07-14T18:31:00.000000Z,120113.3,120145.9,120113.2,120139.8,49.397
2025-07-14T18:32:00.000000Z,120139.9,120166.0,120118.3,120124.0,111.704
2025-07-14T18:33:00.000000Z,120124.1,120125.8,120105.8,120116.2,33.58
2025-07-14T18:34:00.000000Z,120116.2,120126.2,120090.5,120090.5,36.279
2025-07-14T18:35:00.000000Z,120090.5,120102.7,120021.0,120021.0,35.657
2025-07-14T18:36:00.000000Z,120021.1,120043.9,119872.5,119872.6,71.775
2025-07-14T18:37:00.000000Z,119872.5,119886.9,119826.0,119826.0,115.984
2025-07-14T18:38:00.000000Z,119826.0,119886.8,119826.0,119860.1,55.848
2025-07-14T18:39:00.000000Z,119860.1,119899.9,119853.0,119870.7,62.892
2025-07-14T18:40:00.000000Z,119870.7,119918.0,119854.6,119903.2,58.595
2025-07-14T18:41:00.000000Z,119903.2,119927.5,119882.2,119889.0,28.48
2025-07-14T18:42:00.000000Z,119889.0,119900.3,119857.6,119873.7,35.734
2025-07-14T18:43:00.000000Z,119873.7,119891.4,119850.0,119870.4,21.656
2025-07-14T18:44:00.000000Z,119870.4,119893.0,119857.1,119864.8,27.218
2025-07-14T18:45:00.000000Z,119864.8,119864.9,119772.0,119772.0,56.914
2025-07-14T18:46:00.000000Z,119772.0,119796.1,119762.9,119779.7,43.306
2025-07-14T18:47:00.000000Z,119779.7,119812.4,119761.6,119812.3,48.882
2025-07-14T18:48:00.000000Z,119812.3,119812.4,119753.8,119753.8,40.305
2025-07-14T18:49:00.000000Z,119753.8,119761.7,119644.0,119757.1,221.918
2025-07-14T18:50:00.000000Z,119757.0,119757.0,119687.6,119721.0,72.944
2025-07-14T18:51:00.000000Z,119721.1,119749.2,119657.5,119657.5,101.91
2025-07-14T18:52:00.000000Z,119657.5,119667.7,119611.1,119632.2,192.946
2025-07-14T18:53:00.000000Z,119632.3,119640.6,119611.1,119640.6,39.308
2025-07-14T18:54:00.000000Z,119640.6,119665.7,119621.2,119665.6,59.226
2025-07-14T18:55:00.000000Z,119665.7,119678.1,119612.0,119612.0,53.172
2025-07-14T18:56:00.000000Z,119612.0,119634.0,119612.0,119614.6,46.65
2025-07-14T18:57:00.000000Z,119614.5,119640.1,119595.0,119612.0,62.751
2025-07-14T18:58:00.000000Z,119612.0,119650.2,119608.4,119615.6,45.365
2025-07-14T18:59:00.000000Z,119615.5,119631.8,119605.6,119605.6,35.923
2025-07-14T19:00:00.000000Z,119605.4,119711.3,119564.2,119711.2,170.892
2025-07-14T19:01:00.000000Z,119711.3,119769.2,119699.2,119769.1,137.774
2025-07-14T19:02:00.000000Z,119769.2,119834.9,119752.4,119834.8,113.723
2025-07-14T19:03:00.000000Z,119834.9,119860.0,119799.2,119799.2,40.09
2025-07-14T19:04:00.000000Z,119799.2,119837.5,119783.9,119837.5,56.433
2025-07-14T19:05:00.000000Z,119837.5,119974.3,119837.4,119964.7,93.402
2025-07-14T19:06:00.000000Z,119964.8,120046.5,119964.8,120046.5,99.588
2025-07-14T19:07:00.000000Z,120046.4,120076.9,120020.3,120020.3,105.75
2025-07-14T19:08:00.000000Z,120020.3,120020.4,119953.6,119958.4,93.87
2025-07-14T19:09:00.000000Z,119958.4,120032.1,119951.0,120022.7,75.195
2025-07-14T19:10:00.000000Z,120022.7,120022.8,119891.4,119937.1,74.892
2025-07-14T19:11:00.000000Z,119937.1,119937.1,119886.3,119892.6,44.929
2025-07-14T19:12:00.000000Z,119892.5,119892.6,119783.6,119783.6,35.821
2025-07-14T19:13:00.000000Z,119783.6,119783.7,119739.5,119756.0,44.147
2025-07-14T19:14:00.000000Z,119756.0,119781.8,119756.0,119775.9,51.674
2025-07-14T19:15:00.000000Z,119775.9,119775.9,119730.0,119739.8,42.09
2025-07-14T19:16:00.000000Z,119739.8,119739.9,119674.3,119730.2,78.607
2025-07-14T19:17:00.000000Z,119730.3,119790.5,119730.3,119790.4,35.713
2025-07-14T19:18:00.000000Z,119790.4,119826.4,119751.1,119751.1,73.793
2025-07-14T19:19:00.000000Z,119751.2,119776.9,119707.6,119707.7,28.333
2025-07-14T19:20:00.000000Z,119707.7,119757.3,119700.9,119724.6,80.232
2025-07-14T19:21:00.000000Z,119724.5,119731.2,119701.0,119721.9,38.616
2025-07-14T19:22:00.000000Z,119721.9,119757.3,119712.1,119712.1,14.844
2025-07-14T19:23:00.000000Z,119712.1,119720.8,119654.1,119654.1,57.685
2025-07-14T19:24:00.000000Z,119654.1,119687.5,119651.3,119659.3,36.201
2025-07-14T19:25:00.000000Z,119659.4,119755.7,119659.3,119755.6,48.877
2025-07-14T19:26:00.000000Z,119755.6,119810.0,119755.6,119803.5,32.989
2025-07-14T19:27:00.000000Z,119803.5,119866.8,119803.4,119805.1,38.275
2025-07-14T19:28:00.000000Z,119805.1,119817.2,119760.0,119760.0,43.011
2025-07-14T19:29:00.000000Z,119760.1,119771.6,119738.3,119756.3,46.313
2025-07-14T19:30:00.000000Z,119756.3,119780.8,119756.2,119772.3,33.683
2025-07-14T19:31:00.000000Z,119772.4,119918.0,119749.6,119903.6,405.188
2025-07-14T19:32:00.000000Z,119903.6,120066.5,119890.2,120060.9,341.138
2025-07-14T19:33:00.000000Z,120060.9,120066.5,119964.9,119987.4,76.119
2025-07-14T19:34:00.000000Z,119987.4,120028.4,119985.3,119985.3,51.208
2025-07-14T19:35:00.000000Z,119985.3,120050.0,119985.3,120041.6,48.474
2025-07-14T19:36:00.000000Z,120041.5,120041.5,119914.0,119914.0,31.964
2025-07-14T19:37:00.000000Z,119914.0,119934.4,119873.8,119873.8,61.261
2025-07-14T19:38:00.000000Z,119873.8,119888.3,119834.8,119855.4,53.499
2025-07-14T19:39:00.000000Z,119855.3,119860.0,119757.2,119778.7,62.945
2025-07-14T19:40:00.000000Z,119778.7,119783.4,119691.0,119710.9,61.595
2025-07-14T19:41:00.000000Z,119710.9,119738.0,119708.0,119722.3,38.005
2025-07-14T19:42:00.000000Z,119722.4,119751.9,119682.7,119720.0,60.027
2025-07-14T19:43:00.000000Z,119720.1,119742.4,119716.4,119731.7,24.807
2025-07-14T19:44:00.000000Z,119731.7,119794.6,119717.2,119794.6,44.008
2025-07-14T19:45:00.000000Z,119794.6,119797.0,119775.8,119783.9,30.439
2025-07-14T19:46:00.000000Z,119783.9,119783.9,119680.7,119686.4,136.491
2025-07-14T19:47:00.000000Z,119686.5,119692.3,119669.6,119672.1,48.662
2025-07-14T19:48:00.000000Z,119672.1,119692.9,119660.0,119671.0,34.501
2025-07-14T19:49:00.000000Z,119671.0,119692.1,119664.4,119664.4,35.663
2025-07-14T19:50:00.000000Z,119664.4,119716.3,119649.9,119693.9,137.718
2025-07-14T19:51:00.000000Z,119693.8,119693.9,119682.8,119693.8,17.503
2025-07-14T19:52:00.000000Z,119693.9,119954.9,119693.9,119915.8,204.463
2025-07-14T19:53:00.000000Z,119915.8,119958.8,119877.4,119958.8,73.76
2025-07-14T19:54:00.000000Z,119958.8,120036.7,119958.8,120001.3,117.428
2025-07-14T19:55:00.000000Z,120001.3,120005.9,119926.4,119926.4,49.581
2025-07-14T19:56:00.000000Z,119926.4,119926.5,119858.6,119865.9,33.153
2025-07-14T19:57:00.000000Z,119865.8,119876.2,119773.1,119773.1,54.874
2025-07-14T19:58:00.000000Z,119773.1,119817.4,119773.1,119802.5,81.653
2025-07-14T19:59:00.000000Z,119802.5,119930.5,119802.5,119920.0,106.758
2025-07-14T20:00:00.000000Z,119920.3,119920.3,119790.0,119790.2,76.694
2025-07-14T20:01:00.000000Z,119790.2,119814.9,119766.0,119814.8,72.447
2025-07-14T20:02:00.000000Z,119814.8,119844.0,119777.5,119777.5,61.622
2025-07-14T20:03:00.000000Z,119777.6,119795.1,119731.0,119731.0,65.56
2025-07-14T20:04:00.000000Z,119731.0,119759.4,119731.0,119745.0,49.718
2025-07-14T20:05:00.000000Z,119744.9,119747.4,119700.0,119700.1,50.924
2025-07-14T20:06:00.000000Z,119700.0,119700.1,119608.1,119634.1,113.37
2025-07-14T20:07:00.000000Z,119634.2,119769.2,119634.1,119769.2,117.705
2025-07-14T20:08:00.000000Z,119769.2,119786.0,119707.3,119735.3,47.958
2025-07-14T20:09:00.000000Z,119735.2,119760.0,119706.3,119706.4,26.469
2025-07-14T20:10:00.000000Z,119706.4,119812.8,119698.3,119756.4,103.617
2025-07-14T20:11:00.000000Z,119756.4,119798.4,119743.9,119798.3,46.822
2025-07-14T20:12:00.000000Z,119798.3,119798.4,119734.3,119772.6,49.888
2025-07-14T20:13:00.000000Z,119772.7,119819.0,119688.7,119688.7,57.06
2025-07-14T20:14:00.000000Z,119688.8,119720.0,119685.1,119720.0,47.948
2025-07-14T20:15:00.000000Z,119719.9,119733.8,119644.9,119675.9,54.668
2025-07-14T20:16:00.000000Z,119675.8,119675.8,119505.0,119557.6,177.462
2025-07-14T20:17:00.000000Z,119557.5,119676.4,119537.6,119676.3,69.946
2025-07-14T20:18:00.000000Z,119676.4,119788.0,119671.4,119779.9,178.073
2025-07-14T20:19:00.000000Z,119779.9,119852.5,119769.1,119808.0,64.558
2025-07-14T20:20:00.000000Z,119808.0,119817.3,119729.1,119817.3,49.339
2025-07-14T20:21:00.000000Z,119817.5,119817.5,119727.3,119787.0,32.012
2025-07-14T20:22:00.000000Z,119787.0,119787.0,119734.4,119762.8,35.819
2025-07-14T20:23:00.000000Z,119762.7,119849.0,119747.1,119849.0,53.402
2025-07-14T20:24:00.000000Z,119849.0,119884.8,119834.6,119880.5,52.807
2025-07-14T20:25:00.000000Z,119880.4,119980.0,119880.4,119979.9,80.458
2025-07-14T20:26:00.000000Z,119979.9,119982.2,119854.2,119854.3,52.508
2025-07-14T20:27:00.000000Z,119854.3,119953.1,119854.3,119952.5,34.638
2025-07-14T20:28:00.000000Z,119952.6,119959.2,119920.7,119928.9,31.867
2025-07-14T20:29:00.000000Z,119928.9,119968.3,119928.8,119968.2,57.291
2025-07-14T20:30:00.000000Z,119968.3,119968.3,119913.4,119960.4,25.286
2025-07-14T20:31:00.000000Z,119960.5,120029.0,119960.4,120028.3,55.494
2025-07-14T20:32:00.000000Z,120028.3,120061.2,119969.9,119970.0,56.744
2025-07-14T20:33:00.000000Z,119969.9,120055.6,119941.2,120055.5,144.577
2025-07-14T20:34:00.000000Z,120055.6,120102.0,120055.5,120079.5,79.424
2025-07-14T20:35:00.000000Z,120079.5,120079.6,120048.5,120077.5,41.049
2025-07-14T20:36:00.000000Z,120077.5,120100.1,120060.0,120097.3,50.145
2025-07-14T20:37:00.000000Z,120097.2,120097.3,120077.2,120097.3,55.921
2025-07-14T20:38:00.000000Z,120097.2,120097.3,120087.4,120097.1,31.176
2025-07-14T20:39:00.000000Z,120097.2,120184.9,120097.1,120161.4,185.059
2025-07-14T20:40:00.000000Z,120161.4,120161.4,120141.7,120159.6,22.132
2025-07-14T20:41:00.000000Z,120159.6,120200.2,120159.5,120200.2,443.021
2025-07-14T20:42:00.000000Z,120200.2,120200.2,120182.0,120200.2,279.403
2025-07-14T20:43:00.000000Z,120200.2,120200.2,120189.0,120200.1,171.431
2025-07-14T20:44:00.000000Z,120200.2,120200.2,120200.1,120200.2,29.817
2025-07-14T20:45:00.000000Z,120200.2,120200.2,120163.0,120167.6,89.179
2025-07-14T20:46:00.000000Z,120167.6,120198.1,120167.6,120198.1,38.721
2025-07-14T20:47:00.000000Z,120198.1,120200.2,120198.1,120200.1,48.288
2025-07-14T20:48:00.000000Z,120200.2,120200.2,120190.0,120200.2,94.733
2025-07-14T20:49:00.000000Z,120200.2,120200.2,120182.0,120190.9,38.926
2025-07-14T20:50:00.000000Z,120191.0,120191.0,120125.7,120125.7,35.29
2025-07-14T20:51:00.000000Z,120125.8,120188.7,120125.7,120188.7,24.842
2025-07-14T20:52:00.000000Z,120188.7,120196.4,120188.6,120196.3,39.335
2025-07-14T20:53:00.000000Z,120196.3,120307.6,120196.3,120307.6,1141.947
2025-07-14T20:54:00.000000Z,120307.6,120430.0,120251.9,120412.5,336.638
2025-07-14T20:55:00.000000Z,120412.6,120412.6,120378.8,120398.6,103.564
2025-07-14T20:56:00.000000Z,120398.6,120398.7,120312.3,120312.4,67.521
2025-07-14T20:57:00.000000Z,120312.4,120312.4,120253.6,120270.0,101.607
2025-07-14T20:58:00.000000Z,120270.0,120344.1,120269.9,120292.7,229.213
2025-07-14T20:59:00.000000Z,120292.7,120308.8,120130.0,120130.1,147.272
2025-07-14T21:00:00.000000Z,120130.0,120130.0,120076.9,120076.9,75.249
2025-07-14T21:01:00.000000Z,120076.9,120105.8,120076.8,120083.2,25.347
2025-07-14T21:02:00.000000Z,120083.2,120167.5,120083.2,120167.5,48.607
2025-07-14T21:03:00.000000Z,120167.5,120167.5,120100.4,120122.7,38.821
2025-07-14T21:04:00.000000Z,120122.8,120152.0,120101.8,120103.8,106.619
2025-07-14T21:05:00.000000Z,120105.2,120110.0,120079.9,120081.1,25.209
2025-07-14T21:06:00.000000Z,120081.1,120081.2,119969.1,119975.2,364.557
2025-07-14T21:07:00.000000Z,119975.2,119997.2,119941.4,119949.2,74.865
2025-07-14T21:08:00.000000Z,119949.1,120000.0,119940.8,119995.9,39.7
2025-07-14T21:09:00.000000Z,119995.8,119995.9,119995.8,119995.8,9.685
2025-07-14T21:10:00.000000Z,119995.9,120004.3,119958.2,119958.2,53.636
2025-07-14T21:11:00.000000Z,119958.3,119974.3,119958.2,119965.7,28.446
2025-07-14T21:12:00.000000Z,119965.7,119965.8,119924.5,119924.6,75.125
2025-07-14T21:13:00.000000Z,119924.5,119924.8,119918.2,119918.4,30.847
2025-07-14T21:14:00.000000Z,119918.3,119918.3,119812.8,119812.9,71.239
2025-07-14T21:15:00.000000Z,119812.9,119939.8,119798.4,119939.7,75.287
2025-07-14T21:16:00.000000Z,119939.8,119975.8,119929.1,119967.1,43.313
2025-07-14T21:17:00.000000Z,119967.0,119980.0,119940.4,119952.7,32.997
2025-07-14T21:18:00.000000Z,119952.7,119966.1,119941.9,119949.4,29.615
2025-07-14T21:19:00.000000Z,119949.4,119967.1,119913.1,119913.2,27.408
2025-07-14T21:20:00.000000Z,119913.1,119952.7,119909.2,119952.7,30.152
2025-07-14T21:21:00.000000Z,119952.7,120105.3,119952.7,120065.4,64.573
2025-07-14T21:22:00.000000Z,120065.4,120065.4,120000.1,120024.1,30.441
2025-07-14T21:23:00.000000Z,120024.0,120028.7,119969.3,119999.1,39.149
2025-07-14T21:24:00.000000Z,119999.1,120010.0,119973.2,119973.3,18.829
2025-07-14T21:25:00.000000Z,119973.2,119973.3,119923.0,119940.9,24.017
2025-07-14T21:26:00.000000Z,119941.0,120007.5,119931.9,119970.7,133.704
2025-07-14T21:27:00.000000Z,119970.7,120013.9,119970.6,119989.0,56.843
2025-07-14T21:28:00.000000Z,119989.1,120002.9,119950.1,119950.1,64.232
2025-07-14T21:29:00.000000Z,119950.2,119980.0,119950.1,119955.3,34.43
2025-07-14T21:30:00.000000Z,119955.3,119955.3,119913.0,119950.0,33.037
2025-07-14T21:31:00.000000Z,119950.0,119950.0,119923.6,119938.3,22.505
2025-07-14T21:32:00.000000Z,119938.4,119982.9,119938.3,119972.2,29.299
2025-07-14T21:33:00.000000Z,119972.2,119972.2,119934.7,119951.4,8.158
2025-07-14T21:34:00.000000Z,119951.4,119952.9,119937.9,119937.9,8.949
2025-07-14T21:35:00.000000Z,119938.0,119938.0,119937.9,119938.0,5.683
2025-07-14T21:36:00.000000Z,119938.0,119938.0,119937.9,119938.0,9.076
2025-07-14T21:37:00.000000Z,119938.0,119985.2,119937.9,119985.1,30.5
2025-07-14T21:38:00.000000Z,119985.1,119985.2,119968.8,119984.4,31.229
2025-07-14T21:39:00.000000Z,119984.3,120062.6,119984.3,120024.0,32.482
2025-07-14T21:40:00.000000Z,120024.0,120024.0,119990.0,119996.3,24.862
2025-07-14T21:41:00.000000Z,119996.4,120075.5,119955.0,120006.2,121.037
2025-07-14T21:42:00.000000Z,120006.2,120071.0,120006.1,120010.2,32.197
2025-07-14T21:43:00.000000Z,120010.3,120030.8,119969.6,120024.4,38.722
2025-07-14T21:44:00.000000Z,120024.4,120041.0,119964.0,119964.0,34.339
2025-07-14T21:45:00.000000Z,119964.1,120005.7,119964.1,119985.0,18.521
2025-07-14T21:46:00.000000Z,119985.1,119985.1,119980.0,119980.0,7.162
2025-07-14T21:47:00.000000Z,119980.0,120068.4,119968.2,120019.1,49.217
2025-07-14T21:48:00.000000Z,120019.1,120060.0,119980.0,120023.2,42.361
2025-07-14T21:49:00.000000Z,120023.2,120023.3,120015.4,120015.4,6.031
2025-07-14T21:50:00.000000Z,120015.5,120015.5,119985.2,119985.3,11.976
2025-07-14T21:51:00.000000Z,119985.3,120056.3,119985.2,120056.3,12.302
2025-07-14T21:52:00.000000Z,120056.3,120065.1,120056.2,120065.1,7.545
2025-07-14T21:53:00.000000Z,120065.1,120100.0,120065.0,120100.0,31.12
2025-07-14T21:54:00.000000Z,120100.0,120161.1,120099.9,120161.1,33.72
2025-07-14T21:55:00.000000Z,120161.1,120230.6,120161.0,120212.4,54.884
2025-07-14T21:56:00.000000Z,120212.5,120212.5,120206.3,120206.3,10.396
2025-07-14T21:57:00.000000Z,120206.3,120206.3,120114.0,120152.4,45.561
2025-07-14T21:58:00.000000Z,120152.4,120205.4,120152.4,120205.3,33.531
2025-07-14T21:59:00.000000Z,120205.4,120205.4,120000.0,120000.1,48.247
2025-07-14T22:00:00.000000Z,120000.1,120005.0,119959.9,119982.4,90.171
2025-07-14T22:01:00.000000Z,119982.5,119982.5,119923.0,119969.1,71.008
2025-07-14T22:02:00.000000Z,119969.1,119992.8,119925.7,119970.3,65.404
2025-07-14T22:03:00.000000Z,119970.2,119970.3,119905.6,119915.9,28.295
2025-07-14T22:04:00.000000Z,119915.8,119966.5,119889.2,119933.3,60.754
2025-07-14T22:05:00.000000Z,119933.1,119935.6,119923.5,119932.5,54.086
2025-07-14T22:06:00.000000Z,119932.5,120004.1,119932.5,120004.1,31.271
2025-07-14T22:07:00.000000Z,120004.1,120011.5,119993.9,119995.9,21.64
2025-07-14T22:08:00.000000Z,119996.0,119998.9,119969.8,119998.8,24.111
2025-07-14T22:09:00.000000Z,119998.9,120099.0,119998.9,120098.9,41.661
2025-07-14T22:10:00.000000Z,120098.9,120134.1,120061.0,120134.1,56.233
2025-07-14T22:11:00.000000Z,120134.1,120142.8,120094.6,120094.7,44.864
2025-07-14T22:12:00.000000Z,120094.6,120247.6,120093.8,120136.9,287.259
2025-07-14T22:13:00.000000Z,120136.9,120153.9,120095.7,120153.8,44.577
2025-07-14T22:14:00.000000Z,120153.9,120177.4,120150.0,120176.0,31.931
2025-07-14T22:15:00.000000Z,120176.0,120225.3,120166.6,120180.0,45.435
2025-07-14T22:16:00.000000Z,120180.0,120197.4,120120.3,120143.1,25.175
2025-07-14T22:17:00.000000Z,120143.1,120150.9,120122.9,120127.0,36.877
2025-07-14T22:18:00.000000Z,120127.0,120143.4,120127.0,120143.4,9.472
2025-07-14T22:19:00.000000Z,120143.4,120180.8,120140.9,120140.9,39.782
2025-07-14T22:20:00.000000Z,120141.0,120141.0,120086.1,120086.1,39.736
2025-07-14T22:21:00.000000Z,120086.2,120121.6,120070.5,120118.3,45.479
2025-07-14T22:22:00.000000Z,120118.4,120150.0,120118.4,120146.9,27.369
2025-07-14T22:23:00.000000Z,120146.9,120172.5,120146.8,120172.4,21.044
2025-07-14T22:24:00.000000Z,120172.5,120197.4,120172.4,120177.9,28.852
2025-07-14T22:25:00.000000Z,120178.0,120178.0,120132.7,120138.4,23.58
2025-07-14T22:26:00.000000Z,120138.4,120159.4,120134.8,120159.3,13.956
2025-07-14T22:27:00.000000Z,120159.3,120200.0,120159.3,120200.0,25.872
2025-07-14T22:28:00.000000Z,120200.0,120200.0,120155.6,120180.8,41.814
2025-07-14T22:29:00.000000Z,120180.9,120292.6,120180.9,120252.0,123.29
2025-07-14T22:30:00.000000Z,120252.0,120266.9,120231.1,120231.2,67.321
2025-07-14T22:31:00.000000Z,120231.1,120249.2,120216.4,120220.1,27.906
2025-07-14T22:32:00.000000Z,120220.1,120227.6,119996.4,120026.1,122.403
2025-07-14T22:33:00.000000Z,120026.1,120117.3,119996.7,120110.0,65.998
2025-07-14T22:34:00.000000Z,120110.1,120110.1,120076.6,120094.5,13.061
2025-07-14T22:35:00.000000Z,120094.4,120142.8,120079.9,120137.8,58.668
2025-07-14T22:36:00.000000Z,120137.9,120150.0,120101.5,120101.6,15.21
2025-07-14T22:37:00.000000Z,120101.5,120143.4,120101.5,120134.7,13.216
2025-07-14T22:38:00.000000Z,120134.8,120158.0,120134.7,120158.0,17.062
2025-07-14T22:39:00.000000Z,120158.0,120158.0,120145.6,120152.3,25.31
2025-07-14T22:40:00.000000Z,120152.3,120152.3,120123.2,120138.8,23.829
2025-07-14T22:41:00.000000Z,120138.8,120159.2,120138.7,120159.1,13.782
2025-07-14T22:42:00.000000Z,120159.2,120177.1,120150.2,120150.6,14.446
2025-07-14T22:43:00.000000Z,120150.7,120150.7,120108.0,120108.0,17.665
2025-07-14T22:44:00.000000Z,120108.0,120120.4,120108.0,120114.9,14.104
2025-07-14T22:45:00.000000Z,120114.8,120132.4,120114.8,120124.9,37.417
2025-07-14T22:46:00.000000Z,120124.9,120129.0,120110.1,120110.2,10.401
2025-07-14T22:47:00.000000Z,120110.2,120115.4,120100.0,120113.8,8.364
2025-07-14T22:48:00.000000Z,120113.8,120113.8,120078.4,120078.5,15.651
2025-07-14T22:49:00.000000Z,120078.4,120094.7,120078.4,120094.7,11.701
2025-07-14T22:50:00.000000Z,120095.2,120098.1,119997.0,120020.5,45.005
2025-07-14T22:51:00.000000Z,120020.6,120112.4,120020.6,120112.4,36.155
2025-07-14T22:52:00.000000Z,120112.4,120112.4,120071.5,120071.6,19.137
2025-07-14T22:53:00.000000Z,120071.6,120090.3,120071.5,120090.3,15.764
2025-07-14T22:54:00.000000Z,120090.3,120091.9,120071.9,120071.9,13.721
2025-07-14T22:55:00.000000Z,120071.9,120072.0,120052.1,120052.2,27.791
2025-07-14T22:56:00.000000Z,120052.1,120052.2,120030.8,120034.4,15.045
2025-07-14T22:57:00.000000Z,120034.4,120065.3,120034.4,120040.1,24.922
2025-07-14T22:58:00.000000Z,120040.1,120040.1,120010.0,120028.1,8.7
2025-07-14T22:59:00.000000Z,120028.1,120038.9,120014.5,120014.6,18.905
2025-07-14T23:00:00.000000Z,120014.6,120020.5,120002.2,120002.3,28.757
2025-07-14T23:01:00.000000Z,120002.3,120028.1,119996.0,120008.8,29.597
2025-07-14T23:02:00.000000Z,120008.8,120022.9,120008.8,120022.8,11.524
2025-07-14T23:03:00.000000Z,120022.8,120022.9,119965.4,119969.7,38.179
2025-07-14T23:04:00.000000Z,119969.8,119969.8,119947.0,119947.0,10.028
2025-07-14T23:05:00.000000Z,119947.0,119947.1,119900.0,119900.0,35.593
2025-07-14T23:06:00.000000Z,119900.0,119900.6,119875.7,119875.7,46.273
2025-07-14T23:07:00.000000Z,119875.7,119915.5,119850.0,119915.5,61.492
2025-07-14T23:08:00.000000Z,119915.5,119915.5,119858.9,119863.8,43.383
2025-07-14T23:09:00.000000Z,119863.8,119899.7,119863.8,119892.4,27.322
2025-07-14T23:10:00.000000Z,119892.4,119922.5,119892.3,119922.5,9.964
2025-07-14T23:11:00.000000Z,119922.5,119949.5,119922.4,119929.5,26.991
2025-07-14T23:12:00.000000Z,119929.6,119936.4,119920.1,119936.3,8.212
2025-07-14T23:13:00.000000Z,119936.4,119936.4,119924.3,119924.3,9.763
2025-07-14T23:14:00.000000Z,119924.4,119929.7,119924.3,119929.6,9.651
2025-07-14T23:15:00.000000Z,119929.6,119929.6,119865.9,119875.1,45.008
2025-07-14T23:16:00.000000Z,119875.0,119876.0,119856.2,119856.2,15.769
2025-07-14T23:17:00.000000Z,119856.2,119856.3,119809.0,119809.0,54.911
2025-07-14T23:18:00.000000Z,119809.0,119809.1,119769.2,119773.0,55.503
2025-07-14T23:19:00.000000Z,119773.0,119806.4,119759.1,119806.4,50.813
2025-07-14T23:20:00.000000Z,119806.4,119826.3,119806.3,119826.2,20.002
2025-07-14T23:21:00.000000Z,119826.2,119828.7,119808.0,119819.5,23.688
2025-07-14T23:22:00.000000Z,119819.6,119848.9,119819.6,119840.1,19.683
2025-07-14T23:23:00.000000Z,119840.0,119840.1,119785.5,119785.6,43.755
2025-07-14T23:24:00.000000Z,119785.5,119785.6,119750.0,119760.2,38.222
2025-07-14T23:25:00.000000Z,119760.2,119817.6,119755.7,119817.5,28.729
2025-07-14T23:26:00.000000Z,119817.5,119817.6,119800.9,119800.9,25.173
2025-07-14T23:27:00.000000Z,119801.0,119810.5,119794.1,119810.4,22.404
2025-07-14T23:28:00.000000Z,119810.4,119810.5,119801.2,119808.8,14.289
2025-07-14T23:29:00.000000Z,119808.7,119821.8,119769.0,119781.9,37.643
2025-07-14T23:30:00.000000Z,119781.9,119814.7,119781.8,119814.7,19.327
2025-07-14T23:31:00.000000Z,119814.6,119814.7,119780.0,119780.0,19.332
2025-07-14T23:32:00.000000Z,119780.0,119806.9,119772.5,119806.9,20.919
2025-07-14T23:33:00.000000Z,119806.8,119906.8,119800.8,119906.8,25.473
2025-07-14T23:34:00.000000Z,119906.7,119906.8,119866.3,119867.9,47.295
2025-07-14T23:35:00.000000Z,119867.9,119926.0,119867.9,119926.0,28.293
2025-07-14T23:36:00.000000Z,119926.0,119926.0,119870.0,119889.9,31.945
2025-07-14T23:37:00.000000Z,119890.0,119922.3,119877.6,119877.6,28.942
2025-07-14T23:38:00.000000Z,119877.7,119907.2,119877.7,119893.8,19.506
2025-07-14T23:39:00.000000Z,119893.7,119902.6,119885.7,119899.4,28.703
2025-07-14T23:40:00.000000Z,119899.5,119946.0,119885.9,119886.0,127.69
2025-07-14T23:41:00.000000Z,119886.0,119886.5,119840.1,119863.5,35.251
2025-07-14T23:42:00.000000Z,119863.5,119868.5,119808.8,119812.7,28.388
2025-07-14T23:43:00.000000Z,119812.8,119829.6,119810.7,119810.7,25.174
2025-07-14T23:44:00.000000Z,119810.7,119810.8,119808.7,119808.9,15.388
2025-07-14T23:45:00.000000Z,119809.0,119809.0,119782.1,119808.9,29.618
2025-07-14T23:46:00.000000Z,119808.8,119837.1,119808.8,119837.0,44.829
2025-07-14T23:47:00.000000Z,119837.0,119837.1,119808.8,119808.9,29.45
2025-07-14T23:48:00.000000Z,119809.0,119837.1,119808.9,119809.0,33.585
2025-07-14T23:49:00.000000Z,119809.0,119824.3,119808.9,119814.5,25.448
2025-07-14T23:50:00.000000Z,119814.5,119819.4,119740.7,119750.0,112.86
2025-07-14T23:51:00.000000Z,119749.9,119770.4,119749.9,119757.4,12.566
2025-07-14T23:52:00.000000Z,119757.4,119776.0,119742.0,119742.0,29.357
2025-07-14T23:53:00.000000Z,119742.1,119786.7,119735.6,119786.7,143.739
2025-07-14T23:54:00.000000Z,119786.7,119824.9,119786.6,119815.9,63.653
2025-07-14T23:55:00.000000Z,119815.9,119816.0,119808.2,119814.2,18.783
2025-07-14T23:56:00.000000Z,119814.3,119814.3,119784.1,119788.7,42.603
2025-07-14T23:57:00.000000Z,119788.6,119826.9,119779.4,119818.6,103.295
2025-07-14T23:58:00.000000Z,119818.7,119842.7,119796.1,119842.6,36.911
2025-07-14T23:59:00.000000Z,119842.6,119842.7,119811.6,119816.5,34.865
2025-07-15T00:00:00.000000Z,119816.5,119816.5,119746.9,119746.9,68.2
2025-07-15T00:01:00.000000Z,119746.9,119797.6,119746.9,119797.5,39.444
2025-07-15T00:02:00.000000Z,119797.6,119832.0,119797.5,119797.5,47.274
2025-07-15T00:03:00.000000Z,119797.5,119816.0,119797.5,119810.8,21.712
2025-07-15T00:04:00.000000Z,119810.9,119810.9,119736.0,119736.0,54.329
2025-07-15T00:05:00.000000Z,119736.1,119741.2,119714.1,119714.1,61.549
2025-07-15T00:06:00.000000Z,119714.2,119797.2,119714.1,119765.6,65.112
2025-07-15T00:07:00.000000Z,119765.6,119769.6,119731.2,119748.7,53.08
2025-07-15T00:08:00.000000Z,119748.6,119762.7,119711.8,119717.2,62.073
2025-07-15T00:09:00.000000Z,119717.3,119741.9,119672.0,119681.7,79.278
2025-07-15T00:10:00.000000Z,119681.8,119692.6,119666.9,119666.9,55.951
2025-07-15T00:11:00.000000Z,119667.0,119700.0,119660.0,119660.1,28.738
2025-07-15T00:12:00.000000Z,119660.0,119660.1,119620.0,119620.1,48.882
2025-07-15T00:13:00.000000Z,119620.1,119620.1,119587.2,119592.1,74.957
2025-07-15T00:14:00.000000Z,119592.1,119616.0,119592.0,119592.0,39.579
2025-07-15T00:15:00.000000Z,119592.1,119623.3,119526.0,119622.3,164.525
2025-07-15T00:16:00.000000Z,119622.3,119626.4,119607.5,119607.5,40.566
2025-07-15T00:17:00.000000Z,119607.6,119607.6,119595.1,119607.5,26.43
2025-07-15T00:18:00.000000Z,119607.5,119624.3,119604.3,119624.3,21.045
2025-07-15T00:19:00.000000Z,119624.2,119624.3,119600.0,119603.0,28.241
2025-07-15T00:20:00.000000Z,119603.0,119603.1,119588.0,119588.1,23.773
2025-07-15T00:21:00.000000Z,119588.1,119588.1,119557.1,119557.6,37.039
2025-07-15T00:22:00.000000Z,119557.6,119641.8,119557.6,119641.8,60.578
2025-07-15T00:23:00.000000Z,119641.8,119734.9,119641.7,119712.8,103.78
2025-07-15T00:24:00.000000Z,119712.7,119748.3,119710.0,119748.3,34.091
2025-07-15T00:25:00.000000Z,119748.2,119846.5,119748.2,119823.0,83.037
2025-07-15T00:26:00.000000Z,119823.0,119919.4,119819.8,119904.4,54.94
2025-07-15T00:27:00.000000Z,119904.4,119915.5,119904.3,119913.3,29.337
2025-07-15T00:28:00.000000Z,119913.3,119919.4,119845.5,119861.5,60.558
2025-07-15T00:29:00.000000Z,119861.5,119861.6,119845.5,119858.2,29.666
2025-07-15T00:30:00.000000Z,119858.2,119858.2,119791.9,119791.9,69.77
2025-07-15T00:31:00.000000Z,119791.9,119810.2,119787.7,119810.2,39.754
2025-07-15T00:32:00.000000Z,119810.2,119829.2,119778.0,119822.2,55.238
2025-07-15T00:33:00.000000Z,119822.3,119822.3,119771.6,119771.6,50.963
2025-07-15T00:34:00.000000Z,119771.6,119771.6,119697.1,119697.1,50.139
2025-07-15T00:35:00.000000Z,119697.1,119709.2,119625.9,119625.9,30.461
2025-07-15T00:36:00.000000Z,119625.9,119638.6,119605.1,119614.1,51.429
2025-07-15T00:37:00.000000Z,119614.2,119638.6,119575.0,119638.6,30.717
2025-07-15T00:38:00.000000Z,119638.6,119693.7,119638.5,119693.7,25.999
2025-07-15T00:39:00.000000Z,119693.6,119693.7,119631.7,119631.8,24.999
2025-07-15T00:40:00.000000Z,119631.8,119631.8,119358.3,119384.7,673.495
2025-07-15T00:41:00.000000Z,119384.7,119411.0,119300.0,119300.0,387.271
2025-07-15T00:42:00.000000Z,119300.1,119307.9,119000.0,119295.8,1245.599
2025-07-15T00:43:00.000000Z,119295.7,119444.9,119295.7,119444.0,326.213
2025-07-15T00:44:00.000000Z,119443.9,119453.0,119361.8,119374.4,232.889
2025-07-15T00:45:00.000000Z,119374.4,119461.5,119366.9,119406.1,98.595
2025-07-15T00:46:00.000000Z,119406.1,119434.5,119363.3,119364.3,88.221
2025-07-15T00:47:00.000000Z,119364.3,119389.3,119270.5,119284.1,193.999
2025-07-15T00:48:00.000000Z,119284.2,119354.6,119277.7,119353.9,113.878
2025-07-15T00:49:00.000000Z,119354.0,119428.3,119301.0,119428.3,97.876
2025-07-15T00:50:00.000000Z,119428.3,119468.8,119405.2,119439.5,80.936
2025-07-15T00:51:00.000000Z,119439.6,119500.0,119423.6,119499.9,79.39
2025-07-15T00:52:00.000000Z,119500.0,119509.5,119475.9,119485.7,77.959
2025-07-15T00:53:00.000000Z,119485.7,119503.7,119467.1,119467.2,35.36
2025-07-15T00:54:00.000000Z,119467.2,119538.4,119467.1,119538.4,54.853
2025-07-15T00:55:00.000000Z,119538.3,119543.1,119515.2,119515.3,23.281
2025-07-15T00:56:00.000000Z,119515.2,119550.0,119474.0,119497.6,79.006
2025-07-15T00:57:00.000000Z,119497.6,119531.5,119474.1,119531.5,43.472
2025-07-15T00:58:00.000000Z,119531.5,119531.5,119485.4,119485.5,35.946
2025-07-15T00:59:00.000000Z,119485.4,119485.5,119440.0,119458.4,43.01
2025-07-15T01:00:00.000000Z,119458.4,119497.8,119439.9,119439.9,47.918
2025-07-15T01:01:00.000000Z,119440.0,119440.0,119340.0,119350.1,49.802
2025-07-15T01:02:00.000000Z,119350.1,119350.1,119240.0,119241.9,112.605
2025-07-15T01:03:00.000000Z,119242.0,119260.0,119208.2,119208.3,104.649
2025-07-15T01:04:00.000000Z,119208.3,119215.9,119128.8,119189.0,362.817
2025-07-15T01:05:00.000000Z,119189.1,119260.2,119189.1,119242.9,93.965
2025-07-15T01:06:00.000000Z,119242.9,119287.4,119230.8,119242.0,45.566
2025-07-15T01:07:00.000000Z,119242.0,119278.6,119242.0,119242.7,36.733
2025-07-15T01:08:00.000000Z,119242.7,119261.5,119130.0,119188.2,111.655
2025-07-15T01:09:00.000000Z,119188.2,119188.3,119140.7,119146.1,115.158
2025-07-15T01:10:00.000000Z,119146.1,119182.6,119116.0,119135.0,221.59
2025-07-15T01:11:00.000000Z,119134.9,119171.5,119133.0,119134.3,117.081
2025-07-15T01:12:00.000000Z,119134.4,119171.4,119127.3,119132.8,75.891
2025-07-15T01:13:00.000000Z,119132.8,119150.0,119124.0,119132.7,85.742
2025-07-15T01:14:00.000000Z,119132.6,119174.8,119132.6,119174.7,52.401
2025-07-15T01:15:00.000000Z,119174.8,119362.8,119174.7,119330.4,117.886
2025-07-15T01:16:00.000000Z,119330.1,119330.1,119251.6,119252.0,60.456
2025-07-15T01:17:00.000000Z,119252.1,119289.4,119141.6,119160.4,101.514
2025-07-15T01:18:00.000000Z,119160.4,119226.4,119064.0,119121.6,201.919
2025-07-15T01:19:00.000000Z,119121.5,119124.1,118965.0,118975.7,269.985
2025-07-15T01:20:00.000000Z,118975.7,119024.6,118886.4,119008.6,775.59
2025-07-15T01:21:00.000000Z,119008.5,119029.9,118775.4,118807.3,613.346
2025-07-15T01:22:00.000000Z,118807.2,118826.5,118720.0,118732.1,536.51
2025-07-15T01:23:00.000000Z,118732.1,118831.0,118732.1,118770.8,348.197
2025-07-15T01:24:00.000000Z,118770.9,118900.9,118735.0,118751.9,546.783
2025-07-15T01:25:00.000000Z,118751.8,118990.4,118746.6,118990.3,389.223
2025-07-15T01:26:00.000000Z,118990.3,119082.0,118990.3,119081.9,187.719
2025-07-15T01:27:00.000000Z,119081.9,119139.5,119071.3,119139.5,201.996
2025-07-15T01:28:00.000000Z,119139.4,119139.5,119051.5,119077.3,164.546
2025-07-15T01:29:00.000000Z,119077.4,119077.4,118985.2,119015.6,66.459
2025-07-15T01:30:00.000000Z,119015.6,119015.6,118975.5,118991.3,101.62
2025-07-15T01:31:00.000000Z,118991.3,119062.3,118984.0,119021.3,91.95
2025-07-15T01:32:00.000000Z,119021.9,119109.7,119021.9,119103.5,120.277
2025-07-15T01:33:00.000000Z,119103.5,119118.6,119059.5,119097.6,86.813
2025-07-15T01:34:00.000000Z,119097.6,119260.0,119094.0,119256.3,397.149
2025-07-15T01:35:00.000000Z,119256.4,119321.6,119174.0,119174.1,317.641
2025-07-15T01:36:00.000000Z,119174.0,119256.2,119136.9,119256.1,85.154
2025-07-15T01:37:00.000000Z,119256.2,119321.8,119224.6,119254.1,184.281
2025-07-15T01:38:00.000000Z,119254.6,119327.5,119254.6,119316.2,71.492
2025-07-15T01:39:00.000000Z,119316.2,119408.4,119300.0,119408.4,121.528
2025-07-15T01:40:00.000000Z,119408.4,119408.4,119339.2,119339.3,83.699
2025-07-15T01:41:00.000000Z,119339.2,119438.0,119339.2,119405.3,130.089
2025-07-15T01:42:00.000000Z,119405.4,119449.9,119303.5,119326.0,170.139
2025-07-15T01:43:00.000000Z,119326.0,119386.7,119326.0,119378.4,105.772
2025-07-15T01:44:00.000000Z,119378.4,119399.0,119230.5,119247.4,219.05
2025-07-15T01:45:00.000000Z,119247.3,119336.8,119223.1,119312.5,251.483
2025-07-15T01:46:00.000000Z,119312.5,119409.6,119295.5,119379.3,71.238
2025-07-15T01:47:00.000000Z,119379.4,119408.0,119301.3,119327.0,53.052
2025-07-15T01:48:00.000000Z,119327.0,119327.0,119230.7,119230.7,53.892
2025-07-15T01:49:00.000000Z,119230.7,119260.9,119130.0,119130.0,148.528
2025-07-15T01:50:00.000000Z,119130.0,119268.0,119084.6,119242.0,122.275
2025-07-15T01:51:00.000000Z,119242.0,119268.0,119193.8,119225.4,166.676
2025-07-15T01:52:00.000000Z,119225.4,119352.0,119215.0,119345.8,122.709
2025-07-15T01:53:00.000000Z,119345.8,119374.0,119330.2,119341.5,87.459
2025-07-15T01:54:00.000000Z,119341.6,119351.5,119059.1,119077.1,160.413
2025-07-15T01:55:00.000000Z,119077.0,119077.0,118834.0,118886.8,339.574
2025-07-15T01:56:00.000000Z,118886.8,118949.9,118826.2,118907.3,186.576
2025-07-15T01:57:00.000000Z,118907.3,118962.6,118766.8,118779.8,194.216
2025-07-15T01:58:00.000000Z,118779.8,118800.0,118580.0,118595.2,636.025
2025-07-15T01:59:00.000000Z,118595.2,118610.9,118376.5,118491.3,1239.279
2025-07-15T02:00:00.000000Z,118491.4,118707.3,118280.0,118707.3,981.032
2025-07-15T02:01:00.000000Z,118707.2,118713.4,118588.0,118616.0,263.83
2025-07-15T02:02:00.000000Z,118615.9,118683.3,118484.8,118683.3,287.391
2025-07-15T02:03:00.000000Z,118683.3,118873.2,118654.2,118806.1,290.728
2025-07-15T02:04:00.000000Z,118806.2,118853.1,118768.4,118792.5,202.249
2025-07-15T02:05:00.000000Z,118792.5,118792.6,118502.3,118642.3,419.009
2025-07-15T02:06:00.000000Z,118642.2,118731.3,118618.2,118731.3,92.436
2025-07-15T02:07:00.000000Z,118731.2,118775.1,118614.7,118640.9,151.455
2025-07-15T02:08:00.000000Z,118640.9,118699.4,118474.7,118575.8,262.15
2025-07-15T02:09:00.000000Z,118575.8,118591.7,118481.7,118486.9,135.258
2025-07-15T02:10:00.000000Z,118486.9,118626.4,118459.5,118548.8,211.65
2025-07-15T02:11:00.000000Z,118548.7,118563.7,118356.8,118356.8,180.457
2025-07-15T02:12:00.000000Z,118356.8,118489.8,118316.3,118386.2,245.304
2025-07-15T02:13:00.000000Z,118386.1,118398.5,118200.0,118246.2,492.325
2025-07-15T02:14:00.000000Z,118246.1,118300.0,118194.2,118276.9,254.571
2025-07-15T02:15:00.000000Z,118276.8,118320.0,118168.2,118172.7,318.213
2025-07-15T02:16:00.000000Z,118172.7,118215.4,118111.0,118128.5,402.458
2025-07-15T02:17:00.000000Z,118128.5,118138.3,117929.4,118001.2,974.87
2025-07-15T02:18:00.000000Z,118001.1,118198.2,117975.9,118129.7,396.547
2025-07-15T02:19:00.000000Z,118129.6,118134.6,117923.7,118034.1,513.459
2025-07-15T02:20:00.000000Z,118034.1,118039.2,117946.9,117956.6,578.353
2025-07-15T02:21:00.000000Z,117956.5,117995.1,117888.0,117972.3,309.357
2025-07-15T02:22:00.000000Z,117972.2,118183.1,117940.0,118045.6,381.81
2025-07-15T02:23:00.000000Z,118045.6,118119.1,117956.4,117978.8,174.098
2025-07-15T02:24:00.000000Z,117978.8,118129.6,117978.8,118093.2,205.415
2025-07-15T02:25:00.000000Z,118093.1,118106.4,117890.8,117891.7,242.076
2025-07-15T02:26:00.000000Z,117891.6,118003.0,117850.1,117948.3,360.731
2025-07-15T02:27:00.000000Z,117948.2,117986.7,117868.2,117978.9,152.77
2025-07-15T02:28:00.000000Z,117978.9,118000.0,117853.3,117875.8,174.118
2025-07-15T02:29:00.000000Z,117874.6,117975.3,117833.0,117932.6,352.776
2025-07-15T02:30:00.000000Z,117932.6,117972.0,117895.0,117923.1,312.47
2025-07-15T02:31:00.000000Z,117923.0,118057.0,117888.4,117980.5,300.38
2025-07-15T02:32:00.000000Z,117980.4,118100.0,117939.5,118098.9,183.712
2025-07-15T02:33:00.000000Z,118098.8,118098.9,117977.0,118027.4,132.651
2025-07-15T02:34:00.000000Z,118027.4,118111.0,117962.7,117973.2,230.036
2025-07-15T02:35:00.000000Z,117973.2,118039.3,117960.1,117965.0,184.126
2025-07-15T02:36:00.000000Z,117964.9,118055.6,117964.9,118049.8,207.581
2025-07-15T02:37:00.000000Z,118049.7,118105.0,118002.8,118105.0,109.269
2025-07-15T02:38:00.000000Z,118104.9,118268.9,118104.9,118208.0,382.922
2025-07-15T02:39:00.000000Z,118207.9,118247.3,118108.2,118130.1,162.409
2025-07-15T02:40:00.000000Z,118130.1,118161.9,118057.0,118161.9,137.302
2025-07-15T02:41:00.000000Z,118161.8,118212.3,118142.7,118178.8,111.635
2025-07-15T02:42:00.000000Z,118179.4,118269.1,118164.0,118253.6,271.03
2025-07-15T02:43:00.000000Z,118253.6,118307.6,118239.4,118295.0,185.889
2025-07-15T02:44:00.000000Z,118294.9,118313.6,118259.0,118262.8,91.05
2025-07-15T02:45:00.000000Z,118262.7,118300.0,118200.0,118290.1,216.145
2025-07-15T02:46:00.000000Z,118290.0,118362.8,118234.0,118266.6,167.155
2025-07-15T02:47:00.000000Z,118266.5,118455.0,118217.5,118384.5,442.91
2025-07-15T02:48:00.000000Z,118384.4,118441.7,118304.0,118304.0,143.775
2025-07-15T02:49:00.000000Z,118304.0,118338.7,118275.9,118301.1,101.198
2025-07-15T02:50:00.000000Z,118301.0,118316.2,118230.7,118290.1,147.791
2025-07-15T02:51:00.000000Z,118290.1,118422.8,118290.1,118413.4,115.712
2025-07-15T02:52:00.000000Z,118413.3,118420.6,118317.6,118353.7,221.208
2025-07-15T02:53:00.000000Z,118353.7,118413.0,118353.7,118355.0,148.014
2025-07-15T02:54:00.000000Z,118355.0,118414.0,118323.1,118385.5,114.739
2025-07-15T02:55:00.000000Z,118385.5,118385.6,118318.6,118368.3,92.194
2025-07-15T02:56:00.000000Z,118368.2,118368.3,118307.2,118307.2,51.376
2025-07-15T02:57:00.000000Z,118307.2,118335.9,118289.5,118311.9,185.532
2025-07-15T02:58:00.000000Z,118311.9,118312.0,118219.7,118219.8,93.209
2025-07-15T02:59:00.000000Z,118219.7,118297.6,118219.7,118251.9,98.462
2025-07-15T03:00:00.000000Z,118251.8,118251.8,118083.8,118083.8,309.539
2025-07-15T03:01:00.000000Z,118083.8,118119.5,118040.0,118087.3,258.962
2025-07-15T03:02:00.000000Z,118087.4,118087.4,117624.3,117679.3,1164.463
2025-07-15T03:03:00.000000Z,117679.3,117931.3,117615.6,117641.1,969.654
2025-07-15T03:04:00.000000Z,117641.1,117707.1,117550.0,117587.6,776.831
2025-07-15T03:05:00.000000Z,117587.5,117769.2,117587.5,117704.5,320.725
2025-07-15T03:06:00.000000Z,117704.3,117769.2,117538.4,117550.2,359.187
2025-07-15T03:07:00.000000Z,117550.2,117605.8,117455.8,117604.8,883.012
2025-07-15T03:08:00.000000Z,117604.9,117644.0,117560.8,117643.5,248.23
2025-07-15T03:09:00.000000Z,117643.5,117643.5,117414.7,117452.1,353.068
2025-07-15T03:10:00.000000Z,117452.1,117526.8,117250.0,117478.4,1112.998
2025-07-15T03:11:00.000000Z,117478.4,117582.2,117358.6,117527.8,420.386
2025-07-15T03:12:00.000000Z,117527.8,117581.5,117520.6,117567.6,250.011
2025-07-15T03:13:00.000000Z,117567.5,117582.1,117439.3,117473.9,249.211
2025-07-15T03:14:00.000000Z,117473.9,117632.6,117473.9,117620.5,275.065
2025-07-15T03:15:00.000000Z,117620.5,117620.5,117397.2,117397.2,469.422
2025-07-15T03:16:00.000000Z,117397.1,117528.6,117292.7,117345.8,535.253
2025-07-15T03:17:00.000000Z,117345.9,117394.3,117252.8,117356.3,462.372
2025-07-15T03:18:00.000000Z,117355.6,117527.2,117343.5,117457.4,294.897
2025-07-15T03:19:00.000000Z,117457.4,117553.1,117220.0,117220.1,497.51
2025-07-15T03:20:00.000000Z,117220.0,117264.0,117108.0,117132.0,1154.447
2025-07-15T03:21:00.000000Z,117132.0,117303.6,117090.0,117225.3,596.216
2025-07-15T03:22:00.000000Z,117225.3,117434.9,117225.3,117434.4,233.269
2025-07-15T03:23:00.000000Z,117434.5,117505.1,117413.0,117463.5,231.828
2025-07-15T03:24:00.000000Z,117463.4,117550.0,117450.4,117550.0,119.335
2025-07-15T03:25:00.000000Z,117550.0,117616.7,117549.8,117554.8,200.818
2025-07-15T03:26:00.000000Z,117554.7,117569.6,117477.4,117496.2,226.052
2025-07-15T03:27:00.000000Z,117496.5,117544.4,117474.0,117479.6,112.83
2025-07-15T03:28:00.000000Z,117479.6,117548.0,117386.9,117505.0,779.911
2025-07-15T03:29:00.000000Z,117505.0,117526.0,117494.7,117508.4,110.634
2025-07-15T03:30:00.000000Z,117508.3,117511.5,117334.8,117400.0,650.446
2025-07-15T03:31:00.000000Z,117400.0,117414.3,117280.2,117341.4,612.152
2025-07-15T03:32:00.000000Z,117341.5,117428.5,117328.9,117380.0,468.464
2025-07-15T03:33:00.000000Z,117380.0,117393.6,117280.5,117280.6,276.191
2025-07-15T03:34:00.000000Z,117280.6,117340.5,117231.7,117333.3,370.595
2025-07-15T03:35:00.000000Z,117333.2,117342.2,117254.2,117273.0,212.889
2025-07-15T03:36:00.000000Z,117273.0,117290.0,117213.0,117213.0,172.614
2025-07-15T03:37:00.000000Z,117213.0,117220.0,117000.0,117019.1,1010.766
2025-07-15T03:38:00.000000Z,117019.1,117230.7,116870.0,117230.6,1356.575
2025-07-15T03:39:00.000000Z,117230.7,117230.7,117076.3,117103.7,362.056
2025-07-15T03:40:00.000000Z,117103.7,117144.0,117052.0,117144.0,254.314
2025-07-15T03:41:00.000000Z,117144.0,117160.0,116977.4,117044.4,332.239
2025-07-15T03:42:00.000000Z,117044.4,117203.6,117026.5,117191.7,320.41
2025-07-15T03:43:00.000000Z,117191.8,117379.0,117191.7,117286.1,543.565
2025-07-15T03:44:00.000000Z,117286.0,117358.4,117286.0,117313.2,218.862
2025-07-15T03:45:00.000000Z,117313.3,117424.9,117252.3,117401.1,264.084
2025-07-15T03:46:00.000000Z,117401.1,117430.0,117330.0,117330.0,202.27
2025-07-15T03:47:00.000000Z,117330.0,117511.3,117330.0,117511.3,525.653
2025-07-15T03:48:00.000000Z,117511.2,117569.9,117500.0,117507.8,462.028
2025-07-15T03:49:00.000000Z,117507.8,117532.7,117490.4,117490.4,130.155
2025-07-15T03:50:00.000000Z,117490.5,117499.5,117400.0,117401.5,183.154
2025-07-15T03:51:00.000000Z,117401.4,117569.0,117401.4,117569.0,185.83
2025-07-15T03:52:00.000000Z,117569.0,117580.0,117452.9,117453.0,132.107
2025-07-15T03:53:00.000000Z,117452.9,117464.8,117375.0,117375.0,188.412
2025-07-15T03:54:00.000000Z,117374.9,117389.3,117251.6,117251.6,193.603
2025-07-15T03:55:00.000000Z,117251.7,117337.3,117201.1,117337.3,184.442
2025-07-15T03:56:00.000000Z,117337.2,117365.8,117258.2,117335.3,137.093
2025-07-15T03:57:00.000000Z,117335.4,117370.0,117300.0,117313.1,58.754
2025-07-15T03:58:00.000000Z,117313.1,117316.0,117267.6,117295.7,128.853
2025-07-15T03:59:00.000000Z,117295.7,117295.7,117175.3,117209.2,254.459
2025-07-15T04:00:00.000000Z,117209.2,117212.4,117141.4,117141.4,211.435
2025-07-15T04:01:00.000000Z,117141.5,117173.2,117122.3,117132.6,136.514
2025-07-15T04:02:00.000000Z,117132.5,117281.7,117132.5,117185.1,369.67
2025-07-15T04:03:00.000000Z,117185.2,117203.0,117101.4,117152.0,133.483
2025-07-15T04:04:00.000000Z,117152.0,117161.1,117074.0,117074.1,102.254
2025-07-15T04:05:00.000000Z,117074.0,117079.3,116974.8,116981.4,297.293
2025-07-15T04:06:00.000000Z,116981.4,117051.3,116970.1,116970.2,256.098
2025-07-15T04:07:00.000000Z,116970.1,117023.5,116950.0,117023.4,236.147
2025-07-15T04:08:00.000000Z,117023.5,117024.6,116945.3,116945.3,187.449
2025-07-15T04:09:00.000000Z,116945.3,116987.9,116227.0,116766.1,3253.967
2025-07-15T04:10:00.000000Z,116766.1,116766.1,116274.3,116438.5,1846.988
2025-07-15T04:11:00.000000Z,116438.5,116769.2,116425.5,116735.7,762.132
2025-07-15T04:12:00.000000Z,116735.7,116959.0,116700.2,116902.9,631.465
2025-07-15T04:13:00.000000Z,116903.0,116973.0,116836.0,116845.6,302.349
2025-07-15T04:14:00.000000Z,116845.5,117012.4,116845.5,117012.4,257.962
2025-07-15T04:15:00.000000Z,117012.4,117151.8,117012.0,117145.2,470.232
2025-07-15T04:16:00.000000Z,117144.5,117160.9,117041.7,117146.8,182.07
2025-07-15T04:17:00.000000Z,117146.8,117200.0,117105.2,117143.6,447.856
2025-07-15T04:18:00.000000Z,117143.7,117208.4,117123.6,117150.8,314.17
2025-07-15T04:19:00.000000Z,117150.8,117190.7,117150.0,117150.0,140.469
2025-07-15T04:20:00.000000Z,117150.0,117246.3,117115.9,117241.2,492.978
2025-07-15T04:21:00.000000Z,117241.2,117357.7,117213.3,117257.6,432.641
2025-07-15T04:22:00.000000Z,117257.6,117483.5,117230.7,117415.3,596.79
2025-07-15T04:23:00.000000Z,117415.2,117438.9,117381.3,117381.4,347.854
2025-07-15T04:24:00.000000Z,117381.4,117427.4,117354.0,117390.1,196.811
2025-07-15T04:25:00.000000Z,117390.2,117390.2,117333.2,117338.6,252.866
2025-07-15T04:26:00.000000Z,117338.7,117367.9,117338.6,117367.9,67.787
2025-07-15T04:27:00.000000Z,117367.9,117367.9,117330.0,117330.0,70.462
2025-07-15T04:28:00.000000Z,117330.1,117360.0,117300.0,117355.4,75.508
2025-07-15T04:29:00.000000Z,117355.5,117381.9,117268.3,117301.8,141.794
2025-07-15T04:30:00.000000Z,117301.8,117323.7,117243.0,117243.1,137.898
2025-07-15T04:31:00.000000Z,117243.0,117286.8,117181.0,117220.1,295.312
2025-07-15T04:32:00.000000Z,117220.0,117228.8,117093.0,117123.7,160.08
2025-07-15T04:33:00.000000Z,117123.8,117142.0,117027.0,117027.0,295.417
2025-07-15T04:34:00.000000Z,117027.1,117070.1,116961.0,117070.1,317.299
2025-07-15T04:35:00.000000Z,117070.1,117100.0,116988.4,116993.3,185.024
2025-07-15T04:36:00.000000Z,116993.2,117229.6,116993.2,117229.6,177.058
2025-07-15T04:37:00.000000Z,117229.6,117229.9,117153.9,117229.0,96.194
2025-07-15T04:38:00.000000Z,117229.0,117395.7,117228.9,117395.3,165.757
2025-07-15T04:39:00.000000Z,117395.3,117413.2,117380.0,117399.3,122.582
2025-07-15T04:40:00.000000Z,117399.4,117411.6,117351.3,117411.5,160.652
2025-07-15T04:41:00.000000Z,117411.6,117478.4,117399.9,117433.2,221.944
2025-07-15T04:42:00.000000Z,117433.1,117472.0,117402.1,117444.5,137.332
2025-07-15T04:43:00.000000Z,117444.4,117518.0,117444.4,117497.6,240.509
2025-07-15T04:44:00.000000Z,117497.5,117530.7,117479.4,117490.0,260.388
2025-07-15T04:45:00.000000Z,117490.0,117491.1,117433.9,117473.0,223.189
2025-07-15T04:46:00.000000Z,117473.1,117473.1,117438.3,117450.0,61.875
2025-07-15T04:47:00.000000Z,117450.1,117471.1,117441.7,117450.6,39.183
2025-07-15T04:48:00.000000Z,117450.6,117487.5,117450.6,117451.7,210.078
2025-07-15T04:49:00.000000Z,117451.7,117468.1,117420.9,117425.1,94.179
2025-07-15T04:50:00.000000Z,117425.1,117425.2,117348.5,117348.5,219.03
2025-07-15T04:51:00.000000Z,117348.6,117398.2,117320.0,117398.2,73.699
2025-07-15T04:52:00.000000Z,117398.2,117398.2,117357.2,117377.6,53.044
2025-07-15T04:53:00.000000Z,117377.6,117431.2,117377.5,117431.2,74.285
2025-07-15T04:54:00.000000Z,117431.2,117465.8,117431.1,117446.6,84.104
2025-07-15T04:55:00.000000Z,117446.6,117446.7,117411.1,117432.8,67.673
2025-07-15T04:56:00.000000Z,117432.7,117494.4,117432.7,117453.2,93.639
2025-07-15T04:57:00.000000Z,117453.3,117478.2,117453.2,117455.1,68.91
2025-07-15T04:58:00.000000Z,117455.0,117490.8,117455.0,117489.2,63.371
2025-07-15T04:59:00.000000Z,117489.2,117508.7,117481.7,117481.8,203.361
2025-07-15T05:00:00.000000Z,117481.7,117497.0,117456.7,117497.0,103.006
2025-07-15T05:01:00.000000Z,117497.0,117564.0,117496.9,117564.0,134.407
2025-07-15T05:02:00.000000Z,117564.0,117585.1,117524.5,117558.2,235.078
2025-07-15T05:03:00.000000Z,117558.2,117635.8,117558.1,117631.7,222.682
2025-07-15T05:04:00.000000Z,117631.7,117692.3,117631.6,117684.3,354.675
2025-07-15T05:05:00.000000Z,117684.3,117692.3,117673.0,117673.1,161.577
2025-07-15T05:06:00.000000Z,117673.1,117687.1,117647.7,117687.1,138.057
2025-07-15T05:07:00.000000Z,117687.1,117726.8,117687.1,117702.2,182.262
2025-07-15T05:08:00.000000Z,117702.2,117761.3,117675.1,117734.4,295.512
2025-07-15T05:09:00.000000Z,117734.4,117760.7,117700.0,117700.1,137.145
2025-07-15T05:10:00.000000Z,117700.1,117700.1,117637.1,117637.2,161.926
2025-07-15T05:11:00.000000Z,117637.2,117665.1,117602.3,117665.1,134.984
2025-07-15T05:12:00.000000Z,117665.1,117678.6,117657.9,117663.7,69.312
2025-07-15T05:13:00.000000Z,117663.7,117678.6,117650.0,117650.0,30.091
2025-07-15T05:14:00.000000Z,117650.0,117650.1,117649.8,117649.8,31.131
2025-07-15T05:15:00.000000Z,117649.9,117649.9,117609.9,117609.9,81.098
2025-07-15T05:16:00.000000Z,117610.0,117610.0,117520.5,117520.6,132.57
2025-07-15T05:17:00.000000Z,117520.6,117520.6,117456.0,117520.3,317.74
2025-07-15T05:18:00.000000Z,117520.3,117597.9,117520.3,117537.8,173.61
2025-07-15T05:19:00.000000Z,117537.8,117537.8,117500.6,117531.7,66.656
2025-07-15T05:20:00.000000Z,117531.8,117544.9,117510.0,117537.3,42.361
2025-07-15T05:21:00.000000Z,117537.3,117570.2,117506.2,117506.3,26.911
2025-07-15T05:22:00.000000Z,117506.3,117506.3,117379.2,117432.8,265.426
2025-07-15T05:23:00.000000Z,117432.7,117538.4,117432.7,117538.4,88.702
2025-07-15T05:24:00.000000Z,117538.4,117538.4,117506.0,117513.9,46.246
2025-07-15T05:25:00.000000Z,117513.9,117552.6,117499.0,117499.0,67.987
2025-07-15T05:26:00.000000Z,117499.1,117515.0,117499.0,117499.1,17.801
2025-07-15T05:27:00.000000Z,117499.1,117499.1,117442.6,117442.6,34.482
2025-07-15T05:28:00.000000Z,117442.7,117527.2,117442.7,117527.1,33.466
2025-07-15T05:29:00.000000Z,117527.2,117543.2,117519.5,117523.8,37.357
2025-07-15T05:30:00.000000Z,117523.9,117523.9,117443.3,117456.9,62.704
2025-07-15T05:31:00.000000Z,117457.0,117499.9,117421.3,117499.7,119.103
2025-07-15T05:32:00.000000Z,117499.8,117537.2,117403.1,117403.1,70.59
2025-07-15T05:33:00.000000Z,117403.2,117464.1,117350.3,117364.6,115.299
2025-07-15T05:34:00.000000Z,117364.7,117410.4,117326.1,117330.1,186.718
2025-07-15T05:35:00.000000Z,117330.1,117358.5,117100.0,117147.8,738.513
2025-07-15T05:36:00.000000Z,117147.9,117147.9,117030.0,117051.8,364.25
2025-07-15T05:37:00.000000Z,117051.8,117070.6,116972.0,117034.2,400.478
2025-07-15T05:38:00.000000Z,117034.2,117106.4,117013.9,117068.7,117.315
2025-07-15T05:39:00.000000Z,117068.6,117096.5,117034.2,117036.7,95.589
2025-07-15T05:40:00.000000Z,117036.7,117205.6,117036.7,117205.6,117.748
2025-07-15T05:41:00.000000Z,117205.6,117278.7,117205.5,117248.9,122.339
2025-07-15T05:42:00.000000Z,117249.0,117254.8,117204.1,117204.1,74.838
2025-07-15T05:43:00.000000Z,117204.2,117230.1,117140.0,117185.9,69.523
2025-07-15T05:44:00.000000Z,117185.9,117204.1,117132.3,117137.0,32.746
2025-07-15T05:45:00.000000Z,117137.0,117200.0,117103.2,117167.8,51.921
2025-07-15T05:46:00.000000Z,117167.8,117230.7,117167.7,117230.7,44.742
2025-07-15T05:47:00.000000Z,117230.7,117230.7,117105.2,117105.3,84.107
2025-07-15T05:48:00.000000Z,117105.2,117142.6,117084.2,117142.6,110.328
2025-07-15T05:49:00.000000Z,117142.6,117208.5,117142.5,117187.7,46.047
2025-07-15T05:50:00.000000Z,117187.8,117236.7,117175.4,117175.5,59.765
2025-07-15T05:51:00.000000Z,117175.4,117175.5,117126.2,117126.3,31.215
2025-07-15T05:52:00.000000Z,117126.2,117150.0,117101.0,117126.2,78.576
2025-07-15T05:53:00.000000Z,117126.2,117185.0,117126.2,117185.0,32.282
2025-07-15T05:54:00.000000Z,117185.0,117318.6,117185.0,117308.3,145.252
2025-07-15T05:55:00.000000Z,117308.2,117332.8,117286.3,117286.4,81.127
2025-07-15T05:56:00.000000Z,117286.4,117350.0,117286.3,117332.0,111.757
2025-07-15T05:57:00.000000Z,117331.9,117472.4,117322.1,117442.5,222.008
2025-07-15T05:58:00.000000Z,117438.8,117441.0,117342.0,117356.3,95.268
2025-07-15T05:59:00.000000Z,117356.4,117368.0,117309.0,117325.3,63.771
2025-07-15T06:00:00.000000Z,117325.2,117325.3,117248.0,117248.0,136.9
2025-07-15T06:01:00.000000Z,117248.1,117281.6,117136.6,117136.6,296.149
2025-07-15T06:02:00.000000Z,117136.6,117136.7,116800.0,116932.0,1237.433
2025-07-15T06:03:00.000000Z,116932.0,117025.5,116931.9,116974.5,224.366
2025-07-15T06:04:00.000000Z,116974.5,117047.8,116887.7,116933.0,239.534
2025-07-15T06:05:00.000000Z,116933.0,117022.1,116920.1,116959.8,154.627
2025-07-15T06:06:00.000000Z,116959.9,117056.0,116959.9,117043.0,194.319
2025-07-15T06:07:00.000000Z,117043.0,117066.6,116948.1,117044.7,142.723
2025-07-15T06:08:00.000000Z,117044.7,117208.2,117024.1,117077.8,276.728
2025-07-15T06:09:00.000000Z,117077.8,117077.8,116992.4,117032.3,94.047
2025-07-15T06:10:00.000000Z,117032.2,117032.3,116967.5,116981.8,87.431
2025-07-15T06:11:00.000000Z,116981.8,117059.0,116922.0,117005.0,143.02
2025-07-15T06:12:00.000000Z,117005.1,117060.9,116985.0,117052.7,50.992
2025-07-15T06:13:00.000000Z,117052.7,117166.0,117052.7,117141.4,114.48
2025-07-15T06:14:00.000000Z,117141.4,117166.0,117114.2,117124.5,104.142
2025-07-15T06:15:00.000000Z,117124.4,117124.5,117063.4,117076.6,77.091
2025-07-15T06:16:00.000000Z,117076.7,117126.3,117067.6,117125.2,32.168
2025-07-15T06:17:00.000000Z,117125.3,117125.3,117041.7,117041.7,61.318
2025-07-15T06:18:00.000000Z,117041.7,117041.8,116966.1,116974.6,75.056
2025-07-15T06:19:00.000000Z,116974.6,116988.6,116952.0,116988.6,62.172
2025-07-15T06:20:00.000000Z,116988.5,117021.0,116931.0,116978.8,153.183
2025-07-15T06:21:00.000000Z,116978.8,117062.2,116966.7,117050.1,56.524
2025-07-15T06:22:00.000000Z,117050.1,117094.0,117046.4,117085.2,57.792
2025-07-15T06:23:00.000000Z,117085.2,117150.0,117085.1,117150.0,53.653
2025-07-15T06:24:00.000000Z,117149.9,117166.0,117063.5,117074.2,52.816
2025-07-15T06:25:00.000000Z,117074.3,117098.9,117070.0,117098.8,56.745
2025-07-15T06:26:00.000000Z,117098.9,117137.9,117098.8,117137.3,22.163
2025-07-15T06:27:00.000000Z,117137.3,117137.3,117025.0,117025.0,41.314
2025-07-15T06:28:00.000000Z,117025.0,117025.1,117014.3,117022.0,24.146
2025-07-15T06:29:00.000000Z,117021.9,117039.0,117021.9,117027.0,23.135
2025-07-15T06:30:00.000000Z,117027.1,117048.7,117001.7,117046.0,75.291
2025-07-15T06:31:00.000000Z,117046.0,117064.0,117001.9,117002.0,40.534
2025-07-15T06:32:00.000000Z,117001.9,117005.9,116964.3,116964.4,39.712
2025-07-15T06:33:00.000000Z,116964.4,117021.9,116886.2,116985.9,162.662
2025-07-15T06:34:00.000000Z,116986.0,117090.0,116986.0,117090.0,55.756
2025-07-15T06:35:00.000000Z,117090.0,117111.0,116992.7,117043.1,372.499
2025-07-15T06:36:00.000000Z,117043.2,117043.2,116960.0,116960.1,95.826
2025-07-15T06:37:00.000000Z,116960.1,116960.1,116900.0,116931.7,51.842
2025-07-15T06:38:00.000000Z,116931.8,116943.4,116813.7,116813.8,229.731
2025-07-15T06:39:00.000000Z,116813.8,116855.7,116724.6,116855.0,387.942
2025-07-15T06:40:00.000000Z,116854.9,116937.5,116854.9,116921.5,101.561
2025-07-15T06:41:00.000000Z,116921.6,117000.0,116921.6,116999.9,82.317
2025-07-15T06:42:00.000000Z,117000.0,117062.1,116999.9,117061.2,239.142
2025-07-15T06:43:00.000000Z,117061.2,117100.0,116990.7,116990.8,685.791
2025-07-15T06:44:00.000000Z,116990.8,116999.0,116990.7,116995.4,26.341
2025-07-15T06:45:00.000000Z,116995.5,116995.5,116936.5,116984.7,172.41
2025-07-15T06:46:00.000000Z,116984.7,116987.1,116933.2,116939.8,150.223
2025-07-15T06:47:00.000000Z,116939.8,116939.8,116881.9,116882.0,64.77
2025-07-15T06:48:00.000000Z,116881.9,116896.2,116818.0,116896.2,129.194
2025-07-15T06:49:00.000000Z,116896.2,116961.2,116896.1,116932.1,90.585
2025-07-15T06:50:00.000000Z,116932.1,116932.2,116877.2,116912.8,151.048
2025-07-15T06:51:00.000000Z,116912.9,116923.6,116875.5,116899.8,50.372
2025-07-15T06:52:00.000000Z,116899.9,116914.3,116890.0,116890.0,55.127
2025-07-15T06:53:00.000000Z,116890.0,116932.2,116890.0,116912.4,182.07
2025-07-15T06:54:00.000000Z,116912.4,116912.4,116881.9,116881.9,72.227
2025-07-15T06:55:00.000000Z,116882.0,116900.0,116881.9,116899.9,88.321
2025-07-15T06:56:00.000000Z,116900.0,117019.9,116899.9,117012.9,144.005
2025-07-15T06:57:00.000000Z,117012.9,117069.8,117003.6,117050.6,155.027
2025-07-15T06:58:00.000000Z,117050.6,117056.4,117000.0,117000.1,130.516
2025-07-15T06:59:00.000000Z,117000.1,117051.0,116975.2,117051.0,130.99
2025-07-15T07:00:00.000000Z,117051.0,117066.0,117032.0,117032.0,99.082
2025-07-15T07:01:00.000000Z,117032.1,117088.0,117005.7,117088.0,132.482
2025-07-15T07:02:00.000000Z,117088.0,117174.0,117087.9,117174.0,146.525
2025-07-15T07:03:00.000000Z,117173.9,117230.7,117160.1,117230.6,140.795
2025-07-15T07:04:00.000000Z,117230.7,117264.0,117210.0,117210.1,129.491
2025-07-15T07:05:00.000000Z,117210.1,117210.1,116971.2,116991.0,153.857
2025-07-15T07:06:00.000000Z,116990.9,116991.0,116863.4,116922.5,201.032
2025-07-15T07:07:00.000000Z,116922.5,117021.9,116922.4,116999.9,136.955
2025-07-15T07:08:00.000000Z,117000.0,117057.4,116999.9,117043.6,54.362
2025-07-15T07:09:00.000000Z,117043.6,117076.9,117043.5,117076.9,59.18
2025-07-15T07:10:00.000000Z,117076.9,117090.0,117062.5,117062.5,51.172
2025-07-15T07:11:00.000000Z,117062.6,117125.0,117062.5,117121.2,78.741
2025-07-15T07:12:00.000000Z,117121.2,117150.0,117094.4,117094.4,157.633
2025-07-15T07:13:00.000000Z,117094.5,117094.5,117050.0,117050.1,33.084
2025-07-15T07:14:00.000000Z,117050.1,117073.8,117000.0,117002.6,62.997
2025-07-15T07:15:00.000000Z,117002.6,117023.3,117002.5,117003.0,67.071
2025-07-15T07:16:00.000000Z,117003.0,117032.5,116965.2,116965.2,94.559
2025-07-15T07:17:00.000000Z,116965.3,117023.2,116945.3,117023.2,60.037
2025-07-15T07:18:00.000000Z,117023.2,117023.2,116986.0,117021.4,55.907
2025-07-15T07:19:00.000000Z,117021.4,117023.2,116952.3,116954.6,71.923
2025-07-15T07:20:00.000000Z,116954.7,117021.4,116954.6,117007.6,81.211
2025-07-15T07:21:00.000000Z,117007.5,117037.3,116986.1,117007.6,61.832
2025-07-15T07:22:00.000000Z,117007.6,117069.0,117007.6,117032.6,65.409
2025-07-15T07:23:00.000000Z,117032.6,117041.9,117000.0,117013.1,29.525
2025-07-15T07:24:00.000000Z,117013.2,117037.4,116969.0,117037.4,31.051
2025-07-15T07:25:00.000000Z,117037.4,117047.2,117010.3,117022.1,56.932
2025-07-15T07:26:00.000000Z,117022.2,117077.4,116990.0,117050.5,142.257
2025-07-15T07:27:00.000000Z,117050.4,117052.8,117024.1,117042.1,42.094
2025-07-15T07:28:00.000000Z,117042.1,117042.1,117032.2,117040.0,22.725
2025-07-15T07:29:00.000000Z,117039.9,117042.1,116955.5,116955.6,81.538
2025-07-15T07:30:00.000000Z,116955.5,116955.6,116890.4,116890.4,158.354
2025-07-15T07:31:00.000000Z,116890.4,116890.4,116856.7,116856.8,83.842
2025-07-15T07:32:00.000000Z,116856.7,116878.5,116801.0,116838.9,193.735
2025-07-15T07:33:00.000000Z,116839.0,116942.9,116838.9,116859.8,155.316
2025-07-15T07:34:00.000000Z,116859.9,116875.4,116828.5,116856.5,88.043
2025-07-15T07:35:00.000000Z,116856.5,116879.0,116841.9,116874.3,101.528
2025-07-15T07:36:00.000000Z,116874.3,116874.3,116842.0,116842.1,63.198
2025-07-15T07:37:00.000000Z,116842.1,116842.1,116800.1,116829.4,100.623
2025-07-15T07:38:00.000000Z,116829.4,116829.4,116717.0,116748.7,290.43
2025-07-15T07:39:00.000000Z,116748.7,116797.6,116704.2,116704.5,89.689
2025-07-15T07:40:00.000000Z,116704.5,116704.6,116649.9,116690.9,205.495
2025-07-15T07:41:00.000000Z,116690.9,116698.5,116670.2,116672.4,78.53
2025-07-15T07:42:00.000000Z,116672.4,116805.0,116601.2,116765.3,406.675
2025-07-15T07:43:00.000000Z,116765.2,116765.3,116700.6,116700.6,74.301
2025-07-15T07:44:00.000000Z,116700.6,116750.0,116700.6,116731.8,65.465
2025-07-15T07:45:00.000000Z,116731.8,116780.5,116726.0,116765.2,168.599
2025-07-15T07:46:00.000000Z,116765.3,116787.5,116679.1,116735.3,180.524
2025-07-15T07:47:00.000000Z,116735.3,116735.8,116691.8,116700.8,116.33
2025-07-15T07:48:00.000000Z,116700.9,116721.0,116668.4,116668.4,72.977
2025-07-15T07:49:00.000000Z,116668.4,116687.0,116511.0,116546.9,613.836
2025-07-15T07:50:00.000000Z,116547.0,116578.8,116424.1,116475.8,637.055
2025-07-15T07:51:00.000000Z,116475.7,116543.4,116402.4,116434.7,582.613
2025-07-15T07:52:00.000000Z,116434.6,116568.2,116371.0,116565.0,539.309
2025-07-15T07:53:00.000000Z,116565.1,116751.5,116560.0,116741.7,213.779
2025-07-15T07:54:00.000000Z,116741.7,116871.8,116740.7,116840.1,468.045
2025-07-15T07:55:00.000000Z,116840.1,116890.5,116780.8,116786.1,288.553
2025-07-15T07:56:00.000000Z,116786.2,116939.9,116786.2,116939.9,250.577
2025-07-15T07:57:00.000000Z,116940.0,116950.0,116890.3,116913.7,137.74
2025-07-15T07:58:00.000000Z,116913.7,116936.4,116844.2,116873.5,129.233
2025-07-15T07:59:00.000000Z,116873.6,116873.6,116769.2,116777.1,88.379
2025-07-15T08:00:00.000000Z,116777.1,116806.7,116740.0,116777.1,91.02
2025-07-15T08:01:00.000000Z,116777.1,116795.9,116754.0,116754.1,69.453
2025-07-15T08:02:00.000000Z,116754.2,116806.7,116750.0,116766.5,96.064
2025-07-15T08:03:00.000000Z,116766.4,116807.7,116740.0,116740.0,152.963
2025-07-15T08:04:00.000000Z,116740.1,116759.1,116666.2,116666.2,88.441
2025-07-15T08:05:00.000000Z,116666.3,116836.4,116666.2,116836.3,120.408
2025-07-15T08:06:00.000000Z,116836.4,116870.4,116753.4,116841.1,206.202
2025-07-15T08:07:00.000000Z,116841.1,116861.7,116786.1,116843.8,95.549
2025-07-15T08:08:00.000000Z,116843.8,116860.0,116791.6,116803.0,75.391
2025-07-15T08:09:00.000000Z,116803.1,116861.9,116803.1,116831.6,66.817
2025-07-15T08:10:00.000000Z,116831.6,116849.5,116831.4,116845.9,96.408
2025-07-15T08:11:00.000000Z,116845.9,116861.6,116832.5,116834.9,69.801
2025-07-15T08:12:00.000000Z,116835.0,116845.2,116765.1,116812.5,90.834
2025-07-15T08:13:00.000000Z,116812.5,116864.8,116809.6,116849.4,64.72
2025-07-15T08:14:00.000000Z,116849.5,116849.5,116784.9,116785.0,41.669
2025-07-15T08:15:00.000000Z,116784.9,116792.4,116703.6,116792.4,110.669
2025-07-15T08:16:00.000000Z,116792.4,116792.4,116703.8,116715.2,72.762
2025-07-15T08:17:00.000000Z,116715.3,116738.7,116638.9,116639.5,139.532
2025-07-15T08:18:00.000000Z,116639.4,116688.4,116624.3,116671.2,83.435
2025-07-15T08:19:00.000000Z,116671.1,116671.2,116626.6,116630.4,50.99
2025-07-15T08:20:00.000000Z,116630.3,116650.0,116450.3,116450.3,317.514
2025-07-15T08:21:00.000000Z,116450.4,116615.3,116300.0,116601.9,635.343
2025-07-15T08:22:00.000000Z,116601.9,116730.0,116560.4,116725.8,344.791
2025-07-15T08:23:00.000000Z,116725.8,116800.0,116722.1,116800.0,153.896
2025-07-15T08:24:00.000000Z,116799.9,116815.0,116751.3,116761.0,185.527
2025-07-15T08:25:00.000000Z,116761.0,116765.8,116581.4,116581.4,98.021
2025-07-15T08:26:00.000000Z,116581.5,116786.9,116581.5,116748.3,89.588
2025-07-15T08:27:00.000000Z,116748.2,116800.0,116740.1,116763.0,74.374
2025-07-15T08:28:00.000000Z,116763.1,116844.9,116763.0,116828.0,141.138
2025-07-15T08:29:00.000000Z,116828.0,116859.5,116818.0,116830.4,157.456
2025-07-15T08:30:00.000000Z,116830.5,116860.8,116814.9,116815.1,82.436
2025-07-15T08:31:00.000000Z,116815.2,116815.2,116756.7,116756.7,56.256
2025-07-15T08:32:00.000000Z,116756.8,116814.4,116756.7,116796.6,88.384
2025-07-15T08:33:00.000000Z,116796.7,116826.9,116700.0,116700.1,100.924
2025-07-15T08:34:00.000000Z,116700.1,116815.0,116700.0,116795.4,101.378
2025-07-15T08:35:00.000000Z,116795.5,116870.9,116781.5,116865.1,103.901
2025-07-15T08:36:00.000000Z,116865.2,116865.2,116818.5,116818.6,78.95
2025-07-15T08:37:00.000000Z,116818.6,116834.5,116795.3,116820.0,77.281
2025-07-15T08:38:00.000000Z,116820.0,116850.0,116819.9,116835.2,37.958
2025-07-15T08:39:00.000000Z,116835.2,116864.2,116820.0,116820.0,74.296
2025-07-15T08:40:00.000000Z,116820.1,116820.1,116766.4,116769.2,91.934
2025-07-15T08:41:00.000000Z,116769.2,116845.1,116769.1,116833.8,53.441
2025-07-15T08:42:00.000000Z,116833.9,116848.2,116816.7,116834.5,41.558
2025-07-15T08:43:00.000000Z,116834.6,116871.0,116817.0,116817.1,114.129
2025-07-15T08:44:00.000000Z,116817.1,116829.7,116817.0,116823.0,23.977
2025-07-15T08:45:00.000000Z,116823.1,116843.7,116817.1,116829.8,64.909
2025-07-15T08:46:00.000000Z,116829.8,116844.0,116770.0,116818.1,80.339
2025-07-15T08:47:00.000000Z,116818.0,116820.2,116754.1,116770.0,71.864
2025-07-15T08:48:00.000000Z,116769.9,116805.2,116769.9,116805.2,38.419
2025-07-15T08:49:00.000000Z,116805.1,116821.9,116779.0,116807.7,47.563
2025-07-15T08:50:00.000000Z,116807.7,116807.7,116750.0,116750.0,65.449
2025-07-15T08:51:00.000000Z,116750.1,116770.3,116726.6,116770.3,83.76
2025-07-15T08:52:00.000000Z,116770.3,116816.7,116770.2,116816.7,53.006
2025-07-15T08:53:00.000000Z,116816.7,116825.1,116816.6,116825.1,20.705
2025-07-15T08:54:00.000000Z,116825.1,116832.0,116739.1,116750.1,47.43
2025-07-15T08:55:00.000000Z,116750.1,116760.2,116729.5,116729.8,33.278
2025-07-15T08:56:00.000000Z,116729.8,116778.3,116729.8,116778.3,19.952
2025-07-15T08:57:00.000000Z,116778.7,116800.1,116721.0,116758.5,220.523
2025-07-15T08:58:00.000000Z,116758.6,116780.0,116739.0,116750.1,76.02
2025-07-15T08:59:00.000000Z,116750.1,116768.5,116724.7,116766.5,60.256
2025-07-15T09:00:00.000000Z,116766.6,116776.2,116754.7,116770.5,60.972
2025-07-15T09:01:00.000000Z,116770.6,116816.9,116770.5,116800.0,81.464
2025-07-15T09:02:00.000000Z,116800.1,116850.7,116800.1,116824.3,124.445
2025-07-15T09:03:00.000000Z,116824.3,116824.6,116809.8,116824.3,75.282
2025-07-15T09:04:00.000000Z,116824.2,116852.0,116824.2,116852.0,34.404
2025-07-15T09:05:00.000000Z,116852.0,116908.3,116850.2,116908.3,196.869
2025-07-15T09:06:00.000000Z,116908.3,117000.0,116908.2,116998.5,253.19
2025-07-15T09:07:00.000000Z,116998.5,117017.7,116987.1,116995.8,254.295
2025-07-15T09:08:00.000000Z,116995.8,117054.9,116995.7,117026.4,266.734
2025-07-15T09:09:00.000000Z,117026.4,117031.7,117015.1,117031.5,62.45
2025-07-15T09:10:00.000000Z,117031.6,117031.6,117031.5,117031.6,36.802
2025-07-15T09:11:00.000000Z,117031.5,117096.0,117031.5,117093.3,253.709
2025-07-15T09:12:00.000000Z,117093.3,117093.3,117032.1,117032.1,81.493
2025-07-15T09:13:00.000000Z,117032.1,117065.0,117005.6,117065.0,118.127
2025-07-15T09:14:00.000000Z,117065.0,117141.6,117064.9,117119.2,154.598
2025-07-15T09:15:00.000000Z,117119.2,117192.0,117119.1,117192.0,172.743
2025-07-15T09:16:00.000000Z,117192.0,117229.9,117106.2,117106.2,152.351
2025-07-15T09:17:00.000000Z,117106.2,117150.2,117100.0,117129.9,54.578
2025-07-15T09:18:00.000000Z,117129.9,117137.5,117072.0,117072.1,50.955
2025-07-15T09:19:00.000000Z,117072.0,117087.9,116983.5,116983.6,106.16
2025-07-15T09:20:00.000000Z,116983.6,117000.0,116930.4,116966.9,177.226
2025-07-15T09:21:00.000000Z,116966.9,116989.1,116867.4,116879.8,198.002
2025-07-15T09:22:00.000000Z,116879.8,116979.8,116879.8,116979.7,123.038
2025-07-15T09:23:00.000000Z,116979.7,116996.0,116940.3,116953.5,50.441
2025-07-15T09:24:00.000000Z,116953.6,116969.6,116916.6,116919.3,43.944
2025-07-15T09:25:00.000000Z,116919.4,116990.2,116919.3,116990.2,71.086
2025-07-15T09:26:00.000000Z,116990.2,116990.2,116949.3,116970.3,51.934
2025-07-15T09:27:00.000000Z,116970.4,117015.9,116950.4,116996.1,86.756
2025-07-15T09:28:00.000000Z,116996.1,117010.0,116977.8,116983.6,50.808
2025-07-15T09:29:00.000000Z,116983.7,116995.6,116950.4,116950.4,37.62
2025-07-15T09:30:00.000000Z,116950.5,116950.5,116938.7,116946.8,20.129
2025-07-15T09:31:00.000000Z,116947.1,116947.1,116902.0,116902.1,72.949
2025-07-15T09:32:00.000000Z,116902.1,116994.6,116902.0,116994.6,29.75
2025-07-15T09:33:00.000000Z,116994.6,117020.2,116983.7,116994.1,40.33
2025-07-15T09:34:00.000000Z,116994.2,117021.0,116994.1,116998.0,32.271
2025-07-15T09:35:00.000000Z,116998.0,117009.7,116997.9,116997.9,32.216
2025-07-15T09:36:00.000000Z,116998.0,117068.8,116996.0,117010.1,152.179
2025-07-15T09:37:00.000000Z,117010.1,117025.8,117010.0,117025.8,20.471
2025-07-15T09:38:00.000000Z,117025.8,117035.9,116969.5,116969.5,48.494
2025-07-15T09:39:00.000000Z,116969.5,117011.9,116969.5,117011.9,31.311
2025-07-15T09:40:00.000000Z,117011.9,117011.9,116957.8,116957.9,32.551
2025-07-15T09:41:00.000000Z,116957.9,116957.9,116888.8,116898.1,55.324
2025-07-15T09:42:00.000000Z,116898.1,116910.4,116882.9,116885.5,75.904
2025-07-15T09:43:00.000000Z,116885.5,116941.8,116885.5,116898.0,54.381
2025-07-15T09:44:00.000000Z,116895.9,116895.9,116826.6,116834.3,159.833
2025-07-15T09:45:00.000000Z,116834.4,116868.9,116834.3,116862.6,38.209
2025-07-15T09:46:00.000000Z,116862.6,116892.4,116862.5,116892.3,17.09
2025-07-15T09:47:00.000000Z,116892.4,116910.3,116868.7,116876.8,39.456
2025-07-15T09:48:00.000000Z,116876.9,116900.0,116851.8,116899.9,31.034
2025-07-15T09:49:00.000000Z,116899.9,116917.7,116899.9,116917.6,30.414
2025-07-15T09:50:00.000000Z,116917.7,116931.0,116860.1,116860.1,38.313
2025-07-15T09:51:00.000000Z,116860.2,116872.0,116799.0,116839.3,123.171
2025-07-15T09:52:00.000000Z,116839.3,116911.8,116833.6,116911.8,29.66
2025-07-15T09:53:00.000000Z,116911.7,116917.0,116900.2,116916.9,29.423
2025-07-15T09:54:00.000000Z,116916.9,116930.0,116898.9,116899.0,33.71
2025-07-15T09:55:00.000000Z,116898.9,116899.0,116840.1,116840.1,39.884
2025-07-15T09:56:00.000000Z,116840.1,116840.1,116684.3,116713.6,177.02
2025-07-15T09:57:00.000000Z,116713.6,116749.7,116698.2,116743.0,159.554
2025-07-15T09:58:00.000000Z,116743.3,116750.0,116736.0,116739.3,82.734
2025-07-15T09:59:00.000000Z,116739.4,116770.5,116734.7,116764.9,44.488
2025-07-15T10:00:00.000000Z,116765.0,116813.9,116764.9,116769.8,66.508
2025-07-15T10:01:00.000000Z,116769.9,116803.1,116757.7,116795.4,124.934
2025-07-15T10:02:00.000000Z,116795.3,116810.0,116778.4,116789.9,31.599
2025-07-15T10:03:00.000000Z,116790.0,116796.8,116769.9,116796.7,32.188
2025-07-15T10:04:00.000000Z,116796.7,116815.7,116786.1,116810.0,41.512
2025-07-15T10:05:00.000000Z,116810.0,116840.6,116799.9,116800.0,30.125
2025-07-15T10:06:00.000000Z,116799.9,116811.6,116759.9,116760.0,37.71
2025-07-15T10:07:00.000000Z,116759.9,116806.0,116750.0,116805.9,29.59
2025-07-15T10:08:00.000000Z,116805.9,116835.1,116805.9,116821.5,30.981
2025-07-15T10:09:00.000000Z,116821.4,116837.4,116821.4,116832.8,27.237
2025-07-15T10:10:00.000000Z,116832.8,116840.9,116821.5,116833.9,37.681
2025-07-15T10:11:00.000000Z,116833.9,116840.5,116833.8,116840.5,43.951
2025-07-15T10:12:00.000000Z,116840.4,116840.5,116770.2,116776.1,88.314
2025-07-15T10:13:00.000000Z,116776.1,116820.2,116776.1,116786.8,37.235
2025-07-15T10:14:00.000000Z,116786.8,116786.8,116728.1,116728.2,32.438
2025-07-15T10:15:00.000000Z,116728.2,116807.2,116728.1,116807.2,58.246
2025-07-15T10:16:00.000000Z,116807.5,116839.0,116798.6,116804.9,37.499
2025-07-15T10:17:00.000000Z,116804.8,116836.6,116804.8,116831.0,27.162
2025-07-15T10:18:00.000000Z,116831.0,116869.1,116831.0,116854.8,81.124
2025-07-15T10:19:00.000000Z,116854.7,116942.7,116854.7,116855.5,138.644
2025-07-15T10:20:00.000000Z,116855.5,116906.6,116851.0,116882.0,160.668
2025-07-15T10:21:00.000000Z,116881.9,116980.0,116873.9,116900.2,58.47
2025-07-15T10:22:00.000000Z,116900.3,116994.1,116900.2,116925.9,132.21
2025-07-15T10:23:00.000000Z,116925.9,116989.0,116893.4,116958.5,71.433
2025-07-15T10:24:00.000000Z,116958.4,117036.8,116955.0,117010.4,110.025
2025-07-15T10:25:00.000000Z,117010.4,117058.4,116999.0,117058.4,112.526
2025-07-15T10:26:00.000000Z,117058.4,117091.0,117057.6,117068.8,55.242
2025-07-15T10:27:00.000000Z,117068.8,117075.4,117068.6,117075.4,44.6
2025-07-15T10:28:00.000000Z,117075.4,117075.4,116982.2,117024.0,214.21
2025-07-15T10:29:00.000000Z,117024.1,117039.0,117013.7,117023.0,41.572
2025-07-15T10:30:00.000000Z,117023.0,117027.4,116993.1,116993.1,52.224
2025-07-15T10:31:00.000000Z,116993.1,116993.2,116923.0,116951.0,70.567
2025-07-15T10:32:00.000000Z,116951.0,117038.7,116923.0,117017.3,201.252
2025-07-15T10:33:00.000000Z,117017.3,117029.2,117005.3,117017.5,43.02
2025-07-15T10:34:00.000000Z,117017.5,117071.0,117017.5,117049.5,61.034
2025-07-15T10:35:00.000000Z,117049.5,117065.7,117025.0,117031.1,49.76
2025-07-15T10:36:00.000000Z,117031.2,117039.2,117025.5,117039.2,20.927
2025-07-15T10:37:00.000000Z,117039.2,117039.3,117024.3,117032.7,21.912
2025-07-15T10:38:00.000000Z,117032.7,117037.6,117024.3,117030.2,24.594
2025-07-15T10:39:00.000000Z,117030.2,117052.6,117017.6,117018.8,102.314
2025-07-15T10:40:00.000000Z,117018.8,117035.4,117017.5,117034.3,38.209
2025-07-15T10:41:00.000000Z,117034.3,117057.8,117034.2,117036.5,54.405
2025-07-15T10:42:00.000000Z,117036.5,117136.5,117036.4,117136.5,90.823
2025-07-15T10:43:00.000000Z,117136.4,117163.1,117110.0,117163.0,93.726
2025-07-15T10:44:00.000000Z,117163.1,117184.8,117150.8,117165.0,97.209
2025-07-15T10:45:00.000000Z,117165.0,117165.0,117124.1,117164.2,116.388
2025-07-15T10:46:00.000000Z,117164.3,117222.2,117152.9,117152.9,127.948
2025-07-15T10:47:00.000000Z,117152.9,117174.4,117111.0,117174.4,87.501
2025-07-15T10:48:00.000000Z,117174.4,117174.4,117111.0,117129.1,67.492
2025-07-15T10:49:00.000000Z,117129.1,117148.3,117123.1,117131.2,62.978
2025-07-15T10:50:00.000000Z,117131.2,117131.2,117111.3,117117.7,83.436
2025-07-15T10:51:00.000000Z,117117.7,117140.4,117117.6,117128.0,30.566
2025-07-15T10:52:00.000000Z,117128.0,117150.1,117108.0,117108.0,61.515
2025-07-15T10:53:00.000000Z,117108.0,117138.7,117108.0,117131.5,35.796
2025-07-15T10:54:00.000000Z,117131.5,117138.0,117090.1,117090.2,29.6
2025-07-15T10:55:00.000000Z,117090.2,117090.2,117053.7,117053.8,36.893
2025-07-15T10:56:00.000000Z,117053.7,117060.9,117036.1,117043.8,66.117
2025-07-15T10:57:00.000000Z,117043.8,117055.0,117043.8,117054.9,49.33
2025-07-15T10:58:00.000000Z,117054.9,117055.0,117041.8,117043.9,31.973
2025-07-15T10:59:00.000000Z,117043.9,117060.9,117043.9,117055.0,23.755
2025-07-15T11:00:00.000000Z,117055.0,117060.5,117050.8,117056.6,44.232
2025-07-15T11:01:00.000000Z,117056.6,117065.6,117056.6,117065.6,25.431
2025-07-15T11:02:00.000000Z,117065.5,117079.1,117050.0,117079.1,65.426
2025-07-15T11:03:00.000000Z,117079.0,117079.1,117047.9,117047.9,56.879
2025-07-15T11:04:00.000000Z,117047.9,117099.3,117047.9,117099.3,46.875
2025-07-15T11:05:00.000000Z,117099.2,117099.3,117050.0,117072.0,81.094
2025-07-15T11:06:00.000000Z,117072.1,117072.1,117070.2,117070.2,18.943
2025-07-15T11:07:00.000000Z,117070.3,117082.0,117053.9,117074.8,57.423
2025-07-15T11:08:00.000000Z,117074.7,117074.8,117033.0,117033.0,50.216
2025-07-15T11:09:00.000000Z,117033.0,117033.0,116961.4,116961.5,113.991
2025-07-15T11:10:00.000000Z,116961.4,116961.5,116903.0,116903.0,93.831
2025-07-15T11:11:00.000000Z,116903.1,116904.4,116842.6,116903.6,120.301
2025-07-15T11:12:00.000000Z,116903.6,116905.0,116834.8,116841.0,75.589
2025-07-15T11:13:00.000000Z,116840.9,116840.9,116812.2,116840.0,74.202
2025-07-15T11:14:00.000000Z,116839.9,116840.0,116777.0,116801.7,152.111
2025-07-15T11:15:00.000000Z,116801.7,116801.7,116750.0,116750.0,90.557
2025-07-15T11:16:00.000000Z,116750.0,116750.1,116499.9,116570.1,892.731
2025-07-15T11:17:00.000000Z,116570.1,116600.0,116498.2,116499.9,408.594
2025-07-15T11:18:00.000000Z,116500.0,116611.1,116478.0,116579.6,283.061
2025-07-15T11:19:00.000000Z,116579.5,116599.7,116535.0,116553.9,88.149
2025-07-15T11:20:00.000000Z,116553.9,116565.1,116474.0,116474.0,170.31
2025-07-15T11:21:00.000000Z,116474.0,116474.1,116446.0,116446.3,170.791
2025-07-15T11:22:00.000000Z,116446.4,116446.4,116372.6,116388.3,367.378
2025-07-15T11:23:00.000000Z,116388.4,116397.9,116331.7,116397.8,180.228
2025-07-15T11:24:00.000000Z,116397.9,116482.9,116397.8,116462.6,257.316
2025-07-15T11:25:00.000000Z,116462.7,116487.0,116396.9,116425.4,161.392
2025-07-15T11:26:00.000000Z,116425.5,116451.7,116377.1,116396.0,114.309
2025-07-15T11:27:00.000000Z,116395.9,116396.0,116340.5,116360.5,135.586
2025-07-15T11:28:00.000000Z,116360.6,116494.9,116360.5,116485.7,119.282
2025-07-15T11:29:00.000000Z,116485.6,116494.8,116469.2,116474.1,119.529
2025-07-15T11:30:00.000000Z,116474.1,116559.8,116474.1,116515.2,218.044
2025-07-15T11:31:00.000000Z,116515.2,116549.1,116510.0,116528.0,89.102
2025-07-15T11:32:00.000000Z,116527.9,116528.0,116435.2,116483.6,121.656
2025-07-15T11:33:00.000000Z,116483.6,116562.5,116482.7,116562.5,56.986
2025-07-15T11:34:00.000000Z,116562.5,116563.3,116471.0,116482.0,129.093
2025-07-15T11:35:00.000000Z,116482.1,116529.2,116444.4,116479.7,99.117
2025-07-15T11:36:00.000000Z,116479.6,116524.7,116479.6,116524.7,22.043
2025-07-15T11:37:00.000000Z,116524.6,116597.9,116524.6,116573.7,91.448
2025-07-15T11:38:00.000000Z,116573.6,116637.1,116573.6,116634.0,46.399
2025-07-15T11:39:00.000000Z,116634.0,116643.7,116620.7,116631.5,57.651
2025-07-15T11:40:00.000000Z,116631.5,116631.5,116568.0,116568.1,54.423
2025-07-15T11:41:00.000000Z,116568.1,116605.4,116568.0,116605.3,21.388
2025-07-15T11:42:00.000000Z,116605.4,116683.3,116605.3,116683.0,70.434
2025-07-15T11:43:00.000000Z,116683.0,116713.9,116676.1,116676.1,193.41
2025-07-15T11:44:00.000000Z,116676.1,116687.7,116670.5,116686.8,50.777
2025-07-15T11:45:00.000000Z,116686.8,116698.9,116676.2,116698.9,58.071
2025-07-15T11:46:00.000000Z,116698.9,116698.9,116670.6,116670.7,31.091
2025-07-15T11:47:00.000000Z,116670.7,116698.1,116660.5,116698.1,26.506
2025-07-15T11:48:00.000000Z,116698.1,116705.0,116695.0,116704.9,47.462
2025-07-15T11:49:00.000000Z,116704.9,116727.8,116704.9,116727.8,47.171
2025-07-15T11:50:00.000000Z,116727.8,116748.7,116727.7,116746.9,198.143
2025-07-15T11:51:00.000000Z,116747.0,116788.0,116747.0,116788.0,167.721
2025-07-15T11:52:00.000000Z,116787.9,116909.0,116787.9,116909.0,167.252
2025-07-15T11:53:00.000000Z,116909.0,117054.0,116907.2,116984.2,415.252
2025-07-15T11:54:00.000000Z,116984.1,117016.3,116964.0,116999.2,181.086
2025-07-15T11:55:00.000000Z,116999.4,117047.6,116999.4,117025.5,97.784
2025-07-15T11:56:00.000000Z,117025.6,117125.0,117025.5,117125.0,110.783
2025-07-15T11:57:00.000000Z,117124.9,117145.5,117086.2,117145.4,137.629
2025-07-15T11:58:00.000000Z,117145.5,117180.0,117136.3,117158.2,169.55
2025-07-15T11:59:00.000000Z,117158.3,117158.3,117107.7,117110.4,106.441
2025-07-15T12:00:00.000000Z,117110.4,117200.0,117110.4,117199.9,172.285
2025-07-15T12:01:00.000000Z,117199.9,117334.6,117160.4,117160.5,551.999
2025-07-15T12:02:00.000000Z,117160.4,117258.5,117154.7,117218.7,221.012
2025-07-15T12:03:00.000000Z,117218.7,117223.7,117183.3,117192.1,146.595
2025-07-15T12:04:00.000000Z,117192.1,117222.1,117171.0,117193.5,135.963
2025-07-15T12:05:00.000000Z,117193.5,117196.7,117144.6,117163.8,256.515
2025-07-15T12:06:00.000000Z,117163.7,117167.8,117144.6,117144.6,46.953
2025-07-15T12:07:00.000000Z,117144.6,117170.0,117079.1,117079.2,195.638
2025-07-15T12:08:00.000000Z,117079.1,117079.2,117012.4,117019.6,230.656
2025-07-15T12:09:00.000000Z,117019.6,117040.4,117014.5,117023.2,59.126
2025-07-15T12:10:00.000000Z,117023.2,117068.9,117001.0,117026.6,160.507
2025-07-15T12:11:00.000000Z,117026.5,117096.3,117007.3,117096.3,64.516
2025-07-15T12:12:00.000000Z,117096.3,117121.5,117049.9,117059.0,166.684
2025-07-15T12:13:00.000000Z,117059.0,117123.0,117058.9,117086.8,127.836
2025-07-15T12:14:00.000000Z,117086.8,117086.9,117064.6,117077.4,41.215
2025-07-15T12:15:00.000000Z,117077.3,117119.8,117064.2,117119.8,36.787
2025-07-15T12:16:00.000000Z,117119.7,117135.9,117058.8,117058.9,65.656
2025-07-15T12:17:00.000000Z,117058.9,117058.9,117009.3,117022.4,60.454
2025-07-15T12:18:00.000000Z,117022.4,117029.5,116931.1,116949.8,162.596
2025-07-15T12:19:00.000000Z,116949.8,117000.0,116935.2,116972.3,123.296
2025-07-15T12:20:00.000000Z,116972.3,116987.0,116939.5,116943.3,66.492
2025-07-15T12:21:00.000000Z,116943.3,117003.3,116939.4,116967.3,69.852
2025-07-15T12:22:00.000000Z,116967.3,116988.0,116946.3,116957.9,87.29
2025-07-15T12:23:00.000000Z,116958.0,116958.0,116930.0,116930.8,146.06
2025-07-15T12:24:00.000000Z,116930.7,116950.0,116930.7,116950.0,82.696
2025-07-15T12:25:00.000000Z,116950.0,116970.2,116949.9,116970.1,50.886
2025-07-15T12:26:00.000000Z,116970.1,116970.1,116923.0,116923.0,34.369
2025-07-15T12:27:00.000000Z,116923.0,116923.0,116875.9,116916.4,110.792
2025-07-15T12:28:00.000000Z,116916.4,116930.8,116899.1,116920.9,154.182
2025-07-15T12:29:00.000000Z,116920.8,116934.7,116843.7,116899.8,230.464
2025-07-15T12:30:00.000000Z,116899.9,117341.3,116899.9,117270.8,1316.21
2025-07-15T12:31:00.000000Z,117270.7,117417.8,117160.1,117365.6,824.442
2025-07-15T12:32:00.000000Z,117365.7,117458.6,117325.8,117325.8,544.088
2025-07-15T12:33:00.000000Z,117325.0,117381.9,117230.9,117319.5,510.998
2025-07-15T12:34:00.000000Z,117319.5,117413.0,117253.8,117392.0,412.162
2025-07-15T12:35:00.000000Z,117392.1,117397.3,117291.9,117385.5,321.402
2025-07-15T12:36:00.000000Z,117385.6,117400.0,117337.2,117370.0,160.551
2025-07-15T12:37:00.000000Z,117368.9,117368.9,117183.9,117183.9,202.15
2025-07-15T12:38:00.000000Z,117183.9,117200.0,116846.1,116973.8,754.078
2025-07-15T12:39:00.000000Z,116973.8,116973.8,116777.7,116916.8,463.324
2025-07-15T12:40:00.000000Z,116916.8,116916.9,116828.0,116831.9,220.622
2025-07-15T12:41:00.000000Z,116831.9,116869.9,116808.1,116829.6,130.729
2025-07-15T12:42:00.000000Z,116829.7,116842.3,116723.7,116735.8,240.169
2025-07-15T12:43:00.000000Z,116735.8,116777.4,116559.0,116626.0,641.207
2025-07-15T12:44:00.000000Z,116625.9,116628.7,116388.0,116508.3,979.766
2025-07-15T12:45:00.000000Z,116508.3,116735.4,116508.2,116642.0,387.532
2025-07-15T12:46:00.000000Z,116642.4,116800.0,116642.4,116800.0,304.803
2025-07-15T12:47:00.000000Z,116800.0,116800.0,116714.2,116798.4,197.274
2025-07-15T12:48:00.000000Z,116798.4,116919.8,116793.2,116868.2,385.366
2025-07-15T12:49:00.000000Z,116868.3,116887.8,116801.7,116881.0,117.126
2025-07-15T12:50:00.000000Z,116880.9,116996.1,116867.0,116936.1,405.42
2025-07-15T12:51:00.000000Z,116936.2,117181.7,116936.1,117069.4,528.652
2025-07-15T12:52:00.000000Z,117069.3,117143.1,117035.7,117142.3,147.169
2025-07-15T12:53:00.000000Z,117143.0,117146.4,117084.0,117125.5,104.141
2025-07-15T12:54:00.000000Z,117125.5,117169.8,117119.5,117169.4,94.483
2025-07-15T12:55:00.000000Z,117169.3,117220.0,117128.9,117174.4,336.568
2025-07-15T12:56:00.000000Z,117174.3,117276.0,117174.3,117204.4,226.828
2025-07-15T12:57:00.000000Z,117204.4,117204.5,117175.3,117195.5,111.001
2025-07-15T12:58:00.000000Z,117195.6,117218.3,117165.9,117210.0,124.361
2025-07-15T12:59:00.000000Z,117210.0,117269.1,117170.0,117193.1,208.593
2025-07-15T13:00:00.000000Z,117193.0,117217.6,117137.5,117174.0,118.863
2025-07-15T13:01:00.000000Z,117174.0,117228.6,117132.6,117228.6,158.224
2025-07-15T13:02:00.000000Z,117228.6,117230.0,117174.1,117222.6,93.785
2025-07-15T13:03:00.000000Z,117222.6,117283.4,117204.5,117283.4,116.658
2025-07-15T13:04:00.000000Z,117283.4,117332.4,117238.8,117332.3,293.492
2025-07-15T13:05:00.000000Z,117332.4,117454.8,117332.4,117454.8,273.536
2025-07-15T13:06:00.000000Z,117454.7,117819.0,117454.6,117777.8,1154.234
2025-07-15T13:07:00.000000Z,117777.7,117852.0,117752.7,117829.9,779.255
2025-07-15T13:08:00.000000Z,117830.0,117847.6,117770.1,117847.5,435.197
2025-07-15T13:09:00.000000Z,117847.6,117875.7,117802.1,117843.4,442.659
2025-07-15T13:10:00.000000Z,117843.4,117850.0,117777.5,117814.8,302.464
2025-07-15T13:11:00.000000Z,117814.8,117971.8,117809.0,117906.3,748.135
2025-07-15T13:12:00.000000Z,117906.3,118141.8,117880.0,118076.8,728.945
2025-07-15T13:13:00.000000Z,118076.8,118112.1,117928.7,117959.6,435.506
2025-07-15T13:14:00.000000Z,117959.5,118066.0,117959.5,118029.8,267.081
2025-07-15T13:15:00.000000Z,118029.7,118055.4,117967.1,118055.4,321.785
2025-07-15T13:16:00.000000Z,118055.4,118080.0,117970.5,117974.9,215.558
2025-07-15T13:17:00.000000Z,117974.4,117982.6,117882.3,117960.1,294.435
2025-07-15T13:18:00.000000Z,117960.2,117963.9,117797.7,117805.0,417.259
2025-07-15T13:19:00.000000Z,117805.0,117805.1,117737.9,117756.7,229.161
2025-07-15T13:20:00.000000Z,117756.7,117805.0,117745.4,117763.2,122.716
2025-07-15T13:21:00.000000Z,117763.3,117799.4,117739.8,117753.0,106.038
2025-07-15T13:22:00.000000Z,117753.0,117753.0,117615.3,117688.1,254.637
2025-07-15T13:23:00.000000Z,117688.1,117747.5,117615.4,117615.4,140.952
2025-07-15T13:24:00.000000Z,117615.3,117627.1,117533.4,117570.0,365.059
2025-07-15T13:25:00.000000Z,117570.1,117759.9,117565.2,117697.1,209.848
2025-07-15T13:26:00.000000Z,117697.1,117804.4,117697.1,117780.5,156.521
2025-07-15T13:27:00.000000Z,117780.5,117799.8,117700.0,117701.5,252.418
2025-07-15T13:28:00.000000Z,117701.5,117741.2,117690.3,117705.6,135.16
2025-07-15T13:29:00.000000Z,117705.6,117735.1,117671.3,117679.6,99.069
2025-07-15T13:30:00.000000Z,117679.6,117857.5,117650.0,117710.3,273.678
2025-07-15T13:31:00.000000Z,117710.3,117740.0,117639.0,117705.1,148.819
2025-07-15T13:32:00.000000Z,117705.1,117716.0,117511.0,117551.2,571.538
2025-07-15T13:33:00.000000Z,117551.1,118014.9,117530.1,117886.4,516.546
2025-07-15T13:34:00.000000Z,117886.5,118018.1,117822.0,118018.1,505.272
2025-07-15T13:35:00.000000Z,118018.0,118046.0,117919.1,118004.4,431.286
2025-07-15T13:36:00.000000Z,118004.4,118078.9,117942.8,118014.8,379.799
2025-07-15T13:37:00.000000Z,118014.8,118036.4,117895.4,118036.3,253.547
2025-07-15T13:38:00.000000Z,118036.4,118099.9,117882.8,117900.3,289.333
2025-07-15T13:39:00.000000Z,117900.3,117929.1,117593.5,117637.4,469.078
2025-07-15T13:40:00.000000Z,117637.5,117879.5,117611.0,117875.1,379.759
2025-07-15T13:41:00.000000Z,117875.1,117908.3,117787.6,117892.4,193.229
2025-07-15T13:42:00.000000Z,117892.3,118050.0,117856.9,118049.9,323.752
2025-07-15T13:43:00.000000Z,118049.9,118499.8,118049.9,118394.2,1225.648
2025-07-15T13:44:00.000000Z,118392.8,118419.9,118262.1,118267.9,631.82
2025-07-15T13:45:00.000000Z,118268.0,118297.8,118136.1,118164.8,370.167
2025-07-15T13:46:00.000000Z,118164.9,118170.8,117841.1,117990.1,658.772
2025-07-15T13:47:00.000000Z,117990.1,118104.1,117968.8,117980.8,281.403
2025-07-15T13:48:00.000000Z,117980.8,118283.3,117972.7,118283.3,203.309
2025-07-15T13:49:00.000000Z,118283.3,118351.5,118122.1,118234.5,327.89
2025-07-15T13:50:00.000000Z,118234.4,118395.1,118192.0,118339.2,297.058
2025-07-15T13:51:00.000000Z,118339.2,118350.3,118075.0,118130.4,371.894
2025-07-15T13:52:00.000000Z,118130.4,118186.9,117983.2,117998.4,303.949
2025-07-15T13:53:00.000000Z,117998.3,118038.1,117950.0,117997.0,298.671
2025-07-15T13:54:00.000000Z,117997.0,118043.5,117955.5,118023.5,107.208
2025-07-15T13:55:00.000000Z,118023.5,118297.5,118023.5,118297.5,352.3
2025-07-15T13:56:00.000000Z,118297.4,118327.0,118223.9,118224.0,147.761
2025-07-15T13:57:00.000000Z,118224.0,118329.8,118222.4,118263.2,95.785
2025-07-15T13:58:00.000000Z,118263.4,118286.2,118103.1,118145.5,214.898
2025-07-15T13:59:00.000000Z,118145.6,118145.6,118004.0,118067.7,111.765
2025-07-15T14:00:00.000000Z,118067.8,118168.0,118017.7,118047.6,231.882
2025-07-15T14:01:00.000000Z,118046.8,118208.5,118000.1,118191.6,133.471
2025-07-15T14:02:00.000000Z,118191.6,118219.0,118151.0,118173.7,95.248
2025-07-15T14:03:00.000000Z,118173.8,118173.8,118008.8,118069.6,189.419
2025-07-15T14:04:00.000000Z,118069.6,118079.1,118000.0,118015.2,144.623
2025-07-15T14:05:00.000000Z,118015.2,118100.0,117957.0,118092.3,259.08
2025-07-15T14:06:00.000000Z,118092.4,118230.7,118075.7,118230.7,89.651
2025-07-15T14:07:00.000000Z,118230.7,118353.5,118226.0,118321.0,207.416
2025-07-15T14:08:00.000000Z,118320.0,118367.3,118258.2,118360.7,129.221
2025-07-15T14:09:00.000000Z,118360.6,118365.4,118329.1,118332.6,181.594
2025-07-15T14:10:00.000000Z,118332.7,118363.3,118181.0,118209.1,146.526
2025-07-15T14:11:00.000000Z,118209.1,118316.1,118209.1,118305.4,120.723
2025-07-15T14:12:00.000000Z,118305.3,118395.0,118230.8,118394.9,186.752
2025-07-15T14:13:00.000000Z,118395.0,118439.2,118381.3,118409.1,286.221
2025-07-15T14:14:00.000000Z,118409.2,118414.0,118338.7,118363.7,150.287
2025-07-15T14:15:00.000000Z,118363.7,118363.7,118305.9,118362.7,82.955
2025-07-15T14:16:00.000000Z,118362.7,118362.7,118273.0,118311.4,109.743
2025-07-15T14:17:00.000000Z,118311.4,118323.2,118011.8,118030.7,463.969
2025-07-15T14:18:00.000000Z,118030.7,118044.2,117858.2,117893.9,633.618
2025-07-15T14:19:00.000000Z,117894.0,117920.0,117827.2,117911.1,249.629
2025-07-15T14:20:00.000000Z,117911.1,117938.8,117804.4,117938.8,200.664
2025-07-15T14:21:00.000000Z,117938.8,117962.1,117823.7,117837.4,149.806
2025-07-15T14:22:00.000000Z,117837.3,117870.3,117806.0,117809.9,191.765
2025-07-15T14:23:00.000000Z,117809.8,117844.7,117764.7,117836.1,229.766
2025-07-15T14:24:00.000000Z,117836.2,117839.6,117721.7,117735.4,118.273
2025-07-15T14:25:00.000000Z,117735.4,117753.7,117665.9,117686.3,300.087
2025-07-15T14:26:00.000000Z,117684.5,117747.4,117565.5,117623.1,353.584
2025-07-15T14:27:00.000000Z,117623.1,117677.3,117596.4,117623.8,195.107
2025-07-15T14:28:00.000000Z,117623.9,117646.0,117588.3,117603.0,135.905
2025-07-15T14:29:00.000000Z,117603.0,117603.0,117541.8,117541.8,202.69
2025-07-15T14:30:00.000000Z,117541.8,117616.0,117531.1,117606.8,230.928
2025-07-15T14:31:00.000000Z,117606.8,117623.7,117262.0,117274.9,790.083
2025-07-15T14:32:00.000000Z,117274.9,117453.6,117251.0,117434.4,411.479
2025-07-15T14:33:00.000000Z,117434.3,117434.3,117295.6,117310.2,170.425
2025-07-15T14:34:00.000000Z,117310.2,117327.4,117272.1,117294.2,204.107
2025-07-15T14:35:00.000000Z,117294.2,117350.0,117091.5,117156.2,669.838
2025-07-15T14:36:00.000000Z,117156.3,117237.4,117148.2,117160.1,264.233
2025-07-15T14:37:00.000000Z,117160.0,117160.0,117011.1,117037.9,453.021
2025-07-15T14:38:00.000000Z,117037.9,117042.9,117000.0,117032.3,342.677
2025-07-15T14:39:00.000000Z,117032.3,117040.7,117000.1,117032.2,276.051
2025-07-15T14:40:00.000000Z,117032.2,117153.6,117016.7,117024.4,618.744
2025-07-15T14:41:00.000000Z,117025.3,117064.8,116976.2,117006.6,312.227
2025-07-15T14:42:00.000000Z,117006.6,117006.7,116762.1,116787.0,492.727
2025-07-15T14:43:00.000000Z,116787.1,116790.2,116694.0,116756.0,556.5
2025-07-15T14:44:00.000000Z,116756.0,117013.7,116713.9,116960.1,607.342
2025-07-15T14:45:00.000000Z,116960.1,116960.1,116780.1,116824.1,356.174
2025-07-15T14:46:00.000000Z,116824.1,116872.0,116816.6,116870.2,147.829
2025-07-15T14:47:00.000000Z,116870.1,116885.2,116705.5,116726.5,658.726
2025-07-15T14:48:00.000000Z,116726.6,116869.9,116726.6,116822.9,226.948
2025-07-15T14:49:00.000000Z,116823.0,116898.1,116815.2,116862.4,165.108
2025-07-15T14:50:00.000000Z,116862.3,116897.5,116762.4,116769.1,215.005
2025-07-15T14:51:00.000000Z,116769.1,116844.0,116461.6,116489.9,1359.193
2025-07-15T14:52:00.000000Z,116489.9,116524.4,116119.9,116259.7,2548.902
2025-07-15T14:53:00.000000Z,116259.7,116354.4,116199.9,116283.4,1141.919
2025-07-15T14:54:00.000000Z,116283.3,116304.6,115980.0,116064.9,1609.316
2025-07-15T14:55:00.000000Z,116064.8,116080.4,115950.0,115989.7,1184.86
2025-07-15T14:56:00.000000Z,115989.7,115993.1,115678.1,115705.9,2666.465
2025-07-15T14:57:00.000000Z,115705.9,116198.3,115705.8,116029.6,1391.294
2025-07-15T14:58:00.000000Z,116029.6,116036.4,115856.4,116035.2,858.173
2025-07-15T14:59:00.000000Z,116035.3,116035.3,115926.0,115979.6,390.49
2025-07-15T15:00:00.000000Z,115979.6,116100.0,115769.2,115895.8,1156.323
2025-07-15T15:01:00.000000Z,115895.9,115933.7,115750.1,115777.3,530.745
2025-07-15T15:02:00.000000Z,115777.3,116025.7,115768.7,115954.1,473.799
2025-07-15T15:03:00.000000Z,115954.1,116166.6,115954.0,116100.7,640.012
2025-07-15T15:04:00.000000Z,116100.8,116187.0,116064.7,116080.0,564.391
2025-07-15T15:05:00.000000Z,116080.1,116110.1,115999.4,116078.3,568.724
2025-07-15T15:06:00.000000Z,116078.2,116170.6,116026.9,116170.6,254.692
2025-07-15T15:07:00.000000Z,116170.6,116357.9,116131.5,116221.8,1233.483
2025-07-15T15:08:00.000000Z,116221.8,116260.0,116216.9,116241.7,160.351
2025-07-15T15:09:00.000000Z,116241.6,116243.8,116114.9,116114.9,187.839
2025-07-15T15:10:00.000000Z,116114.8,116163.6,116089.0,116153.2,209.824
2025-07-15T15:11:00.000000Z,116153.2,116180.0,116077.2,116161.4,142.783
2025-07-15T15:12:00.000000Z,116161.3,116175.2,116130.3,116130.5,85.49
2025-07-15T15:13:00.000000Z,116130.5,116181.0,116087.5,116131.1,150.899
2025-07-15T15:14:00.000000Z,116131.1,116159.5,116103.6,116118.5,95.731
2025-07-15T15:15:00.000000Z,116118.5,116288.0,116088.1,116288.0,258.796
2025-07-15T15:16:00.000000Z,116288.0,116304.3,116156.2,116273.6,317.168
2025-07-15T15:17:00.000000Z,116273.5,116359.0,116273.2,116350.1,239.64
2025-07-15T15:18:00.000000Z,116350.1,116356.9,116309.3,116333.6,210.899
2025-07-15T15:19:00.000000Z,116333.7,116333.7,116277.0,116293.9,178.334
2025-07-15T15:20:00.000000Z,116293.9,116293.9,116116.3,116156.0,328.168
2025-07-15T15:21:00.000000Z,116155.9,116238.1,116154.4,116218.8,134.611
2025-07-15T15:22:00.000000Z,116219.3,116266.6,116200.0,116200.1,82.89
2025-07-15T15:23:00.000000Z,116200.0,116217.1,115998.8,115998.8,384.593
2025-07-15T15:24:00.000000Z,115998.4,116024.1,115830.0,115931.6,699.598
2025-07-15T15:25:00.000000Z,115931.6,116049.7,115901.1,115994.4,311.912
2025-07-15T15:26:00.000000Z,115994.4,116033.2,115965.2,116027.6,98.73
2025-07-15T15:27:00.000000Z,116027.5,116060.5,116023.7,116043.8,94.714
2025-07-15T15:28:00.000000Z,116043.9,116052.0,116020.0,116020.1,52.612
2025-07-15T15:29:00.000000Z,116020.1,116261.7,116020.1,116243.0,549.271
2025-07-15T15:30:00.000000Z,116243.0,116487.0,116243.0,116311.6,559.599
2025-07-15T15:31:00.000000Z,116311.7,116365.0,116180.9,116186.9,199.201
2025-07-15T15:32:00.000000Z,116186.8,116228.7,116142.8,116178.0,109.123
2025-07-15T15:33:00.000000Z,116178.0,116202.5,116116.1,116177.8,122.877
2025-07-15T15:34:00.000000Z,116177.7,116269.0,116177.7,116251.1,95.589
2025-07-15T15:35:00.000000Z,116251.2,116272.1,116239.3,116239.4,101.285
2025-07-15T15:36:00.000000Z,116239.3,116282.5,116239.3,116262.4,94.625
2025-07-15T15:37:00.000000Z,116262.5,116317.3,116216.4,116317.3,117.936
2025-07-15T15:38:00.000000Z,116317.2,116450.8,116317.2,116417.2,177.037
2025-07-15T15:39:00.000000Z,116417.3,116425.6,116336.3,116399.0,162.834
2025-07-15T15:40:00.000000Z,116399.0,116407.8,116340.1,116342.9,108.033
2025-07-15T15:41:00.000000Z,116342.9,116376.4,116342.8,116353.0,71.288
2025-07-15T15:42:00.000000Z,116352.9,116407.1,116352.9,116407.1,82.226
2025-07-15T15:43:00.000000Z,116407.1,116496.3,116407.0,116495.6,145.302
2025-07-15T15:44:00.000000Z,116495.6,116512.9,116250.0,116262.7,313.644
2025-07-15T15:45:00.000000Z,116262.7,116406.3,116259.8,116360.0,226.406
2025-07-15T15:46:00.000000Z,116359.8,116412.6,116327.5,116412.6,130.68
2025-07-15T15:47:00.000000Z,116412.6,116594.9,116412.5,116587.5,418.462
2025-07-15T15:48:00.000000Z,116587.6,116736.0,116587.5,116693.3,685.906
2025-07-15T15:49:00.000000Z,116693.4,116752.9,116545.2,116574.7,444.619
2025-07-15T15:50:00.000000Z,116574.7,116607.9,116414.6,116499.9,361.065
2025-07-15T15:51:00.000000Z,116500.0,116556.8,116489.0,116556.3,113.378
2025-07-15T15:52:00.000000Z,116556.3,116644.9,116545.8,116644.9,156.642
2025-07-15T15:53:00.000000Z,116644.9,116653.9,116554.3,116558.4,90.488
2025-07-15T15:54:00.000000Z,116558.4,116576.7,116517.0,116568.2,89.163
2025-07-15T15:55:00.000000Z,116568.1,116576.6,116553.5,116562.1,71.759
2025-07-15T15:56:00.000000Z,116562.1,116562.2,116503.8,116538.0,127.963
2025-07-15T15:57:00.000000Z,116538.1,116538.1,116417.3,116425.6,176.662
2025-07-15T15:58:00.000000Z,116425.6,116432.6,116373.6,116403.2,200.332
2025-07-15T15:59:00.000000Z,116403.1,116413.6,116350.0,116393.0,123.411
2025-07-15T16:00:00.000000Z,116393.1,116453.5,116376.2,116421.9,108.025
2025-07-15T16:01:00.000000Z,116421.8,116421.8,116360.9,116385.1,157.897
2025-07-15T16:02:00.000000Z,116385.1,116437.6,116376.4,116407.5,60.388
2025-07-15T16:03:00.000000Z,116407.5,116547.9,116407.5,116547.9,107.673
2025-07-15T16:04:00.000000Z,116548.0,116706.2,116548.0,116706.1,173.848
2025-07-15T16:05:00.000000Z,116706.1,116777.0,116679.8,116730.9,269.566
2025-07-15T16:06:00.000000Z,116730.8,116912.1,116730.0,116816.1,1189.182
2025-07-15T16:07:00.000000Z,116816.0,116917.1,116786.1,116908.6,1246.145
2025-07-15T16:08:00.000000Z,116908.6,116928.9,116833.1,116900.1,547.361
2025-07-15T16:09:00.000000Z,116900.0,117104.4,116856.4,117100.0,858.978
2025-07-15T16:10:00.000000Z,117100.1,117100.1,116938.6,116989.8,532.987
2025-07-15T16:11:00.000000Z,116989.8,117153.8,116952.4,117153.8,404.073
2025-07-15T16:12:00.000000Z,117153.8,117169.8,117106.8,117122.4,307.91
2025-07-15T16:13:00.000000Z,117122.4,117168.7,117111.5,117122.4,206.721
2025-07-15T16:14:00.000000Z,117122.4,117158.5,116901.8,116901.9,518.551
2025-07-15T16:15:00.000000Z,116901.8,116916.9,116752.2,116886.0,694.428
2025-07-15T16:16:00.000000Z,116886.1,116959.0,116688.6,116702.1,297.614
2025-07-15T16:17:00.000000Z,116702.0,116797.7,116702.0,116769.3,154.316
2025-07-15T16:18:00.000000Z,116769.2,116821.6,116682.0,116685.1,115.256
2025-07-15T16:19:00.000000Z,116685.1,116740.7,116662.2,116740.7,185.383
2025-07-15T16:20:00.000000Z,116740.8,116918.3,116731.7,116866.1,102.172
2025-07-15T16:21:00.000000Z,116866.2,116922.1,116788.0,116881.1,232.56
2025-07-15T16:22:00.000000Z,116881.1,116992.0,116868.0,116992.0,112.229
2025-07-15T16:23:00.000000Z,116992.0,117021.0,116893.0,116999.5,146.386
2025-07-15T16:24:00.000000Z,116999.5,116999.6,116865.0,116881.4,100.625
2025-07-15T16:25:00.000000Z,116881.3,116957.0,116846.1,116899.0,93.52
2025-07-15T16:26:00.000000Z,116899.1,116960.2,116834.5,116834.5,180.376
2025-07-15T16:27:00.000000Z,116834.5,117000.0,116834.5,116993.0,52.497
2025-07-15T16:28:00.000000Z,116993.0,117038.0,116921.6,116921.6,63.27
2025-07-15T16:29:00.000000Z,116921.7,116921.7,116850.0,116869.1,86.165
2025-07-15T16:30:00.000000Z,116869.1,117094.8,116869.1,117083.7,170.252
2025-07-15T16:31:00.000000Z,117083.7,117193.3,117080.0,117190.3,227.623
2025-07-15T16:32:00.000000Z,117190.2,117307.6,117190.2,117244.6,433.172
2025-07-15T16:33:00.000000Z,117244.7,117321.9,117241.3,117288.1,473.222
2025-07-15T16:34:00.000000Z,117288.1,117288.1,117084.0,117084.0,193.981
2025-07-15T16:35:00.000000Z,117084.0,117278.0,117042.3,117277.2,165.062
2025-07-15T16:36:00.000000Z,117277.1,117285.7,117189.3,117189.4,89.615
2025-07-15T16:37:00.000000Z,117189.4,117256.0,117183.1,117184.7,115.445
2025-07-15T16:38:00.000000Z,117184.6,117292.1,117176.0,117292.1,74.629
2025-07-15T16:39:00.000000Z,117292.0,117341.5,117292.0,117315.0,158.663
2025-07-15T16:40:00.000000Z,117315.0,117450.1,117315.0,117450.0,339.316
2025-07-15T16:41:00.000000Z,117450.1,117560.9,117413.5,117560.8,532.48
2025-07-15T16:42:00.000000Z,117560.9,117727.4,117558.7,117573.2,1102.924
2025-07-15T16:43:00.000000Z,117573.3,117644.4,117556.2,117592.8,323.922
2025-07-15T16:44:00.000000Z,117592.8,117682.1,117573.2,117676.4,168.459
2025-07-15T16:45:00.000000Z,117676.4,117705.6,117595.5,117610.1,183.53
2025-07-15T16:46:00.000000Z,117610.0,117624.1,117545.7,117587.9,184.415
2025-07-15T16:47:00.000000Z,117587.9,117723.1,117533.4,117601.6,534.399
2025-07-15T16:48:00.000000Z,117601.7,117620.9,117467.7,117473.5,216.277
2025-07-15T16:49:00.000000Z,117473.5,117522.5,117415.8,117415.8,229.581
2025-07-15T16:50:00.000000Z,117415.8,117462.5,117360.4,117428.7,541.571
2025-07-15T16:51:00.000000Z,117428.7,117500.0,117428.6,117474.5,106.458
2025-07-15T16:52:00.000000Z,117474.5,117505.1,117449.2,117500.4,142.564
2025-07-15T16:53:00.000000Z,117500.3,117520.0,117426.1,117491.3,154.946
2025-07-15T16:54:00.000000Z,117491.3,117491.4,117360.9,117368.3,122.74
2025-07-15T16:55:00.000000Z,117368.4,117490.2,117355.2,117355.2,174.521
2025-07-15T16:56:00.000000Z,117355.2,117363.2,117230.7,117320.4,336.745
2025-07-15T16:57:00.000000Z,117320.4,117343.4,117169.2,117198.1,232.305
2025-07-15T16:58:00.000000Z,117198.4,117208.9,117114.4,117126.6,278.664
2025-07-15T16:59:00.000000Z,117126.5,117197.8,117050.0,117195.9,257.433
2025-07-15T17:00:00.000000Z,117195.9,117327.7,117186.9,117288.1,246.533
2025-07-15T17:01:00.000000Z,117288.0,117322.0,117229.1,117318.6,100.096
2025-07-15T17:02:00.000000Z,117318.6,117359.0,117298.4,117329.0,100.368
2025-07-15T17:03:00.000000Z,117329.0,117333.5,117215.4,117318.6,71.48
2025-07-15T17:04:00.000000Z,117318.6,117401.3,117243.8,117252.1,85.098
2025-07-15T17:05:00.000000Z,117252.1,117324.0,117233.8,117309.7,107.339
2025-07-15T17:06:00.000000Z,117309.6,117320.0,117255.4,117262.7,129.848
2025-07-15T17:07:00.000000Z,117262.7,117267.2,117185.9,117191.8,101.188
2025-07-15T17:08:00.000000Z,117192.2,117256.6,117174.4,117231.0,86.361
2025-07-15T17:09:00.000000Z,117231.0,117245.0,117180.7,117211.3,67.254
2025-07-15T17:10:00.000000Z,117211.4,117245.1,117183.9,117184.3,60.472
2025-07-15T17:11:00.000000Z,117184.2,117244.8,117125.0,117203.6,245.076
2025-07-15T17:12:00.000000Z,117203.7,117295.3,117203.6,117295.2,187.719
2025-07-15T17:13:00.000000Z,117295.3,117319.9,117270.3,117274.0,59.97
2025-07-15T17:14:00.000000Z,117273.9,117285.6,117255.6,117269.8,57.356
2025-07-15T17:15:00.000000Z,117269.7,117269.8,117229.2,117229.2,30.89
2025-07-15T17:16:00.000000Z,117229.2,117255.6,117214.6,117255.6,28.351
2025-07-15T17:17:00.000000Z,117255.5,117297.7,117240.0,117243.9,39.432
2025-07-15T17:18:00.000000Z,117243.9,117373.0,117243.8,117372.9,65.168
2025-07-15T17:19:00.000000Z,117373.0,117418.1,117300.1,117333.0,128.655
2025-07-15T17:20:00.000000Z,117333.1,117387.0,117226.2,117227.5,228.193
2025-07-15T17:21:00.000000Z,117227.6,117256.9,117226.2,117236.5,139.42
2025-07-15T17:22:00.000000Z,117236.5,117379.4,117236.5,117371.7,109.192
2025-07-15T17:23:00.000000Z,117371.7,117461.5,117356.5,117461.5,80.377
2025-07-15T17:24:00.000000Z,117461.5,117512.6,117401.0,117454.0,105.128
2025-07-15T17:25:00.000000Z,117454.0,117462.9,117366.4,117442.4,60.747
2025-07-15T17:26:00.000000Z,117442.4,117442.4,117363.5,117366.1,39.92
2025-07-15T17:27:00.000000Z,117366.1,117438.1,117351.0,117438.1,48.655
2025-07-15T17:28:00.000000Z,117438.0,117496.1,117438.0,117451.5,63.771
2025-07-15T17:29:00.000000Z,117451.4,117537.0,117451.4,117510.2,79.057
2025-07-15T17:30:00.000000Z,117510.1,117511.3,117358.7,117358.8,65.138
2025-07-15T17:31:00.000000Z,117358.7,117391.1,117329.2,117329.3,86.915
2025-07-15T17:32:00.000000Z,117329.2,117384.6,117300.0,117314.7,112.707
2025-07-15T17:33:00.000000Z,117314.7,117318.9,117267.3,117267.4,81.063
2025-07-15T17:34:00.000000Z,117267.3,117273.3,117228.0,117236.3,48.454
2025-07-15T17:35:00.000000Z,117236.4,117259.9,117235.6,117241.9,59.975
2025-07-15T17:36:00.000000Z,117241.9,117402.8,117241.9,117395.5,62.246
2025-07-15T17:37:00.000000Z,117395.4,117455.5,117385.8,117441.4,78.231
2025-07-15T17:38:00.000000Z,117441.4,117497.3,117390.0,117390.1,71.686
2025-07-15T17:39:00.000000Z,117390.0,117390.1,117340.0,117363.6,55.403
2025-07-15T17:40:00.000000Z,117363.6,117373.4,117350.0,117373.3,44.078
2025-07-15T17:41:00.000000Z,117373.3,117373.4,117321.8,117339.5,39.122
2025-07-15T17:42:00.000000Z,117339.5,117349.7,117298.5,117345.9,84.092
2025-07-15T17:43:00.000000Z,117346.0,117399.9,117310.3,117399.9,35.963
2025-07-15T17:44:00.000000Z,117399.9,117492.7,117391.8,117492.7,115.343
2025-07-15T17:45:00.000000Z,117492.7,117545.0,117375.9,117451.2,249.555
2025-07-15T17:46:00.000000Z,117451.2,117483.0,117451.2,117482.9,73.278
2025-07-15T17:47:00.000000Z,117483.0,117495.0,117466.7,117492.5,53.895
2025-07-15T17:48:00.000000Z,117492.6,117577.1,117492.5,117565.3,80.968
2025-07-15T17:49:00.000000Z,117565.3,117570.1,117387.7,117407.8,219.853
2025-07-15T17:50:00.000000Z,117407.9,117445.5,117384.6,117422.5,122.913
2025-07-15T17:51:00.000000Z,117422.5,117463.0,117409.6,117417.7,80.932
2025-07-15T17:52:00.000000Z,117417.7,117429.3,117400.0,117413.1,39.335
2025-07-15T17:53:00.000000Z,117413.1,117523.5,117413.0,117520.0,69.922
2025-07-15T17:54:00.000000Z,117520.0,117538.4,117494.7,117516.8,67.284
2025-07-15T17:55:00.000000Z,117516.9,117516.9,117400.7,117405.3,65.085
2025-07-15T17:56:00.000000Z,117405.4,117434.6,117405.3,117434.5,40.854
2025-07-15T17:57:00.000000Z,117434.5,117439.9,117411.2,117411.3,32.193
2025-07-15T17:58:00.000000Z,117411.3,117446.6,117411.2,117446.5,32.941
2025-07-15T17:59:00.000000Z,117446.5,117446.6,117399.9,117415.6,68.42
2025-07-15T18:00:00.000000Z,117415.6,117436.3,117358.0,117358.0,53.008
2025-07-15T18:01:00.000000Z,117358.0,117379.2,117324.0,117345.5,91.703
2025-07-15T18:02:00.000000Z,117345.4,117349.4,117299.9,117344.3,183.763
2025-07-15T18:03:00.000000Z,117344.3,117381.1,117335.8,117346.8,62.048
2025-07-15T18:04:00.000000Z,117346.8,117346.8,117272.9,117304.4,88.333
2025-07-15T18:05:00.000000Z,117304.5,117304.5,117247.6,117287.8,115.314
2025-07-15T18:06:00.000000Z,117287.8,117287.9,117264.3,117267.8,82.746
2025-07-15T18:07:00.000000Z,117267.7,117267.8,117149.2,117204.1,1089.748
2025-07-15T18:08:00.000000Z,117204.0,117248.0,117196.9,117197.2,125.881
2025-07-15T18:09:00.000000Z,117197.1,117208.4,117173.7,117199.9,94.731
2025-07-15T18:10:00.000000Z,117199.9,117205.0,117192.0,117192.0,38.339
2025-07-15T18:11:00.000000Z,117192.0,117236.0,117192.0,117216.0,49.981
2025-07-15T18:12:00.000000Z,117215.9,117223.2,117171.6,117199.8,70.399
2025-07-15T18:13:00.000000Z,117199.8,117199.9,117142.9,117154.7,146.543
2025-07-15T18:14:00.000000Z,117154.7,117168.9,117150.3,117168.8,56.716
2025-07-15T18:15:00.000000Z,117168.8,117222.0,117168.8,117222.0,53.057
2025-07-15T18:16:00.000000Z,117221.9,117221.9,117164.7,117179.3,80.609
2025-07-15T18:17:00.000000Z,117179.2,117179.3,117153.0,117153.4,63.328
2025-07-15T18:18:00.000000Z,117153.4,117179.6,117153.4,117175.0,40.097
2025-07-15T18:19:00.000000Z,117175.0,117175.1,117150.4,117150.4,45.441
2025-07-15T18:20:00.000000Z,117150.4,117191.3,117150.4,117153.2,67.614
2025-07-15T18:21:00.000000Z,117153.2,117297.6,117153.2,117297.6,108.285
2025-07-15T18:22:00.000000Z,117297.5,117339.2,117268.0,117296.7,120.165
2025-07-15T18:23:00.000000Z,117296.6,117296.7,117170.1,117197.9,77.86
2025-07-15T18:24:00.000000Z,117197.9,117197.9,117137.2,117146.9,946.267
2025-07-15T18:25:00.000000Z,117146.8,117146.9,117044.4,117102.8,396.674
2025-07-15T18:26:00.000000Z,117102.8,117110.1,116947.3,116970.9,430.474
2025-07-15T18:27:00.000000Z,116970.9,117011.8,116841.6,116890.4,739.437
2025-07-15T18:28:00.000000Z,116890.4,116957.6,116878.7,116927.6,243.602
2025-07-15T18:29:00.000000Z,116927.6,116948.0,116809.8,116846.6,426.167
2025-07-15T18:30:00.000000Z,116846.7,116884.6,116800.0,116800.0,352.424
2025-07-15T18:31:00.000000Z,116800.1,116800.1,116587.6,116589.2,601.126
2025-07-15T18:32:00.000000Z,116589.1,116775.6,116553.4,116775.6,266.737
2025-07-15T18:33:00.000000Z,116775.6,116786.8,116553.4,116666.7,215.843
2025-07-15T18:34:00.000000Z,116666.7,116709.4,116568.0,116635.3,179.607
2025-07-15T18:35:00.000000Z,116635.3,116669.8,116485.1,116503.9,403.745
2025-07-15T18:36:00.000000Z,116503.9,116557.3,116250.0,116250.0,1269.073
2025-07-15T18:37:00.000000Z,116250.0,116279.3,116129.8,116190.8,854.702
2025-07-15T18:38:00.000000Z,116190.8,116330.9,116050.0,116330.9,847.382
2025-07-15T18:39:00.000000Z,116322.1,116409.2,116250.2,116302.1,383.394
2025-07-15T18:40:00.000000Z,116302.1,116446.5,116302.1,116329.0,262.186
2025-07-15T18:41:00.000000Z,116329.1,116332.3,116078.7,116127.7,389.01
2025-07-15T18:42:00.000000Z,116127.7,116349.1,116100.0,116289.7,197.049
2025-07-15T18:43:00.000000Z,116289.7,116633.0,116255.4,116595.5,414.66
2025-07-15T18:44:00.000000Z,116592.5,116596.6,116400.3,116400.3,202.102
2025-07-15T18:45:00.000000Z,116400.4,116695.3,116326.9,116599.7,616.07
2025-07-15T18:46:00.000000Z,116599.6,116693.9,116518.2,116652.2,426.888
2025-07-15T18:47:00.000000Z,116652.1,116723.2,116550.0,116640.1,414.725
2025-07-15T18:48:00.000000Z,116640.1,116695.9,116605.5,116695.8,168.395
2025-07-15T18:49:00.000000Z,116695.9,116695.9,116555.2,116626.1,151.962
2025-07-15T18:50:00.000000Z,116626.0,116769.2,116617.1,116763.3,181.861
2025-07-15T18:51:00.000000Z,116763.3,116850.0,116691.2,116691.2,235.071
2025-07-15T18:52:00.000000Z,116691.3,116795.4,116673.4,116792.3,91.036
2025-07-15T18:53:00.000000Z,116792.3,116860.8,116758.5,116800.0,104.717
2025-07-15T18:54:00.000000Z,116800.0,116867.0,116756.6,116863.7,71.134
2025-07-15T18:55:00.000000Z,116863.7,116923.8,116777.0,116868.7,283.188
2025-07-15T18:56:00.000000Z,116868.8,116868.8,116789.6,116840.6,50.452
2025-07-15T18:57:00.000000Z,116840.6,116840.6,116760.0,116813.9,41.532
2025-07-15T18:58:00.000000Z,116813.8,116855.0,116777.0,116799.8,56.776
2025-07-15T18:59:00.000000Z,116799.7,116816.7,116723.2,116723.3,63.599
2025-07-15T19:00:00.000000Z,116723.2,116805.9,116644.9,116778.9,281.989
2025-07-15T19:01:00.000000Z,116778.9,116817.2,116727.1,116804.9,53.674
2025-07-15T19:02:00.000000Z,116804.9,117122.6,116804.9,116990.3,490.286
2025-07-15T19:03:00.000000Z,116990.3,116991.6,116887.7,116969.3,179.739
2025-07-15T19:04:00.000000Z,116969.4,117009.2,116901.1,116901.1,90.315
2025-07-15T19:05:00.000000Z,116901.1,116928.4,116828.0,116897.3,70.326
2025-07-15T19:06:00.000000Z,116897.3,116973.5,116879.5,116973.5,77.237
2025-07-15T19:07:00.000000Z,116973.4,117059.8,116973.4,117017.1,104.203
2025-07-15T19:08:00.000000Z,117017.0,117100.2,116981.6,117088.4,113.041
2025-07-15T19:09:00.000000Z,117088.5,117088.5,116992.3,116992.3,55.39
2025-07-15T19:10:00.000000Z,116992.3,117153.8,116992.3,117114.6,108.952
2025-07-15T19:11:00.000000Z,117114.6,117230.7,117110.9,117119.2,200.412
2025-07-15T19:12:00.000000Z,117119.1,117119.1,117050.7,117099.3,128.14
2025-07-15T19:13:00.000000Z,117099.3,117165.9,117074.4,117075.1,65.469
2025-07-15T19:14:00.000000Z,117075.0,117108.0,117042.5,117067.3,87.526
2025-07-15T19:15:00.000000Z,117067.2,117067.2,116929.4,116946.4,91.945
2025-07-15T19:16:00.000000Z,116946.4,116946.4,116826.9,116938.4,140.253
2025-07-15T19:17:00.000000Z,116938.4,116938.4,116871.9,116872.6,62.168
2025-07-15T19:18:00.000000Z,116872.6,117018.3,116872.6,116968.9,61.431
2025-07-15T19:19:00.000000Z,116968.9,117068.5,116954.0,117068.4,40.878
2025-07-15T19:20:00.000000Z,117068.5,117157.8,117042.1,117100.0,119.1
2025-07-15T19:21:00.000000Z,117100.0,117100.0,116973.4,116978.1,106.404
2025-07-15T19:22:00.000000Z,116978.1,117081.6,116959.3,117074.2,62.828
2025-07-15T19:23:00.000000Z,117074.2,117074.3,116955.9,116980.0,65.766
2025-07-15T19:24:00.000000Z,116980.0,117009.7,116953.2,116998.2,58.772
2025-07-15T19:25:00.000000Z,116998.2,117000.0,116979.5,116980.6,36.048
2025-07-15T19:26:00.000000Z,116980.6,117011.8,116824.7,116857.2,160.419
2025-07-15T19:27:00.000000Z,116857.2,116905.0,116770.0,116818.8,280.099
2025-07-15T19:28:00.000000Z,116818.8,116854.2,116794.8,116854.2,69.019
2025-07-15T19:29:00.000000Z,116854.1,116875.8,116821.8,116848.7,65.138
2025-07-15T19:30:00.000000Z,116848.8,116918.1,116848.7,116913.3,75.964
2025-07-15T19:31:00.000000Z,116913.3,116913.3,116855.8,116883.0,53.734
2025-07-15T19:32:00.000000Z,116883.0,116883.0,116735.9,116736.1,69.45
2025-07-15T19:33:00.000000Z,116742.9,116801.6,116720.0,116801.2,130.749
2025-07-15T19:34:00.000000Z,116801.1,116801.1,116657.2,116657.2,94.255
2025-07-15T19:35:00.000000Z,116657.2,116751.8,116650.0,116716.7,143.688
2025-07-15T19:36:00.000000Z,116716.7,116718.1,116669.6,116681.7,67.36
2025-07-15T19:37:00.000000Z,116681.6,116692.2,116645.3,116664.9,68.631
2025-07-15T19:38:00.000000Z,116664.9,116664.9,116487.4,116609.0,199.849
2025-07-15T19:39:00.000000Z,116609.1,116673.2,116594.9,116635.1,68.544
2025-07-15T19:40:00.000000Z,116635.1,116754.8,116635.0,116716.6,72.554
2025-07-15T19:41:00.000000Z,116716.7,116716.7,116607.9,116607.9,46.545
2025-07-15T19:42:00.000000Z,116607.9,116635.0,116504.1,116561.1,192.008
2025-07-15T19:43:00.000000Z,116561.1,116561.1,116516.5,116516.5,58.556
2025-07-15T19:44:00.000000Z,116516.5,116525.0,116485.0,116506.4,104.731
2025-07-15T19:45:00.000000Z,116506.5,116506.5,116384.6,116409.1,126.567
2025-07-15T19:46:00.000000Z,116409.1,116413.4,116358.0,116375.7,146.295
2025-07-15T19:47:00.000000Z,116375.6,116409.8,116340.0,116354.6,123.683
2025-07-15T19:48:00.000000Z,116354.7,116415.7,116300.0,116331.8,273.435
2025-07-15T19:49:00.000000Z,116331.7,116429.7,116321.1,116429.7,246.297
2025-07-15T19:50:00.000000Z,116429.7,116454.2,116345.2,116442.6,123.611
2025-07-15T19:51:00.000000Z,116442.7,116457.2,116375.7,116375.7,80.108
2025-07-15T19:52:00.000000Z,116375.7,116483.5,116369.9,116457.0,69.048
2025-07-15T19:53:00.000000Z,116457.0,116494.8,116435.0,116467.6,168.252
2025-07-15T19:54:00.000000Z,116467.5,116484.7,116418.7,116484.7,48.88
2025-07-15T19:55:00.000000Z,116484.7,116562.3,116484.7,116562.3,130.878
2025-07-15T19:56:00.000000Z,116562.3,116599.5,116553.5,116594.3,56.428
2025-07-15T19:57:00.000000Z,116594.3,116597.7,116507.9,116522.4,63.283
2025-07-15T19:58:00.000000Z,116522.3,116522.3,116441.9,116492.0,64.463
2025-07-15T19:59:00.000000Z,116492.0,116492.0,116384.6,116428.9,121.847
2025-07-15T20:00:00.000000Z,116428.8,116539.2,116414.0,116500.4,115.767
2025-07-15T20:01:00.000000Z,116500.4,116548.0,116500.4,116525.3,49.61
2025-07-15T20:02:00.000000Z,116525.3,116566.0,116500.4,116500.4,57.094
2025-07-15T20:03:00.000000Z,116500.4,116515.4,116456.4,116456.5,69.693
2025-07-15T20:04:00.000000Z,116456.5,116542.4,116417.1,116436.4,160.923
2025-07-15T20:05:00.000000Z,116436.4,116568.7,116400.0,116448.5,105.986
2025-07-15T20:06:00.000000Z,116448.6,116609.6,116448.5,116552.5,111.985
2025-07-15T20:07:00.000000Z,116552.4,116596.4,116526.6,116546.9,51.071
2025-07-15T20:08:00.000000Z,116546.9,116546.9,116492.6,116526.2,24.198
2025-07-15T20:09:00.000000Z,116526.3,116583.2,116526.2,116547.1,47.533
2025-07-15T20:10:00.000000Z,116547.2,116613.6,116547.1,116601.0,53.46
2025-07-15T20:11:00.000000Z,116601.1,116628.6,116593.6,116593.6,45.471
2025-07-15T20:12:00.000000Z,116593.7,116641.8,116593.6,116640.2,37.605
2025-07-15T20:13:00.000000Z,116640.3,116654.9,116597.0,116635.2,40.176
2025-07-15T20:14:00.000000Z,116635.3,116635.3,116571.5,116595.1,81.002
2025-07-15T20:15:00.000000Z,116595.2,116715.9,116595.1,116638.8,155.971
2025-07-15T20:16:00.000000Z,116638.9,116660.8,116571.9,116591.1,59.568
2025-07-15T20:17:00.000000Z,116591.1,116607.7,116189.0,116229.1,716.518
2025-07-15T20:18:00.000000Z,116229.1,116311.8,116220.0,116311.7,134.831
2025-07-15T20:19:00.000000Z,116311.7,116407.9,116274.7,116351.6,111.365
2025-07-15T20:20:00.000000Z,116351.6,116424.7,116347.9,116388.2,115.514
2025-07-15T20:21:00.000000Z,116388.3,116479.1,116388.3,116479.1,65.51
2025-07-15T20:22:00.000000Z,116479.1,116479.1,116287.5,116322.5,312.983
2025-07-15T20:23:00.000000Z,116322.5,116420.7,116311.3,116420.7,82.254
2025-07-15T20:24:00.000000Z,116420.7,116458.7,116420.7,116453.5,42.916
2025-07-15T20:25:00.000000Z,116453.4,116512.4,116453.4,116493.8,51.49
2025-07-15T20:26:00.000000Z,116493.8,116518.4,116493.7,116518.4,34.891
2025-07-15T20:27:00.000000Z,116518.4,116637.9,116509.4,116637.8,66.902
2025-07-15T20:28:00.000000Z,116637.8,116650.0,116498.8,116535.7,294.544
2025-07-15T20:29:00.000000Z,116535.6,116548.5,116528.4,116528.5,30.908
2025-07-15T20:30:00.000000Z,116528.5,116528.5,116388.0,116388.0,38.136
2025-07-15T20:31:00.000000Z,116388.1,116500.0,116384.6,116499.0,56.866
2025-07-15T20:32:00.000000Z,116498.9,116502.0,116473.3,116473.3,31.456
2025-07-15T20:33:00.000000Z,116473.4,116531.2,116462.2,116531.2,42.043
2025-07-15T20:34:00.000000Z,116531.2,116655.0,116531.2,116592.0,65.153
2025-07-15T20:35:00.000000Z,116592.0,116592.1,116521.2,116537.1,32.539
2025-07-15T20:36:00.000000Z,116537.2,116588.5,116521.8,116588.5,14.312
2025-07-15T20:37:00.000000Z,116588.5,116605.3,116521.7,116521.7,27.74
2025-07-15T20:38:00.000000Z,116521.8,116550.0,116521.8,116535.2,13.32
2025-07-15T20:39:00.000000Z,116535.2,116535.4,116404.1,116404.1,61.46
2025-07-15T20:40:00.000000Z,116404.1,116493.1,116393.7,116440.1,81.328
2025-07-15T20:41:00.000000Z,116440.0,116491.0,116440.0,116470.0,16.899
2025-07-15T20:42:00.000000Z,116470.0,116501.0,116469.9,116496.4,18.714
2025-07-15T20:43:00.000000Z,116496.4,116539.2,116480.0,116527.6,97.415
2025-07-15T20:44:00.000000Z,116527.6,116577.0,116527.6,116574.0,26.845
2025-07-15T20:45:00.000000Z,116574.1,116623.2,116574.0,116588.4,45.276
2025-07-15T20:46:00.000000Z,116588.5,116588.5,116548.2,116582.9,30.602
2025-07-15T20:47:00.000000Z,116582.9,116584.8,116542.1,116575.8,37.539
2025-07-15T20:48:00.000000Z,116575.9,116586.7,116547.1,116547.2,41.452
2025-07-15T20:49:00.000000Z,116547.1,116575.1,116547.1,116560.1,14.049
2025-07-15T20:50:00.000000Z,116560.2,116560.2,116480.0,116480.0,32.847
2025-07-15T20:51:00.000000Z,116480.0,116547.5,116480.0,116507.9,19.307
2025-07-15T20:52:00.000000Z,116507.8,116530.3,116489.0,116530.3,24.967
2025-07-15T20:53:00.000000Z,116530.3,116583.3,116530.2,116583.3,16.756
2025-07-15T20:54:00.000000Z,116583.2,116589.9,116543.3,116558.8,15.194
2025-07-15T20:55:00.000000Z,116558.8,116598.0,116523.1,116563.5,43.296
2025-07-15T20:56:00.000000Z,116563.6,116579.8,116507.1,116523.8,43.84
2025-07-15T20:57:00.000000Z,116523.8,116534.4,116523.8,116534.3,8.457
2025-07-15T20:58:00.000000Z,116534.4,116580.6,116514.0,116541.3,75.716
2025-07-15T20:59:00.000000Z,116541.4,116550.8,116409.9,116410.0,102.26
2025-07-15T21:00:00.000000Z,116410.0,116410.0,116339.8,116368.4,189.051
2025-07-15T21:01:00.000000Z,116368.4,116464.1,116368.3,116464.1,96.309
2025-07-15T21:02:00.000000Z,116464.1,116532.2,116446.9,116532.2,48.709
2025-07-15T21:03:00.000000Z,116532.1,116590.0,116504.3,116590.0,42.206
2025-07-15T21:04:00.000000Z,116590.2,116610.0,116577.5,116610.0,44.548
2025-07-15T21:05:00.000000Z,116610.0,116610.0,116578.8,116597.5,33.055
2025-07-15T21:06:00.000000Z,116597.5,116622.9,116597.4,116613.6,27.224
2025-07-15T21:07:00.000000Z,116613.6,116636.1,116603.8,116620.5,32.981
2025-07-15T21:08:00.000000Z,116620.4,116641.1,116620.4,116628.0,34.008
2025-07-15T21:09:00.000000Z,116628.1,116657.2,116628.0,116648.2,33.707
2025-07-15T21:10:00.000000Z,116648.2,116670.5,116648.2,116653.8,67.378
2025-07-15T21:11:00.000000Z,116653.8,116693.6,116653.8,116669.3,50.52
2025-07-15T21:12:00.000000Z,116669.2,116780.6,116669.2,116780.6,82.412
2025-07-15T21:13:00.000000Z,116780.6,116833.2,116743.4,116815.2,175.42
2025-07-15T21:14:00.000000Z,116815.3,116957.1,116815.3,116948.2,311.31
2025-07-15T21:15:00.000000Z,116948.3,116974.0,116849.0,116901.3,222.261
2025-07-15T21:16:00.000000Z,116901.3,116978.9,116901.2,116978.9,92.305
2025-07-15T21:17:00.000000Z,116978.8,116992.9,116919.4,116992.9,80.725
2025-07-15T21:18:00.000000Z,116992.9,117025.5,116983.6,117002.8,113.754
2025-07-15T21:19:00.000000Z,117002.8,117022.8,116940.0,117022.4,78.298
2025-07-15T21:20:00.000000Z,117022.5,117069.7,117006.8,117029.8,196.15
2025-07-15T21:21:00.000000Z,117029.9,117029.9,116934.2,116934.2,105.357
2025-07-15T21:22:00.000000Z,116934.2,117040.1,116934.2,117034.7,100.925
2025-07-15T21:23:00.000000Z,117034.8,117063.6,117034.7,117063.5,38.35
2025-07-15T21:24:00.000000Z,117063.6,117121.1,117063.5,117096.6,111.201
2025-07-15T21:25:00.000000Z,117096.7,117100.8,117048.0,117100.8,96.704
2025-07-15T21:26:00.000000Z,117100.8,117142.8,117095.5,117109.9,103.941
2025-07-15T21:27:00.000000Z,117109.8,117147.2,117089.0,117134.9,130.11
2025-07-15T21:28:00.000000Z,117134.9,117135.0,117098.3,117121.3,60.015
2025-07-15T21:29:00.000000Z,117121.4,117133.6,117098.6,117133.6,85.547
2025-07-15T21:30:00.000000Z,117133.6,117156.7,117056.5,117056.5,93.163
2025-07-15T21:31:00.000000Z,117056.6,117143.3,117037.2,117143.3,93.207
2025-07-15T21:32:00.000000Z,117143.3,117186.0,117130.0,117183.8,84.695
2025-07-15T21:33:00.000000Z,117183.8,117274.2,117183.7,117266.6,346.456
2025-07-15T21:34:00.000000Z,117266.5,117324.4,117256.3,117269.9,244.942
2025-07-15T21:35:00.000000Z,117269.9,117316.7,117258.1,117316.7,67.801
2025-07-15T21:36:00.000000Z,117316.6,117388.0,117272.7,117274.2,187.305
2025-07-15T21:37:00.000000Z,117274.1,117429.2,117267.5,117380.0,199.064
2025-07-15T21:38:00.000000Z,117380.1,117427.2,117380.0,117384.0,67.205
2025-07-15T21:39:00.000000Z,117384.1,117466.0,117384.0,117466.0,60.812
2025-07-15T21:40:00.000000Z,117465.9,117474.3,117374.1,117414.2,106.573
2025-07-15T21:41:00.000000Z,117414.1,117463.5,117408.9,117460.7,68.171
2025-07-15T21:42:00.000000Z,117460.7,117525.0,117444.9,117485.7,180.567
2025-07-15T21:43:00.000000Z,117485.6,117488.0,117477.6,117487.9,122.237
2025-07-15T21:44:00.000000Z,117488.0,117610.6,117487.9,117487.9,352.756
2025-07-15T21:45:00.000000Z,117488.0,117539.9,117487.9,117536.6,81.988
2025-07-15T21:46:00.000000Z,117536.5,117536.6,117361.0,117443.5,144.383
2025-07-15T21:47:00.000000Z,117443.5,117466.3,117379.9,117379.9,47.136
2025-07-15T21:48:00.000000Z,117379.9,117424.4,117330.2,117378.4,78.44
2025-07-15T21:49:00.000000Z,117378.4,117430.0,117365.9,117423.2,32.475
2025-07-15T21:50:00.000000Z,117423.2,117464.8,117423.1,117464.7,24.728
2025-07-15T21:51:00.000000Z,117464.8,117532.4,117464.8,117520.0,40.329
2025-07-15T21:52:00.000000Z,117520.0,117538.4,117491.6,117491.6,36.441
2025-07-15T21:53:00.000000Z,117491.7,117491.7,117414.7,117444.8,117.293
2025-07-15T21:54:00.000000Z,117444.8,117460.0,117406.9,117427.0,75.456
2025-07-15T21:55:00.000000Z,117427.1,117462.6,117427.1,117429.6,28.21
2025-07-15T21:56:00.000000Z,117429.7,117443.6,117429.5,117435.5,32.561
2025-07-15T21:57:00.000000Z,117435.5,117490.2,117435.5,117484.7,45.977
2025-07-15T21:58:00.000000Z,117484.7,117499.9,117484.6,117499.1,26.921
2025-07-15T21:59:00.000000Z,117499.2,117550.3,117499.1,117542.4,61.879
2025-07-15T22:00:00.000000Z,117542.4,117589.1,117317.8,117396.0,362.949
2025-07-15T22:01:00.000000Z,117396.7,117478.9,117323.3,117325.5,108.034
2025-07-15T22:02:00.000000Z,117325.5,117352.8,117258.0,117309.7,175.976
2025-07-15T22:03:00.000000Z,117309.7,117334.8,117268.2,117290.8,74.784
2025-07-15T22:04:00.000000Z,117290.7,117370.0,117272.8,117312.3,101.057
2025-07-15T22:05:00.000000Z,117312.4,117397.9,117312.3,117397.9,34.704
2025-07-15T22:06:00.000000Z,117397.8,117432.6,117342.5,117342.6,74.75
2025-07-15T22:07:00.000000Z,117342.6,117393.3,117342.5,117387.5,33.612
2025-07-15T22:08:00.000000Z,117387.5,117417.8,117326.3,117326.3,42.515
2025-07-15T22:09:00.000000Z,117326.4,117387.6,117326.3,117387.6,29.076
2025-07-15T22:10:00.000000Z,117387.6,117400.0,117347.2,117364.6,60.834
2025-07-15T22:11:00.000000Z,117364.7,117428.1,117364.7,117390.2,37.714
2025-07-15T22:12:00.000000Z,117390.2,117452.8,117390.1,117452.7,29.238
2025-07-15T22:13:00.000000Z,117452.8,117458.6,117411.2,117458.6,63.185
2025-07-15T22:14:00.000000Z,117458.6,117479.8,117450.0,117450.1,26.506
2025-07-15T22:15:00.000000Z,117450.1,117450.1,117428.5,117439.8,27.053
2025-07-15T22:16:00.000000Z,117439.9,117490.4,117439.8,117475.9,22.113
2025-07-15T22:17:00.000000Z,117476.0,117496.2,117457.1,117488.0,44.5
2025-07-15T22:18:00.000000Z,117487.9,117493.6,117469.1,117474.0,21.133
2025-07-15T22:19:00.000000Z,117474.1,117489.4,117469.1,117473.6,23.411
2025-07-15T22:20:00.000000Z,117473.6,117516.9,117473.5,117498.7,67.682
2025-07-15T22:21:00.000000Z,117498.1,117514.7,117498.0,117500.1,22.623
2025-07-15T22:22:00.000000Z,117500.1,117523.0,117500.0,117505.0,39.344
2025-07-15T22:23:00.000000Z,117505.0,117535.0,117504.9,117535.0,43.674
2025-07-15T22:24:00.000000Z,117534.9,117535.0,117526.1,117533.5,44.563
2025-07-15T22:25:00.000000Z,117533.6,117535.0,117526.3,117528.7,31.894
2025-07-15T22:26:00.000000Z,117528.7,117538.4,117528.7,117538.4,18.123
2025-07-15T22:27:00.000000Z,117538.4,117562.8,117538.3,117562.8,20.024
2025-07-15T22:28:00.000000Z,117562.8,117565.9,117507.1,117507.1,46.35
2025-07-15T22:29:00.000000Z,117507.1,117507.2,117485.9,117499.9,50.645
2025-07-15T22:30:00.000000Z,117499.9,117507.2,117488.1,117500.8,27.139
2025-07-15T22:31:00.000000Z,117500.7,117500.8,117453.6,117460.6,35.607
2025-07-15T22:32:00.000000Z,117460.7,117460.7,117367.1,117367.1,141.781
2025-07-15T22:33:00.000000Z,117367.1,117367.2,117255.8,117263.7,72.812
2025-07-15T22:34:00.000000Z,117263.8,117299.4,117235.5,117299.4,116.546
2025-07-15T22:35:00.000000Z,117299.9,117339.1,117291.1,117291.2,77.644
2025-07-15T22:36:00.000000Z,117291.1,117350.3,117291.1,117350.3,40.812
2025-07-15T22:37:00.000000Z,117350.3,117430.1,117350.3,117430.1,70.896
2025-07-15T22:38:00.000000Z,117430.0,117488.7,117430.0,117445.0,105.112
2025-07-15T22:39:00.000000Z,117445.1,117506.1,117440.7,117506.1,53.554
2025-07-15T22:40:00.000000Z,117506.0,117586.8,117506.0,117581.7,74.741
2025-07-15T22:41:00.000000Z,117581.8,117611.8,117575.8,117600.6,67.023
2025-07-15T22:42:00.000000Z,117600.7,117620.0,117600.7,117605.9,61.854
2025-07-15T22:43:00.000000Z,117605.8,117733.0,117605.8,117729.2,267.005
2025-07-15T22:44:00.000000Z,117729.2,117781.7,117656.5,117698.3,454.023
2025-07-15T22:45:00.000000Z,117698.3,117725.0,117672.7,117672.7,90.9
2025-07-15T22:46:00.000000Z,117672.8,117700.9,117617.8,117639.0,153.571
2025-07-15T22:47:00.000000Z,117639.0,117668.7,117639.0,117663.1,32.972
2025-07-15T22:48:00.000000Z,117663.0,117700.2,117663.0,117683.3,65.607
2025-07-15T22:49:00.000000Z,117683.3,117683.4,117643.9,117665.4,38.245
2025-07-15T22:50:00.000000Z,117665.4,117711.5,117665.4,117693.2,42.581
2025-07-15T22:51:00.000000Z,117693.1,117721.8,117680.1,117721.7,53.072
2025-07-15T22:52:00.000000Z,117721.7,117849.0,117721.7,117819.7,304.421
2025-07-15T22:53:00.000000Z,117819.7,117836.9,117776.8,117776.8,198.811
2025-07-15T22:54:00.000000Z,117776.0,117776.1,117729.2,117758.7,57.187
2025-07-15T22:55:00.000000Z,117758.7,117835.0,117758.7,117829.9,89.103
2025-07-15T22:56:00.000000Z,117830.0,117830.0,117798.3,117798.3,48.195
2025-07-15T22:57:00.000000Z,117798.3,117798.4,117778.2,117778.3,32.844
2025-07-15T22:58:00.000000Z,117778.3,117816.0,117778.3,117798.5,65.722
2025-07-15T22:59:00.000000Z,117798.5,117807.7,117791.0,117807.7,32.366
2025-07-15T23:00:00.000000Z,117807.7,117940.0,117807.6,117902.6,355.093
2025-07-15T23:01:00.000000Z,117902.6,117965.6,117899.8,117930.0,253.403
2025-07-15T23:02:00.000000Z,117930.0,117937.1,117848.2,117870.5,265.79
2025-07-15T23:03:00.000000Z,117870.6,117936.8,117861.5,117888.0,150.634
2025-07-15T23:04:00.000000Z,117888.0,117899.7,117831.0,117889.1,87.04
2025-07-15T23:05:00.000000Z,117889.1,117955.7,117871.9,117926.1,181.787
2025-07-15T23:06:00.000000Z,117926.0,117933.7,117914.8,117933.6,56.014
2025-07-15T23:07:00.000000Z,117933.6,117959.3,117926.4,117926.5,82.635
2025-07-15T23:08:00.000000Z,117926.5,117959.3,117926.4,117928.4,50.655
2025-07-15T23:09:00.000000Z,117928.5,117965.3,117918.4,117927.9,159.929
2025-07-15T23:10:00.000000Z,117928.0,117928.0,117822.3,117897.5,144.738
2025-07-15T23:11:00.000000Z,117897.5,117897.5,117857.1,117877.6,46.614
2025-07-15T23:12:00.000000Z,117877.6,117877.6,117781.0,117795.5,129.729
2025-07-15T23:13:00.000000Z,117795.6,117795.6,117718.0,117776.9,105.64
2025-07-15T23:14:00.000000Z,117777.0,117813.7,117760.2,117812.2,50.922
2025-07-15T23:15:00.000000Z,117812.2,117820.0,117782.0,117789.1,33.183
2025-07-15T23:16:00.000000Z,117789.2,117838.0,117789.1,117838.0,71.433
2025-07-15T23:17:00.000000Z,117838.0,117838.0,117791.2,117792.4,32.764
2025-07-15T23:18:00.000000Z,117792.5,117792.5,117737.4,117754.8,62.036
2025-07-15T23:19:00.000000Z,117754.7,117770.5,117724.7,117770.5,47.791
2025-07-15T23:20:00.000000Z,117770.4,117770.5,117666.4,117666.4,84.585
2025-07-15T23:21:00.000000Z,117666.4,117691.5,117666.4,117667.3,58.3
2025-07-15T23:22:00.000000Z,117667.3,117703.8,117667.3,117703.7,47.633
2025-07-15T23:23:00.000000Z,117703.7,117703.8,117602.3,117602.3,111.502
2025-07-15T23:24:00.000000Z,117602.3,117602.3,117512.9,117583.3,238.692
2025-07-15T23:25:00.000000Z,117583.3,117656.7,117583.3,117629.8,65.399
2025-07-15T23:26:00.000000Z,117629.8,117637.2,117540.3,117558.3,75.678
2025-07-15T23:27:00.000000Z,117558.2,117574.1,117546.9,117574.0,43.292
2025-07-15T23:28:00.000000Z,117574.1,117580.3,117529.4,117529.5,58.55
2025-07-15T23:29:00.000000Z,117529.5,117573.9,117529.5,117573.9,31.311
2025-07-15T23:30:00.000000Z,117573.9,117587.9,117566.2,117566.2,26.602
2025-07-15T23:31:00.000000Z,117566.2,117614.5,117566.2,117583.6,43.122
2025-07-15T23:32:00.000000Z,117583.7,117583.7,117532.1,117566.4,24.978
2025-07-15T23:33:00.000000Z,117566.4,117583.3,117545.2,117560.1,37.654
2025-07-15T23:34:00.000000Z,117560.2,117560.2,117487.9,117495.1,50.162
2025-07-15T23:35:00.000000Z,117495.2,117495.2,117479.1,117488.9,28.751
2025-07-15T23:36:00.000000Z,117489.0,117582.1,117488.9,117576.5,81.188
2025-07-15T23:37:00.000000Z,117576.5,117629.2,117576.4,117601.7,41.954
2025-07-15T23:38:00.000000Z,117601.7,117644.9,117583.1,117583.1,43.591
2025-07-15T23:39:00.000000Z,117583.2,117635.0,117582.1,117622.4,33.509
2025-07-15T23:40:00.000000Z,117622.5,117671.9,117622.5,117646.9,57.1
2025-07-15T23:41:00.000000Z,117647.0,117647.0,117628.4,117644.5,42.776
2025-07-15T23:42:00.000000Z,117644.4,117692.3,117644.4,117692.3,23.347
2025-07-15T23:43:00.000000Z,117692.2,117768.1,117692.2,117768.0,55.502
2025-07-15T23:44:00.000000Z,117768.0,117785.3,117760.3,117785.2,53.674
2025-07-15T23:45:00.000000Z,117785.3,117785.3,117700.0,117700.0,103.581
2025-07-15T23:46:00.000000Z,117700.0,117731.7,117700.0,117725.2,26.696
2025-07-15T23:47:00.000000Z,117725.2,117725.3,117668.8,117691.1,47.49
2025-07-15T23:48:00.000000Z,117691.1,117719.2,117691.0,117719.2,20.151
2025-07-15T23:49:00.000000Z,117719.1,117726.9,117683.5,117683.6,16.308
2025-07-15T23:50:00.000000Z,117683.5,117683.6,117608.4,117635.7,64.826
2025-07-15T23:51:00.000000Z,117635.7,117649.2,117614.5,117635.6,18.566
2025-07-15T23:52:00.000000Z,117635.6,117635.7,117622.9,117630.5,23.902
2025-07-15T23:53:00.000000Z,117630.6,117649.1,117622.9,117634.1,20.585
2025-07-15T23:54:00.000000Z,117634.0,117698.7,117622.2,117698.7,49.893
2025-07-15T23:55:00.000000Z,117698.6,117719.4,117690.1,117696.6,41.205
2025-07-15T23:56:00.000000Z,117696.5,117707.8,117696.5,117696.6,22.179
2025-07-15T23:57:00.000000Z,117696.5,117781.0,117675.5,117781.0,51.462
2025-07-15T23:58:00.000000Z,117781.0,117781.0,117755.8,117755.8,20.237
2025-07-15T23:59:00.000000Z,117755.8,117755.9,117738.5,117738.5,23.2
2025-07-16T00:00:00.000000Z,117738.6,117766.0,117681.8,117681.8,81.029
2025-07-16T00:01:00.000000Z,117681.8,117681.8,117594.9,117606.8,93.982
2025-07-16T00:02:00.000000Z,117606.7,117606.8,117542.7,117544.7,140.145
2025-07-16T00:03:00.000000Z,117544.7,117573.8,117533.7,117567.2,82.378
2025-07-16T00:04:00.000000Z,117567.2,117591.7,117567.1,117591.7,31.242
2025-07-16T00:05:00.000000Z,117591.7,117609.8,117547.3,117547.4,69.087
2025-07-16T00:06:00.000000Z,117547.3,117547.4,117525.0,117525.0,29.988
2025-07-16T00:07:00.000000Z,117525.0,117540.0,117509.3,117539.9,45.752
2025-07-16T00:08:00.000000Z,117539.9,117540.0,117477.0,117504.8,85.877
2025-07-16T00:09:00.000000Z,117504.8,117553.0,117497.2,117497.2,75.344
2025-07-16T00:10:00.000000Z,117497.2,117538.4,117470.3,117470.4,122.988
2025-07-16T00:11:00.000000Z,117470.3,117481.2,117409.4,117465.4,259.665
2025-07-16T00:12:00.000000Z,117465.3,117530.4,117465.3,117523.8,60.849
2025-07-16T00:13:00.000000Z,117523.7,117523.8,117461.2,117461.2,36.463
2025-07-16T00:14:00.000000Z,117461.2,117461.2,117426.5,117432.2,44.955
2025-07-16T00:15:00.000000Z,117432.1,117484.7,117427.0,117444.2,76.352
2025-07-16T00:16:00.000000Z,117444.2,117513.6,117411.6,117513.6,71.056
2025-07-16T00:17:00.000000Z,117513.6,117561.4,117513.6,117561.4,71.108
2025-07-16T00:18:00.000000Z,117561.3,117585.2,117560.7,117583.4,37.493
2025-07-16T00:19:00.000000Z,117583.3,117583.4,117531.4,117531.9,25.587
2025-07-16T00:20:00.000000Z,117531.9,117595.5,117531.9,117595.4,53.228
2025-07-16T00:21:00.000000Z,117595.4,117595.5,117537.3,117537.4,83.98
2025-07-16T00:22:00.000000Z,117537.3,117587.6,117537.3,117587.6,31.636
2025-07-16T00:23:00.000000Z,117587.5,117655.6,117587.5,117655.5,38.908
2025-07-16T00:24:00.000000Z,117655.5,117676.4,117615.7,117620.8,47.335
2025-07-16T00:25:00.000000Z,117620.8,117639.6,117569.5,117569.5,20.366
2025-07-16T00:26:00.000000Z,117569.4,117583.3,117555.5,117583.3,35.466
2025-07-16T00:27:00.000000Z,117583.6,117589.6,117562.2,117571.5,26.953
2025-07-16T00:28:00.000000Z,117571.5,117611.1,117571.5,117572.9,41.814
2025-07-16T00:29:00.000000Z,117572.9,117596.7,117569.1,117573.8,25.915
2025-07-16T00:30:00.000000Z,117573.8,117593.0,117573.8,117592.9,9.001
2025-07-16T00:31:00.000000Z,117592.9,117621.1,117592.9,117621.0,16.862
2025-07-16T00:32:00.000000Z,117621.0,117663.2,117621.0,117660.3,44.89
2025-07-16T00:33:00.000000Z,117660.2,117660.2,117625.6,117655.9,31.845
2025-07-16T00:34:00.000000Z,117655.8,117674.0,117655.8,117668.0,29.302
2025-07-16T00:35:00.000000Z,117668.0,117750.0,117668.0,117742.7,65.633
2025-07-16T00:36:00.000000Z,117742.7,117775.0,117742.7,117774.9,37.492
2025-07-16T00:37:00.000000Z,117774.9,117800.9,117758.1,117758.1,56.591
2025-07-16T00:38:00.000000Z,117758.1,117816.4,117757.8,117816.4,76.803
2025-07-16T00:39:00.000000Z,117816.3,117850.0,117807.6,117845.9,81.487
2025-07-16T00:40:00.000000Z,117845.9,117916.6,117842.2,117871.7,161.499
2025-07-16T00:41:00.000000Z,117871.7,117871.7,117756.5,117756.5,92.273
2025-07-16T00:42:00.000000Z,117756.5,117804.3,117740.6,117786.1,46.3
2025-07-16T00:43:00.000000Z,117786.0,117903.9,117786.0,117879.6,127.081
2025-07-16T00:44:00.000000Z,117879.5,117930.0,117864.4,117915.7,87.136
2025-07-16T00:45:00.000000Z,117915.8,117917.4,117876.9,117896.9,65.998
2025-07-16T00:46:00.000000Z,117896.9,117937.6,117893.4,117912.3,91.788
2025-07-16T00:47:00.000000Z,117912.3,118128.9,117912.3,118056.1,584.243
2025-07-16T00:48:00.000000Z,118056.1,118105.1,117998.6,118101.1,263.255
2025-07-16T00:49:00.000000Z,118101.1,118182.0,118101.0,118122.7,275.068
2025-07-16T00:50:00.000000Z,118122.7,118150.0,118045.0,118149.9,159.242
2025-07-16T00:51:00.000000Z,118150.0,118193.6,118111.6,118159.5,234.407
2025-07-16T00:52:00.000000Z,118159.5,118159.5,118103.5,118109.5,115.539
2025-07-16T00:53:00.000000Z,118109.6,118127.5,118068.8,118092.3,93.808
2025-07-16T00:54:00.000000Z,118092.3,118135.2,118092.2,118116.3,84.66
2025-07-16T00:55:00.000000Z,118116.4,118119.3,118073.1,118098.7,174.105
2025-07-16T00:56:00.000000Z,118098.8,118126.6,118066.9,118073.6,100.357
2025-07-16T00:57:00.000000Z,118073.7,118125.0,118047.3,118124.9,83.281
2025-07-16T00:58:00.000000Z,118125.0,118125.0,118087.0,118102.3,79.763
2025-07-16T00:59:00.000000Z,118102.4,118118.6,118102.3,118114.5,39.507
2025-07-16T01:00:00.000000Z,118114.5,118149.9,118085.0,118103.5,190.302
2025-07-16T01:01:00.000000Z,118103.5,118130.2,118095.4,118130.2,52.417
2025-07-16T01:02:00.000000Z,118130.2,118208.6,118130.1,118204.1,162.259
2025-07-16T01:03:00.000000Z,118204.1,118204.1,118150.5,118156.3,156.428
2025-07-16T01:04:00.000000Z,118156.4,118159.3,118141.8,118150.5,56.832
2025-07-16T01:05:00.000000Z,118150.5,118168.1,118150.4,118165.7,38.255
2025-07-16T01:06:00.000000Z,118165.8,118165.8,118100.0,118100.0,82.36
2025-07-16T01:07:00.000000Z,118100.1,118100.1,118061.0,118094.8,56.308
2025-07-16T01:08:00.000000Z,118094.9,118165.8,118090.5,118108.5,62.493
2025-07-16T01:09:00.000000Z,118108.5,118127.0,117985.4,118055.1,168.879
2025-07-16T01:10:00.000000Z,118055.2,118055.4,117965.7,117971.9,125.49
2025-07-16T01:11:00.000000Z,117971.6,117971.6,117896.5,117933.9,87.2
2025-07-16T01:12:00.000000Z,117934.0,117934.0,117894.0,117894.0,67.511
2025-07-16T01:13:00.000000Z,117894.1,117918.9,117894.0,117918.9,55.588
2025-07-16T01:14:00.000000Z,117918.9,117934.0,117894.0,117894.0,71.691
2025-07-16T01:15:00.000000Z,117894.1,117934.1,117853.0,117853.0,77.385
2025-07-16T01:16:00.000000Z,117853.1,117884.0,117825.2,117884.0,75.932
2025-07-16T01:17:00.000000Z,117884.0,117884.0,117795.5,117795.5,44.27
2025-07-16T01:18:00.000000Z,117795.6,117795.6,117764.1,117795.4,93.497
2025-07-16T01:19:00.000000Z,117795.5,117829.8,117783.3,117829.7,29.867
2025-07-16T01:20:00.000000Z,117829.8,117851.6,117818.0,117824.5,22.872
2025-07-16T01:21:00.000000Z,117824.6,117824.6,117790.1,117804.3,19.685
2025-07-16T01:22:00.000000Z,117804.4,117824.6,117802.1,117802.1,32.756
2025-07-16T01:23:00.000000Z,117802.2,117802.2,117752.0,117752.0,57.207
2025-07-16T01:24:00.000000Z,117752.1,117752.1,117689.9,117692.5,122.931
2025-07-16T01:25:00.000000Z,117692.5,117692.5,117650.0,117673.7,66.548
2025-07-16T01:26:00.000000Z,117673.7,117673.7,117662.4,117672.0,32.251
2025-07-16T01:27:00.000000Z,117672.1,117679.6,117636.9,117638.8,71.832
2025-07-16T01:28:00.000000Z,117638.8,117656.1,117638.7,117648.4,75.771
2025-07-16T01:29:00.000000Z,117648.5,117664.6,117648.4,117664.6,49.21
2025-07-16T01:30:00.000000Z,117664.6,117717.4,117650.0,117650.1,47.11
2025-07-16T01:31:00.000000Z,117650.1,117650.1,117575.2,117584.7,85.257
2025-07-16T01:32:00.000000Z,117584.7,117686.4,117575.9,117686.4,53.2
2025-07-16T01:33:00.000000Z,117686.4,117799.8,117686.3,117784.9,161.987
2025-07-16T01:34:00.000000Z,117784.9,117785.0,117704.4,117704.6,43.902
2025-07-16T01:35:00.000000Z,117704.6,117712.7,117669.9,117670.0,35.172
2025-07-16T01:36:00.000000Z,117670.0,117675.7,117588.7,117672.4,80.353
2025-07-16T01:37:00.000000Z,117672.5,117685.0,117624.1,117677.7,74.312
2025-07-16T01:38:00.000000Z,117677.8,117728.3,117650.1,117728.3,50.155
2025-07-16T01:39:00.000000Z,117728.3,117768.6,117728.3,117734.5,72.787
2025-07-16T01:40:00.000000Z,117734.6,117741.5,117702.7,117739.6,53.306
2025-07-16T01:41:00.000000Z,117739.7,117739.7,117660.0,117660.0,17.772
2025-07-16T01:42:00.000000Z,117660.1,117663.1,117611.7,117620.1,20.319
2025-07-16T01:43:00.000000Z,117620.2,117737.1,117620.1,117699.1,77.682
2025-07-16T01:44:00.000000Z,117699.1,117705.2,117658.9,117658.9,18.802
2025-07-16T01:45:00.000000Z,117659.0,117689.4,117622.8,117623.0,36.269
2025-07-16T01:46:00.000000Z,117623.0,117661.2,117622.9,117654.3,36.724
2025-07-16T01:47:00.000000Z,117654.2,117668.3,117622.1,117622.1,31.469
2025-07-16T01:48:00.000000Z,117622.2,117622.2,117603.2,117603.4,18.407
2025-07-16T01:49:00.000000Z,117603.4,117655.8,117603.3,117655.8,16.281
2025-07-16T01:50:00.000000Z,117655.7,117678.4,117644.4,117666.4,25.085
2025-07-16T01:51:00.000000Z,117666.3,117679.5,117644.5,117679.5,20.886
2025-07-16T01:52:00.000000Z,117679.4,117679.5,117603.3,117608.8,30.039
2025-07-16T01:53:00.000000Z,117608.7,117666.0,117603.2,117666.0,70.076
2025-07-16T01:54:00.000000Z,117665.9,117666.0,117646.0,117666.0,97.983
2025-07-16T01:55:00.000000Z,117665.9,117669.1,117613.2,117629.8,45.768
2025-07-16T01:56:00.000000Z,117629.7,117735.5,117616.0,117735.5,45.879
2025-07-16T01:57:00.000000Z,117735.5,117785.0,117733.3,117784.9,61.986
2025-07-16T01:58:00.000000Z,117784.9,117799.5,117699.8,117731.9,99.828
2025-07-16T01:59:00.000000Z,117731.9,117738.2,117711.1,117726.7,15.697
2025-07-16T02:00:00.000000Z,117726.7,117768.9,117695.0,117721.6,79.181
2025-07-16T02:01:00.000000Z,117721.6,117721.7,117665.2,117665.2,20.263
2025-07-16T02:02:00.000000Z,117665.2,117707.6,117665.2,117672.7,19.34
2025-07-16T02:03:00.000000Z,117672.6,117681.0,117591.0,117598.3,38.387
2025-07-16T02:04:00.000000Z,117598.3,117604.8,117430.4,117441.1,190.676
2025-07-16T02:05:00.000000Z,117441.1,117500.0,117420.9,117491.7,149.42
2025-07-16T02:06:00.000000Z,117491.7,117492.0,117433.0,117480.1,79.423
2025-07-16T02:07:00.000000Z,117480.1,117574.6,117480.1,117556.8,139.897
2025-07-16T02:08:00.000000Z,117556.7,117556.8,117494.3,117500.0,36.585
2025-07-16T02:09:00.000000Z,117500.0,117500.3,117475.0,117475.0,22.876
2025-07-16T02:10:00.000000Z,117475.0,117477.0,117464.5,117477.0,40.851
2025-07-16T02:11:00.000000Z,117476.9,117527.2,117474.4,117513.3,41.002
2025-07-16T02:12:00.000000Z,117513.3,117527.1,117474.5,117474.5,14.952
2025-07-16T02:13:00.000000Z,117474.4,117504.9,117474.4,117504.1,20.197
2025-07-16T02:14:00.000000Z,117504.1,117529.2,117504.1,117520.3,20.719
2025-07-16T02:15:00.000000Z,117520.2,117556.7,117483.3,117511.3,58.709
2025-07-16T02:16:00.000000Z,117511.3,117528.9,117460.0,117460.8,49.746
2025-07-16T02:17:00.000000Z,117460.8,117482.7,117401.0,117413.0,184.3
2025-07-16T02:18:00.000000Z,117412.9,117450.0,117379.7,117379.8,137.34
2025-07-16T02:19:00.000000Z,117379.7,117393.1,117242.6,117256.2,481.714
2025-07-16T02:20:00.000000Z,117256.2,117394.7,117250.2,117349.1,192.487
2025-07-16T02:21:00.000000Z,117349.0,117387.1,117349.0,117378.0,55.752
2025-07-16T02:22:00.000000Z,117377.9,117388.4,117257.1,117286.9,139.656
2025-07-16T02:23:00.000000Z,117286.8,117357.7,117286.8,117333.9,132.104
2025-07-16T02:24:00.000000Z,117333.9,117356.9,117259.7,117259.8,56.296
2025-07-16T02:25:00.000000Z,117259.7,117305.2,117256.3,117305.2,92.173
2025-07-16T02:26:00.000000Z,117305.1,117340.0,117292.0,117340.0,123.326
2025-07-16T02:27:00.000000Z,117339.9,117380.0,117339.9,117380.0,57.907
2025-07-16T02:28:00.000000Z,117380.2,117384.9,117358.0,117358.2,46.641
2025-07-16T02:29:00.000000Z,117358.1,117382.5,117358.1,117368.7,33.185
2025-07-16T02:30:00.000000Z,117368.6,117375.3,117311.7,117327.4,90.091
2025-07-16T02:31:00.000000Z,117327.3,117382.5,117327.3,117342.4,26.09
2025-07-16T02:32:00.000000Z,117342.4,117351.0,117295.9,117316.0,67.501
2025-07-16T02:33:00.000000Z,117316.0,117316.1,117164.0,117191.9,206.979
2025-07-16T02:34:00.000000Z,117191.9,117220.7,117150.0,117155.1,118.355
2025-07-16T02:35:00.000000Z,117155.1,117183.4,117147.0,117159.5,87.829
2025-07-16T02:36:00.000000Z,117159.4,117159.4,117017.1,117055.9,454.585
2025-07-16T02:37:00.000000Z,117055.8,117127.8,117055.8,117100.0,115.41
2025-07-16T02:38:00.000000Z,117100.0,117213.0,117060.8,117207.7,87.999
2025-07-16T02:39:00.000000Z,117207.6,117213.0,117169.1,117202.2,88.722
2025-07-16T02:40:00.000000Z,117202.2,117259.0,117160.7,117163.7,168.848
2025-07-16T02:41:00.000000Z,117163.7,117181.2,117090.8,117090.8,33.35
2025-07-16T02:42:00.000000Z,117090.8,117123.4,117079.0,117123.3,52.779
2025-07-16T02:43:00.000000Z,117123.3,117170.7,117123.3,117139.8,157.032
2025-07-16T02:44:00.000000Z,117139.8,117139.9,117111.8,117124.2,34.997
2025-07-16T02:45:00.000000Z,117124.2,117163.1,117119.6,117163.1,74.527
2025-07-16T02:46:00.000000Z,117163.0,117205.9,117147.2,117147.3,46.47
2025-07-16T02:47:00.000000Z,117147.2,117184.5,117147.2,117179.3,34.627
2025-07-16T02:48:00.000000Z,117179.2,117210.7,117179.2,117195.6,41.111
2025-07-16T02:49:00.000000Z,117195.5,117214.6,117187.9,117214.6,36.535
2025-07-16T02:50:00.000000Z,117214.5,117262.7,117214.5,117243.1,47.51
2025-07-16T02:51:00.000000Z,117243.0,117298.0,117243.0,117298.0,66.206
2025-07-16T02:52:00.000000Z,117297.9,117341.2,117297.9,117310.0,66.039
2025-07-16T02:53:00.000000Z,117310.0,117310.1,117256.1,117259.9,74.589
2025-07-16T02:54:00.000000Z,117259.8,117275.7,117254.0,117268.5,36.592
2025-07-16T02:55:00.000000Z,117268.5,117285.2,117260.2,117272.3,21.929
2025-07-16T02:56:00.000000Z,117272.0,117278.0,117250.0,117267.7,25.479
2025-07-16T02:57:00.000000Z,117267.6,117282.0,117235.4,117282.0,33.527
2025-07-16T02:58:00.000000Z,117281.9,117293.5,117276.2,117282.1,39.142
2025-07-16T02:59:00.000000Z,117282.0,117340.1,117282.0,117335.1,41.106
2025-07-16T03:00:00.000000Z,117335.0,117434.5,117318.4,117416.9,115.287
2025-07-16T03:01:00.000000Z,117418.1,117475.6,117394.9,117475.6,66.703
2025-07-16T03:02:00.000000Z,117475.5,117516.1,117475.5,117480.5,105.572
2025-07-16T03:03:00.000000Z,117480.4,117480.5,117426.5,117426.5,57.455
2025-07-16T03:04:00.000000Z,117426.5,117437.7,117426.5,117427.7,27.147
2025-07-16T03:05:00.000000Z,117427.6,117471.6,117427.6,117471.5,37.24
2025-07-16T03:06:00.000000Z,117471.5,117471.6,117457.8,117471.6,32.403
2025-07-16T03:07:00.000000Z,117471.5,117478.2,117461.5,117461.6,57.877
2025-07-16T03:08:00.000000Z,117461.5,117461.6,117432.8,117432.9,27.98
2025-07-16T03:09:00.000000Z,117432.8,117432.9,117321.5,117321.5,83.804
2025-07-16T03:10:00.000000Z,117322.6,117365.1,117304.2,117365.1,45.872
2025-07-16T03:11:00.000000Z,117365.0,117365.1,117312.1,117335.6,28.618
2025-07-16T03:12:00.000000Z,117335.5,117335.6,117243.8,117243.8,72.048
2025-07-16T03:13:00.000000Z,117243.8,117257.6,117223.7,117234.4,66.694
2025-07-16T03:14:00.000000Z,117234.4,117253.6,117234.4,117253.6,20.606
2025-07-16T03:15:00.000000Z,117253.5,117335.9,117253.5,117335.9,33.416
2025-07-16T03:16:00.000000Z,117335.8,117363.4,117335.8,117354.7,35.54
2025-07-16T03:17:00.000000Z,117354.6,117384.6,117327.7,117384.6,31.503
2025-07-16T03:18:00.000000Z,117384.5,117417.6,117384.5,117417.5,24.051
2025-07-16T03:19:00.000000Z,117417.5,117496.9,117417.5,117496.9,74.356
2025-07-16T03:20:00.000000Z,117496.8,117534.6,117461.6,117461.6,139.083
2025-07-16T03:21:00.000000Z,117461.6,117473.7,117387.2,117390.1,97.759
2025-07-16T03:22:00.000000Z,117390.1,117456.4,117388.2,117456.3,30.065
2025-07-16T03:23:00.000000Z,117456.3,117456.4,117408.0,117420.1,39.274
2025-07-16T03:24:00.000000Z,117420.0,117427.3,117408.1,117427.2,10.48
2025-07-16T03:25:00.000000Z,117427.2,117427.3,117386.6,117386.6,23.852
2025-07-16T03:26:00.000000Z,117386.6,117386.6,117314.2,117314.2,24.918
2025-07-16T03:27:00.000000Z,117314.2,117341.3,117284.4,117341.2,54.045
2025-07-16T03:28:00.000000Z,117341.2,117403.8,117341.2,117403.8,49.535
2025-07-16T03:29:00.000000Z,117403.7,117414.2,117370.9,117370.9,42.634
2025-07-16T03:30:00.000000Z,117370.8,117420.2,117358.3,117402.2,18.241
2025-07-16T03:31:00.000000Z,117402.2,117461.5,117402.2,117436.6,32.641
2025-07-16T03:32:00.000000Z,117436.6,117461.5,117436.6,117442.7,19.92
2025-07-16T03:33:00.000000Z,117442.6,117487.3,117442.6,117487.2,24.353
2025-07-16T03:34:00.000000Z,117487.1,117487.2,117407.2,117407.2,71.487
2025-07-16T03:35:00.000000Z,117407.2,117440.0,117403.6,117438.9,86.75
2025-07-16T03:36:00.000000Z,117438.8,117474.2,117425.3,117445.0,90.725
2025-07-16T03:37:00.000000Z,117444.9,117461.4,117401.7,117433.8,70.349
2025-07-16T03:38:00.000000Z,117433.7,117457.0,117433.7,117457.0,17.071
2025-07-16T03:39:00.000000Z,117456.9,117457.0,117443.7,117443.7,26.466
2025-07-16T03:40:00.000000Z,117443.7,117452.6,117443.7,117443.7,33.508
2025-07-16T03:41:00.000000Z,117443.7,117465.2,117443.7,117465.1,29.34
2025-07-16T03:42:00.000000Z,117465.0,117465.1,117443.0,117456.1,18.622
2025-07-16T03:43:00.000000Z,117456.0,117465.3,117456.0,117465.3,14.764
2025-07-16T03:44:00.000000Z,117465.3,117482.7,117465.2,117470.0,38.394
2025-07-16T03:45:00.000000Z,117469.9,117482.6,117441.5,117441.5,50.993
2025-07-16T03:46:00.000000Z,117441.6,117441.6,117424.2,117424.2,23.192
2025-07-16T03:47:00.000000Z,117424.3,117429.6,117387.8,117387.8,39.991
2025-07-16T03:48:00.000000Z,117387.8,117432.9,117382.6,117423.2,15.998
2025-07-16T03:49:00.000000Z,117423.1,117423.2,117423.1,117423.2,4.706
2025-07-16T03:50:00.000000Z,117423.1,117456.4,117423.1,117441.5,19.144
2025-07-16T03:51:00.000000Z,117441.5,117441.6,117407.3,117435.5,33.38
2025-07-16T03:52:00.000000Z,117435.5,117460.0,117435.5,117456.5,15.592
2025-07-16T03:53:00.000000Z,117456.4,117482.0,117448.8,117481.8,14.393
2025-07-16T03:54:00.000000Z,117481.9,117518.4,117474.9,117474.9,58.042
2025-07-16T03:55:00.000000Z,117474.3,117474.3,117443.9,117470.8,26.475
2025-07-16T03:56:00.000000Z,117470.8,117505.3,117451.2,117490.5,38.187
2025-07-16T03:57:00.000000Z,117490.4,117490.5,117440.6,117465.8,36.993
2025-07-16T03:58:00.000000Z,117465.8,117499.3,117465.7,117493.3,12.028
2025-07-16T03:59:00.000000Z,117493.2,117494.7,117474.2,117477.6,30.615
2025-07-16T04:00:00.000000Z,117477.7,117482.5,117477.6,117482.5,9.581
2025-07-16T04:01:00.000000Z,117482.5,117493.8,117466.3,117474.8,32.303
2025-07-16T04:02:00.000000Z,117474.8,117474.9,117432.0,117432.1,24.031
2025-07-16T04:03:00.000000Z,117432.2,117449.3,117404.6,117449.3,34.98
2025-07-16T04:04:00.000000Z,117449.2,117498.4,117449.2,117474.3,30.435
2025-07-16T04:05:00.000000Z,117474.3,117474.4,117454.7,117465.7,15.568
2025-07-16T04:06:00.000000Z,117465.8,117504.4,117430.7,117483.7,149.495
2025-07-16T04:07:00.000000Z,117483.6,117497.2,117483.6,117497.1,12.922
2025-07-16T04:08:00.000000Z,117497.0,117507.6,117433.5,117433.5,36.589
2025-07-16T04:09:00.000000Z,117433.6,117474.4,117409.0,117415.9,53.238
2025-07-16T04:10:00.000000Z,117415.9,117429.7,117321.3,117338.5,64.049
2025-07-16T04:11:00.000000Z,117338.5,117346.6,117287.7,117310.4,119.785
2025-07-16T04:12:00.000000Z,117310.5,117310.5,117268.5,117302.8,48.538
2025-07-16T04:13:00.000000Z,117302.9,117309.0,117287.7,117287.7,15.15
2025-07-16T04:14:00.000000Z,117287.8,117287.8,117252.2,117275.8,59.564
2025-07-16T04:15:00.000000Z,117275.9,117321.6,117269.2,117290.8,92.224
2025-07-16T04:16:00.000000Z,117290.8,117298.6,117281.1,117298.5,40.093
2025-07-16T04:17:00.000000Z,117298.5,117298.6,117282.9,117289.3,28.703
2025-07-16T04:18:00.000000Z,117289.2,117369.3,117289.2,117369.3,23.338
2025-07-16T04:19:00.000000Z,117369.2,117397.2,117321.2,117328.9,42.517
2025-07-16T04:20:00.000000Z,117328.9,117338.3,117327.3,117327.3,19.171
2025-07-16T04:21:00.000000Z,117327.4,117380.0,117327.3,117380.0,24.825
2025-07-16T04:22:00.000000Z,117379.9,117457.4,117379.9,117457.3,21.759
2025-07-16T04:23:00.000000Z,117457.3,117488.9,117422.0,117430.7,133.913
2025-07-16T04:24:00.000000Z,117430.8,117443.5,117402.7,117434.2,34.185
2025-07-16T04:25:00.000000Z,117434.2,117450.2,117434.1,117450.1,15.821
2025-07-16T04:26:00.000000Z,117450.1,117524.3,117450.1,117524.3,23.78
2025-07-16T04:27:00.000000Z,117524.2,117524.3,117474.9,117494.6,13.934
2025-07-16T04:28:00.000000Z,117494.6,117524.2,117494.6,117524.2,28.95
2025-07-16T04:29:00.000000Z,117524.2,117528.5,117524.2,117528.3,13.889
2025-07-16T04:30:00.000000Z,117528.3,117528.4,117470.1,117470.1,48.605
2025-07-16T04:31:00.000000Z,117470.2,117599.9,117470.1,117599.9,59.638
2025-07-16T04:32:00.000000Z,117599.9,117615.3,117542.6,117581.4,139.323
2025-07-16T04:33:00.000000Z,117581.5,117678.0,117581.4,117620.6,184.035
2025-07-16T04:34:00.000000Z,117620.5,117620.6,117595.0,117615.3,44.128
2025-07-16T04:35:00.000000Z,117615.3,117615.3,117595.0,117595.0,17.331
2025-07-16T04:36:00.000000Z,117595.0,117609.9,117589.7,117594.3,27.527
2025-07-16T04:37:00.000000Z,117594.2,117699.9,117594.2,117680.8,80.752
2025-07-16T04:38:00.000000Z,117680.5,117690.0,117606.3,117638.2,71.429
2025-07-16T04:39:00.000000Z,117638.2,117638.2,117600.4,117600.4,19.591
2025-07-16T04:40:00.000000Z,117600.1,117616.2,117600.0,117616.2,19.599
2025-07-16T04:41:00.000000Z,117616.2,117660.1,117616.1,117653.4,23.988
2025-07-16T04:42:00.000000Z,117653.5,117659.5,117611.0,117611.0,26.745
2025-07-16T04:43:00.000000Z,117611.1,117611.1,117578.6,117578.6,17.616
2025-07-16T04:44:00.000000Z,117578.7,117578.7,117551.3,117551.3,19.873
2025-07-16T04:45:00.000000Z,117551.4,117560.3,117550.4,117559.9,36.517
2025-07-16T04:46:00.000000Z,117560.0,117632.0,117559.9,117632.0,24.545
2025-07-16T04:47:00.000000Z,117632.0,117641.1,117592.1,117592.1,21.029
2025-07-16T04:48:00.000000Z,117592.2,117592.2,117559.8,117559.9,14.613
2025-07-16T04:49:00.000000Z,117560.0,117560.0,117550.0,117550.0,12.419
2025-07-16T04:50:00.000000Z,117550.1,117550.1,117507.3,117507.4,25.401
2025-07-16T04:51:00.000000Z,117507.4,117557.6,117507.3,117554.3,35.299
2025-07-16T04:52:00.000000Z,117554.3,117554.3,117534.5,117547.1,16.091
2025-07-16T04:53:00.000000Z,117547.2,117559.9,117539.4,117559.9,32.564
2025-07-16T04:54:00.000000Z,117559.9,117563.4,117558.9,117558.9,13.24
2025-07-16T04:55:00.000000Z,117559.0,117594.3,117558.9,117586.8,41.674
2025-07-16T04:56:00.000000Z,117586.9,117586.9,117554.7,117554.7,30.026
2025-07-16T04:57:00.000000Z,117554.4,117586.9,117551.6,117586.9,16.036
2025-07-16T04:58:00.000000Z,117586.9,117622.7,117586.8,117610.0,31.571
2025-07-16T04:59:00.000000Z,117610.1,117614.4,117599.6,117601.5,26.621
2025-07-16T05:00:00.000000Z,117601.5,117683.2,117601.5,117669.0,121.351
2025-07-16T05:01:00.000000Z,117669.1,117698.1,117659.9,117692.2,42.369
2025-07-16T05:02:00.000000Z,117692.3,117692.3,117673.9,117674.4,57.856
2025-07-16T05:03:00.000000Z,117674.4,117800.0,117634.6,117758.0,268.993
2025-07-16T05:04:00.000000Z,117758.1,117899.0,117716.7,117848.8,488.375
2025-07-16T05:05:00.000000Z,117848.8,117848.8,117788.7,117813.3,361.669
2025-07-16T05:06:00.000000Z,117813.3,117841.1,117806.2,117822.9,90.291
2025-07-16T05:07:00.000000Z,117822.9,117867.7,117822.8,117856.3,175.468
2025-07-16T05:08:00.000000Z,117856.4,117900.0,117831.4,117900.0,133.481
2025-07-16T05:09:00.000000Z,117900.0,117923.0,117856.0,117902.8,180.57
2025-07-16T05:10:00.000000Z,117902.9,118000.0,117866.8,117999.3,254.202
2025-07-16T05:11:00.000000Z,117999.2,118017.3,117953.0,118002.3,235.254
2025-07-16T05:12:00.000000Z,118002.3,118020.0,117988.2,117988.2,134.222
2025-07-16T05:13:00.000000Z,117988.3,118004.8,117937.0,118000.0,143.723
2025-07-16T05:14:00.000000Z,118000.0,118000.1,117972.8,117980.8,70.186
2025-07-16T05:15:00.000000Z,117980.9,117989.6,117971.7,117971.7,59.023
2025-07-16T05:16:00.000000Z,117971.8,117978.8,117952.0,117957.8,81.547
2025-07-16T05:17:00.000000Z,117957.8,117957.8,117916.7,117949.9,60.161
2025-07-16T05:18:00.000000Z,117950.0,117973.1,117938.3,117962.6,60.163
2025-07-16T05:19:00.000000Z,117962.7,117984.8,117945.4,117970.4,49.185
2025-07-16T05:20:00.000000Z,117970.4,117970.4,117963.6,117963.7,32.875
2025-07-16T05:21:00.000000Z,117963.7,118000.0,117952.2,117991.8,54.967
2025-07-16T05:22:00.000000Z,117991.9,118000.0,117883.3,117883.3,106.447
2025-07-16T05:23:00.000000Z,117883.3,117884.5,117860.4,117860.7,76.353
2025-07-16T05:24:00.000000Z,117860.7,117875.7,117821.5,117845.5,112.161
2025-07-16T05:25:00.000000Z,117845.5,117865.2,117828.6,117865.2,58.241
2025-07-16T05:26:00.000000Z,117865.2,117865.2,117816.0,117816.0,23.53
2025-07-16T05:27:00.000000Z,117816.1,117838.7,117726.1,117834.7,271.324
2025-07-16T05:28:00.000000Z,117834.8,117843.5,117829.0,117836.8,17.063
2025-07-16T05:29:00.000000Z,117837.0,117860.5,117836.9,117842.3,22.152
2025-07-16T05:30:00.000000Z,117842.3,117888.0,117833.2,117887.2,44.234
2025-07-16T05:31:00.000000Z,117887.3,117887.3,117849.8,117857.2,22.703
2025-07-16T05:32:00.000000Z,117857.2,117923.0,117857.1,117923.0,32.059
2025-07-16T05:33:00.000000Z,117923.0,117953.9,117917.3,117927.4,36.127
2025-07-16T05:34:00.000000Z,117927.4,117942.1,117910.2,117942.1,33.109
2025-07-16T05:35:00.000000Z,117942.1,117965.4,117942.0,117942.8,43.309
2025-07-16T05:36:00.000000Z,117942.8,118000.0,117942.7,118000.0,144.464
2025-07-16T05:37:00.000000Z,118000.0,118000.0,117977.9,117978.0,28.71
2025-07-16T05:38:00.000000Z,117978.0,117978.0,117974.9,117974.9,20.787
2025-07-16T05:39:00.000000Z,117974.8,117974.8,117934.3,117934.3,30.63
2025-07-16T05:40:00.000000Z,117934.4,117951.3,117888.7,117946.4,57.818
2025-07-16T05:41:00.000000Z,117946.4,117946.4,117946.3,117946.4,13.169
2025-07-16T05:42:00.000000Z,117946.4,117980.7,117946.3,117980.6,34.522
2025-07-16T05:43:00.000000Z,117980.7,117980.7,117946.3,117955.2,37.185
2025-07-16T05:44:00.000000Z,117955.3,117968.1,117952.8,117954.6,21.234
2025-07-16T05:45:00.000000Z,117954.6,117958.1,117954.5,117958.1,22.929
2025-07-16T05:46:00.000000Z,117958.2,117990.4,117958.2,117981.5,35.926
2025-07-16T05:47:00.000000Z,117981.6,117989.8,117927.5,117927.5,67.351
2025-07-16T05:48:00.000000Z,117927.5,117942.8,117846.1,117850.9,89.835
2025-07-16T05:49:00.000000Z,117850.9,117855.4,117813.9,117813.9,29.122
2025-07-16T05:50:00.000000Z,117814.0,117856.8,117813.9,117856.7,39.076
2025-07-16T05:51:00.000000Z,117856.8,117856.8,117836.8,117838.0,42.572
2025-07-16T05:52:00.000000Z,117838.0,117858.9,117838.0,117858.8,13.762
2025-07-16T05:53:00.000000Z,117858.9,117874.7,117813.4,117813.5,54.42
2025-07-16T05:54:00.000000Z,117813.5,117813.5,117761.7,117795.2,68.696
2025-07-16T05:55:00.000000Z,117795.3,117859.9,117795.2,117859.8,15.231
2025-07-16T05:56:00.000000Z,117859.9,117900.0,117859.8,117899.9,12.286
2025-07-16T05:57:00.000000Z,117900.0,117900.0,117821.6,117834.8,35.389
2025-07-16T05:58:00.000000Z,117834.9,117876.9,117834.9,117876.9,16.283
2025-07-16T05:59:00.000000Z,117876.9,117876.9,117847.3,117858.5,28.025
2025-07-16T06:00:00.000000Z,117858.5,117910.2,117858.4,117883.6,70.818
2025-07-16T06:01:00.000000Z,117883.6,117883.6,117823.4,117823.4,22.717
2025-07-16T06:02:00.000000Z,117823.5,117823.5,117769.2,117791.2,36.945
2025-07-16T06:03:00.000000Z,117791.2,117845.1,117791.1,117831.7,33.857
2025-07-16T06:04:00.000000Z,117831.8,117867.9,117831.6,117867.9,47.082
2025-07-16T06:05:00.000000Z,117867.9,117889.2,117850.1,117850.2,25.086
2025-07-16T06:06:00.000000Z,117850.2,117850.2,117811.8,117829.4,50.232
2025-07-16T06:07:00.000000Z,117829.5,117829.5,117760.0,117795.6,45.957
2025-07-16T06:08:00.000000Z,117795.7,117800.0,117779.5,117785.9,29.311
2025-07-16T06:09:00.000000Z,117785.9,117822.6,117785.8,117808.9,41.126
2025-07-16T06:10:00.000000Z,117808.9,117829.5,117807.7,117829.5,30.95
2025-07-16T06:11:00.000000Z,117829.5,117871.8,117829.4,117871.8,21.368
2025-07-16T06:12:00.000000Z,117871.8,117871.8,117813.0,117833.1,34.016
2025-07-16T06:13:00.000000Z,117833.2,117843.0,117785.9,117785.9,46.494
2025-07-16T06:14:00.000000Z,117786.0,117786.0,117737.5,117743.4,48.0
2025-07-16T06:15:00.000000Z,117743.4,117789.9,117743.3,117789.9,34.912
2025-07-16T06:16:00.000000Z,117789.9,117794.3,117753.1,117794.3,19.76
2025-07-16T06:17:00.000000Z,117794.3,117819.8,117794.2,117803.3,41.115
2025-07-16T06:18:00.000000Z,117803.3,117841.5,117794.7,117837.7,33.941
2025-07-16T06:19:00.000000Z,117837.7,117900.1,117837.6,117900.0,25.11
2025-07-16T06:20:00.000000Z,117900.1,117963.7,117900.0,117963.7,61.963
2025-07-16T06:21:00.000000Z,117963.7,117965.6,117907.4,117929.8,53.172
2025-07-16T06:22:00.000000Z,117929.8,117985.0,117929.7,117981.7,28.835
2025-07-16T06:23:00.000000Z,117981.7,118014.6,117981.6,117996.6,110.447
2025-07-16T06:24:00.000000Z,117996.5,118071.9,117996.5,118065.3,80.898
2025-07-16T06:25:00.000000Z,118065.3,118074.0,117980.0,117984.7,95.02
2025-07-16T06:26:00.000000Z,117984.8,118027.9,117984.7,118012.6,30.04
2025-07-16T06:27:00.000000Z,118012.7,118012.7,117940.4,117964.9,62.256
2025-07-16T06:28:00.000000Z,117965.0,118056.3,117964.9,118049.9,85.541
2025-07-16T06:29:00.000000Z,118049.9,118049.9,118007.7,118049.7,24.223
2025-07-16T06:30:00.000000Z,118049.8,118049.8,117988.6,117988.6,20.747
2025-07-16T06:31:00.000000Z,117988.6,118021.2,117976.9,118021.2,48.084
2025-07-16T06:32:00.000000Z,118021.2,118088.5,118021.1,118088.5,81.129
2025-07-16T06:33:00.000000Z,118088.5,118098.2,118088.4,118092.1,50.701
2025-07-16T06:34:00.000000Z,118092.1,118100.0,118072.0,118100.0,79.394
2025-07-16T06:35:00.000000Z,118100.0,118172.5,118099.9,118139.5,226.528
2025-07-16T06:36:00.000000Z,118139.6,118169.9,118139.5,118169.9,89.721
2025-07-16T06:37:00.000000Z,118169.9,118174.3,118150.8,118170.4,55.635
2025-07-16T06:38:00.000000Z,118170.4,118215.1,118160.9,118161.0,169.553
2025-07-16T06:39:00.000000Z,118161.0,118204.0,118160.9,118200.1,37.633
2025-07-16T06:40:00.000000Z,118200.1,118242.7,118199.5,118232.0,131.427
2025-07-16T06:41:00.000000Z,118232.0,118282.7,118217.9,118250.0,190.458
2025-07-16T06:42:00.000000Z,118250.1,118250.1,118221.6,118236.7,60.572
2025-07-16T06:43:00.000000Z,118236.8,118259.9,118236.7,118259.8,43.609
2025-07-16T06:44:00.000000Z,118259.9,118259.9,118252.8,118252.8,26.943
2025-07-16T06:45:00.000000Z,118252.9,118252.9,118228.9,118233.6,79.854
2025-07-16T06:46:00.000000Z,118233.7,118233.7,118193.2,118203.6,57.663
2025-07-16T06:47:00.000000Z,118203.6,118243.0,118203.5,118242.9,51.468
2025-07-16T06:48:00.000000Z,118242.9,118250.0,118217.6,118233.9,38.352
2025-07-16T06:49:00.000000Z,118233.9,118233.9,118215.2,118215.2,27.788
2025-07-16T06:50:00.000000Z,118215.3,118215.3,118204.8,118204.8,45.236
2025-07-16T06:51:00.000000Z,118204.8,118226.1,118204.8,118226.1,25.613
2025-07-16T06:52:00.000000Z,118226.0,118255.9,118226.0,118255.8,31.528
2025-07-16T06:53:00.000000Z,118255.9,118259.9,118237.8,118237.8,62.977
2025-07-16T06:54:00.000000Z,118237.7,118237.7,118232.8,118232.9,24.225
2025-07-16T06:55:00.000000Z,118232.9,118250.0,118210.5,118250.0,26.376
2025-07-16T06:56:00.000000Z,118250.0,118259.8,118245.5,118251.7,75.552
2025-07-16T06:57:00.000000Z,118251.8,118277.5,118251.4,118267.7,41.812
2025-07-16T06:58:00.000000Z,118267.6,118272.6,118255.0,118255.0,50.68
2025-07-16T06:59:00.000000Z,118255.1,118260.8,118255.0,118260.8,21.662
2025-07-16T07:00:00.000000Z,118260.8,118270.0,118238.9,118259.5,111.824
2025-07-16T07:01:00.000000Z,118259.4,118281.8,118259.4,118260.5,141.392
2025-07-16T07:02:00.000000Z,118260.4,118279.5,118260.4,118260.4,54.871
2025-07-16T07:03:00.000000Z,118260.5,118267.4,118250.0,118267.3,36.6
2025-07-16T07:04:00.000000Z,118267.3,118272.1,118251.4,118251.4,37.715
2025-07-16T07:05:00.000000Z,118251.5,118251.5,118205.1,118216.9,70.577
2025-07-16T07:06:00.000000Z,118216.9,118216.9,118120.7,118129.9,146.525
2025-07-16T07:07:00.000000Z,118130.0,118140.9,118120.6,118123.7,64.919
2025-07-16T07:08:00.000000Z,118123.7,118132.5,118077.5,118077.6,125.013
2025-07-16T07:09:00.000000Z,118077.5,118124.0,118077.5,118123.9,87.733
2025-07-16T07:10:00.000000Z,118123.9,118124.0,118071.2,118071.7,53.378
2025-07-16T07:11:00.000000Z,118071.7,118071.7,118035.8,118062.0,70.108
2025-07-16T07:12:00.000000Z,118062.1,118062.1,118033.9,118035.3,38.083
2025-07-16T07:13:00.000000Z,118035.4,118064.9,118035.3,118044.4,60.433
2025-07-16T07:14:00.000000Z,118044.4,118060.0,118044.3,118057.7,38.877
2025-07-16T07:15:00.000000Z,118057.7,118059.0,118017.2,118058.6,74.11
2025-07-16T07:16:00.000000Z,118058.6,118090.0,118058.5,118090.0,37.646
2025-07-16T07:17:00.000000Z,118090.1,118111.8,118090.1,118111.7,42.022
2025-07-16T07:18:00.000000Z,118111.7,118111.8,118110.0,118110.0,20.464
2025-07-16T07:19:00.000000Z,118110.0,118157.6,118110.0,118157.6,101.021
2025-07-16T07:20:00.000000Z,118157.6,118248.2,118157.5,118237.3,254.415
2025-07-16T07:21:00.000000Z,118237.3,118265.7,118237.2,118250.8,138.667
2025-07-16T07:22:00.000000Z,118250.7,118257.1,118201.9,118226.4,97.277
2025-07-16T07:23:00.000000Z,118226.5,118241.7,118226.0,118226.1,28.635
2025-07-16T07:24:00.000000Z,118226.0,118226.1,118179.7,118179.7,38.392
2025-07-16T07:25:00.000000Z,118179.8,118179.8,118168.6,118177.4,58.775
2025-07-16T07:26:00.000000Z,118177.3,118234.9,118177.3,118228.7,35.918
2025-07-16T07:27:00.000000Z,118228.7,118228.8,118201.4,118223.0,29.573
2025-07-16T07:28:00.000000Z,118223.0,118228.5,118222.9,118228.4,12.538
2025-07-16T07:29:00.000000Z,118228.5,118236.0,118228.4,118236.0,29.764
2025-07-16T07:30:00.000000Z,118235.9,118241.7,118217.5,118241.6,39.763
2025-07-16T07:31:00.000000Z,118241.6,118241.7,118173.6,118204.9,66.954
2025-07-16T07:32:00.000000Z,118204.8,118241.7,118204.8,118241.7,13.637
2025-07-16T07:33:00.000000Z,118241.6,118265.7,118241.6,118265.7,103.767
2025-07-16T07:34:00.000000Z,118265.7,118288.0,118254.0,118270.6,78.096
2025-07-16T07:35:00.000000Z,118270.5,118270.6,118264.0,118270.5,46.674
2025-07-16T07:36:00.000000Z,118270.5,118278.7,118270.5,118278.7,35.586
2025-07-16T07:37:00.000000Z,118278.6,118278.7,118270.6,118270.6,29.044
2025-07-16T07:38:00.000000Z,118270.6,118277.1,118270.6,118277.1,23.448
2025-07-16T07:39:00.000000Z,118277.0,118291.2,118277.0,118291.1,40.792
2025-07-16T07:40:00.000000Z,118291.1,118297.1,118291.1,118291.2,31.958
2025-07-16T07:41:00.000000Z,118291.1,118291.2,118240.4,118257.3,105.026
2025-07-16T07:42:00.000000Z,118257.2,118257.3,118215.0,118215.0,26.09
2025-07-16T07:43:00.000000Z,118215.1,118232.0,118200.0,118232.0,37.948
2025-07-16T07:44:00.000000Z,118231.9,118240.0,118155.0,118155.1,101.714
2025-07-16T07:45:00.000000Z,118155.2,118181.3,118155.1,118178.1,19.681
2025-07-16T07:46:00.000000Z,118178.2,118178.2,118076.8,118115.5,292.784
2025-07-16T07:47:00.000000Z,118115.4,118132.3,118115.4,118127.1,23.145
2025-07-16T07:48:00.000000Z,118127.1,118169.0,118127.1,118169.0,43.526
2025-07-16T07:49:00.000000Z,118168.9,118181.3,118158.7,118172.9,63.888
2025-07-16T07:50:00.000000Z,118172.8,118218.4,118172.8,118218.4,66.293
2025-07-16T07:51:00.000000Z,118218.3,118218.4,118159.4,118186.5,39.791
2025-07-16T07:52:00.000000Z,118186.4,118186.5,118162.7,118186.5,19.02
2025-07-16T07:53:00.000000Z,118186.4,118186.5,118166.6,118166.7,31.204
2025-07-16T07:54:00.000000Z,118166.7,118188.0,118166.6,118188.0,20.842
2025-07-16T07:55:00.000000Z,118188.0,118188.0,118183.0,118183.1,24.494
2025-07-16T07:56:00.000000Z,118183.0,118183.1,118150.0,118150.1,31.421
2025-07-16T07:57:00.000000Z,118150.1,118150.1,118115.0,118115.0,41.361
2025-07-16T07:58:00.000000Z,118115.0,118173.6,118096.8,118173.6,99.196
2025-07-16T07:59:00.000000Z,118173.5,118181.3,118170.0,118181.2,34.192
2025-07-16T08:00:00.000000Z,118181.2,118211.8,118130.5,118187.9,82.959
2025-07-16T08:01:00.000000Z,118187.8,118215.0,118172.0,118214.9,116.604
2025-07-16T08:02:00.000000Z,118215.0,118252.0,118165.0,118252.0,60.948
2025-07-16T08:03:00.000000Z,118252.0,118252.0,118220.0,118241.3,45.217
2025-07-16T08:04:00.000000Z,118241.4,118241.5,118206.6,118223.5,33.6
2025-07-16T08:05:00.000000Z,118223.5,118249.1,118214.4,118217.4,45.684
2025-07-16T08:06:00.000000Z,118217.4,118240.4,118209.5,118240.4,33.937
2025-07-16T08:07:00.000000Z,118240.4,118259.8,118227.5,118236.5,59.448
2025-07-16T08:08:00.000000Z,118236.4,118236.4,118203.2,118205.6,30.64
2025-07-16T08:09:00.000000Z,118205.6,118247.8,118189.7,118247.7,32.402
2025-07-16T08:10:00.000000Z,118247.7,118247.8,118191.9,118191.9,31.068
2025-07-16T08:11:00.000000Z,118192.0,118192.0,118113.6,118113.6,34.313
2025-07-16T08:12:00.000000Z,118113.6,118170.7,118113.6,118162.7,61.164
2025-07-16T08:13:00.000000Z,118162.6,118212.3,118150.0,118150.0,39.931
2025-07-16T08:14:00.000000Z,118150.0,118166.7,118128.0,118166.7,71.005
2025-07-16T08:15:00.000000Z,118166.6,118172.1,118128.0,118160.1,150.99
2025-07-16T08:16:00.000000Z,118160.1,118160.1,118145.0,118145.0,17.346
2025-07-16T08:17:00.000000Z,118145.0,118173.6,118137.4,118164.9,28.649
2025-07-16T08:18:00.000000Z,118165.0,118217.9,118164.9,118217.8,21.242
2025-07-16T08:19:00.000000Z,118217.8,118217.9,118181.1,118205.6,21.462
2025-07-16T08:20:00.000000Z,118205.5,118252.0,118205.5,118216.0,83.88
2025-07-16T08:21:00.000000Z,118215.9,118215.9,118174.4,118207.8,34.159
2025-07-16T08:22:00.000000Z,118208.2,118236.6,118208.1,118236.6,14.731
2025-07-16T08:23:00.000000Z,118236.5,118248.9,118206.6,118206.7,40.175
2025-07-16T08:24:00.000000Z,118206.7,118230.8,118190.0,118206.5,28.871
2025-07-16T08:25:00.000000Z,118206.5,118214.0,118198.1,118214.0,14.584
2025-07-16T08:26:00.000000Z,118213.9,118214.0,118192.2,118201.5,14.376
2025-07-16T08:27:00.000000Z,118201.5,118201.5,118201.4,118201.5,20.209
2025-07-16T08:28:00.000000Z,118201.5,118245.6,118201.4,118245.6,28.941
2025-07-16T08:29:00.000000Z,118245.5,118245.6,118223.4,118230.3,26.782
2025-07-16T08:30:00.000000Z,118230.2,118307.6,118230.2,118301.7,172.743
2025-07-16T08:31:00.000000Z,118301.7,118324.8,118301.7,118312.8,86.514
2025-07-16T08:32:00.000000Z,118312.7,118333.0,118300.0,118333.0,41.122
2025-07-16T08:33:00.000000Z,118333.0,118387.0,118332.9,118362.4,179.962
2025-07-16T08:34:00.000000Z,118362.4,118381.3,118350.0,118381.3,57.995
2025-07-16T08:35:00.000000Z,118381.2,118455.0,118381.2,118440.5,317.318
2025-07-16T08:36:00.000000Z,118440.4,118440.4,118391.3,118405.2,105.189
2025-07-16T08:37:00.000000Z,118405.1,118750.0,118405.1,118672.5,1345.874
2025-07-16T08:38:00.000000Z,118672.5,118774.3,118611.3,118722.2,704.579
2025-07-16T08:39:00.000000Z,118722.3,118722.3,118653.5,118710.2,140.173
2025-07-16T08:40:00.000000Z,118710.1,118710.2,118590.0,118605.0,213.633
2025-07-16T08:41:00.000000Z,118605.0,118775.3,118605.0,118700.1,443.29
2025-07-16T08:42:00.000000Z,118700.0,118738.0,118671.1,118720.1,106.354
2025-07-16T08:43:00.000000Z,118720.0,118770.0,118713.1,118756.7,127.576
2025-07-16T08:44:00.000000Z,118756.6,118785.0,118756.6,118779.8,98.668
2025-07-16T08:45:00.000000Z,118779.7,118779.8,118702.7,118715.2,114.666
2025-07-16T08:46:00.000000Z,118715.1,118739.4,118689.7,118697.8,116.803
2025-07-16T08:47:00.000000Z,118697.7,118706.8,118674.6,118698.0,92.699
2025-07-16T08:48:00.000000Z,118698.0,118698.0,118672.0,118689.6,82.915
2025-07-16T08:49:00.000000Z,118689.6,118730.1,118681.1,118724.0,113.206
2025-07-16T08:50:00.000000Z,118724.0,118724.1,118709.7,118709.7,46.242
2025-07-16T08:51:00.000000Z,118709.7,118717.6,118709.7,118717.6,57.33
2025-07-16T08:52:00.000000Z,118717.5,118717.6,118661.1,118692.1,77.252
2025-07-16T08:53:00.000000Z,118692.1,118728.8,118687.8,118728.8,94.17
2025-07-16T08:54:00.000000Z,118728.8,118728.8,118703.3,118718.0,46.354
2025-07-16T08:55:00.000000Z,118718.0,118718.1,118686.3,118686.4,33.537
2025-07-16T08:56:00.000000Z,118686.3,118690.0,118663.0,118676.9,58.32
2025-07-16T08:57:00.000000Z,118676.9,118694.8,118673.1,118680.0,41.728
2025-07-16T08:58:00.000000Z,118679.9,118680.0,118673.1,118674.0,21.395
2025-07-16T08:59:00.000000Z,118673.9,118697.8,118673.9,118697.7,35.001
2025-07-16T09:00:00.000000Z,118697.7,118734.1,118694.7,118724.8,108.291
2025-07-16T09:01:00.000000Z,118724.8,118724.9,118688.9,118690.6,68.903
2025-07-16T09:02:00.000000Z,118690.5,118711.7,118690.5,118706.4,84.445
2025-07-16T09:03:00.000000Z,118706.4,118721.1,118703.3,118707.3,91.086
2025-07-16T09:04:00.000000Z,118707.2,118707.3,118695.4,118695.5,39.76
2025-07-16T09:05:00.000000Z,118695.5,118707.9,118695.5,118707.9,20.295
2025-07-16T09:06:00.000000Z,118707.8,118707.9,118690.0,118707.0,80.154
2025-07-16T09:07:00.000000Z,118707.0,118762.7,118707.0,118760.2,151.424
2025-07-16T09:08:00.000000Z,118760.1,118887.9,118760.1,118871.4,508.029
2025-07-16T09:09:00.000000Z,118871.3,118888.7,118863.0,118888.6,287.337
2025-07-16T09:10:00.000000Z,118888.6,118988.8,118888.6,118944.0,370.644
2025-07-16T09:11:00.000000Z,118944.0,118970.0,118944.0,118970.0,77.943
2025-07-16T09:12:00.000000Z,118970.0,119078.7,118955.5,119014.4,491.758
2025-07-16T09:13:00.000000Z,119014.5,119034.8,118982.4,119018.3,321.473
2025-07-16T09:14:00.000000Z,119018.3,119018.4,118951.5,118991.7,217.033
2025-07-16T09:15:00.000000Z,118991.7,118999.0,118960.8,118966.6,178.822
2025-07-16T09:16:00.000000Z,118966.5,118983.6,118963.7,118963.8,117.653
2025-07-16T09:17:00.000000Z,118963.7,119018.5,118911.2,119009.7,217.889
2025-07-16T09:18:00.000000Z,119009.6,119055.0,118984.5,119031.3,184.36
2025-07-16T09:19:00.000000Z,119031.3,119087.8,119021.8,119081.9,161.367
2025-07-16T09:20:00.000000Z,119081.8,119091.9,119069.1,119069.1,147.737
2025-07-16T09:21:00.000000Z,119069.1,119069.2,119020.0,119020.0,72.68
2025-07-16T09:22:00.000000Z,119020.0,119058.0,119000.0,119057.9,100.03
2025-07-16T09:23:00.000000Z,119057.9,119081.8,119055.7,119055.8,47.541
2025-07-16T09:24:00.000000Z,119055.7,119055.8,118988.1,118988.2,87.701
2025-07-16T09:25:00.000000Z,118988.1,119055.5,118966.9,119055.5,167.157
2025-07-16T09:26:00.000000Z,119055.4,119100.0,119055.4,119100.0,140.708
2025-07-16T09:27:00.000000Z,119099.9,119204.0,119099.9,119141.5,345.53
2025-07-16T09:28:00.000000Z,119141.4,119166.7,119141.3,119160.2,115.846
2025-07-16T09:29:00.000000Z,119160.2,119160.2,119124.5,119142.3,79.379
2025-07-16T09:30:00.000000Z,119142.2,119151.9,119130.2,119139.9,53.574
2025-07-16T09:31:00.000000Z,119139.9,119193.2,119139.9,119193.2,57.059
2025-07-16T09:32:00.000000Z,119193.1,119193.2,119152.8,119152.9,73.177
2025-07-16T09:33:00.000000Z,119152.8,119199.6,119068.6,119068.6,151.066
2025-07-16T09:34:00.000000Z,119068.3,119109.4,119054.3,119062.1,132.562
2025-07-16T09:35:00.000000Z,119062.0,119085.4,119010.3,119012.7,133.614
2025-07-16T09:36:00.000000Z,119012.7,119020.5,118941.1,118982.5,232.283
2025-07-16T09:37:00.000000Z,118982.4,119006.8,118951.0,118961.0,85.224
2025-07-16T09:38:00.000000Z,118960.9,118982.2,118924.8,118951.7,144.734
2025-07-16T09:39:00.000000Z,118951.7,118979.8,118932.7,118979.7,168.08
2025-07-16T09:40:00.000000Z,118979.7,118999.8,118930.2,118930.2,132.31
2025-07-16T09:41:00.000000Z,118930.2,118960.9,118871.1,118910.0,231.244
2025-07-16T09:42:00.000000Z,118910.0,118929.1,118880.3,118880.3,94.333
2025-07-16T09:43:00.000000Z,118880.3,118880.4,118784.1,118853.9,250.684
2025-07-16T09:44:00.000000Z,118853.9,118863.0,118725.8,118831.1,404.71
2025-07-16T09:45:00.000000Z,118831.1,118850.0,118757.5,118757.5,145.752
2025-07-16T09:46:00.000000Z,118757.5,118811.3,118726.6,118811.2,259.227
2025-07-16T09:47:00.000000Z,118811.2,118811.3,118764.7,118811.2,112.935
2025-07-16T09:48:00.000000Z,118811.2,119067.9,118811.2,119065.4,281.667
2025-07-16T09:49:00.000000Z,119065.4,119109.9,119032.5,119050.9,148.36
2025-07-16T09:50:00.000000Z,119050.9,119099.0,119050.9,119087.6,147.023
2025-07-16T09:51:00.000000Z,119087.6,119129.9,119060.1,119123.9,191.686
2025-07-16T09:52:00.000000Z,119123.8,119149.7,119123.8,119149.7,65.662
2025-07-16T09:53:00.000000Z,119149.6,119199.7,119149.6,119155.7,177.423
2025-07-16T09:54:00.000000Z,119155.8,119155.8,119066.8,119112.1,113.856
2025-07-16T09:55:00.000000Z,119112.1,119112.1,119065.9,119070.0,54.127
2025-07-16T09:56:00.000000Z,119070.0,119104.0,119065.9,119089.0,72.676
2025-07-16T09:57:00.000000Z,119088.9,119098.9,119088.9,119092.1,21.269
2025-07-16T09:58:00.000000Z,119092.1,119114.9,119079.6,119114.9,80.444
2025-07-16T09:59:00.000000Z,119114.8,119189.0,119093.7,119188.9,86.24
2025-07-16T10:00:00.000000Z,119188.9,119200.0,119129.2,119133.1,98.674
2025-07-16T10:01:00.000000Z,119133.1,119142.3,119111.8,119112.0,91.909
2025-07-16T10:02:00.000000Z,119112.0,119128.9,119100.1,119100.1,34.44
2025-07-16T10:03:00.000000Z,119100.0,119180.3,119094.9,119180.3,59.204
2025-07-16T10:04:00.000000Z,119180.2,119180.3,119151.4,119160.3,59.494
2025-07-16T10:05:00.000000Z,119160.2,119165.6,119138.2,119138.3,58.888
2025-07-16T10:06:00.000000Z,119138.2,119160.1,119131.6,119131.7,37.962
2025-07-16T10:07:00.000000Z,119131.6,119147.9,119103.7,119121.3,64.533
2025-07-16T10:08:00.000000Z,119121.2,119165.5,119120.0,119165.4,30.242
2025-07-16T10:09:00.000000Z,119165.4,119168.8,119146.7,119160.0,38.923
2025-07-16T10:10:00.000000Z,119160.0,119165.1,119152.3,119165.0,28.535
2025-07-16T10:11:00.000000Z,119165.0,119180.4,119109.4,119180.4,118.63
2025-07-16T10:12:00.000000Z,119180.3,119248.3,119180.3,119248.3,184.027
2025-07-16T10:13:00.000000Z,119248.2,119263.0,119218.4,119218.4,112.804
2025-07-16T10:14:00.000000Z,119218.4,119218.5,119180.3,119187.9,56.234
2025-07-16T10:15:00.000000Z,119187.8,119214.0,119184.4,119214.0,46.268
2025-07-16T10:16:00.000000Z,119213.9,119237.2,119180.0,119180.1,67.358
2025-07-16T10:17:00.000000Z,119180.0,119180.1,119098.6,119101.7,105.711
2025-07-16T10:18:00.000000Z,119101.7,119193.4,119094.5,119193.4,50.633
2025-07-16T10:19:00.000000Z,119193.3,119200.0,119169.7,119200.0,38.796
2025-07-16T10:20:00.000000Z,119199.9,119248.2,119199.9,119248.1,38.953
2025-07-16T10:21:00.000000Z,119248.0,119257.9,119217.0,119217.0,75.23
2025-07-16T10:22:00.000000Z,119217.0,119299.9,119207.0,119207.0,122.248
2025-07-16T10:23:00.000000Z,119207.0,119279.0,119199.9,119279.0,115.1
2025-07-16T10:24:00.000000Z,119278.9,119279.0,119236.3,119236.3,41.229
2025-07-16T10:25:00.000000Z,119236.3,119236.4,119153.4,119171.6,74.517
2025-07-16T10:26:00.000000Z,119171.6,119200.0,119164.4,119200.0,32.022
2025-07-16T10:27:00.000000Z,119199.9,119199.9,119136.6,119136.6,67.687
2025-07-16T10:28:00.000000Z,119136.6,119171.7,119131.4,119171.6,43.803
2025-07-16T10:29:00.000000Z,119171.6,119175.8,119129.9,119140.1,66.004
2025-07-16T10:30:00.000000Z,119140.1,119140.2,119076.5,119139.6,173.282
2025-07-16T10:31:00.000000Z,119139.6,119160.0,119076.4,119090.8,70.397
2025-07-16T10:32:00.000000Z,119090.8,119102.2,119075.1,119076.0,81.072
2025-07-16T10:33:00.000000Z,119076.0,119076.1,118988.2,118988.2,166.045
2025-07-16T10:34:00.000000Z,118988.2,118998.0,118946.8,118968.1,188.729
2025-07-16T10:35:00.000000Z,118968.1,118980.0,118965.3,118971.4,81.892
2025-07-16T10:36:00.000000Z,118971.3,118971.4,118968.1,118971.3,53.792
2025-07-16T10:37:00.000000Z,118971.2,118971.3,118923.0,118942.5,204.899
2025-07-16T10:38:00.000000Z,118942.5,118942.6,118809.7,118845.2,327.087
2025-07-16T10:39:00.000000Z,118845.2,118888.9,118836.8,118888.9,141.06
2025-07-16T10:40:00.000000Z,118888.8,118971.3,118888.8,118920.1,124.448
2025-07-16T10:41:00.000000Z,118920.1,118920.1,118793.0,118800.1,253.277
2025-07-16T10:42:00.000000Z,118800.2,118850.0,118784.2,118796.4,120.769
2025-07-16T10:43:00.000000Z,118796.3,118821.0,118786.5,118821.0,77.275
2025-07-16T10:44:00.000000Z,118821.0,118821.0,118792.8,118797.3,50.354
2025-07-16T10:45:00.000000Z,118797.3,118845.5,118797.3,118830.9,131.179
2025-07-16T10:46:00.000000Z,118830.8,118874.5,118816.8,118871.9,121.166
2025-07-16T10:47:00.000000Z,118871.9,118910.2,118851.6,118871.9,64.407
2025-07-16T10:48:00.000000Z,118871.9,118899.3,118860.3,118899.2,37.904
2025-07-16T10:49:00.000000Z,118899.3,118899.3,118883.8,118884.8,28.477
2025-07-16T10:50:00.000000Z,118884.7,118884.8,118813.0,118872.8,70.851
2025-07-16T10:51:00.000000Z,118872.8,118884.8,118849.8,118849.9,38.646
2025-07-16T10:52:00.000000Z,118849.8,118849.9,118837.2,118842.0,27.178
2025-07-16T10:53:00.000000Z,118842.0,118861.9,118841.9,118844.4,23.461
2025-07-16T10:54:00.000000Z,118844.4,118844.5,118758.8,118779.7,205.517
2025-07-16T10:55:00.000000Z,118779.7,118799.9,118758.0,118758.1,109.356
2025-07-16T10:56:00.000000Z,118758.0,118779.7,118739.0,118739.1,89.732
2025-07-16T10:57:00.000000Z,118739.1,118742.5,118715.3,118715.3,87.172
2025-07-16T10:58:00.000000Z,118715.3,118750.0,118715.3,118749.9,71.778
2025-07-16T10:59:00.000000Z,118750.0,118750.0,118716.9,118716.9,49.39
2025-07-16T11:00:00.000000Z,118716.9,118778.3,118715.3,118752.5,315.097
2025-07-16T11:01:00.000000Z,118752.6,118752.6,118678.2,118707.7,469.129
2025-07-16T11:02:00.000000Z,118707.7,118734.6,118632.6,118650.0,253.061
2025-07-16T11:03:00.000000Z,118649.9,118666.0,118621.8,118651.7,165.154
2025-07-16T11:04:00.000000Z,118651.7,118667.7,118651.6,118667.6,49.285
2025-07-16T11:05:00.000000Z,118667.6,118775.0,118667.6,118774.3,52.605
2025-07-16T11:06:00.000000Z,118774.3,118857.1,118774.2,118794.3,138.92
2025-07-16T11:07:00.000000Z,118794.4,118820.0,118754.4,118758.1,60.163
2025-07-16T11:08:00.000000Z,118758.1,118800.0,118758.1,118800.0,27.64
2025-07-16T11:09:00.000000Z,118800.0,118825.0,118789.1,118817.7,43.011
2025-07-16T11:10:00.000000Z,118817.6,118845.1,118807.9,118845.1,25.349
2025-07-16T11:11:00.000000Z,118845.1,118845.1,118802.9,118803.0,62.742
2025-07-16T11:12:00.000000Z,118803.0,118845.8,118802.9,118845.8,16.736
2025-07-16T11:13:00.000000Z,118845.8,118898.2,118840.0,118875.4,93.059
2025-07-16T11:14:00.000000Z,118875.3,118875.4,118831.4,118861.6,44.677
2025-07-16T11:15:00.000000Z,118861.6,118861.7,118814.2,118841.5,50.985
2025-07-16T11:16:00.000000Z,118841.4,118841.5,118806.6,118806.7,32.04
2025-07-16T11:17:00.000000Z,118806.7,118806.7,118757.3,118801.4,38.03
2025-07-16T11:18:00.000000Z,118801.3,118818.1,118770.1,118770.2,23.614
2025-07-16T11:19:00.000000Z,118770.1,118798.0,118758.9,118778.3,26.337
2025-07-16T11:20:00.000000Z,118778.3,118794.0,118766.7,118766.8,35.493
2025-07-16T11:21:00.000000Z,118766.8,118799.6,118760.8,118799.5,24.069
2025-07-16T11:22:00.000000Z,118799.6,118799.6,118781.2,118781.2,10.794
2025-07-16T11:23:00.000000Z,118781.3,118800.0,118781.2,118800.0,31.097
2025-07-16T11:24:00.000000Z,118799.9,118861.1,118796.0,118849.2,38.15
2025-07-16T11:25:00.000000Z,118849.1,118878.0,118837.3,118840.0,74.124
2025-07-16T11:26:00.000000Z,118840.0,118852.4,118838.7,118849.5,18.601
2025-07-16T11:27:00.000000Z,118849.5,118877.9,118846.0,118877.9,23.843
2025-07-16T11:28:00.000000Z,118877.9,118894.1,118834.9,118852.3,72.563
2025-07-16T11:29:00.000000Z,118852.3,118894.9,118852.2,118882.9,52.901
2025-07-16T11:30:00.000000Z,118882.8,118882.9,118837.6,118860.8,60.963
2025-07-16T11:31:00.000000Z,118860.8,118892.6,118860.7,118886.6,22.581
2025-07-16T11:32:00.000000Z,118886.5,118886.6,118821.1,118823.7,49.504
2025-07-16T11:33:00.000000Z,118823.7,118830.5,118800.0,118830.4,31.6
2025-07-16T11:34:00.000000Z,118830.4,118830.5,118792.7,118815.1,21.12
2025-07-16T11:35:00.000000Z,118815.0,118826.9,118805.2,118826.0,37.489
2025-07-16T11:36:00.000000Z,118825.9,118826.0,118800.0,118800.1,27.795
2025-07-16T11:37:00.000000Z,118800.0,118815.5,118790.4,118800.0,42.983
2025-07-16T11:38:00.000000Z,118800.0,118825.9,118795.2,118825.9,26.213
2025-07-16T11:39:00.000000Z,118825.8,118825.9,118800.0,118800.1,45.418
2025-07-16T11:40:00.000000Z,118800.0,118805.4,118793.5,118805.3,16.61
2025-07-16T11:41:00.000000Z,118805.3,118805.4,118800.9,118801.0,15.45
2025-07-16T11:42:00.000000Z,118800.9,118823.6,118787.9,118797.8,79.567
2025-07-16T11:43:00.000000Z,118797.8,118841.3,118797.8,118841.2,41.497
2025-07-16T11:44:00.000000Z,118841.3,118886.5,118841.3,118886.5,33.515
2025-07-16T11:45:00.000000Z,118886.4,118892.1,118843.8,118861.9,57.848
2025-07-16T11:46:00.000000Z,118861.8,118876.0,118861.8,118876.0,34.173
2025-07-16T11:47:00.000000Z,118876.0,118885.6,118869.4,118877.8,43.457
2025-07-16T11:48:00.000000Z,118877.9,118889.9,118877.8,118889.9,51.372
2025-07-16T11:49:00.000000Z,118889.9,118889.9,118864.0,118870.7,31.238
2025-07-16T11:50:00.000000Z,118870.7,118871.4,118835.2,118835.2,40.957
2025-07-16T11:51:00.000000Z,118835.2,118835.3,118825.0,118825.0,25.253
2025-07-16T11:52:00.000000Z,118825.0,118825.1,118814.2,118814.3,17.24
2025-07-16T11:53:00.000000Z,118814.3,118814.3,118806.2,118806.2,22.127
2025-07-16T11:54:00.000000Z,118806.3,118806.3,118795.2,118795.2,18.843
2025-07-16T11:55:00.000000Z,118795.2,118795.3,118690.0,118690.0,100.73
2025-07-16T11:56:00.000000Z,118690.1,118760.8,118690.0,118758.2,68.988
2025-07-16T11:57:00.000000Z,118758.2,118761.7,118748.7,118748.8,37.402
2025-07-16T11:58:00.000000Z,118748.7,118748.8,118695.2,118717.0,97.693
2025-07-16T11:59:00.000000Z,118717.0,118756.9,118716.9,118755.1,32.351
2025-07-16T12:00:00.000000Z,118755.1,118764.6,118735.5,118735.5,74.273
2025-07-16T12:01:00.000000Z,118735.6,118735.6,118678.2,118693.5,83.428
2025-07-16T12:02:00.000000Z,118693.5,118709.5,118688.0,118709.5,51.796
2025-07-16T12:03:00.000000Z,118709.5,118760.2,118709.4,118760.1,23.256
2025-07-16T12:04:00.000000Z,118760.2,118760.6,118753.7,118753.8,28.575
2025-07-16T12:05:00.000000Z,118753.8,118800.0,118753.7,118800.0,38.646
2025-07-16T12:06:00.000000Z,118800.0,118829.0,118800.0,118823.9,73.322
2025-07-16T12:07:00.000000Z,118823.9,118850.0,118823.8,118827.0,39.44
2025-07-16T12:08:00.000000Z,118827.0,118867.8,118826.9,118857.3,76.569
2025-07-16T12:09:00.000000Z,118857.3,118869.4,118857.3,118869.3,15.595
2025-07-16T12:10:00.000000Z,118869.3,118869.4,118809.7,118809.7,32.058
2025-07-16T12:11:00.000000Z,118809.8,118809.8,118809.7,118809.7,11.556
2025-07-16T12:12:00.000000Z,118809.8,118841.3,118809.7,118841.3,57.444
2025-07-16T12:13:00.000000Z,118841.3,118843.9,118821.4,118821.4,17.724
2025-07-16T12:14:00.000000Z,118821.5,118821.5,118806.6,118806.6,14.867
2025-07-16T12:15:00.000000Z,118806.7,118821.5,118806.6,118821.4,48.006
2025-07-16T12:16:00.000000Z,118821.5,118881.5,118821.4,118881.5,33.866
2025-07-16T12:17:00.000000Z,118881.5,118881.5,118878.1,118878.2,24.833
2025-07-16T12:18:00.000000Z,118878.2,118878.2,118864.2,118864.2,18.079
2025-07-16T12:19:00.000000Z,118864.3,118864.3,118769.1,118769.1,85.962
2025-07-16T12:20:00.000000Z,118769.2,118769.2,118754.0,118754.0,36.421
2025-07-16T12:21:00.000000Z,118754.1,118802.9,118754.0,118801.4,85.292
2025-07-16T12:22:00.000000Z,118801.4,118835.2,118789.5,118835.1,28.917
2025-07-16T12:23:00.000000Z,118835.2,118835.2,118802.8,118802.8,11.853
2025-07-16T12:24:00.000000Z,118802.8,118826.0,118802.8,118802.9,51.907
2025-07-16T12:25:00.000000Z,118802.9,118821.7,118776.1,118784.0,41.796
2025-07-16T12:26:00.000000Z,118784.1,118834.8,118784.0,118834.8,14.434
2025-07-16T12:27:00.000000Z,118834.7,118853.4,118832.7,118832.8,22.223
2025-07-16T12:28:00.000000Z,118832.8,118868.9,118832.8,118868.9,27.732
2025-07-16T12:29:00.000000Z,118868.9,118880.7,118854.3,118869.6,73.304
2025-07-16T12:30:00.000000Z,118869.6,118976.3,118832.9,118833.0,367.862
2025-07-16T12:31:00.000000Z,118833.0,118833.0,118580.0,118580.0,243.796
2025-07-16T12:32:00.000000Z,118580.1,118684.5,118557.0,118665.5,398.9
2025-07-16T12:33:00.000000Z,118665.5,118835.5,118665.4,118759.5,227.592
2025-07-16T12:34:00.000000Z,118759.6,118974.1,118759.6,118928.6,213.985
2025-07-16T12:35:00.000000Z,118928.6,118943.2,118911.8,118928.1,84.121
2025-07-16T12:36:00.000000Z,118928.2,119011.9,118928.1,118968.8,382.036
2025-07-16T12:37:00.000000Z,118968.9,119049.0,118953.2,119026.2,190.353
2025-07-16T12:38:00.000000Z,119026.3,119055.0,118968.9,118968.9,197.287
2025-07-16T12:39:00.000000Z,118969.0,118980.0,118926.7,118969.3,81.54
2025-07-16T12:40:00.000000Z,118969.3,118969.3,118900.4,118919.7,69.476
2025-07-16T12:41:00.000000Z,118919.6,118919.7,118857.8,118857.8,98.903
2025-07-16T12:42:00.000000Z,118857.9,118916.0,118857.8,118895.9,55.999
2025-07-16T12:43:00.000000Z,118895.8,118945.0,118880.0,118945.0,61.002
2025-07-16T12:44:00.000000Z,118945.0,118958.5,118922.9,118932.3,59.966
2025-07-16T12:45:00.000000Z,118932.2,118940.8,118900.0,118940.8,34.675
2025-07-16T12:46:00.000000Z,118940.8,118950.0,118886.5,118890.0,78.961
2025-07-16T12:47:00.000000Z,118890.1,118978.7,118886.6,118951.8,73.563
2025-07-16T12:48:00.000000Z,118951.8,118951.9,118846.1,118860.1,92.4
2025-07-16T12:49:00.000000Z,118860.1,118884.8,118848.7,118856.0,60.435
2025-07-16T12:50:00.000000Z,118856.1,118900.0,118840.2,118869.9,44.786
2025-07-16T12:51:00.000000Z,118870.0,118877.9,118827.6,118857.0,81.038
2025-07-16T12:52:00.000000Z,118857.0,118857.0,118845.6,118847.1,30.914
2025-07-16T12:53:00.000000Z,118847.2,118847.2,118781.2,118800.7,75.305
2025-07-16T12:54:00.000000Z,118800.8,118801.8,118767.8,118767.9,83.339
2025-07-16T12:55:00.000000Z,118768.0,118796.2,118767.9,118796.1,23.856
2025-07-16T12:56:00.000000Z,118796.2,118796.2,118680.0,118680.0,76.705
2025-07-16T12:57:00.000000Z,118680.0,118688.0,118572.9,118641.1,205.667
2025-07-16T12:58:00.000000Z,118641.1,118641.1,118582.6,118582.6,104.083
2025-07-16T12:59:00.000000Z,118582.7,118627.9,118579.2,118579.3,70.266
2025-07-16T13:00:00.000000Z,118579.3,118600.0,118551.0,118551.1,91.114
2025-07-16T13:01:00.000000Z,118551.2,118558.0,118467.7,118558.0,489.827
2025-07-16T13:02:00.000000Z,118557.9,118558.1,118384.6,118388.0,553.923
2025-07-16T13:03:00.000000Z,118388.1,118451.8,118384.6,118392.8,474.689
2025-07-16T13:04:00.000000Z,118392.7,118471.5,118386.6,118471.5,178.004
2025-07-16T13:05:00.000000Z,118471.5,118543.2,118455.7,118514.0,273.242
2025-07-16T13:06:00.000000Z,118514.0,118514.1,118464.4,118497.3,86.621
2025-07-16T13:07:00.000000Z,118497.4,118497.4,118445.2,118475.3,106.217
2025-07-16T13:08:00.000000Z,118475.2,118597.1,118475.2,118579.0,191.21
2025-07-16T13:09:00.000000Z,118579.0,118603.9,118554.1,118558.4,217.281
2025-07-16T13:10:00.000000Z,118558.4,118573.7,118531.3,118547.6,99.766
2025-07-16T13:11:00.000000Z,118547.5,118570.0,118473.8,118562.2,145.124
2025-07-16T13:12:00.000000Z,118562.3,118712.0,118559.9,118712.0,215.436
2025-07-16T13:13:00.000000Z,118712.0,118722.4,118616.5,118629.9,106.864
2025-07-16T13:14:00.000000Z,118629.9,118673.5,118610.0,118662.5,119.37
2025-07-16T13:15:00.000000Z,118662.5,118720.8,118662.5,118688.1,185.118
2025-07-16T13:16:00.000000Z,118688.1,118721.3,118688.0,118716.8,80.412
2025-07-16T13:17:00.000000Z,118716.8,118790.4,118687.1,118751.4,355.301
2025-07-16T13:18:00.000000Z,118751.5,118803.2,118715.2,118744.9,350.711
2025-07-16T13:19:00.000000Z,118744.9,118744.9,118726.3,118744.8,39.531
2025-07-16T13:20:00.000000Z,118744.8,118810.3,118744.8,118801.2,56.155
2025-07-16T13:21:00.000000Z,118801.1,118801.2,118760.0,118760.1,74.11
2025-07-16T13:22:00.000000Z,118760.0,118786.0,118738.0,118766.5,90.048
2025-07-16T13:23:00.000000Z,118766.5,118766.6,118698.9,118698.9,61.761
2025-07-16T13:24:00.000000Z,118698.9,118746.8,118698.9,118727.8,77.618
2025-07-16T13:25:00.000000Z,118727.9,118775.0,118719.8,118738.1,42.189
2025-07-16T13:26:00.000000Z,118738.0,118738.1,118707.2,118720.8,39.919
2025-07-16T13:27:00.000000Z,118720.9,118725.0,118700.2,118725.0,27.666
2025-07-16T13:28:00.000000Z,118724.9,118780.0,118724.9,118779.9,66.884
2025-07-16T13:29:00.000000Z,118779.9,118783.0,118779.9,118782.9,22.069
2025-07-16T13:30:00.000000Z,118782.9,118783.0,118633.1,118637.8,380.85
2025-07-16T13:31:00.000000Z,118637.7,118723.7,118600.0,118723.7,132.83
2025-07-16T13:32:00.000000Z,118724.6,118821.5,118724.6,118820.0,125.071
2025-07-16T13:33:00.000000Z,118819.9,118885.5,118819.9,118883.5,131.683
2025-07-16T13:34:00.000000Z,118883.4,118895.7,118846.7,118895.7,103.471
2025-07-16T13:35:00.000000Z,118895.6,118907.8,118632.3,118663.2,204.207
2025-07-16T13:36:00.000000Z,118663.3,118779.3,118627.2,118700.4,237.48
2025-07-16T13:37:00.000000Z,118700.5,118728.6,118574.6,118666.6,115.797
2025-07-16T13:38:00.000000Z,118666.6,118700.0,118638.2,118674.0,95.203
2025-07-16T13:39:00.000000Z,118674.0,118700.0,118566.6,118586.4,99.876
2025-07-16T13:40:00.000000Z,118586.4,118600.2,118400.0,118400.1,309.816
2025-07-16T13:41:00.000000Z,118400.1,118502.0,118357.0,118492.8,312.309
2025-07-16T13:42:00.000000Z,118492.8,118492.8,118265.2,118311.4,488.465
2025-07-16T13:43:00.000000Z,118311.4,118346.7,118230.7,118253.1,221.722
2025-07-16T13:44:00.000000Z,118252.8,118355.0,118217.3,118324.0,231.08
2025-07-16T13:45:00.000000Z,118324.0,118388.0,118258.1,118317.0,285.742
2025-07-16T13:46:00.000000Z,118317.0,118379.8,118302.4,118354.7,172.84
2025-07-16T13:47:00.000000Z,118354.6,118453.4,118330.0,118450.8,145.111
2025-07-16T13:48:00.000000Z,118450.8,118572.1,118437.8,118437.9,207.55
2025-07-16T13:49:00.000000Z,118437.9,118453.9,118313.0,118339.3,165.04
2025-07-16T13:50:00.000000Z,118339.4,118395.4,118339.4,118352.1,78.615
2025-07-16T13:51:00.000000Z,118352.2,118380.5,118156.0,118264.3,679.044
2025-07-16T13:52:00.000000Z,118264.4,118357.5,118193.5,118351.5,438.245
2025-07-16T13:53:00.000000Z,118351.8,118391.3,118294.0,118350.0,271.367
2025-07-16T13:54:00.000000Z,118350.0,118422.0,118303.3,118353.1,216.058
2025-07-16T13:55:00.000000Z,118353.2,118543.7,118327.2,118543.7,137.976
2025-07-16T13:56:00.000000Z,118543.6,118573.3,118502.6,118573.3,183.186
2025-07-16T13:57:00.000000Z,118573.3,118688.8,118565.2,118669.5,242.821
2025-07-16T13:58:00.000000Z,118669.5,118715.7,118667.4,118715.7,125.843
2025-07-16T13:59:00.000000Z,118715.7,118725.3,118651.1,118651.3,95.386
2025-07-16T14:00:00.000000Z,118651.2,118768.9,118625.0,118678.8,154.605
2025-07-16T14:01:00.000000Z,118678.7,118705.8,118601.0,118664.6,151.792
2025-07-16T14:02:00.000000Z,118664.6,118686.9,118605.3,118686.8,180.449
2025-07-16T14:03:00.000000Z,118686.8,118700.0,118613.1,118618.3,103.634
2025-07-16T14:04:00.000000Z,118618.3,118750.0,118593.2,118739.4,110.733
2025-07-16T14:05:00.000000Z,118738.8,118738.8,118626.1,118649.4,179.755
2025-07-16T14:06:00.000000Z,118649.5,118729.1,118628.7,118642.6,69.819
2025-07-16T14:07:00.000000Z,118642.7,118671.0,118461.5,118461.6,170.177
2025-07-16T14:08:00.000000Z,118461.5,118565.8,118282.8,118313.6,383.711
2025-07-16T14:09:00.000000Z,118313.6,118491.1,118213.0,118487.4,490.372
2025-07-16T14:10:00.000000Z,118487.4,118500.0,118353.9,118491.1,100.329
2025-07-16T14:11:00.000000Z,118491.2,118497.1,118343.1,118435.6,107.273
2025-07-16T14:12:00.000000Z,118435.7,118491.1,118419.1,118461.2,65.035
2025-07-16T14:13:00.000000Z,118461.2,118461.2,118364.7,118374.1,55.459
2025-07-16T14:14:00.000000Z,118374.0,118389.3,118250.0,118250.1,121.347
2025-07-16T14:15:00.000000Z,118250.0,118371.7,118250.0,118371.6,108.953
2025-07-16T14:16:00.000000Z,118371.6,118371.6,118156.0,118191.5,261.437
2025-07-16T14:17:00.000000Z,118191.5,118320.3,118185.5,118309.2,120.225
2025-07-16T14:18:00.000000Z,118309.3,118400.0,118309.3,118399.9,91.605
2025-07-16T14:19:00.000000Z,118400.0,118417.6,118368.3,118400.0,63.984
2025-07-16T14:20:00.000000Z,118399.9,118457.4,118388.4,118421.0,63.387
2025-07-16T14:21:00.000000Z,118421.0,118429.9,118334.0,118351.8,88.928
2025-07-16T14:22:00.000000Z,118351.7,118386.8,118341.5,118355.5,49.406
2025-07-16T14:23:00.000000Z,118355.5,118384.6,118300.1,118308.8,113.445
2025-07-16T14:24:00.000000Z,118308.9,118353.4,118301.0,118350.5,97.596
2025-07-16T14:25:00.000000Z,118350.4,118415.5,118280.4,118305.0,93.513
2025-07-16T14:26:00.000000Z,118305.0,118336.2,118260.5,118326.5,69.317
2025-07-16T14:27:00.000000Z,118326.6,118400.0,118312.7,118399.9,76.979
2025-07-16T14:28:00.000000Z,118399.9,118442.5,118346.2,118370.8,67.928
2025-07-16T14:29:00.000000Z,118370.8,118444.0,118370.8,118443.9,53.518
2025-07-16T14:30:00.000000Z,118443.9,118572.3,118370.0,118554.4,303.013
2025-07-16T14:31:00.000000Z,118554.5,118600.0,118418.6,118434.4,333.626
2025-07-16T14:32:00.000000Z,118434.3,118531.6,118430.9,118471.8,225.1
2025-07-16T14:33:00.000000Z,118471.8,118471.8,118360.9,118370.6,233.935
2025-07-16T14:34:00.000000Z,118370.6,118425.0,118294.3,118419.1,153.371
2025-07-16T14:35:00.000000Z,118419.0,118452.0,118301.6,118307.6,223.33
2025-07-16T14:36:00.000000Z,118307.5,118330.1,118243.2,118300.7,167.182
2025-07-16T14:37:00.000000Z,118300.7,118424.7,118284.5,118368.1,73.208
2025-07-16T14:38:00.000000Z,118368.1,118402.0,118292.6,118349.9,81.452
2025-07-16T14:39:00.000000Z,118349.9,118385.4,118329.8,118367.2,61.371
2025-07-16T14:40:00.000000Z,118367.2,118461.5,118361.8,118426.9,70.845
2025-07-16T14:41:00.000000Z,118426.9,118427.0,118295.9,118335.9,61.687
2025-07-16T14:42:00.000000Z,118336.0,118496.4,118335.9,118496.3,84.165
2025-07-16T14:43:00.000000Z,118496.3,118562.5,118480.6,118544.3,158.764
2025-07-16T14:44:00.000000Z,118544.3,118611.9,118532.1,118608.8,127.11
2025-07-16T14:45:00.000000Z,118608.8,118672.3,118579.1,118652.8,157.128
2025-07-16T14:46:00.000000Z,118652.8,118699.9,118580.0,118699.9,157.698
2025-07-16T14:47:00.000000Z,118699.9,118719.6,118685.6,118708.5,168.194
2025-07-16T14:48:00.000000Z,118708.5,118824.0,118708.4,118820.8,310.645
2025-07-16T14:49:00.000000Z,118820.8,119000.0,118801.4,118992.0,695.054
2025-07-16T14:50:00.000000Z,118992.0,118992.1,118800.0,118888.8,243.527
2025-07-16T14:51:00.000000Z,118888.8,118950.0,118874.0,118913.5,223.459
2025-07-16T14:52:00.000000Z,118913.5,118979.9,118913.4,118962.8,159.726
2025-07-16T14:53:00.000000Z,118962.8,118964.9,118876.5,118934.4,144.235
2025-07-16T14:54:00.000000Z,118934.4,118934.5,118626.0,118824.9,499.75
2025-07-16T14:55:00.000000Z,118825.0,118948.0,118782.8,118929.4,280.639
2025-07-16T14:56:00.000000Z,118929.4,119181.7,118899.5,119181.7,579.012
2025-07-16T14:57:00.000000Z,119181.6,119230.0,119121.8,119121.8,489.262
2025-07-16T14:58:00.000000Z,119121.8,119130.5,118934.6,118962.4,240.598
2025-07-16T14:59:00.000000Z,118962.4,119025.9,118944.6,119019.8,186.595
2025-07-16T15:00:00.000000Z,119019.9,119070.0,118955.8,119035.5,142.596
2025-07-16T15:01:00.000000Z,119035.4,119100.0,118951.8,119100.0,245.217
2025-07-16T15:02:00.000000Z,119100.0,119150.0,119046.1,119086.3,184.221
2025-07-16T15:03:00.000000Z,119086.3,119211.0,119086.3,119201.9,218.757
2025-07-16T15:04:00.000000Z,119201.9,119279.9,119201.9,119279.8,324.652
2025-07-16T15:05:00.000000Z,119279.9,119634.0,119279.9,119622.4,2104.621
2025-07-16T15:06:00.000000Z,119622.3,119786.7,119598.7,119745.4,953.421
2025-07-16T15:07:00.000000Z,119745.4,119745.4,119490.0,119600.8,861.545
2025-07-16T15:08:00.000000Z,119600.9,119724.3,119573.0,119682.7,295.254
2025-07-16T15:09:00.000000Z,119682.8,119722.9,119574.0,119618.3,239.853
2025-07-16T15:10:00.000000Z,119618.3,119687.2,119618.2,119653.3,245.801
2025-07-16T15:11:00.000000Z,119653.1,119658.2,119413.6,119450.6,332.43
2025-07-16T15:12:00.000000Z,119450.6,119458.6,119369.0,119405.3,284.826
2025-07-16T15:13:00.000000Z,119405.2,119405.3,119142.2,119167.4,414.265
2025-07-16T15:14:00.000000Z,119167.4,119190.0,119006.3,119121.1,486.861
2025-07-16T15:15:00.000000Z,119121.2,119200.0,118923.0,118938.6,446.682
2025-07-16T15:16:00.000000Z,118938.6,119249.4,118677.2,119165.9,1490.388
2025-07-16T15:17:00.000000Z,119166.0,119182.4,118799.9,119089.0,1078.158
2025-07-16T15:18:00.000000Z,119090.0,119182.9,118952.0,119092.1,566.006
2025-07-16T15:19:00.000000Z,119092.1,119223.4,119001.0,119223.3,582.477
2025-07-16T15:20:00.000000Z,119223.3,119293.5,119040.1,119286.8,341.022
2025-07-16T15:21:00.000000Z,119286.1,119293.5,119000.0,119000.1,266.76
2025-07-16T15:22:00.000000Z,119000.0,119214.9,118914.1,119120.0,423.182
2025-07-16T15:23:00.000000Z,119119.9,119230.7,119074.7,119172.6,240.279
2025-07-16T15:24:00.000000Z,119172.6,119209.2,119034.8,119177.1,194.436
2025-07-16T15:25:00.000000Z,119177.1,119228.0,119095.2,119162.9,209.041
2025-07-16T15:26:00.000000Z,119163.0,119316.6,119154.3,119312.3,217.85
2025-07-16T15:27:00.000000Z,119312.2,119480.0,119312.2,119426.4,487.327
2025-07-16T15:28:00.000000Z,119426.4,119472.4,119309.6,119470.6,306.519
2025-07-16T15:29:00.000000Z,119470.7,119484.7,119386.7,119443.0,220.407
2025-07-16T15:30:00.000000Z,119442.9,119458.6,119205.9,119345.1,303.476
2025-07-16T15:31:00.000000Z,119345.0,119345.1,119137.1,119231.4,597.141
2025-07-16T15:32:00.000000Z,119229.3,119250.0,119100.0,119131.1,241.902
2025-07-16T15:33:00.000000Z,119131.1,119131.1,118921.5,119000.0,402.186
2025-07-16T15:34:00.000000Z,119000.0,119124.7,118980.0,118992.0,192.584
2025-07-16T15:35:00.000000Z,118992.1,118992.1,118735.0,118758.2,748.968
2025-07-16T15:36:00.000000Z,118758.2,118758.2,118450.0,118547.3,695.885
2025-07-16T15:37:00.000000Z,118547.2,118569.4,118411.5,118492.5,504.812
2025-07-16T15:38:00.000000Z,118492.5,118617.4,118243.3,118606.9,792.123
2025-07-16T15:39:00.000000Z,118606.8,118670.5,118521.3,118615.8,246.722
2025-07-16T15:40:00.000000Z,118615.9,118839.2,118536.5,118741.8,331.299
2025-07-16T15:41:00.000000Z,118741.7,118906.3,118741.6,118783.8,344.326
2025-07-16T15:42:00.000000Z,118783.8,118898.1,118783.8,118800.6,136.255
2025-07-16T15:43:00.000000Z,118800.7,118956.0,118798.3,118912.4,228.327
2025-07-16T15:44:00.000000Z,118912.3,118999.0,118841.3,118999.0,216.561
2025-07-16T15:45:00.000000Z,118999.0,119089.0,118934.2,118999.9,203.589
2025-07-16T15:46:00.000000Z,119000.0,119014.2,118923.0,118978.3,204.689
2025-07-16T15:47:00.000000Z,118978.3,119115.2,118978.2,119115.1,190.756
2025-07-16T15:48:00.000000Z,119115.1,119172.0,119060.0,119146.1,186.946
2025-07-16T15:49:00.000000Z,119146.1,119263.6,119112.3,119263.6,219.551
2025-07-16T15:50:00.000000Z,119263.6,119293.3,119191.2,119205.8,185.135
2025-07-16T15:51:00.000000Z,119205.9,119257.5,119170.4,119216.2,91.037
2025-07-16T15:52:00.000000Z,119216.2,119216.2,119035.7,119056.2,349.976
2025-07-16T15:53:00.000000Z,119056.3,119250.0,119036.0,119250.0,220.4
2025-07-16T15:54:00.000000Z,119250.0,119260.3,119142.6,119234.4,131.258
2025-07-16T15:55:00.000000Z,119234.5,119393.7,118975.1,118980.8,1026.835
2025-07-16T15:56:00.000000Z,118981.0,119179.9,118891.6,119015.3,989.053
2025-07-16T15:57:00.000000Z,119015.4,119143.6,118834.3,118869.2,731.054
2025-07-16T15:58:00.000000Z,118869.3,119086.3,118853.8,119041.2,168.082
2025-07-16T15:59:00.000000Z,119041.3,119100.0,119000.0,119056.0,242.228
2025-07-16T16:00:00.000000Z,119055.9,119072.5,118949.5,118960.8,175.831
2025-07-16T16:01:00.000000Z,118960.9,119055.6,118851.8,118924.1,291.74
2025-07-16T16:02:00.000000Z,118924.2,118944.0,118803.1,118908.3,168.158
2025-07-16T16:03:00.000000Z,118908.2,118959.5,118810.5,118852.3,194.015
2025-07-16T16:04:00.000000Z,118852.3,118857.9,118701.4,118733.6,255.291
2025-07-16T16:05:00.000000Z,118733.7,118885.0,118733.6,118825.0,183.931
2025-07-16T16:06:00.000000Z,118825.0,118928.4,118782.7,118928.4,141.351
2025-07-16T16:07:00.000000Z,118928.4,118950.2,118622.4,118632.9,379.913
2025-07-16T16:08:00.000000Z,118633.0,118654.6,118430.3,118463.3,626.784
2025-07-16T16:09:00.000000Z,118463.3,118615.2,118463.3,118582.4,343.055
2025-07-16T16:10:00.000000Z,118582.5,118676.2,118549.0,118549.0,167.491
2025-07-16T16:11:00.000000Z,118548.8,118725.4,118506.8,118716.8,166.274
2025-07-16T16:12:00.000000Z,118716.8,118739.4,118658.5,118719.9,101.063
2025-07-16T16:13:00.000000Z,118720.0,118780.6,118660.8,118675.2,142.081
2025-07-16T16:14:00.000000Z,118675.3,118744.9,118669.2,118734.5,118.853
2025-07-16T16:15:00.000000Z,118734.4,118796.2,118700.0,118719.9,144.373
2025-07-16T16:16:00.000000Z,118720.0,118770.2,118714.2,118770.1,43.831
2025-07-16T16:17:00.000000Z,118770.1,118850.0,118746.4,118818.4,146.478
2025-07-16T16:18:00.000000Z,118818.3,118819.8,118731.5,118731.5,66.394
2025-07-16T16:19:00.000000Z,118731.6,118865.0,118727.9,118865.0,157.156
2025-07-16T16:20:00.000000Z,118865.0,119018.8,118865.0,118932.2,164.893
2025-07-16T16:21:00.000000Z,118932.2,118979.9,118858.5,118977.0,84.439
2025-07-16T16:22:00.000000Z,118977.0,119095.3,118921.6,119095.0,157.412
2025-07-16T16:23:00.000000Z,119095.0,119099.0,119060.1,119098.9,108.927
2025-07-16T16:24:00.000000Z,119099.0,119176.8,119067.0,119160.0,202.223
2025-07-16T16:25:00.000000Z,119160.1,119199.5,119073.8,119080.3,240.39
2025-07-16T16:26:00.000000Z,119080.3,119120.0,119017.7,119119.9,92.708
2025-07-16T16:27:00.000000Z,119120.0,119125.0,119049.0,119125.0,70.175
2025-07-16T16:28:00.000000Z,119125.0,119152.8,119088.0,119116.9,59.737
2025-07-16T16:29:00.000000Z,119116.8,119215.7,119090.8,119122.0,194.739
2025-07-16T16:30:00.000000Z,119121.9,119174.2,119032.1,119153.0,104.277
2025-07-16T16:31:00.000000Z,119152.9,119285.7,119130.7,119281.3,136.153
2025-07-16T16:32:00.000000Z,119281.2,119293.5,119155.1,119162.8,95.895
2025-07-16T16:33:00.000000Z,119162.8,119238.1,119136.4,119196.0,180.941
2025-07-16T16:34:00.000000Z,119195.9,119196.0,119112.4,119112.4,50.065
2025-07-16T16:35:00.000000Z,119112.4,119112.4,119011.2,119020.0,66.099
2025-07-16T16:36:00.000000Z,119020.0,119032.9,118970.0,119032.9,119.3
2025-07-16T16:37:00.000000Z,119032.9,119032.9,118964.4,118991.3,54.085
2025-07-16T16:38:00.000000Z,118991.2,119040.5,118984.0,119033.4,82.822
2025-07-16T16:39:00.000000Z,119033.4,119152.4,119033.3,119137.4,107.759
2025-07-16T16:40:00.000000Z,119137.4,119145.7,119080.7,119145.6,88.085
2025-07-16T16:41:00.000000Z,119145.7,119182.9,119116.8,119118.5,65.191
2025-07-16T16:42:00.000000Z,119118.5,119174.7,119099.9,119127.4,43.311
2025-07-16T16:43:00.000000Z,119127.5,119145.9,119070.1,119070.2,35.258
2025-07-16T16:44:00.000000Z,119070.1,119091.7,119041.1,119041.1,21.28
2025-07-16T16:45:00.000000Z,119041.2,119072.9,119014.1,119051.8,58.634
2025-07-16T16:46:00.000000Z,119051.8,119060.9,118937.3,118984.8,120.853
2025-07-16T16:47:00.000000Z,118984.9,118987.7,118931.4,118972.8,62.351
2025-07-16T16:48:00.000000Z,118972.9,119025.0,118963.0,119009.7,55.893
2025-07-16T16:49:00.000000Z,119009.7,119097.7,119009.7,119025.4,59.664
2025-07-16T16:50:00.000000Z,119025.5,119110.5,119017.9,119100.0,42.342
2025-07-16T16:51:00.000000Z,119100.0,119130.9,119050.4,119051.3,48.663
2025-07-16T16:52:00.000000Z,119051.3,119197.7,119051.3,119193.7,69.626
2025-07-16T16:53:00.000000Z,119193.8,119218.4,119143.8,119152.1,69.624
2025-07-16T16:54:00.000000Z,119152.1,119184.7,119152.0,119155.0,22.357
2025-07-16T16:55:00.000000Z,119155.0,119235.0,119155.0,119200.9,65.013
2025-07-16T16:56:00.000000Z,119200.8,119250.0,119194.8,119232.4,57.781
2025-07-16T16:57:00.000000Z,119232.4,119232.4,119171.5,119187.3,57.15
2025-07-16T16:58:00.000000Z,119187.2,119256.0,119187.2,119256.0,25.897
2025-07-16T16:59:00.000000Z,119255.9,119280.9,119244.0,119250.0,70.825
2025-07-16T17:00:00.000000Z,119249.9,119289.0,119224.4,119278.3,123.418
2025-07-16T17:01:00.000000Z,119278.4,119286.4,119235.9,119246.9,50.361
2025-07-16T17:02:00.000000Z,119246.9,119380.6,119246.9,119339.9,263.044
2025-07-16T17:03:00.000000Z,119339.8,119339.9,119208.8,119211.9,77.143
2025-07-16T17:04:00.000000Z,119211.8,119231.0,119159.6,119203.0,83.137
2025-07-16T17:05:00.000000Z,119203.1,119220.0,119185.8,119199.2,31.237
2025-07-16T17:06:00.000000Z,119199.1,119231.1,119169.8,119230.0,42.718
2025-07-16T17:07:00.000000Z,119230.0,119247.0,119215.8,119236.3,37.141
2025-07-16T17:08:00.000000Z,119236.3,119284.0,119236.3,119246.9,39.928
2025-07-16T17:09:00.000000Z,119246.9,119258.0,119218.7,119218.7,50.628
2025-07-16T17:10:00.000000Z,119218.8,119224.7,119174.5,119174.5,35.086
2025-07-16T17:11:00.000000Z,119174.5,119260.0,119150.0,119235.2,80.109
2025-07-16T17:12:00.000000Z,119235.2,119235.4,119169.0,119169.0,63.749
2025-07-16T17:13:00.000000Z,119169.0,119200.0,119158.6,119189.4,39.726
2025-07-16T17:14:00.000000Z,119189.3,119199.4,119159.4,119167.1,27.423
2025-07-16T17:15:00.000000Z,119167.1,119222.0,119162.0,119213.9,48.157
2025-07-16T17:16:00.000000Z,119213.9,119259.1,119172.9,119259.0,36.197
2025-07-16T17:17:00.000000Z,119259.0,119307.6,119241.9,119307.5,105.579
2025-07-16T17:18:00.000000Z,119307.6,119329.6,119284.0,119294.1,66.405
2025-07-16T17:19:00.000000Z,119294.1,119319.4,119294.1,119315.0,40.71
2025-07-16T17:20:00.000000Z,119314.9,119461.5,119314.9,119454.0,317.498
2025-07-16T17:21:00.000000Z,119454.0,119496.9,119295.2,119340.4,209.895
2025-07-16T17:22:00.000000Z,119340.5,119467.7,119340.5,119418.5,113.564
2025-07-16T17:23:00.000000Z,119418.4,119441.4,119364.0,119420.1,73.208
2025-07-16T17:24:00.000000Z,119420.1,119480.0,119420.0,119476.7,53.438
2025-07-16T17:25:00.000000Z,119476.8,119479.3,119372.8,119479.3,106.093
2025-07-16T17:26:00.000000Z,119479.2,119622.0,119479.2,119621.9,504.1
2025-07-16T17:27:00.000000Z,119622.0,119676.2,119537.9,119574.2,445.338
2025-07-16T17:28:00.000000Z,119574.1,119598.7,119523.5,119572.3,257.809
2025-07-16T17:29:00.000000Z,119572.3,119624.3,119570.0,119598.9,293.68
2025-07-16T17:30:00.000000Z,119598.8,119616.1,119552.8,119596.2,70.569
2025-07-16T17:31:00.000000Z,119596.1,119625.7,119579.8,119613.6,138.714
2025-07-16T17:32:00.000000Z,119613.6,119618.9,119580.0,119618.8,54.298
2025-07-16T17:33:00.000000Z,119618.9,119618.9,119580.0,119582.4,58.181
2025-07-16T17:34:00.000000Z,119582.5,119617.3,119530.7,119617.2,74.209
2025-07-16T17:35:00.000000Z,119617.2,119649.9,119612.2,119618.1,79.967
2025-07-16T17:36:00.000000Z,119618.2,119640.7,119559.6,119560.0,49.866
2025-07-16T17:37:00.000000Z,119561.0,119577.1,119462.3,119482.7,109.937
2025-07-16T17:38:00.000000Z,119482.6,119513.7,119438.7,119503.6,97.686
2025-07-16T17:39:00.000000Z,119503.5,119532.5,119480.0,119499.9,44.514
2025-07-16T17:40:00.000000Z,119499.9,119508.7,119455.7,119466.4,72.573
2025-07-16T17:41:00.000000Z,119466.3,119500.0,119466.3,119493.2,60.484
2025-07-16T17:42:00.000000Z,119493.2,119493.2,119284.2,119300.0,141.227
2025-07-16T17:43:00.000000Z,119300.0,119316.4,119279.7,119296.2,78.876
2025-07-16T17:44:00.000000Z,119296.2,119304.4,119218.7,119266.0,166.288
2025-07-16T17:45:00.000000Z,119266.0,119328.1,119263.7,119312.3,82.545
2025-07-16T17:46:00.000000Z,119312.3,119368.2,119274.4,119368.2,58.477
2025-07-16T17:47:00.000000Z,119368.1,119461.2,119368.1,119450.2,109.922
2025-07-16T17:48:00.000000Z,119450.2,119450.2,119357.0,119398.7,54.269
2025-07-16T17:49:00.000000Z,119398.7,119398.7,119280.0,119328.4,69.239
2025-07-16T17:50:00.000000Z,119328.4,119328.4,119141.5,119141.5,118.403
2025-07-16T17:51:00.000000Z,119141.4,119182.5,119113.9,119114.0,113.916
2025-07-16T17:52:00.000000Z,119113.9,119171.1,119113.9,119153.0,132.431
2025-07-16T17:53:00.000000Z,119153.0,119222.2,119126.2,119212.2,149.384
2025-07-16T17:54:00.000000Z,119212.3,119222.8,119040.8,119052.8,147.619
2025-07-16T17:55:00.000000Z,119052.8,119052.8,118924.1,118986.0,275.699
2025-07-16T17:56:00.000000Z,118985.9,119028.8,118985.9,119023.8,93.089
2025-07-16T17:57:00.000000Z,119023.4,119077.6,119023.3,119050.0,65.832
2025-07-16T17:58:00.000000Z,119050.1,119050.1,118999.9,118999.9,48.397
2025-07-16T17:59:00.000000Z,119000.0,119039.4,118982.1,119039.4,87.116
2025-07-16T18:00:00.000000Z,119039.4,119076.8,118987.1,119036.0,79.093
2025-07-16T18:01:00.000000Z,119036.0,119036.1,119002.9,119022.0,50.429
2025-07-16T18:02:00.000000Z,119021.9,119039.4,118976.5,118976.5,62.555
2025-07-16T18:03:00.000000Z,118976.5,118985.0,118836.0,118977.1,239.617
2025-07-16T18:04:00.000000Z,118977.1,119112.2,118961.9,119103.2,165.46
2025-07-16T18:05:00.000000Z,119103.2,119213.1,119050.0,119213.0,158.174
2025-07-16T18:06:00.000000Z,119213.0,119479.0,119201.6,119427.5,359.798
2025-07-16T18:07:00.000000Z,119427.5,119427.6,119329.3,119340.5,114.933
2025-07-16T18:08:00.000000Z,119340.5,119445.6,119340.5,119385.5,91.651
2025-07-16T18:09:00.000000Z,119385.6,119432.7,119349.5,119432.7,84.963
2025-07-16T18:10:00.000000Z,119432.7,119432.7,119321.5,119357.8,72.31
2025-07-16T18:11:00.000000Z,119357.7,119357.7,119231.1,119300.5,130.517
2025-07-16T18:12:00.000000Z,119300.5,119336.1,119293.5,119313.9,56.314
2025-07-16T18:13:00.000000Z,119313.9,119364.0,119307.6,119355.1,27.614
2025-07-16T18:14:00.000000Z,119355.0,119355.0,119272.7,119292.7,45.749
2025-07-16T18:15:00.000000Z,119292.7,119332.1,119246.2,119294.1,67.202
2025-07-16T18:16:00.000000Z,119295.1,119364.8,119295.1,119350.0,34.912
2025-07-16T18:17:00.000000Z,119350.1,119362.2,119300.0,119321.8,29.874
2025-07-16T18:18:00.000000Z,119321.9,119321.9,119245.3,119245.3,53.169
2025-07-16T18:19:00.000000Z,119245.3,119245.4,119115.3,119115.3,79.095
2025-07-16T18:20:00.000000Z,119115.2,119130.1,119059.1,119108.0,71.942
2025-07-16T18:21:00.000000Z,119108.1,119187.7,119108.0,119187.7,35.009
2025-07-16T18:22:00.000000Z,119187.9,119217.4,119135.4,119196.5,42.199
2025-07-16T18:23:00.000000Z,119196.5,119207.9,119156.3,119190.0,47.756
2025-07-16T18:24:00.000000Z,119190.0,119210.1,119189.9,119195.5,29.366
2025-07-16T18:25:00.000000Z,119195.5,119195.5,119120.0,119120.0,53.774
2025-07-16T18:26:00.000000Z,119120.0,119153.5,119080.8,119080.9,65.218
2025-07-16T18:27:00.000000Z,119080.9,119158.6,119080.0,119158.6,46.34
2025-07-16T18:28:00.000000Z,119158.5,119168.8,119136.4,119148.6,46.958
2025-07-16T18:29:00.000000Z,119148.5,119196.5,119123.0,119136.2,24.82
2025-07-16T18:30:00.000000Z,119136.2,119265.0,119136.1,119265.0,33.289
2025-07-16T18:31:00.000000Z,119265.0,119301.8,119258.9,119301.8,70.578
2025-07-16T18:32:00.000000Z,119301.8,119463.9,119301.8,119459.4,91.619
2025-07-16T18:33:00.000000Z,119459.5,119459.5,119364.6,119448.8,166.776
2025-07-16T18:34:00.000000Z,119448.8,119588.0,119448.8,119559.9,231.097
2025-07-16T18:35:00.000000Z,119559.9,119560.0,119482.4,119556.4,185.935
2025-07-16T18:36:00.000000Z,119556.4,119615.3,119532.5,119560.8,214.116
2025-07-16T18:37:00.000000Z,119560.8,119596.5,119543.9,119544.0,152.838
2025-07-16T18:38:00.000000Z,119543.9,119543.9,119441.4,119504.8,145.814
2025-07-16T18:39:00.000000Z,119504.8,119559.5,119492.7,119508.8,108.042
2025-07-16T18:40:00.000000Z,119508.7,119537.5,119477.6,119537.4,113.08
2025-07-16T18:41:00.000000Z,119537.4,119615.3,119494.7,119615.3,139.5
2025-07-16T18:42:00.000000Z,119615.2,119615.3,119519.0,119572.1,180.64
2025-07-16T18:43:00.000000Z,119572.1,119688.8,119538.9,119669.2,492.264
2025-07-16T18:44:00.000000Z,119669.3,119688.8,119633.6,119688.7,75.648
2025-07-16T18:45:00.000000Z,119688.7,119888.0,119681.8,119888.0,636.293
2025-07-16T18:46:00.000000Z,119888.0,119888.0,119760.0,119816.4,213.597
2025-07-16T18:47:00.000000Z,119816.4,119837.5,119675.0,119700.1,181.246
2025-07-16T18:48:00.000000Z,119700.0,119700.0,119556.0,119654.3,133.388
2025-07-16T18:49:00.000000Z,119654.2,119786.0,119620.1,119785.9,90.246
2025-07-16T18:50:00.000000Z,119785.9,119786.0,119623.7,119672.1,160.982
2025-07-16T18:51:00.000000Z,119672.1,119683.2,119485.4,119495.3,134.824
2025-07-16T18:52:00.000000Z,119495.4,119549.7,119456.9,119456.9,71.551
2025-07-16T18:53:00.000000Z,119457.0,119474.9,119404.2,119460.9,109.248
2025-07-16T18:54:00.000000Z,119460.9,119550.0,119459.2,119549.9,63.873
2025-07-16T18:55:00.000000Z,119550.0,119600.0,119506.9,119599.9,81.281
2025-07-16T18:56:00.000000Z,119600.0,119622.1,119562.8,119566.2,44.353
2025-07-16T18:57:00.000000Z,119566.2,119566.3,119495.6,119536.4,56.995
2025-07-16T18:58:00.000000Z,119536.3,119558.4,119494.8,119511.2,86.435
2025-07-16T18:59:00.000000Z,119511.2,119534.3,119431.6,119471.0,68.762
2025-07-16T19:00:00.000000Z,119471.0,119563.5,119471.0,119563.3,87.664
2025-07-16T19:01:00.000000Z,119563.3,119600.0,119540.6,119559.6,71.054
2025-07-16T19:02:00.000000Z,119559.6,119567.3,119500.0,119567.2,72.776
2025-07-16T19:03:00.000000Z,119567.2,119592.9,119549.9,119560.3,52.475
2025-07-16T19:04:00.000000Z,119560.3,119600.0,119490.4,119490.4,132.264
2025-07-16T19:05:00.000000Z,119490.4,119490.4,119420.0,119432.3,52.068
2025-07-16T19:06:00.000000Z,119432.4,119461.4,119420.0,119461.3,64.565
2025-07-16T19:07:00.000000Z,119461.4,119476.8,119303.8,119358.2,153.709
2025-07-16T19:08:00.000000Z,119358.1,119466.6,119358.1,119466.5,58.149
2025-07-16T19:09:00.000000Z,119466.5,119466.5,119324.1,119383.0,248.931
2025-07-16T19:10:00.000000Z,119382.9,119383.0,119206.6,119215.5,186.08
2025-07-16T19:11:00.000000Z,119215.6,119286.0,119202.3,119235.4,86.484
2025-07-16T19:12:00.000000Z,119235.5,119235.5,119127.2,119173.5,120.777
2025-07-16T19:13:00.000000Z,119173.5,119217.8,119115.4,119120.8,119.409
2025-07-16T19:14:00.000000Z,119120.9,119201.7,119120.8,119185.1,72.296
2025-07-16T19:15:00.000000Z,119185.0,119239.5,119157.7,119213.3,85.757
2025-07-16T19:16:00.000000Z,119213.3,119242.8,119134.0,119167.5,89.053
2025-07-16T19:17:00.000000Z,119167.5,119202.0,119134.0,119134.0,160.152
2025-07-16T19:18:00.000000Z,119134.0,119153.1,119080.8,119147.9,155.462
2025-07-16T19:19:00.000000Z,119147.9,119202.1,119117.5,119202.0,83.909
2025-07-16T19:20:00.000000Z,119202.1,119206.3,119166.0,119166.1,42.651
2025-07-16T19:21:00.000000Z,119166.1,119227.3,119166.1,119185.1,75.661
2025-07-16T19:22:00.000000Z,119185.2,119339.4,119185.2,119339.4,135.661
2025-07-16T19:23:00.000000Z,119339.4,119339.4,119228.9,119229.0,96.686
2025-07-16T19:24:00.000000Z,119228.9,119275.9,119228.9,119253.1,39.591
2025-07-16T19:25:00.000000Z,119253.1,119300.0,119253.0,119272.0,39.684
2025-07-16T19:26:00.000000Z,119271.9,119333.6,119263.7,119282.0,55.758
2025-07-16T19:27:00.000000Z,119282.0,119282.0,119201.8,119207.1,91.515
2025-07-16T19:28:00.000000Z,119207.2,119209.0,119093.4,119109.6,169.614
2025-07-16T19:29:00.000000Z,119109.6,119157.5,119109.6,119142.5,64.64
2025-07-16T19:30:00.000000Z,119142.5,119142.5,118937.6,118952.6,300.898
2025-07-16T19:31:00.000000Z,118952.5,118952.6,118824.4,118886.9,186.174
2025-07-16T19:32:00.000000Z,118886.9,118931.3,118800.0,118816.6,359.246
2025-07-16T19:33:00.000000Z,118814.3,118885.5,118780.0,118885.5,142.235
2025-07-16T19:34:00.000000Z,118885.5,118885.5,118842.8,118866.3,102.031
2025-07-16T19:35:00.000000Z,118866.3,118889.6,118860.4,118880.3,86.239
2025-07-16T19:36:00.000000Z,118880.3,118944.9,118880.2,118921.8,78.048
2025-07-16T19:37:00.000000Z,118921.7,118957.9,118880.4,118880.9,92.331
2025-07-16T19:38:00.000000Z,118880.8,118880.9,118833.9,118849.9,75.082
2025-07-16T19:39:00.000000Z,118849.9,118886.9,118849.9,118886.8,37.466
2025-07-16T19:40:00.000000Z,118886.9,118910.4,118841.9,118910.4,50.037
2025-07-16T19:41:00.000000Z,118910.3,118920.0,118850.6,118850.6,43.854
2025-07-16T19:42:00.000000Z,118850.6,118900.0,118842.0,118900.0,33.627
2025-07-16T19:43:00.000000Z,118900.0,118942.8,118884.7,118900.1,46.917
2025-07-16T19:44:00.000000Z,118900.0,118905.5,118851.0,118870.1,46.86
2025-07-16T19:45:00.000000Z,118870.0,118982.9,118850.0,118982.8,200.819
2025-07-16T19:46:00.000000Z,118982.9,119000.0,118953.4,118963.4,49.304
2025-07-16T19:47:00.000000Z,118963.4,119078.0,118963.3,119077.9,49.415
2025-07-16T19:48:00.000000Z,119078.0,119115.2,119067.1,119075.1,73.36
2025-07-16T19:49:00.000000Z,119075.0,119115.2,119075.0,119104.9,43.627
2025-07-16T19:50:00.000000Z,119104.9,119119.3,119029.8,119060.4,64.579
2025-07-16T19:51:00.000000Z,119060.4,119172.7,119060.0,119172.6,61.75
2025-07-16T19:52:00.000000Z,119172.7,119195.6,119122.4,119134.9,56.835
2025-07-16T19:53:00.000000Z,119134.8,119278.2,119134.8,119232.0,200.499
2025-07-16T19:54:00.000000Z,119232.1,119232.1,119163.7,119168.0,47.606
2025-07-16T19:55:00.000000Z,119168.1,119168.1,119037.6,119104.5,118.277
2025-07-16T19:56:00.000000Z,119104.5,119120.4,119066.7,119120.4,39.848
2025-07-16T19:57:00.000000Z,119120.4,119181.7,119120.3,119139.8,66.178
2025-07-16T19:58:00.000000Z,119139.8,119153.6,119113.5,119113.6,39.611
2025-07-16T19:59:00.000000Z,119113.5,119261.2,119069.6,119186.7,157.3
2025-07-16T20:00:00.000000Z,119186.7,119186.7,119087.0,119155.2,87.762
2025-07-16T20:01:00.000000Z,119155.3,119155.3,119071.7,119071.7,33.158
2025-07-16T20:02:00.000000Z,119071.4,119150.0,119045.4,119150.0,102.862
2025-07-16T20:03:00.000000Z,119150.0,119201.2,119149.9,119195.0,51.274
2025-07-16T20:04:00.000000Z,119194.9,119221.1,119188.9,119211.6,39.221
2025-07-16T20:05:00.000000Z,119211.6,119268.5,119211.5,119268.4,56.397
2025-07-16T20:06:00.000000Z,119268.5,119268.5,119200.0,119200.2,75.998
2025-07-16T20:07:00.000000Z,119200.1,119206.3,119072.8,119102.5,84.712
2025-07-16T20:08:00.000000Z,119102.5,119126.7,119098.0,119098.0,52.011
2025-07-16T20:09:00.000000Z,119098.0,119098.1,119002.0,119082.5,113.197
2025-07-16T20:10:00.000000Z,119082.5,119082.5,118982.9,118982.9,48.578
2025-07-16T20:11:00.000000Z,118982.9,118983.0,118891.2,118903.1,71.987
2025-07-16T20:12:00.000000Z,118903.2,119033.6,118903.2,119018.6,54.426
2025-07-16T20:13:00.000000Z,119018.6,119183.4,118981.8,119177.3,378.049
2025-07-16T20:14:00.000000Z,119177.4,119255.0,119177.3,119235.0,81.043
2025-07-16T20:15:00.000000Z,119235.0,119248.0,119160.8,119160.8,41.907
2025-07-16T20:16:00.000000Z,119160.8,119229.3,119160.8,119207.6,31.326
2025-07-16T20:17:00.000000Z,119207.6,119284.1,119200.1,119252.7,60.477
2025-07-16T20:18:00.000000Z,119252.7,119300.1,119225.0,119231.2,117.66
2025-07-16T20:19:00.000000Z,119230.0,119241.5,119157.5,119241.5,88.261
2025-07-16T20:20:00.000000Z,119241.5,119295.7,119241.5,119295.6,82.895
2025-07-16T20:21:00.000000Z,119295.6,119295.7,119242.6,119242.7,44.395
2025-07-16T20:22:00.000000Z,119242.6,119268.6,119208.5,119267.8,37.105
2025-07-16T20:23:00.000000Z,119267.9,119370.4,119267.8,119370.4,66.984
2025-07-16T20:24:00.000000Z,119370.4,119412.6,119339.1,119391.5,69.953
2025-07-16T20:25:00.000000Z,119391.5,119411.8,119363.0,119374.9,97.657
2025-07-16T20:26:00.000000Z,119374.9,119418.4,119374.9,119418.3,42.965
2025-07-16T20:27:00.000000Z,119418.4,119420.0,119397.0,119420.0,36.351
2025-07-16T20:28:00.000000Z,119420.0,119555.0,119419.9,119553.2,145.257
2025-07-16T20:29:00.000000Z,119553.1,119565.4,119503.6,119565.3,71.718
2025-07-16T20:30:00.000000Z,119565.3,119655.4,119562.5,119562.5,133.937
2025-07-16T20:31:00.000000Z,119562.5,119562.6,119456.6,119548.8,161.556
2025-07-16T20:32:00.000000Z,119548.9,119586.6,119548.8,119556.8,50.189
2025-07-16T20:33:00.000000Z,119556.7,119640.9,119556.7,119640.7,116.378
2025-07-16T20:34:00.000000Z,119640.8,119677.4,119600.1,119677.3,86.194
2025-07-16T20:35:00.000000Z,119677.3,119720.1,119654.6,119692.3,142.787
2025-07-16T20:36:00.000000Z,119692.3,119692.5,119544.8,119566.5,120.583
2025-07-16T20:37:00.000000Z,119566.4,119637.1,119566.4,119633.7,33.427
2025-07-16T20:38:00.000000Z,119633.6,119730.0,119633.6,119729.9,60.504
2025-07-16T20:39:00.000000Z,119729.9,119736.5,119711.0,119733.8,81.513
2025-07-16T20:40:00.000000Z,119733.8,119736.6,119677.4,119677.4,212.335
2025-07-16T20:41:00.000000Z,119677.5,119723.6,119677.4,119723.5,37.648
2025-07-16T20:42:00.000000Z,119723.6,119810.0,119723.6,119809.9,138.381
2025-07-16T20:43:00.000000Z,119810.0,119846.5,119810.0,119846.4,62.484
2025-07-16T20:44:00.000000Z,119846.4,119914.9,119825.0,119898.9,350.727
2025-07-16T20:45:00.000000Z,119898.9,119911.5,119820.0,119832.5,174.659
2025-07-16T20:46:00.000000Z,119832.6,119832.6,119717.0,119763.2,273.456
2025-07-16T20:47:00.000000Z,119763.3,119763.3,119689.4,119736.2,168.914
2025-07-16T20:48:00.000000Z,119736.2,119736.3,119719.9,119724.2,19.851
2025-07-16T20:49:00.000000Z,119724.2,119729.8,119667.5,119686.7,143.772
2025-07-16T20:50:00.000000Z,119686.8,119700.0,119677.0,119693.8,84.079
2025-07-16T20:51:00.000000Z,119693.9,119714.4,119688.0,119714.3,27.245
2025-07-16T20:52:00.000000Z,119714.3,119768.9,119688.1,119691.9,75.791
2025-07-16T20:53:00.000000Z,119692.0,119718.1,119688.0,119718.0,44.657
2025-07-16T20:54:00.000000Z,119718.0,119718.1,119647.1,119647.1,111.929
2025-07-16T20:55:00.000000Z,119647.1,119647.2,119625.0,119647.2,93.298
2025-07-16T20:56:00.000000Z,119647.1,119647.2,119523.0,119523.0,246.444
2025-07-16T20:57:00.000000Z,119523.0,119634.2,119523.0,119634.2,59.75
2025-07-16T20:58:00.000000Z,119634.2,119846.1,119634.2,119839.0,109.981
2025-07-16T20:59:00.000000Z,119839.0,119886.3,119833.0,119886.2,116.755
2025-07-16T21:00:00.000000Z,119886.2,120100.0,119886.2,119933.2,1437.281
2025-07-16T21:01:00.000000Z,119933.2,120000.0,119889.7,119979.1,147.59
2025-07-16T21:02:00.000000Z,119979.0,120000.0,119979.0,119981.0,77.498
2025-07-16T21:03:00.000000Z,119981.0,119981.0,119903.5,119974.9,88.012
2025-07-16T21:04:00.000000Z,119974.9,119975.0,119885.8,119885.8,78.524
2025-07-16T21:05:00.000000Z,119885.8,119910.0,119792.0,119828.5,198.268
2025-07-16T21:06:00.000000Z,119828.5,119862.0,119800.0,119823.6,143.188
2025-07-16T21:07:00.000000Z,119823.6,119921.2,119800.0,119921.2,95.197
2025-07-16T21:08:00.000000Z,119921.4,119955.0,119909.6,119955.0,83.205
2025-07-16T21:09:00.000000Z,119955.0,119981.0,119850.8,119954.1,193.49
2025-07-16T21:10:00.000000Z,119954.2,119983.7,119916.5,119951.7,114.288
2025-07-16T21:11:00.000000Z,119951.7,119979.2,119928.3,119979.2,55.852
2025-07-16T21:12:00.000000Z,119979.2,119983.3,119945.0,119954.2,78.04
2025-07-16T21:13:00.000000Z,119954.2,119970.9,119954.2,119960.7,32.22
2025-07-16T21:14:00.000000Z,119960.6,119960.7,119863.9,119863.9,49.385
2025-07-16T21:15:00.000000Z,119863.9,119909.7,119683.6,119771.9,225.44
2025-07-16T21:16:00.000000Z,119771.9,119831.6,119744.6,119781.9,108.444
2025-07-16T21:17:00.000000Z,119782.0,119800.7,119750.0,119785.8,40.895
2025-07-16T21:18:00.000000Z,119785.7,119791.0,119711.0,119721.6,67.608
2025-07-16T21:19:00.000000Z,119721.6,119791.0,119721.6,119790.9,27.45
2025-07-16T21:20:00.000000Z,119791.0,119823.9,119790.9,119795.7,56.487
2025-07-16T21:21:00.000000Z,119795.6,119803.5,119752.2,119752.2,38.537
2025-07-16T21:22:00.000000Z,119752.3,119777.3,119716.5,119777.2,26.819
2025-07-16T21:23:00.000000Z,119777.3,119835.0,119769.1,119835.0,97.303
2025-07-16T21:24:00.000000Z,119835.2,119835.2,119777.9,119829.3,67.645
2025-07-16T21:25:00.000000Z,119829.3,119829.3,119811.7,119815.9,32.208
2025-07-16T21:26:00.000000Z,119815.9,119829.3,119784.5,119829.3,70.059
2025-07-16T21:27:00.000000Z,119829.2,119854.3,119800.0,119842.6,98.345
2025-07-16T21:28:00.000000Z,119842.6,119910.4,119842.5,119893.1,188.801
2025-07-16T21:29:00.000000Z,119893.1,119908.5,119893.0,119908.5,43.8
2025-07-16T21:30:00.000000Z,119908.5,119915.0,119869.7,119892.1,60.02
2025-07-16T21:31:00.000000Z,119893.0,119896.9,119817.2,119856.2,72.98
2025-07-16T21:32:00.000000Z,119856.1,119868.3,119769.2,119789.4,74.16
2025-07-16T21:33:00.000000Z,119789.3,119789.4,119740.9,119761.7,69.537
2025-07-16T21:34:00.000000Z,119761.7,119766.0,119692.3,119714.6,86.833
2025-07-16T21:35:00.000000Z,119714.5,119738.7,119623.3,119635.4,189.3
2025-07-16T21:36:00.000000Z,119635.3,119645.0,119569.8,119579.9,175.003
2025-07-16T21:37:00.000000Z,119579.9,119614.6,119454.7,119501.6,403.768
2025-07-16T21:38:00.000000Z,119501.5,119543.6,119437.0,119543.6,181.254
2025-07-16T21:39:00.000000Z,119543.5,119599.0,119543.5,119587.9,55.123
2025-07-16T21:40:00.000000Z,119587.9,119587.9,119541.0,119582.6,38.891
2025-07-16T21:41:00.000000Z,119582.5,119612.8,119509.3,119550.0,136.568
2025-07-16T21:42:00.000000Z,119550.0,119600.0,119516.9,119516.9,74.752
2025-07-16T21:43:00.000000Z,119516.9,119517.0,119361.7,119397.8,153.602
2025-07-16T21:44:00.000000Z,119397.8,119412.0,119333.6,119350.0,222.957
2025-07-16T21:45:00.000000Z,119350.0,119422.0,119349.9,119398.1,141.694
2025-07-16T21:46:00.000000Z,119398.1,119422.0,119398.0,119422.0,48.365
2025-07-16T21:47:00.000000Z,119422.0,119435.0,119421.4,119421.4,44.476
2025-07-16T21:48:00.000000Z,119421.5,119435.0,119421.4,119421.5,46.229
2025-07-16T21:49:00.000000Z,119421.4,119444.4,119392.7,119444.4,85.75
2025-07-16T21:50:00.000000Z,119444.4,119450.0,119430.1,119450.0,58.215
2025-07-16T21:51:00.000000Z,119450.0,119465.0,119449.9,119465.0,82.796
2025-07-16T21:52:00.000000Z,119464.9,119476.0,119464.9,119475.9,26.622
2025-07-16T21:53:00.000000Z,119476.0,119485.0,119475.9,119484.9,46.27
2025-07-16T21:54:00.000000Z,119485.0,119485.0,119473.2,119479.9,30.805
2025-07-16T21:55:00.000000Z,119480.0,119480.0,119422.3,119429.5,61.342
2025-07-16T21:56:00.000000Z,119429.4,119430.0,119421.9,119422.0,71.484
2025-07-16T21:57:00.000000Z,119421.9,119422.0,119330.2,119354.5,96.869
2025-07-16T21:58:00.000000Z,119354.4,119354.5,119150.6,119234.2,495.925
2025-07-16T21:59:00.000000Z,119234.2,119268.2,119234.1,119254.7,61.613
2025-07-16T22:00:00.000000Z,119254.7,119399.0,119254.7,119399.0,179.922
2025-07-16T22:01:00.000000Z,119399.0,119403.9,119282.5,119302.3,201.389
2025-07-16T22:02:00.000000Z,119302.3,119396.4,119302.3,119377.8,144.092
2025-07-16T22:03:00.000000Z,119377.8,119377.8,119272.8,119306.9,150.812
2025-07-16T22:04:00.000000Z,119306.8,119306.8,119276.8,119276.9,52.975
2025-07-16T22:05:00.000000Z,119276.8,119300.1,119250.6,119278.0,81.828
2025-07-16T22:06:00.000000Z,119278.0,119299.0,119259.4,119259.4,60.53
2025-07-16T22:07:00.000000Z,119259.5,119259.5,119185.6,119185.6,88.744
2025-07-16T22:08:00.000000Z,119185.6,119225.1,119174.6,119174.7,94.441
2025-07-16T22:09:00.000000Z,119174.6,119185.6,119154.6,119179.0,81.338
2025-07-16T22:10:00.000000Z,119179.1,119247.0,119179.0,119246.9,113.121
2025-07-16T22:11:00.000000Z,119247.0,119274.4,119204.1,119236.5,81.904
2025-07-16T22:12:00.000000Z,119236.6,119325.0,119214.9,119320.5,42.548
2025-07-16T22:13:00.000000Z,119320.5,119320.5,119245.2,119245.3,52.265
2025-07-16T22:14:00.000000Z,119245.3,119300.6,119245.2,119292.9,52.333
2025-07-16T22:15:00.000000Z,119292.8,119308.9,119232.0,119232.0,48.543
2025-07-16T22:16:00.000000Z,119232.0,119315.0,119211.3,119314.5,51.216
2025-07-16T22:17:00.000000Z,119314.5,119384.6,119264.2,119384.6,77.036
2025-07-16T22:18:00.000000Z,119384.6,119461.5,119367.7,119367.7,117.116
2025-07-16T22:19:00.000000Z,119367.7,119396.1,119330.5,119396.1,43.059
2025-07-16T22:20:00.000000Z,119396.2,119466.6,119361.8,119361.8,50.958
2025-07-16T22:21:00.000000Z,119361.8,119393.3,119319.9,119393.2,63.853
2025-07-16T22:22:00.000000Z,119393.2,119393.2,119307.6,119307.7,36.034
2025-07-16T22:23:00.000000Z,119307.6,119346.0,119300.0,119322.1,68.582
2025-07-16T22:24:00.000000Z,119322.1,119342.5,119305.0,119331.1,48.716
2025-07-16T22:25:00.000000Z,119331.1,119331.1,119208.3,119208.4,77.494
2025-07-16T22:26:00.000000Z,119208.4,119244.6,119200.0,119244.6,68.294
2025-07-16T22:27:00.000000Z,119244.6,119244.6,119144.6,119181.2,108.379
2025-07-16T22:28:00.000000Z,119181.1,119192.2,119173.0,119178.6,53.389
2025-07-16T22:29:00.000000Z,119178.7,119209.9,119166.4,119172.7,62.59
2025-07-16T22:30:00.000000Z,119172.6,119235.0,119144.6,119233.9,77.327
2025-07-16T22:31:00.000000Z,119233.8,119233.9,119192.3,119195.5,61.881
2025-07-16T22:32:00.000000Z,119195.4,119195.5,119140.0,119140.1,47.054
2025-07-16T22:33:00.000000Z,119140.0,119159.1,119051.9,119089.4,286.476
2025-07-16T22:34:00.000000Z,119089.4,119106.9,119089.4,119089.4,23.164
2025-07-16T22:35:00.000000Z,119089.5,119108.2,119054.9,119104.3,43.611
2025-07-16T22:36:00.000000Z,119104.4,119126.3,119080.8,119080.8,52.182
2025-07-16T22:37:00.000000Z,119080.8,119080.9,118969.0,118969.0,157.707
2025-07-16T22:38:00.000000Z,118969.0,118991.9,118954.6,118954.7,70.371
2025-07-16T22:39:00.000000Z,118954.6,118974.1,118936.3,118957.6,110.206
2025-07-16T22:40:00.000000Z,118957.6,118995.7,118957.6,118967.3,57.527
2025-07-16T22:41:00.000000Z,118967.2,118967.3,118902.0,118907.2,210.981
2025-07-16T22:42:00.000000Z,118907.3,118929.6,118900.0,118920.1,75.372
2025-07-16T22:43:00.000000Z,118920.1,118920.1,118820.0,118916.1,236.034
2025-07-16T22:44:00.000000Z,118916.1,118988.5,118909.9,118988.5,81.186
2025-07-16T22:45:00.000000Z,118988.6,118994.2,118862.7,118862.7,61.931
2025-07-16T22:46:00.000000Z,118862.3,118862.3,118801.6,118807.5,149.471
2025-07-16T22:47:00.000000Z,118807.5,118807.6,118694.5,118695.1,191.592
2025-07-16T22:48:00.000000Z,118695.1,118706.9,118649.0,118667.7,208.822
2025-07-16T22:49:00.000000Z,118667.7,118679.8,118570.3,118588.9,139.659
2025-07-16T22:50:00.000000Z,118588.8,118695.3,118557.0,118641.6,230.313
2025-07-16T22:51:00.000000Z,118641.6,118641.7,118577.8,118609.7,100.606
2025-07-16T22:52:00.000000Z,118609.9,118661.4,118606.0,118642.9,58.102
2025-07-16T22:53:00.000000Z,118642.9,118696.9,118621.6,118696.9,78.892
2025-07-16T22:54:00.000000Z,118696.9,118706.4,118656.0,118662.5,51.826
2025-07-16T22:55:00.000000Z,118662.5,118669.5,118645.2,118658.0,34.547
2025-07-16T22:56:00.000000Z,118658.0,118700.1,118651.4,118651.4,81.652
2025-07-16T22:57:00.000000Z,118651.5,118668.6,118628.2,118638.8,68.817
2025-07-16T22:58:00.000000Z,118638.9,118638.9,118601.1,118629.5,40.691
2025-07-16T22:59:00.000000Z,118629.6,118635.0,118609.3,118624.8,59.59
2025-07-16T23:00:00.000000Z,118624.8,118656.8,118613.1,118624.7,50.5
2025-07-16T23:01:00.000000Z,118624.8,118624.8,118619.9,118624.2,25.662
2025-07-16T23:02:00.000000Z,118624.3,118624.3,118573.5,118603.7,69.721
2025-07-16T23:03:00.000000Z,118603.7,118619.3,118530.1,118542.8,149.869
2025-07-16T23:04:00.000000Z,118542.8,118553.3,118489.4,118489.4,120.69
2025-07-16T23:05:00.000000Z,118489.4,118557.2,118477.6,118550.1,121.461
2025-07-16T23:06:00.000000Z,118550.1,118614.3,118550.1,118577.7,73.439
2025-07-16T23:07:00.000000Z,118577.7,118583.1,118560.2,118579.7,41.574
2025-07-16T23:08:00.000000Z,118579.6,118591.1,118549.9,118583.3,43.453
2025-07-16T23:09:00.000000Z,118583.3,118583.3,118522.2,118522.2,21.32
2025-07-16T23:10:00.000000Z,118522.3,118526.8,118522.2,118526.7,38.726
2025-07-16T23:11:00.000000Z,118526.7,118532.5,118510.4,118529.3,59.622
2025-07-16T23:12:00.000000Z,118529.2,118529.3,118500.1,118521.9,67.576
2025-07-16T23:13:00.000000Z,118521.9,118553.9,118521.9,118553.8,25.372
2025-07-16T23:14:00.000000Z,118553.8,118566.5,118550.0,118559.3,33.599
2025-07-16T23:15:00.000000Z,118559.2,118559.3,118489.8,118490.0,44.347
2025-07-16T23:16:00.000000Z,118490.0,118490.1,118458.8,118473.2,110.839
2025-07-16T23:17:00.000000Z,118473.3,118483.3,118433.4,118448.4,102.286
2025-07-16T23:18:00.000000Z,118448.1,118448.1,118373.7,118376.0,221.166
2025-07-16T23:19:00.000000Z,118376.0,118394.0,118359.4,118369.6,98.318
2025-07-16T23:20:00.000000Z,118369.6,118571.1,118366.3,118571.1,162.079
2025-07-16T23:21:00.000000Z,118571.0,118647.0,118550.0,118550.0,188.592
2025-07-16T23:22:00.000000Z,118550.0,118597.5,118550.0,118597.5,34.755
2025-07-16T23:23:00.000000Z,118597.5,118621.4,118580.5,118580.6,63.773
2025-07-16T23:24:00.000000Z,118580.6,118638.8,118580.5,118588.8,104.548
2025-07-16T23:25:00.000000Z,118588.8,118602.6,118555.8,118567.7,81.128
2025-07-16T23:26:00.000000Z,118567.7,118595.1,118560.0,118595.1,46.736
2025-07-16T23:27:00.000000Z,118595.1,118604.1,118595.0,118596.9,25.441
2025-07-16T23:28:00.000000Z,118596.9,118624.0,118596.8,118624.0,28.845
2025-07-16T23:29:00.000000Z,118623.9,118631.4,118612.2,118615.4,80.641
2025-07-16T23:30:00.000000Z,118615.4,118627.1,118588.1,118594.9,46.773
2025-07-16T23:31:00.000000Z,118594.8,118611.1,118581.1,118611.1,50.892
2025-07-16T23:32:00.000000Z,118611.0,118611.1,118585.4,118590.0,30.301
2025-07-16T23:33:00.000000Z,118590.0,118597.6,118581.1,118581.1,18.705
2025-07-16T23:34:00.000000Z,118581.2,118585.8,118572.0,118585.8,26.403
2025-07-16T23:35:00.000000Z,118585.7,118620.2,118576.3,118620.2,43.661
2025-07-16T23:36:00.000000Z,118620.1,118646.2,118620.1,118646.1,29.469
2025-07-16T23:37:00.000000Z,118646.2,118775.1,118646.1,118705.9,150.374
2025-07-16T23:38:00.000000Z,118705.8,118728.7,118672.1,118673.9,67.66
2025-07-16T23:39:00.000000Z,118673.8,118766.6,118663.8,118747.1,84.034
2025-07-16T23:40:00.000000Z,118747.0,118783.0,118731.7,118745.4,63.54
2025-07-16T23:41:00.000000Z,118745.4,118783.0,118738.3,118783.0,70.786
2025-07-16T23:42:00.000000Z,118783.0,118791.1,118742.1,118757.8,66.301
2025-07-16T23:43:00.000000Z,118757.7,118776.3,118757.7,118776.3,18.146
2025-07-16T23:44:00.000000Z,118776.3,118803.8,118776.2,118799.8,103.6
2025-07-16T23:45:00.000000Z,118799.8,118799.8,118764.7,118764.7,34.858
2025-07-16T23:46:00.000000Z,118764.7,118782.7,118764.7,118782.7,17.482
2025-07-16T23:47:00.000000Z,118782.6,118782.6,118734.5,118734.5,24.973
2025-07-16T23:48:00.000000Z,118734.5,118759.3,118734.5,118759.3,15.176
2025-07-16T23:49:00.000000Z,118759.3,118759.3,118733.6,118733.7,18.801
2025-07-16T23:50:00.000000Z,118733.6,118733.7,118639.1,118639.1,55.735
2025-07-16T23:51:00.000000Z,118639.1,118668.0,118633.1,118660.4,41.673
2025-07-16T23:52:00.000000Z,118660.6,118672.8,118615.3,118628.9,33.011
2025-07-16T23:53:00.000000Z,118628.9,118636.7,118599.9,118600.0,64.59
2025-07-16T23:54:00.000000Z,118599.9,118621.4,118535.1,118621.4,133.863
2025-07-16T23:55:00.000000Z,118621.4,118621.4,118612.9,118612.9,16.076
2025-07-16T23:56:00.000000Z,118612.9,118621.4,118612.9,118620.0,17.532
2025-07-16T23:57:00.000000Z,118620.1,118680.7,118620.0,118680.7,47.511
2025-07-16T23:58:00.000000Z,118680.7,118680.7,118642.9,118643.0,30.905
2025-07-16T23:59:00.000000Z,118643.0,118643.0,118590.6,118590.7,42.245
2025-07-17T00:00:00.000000Z,118590.7,118616.7,118590.6,118616.7,50.973
2025-07-17T00:01:00.000000Z,118616.6,118623.4,118612.2,118616.5,38.604
2025-07-17T00:02:00.000000Z,118616.6,118643.3,118582.3,118643.3,71.47
2025-07-17T00:03:00.000000Z,118643.3,118652.4,118629.5,118652.4,29.043
2025-07-17T00:04:00.000000Z,118652.4,118652.4,118637.0,118649.0,21.459
2025-07-17T00:05:00.000000Z,118648.9,118692.3,118600.0,118692.2,77.568
2025-07-17T00:06:00.000000Z,118692.3,118695.0,118651.1,118663.6,43.401
2025-07-17T00:07:00.000000Z,118663.5,118708.2,118663.5,118693.2,31.366
2025-07-17T00:08:00.000000Z,118692.9,118760.0,118681.3,118726.4,80.006
2025-07-17T00:09:00.000000Z,118726.0,118759.9,118683.9,118719.5,43.829
2025-07-17T00:10:00.000000Z,118719.5,118751.9,118715.0,118746.1,51.113
2025-07-17T00:11:00.000000Z,118746.1,118746.1,118656.0,118733.9,76.419
2025-07-17T00:12:00.000000Z,118733.9,118819.4,118726.7,118779.4,71.317
2025-07-17T00:13:00.000000Z,118779.3,118791.4,118704.5,118747.2,46.576
2025-07-17T00:14:00.000000Z,118747.1,118747.2,118741.2,118741.3,13.422
2025-07-17T00:15:00.000000Z,118741.3,118857.6,118741.3,118820.2,97.145
2025-07-17T00:16:00.000000Z,118820.1,118849.4,118803.7,118822.9,36.409
2025-07-17T00:17:00.000000Z,118822.9,118846.7,118811.5,118811.6,28.383
2025-07-17T00:18:00.000000Z,118811.5,118849.4,118811.5,118849.3,16.624
2025-07-17T00:19:00.000000Z,118849.3,118860.0,118823.6,118835.5,45.315
2025-07-17T00:20:00.000000Z,118835.4,118865.0,118835.4,118863.8,58.05
2025-07-17T00:21:00.000000Z,118863.7,118929.7,118863.7,118916.2,128.449
2025-07-17T00:22:00.000000Z,118916.1,118936.6,118908.3,118918.5,123.542
2025-07-17T00:23:00.000000Z,118918.5,118936.6,118900.0,118900.1,42.415
2025-07-17T00:24:00.000000Z,118900.0,118936.0,118900.0,118936.0,48.291
2025-07-17T00:25:00.000000Z,118935.9,118949.9,118878.5,118941.3,106.759
2025-07-17T00:26:00.000000Z,118941.3,118941.4,118877.5,118919.7,58.656
2025-07-17T00:27:00.000000Z,118919.6,118919.7,118836.3,118865.6,43.037
2025-07-17T00:28:00.000000Z,118865.6,118865.6,118807.4,118807.5,34.265
2025-07-17T00:29:00.000000Z,118807.4,118871.4,118807.4,118834.7,29.898
2025-07-17T00:30:00.000000Z,118834.7,118840.9,118792.3,118840.8,51.135
2025-07-17T00:31:00.000000Z,118840.9,118942.6,118840.9,118899.2,40.702
2025-07-17T00:32:00.000000Z,118899.1,118943.5,118884.6,118884.6,31.597
2025-07-17T00:33:00.000000Z,118884.7,118937.7,118884.6,118930.5,26.97
2025-07-17T00:34:00.000000Z,118930.5,118935.3,118912.6,118912.6,21.868
2025-07-17T00:35:00.000000Z,118912.7,118917.0,118890.9,118917.0,19.268
2025-07-17T00:36:00.000000Z,118916.9,118926.0,118899.3,118899.3,26.4
2025-07-17T00:37:00.000000Z,118899.4,118944.5,118865.5,118944.5,39.628
2025-07-17T00:38:00.000000Z,118944.4,118944.4,118889.6,118922.7,81.674
2025-07-17T00:39:00.000000Z,118922.7,118936.0,118908.4,118930.1,23.152
2025-07-17T00:40:00.000000Z,118930.0,118931.8,118922.8,118931.7,13.476
2025-07-17T00:41:00.000000Z,118931.7,118993.2,118931.7,118993.2,37.811
2025-07-17T00:42:00.000000Z,118993.2,119113.6,118993.1,119113.5,132.458
2025-07-17T00:43:00.000000Z,119113.5,119113.6,119081.1,119100.8,69.355
2025-07-17T00:44:00.000000Z,119100.7,119113.5,119100.0,119100.0,35.24
2025-07-17T00:45:00.000000Z,119100.0,119100.0,119024.3,119055.5,73.969
2025-07-17T00:46:00.000000Z,119055.5,119106.0,119055.5,119062.1,57.389
2025-07-17T00:47:00.000000Z,119062.2,119127.7,119062.1,119127.7,38.643
2025-07-17T00:48:00.000000Z,119127.6,119132.4,119123.4,119132.3,28.457
2025-07-17T00:49:00.000000Z,119132.3,119151.3,119085.0,119085.0,115.126
2025-07-17T00:50:00.000000Z,119085.0,119088.6,118991.0,118991.0,294.764
2025-07-17T00:51:00.000000Z,118991.1,119058.5,118950.1,119058.5,61.366
2025-07-17T00:52:00.000000Z,119058.4,119058.5,118975.8,119039.3,43.72
2025-07-17T00:53:00.000000Z,119039.2,119039.2,118981.7,119036.7,59.749
2025-07-17T00:54:00.000000Z,119036.7,119061.6,119005.9,119022.9,25.74
2025-07-17T00:55:00.000000Z,119022.9,119023.0,118917.1,118917.1,70.527
2025-07-17T00:56:00.000000Z,118917.1,118926.5,118895.9,118900.6,57.025
2025-07-17T00:57:00.000000Z,118900.6,118900.7,118861.0,118874.4,71.208
2025-07-17T00:58:00.000000Z,118874.3,118945.1,118864.5,118908.8,40.731
2025-07-17T00:59:00.000000Z,118908.8,118908.9,118861.2,118861.2,23.326
2025-07-17T01:00:00.000000Z,118861.2,118939.6,118857.6,118909.2,72.389
2025-07-17T01:01:00.000000Z,118909.2,118985.7,118909.2,118979.7,51.835
2025-07-17T01:02:00.000000Z,118979.6,118979.6,118881.6,118900.5,63.975
2025-07-17T01:03:00.000000Z,118900.6,118904.2,118854.7,118854.8,21.347
2025-07-17T01:04:00.000000Z,118854.8,118860.5,118852.1,118854.6,28.225
2025-07-17T01:05:00.000000Z,118854.6,118917.5,118854.6,118877.4,42.598
2025-07-17T01:06:00.000000Z,118876.8,118999.6,118876.8,118979.4,75.91
2025-07-17T01:07:00.000000Z,118979.4,119045.0,118976.1,119045.0,15.929
2025-07-17T01:08:00.000000Z,119044.9,119052.3,119014.0,119020.0,23.398
2025-07-17T01:09:00.000000Z,119020.0,119052.3,118928.1,118928.2,28.522
2025-07-17T01:10:00.000000Z,118928.1,119000.0,118924.4,119000.0,23.253
2025-07-17T01:11:00.000000Z,118999.9,119013.8,118959.3,118959.4,21.638
2025-07-17T01:12:00.000000Z,118959.3,118992.4,118952.3,118992.3,9.775
2025-07-17T01:13:00.000000Z,118992.3,119000.0,118975.8,118983.3,14.54
2025-07-17T01:14:00.000000Z,118983.2,119029.3,118975.8,119029.3,37.849
2025-07-17T01:15:00.000000Z,119029.5,119029.5,118947.2,118978.3,16.722
2025-07-17T01:16:00.000000Z,118978.3,118996.1,118916.2,118916.2,81.581
2025-07-17T01:17:00.000000Z,118916.2,118965.6,118916.2,118942.0,28.944
2025-07-17T01:18:00.000000Z,118942.1,118950.0,118867.4,118867.4,15.575
2025-07-17T01:19:00.000000Z,118867.4,118875.7,118800.0,118800.0,41.474
2025-07-17T01:20:00.000000Z,118800.0,118808.1,118725.2,118752.3,77.673
2025-07-17T01:21:00.000000Z,118752.4,118752.4,118615.3,118615.4,73.55
2025-07-17T01:22:00.000000Z,118615.3,118630.4,118532.4,118532.5,235.658
2025-07-17T01:23:00.000000Z,118532.4,118607.5,118529.1,118607.5,82.378
2025-07-17T01:24:00.000000Z,118607.5,118631.4,118568.0,118592.9,48.134
2025-07-17T01:25:00.000000Z,118593.0,118603.2,118562.0,118565.8,123.651
2025-07-17T01:26:00.000000Z,118565.7,118643.4,118565.7,118592.3,87.981
2025-07-17T01:27:00.000000Z,118592.4,118742.4,118572.3,118742.4,86.437
2025-07-17T01:28:00.000000Z,118742.3,118775.1,118699.3,118699.3,126.274
2025-07-17T01:29:00.000000Z,118699.4,118708.2,118647.1,118650.8,25.482
2025-07-17T01:30:00.000000Z,118650.8,118690.2,118574.5,118574.5,54.701
2025-07-17T01:31:00.000000Z,118574.5,118665.5,118574.5,118609.1,52.695
2025-07-17T01:32:00.000000Z,118609.0,118622.4,118475.6,118503.7,114.533
2025-07-17T01:33:00.000000Z,118503.7,118503.7,118307.6,118367.9,465.108
2025-07-17T01:34:00.000000Z,118367.9,118372.2,118153.7,118228.4,869.398
2025-07-17T01:35:00.000000Z,118228.4,118358.6,118209.2,118236.8,412.432
2025-07-17T01:36:00.000000Z,118236.8,118271.7,118200.0,118217.8,267.016
2025-07-17T01:37:00.000000Z,118217.7,118217.8,118138.9,118161.0,355.891
2025-07-17T01:38:00.000000Z,118160.9,118184.1,118000.2,118050.6,659.573
2025-07-17T01:39:00.000000Z,118050.6,118241.9,118050.5,118220.3,250.712
2025-07-17T01:40:00.000000Z,118220.3,118266.1,118169.1,118204.1,181.301
2025-07-17T01:41:00.000000Z,118204.0,118212.0,118111.0,118119.6,127.913
2025-07-17T01:42:00.000000Z,118119.7,118201.0,118119.7,118189.6,97.571
2025-07-17T01:43:00.000000Z,118189.8,118261.9,118188.3,118219.9,87.071
2025-07-17T01:44:00.000000Z,118219.1,118259.6,118196.9,118256.9,44.8
2025-07-17T01:45:00.000000Z,118256.4,118259.4,118169.0,118190.0,69.554
2025-07-17T01:46:00.000000Z,118190.1,118236.9,117966.8,117970.6,491.733
2025-07-17T01:47:00.000000Z,117970.7,117975.4,117693.5,117738.0,1770.662
2025-07-17T01:48:00.000000Z,117738.3,117790.3,117692.3,117714.2,725.234
2025-07-17T01:49:00.000000Z,117714.1,117759.0,117666.0,117742.5,276.779
2025-07-17T01:50:00.000000Z,117741.6,117920.0,117663.6,117919.9,700.515
2025-07-17T01:51:00.000000Z,117919.9,117977.9,117891.5,117930.1,262.086
2025-07-17T01:52:00.000000Z,117930.1,117953.9,117833.0,117833.0,128.092
2025-07-17T01:53:00.000000Z,117833.1,117866.1,117781.0,117808.4,180.598
2025-07-17T01:54:00.000000Z,117808.5,117905.0,117808.4,117905.0,112.288
2025-07-17T01:55:00.000000Z,117905.0,117950.0,117869.9,117918.4,173.398
2025-07-17T01:56:00.000000Z,117918.3,117960.0,117886.0,117959.9,131.829
2025-07-17T01:57:00.000000Z,117960.0,117973.8,117949.8,117960.1,93.397
2025-07-17T01:58:00.000000Z,117960.1,117975.0,117960.0,117960.0,68.907
2025-07-17T01:59:00.000000Z,117960.1,118165.6,117960.0,118115.0,690.377
2025-07-17T02:00:00.000000Z,118115.0,118124.5,118059.1,118076.6,112.327
2025-07-17T02:01:00.000000Z,118076.7,118083.0,118050.2,118077.0,73.28
2025-07-17T02:02:00.000000Z,118076.9,118082.1,118013.4,118021.7,59.207
2025-07-17T02:03:00.000000Z,118021.7,118040.9,117980.2,118029.7,122.755
2025-07-17T02:04:00.000000Z,118029.7,118124.7,118012.6,118103.7,281.194
2025-07-17T02:05:00.000000Z,118103.7,118214.0,118103.6,118210.9,119.033
2025-07-17T02:06:00.000000Z,118210.9,118236.3,118200.0,118200.2,99.295
2025-07-17T02:07:00.000000Z,118200.2,118266.0,118165.5,118176.6,92.891
2025-07-17T02:08:00.000000Z,118176.6,118275.5,118176.6,118220.3,93.873
2025-07-17T02:09:00.000000Z,118220.2,118285.0,118220.2,118237.3,102.873
2025-07-17T02:10:00.000000Z,118237.3,118277.0,118202.5,118250.8,79.02
2025-07-17T02:11:00.000000Z,118250.8,118283.8,118236.8,118268.2,34.699
2025-07-17T02:12:00.000000Z,118268.3,118404.0,118268.2,118387.8,208.607
2025-07-17T02:13:00.000000Z,118387.8,118418.1,118341.3,118341.4,116.042
2025-07-17T02:14:00.000000Z,118341.3,118373.5,118268.2,118351.3,156.182
2025-07-17T02:15:00.000000Z,118351.3,118357.2,118309.0,118309.0,44.738
2025-07-17T02:16:00.000000Z,118308.9,118317.5,118290.3,118300.1,45.543
2025-07-17T02:17:00.000000Z,118300.1,118369.3,118300.0,118369.3,62.476
2025-07-17T02:18:00.000000Z,118369.2,118407.3,118365.7,118406.9,44.229
2025-07-17T02:19:00.000000Z,118406.8,118444.4,118385.5,118444.3,84.123
2025-07-17T02:20:00.000000Z,118444.3,118497.8,118430.9,118475.1,222.836
2025-07-17T02:21:00.000000Z,118475.2,118475.2,118423.1,118430.0,50.296
2025-07-17T02:22:00.000000Z,118429.9,118465.1,118420.0,118429.0,34.928
2025-07-17T02:23:00.000000Z,118429.0,118429.0,118400.0,118404.6,30.927
2025-07-17T02:24:00.000000Z,118404.6,118438.4,118372.4,118383.4,138.761
2025-07-17T02:25:00.000000Z,118383.5,118430.0,118352.6,118426.9,56.329
2025-07-17T02:26:00.000000Z,118426.9,118454.0,118371.7,118436.9,145.899
2025-07-17T02:27:00.000000Z,118436.9,118452.0,118436.9,118442.0,31.463
2025-07-17T02:28:00.000000Z,118442.0,118442.0,118358.0,118358.0,104.737
2025-07-17T02:29:00.000000Z,118358.1,118380.0,118349.1,118380.0,30.405
2025-07-17T02:30:00.000000Z,118379.9,118383.4,118362.3,118365.6,28.661
2025-07-17T02:31:00.000000Z,118365.5,118389.5,118336.2,118389.5,114.133
2025-07-17T02:32:00.000000Z,118389.4,118440.5,118389.4,118440.5,98.306
2025-07-17T02:33:00.000000Z,118440.4,118440.5,118416.3,118416.4,58.719
2025-07-17T02:34:00.000000Z,118416.3,118441.9,118381.5,118381.5,42.334
2025-07-17T02:35:00.000000Z,118381.5,118381.6,118307.6,118364.3,43.124
2025-07-17T02:36:00.000000Z,118364.2,118364.3,118241.1,118244.3,118.844
2025-07-17T02:37:00.000000Z,118244.3,118276.0,118221.7,118276.0,36.597
2025-07-17T02:38:00.000000Z,118276.0,118324.0,118275.9,118322.6,40.015
2025-07-17T02:39:00.000000Z,118322.6,118322.6,118222.9,118234.9,94.142
2025-07-17T02:40:00.000000Z,118234.9,118257.7,118194.2,118239.9,63.273
2025-07-17T02:41:00.000000Z,118239.8,118304.8,118239.8,118304.8,21.392
2025-07-17T02:42:00.000000Z,118304.8,118324.1,118278.2,118278.2,32.173
2025-07-17T02:43:00.000000Z,118278.2,118303.7,118253.8,118303.7,23.599
2025-07-17T02:44:00.000000Z,118303.8,118319.9,118268.2,118304.8,39.655
2025-07-17T02:45:00.000000Z,118304.8,118304.9,118113.8,118113.8,181.554
2025-07-17T02:46:00.000000Z,118113.8,118230.1,118111.1,118177.1,171.99
2025-07-17T02:47:00.000000Z,118177.0,118199.0,118134.8,118134.8,33.54
2025-07-17T02:48:00.000000Z,118134.7,118134.7,118015.6,118110.3,245.349
2025-07-17T02:49:00.000000Z,118110.3,118150.0,118109.2,118109.3,50.541
2025-07-17T02:50:00.000000Z,118109.3,118188.2,118109.3,118153.5,61.175
2025-07-17T02:51:00.000000Z,118153.5,118215.8,118153.5,118187.4,36.03
2025-07-17T02:52:00.000000Z,118187.4,118202.4,118170.0,118202.3,19.694
2025-07-17T02:53:00.000000Z,118202.3,118227.8,118187.6,118220.1,25.194
2025-07-17T02:54:00.000000Z,118220.1,118263.0,118215.0,118263.0,18.631
2025-07-17T02:55:00.000000Z,118263.0,118307.6,118262.9,118307.5,32.323
2025-07-17T02:56:00.000000Z,118307.6,118345.4,118287.0,118287.1,20.889
2025-07-17T02:57:00.000000Z,118287.0,118319.6,118287.0,118287.8,28.63
2025-07-17T02:58:00.000000Z,118287.8,118287.8,118226.7,118235.4,33.659
2025-07-17T02:59:00.000000Z,118235.4,118302.1,118235.3,118302.0,12.584
2025-07-17T03:00:00.000000Z,118302.0,118335.2,118262.9,118267.2,38.551
2025-07-17T03:01:00.000000Z,118267.2,118288.0,118236.9,118236.9,35.255
2025-07-17T03:02:00.000000Z,118236.9,118236.9,118187.7,118187.7,36.911
2025-07-17T03:03:00.000000Z,118187.7,118187.8,118106.6,118131.1,42.029
2025-07-17T03:04:00.000000Z,118131.1,118203.1,118131.1,118203.0,43.348
2025-07-17T03:05:00.000000Z,118203.0,118212.8,118131.1,118153.5,28.853
2025-07-17T03:06:00.000000Z,118153.6,118153.6,118088.8,118088.9,28.064
2025-07-17T03:07:00.000000Z,118088.8,118102.2,118036.3,118102.1,48.757
2025-07-17T03:08:00.000000Z,118102.2,118191.9,118102.1,118144.1,40.577
2025-07-17T03:09:00.000000Z,118144.2,118152.8,118105.9,118113.2,21.961
2025-07-17T03:10:00.000000Z,118113.3,118120.1,118000.0,118035.0,80.75
2025-07-17T03:11:00.000000Z,118035.0,118090.8,118000.1,118006.4,117.045
2025-07-17T03:12:00.000000Z,118006.3,118006.4,117978.9,117994.0,71.595
2025-07-17T03:13:00.000000Z,117994.1,118020.1,117994.0,118013.2,27.749
2025-07-17T03:14:00.000000Z,118013.1,118018.6,117978.7,117978.7,52.627
2025-07-17T03:15:00.000000Z,117978.7,118033.2,117977.9,118028.1,40.056
2025-07-17T03:16:00.000000Z,118028.1,118029.3,117974.4,117999.9,39.736
2025-07-17T03:17:00.000000Z,117999.9,117999.9,117951.0,117955.6,116.93
2025-07-17T03:18:00.000000Z,117955.6,117955.7,117819.8,117862.0,286.844
2025-07-17T03:19:00.000000Z,117862.0,117879.9,117850.0,117850.0,91.678
2025-07-17T03:20:00.000000Z,117850.1,117955.1,117816.0,117951.2,190.849
2025-07-17T03:21:00.000000Z,117951.2,118030.5,117951.1,118000.0,129.189
2025-07-17T03:22:00.000000Z,118000.1,118000.1,117901.8,117977.0,84.347
2025-07-17T03:23:00.000000Z,117977.1,117998.4,117939.2,117981.8,34.933
2025-07-17T03:24:00.000000Z,117981.8,118022.7,117977.1,117977.2,44.177
2025-07-17T03:25:00.000000Z,117977.2,118011.5,117956.1,117966.6,44.907
2025-07-17T03:26:00.000000Z,117966.5,117966.6,117830.6,117830.7,124.381
2025-07-17T03:27:00.000000Z,117830.6,117865.5,117826.0,117839.6,141.121
2025-07-17T03:28:00.000000Z,117839.7,117898.5,117839.7,117869.1,60.415
2025-07-17T03:29:00.000000Z,117869.0,117874.0,117831.5,117845.8,66.656
2025-07-17T03:30:00.000000Z,117845.7,117938.8,117842.0,117910.3,94.867
2025-07-17T03:31:00.000000Z,117910.2,117955.2,117908.1,117921.0,82.173
2025-07-17T03:32:00.000000Z,117921.0,117921.0,117780.2,117792.3,134.98
2025-07-17T03:33:00.000000Z,117792.4,117900.0,117792.3,117900.0,85.418
2025-07-17T03:34:00.000000Z,117900.0,117993.1,117885.2,117993.1,73.928
2025-07-17T03:35:00.000000Z,117993.1,118010.8,117930.0,117949.9,37.108
2025-07-17T03:36:00.000000Z,117949.9,118014.0,117923.9,117939.7,114.635
2025-07-17T03:37:00.000000Z,117939.7,117939.7,117747.5,117782.8,485.443
2025-07-17T03:38:00.000000Z,117782.7,117809.3,117700.0,117783.9,199.804
2025-07-17T03:39:00.000000Z,117783.9,117872.7,117756.1,117867.1,71.197
2025-07-17T03:40:00.000000Z,117867.2,117880.7,117783.1,117783.1,98.905
2025-07-17T03:41:00.000000Z,117783.1,117822.2,117750.3,117822.2,58.658
2025-07-17T03:42:00.000000Z,117822.3,117853.9,117807.1,117853.8,37.054
2025-07-17T03:43:00.000000Z,117853.8,117853.9,117810.0,117821.0,42.918
2025-07-17T03:44:00.000000Z,117821.0,117868.8,117795.0,117868.8,90.901
2025-07-17T03:45:00.000000Z,117868.8,117955.5,117868.7,117955.5,68.37
2025-07-17T03:46:00.000000Z,117955.5,118033.2,117955.4,118026.1,57.501
2025-07-17T03:47:00.000000Z,118026.1,118026.1,118001.4,118005.5,45.103
2025-07-17T03:48:00.000000Z,118005.5,118021.2,118000.0,118000.1,52.124
2025-07-17T03:49:00.000000Z,118000.1,118013.8,118000.0,118002.8,17.759
2025-07-17T03:50:00.000000Z,118002.7,118013.8,117921.5,117921.5,106.529
2025-07-17T03:51:00.000000Z,117921.6,117992.2,117921.5,117976.6,108.244
2025-07-17T03:52:00.000000Z,117976.9,117997.3,117976.9,117989.2,50.674
2025-07-17T03:53:00.000000Z,117989.2,117989.2,117945.0,117989.1,33.691
2025-07-17T03:54:00.000000Z,117989.2,118042.0,117989.1,118042.0,27.058
2025-07-17T03:55:00.000000Z,118042.0,118066.2,118030.7,118062.5,36.14
2025-07-17T03:56:00.000000Z,118062.4,118110.4,118062.4,118110.3,58.501
2025-07-17T03:57:00.000000Z,118110.4,118121.9,118080.0,118082.0,54.755
2025-07-17T03:58:00.000000Z,118082.1,118082.1,118073.4,118080.0,26.021
2025-07-17T03:59:00.000000Z,118079.9,118107.9,118079.9,118090.9,25.591
2025-07-17T04:00:00.000000Z,118090.8,118090.8,118051.3,118051.3,49.501
2025-07-17T04:01:00.000000Z,118051.3,118051.4,118014.1,118014.1,30.393
2025-07-17T04:02:00.000000Z,118014.1,118055.7,118014.1,118054.2,52.452
2025-07-17T04:03:00.000000Z,118054.6,118055.3,118038.8,118044.2,41.97
2025-07-17T04:04:00.000000Z,118044.2,118054.4,117987.8,117987.9,34.725
2025-07-17T04:05:00.000000Z,117987.9,117987.9,117958.8,117958.9,33.352
2025-07-17T04:06:00.000000Z,117958.8,117975.3,117923.0,117956.4,74.491
2025-07-17T04:07:00.000000Z,117956.5,118000.0,117929.6,118000.0,88.685
2025-07-17T04:08:00.000000Z,117999.9,118120.7,117999.9,118120.7,19.66
2025-07-17T04:09:00.000000Z,118120.7,118171.8,118113.0,118171.7,45.498
2025-07-17T04:10:00.000000Z,118171.8,118203.1,118168.4,118195.2,63.968
2025-07-17T04:11:00.000000Z,118195.2,118229.9,118174.9,118191.9,74.708
2025-07-17T04:12:00.000000Z,118192.0,118238.0,118191.9,118237.2,100.823
2025-07-17T04:13:00.000000Z,118237.2,118266.0,118234.6,118234.6,98.7
2025-07-17T04:14:00.000000Z,118234.6,118268.6,118234.6,118239.4,63.79
2025-07-17T04:15:00.000000Z,118239.4,118239.5,118200.0,118200.0,18.082
2025-07-17T04:16:00.000000Z,118200.1,118221.0,118172.5,118189.2,43.783
2025-07-17T04:17:00.000000Z,118189.3,118231.8,118189.2,118231.8,31.722
2025-07-17T04:18:00.000000Z,118231.8,118231.8,118189.2,118193.3,28.172
2025-07-17T04:19:00.000000Z,118193.3,118218.3,118193.2,118201.3,37.03
2025-07-17T04:20:00.000000Z,118201.3,118222.5,118183.5,118222.2,41.165
2025-07-17T04:21:00.000000Z,118222.1,118288.8,118222.1,118271.6,74.797
2025-07-17T04:22:00.000000Z,118271.6,118288.8,118254.0,118261.8,66.93
2025-07-17T04:23:00.000000Z,118261.8,118273.8,118261.8,118273.8,11.202
2025-07-17T04:24:00.000000Z,118273.7,118273.8,118232.3,118235.9,23.269
2025-07-17T04:25:00.000000Z,118235.9,118236.0,118200.0,118200.0,21.912
2025-07-17T04:26:00.000000Z,118200.0,118200.1,118156.7,118156.7,23.365
2025-07-17T04:27:00.000000Z,118156.7,118195.1,118156.7,118195.0,12.915
2025-07-17T04:28:00.000000Z,118195.0,118225.0,118195.0,118224.9,12.12
2025-07-17T04:29:00.000000Z,118225.0,118259.1,118224.9,118239.5,44.66
2025-07-17T04:30:00.000000Z,118239.6,118372.4,118239.5,118335.2,229.187
2025-07-17T04:31:00.000000Z,118335.2,118407.6,118329.2,118399.9,111.799
2025-07-17T04:32:00.000000Z,118399.9,118422.7,118387.2,118387.3,107.659
2025-07-17T04:33:00.000000Z,118387.2,118399.0,118367.5,118367.6,56.859
2025-07-17T04:34:00.000000Z,118367.5,118385.0,118344.8,118344.8,54.643
2025-07-17T04:35:00.000000Z,118344.8,118344.9,118323.4,118325.7,18.819
2025-07-17T04:36:00.000000Z,118325.8,118348.2,118325.7,118348.2,22.871
2025-07-17T04:37:00.000000Z,118348.2,118376.5,118340.0,118340.0,50.286
2025-07-17T04:38:00.000000Z,118340.0,118380.0,118340.0,118377.6,19.909
2025-07-17T04:39:00.000000Z,118377.6,118405.3,118377.6,118405.3,52.697
2025-07-17T04:40:00.000000Z,118405.2,118414.2,118377.6,118384.8,35.01
2025-07-17T04:41:00.000000Z,118384.7,118384.8,118374.0,118374.1,11.316
2025-07-17T04:42:00.000000Z,118374.0,118395.3,118374.0,118395.2,17.593
2025-07-17T04:43:00.000000Z,118395.2,118400.0,118382.5,118382.5,21.223
2025-07-17T04:44:00.000000Z,118382.6,118382.6,118334.5,118334.5,31.639
2025-07-17T04:45:00.000000Z,118334.5,118360.0,118334.5,118353.9,25.651
2025-07-17T04:46:00.000000Z,118354.0,118370.3,118341.3,118349.0,14.49
2025-07-17T04:47:00.000000Z,118349.0,118354.2,118293.8,118313.0,62.251
2025-07-17T04:48:00.000000Z,118313.0,118328.1,118291.8,118328.1,86.06
2025-07-17T04:49:00.000000Z,118328.0,118328.2,118296.6,118296.6,31.526
2025-07-17T04:50:00.000000Z,118296.7,118319.0,118296.6,118318.9,18.1
2025-07-17T04:51:00.000000Z,118318.9,118361.7,118318.9,118361.7,15.037
2025-07-17T04:52:00.000000Z,118361.6,118374.1,118361.6,118362.2,17.636
2025-07-17T04:53:00.000000Z,118362.2,118396.2,118362.2,118382.8,84.064
2025-07-17T04:54:00.000000Z,118382.8,118396.2,118382.8,118396.2,16.156
2025-07-17T04:55:00.000000Z,118396.1,118420.0,118396.1,118420.0,24.784
2025-07-17T04:56:00.000000Z,118420.0,118444.1,118419.9,118430.6,63.762
2025-07-17T04:57:00.000000Z,118430.7,118461.5,118430.6,118455.5,75.845
2025-07-17T04:58:00.000000Z,118455.5,118455.5,118430.7,118449.9,78.96
2025-07-17T04:59:00.000000Z,118450.0,118466.0,118449.9,118465.9,37.809
2025-07-17T05:00:00.000000Z,118465.9,118466.0,118418.8,118418.8,85.522
2025-07-17T05:01:00.000000Z,118418.8,118430.0,118400.7,118400.7,64.299
2025-07-17T05:02:00.000000Z,118400.7,118400.8,118380.0,118395.9,40.106
2025-07-17T05:03:00.000000Z,118396.3,118396.4,118371.2,118371.2,34.64
2025-07-17T05:04:00.000000Z,118371.2,118371.3,118300.0,118300.1,39.705
2025-07-17T05:05:00.000000Z,118300.0,118306.0,118256.8,118256.8,35.291
2025-07-17T05:06:00.000000Z,118256.8,118286.9,118255.7,118272.2,47.618
2025-07-17T05:07:00.000000Z,118272.2,118311.8,118272.2,118311.8,21.032
2025-07-17T05:08:00.000000Z,118311.7,118311.8,118240.3,118240.3,19.621
2025-07-17T05:09:00.000000Z,118240.3,118246.3,118222.0,118222.1,39.853
2025-07-17T05:10:00.000000Z,118222.1,118228.6,118222.0,118228.5,11.606
2025-07-17T05:11:00.000000Z,118228.6,118246.3,118228.5,118246.3,28.182
2025-07-17T05:12:00.000000Z,118246.3,118329.0,118246.2,118329.0,26.375
2025-07-17T05:13:00.000000Z,118328.9,118338.1,118258.1,118258.1,31.313
2025-07-17T05:14:00.000000Z,118258.2,118263.9,118250.8,118263.8,9.703
2025-07-17T05:15:00.000000Z,118263.8,118340.7,118252.2,118340.7,49.498
2025-07-17T05:16:00.000000Z,118340.6,118340.7,118288.1,118288.2,27.966
2025-07-17T05:17:00.000000Z,118288.2,118307.3,118271.0,118307.2,40.394
2025-07-17T05:18:00.000000Z,118307.3,118310.9,118288.8,118310.7,11.655
2025-07-17T05:19:00.000000Z,118310.7,118341.9,118288.8,118312.1,73.174
2025-07-17T05:20:00.000000Z,118312.2,118328.7,118288.5,118288.5,20.141
2025-07-17T05:21:00.000000Z,118288.5,118343.4,118288.5,118324.7,8.458
2025-07-17T05:22:00.000000Z,118324.6,118328.4,118300.0,118309.0,14.64
2025-07-17T05:23:00.000000Z,118308.9,118327.8,118308.9,118327.7,8.088
2025-07-17T05:24:00.000000Z,118327.7,118358.0,118327.7,118358.0,13.401
2025-07-17T05:25:00.000000Z,118358.0,118380.0,118357.9,118380.0,13.476
2025-07-17T05:26:00.000000Z,118380.0,118383.6,118362.0,118362.0,26.282
2025-07-17T05:27:00.000000Z,118362.0,118372.3,118362.0,118372.3,8.191
2025-07-17T05:28:00.000000Z,118372.3,118372.3,118335.7,118359.3,22.509
2025-07-17T05:29:00.000000Z,118359.3,118377.9,118359.3,118377.9,19.558
2025-07-17T05:30:00.000000Z,118377.9,118377.9,118321.5,118340.7,26.48
2025-07-17T05:31:00.000000Z,118340.6,118387.9,118313.3,118335.4,81.09
2025-07-17T05:32:00.000000Z,118335.3,118345.5,118265.4,118276.9,76.342
2025-07-17T05:33:00.000000Z,118276.7,118276.7,118182.9,118223.2,64.822
2025-07-17T05:34:00.000000Z,118223.2,118239.8,118195.7,118234.1,35.083
2025-07-17T05:35:00.000000Z,118234.1,118254.5,118231.2,118231.2,35.711
2025-07-17T05:36:00.000000Z,118231.2,118302.2,118231.2,118302.1,20.053
2025-07-17T05:37:00.000000Z,118302.1,118302.2,118212.1,118249.1,33.477
2025-07-17T05:38:00.000000Z,118249.1,118286.5,118249.1,118256.9,37.635
2025-07-17T05:39:00.000000Z,118256.8,118256.9,118256.8,118256.8,9.601
2025-07-17T05:40:00.000000Z,118256.9,118353.0,118256.8,118327.9,54.762
2025-07-17T05:41:00.000000Z,118327.9,118334.7,118283.3,118321.8,22.354
2025-07-17T05:42:00.000000Z,118321.9,118377.8,118321.8,118377.8,71.348
2025-07-17T05:43:00.000000Z,118377.8,118512.0,118377.8,118492.5,160.191
2025-07-17T05:44:00.000000Z,118492.5,118548.6,118486.3,118532.1,159.972
2025-07-17T05:45:00.000000Z,118532.1,118532.1,118463.0,118474.1,34.88
2025-07-17T05:46:00.000000Z,118474.1,118536.9,118470.0,118536.8,47.125
2025-07-17T05:47:00.000000Z,118536.9,118582.0,118536.8,118560.2,100.833
2025-07-17T05:48:00.000000Z,118560.2,118620.0,118555.3,118556.1,122.411
2025-07-17T05:49:00.000000Z,118556.1,118608.0,118556.1,118608.0,51.896
2025-07-17T05:50:00.000000Z,118608.0,118608.0,118557.3,118557.3,97.741
2025-07-17T05:51:00.000000Z,118557.3,118575.5,118557.3,118575.5,26.829
2025-07-17T05:52:00.000000Z,118575.4,118575.5,118512.3,118575.4,43.803
2025-07-17T05:53:00.000000Z,118575.4,118575.5,118534.0,118557.6,21.481
2025-07-17T05:54:00.000000Z,118557.7,118569.6,118500.0,118500.1,25.955
2025-07-17T05:55:00.000000Z,118500.0,118536.2,118500.0,118536.1,21.839
2025-07-17T05:56:00.000000Z,118536.1,118553.0,118536.1,118540.4,37.217
2025-07-17T05:57:00.000000Z,118540.3,118573.0,118540.3,118573.0,17.325
2025-07-17T05:58:00.000000Z,118572.9,118573.0,118546.8,118561.8,33.674
2025-07-17T05:59:00.000000Z,118561.8,118561.9,118550.0,118550.0,24.221
2025-07-17T06:00:00.000000Z,118550.0,118550.1,118504.2,118504.3,31.251
2025-07-17T06:01:00.000000Z,118504.2,118554.6,118504.2,118554.6,25.777
2025-07-17T06:02:00.000000Z,118554.6,118573.5,118523.9,118573.5,33.117
2025-07-17T06:03:00.000000Z,118573.4,118666.5,118573.4,118652.0,97.513
2025-07-17T06:04:00.000000Z,118651.9,118667.2,118651.2,118667.2,45.856
2025-07-17T06:05:00.000000Z,118667.1,118667.2,118603.5,118629.9,75.105
2025-07-17T06:06:00.000000Z,118629.9,118688.0,118629.9,118688.0,55.662
2025-07-17T06:07:00.000000Z,118687.9,118743.6,118680.0,118680.0,164.736
2025-07-17T06:08:00.000000Z,118680.0,118731.2,118680.0,118709.3,55.77
2025-07-17T06:09:00.000000Z,118709.3,118709.4,118662.1,118662.9,36.799
2025-07-17T06:10:00.000000Z,118663.0,118676.5,118600.1,118600.2,50.542
2025-07-17T06:11:00.000000Z,118600.2,118600.2,118569.3,118578.8,89.215
2025-07-17T06:12:00.000000Z,118578.8,118578.8,118508.5,118508.5,53.694
2025-07-17T06:13:00.000000Z,118508.5,118517.3,118438.1,118438.1,55.25
2025-07-17T06:14:00.000000Z,118438.2,118471.2,118431.0,118471.0,47.058
2025-07-17T06:15:00.000000Z,118471.0,118486.7,118436.6,118436.6,42.091
2025-07-17T06:16:00.000000Z,118436.6,118436.7,118357.6,118430.7,134.447
2025-07-17T06:17:00.000000Z,118431.0,118431.1,118381.4,118420.2,72.924
2025-07-17T06:18:00.000000Z,118420.3,118420.3,118330.6,118349.9,75.578
2025-07-17T06:19:00.000000Z,118350.0,118367.0,118307.6,118367.0,45.212
2025-07-17T06:20:00.000000Z,118367.0,118416.8,118350.0,118372.6,36.612
2025-07-17T06:21:00.000000Z,118372.7,118519.1,118372.6,118519.0,103.913
2025-07-17T06:22:00.000000Z,118519.1,118551.4,118466.5,118489.1,63.047
2025-07-17T06:23:00.000000Z,118489.0,118565.2,118489.0,118547.5,87.299
2025-07-17T06:24:00.000000Z,118547.6,118763.4,118547.6,118730.0,212.069
2025-07-17T06:25:00.000000Z,118729.9,118755.0,118666.0,118700.1,124.802
2025-07-17T06:26:00.000000Z,118700.0,118744.5,118676.9,118744.5,143.418
2025-07-17T06:27:00.000000Z,118744.4,118744.5,118700.0,118729.0,109.726
2025-07-17T06:28:00.000000Z,118728.9,118741.6,118728.9,118730.1,47.922
2025-07-17T06:29:00.000000Z,118730.1,118750.0,118620.3,118630.1,101.861
2025-07-17T06:30:00.000000Z,118630.1,118652.5,118558.1,118576.9,125.423
2025-07-17T06:31:00.000000Z,118576.9,118630.2,118560.0,118612.5,57.233
2025-07-17T06:32:00.000000Z,118612.5,118618.2,118500.0,118500.0,79.541
2025-07-17T06:33:00.000000Z,118500.1,118627.1,118500.0,118609.0,160.141
2025-07-17T06:34:00.000000Z,118609.0,118609.0,118520.5,118520.6,30.81
2025-07-17T06:35:00.000000Z,118520.5,118520.6,118433.4,118433.6,82.745
2025-07-17T06:36:00.000000Z,118433.5,118433.6,118378.4,118378.4,42.542
2025-07-17T06:37:00.000000Z,118378.5,118428.4,118357.2,118418.1,77.491
2025-07-17T06:38:00.000000Z,118418.2,118439.1,118396.4,118396.5,19.783
2025-07-17T06:39:00.000000Z,118396.5,118412.9,118363.7,118409.6,104.775
2025-07-17T06:40:00.000000Z,118409.6,118409.6,118350.0,118354.1,37.793
2025-07-17T06:41:00.000000Z,118354.0,118354.0,118337.0,118339.5,50.5
2025-07-17T06:42:00.000000Z,118339.6,118430.5,118339.5,118423.6,39.292
2025-07-17T06:43:00.000000Z,118423.6,118435.2,118400.0,118400.0,41.796
2025-07-17T06:44:00.000000Z,118400.0,118421.3,118396.3,118407.8,33.407
2025-07-17T06:45:00.000000Z,118407.8,118449.7,118407.7,118407.9,32.607
2025-07-17T06:46:00.000000Z,118407.8,118407.9,118323.2,118362.7,54.001
2025-07-17T06:47:00.000000Z,118362.7,118417.6,118362.7,118417.6,27.18
2025-07-17T06:48:00.000000Z,118417.6,118420.5,118400.0,118420.5,15.171
2025-07-17T06:49:00.000000Z,118420.4,118444.4,118409.7,118428.6,42.518
2025-07-17T06:50:00.000000Z,118428.5,118428.6,118371.6,118371.6,16.963
2025-07-17T06:51:00.000000Z,118371.6,118421.1,118350.7,118421.0,32.512
2025-07-17T06:52:00.000000Z,118421.1,118421.1,118402.4,118411.2,61.989
2025-07-17T06:53:00.000000Z,118411.2,118441.1,118411.1,118428.3,60.402
2025-07-17T06:54:00.000000Z,118428.2,118444.0,118411.5,118444.0,100.016
2025-07-17T06:55:00.000000Z,118444.0,118444.0,118411.4,118411.5,66.693
2025-07-17T06:56:00.000000Z,118411.4,118411.5,118395.5,118395.6,70.8
2025-07-17T06:57:00.000000Z,118395.6,118410.0,118395.5,118410.0,13.413
2025-07-17T06:58:00.000000Z,118410.0,118421.9,118393.0,118421.9,64.012
2025-07-17T06:59:00.000000Z,118421.9,118449.4,118409.9,118439.3,71.99
2025-07-17T07:00:00.000000Z,118439.3,118448.8,118250.0,118250.1,267.232
2025-07-17T07:01:00.000000Z,118250.0,118271.5,118217.0,118217.1,131.139
2025-07-17T07:02:00.000000Z,118217.1,118222.1,118113.7,118188.7,214.369
2025-07-17T07:03:00.000000Z,118188.7,118188.8,118031.8,118079.1,401.14
2025-07-17T07:04:00.000000Z,118079.0,118159.3,118079.0,118159.2,182.56
2025-07-17T07:05:00.000000Z,118159.3,118183.0,118080.0,118080.1,72.334
2025-07-17T07:06:00.000000Z,118080.0,118097.1,118059.7,118059.8,67.767
2025-07-17T07:07:00.000000Z,118059.7,118066.4,117994.4,118014.4,218.425
2025-07-17T07:08:00.000000Z,118014.3,118014.4,117907.2,117964.5,322.513
2025-07-17T07:09:00.000000Z,117964.6,117989.0,117932.5,117939.2,162.987
2025-07-17T07:10:00.000000Z,117939.2,117997.8,117900.4,117997.7,110.319
2025-07-17T07:11:00.000000Z,117997.8,118032.0,117970.0,117991.3,88.762
2025-07-17T07:12:00.000000Z,117991.2,118109.9,117991.2,118085.0,104.538
2025-07-17T07:13:00.000000Z,118085.0,118085.1,118031.0,118031.1,53.657
2025-07-17T07:14:00.000000Z,118031.1,118041.8,118000.0,118038.6,49.577
2025-07-17T07:15:00.000000Z,118038.6,118085.9,118026.0,118076.5,75.071
2025-07-17T07:16:00.000000Z,118076.5,118090.5,118062.8,118062.8,31.816
2025-07-17T07:17:00.000000Z,118062.9,118089.6,118029.3,118057.7,60.568
2025-07-17T07:18:00.000000Z,118057.6,118057.7,117966.0,117966.0,80.835
2025-07-17T07:19:00.000000Z,117966.1,117989.1,117956.0,117972.8,43.31
2025-07-17T07:20:00.000000Z,117972.8,117972.8,117918.0,117918.0,83.172
2025-07-17T07:21:00.000000Z,117918.0,117918.1,117810.4,117884.3,238.942
2025-07-17T07:22:00.000000Z,117884.4,117943.8,117884.4,117940.5,117.663
2025-07-17T07:23:00.000000Z,117940.4,117962.0,117932.3,117951.6,44.84
2025-07-17T07:24:00.000000Z,117951.6,117969.7,117916.9,117967.2,88.527
2025-07-17T07:25:00.000000Z,117967.1,118022.4,117934.9,117935.0,148.501
2025-07-17T07:26:00.000000Z,117935.0,117946.9,117921.9,117921.9,33.275
2025-07-17T07:27:00.000000Z,117922.0,117949.9,117916.0,117927.6,99.287
2025-07-17T07:28:00.000000Z,117927.6,117954.8,117908.7,117945.9,91.384
2025-07-17T07:29:00.000000Z,117946.0,117946.0,117907.3,117907.4,34.637
2025-07-17T07:30:00.000000Z,117907.4,118036.5,117907.3,118034.7,136.941
2025-07-17T07:31:00.000000Z,118034.7,118123.3,118026.4,118115.8,160.894
2025-07-17T07:32:00.000000Z,118115.7,118136.8,118112.1,118128.4,103.144
2025-07-17T07:33:00.000000Z,118128.3,118165.2,118118.0,118126.0,189.807
2025-07-17T07:34:00.000000Z,118126.0,118163.0,118104.8,118114.2,127.651
2025-07-17T07:35:00.000000Z,118114.3,118173.9,118076.0,118140.0,114.764
2025-07-17T07:36:00.000000Z,118140.1,118146.2,118140.0,118141.3,22.107
2025-07-17T07:37:00.000000Z,118141.3,118163.4,118118.9,118121.3,64.593
2025-07-17T07:38:00.000000Z,118121.3,118147.6,118118.1,118147.6,43.735
2025-07-17T07:39:00.000000Z,118147.6,118224.3,118147.5,118218.3,160.536
2025-07-17T07:40:00.000000Z,118218.4,118307.0,118218.0,118301.1,172.865
2025-07-17T07:41:00.000000Z,118301.1,118461.4,118300.9,118441.1,171.248
2025-07-17T07:42:00.000000Z,118440.3,118548.0,118424.8,118495.6,355.262
2025-07-17T07:43:00.000000Z,118495.7,118520.0,118453.0,118455.8,137.467
2025-07-17T07:44:00.000000Z,118455.8,118535.1,118435.0,118531.0,135.582
2025-07-17T07:45:00.000000Z,118531.0,118531.0,118475.8,118475.8,68.092
2025-07-17T07:46:00.000000Z,118475.8,118487.2,118436.1,118487.1,63.784
2025-07-17T07:47:00.000000Z,118487.2,118509.9,118421.8,118438.5,60.484
2025-07-17T07:48:00.000000Z,118438.6,118461.7,118430.0,118451.5,74.022
2025-07-17T07:49:00.000000Z,118451.6,118451.6,118384.7,118400.0,40.071
2025-07-17T07:50:00.000000Z,118400.1,118400.1,118350.6,118353.1,51.886
2025-07-17T07:51:00.000000Z,118353.2,118388.7,118353.1,118366.4,29.012
2025-07-17T07:52:00.000000Z,118366.4,118366.4,118307.6,118307.6,42.817
2025-07-17T07:53:00.000000Z,118307.7,118365.6,118307.7,118355.1,32.261
2025-07-17T07:54:00.000000Z,118355.1,118365.6,118311.8,118311.9,23.551
2025-07-17T07:55:00.000000Z,118311.9,118317.0,118288.8,118310.9,39.757
2025-07-17T07:56:00.000000Z,118310.9,118335.3,118289.7,118328.7,25.286
2025-07-17T07:57:00.000000Z,118328.7,118351.4,118322.8,118351.4,21.167
2025-07-17T07:58:00.000000Z,118351.4,118358.1,118305.2,118305.2,43.351
2025-07-17T07:59:00.000000Z,118305.3,118310.5,118275.6,118293.9,29.289
2025-07-17T08:00:00.000000Z,118293.8,118321.7,118270.4,118294.7,73.016
2025-07-17T08:01:00.000000Z,118294.8,118310.0,118294.7,118309.4,24.407
2025-07-17T08:02:00.000000Z,118309.4,118309.4,118230.7,118230.8,91.097
2025-07-17T08:03:00.000000Z,118230.7,118230.8,118130.1,118163.2,184.755
2025-07-17T08:04:00.000000Z,118163.1,118169.4,118145.9,118167.6,34.739
2025-07-17T08:05:00.000000Z,118167.6,118167.7,118133.0,118145.0,45.032
2025-07-17T08:06:00.000000Z,118144.9,118205.0,118144.9,118205.0,48.326
2025-07-17T08:07:00.000000Z,118204.9,118205.0,118150.0,118150.1,21.596
2025-07-17T08:08:00.000000Z,118150.1,118161.8,118135.2,118135.3,17.656
2025-07-17T08:09:00.000000Z,118135.3,118152.1,118099.5,118104.5,75.845
2025-07-17T08:10:00.000000Z,118104.5,118109.9,118076.9,118076.9,45.47
2025-07-17T08:11:00.000000Z,118077.0,118160.8,118076.9,118114.3,70.149
2025-07-17T08:12:00.000000Z,118114.3,118153.1,118085.0,118085.0,148.561
2025-07-17T08:13:00.000000Z,118085.0,118104.2,118065.7,118104.2,32.915
2025-07-17T08:14:00.000000Z,118104.2,118128.1,118077.3,118115.4,28.864
2025-07-17T08:15:00.000000Z,118115.4,118139.4,118087.8,118139.4,29.605
2025-07-17T08:16:00.000000Z,118139.5,118167.5,118126.7,118167.5,32.971
2025-07-17T08:17:00.000000Z,118167.4,118188.0,118167.3,118184.6,47.752
2025-07-17T08:18:00.000000Z,118184.6,118222.7,118184.6,118222.6,48.021
2025-07-17T08:19:00.000000Z,118222.7,118227.6,118200.6,118214.2,37.156
2025-07-17T08:20:00.000000Z,118214.3,118214.3,118184.6,118184.7,20.245
2025-07-17T08:21:00.000000Z,118184.7,118242.5,118170.4,118242.5,59.827
2025-07-17T08:22:00.000000Z,118242.5,118242.5,118214.9,118214.9,32.309
2025-07-17T08:23:00.000000Z,118214.9,118214.9,118174.6,118174.7,40.256
2025-07-17T08:24:00.000000Z,118174.7,118233.5,118174.6,118176.5,42.356
2025-07-17T08:25:00.000000Z,118176.6,118209.6,118176.5,118176.9,33.734
2025-07-17T08:26:00.000000Z,118176.9,118177.0,118096.1,118156.1,64.714
2025-07-17T08:27:00.000000Z,118156.2,118173.7,118132.7,118173.7,64.652
2025-07-17T08:28:00.000000Z,118173.7,118250.0,118173.6,118225.2,50.358
2025-07-17T08:29:00.000000Z,118225.3,118236.3,118181.1,118236.2,51.555
2025-07-17T08:30:00.000000Z,118236.2,118274.7,118200.0,118253.2,221.994
2025-07-17T08:31:00.000000Z,118253.3,118348.6,118238.3,118271.9,214.164
2025-07-17T08:32:00.000000Z,118271.9,118289.9,118213.2,118213.3,70.715
2025-07-17T08:33:00.000000Z,118213.2,118297.1,118213.2,118265.0,205.868
2025-07-17T08:34:00.000000Z,118265.0,118295.4,118253.4,118277.4,70.964
2025-07-17T08:35:00.000000Z,118277.4,118298.8,118238.1,118238.2,118.133
2025-07-17T08:36:00.000000Z,118238.1,118238.2,118123.8,118123.9,107.807
2025-07-17T08:37:00.000000Z,118123.8,118208.9,118106.0,118208.9,81.354
2025-07-17T08:38:00.000000Z,118209.0,118225.2,118174.6,118225.1,37.168
2025-07-17T08:39:00.000000Z,118225.2,118307.6,118225.2,118290.0,48.756
2025-07-17T08:40:00.000000Z,118290.0,118318.8,118270.3,118318.8,27.26
2025-07-17T08:41:00.000000Z,118318.8,118348.6,118256.6,118256.6,36.827
2025-07-17T08:42:00.000000Z,118256.5,118372.1,118251.7,118371.9,49.394
2025-07-17T08:43:00.000000Z,118371.8,118396.0,118365.8,118396.0,68.845
2025-07-17T08:44:00.000000Z,118395.9,118398.7,118367.3,118378.9,92.225
2025-07-17T08:45:00.000000Z,118379.0,118408.2,118355.0,118355.0,32.302
2025-07-17T08:46:00.000000Z,118355.0,118355.1,118291.4,118291.4,80.896
2025-07-17T08:47:00.000000Z,118291.5,118352.9,118284.3,118352.2,35.183
2025-07-17T08:48:00.000000Z,118352.2,118403.6,118352.1,118403.6,28.907
2025-07-17T08:49:00.000000Z,118403.5,118407.9,118295.1,118295.2,47.503
2025-07-17T08:50:00.000000Z,118295.1,118325.1,118283.2,118299.8,32.415
2025-07-17T08:51:00.000000Z,118299.7,118323.2,118299.7,118299.7,37.719
2025-07-17T08:52:00.000000Z,118299.7,118331.0,118252.1,118330.9,48.966
2025-07-17T08:53:00.000000Z,118330.9,118331.0,118308.8,118330.5,19.889
2025-07-17T08:54:00.000000Z,118330.5,118342.8,118282.8,118292.6,34.152
2025-07-17T08:55:00.000000Z,118292.5,118313.0,118277.4,118299.7,26.996
2025-07-17T08:56:00.000000Z,118299.7,118299.7,118239.4,118239.4,33.126
2025-07-17T08:57:00.000000Z,118239.5,118249.0,118224.5,118224.5,41.331
2025-07-17T08:58:00.000000Z,118224.6,118245.4,118213.3,118245.4,49.121
2025-07-17T08:59:00.000000Z,118245.4,118331.4,118245.4,118313.6,63.397
2025-07-17T09:00:00.000000Z,118313.6,118323.7,118248.9,118248.9,68.718
2025-07-17T09:01:00.000000Z,118248.9,118305.1,118221.8,118221.8,113.594
2025-07-17T09:02:00.000000Z,118221.8,118332.9,118221.8,118332.9,32.442
2025-07-17T09:03:00.000000Z,118333.0,118427.8,118333.0,118413.2,109.444
2025-07-17T09:04:00.000000Z,118413.3,118413.3,118373.2,118397.3,60.762
2025-07-17T09:05:00.000000Z,118397.2,118436.4,118397.2,118422.9,113.446
2025-07-17T09:06:00.000000Z,118422.9,118474.0,118422.9,118460.3,112.492
2025-07-17T09:07:00.000000Z,118460.3,118497.0,118444.4,118497.0,95.421
2025-07-17T09:08:00.000000Z,118496.9,118571.4,118485.8,118571.4,107.077
2025-07-17T09:09:00.000000Z,118571.6,118614.1,118571.6,118579.9,111.989
2025-07-17T09:10:00.000000Z,118580.0,118580.0,118485.7,118485.7,90.401
2025-07-17T09:11:00.000000Z,118485.8,118550.0,118478.6,118549.9,59.76
2025-07-17T09:12:00.000000Z,118550.0,118588.8,118540.1,118588.8,41.773
2025-07-17T09:13:00.000000Z,118588.8,118588.8,118519.9,118542.1,58.198
2025-07-17T09:14:00.000000Z,118542.2,118579.9,118540.0,118540.0,73.434
2025-07-17T09:15:00.000000Z,118540.0,118596.0,118479.6,118479.6,59.336
2025-07-17T09:16:00.000000Z,118479.2,118543.6,118465.6,118543.6,68.572
2025-07-17T09:17:00.000000Z,118543.6,118592.5,118484.2,118592.5,65.106
2025-07-17T09:18:00.000000Z,118592.5,118592.5,118550.2,118576.7,142.838
2025-07-17T09:19:00.000000Z,118576.7,118612.7,118553.1,118581.7,122.917
2025-07-17T09:20:00.000000Z,118581.7,118639.0,118572.4,118638.8,96.903
2025-07-17T09:21:00.000000Z,118638.9,118794.9,118638.8,118760.2,340.736
2025-07-17T09:22:00.000000Z,118760.2,118968.9,118760.2,118901.3,458.508
2025-07-17T09:23:00.000000Z,118901.3,118913.0,118802.4,118913.0,287.087
2025-07-17T09:24:00.000000Z,118912.9,118913.0,118840.1,118853.4,119.033
2025-07-17T09:25:00.000000Z,118853.4,119022.3,118800.0,119018.8,280.897
2025-07-17T09:26:00.000000Z,119018.8,119042.6,118955.9,119025.6,311.406
2025-07-17T09:27:00.000000Z,119025.5,119037.4,118972.5,119007.0,250.002
2025-07-17T09:28:00.000000Z,119006.9,119049.6,118967.3,119043.8,188.171
2025-07-17T09:29:00.000000Z,119043.8,119183.1,119043.8,119133.5,307.513
2025-07-17T09:30:00.000000Z,119133.5,119133.7,119029.5,119115.0,257.579
2025-07-17T09:31:00.000000Z,119114.9,119216.4,119095.2,119109.5,273.917
2025-07-17T09:32:00.000000Z,119109.4,119109.5,118988.1,119014.5,164.59
2025-07-17T09:33:00.000000Z,119014.5,119014.6,118950.0,118955.5,201.573
2025-07-17T09:34:00.000000Z,118955.4,118955.5,118903.7,118914.6,102.628
2025-07-17T09:35:00.000000Z,118914.6,118914.6,118863.7,118868.6,97.927
2025-07-17T09:36:00.000000Z,118868.6,118903.6,118864.4,118903.6,69.07
2025-07-17T09:37:00.000000Z,118903.6,119000.0,118903.6,118965.4,119.619
2025-07-17T09:38:00.000000Z,118965.3,118965.4,118860.6,118869.1,58.285
2025-07-17T09:39:00.000000Z,118869.0,118941.2,118861.0,118941.2,50.719
2025-07-17T09:40:00.000000Z,118941.2,119047.4,118932.2,119047.3,69.967
2025-07-17T09:41:00.000000Z,119047.4,119047.4,118977.3,118977.3,43.166
2025-07-17T09:42:00.000000Z,118977.2,119000.0,118977.2,118977.5,33.354
2025-07-17T09:43:00.000000Z,118977.5,119059.1,118977.4,119043.7,87.02
2025-07-17T09:44:00.000000Z,119043.7,119043.7,118978.6,118978.7,33.306
2025-07-17T09:45:00.000000Z,118978.7,118978.7,118922.1,118932.7,65.386
2025-07-17T09:46:00.000000Z,118932.6,119004.8,118932.6,118950.2,118.152
2025-07-17T09:47:00.000000Z,118950.2,118989.9,118935.0,118935.0,74.562
2025-07-17T09:48:00.000000Z,118935.0,119003.8,118935.0,118990.0,53.435
2025-07-17T09:49:00.000000Z,118990.0,118990.0,118936.3,118936.3,22.195
2025-07-17T09:50:00.000000Z,118936.3,118936.4,118877.5,118926.2,64.636
2025-07-17T09:51:00.000000Z,118926.3,118983.0,118920.3,118954.3,45.125
2025-07-17T09:52:00.000000Z,118954.3,118954.3,118889.2,118889.9,38.823
2025-07-17T09:53:00.000000Z,118889.8,118902.7,118870.3,118901.9,51.591
2025-07-17T09:54:00.000000Z,118901.8,118913.8,118885.4,118897.0,46.21
2025-07-17T09:55:00.000000Z,118896.9,118897.0,118870.0,118870.0,34.47
2025-07-17T09:56:00.000000Z,118870.1,118891.9,118860.0,118891.8,66.127
2025-07-17T09:57:00.000000Z,118891.8,118891.9,118822.0,118822.0,115.975
2025-07-17T09:58:00.000000Z,118822.1,118822.1,118776.3,118787.2,114.853
2025-07-17T09:59:00.000000Z,118787.3,118787.3,118758.6,118758.6,60.087
2025-07-17T10:00:00.000000Z,118758.6,118840.0,118757.7,118829.8,192.187
2025-07-17T10:01:00.000000Z,118829.7,118867.9,118829.7,118845.4,47.06
2025-07-17T10:02:00.000000Z,118845.4,118845.4,118766.6,118776.0,60.145
2025-07-17T10:03:00.000000Z,118776.0,118793.0,118766.7,118780.0,64.387
2025-07-17T10:04:00.000000Z,118780.0,118802.8,118693.5,118693.5,100.014
2025-07-17T10:05:00.000000Z,118693.6,118693.6,118651.5,118651.6,115.472
2025-07-17T10:06:00.000000Z,118651.5,118651.6,118546.8,118576.7,243.503
2025-07-17T10:07:00.000000Z,118576.7,118691.3,118576.7,118603.4,104.294
2025-07-17T10:08:00.000000Z,118603.4,118637.4,118567.2,118590.2,52.761
2025-07-17T10:09:00.000000Z,118590.3,118667.7,118590.3,118631.5,53.279
2025-07-17T10:10:00.000000Z,118631.4,118650.0,118610.8,118615.0,37.752
2025-07-17T10:11:00.000000Z,118615.1,118615.1,118550.0,118550.0,42.838
2025-07-17T10:12:00.000000Z,118550.0,118570.1,118546.6,118570.1,42.369
2025-07-17T10:13:00.000000Z,118570.0,118632.1,118570.0,118620.1,26.043
2025-07-17T10:14:00.000000Z,118620.1,118651.4,118615.2,118615.3,53.574
2025-07-17T10:15:00.000000Z,118615.3,118640.0,118583.7,118637.4,46.292
2025-07-17T10:16:00.000000Z,118637.4,118642.6,118592.6,118592.6,59.629
2025-07-17T10:17:00.000000Z,118592.7,118636.2,118525.0,118611.1,95.887
2025-07-17T10:18:00.000000Z,118611.2,118646.9,118583.6,118600.0,37.29
2025-07-17T10:19:00.000000Z,118599.9,118650.0,118582.7,118637.8,60.417
2025-07-17T10:20:00.000000Z,118637.8,118637.8,118554.6,118554.6,50.329
2025-07-17T10:21:00.000000Z,118554.7,118621.2,118554.6,118600.1,53.817
2025-07-17T10:22:00.000000Z,118600.1,118627.1,118590.0,118590.1,72.723
2025-07-17T10:23:00.000000Z,118590.1,118590.1,118548.8,118559.3,38.015
2025-07-17T10:24:00.000000Z,118559.3,118649.1,118559.3,118621.4,50.244
2025-07-17T10:25:00.000000Z,118621.0,118621.1,118545.3,118545.3,31.642
2025-07-17T10:26:00.000000Z,118545.3,118634.6,118545.3,118634.5,60.526
2025-07-17T10:27:00.000000Z,118634.5,118634.6,118572.0,118572.0,19.449
2025-07-17T10:28:00.000000Z,118572.1,118572.1,118518.3,118548.7,77.032
2025-07-17T10:29:00.000000Z,118548.7,118570.5,118537.3,118550.2,24.697
2025-07-17T10:30:00.000000Z,118550.1,118550.2,118485.7,118485.8,54.841
2025-07-17T10:31:00.000000Z,118485.7,118523.6,118450.6,118450.7,96.469
2025-07-17T10:32:00.000000Z,118450.6,118510.8,118450.6,118502.2,54.19
2025-07-17T10:33:00.000000Z,118502.3,118502.3,118467.4,118499.9,42.119
2025-07-17T10:34:00.000000Z,118500.0,118500.0,118480.6,118480.6,21.849
2025-07-17T10:35:00.000000Z,118480.7,118480.7,118457.7,118458.9,27.196
2025-07-17T10:36:00.000000Z,118458.9,118462.9,118436.1,118436.2,48.072
2025-07-17T10:37:00.000000Z,118436.2,118496.5,118400.0,118496.4,93.161
2025-07-17T10:38:00.000000Z,118496.5,118516.7,118459.3,118477.8,48.596
2025-07-17T10:39:00.000000Z,118477.8,118477.8,118475.9,118477.8,12.688
2025-07-17T10:40:00.000000Z,118477.7,118477.7,118308.4,118311.6,167.553
2025-07-17T10:41:00.000000Z,118311.6,118449.8,118307.6,118442.4,110.299
2025-07-17T10:42:00.000000Z,118442.4,118453.0,118356.5,118358.5,81.929
2025-07-17T10:43:00.000000Z,118358.5,118365.3,118328.1,118330.7,98.216
2025-07-17T10:44:00.000000Z,118330.2,118338.5,118277.9,118277.9,172.128
2025-07-17T10:45:00.000000Z,118277.9,118323.2,118277.7,118323.1,121.034
2025-07-17T10:46:00.000000Z,118323.2,118323.2,118279.7,118279.7,69.818
2025-07-17T10:47:00.000000Z,118279.7,118317.9,118279.7,118308.8,57.971
2025-07-17T10:48:00.000000Z,118308.5,118309.0,118242.0,118242.8,113.487
2025-07-17T10:49:00.000000Z,118242.7,118298.6,118217.2,118264.0,77.066
2025-07-17T10:50:00.000000Z,118264.1,118281.1,118221.4,118221.4,38.907
2025-07-17T10:51:00.000000Z,118221.4,118230.7,118210.0,118230.7,54.603
2025-07-17T10:52:00.000000Z,118230.7,118230.7,118213.4,118223.7,37.103
2025-07-17T10:53:00.000000Z,118223.7,118248.1,118213.1,118225.1,60.895
2025-07-17T10:54:00.000000Z,118225.1,118240.6,118220.3,118240.6,31.754
2025-07-17T10:55:00.000000Z,118240.5,118286.2,118240.5,118279.8,52.35
2025-07-17T10:56:00.000000Z,118279.7,118308.4,118274.8,118290.7,56.21
2025-07-17T10:57:00.000000Z,118290.8,118422.8,118290.7,118422.8,209.398
2025-07-17T10:58:00.000000Z,118422.8,118454.9,118417.7,118425.2,182.475
2025-07-17T10:59:00.000000Z,118425.3,118426.4,118331.1,118331.2,300.481
2025-07-17T11:00:00.000000Z,118331.2,118389.9,118314.6,118343.0,80.841
2025-07-17T11:01:00.000000Z,118343.0,118348.8,118254.3,118321.0,84.962
2025-07-17T11:02:00.000000Z,118320.9,118348.8,118289.0,118289.1,50.413
2025-07-17T11:03:00.000000Z,118289.0,118289.0,118135.9,118156.2,303.602
2025-07-17T11:04:00.000000Z,118156.1,118236.3,118154.8,118219.3,176.491
2025-07-17T11:05:00.000000Z,118219.4,118231.0,118207.4,118231.0,40.073
2025-07-17T11:06:00.000000Z,118231.0,118231.0,118205.3,118228.1,51.299
2025-07-17T11:07:00.000000Z,118228.0,118292.6,118228.0,118263.5,47.263
2025-07-17T11:08:00.000000Z,118263.5,118289.0,118243.1,118265.4,42.757
2025-07-17T11:09:00.000000Z,118265.3,118268.9,118236.2,118236.3,41.932
2025-07-17T11:10:00.000000Z,118236.2,118276.9,118222.5,118273.2,74.758
2025-07-17T11:11:00.000000Z,118273.2,118294.9,118241.6,118291.1,188.635
2025-07-17T11:12:00.000000Z,118291.2,118291.2,118249.1,118254.4,42.422
2025-07-17T11:13:00.000000Z,118254.3,118254.3,118217.7,118217.7,44.592
2025-07-17T11:14:00.000000Z,118217.7,118255.7,118217.7,118223.0,52.056
2025-07-17T11:15:00.000000Z,118222.9,118282.1,118210.0,118282.1,71.078
2025-07-17T11:16:00.000000Z,118282.1,118282.1,118185.0,118185.0,239.022
2025-07-17T11:17:00.000000Z,118185.0,118241.6,118161.9,118241.5,60.226
2025-07-17T11:18:00.000000Z,118241.5,118241.6,118191.4,118191.4,35.169
2025-07-17T11:19:00.000000Z,118191.4,118231.2,118177.0,118231.1,51.014
2025-07-17T11:20:00.000000Z,118231.1,118231.1,118177.0,118177.1,32.289
2025-07-17T11:21:00.000000Z,118177.1,118208.4,118171.8,118188.2,50.197
2025-07-17T11:22:00.000000Z,118188.2,118252.7,118188.1,118252.7,29.572
2025-07-17T11:23:00.000000Z,118252.7,118256.8,118219.5,118235.5,45.798
2025-07-17T11:24:00.000000Z,118235.4,118272.0,118197.0,118222.5,50.249
2025-07-17T11:25:00.000000Z,118222.5,118250.9,118203.9,118204.0,44.463
2025-07-17T11:26:00.000000Z,118203.9,118206.8,118194.7,118200.1,44.189
2025-07-17T11:27:00.000000Z,118200.1,118200.1,118154.9,118154.9,47.945
2025-07-17T11:28:00.000000Z,118155.0,118155.0,118139.9,118139.9,55.081
2025-07-17T11:29:00.000000Z,118139.9,118157.9,118128.1,118157.9,66.503
2025-07-17T11:30:00.000000Z,118157.8,118175.0,118140.6,118142.6,39.564
2025-07-17T11:31:00.000000Z,118142.6,118164.7,118136.6,118136.7,51.376
2025-07-17T11:32:00.000000Z,118136.6,118136.7,118100.1,118100.2,123.491
2025-07-17T11:33:00.000000Z,118100.1,118145.0,118100.1,118122.6,98.458
2025-07-17T11:34:00.000000Z,118122.6,118147.5,118104.4,118133.1,67.897
2025-07-17T11:35:00.000000Z,118133.2,118137.3,118122.2,118126.6,57.899
2025-07-17T11:36:00.000000Z,118126.7,118160.1,118126.6,118160.0,22.628
2025-07-17T11:37:00.000000Z,118160.1,118194.3,118160.0,118164.4,57.241
2025-07-17T11:38:00.000000Z,118164.4,118175.8,118162.6,118171.1,31.144
2025-07-17T11:39:00.000000Z,118171.0,118171.1,118171.0,118171.1,14.471
2025-07-17T11:40:00.000000Z,118171.0,118171.0,118116.9,118117.0,64.748
2025-07-17T11:41:00.000000Z,118117.0,118131.0,118109.3,118115.8,32.867
2025-07-17T11:42:00.000000Z,118115.8,118134.3,118115.7,118134.2,17.573
2025-07-17T11:43:00.000000Z,118134.3,118140.0,118134.2,118140.0,16.352
2025-07-17T11:44:00.000000Z,118139.9,118159.6,118130.1,118144.7,36.554
2025-07-17T11:45:00.000000Z,118144.6,118157.6,118135.1,118157.6,23.233
2025-07-17T11:46:00.000000Z,118157.6,118157.6,118130.2,118130.3,78.874
2025-07-17T11:47:00.000000Z,118130.3,118130.3,118065.7,118065.7,131.715
2025-07-17T11:48:00.000000Z,118065.8,118087.7,118056.0,118087.7,68.289
2025-07-17T11:49:00.000000Z,118087.7,118087.7,118065.9,118070.1,75.062
2025-07-17T11:50:00.000000Z,118070.1,118084.0,118062.9,118062.9,49.736
2025-07-17T11:51:00.000000Z,118062.9,118092.5,118057.7,118092.5,36.219
2025-07-17T11:52:00.000000Z,118092.5,118092.5,118055.0,118055.1,46.995
2025-07-17T11:53:00.000000Z,118055.1,118087.6,118055.0,118082.1,51.66
2025-07-17T11:54:00.000000Z,118082.1,118094.9,118061.6,118061.6,128.151
2025-07-17T11:55:00.000000Z,118061.6,118061.6,117979.3,118040.7,148.502
2025-07-17T11:56:00.000000Z,118040.7,118060.6,118010.1,118013.2,25.862
2025-07-17T11:57:00.000000Z,118013.1,118018.5,117915.2,117983.9,328.241
2025-07-17T11:58:00.000000Z,117983.9,117983.9,117976.0,117980.2,58.043
2025-07-17T11:59:00.000000Z,117980.1,117980.1,117968.8,117968.9,46.623
2025-07-17T12:00:00.000000Z,117968.8,118000.0,117961.7,118000.0,93.755
2025-07-17T12:01:00.000000Z,118000.0,118000.0,117964.0,117977.1,55.513
2025-07-17T12:02:00.000000Z,117977.0,118007.1,117977.0,118003.3,43.083
2025-07-17T12:03:00.000000Z,118003.3,118076.0,117987.6,118076.0,163.059
2025-07-17T12:04:00.000000Z,118076.0,118076.1,117977.0,117977.1,98.973
2025-07-17T12:05:00.000000Z,117977.0,117977.1,117928.0,117928.0,67.876
2025-07-17T12:06:00.000000Z,117928.0,117934.0,117861.0,117886.9,135.082
2025-07-17T12:07:00.000000Z,117886.8,117886.9,117853.9,117871.1,134.54
2025-07-17T12:08:00.000000Z,117871.1,117871.2,117790.0,117791.3,558.555
2025-07-17T12:09:00.000000Z,117791.2,117791.3,117732.7,117750.0,230.688
2025-07-17T12:10:00.000000Z,117749.9,117855.7,117749.9,117821.2,116.482
2025-07-17T12:11:00.000000Z,117821.3,117888.0,117821.2,117850.5,114.28
2025-07-17T12:12:00.000000Z,117850.4,117850.5,117821.2,117821.3,59.886
2025-07-17T12:13:00.000000Z,117821.3,117858.4,117821.2,117858.4,43.407
2025-07-17T12:14:00.000000Z,117858.4,117858.4,117770.2,117803.5,78.017
2025-07-17T12:15:00.000000Z,117803.4,117812.4,117785.7,117812.4,46.841
2025-07-17T12:16:00.000000Z,117812.4,117846.2,117790.2,117846.2,132.538
2025-07-17T12:17:00.000000Z,117846.2,117846.2,117816.1,117823.0,64.257
2025-07-17T12:18:00.000000Z,117823.0,117839.0,117800.0,117800.1,42.783
2025-07-17T12:19:00.000000Z,117800.1,117810.0,117777.0,117801.7,64.858
2025-07-17T12:20:00.000000Z,117801.7,117801.7,117779.3,117786.7,52.235
2025-07-17T12:21:00.000000Z,117786.6,117786.7,117729.9,117740.5,87.441
2025-07-17T12:22:00.000000Z,117740.5,117770.1,117691.3,117691.3,114.045
2025-07-17T12:23:00.000000Z,117691.3,117691.4,117587.3,117675.3,627.756
2025-07-17T12:24:00.000000Z,117675.3,117675.4,117623.5,117644.9,172.347
2025-07-17T12:25:00.000000Z,117644.9,117685.1,117644.9,117685.0,84.636
2025-07-17T12:26:00.000000Z,117685.0,117685.0,117549.8,117549.8,190.084
2025-07-17T12:27:00.000000Z,117549.8,117558.6,117527.1,117558.6,169.145
2025-07-17T12:28:00.000000Z,117558.5,117594.8,117545.2,117552.2,90.942
2025-07-17T12:29:00.000000Z,117552.2,117559.3,117416.1,117465.0,649.159
2025-07-17T12:30:00.000000Z,117464.9,117760.0,117464.8,117672.9,451.124
2025-07-17T12:31:00.000000Z,117672.9,117706.8,117586.2,117679.8,258.971
2025-07-17T12:32:00.000000Z,117679.7,117679.8,117412.8,117579.8,554.195
2025-07-17T12:33:00.000000Z,117579.9,117728.8,117542.4,117723.8,195.013
2025-07-17T12:34:00.000000Z,117723.7,117728.8,117625.9,117667.3,157.833
2025-07-17T12:35:00.000000Z,117667.2,117749.4,117629.2,117676.0,131.11
2025-07-17T12:36:00.000000Z,117676.0,117745.0,117649.4,117745.0,113.974
2025-07-17T12:37:00.000000Z,117745.0,117753.8,117682.8,117717.8,157.066
2025-07-17T12:38:00.000000Z,117717.7,117768.4,117701.1,117764.5,77.824
2025-07-17T12:39:00.000000Z,117764.4,117771.9,117663.4,117679.1,199.532
2025-07-17T12:40:00.000000Z,117679.2,117710.3,117612.0,117705.0,124.876
2025-07-17T12:41:00.000000Z,117705.0,117818.8,117705.0,117759.5,496.883
2025-07-17T12:42:00.000000Z,117759.6,117941.9,117744.1,117850.8,529.495
2025-07-17T12:43:00.000000Z,117850.9,117934.1,117844.4,117905.9,455.003
2025-07-17T12:44:00.000000Z,117905.8,117974.5,117905.8,117974.4,151.637
2025-07-17T12:45:00.000000Z,117974.5,117974.5,117945.2,117945.6,130.195
2025-07-17T12:46:00.000000Z,117945.5,117964.6,117921.8,117964.6,113.637
2025-07-17T12:47:00.000000Z,117964.6,117975.9,117935.2,117935.2,57.803
2025-07-17T12:48:00.000000Z,117935.2,118084.5,117935.1,118084.5,277.476
2025-07-17T12:49:00.000000Z,118084.5,118180.0,118084.4,118169.5,428.685
2025-07-17T12:50:00.000000Z,118169.4,118180.1,118024.1,118024.2,190.686
2025-07-17T12:51:00.000000Z,118024.1,118036.0,117974.0,117974.1,66.297
2025-07-17T12:52:00.000000Z,117974.1,118013.4,117900.0,118013.4,98.043
2025-07-17T12:53:00.000000Z,118013.3,118049.2,118000.0,118047.2,80.197
2025-07-17T12:54:00.000000Z,118047.6,118090.4,118028.4,118028.4,80.014
2025-07-17T12:55:00.000000Z,118028.4,118041.7,117979.9,118024.3,94.528
2025-07-17T12:56:00.000000Z,118024.4,118048.7,118002.7,118002.7,72.294
2025-07-17T12:57:00.000000Z,118002.7,118002.8,117934.8,117977.2,70.791
2025-07-17T12:58:00.000000Z,117977.1,117977.2,117940.0,117940.0,58.876
2025-07-17T12:59:00.000000Z,117940.0,117967.0,117853.3,117853.3,117.978
2025-07-17T13:00:00.000000Z,117853.3,117853.3,117822.0,117822.0,197.772
2025-07-17T13:01:00.000000Z,117822.1,117954.2,117811.4,117888.8,138.427
2025-07-17T13:02:00.000000Z,117888.8,117924.9,117881.3,117895.6,87.621
2025-07-17T13:03:00.000000Z,117895.6,117968.0,117895.5,117967.9,62.471
2025-07-17T13:04:00.000000Z,117968.0,117989.0,117920.3,117943.8,87.331
2025-07-17T13:05:00.000000Z,117943.8,118016.8,117943.8,117992.2,49.432
2025-07-17T13:06:00.000000Z,117992.1,117992.2,117912.0,117924.0,92.403
2025-07-17T13:07:00.000000Z,117924.0,117933.2,117883.1,117913.5,44.864
2025-07-17T13:08:00.000000Z,117913.5,117913.6,117800.7,117800.8,122.384
2025-07-17T13:09:00.000000Z,117800.8,117800.8,117698.9,117747.3,269.008
2025-07-17T13:10:00.000000Z,117747.3,117814.1,117723.7,117782.8,247.235
2025-07-17T13:11:00.000000Z,117782.7,117813.6,117750.0,117799.2,76.872
2025-07-17T13:12:00.000000Z,117799.2,117820.0,117785.6,117820.0,34.586
2025-07-17T13:13:00.000000Z,117819.9,117847.7,117784.3,117784.4,42.739
2025-07-17T13:14:00.000000Z,117784.4,117842.0,117784.3,117834.6,45.173
2025-07-17T13:15:00.000000Z,117834.6,117834.7,117776.3,117776.3,46.419
2025-07-17T13:16:00.000000Z,117776.3,117791.6,117758.0,117758.0,54.856
2025-07-17T13:17:00.000000Z,117758.0,117758.1,117679.0,117693.9,75.189
2025-07-17T13:18:00.000000Z,117693.9,117772.4,117639.0,117772.4,153.202
2025-07-17T13:19:00.000000Z,117772.4,117772.4,117726.0,117767.5,48.781
2025-07-17T13:20:00.000000Z,117767.5,117834.6,117767.5,117834.6,54.708
2025-07-17T13:21:00.000000Z,117834.6,117834.7,117811.2,117811.3,43.661
2025-07-17T13:22:00.000000Z,117811.2,117811.3,117738.4,117746.5,56.775
2025-07-17T13:23:00.000000Z,117746.6,117810.7,117746.4,117810.7,40.238
2025-07-17T13:24:00.000000Z,117810.7,117825.6,117738.8,117747.2,49.165
2025-07-17T13:25:00.000000Z,117747.3,117794.8,117747.3,117794.0,61.573
2025-07-17T13:26:00.000000Z,117794.0,117868.0,117793.8,117868.0,39.925
2025-07-17T13:27:00.000000Z,117867.9,117919.2,117850.1,117906.8,111.248
2025-07-17T13:28:00.000000Z,117906.9,117906.9,117845.1,117848.5,40.87
2025-07-17T13:29:00.000000Z,117848.5,117895.8,117848.5,117889.9,51.132
2025-07-17T13:30:00.000000Z,117890.0,117890.0,117763.9,117805.3,173.363
2025-07-17T13:31:00.000000Z,117805.3,117863.0,117788.5,117788.5,54.863
2025-07-17T13:32:00.000000Z,117788.8,117788.8,117655.1,117655.1,75.567
2025-07-17T13:33:00.000000Z,117655.1,117698.2,117555.6,117697.3,193.966
2025-07-17T13:34:00.000000Z,117697.3,117697.3,117593.3,117620.6,155.195
2025-07-17T13:35:00.000000Z,117620.6,117872.3,117594.8,117846.7,147.027
2025-07-17T13:36:00.000000Z,117846.6,117858.5,117761.6,117761.6,105.215
2025-07-17T13:37:00.000000Z,117761.7,118019.7,117761.6,118019.6,170.25
2025-07-17T13:38:00.000000Z,118019.6,118027.5,117890.0,117916.1,128.961
2025-07-17T13:39:00.000000Z,117916.0,117982.8,117865.4,117869.8,270.9
2025-07-17T13:40:00.000000Z,117869.8,117928.1,117824.1,117824.2,139.313
2025-07-17T13:41:00.000000Z,117824.2,117945.3,117790.8,117933.4,102.089
2025-07-17T13:42:00.000000Z,117933.3,117959.8,117850.2,117852.5,95.087
2025-07-17T13:43:00.000000Z,117852.5,117909.4,117831.9,117831.9,132.318
2025-07-17T13:44:00.000000Z,117831.9,117831.9,117612.2,117637.1,419.394
2025-07-17T13:45:00.000000Z,117637.1,117649.8,117573.4,117644.3,337.133
2025-07-17T13:46:00.000000Z,117644.4,117675.3,117514.8,117651.1,356.047
2025-07-17T13:47:00.000000Z,117651.1,117692.3,117590.0,117612.9,268.665
2025-07-17T13:48:00.000000Z,117612.9,117820.0,117612.8,117820.0,241.806
2025-07-17T13:49:00.000000Z,117820.0,117923.0,117819.9,117899.6,193.87
2025-07-17T13:50:00.000000Z,117899.7,118072.7,117899.7,118072.7,198.857
2025-07-17T13:51:00.000000Z,118072.6,118122.5,118022.8,118122.4,359.238
2025-07-17T13:52:00.000000Z,118122.5,118156.3,118070.0,118108.8,216.173
2025-07-17T13:53:00.000000Z,118108.7,118288.0,118108.7,118268.4,492.032
2025-07-17T13:54:00.000000Z,118268.4,118375.8,118223.4,118348.6,427.241
2025-07-17T13:55:00.000000Z,118348.6,118348.7,118175.2,118282.8,251.25
2025-07-17T13:56:00.000000Z,118282.8,118400.0,118277.6,118399.9,167.524
2025-07-17T13:57:00.000000Z,118399.9,118443.0,118367.8,118416.9,200.923
2025-07-17T13:58:00.000000Z,118416.9,118419.0,118373.3,118373.3,144.194
2025-07-17T13:59:00.000000Z,118373.3,118382.2,118248.7,118261.6,155.366
2025-07-17T14:00:00.000000Z,118261.2,118388.4,118254.4,118331.2,177.622
2025-07-17T14:01:00.000000Z,118331.2,118399.2,118306.1,118365.0,182.728
2025-07-17T14:02:00.000000Z,118365.1,118444.0,118365.0,118385.1,141.596
2025-07-17T14:03:00.000000Z,118385.0,118414.6,118361.0,118414.5,96.487
2025-07-17T14:04:00.000000Z,118414.5,118500.0,118336.0,118342.3,244.797
2025-07-17T14:05:00.000000Z,118342.2,118384.7,118312.3,118336.9,148.493
2025-07-17T14:06:00.000000Z,118336.9,118384.5,118310.7,118375.4,71.216
2025-07-17T14:07:00.000000Z,118375.4,118375.5,118306.7,118361.1,148.666
2025-07-17T14:08:00.000000Z,118361.1,118361.2,118200.0,118201.7,177.547
2025-07-17T14:09:00.000000Z,118201.7,118330.0,118110.5,118330.0,270.803
2025-07-17T14:10:00.000000Z,118329.9,118491.1,118307.7,118450.0,198.669
2025-07-17T14:11:00.000000Z,118450.0,118475.1,118266.2,118279.9,171.146
2025-07-17T14:12:00.000000Z,118279.9,118287.4,118218.0,118253.7,128.072
2025-07-17T14:13:00.000000Z,118253.8,118347.6,118222.6,118347.6,50.257
2025-07-17T14:14:00.000000Z,118347.6,118461.5,118288.6,118461.5,53.548
2025-07-17T14:15:00.000000Z,118461.4,118497.2,118287.3,118321.9,238.829
2025-07-17T14:16:00.000000Z,118322.0,118432.6,118322.0,118364.1,86.256
2025-07-17T14:17:00.000000Z,118364.1,118449.9,118358.3,118395.3,89.236
2025-07-17T14:18:00.000000Z,118395.3,118418.6,118338.9,118399.9,88.001
2025-07-17T14:19:00.000000Z,118399.8,118399.9,118303.9,118361.3,88.368
2025-07-17T14:20:00.000000Z,118361.3,118425.1,118310.8,118336.3,160.436
2025-07-17T14:21:00.000000Z,118336.3,118480.0,118303.9,118480.0,225.054
2025-07-17T14:22:00.000000Z,118480.0,118594.3,118442.5,118542.3,252.54
2025-07-17T14:23:00.000000Z,118542.2,118542.2,118429.5,118445.5,105.895
2025-07-17T14:24:00.000000Z,118445.5,118499.8,118378.8,118483.8,226.135
2025-07-17T14:25:00.000000Z,118483.8,118578.7,118479.7,118571.3,80.76
2025-07-17T14:26:00.000000Z,118571.3,118699.0,118562.4,118669.3,356.532
2025-07-17T14:27:00.000000Z,118668.8,118668.9,118623.0,118623.0,111.697
2025-07-17T14:28:00.000000Z,118622.6,118622.6,118521.7,118526.4,115.893
2025-07-17T14:29:00.000000Z,118526.4,118714.8,118526.4,118714.8,214.881
2025-07-17T14:30:00.000000Z,118714.7,118800.0,118705.1,118742.3,320.373
2025-07-17T14:31:00.000000Z,118742.3,118742.4,118616.4,118633.0,179.409
2025-07-17T14:32:00.000000Z,118633.0,118780.9,118633.0,118780.9,94.243
2025-07-17T14:33:00.000000Z,118780.9,118828.8,118768.8,118775.6,223.146
2025-07-17T14:34:00.000000Z,118775.6,118837.9,118758.6,118805.8,188.673
2025-07-17T14:35:00.000000Z,118805.9,118811.7,118737.6,118737.6,71.471
2025-07-17T14:36:00.000000Z,118737.6,118737.6,118677.6,118689.9,92.912
2025-07-17T14:37:00.000000Z,118689.9,118698.9,118547.3,118547.3,193.574
2025-07-17T14:38:00.000000Z,118547.4,118643.3,118547.3,118622.5,121.849
2025-07-17T14:39:00.000000Z,118622.5,118720.5,118600.2,118675.4,71.098
2025-07-17T14:40:00.000000Z,118674.5,118684.9,118594.7,118652.8,73.019
2025-07-17T14:41:00.000000Z,118652.9,118699.9,118652.9,118657.8,56.667
2025-07-17T14:42:00.000000Z,118657.9,118700.1,118605.3,118606.3,102.303
2025-07-17T14:43:00.000000Z,118606.2,118606.3,118481.7,118508.7,146.425
2025-07-17T14:44:00.000000Z,118508.6,118549.5,118492.2,118549.5,78.609
2025-07-17T14:45:00.000000Z,118549.4,118627.3,118549.4,118609.4,80.722
2025-07-17T14:46:00.000000Z,118609.4,118637.9,118578.8,118614.9,47.678
2025-07-17T14:47:00.000000Z,118614.9,118650.0,118590.0,118650.0,46.211
2025-07-17T14:48:00.000000Z,118649.9,118681.9,118600.8,118654.8,73.894
2025-07-17T14:49:00.000000Z,118654.7,118683.6,118610.8,118683.5,53.601
2025-07-17T14:50:00.000000Z,118683.6,118723.4,118670.8,118684.4,42.337
2025-07-17T14:51:00.000000Z,118684.5,118693.0,118650.3,118667.0,35.725
2025-07-17T14:52:00.000000Z,118666.9,118788.0,118666.9,118752.1,189.327
2025-07-17T14:53:00.000000Z,118752.2,118788.8,118727.3,118788.8,62.694
2025-07-17T14:54:00.000000Z,118788.8,118811.1,118742.1,118747.0,75.026
2025-07-17T14:55:00.000000Z,118747.0,118782.4,118730.3,118771.0,55.108
2025-07-17T14:56:00.000000Z,118770.9,118777.8,118713.6,118739.3,25.936
2025-07-17T14:57:00.000000Z,118739.2,118739.3,118688.1,118688.1,29.351
2025-07-17T14:58:00.000000Z,118688.2,118717.7,118652.4,118714.5,110.662
2025-07-17T14:59:00.000000Z,118714.5,118752.9,118684.8,118752.9,67.457
2025-07-17T15:00:00.000000Z,118752.9,118880.0,118752.8,118879.9,167.001
2025-07-17T15:01:00.000000Z,118880.0,118880.0,118742.8,118779.9,113.25
2025-07-17T15:02:00.000000Z,118779.9,118823.1,118763.2,118763.2,57.29
2025-07-17T15:03:00.000000Z,118763.3,118834.4,118763.3,118783.5,89.321
2025-07-17T15:04:00.000000Z,118783.6,118783.6,118640.2,118640.2,104.573
2025-07-17T15:05:00.000000Z,118640.2,118750.0,118575.9,118733.9,164.846
2025-07-17T15:06:00.000000Z,118733.8,118790.7,118713.5,118715.8,129.417
2025-07-17T15:07:00.000000Z,118715.7,118750.0,118606.7,118618.2,124.441
2025-07-17T15:08:00.000000Z,118618.1,118638.4,118513.5,118589.7,118.261
2025-07-17T15:09:00.000000Z,118589.7,118598.7,118445.1,118505.2,230.079
2025-07-17T15:10:00.000000Z,118505.1,118529.3,118429.8,118448.1,166.991
2025-07-17T15:11:00.000000Z,118448.0,118492.3,118426.0,118492.2,101.214
2025-07-17T15:12:00.000000Z,118492.3,118544.6,118439.2,118544.6,44.796
2025-07-17T15:13:00.000000Z,118544.5,118555.0,118500.0,118513.6,52.919
2025-07-17T15:14:00.000000Z,118513.5,118535.2,118415.7,118423.4,49.934
2025-07-17T15:15:00.000000Z,118423.4,118428.9,118315.8,118400.0,284.26
2025-07-17T15:16:00.000000Z,118399.9,118452.5,118393.5,118426.5,99.973
2025-07-17T15:17:00.000000Z,118426.6,118526.4,118426.5,118524.1,71.076
2025-07-17T15:18:00.000000Z,118524.2,118527.6,118458.3,118515.7,156.993
2025-07-17T15:19:00.000000Z,118515.7,118590.2,118501.1,118501.7,84.42
2025-07-17T15:20:00.000000Z,118501.7,118517.7,118472.0,118476.4,27.832
2025-07-17T15:21:00.000000Z,118476.3,118476.4,118383.1,118383.2,53.723
2025-07-17T15:22:00.000000Z,118383.1,118462.6,118383.1,118436.4,45.599
2025-07-17T15:23:00.000000Z,118436.4,118548.8,118436.3,118548.6,38.168
2025-07-17T15:24:00.000000Z,118548.6,118649.1,118542.6,118596.7,121.022
2025-07-17T15:25:00.000000Z,118596.7,118652.9,118583.9,118633.5,84.721
2025-07-17T15:26:00.000000Z,118633.4,118658.6,118630.1,118640.3,22.457
2025-07-17T15:27:00.000000Z,118640.3,118640.4,118559.1,118559.1,64.773
2025-07-17T15:28:00.000000Z,118559.1,118574.0,118452.2,118501.9,106.668
2025-07-17T15:29:00.000000Z,118501.9,118515.1,118501.9,118508.8,16.015
2025-07-17T15:30:00.000000Z,118508.8,118589.8,118508.8,118589.8,113.467
2025-07-17T15:31:00.000000Z,118589.7,118636.5,118556.2,118556.3,45.062
2025-07-17T15:32:00.000000Z,118556.2,118630.0,118513.4,118625.3,40.423
2025-07-17T15:33:00.000000Z,118625.3,118630.0,118570.1,118576.0,23.732
2025-07-17T15:34:00.000000Z,118576.0,118653.6,118576.0,118612.9,38.625
2025-07-17T15:35:00.000000Z,118612.8,118657.2,118603.3,118630.0,61.534
2025-07-17T15:36:00.000000Z,118630.0,118680.0,118580.8,118585.1,45.354
2025-07-17T15:37:00.000000Z,118585.0,118679.6,118585.0,118679.6,34.66
2025-07-17T15:38:00.000000Z,118679.5,118737.4,118679.5,118710.0,95.82
2025-07-17T15:39:00.000000Z,118709.9,118782.5,118709.9,118782.4,59.789
2025-07-17T15:40:00.000000Z,118782.5,118860.6,118782.4,118856.2,182.475
2025-07-17T15:41:00.000000Z,118856.2,119051.0,118856.1,118991.6,666.071
2025-07-17T15:42:00.000000Z,118991.6,119047.9,118940.3,119047.8,153.103
2025-07-17T15:43:00.000000Z,119047.9,119100.0,119039.5,119049.5,169.997
2025-07-17T15:44:00.000000Z,119049.6,119087.5,119021.8,119087.5,117.008
2025-07-17T15:45:00.000000Z,119087.4,119087.5,119042.4,119067.3,103.905
2025-07-17T15:46:00.000000Z,119067.3,119067.3,118907.8,118962.9,212.294
2025-07-17T15:47:00.000000Z,118962.9,118973.9,118922.2,118957.9,47.346
2025-07-17T15:48:00.000000Z,118957.9,118957.9,118900.0,118900.0,177.843
2025-07-17T15:49:00.000000Z,118900.1,118914.0,118846.1,118898.0,106.096
2025-07-17T15:50:00.000000Z,118897.9,118905.7,118845.4,118863.0,86.787
2025-07-17T15:51:00.000000Z,118862.9,118884.9,118757.3,118829.8,289.228
2025-07-17T15:52:00.000000Z,118829.8,118868.6,118829.7,118852.8,66.313
2025-07-17T15:53:00.000000Z,118852.8,119000.0,118834.2,118989.3,86.182
2025-07-17T15:54:00.000000Z,118989.4,119000.0,118960.0,118960.5,50.341
2025-07-17T15:55:00.000000Z,118960.5,118986.6,118912.8,118950.0,50.991
2025-07-17T15:56:00.000000Z,118950.0,118986.6,118949.9,118959.1,52.487
2025-07-17T15:57:00.000000Z,118959.0,118959.1,118876.2,118906.0,63.326
2025-07-17T15:58:00.000000Z,118906.0,118941.5,118884.5,118892.1,25.071
2025-07-17T15:59:00.000000Z,118892.0,118892.1,118852.8,118875.0,42.351
2025-07-17T16:00:00.000000Z,118875.0,118891.9,118867.7,118874.8,43.902
2025-07-17T16:01:00.000000Z,118874.9,118930.0,118846.2,118862.8,115.103
2025-07-17T16:02:00.000000Z,118862.9,118952.2,118862.9,118917.1,93.818
2025-07-17T16:03:00.000000Z,118917.0,118917.0,118770.5,118770.6,84.835
2025-07-17T16:04:00.000000Z,118770.5,118820.2,118752.2,118820.1,79.075
2025-07-17T16:05:00.000000Z,118820.1,118829.1,118755.0,118755.1,63.507
2025-07-17T16:06:00.000000Z,118755.0,118755.1,118692.3,118745.2,174.319
2025-07-17T16:07:00.000000Z,118745.2,118745.3,118660.7,118660.8,88.123
2025-07-17T16:08:00.000000Z,118660.7,118734.5,118660.7,118734.5,60.999
2025-07-17T16:09:00.000000Z,118734.4,118754.8,118681.3,118681.4,54.435
2025-07-17T16:10:00.000000Z,118681.3,118702.7,118576.9,118589.7,116.828
2025-07-17T16:11:00.000000Z,118589.7,118589.7,118500.0,118514.8,189.161
2025-07-17T16:12:00.000000Z,118514.9,118607.0,118487.1,118578.3,188.906
2025-07-17T16:13:00.000000Z,118578.3,118633.1,118534.8,118633.1,61.17
2025-07-17T16:14:00.000000Z,118633.1,118656.7,118596.6,118656.7,37.384
2025-07-17T16:15:00.000000Z,118656.7,118675.0,118631.7,118643.8,52.581
2025-07-17T16:16:00.000000Z,118643.7,118643.8,118502.7,118576.0,69.477
2025-07-17T16:17:00.000000Z,118576.0,118576.0,118500.0,118532.2,86.868
2025-07-17T16:18:00.000000Z,118532.2,118615.2,118507.9,118508.0,56.616
2025-07-17T16:19:00.000000Z,118508.0,118601.4,118507.9,118593.6,73.224
2025-07-17T16:20:00.000000Z,118593.6,118639.0,118549.3,118632.0,62.004
2025-07-17T16:21:00.000000Z,118632.0,118674.6,118618.7,118640.2,50.231
2025-07-17T16:22:00.000000Z,118640.0,118732.3,118623.0,118732.3,88.0
2025-07-17T16:23:00.000000Z,118732.3,118761.1,118712.0,118723.9,98.712
2025-07-17T16:24:00.000000Z,118723.9,118725.1,118650.8,118661.7,28.312
2025-07-17T16:25:00.000000Z,118661.7,118676.8,118588.6,118588.6,41.443
2025-07-17T16:26:00.000000Z,118588.6,118700.0,118588.6,118680.2,34.492
2025-07-17T16:27:00.000000Z,118680.3,118740.0,118621.8,118621.9,58.419
2025-07-17T16:28:00.000000Z,118621.9,118644.3,118574.5,118604.9,32.087
2025-07-17T16:29:00.000000Z,118604.9,118605.0,118500.0,118550.4,134.282
2025-07-17T16:30:00.000000Z,118550.4,118550.4,118405.2,118410.5,108.969
2025-07-17T16:31:00.000000Z,118410.6,118456.8,118367.5,118448.8,185.296
2025-07-17T16:32:00.000000Z,118448.8,118486.1,118384.7,118385.3,79.544
2025-07-17T16:33:00.000000Z,118385.2,118397.5,118293.6,118347.0,296.246
2025-07-17T16:34:00.000000Z,118347.0,118454.3,118325.5,118424.7,255.743
2025-07-17T16:35:00.000000Z,118424.7,118482.2,118418.9,118482.2,160.96
2025-07-17T16:36:00.000000Z,118482.2,118497.0,118430.1,118453.7,71.612
2025-07-17T16:37:00.000000Z,118453.8,118453.8,118405.1,118405.1,40.301
2025-07-17T16:38:00.000000Z,118405.1,118438.7,118400.0,118413.0,53.187
2025-07-17T16:39:00.000000Z,118412.9,118450.9,118350.0,118450.9,62.303
2025-07-17T16:40:00.000000Z,118451.0,118451.0,118353.1,118356.1,43.623
2025-07-17T16:41:00.000000Z,118356.1,118610.0,118356.1,118608.2,196.761
2025-07-17T16:42:00.000000Z,118608.2,118608.2,118507.4,118507.4,68.721
2025-07-17T16:43:00.000000Z,118506.9,118583.8,118506.9,118559.7,144.431
2025-07-17T16:44:00.000000Z,118559.8,118559.8,118409.2,118447.8,81.567
2025-07-17T16:45:00.000000Z,118447.8,118447.9,118380.0,118426.2,100.696
2025-07-17T16:46:00.000000Z,118426.3,118470.0,118377.8,118470.0,44.914
2025-07-17T16:47:00.000000Z,118469.9,118504.1,118433.0,118433.0,33.539
2025-07-17T16:48:00.000000Z,118433.0,118467.4,118386.1,118467.4,27.638
2025-07-17T16:49:00.000000Z,118467.4,118467.4,118416.0,118424.6,45.622
2025-07-17T16:50:00.000000Z,118424.6,118542.7,118424.6,118533.1,37.418
2025-07-17T16:51:00.000000Z,118533.0,118566.2,118499.6,118537.0,34.748
2025-07-17T16:52:00.000000Z,118537.1,118537.1,118386.2,118393.8,61.119
2025-07-17T16:53:00.000000Z,118393.8,118475.6,118393.8,118434.4,27.183
2025-07-17T16:54:00.000000Z,118434.4,118475.2,118429.9,118436.0,41.942
2025-07-17T16:55:00.000000Z,118436.1,118436.1,118356.1,118373.7,68.731
2025-07-17T16:56:00.000000Z,118373.7,118425.6,118367.1,118425.6,42.499
2025-07-17T16:57:00.000000Z,118425.5,118486.4,118425.5,118461.5,42.995
2025-07-17T16:58:00.000000Z,118461.5,118506.4,118461.5,118499.3,47.516
2025-07-17T16:59:00.000000Z,118499.3,118550.3,118499.3,118550.3,26.892
2025-07-17T17:00:00.000000Z,118550.3,118609.2,118524.5,118586.1,48.225
2025-07-17T17:01:00.000000Z,118586.0,118720.4,118586.0,118687.1,152.017
2025-07-17T17:02:00.000000Z,118687.1,118763.3,118680.6,118719.8,218.785
2025-07-17T17:03:00.000000Z,118719.8,118783.3,118697.1,118744.3,102.78
2025-07-17T17:04:00.000000Z,118744.3,118750.3,118723.9,118730.0,49.525
2025-07-17T17:05:00.000000Z,118730.1,118767.7,118710.0,118722.4,68.729
2025-07-17T17:06:00.000000Z,118722.4,118844.0,118722.3,118842.6,88.45
2025-07-17T17:07:00.000000Z,118842.6,118863.6,118791.2,118791.2,65.666
2025-07-17T17:08:00.000000Z,118791.3,118864.2,118791.3,118836.1,40.979
2025-07-17T17:09:00.000000Z,118836.0,118937.8,118821.1,118937.8,94.276
2025-07-17T17:10:00.000000Z,118937.8,118954.9,118895.5,118906.4,108.851
2025-07-17T17:11:00.000000Z,118906.4,118910.6,118871.9,118895.4,42.736
2025-07-17T17:12:00.000000Z,118895.4,118900.0,118869.4,118899.9,37.674
2025-07-17T17:13:00.000000Z,118900.0,118914.7,118880.6,118880.7,47.048
2025-07-17T17:14:00.000000Z,118880.6,118904.0,118880.6,118903.9,36.454
2025-07-17T17:15:00.000000Z,118904.0,118932.1,118885.1,118886.2,42.473
2025-07-17T17:16:00.000000Z,118886.2,118886.2,118833.5,118833.9,65.69
2025-07-17T17:17:00.000000Z,118833.9,118843.5,118789.3,118815.9,191.057
2025-07-17T17:18:00.000000Z,118816.0,118819.4,118775.2,118819.3,67.753
2025-07-17T17:19:00.000000Z,118819.4,118826.2,118775.1,118775.1,36.344
2025-07-17T17:20:00.000000Z,118775.1,118785.2,118736.0,118736.1,78.076
2025-07-17T17:21:00.000000Z,118736.0,118754.5,118713.3,118713.4,29.744
2025-07-17T17:22:00.000000Z,118713.3,118713.4,118675.0,118699.2,80.718
2025-07-17T17:23:00.000000Z,118699.2,118730.2,118677.5,118677.5,28.275
2025-07-17T17:24:00.000000Z,118677.5,118730.2,118677.5,118730.1,43.274
2025-07-17T17:25:00.000000Z,118730.2,118753.8,118712.5,118719.9,41.237
2025-07-17T17:26:00.000000Z,118719.9,118757.3,118719.9,118732.8,44.799
2025-07-17T17:27:00.000000Z,118732.2,118732.2,118672.0,118680.0,67.456
2025-07-17T17:28:00.000000Z,118679.9,118691.8,118619.2,118668.2,85.279
2025-07-17T17:29:00.000000Z,118668.2,118707.1,118663.7,118694.3,25.891
2025-07-17T17:30:00.000000Z,118694.3,118772.9,118694.2,118729.4,20.494
2025-07-17T17:31:00.000000Z,118729.4,118742.6,118726.1,118742.0,11.791
2025-07-17T17:32:00.000000Z,118742.6,118742.6,118648.5,118672.4,22.628
2025-07-17T17:33:00.000000Z,118672.4,118725.0,118672.4,118724.9,16.623
2025-07-17T17:34:00.000000Z,118725.0,118750.0,118714.7,118749.9,19.897
2025-07-17T17:35:00.000000Z,118750.0,118761.0,118673.2,118673.2,23.618
2025-07-17T17:36:00.000000Z,118673.2,118700.0,118654.2,118661.7,25.313
2025-07-17T17:37:00.000000Z,118661.7,118661.8,118628.0,118656.7,22.923
2025-07-17T17:38:00.000000Z,118656.6,118674.9,118650.8,118650.8,61.114
2025-07-17T17:39:00.000000Z,118650.8,118650.8,118535.1,118535.1,72.977
2025-07-17T17:40:00.000000Z,118535.1,118535.1,118482.9,118489.6,66.862
2025-07-17T17:41:00.000000Z,118489.7,118565.6,118489.6,118565.5,29.965
2025-07-17T17:42:00.000000Z,118565.6,118647.7,118565.5,118647.7,65.677
2025-07-17T17:43:00.000000Z,118647.8,118672.6,118618.8,118618.8,24.288
2025-07-17T17:44:00.000000Z,118618.9,118656.4,118618.8,118656.3,10.534
2025-07-17T17:45:00.000000Z,118656.3,118656.3,118593.9,118594.0,17.497
2025-07-17T17:46:00.000000Z,118593.9,118672.3,118593.9,118672.3,15.275
2025-07-17T17:47:00.000000Z,118672.3,118757.2,118672.2,118757.2,31.759
2025-07-17T17:48:00.000000Z,118757.2,119097.8,118751.5,119071.9,773.251
2025-07-17T17:49:00.000000Z,119071.9,119072.0,119000.3,119057.9,136.668
2025-07-17T17:50:00.000000Z,119058.0,119083.7,119034.9,119083.6,114.774
2025-07-17T17:51:00.000000Z,119083.7,119151.0,119061.6,119111.1,277.629
2025-07-17T17:52:00.000000Z,119111.0,119112.7,119038.9,119038.9,127.229
2025-07-17T17:53:00.000000Z,119039.0,119059.7,118941.5,119032.9,116.941
2025-07-17T17:54:00.000000Z,119032.9,119067.2,119006.9,119035.9,74.669
2025-07-17T17:55:00.000000Z,119036.0,119077.2,119036.0,119075.6,49.369
2025-07-17T17:56:00.000000Z,119075.6,119120.0,119056.3,119120.0,47.912
2025-07-17T17:57:00.000000Z,119119.9,119169.1,119119.9,119152.9,94.257
2025-07-17T17:58:00.000000Z,119152.9,119337.5,119137.5,119331.9,759.059
2025-07-17T17:59:00.000000Z,119331.9,119346.9,119255.3,119255.3,172.541
2025-07-17T18:00:00.000000Z,119255.4,119384.6,119255.4,119312.3,389.04
2025-07-17T18:01:00.000000Z,119312.3,119321.0,119275.0,119311.5,81.36
2025-07-17T18:02:00.000000Z,119311.5,119311.6,119225.1,119233.0,106.771
2025-07-17T18:03:00.000000Z,119233.0,119274.4,119206.2,119274.4,85.588
2025-07-17T18:04:00.000000Z,119274.3,119375.8,119248.8,119356.1,75.923
2025-07-17T18:05:00.000000Z,119356.1,119362.6,119326.6,119345.2,69.14
2025-07-17T18:06:00.000000Z,119345.3,119356.0,119261.8,119261.9,67.638
2025-07-17T18:07:00.000000Z,119261.9,119309.8,119261.9,119309.8,52.221
2025-07-17T18:08:00.000000Z,119309.8,119375.8,119309.7,119375.7,82.705
2025-07-17T18:09:00.000000Z,119375.7,119394.3,119375.7,119394.2,56.498
2025-07-17T18:10:00.000000Z,119394.3,119394.3,119288.2,119300.9,129.471
2025-07-17T18:11:00.000000Z,119300.8,119300.9,119251.7,119254.6,65.172
2025-07-17T18:12:00.000000Z,119254.5,119254.5,119220.2,119250.9,64.415
2025-07-17T18:13:00.000000Z,119250.9,119250.9,119212.5,119225.0,35.747
2025-07-17T18:14:00.000000Z,119225.0,119225.1,119186.3,119206.2,81.317
2025-07-17T18:15:00.000000Z,119206.3,119257.8,119206.2,119257.8,39.227
2025-07-17T18:16:00.000000Z,119257.7,119338.9,119253.0,119338.8,54.13
2025-07-17T18:17:00.000000Z,119338.8,119382.0,119338.8,119366.7,78.496
2025-07-17T18:18:00.000000Z,119366.7,119366.9,119340.1,119340.1,35.965
2025-07-17T18:19:00.000000Z,119340.1,119382.0,119340.1,119382.0,33.593
2025-07-17T18:20:00.000000Z,119382.0,119610.0,119381.9,119573.6,1155.251
2025-07-17T18:21:00.000000Z,119573.6,119682.0,119560.0,119677.4,610.229
2025-07-17T18:22:00.000000Z,119677.4,119739.5,119677.4,119723.1,257.394
2025-07-17T18:23:00.000000Z,119723.0,119723.1,119615.8,119655.0,177.891
2025-07-17T18:24:00.000000Z,119654.9,119678.0,119560.0,119560.0,175.423
2025-07-17T18:25:00.000000Z,119560.0,119560.0,119430.0,119430.1,170.079
2025-07-17T18:26:00.000000Z,119430.0,119550.0,119384.6,119549.9,192.697
2025-07-17T18:27:00.000000Z,119549.9,119623.3,119549.9,119606.8,132.183
2025-07-17T18:28:00.000000Z,119606.8,119655.0,119606.8,119649.9,116.508
2025-07-17T18:29:00.000000Z,119649.9,119767.4,119642.3,119687.4,249.327
2025-07-17T18:30:00.000000Z,119687.3,119774.0,119663.1,119744.8,213.641
2025-07-17T18:31:00.000000Z,119744.8,119744.8,119629.9,119679.9,190.877
2025-07-17T18:32:00.000000Z,119679.9,119760.4,119679.9,119756.6,136.993
2025-07-17T18:33:00.000000Z,119756.6,119786.0,119756.6,119759.7,145.145
2025-07-17T18:34:00.000000Z,119759.8,119771.0,119708.8,119708.8,172.83
2025-07-17T18:35:00.000000Z,119708.8,119708.9,119660.7,119694.1,155.785
2025-07-17T18:36:00.000000Z,119694.1,119760.3,119694.1,119719.0,128.744
2025-07-17T18:37:00.000000Z,119718.9,119720.0,119655.5,119720.0,61.223
2025-07-17T18:38:00.000000Z,119719.9,119773.9,119719.9,119773.9,47.5
2025-07-17T18:39:00.000000Z,119773.8,119787.7,119757.9,119759.3,132.132
2025-07-17T18:40:00.000000Z,119759.3,119759.4,119674.5,119727.3,100.135
2025-07-17T18:41:00.000000Z,119727.2,119769.0,119703.0,119767.6,63.416
2025-07-17T18:42:00.000000Z,119767.6,119767.6,119721.5,119721.5,44.525
2025-07-17T18:43:00.000000Z,119721.6,119767.6,119702.8,119733.5,86.662
2025-07-17T18:44:00.000000Z,119733.5,119733.6,119670.1,119672.9,56.369
2025-07-17T18:45:00.000000Z,119672.9,119713.6,119613.9,119627.5,92.294
2025-07-17T18:46:00.000000Z,119627.5,119628.4,119529.7,119548.6,208.055
2025-07-17T18:47:00.000000Z,119548.7,119569.6,119545.0,119552.4,76.485
2025-07-17T18:48:00.000000Z,119552.4,119552.5,119508.5,119515.3,100.511
2025-07-17T18:49:00.000000Z,119515.4,119548.4,119515.3,119536.2,41.611
2025-07-17T18:50:00.000000Z,119536.2,119630.6,119536.2,119620.0,74.126
2025-07-17T18:51:00.000000Z,119620.0,119620.1,119566.6,119566.6,30.573
2025-07-17T18:52:00.000000Z,119566.6,119580.0,119548.2,119563.5,35.089
2025-07-17T18:53:00.000000Z,119563.6,119573.5,119529.2,119568.7,32.068
2025-07-17T18:54:00.000000Z,119568.8,119597.7,119562.1,119588.6,54.163
2025-07-17T18:55:00.000000Z,119588.6,119597.2,119553.5,119569.3,52.321
2025-07-17T18:56:00.000000Z,119569.3,119569.4,119474.2,119520.1,84.218
2025-07-17T18:57:00.000000Z,119520.0,119575.5,119520.0,119575.4,45.061
2025-07-17T18:58:00.000000Z,119575.5,119627.2,119575.4,119627.1,50.317
2025-07-17T18:59:00.000000Z,119627.2,119639.3,119575.5,119582.5,42.111
2025-07-17T19:00:00.000000Z,119582.4,119633.5,119582.4,119615.0,90.753
2025-07-17T19:01:00.000000Z,119615.0,119628.4,119610.2,119619.0,51.712
2025-07-17T19:02:00.000000Z,119619.0,119650.0,119618.9,119620.1,115.517
2025-07-17T19:03:00.000000Z,119620.1,119700.0,119620.0,119699.9,127.502
2025-07-17T19:04:00.000000Z,119700.0,119765.9,119699.9,119765.1,67.373
2025-07-17T19:05:00.000000Z,119765.1,119765.1,119711.1,119752.9,153.813
2025-07-17T19:06:00.000000Z,119752.9,119792.0,119743.0,119791.9,58.067
2025-07-17T19:07:00.000000Z,119792.0,119854.0,119773.8,119773.9,262.627
2025-07-17T19:08:00.000000Z,119773.9,119775.0,119739.8,119774.9,66.636
2025-07-17T19:09:00.000000Z,119774.9,119852.6,119774.9,119819.9,76.568
2025-07-17T19:10:00.000000Z,119820.0,119879.1,119816.2,119832.9,135.378
2025-07-17T19:11:00.000000Z,119833.0,119833.0,119783.8,119794.5,39.326
2025-07-17T19:12:00.000000Z,119794.5,119859.1,119794.5,119854.9,83.065
2025-07-17T19:13:00.000000Z,119855.0,119855.0,119810.0,119810.0,40.072
2025-07-17T19:14:00.000000Z,119810.0,119810.1,119777.2,119798.7,37.115
2025-07-17T19:15:00.000000Z,119798.7,119800.0,119756.9,119799.9,34.731
2025-07-17T19:16:00.000000Z,119799.9,119848.2,119790.5,119840.7,61.159
2025-07-17T19:17:00.000000Z,119840.8,119864.0,119820.2,119860.7,64.63
2025-07-17T19:18:00.000000Z,119860.6,119860.6,119791.7,119791.7,40.598
2025-07-17T19:19:00.000000Z,119791.2,119812.6,119758.9,119812.6,78.495
2025-07-17T19:20:00.000000Z,119812.5,119812.5,119800.0,119800.1,17.572
2025-07-17T19:21:00.000000Z,119800.1,119800.1,119764.8,119785.3,29.265
2025-07-17T19:22:00.000000Z,119785.3,119825.0,119770.9,119825.0,54.953
2025-07-17T19:23:00.000000Z,119825.0,119825.0,119640.6,119648.3,91.035
2025-07-17T19:24:00.000000Z,119648.3,119762.4,119631.2,119762.3,69.719
2025-07-17T19:25:00.000000Z,119762.3,119762.3,119687.9,119720.0,44.045
2025-07-17T19:26:00.000000Z,119719.9,119736.6,119691.4,119729.4,33.478
2025-07-17T19:27:00.000000Z,119729.4,119729.4,119678.2,119700.7,67.372
2025-07-17T19:28:00.000000Z,119700.7,119753.3,119681.4,119681.4,72.175
2025-07-17T19:29:00.000000Z,119681.4,119681.5,119639.5,119650.0,58.393
2025-07-17T19:30:00.000000Z,119650.0,119650.0,119607.3,119609.9,58.768
2025-07-17T19:31:00.000000Z,119610.0,119640.0,119600.0,119640.0,75.317
2025-07-17T19:32:00.000000Z,119640.0,119650.0,119590.3,119595.1,41.148
2025-07-17T19:33:00.000000Z,119595.1,119624.7,119595.1,119624.7,53.239
2025-07-17T19:34:00.000000Z,119624.7,119635.3,119595.5,119635.2,45.889
2025-07-17T19:35:00.000000Z,119635.3,119678.0,119635.2,119635.2,74.345
2025-07-17T19:36:00.000000Z,119635.2,119635.2,119606.3,119617.3,39.73
2025-07-17T19:37:00.000000Z,119617.2,119634.2,119575.4,119575.4,59.577
2025-07-17T19:38:00.000000Z,119575.4,119575.5,119520.6,119566.7,125.035
2025-07-17T19:39:00.000000Z,119566.7,119600.0,119553.9,119553.9,69.71
2025-07-17T19:40:00.000000Z,119553.9,119582.3,119540.0,119582.2,31.901
2025-07-17T19:41:00.000000Z,119582.2,119616.4,119574.1,119616.4,57.804
2025-07-17T19:42:00.000000Z,119616.4,119641.6,119536.7,119539.5,51.677
2025-07-17T19:43:00.000000Z,119539.6,119539.6,119462.1,119462.1,110.354
2025-07-17T19:44:00.000000Z,119462.1,119508.2,119446.1,119489.4,108.678
2025-07-17T19:45:00.000000Z,119489.4,119490.0,119358.0,119365.1,207.877
2025-07-17T19:46:00.000000Z,119365.1,119370.7,119319.8,119335.6,145.918
2025-07-17T19:47:00.000000Z,119335.7,119335.7,119204.5,119227.0,284.557
2025-07-17T19:48:00.000000Z,119227.0,119227.1,119115.2,119144.6,199.308
2025-07-17T19:49:00.000000Z,119144.5,119297.9,119144.5,119267.7,236.132
2025-07-17T19:50:00.000000Z,119267.8,119295.4,119219.9,119249.6,135.866
2025-07-17T19:51:00.000000Z,119249.6,119260.0,119219.9,119232.7,46.38
2025-07-17T19:52:00.000000Z,119232.7,119288.0,119182.4,119197.2,94.139
2025-07-17T19:53:00.000000Z,119197.3,119241.3,119126.3,119162.8,103.463
2025-07-17T19:54:00.000000Z,119163.0,119197.4,119100.0,119100.0,85.732
2025-07-17T19:55:00.000000Z,119100.1,119108.8,118970.1,118970.1,328.123
2025-07-17T19:56:00.000000Z,118970.1,118991.6,118874.6,118884.4,384.868
2025-07-17T19:57:00.000000Z,118884.4,118948.0,118800.0,118908.9,270.32
2025-07-17T19:58:00.000000Z,118909.1,118939.9,118855.0,118939.9,163.86
2025-07-17T19:59:00.000000Z,118939.8,118948.9,118873.7,118948.8,97.356
2025-07-17T20:00:00.000000Z,118948.8,118999.1,118926.1,118994.8,169.199
2025-07-17T20:01:00.000000Z,118994.8,118994.8,118866.0,118868.1,214.004
2025-07-17T20:02:00.000000Z,118868.1,118881.8,118821.7,118839.9,111.037
2025-07-17T20:03:00.000000Z,118839.9,118853.1,118725.1,118734.3,219.931
2025-07-17T20:04:00.000000Z,118734.4,118734.4,118667.4,118733.1,293.934
2025-07-17T20:05:00.000000Z,118733.0,118733.0,118443.0,118510.7,554.944
2025-07-17T20:06:00.000000Z,118510.6,118633.1,118510.6,118540.0,200.565
2025-07-17T20:07:00.000000Z,118540.0,118604.5,118468.8,118551.3,342.097
2025-07-17T20:08:00.000000Z,118550.0,118550.0,118343.2,118424.2,509.279
2025-07-17T20:09:00.000000Z,118424.2,118478.4,118379.6,118462.3,233.278
2025-07-17T20:10:00.000000Z,118462.2,118578.4,118433.2,118577.2,279.281
2025-07-17T20:11:00.000000Z,118577.2,118687.6,118553.8,118683.5,203.846
2025-07-17T20:12:00.000000Z,118683.5,118765.1,118683.5,118738.0,183.261
2025-07-17T20:13:00.000000Z,118738.0,118740.0,118716.9,118740.0,80.235
2025-07-17T20:14:00.000000Z,118739.9,118799.0,118735.3,118761.2,120.612
2025-07-17T20:15:00.000000Z,118761.2,118866.0,118714.3,118833.3,138.816
2025-07-17T20:16:00.000000Z,118833.3,118887.4,118769.9,118769.9,77.307
2025-07-17T20:17:00.000000Z,118769.9,118874.1,118769.9,118865.6,71.577
2025-07-17T20:18:00.000000Z,118865.6,118868.2,118829.3,118860.0,36.59
2025-07-17T20:19:00.000000Z,118859.9,118863.5,118766.6,118837.2,114.275
2025-07-17T20:20:00.000000Z,118837.2,118837.2,118631.5,118631.5,111.703
2025-07-17T20:21:00.000000Z,118631.5,118846.1,118586.4,118817.1,192.087
2025-07-17T20:22:00.000000Z,118817.1,118845.3,118709.9,118709.9,78.222
2025-07-17T20:23:00.000000Z,118709.8,118814.2,118709.7,118814.2,66.498
2025-07-17T20:24:00.000000Z,118814.2,118893.1,118772.5,118893.0,53.547
2025-07-17T20:25:00.000000Z,118893.1,119026.8,118885.0,118997.5,239.25
2025-07-17T20:26:00.000000Z,118997.4,119052.2,118939.5,119003.8,222.805
2025-07-17T20:27:00.000000Z,119003.7,119073.2,118994.4,119055.7,148.85
2025-07-17T20:28:00.000000Z,119055.6,119119.3,118988.6,118988.6,144.771
2025-07-17T20:29:00.000000Z,118988.6,119016.0,118962.0,119003.6,68.201
2025-07-17T20:30:00.000000Z,119003.7,119174.5,118999.7,119139.2,249.494
2025-07-17T20:31:00.000000Z,119139.2,119185.6,119116.1,119158.4,147.793
2025-07-17T20:32:00.000000Z,119158.4,119163.9,119138.0,119149.2,164.82
2025-07-17T20:33:00.000000Z,119149.2,119195.9,119138.3,119165.2,57.728
2025-07-17T20:34:00.000000Z,119165.1,119176.9,119045.0,119045.0,48.281
2025-07-17T20:35:00.000000Z,119045.1,119130.7,119045.1,119130.6,59.112
2025-07-17T20:36:00.000000Z,119130.6,119165.1,119125.3,119162.1,59.808
2025-07-17T20:37:00.000000Z,119162.0,119213.9,119144.0,119213.8,54.984
2025-07-17T20:38:00.000000Z,119213.9,119290.2,119213.8,119290.2,100.817
2025-07-17T20:39:00.000000Z,119290.2,119325.2,119290.2,119325.2,63.682
2025-07-17T20:40:00.000000Z,119325.2,119390.0,119302.1,119302.2,100.382
2025-07-17T20:41:00.000000Z,119302.2,119302.3,119230.7,119267.9,45.66
2025-07-17T20:42:00.000000Z,119267.9,119272.5,119257.5,119266.4,19.216
2025-07-17T20:43:00.000000Z,119266.4,119332.1,119266.4,119319.6,34.56
2025-07-17T20:44:00.000000Z,119319.6,119319.6,119219.9,119221.4,57.126
2025-07-17T20:45:00.000000Z,119221.5,119283.0,119211.9,119283.0,46.743
2025-07-17T20:46:00.000000Z,119282.9,119290.0,119232.9,119259.9,41.182
2025-07-17T20:47:00.000000Z,119260.0,119290.0,119259.9,119290.0,29.644
2025-07-17T20:48:00.000000Z,119290.0,119310.0,119274.9,119295.5,34.111
2025-07-17T20:49:00.000000Z,119295.5,119295.5,119218.6,119218.6,25.164
2025-07-17T20:50:00.000000Z,119218.6,119218.7,119088.0,119093.8,93.056
2025-07-17T20:51:00.000000Z,119094.6,119172.8,119090.5,119152.3,92.185
2025-07-17T20:52:00.000000Z,119152.3,119205.7,119134.3,119202.0,36.177
2025-07-17T20:53:00.000000Z,119202.1,119202.1,119154.0,119171.2,40.897
2025-07-17T20:54:00.000000Z,119171.2,119179.3,119122.3,119165.5,57.595
2025-07-17T20:55:00.000000Z,119165.4,119165.4,119106.8,119115.3,41.948
2025-07-17T20:56:00.000000Z,119115.2,119122.2,119076.9,119076.9,26.904
2025-07-17T20:57:00.000000Z,119076.9,119120.0,119076.9,119110.4,80.103
2025-07-17T20:58:00.000000Z,119110.5,119181.8,119110.5,119155.4,99.108
2025-07-17T20:59:00.000000Z,119155.4,119440.8,119155.3,119428.8,545.811
2025-07-17T21:00:00.000000Z,119428.8,119524.6,119410.5,119500.0,451.579
2025-07-17T21:01:00.000000Z,119500.0,119742.9,119498.5,119671.0,634.864
2025-07-17T21:02:00.000000Z,119670.9,119671.0,119607.0,119670.5,200.341
2025-07-17T21:03:00.000000Z,119670.6,119788.5,119670.5,119746.5,231.317
2025-07-17T21:04:00.000000Z,119746.5,119800.0,119712.8,119789.0,694.084
2025-07-17T21:05:00.000000Z,119789.0,119872.8,119783.4,119849.4,861.652
2025-07-17T21:06:00.000000Z,119849.3,119991.0,119849.3,119982.0,709.464
2025-07-17T21:07:00.000000Z,119982.0,120000.0,119915.5,119976.3,711.673
2025-07-17T21:08:00.000000Z,119976.4,119997.3,119945.3,119987.9,211.665
2025-07-17T21:09:00.000000Z,119988.0,119995.0,119828.9,119864.9,334.264
2025-07-17T21:10:00.000000Z,119864.9,120095.8,119843.6,119923.1,843.322
2025-07-17T21:11:00.000000Z,119923.0,120145.9,119923.0,120113.7,776.191
2025-07-17T21:12:00.000000Z,120113.7,120113.8,119841.8,119938.2,429.45
2025-07-17T21:13:00.000000Z,119938.3,120007.9,119894.5,119988.7,392.402
2025-07-17T21:14:00.000000Z,119988.6,120099.3,119988.6,120094.9,198.487
2025-07-17T21:15:00.000000Z,120095.0,120342.8,120094.9,120336.2,1234.917
2025-07-17T21:16:00.000000Z,120336.2,120445.3,120328.7,120430.8,905.049
2025-07-17T21:17:00.000000Z,120430.9,120500.0,120195.2,120229.0,608.344
2025-07-17T21:18:00.000000Z,120229.0,120490.5,120211.4,120490.5,496.687
2025-07-17T21:19:00.000000Z,120490.5,120500.0,120456.5,120500.0,281.498
2025-07-17T21:20:00.000000Z,120499.9,120769.2,120489.2,120665.7,1532.817
2025-07-17T21:21:00.000000Z,120665.7,120769.2,120639.5,120769.2,378.699
2025-07-17T21:22:00.000000Z,120769.2,120822.0,120745.9,120796.5,365.448
2025-07-17T21:23:00.000000Z,120796.4,120878.7,120774.0,120851.1,438.77
2025-07-17T21:24:00.000000Z,120851.0,120951.5,120851.0,120905.2,506.632
2025-07-17T21:25:00.000000Z,120905.9,120906.0,120625.5,120677.1,469.533
2025-07-17T21:26:00.000000Z,120677.1,120870.3,120520.0,120539.9,739.442
2025-07-17T21:27:00.000000Z,120540.0,120679.6,120540.0,120578.7,432.388
2025-07-17T21:28:00.000000Z,120578.6,120692.3,120505.5,120687.5,350.648
2025-07-17T21:29:00.000000Z,120687.5,120900.1,120687.5,120900.1,655.939
2025-07-17T21:30:00.000000Z,120900.0,120930.8,120703.9,120824.4,568.364
2025-07-17T21:31:00.000000Z,120824.4,120880.5,120610.6,120618.2,276.354
2025-07-17T21:32:00.000000Z,120618.1,120841.8,120531.1,120796.3,831.312
2025-07-17T21:33:00.000000Z,120796.2,120850.0,120692.3,120755.9,382.008
2025-07-17T21:34:00.000000Z,120755.9,120840.0,120700.0,120759.0,438.756
2025-07-17T21:35:00.000000Z,120758.9,120758.9,120497.0,120528.8,339.829
2025-07-17T21:36:00.000000Z,120528.7,120529.1,120316.2,120400.0,789.119
2025-07-17T21:37:00.000000Z,120400.0,120416.2,120061.5,120154.8,754.554
2025-07-17T21:38:00.000000Z,120154.8,120422.1,120094.6,120357.1,1031.052
2025-07-17T21:39:00.000000Z,120357.2,120357.2,120033.4,120307.5,451.359
2025-07-17T21:40:00.000000Z,120307.6,120375.6,120187.9,120372.9,225.848
2025-07-17T21:41:00.000000Z,120372.9,120508.0,120372.8,120380.1,180.755
2025-07-17T21:42:00.000000Z,120380.2,120489.0,120380.1,120466.1,91.504
2025-07-17T21:43:00.000000Z,120466.1,120550.0,120410.1,120549.9,133.591
2025-07-17T21:44:00.000000Z,120550.0,120615.3,120546.7,120615.2,140.322
2025-07-17T21:45:00.000000Z,120615.2,120750.9,120615.2,120725.4,99.637
2025-07-17T21:46:00.000000Z,120725.3,120752.1,120505.3,120505.3,158.704
2025-07-17T21:47:00.000000Z,120505.4,120544.0,120461.5,120462.0,101.571
2025-07-17T21:48:00.000000Z,120461.7,120566.9,120461.5,120548.5,80.879
2025-07-17T21:49:00.000000Z,120548.4,120605.3,120542.5,120605.2,100.762
2025-07-17T21:50:00.000000Z,120605.2,120605.3,120269.4,120320.0,179.006
2025-07-17T21:51:00.000000Z,120319.9,120339.0,120279.3,120338.9,79.813
2025-07-17T21:52:00.000000Z,120338.9,120426.6,120338.9,120375.4,53.863
2025-07-17T21:53:00.000000Z,120375.4,120450.0,120375.3,120449.9,54.091
2025-07-17T21:54:00.000000Z,120450.0,120450.1,120447.7,120447.8,36.699
2025-07-17T21:55:00.000000Z,120447.7,120518.9,120446.8,120518.8,42.508
2025-07-17T21:56:00.000000Z,120518.9,120518.9,120446.8,120495.8,68.622
2025-07-17T21:57:00.000000Z,120495.8,120495.8,120342.0,120342.0,128.714
2025-07-17T21:58:00.000000Z,120342.1,120342.1,120177.0,120340.8,161.178
2025-07-17T21:59:00.000000Z,120340.9,120340.9,120254.3,120254.8,59.137
2025-07-17T22:00:00.000000Z,120254.8,120336.5,120181.1,120224.3,178.296
2025-07-17T22:01:00.000000Z,120224.2,120343.7,120224.2,120343.7,65.854
2025-07-17T22:02:00.000000Z,120343.7,120418.0,120306.9,120386.9,83.229
2025-07-17T22:03:00.000000Z,120386.8,120425.9,120322.4,120372.0,68.315
2025-07-17T22:04:00.000000Z,120371.9,120372.0,120294.9,120294.9,30.2
2025-07-17T22:05:00.000000Z,120294.9,120295.0,120198.4,120216.6,276.342
2025-07-17T22:06:00.000000Z,120216.6,120216.7,120153.8,120170.0,94.658
2025-07-17T22:07:00.000000Z,120170.0,120211.6,120164.4,120194.2,78.137
2025-07-17T22:08:00.000000Z,120194.2,120194.2,120128.4,120151.3,81.255
2025-07-17T22:09:00.000000Z,120151.4,120217.7,120151.3,120182.4,107.589
2025-07-17T22:10:00.000000Z,120182.4,120182.5,120134.7,120141.4,92.001
2025-07-17T22:11:00.000000Z,120141.3,120234.8,120112.5,120234.7,131.011
2025-07-17T22:12:00.000000Z,120234.8,120261.3,120195.2,120243.0,136.629
2025-07-17T22:13:00.000000Z,120243.1,120413.8,120239.2,120413.8,174.829
2025-07-17T22:14:00.000000Z,120413.8,120450.0,120380.1,120432.4,130.819
2025-07-17T22:15:00.000000Z,120432.4,120490.8,120432.4,120490.8,89.622
2025-07-17T22:16:00.000000Z,120490.8,120580.7,120440.1,120580.7,86.507
2025-07-17T22:17:00.000000Z,120581.0,120706.1,120557.1,120605.3,171.59
2025-07-17T22:18:00.000000Z,120605.3,120633.4,120571.1,120613.6,110.776
2025-07-17T22:19:00.000000Z,120613.7,120616.5,120547.4,120567.8,131.521
2025-07-17T22:20:00.000000Z,120567.8,120567.8,120277.5,120277.6,306.079
2025-07-17T22:21:00.000000Z,120277.6,120283.4,120176.1,120176.1,179.138
2025-07-17T22:22:00.000000Z,120176.1,120239.3,120141.2,120160.4,177.164
2025-07-17T22:23:00.000000Z,120160.4,120200.0,120142.5,120176.3,76.35
2025-07-17T22:24:00.000000Z,120176.3,120228.2,120137.8,120147.6,121.631
2025-07-17T22:25:00.000000Z,120147.6,120257.7,120147.5,120189.8,61.374
2025-07-17T22:26:00.000000Z,120189.8,120218.9,120142.0,120209.6,138.565
2025-07-17T22:27:00.000000Z,120209.6,120218.0,120080.1,120080.2,182.635
2025-07-17T22:28:00.000000Z,120080.1,120133.2,120060.2,120060.3,109.924
2025-07-17T22:29:00.000000Z,120060.2,120100.0,120041.7,120077.6,86.371
2025-07-17T22:30:00.000000Z,120077.6,120145.1,120077.5,120137.2,72.982
2025-07-17T22:31:00.000000Z,120137.1,120138.6,120100.0,120138.5,35.055
2025-07-17T22:32:00.000000Z,120138.6,120195.2,120114.3,120130.0,127.657
2025-07-17T22:33:00.000000Z,120130.0,120202.8,120108.9,120202.8,102.412
2025-07-17T22:34:00.000000Z,120202.7,120250.7,120183.7,120184.0,62.287
2025-07-17T22:35:00.000000Z,120184.0,120200.0,120180.1,120190.1,35.695
2025-07-17T22:36:00.000000Z,120190.0,120190.1,120077.4,120118.2,94.082
2025-07-17T22:37:00.000000Z,120118.2,120183.1,120118.2,120176.1,24.664
2025-07-17T22:38:00.000000Z,120176.2,120176.2,120138.2,120161.4,42.899
2025-07-17T22:39:00.000000Z,120161.3,120161.4,120146.9,120150.1,30.744
2025-07-17T22:40:00.000000Z,120150.0,120224.0,120127.4,120216.5,47.646
2025-07-17T22:41:00.000000Z,120216.5,120218.6,120172.8,120215.1,46.725
2025-07-17T22:42:00.000000Z,120215.0,120246.9,120182.8,120182.9,44.526
2025-07-17T22:43:00.000000Z,120182.8,120240.1,120182.8,120236.8,34.721
2025-07-17T22:44:00.000000Z,120236.8,120272.5,120162.0,120162.0,138.668
2025-07-17T22:45:00.000000Z,120162.1,120307.6,120162.1,120307.6,197.646
2025-07-17T22:46:00.000000Z,120307.6,120336.4,120266.8,120266.8,56.273
2025-07-17T22:47:00.000000Z,120266.8,120266.9,120193.5,120203.0,76.536
2025-07-17T22:48:00.000000Z,120203.1,120203.1,120047.5,120093.0,297.094
2025-07-17T22:49:00.000000Z,120093.1,120108.7,120007.1,120042.3,140.67
2025-07-17T22:50:00.000000Z,120042.3,120042.4,119839.2,119869.6,432.292
2025-07-17T22:51:00.000000Z,119869.5,119869.6,119639.0,119674.3,478.861
2025-07-17T22:52:00.000000Z,119674.4,119726.9,119664.1,119670.1,144.774
2025-07-17T22:53:00.000000Z,119670.0,119670.1,119451.3,119497.5,430.578
2025-07-17T22:54:00.000000Z,119497.6,119639.1,119474.9,119600.0,226.716
2025-07-17T22:55:00.000000Z,119600.1,119692.2,119540.3,119692.2,450.995
2025-07-17T22:56:00.000000Z,119692.3,119748.0,119685.9,119747.9,112.984
2025-07-17T22:57:00.000000Z,119747.9,119747.9,119685.6,119685.6,101.147
2025-07-17T22:58:00.000000Z,119685.6,119777.4,119685.6,119728.5,67.574
2025-07-17T22:59:00.000000Z,119728.6,119770.9,119728.5,119767.8,35.804
2025-07-17T23:00:00.000000Z,119767.8,119767.8,119666.0,119669.8,91.23
2025-07-17T23:01:00.000000Z,119670.0,119739.1,119670.0,119670.9,146.607
2025-07-17T23:02:00.000000Z,119670.9,119742.8,119640.4,119742.0,121.457
2025-07-17T23:03:00.000000Z,119742.0,119777.6,119741.9,119764.1,36.496
2025-07-17T23:04:00.000000Z,119764.0,119836.1,119764.0,119786.8,114.7
2025-07-17T23:05:00.000000Z,119786.8,119795.1,119592.1,119600.1,203.379
2025-07-17T23:06:00.000000Z,119600.0,119682.9,119569.8,119675.0,89.477
2025-07-17T23:07:00.000000Z,119675.0,119830.6,119674.9,119830.6,41.907
2025-07-17T23:08:00.000000Z,119830.5,119862.0,119778.4,119843.9,99.48
2025-07-17T23:09:00.000000Z,119843.9,119878.4,119767.0,119767.1,67.95
2025-07-17T23:10:00.000000Z,119767.1,119811.4,119703.0,119787.2,96.497
2025-07-17T23:11:00.000000Z,119787.3,119814.8,119736.0,119814.7,76.767
2025-07-17T23:12:00.000000Z,119814.7,119856.1,119814.7,119834.3,49.945
2025-07-17T23:13:00.000000Z,119834.4,119846.9,119776.2,119825.5,73.417
2025-07-17T23:14:00.000000Z,119825.6,119850.0,119711.0,119711.0,97.547
2025-07-17T23:15:00.000000Z,119711.1,119883.3,119703.1,119877.9,191.528
2025-07-17T23:16:00.000000Z,119878.0,119878.0,119780.1,119829.5,149.606
2025-07-17T23:17:00.000000Z,119829.4,119840.8,119532.4,119610.0,230.035
2025-07-17T23:18:00.000000Z,119609.9,119719.5,119556.0,119619.3,293.257
2025-07-17T23:19:00.000000Z,119619.3,119664.2,119459.2,119473.7,238.099
2025-07-17T23:20:00.000000Z,119474.2,119528.1,119450.0,119528.0,110.602
2025-07-17T23:21:00.000000Z,119528.0,119568.0,119487.6,119530.9,106.382
2025-07-17T23:22:00.000000Z,119530.9,119598.7,119428.4,119442.6,203.175
2025-07-17T23:23:00.000000Z,119442.6,119520.8,119430.6,119514.0,71.211
2025-07-17T23:24:00.000000Z,119513.9,119554.1,119460.0,119553.8,101.7
2025-07-17T23:25:00.000000Z,119553.8,119553.8,119481.8,119481.9,70.713
2025-07-17T23:26:00.000000Z,119481.8,119517.8,119481.8,119511.8,33.739
2025-07-17T23:27:00.000000Z,119511.7,119527.0,119494.7,119497.9,34.71
2025-07-17T23:28:00.000000Z,119498.0,119524.6,119497.9,119524.1,32.247
2025-07-17T23:29:00.000000Z,119524.1,119608.0,119512.2,119608.0,131.503
2025-07-17T23:30:00.000000Z,119608.0,119665.6,119587.1,119587.1,113.815
2025-07-17T23:31:00.000000Z,119587.2,119636.2,119587.1,119600.1,45.157
2025-07-17T23:32:00.000000Z,119600.0,119600.1,119548.0,119578.9,53.73
2025-07-17T23:33:00.000000Z,119578.9,119600.4,119545.3,119545.3,31.645
2025-07-17T23:34:00.000000Z,119545.4,119573.8,119491.5,119491.5,71.921
2025-07-17T23:35:00.000000Z,119491.5,119491.6,119423.8,119490.9,123.99
2025-07-17T23:36:00.000000Z,119491.0,119491.0,119420.0,119460.4,40.466
2025-07-17T23:37:00.000000Z,119460.4,119540.9,119460.4,119540.9,54.032
2025-07-17T23:38:00.000000Z,119540.8,119540.9,119468.5,119495.6,32.573
2025-07-17T23:39:00.000000Z,119495.6,119522.0,119425.3,119425.3,80.174
2025-07-17T23:40:00.000000Z,119425.3,119445.7,119425.3,119431.3,56.268
2025-07-17T23:41:00.000000Z,119431.3,119431.3,119314.0,119314.0,148.33
2025-07-17T23:42:00.000000Z,119314.1,119352.9,119250.0,119323.4,163.133
2025-07-17T23:43:00.000000Z,119323.5,119380.1,119323.4,119371.1,33.254
2025-07-17T23:44:00.000000Z,119371.1,119400.0,119360.0,119360.1,36.192
2025-07-17T23:45:00.000000Z,119360.1,119376.8,119321.0,119368.2,45.622
2025-07-17T23:46:00.000000Z,119368.1,119418.9,119368.0,119418.9,79.797
2025-07-17T23:47:00.000000Z,119418.8,119455.6,119388.2,119388.2,41.813
2025-07-17T23:48:00.000000Z,119388.2,119470.5,119370.2,119416.8,45.635
2025-07-17T23:49:00.000000Z,119416.8,119432.5,119384.1,119410.6,34.617
2025-07-17T23:50:00.000000Z,119410.6,119410.6,119283.7,119335.6,170.3
2025-07-17T23:51:00.000000Z,119335.6,119339.5,119282.7,119282.7,153.837
2025-07-17T23:52:00.000000Z,119282.7,119300.0,119260.0,119290.6,50.109
2025-07-17T23:53:00.000000Z,119290.5,119370.3,119288.3,119370.3,26.408
2025-07-17T23:54:00.000000Z,119370.4,119370.4,119306.5,119306.6,49.87
2025-07-17T23:55:00.000000Z,119306.5,119323.3,119250.0,119312.9,145.093
2025-07-17T23:56:00.000000Z,119312.9,119323.3,119201.9,119213.0,181.753
2025-07-17T23:57:00.000000Z,119213.0,119213.1,119174.2,119196.9,269.99
2025-07-17T23:58:00.000000Z,119196.9,119220.0,119174.1,119187.5,68.233
2025-07-17T23:59:00.000000Z,119187.5,119187.6,119155.0,119176.6,53.587
2025-07-18T00:00:00.000000Z,119176.5,119238.5,119176.4,119207.3,70.998
2025-07-18T00:01:00.000000Z,119207.4,119207.4,119184.1,119190.0,60.875
2025-07-18T00:02:00.000000Z,119190.0,119206.0,119160.4,119160.5,83.034
2025-07-18T00:03:00.000000Z,119160.5,119243.0,119160.4,119243.0,41.394
2025-07-18T00:04:00.000000Z,119242.9,119370.0,119242.9,119370.0,62.71
2025-07-18T00:05:00.000000Z,119370.0,119370.0,119300.0,119311.0,73.554
2025-07-18T00:06:00.000000Z,119310.9,119311.0,119240.0,119269.3,55.638
2025-07-18T00:07:00.000000Z,119269.3,119273.7,119166.8,119166.8,50.693
2025-07-18T00:08:00.000000Z,119166.8,119183.6,119166.8,119171.6,31.53
2025-07-18T00:09:00.000000Z,119171.7,119256.5,119171.6,119220.8,29.505
2025-07-18T00:10:00.000000Z,119220.7,119226.5,119153.8,119155.1,64.213
2025-07-18T00:11:00.000000Z,119155.0,119200.9,119140.1,119145.6,77.676
2025-07-18T00:12:00.000000Z,119145.6,119160.8,119018.7,119049.6,244.52
2025-07-18T00:13:00.000000Z,119049.6,119097.7,119003.8,119032.5,158.973
2025-07-18T00:14:00.000000Z,119032.5,119049.9,119025.5,119037.6,101.545
2025-07-18T00:15:00.000000Z,119037.6,119124.8,119037.5,119124.8,67.857
2025-07-18T00:16:00.000000Z,119124.7,119172.8,119124.7,119133.2,77.449
2025-07-18T00:17:00.000000Z,119133.1,119179.0,119113.0,119113.0,33.943
2025-07-18T00:18:00.000000Z,119113.1,119158.9,119085.4,119085.4,41.629
2025-07-18T00:19:00.000000Z,119085.5,119166.6,119085.4,119166.6,21.455
2025-07-18T00:20:00.000000Z,119166.7,119222.6,119159.3,119222.5,45.733
2025-07-18T00:21:00.000000Z,119222.6,119399.3,119222.6,119399.3,318.586
2025-07-18T00:22:00.000000Z,119399.2,119476.8,119377.2,119476.8,139.647
2025-07-18T00:23:00.000000Z,119476.8,119476.8,119349.0,119349.0,100.427
2025-07-18T00:24:00.000000Z,119349.0,119427.7,119314.4,119405.8,101.219
2025-07-18T00:25:00.000000Z,119405.8,119450.0,119371.8,119383.4,71.305
2025-07-18T00:26:00.000000Z,119383.3,119383.4,119350.0,119350.0,34.001
2025-07-18T00:27:00.000000Z,119350.0,119512.0,119350.0,119500.0,87.866
2025-07-18T00:28:00.000000Z,119500.0,119592.1,119499.9,119544.1,136.034
2025-07-18T00:29:00.000000Z,119544.0,119544.1,119481.9,119482.0,62.222
2025-07-18T00:30:00.000000Z,119481.9,119540.8,119478.0,119540.7,77.389
2025-07-18T00:31:00.000000Z,119540.8,119540.8,119493.4,119534.8,62.582
2025-07-18T00:32:00.000000Z,119534.8,119579.6,119493.1,119563.2,116.213
2025-07-18T00:33:00.000000Z,119563.3,119615.3,119543.5,119602.2,96.931
2025-07-18T00:34:00.000000Z,119602.2,119602.2,119502.0,119528.5,105.297
2025-07-18T00:35:00.000000Z,119528.4,119612.0,119528.4,119612.0,81.182
2025-07-18T00:36:00.000000Z,119612.0,119683.4,119611.9,119660.0,121.293
2025-07-18T00:37:00.000000Z,119659.9,119673.4,119572.5,119573.7,88.742
2025-07-18T00:38:00.000000Z,119573.6,119680.0,119573.6,119680.0,118.333
2025-07-18T00:39:00.000000Z,119679.9,119680.0,119615.5,119621.0,48.568
2025-07-18T00:40:00.000000Z,119620.9,119668.5,119587.8,119600.0,168.48
2025-07-18T00:41:00.000000Z,119600.1,119620.6,119592.1,119592.1,47.814
2025-07-18T00:42:00.000000Z,119592.2,119644.4,119592.1,119644.4,81.106
2025-07-18T00:43:00.000000Z,119644.4,119749.8,119644.3,119705.4,265.021
2025-07-18T00:44:00.000000Z,119705.4,119731.5,119666.4,119731.5,62.279
2025-07-18T00:45:00.000000Z,119731.5,119750.0,119671.4,119721.9,98.061
2025-07-18T00:46:00.000000Z,119721.9,119766.6,119666.0,119721.7,114.075
2025-07-18T00:47:00.000000Z,119721.6,119732.2,119666.0,119704.4,164.867
2025-07-18T00:48:00.000000Z,119697.6,119730.0,119672.4,119676.1,58.489
2025-07-18T00:49:00.000000Z,119676.1,119676.1,119621.0,119621.0,55.501
2025-07-18T00:50:00.000000Z,119621.0,119628.1,119500.0,119565.7,249.573
2025-07-18T00:51:00.000000Z,119565.7,119693.9,119561.6,119656.4,90.306
2025-07-18T00:52:00.000000Z,119656.4,119703.6,119656.4,119678.0,74.181
2025-07-18T00:53:00.000000Z,119678.1,119706.0,119609.3,119650.9,120.457
2025-07-18T00:54:00.000000Z,119650.8,119703.7,119650.8,119687.1,47.979
2025-07-18T00:55:00.000000Z,119687.1,119687.1,119658.4,119658.5,39.518
2025-07-18T00:56:00.000000Z,119658.4,119686.6,119643.6,119677.8,29.993
2025-07-18T00:57:00.000000Z,119677.8,119694.1,119629.1,119661.6,53.448
2025-07-18T00:58:00.000000Z,119661.6,119785.1,119661.6,119769.3,95.411
2025-07-18T00:59:00.000000Z,119769.2,119769.3,119717.7,119735.8,53.605
2025-07-18T01:00:00.000000Z,119735.9,119752.2,119720.9,119726.4,37.647
2025-07-18T01:01:00.000000Z,119726.5,119726.5,119653.7,119712.0,134.492
2025-07-18T01:02:00.000000Z,119712.1,119848.2,119662.8,119662.8,369.021
2025-07-18T01:03:00.000000Z,119662.9,119752.6,119660.4,119682.2,60.452
2025-07-18T01:04:00.000000Z,119682.1,119727.6,119636.0,119664.8,128.832
2025-07-18T01:05:00.000000Z,119664.8,119729.1,119664.0,119705.3,44.269
2025-07-18T01:06:00.000000Z,119705.3,119705.5,119675.4,119685.7,41.488
2025-07-18T01:07:00.000000Z,119685.7,119729.0,119685.7,119728.8,29.561
2025-07-18T01:08:00.000000Z,119728.9,119887.2,119728.9,119874.6,146.54
2025-07-18T01:09:00.000000Z,119874.7,119920.0,119824.4,119919.9,159.938
2025-07-18T01:10:00.000000Z,119919.9,120170.6,119919.9,120071.5,674.005
2025-07-18T01:11:00.000000Z,120071.6,120282.4,120071.5,120282.3,419.212
2025-07-18T01:12:00.000000Z,120282.3,120485.8,120254.1,120378.8,673.653
2025-07-18T01:13:00.000000Z,120378.8,120435.6,120328.6,120340.0,266.722
2025-07-18T01:14:00.000000Z,120340.1,120369.7,120239.0,120259.7,199.921
2025-07-18T01:15:00.000000Z,120259.7,120280.0,120010.4,120090.2,241.545
2025-07-18T01:16:00.000000Z,120090.2,120090.3,120040.9,120073.6,89.043
2025-07-18T01:17:00.000000Z,120073.6,120200.0,120073.5,120162.5,158.245
2025-07-18T01:18:00.000000Z,120162.6,120191.8,120107.5,120183.9,186.581
2025-07-18T01:19:00.000000Z,120184.0,120203.3,120109.5,120109.6,112.681
2025-07-18T01:20:00.000000Z,120109.5,120304.4,120104.8,120286.6,277.974
2025-07-18T01:21:00.000000Z,120286.6,120441.9,120286.5,120417.1,195.444
2025-07-18T01:22:00.000000Z,120417.2,120417.2,120290.6,120290.6,154.69
2025-07-18T01:23:00.000000Z,120290.5,120290.6,120195.5,120240.4,117.226
2025-07-18T01:24:00.000000Z,120240.4,120265.4,120167.8,120232.4,126.672
2025-07-18T01:25:00.000000Z,120232.4,120240.0,120153.8,120154.9,74.657
2025-07-18T01:26:00.000000Z,120154.9,120171.8,120074.0,120144.8,189.26
2025-07-18T01:27:00.000000Z,120144.9,120205.9,120074.0,120205.8,90.525
2025-07-18T01:28:00.000000Z,120205.9,120227.3,120148.3,120148.3,166.537
2025-07-18T01:29:00.000000Z,120148.4,120194.0,120134.3,120167.8,71.237
2025-07-18T01:30:00.000000Z,120167.8,120167.8,120032.3,120105.3,125.041
2025-07-18T01:31:00.000000Z,120105.3,120204.5,120089.6,120204.5,59.72
2025-07-18T01:32:00.000000Z,120204.5,120227.3,120155.7,120215.2,66.06
2025-07-18T01:33:00.000000Z,120215.2,120365.9,120215.2,120325.0,132.533
2025-07-18T01:34:00.000000Z,120325.0,120488.0,120324.9,120389.4,299.473
2025-07-18T01:35:00.000000Z,120389.4,120486.2,120389.4,120450.1,155.381
2025-07-18T01:36:00.000000Z,120450.1,120478.4,120350.6,120393.4,150.002
2025-07-18T01:37:00.000000Z,120393.4,120499.5,120367.7,120466.5,302.927
2025-07-18T01:38:00.000000Z,120466.5,120476.3,120408.7,120425.7,192.8
2025-07-18T01:39:00.000000Z,120425.7,120555.0,120410.4,120515.2,306.199
2025-07-18T01:40:00.000000Z,120515.1,120632.0,120515.1,120632.0,306.462
2025-07-18T01:41:00.000000Z,120631.9,120799.0,120557.7,120571.7,519.454
2025-07-18T01:42:00.000000Z,120571.9,120584.9,120353.9,120402.8,249.768
2025-07-18T01:43:00.000000Z,120403.0,120479.9,120380.0,120381.3,101.174
2025-07-18T01:44:00.000000Z,120381.3,120400.0,120300.0,120374.5,159.79
2025-07-18T01:45:00.000000Z,120374.5,120392.1,120300.0,120345.7,96.156
2025-07-18T01:46:00.000000Z,120345.7,120422.4,120309.9,120396.0,84.56
2025-07-18T01:47:00.000000Z,120396.1,120473.2,120380.9,120439.7,55.719
2025-07-18T01:48:00.000000Z,120439.7,120439.8,120357.2,120357.3,40.197
2025-07-18T01:49:00.000000Z,120357.2,120357.3,120250.0,120299.9,102.083
2025-07-18T01:50:00.000000Z,120300.0,120357.3,120300.0,120331.1,35.657
2025-07-18T01:51:00.000000Z,120331.2,120354.9,120313.0,120340.0,51.802
2025-07-18T01:52:00.000000Z,120340.0,120340.0,120294.6,120306.1,35.744
2025-07-18T01:53:00.000000Z,120306.0,120320.3,120278.4,120285.8,55.02
2025-07-18T01:54:00.000000Z,120285.7,120367.0,120285.7,120300.0,80.082
2025-07-18T01:55:00.000000Z,120300.1,120372.0,120300.1,120347.8,44.796
2025-07-18T01:56:00.000000Z,120347.9,120381.3,120347.9,120379.4,45.801
2025-07-18T01:57:00.000000Z,120379.5,120379.5,120347.3,120358.0,23.017
2025-07-18T01:58:00.000000Z,120358.0,120358.0,120309.9,120352.2,44.311
2025-07-18T01:59:00.000000Z,120352.1,120352.2,120306.8,120346.1,57.39
2025-07-18T02:00:00.000000Z,120346.1,120362.5,120270.2,120270.2,53.924
2025-07-18T02:01:00.000000Z,120270.0,120270.1,120167.8,120244.6,119.913
2025-07-18T02:02:00.000000Z,120244.7,120250.0,120191.3,120207.9,78.694
2025-07-18T02:03:00.000000Z,120208.0,120238.4,120154.8,120159.3,81.062
2025-07-18T02:04:00.000000Z,120159.3,120160.4,120061.1,120149.9,165.388
2025-07-18T02:05:00.000000Z,120150.0,120206.5,120120.3,120120.4,89.157
2025-07-18T02:06:00.000000Z,120120.5,120120.5,119923.0,119986.2,209.319
2025-07-18T02:07:00.000000Z,119986.1,120074.0,119911.2,120018.9,208.632
2025-07-18T02:08:00.000000Z,120018.8,120108.0,119974.5,120091.8,75.108
2025-07-18T02:09:00.000000Z,120091.8,120165.8,120076.7,120114.4,134.238
2025-07-18T02:10:00.000000Z,120114.4,120195.0,120114.3,120148.5,121.013
2025-07-18T02:11:00.000000Z,120148.4,120228.5,120148.4,120215.9,73.975
2025-07-18T02:12:00.000000Z,120215.8,120240.2,120184.2,120240.1,73.006
2025-07-18T02:13:00.000000Z,120240.2,120250.0,120146.4,120146.4,28.252
2025-07-18T02:14:00.000000Z,120146.4,120164.3,120100.0,120100.0,53.845
2025-07-18T02:15:00.000000Z,120100.0,120100.0,119968.2,119978.6,62.209
2025-07-18T02:16:00.000000Z,119978.7,120000.0,119941.8,119941.8,49.687
2025-07-18T02:17:00.000000Z,119941.8,119980.3,119906.1,119906.1,77.273
2025-07-18T02:18:00.000000Z,119906.2,119944.0,119862.0,119929.9,113.549
2025-07-18T02:19:00.000000Z,119929.8,119985.4,119910.8,119985.4,45.674
2025-07-18T02:20:00.000000Z,119985.4,119985.5,119927.3,119927.3,58.936
2025-07-18T02:21:00.000000Z,119927.3,119973.9,119918.8,119973.8,38.978
2025-07-18T02:22:00.000000Z,119973.9,119997.2,119948.2,119967.0,41.539
2025-07-18T02:23:00.000000Z,119966.9,119973.8,119955.8,119973.5,38.174
2025-07-18T02:24:00.000000Z,119973.6,120071.0,119973.5,120044.0,126.431
2025-07-18T02:25:00.000000Z,120044.0,120091.3,120016.8,120076.1,75.551
2025-07-18T02:26:00.000000Z,120076.1,120090.8,120067.0,120067.1,29.982
2025-07-18T02:27:00.000000Z,120067.1,120264.8,120067.0,120263.7,198.712
2025-07-18T02:28:00.000000Z,120263.6,120314.8,120239.3,120239.3,86.712
2025-07-18T02:29:00.000000Z,120239.3,120261.7,120215.5,120215.5,142.078
2025-07-18T02:30:00.000000Z,120215.5,120215.5,120153.8,120156.9,48.023
2025-07-18T02:31:00.000000Z,120156.9,120197.1,120114.4,120197.0,30.144
2025-07-18T02:32:00.000000Z,120197.1,120213.5,120174.5,120213.4,26.269
2025-07-18T02:33:00.000000Z,120213.5,120241.3,120204.8,120237.7,22.948
2025-07-18T02:34:00.000000Z,120237.6,120350.0,120237.6,120350.0,179.753
2025-07-18T02:35:00.000000Z,120349.9,120373.4,120278.2,120333.0,91.002
2025-07-18T02:36:00.000000Z,120332.9,120350.0,120323.8,120323.8,49.225
2025-07-18T02:37:00.000000Z,120323.9,120329.9,120267.2,120271.7,29.001
2025-07-18T02:38:00.000000Z,120271.7,120317.8,120254.7,120317.7,79.884
2025-07-18T02:39:00.000000Z,120317.7,120400.0,120308.8,120327.1,55.138
2025-07-18T02:40:00.000000Z,120327.1,120362.7,120256.3,120256.5,109.699
2025-07-18T02:41:00.000000Z,120256.5,120303.5,120226.8,120281.2,69.361
2025-07-18T02:42:00.000000Z,120281.1,120281.2,120228.7,120253.7,29.871
2025-07-18T02:43:00.000000Z,120253.7,120328.4,120253.7,120328.3,34.266
2025-07-18T02:44:00.000000Z,120328.3,120328.4,120272.7,120272.7,20.583
2025-07-18T02:45:00.000000Z,120272.7,120272.8,120220.7,120252.2,27.771
2025-07-18T02:46:00.000000Z,120252.1,120276.0,120162.9,120176.9,55.708
2025-07-18T02:47:00.000000Z,120176.9,120176.9,120082.3,120161.1,85.074
2025-07-18T02:48:00.000000Z,120161.1,120161.2,120099.9,120161.0,77.254
2025-07-18T02:49:00.000000Z,120161.1,120190.0,120126.7,120176.8,52.139
2025-07-18T02:50:00.000000Z,120176.7,120180.0,120138.0,120140.0,18.059
2025-07-18T02:51:00.000000Z,120140.0,120220.7,120114.0,120205.0,37.437
2025-07-18T02:52:00.000000Z,120204.0,120204.0,120123.4,120123.4,16.039
2025-07-18T02:53:00.000000Z,120123.5,120168.8,120123.4,120168.7,17.925
2025-07-18T02:54:00.000000Z,120168.8,120218.4,120168.8,120192.4,15.406
2025-07-18T02:55:00.000000Z,120192.4,120203.5,120174.5,120180.5,24.117
2025-07-18T02:56:00.000000Z,120180.5,120191.1,120150.1,120150.2,27.394
2025-07-18T02:57:00.000000Z,120150.1,120150.2,120095.1,120095.2,93.084
2025-07-18T02:58:00.000000Z,120095.1,120095.2,120053.2,120073.4,40.954
2025-07-18T02:59:00.000000Z,120073.5,120094.1,120073.4,120075.2,35.287
2025-07-18T03:00:00.000000Z,120075.3,120125.9,120043.1,120043.2,96.464
2025-07-18T03:01:00.000000Z,120043.2,120055.3,120002.5,120005.0,63.501
2025-07-18T03:02:00.000000Z,120005.1,120094.2,120004.8,120094.2,55.407
2025-07-18T03:03:00.000000Z,120094.2,120094.2,119952.0,119968.6,222.806
2025-07-18T03:04:00.000000Z,119968.6,119968.6,119926.0,119960.0,111.204
2025-07-18T03:05:00.000000Z,119960.1,120060.1,119960.0,120011.9,72.978
2025-07-18T03:06:00.000000Z,120011.9,120015.4,119968.9,119988.7,57.513
2025-07-18T03:07:00.000000Z,119988.1,120026.1,119988.0,120026.1,46.341
2025-07-18T03:08:00.000000Z,120026.0,120086.7,119997.6,119997.7,55.224
2025-07-18T03:09:00.000000Z,119997.7,119997.7,119991.9,119991.9,25.458
2025-07-18T03:10:00.000000Z,119991.9,120059.4,119991.9,120038.7,53.024
2025-07-18T03:11:00.000000Z,120038.7,120038.8,120031.3,120038.7,13.846
2025-07-18T03:12:00.000000Z,120038.7,120095.0,120038.7,120093.6,16.228
2025-07-18T03:13:00.000000Z,120093.7,120149.9,120093.6,120118.0,56.411
2025-07-18T03:14:00.000000Z,120118.0,120118.1,120084.6,120084.6,27.37
2025-07-18T03:15:00.000000Z,120084.7,120167.4,120084.6,120138.9,39.217
2025-07-18T03:16:00.000000Z,120138.9,120167.4,120110.0,120167.4,20.787
2025-07-18T03:17:00.000000Z,120167.4,120185.7,120151.6,120168.1,45.594
2025-07-18T03:18:00.000000Z,120168.0,120176.8,120102.3,120117.0,34.287
2025-07-18T03:19:00.000000Z,120116.9,120216.7,120102.0,120172.4,202.772
2025-07-18T03:20:00.000000Z,120172.4,120172.4,120097.7,120101.4,161.211
2025-07-18T03:21:00.000000Z,120101.4,120101.5,120013.1,120013.1,26.036
2025-07-18T03:22:00.000000Z,120013.0,120084.6,119995.0,120078.0,47.781
2025-07-18T03:23:00.000000Z,120077.9,120078.0,120029.9,120062.9,18.048
2025-07-18T03:24:00.000000Z,120062.8,120062.9,120020.7,120045.6,11.989
2025-07-18T03:25:00.000000Z,120045.6,120065.0,120007.0,120007.1,33.738
2025-07-18T03:26:00.000000Z,120007.0,120015.2,119974.0,119991.7,27.506
2025-07-18T03:27:00.000000Z,119991.7,120089.0,119984.8,120076.9,36.942
2025-07-18T03:28:00.000000Z,120076.9,120116.2,120033.3,120033.3,75.127
2025-07-18T03:29:00.000000Z,120033.3,120062.8,120033.3,120046.8,27.436
2025-07-18T03:30:00.000000Z,120046.8,120067.1,120039.9,120040.0,22.828
2025-07-18T03:31:00.000000Z,120039.9,120057.6,120037.1,120051.3,38.844
2025-07-18T03:32:00.000000Z,120051.4,120063.7,120037.0,120037.1,21.122
2025-07-18T03:33:00.000000Z,120037.0,120041.9,119986.7,120041.9,27.997
2025-07-18T03:34:00.000000Z,120041.9,120071.3,120018.0,120018.1,20.901
2025-07-18T03:35:00.000000Z,120018.1,120109.0,120018.0,120081.6,72.81
2025-07-18T03:36:00.000000Z,120081.5,120132.9,120073.9,120101.4,18.461
2025-07-18T03:37:00.000000Z,120101.4,120116.5,120076.3,120116.5,54.198
2025-07-18T03:38:00.000000Z,120116.4,120167.4,120116.4,120162.6,41.64
2025-07-18T03:39:00.000000Z,120162.5,120196.9,120153.7,120167.5,36.204
2025-07-18T03:40:00.000000Z,120167.5,120230.3,120154.0,120227.1,51.488
2025-07-18T03:41:00.000000Z,120227.1,120264.7,120212.1,120236.9,67.492
2025-07-18T03:42:00.000000Z,120236.9,120282.0,120236.9,120282.0,39.636
2025-07-18T03:43:00.000000Z,120281.9,120282.0,120268.0,120268.0,44.994
2025-07-18T03:44:00.000000Z,120268.0,120324.0,120268.0,120324.0,195.608
2025-07-18T03:45:00.000000Z,120324.0,120492.2,120324.0,120390.6,398.737
2025-07-18T03:46:00.000000Z,120390.7,120414.2,120390.6,120408.0,56.105
2025-07-18T03:47:00.000000Z,120407.9,120408.0,120334.5,120334.5,57.447
2025-07-18T03:48:00.000000Z,120334.5,120340.7,120307.6,120340.6,78.349
2025-07-18T03:49:00.000000Z,120340.7,120340.7,120209.6,120209.6,67.63
2025-07-18T03:50:00.000000Z,120209.6,120235.6,120209.6,120209.7,21.76
2025-07-18T03:51:00.000000Z,120209.6,120228.5,120160.0,120228.3,34.086
2025-07-18T03:52:00.000000Z,120228.4,120256.0,120207.6,120256.0,21.767
2025-07-18T03:53:00.000000Z,120255.9,120256.0,120211.2,120220.0,21.336
2025-07-18T03:54:00.000000Z,120220.0,120257.8,120218.1,120218.1,20.607
2025-07-18T03:55:00.000000Z,120218.1,120218.2,120192.2,120217.2,12.856
2025-07-18T03:56:00.000000Z,120217.1,120218.0,120210.3,120217.9,9.637
2025-07-18T03:57:00.000000Z,120218.0,120245.7,120217.9,120245.7,18.938
2025-07-18T03:58:00.000000Z,120245.6,120252.8,120202.4,120202.4,40.772
2025-07-18T03:59:00.000000Z,120202.5,120212.8,120189.0,120212.8,23.327
2025-07-18T04:00:00.000000Z,120212.8,120221.4,120153.8,120153.9,71.554
2025-07-18T04:01:00.000000Z,120153.9,120167.9,120123.3,120123.3,37.305
2025-07-18T04:02:00.000000Z,120123.4,120130.0,120113.0,120130.0,68.043
2025-07-18T04:03:00.000000Z,120130.0,120130.0,120044.4,120054.1,95.731
2025-07-18T04:04:00.000000Z,120054.1,120054.1,119993.3,119993.4,61.359
2025-07-18T04:05:00.000000Z,119993.3,120007.2,119950.1,119952.4,106.678
2025-07-18T04:06:00.000000Z,119952.5,119994.0,119950.0,119956.7,53.023
2025-07-18T04:07:00.000000Z,119956.6,119970.2,119956.6,119970.2,25.52
2025-07-18T04:08:00.000000Z,119970.2,119984.9,119962.2,119962.3,32.243
2025-07-18T04:09:00.000000Z,119962.2,119962.5,119879.2,119891.2,93.608
2025-07-18T04:10:00.000000Z,119891.2,119891.3,119838.1,119865.0,96.522
2025-07-18T04:11:00.000000Z,119864.9,119865.0,119789.5,119790.0,95.374
2025-07-18T04:12:00.000000Z,119790.0,119885.5,119726.5,119885.5,241.397
2025-07-18T04:13:00.000000Z,119885.4,119944.7,119866.0,119884.2,231.377
2025-07-18T04:14:00.000000Z,119884.2,119888.5,119863.7,119873.9,71.824
2025-07-18T04:15:00.000000Z,119874.0,119909.9,119829.2,119829.2,81.078
2025-07-18T04:16:00.000000Z,119829.2,119908.2,119826.3,119899.4,49.723
2025-07-18T04:17:00.000000Z,119899.3,119903.0,119865.0,119886.5,37.509
2025-07-18T04:18:00.000000Z,119886.5,119904.0,119870.0,119870.1,39.936
2025-07-18T04:19:00.000000Z,119870.1,119880.0,119840.5,119840.5,37.364
2025-07-18T04:20:00.000000Z,119840.5,119887.4,119818.0,119887.4,34.981
2025-07-18T04:21:00.000000Z,119887.4,119903.9,119877.5,119877.6,25.228
2025-07-18T04:22:00.000000Z,119877.5,119877.6,119850.0,119850.0,55.257
2025-07-18T04:23:00.000000Z,119850.0,119850.1,119823.0,119847.8,37.439
2025-07-18T04:24:00.000000Z,119847.7,119847.8,119841.0,119841.0,23.44
2025-07-18T04:25:00.000000Z,119841.0,119912.3,119841.0,119901.6,35.131
2025-07-18T04:26:00.000000Z,119901.6,119969.8,119901.6,119959.5,40.815
2025-07-18T04:27:00.000000Z,119959.5,119998.8,119959.5,119975.8,56.936
2025-07-18T04:28:00.000000Z,119975.8,120024.3,119975.8,120024.2,37.679
2025-07-18T04:29:00.000000Z,120024.2,120076.9,120024.2,120076.9,57.584
2025-07-18T04:30:00.000000Z,120076.8,120172.9,120076.8,120098.4,141.548
2025-07-18T04:31:00.000000Z,120098.3,120119.1,120070.8,120115.8,55.493
2025-07-18T04:32:00.000000Z,120115.8,120140.0,120093.0,120140.0,37.461
2025-07-18T04:33:00.000000Z,120139.9,120190.8,120139.9,120190.7,40.44
2025-07-18T04:34:00.000000Z,120190.8,120212.0,120151.8,120188.6,90.564
2025-07-18T04:35:00.000000Z,120188.7,120297.0,120188.7,120235.3,115.415
2025-07-18T04:36:00.000000Z,120235.2,120278.8,120235.2,120265.2,53.043
2025-07-18T04:37:00.000000Z,120265.1,120298.9,120243.6,120294.1,67.809
2025-07-18T04:38:00.000000Z,120294.2,120300.0,120281.1,120300.0,32.011
2025-07-18T04:39:00.000000Z,120300.0,120300.0,120282.6,120300.0,57.613
2025-07-18T04:40:00.000000Z,120299.9,120312.1,120299.9,120300.8,40.71
2025-07-18T04:41:00.000000Z,120300.8,120309.1,120255.7,120255.7,72.601
2025-07-18T04:42:00.000000Z,120255.7,120264.9,120248.4,120250.0,32.307
2025-07-18T04:43:00.000000Z,120250.0,120256.4,120241.8,120242.0,19.509
2025-07-18T04:44:00.000000Z,120242.0,120262.1,120219.1,120262.1,38.501
2025-07-18T04:45:00.000000Z,120262.1,120420.3,120262.0,120403.4,182.511
2025-07-18T04:46:00.000000Z,120403.4,120410.1,120386.3,120409.9,42.848
2025-07-18T04:47:00.000000Z,120409.9,120410.0,120394.5,120400.7,44.717
2025-07-18T04:48:00.000000Z,120400.7,120400.8,120371.2,120395.0,44.873
2025-07-18T04:49:00.000000Z,120394.9,120409.9,120370.6,120409.8,35.344
2025-07-18T04:50:00.000000Z,120409.8,120420.3,120405.8,120420.3,30.842
2025-07-18T04:51:00.000000Z,120420.3,120422.0,120419.5,120422.0,33.235
2025-07-18T04:52:00.000000Z,120421.9,120448.5,120421.9,120448.5,47.986
2025-07-18T04:53:00.000000Z,120448.5,120448.5,120426.0,120426.1,22.679
2025-07-18T04:54:00.000000Z,120426.1,120466.0,120426.0,120465.9,47.781
2025-07-18T04:55:00.000000Z,120466.0,120478.9,120413.0,120447.7,102.696
2025-07-18T04:56:00.000000Z,120447.8,120450.0,120402.5,120402.6,27.36
2025-07-18T04:57:00.000000Z,120402.5,120446.1,120375.5,120434.0,61.937
2025-07-18T04:58:00.000000Z,120434.0,120434.0,120403.3,120420.0,28.348
2025-07-18T04:59:00.000000Z,120419.9,120420.0,120387.8,120387.8,22.749
2025-07-18T05:00:00.000000Z,120387.8,120408.0,120387.8,120407.8,23.795
2025-07-18T05:01:00.000000Z,120407.8,120407.9,120378.5,120378.5,30.919
2025-07-18T05:02:00.000000Z,120378.6,120384.3,120374.1,120375.0,27.237
2025-07-18T05:03:00.000000Z,120375.0,120375.1,120273.4,120277.5,218.504
2025-07-18T05:04:00.000000Z,120277.5,120299.7,120204.1,120224.4,229.435
2025-07-18T05:05:00.000000Z,120224.5,120394.0,120224.4,120376.4,138.452
2025-07-18T05:06:00.000000Z,120376.4,120376.4,120313.2,120321.8,76.948
2025-07-18T05:07:00.000000Z,120321.7,120329.9,120288.7,120296.1,62.718
2025-07-18T05:08:00.000000Z,120296.1,120310.2,120262.5,120295.8,63.827
2025-07-18T05:09:00.000000Z,120295.9,120400.0,120165.3,120300.1,538.491
2025-07-18T05:10:00.000000Z,120301.5,120355.9,120220.5,120344.1,211.011
2025-07-18T05:11:00.000000Z,120344.2,120415.0,120341.0,120414.9,95.906
2025-07-18T05:12:00.000000Z,120415.0,120495.0,120404.2,120444.3,135.377
2025-07-18T05:13:00.000000Z,120444.2,120574.0,120444.2,120574.0,235.813
2025-07-18T05:14:00.000000Z,120573.9,120628.6,120545.2,120545.3,232.221
2025-07-18T05:15:00.000000Z,120545.3,120595.2,120519.1,120520.1,86.085
2025-07-18T05:16:00.000000Z,120520.0,120609.4,120518.9,120540.2,85.423
2025-07-18T05:17:00.000000Z,120540.1,120559.7,120366.0,120466.4,181.514
2025-07-18T05:18:00.000000Z,120466.4,120470.8,120409.6,120442.9,79.172
2025-07-18T05:19:00.000000Z,120445.2,120522.3,120437.3,120490.0,60.315
2025-07-18T05:20:00.000000Z,120489.9,120524.9,120476.2,120520.0,38.926
2025-07-18T05:21:00.000000Z,120519.9,120538.4,120479.8,120538.3,72.529
2025-07-18T05:22:00.000000Z,120538.3,120588.9,120503.6,120559.4,90.975
2025-07-18T05:23:00.000000Z,120559.4,120563.2,120512.0,120514.3,46.417
2025-07-18T05:24:00.000000Z,120514.2,120549.7,120500.0,120500.1,39.974
2025-07-18T05:25:00.000000Z,120500.0,120522.5,120476.2,120515.4,62.861
2025-07-18T05:26:00.000000Z,120515.5,120586.1,120504.9,120574.2,145.101
2025-07-18T05:27:00.000000Z,120574.2,120574.2,120514.4,120525.5,29.324
2025-07-18T05:28:00.000000Z,120525.4,120548.0,120525.4,120545.0,27.962
2025-07-18T05:29:00.000000Z,120544.9,120554.3,120537.0,120537.1,32.21
2025-07-18T05:30:00.000000Z,120537.0,120545.0,120480.1,120483.1,61.92
2025-07-18T05:31:00.000000Z,120483.1,120495.2,120469.3,120484.9,34.691
2025-07-18T05:32:00.000000Z,120484.9,120506.0,120484.9,120500.0,29.532
2025-07-18T05:33:00.000000Z,120500.0,120500.0,120452.6,120480.7,59.585
2025-07-18T05:34:00.000000Z,120480.7,120480.8,120463.3,120463.3,19.819
2025-07-18T05:35:00.000000Z,120463.4,120463.4,120354.1,120363.0,117.869
2025-07-18T05:36:00.000000Z,120363.0,120424.0,120363.0,120375.2,54.168
2025-07-18T05:37:00.000000Z,120375.2,120384.0,120326.0,120377.7,78.278
2025-07-18T05:38:00.000000Z,120377.7,120393.5,120361.7,120367.4,50.918
2025-07-18T05:39:00.000000Z,120367.4,120401.2,120361.7,120368.1,45.527
2025-07-18T05:40:00.000000Z,120368.1,120413.2,120363.5,120370.9,39.476
2025-07-18T05:41:00.000000Z,120370.9,120371.0,120355.0,120355.0,17.42
2025-07-18T05:42:00.000000Z,120355.0,120369.8,120336.6,120352.1,23.852
2025-07-18T05:43:00.000000Z,120352.1,120352.2,120326.0,120326.1,21.649
2025-07-18T05:44:00.000000Z,120326.0,120340.1,120264.5,120267.6,114.265
2025-07-18T05:45:00.000000Z,120267.7,120360.9,120267.6,120360.9,45.76
2025-07-18T05:46:00.000000Z,120360.9,120360.9,120331.9,120342.7,92.271
2025-07-18T05:47:00.000000Z,120342.7,120356.1,120338.4,120356.1,34.642
2025-07-18T05:48:00.000000Z,120356.1,120376.4,120320.5,120370.0,98.079
2025-07-18T05:49:00.000000Z,120370.0,120415.3,120364.0,120415.3,54.44
2025-07-18T05:50:00.000000Z,120415.3,120431.3,120415.2,120423.4,46.856
2025-07-18T05:51:00.000000Z,120423.5,120455.0,120423.3,120455.0,54.656
2025-07-18T05:52:00.000000Z,120455.0,120489.3,120444.7,120450.0,92.204
2025-07-18T05:53:00.000000Z,120450.1,120500.0,120426.6,120499.9,40.138
2025-07-18T05:54:00.000000Z,120499.9,120546.6,120492.7,120546.6,140.772
2025-07-18T05:55:00.000000Z,120546.5,120564.9,120509.3,120509.4,54.636
2025-07-18T05:56:00.000000Z,120509.3,120509.4,120509.3,120509.4,23.839
2025-07-18T05:57:00.000000Z,120509.3,120598.2,120509.3,120590.7,241.53
2025-07-18T05:58:00.000000Z,120590.7,120626.2,120589.2,120619.5,151.064
2025-07-18T05:59:00.000000Z,120619.4,120626.0,120558.1,120588.3,121.589
2025-07-18T06:00:00.000000Z,120588.3,120688.0,120588.3,120687.9,237.453
2025-07-18T06:01:00.000000Z,120688.0,120846.1,120654.9,120813.9,638.978
2025-07-18T06:02:00.000000Z,120813.8,120813.9,120655.8,120655.9,281.989
2025-07-18T06:03:00.000000Z,120655.9,120655.9,120455.7,120455.7,161.349
2025-07-18T06:04:00.000000Z,120455.7,120472.7,120369.1,120472.6,311.613
2025-07-18T06:05:00.000000Z,120472.7,120527.4,120466.4,120486.3,62.335
2025-07-18T06:06:00.000000Z,120486.2,120548.0,120412.2,120412.3,79.036
2025-07-18T06:07:00.000000Z,120412.3,120412.3,120290.3,120307.0,191.417
2025-07-18T06:08:00.000000Z,120307.1,120347.4,120289.5,120347.4,64.831
2025-07-18T06:09:00.000000Z,120347.4,120375.5,120305.7,120341.3,88.382
2025-07-18T06:10:00.000000Z,120341.3,120341.3,120289.5,120310.0,77.634
2025-07-18T06:11:00.000000Z,120310.0,120400.1,120310.0,120360.0,63.539
2025-07-18T06:12:00.000000Z,120360.0,120412.2,120360.0,120400.1,32.573
2025-07-18T06:13:00.000000Z,120400.0,120425.0,120390.8,120418.7,29.279
2025-07-18T06:14:00.000000Z,120418.7,120453.6,120418.7,120419.7,30.295
2025-07-18T06:15:00.000000Z,120419.7,120419.8,120324.9,120324.9,60.568
2025-07-18T06:16:00.000000Z,120324.9,120352.0,120313.0,120313.0,56.188
2025-07-18T06:17:00.000000Z,120313.1,120384.2,120313.0,120360.4,82.096
2025-07-18T06:18:00.000000Z,120360.3,120360.4,120351.6,120360.2,17.416
2025-07-18T06:19:00.000000Z,120360.1,120374.6,120302.8,120317.9,55.172
2025-07-18T06:20:00.000000Z,120317.9,120317.9,120283.0,120299.9,41.828
2025-07-18T06:21:00.000000Z,120299.9,120316.7,120290.5,120316.7,41.133
2025-07-18T06:22:00.000000Z,120316.6,120328.7,120300.4,120304.7,15.006
2025-07-18T06:23:00.000000Z,120304.7,120314.2,120304.6,120307.4,12.95
2025-07-18T06:24:00.000000Z,120307.3,120307.4,120283.0,120283.0,27.796
2025-07-18T06:25:00.000000Z,120283.0,120283.1,120267.0,120267.0,24.587
2025-07-18T06:26:00.000000Z,120267.0,120267.0,120246.0,120246.1,36.82
2025-07-18T06:27:00.000000Z,120246.0,120254.0,120236.0,120236.0,27.454
2025-07-18T06:28:00.000000Z,120236.0,120236.1,120215.0,120215.1,50.04
2025-07-18T06:29:00.000000Z,120215.0,120215.0,120153.8,120153.9,236.758
2025-07-18T06:30:00.000000Z,120153.8,120219.8,120153.8,120200.0,52.303
2025-07-18T06:31:00.000000Z,120200.0,120210.0,120165.8,120209.1,44.247
2025-07-18T06:32:00.000000Z,120209.0,120209.1,120180.0,120206.0,42.257
2025-07-18T06:33:00.000000Z,120206.0,120230.8,120206.0,120208.4,25.915
2025-07-18T06:34:00.000000Z,120208.3,120208.4,120158.5,120158.9,71.057
2025-07-18T06:35:00.000000Z,120158.9,120158.9,120150.0,120150.0,27.279
2025-07-18T06:36:00.000000Z,120150.1,120150.1,120076.9,120076.9,73.319
2025-07-18T06:37:00.000000Z,120077.0,120185.9,120076.9,120146.1,75.482
2025-07-18T06:38:00.000000Z,120146.0,120246.1,120146.0,120240.0,105.296
2025-07-18T06:39:00.000000Z,120240.0,120296.0,120221.2,120296.0,158.862
2025-07-18T06:40:00.000000Z,120296.0,120296.0,120253.4,120253.4,48.216
2025-07-18T06:41:00.000000Z,120253.4,120289.6,120253.4,120282.0,17.008
2025-07-18T06:42:00.000000Z,120282.0,120282.0,120238.9,120266.1,27.195
2025-07-18T06:43:00.000000Z,120266.1,120273.4,120231.1,120231.1,23.284
2025-07-18T06:44:00.000000Z,120231.1,120275.1,120231.1,120265.6,51.581
2025-07-18T06:45:00.000000Z,120265.6,120272.2,120238.9,120271.8,39.944
2025-07-18T06:46:00.000000Z,120271.7,120297.2,120271.7,120297.2,28.621
2025-07-18T06:47:00.000000Z,120297.2,120384.6,120297.1,120384.6,162.369
2025-07-18T06:48:00.000000Z,120384.6,120406.9,120384.5,120395.3,84.508
2025-07-18T06:49:00.000000Z,120395.4,120463.2,120395.3,120408.8,69.007
2025-07-18T06:50:00.000000Z,120408.9,120426.8,120408.8,120420.7,26.269
2025-07-18T06:51:00.000000Z,120420.6,120461.1,120366.3,120447.2,50.373
2025-07-18T06:52:00.000000Z,120447.1,120447.2,120368.6,120385.2,32.54
2025-07-18T06:53:00.000000Z,120385.2,120385.3,120340.0,120341.5,34.511
2025-07-18T06:54:00.000000Z,120341.0,120353.8,120290.1,120290.1,32.919
2025-07-18T06:55:00.000000Z,120290.1,120347.7,120282.2,120308.1,14.211
2025-07-18T06:56:00.000000Z,120308.1,120308.1,120260.0,120269.9,26.342
2025-07-18T06:57:00.000000Z,120269.8,120289.9,120269.8,120276.8,16.169
2025-07-18T06:58:00.000000Z,120276.8,120276.8,120251.8,120251.8,11.289
2025-07-18T06:59:00.000000Z,120251.8,120251.8,120231.6,120238.5,15.596
2025-07-18T07:00:00.000000Z,120238.6,120270.0,120236.4,120236.5,28.979
2025-07-18T07:01:00.000000Z,120236.5,120260.0,120223.4,120260.0,51.02
2025-07-18T07:02:00.000000Z,120260.0,120260.0,120227.1,120227.2,33.781
2025-07-18T07:03:00.000000Z,120227.2,120254.0,120227.1,120249.9,56.208
2025-07-18T07:04:00.000000Z,120249.9,120254.0,120237.1,120238.7,26.504
2025-07-18T07:05:00.000000Z,120238.7,120238.8,120139.0,120141.9,39.777
2025-07-18T07:06:00.000000Z,120141.9,120207.3,120141.9,120199.3,42.38
2025-07-18T07:07:00.000000Z,120199.4,120375.7,120180.5,120361.6,147.776
2025-07-18T07:08:00.000000Z,120361.5,120361.5,120275.4,120306.4,79.057
2025-07-18T07:09:00.000000Z,120306.4,120315.0,120251.6,120290.0,50.861
2025-07-18T07:10:00.000000Z,120290.0,120290.0,120156.9,120156.9,44.973
2025-07-18T07:11:00.000000Z,120156.9,120157.0,120124.3,120142.0,48.863
2025-07-18T07:12:00.000000Z,120142.0,120142.0,120052.2,120080.6,74.682
2025-07-18T07:13:00.000000Z,120080.6,120100.9,120015.0,120015.1,103.259
2025-07-18T07:14:00.000000Z,120015.0,120081.4,119999.9,120081.3,105.013
2025-07-18T07:15:00.000000Z,120081.3,120081.4,119976.3,119993.9,159.555
2025-07-18T07:16:00.000000Z,119993.9,119993.9,119959.0,119969.6,141.425
2025-07-18T07:17:00.000000Z,119969.7,120027.0,119960.7,119992.8,63.049
2025-07-18T07:18:00.000000Z,119992.8,120013.7,119955.0,119955.0,69.39
2025-07-18T07:19:00.000000Z,119955.0,119955.0,119832.0,119849.9,179.526
2025-07-18T07:20:00.000000Z,119850.0,119927.4,119822.0,119869.7,257.651
2025-07-18T07:21:00.000000Z,119869.8,119869.8,119800.0,119800.1,63.566
2025-07-18T07:22:00.000000Z,119800.1,119840.0,119800.0,119816.9,92.553
2025-07-18T07:23:00.000000Z,119816.8,119836.2,119816.8,119822.5,60.182
2025-07-18T07:24:00.000000Z,119822.5,119822.5,119803.7,119813.0,55.347
2025-07-18T07:25:00.000000Z,119813.1,119815.0,119663.7,119750.0,519.158
2025-07-18T07:26:00.000000Z,119750.1,119768.3,119625.4,119709.7,215.263
2025-07-18T07:27:00.000000Z,119709.8,119725.2,119700.0,119725.2,85.828
2025-07-18T07:28:00.000000Z,119725.2,119740.9,119675.5,119675.6,104.858
2025-07-18T07:29:00.000000Z,119675.6,119675.6,119641.4,119666.6,65.075
2025-07-18T07:30:00.000000Z,119666.5,119776.0,119666.5,119741.4,165.838
2025-07-18T07:31:00.000000Z,119741.4,119760.2,119688.6,119688.7,81.325
2025-07-18T07:32:00.000000Z,119688.6,119748.5,119671.5,119748.5,86.019
2025-07-18T07:33:00.000000Z,119748.5,119765.6,119700.0,119700.1,75.614
2025-07-18T07:34:00.000000Z,119700.1,119716.1,119679.5,119694.2,67.397
2025-07-18T07:35:00.000000Z,119694.3,119728.1,119666.5,119678.9,72.665
2025-07-18T07:36:00.000000Z,119679.0,119729.2,119675.0,119724.4,155.474
2025-07-18T07:37:00.000000Z,119724.3,119733.0,119702.5,119733.0,52.93
2025-07-18T07:38:00.000000Z,119733.0,119748.3,119705.0,119710.0,84.516
2025-07-18T07:39:00.000000Z,119710.0,119742.0,119709.9,119711.7,65.697
2025-07-18T07:40:00.000000Z,119711.7,119711.7,119641.6,119695.8,111.996
2025-07-18T07:41:00.000000Z,119695.7,119755.0,119674.6,119747.9,122.457
2025-07-18T07:42:00.000000Z,119747.9,119800.0,119716.4,119800.0,76.745
2025-07-18T07:43:00.000000Z,119799.9,119813.5,119753.6,119773.0,101.409
2025-07-18T07:44:00.000000Z,119773.4,119867.7,119762.8,119852.8,217.94
2025-07-18T07:45:00.000000Z,119852.8,119852.9,119801.8,119801.8,125.603
2025-07-18T07:46:00.000000Z,119801.9,119819.1,119790.0,119819.1,57.902
2025-07-18T07:47:00.000000Z,119819.0,119826.4,119752.7,119755.4,71.225
2025-07-18T07:48:00.000000Z,119755.3,119776.9,119755.3,119766.8,50.94
2025-07-18T07:49:00.000000Z,119766.7,119766.8,119738.9,119756.6,53.718
2025-07-18T07:50:00.000000Z,119756.5,119776.5,119713.2,119714.1,178.24
2025-07-18T07:51:00.000000Z,119714.0,119714.0,119472.5,119632.8,781.782
2025-07-18T07:52:00.000000Z,119632.8,119632.8,119520.0,119523.5,195.284
2025-07-18T07:53:00.000000Z,119523.4,119523.5,119422.1,119468.2,248.616
2025-07-18T07:54:00.000000Z,119468.2,119530.8,119468.2,119497.0,122.465
2025-07-18T07:55:00.000000Z,119497.0,119598.7,119497.0,119575.3,117.586
2025-07-18T07:56:00.000000Z,119575.3,119579.0,119421.2,119549.6,433.541
2025-07-18T07:57:00.000000Z,119549.5,119549.5,119494.0,119495.1,169.624
2025-07-18T07:58:00.000000Z,119495.1,119495.1,119380.0,119380.1,280.208
2025-07-18T07:59:00.000000Z,119380.1,119391.4,119300.0,119356.6,487.298
2025-07-18T08:00:00.000000Z,119356.5,119483.2,119356.4,119473.3,246.423
2025-07-18T08:01:00.000000Z,119473.2,119473.2,119410.6,119470.7,146.966
2025-07-18T08:02:00.000000Z,119470.7,119470.7,119368.2,119368.2,285.37
2025-07-18T08:03:00.000000Z,119368.3,119368.3,119243.2,119293.1,317.709
2025-07-18T08:04:00.000000Z,119293.1,119305.7,119244.0,119269.6,224.815
2025-07-18T08:05:00.000000Z,119269.6,119311.8,119250.0,119269.2,167.546
2025-07-18T08:06:00.000000Z,119269.3,119313.4,119230.7,119244.7,171.383
2025-07-18T08:07:00.000000Z,119244.8,119350.3,119244.7,119322.5,191.067
2025-07-18T08:08:00.000000Z,119322.5,119373.3,119322.5,119369.9,152.48
2025-07-18T08:09:00.000000Z,119369.9,119369.9,119230.8,119269.9,194.786
2025-07-18T08:10:00.000000Z,119269.8,119363.4,119269.8,119363.3,100.285
2025-07-18T08:11:00.000000Z,119363.4,119424.0,119350.0,119354.0,89.54
2025-07-18T08:12:00.000000Z,119354.0,119365.8,119327.0,119327.1,38.672
2025-07-18T08:13:00.000000Z,119327.1,119327.1,119239.3,119280.6,98.091
2025-07-18T08:14:00.000000Z,119280.5,119280.6,119260.2,119260.2,35.505
2025-07-18T08:15:00.000000Z,119260.2,119274.0,119184.0,119237.4,183.048
2025-07-18T08:16:00.000000Z,119237.4,119300.0,119237.3,119281.7,61.294
2025-07-18T08:17:00.000000Z,119281.7,119425.9,119281.6,119406.8,255.968
2025-07-18T08:18:00.000000Z,119406.8,119416.0,119375.8,119375.9,88.68
2025-07-18T08:19:00.000000Z,119375.8,119388.8,119366.4,119366.5,58.584
2025-07-18T08:20:00.000000Z,119366.5,119399.9,119366.4,119399.9,56.84
2025-07-18T08:21:00.000000Z,119399.8,119399.8,119294.8,119294.9,102.869
2025-07-18T08:22:00.000000Z,119295.0,119311.8,119275.4,119275.5,78.299
2025-07-18T08:23:00.000000Z,119275.5,119316.1,119076.9,119218.2,563.064
2025-07-18T08:24:00.000000Z,119218.2,119296.8,119166.5,119250.3,79.828
2025-07-18T08:25:00.000000Z,119250.3,119250.4,119167.2,119202.0,58.135
2025-07-18T08:26:00.000000Z,119202.0,119240.0,119193.1,119193.1,51.588
2025-07-18T08:27:00.000000Z,119193.1,119215.6,119185.7,119185.8,53.45
2025-07-18T08:28:00.000000Z,119185.8,119185.9,119137.0,119153.7,85.795
2025-07-18T08:29:00.000000Z,119153.7,119153.7,119095.1,119130.2,107.551
2025-07-18T08:30:00.000000Z,119130.1,119130.1,119053.0,119076.1,231.897
2025-07-18T08:31:00.000000Z,119076.0,119082.1,118815.6,118884.5,1002.356
2025-07-18T08:32:00.000000Z,118884.5,118955.3,118859.7,118900.9,252.904
2025-07-18T08:33:00.000000Z,118900.9,118916.4,118867.3,118872.2,111.154
2025-07-18T08:34:00.000000Z,118872.2,118872.3,118801.0,118828.2,198.04
2025-07-18T08:35:00.000000Z,118828.3,118828.3,118814.0,118825.2,165.697
2025-07-18T08:36:00.000000Z,118825.2,118830.7,118684.2,118779.3,635.538
2025-07-18T08:37:00.000000Z,118779.4,118779.4,118626.0,118667.0,386.836
2025-07-18T08:38:00.000000Z,118667.0,118796.6,118650.0,118724.4,251.355
2025-07-18T08:39:00.000000Z,118724.4,118757.9,118525.3,118577.5,533.265
2025-07-18T08:40:00.000000Z,118577.5,118632.4,118518.7,118524.8,306.597
2025-07-18T08:41:00.000000Z,118524.8,118524.9,118405.0,118465.2,447.344
2025-07-18T08:42:00.000000Z,118465.3,118573.9,118385.0,118573.9,500.278
2025-07-18T08:43:00.000000Z,118573.9,118574.3,118384.6,118417.1,303.901
2025-07-18T08:44:00.000000Z,118417.1,118493.1,118410.0,118460.9,228.657
2025-07-18T08:45:00.000000Z,118460.9,118565.2,118412.5,118479.1,185.598
2025-07-18T08:46:00.000000Z,118479.0,118549.8,118476.2,118479.7,161.648
2025-07-18T08:47:00.000000Z,118479.7,118525.3,118479.6,118500.1,102.871
2025-07-18T08:48:00.000000Z,118500.1,118513.7,118442.9,118442.9,289.889
2025-07-18T08:49:00.000000Z,118443.0,118501.4,118442.9,118501.4,188.385
2025-07-18T08:50:00.000000Z,118501.4,118523.8,118463.0,118463.1,119.7
2025-07-18T08:51:00.000000Z,118463.1,118530.6,118463.0,118517.6,94.279
2025-07-18T08:52:00.000000Z,118517.7,118559.7,118517.6,118531.9,103.165
2025-07-18T08:53:00.000000Z,118531.9,118644.5,118531.9,118622.5,172.611
2025-07-18T08:54:00.000000Z,118622.5,118731.2,118622.4,118700.1,251.639
2025-07-18T08:55:00.000000Z,118700.0,118712.0,118565.2,118565.2,206.782
2025-07-18T08:56:00.000000Z,118565.2,118584.7,118517.7,118561.8,251.726
2025-07-18T08:57:00.000000Z,118561.9,118654.5,118561.9,118622.8,62.1
2025-07-18T08:58:00.000000Z,118622.7,118661.1,118620.0,118650.8,42.143
2025-07-18T08:59:00.000000Z,118650.9,118650.9,118626.1,118637.3,50.221
2025-07-18T09:00:00.000000Z,118637.3,118637.3,118600.0,118612.9,69.657
2025-07-18T09:01:00.000000Z,118612.9,118648.4,118560.1,118579.9,132.19
2025-07-18T09:02:00.000000Z,118579.9,118580.0,118517.7,118542.8,64.497
2025-07-18T09:03:00.000000Z,118542.8,118584.7,118519.3,118536.2,133.405
2025-07-18T09:04:00.000000Z,118536.2,118536.2,118450.0,118526.9,139.342
2025-07-18T09:05:00.000000Z,118526.9,118573.6,118520.1,118554.8,61.715
2025-07-18T09:06:00.000000Z,118554.9,118615.3,118541.5,118613.8,160.334
2025-07-18T09:07:00.000000Z,118613.9,118650.0,118570.8,118649.9,102.09
2025-07-18T09:08:00.000000Z,118650.0,118674.0,118583.5,118674.0,118.612
2025-07-18T09:09:00.000000Z,118674.0,118726.6,118644.2,118688.9,168.242
2025-07-18T09:10:00.000000Z,118688.9,118791.6,118688.8,118776.0,135.601
2025-07-18T09:11:00.000000Z,118776.0,118792.6,118752.4,118767.0,118.317
2025-07-18T09:12:00.000000Z,118767.0,118837.3,118763.6,118837.3,147.968
2025-07-18T09:13:00.000000Z,118837.2,118904.0,118825.8,118893.2,288.457
2025-07-18T09:14:00.000000Z,118893.2,118893.2,118820.3,118842.5,224.112
2025-07-18T09:15:00.000000Z,118842.5,118847.4,118755.8,118756.5,376.44
2025-07-18T09:16:00.000000Z,118756.6,118773.6,118594.8,118594.8,182.77
2025-07-18T09:17:00.000000Z,118594.9,118744.8,118594.8,118694.2,100.626
2025-07-18T09:18:00.000000Z,118694.2,118694.3,118625.4,118625.5,69.926
2025-07-18T09:19:00.000000Z,118625.5,118804.3,118625.5,118804.2,120.896
2025-07-18T09:20:00.000000Z,118804.3,118806.9,118770.7,118804.5,66.356
2025-07-18T09:21:00.000000Z,118804.4,118846.1,118763.8,118763.9,158.972
2025-07-18T09:22:00.000000Z,118763.8,118822.5,118714.9,118714.9,67.785
2025-07-18T09:23:00.000000Z,118714.9,118771.4,118714.9,118716.4,69.42
2025-07-18T09:24:00.000000Z,118716.4,118742.6,118716.4,118741.9,35.183
2025-07-18T09:25:00.000000Z,118741.9,118750.5,118550.0,118550.1,204.935
2025-07-18T09:26:00.000000Z,118550.1,118732.9,118550.1,118726.6,415.381
2025-07-18T09:27:00.000000Z,118726.5,118731.1,118655.6,118687.9,191.657
2025-07-18T09:28:00.000000Z,118687.8,118687.8,118651.6,118665.7,56.096
2025-07-18T09:29:00.000000Z,118665.7,118668.9,118649.6,118649.7,55.759
2025-07-18T09:30:00.000000Z,118649.6,118758.1,118649.6,118746.3,118.491
2025-07-18T09:31:00.000000Z,118746.3,118746.3,118719.3,118725.6,46.346
2025-07-18T09:32:00.000000Z,118725.7,118740.4,118725.6,118728.0,40.608
2025-07-18T09:33:00.000000Z,118728.0,118750.1,118702.0,118750.1,57.21
2025-07-18T09:34:00.000000Z,118750.1,118750.5,118720.4,118741.8,45.686
2025-07-18T09:35:00.000000Z,118741.7,118741.8,118704.1,118704.1,36.377
2025-07-18T09:36:00.000000Z,118704.1,118705.8,118640.0,118705.7,85.176
2025-07-18T09:37:00.000000Z,118705.7,118763.8,118705.6,118759.4,37.157
2025-07-18T09:38:00.000000Z,118759.4,118822.5,118752.7,118752.7,90.246
2025-07-18T09:39:00.000000Z,118752.8,118871.0,118743.9,118870.9,70.973
2025-07-18T09:40:00.000000Z,118870.9,118870.9,118808.0,118830.8,91.351
2025-07-18T09:41:00.000000Z,118830.8,118909.7,118830.7,118899.1,63.574
2025-07-18T09:42:00.000000Z,118899.1,118899.1,118842.8,118864.5,82.759
2025-07-18T09:43:00.000000Z,118864.5,118882.8,118843.6,118843.6,29.95
2025-07-18T09:44:00.000000Z,118843.7,118843.7,118813.1,118813.1,30.762
2025-07-18T09:45:00.000000Z,118813.1,118846.5,118813.1,118846.4,35.625
2025-07-18T09:46:00.000000Z,118846.5,118908.2,118846.4,118883.6,63.078
2025-07-18T09:47:00.000000Z,118883.6,118985.9,118861.4,118948.2,570.83
2025-07-18T09:48:00.000000Z,118948.1,119000.0,118911.7,118934.5,305.637
2025-07-18T09:49:00.000000Z,118934.5,118969.2,118883.3,118883.3,100.289
2025-07-18T09:50:00.000000Z,118883.3,118932.4,118883.3,118902.1,40.442
2025-07-18T09:51:00.000000Z,118902.2,118963.1,118902.1,118958.6,63.609
2025-07-18T09:52:00.000000Z,118958.6,118997.8,118935.1,118935.1,106.239
2025-07-18T09:53:00.000000Z,118935.0,118935.0,118861.2,118868.9,106.934
2025-07-18T09:54:00.000000Z,118868.8,118868.8,118814.9,118815.0,98.614
2025-07-18T09:55:00.000000Z,118815.0,118882.5,118808.3,118882.5,76.744
2025-07-18T09:56:00.000000Z,118882.4,118910.6,118882.3,118882.5,42.454
2025-07-18T09:57:00.000000Z,118882.5,118922.7,118881.0,118911.8,49.704
2025-07-18T09:58:00.000000Z,118911.9,118936.0,118874.9,118888.3,54.362
2025-07-18T09:59:00.000000Z,118888.2,118888.3,118885.0,118885.0,12.849
2025-07-18T10:00:00.000000Z,118885.0,118935.7,118885.0,118914.9,36.965
2025-07-18T10:01:00.000000Z,118914.9,118934.5,118890.0,118903.8,67.019
2025-07-18T10:02:00.000000Z,118903.8,118939.0,118830.5,118830.6,83.958
2025-07-18T10:03:00.000000Z,118830.5,118860.0,118830.5,118830.7,44.419
2025-07-18T10:04:00.000000Z,118830.6,118830.6,118760.0,118760.1,68.951
2025-07-18T10:05:00.000000Z,118760.1,118787.8,118707.6,118754.1,129.254
2025-07-18T10:06:00.000000Z,118754.1,118805.6,118754.1,118802.2,63.399
2025-07-18T10:07:00.000000Z,118802.1,118811.1,118716.0,118716.1,61.144
2025-07-18T10:08:00.000000Z,118716.0,118716.1,118689.6,118715.6,74.231
2025-07-18T10:09:00.000000Z,118715.6,118755.2,118715.5,118722.4,57.132
2025-07-18T10:10:00.000000Z,118722.4,118766.7,118720.8,118720.9,31.189
2025-07-18T10:11:00.000000Z,118720.9,118720.9,118684.7,118684.8,120.87
2025-07-18T10:12:00.000000Z,118684.8,118720.0,118684.7,118690.7,38.435
2025-07-18T10:13:00.000000Z,118690.7,118690.7,118660.0,118660.1,48.29
2025-07-18T10:14:00.000000Z,118660.0,118690.7,118660.0,118680.9,18.954
2025-07-18T10:15:00.000000Z,118680.8,118721.5,118569.9,118632.6,421.349
2025-07-18T10:16:00.000000Z,118632.5,118650.0,118616.7,118639.9,49.784
2025-07-18T10:17:00.000000Z,118640.0,118720.2,118639.9,118715.1,54.144
2025-07-18T10:18:00.000000Z,118715.1,118715.1,118623.1,118623.3,40.024
2025-07-18T10:19:00.000000Z,118623.3,118626.0,118583.2,118605.0,74.696
2025-07-18T10:20:00.000000Z,118605.0,118605.1,118503.4,118560.0,197.209
2025-07-18T10:21:00.000000Z,118560.0,118610.4,118559.9,118594.5,54.434
2025-07-18T10:22:00.000000Z,118594.6,118687.6,118583.6,118658.3,135.049
2025-07-18T10:23:00.000000Z,118658.3,118712.9,118658.3,118712.9,53.707
2025-07-18T10:24:00.000000Z,118712.9,118759.7,118702.6,118759.7,97.096
2025-07-18T10:25:00.000000Z,118759.6,118875.5,118759.6,118875.5,69.93
2025-07-18T10:26:00.000000Z,118875.7,118882.6,118854.0,118854.1,58.355
2025-07-18T10:27:00.000000Z,118854.0,118898.3,118854.0,118898.2,33.385
2025-07-18T10:28:00.000000Z,118898.3,118899.8,118843.8,118843.8,48.786
2025-07-18T10:29:00.000000Z,118843.9,118843.9,118796.6,118796.7,33.002
2025-07-18T10:30:00.000000Z,118796.7,118880.2,118796.6,118851.6,43.723
2025-07-18T10:31:00.000000Z,118851.7,118868.0,118818.0,118844.9,42.493
2025-07-18T10:32:00.000000Z,118844.9,118910.6,118844.9,118910.6,41.511
2025-07-18T10:33:00.000000Z,118910.5,118922.2,118888.0,118888.1,49.753
2025-07-18T10:34:00.000000Z,118888.1,118888.1,118836.6,118887.9,99.248
2025-07-18T10:35:00.000000Z,118888.0,118906.3,118858.6,118858.7,46.697
2025-07-18T10:36:00.000000Z,118858.7,118877.4,118858.6,118864.7,22.626
2025-07-18T10:37:00.000000Z,118864.8,118864.8,118756.7,118761.7,97.99
2025-07-18T10:38:00.000000Z,118761.8,118829.7,118750.2,118829.7,58.855
2025-07-18T10:39:00.000000Z,118829.7,118841.5,118770.8,118831.8,111.367
2025-07-18T10:40:00.000000Z,118831.8,118911.1,118831.8,118880.1,122.427
2025-07-18T10:41:00.000000Z,118880.1,118880.1,118826.0,118863.4,30.818
2025-07-18T10:42:00.000000Z,118863.4,118897.1,118852.3,118897.0,17.219
2025-07-18T10:43:00.000000Z,118897.0,118897.1,118864.6,118897.0,23.528
2025-07-18T10:44:00.000000Z,118897.0,118929.5,118880.9,118929.5,56.917
2025-07-18T10:45:00.000000Z,118929.5,118929.5,118888.5,118888.5,18.69
2025-07-18T10:46:00.000000Z,118888.5,119016.5,118888.5,119009.4,324.032
2025-07-18T10:47:00.000000Z,119009.4,119028.0,118976.7,118996.5,280.672
2025-07-18T10:48:00.000000Z,118996.4,119028.6,118985.2,119028.5,39.436
2025-07-18T10:49:00.000000Z,119028.5,119105.6,119028.5,119101.2,139.645
2025-07-18T10:50:00.000000Z,119101.3,119103.4,119085.3,119085.3,104.734
2025-07-18T10:51:00.000000Z,119085.3,119147.8,119085.3,119147.6,73.633
2025-07-18T10:52:00.000000Z,119147.5,119180.4,119108.2,119135.5,151.445
2025-07-18T10:53:00.000000Z,119135.8,119150.1,119129.2,119149.9,49.166
2025-07-18T10:54:00.000000Z,119149.9,119156.0,119120.0,119148.7,86.834
2025-07-18T10:55:00.000000Z,119148.6,119148.7,119090.0,119129.9,70.473
2025-07-18T10:56:00.000000Z,119129.9,119154.4,119129.9,119154.4,30.568
2025-07-18T10:57:00.000000Z,119154.4,119198.5,119132.8,119198.4,57.288
2025-07-18T10:58:00.000000Z,119198.5,119266.0,119198.4,119264.3,167.009
2025-07-18T10:59:00.000000Z,119264.3,119264.4,119240.1,119240.1,91.376
2025-07-18T11:00:00.000000Z,119240.2,119240.2,119218.1,119239.9,70.118
2025-07-18T11:01:00.000000Z,119239.9,119292.0,119239.9,119288.0,94.687
2025-07-18T11:02:00.000000Z,119287.9,119288.0,119163.9,119163.9,105.199
2025-07-18T11:03:00.000000Z,119163.8,119163.9,119090.3,119154.5,105.094
2025-07-18T11:04:00.000000Z,119154.5,119162.4,119096.4,119115.6,36.616
2025-07-18T11:05:00.000000Z,119115.6,119115.7,119100.0,119100.0,46.484
2025-07-18T11:06:00.000000Z,119100.0,119113.0,119079.0,119083.0,76.986
2025-07-18T11:07:00.000000Z,119082.9,119117.0,119075.7,119109.2,45.529
2025-07-18T11:08:00.000000Z,119109.1,119109.2,119037.6,119088.3,83.104
2025-07-18T11:09:00.000000Z,119088.3,119100.5,119071.3,119100.5,23.827
2025-07-18T11:10:00.000000Z,119100.5,119109.2,119085.0,119085.0,15.248
2025-07-18T11:11:00.000000Z,119085.1,119085.1,119045.8,119045.8,23.158
2025-07-18T11:12:00.000000Z,119045.8,119045.9,119006.4,119025.5,61.185
2025-07-18T11:13:00.000000Z,119025.4,119037.5,119012.0,119028.6,43.101
2025-07-18T11:14:00.000000Z,119028.6,119028.7,118980.6,118980.8,49.47
2025-07-18T11:15:00.000000Z,118980.8,119027.2,118980.7,119027.2,34.051
2025-07-18T11:16:00.000000Z,119027.2,119039.7,119027.1,119039.7,24.735
2025-07-18T11:17:00.000000Z,119039.7,119039.7,118984.4,118984.4,35.508
2025-07-18T11:18:00.000000Z,118984.4,118984.5,118960.0,118960.0,30.988
2025-07-18T11:19:00.000000Z,118960.0,118961.4,118950.0,118961.2,37.435
2025-07-18T11:20:00.000000Z,118961.2,118961.2,118888.0,118888.0,65.673
2025-07-18T11:21:00.000000Z,118888.0,118888.1,118775.1,118819.7,260.157
2025-07-18T11:22:00.000000Z,118819.7,118823.5,118801.8,118823.4,42.709
2025-07-18T11:23:00.000000Z,118823.5,118866.7,118823.4,118825.0,56.236
2025-07-18T11:24:00.000000Z,118825.0,118825.1,118814.8,118814.9,25.668
2025-07-18T11:25:00.000000Z,118814.8,118848.3,118814.8,118848.2,29.571
2025-07-18T11:26:00.000000Z,118848.3,118894.4,118848.2,118864.3,44.115
2025-07-18T11:27:00.000000Z,118864.2,118892.8,118847.9,118870.0,27.675
2025-07-18T11:28:00.000000Z,118869.9,118900.3,118869.9,118900.2,16.725
2025-07-18T11:29:00.000000Z,118900.3,118900.3,118882.2,118890.3,38.467
2025-07-18T11:30:00.000000Z,118890.3,118926.0,118890.3,118892.5,18.857
2025-07-18T11:31:00.000000Z,118892.5,118892.6,118849.9,118849.9,60.442
2025-07-18T11:32:00.000000Z,118849.9,118890.9,118786.9,118890.9,148.768
2025-07-18T11:33:00.000000Z,118891.0,118988.2,118891.0,118935.9,97.94
2025-07-18T11:34:00.000000Z,118935.9,118953.4,118902.1,118921.1,43.193
2025-07-18T11:35:00.000000Z,118922.2,119000.0,118922.1,118980.1,33.085
2025-07-18T11:36:00.000000Z,118980.0,119008.2,118968.2,118968.3,27.797
2025-07-18T11:37:00.000000Z,118968.2,118968.3,118943.0,118944.8,14.979
2025-07-18T11:38:00.000000Z,118944.8,118985.2,118944.8,118969.9,35.671
2025-07-18T11:39:00.000000Z,118969.9,119045.8,118969.9,119014.6,45.487
2025-07-18T11:40:00.000000Z,119014.3,119014.3,119006.6,119014.0,11.69
2025-07-18T11:41:00.000000Z,119014.0,119021.5,119011.3,119013.9,28.33
2025-07-18T11:42:00.000000Z,119014.0,119018.9,118998.0,119016.9,40.012
2025-07-18T11:43:00.000000Z,119016.8,119056.3,119016.8,119056.2,20.26
2025-07-18T11:44:00.000000Z,119056.3,119129.8,119056.2,119104.0,345.65
2025-07-18T11:45:00.000000Z,119104.1,119104.1,119073.0,119073.0,25.097
2025-07-18T11:46:00.000000Z,119073.1,119073.1,119069.1,119073.0,22.46
2025-07-18T11:47:00.000000Z,119073.0,119125.0,119073.0,119120.0,24.516
2025-07-18T11:48:00.000000Z,119120.0,119135.7,119098.0,119125.4,59.989
2025-07-18T11:49:00.000000Z,119125.3,119125.4,119091.5,119101.4,17.041
2025-07-18T11:50:00.000000Z,119101.3,119101.4,119058.1,119058.1,18.625
2025-07-18T11:51:00.000000Z,119058.2,119075.7,119058.1,119072.7,29.198
2025-07-18T11:52:00.000000Z,119072.6,119072.7,119042.2,119042.2,13.81
2025-07-18T11:53:00.000000Z,119042.2,119063.0,119035.4,119062.9,12.295
2025-07-18T11:54:00.000000Z,119062.9,119120.0,119062.9,119107.9,29.481
2025-07-18T11:55:00.000000Z,119107.9,119138.7,119107.9,119138.7,49.039
2025-07-18T11:56:00.000000Z,119138.7,119174.9,119138.6,119174.9,29.409
2025-07-18T11:57:00.000000Z,119174.8,119175.6,119160.0,119175.5,18.973
2025-07-18T11:58:00.000000Z,119175.5,119194.5,119175.5,119178.9,56.932
2025-07-18T11:59:00.000000Z,119178.8,119191.5,119175.5,119175.5,28.209
2025-07-18T12:00:00.000000Z,119175.5,119242.8,119175.5,119242.7,71.437
2025-07-18T12:01:00.000000Z,119242.7,119251.4,119224.0,119232.2,61.418
2025-07-18T12:02:00.000000Z,119232.1,119251.3,119220.4,119241.5,48.115
2025-07-18T12:03:00.000000Z,119241.5,119250.0,119233.5,119246.5,65.448
2025-07-18T12:04:00.000000Z,119246.5,119246.5,119225.8,119225.8,45.009
2025-07-18T12:05:00.000000Z,119225.8,119268.0,119225.8,119234.0,68.139
2025-07-18T12:06:00.000000Z,119234.0,119266.0,119225.9,119240.9,82.099
2025-07-18T12:07:00.000000Z,119240.9,119283.0,119226.0,119269.6,114.836
2025-07-18T12:08:00.000000Z,119269.6,119290.0,119269.6,119270.0,59.237
2025-07-18T12:09:00.000000Z,119270.0,119270.1,119183.0,119208.1,58.187
2025-07-18T12:10:00.000000Z,119208.1,119248.0,119208.1,119248.0,44.166
2025-07-18T12:11:00.000000Z,119248.0,119249.4,119208.3,119248.5,36.386
2025-07-18T12:12:00.000000Z,119248.5,119294.8,119248.5,119261.3,29.325
2025-07-18T12:13:00.000000Z,119261.2,119316.8,119247.8,119311.7,46.302
2025-07-18T12:14:00.000000Z,119311.8,119311.8,119295.3,119304.8,33.672
2025-07-18T12:15:00.000000Z,119304.7,119304.7,119249.7,119280.2,35.141
2025-07-18T12:16:00.000000Z,119280.3,119307.1,119280.2,119288.2,25.21
2025-07-18T12:17:00.000000Z,119288.2,119305.6,119259.0,119283.9,57.828
2025-07-18T12:18:00.000000Z,119283.9,119309.0,119283.9,119309.0,23.544
2025-07-18T12:19:00.000000Z,119308.9,119324.9,119277.0,119324.8,61.214
2025-07-18T12:20:00.000000Z,119324.9,119325.7,119311.1,119311.2,25.847
2025-07-18T12:21:00.000000Z,119311.2,119319.2,119277.0,119298.8,45.195
2025-07-18T12:22:00.000000Z,119298.8,119305.2,119278.9,119305.1,17.565
2025-07-18T12:23:00.000000Z,119305.1,119336.8,119305.1,119330.1,33.37
2025-07-18T12:24:00.000000Z,119330.0,119330.1,119280.0,119280.0,27.021
2025-07-18T12:25:00.000000Z,119280.1,119280.1,119199.0,119211.2,76.893
2025-07-18T12:26:00.000000Z,119211.2,119230.0,119201.7,119201.7,55.775
2025-07-18T12:27:00.000000Z,119201.7,119201.8,119126.2,119193.6,73.306
2025-07-18T12:28:00.000000Z,119193.6,119216.5,119183.5,119183.5,79.842
2025-07-18T12:29:00.000000Z,119183.6,119203.0,119183.5,119202.4,20.667
2025-07-18T12:30:00.000000Z,119202.5,119274.4,119202.5,119273.7,27.162
2025-07-18T12:31:00.000000Z,119274.0,119303.6,119254.5,119303.6,35.458
2025-07-18T12:32:00.000000Z,119303.6,119342.5,119296.6,119342.5,83.265
2025-07-18T12:33:00.000000Z,119342.5,119342.5,119291.7,119293.7,33.509
2025-07-18T12:34:00.000000Z,119293.6,119293.6,119242.6,119279.9,42.289
2025-07-18T12:35:00.000000Z,119279.9,119300.0,119279.8,119299.8,25.395
2025-07-18T12:36:00.000000Z,119299.7,119354.4,119299.7,119354.3,42.497
2025-07-18T12:37:00.000000Z,119354.3,119364.6,119330.0,119330.0,40.373
2025-07-18T12:38:00.000000Z,119330.0,119361.1,119330.0,119357.4,41.332
2025-07-18T12:39:00.000000Z,119357.4,119384.6,119357.4,119384.6,42.425
2025-07-18T12:40:00.000000Z,119384.5,119398.5,119333.3,119357.0,70.07
2025-07-18T12:41:00.000000Z,119357.1,119377.2,119357.0,119366.5,30.493
2025-07-18T12:42:00.000000Z,119366.5,119498.7,119366.5,119437.7,489.048
2025-07-18T12:43:00.000000Z,119437.7,119446.3,119436.8,119436.9,60.124
2025-07-18T12:44:00.000000Z,119436.9,119437.0,119392.8,119412.0,82.429
2025-07-18T12:45:00.000000Z,119411.9,119412.0,119360.2,119402.3,34.913
2025-07-18T12:46:00.000000Z,119402.3,119440.4,119402.3,119425.3,44.11
2025-07-18T12:47:00.000000Z,119425.2,119477.3,119425.2,119477.3,48.966
2025-07-18T12:48:00.000000Z,119477.2,119477.7,119470.0,119477.7,44.309
2025-07-18T12:49:00.000000Z,119477.7,119494.4,119473.9,119474.0,58.777
2025-07-18T12:50:00.000000Z,119474.0,119474.0,119430.2,119435.5,43.781
2025-07-18T12:51:00.000000Z,119435.4,119500.0,119435.4,119499.9,56.547
2025-07-18T12:52:00.000000Z,119500.0,119519.8,119488.2,119500.0,100.954
2025-07-18T12:53:00.000000Z,119500.0,119501.1,119475.1,119475.2,49.706
2025-07-18T12:54:00.000000Z,119475.2,119486.5,119475.1,119485.4,25.588
2025-07-18T12:55:00.000000Z,119485.4,119487.7,119475.1,119487.6,31.612
2025-07-18T12:56:00.000000Z,119487.6,119498.7,119480.0,119498.7,33.389
2025-07-18T12:57:00.000000Z,119498.7,119518.9,119498.6,119501.7,46.924
2025-07-18T12:58:00.000000Z,119501.7,119501.7,119430.0,119461.9,76.21
2025-07-18T12:59:00.000000Z,119461.9,119476.6,119428.5,119428.5,149.734
2025-07-18T13:00:00.000000Z,119428.6,119440.4,119272.7,119317.0,335.115
2025-07-18T13:01:00.000000Z,119317.0,119368.9,119315.3,119360.0,99.202
2025-07-18T13:02:00.000000Z,119360.0,119360.0,119269.8,119282.7,80.366
2025-07-18T13:03:00.000000Z,119282.7,119296.7,119135.9,119135.9,631.476
2025-07-18T13:04:00.000000Z,119135.9,119158.0,118999.9,119021.5,640.61
2025-07-18T13:05:00.000000Z,119021.5,119068.5,118923.7,118936.5,326.682
2025-07-18T13:06:00.000000Z,118936.6,118985.5,118878.0,118974.4,646.371
2025-07-18T13:07:00.000000Z,118974.5,119037.1,118974.4,119007.1,113.982
2025-07-18T13:08:00.000000Z,119007.0,119055.2,119007.0,119048.6,79.089
2025-07-18T13:09:00.000000Z,119048.5,119123.5,119048.5,119123.5,136.904
2025-07-18T13:10:00.000000Z,119123.5,119139.0,119058.1,119139.0,176.479
2025-07-18T13:11:00.000000Z,119139.0,119183.7,119049.4,119079.0,154.952
2025-07-18T13:12:00.000000Z,119079.0,119100.0,119058.0,119058.0,43.802
2025-07-18T13:13:00.000000Z,119058.1,119063.8,118930.2,118930.9,298.158
2025-07-18T13:14:00.000000Z,118931.0,118931.0,118859.0,118859.0,158.123
2025-07-18T13:15:00.000000Z,118859.0,118900.8,118826.5,118826.5,124.242
2025-07-18T13:16:00.000000Z,118826.0,118911.6,118749.8,118884.1,248.581
2025-07-18T13:17:00.000000Z,118884.0,118900.0,118752.7,118821.1,306.235
2025-07-18T13:18:00.000000Z,118821.1,118821.2,118786.1,118793.6,65.91
2025-07-18T13:19:00.000000Z,118793.6,118887.9,118793.5,118855.3,69.322
2025-07-18T13:20:00.000000Z,118855.4,118855.4,118720.0,118770.0,115.136
2025-07-18T13:21:00.000000Z,118769.5,118769.5,118719.1,118746.2,77.845
2025-07-18T13:22:00.000000Z,118746.2,118812.3,118746.2,118773.8,65.358
2025-07-18T13:23:00.000000Z,118773.7,118773.7,118682.0,118682.0,67.966
2025-07-18T13:24:00.000000Z,118682.0,118753.2,118636.4,118711.7,257.129
2025-07-18T13:25:00.000000Z,118711.8,118788.6,118711.8,118765.2,92.221
2025-07-18T13:26:00.000000Z,118765.2,118767.8,118740.0,118754.3,88.096
2025-07-18T13:27:00.000000Z,118754.3,118789.9,118745.2,118789.9,70.693
2025-07-18T13:28:00.000000Z,118789.9,118822.0,118780.6,118815.6,120.304
2025-07-18T13:29:00.000000Z,118815.7,118840.0,118789.2,118790.9,96.206
2025-07-18T13:30:00.000000Z,118790.8,118790.8,118669.0,118669.1,100.885
2025-07-18T13:31:00.000000Z,118669.0,118805.9,118666.0,118782.5,128.378
2025-07-18T13:32:00.000000Z,118782.5,118882.3,118775.4,118861.6,235.767
2025-07-18T13:33:00.000000Z,118861.5,118888.0,118769.6,118852.1,209.338
2025-07-18T13:34:00.000000Z,118852.1,118865.8,118615.3,118655.0,447.186
2025-07-18T13:35:00.000000Z,118655.0,118794.3,118650.0,118709.9,139.301
2025-07-18T13:36:00.000000Z,118709.9,118715.1,118620.7,118628.6,145.932
2025-07-18T13:37:00.000000Z,118628.7,118723.1,118611.0,118700.8,114.719
2025-07-18T13:38:00.000000Z,118700.7,118753.0,118557.2,118641.2,428.507
2025-07-18T13:39:00.000000Z,118641.2,118815.0,118610.6,118809.9,129.3
2025-07-18T13:40:00.000000Z,118809.9,118855.4,118507.6,118545.2,537.833
2025-07-18T13:41:00.000000Z,118545.2,118619.2,118513.7,118548.1,257.376
2025-07-18T13:42:00.000000Z,118548.0,118674.2,118500.0,118674.1,427.41
2025-07-18T13:43:00.000000Z,118674.1,118733.3,118622.5,118697.4,130.71
2025-07-18T13:44:00.000000Z,118697.4,118711.1,118650.0,118650.1,60.093
2025-07-18T13:45:00.000000Z,118650.0,118745.0,118620.0,118720.0,140.691
2025-07-18T13:46:00.000000Z,118719.9,118798.4,118719.8,118743.3,154.29
2025-07-18T13:47:00.000000Z,118743.4,118828.9,118743.3,118818.7,88.081
2025-07-18T13:48:00.000000Z,118818.7,118857.1,118790.0,118840.2,55.966
2025-07-18T13:49:00.000000Z,118840.1,118840.2,118762.2,118763.7,102.354
2025-07-18T13:50:00.000000Z,118763.6,118800.0,118715.0,118800.0,58.982
2025-07-18T13:51:00.000000Z,118800.0,118835.6,118773.7,118789.2,55.873
2025-07-18T13:52:00.000000Z,118789.2,118803.8,118667.1,118682.5,162.721
2025-07-18T13:53:00.000000Z,118682.4,118753.8,118666.0,118753.7,112.672
2025-07-18T13:54:00.000000Z,118753.7,118784.5,118658.7,118658.8,82.043
2025-07-18T13:55:00.000000Z,118658.8,118663.2,118600.0,118635.7,61.331
2025-07-18T13:56:00.000000Z,118635.8,118749.0,118635.8,118749.0,88.513
2025-07-18T13:57:00.000000Z,118749.0,118799.5,118666.1,118666.2,137.584
2025-07-18T13:58:00.000000Z,118666.2,118761.8,118666.1,118751.9,49.937
2025-07-18T13:59:00.000000Z,118751.9,118772.8,118733.6,118766.8,51.367
2025-07-18T14:00:00.000000Z,118766.9,118846.1,118690.9,118711.0,181.642
2025-07-18T14:01:00.000000Z,118710.9,118764.5,118689.6,118760.2,62.12
2025-07-18T14:02:00.000000Z,118760.2,118778.7,118721.2,118751.1,46.625
2025-07-18T14:03:00.000000Z,118751.1,118797.8,118723.2,118797.8,101.319
2025-07-18T14:04:00.000000Z,118797.8,118827.6,118797.8,118820.1,67.989
2025-07-18T14:05:00.000000Z,118820.1,118846.3,118735.2,118762.2,142.13
2025-07-18T14:06:00.000000Z,118762.1,118972.2,118762.1,118946.8,289.716
2025-07-18T14:07:00.000000Z,118946.7,119059.1,118944.0,119059.1,220.499
2025-07-18T14:08:00.000000Z,119059.1,119236.7,119059.0,119221.0,332.025
2025-07-18T14:09:00.000000Z,119221.0,119250.0,119110.2,119167.9,191.785
2025-07-18T14:10:00.000000Z,119167.9,119186.0,119057.2,119165.9,221.142
2025-07-18T14:11:00.000000Z,119165.9,119226.0,119123.8,119194.4,124.21
2025-07-18T14:12:00.000000Z,119194.3,119214.0,119108.0,119213.9,104.234
2025-07-18T14:13:00.000000Z,119213.9,119214.0,119132.6,119142.6,102.162
2025-07-18T14:14:00.000000Z,119142.5,119182.3,118970.9,118971.0,121.84
2025-07-18T14:15:00.000000Z,118970.9,119036.5,118886.9,118984.2,207.128
2025-07-18T14:16:00.000000Z,118984.2,118984.2,118631.1,118632.5,334.635
2025-07-18T14:17:00.000000Z,118632.5,118651.4,118371.7,118468.8,1208.352
2025-07-18T14:18:00.000000Z,118468.9,118468.9,118100.9,118212.8,1592.476
2025-07-18T14:19:00.000000Z,118212.7,118321.6,118212.7,118312.1,782.102
2025-07-18T14:20:00.000000Z,118312.0,118319.4,118100.2,118164.3,697.966
2025-07-18T14:21:00.000000Z,118164.3,118284.6,118135.7,118264.3,374.426
2025-07-18T14:22:00.000000Z,118264.3,118265.5,117911.1,117912.4,996.102
2025-07-18T14:23:00.000000Z,117912.4,117957.0,117847.6,117882.7,790.649
2025-07-18T14:24:00.000000Z,117882.7,117882.7,117730.0,117791.1,1005.987
2025-07-18T14:25:00.000000Z,117791.0,117859.1,117787.6,117803.8,361.746
2025-07-18T14:26:00.000000Z,117803.8,117832.5,117785.0,117813.8,375.883
2025-07-18T14:27:00.000000Z,117813.7,118076.8,117774.1,117997.4,466.152
2025-07-18T14:28:00.000000Z,117997.4,118075.7,117917.4,117987.9,340.143
2025-07-18T14:29:00.000000Z,117987.8,118024.5,117904.0,117931.1,210.656
2025-07-18T14:30:00.000000Z,117931.1,118090.4,117900.4,118090.4,310.825
2025-07-18T14:31:00.000000Z,118090.4,118091.1,117770.1,117794.3,590.142
2025-07-18T14:32:00.000000Z,117794.0,117833.0,117688.0,117718.0,774.272
2025-07-18T14:33:00.000000Z,117718.0,117843.0,117686.0,117825.7,656.862
2025-07-18T14:34:00.000000Z,117825.7,117825.7,117691.7,117712.8,394.566
2025-07-18T14:35:00.000000Z,117712.7,117734.3,117608.2,117633.4,402.423
2025-07-18T14:36:00.000000Z,117633.3,117673.0,117600.0,117658.4,366.276
2025-07-18T14:37:00.000000Z,117658.3,117756.6,117613.0,117624.4,256.695
2025-07-18T14:38:00.000000Z,117624.4,117809.6,117600.0,117600.0,206.339
2025-07-18T14:39:00.000000Z,117600.1,117628.3,117500.0,117515.0,587.449
2025-07-18T14:40:00.000000Z,117515.0,117655.9,117432.1,117549.7,522.558
2025-07-18T14:41:00.000000Z,117549.7,117549.7,117401.1,117445.4,434.43
2025-07-18T14:42:00.000000Z,117445.5,117582.7,117230.7,117582.7,755.309
2025-07-18T14:43:00.000000Z,117582.7,117729.7,117500.0,117701.0,410.607
2025-07-18T14:44:00.000000Z,117701.0,117762.7,117657.9,117749.8,318.008
2025-07-18T14:45:00.000000Z,117749.9,117910.2,117731.9,117898.6,651.154
2025-07-18T14:46:00.000000Z,117898.6,117977.9,117840.2,117952.7,627.884
2025-07-18T14:47:00.000000Z,117952.6,117952.7,117789.0,117920.2,510.829
2025-07-18T14:48:00.000000Z,117920.2,117996.7,117882.0,117937.0,248.389
2025-07-18T14:49:00.000000Z,117937.0,117966.1,117874.4,117883.5,140.193
2025-07-18T14:50:00.000000Z,117883.4,118150.0,117857.4,118114.4,483.279
2025-07-18T14:51:00.000000Z,118114.4,118200.0,118108.4,118125.0,275.362
2025-07-18T14:52:00.000000Z,118125.0,118157.3,118102.8,118110.9,97.307
2025-07-18T14:53:00.000000Z,118110.0,118230.5,118070.3,118227.5,207.982
2025-07-18T14:54:00.000000Z,118227.5,118258.0,118160.4,118160.5,171.453
2025-07-18T14:55:00.000000Z,118160.6,118202.4,118160.5,118163.7,131.876
2025-07-18T14:56:00.000000Z,118163.7,118265.0,118163.0,118250.8,139.586
2025-07-18T14:57:00.000000Z,118250.8,118389.6,118250.8,118250.9,697.315
2025-07-18T14:58:00.000000Z,118250.8,118250.8,118116.1,118118.1,196.674
2025-07-18T14:59:00.000000Z,118118.2,118140.0,118100.0,118123.8,111.817
2025-07-18T15:00:00.000000Z,118123.9,118123.9,118002.2,118004.3,284.375
2025-07-18T15:01:00.000000Z,118004.3,118136.4,117962.3,118124.8,180.408
2025-07-18T15:02:00.000000Z,118124.9,118207.0,118086.2,118207.0,124.923
2025-07-18T15:03:00.000000Z,118207.1,118234.3,118139.2,118146.0,93.267
2025-07-18T15:04:00.000000Z,118146.0,118150.0,118046.6,118100.8,90.435
2025-07-18T15:05:00.000000Z,118100.9,118240.0,118070.3,118227.9,79.216
2025-07-18T15:06:00.000000Z,118227.9,118255.3,118164.0,118164.0,62.927
2025-07-18T15:07:00.000000Z,118164.0,118168.8,118019.6,118052.9,95.265
2025-07-18T15:08:00.000000Z,118053.0,118084.9,118011.8,118032.9,73.9
2025-07-18T15:09:00.000000Z,118032.9,118069.9,117923.0,117923.1,169.011
2025-07-18T15:10:00.000000Z,117923.0,118050.0,117923.0,117954.7,157.647
2025-07-18T15:11:00.000000Z,117954.8,117986.7,117808.1,117822.8,319.743
2025-07-18T15:12:00.000000Z,117822.9,117837.3,117738.6,117783.8,260.714
2025-07-18T15:13:00.000000Z,117783.9,117837.8,117769.8,117837.7,80.875
2025-07-18T15:14:00.000000Z,117837.8,117859.3,117723.8,117730.6,159.645
2025-07-18T15:15:00.000000Z,117730.5,117875.8,117688.0,117870.0,150.354
2025-07-18T15:16:00.000000Z,117870.0,117922.0,117769.1,117775.1,116.797
2025-07-18T15:17:00.000000Z,117775.1,117834.9,117753.7,117781.3,146.279
2025-07-18T15:18:00.000000Z,117781.3,117797.2,117752.3,117752.3,118.76
2025-07-18T15:19:00.000000Z,117752.3,117752.3,117539.7,117565.0,349.193
2025-07-18T15:20:00.000000Z,117565.0,117690.5,117564.9,117664.7,162.817
2025-07-18T15:21:00.000000Z,117665.1,117667.8,117534.0,117545.3,291.726
2025-07-18T15:22:00.000000Z,117545.4,117666.0,117539.0,117586.5,180.641
2025-07-18T15:23:00.000000Z,117586.5,117592.5,117496.7,117537.4,295.312
2025-07-18T15:24:00.000000Z,117537.4,117537.4,117453.1,117509.4,209.733
2025-07-18T15:25:00.000000Z,117509.4,117581.1,117485.7,117572.0,193.958
2025-07-18T15:26:00.000000Z,117571.9,117776.2,117542.5,117765.7,151.055
2025-07-18T15:27:00.000000Z,117765.8,117831.0,117663.5,117682.6,221.129
2025-07-18T15:28:00.000000Z,117684.0,117765.4,117655.7,117713.2,181.013
2025-07-18T15:29:00.000000Z,117713.5,117755.0,117704.2,117740.3,89.327
2025-07-18T15:30:00.000000Z,117740.3,117791.9,117738.2,117791.6,90.83
2025-07-18T15:31:00.000000Z,117791.6,117876.8,117782.6,117792.7,145.79
2025-07-18T15:32:00.000000Z,117792.8,117852.4,117792.8,117800.1,88.292
2025-07-18T15:33:00.000000Z,117800.0,117930.2,117800.0,117930.2,112.697
2025-07-18T15:34:00.000000Z,117930.1,117930.2,117830.1,117837.7,111.828
2025-07-18T15:35:00.000000Z,117837.7,117878.5,117816.2,117816.3,79.146
2025-07-18T15:36:00.000000Z,117816.3,117816.3,117622.4,117635.0,173.859
2025-07-18T15:37:00.000000Z,117635.1,117772.2,117627.9,117734.5,114.24
2025-07-18T15:38:00.000000Z,117734.5,117834.9,117721.4,117781.8,64.897
2025-07-18T15:39:00.000000Z,117781.7,117829.8,117742.5,117742.5,89.355
2025-07-18T15:40:00.000000Z,117742.6,117791.9,117732.2,117791.9,75.849
2025-07-18T15:41:00.000000Z,117792.0,117856.0,117661.4,117661.4,223.62
2025-07-18T15:42:00.000000Z,117661.5,117661.5,117461.5,117500.6,329.445
2025-07-18T15:43:00.000000Z,117500.6,117629.6,117430.0,117620.1,297.945
2025-07-18T15:44:00.000000Z,117620.0,117681.0,117589.6,117632.0,78.242
2025-07-18T15:45:00.000000Z,117632.1,117639.0,117507.3,117507.3,92.151
2025-07-18T15:46:00.000000Z,117507.3,117593.3,117484.0,117593.3,93.727
2025-07-18T15:47:00.000000Z,117593.3,117738.5,117593.2,117718.9,139.536
2025-07-18T15:48:00.000000Z,117718.9,117776.0,117705.8,117775.9,73.875
2025-07-18T15:49:00.000000Z,117776.0,117789.3,117724.8,117724.8,92.736
2025-07-18T15:50:00.000000Z,117724.8,117835.6,117724.8,117830.4,126.682
2025-07-18T15:51:00.000000Z,117830.3,117921.2,117821.2,117917.0,132.619
2025-07-18T15:52:00.000000Z,117917.0,117937.8,117895.3,117937.8,89.184
2025-07-18T15:53:00.000000Z,117937.8,118011.9,117839.0,117840.2,159.974
2025-07-18T15:54:00.000000Z,117840.2,117931.9,117816.7,117831.7,95.61
2025-07-18T15:55:00.000000Z,117831.8,117844.9,117772.0,117796.5,115.009
2025-07-18T15:56:00.000000Z,117796.5,117850.0,117787.9,117799.7,49.627
2025-07-18T15:57:00.000000Z,117799.7,117842.0,117769.2,117769.3,42.179
2025-07-18T15:58:00.000000Z,117769.2,117877.4,117769.2,117854.7,73.082
2025-07-18T15:59:00.000000Z,117854.7,117882.0,117810.1,117830.0,63.801
2025-07-18T16:00:00.000000Z,117830.1,117886.0,117828.8,117884.6,92.936
2025-07-18T16:01:00.000000Z,117884.6,117933.7,117859.1,117873.1,94.102
2025-07-18T16:02:00.000000Z,117873.2,117903.1,117848.5,117866.0,74.483
2025-07-18T16:03:00.000000Z,117866.0,118053.5,117866.0,117953.5,226.263
2025-07-18T16:04:00.000000Z,117953.5,117953.6,117823.6,117910.1,115.701
2025-07-18T16:05:00.000000Z,117910.2,117980.0,117892.9,117944.7,87.013
2025-07-18T16:06:00.000000Z,117944.7,117985.3,117870.4,117870.4,103.019
2025-07-18T16:07:00.000000Z,117870.4,117903.2,117780.0,117903.2,117.764
2025-07-18T16:08:00.000000Z,117903.1,117903.2,117750.0,117750.0,114.737
2025-07-18T16:09:00.000000Z,117750.0,117823.0,117740.4,117823.0,58.911
2025-07-18T16:10:00.000000Z,117822.9,117872.0,117794.1,117811.1,88.204
2025-07-18T16:11:00.000000Z,117811.0,117887.3,117801.3,117887.3,77.58
2025-07-18T16:12:00.000000Z,117887.6,117900.0,117774.5,117774.6,31.909
2025-07-18T16:13:00.000000Z,117774.6,117843.8,117769.7,117824.5,107.986
2025-07-18T16:14:00.000000Z,117824.5,117824.5,117664.1,117664.1,80.866
2025-07-18T16:15:00.000000Z,117664.1,117679.5,117557.7,117572.4,163.332
2025-07-18T16:16:00.000000Z,117572.0,117778.8,117555.2,117768.2,104.101
2025-07-18T16:17:00.000000Z,117768.2,117778.9,117704.6,117755.6,73.123
2025-07-18T16:18:00.000000Z,117755.6,117757.0,117638.3,117638.3,94.304
2025-07-18T16:19:00.000000Z,117638.3,117748.0,117619.3,117747.9,102.391
2025-07-18T16:20:00.000000Z,117747.9,117813.9,117658.0,117658.0,68.395
2025-07-18T16:21:00.000000Z,117658.0,117719.3,117600.0,117677.9,89.217
2025-07-18T16:22:00.000000Z,117677.9,117723.1,117601.1,117723.1,107.117
2025-07-18T16:23:00.000000Z,117723.1,117723.1,117647.4,117685.5,85.878
2025-07-18T16:24:00.000000Z,117685.6,117699.9,117644.0,117685.0,42.644
2025-07-18T16:25:00.000000Z,117685.0,117705.8,117644.0,117644.0,44.482
2025-07-18T16:26:00.000000Z,117644.1,117649.7,117520.0,117538.4,103.501
2025-07-18T16:27:00.000000Z,117538.4,117633.7,117518.2,117570.1,84.7
2025-07-18T16:28:00.000000Z,117570.0,117649.7,117564.8,117564.9,41.639
2025-07-18T16:29:00.000000Z,117564.9,117700.0,117564.8,117590.5,96.437
2025-07-18T16:30:00.000000Z,117590.4,117647.3,117538.4,117620.0,62.871
2025-07-18T16:31:00.000000Z,117620.1,117638.8,117547.1,117548.1,74.737
2025-07-18T16:32:00.000000Z,117548.1,117626.3,117488.0,117616.8,149.062
2025-07-18T16:33:00.000000Z,117616.7,117637.6,117527.1,117529.1,101.453
2025-07-18T16:34:00.000000Z,117529.1,117535.2,117487.0,117498.2,77.948
2025-07-18T16:35:00.000000Z,117498.2,117673.2,117460.0,117673.2,89.804
2025-07-18T16:36:00.000000Z,117673.1,117673.2,117507.2,117539.2,126.713
2025-07-18T16:37:00.000000Z,117539.2,117616.9,117539.1,117560.2,42.958
2025-07-18T16:38:00.000000Z,117560.3,117740.7,117560.2,117726.6,75.699
2025-07-18T16:39:00.000000Z,117726.5,117772.5,117716.2,117767.0,88.456
2025-07-18T16:40:00.000000Z,117767.6,117899.4,117767.5,117899.4,104.049
2025-07-18T16:41:00.000000Z,117899.3,117953.6,117865.1,117952.6,122.45
2025-07-18T16:42:00.000000Z,117952.6,118008.0,117952.5,117978.5,247.98
2025-07-18T16:43:00.000000Z,117978.5,117978.5,117900.0,117929.0,254.572
2025-07-18T16:44:00.000000Z,117929.1,117944.3,117900.0,117900.0,57.804
2025-07-18T16:45:00.000000Z,117900.0,117912.4,117874.9,117887.0,62.715
2025-07-18T16:46:00.000000Z,117887.1,117917.1,117796.2,117796.3,98.3
2025-07-18T16:47:00.000000Z,117796.3,117844.6,117796.2,117802.1,40.265
2025-07-18T16:48:00.000000Z,117802.0,117802.1,117683.1,117683.1,68.879
2025-07-18T16:49:00.000000Z,117683.1,117782.3,117664.2,117778.4,56.601
2025-07-18T16:50:00.000000Z,117778.4,117778.4,117705.3,117743.8,48.241
2025-07-18T16:51:00.000000Z,117743.7,117791.1,117720.4,117787.7,37.604
2025-07-18T16:52:00.000000Z,117787.6,117787.9,117741.0,117769.1,19.612
2025-07-18T16:53:00.000000Z,117769.1,117787.9,117693.2,117699.1,32.076
2025-07-18T16:54:00.000000Z,117699.2,117766.3,117699.2,117748.3,30.369
2025-07-18T16:55:00.000000Z,117748.3,117821.8,117730.2,117809.1,46.78
2025-07-18T16:56:00.000000Z,117809.0,117841.5,117808.1,117808.2,22.975
2025-07-18T16:57:00.000000Z,117808.1,117808.1,117658.5,117672.1,68.017
2025-07-18T16:58:00.000000Z,117672.1,117672.2,117560.9,117596.5,68.416
2025-07-18T16:59:00.000000Z,117596.3,117614.0,117483.7,117543.5,591.974
2025-07-18T17:00:00.000000Z,117543.5,117651.1,117510.8,117564.4,186.188
2025-07-18T17:01:00.000000Z,117564.5,117648.8,117564.4,117588.4,57.54
2025-07-18T17:02:00.000000Z,117588.1,117588.1,117328.6,117459.2,905.17
2025-07-18T17:03:00.000000Z,117459.1,117479.9,117351.7,117453.9,421.12
2025-07-18T17:04:00.000000Z,117453.9,117502.6,117338.9,117343.0,205.278
2025-07-18T17:05:00.000000Z,117343.0,117561.3,117343.0,117555.2,301.252
2025-07-18T17:06:00.000000Z,117555.1,117592.4,117516.0,117587.8,64.452
2025-07-18T17:07:00.000000Z,117587.7,117615.2,117540.6,117540.7,79.821
2025-07-18T17:08:00.000000Z,117540.7,117580.0,117509.1,117559.4,52.157
2025-07-18T17:09:00.000000Z,117559.3,117559.4,117480.0,117555.2,70.077
2025-07-18T17:10:00.000000Z,117555.2,117555.3,117416.2,117438.1,65.317
2025-07-18T17:11:00.000000Z,117438.1,117492.7,117438.1,117492.7,46.289
2025-07-18T17:12:00.000000Z,117492.8,117615.3,117492.7,117615.3,110.643
2025-07-18T17:13:00.000000Z,117615.3,117615.3,117565.6,117571.3,41.865
2025-07-18T17:14:00.000000Z,117571.3,117571.4,117532.9,117567.7,39.411
2025-07-18T17:15:00.000000Z,117567.7,117622.1,117542.5,117565.0,82.969
2025-07-18T17:16:00.000000Z,117564.9,117597.3,117550.0,117597.2,36.877
2025-07-18T17:17:00.000000Z,117597.2,117707.4,117584.3,117700.0,74.835
2025-07-18T17:18:00.000000Z,117700.1,117707.4,117613.8,117613.8,84.184
2025-07-18T17:19:00.000000Z,117613.8,117687.9,117611.5,117617.9,45.626
2025-07-18T17:20:00.000000Z,117617.8,117700.0,117579.9,117700.0,147.628
2025-07-18T17:21:00.000000Z,117700.0,117707.6,117675.7,117701.6,101.342
2025-07-18T17:22:00.000000Z,117701.6,117833.8,117701.6,117804.7,97.949
2025-07-18T17:23:00.000000Z,117804.6,117804.6,117763.2,117763.3,46.326
2025-07-18T17:24:00.000000Z,117763.2,117884.9,117763.2,117853.3,99.457
2025-07-18T17:25:00.000000Z,117853.3,117878.6,117812.0,117835.7,56.247
2025-07-18T17:26:00.000000Z,117835.7,117851.4,117769.9,117837.0,57.95
2025-07-18T17:27:00.000000Z,117837.0,117908.9,117837.0,117896.1,59.415
2025-07-18T17:28:00.000000Z,117896.1,117928.2,117890.0,117928.2,75.473
2025-07-18T17:29:00.000000Z,117928.4,117983.8,117890.5,117904.9,118.156
2025-07-18T17:30:00.000000Z,117904.9,117927.5,117872.1,117872.2,77.41
2025-07-18T17:31:00.000000Z,117872.1,117950.0,117847.8,117923.3,68.815
2025-07-18T17:32:00.000000Z,117923.3,117936.3,117890.0,117913.6,32.701
2025-07-18T17:33:00.000000Z,117913.6,117926.8,117862.9,117913.3,63.647
2025-07-18T17:34:00.000000Z,117913.3,117929.2,117896.6,117896.7,49.834
2025-07-18T17:35:00.000000Z,117896.7,117900.0,117832.1,117866.1,53.302
2025-07-18T17:36:00.000000Z,117866.2,117869.2,117832.6,117840.6,38.394
2025-07-18T17:37:00.000000Z,117840.7,117840.7,117772.6,117786.4,81.658
2025-07-18T17:38:00.000000Z,117786.4,117817.2,117786.3,117817.2,46.95
2025-07-18T17:39:00.000000Z,117817.2,117840.7,117791.2,117839.6,24.137
2025-07-18T17:40:00.000000Z,117839.6,117839.6,117748.3,117748.3,49.64
2025-07-18T17:41:00.000000Z,117748.2,117760.0,117707.2,117707.6,36.988
2025-07-18T17:42:00.000000Z,117707.6,117733.3,117658.3,117733.2,94.522
2025-07-18T17:43:00.000000Z,117733.3,117741.0,117615.4,117615.4,39.186
2025-07-18T17:44:00.000000Z,117615.4,117615.4,117553.3,117591.5,69.254
2025-07-18T17:45:00.000000Z,117591.6,117672.9,117586.5,117667.0,59.924
2025-07-18T17:46:00.000000Z,117666.9,117699.7,117611.0,117611.1,30.94
2025-07-18T17:47:00.000000Z,117611.1,117655.7,117572.6,117655.7,31.483
2025-07-18T17:48:00.000000Z,117655.7,117657.9,117605.6,117622.5,36.482
2025-07-18T17:49:00.000000Z,117622.5,117659.8,117622.4,117659.7,34.751
2025-07-18T17:50:00.000000Z,117659.7,117670.2,117562.2,117601.5,56.533
2025-07-18T17:51:00.000000Z,117601.5,117601.6,117420.7,117471.9,424.131
2025-07-18T17:52:00.000000Z,117471.9,117562.1,117471.9,117530.1,75.693
2025-07-18T17:53:00.000000Z,117530.0,117557.5,117510.8,117557.4,40.299
2025-07-18T17:54:00.000000Z,117557.5,117568.0,117511.0,117522.1,39.221
2025-07-18T17:55:00.000000Z,117522.1,117554.0,117522.0,117527.6,32.036
2025-07-18T17:56:00.000000Z,117527.5,117600.7,117515.8,117596.1,25.637
2025-07-18T17:57:00.000000Z,117596.1,117629.3,117579.4,117629.3,27.452
2025-07-18T17:58:00.000000Z,117629.3,117648.0,117589.3,117595.2,45.007
2025-07-18T17:59:00.000000Z,117595.2,117607.4,117572.7,117580.0,36.59
2025-07-18T18:00:00.000000Z,117580.0,117600.7,117536.6,117536.6,66.463
2025-07-18T18:01:00.000000Z,117536.7,117553.0,117508.8,117540.0,102.685
2025-07-18T18:02:00.000000Z,117540.0,117587.8,117530.0,117587.8,107.349
2025-07-18T18:03:00.000000Z,117587.8,117590.0,117555.3,117563.6,45.68
2025-07-18T18:04:00.000000Z,117563.6,117563.6,117527.2,117529.2,17.744
2025-07-18T18:05:00.000000Z,117529.2,117529.2,117462.1,117518.6,88.569
2025-07-18T18:06:00.000000Z,117518.6,117540.0,117500.1,117516.3,25.774
2025-07-18T18:07:00.000000Z,117516.3,117524.0,117505.5,117505.6,14.774
2025-07-18T18:08:00.000000Z,117505.6,117505.6,117450.6,117450.6,32.058
2025-07-18T18:09:00.000000Z,117450.7,117469.7,117430.0,117440.0,41.823
2025-07-18T18:10:00.000000Z,117440.0,117440.0,117411.0,117428.2,34.961
2025-07-18T18:11:00.000000Z,117428.2,117455.0,117368.0,117406.1,111.81
2025-07-18T18:12:00.000000Z,117406.1,117406.5,117331.6,117386.7,103.167
2025-07-18T18:13:00.000000Z,117386.7,117414.6,117373.1,117373.7,49.387
2025-07-18T18:14:00.000000Z,117374.8,117405.0,117362.5,117386.9,58.342
2025-07-18T18:15:00.000000Z,117386.9,117386.9,117318.1,117345.2,83.099
2025-07-18T18:16:00.000000Z,117345.2,117617.9,117339.1,117617.9,124.366
2025-07-18T18:17:00.000000Z,117617.9,117617.9,117526.3,117553.7,71.013
2025-07-18T18:18:00.000000Z,117553.8,117553.8,117502.8,117553.7,33.624
2025-07-18T18:19:00.000000Z,117553.8,117553.8,117514.4,117521.8,36.308
2025-07-18T18:20:00.000000Z,117521.8,117591.3,117520.5,117520.5,43.537
2025-07-18T18:21:00.000000Z,117520.6,117528.0,117505.1,117505.2,10.152
2025-07-18T18:22:00.000000Z,117505.2,117526.2,117390.0,117390.6,79.749
2025-07-18T18:23:00.000000Z,117390.5,117484.4,117390.5,117462.0,60.784
2025-07-18T18:24:00.000000Z,117462.1,117598.8,117450.6,117598.8,25.55
2025-07-18T18:25:00.000000Z,117598.8,117598.8,117502.6,117507.0,57.487
2025-07-18T18:26:00.000000Z,117507.1,117549.9,117507.0,117542.4,30.741
2025-07-18T18:27:00.000000Z,117542.3,117599.7,117542.3,117595.4,38.382
2025-07-18T18:28:00.000000Z,117595.4,117608.7,117583.2,117608.7,23.707
2025-07-18T18:29:00.000000Z,117609.2,117673.2,117609.2,117673.2,66.954
2025-07-18T18:30:00.000000Z,117673.2,117711.0,117673.1,117699.1,92.185
2025-07-18T18:31:00.000000Z,117699.0,117716.3,117602.0,117602.0,40.977
2025-07-18T18:32:00.000000Z,117602.0,117611.0,117533.9,117556.2,49.953
2025-07-18T18:33:00.000000Z,117556.3,117592.4,117540.0,117592.4,24.581
2025-07-18T18:34:00.000000Z,117592.4,117615.8,117526.1,117533.9,46.161
2025-07-18T18:35:00.000000Z,117533.8,117548.8,117510.8,117546.1,27.506
2025-07-18T18:36:00.000000Z,117546.0,117594.0,117543.7,117594.0,33.132
2025-07-18T18:37:00.000000Z,117594.0,117681.3,117593.9,117676.2,53.433
2025-07-18T18:38:00.000000Z,117676.3,117676.3,117612.1,117612.1,23.911
2025-07-18T18:39:00.000000Z,117612.0,117624.2,117539.2,117539.2,28.491
2025-07-18T18:40:00.000000Z,117539.3,117600.0,117539.3,117588.2,21.998
2025-07-18T18:41:00.000000Z,117588.3,117598.4,117563.4,117598.3,25.792
2025-07-18T18:42:00.000000Z,117598.3,117598.4,117557.1,117559.8,20.008
2025-07-18T18:43:00.000000Z,117559.7,117563.8,117535.0,117548.3,18.682
2025-07-18T18:44:00.000000Z,117548.4,117553.7,117537.6,117545.3,24.367
2025-07-18T18:45:00.000000Z,117545.2,117550.9,117480.0,117480.1,30.616
2025-07-18T18:46:00.000000Z,117480.0,117480.1,117414.2,117415.5,58.156
2025-07-18T18:47:00.000000Z,117415.1,117465.9,117415.0,117465.9,39.779
2025-07-18T18:48:00.000000Z,117465.9,117546.6,117465.9,117546.6,37.891
2025-07-18T18:49:00.000000Z,117546.5,117597.5,117542.2,117597.5,32.873
2025-07-18T18:50:00.000000Z,117597.5,117615.3,117575.9,117607.7,40.335
2025-07-18T18:51:00.000000Z,117607.7,117610.0,117539.9,117576.7,61.538
2025-07-18T18:52:00.000000Z,117577.0,117604.9,117474.5,117474.5,77.484
2025-07-18T18:53:00.000000Z,117474.6,117474.6,117410.4,117448.7,79.251
2025-07-18T18:54:00.000000Z,117448.9,117466.5,117438.5,117466.4,46.388
2025-07-18T18:55:00.000000Z,117466.5,117480.0,117390.0,117390.0,34.727
2025-07-18T18:56:00.000000Z,117390.1,117422.9,117368.5,117392.5,47.079
2025-07-18T18:57:00.000000Z,117392.6,117404.9,117366.7,117376.8,56.072
2025-07-18T18:58:00.000000Z,117376.7,117396.0,117338.0,117343.9,56.945
2025-07-18T18:59:00.000000Z,117343.9,117351.7,117204.5,117297.9,409.252
2025-07-18T19:00:00.000000Z,117297.9,117361.0,117282.2,117301.8,110.291
2025-07-18T19:01:00.000000Z,117301.7,117301.7,117224.2,117259.6,171.514
2025-07-18T19:02:00.000000Z,117259.5,117259.6,117200.0,117208.9,221.915
2025-07-18T19:03:00.000000Z,117208.8,117212.3,117109.4,117147.8,479.15
2025-07-18T19:04:00.000000Z,117147.9,117395.2,117129.5,117395.2,653.521
2025-07-18T19:05:00.000000Z,117395.9,117395.9,117279.5,117305.2,178.893
2025-07-18T19:06:00.000000Z,117305.2,117305.2,117188.2,117230.7,156.64
2025-07-18T19:07:00.000000Z,117230.7,117243.7,117186.0,117211.9,127.967
2025-07-18T19:08:00.000000Z,117211.8,117391.8,117192.0,117384.6,318.078
2025-07-18T19:09:00.000000Z,117384.5,117392.1,117310.3,117391.4,78.012
2025-07-18T19:10:00.000000Z,117391.3,117391.4,117345.0,117345.1,47.211
2025-07-18T19:11:00.000000Z,117345.1,117381.8,117333.2,117338.5,54.272
2025-07-18T19:12:00.000000Z,117338.4,117378.3,117302.7,117326.3,248.955
2025-07-18T19:13:00.000000Z,117326.2,117379.9,117326.2,117370.0,37.064
2025-07-18T19:14:00.000000Z,117370.0,117370.0,117291.6,117339.1,56.905
2025-07-18T19:15:00.000000Z,117339.1,117374.9,117339.1,117357.7,41.471
2025-07-18T19:16:00.000000Z,117357.8,117529.9,117357.7,117518.1,92.679
2025-07-18T19:17:00.000000Z,117518.2,117550.0,117506.1,117542.2,85.528
2025-07-18T19:18:00.000000Z,117542.2,117575.0,117533.6,117537.8,74.3
2025-07-18T19:19:00.000000Z,117537.7,117604.9,117506.1,117604.9,85.271
2025-07-18T19:20:00.000000Z,117604.8,117660.6,117604.8,117620.9,130.167
2025-07-18T19:21:00.000000Z,117620.6,117714.4,117620.0,117714.4,77.148
2025-07-18T19:22:00.000000Z,117714.3,117769.2,117659.4,117659.4,149.126
2025-07-18T19:23:00.000000Z,117659.4,117770.0,117634.1,117770.0,95.696
2025-07-18T19:24:00.000000Z,117770.0,117822.0,117706.2,117822.0,455.367
2025-07-18T19:25:00.000000Z,117822.0,117835.5,117759.9,117759.9,97.619
2025-07-18T19:26:00.000000Z,117759.9,117866.0,117746.8,117866.0,169.539
2025-07-18T19:27:00.000000Z,117866.0,117866.0,117804.5,117825.0,39.802
2025-07-18T19:28:00.000000Z,117825.0,117857.9,117818.9,117848.0,68.93
2025-07-18T19:29:00.000000Z,117847.9,117848.0,117773.2,117779.4,67.647
2025-07-18T19:30:00.000000Z,117779.4,117779.5,117718.4,117718.6,83.587
2025-07-18T19:31:00.000000Z,117718.6,117718.7,117684.0,117684.2,47.893
2025-07-18T19:32:00.000000Z,117684.1,117684.1,117644.0,117644.0,55.975
2025-07-18T19:33:00.000000Z,117644.0,117722.0,117634.1,117722.0,74.254
2025-07-18T19:34:00.000000Z,117722.0,117725.5,117668.7,117676.1,24.821
2025-07-18T19:35:00.000000Z,117676.1,117676.1,117600.0,117611.9,41.885
2025-07-18T19:36:00.000000Z,117612.0,117616.7,117569.9,117569.9,20.633
2025-07-18T19:37:00.000000Z,117569.8,117569.8,117561.8,117569.6,13.403
2025-07-18T19:38:00.000000Z,117569.6,117569.6,117525.0,117525.0,44.074
2025-07-18T19:39:00.000000Z,117525.0,117558.9,117525.0,117552.8,37.734
2025-07-18T19:40:00.000000Z,117552.7,117552.7,117422.6,117435.3,103.148
2025-07-18T19:41:00.000000Z,117435.2,117461.7,117402.0,117450.8,60.463
2025-07-18T19:42:00.000000Z,117450.8,117545.2,117443.9,117511.2,60.068
2025-07-18T19:43:00.000000Z,117511.2,117527.6,117494.0,117494.0,43.093
2025-07-18T19:44:00.000000Z,117494.1,117494.1,117464.0,117475.9,20.916
2025-07-18T19:45:00.000000Z,117475.8,117475.8,117410.7,117411.1,44.836
2025-07-18T19:46:00.000000Z,117411.1,117440.9,117394.7,117439.6,66.136
2025-07-18T19:47:00.000000Z,117439.6,117439.6,117388.6,117388.9,50.828
2025-07-18T19:48:00.000000Z,117388.9,117389.8,117320.0,117320.1,133.034
2025-07-18T19:49:00.000000Z,117320.1,117402.9,117309.3,117402.9,62.978
2025-07-18T19:50:00.000000Z,117402.9,117459.6,117396.3,117428.5,117.865
2025-07-18T19:51:00.000000Z,117428.6,117428.6,117365.6,117365.7,17.345
2025-07-18T19:52:00.000000Z,117365.6,117365.6,117353.8,117354.5,17.815
2025-07-18T19:53:00.000000Z,117354.5,117458.7,117354.4,117458.7,36.271
2025-07-18T19:54:00.000000Z,117458.8,117482.0,117440.1,117482.0,24.846
2025-07-18T19:55:00.000000Z,117482.4,117486.9,117424.7,117430.0,60.871
2025-07-18T19:56:00.000000Z,117430.1,117479.2,117420.7,117420.7,17.296
2025-07-18T19:57:00.000000Z,117420.8,117445.7,117420.7,117426.6,15.342
2025-07-18T19:58:00.000000Z,117426.6,117426.6,117288.0,117308.1,88.363
2025-07-18T19:59:00.000000Z,117307.7,117400.0,117286.2,117361.6,70.279
2025-07-18T20:00:00.000000Z,117361.7,117394.3,117344.3,117394.3,47.952
2025-07-18T20:01:00.000000Z,117394.2,117399.2,117319.9,117358.1,45.467
2025-07-18T20:02:00.000000Z,117358.1,117358.1,117285.6,117285.6,47.001
2025-07-18T20:03:00.000000Z,117285.4,117344.7,117230.7,117337.3,223.22
2025-07-18T20:04:00.000000Z,117337.2,117337.3,117267.0,117267.0,165.515
2025-07-18T20:05:00.000000Z,117267.0,117286.1,117230.3,117279.6,66.552
2025-07-18T20:06:00.000000Z,117279.5,117279.6,117199.5,117199.5,120.396
2025-07-18T20:07:00.000000Z,117199.5,117199.6,117102.7,117118.2,347.582
2025-07-18T20:08:00.000000Z,117118.2,117203.7,117112.3,117158.7,117.1
2025-07-18T20:09:00.000000Z,117158.8,117170.7,117124.7,117164.2,63.823
2025-07-18T20:10:00.000000Z,117164.2,117174.6,117112.0,117113.9,77.631
2025-07-18T20:11:00.000000Z,117114.0,117182.7,117113.9,117133.6,108.701
2025-07-18T20:12:00.000000Z,117133.7,117156.2,117133.6,117138.8,29.161
2025-07-18T20:13:00.000000Z,117138.8,117242.5,117109.0,117219.9,62.599
2025-07-18T20:14:00.000000Z,117219.8,117219.9,117155.7,117160.1,39.822
2025-07-18T20:15:00.000000Z,117160.1,117200.0,117155.8,117155.8,30.304
2025-07-18T20:16:00.000000Z,117155.7,117251.7,117155.7,117168.1,80.077
2025-07-18T20:17:00.000000Z,117168.0,117236.1,117168.0,117227.8,26.947
2025-07-18T20:18:00.000000Z,117227.8,117227.9,117167.2,117188.1,46.819
2025-07-18T20:19:00.000000Z,117188.0,117188.1,117061.4,117089.5,198.806
2025-07-18T20:20:00.000000Z,117089.4,117213.7,117089.4,117213.7,72.958
2025-07-18T20:21:00.000000Z,117213.6,117213.7,117155.5,117160.1,38.314
2025-07-18T20:22:00.000000Z,117160.1,117191.7,117113.1,117123.7,39.969
2025-07-18T20:23:00.000000Z,117123.8,117123.8,117000.1,117006.5,333.991
2025-07-18T20:24:00.000000Z,117006.5,117050.8,117000.1,117050.8,139.381
2025-07-18T20:25:00.000000Z,117050.7,117139.5,117050.7,117129.9,70.575
2025-07-18T20:26:00.000000Z,117129.8,117129.9,117050.1,117061.1,202.431
2025-07-18T20:27:00.000000Z,117061.0,117061.1,116886.0,116953.9,1060.954
2025-07-18T20:28:00.000000Z,116953.9,117048.5,116943.6,117048.5,318.376
2025-07-18T20:29:00.000000Z,117048.5,117061.1,116962.5,116980.2,91.124
2025-07-18T20:30:00.000000Z,116980.2,117054.7,116980.1,116980.1,174.908
2025-07-18T20:31:00.000000Z,116980.2,116992.7,116940.2,116953.9,102.942
2025-07-18T20:32:00.000000Z,116954.0,116957.3,116789.0,116947.9,1446.4
2025-07-18T20:33:00.000000Z,116948.0,116982.6,116859.1,116982.6,243.003
2025-07-18T20:34:00.000000Z,116982.6,116988.1,116788.9,116799.7,344.893
2025-07-18T20:35:00.000000Z,116799.7,117045.8,116794.2,116865.1,1238.052
2025-07-18T20:36:00.000000Z,116865.1,116925.5,116799.6,116848.1,547.947
2025-07-18T20:37:00.000000Z,116848.0,116878.4,116810.0,116841.1,149.971
2025-07-18T20:38:00.000000Z,116841.2,116908.5,116813.0,116884.2,102.298
2025-07-18T20:39:00.000000Z,116884.2,116921.6,116846.8,116846.8,102.153
2025-07-18T20:40:00.000000Z,116846.9,116897.3,116833.0,116868.0,89.407
2025-07-18T20:41:00.000000Z,116868.0,116897.4,116833.1,116840.9,83.162
2025-07-18T20:42:00.000000Z,116840.8,116980.0,116840.8,116980.0,139.746
2025-07-18T20:43:00.000000Z,116980.1,117046.6,116976.4,116979.2,122.158
2025-07-18T20:44:00.000000Z,116979.1,117005.7,116962.4,116994.0,68.059
2025-07-18T20:45:00.000000Z,116994.0,117165.7,116984.2,117158.0,119.591
2025-07-18T20:46:00.000000Z,117157.9,117172.0,117089.7,117153.1,144.067
2025-07-18T20:47:00.000000Z,117153.0,117274.7,117150.2,117273.6,673.658
2025-07-18T20:48:00.000000Z,117273.6,117347.9,117215.2,117347.9,166.825
2025-07-18T20:49:00.000000Z,117347.9,117458.0,117320.6,117455.2,408.072
2025-07-18T20:50:00.000000Z,117455.2,117518.4,117355.0,117355.1,658.405
2025-07-18T20:51:00.000000Z,117355.0,117465.5,117355.0,117429.0,151.684
2025-07-18T20:52:00.000000Z,117429.1,117443.3,117398.7,117436.6,45.031
2025-07-18T20:53:00.000000Z,117436.6,117524.0,117436.5,117489.6,85.35
2025-07-18T20:54:00.000000Z,117489.6,117532.3,117340.0,117363.5,330.121
2025-07-18T20:55:00.000000Z,117363.6,117405.0,117351.3,117405.0,94.101
2025-07-18T20:56:00.000000Z,117405.4,117450.6,117401.5,117427.5,63.036
2025-07-18T20:57:00.000000Z,117427.5,117450.0,117422.6,117437.8,50.673
2025-07-18T20:58:00.000000Z,117437.7,117471.4,117437.7,117445.9,46.081
2025-07-18T20:59:00.000000Z,117445.9,117445.9,117370.0,117370.1,56.525
2025-07-18T21:00:00.000000Z,117370.0,117416.4,117330.0,117416.3,142.246
2025-07-18T21:01:00.000000Z,117416.3,117465.0,117401.8,117464.9,45.093
2025-07-18T21:02:00.000000Z,117465.0,117495.0,117430.5,117484.3,86.469
2025-07-18T21:03:00.000000Z,117484.3,117484.4,117465.8,117468.5,68.765
2025-07-18T21:04:00.000000Z,117468.5,117546.2,117468.5,117538.3,66.999
2025-07-18T21:05:00.000000Z,117538.3,117600.0,117538.3,117553.9,59.829
2025-07-18T21:06:00.000000Z,117553.9,117667.7,117553.9,117634.1,204.526
2025-07-18T21:07:00.000000Z,117634.1,117635.0,117530.7,117530.7,49.177
2025-07-18T21:08:00.000000Z,117530.7,117625.0,117530.7,117625.0,38.961
2025-07-18T21:09:00.000000Z,117625.0,117645.7,117607.0,117645.7,30.376
2025-07-18T21:10:00.000000Z,117645.7,117676.2,117626.6,117676.2,82.818
2025-07-18T21:11:00.000000Z,117676.1,117705.0,117676.1,117704.9,55.579
2025-07-18T21:12:00.000000Z,117705.0,117740.9,117688.1,117732.8,81.428
2025-07-18T21:13:00.000000Z,117732.7,117751.6,117732.7,117751.5,41.864
2025-07-18T21:14:00.000000Z,117751.6,117837.2,117751.6,117816.8,129.286
2025-07-18T21:15:00.000000Z,117816.8,117816.8,117661.1,117724.6,151.642
2025-07-18T21:16:00.000000Z,117724.6,117809.2,117724.6,117809.1,43.734
2025-07-18T21:17:00.000000Z,117809.1,117852.4,117809.1,117834.8,113.523
2025-07-18T21:18:00.000000Z,117834.7,117851.7,117689.4,117792.6,212.53
2025-07-18T21:19:00.000000Z,117792.6,117855.8,117792.6,117855.8,67.101
2025-07-18T21:20:00.000000Z,117855.8,117855.8,117700.0,117777.1,154.423
2025-07-18T21:21:00.000000Z,117777.2,117799.4,117748.5,117790.9,54.718
2025-07-18T21:22:00.000000Z,117790.8,117855.7,117785.3,117815.8,68.155
2025-07-18T21:23:00.000000Z,117815.7,117834.8,117787.7,117799.9,26.436
2025-07-18T21:24:00.000000Z,117800.0,117817.9,117774.5,117801.4,48.097
2025-07-18T21:25:00.000000Z,117801.4,117849.6,117766.4,117766.4,66.754
2025-07-18T21:26:00.000000Z,117766.4,117806.5,117706.5,117710.3,82.836
2025-07-18T21:27:00.000000Z,117710.4,117740.0,117666.0,117695.9,89.488
2025-07-18T21:28:00.000000Z,117695.9,117698.9,117654.5,117663.5,72.771
2025-07-18T21:29:00.000000Z,117663.4,117708.2,117663.4,117708.1,29.202
2025-07-18T21:30:00.000000Z,117708.1,117737.3,117708.1,117711.8,36.138
2025-07-18T21:31:00.000000Z,117711.7,117753.2,117711.7,117751.8,30.898
2025-07-18T21:32:00.000000Z,117751.8,117793.6,117734.2,117740.1,66.194
2025-07-18T21:33:00.000000Z,117740.1,117796.9,117740.1,117771.7,78.682
2025-07-18T21:34:00.000000Z,117771.6,117788.7,117740.2,117788.7,50.511
2025-07-18T21:35:00.000000Z,117788.7,117788.7,117788.6,117788.6,7.369
2025-07-18T21:36:00.000000Z,117788.7,117788.7,117742.1,117765.5,41.046
2025-07-18T21:37:00.000000Z,117765.5,117832.5,117765.5,117820.5,75.169
2025-07-18T21:38:00.000000Z,117820.5,117820.5,117741.4,117741.5,30.423
2025-07-18T21:39:00.000000Z,117741.5,117782.1,117708.1,117738.6,39.944
2025-07-18T21:40:00.000000Z,117738.7,117773.0,117738.6,117772.9,20.751
2025-07-18T21:41:00.000000Z,117773.0,117773.0,117772.9,117773.0,12.788
2025-07-18T21:42:00.000000Z,117772.9,117795.2,117772.9,117795.2,14.151
2025-07-18T21:43:00.000000Z,117795.2,117795.2,117731.6,117750.0,21.578
2025-07-18T21:44:00.000000Z,117750.1,117788.6,117750.0,117786.8,18.477
2025-07-18T21:45:00.000000Z,117786.8,117786.9,117780.0,117780.1,11.674
2025-07-18T21:46:00.000000Z,117780.0,117780.1,117780.0,117780.1,7.619
2025-07-18T21:47:00.000000Z,117780.0,117832.0,117780.0,117832.0,23.077
2025-07-18T21:48:00.000000Z,117832.0,117860.5,117818.9,117819.0,46.025
2025-07-18T21:49:00.000000Z,117818.9,117819.0,117786.1,117786.1,14.57
2025-07-18T21:50:00.000000Z,117786.1,117786.2,117762.0,117762.0,14.182
2025-07-18T21:51:00.000000Z,117762.0,117762.1,117660.1,117660.4,36.394
2025-07-18T21:52:00.000000Z,117660.4,117748.9,117646.8,117717.0,61.118
2025-07-18T21:53:00.000000Z,117717.0,117717.0,117624.7,117650.9,130.881
2025-07-18T21:54:00.000000Z,117650.8,117651.3,117620.0,117620.0,40.43
2025-07-18T21:55:00.000000Z,117620.0,117620.1,117600.0,117600.1,26.023
2025-07-18T21:56:00.000000Z,117600.1,117619.9,117582.0,117600.1,90.689
2025-07-18T21:57:00.000000Z,117600.1,117600.1,117542.3,117563.2,88.647
2025-07-18T21:58:00.000000Z,117563.1,117642.5,117563.1,117642.5,30.705
2025-07-18T21:59:00.000000Z,117642.5,117648.4,117642.4,117648.3,11.92
2025-07-18T22:00:00.000000Z,117648.3,117650.8,117560.0,117592.0,54.733
2025-07-18T22:01:00.000000Z,117592.1,117608.5,117588.0,117588.0,13.059
2025-07-18T22:02:00.000000Z,117588.0,117662.2,117588.0,117619.0,61.804
2025-07-18T22:03:00.000000Z,117619.0,117631.1,117575.6,117575.6,42.529
2025-07-18T22:04:00.000000Z,117575.7,117575.7,117447.0,117460.6,218.183
2025-07-18T22:05:00.000000Z,117460.7,117498.0,117444.0,117466.2,70.876
2025-07-18T22:06:00.000000Z,117466.2,117497.9,117462.7,117462.8,49.942
2025-07-18T22:07:00.000000Z,117462.7,117462.8,117379.6,117379.6,93.73
2025-07-18T22:08:00.000000Z,117379.6,117415.3,117379.6,117410.8,73.414
2025-07-18T22:09:00.000000Z,117410.9,117429.1,117410.8,117429.1,26.464
2025-07-18T22:10:00.000000Z,117429.1,117515.8,117429.0,117459.0,141.781
2025-07-18T22:11:00.000000Z,117459.0,117515.4,117459.0,117515.4,19.023
2025-07-18T22:12:00.000000Z,117515.4,117572.4,117506.3,117567.6,85.249
2025-07-18T22:13:00.000000Z,117567.6,117580.0,117557.4,117579.9,23.613
2025-07-18T22:14:00.000000Z,117580.0,117599.7,117579.9,117587.1,42.18
2025-07-18T22:15:00.000000Z,117587.2,117631.2,117580.9,117619.4,34.369
2025-07-18T22:16:00.000000Z,117619.5,117619.5,117571.5,117610.1,35.808
2025-07-18T22:17:00.000000Z,117610.1,117662.5,117610.0,117657.8,19.229
2025-07-18T22:18:00.000000Z,117657.8,117663.4,117644.8,117663.3,12.208
2025-07-18T22:19:00.000000Z,117663.4,117669.9,117663.3,117669.9,8.993
2025-07-18T22:20:00.000000Z,117669.9,117720.8,117669.8,117710.9,53.76
2025-07-18T22:21:00.000000Z,117711.0,117719.0,117701.3,117701.4,20.03
2025-07-18T22:22:00.000000Z,117701.4,117701.4,117678.2,117678.2,13.517
2025-07-18T22:23:00.000000Z,117678.3,117710.4,117678.2,117710.3,17.229
2025-07-18T22:24:00.000000Z,117710.4,117748.5,117710.3,117734.8,23.959
2025-07-18T22:25:00.000000Z,117734.9,117937.8,117734.8,117888.6,568.792
2025-07-18T22:26:00.000000Z,117888.6,117900.0,117785.7,117842.4,267.798
2025-07-18T22:27:00.000000Z,117842.4,117904.0,117807.6,117880.1,117.005
2025-07-18T22:28:00.000000Z,117880.0,117957.7,117880.0,117902.0,255.394
2025-07-18T22:29:00.000000Z,117901.9,117939.4,117862.5,117862.6,55.968
2025-07-18T22:30:00.000000Z,117862.5,117907.2,117859.5,117859.5,85.37
2025-07-18T22:31:00.000000Z,117859.5,117859.5,117792.7,117805.3,43.697
2025-07-18T22:32:00.000000Z,117805.3,117831.7,117791.3,117831.7,92.979
2025-07-18T22:33:00.000000Z,117831.7,117831.7,117789.7,117803.3,29.933
2025-07-18T22:34:00.000000Z,117803.3,117824.6,117803.2,117823.5,16.134
2025-07-18T22:35:00.000000Z,117823.6,117845.0,117823.5,117823.7,19.357
2025-07-18T22:36:00.000000Z,117823.8,117840.6,117821.1,117821.1,21.452
2025-07-18T22:37:00.000000Z,117821.2,117844.8,117821.2,117844.8,14.094
2025-07-18T22:38:00.000000Z,117844.8,117850.0,117844.7,117850.0,14.642
2025-07-18T22:39:00.000000Z,117850.0,117861.8,117849.9,117861.8,22.889
2025-07-18T22:40:00.000000Z,117861.8,117861.8,117840.0,117840.0,8.832
2025-07-18T22:41:00.000000Z,117840.1,117840.1,117796.3,117802.3,34.585
2025-07-18T22:42:00.000000Z,117802.3,117855.9,117802.3,117855.0,20.515
2025-07-18T22:43:00.000000Z,117855.1,117855.1,117830.3,117830.3,8.959
2025-07-18T22:44:00.000000Z,117830.4,117841.5,117754.7,117755.1,147.58
2025-07-18T22:45:00.000000Z,117755.1,117790.8,117720.2,117783.9,155.984
2025-07-18T22:46:00.000000Z,117784.0,117800.0,117783.9,117799.9,19.349
2025-07-18T22:47:00.000000Z,117800.0,117800.0,117653.1,117653.1,163.058
2025-07-18T22:48:00.000000Z,117652.2,117682.6,117652.1,117682.6,29.715
2025-07-18T22:49:00.000000Z,117682.6,117703.8,117682.5,117703.8,17.005
2025-07-18T22:50:00.000000Z,117703.8,117703.8,117628.3,117664.5,38.143
2025-07-18T22:51:00.000000Z,117664.5,117664.5,117606.9,117606.9,43.116
2025-07-18T22:52:00.000000Z,117606.9,117606.9,117568.9,117569.9,86.375
2025-07-18T22:53:00.000000Z,117569.9,117609.5,117569.8,117609.0,45.244
2025-07-18T22:54:00.000000Z,117609.0,117625.8,117606.0,117625.8,13.974
2025-07-18T22:55:00.000000Z,117625.8,117666.3,117625.7,117666.3,12.842
2025-07-18T22:56:00.000000Z,117666.3,117667.2,117625.8,117628.6,56.518
2025-07-18T22:57:00.000000Z,117628.6,117641.9,117628.5,117641.9,7.87
2025-07-18T22:58:00.000000Z,117641.9,117669.0,117641.8,117669.0,14.896
2025-07-18T22:59:00.000000Z,117668.9,117669.0,117630.2,117663.0,25.609
2025-07-18T23:00:00.000000Z,117662.9,117688.2,117639.9,117646.3,46.802
2025-07-18T23:01:00.000000Z,117646.2,117646.3,117579.9,117580.0,35.594
2025-07-18T23:02:00.000000Z,117580.1,117583.2,117529.1,117583.2,72.162
2025-07-18T23:03:00.000000Z,117583.1,117609.5,117578.5,117578.5,17.98
2025-07-18T23:04:00.000000Z,117578.5,117578.6,117533.5,117533.5,31.468
2025-07-18T23:05:00.000000Z,117533.5,117533.6,117533.5,117533.5,16.138
2025-07-18T23:06:00.000000Z,117533.6,117545.4,117514.2,117514.2,46.222
2025-07-18T23:07:00.000000Z,117514.2,117529.3,117497.0,117529.2,54.336
2025-07-18T23:08:00.000000Z,117529.2,117577.0,117458.2,117458.2,167.16
2025-07-18T23:09:00.000000Z,117460.0,117543.8,117433.6,117543.8,44.618
2025-07-18T23:10:00.000000Z,117543.8,117548.7,117502.2,117509.4,39.242
2025-07-18T23:11:00.000000Z,117509.3,117571.2,117497.0,117568.9,53.901
2025-07-18T23:12:00.000000Z,117568.9,117578.1,117568.8,117578.0,10.516
2025-07-18T23:13:00.000000Z,117578.1,117653.0,117535.0,117617.0,84.607
2025-07-18T23:14:00.000000Z,117617.1,117665.0,117598.5,117645.2,39.778
2025-07-18T23:15:00.000000Z,117645.2,117704.0,117617.3,117618.8,99.82
2025-07-18T23:16:00.000000Z,117618.7,117711.0,117618.7,117711.0,38.752
2025-07-18T23:17:00.000000Z,117710.9,117807.2,117645.9,117719.3,264.002
2025-07-18T23:18:00.000000Z,117719.3,117791.5,117706.7,117772.4,61.929
2025-07-18T23:19:00.000000Z,117772.3,117812.2,117772.3,117812.1,32.641
2025-07-18T23:20:00.000000Z,117812.1,117824.6,117785.4,117785.5,60.018
2025-07-18T23:21:00.000000Z,117785.4,117794.9,117771.6,117794.8,28.169
2025-07-18T23:22:00.000000Z,117794.9,117850.0,117794.8,117840.4,45.231
2025-07-18T23:23:00.000000Z,117840.5,117860.0,117816.1,117816.2,57.132
2025-07-18T23:24:00.000000Z,117816.3,117858.0,117816.2,117831.4,38.417
2025-07-18T23:25:00.000000Z,117831.3,117831.3,117817.5,117817.6,28.622
2025-07-18T23:26:00.000000Z,117817.6,117817.6,117744.6,117750.2,72.821
2025-07-18T23:27:00.000000Z,117750.1,117789.2,117750.1,117789.1,15.691
2025-07-18T23:28:00.000000Z,117789.2,117803.5,117777.2,117803.5,42.08
2025-07-18T23:29:00.000000Z,117803.6,117808.5,117803.6,117808.5,14.298
2025-07-18T23:30:00.000000Z,117808.5,117848.5,117808.4,117848.5,29.207
2025-07-18T23:31:00.000000Z,117848.4,117861.8,117848.4,117861.8,21.914
2025-07-18T23:32:00.000000Z,117861.7,117880.4,117861.7,117873.5,33.85
2025-07-18T23:33:00.000000Z,117873.5,117886.0,117863.3,117863.4,70.994
2025-07-18T23:34:00.000000Z,117863.4,117884.3,117863.4,117866.7,18.991
2025-07-18T23:35:00.000000Z,117866.7,117874.3,117855.0,117855.0,51.303
2025-07-18T23:36:00.000000Z,117855.0,117855.1,117803.0,117803.0,34.873
2025-07-18T23:37:00.000000Z,117803.0,117840.8,117769.3,117833.4,39.847
2025-07-18T23:38:00.000000Z,117833.5,117852.4,117833.4,117841.0,23.087
2025-07-18T23:39:00.000000Z,117841.0,117860.2,117811.7,117811.7,61.896
2025-07-18T23:40:00.000000Z,117811.7,117844.1,117811.7,117844.1,17.368
2025-07-18T23:41:00.000000Z,117844.1,117844.1,117816.6,117816.7,31.382
2025-07-18T23:42:00.000000Z,117816.6,117849.9,117816.6,117849.8,27.236
2025-07-18T23:43:00.000000Z,117849.9,117849.9,117830.0,117835.4,8.233
2025-07-18T23:44:00.000000Z,117835.5,117840.0,117835.4,117840.0,8.669
2025-07-18T23:45:00.000000Z,117840.0,117840.0,117804.5,117831.1,27.044
2025-07-18T23:46:00.000000Z,117831.1,117852.5,117831.0,117852.5,15.329
2025-07-18T23:47:00.000000Z,117852.5,117867.7,117852.4,117867.7,23.451
2025-07-18T23:48:00.000000Z,117867.7,118000.0,117863.0,117923.1,637.317
2025-07-18T23:49:00.000000Z,117923.1,117944.5,117923.0,117935.0,78.408
2025-07-18T23:50:00.000000Z,117935.0,117959.4,117934.9,117959.3,25.013
2025-07-18T23:51:00.000000Z,117959.4,117999.0,117956.1,117977.0,75.835
2025-07-18T23:52:00.000000Z,117977.0,117981.7,117886.7,117900.0,145.763
2025-07-18T23:53:00.000000Z,117900.1,117917.4,117896.0,117896.1,38.813
2025-07-18T23:54:00.000000Z,117896.0,117896.1,117841.5,117864.4,47.031
2025-07-18T23:55:00.000000Z,117864.4,117889.7,117864.3,117886.7,22.587
2025-07-18T23:56:00.000000Z,117886.7,117886.8,117886.7,117886.8,7.06
2025-07-18T23:57:00.000000Z,117886.8,117886.8,117886.7,117886.7,12.905
2025-07-18T23:58:00.000000Z,117886.8,117907.3,117877.8,117907.1,75.387
2025-07-18T23:59:00.000000Z,117907.0,117907.1,117896.4,117896.4,26.068
2025-07-19T00:00:00.000000Z,117896.5,117920.0,117895.3,117895.3,64.863
2025-07-19T00:01:00.000000Z,117895.3,117920.0,117890.0,117890.2,31.576
2025-07-19T00:02:00.000000Z,117890.2,117897.3,117807.1,117863.5,207.347
2025-07-19T00:03:00.000000Z,117863.5,117900.0,117863.5,117899.9,20.358
2025-07-19T00:04:00.000000Z,117899.9,117904.1,117892.2,117892.2,30.157
2025-07-19T00:05:00.000000Z,117892.3,117892.3,117804.1,117836.0,87.335
2025-07-19T00:06:00.000000Z,117836.0,117880.3,117836.0,117876.7,22.547
2025-07-19T00:07:00.000000Z,117876.8,117876.8,117835.7,117871.0,34.975
2025-07-19T00:08:00.000000Z,117871.0,117874.1,117839.5,117874.0,29.888
2025-07-19T00:09:00.000000Z,117874.1,117874.1,117831.0,117831.1,18.137
2025-07-19T00:10:00.000000Z,117831.1,117848.8,117831.0,117831.0,25.51
2025-07-19T00:11:00.000000Z,117831.1,117846.3,117831.0,117846.3,9.636
2025-07-19T00:12:00.000000Z,117846.3,117869.8,117846.2,117869.7,9.552
2025-07-19T00:13:00.000000Z,117869.7,117869.8,117847.7,117847.8,21.349
2025-07-19T00:14:00.000000Z,117847.8,117907.9,117847.7,117907.9,50.155
2025-07-19T00:15:00.000000Z,117907.9,117907.9,117883.2,117883.3,17.125
2025-07-19T00:16:00.000000Z,117883.3,117901.8,117883.2,117894.4,17.539
2025-07-19T00:17:00.000000Z,117894.5,117894.5,117877.5,117877.5,12.353
2025-07-19T00:18:00.000000Z,117877.5,117877.6,117852.2,117877.5,22.135
2025-07-19T00:19:00.000000Z,117877.6,117901.5,117863.9,117863.9,33.26
2025-07-19T00:20:00.000000Z,117864.0,117888.0,117851.2,117888.0,49.333
2025-07-19T00:21:00.000000Z,117887.9,117919.7,117876.1,117919.6,23.867
2025-07-19T00:22:00.000000Z,117919.7,117919.7,117908.9,117913.2,20.513
2025-07-19T00:23:00.000000Z,117913.2,117925.8,117913.2,117925.8,29.132
2025-07-19T00:24:00.000000Z,117925.7,117940.0,117925.6,117940.0,41.12
2025-07-19T00:25:00.000000Z,117939.9,117940.0,117926.7,117926.8,44.744
2025-07-19T00:26:00.000000Z,117926.8,117940.0,117918.3,117918.4,33.026
2025-07-19T00:27:00.000000Z,117918.3,117940.0,117918.2,117940.0,15.646
2025-07-19T00:28:00.000000Z,117940.0,117940.0,117939.8,117939.9,16.86
2025-07-19T00:29:00.000000Z,117939.9,117940.0,117939.8,117940.0,9.738
2025-07-19T00:30:00.000000Z,117940.0,117956.2,117939.9,117950.1,39.493
2025-07-19T00:31:00.000000Z,117950.1,117950.1,117950.0,117950.1,12.928
2025-07-19T00:32:00.000000Z,117950.1,118000.0,117950.0,117989.0,76.037
2025-07-19T00:33:00.000000Z,117989.0,118013.7,117989.0,118013.7,45.848
2025-07-19T00:34:00.000000Z,118013.7,118013.7,117952.3,117952.3,39.884
2025-07-19T00:35:00.000000Z,117952.4,117952.4,117869.1,117879.6,142.773
2025-07-19T00:36:00.000000Z,117879.6,117885.7,117864.0,117884.0,62.824
2025-07-19T00:37:00.000000Z,117884.0,117933.6,117883.9,117933.6,38.923
2025-07-19T00:38:00.000000Z,117933.6,117946.9,117907.3,117912.1,20.397
2025-07-19T00:39:00.000000Z,117912.0,117926.3,117876.8,117876.8,28.513
2025-07-19T00:40:00.000000Z,117876.8,117921.4,117876.8,117921.4,27.201
2025-07-19T00:41:00.000000Z,117921.4,117921.4,117891.1,117908.4,20.928
2025-07-19T00:42:00.000000Z,117908.3,117919.9,117894.1,117894.1,9.081
2025-07-19T00:43:00.000000Z,117894.2,117894.2,117820.6,117855.5,97.313
2025-07-19T00:44:00.000000Z,117855.4,117884.1,117822.0,117884.1,36.146
2025-07-19T00:45:00.000000Z,117884.3,117894.1,117832.3,117832.3,27.569
2025-07-19T00:46:00.000000Z,117832.3,117851.9,117832.3,117846.2,27.737
2025-07-19T00:47:00.000000Z,117846.2,117865.7,117840.4,117840.5,25.191
2025-07-19T00:48:00.000000Z,117840.5,117858.5,117825.4,117858.5,22.837
2025-07-19T00:49:00.000000Z,117858.5,117860.2,117804.0,117842.5,76.982
2025-07-19T00:50:00.000000Z,117842.4,117860.2,117842.4,117860.1,16.964
2025-07-19T00:51:00.000000Z,117860.2,117860.2,117823.7,117823.8,22.512
2025-07-19T00:52:00.000000Z,117823.7,117867.9,117823.7,117867.8,17.417
2025-07-19T00:53:00.000000Z,117867.9,117916.1,117867.9,117900.3,29.287
2025-07-19T00:54:00.000000Z,117900.2,117900.3,117840.5,117840.5,15.253
2025-07-19T00:55:00.000000Z,117840.6,117840.6,117815.0,117815.0,18.875
2025-07-19T00:56:00.000000Z,117815.0,117815.1,117682.6,117698.9,124.685
2025-07-19T00:57:00.000000Z,117698.8,117750.0,117698.8,117750.0,35.408
2025-07-19T00:58:00.000000Z,117750.0,117750.0,117748.2,117750.0,16.32
2025-07-19T00:59:00.000000Z,117750.0,117750.0,117701.7,117713.0,51.443
2025-07-19T01:00:00.000000Z,117713.1,117737.6,117692.0,117692.0,26.598
2025-07-19T01:01:00.000000Z,117692.0,117713.1,117661.4,117661.4,74.766
2025-07-19T01:02:00.000000Z,117661.4,117674.6,117651.9,117655.0,50.55
2025-07-19T01:03:00.000000Z,117655.1,117687.2,117651.9,117652.2,48.923
2025-07-19T01:04:00.000000Z,117652.2,117664.2,117613.7,117628.9,63.044
2025-07-19T01:05:00.000000Z,117628.9,117660.7,117611.5,117642.6,66.372
2025-07-19T01:06:00.000000Z,117642.5,117658.5,117611.5,117611.5,53.232
2025-07-19T01:07:00.000000Z,117611.5,117656.1,117588.0,117611.6,55.815
2025-07-19T01:08:00.000000Z,117611.6,117713.1,117611.6,117713.0,34.614
2025-07-19T01:09:00.000000Z,117713.1,117810.5,117713.0,117810.5,61.404
2025-07-19T01:10:00.000000Z,117810.5,117810.5,117740.0,117782.9,46.01
2025-07-19T01:11:00.000000Z,117783.0,117807.4,117755.8,117807.4,15.903
2025-07-19T01:12:00.000000Z,117807.4,117832.8,117807.3,117832.8,16.864
2025-07-19T01:13:00.000000Z,117833.3,117868.3,117833.3,117868.2,21.195
2025-07-19T01:14:00.000000Z,117868.3,117885.0,117860.2,117885.0,27.188
2025-07-19T01:15:00.000000Z,117885.0,117944.5,117884.9,117944.4,104.641
2025-07-19T01:16:00.000000Z,117944.9,117960.6,117904.0,117904.0,33.685
2025-07-19T01:17:00.000000Z,117904.1,117925.7,117848.4,117848.4,41.793
2025-07-19T01:18:00.000000Z,117848.4,117906.8,117848.4,117906.8,29.293
2025-07-19T01:19:00.000000Z,117906.8,117934.4,117901.7,117934.3,11.388
2025-07-19T01:20:00.000000Z,117934.3,117964.9,117902.7,117964.9,32.909
2025-07-19T01:21:00.000000Z,117965.0,117978.9,117964.9,117978.9,24.815
2025-07-19T01:22:00.000000Z,117978.9,117979.0,117938.1,117961.3,63.951
2025-07-19T01:23:00.000000Z,117961.3,117972.6,117943.0,117956.5,25.591
2025-07-19T01:24:00.000000Z,117956.5,117988.0,117956.4,117987.9,18.212
2025-07-19T01:25:00.000000Z,117988.0,117988.0,117931.2,117931.3,51.055
2025-07-19T01:26:00.000000Z,117931.2,117931.3,117898.8,117898.9,91.216
2025-07-19T01:27:00.000000Z,117898.9,117937.9,117898.8,117937.9,26.483
2025-07-19T01:28:00.000000Z,117937.9,117952.2,117937.8,117952.2,10.36
2025-07-19T01:29:00.000000Z,117952.2,117961.1,117952.1,117961.1,8.984
2025-07-19T01:30:00.000000Z,117961.1,117961.1,117920.0,117935.3,32.531
2025-07-19T01:31:00.000000Z,117935.3,117953.0,117920.0,117920.0,25.741
2025-07-19T01:32:00.000000Z,117920.1,117920.1,117894.4,117905.6,47.896
2025-07-19T01:33:00.000000Z,117905.6,117930.0,117905.6,117930.0,19.149
2025-07-19T01:34:00.000000Z,117930.0,117930.0,117901.3,117924.1,26.625
2025-07-19T01:35:00.000000Z,117924.2,117953.0,117918.3,117953.0,24.536
2025-07-19T01:36:00.000000Z,117953.0,117969.0,117952.9,117965.9,24.108
2025-07-19T01:37:00.000000Z,117965.8,117965.9,117965.8,117965.8,10.243
2025-07-19T01:38:00.000000Z,117965.8,117965.9,117965.8,117965.9,12.514
2025-07-19T01:39:00.000000Z,117965.9,117982.1,117965.9,117981.3,21.97
2025-07-19T01:40:00.000000Z,117981.3,118012.7,117981.3,118006.2,65.246
2025-07-19T01:41:00.000000Z,118006.2,118060.0,118006.1,118026.1,87.318
2025-07-19T01:42:00.000000Z,118026.1,118026.1,118012.7,118012.7,23.882
2025-07-19T01:43:00.000000Z,118012.7,118012.8,117977.4,117977.4,23.504
2025-07-19T01:44:00.000000Z,117977.4,118000.2,117977.4,118000.1,24.365
2025-07-19T01:45:00.000000Z,118000.0,118000.1,117935.9,117935.9,27.417
2025-07-19T01:46:00.000000Z,117935.9,117983.9,117935.9,117979.7,32.493
2025-07-19T01:47:00.000000Z,117979.3,118094.6,117979.2,118030.9,172.269
2025-07-19T01:48:00.000000Z,118030.9,118030.9,117955.0,117980.2,120.237
2025-07-19T01:49:00.000000Z,117980.3,118014.3,117949.9,118014.3,17.23
2025-07-19T01:50:00.000000Z,118014.2,118029.3,117971.9,117972.3,30.158
2025-07-19T01:51:00.000000Z,117972.3,118033.0,117972.3,118033.0,104.071
2025-07-19T01:52:00.000000Z,118033.0,118035.1,118020.7,118035.0,15.34
2025-07-19T01:53:00.000000Z,118035.1,118035.1,118035.0,118035.1,6.55
2025-07-19T01:54:00.000000Z,118035.1,118035.1,118035.0,118035.1,7.527
2025-07-19T01:55:00.000000Z,118035.1,118042.6,118013.3,118042.5,29.424
2025-07-19T01:56:00.000000Z,118042.6,118042.6,117993.4,117993.4,45.38
2025-07-19T01:57:00.000000Z,117993.5,118011.5,117976.3,118011.5,20.771
2025-07-19T01:58:00.000000Z,118011.5,118011.5,117985.3,117998.2,34.562
2025-07-19T01:59:00.000000Z,117998.2,118010.0,117993.5,118010.0,16.521
2025-07-19T02:00:00.000000Z,118010.0,118065.0,118010.0,118024.0,48.742
2025-07-19T02:01:00.000000Z,118024.1,118043.0,118024.0,118035.5,27.891
2025-07-19T02:02:00.000000Z,118035.5,118047.2,118012.1,118047.2,30.056
2025-07-19T02:03:00.000000Z,118047.2,118059.8,118043.0,118059.8,44.688
2025-07-19T02:04:00.000000Z,118059.7,118059.8,117924.2,117924.3,68.821
2025-07-19T02:05:00.000000Z,117924.2,117964.3,117886.4,117956.7,104.138
2025-07-19T02:06:00.000000Z,117956.7,117956.7,117915.7,117915.8,17.163
2025-07-19T02:07:00.000000Z,117915.8,118009.7,117915.7,118009.6,17.811
2025-07-19T02:08:00.000000Z,118009.7,118009.7,117965.2,117972.7,30.873
2025-07-19T02:09:00.000000Z,117972.7,117994.0,117957.9,117957.9,24.27
2025-07-19T02:10:00.000000Z,117957.9,117977.1,117943.7,117970.6,21.064
2025-07-19T02:11:00.000000Z,117970.6,117988.0,117970.5,117987.9,5.187
2025-07-19T02:12:00.000000Z,117988.0,117988.0,117948.6,117972.4,16.423
2025-07-19T02:13:00.000000Z,117972.3,118007.8,117945.5,117989.7,55.901
2025-07-19T02:14:00.000000Z,117989.8,118009.0,117981.9,118009.0,8.019
2025-07-19T02:15:00.000000Z,118008.9,118009.0,117968.1,117968.1,14.198
2025-07-19T02:16:00.000000Z,117968.1,117968.2,117933.3,117955.8,30.047
2025-07-19T02:17:00.000000Z,117955.8,117996.0,117955.7,117996.0,11.993
2025-07-19T02:18:00.000000Z,117996.0,118000.0,117971.3,117999.9,18.818
2025-07-19T02:19:00.000000Z,117999.9,118064.2,117999.9,118053.6,36.452
2025-07-19T02:20:00.000000Z,118053.5,118060.6,117990.3,118006.7,127.827
2025-07-19T02:21:00.000000Z,118006.6,118065.0,118006.6,118044.0,23.677
2025-07-19T02:22:00.000000Z,118044.0,118065.0,118032.3,118065.0,18.568
2025-07-19T02:23:00.000000Z,118064.9,118065.0,118030.7,118030.7,24.263
2025-07-19T02:24:00.000000Z,118030.7,118056.5,118026.0,118041.0,52.391
2025-07-19T02:25:00.000000Z,118041.1,118041.1,117984.9,118003.9,56.31
2025-07-19T02:26:00.000000Z,118003.9,118009.6,117976.0,117976.1,25.952
2025-07-19T02:27:00.000000Z,117976.0,118004.6,117976.0,118004.5,7.977
2025-07-19T02:28:00.000000Z,118004.6,118023.8,117954.5,117988.2,48.569
2025-07-19T02:29:00.000000Z,117988.6,117988.6,117952.8,117957.7,43.066
2025-07-19T02:30:00.000000Z,117957.6,118040.0,117957.6,118017.5,14.241
2025-07-19T02:31:00.000000Z,118017.5,118045.2,118017.3,118045.2,32.073
2025-07-19T02:32:00.000000Z,118045.2,118069.7,118033.2,118069.7,34.273
2025-07-19T02:33:00.000000Z,118069.6,118069.7,118027.5,118038.9,25.853
2025-07-19T02:34:00.000000Z,118038.8,118068.8,118020.0,118068.8,21.513
2025-07-19T02:35:00.000000Z,118068.8,118135.8,118068.8,118135.8,160.437
2025-07-19T02:36:00.000000Z,118135.8,118205.5,118135.0,118137.5,355.949
2025-07-19T02:37:00.000000Z,118137.4,118137.5,118050.4,118050.4,90.469
2025-07-19T02:38:00.000000Z,118050.4,118081.6,118050.4,118079.0,23.339
2025-07-19T02:39:00.000000Z,118079.0,118079.1,118063.9,118063.9,11.5
2025-07-19T02:40:00.000000Z,118064.0,118095.0,118051.4,118051.4,36.303
2025-07-19T02:41:00.000000Z,118051.4,118099.9,118051.4,118099.9,9.319
2025-07-19T02:42:00.000000Z,118099.9,118140.0,118099.9,118139.9,24.407
2025-07-19T02:43:00.000000Z,118139.9,118139.9,118091.4,118094.8,48.926
2025-07-19T02:44:00.000000Z,118094.8,118119.2,118070.3,118119.1,93.459
2025-07-19T02:45:00.000000Z,118119.2,118146.3,118108.8,118120.7,29.588
2025-07-19T02:46:00.000000Z,118120.8,118178.0,118104.7,118173.7,42.972
2025-07-19T02:47:00.000000Z,118173.6,118198.0,118173.6,118198.0,20.015
2025-07-19T02:48:00.000000Z,118197.9,118198.0,118181.1,118192.9,42.13
2025-07-19T02:49:00.000000Z,118193.0,118193.0,118154.2,118165.0,72.048
2025-07-19T02:50:00.000000Z,118165.5,118185.0,118165.5,118184.9,22.924
2025-07-19T02:51:00.000000Z,118185.0,118205.0,118184.9,118189.5,53.756
2025-07-19T02:52:00.000000Z,118189.5,118205.0,118189.4,118204.9,17.809
2025-07-19T02:53:00.000000Z,118205.0,118230.7,118204.9,118218.1,56.232
2025-07-19T02:54:00.000000Z,118218.1,118240.2,118218.1,118234.3,28.301
2025-07-19T02:55:00.000000Z,118234.2,118275.0,118234.2,118263.5,85.615
2025-07-19T02:56:00.000000Z,118263.2,118263.3,118251.4,118251.4,27.656
2025-07-19T02:57:00.000000Z,118251.5,118251.5,118144.5,118144.5,80.685
2025-07-19T02:58:00.000000Z,118144.6,118187.5,118144.4,118154.9,126.61
2025-07-19T02:59:00.000000Z,118154.8,118190.6,118154.8,118176.7,55.082
2025-07-19T03:00:00.000000Z,118176.7,118190.0,118176.6,118182.3,18.738
2025-07-19T03:01:00.000000Z,118182.3,118190.0,118162.5,118180.5,29.25
2025-07-19T03:02:00.000000Z,118180.5,118180.6,118138.3,118139.9,62.102
2025-07-19T03:03:00.000000Z,118140.0,118151.7,118139.9,118150.9,41.123
2025-07-19T03:04:00.000000Z,118150.9,118151.0,118150.9,118151.0,4.9
2025-07-19T03:05:00.000000Z,118151.0,118186.2,118150.9,118174.9,40.191
2025-07-19T03:06:00.000000Z,118175.0,118182.5,118162.3,118165.7,26.072
2025-07-19T03:07:00.000000Z,118165.7,118165.7,118165.6,118165.6,15.97
2025-07-19T03:08:00.000000Z,118165.6,118165.7,118137.6,118137.6,25.945
2025-07-19T03:09:00.000000Z,118137.7,118137.7,118088.0,118116.8,56.81
2025-07-19T03:10:00.000000Z,118116.8,118123.9,118116.7,118119.9,22.866
2025-07-19T03:11:00.000000Z,118119.9,118129.9,118119.8,118129.9,10.39
2025-07-19T03:12:00.000000Z,118129.9,118160.2,118129.8,118154.3,18.276
2025-07-19T03:13:00.000000Z,118154.2,118184.0,118154.2,118159.2,23.676
2025-07-19T03:14:00.000000Z,118159.3,118184.1,118159.2,118184.1,25.891
2025-07-19T03:15:00.000000Z,118184.1,118213.5,118163.9,118163.9,72.212
2025-07-19T03:16:00.000000Z,118163.9,118169.5,118160.3,118160.4,27.672
2025-07-19T03:17:00.000000Z,118160.3,118211.0,118160.3,118204.3,39.919
2025-07-19T03:18:00.000000Z,118204.2,118204.3,118170.9,118170.9,23.684
2025-07-19T03:19:00.000000Z,118170.9,118195.5,118160.4,118195.5,38.448
2025-07-19T03:20:00.000000Z,118195.5,118234.8,118195.4,118215.1,34.908
2025-07-19T03:21:00.000000Z,118215.1,118227.9,118200.0,118220.1,37.164
2025-07-19T03:22:00.000000Z,118220.1,118220.1,118200.1,118213.9,27.176
2025-07-19T03:23:00.000000Z,118213.9,118216.1,118202.0,118216.1,14.598
2025-07-19T03:24:00.000000Z,118216.0,118286.4,118216.0,118252.6,129.544
2025-07-19T03:25:00.000000Z,118252.6,118259.6,118228.8,118256.3,41.037
2025-07-19T03:26:00.000000Z,118256.4,118256.4,118250.3,118250.4,7.628
2025-07-19T03:27:00.000000Z,118250.4,118250.4,118234.1,118234.2,21.325
2025-07-19T03:28:00.000000Z,118234.1,118234.2,118234.1,118234.2,20.162
2025-07-19T03:29:00.000000Z,118234.2,118234.2,118224.3,118224.3,23.489
2025-07-19T03:30:00.000000Z,118224.4,118224.4,118192.5,118192.5,73.844
2025-07-19T03:31:00.000000Z,118192.5,118224.1,118187.8,118216.7,82.049
2025-07-19T03:32:00.000000Z,118216.6,118216.7,118216.6,118216.6,10.234
2025-07-19T03:33:00.000000Z,118216.6,118260.0,118216.6,118243.1,34.824
2025-07-19T03:34:00.000000Z,118243.1,118243.1,118243.0,118243.1,9.983
2025-07-19T03:35:00.000000Z,118243.1,118243.1,118217.5,118217.6,18.168
2025-07-19T03:36:00.000000Z,118217.5,118242.9,118217.5,118230.7,24.914
2025-07-19T03:37:00.000000Z,118230.7,118320.0,118230.6,118316.5,217.455
2025-07-19T03:38:00.000000Z,118316.5,118319.8,118297.3,118297.8,60.565
2025-07-19T03:39:00.000000Z,118297.9,118319.0,118297.8,118308.2,36.752
2025-07-19T03:40:00.000000Z,118308.3,118333.0,118308.3,118332.9,39.972
2025-07-19T03:41:00.000000Z,118332.9,118340.7,118326.4,118327.5,66.777
2025-07-19T03:42:00.000000Z,118327.5,118327.5,118306.3,118306.3,26.908
2025-07-19T03:43:00.000000Z,118306.3,118306.4,118260.5,118292.5,120.71
2025-07-19T03:44:00.000000Z,118292.5,118292.5,118264.9,118265.1,19.667
2025-07-19T03:45:00.000000Z,118265.0,118312.3,118265.0,118305.8,40.762
2025-07-19T03:46:00.000000Z,118305.9,118305.9,118282.8,118300.0,18.734
2025-07-19T03:47:00.000000Z,118300.1,118300.1,118297.1,118297.1,10.34
2025-07-19T03:48:00.000000Z,118297.1,118297.2,118265.0,118276.9,29.554
2025-07-19T03:49:00.000000Z,118277.0,118277.0,118245.6,118245.7,14.958
2025-07-19T03:50:00.000000Z,118245.6,118245.7,118193.1,118193.1,26.224
2025-07-19T03:51:00.000000Z,118193.1,118208.8,118160.4,118195.0,163.352
2025-07-19T03:52:00.000000Z,118195.1,118208.7,118195.0,118208.6,15.463
2025-07-19T03:53:00.000000Z,118208.5,118208.6,118200.3,118208.3,16.268
2025-07-19T03:54:00.000000Z,118208.4,118230.0,118208.3,118228.2,30.224
2025-07-19T03:55:00.000000Z,118228.3,118251.4,118228.2,118245.5,45.098
2025-07-19T03:56:00.000000Z,118245.5,118286.9,118240.6,118255.7,68.939
2025-07-19T03:57:00.000000Z,118255.6,118255.6,118248.8,118252.0,15.98
2025-07-19T03:58:00.000000Z,118252.1,118293.9,118252.0,118293.9,35.505
2025-07-19T03:59:00.000000Z,118293.9,118295.3,118293.8,118295.2,21.74
2025-07-19T04:00:00.000000Z,118295.3,118304.1,118257.3,118257.3,56.179
2025-07-19T04:01:00.000000Z,118257.4,118257.4,118231.4,118233.2,35.323
2025-07-19T04:02:00.000000Z,118233.1,118233.2,118228.0,118228.0,28.704
2025-07-19T04:03:00.000000Z,118228.0,118228.1,118206.4,118228.1,42.035
2025-07-19T04:04:00.000000Z,118228.1,118270.0,118228.0,118262.5,21.098
2025-07-19T04:05:00.000000Z,118262.5,118305.0,118262.4,118305.0,58.328
2025-07-19T04:06:00.000000Z,118305.0,118319.0,118283.0,118283.0,63.552
2025-07-19T04:07:00.000000Z,118283.0,118283.1,118258.7,118258.7,63.916
2025-07-19T04:08:00.000000Z,118258.7,118300.8,118250.0,118289.9,44.38
2025-07-19T04:09:00.000000Z,118289.9,118319.7,118283.0,118319.6,32.944
2025-07-19T04:10:00.000000Z,118319.6,118337.5,118289.8,118289.8,33.498
2025-07-19T04:11:00.000000Z,118289.9,118289.9,118280.4,118280.4,15.39
2025-07-19T04:12:00.000000Z,118280.4,118280.5,118270.2,118270.2,15.199
2025-07-19T04:13:00.000000Z,118270.0,118305.0,118260.4,118304.9,46.196
2025-07-19T04:14:00.000000Z,118304.9,118319.2,118304.9,118319.2,16.51
2025-07-19T04:15:00.000000Z,118319.1,118333.4,118315.0,118319.4,36.495
2025-07-19T04:16:00.000000Z,118319.3,118319.4,118319.3,118319.4,14.698
2025-07-19T04:17:00.000000Z,118319.3,118319.3,118280.5,118280.5,29.125
2025-07-19T04:18:00.000000Z,118280.5,118280.6,118206.8,118259.4,186.784
2025-07-19T04:19:00.000000Z,118259.4,118276.0,118234.7,118234.7,22.829
2025-07-19T04:20:00.000000Z,118234.7,118258.7,118234.7,118240.6,16.862
2025-07-19T04:21:00.000000Z,118240.5,118265.5,118240.5,118241.0,24.49
2025-07-19T04:22:00.000000Z,118241.0,118241.1,118241.0,118241.0,7.951
2025-07-19T04:23:00.000000Z,118241.0,118253.4,118199.8,118201.5,54.761
2025-07-19T04:24:00.000000Z,118201.5,118205.0,118201.5,118205.0,21.046
2025-07-19T04:25:00.000000Z,118204.9,118205.0,118201.1,118201.2,17.893
2025-07-19T04:26:00.000000Z,118201.1,118201.2,118180.8,118187.7,31.196
2025-07-19T04:27:00.000000Z,118187.7,118187.7,118181.3,118187.6,28.485
2025-07-19T04:28:00.000000Z,118187.7,118187.7,118171.4,118171.5,16.11
2025-07-19T04:29:00.000000Z,118171.5,118171.5,118171.4,118171.4,21.376
2025-07-19T04:30:00.000000Z,118171.5,118206.0,118171.4,118206.0,47.365
2025-07-19T04:31:00.000000Z,118205.9,118245.3,118205.9,118245.2,34.689
2025-07-19T04:32:00.000000Z,118245.3,118250.0,118245.2,118250.0,10.699
2025-07-19T04:33:00.000000Z,118249.9,118275.6,118249.9,118275.5,17.459
2025-07-19T04:34:00.000000Z,118275.6,118283.7,118275.5,118283.6,7.802
2025-07-19T04:35:00.000000Z,118283.7,118300.0,118275.5,118283.7,41.817
2025-07-19T04:36:00.000000Z,118283.7,118283.7,118232.3,118232.3,19.891
2025-07-19T04:37:00.000000Z,118232.3,118232.4,118200.0,118200.0,26.773
2025-07-19T04:38:00.000000Z,118200.0,118200.1,118130.4,118130.4,47.231
2025-07-19T04:39:00.000000Z,118130.4,118192.7,118130.4,118192.6,50.586
2025-07-19T04:40:00.000000Z,118192.6,118233.0,118192.6,118221.1,20.297
2025-07-19T04:41:00.000000Z,118221.1,118221.2,118221.1,118221.1,12.036
2025-07-19T04:42:00.000000Z,118221.2,118221.2,118197.4,118203.3,12.742
2025-07-19T04:43:00.000000Z,118203.3,118206.8,118197.5,118206.8,18.784
2025-07-19T04:44:00.000000Z,118206.7,118206.7,118137.5,118137.5,20.319
2025-07-19T04:45:00.000000Z,118137.5,118137.6,118063.4,118082.6,77.978
2025-07-19T04:46:00.000000Z,118082.6,118136.5,118070.0,118136.5,48.796
2025-07-19T04:47:00.000000Z,118136.4,118136.5,118083.2,118083.2,21.791
2025-07-19T04:48:00.000000Z,118083.3,118083.3,118064.1,118064.1,33.528
2025-07-19T04:49:00.000000Z,118064.2,118095.9,118064.1,118095.8,46.35
2025-07-19T04:50:00.000000Z,118095.9,118126.1,118095.8,118126.1,16.026
2025-07-19T04:51:00.000000Z,118126.1,118126.1,118126.0,118126.0,5.751
2025-07-19T04:52:00.000000Z,118126.0,118146.6,118117.1,118146.6,28.795
2025-07-19T04:53:00.000000Z,118146.6,118170.0,118146.5,118151.3,21.893
2025-07-19T04:54:00.000000Z,118151.2,118151.2,118142.3,118142.4,6.47
2025-07-19T04:55:00.000000Z,118142.3,118142.4,118120.0,118120.1,49.421
2025-07-19T04:56:00.000000Z,118120.0,118120.1,118084.8,118084.8,21.606
2025-07-19T04:57:00.000000Z,118084.9,118118.6,118084.8,118104.3,28.052
2025-07-19T04:58:00.000000Z,118104.4,118104.4,118104.3,118104.4,3.059
2025-07-19T04:59:00.000000Z,118104.3,118104.4,118104.3,118104.3,7.113
2025-07-19T05:00:00.000000Z,118104.3,118155.0,118104.3,118154.9,15.278
2025-07-19T05:01:00.000000Z,118155.0,118155.0,118147.7,118147.8,18.497
2025-07-19T05:02:00.000000Z,118147.7,118147.8,118124.0,118124.0,19.571
2025-07-19T05:03:00.000000Z,118124.0,118124.1,118090.9,118113.6,10.948
2025-07-19T05:04:00.000000Z,118113.5,118131.6,118113.5,118131.5,11.224
2025-07-19T05:05:00.000000Z,118131.6,118131.6,118092.7,118092.7,19.994
2025-07-19T05:06:00.000000Z,118092.8,118093.5,118092.8,118093.4,11.182
2025-07-19T05:07:00.000000Z,118093.4,118113.7,118093.4,118113.6,12.714
2025-07-19T05:08:00.000000Z,118113.6,118113.7,118060.7,118060.7,28.47
2025-07-19T05:09:00.000000Z,118060.7,118060.8,118060.7,118060.8,9.488
2025-07-19T05:10:00.000000Z,118060.7,118060.8,118057.0,118057.0,22.383
2025-07-19T05:11:00.000000Z,118057.0,118057.1,118013.2,118044.3,57.983
2025-07-19T05:12:00.000000Z,118044.3,118060.8,118044.2,118060.7,21.498
2025-07-19T05:13:00.000000Z,118060.7,118060.8,118060.6,118060.7,16.304
2025-07-19T05:14:00.000000Z,118060.6,118068.8,118050.2,118051.1,48.84
2025-07-19T05:15:00.000000Z,118051.1,118051.2,118051.1,118051.1,11.839
2025-07-19T05:16:00.000000Z,118051.2,118059.3,118020.0,118059.2,34.341
2025-07-19T05:17:00.000000Z,118059.3,118100.0,118059.2,118100.0,23.155
2025-07-19T05:18:00.000000Z,118100.0,118102.1,118075.2,118075.2,21.841
2025-07-19T05:19:00.000000Z,118075.3,118075.3,118058.2,118075.2,19.18
2025-07-19T05:20:00.000000Z,118075.3,118111.3,118075.2,118111.3,9.208
2025-07-19T05:21:00.000000Z,118111.3,118115.0,118070.8,118070.8,35.476
2025-07-19T05:22:00.000000Z,118070.9,118070.9,118070.8,118070.9,5.484
2025-07-19T05:23:00.000000Z,118070.9,118094.0,118070.8,118085.8,27.107
2025-07-19T05:24:00.000000Z,118085.8,118088.0,118064.6,118088.0,22.048
2025-07-19T05:25:00.000000Z,118088.0,118096.0,118087.9,118095.9,8.296
2025-07-19T05:26:00.000000Z,118095.9,118096.0,118072.6,118072.6,19.291
2025-07-19T05:27:00.000000Z,118072.7,118113.6,118072.7,118113.5,15.162
2025-07-19T05:28:00.000000Z,118113.6,118113.6,118107.1,118107.2,10.692
2025-07-19T05:29:00.000000Z,118107.2,118107.2,118107.1,118107.1,4.808
2025-07-19T05:30:00.000000Z,118107.2,118107.2,118086.2,118086.2,14.768
2025-07-19T05:31:00.000000Z,118086.3,118107.2,118086.2,118107.2,28.368
2025-07-19T05:32:00.000000Z,118107.2,118140.4,118107.2,118140.4,23.849
2025-07-19T05:33:00.000000Z,118140.4,118150.2,118140.3,118150.2,26.765
2025-07-19T05:34:00.000000Z,118150.2,118160.0,118150.2,118160.0,9.833
2025-07-19T05:35:00.000000Z,118160.0,118182.0,118159.9,118182.0,26.926
2025-07-19T05:36:00.000000Z,118181.9,118197.0,118163.7,118186.1,68.517
2025-07-19T05:37:00.000000Z,118186.1,118203.3,118186.1,118203.2,30.508
2025-07-19T05:38:00.000000Z,118203.2,118203.2,118203.1,118203.2,8.721
2025-07-19T05:39:00.000000Z,118203.2,118230.6,118203.1,118214.6,53.462
2025-07-19T05:40:00.000000Z,118214.6,118214.6,118189.5,118189.5,43.027
2025-07-19T05:41:00.000000Z,118189.6,118228.2,118189.5,118228.2,17.677
2025-07-19T05:42:00.000000Z,118228.1,118256.7,118228.1,118249.1,19.2
2025-07-19T05:43:00.000000Z,118249.0,118249.1,118231.0,118237.6,15.915
2025-07-19T05:44:00.000000Z,118237.6,118256.9,118237.6,118253.3,29.3
2025-07-19T05:45:00.000000Z,118253.4,118253.4,118225.3,118225.3,20.237
2025-07-19T05:46:00.000000Z,118225.3,118225.4,118193.1,118196.5,22.306
2025-07-19T05:47:00.000000Z,118196.5,118255.8,118187.1,118255.8,127.133
2025-07-19T05:48:00.000000Z,118255.8,118264.0,118220.7,118220.8,24.984
2025-07-19T05:49:00.000000Z,118220.7,118220.8,118196.7,118210.9,24.228
2025-07-19T05:50:00.000000Z,118210.9,118211.0,118183.9,118183.9,27.365
2025-07-19T05:51:00.000000Z,118183.9,118184.0,118167.8,118167.9,55.57
2025-07-19T05:52:00.000000Z,118167.9,118167.9,118158.8,118158.9,23.807
2025-07-19T05:53:00.000000Z,118158.8,118196.0,118158.8,118196.0,24.762
2025-07-19T05:54:00.000000Z,118196.0,118196.0,118179.1,118179.2,9.687
2025-07-19T05:55:00.000000Z,118179.2,118190.0,118179.1,118190.0,11.838
2025-07-19T05:56:00.000000Z,118190.0,118195.8,118190.0,118195.8,9.181
2025-07-19T05:57:00.000000Z,118195.7,118195.8,118190.4,118190.5,7.176
2025-07-19T05:58:00.000000Z,118190.4,118190.5,118190.4,118190.5,6.713
2025-07-19T05:59:00.000000Z,118190.5,118190.5,118173.9,118174.0,13.896
2025-07-19T06:00:00.000000Z,118173.9,118173.9,118167.8,118167.9,30.594
2025-07-19T06:01:00.000000Z,118167.9,118167.9,118155.2,118155.4,18.831
2025-07-19T06:02:00.000000Z,118155.3,118178.6,118152.0,118162.8,167.811
2025-07-19T06:03:00.000000Z,118162.8,118195.8,118162.7,118195.8,17.057
2025-07-19T06:04:00.000000Z,118195.8,118195.8,118174.5,118174.6,11.656
2025-07-19T06:05:00.000000Z,118174.5,118186.3,118169.3,118186.3,24.555
2025-07-19T06:06:00.000000Z,118186.3,118195.3,118186.2,118195.3,3.631
2025-07-19T06:07:00.000000Z,118195.3,118212.9,118195.3,118212.9,8.655
2025-07-19T06:08:00.000000Z,118212.9,118212.9,118212.8,118212.9,6.65
2025-07-19T06:09:00.000000Z,118212.9,118244.1,118212.8,118244.0,9.166
2025-07-19T06:10:00.000000Z,118244.1,118244.1,118244.0,118244.1,13.291
2025-07-19T06:11:00.000000Z,118244.0,118244.1,118216.0,118216.1,17.725
2025-07-19T06:12:00.000000Z,118216.0,118216.1,118216.0,118216.0,10.235
2025-07-19T06:13:00.000000Z,118216.1,118216.1,118215.7,118215.8,8.841
2025-07-19T06:14:00.000000Z,118215.8,118215.8,118179.1,118179.1,14.363
2025-07-19T06:15:00.000000Z,118179.1,118179.2,118179.1,118179.1,5.292
2025-07-19T06:16:00.000000Z,118179.1,118179.2,118146.2,118146.2,23.13
2025-07-19T06:17:00.000000Z,118146.2,118164.5,118128.0,118164.5,52.69
2025-07-19T06:18:00.000000Z,118164.5,118164.5,118164.4,118164.4,6.275
2025-07-19T06:19:00.000000Z,118164.5,118170.0,118137.2,118169.0,50.427
2025-07-19T06:20:00.000000Z,118169.0,118176.3,118169.0,118176.3,10.79
2025-07-19T06:21:00.000000Z,118176.3,118176.3,118138.7,118138.7,17.744
2025-07-19T06:22:00.000000Z,118138.7,118150.0,118128.0,118150.0,19.01
2025-07-19T06:23:00.000000Z,118150.0,118150.0,118149.9,118149.9,7.715
2025-07-19T06:24:00.000000Z,118149.9,118150.0,118116.6,118123.9,32.014
2025-07-19T06:25:00.000000Z,118123.9,118150.0,118123.8,118135.0,43.073
2025-07-19T06:26:00.000000Z,118135.0,118135.0,118134.2,118134.2,3.811
2025-07-19T06:27:00.000000Z,118134.3,118134.3,118104.6,118104.7,17.448
2025-07-19T06:28:00.000000Z,118104.7,118112.6,118070.6,118070.8,82.421
2025-07-19T06:29:00.000000Z,118070.8,118070.8,118034.8,118034.8,41.091
2025-07-19T06:30:00.000000Z,118034.8,118052.1,118034.8,118052.1,44.264
2025-07-19T06:31:00.000000Z,118052.1,118080.8,118052.0,118080.8,33.211
2025-07-19T06:32:00.000000Z,118080.8,118080.8,118040.1,118040.2,46.607
2025-07-19T06:33:00.000000Z,118040.2,118057.7,118039.9,118057.7,19.426
2025-07-19T06:34:00.000000Z,118057.6,118115.3,118057.6,118115.3,33.605
2025-07-19T06:35:00.000000Z,118115.4,118125.3,118115.4,118125.3,6.817
2025-07-19T06:36:00.000000Z,118125.2,118129.2,118125.2,118129.2,5.408
2025-07-19T06:37:00.000000Z,118129.2,118129.2,118120.1,118120.2,25.231
2025-07-19T06:38:00.000000Z,118120.2,118131.2,118120.1,118131.2,7.072
2025-07-19T06:39:00.000000Z,118131.2,118131.2,118131.1,118131.2,7.323
2025-07-19T06:40:00.000000Z,118131.2,118131.2,118073.0,118073.0,32.278
2025-07-19T06:41:00.000000Z,118073.0,118073.1,118061.3,118061.4,6.257
2025-07-19T06:42:00.000000Z,118061.3,118061.4,118050.0,118050.1,11.918
2025-07-19T06:43:00.000000Z,118050.0,118064.7,118047.0,118064.7,17.764
2025-07-19T06:44:00.000000Z,118064.7,118071.2,118064.6,118071.2,5.976
2025-07-19T06:45:00.000000Z,118071.1,118100.7,118071.1,118100.7,14.098
2025-07-19T06:46:00.000000Z,118100.7,118114.2,118100.6,118114.2,6.731
2025-07-19T06:47:00.000000Z,118114.1,118114.2,118101.9,118102.0,10.494
2025-07-19T06:48:00.000000Z,118102.0,118102.0,118101.9,118102.0,5.069
2025-07-19T06:49:00.000000Z,118102.0,118108.0,118101.9,118108.0,10.707
2025-07-19T06:50:00.000000Z,118108.0,118131.1,118107.9,118131.1,6.731
2025-07-19T06:51:00.000000Z,118131.1,118131.1,118125.8,118125.8,18.837
2025-07-19T06:52:00.000000Z,118125.9,118125.9,118125.8,118125.8,2.852
2025-07-19T06:53:00.000000Z,118125.8,118125.9,118125.8,118125.9,5.69
2025-07-19T06:54:00.000000Z,118125.9,118125.9,118100.7,118100.8,26.947
2025-07-19T06:55:00.000000Z,118100.8,118116.6,118100.7,118116.6,7.395
2025-07-19T06:56:00.000000Z,118116.6,118119.0,118116.5,118119.0,5.365
2025-07-19T06:57:00.000000Z,118119.0,118147.8,118119.0,118147.8,5.926
2025-07-19T06:58:00.000000Z,118147.8,118147.8,118136.5,118136.7,25.602
2025-07-19T06:59:00.000000Z,118136.8,118136.9,118136.7,118136.9,9.323
2025-07-19T07:00:00.000000Z,118136.9,118150.0,118136.8,118150.0,7.903
2025-07-19T07:01:00.000000Z,118150.0,118171.7,118149.9,118170.8,14.81
2025-07-19T07:02:00.000000Z,118170.8,118170.8,118170.7,118170.8,4.963
2025-07-19T07:03:00.000000Z,118170.8,118170.8,118170.7,118170.8,4.16
2025-07-19T07:04:00.000000Z,118170.8,118183.7,118170.7,118183.7,15.474
2025-07-19T07:05:00.000000Z,118183.7,118207.9,118183.6,118206.9,50.751
2025-07-19T07:06:00.000000Z,118207.0,118207.0,118206.9,118207.0,10.636
2025-07-19T07:07:00.000000Z,118207.0,118208.2,118200.2,118208.2,40.259
2025-07-19T07:08:00.000000Z,118208.2,118224.8,118208.1,118224.8,23.871
2025-07-19T07:09:00.000000Z,118224.8,118224.8,118224.7,118224.7,13.431
2025-07-19T07:10:00.000000Z,118224.7,118224.8,118224.7,118224.8,4.433
2025-07-19T07:11:00.000000Z,118224.8,118224.8,118209.4,118209.5,22.186
2025-07-19T07:12:00.000000Z,118209.5,118209.5,118179.9,118208.7,32.16
2025-07-19T07:13:00.000000Z,118208.8,118229.7,118208.7,118225.1,34.968
2025-07-19T07:14:00.000000Z,118225.1,118225.1,118225.0,118225.1,8.977
2025-07-19T07:15:00.000000Z,118225.1,118225.1,118225.0,118225.1,4.606
2025-07-19T07:16:00.000000Z,118225.1,118225.1,118225.0,118225.1,10.735
2025-07-19T07:17:00.000000Z,118225.1,118225.1,118218.1,118218.1,7.932
2025-07-19T07:18:00.000000Z,118218.1,118241.5,118218.1,118241.5,23.831
2025-07-19T07:19:00.000000Z,118241.5,118261.9,118241.5,118261.9,18.926
2025-07-19T07:20:00.000000Z,118261.9,118261.9,118261.8,118261.9,8.066
2025-07-19T07:21:00.000000Z,118261.8,118261.9,118261.8,118261.8,14.284
2025-07-19T07:22:00.000000Z,118261.8,118273.0,118261.8,118272.9,18.021
2025-07-19T07:23:00.000000Z,118272.9,118297.4,118272.9,118297.4,27.684
2025-07-19T07:24:00.000000Z,118297.4,118299.1,118297.3,118299.0,11.296
2025-07-19T07:25:00.000000Z,118299.1,118300.0,118282.6,118282.7,26.43
2025-07-19T07:26:00.000000Z,118282.6,118282.7,118254.5,118254.6,19.389
2025-07-19T07:27:00.000000Z,118254.5,118254.6,118254.5,118254.6,4.85
2025-07-19T07:28:00.000000Z,118254.5,118254.6,118219.9,118219.9,59.988
2025-07-19T07:29:00.000000Z,118219.9,118245.0,118219.9,118244.9,20.107
2025-07-19T07:30:00.000000Z,118245.0,118252.2,118222.0,118222.0,18.283
2025-07-19T07:31:00.000000Z,118222.0,118222.1,118176.4,118176.5,38.889
2025-07-19T07:32:00.000000Z,118176.4,118181.5,118165.2,118173.3,14.106
2025-07-19T07:33:00.000000Z,118173.4,118190.8,118166.3,118190.7,14.708
2025-07-19T07:34:00.000000Z,118190.8,118190.8,118190.7,118190.7,5.34
2025-07-19T07:35:00.000000Z,118190.8,118190.8,118158.6,118158.6,21.461
2025-07-19T07:36:00.000000Z,118158.7,118172.8,118137.5,118172.7,27.745
2025-07-19T07:37:00.000000Z,118172.8,118172.8,118167.2,118167.2,12.963
2025-07-19T07:38:00.000000Z,118167.3,118187.6,118167.2,118187.6,37.883
2025-07-19T07:39:00.000000Z,118187.6,118190.8,118187.5,118190.8,20.161
2025-07-19T07:40:00.000000Z,118190.8,118190.8,118177.3,118177.4,9.65
2025-07-19T07:41:00.000000Z,118177.4,118177.4,118158.7,118158.7,10.418
2025-07-19T07:42:00.000000Z,118158.8,118158.8,118142.8,118142.8,14.859
2025-07-19T07:43:00.000000Z,118142.9,118150.4,118138.5,118150.3,17.146
2025-07-19T07:44:00.000000Z,118150.3,118150.4,118138.1,118138.1,14.291
2025-07-19T07:45:00.000000Z,118138.2,118178.4,118138.1,118178.4,15.363
2025-07-19T07:46:00.000000Z,118178.4,118178.4,118162.9,118162.9,11.763
2025-07-19T07:47:00.000000Z,118163.0,118163.0,118162.9,118162.9,11.92
2025-07-19T07:48:00.000000Z,118163.0,118163.0,118135.4,118135.4,68.27
2025-07-19T07:49:00.000000Z,118135.5,118153.5,118135.3,118153.4,22.713
2025-07-19T07:50:00.000000Z,118153.5,118155.6,118136.1,118155.5,49.307
2025-07-19T07:51:00.000000Z,118155.6,118159.4,118155.5,118159.4,5.127
2025-07-19T07:52:00.000000Z,118159.3,118159.4,118159.3,118159.3,8.921
2025-07-19T07:53:00.000000Z,118159.4,118159.4,118159.3,118159.3,11.259
2025-07-19T07:54:00.000000Z,118159.3,118159.4,118147.2,118147.2,8.076
2025-07-19T07:55:00.000000Z,118147.3,118147.3,118120.0,118120.0,17.722
2025-07-19T07:56:00.000000Z,118120.1,118120.1,118117.5,118117.5,8.526
2025-07-19T07:57:00.000000Z,118117.6,118135.0,118117.5,118135.0,36.589
2025-07-19T07:58:00.000000Z,118135.0,118135.0,118134.9,118135.0,7.025
2025-07-19T07:59:00.000000Z,118135.0,118135.0,118134.9,118135.0,6.432
2025-07-19T08:00:00.000000Z,118134.9,118152.2,118134.9,118152.1,13.396
2025-07-19T08:01:00.000000Z,118152.2,118152.2,118142.8,118152.2,24.631
2025-07-19T08:02:00.000000Z,118152.2,118152.2,118152.1,118152.1,6.561
2025-07-19T08:03:00.000000Z,118152.2,118177.6,118152.1,118177.5,17.838
2025-07-19T08:04:00.000000Z,118177.5,118225.4,118177.5,118224.8,34.343
2025-07-19T08:05:00.000000Z,118224.8,118229.0,118224.8,118228.9,8.206
2025-07-19T08:06:00.000000Z,118229.0,118239.4,118228.9,118233.8,21.673
2025-07-19T08:07:00.000000Z,118233.8,118233.9,118224.4,118224.5,18.153
2025-07-19T08:08:00.000000Z,118224.4,118224.5,118224.4,118224.4,8.35
2025-07-19T08:09:00.000000Z,118224.4,118224.5,118200.0,118200.1,17.832
2025-07-19T08:10:00.000000Z,118200.0,118200.1,118176.4,118176.4,8.673
2025-07-19T08:11:00.000000Z,118176.5,118176.5,118100.1,118104.2,81.103
2025-07-19T08:12:00.000000Z,118104.1,118104.2,118080.6,118080.6,62.385
2025-07-19T08:13:00.000000Z,118080.6,118080.6,118050.1,118069.0,70.521
2025-07-19T08:14:00.000000Z,118068.9,118069.0,118036.1,118036.2,48.134
2025-07-19T08:15:00.000000Z,118036.2,118066.2,118036.1,118057.3,64.639
2025-07-19T08:16:00.000000Z,118057.3,118057.3,118024.0,118024.1,76.912
2025-07-19T08:17:00.000000Z,118024.0,118057.2,118024.0,118057.2,63.454
2025-07-19T08:18:00.000000Z,118057.1,118063.1,118044.8,118053.0,33.199
2025-07-19T08:19:00.000000Z,118053.0,118053.0,118024.0,118024.0,164.63
2025-07-19T08:20:00.000000Z,118024.0,118050.0,118024.0,118050.0,32.794
2025-07-19T08:21:00.000000Z,118049.9,118069.0,118043.6,118069.0,42.893
2025-07-19T08:22:00.000000Z,118069.0,118098.5,118068.9,118098.5,41.321
2025-07-19T08:23:00.000000Z,118098.5,118098.5,118081.8,118084.1,24.234
2025-07-19T08:24:00.000000Z,118084.2,118084.2,118027.8,118027.8,47.677
2025-07-19T08:25:00.000000Z,118027.8,118047.1,118027.8,118047.1,33.435
2025-07-19T08:26:00.000000Z,118047.1,118068.3,118047.0,118068.3,10.056
2025-07-19T08:27:00.000000Z,118068.3,118068.3,118050.5,118050.5,26.169
2025-07-19T08:28:00.000000Z,118050.5,118068.7,118050.5,118068.7,13.08
2025-07-19T08:29:00.000000Z,118068.7,118068.7,118063.9,118063.9,7.471
2025-07-19T08:30:00.000000Z,118064.0,118064.0,118029.3,118029.3,22.776
2025-07-19T08:31:00.000000Z,118029.4,118029.6,118000.0,118000.0,103.383
2025-07-19T08:32:00.000000Z,118000.0,118035.4,117977.8,118022.4,78.965
2025-07-19T08:33:00.000000Z,118022.4,118022.4,117946.3,117978.1,117.087
2025-07-19T08:34:00.000000Z,117978.1,117978.2,117928.8,117928.8,48.835
2025-07-19T08:35:00.000000Z,117928.8,117969.0,117904.0,117969.0,80.082
2025-07-19T08:36:00.000000Z,117969.6,117989.9,117969.6,117985.8,31.044
2025-07-19T08:37:00.000000Z,117985.9,118018.0,117985.8,118018.0,20.793
2025-07-19T08:38:00.000000Z,118018.0,118022.0,118017.9,118021.9,12.337
2025-07-19T08:39:00.000000Z,118022.0,118022.0,118002.5,118021.0,27.127
2025-07-19T08:40:00.000000Z,118021.0,118056.3,118020.9,118038.4,26.46
2025-07-19T08:41:00.000000Z,118038.4,118038.4,118022.4,118022.4,10.659
2025-07-19T08:42:00.000000Z,118022.4,118022.5,118011.8,118015.9,15.618
2025-07-19T08:43:00.000000Z,118015.9,118040.3,118015.8,118040.3,11.499
2025-07-19T08:44:00.000000Z,118040.3,118063.2,118040.2,118063.2,6.092
2025-07-19T08:45:00.000000Z,118063.1,118063.2,118012.6,118012.6,17.561
2025-07-19T08:46:00.000000Z,118012.6,118062.1,118012.6,118062.1,16.189
2025-07-19T08:47:00.000000Z,118062.1,118076.9,118062.0,118062.1,14.812
2025-07-19T08:48:00.000000Z,118062.1,118084.2,118062.0,118084.2,12.404
2025-07-19T08:49:00.000000Z,118084.2,118117.5,118084.1,118106.3,37.917
2025-07-19T08:50:00.000000Z,118106.3,118106.3,118002.5,118035.4,102.731
2025-07-19T08:51:00.000000Z,118035.5,118035.5,117976.1,117976.2,36.788
2025-07-19T08:52:00.000000Z,117976.2,118009.1,117976.2,118005.3,44.032
2025-07-19T08:53:00.000000Z,118005.3,118005.3,117965.9,117965.9,22.509
2025-07-19T08:54:00.000000Z,117966.0,118032.0,117965.9,118032.0,31.298
2025-07-19T08:55:00.000000Z,118032.0,118085.2,118031.9,118085.1,20.472
2025-07-19T08:56:00.000000Z,118085.1,118097.5,118085.1,118097.5,28.462
2025-07-19T08:57:00.000000Z,118097.5,118110.0,118091.9,118104.1,43.728
2025-07-19T08:58:00.000000Z,118104.1,118140.0,118093.5,118095.4,76.75
2025-07-19T08:59:00.000000Z,118095.5,118095.5,118057.2,118057.2,17.579
2025-07-19T09:00:00.000000Z,118057.2,118065.0,118046.3,118046.4,25.381
2025-07-19T09:01:00.000000Z,118046.4,118075.1,118034.8,118067.9,47.73
2025-07-19T09:02:00.000000Z,118068.0,118068.0,118033.9,118048.4,42.804
2025-07-19T09:03:00.000000Z,118048.4,118076.2,118048.4,118076.2,16.851
2025-07-19T09:04:00.000000Z,118076.2,118076.2,118070.0,118070.1,12.164
2025-07-19T09:05:00.000000Z,118070.1,118088.0,118070.0,118087.9,18.155
2025-07-19T09:06:00.000000Z,118087.9,118099.8,118087.9,118099.8,21.136
2025-07-19T09:07:00.000000Z,118099.8,118113.8,118099.7,118113.8,15.89
2025-07-19T09:08:00.000000Z,118113.8,118126.8,118113.7,118126.8,14.867
2025-07-19T09:09:00.000000Z,118126.8,118145.3,118118.9,118118.9,38.708
2025-07-19T09:10:00.000000Z,118118.9,118119.0,118100.0,118100.0,18.065
2025-07-19T09:11:00.000000Z,118100.1,118128.6,118100.0,118128.5,9.803
2025-07-19T09:12:00.000000Z,118128.6,118128.6,118117.4,118117.5,13.818
2025-07-19T09:13:00.000000Z,118117.4,118126.4,118117.4,118126.4,17.309
2025-07-19T09:14:00.000000Z,118126.3,118126.3,118100.0,118100.1,24.401
2025-07-19T09:15:00.000000Z,118100.0,118115.7,118100.0,118103.8,12.205
2025-07-19T09:16:00.000000Z,118103.9,118131.8,118103.7,118131.8,12.434
2025-07-19T09:17:00.000000Z,118131.7,118131.8,118125.9,118125.9,10.752
2025-07-19T09:18:00.000000Z,118125.9,118131.8,118125.9,118125.9,11.886
2025-07-19T09:19:00.000000Z,118125.9,118126.0,118125.9,118126.0,2.743
2025-07-19T09:20:00.000000Z,118126.0,118126.0,118095.8,118118.6,22.613
2025-07-19T09:21:00.000000Z,118118.7,118153.8,118118.6,118136.4,31.899
2025-07-19T09:22:00.000000Z,118136.5,118136.5,118119.9,118136.2,11.118
2025-07-19T09:23:00.000000Z,118136.2,118157.0,118136.1,118157.0,16.376
2025-07-19T09:24:00.000000Z,118157.0,118169.2,118157.0,118169.2,11.445
2025-07-19T09:25:00.000000Z,118169.2,118169.2,118164.4,118164.4,18.01
2025-07-19T09:26:00.000000Z,118164.4,118169.0,118164.4,118168.9,9.573
2025-07-19T09:27:00.000000Z,118169.0,118190.0,118168.9,118184.2,20.73
2025-07-19T09:28:00.000000Z,118184.2,118212.3,118184.1,118197.0,39.71
2025-07-19T09:29:00.000000Z,118197.0,118197.1,118172.6,118172.7,20.689
2025-07-19T09:30:00.000000Z,118172.6,118216.7,118155.5,118216.7,31.266
2025-07-19T09:31:00.000000Z,118216.6,118216.7,118207.0,118207.1,22.958
2025-07-19T09:32:00.000000Z,118207.1,118213.4,118206.9,118206.9,33.565
2025-07-19T09:33:00.000000Z,118207.0,118207.0,118206.9,118206.9,7.93
2025-07-19T09:34:00.000000Z,118206.9,118206.9,118193.5,118193.5,27.405
2025-07-19T09:35:00.000000Z,118193.6,118215.0,118193.5,118214.9,29.065
2025-07-19T09:36:00.000000Z,118214.9,118230.7,118214.9,118230.7,23.086
2025-07-19T09:37:00.000000Z,118230.6,118230.7,118224.8,118224.8,24.014
2025-07-19T09:38:00.000000Z,118224.9,118230.0,118224.8,118230.0,7.763
2025-07-19T09:39:00.000000Z,118229.9,118262.4,118229.9,118230.0,83.688
2025-07-19T09:40:00.000000Z,118230.0,118253.8,118229.9,118253.7,22.569
2025-07-19T09:41:00.000000Z,118253.8,118270.0,118251.8,118251.9,39.248
2025-07-19T09:42:00.000000Z,118251.8,118275.0,118242.8,118275.0,49.432
2025-07-19T09:43:00.000000Z,118274.9,118275.0,118274.9,118274.9,12.84
2025-07-19T09:44:00.000000Z,118275.0,118277.5,118274.9,118277.5,11.137
2025-07-19T09:45:00.000000Z,118277.4,118277.5,118277.4,118277.4,19.821
2025-07-19T09:46:00.000000Z,118277.4,118277.5,118277.4,118277.4,22.91
2025-07-19T09:47:00.000000Z,118277.4,118277.5,118277.4,118277.5,10.453
2025-07-19T09:48:00.000000Z,118277.4,118300.0,118277.4,118299.9,54.43
2025-07-19T09:49:00.000000Z,118299.9,118300.0,118294.1,118294.2,20.282
2025-07-19T09:50:00.000000Z,118294.1,118294.2,118241.6,118241.6,56.081
2025-07-19T09:51:00.000000Z,118241.6,118241.7,118214.9,118214.9,38.145
2025-07-19T09:52:00.000000Z,118214.9,118215.0,118182.9,118183.0,25.803
2025-07-19T09:53:00.000000Z,118182.9,118209.5,118182.8,118190.1,22.034
2025-07-19T09:54:00.000000Z,118190.1,118190.2,118173.1,118173.1,23.35
2025-07-19T09:55:00.000000Z,118173.2,118191.8,118158.3,118191.7,39.264
2025-07-19T09:56:00.000000Z,118191.8,118191.8,118175.5,118175.5,19.576
2025-07-19T09:57:00.000000Z,118175.5,118210.3,118175.5,118210.3,14.21
2025-07-19T09:58:00.000000Z,118210.3,118213.5,118207.5,118207.5,11.676
2025-07-19T09:59:00.000000Z,118207.6,118207.6,118200.4,118205.1,9.413
2025-07-19T10:00:00.000000Z,118205.1,118220.0,118205.0,118208.8,15.894
2025-07-19T10:01:00.000000Z,118208.8,118208.9,118208.8,118208.8,4.826
2025-07-19T10:02:00.000000Z,118208.8,118208.9,118208.8,118208.8,8.969
2025-07-19T10:03:00.000000Z,118208.9,118247.0,118208.8,118241.1,27.515
2025-07-19T10:04:00.000000Z,118241.1,118241.1,118182.2,118182.3,34.972
2025-07-19T10:05:00.000000Z,118182.2,118205.6,118172.2,118205.5,23.53
2025-07-19T10:06:00.000000Z,118205.5,118205.6,118161.5,118161.5,39.847
2025-07-19T10:07:00.000000Z,118161.6,118175.4,118160.6,118160.7,15.44
2025-07-19T10:08:00.000000Z,118160.6,118170.4,118160.6,118170.4,7.708
2025-07-19T10:09:00.000000Z,118170.4,118170.4,118142.2,118142.2,22.694
2025-07-19T10:10:00.000000Z,118142.3,118196.0,118142.2,118196.0,30.67
2025-07-19T10:11:00.000000Z,118196.0,118200.0,118195.9,118199.9,7.398
2025-07-19T10:12:00.000000Z,118200.0,118200.0,118195.9,118195.9,22.338
2025-07-19T10:13:00.000000Z,118196.0,118196.0,118190.0,118196.0,16.588
2025-07-19T10:14:00.000000Z,118196.0,118196.0,118195.9,118196.0,12.874
2025-07-19T10:15:00.000000Z,118196.0,118196.0,118195.9,118195.9,7.233
2025-07-19T10:16:00.000000Z,118196.0,118230.1,118195.9,118230.1,22.393
2025-07-19T10:17:00.000000Z,118230.1,118230.1,118230.0,118230.1,9.718
2025-07-19T10:18:00.000000Z,118230.1,118230.1,118230.0,118230.1,8.144
2025-07-19T10:19:00.000000Z,118230.1,118230.1,118218.5,118218.6,20.984
2025-07-19T10:20:00.000000Z,118218.6,118250.0,118218.5,118249.9,26.992
2025-07-19T10:21:00.000000Z,118250.0,118264.9,118249.9,118264.8,16.161
2025-07-19T10:22:00.000000Z,118264.8,118266.0,118264.8,118265.9,16.342
2025-07-19T10:23:00.000000Z,118265.9,118265.9,118252.6,118252.7,25.38
2025-07-19T10:24:00.000000Z,118252.7,118272.7,118252.6,118272.7,12.981
2025-07-19T10:25:00.000000Z,118272.7,118272.7,118262.2,118262.2,17.079
2025-07-19T10:26:00.000000Z,118262.2,118262.3,118254.8,118254.8,15.117
2025-07-19T10:27:00.000000Z,118254.8,118290.0,118254.8,118283.0,42.69
2025-07-19T10:28:00.000000Z,118283.1,118291.4,118283.0,118291.4,29.427
2025-07-19T10:29:00.000000Z,118291.4,118299.9,118291.3,118299.9,19.373
2025-07-19T10:30:00.000000Z,118299.8,118300.0,118299.8,118300.0,11.402
2025-07-19T10:31:00.000000Z,118299.9,118300.0,118290.0,118290.1,24.423
2025-07-19T10:32:00.000000Z,118290.0,118290.1,118290.0,118290.1,15.4
2025-07-19T10:33:00.000000Z,118290.1,118290.1,118290.0,118290.1,8.285
2025-07-19T10:34:00.000000Z,118290.0,118290.1,118290.0,118290.1,5.99
2025-07-19T10:35:00.000000Z,118290.1,118290.1,118290.0,118290.1,6.498
2025-07-19T10:36:00.000000Z,118290.0,118290.1,118290.0,118290.0,7.964
2025-07-19T10:37:00.000000Z,118290.0,118290.1,118280.0,118280.0,20.878
2025-07-19T10:38:00.000000Z,118280.1,118280.1,118280.0,118280.1,12.126
2025-07-19T10:39:00.000000Z,118280.1,118297.9,118280.0,118297.9,15.364
2025-07-19T10:40:00.000000Z,118297.9,118378.0,118297.8,118378.0,139.992
2025-07-19T10:41:00.000000Z,118378.0,118448.0,118347.2,118448.0,209.565
2025-07-19T10:42:00.000000Z,118448.0,118449.9,118427.1,118431.0,75.214
2025-07-19T10:43:00.000000Z,118431.0,118431.1,118400.3,118400.3,57.039
2025-07-19T10:44:00.000000Z,118400.3,118406.5,118400.3,118406.5,22.784
2025-07-19T10:45:00.000000Z,118406.4,118428.9,118401.7,118401.7,58.509
2025-07-19T10:46:00.000000Z,118401.7,118401.8,118380.6,118380.6,44.719
2025-07-19T10:47:00.000000Z,118380.6,118380.7,118350.0,118350.0,36.865
2025-07-19T10:48:00.000000Z,118350.1,118350.1,118311.8,118349.6,58.55
2025-07-19T10:49:00.000000Z,118349.6,118349.7,118329.6,118337.6,19.342
2025-07-19T10:50:00.000000Z,118337.5,118337.6,118337.5,118337.6,10.696
2025-07-19T10:51:00.000000Z,118337.6,118349.2,118337.5,118349.2,14.563
2025-07-19T10:52:00.000000Z,118349.2,118349.2,118341.5,118341.6,9.967
2025-07-19T10:53:00.000000Z,118341.5,118341.6,118323.0,118323.0,25.181
2025-07-19T10:54:00.000000Z,118323.1,118345.1,118323.0,118345.0,13.811
2025-07-19T10:55:00.000000Z,118345.0,118345.1,118321.1,118321.1,11.904
2025-07-19T10:56:00.000000Z,118321.1,118340.9,118312.9,118340.9,31.511
2025-07-19T10:57:00.000000Z,118340.8,118367.9,118340.8,118347.3,26.365
2025-07-19T10:58:00.000000Z,118347.3,118372.9,118347.3,118372.9,22.968
2025-07-19T10:59:00.000000Z,118372.8,118414.9,118372.8,118410.5,48.987
2025-07-19T11:00:00.000000Z,118410.6,118410.6,118381.9,118382.0,28.345
2025-07-19T11:01:00.000000Z,118381.9,118425.3,118381.9,118425.3,39.44
2025-07-19T11:02:00.000000Z,118425.2,118427.9,118425.2,118427.8,16.955
2025-07-19T11:03:00.000000Z,118427.9,118443.2,118427.8,118443.2,32.651
2025-07-19T11:04:00.000000Z,118443.5,118455.0,118443.5,118454.9,46.736
2025-07-19T11:05:00.000000Z,118454.9,118455.0,118414.1,118414.2,73.049
2025-07-19T11:06:00.000000Z,118414.1,118442.0,118414.1,118441.9,23.131
2025-07-19T11:07:00.000000Z,118442.0,118442.0,118441.9,118442.0,10.163
2025-07-19T11:08:00.000000Z,118441.9,118450.0,118441.9,118450.0,28.707
2025-07-19T11:09:00.000000Z,118450.0,118456.0,118383.0,118383.0,56.298
2025-07-19T11:10:00.000000Z,118383.0,118383.1,118353.6,118353.6,26.965
2025-07-19T11:11:00.000000Z,118353.6,118353.7,118349.9,118349.9,28.946
2025-07-19T11:12:00.000000Z,118350.0,118350.0,118315.8,118315.8,21.774
2025-07-19T11:13:00.000000Z,118315.8,118315.9,118282.7,118282.7,36.472
2025-07-19T11:14:00.000000Z,118282.4,118282.5,118262.5,118270.2,68.078
2025-07-19T11:15:00.000000Z,118270.1,118270.2,118184.1,118184.1,112.707
2025-07-19T11:16:00.000000Z,118183.9,118214.0,118147.6,118153.8,160.113
2025-07-19T11:17:00.000000Z,118153.8,118153.8,118120.2,118153.5,96.651
2025-07-19T11:18:00.000000Z,118153.5,118245.9,118153.4,118245.9,47.783
2025-07-19T11:19:00.000000Z,118245.8,118286.1,118245.8,118286.1,23.026
2025-07-19T11:20:00.000000Z,118286.0,118347.0,118286.0,118347.0,49.442
2025-07-19T11:21:00.000000Z,118346.9,118374.3,118346.9,118358.1,35.962
2025-07-19T11:22:00.000000Z,118358.0,118400.0,118358.0,118400.0,28.486
2025-07-19T11:23:00.000000Z,118399.9,118400.0,118377.8,118400.0,34.744
2025-07-19T11:24:00.000000Z,118400.0,118400.0,118382.6,118382.7,28.159
2025-07-19T11:25:00.000000Z,118382.7,118400.2,118382.7,118400.1,18.176
2025-07-19T11:26:00.000000Z,118400.1,118402.6,118378.8,118378.8,42.445
2025-07-19T11:27:00.000000Z,118378.8,118402.6,118370.5,118402.5,55.029
2025-07-19T11:28:00.000000Z,118402.5,118432.1,118388.9,118432.1,44.402
2025-07-19T11:29:00.000000Z,118432.1,118436.6,118432.1,118436.5,23.773
2025-07-19T11:30:00.000000Z,118436.6,118436.6,118333.7,118385.9,193.212
2025-07-19T11:31:00.000000Z,118386.0,118412.0,118386.0,118396.7,23.685
2025-07-19T11:32:00.000000Z,118396.7,118396.7,118353.7,118396.5,23.06
2025-07-19T11:33:00.000000Z,118396.6,118396.6,118371.6,118390.0,22.038
2025-07-19T11:34:00.000000Z,118390.0,118400.0,118390.0,118395.7,16.806
2025-07-19T11:35:00.000000Z,118395.6,118395.7,118395.6,118395.6,6.679
2025-07-19T11:36:00.000000Z,118395.7,118395.7,118386.0,118386.0,15.313
2025-07-19T11:37:00.000000Z,118386.0,118395.9,118386.0,118395.8,10.288
2025-07-19T11:38:00.000000Z,118395.9,118426.9,118395.8,118426.9,20.57
2025-07-19T11:39:00.000000Z,118426.9,118426.9,118419.7,118419.7,30.785
2025-07-19T11:40:00.000000Z,118419.8,118419.8,118393.7,118393.7,12.548
2025-07-19T11:41:00.000000Z,118393.8,118416.8,118390.0,118390.0,29.885
2025-07-19T11:42:00.000000Z,118390.1,118390.1,118390.0,118390.0,5.924
2025-07-19T11:43:00.000000Z,118390.1,118390.1,118361.0,118361.1,35.483
2025-07-19T11:44:00.000000Z,118361.1,118396.8,118361.0,118396.7,32.155
2025-07-19T11:45:00.000000Z,118396.8,118396.8,118396.7,118396.8,5.132
2025-07-19T11:46:00.000000Z,118396.7,118402.8,118381.7,118381.8,24.044
2025-07-19T11:47:00.000000Z,118381.8,118381.8,118345.0,118345.0,27.035
2025-07-19T11:48:00.000000Z,118345.1,118356.4,118319.7,118356.4,40.541
2025-07-19T11:49:00.000000Z,118356.4,118363.3,118321.4,118321.4,19.063
2025-07-19T11:50:00.000000Z,118321.5,118321.5,118284.2,118284.2,24.581
2025-07-19T11:51:00.000000Z,118284.3,118297.7,118284.2,118297.6,24.72
2025-07-19T11:52:00.000000Z,118297.7,118317.8,118295.0,118313.0,38.022
2025-07-19T11:53:00.000000Z,118313.1,118313.1,118299.1,118301.1,18.389
2025-07-19T11:54:00.000000Z,118301.0,118301.1,118301.0,118301.0,7.063
2025-07-19T11:55:00.000000Z,118301.0,118306.8,118266.5,118266.5,38.449
2025-07-19T11:56:00.000000Z,118266.5,118292.5,118262.0,118287.0,43.946
2025-07-19T11:57:00.000000Z,118286.9,118292.5,118286.9,118287.4,11.431
2025-07-19T11:58:00.000000Z,118287.5,118287.5,118269.5,118276.7,13.025
2025-07-19T11:59:00.000000Z,118276.7,118300.0,118276.6,118300.0,25.001
2025-07-19T12:00:00.000000Z,118300.0,118300.0,118297.1,118297.2,27.979
2025-07-19T12:01:00.000000Z,118297.2,118301.4,118297.0,118301.4,29.681
2025-07-19T12:02:00.000000Z,118301.4,118301.4,118278.2,118278.2,23.794
2025-07-19T12:03:00.000000Z,118278.3,118278.3,118262.0,118271.4,14.248
2025-07-19T12:04:00.000000Z,118271.4,118296.9,118270.4,118270.5,17.834
2025-07-19T12:05:00.000000Z,118270.4,118270.5,118230.7,118230.8,32.658
2025-07-19T12:06:00.000000Z,118230.7,118230.8,118217.0,118226.2,24.574
2025-07-19T12:07:00.000000Z,118226.2,118226.4,118206.1,118206.1,31.799
2025-07-19T12:08:00.000000Z,118206.1,118233.7,118174.7,118233.7,60.836
2025-07-19T12:09:00.000000Z,118233.6,118258.9,118233.6,118233.9,21.504
2025-07-19T12:10:00.000000Z,118233.8,118233.9,118220.0,118220.0,23.995
2025-07-19T12:11:00.000000Z,118220.1,118239.3,118202.6,118239.2,25.443
2025-07-19T12:12:00.000000Z,118239.2,118239.3,118207.5,118207.6,12.648
2025-07-19T12:13:00.000000Z,118207.6,118207.6,118113.9,118125.3,174.827
2025-07-19T12:14:00.000000Z,118125.2,118166.5,118125.2,118166.4,36.221
2025-07-19T12:15:00.000000Z,118166.3,118183.5,118152.7,118152.7,38.236
2025-07-19T12:16:00.000000Z,118152.7,118152.7,118130.6,118132.2,53.641
2025-07-19T12:17:00.000000Z,118132.3,118132.3,118069.4,118118.4,84.511
2025-07-19T12:18:00.000000Z,118118.4,118181.4,118113.0,118168.0,57.307
2025-07-19T12:19:00.000000Z,118167.9,118171.2,118131.8,118131.8,21.859
2025-07-19T12:20:00.000000Z,118131.9,118150.0,118131.1,118150.0,29.296
2025-07-19T12:21:00.000000Z,118150.0,118175.0,118149.9,118163.1,14.451
2025-07-19T12:22:00.000000Z,118163.1,118204.8,118163.1,118204.8,13.125
2025-07-19T12:23:00.000000Z,118204.8,118230.7,118204.8,118224.4,33.988
2025-07-19T12:24:00.000000Z,118224.3,118224.4,118224.3,118224.3,9.498
2025-07-19T12:25:00.000000Z,118224.4,118268.7,118224.3,118262.4,45.848
2025-07-19T12:26:00.000000Z,118262.4,118288.0,118262.3,118288.0,19.433
2025-07-19T12:27:00.000000Z,118288.0,118288.0,118279.7,118279.8,18.29
2025-07-19T12:28:00.000000Z,118279.8,118279.9,118279.8,118279.9,4.996
2025-07-19T12:29:00.000000Z,118279.8,118279.9,118164.0,118175.5,74.589
2025-07-19T12:30:00.000000Z,118175.4,118224.8,118167.7,118218.8,179.301
2025-07-19T12:31:00.000000Z,118218.8,118218.9,118152.1,118152.1,20.106
2025-07-19T12:32:00.000000Z,118152.2,118152.2,118115.1,118137.7,23.934
2025-07-19T12:33:00.000000Z,118137.8,118198.8,118137.7,118198.7,19.017
2025-07-19T12:34:00.000000Z,118198.8,118216.8,118198.7,118216.8,8.498
2025-07-19T12:35:00.000000Z,118216.8,118232.7,118203.8,118215.7,15.939
2025-07-19T12:36:00.000000Z,118215.7,118215.7,118148.4,118148.5,24.807
2025-07-19T12:37:00.000000Z,118148.4,118186.3,118148.4,118186.3,21.967
2025-07-19T12:38:00.000000Z,118186.3,118186.3,118156.6,118173.5,26.104
2025-07-19T12:39:00.000000Z,118173.5,118177.9,118134.8,118141.7,25.298
2025-07-19T12:40:00.000000Z,118141.7,118165.3,118141.7,118165.3,12.998
2025-07-19T12:41:00.000000Z,118165.3,118165.3,118123.0,118130.1,28.673
2025-07-19T12:42:00.000000Z,118130.2,118145.2,118130.1,118145.1,8.962
2025-07-19T12:43:00.000000Z,118145.2,118145.2,118100.0,118100.1,29.039
2025-07-19T12:44:00.000000Z,118100.1,118112.6,118100.0,118112.6,17.902
2025-07-19T12:45:00.000000Z,118112.5,118112.6,118070.5,118108.5,57.108
2025-07-19T12:46:00.000000Z,118108.6,118156.8,118108.5,118156.8,10.583
2025-07-19T12:47:00.000000Z,118156.8,118173.0,118156.8,118171.9,11.72
2025-07-19T12:48:00.000000Z,118171.9,118171.9,118162.0,118171.4,10.805
2025-07-19T12:49:00.000000Z,118171.4,118200.0,118171.3,118200.0,15.611
2025-07-19T12:50:00.000000Z,118200.0,118212.4,118200.0,118212.4,18.481
2025-07-19T12:51:00.000000Z,118212.4,118212.4,118159.3,118175.6,23.637
2025-07-19T12:52:00.000000Z,118175.5,118190.3,118175.5,118189.9,19.442
2025-07-19T12:53:00.000000Z,118189.9,118210.0,118189.2,118210.0,18.53
2025-07-19T12:54:00.000000Z,118210.0,118223.5,118209.8,118219.7,37.51
2025-07-19T12:55:00.000000Z,118220.0,118222.6,118217.3,118222.1,13.228
2025-07-19T12:56:00.000000Z,118222.1,118222.1,118199.7,118199.8,8.061
2025-07-19T12:57:00.000000Z,118199.8,118199.8,118184.1,118184.1,9.914
2025-07-19T12:58:00.000000Z,118183.8,118192.1,118179.0,118192.1,15.21
2025-07-19T12:59:00.000000Z,118192.1,118218.1,118192.0,118218.1,10.041
2025-07-19T13:00:00.000000Z,118218.1,118218.1,118200.2,118200.2,16.778
2025-07-19T13:01:00.000000Z,118200.1,118200.1,118194.8,118194.9,6.434
2025-07-19T13:02:00.000000Z,118194.9,118224.0,118194.8,118224.0,18.604
2025-07-19T13:03:00.000000Z,118224.0,118230.7,118223.9,118230.7,13.967
2025-07-19T13:04:00.000000Z,118230.7,118258.7,118227.2,118227.3,38.494
2025-07-19T13:05:00.000000Z,118227.3,118227.3,118210.0,118210.1,9.514
2025-07-19T13:06:00.000000Z,118210.1,118210.1,118165.0,118165.1,12.87
2025-07-19T13:07:00.000000Z,118165.1,118177.0,118156.6,118167.9,25.743
2025-07-19T13:08:00.000000Z,118167.9,118167.9,118117.3,118141.6,47.874
2025-07-19T13:09:00.000000Z,118141.6,118141.6,118122.7,118141.6,25.117
2025-07-19T13:10:00.000000Z,118141.5,118227.3,118141.5,118217.3,47.326
2025-07-19T13:11:00.000000Z,118217.3,118217.3,118185.0,118185.0,17.312
2025-07-19T13:12:00.000000Z,118185.0,118214.7,118164.2,118214.7,29.541
2025-07-19T13:13:00.000000Z,118214.7,118214.7,118188.8,118188.9,10.178
2025-07-19T13:14:00.000000Z,118188.8,118220.1,118188.8,118220.0,8.797
2025-07-19T13:15:00.000000Z,118220.0,118225.0,118203.6,118203.6,15.008
2025-07-19T13:16:00.000000Z,118203.6,118241.5,118203.5,118241.5,17.484
2025-07-19T13:17:00.000000Z,118241.5,118243.0,118224.9,118224.9,24.223
2025-07-19T13:18:00.000000Z,118224.7,118235.4,118224.7,118235.4,19.542
2025-07-19T13:19:00.000000Z,118235.4,118256.1,118235.3,118256.1,11.31
2025-07-19T13:20:00.000000Z,118256.1,118256.1,118235.5,118235.6,20.359
2025-07-19T13:21:00.000000Z,118235.5,118235.6,118210.5,118210.5,21.214
2025-07-19T13:22:00.000000Z,118210.4,118210.5,118174.2,118193.2,16.69
2025-07-19T13:23:00.000000Z,118193.2,118235.6,118193.2,118235.6,17.013
2025-07-19T13:24:00.000000Z,118235.6,118235.6,118219.8,118219.9,15.244
2025-07-19T13:25:00.000000Z,118219.8,118240.0,118219.8,118228.5,11.193
2025-07-19T13:26:00.000000Z,118228.5,118228.6,118228.5,118228.6,7.956
2025-07-19T13:27:00.000000Z,118228.6,118245.5,118228.5,118229.0,19.947
2025-07-19T13:28:00.000000Z,118229.0,118229.0,118228.9,118229.0,3.672
2025-07-19T13:29:00.000000Z,118229.0,118253.9,118228.9,118253.9,18.508
2025-07-19T13:30:00.000000Z,118253.9,118253.9,118248.1,118253.9,14.19
2025-07-19T13:31:00.000000Z,118253.9,118271.5,118232.5,118271.4,23.999
2025-07-19T13:32:00.000000Z,118271.5,118283.2,118271.5,118283.2,15.992
2025-07-19T13:33:00.000000Z,118283.2,118290.2,118271.4,118271.5,14.38
2025-07-19T13:34:00.000000Z,118271.5,118271.5,118271.4,118271.4,4.434
2025-07-19T13:35:00.000000Z,118271.4,118278.6,118261.0,118278.6,12.122
2025-07-19T13:36:00.000000Z,118278.6,118289.1,118278.5,118281.9,17.482
2025-07-19T13:37:00.000000Z,118281.9,118299.0,118281.9,118286.8,25.148
2025-07-19T13:38:00.000000Z,118286.9,118286.9,118286.0,118286.1,8.289
2025-07-19T13:39:00.000000Z,118286.0,118286.1,118286.0,118286.1,10.631
2025-07-19T13:40:00.000000Z,118286.1,118286.1,118278.9,118279.0,14.139
2025-07-19T13:41:00.000000Z,118279.0,118279.0,118250.6,118250.7,22.369
2025-07-19T13:42:00.000000Z,118250.7,118250.7,118208.9,118208.9,20.417
2025-07-19T13:43:00.000000Z,118208.8,118225.9,118197.4,118225.8,45.405
2025-07-19T13:44:00.000000Z,118225.8,118242.7,118225.8,118242.7,7.345
2025-07-19T13:45:00.000000Z,118242.7,118242.7,118231.8,118231.9,15.408
2025-07-19T13:46:00.000000Z,118231.9,118240.0,118231.8,118231.9,9.61
2025-07-19T13:47:00.000000Z,118231.8,118231.9,118231.8,118231.8,3.479
2025-07-19T13:48:00.000000Z,118231.8,118231.9,118198.8,118211.5,16.452
2025-07-19T13:49:00.000000Z,118211.6,118211.6,118155.1,118155.1,26.706
2025-07-19T13:50:00.000000Z,118155.0,118157.1,118134.6,118148.8,40.345
2025-07-19T13:51:00.000000Z,118148.5,118168.4,118138.3,118168.4,20.677
2025-07-19T13:52:00.000000Z,118168.4,118168.4,118146.9,118151.8,21.892
2025-07-19T13:53:00.000000Z,118151.8,118151.8,118108.0,118108.0,27.916
2025-07-19T13:54:00.000000Z,118108.0,118114.8,118094.8,118101.4,59.311
2025-07-19T13:55:00.000000Z,118101.4,118101.4,118092.2,118092.2,18.1
2025-07-19T13:56:00.000000Z,118092.2,118092.3,118067.5,118067.6,27.667
2025-07-19T13:57:00.000000Z,118067.5,118067.5,118050.0,118054.4,66.822
2025-07-19T13:58:00.000000Z,118054.3,118140.0,118054.3,118137.0,62.912
2025-07-19T13:59:00.000000Z,118137.0,118167.0,118125.6,118167.0,53.38
2025-07-19T14:00:00.000000Z,118167.0,118200.0,118167.0,118200.0,24.285
2025-07-19T14:01:00.000000Z,118200.0,118200.0,118144.9,118145.0,21.546
2025-07-19T14:02:00.000000Z,118144.9,118195.0,118128.9,118145.6,86.428
2025-07-19T14:03:00.000000Z,118145.7,118166.5,118145.6,118156.2,11.806
2025-07-19T14:04:00.000000Z,118156.3,118203.0,118156.2,118203.0,18.412
2025-07-19T14:05:00.000000Z,118203.0,118203.0,118171.9,118176.3,34.991
2025-07-19T14:06:00.000000Z,118176.4,118192.2,118162.1,118162.1,19.639
2025-07-19T14:07:00.000000Z,118162.1,118162.2,118112.3,118121.2,20.797
2025-07-19T14:08:00.000000Z,118121.1,118137.7,118121.1,118137.7,20.653
2025-07-19T14:09:00.000000Z,118137.7,118137.7,118089.5,118089.5,19.393
2025-07-19T14:10:00.000000Z,118089.3,118089.4,118056.0,118074.0,38.844
2025-07-19T14:11:00.000000Z,118074.0,118086.9,118073.9,118074.0,44.215
2025-07-19T14:12:00.000000Z,118073.9,118074.0,118042.0,118050.3,93.155
2025-07-19T14:13:00.000000Z,118050.4,118050.4,118041.4,118041.5,18.787
2025-07-19T14:14:00.000000Z,118041.5,118041.5,118000.0,118019.2,75.451
2025-07-19T14:15:00.000000Z,118019.3,118105.2,118019.2,118102.7,103.735
2025-07-19T14:16:00.000000Z,118102.7,118115.3,118084.5,118084.5,44.064
2025-07-19T14:17:00.000000Z,118084.5,118115.3,118084.5,118106.0,30.304
2025-07-19T14:18:00.000000Z,118106.0,118114.1,118100.0,118100.1,20.206
2025-07-19T14:19:00.000000Z,118100.0,118149.3,118100.0,118119.2,49.136
2025-07-19T14:20:00.000000Z,118119.2,118119.2,118084.6,118084.6,34.521
2025-07-19T14:21:00.000000Z,118084.6,118084.6,118003.4,118041.6,66.645
2025-07-19T14:22:00.000000Z,118041.6,118059.0,118040.0,118058.9,14.985
2025-07-19T14:23:00.000000Z,118059.0,118099.0,118058.9,118099.0,39.972
2025-07-19T14:24:00.000000Z,118099.0,118099.0,118076.3,118097.4,28.676
2025-07-19T14:25:00.000000Z,118097.5,118115.4,118035.8,118053.1,105.738
2025-07-19T14:26:00.000000Z,118053.1,118076.0,118026.0,118026.1,51.21
2025-07-19T14:27:00.000000Z,118026.0,118026.1,118002.4,118010.8,132.286
2025-07-19T14:28:00.000000Z,118010.8,118015.3,117912.9,117913.0,269.811
2025-07-19T14:29:00.000000Z,117913.0,117924.7,117799.9,117860.2,649.809
2025-07-19T14:30:00.000000Z,117860.1,117976.4,117860.1,117962.1,180.787
2025-07-19T14:31:00.000000Z,117962.1,117976.3,117906.2,117908.0,112.153
2025-07-19T14:32:00.000000Z,117908.0,117932.7,117826.4,117863.5,184.702
2025-07-19T14:33:00.000000Z,117863.6,117910.2,117856.7,117867.8,60.887
2025-07-19T14:34:00.000000Z,117867.9,117926.2,117851.9,117863.8,149.947
2025-07-19T14:35:00.000000Z,117863.7,117935.7,117840.2,117840.3,182.46
2025-07-19T14:36:00.000000Z,117840.2,117875.0,117824.6,117857.3,122.543
2025-07-19T14:37:00.000000Z,117857.2,117947.3,117857.2,117915.6,93.263
2025-07-19T14:38:00.000000Z,117915.6,117929.2,117811.0,117811.0,55.463
2025-07-19T14:39:00.000000Z,117811.1,117827.0,117700.1,117746.2,295.099
2025-07-19T14:40:00.000000Z,117746.1,117746.1,117632.0,117693.2,306.524
2025-07-19T14:41:00.000000Z,117693.2,117738.5,117668.6,117718.3,85.863
2025-07-19T14:42:00.000000Z,117718.7,117747.0,117700.0,117736.1,76.058
2025-07-19T14:43:00.000000Z,117736.1,117747.9,117706.0,117740.9,209.233
2025-07-19T14:44:00.000000Z,117740.9,117789.6,117727.7,117789.6,44.912
2025-07-19T14:45:00.000000Z,117789.9,117878.8,117789.9,117850.0,190.513
2025-07-19T14:46:00.000000Z,117850.0,117850.1,117785.8,117786.1,53.422
2025-07-19T14:47:00.000000Z,117786.1,117831.3,117786.1,117822.6,34.557
2025-07-19T14:48:00.000000Z,117822.6,117822.6,117668.2,117692.1,131.43
2025-07-19T14:49:00.000000Z,117692.1,117812.7,117685.2,117796.2,152.412
2025-07-19T14:50:00.000000Z,117796.2,117796.3,117729.0,117759.6,38.379
2025-07-19T14:51:00.000000Z,117759.5,117783.0,117751.5,117779.3,29.353
2025-07-19T14:52:00.000000Z,117779.3,117797.7,117772.9,117773.0,14.719
2025-07-19T14:53:00.000000Z,117772.9,117773.0,117728.1,117728.2,31.896
2025-07-19T14:54:00.000000Z,117728.2,117762.4,117717.6,117748.7,62.668
2025-07-19T14:55:00.000000Z,117748.7,117748.7,117716.0,117719.9,30.138
2025-07-19T14:56:00.000000Z,117719.9,117731.7,117700.0,117700.0,24.779
2025-07-19T14:57:00.000000Z,117700.1,117714.7,117681.0,117682.6,53.813
2025-07-19T14:58:00.000000Z,117682.6,117682.6,117644.4,117648.1,86.289
2025-07-19T14:59:00.000000Z,117648.1,117673.0,117615.3,117657.4,120.106
2025-07-19T15:00:00.000000Z,117657.4,117717.2,117637.5,117697.5,127.879
2025-07-19T15:01:00.000000Z,117697.4,117736.1,117690.0,117736.1,39.728
2025-07-19T15:02:00.000000Z,117736.1,117745.8,117728.9,117728.9,48.781
2025-07-19T15:03:00.000000Z,117728.9,117781.0,117728.9,117780.9,39.46
2025-07-19T15:04:00.000000Z,117781.0,117795.7,117772.6,117775.4,44.351
2025-07-19T15:05:00.000000Z,117775.4,117793.0,117775.4,117778.8,43.342
2025-07-19T15:06:00.000000Z,117778.7,117809.3,117778.7,117799.5,53.757
2025-07-19T15:07:00.000000Z,117799.6,117836.0,117794.9,117836.0,44.857
2025-07-19T15:08:00.000000Z,117836.0,117845.6,117820.0,117820.0,40.221
2025-07-19T15:09:00.000000Z,117820.1,117895.4,117820.0,117895.4,65.751
2025-07-19T15:10:00.000000Z,117895.4,117944.6,117895.4,117944.6,124.843
2025-07-19T15:11:00.000000Z,117944.5,117944.5,117919.6,117940.9,51.977
2025-07-19T15:12:00.000000Z,117940.8,117940.9,117923.7,117923.7,25.281
2025-07-19T15:13:00.000000Z,117923.7,117923.8,117891.2,117891.3,57.821
2025-07-19T15:14:00.000000Z,117891.2,117898.8,117870.1,117890.0,43.184
2025-07-19T15:15:00.000000Z,117889.9,117959.5,117889.9,117959.4,47.095
2025-07-19T15:16:00.000000Z,117959.5,118042.2,117959.5,118034.6,95.196
2025-07-19T15:17:00.000000Z,118034.7,118147.3,118030.0,118124.0,220.764
2025-07-19T15:18:00.000000Z,118124.1,118176.1,118083.6,118172.8,134.954
2025-07-19T15:19:00.000000Z,118172.9,118172.9,118089.2,118116.8,138.201
2025-07-19T15:20:00.000000Z,118116.8,118162.8,118092.5,118144.7,124.888
2025-07-19T15:21:00.000000Z,118144.7,118170.2,118127.4,118169.9,51.674
2025-07-19T15:22:00.000000Z,118169.9,118176.0,118137.6,118137.6,80.796
2025-07-19T15:23:00.000000Z,118137.6,118155.0,118120.8,118155.0,44.903
2025-07-19T15:24:00.000000Z,118154.9,118174.3,118149.4,118149.5,37.186
2025-07-19T15:25:00.000000Z,118149.5,118149.5,118131.6,118140.1,21.087
2025-07-19T15:26:00.000000Z,118140.0,118140.1,118122.5,118122.6,19.084
2025-07-19T15:27:00.000000Z,118122.5,118140.1,118122.5,118123.2,31.385
2025-07-19T15:28:00.000000Z,118122.5,118175.3,118117.9,118168.4,40.224
2025-07-19T15:29:00.000000Z,118168.4,118169.3,118159.3,118169.2,18.868
2025-07-19T15:30:00.000000Z,118169.2,118171.6,118169.2,118171.5,17.431
2025-07-19T15:31:00.000000Z,118171.6,118200.0,118171.5,118190.3,59.481
2025-07-19T15:32:00.000000Z,118190.3,118190.3,118088.0,118088.0,73.591
2025-07-19T15:33:00.000000Z,118086.8,118127.7,118071.3,118118.7,43.794
2025-07-19T15:34:00.000000Z,118118.8,118127.1,118100.0,118127.0,22.421
2025-07-19T15:35:00.000000Z,118127.0,118127.1,118100.6,118100.6,21.098
2025-07-19T15:36:00.000000Z,118100.6,118115.8,118100.6,118115.7,17.097
2025-07-19T15:37:00.000000Z,118115.7,118178.2,118115.7,118178.2,26.105
2025-07-19T15:38:00.000000Z,118178.1,118221.7,118153.5,118191.4,184.131
2025-07-19T15:39:00.000000Z,118191.4,118191.5,118154.0,118154.0,19.016
2025-07-19T15:40:00.000000Z,118154.0,118199.4,118154.0,118184.3,35.248
2025-07-19T15:41:00.000000Z,118184.2,118213.9,118178.9,118213.8,32.444
2025-07-19T15:42:00.000000Z,118213.9,118213.9,118180.6,118180.7,62.952
2025-07-19T15:43:00.000000Z,118180.7,118180.7,118160.9,118173.3,25.751
2025-07-19T15:44:00.000000Z,118173.2,118191.7,118173.2,118191.7,10.959
2025-07-19T15:45:00.000000Z,118191.7,118191.7,118164.1,118164.1,14.292
2025-07-19T15:46:00.000000Z,118164.1,118185.5,118160.0,118160.0,20.848
2025-07-19T15:47:00.000000Z,118160.1,118160.1,118101.6,118122.7,99.759
2025-07-19T15:48:00.000000Z,118122.7,118139.7,118108.6,118139.6,50.5
2025-07-19T15:49:00.000000Z,118139.6,118150.0,118139.6,118150.0,8.006
2025-07-19T15:50:00.000000Z,118150.0,118173.2,118103.0,118103.0,24.518
2025-07-19T15:51:00.000000Z,118103.0,118103.1,118009.5,118009.5,60.611
2025-07-19T15:52:00.000000Z,118009.7,118028.5,118000.0,118023.1,88.053
2025-07-19T15:53:00.000000Z,118023.2,118058.2,118023.1,118058.2,11.676
2025-07-19T15:54:00.000000Z,118058.2,118061.0,118058.2,118061.0,12.857
2025-07-19T15:55:00.000000Z,118060.9,118072.9,118060.9,118066.3,14.765
2025-07-19T15:56:00.000000Z,118066.3,118066.3,118060.9,118060.9,5.248
2025-07-19T15:57:00.000000Z,118060.9,118080.3,118043.4,118043.4,19.551
2025-07-19T15:58:00.000000Z,118043.5,118048.6,118025.1,118048.6,8.533
2025-07-19T15:59:00.000000Z,118048.5,118048.6,118025.6,118025.6,9.633
2025-07-19T16:00:00.000000Z,118025.6,118025.7,118000.0,118019.0,29.867
2025-07-19T16:01:00.000000Z,118019.0,118019.1,117961.2,117986.2,142.855
2025-07-19T16:02:00.000000Z,117986.1,117991.1,117939.4,117939.4,37.777
2025-07-19T16:03:00.000000Z,117939.4,117939.5,117878.2,117878.2,81.322
2025-07-19T16:04:00.000000Z,117878.2,117887.2,117846.1,117850.1,74.604
2025-07-19T16:05:00.000000Z,117850.0,117860.6,117830.0,117830.1,57.977
2025-07-19T16:06:00.000000Z,117830.0,117896.1,117825.1,117896.1,53.911
2025-07-19T16:07:00.000000Z,117896.1,117896.6,117867.4,117867.4,22.715
2025-07-19T16:08:00.000000Z,117867.5,117884.6,117853.2,117867.1,35.375
2025-07-19T16:09:00.000000Z,117867.2,117867.2,117867.1,117867.2,5.863
2025-07-19T16:10:00.000000Z,117867.2,117894.8,117867.1,117878.8,43.642
2025-07-19T16:11:00.000000Z,117878.9,117878.9,117839.8,117860.1,60.851
2025-07-19T16:12:00.000000Z,117860.0,117925.8,117860.0,117888.5,47.851
2025-07-19T16:13:00.000000Z,117888.5,117899.7,117864.2,117877.8,23.979
2025-07-19T16:14:00.000000Z,117877.8,117904.9,117869.5,117869.5,31.232
2025-07-19T16:15:00.000000Z,117869.5,117882.4,117827.1,117827.1,44.235
2025-07-19T16:16:00.000000Z,117827.1,117920.1,117826.9,117916.0,61.096
2025-07-19T16:17:00.000000Z,117915.9,117916.0,117860.3,117860.3,51.117
2025-07-19T16:18:00.000000Z,117860.3,117894.6,117860.3,117876.1,16.407
2025-07-19T16:19:00.000000Z,117876.1,117919.2,117876.1,117919.2,15.947
2025-07-19T16:20:00.000000Z,117919.1,117919.2,117860.4,117873.1,27.36
2025-07-19T16:21:00.000000Z,117873.0,117932.1,117873.0,117932.1,28.149
2025-07-19T16:22:00.000000Z,117932.1,117948.6,117932.0,117939.3,30.698
2025-07-19T16:23:00.000000Z,117939.3,117939.3,117903.3,117913.4,23.795
2025-07-19T16:24:00.000000Z,117913.4,117929.5,117913.3,117929.4,8.967
2025-07-19T16:25:00.000000Z,117929.4,117941.9,117900.0,117941.9,40.329
2025-07-19T16:26:00.000000Z,117941.8,117950.0,117922.6,117950.0,33.428
2025-07-19T16:27:00.000000Z,117950.0,118029.7,117949.9,118009.4,174.478
2025-07-19T16:28:00.000000Z,118009.5,118131.8,117991.5,118131.8,188.772
2025-07-19T16:29:00.000000Z,118131.8,118149.8,118090.9,118096.1,47.0
2025-07-19T16:30:00.000000Z,118096.2,118143.1,118090.4,118090.5,64.119
2025-07-19T16:31:00.000000Z,118090.5,118143.7,118066.9,118134.8,42.753
2025-07-19T16:32:00.000000Z,118134.8,118134.9,118101.8,118113.9,35.807
2025-07-19T16:33:00.000000Z,118113.9,118113.9,118080.1,118080.2,24.605
2025-07-19T16:34:00.000000Z,118080.1,118080.2,118006.4,118006.4,32.077
2025-07-19T16:35:00.000000Z,118006.5,118086.6,118006.5,118035.0,46.559
2025-07-19T16:36:00.000000Z,118035.0,118097.0,118034.9,118091.3,34.816
2025-07-19T16:37:00.000000Z,118091.3,118091.3,118031.0,118036.0,12.668
2025-07-19T16:38:00.000000Z,118036.0,118082.3,118036.0,118082.2,11.565
2025-07-19T16:39:00.000000Z,118082.2,118082.3,118063.1,118063.1,9.179
2025-07-19T16:40:00.000000Z,118063.1,118063.2,118000.1,118000.1,38.579
2025-07-19T16:41:00.000000Z,118000.0,118000.1,117988.0,117988.0,23.216
2025-07-19T16:42:00.000000Z,117988.0,118046.0,117988.0,118046.0,38.88
2025-07-19T16:43:00.000000Z,118045.9,118060.4,118036.4,118060.1,13.047
2025-07-19T16:44:00.000000Z,118060.1,118060.2,118011.0,118058.2,22.442
2025-07-19T16:45:00.000000Z,118058.2,118080.0,118052.6,118080.0,8.876
2025-07-19T16:46:00.000000Z,118080.0,118080.0,118054.5,118079.9,9.351
2025-07-19T16:47:00.000000Z,118080.0,118125.6,118080.0,118125.5,16.019
2025-07-19T16:48:00.000000Z,118125.6,118125.6,118110.4,118125.5,20.86
2025-07-19T16:49:00.000000Z,118125.5,118125.6,118102.7,118102.7,16.6
2025-07-19T16:50:00.000000Z,118102.7,118102.7,118072.5,118091.8,15.607
2025-07-19T16:51:00.000000Z,118091.7,118091.8,118054.7,118054.7,7.903
2025-07-19T16:52:00.000000Z,118054.7,118054.8,118016.9,118030.1,26.237
2025-07-19T16:53:00.000000Z,118030.0,118030.0,118000.0,118000.0,17.278
2025-07-19T16:54:00.000000Z,118000.0,118027.4,118000.0,118017.7,9.886
2025-07-19T16:55:00.000000Z,118017.7,118030.4,118017.7,118030.3,5.557
2025-07-19T16:56:00.000000Z,118030.3,118038.5,118030.2,118030.2,6.224
2025-07-19T16:57:00.000000Z,118030.2,118030.3,117972.0,117972.1,52.354
2025-07-19T16:58:00.000000Z,117972.1,117975.9,117938.7,117975.9,40.182
2025-07-19T16:59:00.000000Z,117975.9,117975.9,117925.8,117958.1,65.748
2025-07-19T17:00:00.000000Z,117958.1,117971.3,117932.2,117943.2,27.397
2025-07-19T17:01:00.000000Z,117943.2,117952.7,117931.7,117931.8,27.431
2025-07-19T17:02:00.000000Z,117931.8,117961.6,117930.0,117930.0,21.148
2025-07-19T17:03:00.000000Z,117930.1,117964.3,117920.0,117964.2,31.012
2025-07-19T17:04:00.000000Z,117964.3,117964.3,117920.0,117920.0,15.079
2025-07-19T17:05:00.000000Z,117920.1,117920.1,117898.0,117905.0,18.682
2025-07-19T17:06:00.000000Z,117905.0,117920.0,117865.9,117891.5,57.636
2025-07-19T17:07:00.000000Z,117891.5,117916.7,117880.2,117880.3,12.998
2025-07-19T17:08:00.000000Z,117880.2,117931.8,117880.2,117900.0,17.026
2025-07-19T17:09:00.000000Z,117900.1,117922.3,117900.0,117909.6,23.561
2025-07-19T17:10:00.000000Z,117909.6,117909.6,117882.8,117882.8,19.791
2025-07-19T17:11:00.000000Z,117882.9,117920.0,117867.6,117893.4,36.432
2025-07-19T17:12:00.000000Z,117893.4,117897.2,117876.7,117897.2,34.787
2025-07-19T17:13:00.000000Z,117897.2,117897.2,117857.6,117857.6,42.751
2025-07-19T17:14:00.000000Z,117857.7,117869.9,117856.6,117867.0,23.962
2025-07-19T17:15:00.000000Z,117867.1,117903.6,117867.0,117903.6,30.893
2025-07-19T17:16:00.000000Z,117903.6,117906.9,117867.1,117867.1,28.789
2025-07-19T17:17:00.000000Z,117867.2,117873.4,117867.1,117869.9,29.273
2025-07-19T17:18:00.000000Z,117870.0,117895.7,117869.9,117895.7,17.365
2025-07-19T17:19:00.000000Z,117895.7,117895.7,117850.2,117850.2,18.1
2025-07-19T17:20:00.000000Z,117850.3,117858.7,117850.2,117854.3,32.083
2025-07-19T17:21:00.000000Z,117854.3,117886.0,117854.3,117886.0,12.506
2025-07-19T17:22:00.000000Z,117886.0,117886.0,117838.5,117849.7,30.003
2025-07-19T17:23:00.000000Z,117849.8,117849.8,117839.9,117840.0,16.688
2025-07-19T17:24:00.000000Z,117840.0,117840.0,117824.8,117828.3,22.008
2025-07-19T17:25:00.000000Z,117828.4,117828.4,117805.0,117817.8,57.72
2025-07-19T17:26:00.000000Z,117817.9,117817.9,117817.8,117817.8,12.175
2025-07-19T17:27:00.000000Z,117817.9,117817.9,117781.1,117781.1,42.051
2025-07-19T17:28:00.000000Z,117781.2,117814.6,117781.1,117814.6,75.086
2025-07-19T17:29:00.000000Z,117814.6,117814.6,117806.9,117807.0,41.249
2025-07-19T17:30:00.000000Z,117807.0,117852.5,117806.9,117811.2,65.571
2025-07-19T17:31:00.000000Z,117811.2,117811.2,117790.3,117790.4,35.286
2025-07-19T17:32:00.000000Z,117790.4,117807.0,117782.5,117792.8,32.251
2025-07-19T17:33:00.000000Z,117792.8,117792.8,117766.6,117766.7,36.613
2025-07-19T17:34:00.000000Z,117766.7,117776.0,117766.6,117776.0,17.809
2025-07-19T17:35:00.000000Z,117776.0,117776.0,117765.6,117765.7,26.487
2025-07-19T17:36:00.000000Z,117765.7,117775.9,117750.0,117750.1,39.355
2025-07-19T17:37:00.000000Z,117750.1,117750.1,117724.7,117734.4,54.02
2025-07-19T17:38:00.000000Z,117734.4,117744.9,117714.7,117714.7,45.235
2025-07-19T17:39:00.000000Z,117714.8,117730.0,117711.6,117730.0,54.54
2025-07-19T17:40:00.000000Z,117730.0,117731.2,117729.9,117731.2,36.055
2025-07-19T17:41:00.000000Z,117731.2,117744.4,117731.1,117744.4,30.357
2025-07-19T17:42:00.000000Z,117744.3,117761.5,117732.0,117742.8,64.17
2025-07-19T17:43:00.000000Z,117742.8,117760.2,117742.7,117751.9,47.284
2025-07-19T17:44:00.000000Z,117752.0,117785.5,117751.9,117785.5,49.193
2025-07-19T17:45:00.000000Z,117785.5,117836.1,117785.5,117834.4,35.866
2025-07-19T17:46:00.000000Z,117834.4,117834.4,117785.6,117785.6,26.5
2025-07-19T17:47:00.000000Z,117785.7,117800.0,117785.6,117800.0,10.459
2025-07-19T17:48:00.000000Z,117800.0,117808.5,117799.9,117808.5,12.047
2025-07-19T17:49:00.000000Z,117808.5,117808.5,117748.7,117759.4,61.498
2025-07-19T17:50:00.000000Z,117759.4,117770.7,117755.0,117770.7,18.029
2025-07-19T17:51:00.000000Z,117770.7,117821.0,117770.6,117820.9,19.6
2025-07-19T17:52:00.000000Z,117821.0,117834.5,117816.9,117817.0,24.868
2025-07-19T17:53:00.000000Z,117817.0,117829.9,117816.9,117817.0,15.156
2025-07-19T17:54:00.000000Z,117817.0,117820.0,117793.7,117820.0,17.757
2025-07-19T17:55:00.000000Z,117820.0,117820.0,117777.0,117777.0,18.889
2025-07-19T17:56:00.000000Z,117777.0,117777.0,117703.2,117703.2,49.026
2025-07-19T17:57:00.000000Z,117703.2,117777.7,117703.2,117768.8,42.244
2025-07-19T17:58:00.000000Z,117768.8,117777.7,117766.6,117777.6,4.26
2025-07-19T17:59:00.000000Z,117777.6,117786.5,117777.6,117786.5,17.908
2025-07-19T18:00:00.000000Z,117786.4,117786.4,117728.6,117728.6,31.729
2025-07-19T18:01:00.000000Z,117728.6,117821.8,117728.6,117821.8,42.364
2025-07-19T18:02:00.000000Z,117821.8,117833.3,117817.1,117817.2,27.508
2025-07-19T18:03:00.000000Z,117817.2,117839.3,117800.0,117800.1,20.066
2025-07-19T18:04:00.000000Z,117800.1,117821.4,117788.4,117812.6,35.141
2025-07-19T18:05:00.000000Z,117812.5,117887.3,117812.5,117887.3,28.264
2025-07-19T18:06:00.000000Z,117887.3,117911.7,117887.2,117900.3,31.457
2025-07-19T18:07:00.000000Z,117900.4,117917.3,117900.3,117906.0,21.057
2025-07-19T18:08:00.000000Z,117906.1,117927.7,117906.0,117920.0,24.545
2025-07-19T18:09:00.000000Z,117920.1,117920.1,117873.6,117873.6,11.755
2025-07-19T18:10:00.000000Z,117873.7,117913.0,117873.6,117913.0,16.142
2025-07-19T18:11:00.000000Z,117912.9,117913.0,117900.0,117900.0,12.113
2025-07-19T18:12:00.000000Z,117900.1,117927.8,117900.0,117927.8,9.469
2025-07-19T18:13:00.000000Z,117927.8,117928.6,117918.1,117927.4,19.842
2025-07-19T18:14:00.000000Z,117927.4,117927.4,117913.6,117913.6,9.822
2025-07-19T18:15:00.000000Z,117913.7,117957.0,117913.6,117957.0,18.646
2025-07-19T18:16:00.000000Z,117957.0,117963.3,117928.3,117928.4,25.991
2025-07-19T18:17:00.000000Z,117928.3,117955.7,117928.3,117940.5,71.548
2025-07-19T18:18:00.000000Z,117940.5,117940.6,117890.0,117890.0,25.196
2025-07-19T18:19:00.000000Z,117890.1,117890.1,117824.4,117824.4,60.502
2025-07-19T18:20:00.000000Z,117824.4,117881.8,117824.4,117881.8,11.957
2025-07-19T18:21:00.000000Z,117881.8,117917.3,117881.8,117895.6,14.712
2025-07-19T18:22:00.000000Z,117895.6,117960.0,117895.5,117960.0,40.255
2025-07-19T18:23:00.000000Z,117960.0,117960.0,117926.4,117926.6,43.388
2025-07-19T18:24:00.000000Z,117926.6,117959.6,117926.5,117959.6,11.505
2025-07-19T18:25:00.000000Z,117959.6,117975.3,117951.3,117951.4,30.366
2025-07-19T18:26:00.000000Z,117951.4,117951.4,117929.4,117930.0,13.468
2025-07-19T18:27:00.000000Z,117930.0,117954.2,117930.0,117936.4,17.474
2025-07-19T18:28:00.000000Z,117935.7,117935.7,117914.0,117914.0,13.744
2025-07-19T18:29:00.000000Z,117914.0,117914.0,117901.0,117901.1,7.718
2025-07-19T18:30:00.000000Z,117901.1,117941.5,117901.1,117941.5,17.327
2025-07-19T18:31:00.000000Z,117941.4,117970.0,117941.4,117969.9,11.82
2025-07-19T18:32:00.000000Z,117970.0,117970.0,117949.8,117956.2,15.478
2025-07-19T18:33:00.000000Z,117956.3,117956.5,117956.2,117956.5,6.78
2025-07-19T18:34:00.000000Z,117956.4,117969.5,117949.8,117969.4,15.228
2025-07-19T18:35:00.000000Z,117969.4,117969.5,117927.1,117927.2,17.38
2025-07-19T18:36:00.000000Z,117927.1,117967.7,117927.1,117967.7,10.951
2025-07-19T18:37:00.000000Z,117967.7,117969.6,117967.6,117969.5,16.816
2025-07-19T18:38:00.000000Z,117969.5,117969.6,117967.9,117967.9,5.304
2025-07-19T18:39:00.000000Z,117967.9,118013.0,117967.9,118005.8,53.143
2025-07-19T18:40:00.000000Z,118005.7,118018.1,117998.9,118006.6,25.318
2025-07-19T18:41:00.000000Z,118006.6,118006.7,117972.6,117972.6,136.537
2025-07-19T18:42:00.000000Z,117972.7,117972.7,117950.0,117963.7,26.159
2025-07-19T18:43:00.000000Z,117963.8,117975.6,117963.3,117964.1,9.828
2025-07-19T18:44:00.000000Z,117964.1,117964.2,117916.2,117926.2,28.079
2025-07-19T18:45:00.000000Z,117926.3,117976.3,117926.2,117952.8,52.993
2025-07-19T18:46:00.000000Z,117952.8,117952.9,117940.0,117940.1,7.112
2025-07-19T18:47:00.000000Z,117940.1,117940.1,117860.5,117860.6,28.652
2025-07-19T18:48:00.000000Z,117860.5,117880.0,117849.5,117879.2,70.856
2025-07-19T18:49:00.000000Z,117879.3,117897.1,117863.8,117863.9,10.632
2025-07-19T18:50:00.000000Z,117863.9,117863.9,117850.6,117863.8,15.657
2025-07-19T18:51:00.000000Z,117863.8,117863.9,117857.9,117858.0,3.443
2025-07-19T18:52:00.000000Z,117857.9,117892.9,117857.9,117892.8,14.725
2025-07-19T18:53:00.000000Z,117892.7,117897.0,117868.9,117869.0,6.948
2025-07-19T18:54:00.000000Z,117869.0,117870.0,117851.3,117870.0,11.93
2025-07-19T18:55:00.000000Z,117870.0,117870.0,117861.5,117861.6,5.217
2025-07-19T18:56:00.000000Z,117861.5,117861.6,117850.0,117850.1,6.419
2025-07-19T18:57:00.000000Z,117850.1,117850.1,117832.1,117832.1,12.975
2025-07-19T18:58:00.000000Z,117832.2,117832.2,117818.0,117818.0,20.129
2025-07-19T18:59:00.000000Z,117818.0,117841.2,117818.0,117841.2,16.695
2025-07-19T19:00:00.000000Z,117841.1,117841.2,117837.7,117837.8,9.103
2025-07-19T19:01:00.000000Z,117837.8,117844.8,117830.8,117844.8,15.268
2025-07-19T19:02:00.000000Z,117844.7,117890.2,117844.7,117890.2,9.607
2025-07-19T19:03:00.000000Z,117891.5,117900.3,117864.7,117864.7,26.869
2025-07-19T19:04:00.000000Z,117864.8,117864.8,117850.0,117850.0,4.055
2025-07-19T19:05:00.000000Z,117850.1,117850.1,117834.3,117834.3,7.141
2025-07-19T19:06:00.000000Z,117834.3,117834.4,117699.9,117704.3,281.631
2025-07-19T19:07:00.000000Z,117704.3,117736.7,117678.0,117689.3,113.431
2025-07-19T19:08:00.000000Z,117689.3,117700.0,117687.1,117698.2,26.322
2025-07-19T19:09:00.000000Z,117698.3,117698.3,117633.5,117652.7,220.561
2025-07-19T19:10:00.000000Z,117652.7,117672.3,117643.8,117672.2,41.329
2025-07-19T19:11:00.000000Z,117672.3,117672.3,117562.1,117612.2,227.453
2025-07-19T19:12:00.000000Z,117612.1,117678.6,117612.1,117678.6,36.216
2025-07-19T19:13:00.000000Z,117678.6,117700.0,117678.5,117700.0,14.146
2025-07-19T19:14:00.000000Z,117700.0,117733.7,117700.0,117710.8,27.221
2025-07-19T19:15:00.000000Z,117710.8,117759.8,117702.5,117759.8,48.121
2025-07-19T19:16:00.000000Z,117759.7,117773.9,117759.7,117773.8,13.985
2025-07-19T19:17:00.000000Z,117773.9,117773.9,117769.2,117773.8,21.788
2025-07-19T19:18:00.000000Z,117773.8,117786.7,117773.8,117786.7,17.051
2025-07-19T19:19:00.000000Z,117786.7,117799.3,117770.8,117770.9,22.271
2025-07-19T19:20:00.000000Z,117770.8,117774.0,117751.3,117773.9,19.239
2025-07-19T19:21:00.000000Z,117773.9,117774.0,117751.3,117754.7,15.64
2025-07-19T19:22:00.000000Z,117754.7,117811.2,117754.7,117770.7,35.572
2025-07-19T19:23:00.000000Z,117770.5,117796.2,117770.4,117786.9,21.904
2025-07-19T19:24:00.000000Z,117786.9,117786.9,117786.8,117786.8,3.281
2025-07-19T19:25:00.000000Z,117786.8,117796.2,117761.9,117761.9,34.996
2025-07-19T19:26:00.000000Z,117762.0,117835.1,117761.9,117799.3,66.515
2025-07-19T19:27:00.000000Z,117799.4,117831.1,117799.3,117801.6,19.225
2025-07-19T19:28:00.000000Z,117801.5,117835.5,117801.5,117835.5,9.056
2025-07-19T19:29:00.000000Z,117835.5,117837.1,117835.5,117835.6,11.438
2025-07-19T19:30:00.000000Z,117835.7,117851.8,117835.6,117851.8,24.563
2025-07-19T19:31:00.000000Z,117851.7,117864.2,117851.7,117864.2,8.28
2025-07-19T19:32:00.000000Z,117864.2,117871.5,117856.5,117865.1,28.008
2025-07-19T19:33:00.000000Z,117865.2,117884.3,117865.2,117884.3,12.617
2025-07-19T19:34:00.000000Z,117884.3,117894.6,117882.0,117882.1,28.134
2025-07-19T19:35:00.000000Z,117882.0,117907.5,117882.0,117907.5,15.376
2025-07-19T19:36:00.000000Z,117907.4,117942.5,117907.4,117930.1,71.293
2025-07-19T19:37:00.000000Z,117930.1,117967.7,117930.0,117967.7,22.747
2025-07-19T19:38:00.000000Z,117967.7,117967.7,117952.7,117967.5,21.83
2025-07-19T19:39:00.000000Z,117967.5,117990.7,117958.4,117980.6,23.708
2025-07-19T19:40:00.000000Z,117980.5,117980.6,117969.3,117969.4,20.63
2025-07-19T19:41:00.000000Z,117969.3,117993.0,117969.3,117992.9,9.928
2025-07-19T19:42:00.000000Z,117993.0,118076.9,117993.0,118076.9,99.344
2025-07-19T19:43:00.000000Z,118076.9,118124.9,118069.7,118114.4,105.617
2025-07-19T19:44:00.000000Z,118114.3,118116.5,118082.1,118095.9,66.702
2025-07-19T19:45:00.000000Z,118095.9,118096.0,118063.0,118074.4,80.696
2025-07-19T19:46:00.000000Z,118074.3,118074.4,117961.6,118007.6,168.025
2025-07-19T19:47:00.000000Z,118007.6,118021.5,117949.9,117988.1,148.336
2025-07-19T19:48:00.000000Z,117988.0,117998.0,117978.0,117997.2,17.003
2025-07-19T19:49:00.000000Z,117997.3,118007.6,117985.1,118007.6,19.948
2025-07-19T19:50:00.000000Z,118007.5,118020.0,118007.4,118019.9,21.067
2025-07-19T19:51:00.000000Z,118019.9,118029.6,118009.5,118029.5,13.935
2025-07-19T19:52:00.000000Z,118029.5,118029.6,117964.6,117964.7,35.095
2025-07-19T19:53:00.000000Z,117964.6,117964.7,117953.2,117953.2,5.481
2025-07-19T19:54:00.000000Z,117953.2,117978.3,117946.8,117978.2,18.388
2025-07-19T19:55:00.000000Z,117978.2,118011.1,117978.2,118011.1,10.575
2025-07-19T19:56:00.000000Z,118011.0,118011.1,117949.9,117949.9,66.397
2025-07-19T19:57:00.000000Z,117949.9,117985.9,117949.9,117976.8,74.918
2025-07-19T19:58:00.000000Z,117976.8,117984.6,117964.5,117969.9,9.909
2025-07-19T19:59:00.000000Z,117969.9,117978.4,117969.8,117978.3,9.043
2025-07-19T20:00:00.000000Z,117978.4,117978.4,117958.7,117966.7,33.371
2025-07-19T20:01:00.000000Z,117966.7,117966.8,117941.9,117941.9,11.795
2025-07-19T20:02:00.000000Z,117941.9,117947.9,117940.2,117947.8,21.414
2025-07-19T20:03:00.000000Z,117947.8,117965.6,117929.2,117965.0,32.409
2025-07-19T20:04:00.000000Z,117965.1,117965.1,117941.8,117953.7,10.219
2025-07-19T20:05:00.000000Z,117953.7,118019.4,117953.6,117992.4,46.799
2025-07-19T20:06:00.000000Z,117992.3,118042.9,117992.3,118042.9,16.421
2025-07-19T20:07:00.000000Z,118042.9,118095.7,118042.8,118093.3,40.648
2025-07-19T20:08:00.000000Z,118093.3,118125.7,118057.6,118057.7,77.182
2025-07-19T20:09:00.000000Z,118057.6,118057.7,118035.8,118035.8,36.104
2025-07-19T20:10:00.000000Z,118035.9,118038.2,118006.5,118007.9,33.891
2025-07-19T20:11:00.000000Z,118007.9,118041.9,118007.8,118037.2,19.584
2025-07-19T20:12:00.000000Z,118037.2,118037.3,118023.0,118023.0,18.217
2025-07-19T20:13:00.000000Z,118023.0,118023.1,117990.5,117990.5,6.162
2025-07-19T20:14:00.000000Z,117990.5,117993.5,117984.8,117984.8,18.889
2025-07-19T20:15:00.000000Z,117984.9,117984.9,117933.3,117933.4,18.533
2025-07-19T20:16:00.000000Z,117933.3,117933.4,117923.0,117923.0,14.638
2025-07-19T20:17:00.000000Z,117923.0,117923.0,117882.1,117882.1,22.685
2025-07-19T20:18:00.000000Z,117882.2,117885.6,117873.9,117873.9,9.661
2025-07-19T20:19:00.000000Z,117874.0,117919.5,117873.9,117919.4,16.544
2025-07-19T20:20:00.000000Z,117919.4,117930.0,117912.4,117912.4,12.152
2025-07-19T20:21:00.000000Z,117912.4,117916.3,117896.7,117916.2,10.301
2025-07-19T20:22:00.000000Z,117916.2,117917.0,117910.9,117917.0,11.992
2025-07-19T20:23:00.000000Z,117916.9,117917.0,117916.9,117916.9,3.437
2025-07-19T20:24:00.000000Z,117916.9,117950.9,117902.4,117950.9,31.395
2025-07-19T20:25:00.000000Z,117951.5,117951.5,117905.2,117905.3,13.883
2025-07-19T20:26:00.000000Z,117905.2,117932.0,117905.2,117932.0,7.384
2025-07-19T20:27:00.000000Z,117932.0,117955.3,117932.0,117955.2,10.994
2025-07-19T20:28:00.000000Z,117955.3,117977.3,117955.2,117977.2,7.365
2025-07-19T20:29:00.000000Z,117977.2,117977.3,117977.2,117977.2,10.508
2025-07-19T20:30:00.000000Z,117977.2,117977.3,117977.2,117977.2,6.156
2025-07-19T20:31:00.000000Z,117977.2,117977.3,117945.7,117945.7,17.452
2025-07-19T20:32:00.000000Z,117945.7,117945.8,117945.7,117945.7,2.392
2025-07-19T20:33:00.000000Z,117945.7,117945.8,117926.0,117926.0,23.698
2025-07-19T20:34:00.000000Z,117926.0,117926.1,117926.0,117926.1,4.931
2025-07-19T20:35:00.000000Z,117926.0,117975.0,117926.0,117933.7,22.438
2025-07-19T20:36:00.000000Z,117933.6,117933.7,117918.8,117918.9,6.963
2025-07-19T20:37:00.000000Z,117918.8,117946.9,117918.8,117946.8,14.334
2025-07-19T20:38:00.000000Z,117946.8,117946.8,117936.1,117936.2,15.83
2025-07-19T20:39:00.000000Z,117936.1,117936.2,117936.1,117936.1,4.323
2025-07-19T20:40:00.000000Z,117936.1,117976.9,117936.1,117955.4,51.124
2025-07-19T20:41:00.000000Z,117955.5,117955.5,117941.5,117948.2,11.369
2025-07-19T20:42:00.000000Z,117948.2,117965.1,117946.1,117946.1,20.726
2025-07-19T20:43:00.000000Z,117946.1,117980.5,117946.1,117959.2,18.26
2025-07-19T20:44:00.000000Z,117959.3,117959.3,117953.4,117953.4,2.267
2025-07-19T20:45:00.000000Z,117953.4,117953.5,117930.1,117930.2,16.621
2025-07-19T20:46:00.000000Z,117930.1,117961.2,117921.7,117959.8,11.476
2025-07-19T20:47:00.000000Z,117959.8,117959.8,117956.4,117956.5,5.962
2025-07-19T20:48:00.000000Z,117956.5,117999.9,117956.4,117999.9,10.383
2025-07-19T20:49:00.000000Z,117999.9,118017.0,117999.9,118017.0,27.04
2025-07-19T20:50:00.000000Z,118017.0,118018.3,118006.3,118006.3,11.471
2025-07-19T20:51:00.000000Z,118006.3,118006.4,117991.0,118000.0,6.673
2025-07-19T20:52:00.000000Z,118000.1,118022.1,118000.0,118022.1,11.698
2025-07-19T20:53:00.000000Z,118022.1,118054.4,117970.2,117970.2,49.887
2025-07-19T20:54:00.000000Z,117970.2,117982.3,117970.1,117982.3,16.498
2025-07-19T20:55:00.000000Z,117982.2,118026.0,117953.8,117959.1,40.153
2025-07-19T20:56:00.000000Z,117959.1,117959.2,117887.0,117892.5,32.837
2025-07-19T20:57:00.000000Z,117892.5,117892.6,117764.0,117764.0,90.095
2025-07-19T20:58:00.000000Z,117764.0,117764.0,117711.8,117711.9,102.862
2025-07-19T20:59:00.000000Z,117712.0,117716.7,117666.8,117682.3,92.638
2025-07-19T21:00:00.000000Z,117682.3,117686.2,117663.6,117663.7,81.853
2025-07-19T21:01:00.000000Z,117663.6,117784.8,117663.6,117777.7,73.008
2025-07-19T21:02:00.000000Z,117777.6,117777.7,117705.4,117711.0,77.814
2025-07-19T21:03:00.000000Z,117711.0,117748.2,117686.0,117686.1,61.51
2025-07-19T21:04:00.000000Z,117686.0,117686.1,117655.6,117655.6,19.909
2025-07-19T21:05:00.000000Z,117655.6,117681.0,117651.9,117680.9,28.397
2025-07-19T21:06:00.000000Z,117680.9,117716.7,117680.9,117716.7,31.096
2025-07-19T21:07:00.000000Z,117716.6,117716.7,117693.9,117693.9,27.299
2025-07-19T21:08:00.000000Z,117693.9,117769.8,117693.9,117769.8,55.903
2025-07-19T21:09:00.000000Z,117769.7,117782.8,117736.5,117736.6,22.421
2025-07-19T21:10:00.000000Z,117736.5,117793.9,117727.4,117793.9,39.337
2025-07-19T21:11:00.000000Z,117793.8,117809.0,117782.0,117790.2,38.868
2025-07-19T21:12:00.000000Z,117790.2,117790.3,117616.4,117616.6,146.605
2025-07-19T21:13:00.000000Z,117616.6,117647.0,117526.9,117537.8,231.088
2025-07-19T21:14:00.000000Z,117537.8,117572.8,117500.0,117572.8,355.265
2025-07-19T21:15:00.000000Z,117572.8,117657.4,117549.0,117657.3,91.622
2025-07-19T21:16:00.000000Z,117657.4,117657.4,117533.8,117533.8,81.15
2025-07-19T21:17:00.000000Z,117533.9,117563.6,117482.0,117484.4,123.345
2025-07-19T21:18:00.000000Z,117484.3,117488.4,117465.2,117465.3,84.708
2025-07-19T21:19:00.000000Z,117465.3,117497.2,117366.9,117418.2,383.679
2025-07-19T21:20:00.000000Z,117418.2,117570.4,117400.0,117531.1,498.368
2025-07-19T21:21:00.000000Z,117531.1,117531.1,117384.9,117384.9,131.769
2025-07-19T21:22:00.000000Z,117384.9,117388.1,117363.1,117363.1,65.144
2025-07-19T21:23:00.000000Z,117363.1,117410.0,117360.0,117403.2,75.64
2025-07-19T21:24:00.000000Z,117403.2,117403.3,117300.0,117300.1,105.066
2025-07-19T21:25:00.000000Z,117300.1,117356.8,117245.9,117280.1,348.602
2025-07-19T21:26:00.000000Z,117280.0,117421.2,117261.4,117302.4,166.567
2025-07-19T21:27:00.000000Z,117302.3,117403.6,117302.3,117370.0,122.195
2025-07-19T21:28:00.000000Z,117370.0,117514.1,117370.0,117497.6,149.861
2025-07-19T21:29:00.000000Z,117497.6,117670.1,117497.6,117662.3,208.305
2025-07-19T21:30:00.000000Z,117662.4,117681.9,117438.9,117461.3,317.6
2025-07-19T21:31:00.000000Z,117461.4,117461.4,117384.6,117413.2,106.83
2025-07-19T21:32:00.000000Z,117413.2,117445.4,117390.0,117431.5,62.638
2025-07-19T21:33:00.000000Z,117431.5,117467.7,117394.9,117467.7,29.895
2025-07-19T21:34:00.000000Z,117467.7,117513.7,117467.6,117513.7,55.285
2025-07-19T21:35:00.000000Z,117513.7,117565.8,117489.9,117551.9,94.875
2025-07-19T21:36:00.000000Z,117551.9,117603.2,117545.9,117582.7,54.345
2025-07-19T21:37:00.000000Z,117582.8,117582.8,117490.0,117503.0,139.746
2025-07-19T21:38:00.000000Z,117503.0,117537.2,117483.6,117483.6,97.071
2025-07-19T21:39:00.000000Z,117483.7,117559.0,117483.6,117558.9,38.857
2025-07-19T21:40:00.000000Z,117559.0,117587.9,117497.1,117497.2,68.274
2025-07-19T21:41:00.000000Z,117497.2,117497.2,117497.1,117497.1,6.947
2025-07-19T21:42:00.000000Z,117497.2,117497.2,117497.1,117497.2,10.931
2025-07-19T21:43:00.000000Z,117497.2,117497.2,117451.1,117451.2,31.24
2025-07-19T21:44:00.000000Z,117451.2,117451.2,117445.5,117445.6,9.534
2025-07-19T21:45:00.000000Z,117445.6,117497.5,117445.5,117489.7,35.393
2025-07-19T21:46:00.000000Z,117489.7,117545.3,117461.1,117529.5,70.364
2025-07-19T21:47:00.000000Z,117529.5,117554.5,117521.9,117554.5,12.433
2025-07-19T21:48:00.000000Z,117554.5,117554.5,117547.6,117550.0,35.079
2025-07-19T21:49:00.000000Z,117550.0,117572.1,117548.2,117572.1,37.689
2025-07-19T21:50:00.000000Z,117572.1,117605.5,117572.1,117585.7,25.125
2025-07-19T21:51:00.000000Z,117585.6,117599.2,117585.6,117599.2,7.971
2025-07-19T21:52:00.000000Z,117599.2,117599.6,117599.1,117599.6,17.398
2025-07-19T21:53:00.000000Z,117599.6,117677.8,117599.5,117677.7,129.785
2025-07-19T21:54:00.000000Z,117677.7,117677.8,117636.2,117636.3,32.739
2025-07-19T21:55:00.000000Z,117636.2,117669.0,117610.6,117669.0,35.287
2025-07-19T21:56:00.000000Z,117669.0,117677.8,117668.9,117668.9,13.091
2025-07-19T21:57:00.000000Z,117669.0,117669.0,117668.9,117669.0,7.231
2025-07-19T21:58:00.000000Z,117669.0,117715.9,117668.9,117715.9,47.173
2025-07-19T21:59:00.000000Z,117715.8,117716.0,117666.0,117666.1,35.32
2025-07-19T22:00:00.000000Z,117666.0,117666.1,117625.3,117625.3,22.292
2025-07-19T22:01:00.000000Z,117625.4,117625.4,117585.5,117601.5,58.588
2025-07-19T22:02:00.000000Z,117601.5,117601.5,117521.9,117557.0,111.492
2025-07-19T22:03:00.000000Z,117557.0,117574.6,117553.5,117555.3,18.108
2025-07-19T22:04:00.000000Z,117555.3,117555.3,117511.3,117511.3,22.335
2025-07-19T22:05:00.000000Z,117511.3,117555.3,117491.3,117555.3,32.707
2025-07-19T22:06:00.000000Z,117555.3,117611.0,117555.3,117609.3,19.95
2025-07-19T22:07:00.000000Z,117609.2,117619.2,117587.4,117592.5,26.838
2025-07-19T22:08:00.000000Z,117592.5,117637.9,117592.4,117637.9,17.975
2025-07-19T22:09:00.000000Z,117637.9,117650.6,117620.6,117650.6,26.499
2025-07-19T22:10:00.000000Z,117650.6,117692.3,117650.6,117692.3,42.145
2025-07-19T22:11:00.000000Z,117692.2,117734.0,117681.9,117733.9,29.943
2025-07-19T22:12:00.000000Z,117734.0,117750.0,117694.6,117749.9,74.545
2025-07-19T22:13:00.000000Z,117750.0,117750.0,117721.3,117722.4,34.979
2025-07-19T22:14:00.000000Z,117722.4,117734.0,117712.4,117733.9,45.196
2025-07-19T22:15:00.000000Z,117734.0,117734.0,117700.0,117700.1,74.356
2025-07-19T22:16:00.000000Z,117700.0,117710.0,117700.0,117709.9,21.849
2025-07-19T22:17:00.000000Z,117710.0,117735.2,117709.9,117735.2,19.891
2025-07-19T22:18:00.000000Z,117735.2,117769.1,117735.1,117769.1,45.322
2025-07-19T22:19:00.000000Z,117769.1,117779.9,117750.1,117750.1,31.387
2025-07-19T22:20:00.000000Z,117750.2,117770.3,117750.2,117770.3,26.731
2025-07-19T22:21:00.000000Z,117770.3,117770.3,117663.4,117663.4,130.392
2025-07-19T22:22:00.000000Z,117663.4,117686.9,117661.2,117686.9,24.852
2025-07-19T22:23:00.000000Z,117686.9,117709.1,117686.8,117709.1,12.568
2025-07-19T22:24:00.000000Z,117709.1,117749.8,117709.0,117727.6,59.202
2025-07-19T22:25:00.000000Z,117727.6,117727.6,117727.5,117727.5,12.149
2025-07-19T22:26:00.000000Z,117727.4,117727.4,117670.4,117683.2,26.305
2025-07-19T22:27:00.000000Z,117683.2,117715.0,117683.1,117715.0,77.57
2025-07-19T22:28:00.000000Z,117715.0,117718.8,117700.1,117718.8,11.184
2025-07-19T22:29:00.000000Z,117718.8,117722.3,117675.2,117675.2,30.313
2025-07-19T22:30:00.000000Z,117675.2,117686.0,117669.1,117685.9,12.679
2025-07-19T22:31:00.000000Z,117685.9,117704.8,117662.0,117704.7,18.448
2025-07-19T22:32:00.000000Z,117704.8,117704.8,117683.2,117695.1,25.991
2025-07-19T22:33:00.000000Z,117695.1,117713.6,117690.0,117690.0,9.53
2025-07-19T22:34:00.000000Z,117690.0,117727.0,117690.0,117727.0,6.403
2025-07-19T22:35:00.000000Z,117727.0,117727.0,117726.9,117727.0,3.172
2025-07-19T22:36:00.000000Z,117727.0,117727.0,117726.9,117726.9,10.485
2025-07-19T22:37:00.000000Z,117726.9,117727.0,117726.9,117727.0,3.31
2025-07-19T22:38:00.000000Z,117727.0,117727.0,117699.7,117700.0,26.443
2025-07-19T22:39:00.000000Z,117700.1,117707.4,117665.3,117707.4,18.466
2025-07-19T22:40:00.000000Z,117707.4,117727.4,117707.4,117727.4,18.549
2025-07-19T22:41:00.000000Z,117727.4,117782.1,117727.3,117782.1,17.911
2025-07-19T22:42:00.000000Z,117782.1,117815.8,117773.8,117773.8,60.189
2025-07-19T22:43:00.000000Z,117773.9,117816.6,117773.8,117816.5,13.716
2025-07-19T22:44:00.000000Z,117816.6,117816.6,117799.0,117802.0,22.444
