timestamp,open,high,low,close,volume
2025-07-12T22:45:00.000000Z,160.25,160.29,160.2,160.24,2512.63
2025-07-12T22:46:00.000000Z,160.25,160.25,160.14,160.18,3087.07
2025-07-12T22:47:00.000000Z,160.18,160.19,160.1,160.1,1865.53
2025-07-12T22:48:00.000000Z,160.1,160.11,159.95,159.95,2771.75
2025-07-12T22:49:00.000000Z,159.94,159.96,159.85,159.96,3152.11
2025-07-12T22:50:00.000000Z,159.95,160.02,159.93,160.01,1483.13
2025-07-12T22:51:00.000000Z,160.01,160.04,160.0,160.02,1325.83
2025-07-12T22:52:00.000000Z,160.02,160.07,160.02,160.04,1740.72
2025-07-12T22:53:00.000000Z,160.04,160.1,160.0,160.1,1951.42
2025-07-12T22:54:00.000000Z,160.1,160.17,160.06,160.06,1263.07
2025-07-12T22:55:00.000000Z,160.06,160.14,160.06,160.13,937.03
2025-07-12T22:56:00.000000Z,160.13,160.17,160.11,160.11,2313.05
2025-07-12T22:57:00.000000Z,160.12,160.25,160.11,160.25,5153.31
2025-07-12T22:58:00.000000Z,160.24,160.25,160.2,160.22,1711.0
2025-07-12T22:59:00.000000Z,160.23,160.39,160.22,160.36,8042.86
2025-07-12T23:00:00.000000Z,160.36,160.47,160.31,160.43,5323.29
2025-07-12T23:01:00.000000Z,160.43,160.43,160.33,160.34,2442.81
2025-07-12T23:02:00.000000Z,160.34,160.36,160.28,160.29,2826.55
2025-07-12T23:03:00.000000Z,160.29,160.3,160.21,160.21,1217.58
2025-07-12T23:04:00.000000Z,160.2,160.21,159.94,159.98,12409.05
2025-07-12T23:05:00.000000Z,159.98,160.08,159.98,160.01,7372.79
2025-07-12T23:06:00.000000Z,160.02,160.1,160.01,160.08,1180.23
2025-07-12T23:07:00.000000Z,160.07,160.09,159.89,159.93,9060.87
2025-07-12T23:08:00.000000Z,159.94,159.96,159.89,159.89,1778.52
2025-07-12T23:09:00.000000Z,159.89,159.92,159.8,159.91,5704.97
2025-07-12T23:10:00.000000Z,159.9,159.95,159.9,159.92,2119.06
2025-07-12T23:11:00.000000Z,159.92,159.96,159.92,159.93,1352.44
2025-07-12T23:12:00.000000Z,159.93,159.93,159.85,159.89,2265.3
2025-07-12T23:13:00.000000Z,159.89,159.92,159.85,159.91,640.48
2025-07-12T23:14:00.000000Z,159.92,160.01,159.87,160.0,1469.54
2025-07-12T23:15:00.000000Z,160.01,160.13,160.01,160.07,2079.11
2025-07-12T23:16:00.000000Z,160.07,160.17,160.07,160.16,1195.16
2025-07-12T23:17:00.000000Z,160.16,160.36,160.16,160.29,4146.75
2025-07-12T23:18:00.000000Z,160.3,160.3,160.21,160.26,2133.48
2025-07-12T23:19:00.000000Z,160.25,160.27,160.17,160.17,1324.85
2025-07-12T23:20:00.000000Z,160.17,160.27,160.16,160.26,1135.7
2025-07-12T23:21:00.000000Z,160.26,160.29,160.21,160.29,1346.09
2025-07-12T23:22:00.000000Z,160.29,160.37,160.29,160.35,1553.08
2025-07-12T23:23:00.000000Z,160.35,160.35,160.31,160.34,1653.23
2025-07-12T23:24:00.000000Z,160.33,160.34,160.32,160.32,596.16
2025-07-12T23:25:00.000000Z,160.32,160.32,160.16,160.24,2963.18
2025-07-12T23:26:00.000000Z,160.24,160.29,160.19,160.2,1953.37
2025-07-12T23:27:00.000000Z,160.21,160.25,160.19,160.2,327.45
2025-07-12T23:28:00.000000Z,160.2,160.22,160.18,160.2,1254.42
2025-07-12T23:29:00.000000Z,160.2,160.22,160.2,160.22,869.69
2025-07-12T23:30:00.000000Z,160.21,160.27,160.17,160.17,2363.21
2025-07-12T23:31:00.000000Z,160.18,160.25,160.18,160.25,695.29
2025-07-12T23:32:00.000000Z,160.25,160.32,160.23,160.31,2955.98
2025-07-12T23:33:00.000000Z,160.32,160.35,160.31,160.31,2188.2
2025-07-12T23:34:00.000000Z,160.32,160.35,160.28,160.34,3219.56
2025-07-12T23:35:00.000000Z,160.34,160.35,160.31,160.34,1496.42
2025-07-12T23:36:00.000000Z,160.35,160.35,160.28,160.29,1562.81
2025-07-12T23:37:00.000000Z,160.29,160.31,160.28,160.29,2015.67
2025-07-12T23:38:00.000000Z,160.29,160.29,160.13,160.13,3029.68
2025-07-12T23:39:00.000000Z,160.13,160.17,160.1,160.13,1532.4
2025-07-12T23:40:00.000000Z,160.13,160.18,160.13,160.15,857.0
2025-07-12T23:41:00.000000Z,160.15,160.19,160.08,160.09,999.9
2025-07-12T23:42:00.000000Z,160.09,160.13,160.08,160.09,947.28
2025-07-12T23:43:00.000000Z,160.08,160.08,160.02,160.03,1252.62
2025-07-12T23:44:00.000000Z,160.02,160.09,159.98,160.07,6096.07
2025-07-12T23:45:00.000000Z,160.07,160.08,160.01,160.03,1433.73
2025-07-12T23:46:00.000000Z,160.04,160.28,160.03,160.28,2883.25
2025-07-12T23:47:00.000000Z,160.28,160.32,160.21,160.27,4777.56
2025-07-12T23:48:00.000000Z,160.28,160.33,160.23,160.32,4144.29
2025-07-12T23:49:00.000000Z,160.32,160.8,160.3,160.76,43641.33
2025-07-12T23:50:00.000000Z,160.76,160.9,160.71,160.72,15504.2
2025-07-12T23:51:00.000000Z,160.73,160.73,160.64,160.67,12532.24
2025-07-12T23:52:00.000000Z,160.66,160.7,160.63,160.64,2589.06
2025-07-12T23:53:00.000000Z,160.64,160.64,160.56,160.6,3094.59
2025-07-12T23:54:00.000000Z,160.61,160.66,160.54,160.66,3256.49
2025-07-12T23:55:00.000000Z,160.65,160.66,160.58,160.63,4333.67
2025-07-12T23:56:00.000000Z,160.63,160.63,160.55,160.57,1536.88
2025-07-12T23:57:00.000000Z,160.57,160.59,160.51,160.57,3234.35
2025-07-12T23:58:00.000000Z,160.57,160.62,160.56,160.58,2610.19
2025-07-12T23:59:00.000000Z,160.58,160.64,160.51,160.63,2573.03
2025-07-13T00:00:00.000000Z,160.64,160.7,160.56,160.56,5255.71
2025-07-13T00:01:00.000000Z,160.56,160.58,160.47,160.49,3881.72
2025-07-13T00:02:00.000000Z,160.49,160.52,160.45,160.48,2599.71
2025-07-13T00:03:00.000000Z,160.47,160.54,160.42,160.43,16388.01
2025-07-13T00:04:00.000000Z,160.43,160.48,160.41,160.42,2997.19
2025-07-13T00:05:00.000000Z,160.42,160.43,160.36,160.39,5840.0
2025-07-13T00:06:00.000000Z,160.39,160.39,160.22,160.25,4972.82
2025-07-13T00:07:00.000000Z,160.26,160.29,160.18,160.23,4583.46
2025-07-13T00:08:00.000000Z,160.23,160.23,160.13,160.13,2664.85
2025-07-13T00:09:00.000000Z,160.13,160.3,160.12,160.26,6771.92
2025-07-13T00:10:00.000000Z,160.26,160.27,160.21,160.27,2708.24
2025-07-13T00:11:00.000000Z,160.26,160.43,160.24,160.43,2962.53
2025-07-13T00:12:00.000000Z,160.42,160.42,160.33,160.33,2037.16
2025-07-13T00:13:00.000000Z,160.32,160.43,160.28,160.42,2406.92
2025-07-13T00:14:00.000000Z,160.41,160.49,160.41,160.43,2019.33
2025-07-13T00:15:00.000000Z,160.43,160.48,160.3,160.3,9463.88
2025-07-13T00:16:00.000000Z,160.31,160.36,160.25,160.33,8706.36
2025-07-13T00:17:00.000000Z,160.33,160.33,160.24,160.25,1529.28
2025-07-13T00:18:00.000000Z,160.25,160.6,160.19,160.55,25309.54
2025-07-13T00:19:00.000000Z,160.55,160.6,160.52,160.53,6169.37
2025-07-13T00:20:00.000000Z,160.53,160.69,160.5,160.69,5893.05
2025-07-13T00:21:00.000000Z,160.69,160.88,160.68,160.88,14721.88
2025-07-13T00:22:00.000000Z,160.88,161.36,160.87,161.17,81019.16
2025-07-13T00:23:00.000000Z,161.16,161.17,161.0,161.1,15305.47
2025-07-13T00:24:00.000000Z,161.11,161.13,160.85,160.93,16467.22
2025-07-13T00:25:00.000000Z,160.93,161.64,160.92,161.53,125155.72
2025-07-13T00:26:00.000000Z,161.53,161.72,161.4,161.43,35860.29
2025-07-13T00:27:00.000000Z,161.43,161.43,161.33,161.38,14088.77
2025-07-13T00:28:00.000000Z,161.37,161.48,161.34,161.42,8560.76
2025-07-13T00:29:00.000000Z,161.43,161.51,161.4,161.5,9483.49
2025-07-13T00:30:00.000000Z,161.5,161.5,161.26,161.31,8163.62
2025-07-13T00:31:00.000000Z,161.31,161.4,161.28,161.32,10534.55
2025-07-13T00:32:00.000000Z,161.31,161.39,161.25,161.26,7530.27
2025-07-13T00:33:00.000000Z,161.27,161.27,161.21,161.24,5097.1
2025-07-13T00:34:00.000000Z,161.24,161.29,161.16,161.18,4715.22
2025-07-13T00:35:00.000000Z,161.18,161.21,161.13,161.21,4872.53
2025-07-13T00:36:00.000000Z,161.21,161.21,160.9,160.98,11531.42
2025-07-13T00:37:00.000000Z,160.98,160.98,160.79,160.84,6903.88
2025-07-13T00:38:00.000000Z,160.84,161.05,160.83,160.94,7084.32
2025-07-13T00:39:00.000000Z,160.95,161.13,160.95,161.1,5139.58
2025-07-13T00:40:00.000000Z,161.1,161.22,161.09,161.2,3151.88
2025-07-13T00:41:00.000000Z,161.21,161.39,161.19,161.39,3798.12
2025-07-13T00:42:00.000000Z,161.4,161.4,161.29,161.32,2707.88
2025-07-13T00:43:00.000000Z,161.33,161.41,161.33,161.39,4207.04
2025-07-13T00:44:00.000000Z,161.38,161.42,161.37,161.39,2815.73
2025-07-13T00:45:00.000000Z,161.39,161.39,161.09,161.1,9212.37
2025-07-13T00:46:00.000000Z,161.09,161.19,161.09,161.17,3978.21
2025-07-13T00:47:00.000000Z,161.18,161.28,161.14,161.18,6552.08
2025-07-13T00:48:00.000000Z,161.19,161.26,161.13,161.13,2831.25
2025-07-13T00:49:00.000000Z,161.13,161.23,161.08,161.1,3258.35
2025-07-13T00:50:00.000000Z,161.09,161.14,161.03,161.11,2886.9
2025-07-13T00:51:00.000000Z,161.11,161.23,161.1,161.2,3315.76
2025-07-13T00:52:00.000000Z,161.2,161.21,161.1,161.1,2704.26
2025-07-13T00:53:00.000000Z,161.11,161.19,160.97,160.97,5280.29
2025-07-13T00:54:00.000000Z,160.97,161.01,160.94,160.95,3175.38
2025-07-13T00:55:00.000000Z,160.95,160.97,160.88,160.97,3995.34
2025-07-13T00:56:00.000000Z,160.96,160.97,160.82,160.82,2636.07
2025-07-13T00:57:00.000000Z,160.82,160.86,160.76,160.83,7145.21
2025-07-13T00:58:00.000000Z,160.83,160.87,160.82,160.83,8006.07
2025-07-13T00:59:00.000000Z,160.83,160.86,160.8,160.84,1812.86
2025-07-13T01:00:00.000000Z,160.85,161.09,160.84,160.94,7504.55
2025-07-13T01:01:00.000000Z,160.94,160.94,160.85,160.9,4253.12
2025-07-13T01:02:00.000000Z,160.89,161.16,160.88,161.13,6494.61
2025-07-13T01:03:00.000000Z,161.12,161.17,161.03,161.07,5569.09
2025-07-13T01:04:00.000000Z,161.08,161.14,161.04,161.07,2327.05
2025-07-13T01:05:00.000000Z,161.07,161.18,161.05,161.14,2890.73
2025-07-13T01:06:00.000000Z,161.15,161.23,161.03,161.03,3507.09
2025-07-13T01:07:00.000000Z,161.03,161.14,161.02,161.11,1683.31
2025-07-13T01:08:00.000000Z,161.11,161.16,161.0,161.0,2563.87
2025-07-13T01:09:00.000000Z,161.01,161.01,160.89,160.9,2538.72
2025-07-13T01:10:00.000000Z,160.9,160.92,160.84,160.9,3799.38
2025-07-13T01:11:00.000000Z,160.9,161.13,160.89,161.13,1685.8
2025-07-13T01:12:00.000000Z,161.13,161.13,161.0,161.0,1868.5
2025-07-13T01:13:00.000000Z,161.01,161.04,160.97,161.02,1910.83
2025-07-13T01:14:00.000000Z,161.01,161.02,160.82,160.91,3503.4
2025-07-13T01:15:00.000000Z,160.91,160.97,160.73,160.73,6377.45
2025-07-13T01:16:00.000000Z,160.73,160.99,160.72,160.77,10388.35
2025-07-13T01:17:00.000000Z,160.78,160.93,160.76,160.92,9852.29
2025-07-13T01:18:00.000000Z,160.92,160.97,160.89,160.91,2701.55
2025-07-13T01:19:00.000000Z,160.92,160.92,160.77,160.82,5991.29
2025-07-13T01:20:00.000000Z,160.82,161.03,160.81,160.93,4248.32
2025-07-13T01:21:00.000000Z,160.94,161.11,160.91,161.11,2969.01
2025-07-13T01:22:00.000000Z,161.11,161.16,161.06,161.1,3770.72
2025-07-13T01:23:00.000000Z,161.09,161.19,161.08,161.18,3802.13
2025-07-13T01:24:00.000000Z,161.18,161.19,161.0,161.0,5398.18
2025-07-13T01:25:00.000000Z,161.0,161.13,160.97,161.06,1965.77
2025-07-13T01:26:00.000000Z,161.05,161.23,161.05,161.2,3613.01
2025-07-13T01:27:00.000000Z,161.21,161.24,161.1,161.1,3283.16
2025-07-13T01:28:00.000000Z,161.1,161.11,160.94,161.08,2092.66
2025-07-13T01:29:00.000000Z,161.07,161.1,161.04,161.07,1866.63
2025-07-13T01:30:00.000000Z,161.07,161.12,161.04,161.1,2872.06
2025-07-13T01:31:00.000000Z,161.1,161.11,160.97,161.05,7185.87
2025-07-13T01:32:00.000000Z,161.05,161.09,161.02,161.04,3324.82
2025-07-13T01:33:00.000000Z,161.05,161.05,160.92,160.93,1609.92
2025-07-13T01:34:00.000000Z,160.92,160.93,160.81,160.9,7659.94
2025-07-13T01:35:00.000000Z,160.91,161.02,160.88,160.99,5054.02
2025-07-13T01:36:00.000000Z,161.0,161.16,160.99,161.0,4167.31
2025-07-13T01:37:00.000000Z,161.0,161.12,160.99,161.12,1612.02
2025-07-13T01:38:00.000000Z,161.13,161.2,161.1,161.2,5225.27
2025-07-13T01:39:00.000000Z,161.2,161.35,161.2,161.33,4214.03
2025-07-13T01:40:00.000000Z,161.34,161.34,161.19,161.24,3357.39
2025-07-13T01:41:00.000000Z,161.24,161.4,161.24,161.33,4997.16
2025-07-13T01:42:00.000000Z,161.32,161.37,161.24,161.33,6598.92
2025-07-13T01:43:00.000000Z,161.32,161.35,161.23,161.27,2652.98
2025-07-13T01:44:00.000000Z,161.27,161.41,161.22,161.36,6371.39
2025-07-13T01:45:00.000000Z,161.35,161.45,161.35,161.39,4788.3
2025-07-13T01:46:00.000000Z,161.39,161.52,161.39,161.52,5055.78
2025-07-13T01:47:00.000000Z,161.52,161.63,161.51,161.61,8839.01
2025-07-13T01:48:00.000000Z,161.61,161.7,161.54,161.57,10174.4
2025-07-13T01:49:00.000000Z,161.56,161.6,161.53,161.58,6325.58
2025-07-13T01:50:00.000000Z,161.57,161.58,161.45,161.52,4009.86
2025-07-13T01:51:00.000000Z,161.52,161.67,161.52,161.64,9010.82
2025-07-13T01:52:00.000000Z,161.64,161.69,161.61,161.64,5664.37
2025-07-13T01:53:00.000000Z,161.64,161.67,161.52,161.54,5386.8
2025-07-13T01:54:00.000000Z,161.54,161.55,161.46,161.48,2390.92
2025-07-13T01:55:00.000000Z,161.47,161.48,161.31,161.34,5970.84
2025-07-13T01:56:00.000000Z,161.33,161.4,161.31,161.34,8578.38
2025-07-13T01:57:00.000000Z,161.34,161.45,161.28,161.45,3582.83
2025-07-13T01:58:00.000000Z,161.45,161.49,161.4,161.49,6015.54
2025-07-13T01:59:00.000000Z,161.49,161.52,161.44,161.45,2063.59
2025-07-13T02:00:00.000000Z,161.45,161.5,161.31,161.44,8691.85
2025-07-13T02:01:00.000000Z,161.45,161.51,161.31,161.32,3285.1
2025-07-13T02:02:00.000000Z,161.32,161.38,161.29,161.3,3854.2
2025-07-13T02:03:00.000000Z,161.3,161.38,161.27,161.31,6585.99
2025-07-13T02:04:00.000000Z,161.31,161.39,161.25,161.25,4327.06
2025-07-13T02:05:00.000000Z,161.25,161.36,161.2,161.2,3282.99
2025-07-13T02:06:00.000000Z,161.21,161.28,161.11,161.27,5801.57
2025-07-13T02:07:00.000000Z,161.28,161.28,161.2,161.2,2561.18
2025-07-13T02:08:00.000000Z,161.21,161.21,161.02,161.05,8449.85
2025-07-13T02:09:00.000000Z,161.06,161.14,161.03,161.11,4798.57
2025-07-13T02:10:00.000000Z,161.1,161.14,161.1,161.11,1470.84
2025-07-13T02:11:00.000000Z,161.11,161.19,161.11,161.17,1456.34
2025-07-13T02:12:00.000000Z,161.17,161.17,161.09,161.13,2411.39
2025-07-13T02:13:00.000000Z,161.14,161.14,161.1,161.12,1005.76
2025-07-13T02:14:00.000000Z,161.11,161.15,161.11,161.13,1180.59
2025-07-13T02:15:00.000000Z,161.12,161.14,161.03,161.04,2540.72
2025-07-13T02:16:00.000000Z,161.03,161.04,160.91,160.93,11735.31
2025-07-13T02:17:00.000000Z,160.92,160.93,160.85,160.88,3846.44
2025-07-13T02:18:00.000000Z,160.89,160.89,160.76,160.81,15067.35
2025-07-13T02:19:00.000000Z,160.82,160.86,160.76,160.86,5041.91
2025-07-13T02:20:00.000000Z,160.85,160.91,160.79,160.8,3469.19
2025-07-13T02:21:00.000000Z,160.79,160.8,160.67,160.72,6108.7
2025-07-13T02:22:00.000000Z,160.71,160.81,160.71,160.8,3485.32
2025-07-13T02:23:00.000000Z,160.81,160.82,160.73,160.78,2384.84
2025-07-13T02:24:00.000000Z,160.79,160.82,160.71,160.71,2566.85
2025-07-13T02:25:00.000000Z,160.71,160.72,160.67,160.67,2645.18
2025-07-13T02:26:00.000000Z,160.67,160.73,160.66,160.72,4064.04
2025-07-13T02:27:00.000000Z,160.73,160.78,160.69,160.72,3166.99
2025-07-13T02:28:00.000000Z,160.72,160.74,160.67,160.67,3551.84
2025-07-13T02:29:00.000000Z,160.67,160.75,160.67,160.74,2748.36
2025-07-13T02:30:00.000000Z,160.74,160.76,160.6,160.6,3977.06
2025-07-13T02:31:00.000000Z,160.6,160.71,160.58,160.71,9327.2
2025-07-13T02:32:00.000000Z,160.7,160.73,160.63,160.68,2559.89
2025-07-13T02:33:00.000000Z,160.69,160.82,160.68,160.8,8257.68
2025-07-13T02:34:00.000000Z,160.8,160.8,160.67,160.67,1993.71
2025-07-13T02:35:00.000000Z,160.68,160.68,160.6,160.61,3065.48
2025-07-13T02:36:00.000000Z,160.61,160.78,160.59,160.77,7099.08
2025-07-13T02:37:00.000000Z,160.77,160.84,160.74,160.8,6727.0
2025-07-13T02:38:00.000000Z,160.8,160.91,160.8,160.83,5926.66
2025-07-13T02:39:00.000000Z,160.84,160.84,160.7,160.74,3464.31
2025-07-13T02:40:00.000000Z,160.73,160.74,160.69,160.71,1628.15
2025-07-13T02:41:00.000000Z,160.72,160.91,160.72,160.89,8259.37
2025-07-13T02:42:00.000000Z,160.89,161.01,160.88,161.0,3951.65
2025-07-13T02:43:00.000000Z,161.0,161.01,160.96,160.97,1348.4
2025-07-13T02:44:00.000000Z,160.97,161.06,160.94,161.05,3479.31
2025-07-13T02:45:00.000000Z,161.05,161.18,161.05,161.18,9566.2
2025-07-13T02:46:00.000000Z,161.18,161.4,161.18,161.28,9116.43
2025-07-13T02:47:00.000000Z,161.29,161.32,161.22,161.25,4003.59
2025-07-13T02:48:00.000000Z,161.25,161.27,161.16,161.16,4830.73
2025-07-13T02:49:00.000000Z,161.16,161.17,161.07,161.11,2654.53
2025-07-13T02:50:00.000000Z,161.11,161.12,161.06,161.1,1892.22
2025-07-13T02:51:00.000000Z,161.09,161.22,161.09,161.17,1864.81
2025-07-13T02:52:00.000000Z,161.17,161.21,161.12,161.21,3772.59
2025-07-13T02:53:00.000000Z,161.21,161.31,161.21,161.28,4512.29
2025-07-13T02:54:00.000000Z,161.29,161.47,161.29,161.44,11116.16
2025-07-13T02:55:00.000000Z,161.44,161.7,161.43,161.68,20802.73
2025-07-13T02:56:00.000000Z,161.68,161.76,161.45,161.54,12423.41
2025-07-13T02:57:00.000000Z,161.54,161.61,161.46,161.49,18359.8
2025-07-13T02:58:00.000000Z,161.5,161.5,161.38,161.39,7700.92
2025-07-13T02:59:00.000000Z,161.39,161.39,161.34,161.36,2019.49
2025-07-13T03:00:00.000000Z,161.36,161.44,161.26,161.3,5574.38
2025-07-13T03:01:00.000000Z,161.29,161.3,161.24,161.25,2093.42
2025-07-13T03:02:00.000000Z,161.24,161.24,161.17,161.24,7905.14
2025-07-13T03:03:00.000000Z,161.24,161.29,161.19,161.2,4002.52
2025-07-13T03:04:00.000000Z,161.19,161.2,161.16,161.19,3072.93
2025-07-13T03:05:00.000000Z,161.19,161.2,161.15,161.18,2237.6
2025-07-13T03:06:00.000000Z,161.18,161.2,160.98,160.98,6717.55
2025-07-13T03:07:00.000000Z,160.99,161.02,160.9,161.01,4536.08
2025-07-13T03:08:00.000000Z,161.01,161.01,160.91,160.96,2984.45
2025-07-13T03:09:00.000000Z,160.97,161.01,160.9,160.94,14504.17
2025-07-13T03:10:00.000000Z,160.94,160.95,160.88,160.91,2329.82
2025-07-13T03:11:00.000000Z,160.91,160.91,160.84,160.85,6017.59
2025-07-13T03:12:00.000000Z,160.85,160.87,160.84,160.87,2017.68
2025-07-13T03:13:00.000000Z,160.87,160.87,160.85,160.86,1494.72
2025-07-13T03:14:00.000000Z,160.86,160.87,160.8,160.81,3535.03
2025-07-13T03:15:00.000000Z,160.81,160.98,160.78,160.96,12433.03
2025-07-13T03:16:00.000000Z,160.96,161.05,160.95,160.99,13996.56
2025-07-13T03:17:00.000000Z,160.99,161.01,160.87,160.89,7184.99
2025-07-13T03:18:00.000000Z,160.89,160.93,160.85,160.88,10635.74
2025-07-13T03:19:00.000000Z,160.88,160.9,160.87,160.9,5546.98
2025-07-13T03:20:00.000000Z,160.9,161.11,160.89,161.11,3515.72
2025-07-13T03:21:00.000000Z,161.11,161.11,161.0,161.01,3402.58
2025-07-13T03:22:00.000000Z,161.01,161.04,160.98,160.99,2887.42
2025-07-13T03:23:00.000000Z,160.99,160.99,160.9,160.9,1395.58
2025-07-13T03:24:00.000000Z,160.9,160.91,160.86,160.89,5159.95
2025-07-13T03:25:00.000000Z,160.89,161.03,160.89,160.97,5523.77
2025-07-13T03:26:00.000000Z,160.97,160.97,160.92,160.93,565.74
2025-07-13T03:27:00.000000Z,160.93,161.02,160.93,160.99,2122.07
2025-07-13T03:28:00.000000Z,160.99,161.05,160.99,161.03,1286.34
2025-07-13T03:29:00.000000Z,161.02,161.03,160.98,160.99,993.0
2025-07-13T03:30:00.000000Z,160.99,161.01,160.94,160.96,3146.49
2025-07-13T03:31:00.000000Z,160.95,161.1,160.95,161.1,2296.66
2025-07-13T03:32:00.000000Z,161.09,161.12,161.07,161.09,2469.07
2025-07-13T03:33:00.000000Z,161.09,161.14,161.09,161.14,2418.4
2025-07-13T03:34:00.000000Z,161.13,161.22,161.13,161.17,2959.22
2025-07-13T03:35:00.000000Z,161.17,161.23,161.17,161.21,3150.09
2025-07-13T03:36:00.000000Z,161.2,161.29,161.19,161.28,2511.55
2025-07-13T03:37:00.000000Z,161.28,161.29,161.17,161.18,2940.52
2025-07-13T03:38:00.000000Z,161.18,161.18,161.09,161.15,4828.68
2025-07-13T03:39:00.000000Z,161.15,161.18,161.03,161.03,2680.96
2025-07-13T03:40:00.000000Z,161.04,161.25,161.03,161.24,4936.82
2025-07-13T03:41:00.000000Z,161.24,161.24,161.15,161.21,2239.3
2025-07-13T03:42:00.000000Z,161.2,161.22,161.1,161.19,2222.27
2025-07-13T03:43:00.000000Z,161.2,161.2,161.15,161.17,1276.25
2025-07-13T03:44:00.000000Z,161.18,161.2,161.1,161.11,1634.14
2025-07-13T03:45:00.000000Z,161.1,161.11,161.03,161.04,1916.19
2025-07-13T03:46:00.000000Z,161.03,161.04,160.95,161.02,3722.97
2025-07-13T03:47:00.000000Z,161.03,161.12,161.02,161.12,1739.7
2025-07-13T03:48:00.000000Z,161.12,161.16,161.08,161.16,1911.02
2025-07-13T03:49:00.000000Z,161.17,161.17,161.07,161.1,1463.07
2025-07-13T03:50:00.000000Z,161.09,161.22,161.09,161.22,1844.15
2025-07-13T03:51:00.000000Z,161.21,161.31,161.21,161.29,1749.84
2025-07-13T03:52:00.000000Z,161.29,161.32,161.22,161.32,2830.37
2025-07-13T03:53:00.000000Z,161.31,161.32,161.25,161.26,1832.02
2025-07-13T03:54:00.000000Z,161.27,161.28,161.24,161.25,1968.7
2025-07-13T03:55:00.000000Z,161.25,161.28,161.24,161.28,960.96
2025-07-13T03:56:00.000000Z,161.28,161.28,161.12,161.23,2611.54
2025-07-13T03:57:00.000000Z,161.22,161.25,161.2,161.23,1366.72
2025-07-13T03:58:00.000000Z,161.23,161.25,161.18,161.2,894.98
2025-07-13T03:59:00.000000Z,161.2,161.2,161.14,161.15,1584.95
2025-07-13T04:00:00.000000Z,161.15,161.26,161.15,161.18,4107.37
2025-07-13T04:01:00.000000Z,161.18,161.18,161.06,161.07,3450.46
2025-07-13T04:02:00.000000Z,161.08,161.14,161.05,161.06,4294.48
2025-07-13T04:03:00.000000Z,161.07,161.08,161.03,161.03,5060.2
2025-07-13T04:04:00.000000Z,161.02,161.17,160.97,161.09,14692.99
2025-07-13T04:05:00.000000Z,161.09,161.14,161.07,161.1,3535.99
2025-07-13T04:06:00.000000Z,161.1,161.16,161.06,161.15,2928.95
2025-07-13T04:07:00.000000Z,161.16,161.16,161.02,161.09,4585.24
2025-07-13T04:08:00.000000Z,161.09,161.29,161.08,161.27,4090.83
2025-07-13T04:09:00.000000Z,161.27,161.39,161.27,161.39,5106.74
2025-07-13T04:10:00.000000Z,161.38,161.57,161.33,161.33,14613.0
2025-07-13T04:11:00.000000Z,161.34,161.42,161.26,161.39,6216.77
2025-07-13T04:12:00.000000Z,161.39,161.47,161.35,161.46,6108.81
2025-07-13T04:13:00.000000Z,161.46,161.49,161.33,161.36,8644.95
2025-07-13T04:14:00.000000Z,161.36,161.4,161.31,161.32,2816.59
2025-07-13T04:15:00.000000Z,161.31,161.33,161.19,161.21,3693.3
2025-07-13T04:16:00.000000Z,161.22,161.32,161.19,161.32,3845.59
2025-07-13T04:17:00.000000Z,161.32,161.37,161.29,161.34,8100.93
2025-07-13T04:18:00.000000Z,161.33,161.62,161.33,161.56,18913.89
2025-07-13T04:19:00.000000Z,161.56,161.65,161.49,161.64,7377.65
2025-07-13T04:20:00.000000Z,161.64,161.69,161.42,161.47,13977.09
2025-07-13T04:21:00.000000Z,161.48,161.73,161.48,161.66,10957.49
2025-07-13T04:22:00.000000Z,161.67,161.84,161.62,161.82,11181.69
2025-07-13T04:23:00.000000Z,161.82,162.0,161.64,161.64,27508.86
2025-07-13T04:24:00.000000Z,161.63,161.67,161.55,161.55,3978.09
2025-07-13T04:25:00.000000Z,161.56,161.66,161.52,161.55,6500.88
2025-07-13T04:26:00.000000Z,161.56,161.67,161.56,161.63,5022.93
2025-07-13T04:27:00.000000Z,161.63,161.63,161.53,161.56,3316.37
2025-07-13T04:28:00.000000Z,161.57,161.57,161.52,161.54,3205.91
2025-07-13T04:29:00.000000Z,161.54,161.64,161.48,161.64,5945.18
2025-07-13T04:30:00.000000Z,161.64,161.74,161.57,161.74,15766.29
2025-07-13T04:31:00.000000Z,161.74,161.92,161.66,161.86,18045.62
2025-07-13T04:32:00.000000Z,161.87,161.97,161.65,161.69,21491.55
2025-07-13T04:33:00.000000Z,161.7,161.83,161.7,161.74,4720.12
2025-07-13T04:34:00.000000Z,161.74,161.78,161.71,161.76,3207.89
2025-07-13T04:35:00.000000Z,161.76,161.92,161.75,161.88,7385.77
2025-07-13T04:36:00.000000Z,161.88,161.98,161.85,161.98,10910.22
2025-07-13T04:37:00.000000Z,161.98,161.98,161.86,161.89,6577.92
2025-07-13T04:38:00.000000Z,161.89,161.92,161.83,161.84,8900.04
2025-07-13T04:39:00.000000Z,161.84,161.84,161.76,161.8,5416.1
2025-07-13T04:40:00.000000Z,161.8,161.86,161.73,161.73,2511.66
2025-07-13T04:41:00.000000Z,161.73,161.77,161.7,161.73,2307.24
2025-07-13T04:42:00.000000Z,161.73,161.73,161.65,161.67,2573.92
2025-07-13T04:43:00.000000Z,161.68,161.72,161.67,161.69,1629.36
2025-07-13T04:44:00.000000Z,161.69,161.72,161.68,161.72,4053.59
2025-07-13T04:45:00.000000Z,161.72,161.83,161.72,161.82,4133.91
2025-07-13T04:46:00.000000Z,161.82,161.88,161.74,161.78,9100.61
2025-07-13T04:47:00.000000Z,161.78,161.86,161.78,161.86,2303.44
2025-07-13T04:48:00.000000Z,161.86,161.94,161.84,161.94,3084.03
2025-07-13T04:49:00.000000Z,161.94,161.96,161.87,161.89,2451.5
2025-07-13T04:50:00.000000Z,161.89,162.0,161.89,161.99,3851.85
2025-07-13T04:51:00.000000Z,161.99,162.08,161.99,161.99,18173.01
2025-07-13T04:52:00.000000Z,162.0,162.06,162.0,162.01,6859.48
2025-07-13T04:53:00.000000Z,162.02,162.04,161.96,162.0,5844.88
2025-07-13T04:54:00.000000Z,162.0,162.0,161.96,161.98,4217.03
2025-07-13T04:55:00.000000Z,161.98,161.98,161.87,161.88,9518.08
2025-07-13T04:56:00.000000Z,161.89,161.89,161.84,161.88,6446.0
2025-07-13T04:57:00.000000Z,161.88,161.99,161.87,161.94,3608.68
2025-07-13T04:58:00.000000Z,161.94,161.94,161.87,161.89,3542.37
2025-07-13T04:59:00.000000Z,161.9,161.92,161.87,161.91,6796.23
2025-07-13T05:00:00.000000Z,161.91,161.91,161.79,161.82,14777.61
2025-07-13T05:01:00.000000Z,161.82,161.82,161.62,161.7,10030.34
2025-07-13T05:02:00.000000Z,161.7,161.7,161.58,161.58,5806.33
2025-07-13T05:03:00.000000Z,161.59,161.62,161.51,161.61,9654.4
2025-07-13T05:04:00.000000Z,161.61,161.85,161.61,161.81,7175.31
2025-07-13T05:05:00.000000Z,161.81,161.85,161.67,161.68,2340.38
2025-07-13T05:06:00.000000Z,161.68,161.77,161.67,161.72,8507.49
2025-07-13T05:07:00.000000Z,161.73,161.88,161.7,161.81,6501.97
2025-07-13T05:08:00.000000Z,161.82,161.98,161.8,161.97,9653.79
2025-07-13T05:09:00.000000Z,161.98,162.18,161.97,162.02,23377.69
2025-07-13T05:10:00.000000Z,162.01,162.02,161.9,161.97,5293.5
2025-07-13T05:11:00.000000Z,161.98,162.1,161.85,161.87,8853.12
2025-07-13T05:12:00.000000Z,161.88,161.88,161.77,161.78,3684.07
2025-07-13T05:13:00.000000Z,161.78,161.89,161.77,161.87,1540.89
2025-07-13T05:14:00.000000Z,161.87,161.87,161.81,161.84,1777.82
2025-07-13T05:15:00.000000Z,161.85,161.85,161.73,161.77,6361.91
2025-07-13T05:16:00.000000Z,161.77,161.78,161.6,161.62,4454.6
2025-07-13T05:17:00.000000Z,161.62,161.72,161.6,161.64,7572.11
2025-07-13T05:18:00.000000Z,161.65,161.7,161.64,161.7,2066.63
2025-07-13T05:19:00.000000Z,161.69,161.7,161.56,161.57,7523.92
2025-07-13T05:20:00.000000Z,161.56,161.61,161.56,161.57,5703.18
2025-07-13T05:21:00.000000Z,161.58,161.62,161.57,161.62,1401.74
2025-07-13T05:22:00.000000Z,161.62,161.63,161.59,161.61,1842.11
2025-07-13T05:23:00.000000Z,161.6,161.67,161.6,161.66,1353.77
2025-07-13T05:24:00.000000Z,161.66,161.68,161.58,161.62,1868.34
2025-07-13T05:25:00.000000Z,161.63,161.63,161.53,161.53,1307.47
2025-07-13T05:26:00.000000Z,161.53,161.66,161.53,161.66,5099.14
2025-07-13T05:27:00.000000Z,161.66,161.76,161.65,161.74,3272.02
2025-07-13T05:28:00.000000Z,161.74,161.9,161.74,161.9,5308.12
2025-07-13T05:29:00.000000Z,161.9,161.97,161.82,161.95,6477.67
2025-07-13T05:30:00.000000Z,161.94,161.94,161.85,161.87,5953.66
2025-07-13T05:31:00.000000Z,161.87,161.95,161.85,161.93,5506.26
2025-07-13T05:32:00.000000Z,161.93,162.06,161.93,162.04,14159.79
2025-07-13T05:33:00.000000Z,162.05,162.06,162.01,162.03,5967.08
2025-07-13T05:34:00.000000Z,162.04,162.08,162.02,162.08,3149.92
2025-07-13T05:35:00.000000Z,162.08,162.15,161.97,161.97,7343.63
2025-07-13T05:36:00.000000Z,161.98,162.02,161.95,161.96,2656.95
2025-07-13T05:37:00.000000Z,161.95,161.96,161.85,161.88,12061.66
2025-07-13T05:38:00.000000Z,161.88,161.89,161.82,161.83,2252.19
2025-07-13T05:39:00.000000Z,161.82,161.99,161.82,161.95,2861.12
2025-07-13T05:40:00.000000Z,161.95,161.96,161.88,161.9,4146.24
2025-07-13T05:41:00.000000Z,161.9,161.95,161.71,161.72,3445.23
2025-07-13T05:42:00.000000Z,161.73,161.84,161.72,161.84,5864.69
2025-07-13T05:43:00.000000Z,161.84,161.84,161.8,161.81,373.42
2025-07-13T05:44:00.000000Z,161.8,161.81,161.72,161.72,3809.36
2025-07-13T05:45:00.000000Z,161.72,161.73,161.57,161.62,7547.19
2025-07-13T05:46:00.000000Z,161.61,161.62,161.55,161.57,3372.4
2025-07-13T05:47:00.000000Z,161.56,161.75,161.55,161.75,5170.74
2025-07-13T05:48:00.000000Z,161.74,161.75,161.59,161.6,3502.94
2025-07-13T05:49:00.000000Z,161.6,161.6,161.52,161.55,4300.13
2025-07-13T05:50:00.000000Z,161.55,161.59,161.42,161.42,14867.0
2025-07-13T05:51:00.000000Z,161.42,161.42,161.23,161.33,17784.49
2025-07-13T05:52:00.000000Z,161.33,161.44,161.32,161.44,2736.92
2025-07-13T05:53:00.000000Z,161.44,161.45,161.34,161.38,5560.85
2025-07-13T05:54:00.000000Z,161.38,161.4,161.35,161.4,2431.17
2025-07-13T05:55:00.000000Z,161.39,161.5,161.39,161.5,3903.91
2025-07-13T05:56:00.000000Z,161.49,161.5,161.44,161.44,4061.41
2025-07-13T05:57:00.000000Z,161.45,161.49,161.36,161.36,3686.62
2025-07-13T05:58:00.000000Z,161.36,161.41,161.35,161.38,1812.65
2025-07-13T05:59:00.000000Z,161.38,161.42,161.27,161.29,3829.92
2025-07-13T06:00:00.000000Z,161.29,161.31,161.26,161.27,4662.92
2025-07-13T06:01:00.000000Z,161.26,161.27,161.2,161.22,5967.64
2025-07-13T06:02:00.000000Z,161.22,161.34,161.22,161.33,4867.96
2025-07-13T06:03:00.000000Z,161.34,161.5,161.34,161.5,6915.89
2025-07-13T06:04:00.000000Z,161.49,161.5,161.44,161.46,3490.49
2025-07-13T06:05:00.000000Z,161.45,161.5,161.44,161.44,3959.54
2025-07-13T06:06:00.000000Z,161.44,161.53,161.44,161.53,2004.09
2025-07-13T06:07:00.000000Z,161.53,161.62,161.5,161.5,4860.4
2025-07-13T06:08:00.000000Z,161.5,161.58,161.5,161.58,1419.51
2025-07-13T06:09:00.000000Z,161.57,161.58,161.48,161.55,2222.1
2025-07-13T06:10:00.000000Z,161.55,161.55,161.46,161.49,3432.97
2025-07-13T06:11:00.000000Z,161.5,161.54,161.49,161.49,821.7
2025-07-13T06:12:00.000000Z,161.49,161.5,161.44,161.48,2437.46
2025-07-13T06:13:00.000000Z,161.49,161.56,161.48,161.56,1758.23
2025-07-13T06:14:00.000000Z,161.55,161.57,161.52,161.55,9760.85
2025-07-13T06:15:00.000000Z,161.56,161.63,161.55,161.62,2787.87
2025-07-13T06:16:00.000000Z,161.63,161.7,161.6,161.67,4720.53
2025-07-13T06:17:00.000000Z,161.67,161.7,161.53,161.54,3744.05
2025-07-13T06:18:00.000000Z,161.54,161.58,161.49,161.57,8955.43
2025-07-13T06:19:00.000000Z,161.56,161.62,161.56,161.58,2675.12
2025-07-13T06:20:00.000000Z,161.58,161.62,161.56,161.57,2273.41
2025-07-13T06:21:00.000000Z,161.58,161.58,161.53,161.55,1992.34
2025-07-13T06:22:00.000000Z,161.55,161.65,161.54,161.65,1462.01
2025-07-13T06:23:00.000000Z,161.65,161.68,161.6,161.67,2989.97
2025-07-13T06:24:00.000000Z,161.68,161.77,161.66,161.77,4697.09
2025-07-13T06:25:00.000000Z,161.77,161.8,161.76,161.79,5489.38
2025-07-13T06:26:00.000000Z,161.8,161.8,161.68,161.77,8300.19
2025-07-13T06:27:00.000000Z,161.77,161.77,161.68,161.7,5100.19
2025-07-13T06:28:00.000000Z,161.7,161.77,161.7,161.73,1341.39
2025-07-13T06:29:00.000000Z,161.72,161.78,161.72,161.74,3423.1
2025-07-13T06:30:00.000000Z,161.75,161.76,161.74,161.75,3541.8
2025-07-13T06:31:00.000000Z,161.75,161.81,161.72,161.81,2123.89
2025-07-13T06:32:00.000000Z,161.81,161.94,161.8,161.91,7168.62
2025-07-13T06:33:00.000000Z,161.92,161.98,161.88,161.94,7112.72
2025-07-13T06:34:00.000000Z,161.94,161.96,161.87,161.93,4631.37
2025-07-13T06:35:00.000000Z,161.92,162.03,161.92,162.01,22177.92
2025-07-13T06:36:00.000000Z,162.0,162.01,161.93,162.0,5671.37
2025-07-13T06:37:00.000000Z,162.0,162.04,161.95,161.99,4040.9
2025-07-13T06:38:00.000000Z,162.0,162.08,161.96,162.03,8374.29
2025-07-13T06:39:00.000000Z,162.02,162.06,161.95,161.97,7048.13
2025-07-13T06:40:00.000000Z,161.96,161.96,161.82,161.84,6830.41
2025-07-13T06:41:00.000000Z,161.84,161.9,161.82,161.9,2270.0
2025-07-13T06:42:00.000000Z,161.89,162.0,161.89,161.99,9168.68
2025-07-13T06:43:00.000000Z,161.98,162.02,161.97,162.01,6476.96
2025-07-13T06:44:00.000000Z,162.01,162.01,161.83,161.83,5984.16
2025-07-13T06:45:00.000000Z,161.83,161.84,161.74,161.75,7410.91
2025-07-13T06:46:00.000000Z,161.74,161.75,161.58,161.58,6207.29
2025-07-13T06:47:00.000000Z,161.59,161.7,161.58,161.61,4206.13
2025-07-13T06:48:00.000000Z,161.6,161.66,161.6,161.63,2482.21
2025-07-13T06:49:00.000000Z,161.63,161.63,161.54,161.61,5997.6
2025-07-13T06:50:00.000000Z,161.61,161.67,161.58,161.64,3712.45
2025-07-13T06:51:00.000000Z,161.65,161.66,161.57,161.58,5889.82
2025-07-13T06:52:00.000000Z,161.58,161.58,161.53,161.57,2927.24
2025-07-13T06:53:00.000000Z,161.58,161.58,161.48,161.52,4764.64
2025-07-13T06:54:00.000000Z,161.52,161.57,161.49,161.5,2688.48
2025-07-13T06:55:00.000000Z,161.49,161.52,161.45,161.52,3562.3
2025-07-13T06:56:00.000000Z,161.51,161.57,161.51,161.55,3289.88
2025-07-13T06:57:00.000000Z,161.55,161.55,161.5,161.51,1273.43
2025-07-13T06:58:00.000000Z,161.51,161.54,161.5,161.52,1455.13
2025-07-13T06:59:00.000000Z,161.51,161.54,161.49,161.53,1306.76
2025-07-13T07:00:00.000000Z,161.53,161.57,161.49,161.56,5976.7
2025-07-13T07:01:00.000000Z,161.55,161.59,161.52,161.59,1990.86
2025-07-13T07:02:00.000000Z,161.58,161.6,161.52,161.53,1856.2
2025-07-13T07:03:00.000000Z,161.53,161.55,161.43,161.43,6019.0
2025-07-13T07:04:00.000000Z,161.44,161.57,161.4,161.53,9466.82
2025-07-13T07:05:00.000000Z,161.54,161.62,161.53,161.61,1891.43
2025-07-13T07:06:00.000000Z,161.62,161.76,161.61,161.76,3796.78
2025-07-13T07:07:00.000000Z,161.75,161.8,161.65,161.66,4418.51
2025-07-13T07:08:00.000000Z,161.65,161.69,161.63,161.64,5655.59
2025-07-13T07:09:00.000000Z,161.64,161.68,161.64,161.67,1045.68
2025-07-13T07:10:00.000000Z,161.67,161.73,161.67,161.73,1897.84
2025-07-13T07:11:00.000000Z,161.72,161.79,161.71,161.72,2891.8
2025-07-13T07:12:00.000000Z,161.72,161.79,161.72,161.79,1904.16
2025-07-13T07:13:00.000000Z,161.78,161.84,161.78,161.82,2246.8
2025-07-13T07:14:00.000000Z,161.82,162.0,161.82,161.92,8642.09
2025-07-13T07:15:00.000000Z,161.93,162.01,161.92,161.99,15231.08
2025-07-13T07:16:00.000000Z,161.98,162.07,161.97,161.99,7048.94
2025-07-13T07:17:00.000000Z,161.99,162.0,161.96,161.99,1560.47
2025-07-13T07:18:00.000000Z,161.99,162.0,161.9,161.93,2208.28
2025-07-13T07:19:00.000000Z,161.93,161.99,161.92,161.98,2054.39
2025-07-13T07:20:00.000000Z,161.98,161.99,161.94,161.98,2754.39
2025-07-13T07:21:00.000000Z,161.99,162.03,161.97,162.03,9457.79
2025-07-13T07:22:00.000000Z,162.02,162.04,162.01,162.03,3253.37
2025-07-13T07:23:00.000000Z,162.03,162.04,162.02,162.04,2940.53
2025-07-13T07:24:00.000000Z,162.03,162.09,162.0,162.01,11484.22
2025-07-13T07:25:00.000000Z,162.01,162.04,161.99,161.99,2421.79
2025-07-13T07:26:00.000000Z,162.0,162.0,161.98,161.99,1795.28
2025-07-13T07:27:00.000000Z,161.99,161.99,161.88,161.91,5135.86
2025-07-13T07:28:00.000000Z,161.9,161.92,161.86,161.89,5757.53
2025-07-13T07:29:00.000000Z,161.89,161.93,161.89,161.92,1469.5
2025-07-13T07:30:00.000000Z,161.93,161.94,161.91,161.94,2449.75
2025-07-13T07:31:00.000000Z,161.94,161.94,161.89,161.92,2852.69
2025-07-13T07:32:00.000000Z,161.93,161.95,161.92,161.94,1642.04
2025-07-13T07:33:00.000000Z,161.95,162.02,161.89,161.97,14732.07
2025-07-13T07:34:00.000000Z,161.98,162.17,161.97,162.15,8290.72
2025-07-13T07:35:00.000000Z,162.15,162.24,162.14,162.21,14934.67
2025-07-13T07:36:00.000000Z,162.21,162.27,162.21,162.26,9017.42
2025-07-13T07:37:00.000000Z,162.27,162.28,162.23,162.26,6041.32
2025-07-13T07:38:00.000000Z,162.26,162.35,162.22,162.35,22990.36
2025-07-13T07:39:00.000000Z,162.35,162.39,162.23,162.31,11171.61
2025-07-13T07:40:00.000000Z,162.3,162.44,162.3,162.43,10005.65
2025-07-13T07:41:00.000000Z,162.42,162.46,162.32,162.38,9410.48
2025-07-13T07:42:00.000000Z,162.38,162.41,162.33,162.37,8845.61
2025-07-13T07:43:00.000000Z,162.38,162.49,162.31,162.33,9882.7
2025-07-13T07:44:00.000000Z,162.34,162.35,162.25,162.25,3327.31
2025-07-13T07:45:00.000000Z,162.25,162.33,162.22,162.29,14961.38
2025-07-13T07:46:00.000000Z,162.29,162.33,162.25,162.29,3168.62
2025-07-13T07:47:00.000000Z,162.29,162.34,162.28,162.33,3032.14
2025-07-13T07:48:00.000000Z,162.34,162.35,162.29,162.34,2506.36
2025-07-13T07:49:00.000000Z,162.34,162.35,162.23,162.28,3873.97
2025-07-13T07:50:00.000000Z,162.27,162.32,162.27,162.31,2278.72
2025-07-13T07:51:00.000000Z,162.31,162.35,162.24,162.25,6867.64
2025-07-13T07:52:00.000000Z,162.24,162.4,162.24,162.39,3811.7
2025-07-13T07:53:00.000000Z,162.39,162.4,162.38,162.38,2557.04
2025-07-13T07:54:00.000000Z,162.39,162.43,162.36,162.4,4620.92
2025-07-13T07:55:00.000000Z,162.39,162.4,162.28,162.29,3759.86
2025-07-13T07:56:00.000000Z,162.29,162.4,162.28,162.4,3413.43
2025-07-13T07:57:00.000000Z,162.4,162.43,162.39,162.41,2649.89
2025-07-13T07:58:00.000000Z,162.41,162.48,162.4,162.46,3073.15
2025-07-13T07:59:00.000000Z,162.46,162.7,162.46,162.57,40026.03
2025-07-13T08:00:00.000000Z,162.57,162.66,162.56,162.63,5764.33
2025-07-13T08:01:00.000000Z,162.64,162.65,162.54,162.55,5428.47
2025-07-13T08:02:00.000000Z,162.54,162.54,162.28,162.3,9890.75
2025-07-13T08:03:00.000000Z,162.3,162.31,162.19,162.27,14321.51
2025-07-13T08:04:00.000000Z,162.27,162.28,162.18,162.27,4467.9
2025-07-13T08:05:00.000000Z,162.28,162.35,162.23,162.25,4067.44
2025-07-13T08:06:00.000000Z,162.26,162.34,162.25,162.27,2964.86
2025-07-13T08:07:00.000000Z,162.28,162.37,162.28,162.37,1679.58
2025-07-13T08:08:00.000000Z,162.36,162.39,162.31,162.34,5325.86
2025-07-13T08:09:00.000000Z,162.35,162.35,162.3,162.34,2388.69
2025-07-13T08:10:00.000000Z,162.34,162.35,162.25,162.26,5218.58
2025-07-13T08:11:00.000000Z,162.27,162.3,162.18,162.22,6831.37
2025-07-13T08:12:00.000000Z,162.21,162.25,162.15,162.2,8300.88
2025-07-13T08:13:00.000000Z,162.21,162.4,162.2,162.37,3256.68
2025-07-13T08:14:00.000000Z,162.37,162.42,162.33,162.4,2591.01
2025-07-13T08:15:00.000000Z,162.41,162.41,162.18,162.2,12464.44
2025-07-13T08:16:00.000000Z,162.2,162.28,162.18,162.19,2985.13
2025-07-13T08:17:00.000000Z,162.18,162.25,162.17,162.18,3482.59
2025-07-13T08:18:00.000000Z,162.17,162.18,162.06,162.15,8530.77
2025-07-13T08:19:00.000000Z,162.15,162.15,162.06,162.09,6741.62
2025-07-13T08:20:00.000000Z,162.08,162.09,162.04,162.06,1831.22
2025-07-13T08:21:00.000000Z,162.06,162.13,162.04,162.13,5374.73
2025-07-13T08:22:00.000000Z,162.13,162.15,162.01,162.15,9973.8
2025-07-13T08:23:00.000000Z,162.15,162.18,162.11,162.12,2449.31
2025-07-13T08:24:00.000000Z,162.11,162.21,162.03,162.21,6080.52
2025-07-13T08:25:00.000000Z,162.2,162.27,162.2,162.25,2022.72
2025-07-13T08:26:00.000000Z,162.25,162.3,162.23,162.23,1916.44
2025-07-13T08:27:00.000000Z,162.23,162.26,162.22,162.23,1637.36
2025-07-13T08:28:00.000000Z,162.23,162.3,162.18,162.22,5700.84
2025-07-13T08:29:00.000000Z,162.23,162.32,162.22,162.3,1024.41
2025-07-13T08:30:00.000000Z,162.29,162.42,162.28,162.33,8271.52
2025-07-13T08:31:00.000000Z,162.33,162.33,162.29,162.3,1146.38
2025-07-13T08:32:00.000000Z,162.3,162.3,162.29,162.3,351.19
2025-07-13T08:33:00.000000Z,162.29,162.32,162.24,162.24,2981.42
2025-07-13T08:34:00.000000Z,162.23,162.3,162.22,162.3,996.17
2025-07-13T08:35:00.000000Z,162.29,162.29,162.22,162.23,1323.97
2025-07-13T08:36:00.000000Z,162.24,162.24,162.21,162.23,1970.13
2025-07-13T08:37:00.000000Z,162.23,162.23,162.21,162.22,717.77
2025-07-13T08:38:00.000000Z,162.22,162.23,162.08,162.12,5155.7
2025-07-13T08:39:00.000000Z,162.13,162.15,162.05,162.14,1938.28
2025-07-13T08:40:00.000000Z,162.15,162.15,162.07,162.07,989.86
2025-07-13T08:41:00.000000Z,162.07,162.12,162.07,162.11,1575.07
2025-07-13T08:42:00.000000Z,162.11,162.12,162.04,162.09,1556.12
2025-07-13T08:43:00.000000Z,162.1,162.1,162.01,162.05,2771.65
2025-07-13T08:44:00.000000Z,162.05,162.05,161.93,161.97,14194.22
2025-07-13T08:45:00.000000Z,161.98,162.01,161.87,161.87,11196.26
2025-07-13T08:46:00.000000Z,161.87,161.87,161.73,161.74,10443.75
2025-07-13T08:47:00.000000Z,161.73,161.77,161.7,161.71,8472.55
2025-07-13T08:48:00.000000Z,161.7,161.71,161.63,161.66,9462.77
2025-07-13T08:49:00.000000Z,161.66,161.67,161.58,161.66,18606.11
2025-07-13T08:50:00.000000Z,161.65,161.85,161.65,161.85,11295.64
2025-07-13T08:51:00.000000Z,161.85,161.96,161.78,161.79,11495.58
2025-07-13T08:52:00.000000Z,161.79,161.79,161.74,161.74,2676.46
2025-07-13T08:53:00.000000Z,161.74,161.76,161.72,161.76,8114.79
2025-07-13T08:54:00.000000Z,161.76,161.82,161.75,161.81,2180.66
2025-07-13T08:55:00.000000Z,161.8,161.82,161.74,161.75,3463.98
2025-07-13T08:56:00.000000Z,161.75,161.8,161.75,161.79,742.17
2025-07-13T08:57:00.000000Z,161.79,161.85,161.79,161.85,1427.32
2025-07-13T08:58:00.000000Z,161.85,162.03,161.85,162.03,11168.12
2025-07-13T08:59:00.000000Z,162.03,162.17,162.0,162.17,11687.82
2025-07-13T09:00:00.000000Z,162.17,162.34,162.17,162.33,12036.69
2025-07-13T09:01:00.000000Z,162.33,162.37,162.29,162.37,6162.44
2025-07-13T09:02:00.000000Z,162.37,162.44,162.36,162.38,6788.71
2025-07-13T09:03:00.000000Z,162.38,162.39,162.29,162.35,10671.46
2025-07-13T09:04:00.000000Z,162.36,162.38,162.33,162.35,7791.85
2025-07-13T09:05:00.000000Z,162.35,162.35,162.25,162.26,2857.86
2025-07-13T09:06:00.000000Z,162.25,162.31,162.24,162.31,2280.67
2025-07-13T09:07:00.000000Z,162.31,162.32,162.2,162.28,4684.58
2025-07-13T09:08:00.000000Z,162.28,162.31,162.25,162.29,3684.52
2025-07-13T09:09:00.000000Z,162.29,162.3,162.24,162.25,8494.19
2025-07-13T09:10:00.000000Z,162.25,162.25,162.14,162.22,5656.22
2025-07-13T09:11:00.000000Z,162.23,162.23,162.2,162.21,2003.88
2025-07-13T09:12:00.000000Z,162.2,162.21,162.16,162.18,3400.07
2025-07-13T09:13:00.000000Z,162.18,162.21,162.15,162.15,3180.09
2025-07-13T09:14:00.000000Z,162.15,162.19,162.15,162.19,2023.45
2025-07-13T09:15:00.000000Z,162.19,162.21,162.17,162.2,3185.48
2025-07-13T09:16:00.000000Z,162.19,162.2,162.16,162.17,2093.58
2025-07-13T09:17:00.000000Z,162.17,162.21,162.16,162.2,4143.75
2025-07-13T09:18:00.000000Z,162.19,162.19,162.04,162.04,6980.05
2025-07-13T09:19:00.000000Z,162.04,162.17,162.04,162.1,3801.61
2025-07-13T09:20:00.000000Z,162.09,162.09,162.04,162.07,2708.41
2025-07-13T09:21:00.000000Z,162.07,162.09,162.0,162.04,4115.44
2025-07-13T09:22:00.000000Z,162.04,162.05,161.9,161.96,4603.96
2025-07-13T09:23:00.000000Z,161.96,162.0,161.92,161.95,2182.84
2025-07-13T09:24:00.000000Z,161.95,161.95,161.81,161.82,3847.48
2025-07-13T09:25:00.000000Z,161.81,161.86,161.76,161.76,5835.44
2025-07-13T09:26:00.000000Z,161.75,161.91,161.73,161.91,4078.44
2025-07-13T09:27:00.000000Z,161.91,161.93,161.9,161.93,1919.0
2025-07-13T09:28:00.000000Z,161.92,162.0,161.84,162.0,8132.99
2025-07-13T09:29:00.000000Z,162.0,162.0,161.96,161.97,2031.15
2025-07-13T09:30:00.000000Z,161.97,161.97,161.74,161.81,14396.6
2025-07-13T09:31:00.000000Z,161.8,161.81,161.74,161.77,1715.05
2025-07-13T09:32:00.000000Z,161.76,161.76,161.72,161.74,3219.92
2025-07-13T09:33:00.000000Z,161.75,161.75,161.6,161.62,8229.78
2025-07-13T09:34:00.000000Z,161.61,161.66,161.54,161.58,17666.36
2025-07-13T09:35:00.000000Z,161.57,161.78,161.57,161.71,13090.96
2025-07-13T09:36:00.000000Z,161.71,161.71,161.6,161.62,3620.82
2025-07-13T09:37:00.000000Z,161.61,161.63,161.54,161.59,4449.5
2025-07-13T09:38:00.000000Z,161.59,161.59,161.5,161.54,6004.99
2025-07-13T09:39:00.000000Z,161.53,161.62,161.53,161.62,4706.81
2025-07-13T09:40:00.000000Z,161.61,161.68,161.61,161.68,3919.0
2025-07-13T09:41:00.000000Z,161.68,161.81,161.67,161.81,4718.92
2025-07-13T09:42:00.000000Z,161.81,161.82,161.7,161.7,4152.11
2025-07-13T09:43:00.000000Z,161.7,161.75,161.68,161.75,1673.32
2025-07-13T09:44:00.000000Z,161.74,161.79,161.74,161.78,4331.16
2025-07-13T09:45:00.000000Z,161.78,161.84,161.77,161.82,7760.14
2025-07-13T09:46:00.000000Z,161.83,161.84,161.75,161.76,4328.57
2025-07-13T09:47:00.000000Z,161.77,161.89,161.76,161.86,2428.4
2025-07-13T09:48:00.000000Z,161.87,161.89,161.75,161.75,2102.45
2025-07-13T09:49:00.000000Z,161.76,161.86,161.76,161.82,1879.55
2025-07-13T09:50:00.000000Z,161.83,161.87,161.82,161.83,2706.53
2025-07-13T09:51:00.000000Z,161.83,161.86,161.8,161.83,1467.83
2025-07-13T09:52:00.000000Z,161.83,161.86,161.81,161.86,3257.85
2025-07-13T09:53:00.000000Z,161.86,161.86,161.78,161.8,3057.45
2025-07-13T09:54:00.000000Z,161.79,161.81,161.7,161.7,3745.86
2025-07-13T09:55:00.000000Z,161.7,161.71,161.58,161.69,10469.86
2025-07-13T09:56:00.000000Z,161.7,161.73,161.66,161.68,2782.68
2025-07-13T09:57:00.000000Z,161.68,161.77,161.67,161.69,3207.52
2025-07-13T09:58:00.000000Z,161.68,161.74,161.68,161.73,1599.15
2025-07-13T09:59:00.000000Z,161.74,161.84,161.73,161.84,3275.06
2025-07-13T10:00:00.000000Z,161.83,161.89,161.82,161.85,3754.67
2025-07-13T10:01:00.000000Z,161.85,161.91,161.82,161.91,2917.69
2025-07-13T10:02:00.000000Z,161.9,162.0,161.89,161.91,9224.65
2025-07-13T10:03:00.000000Z,161.91,161.93,161.9,161.9,1936.16
2025-07-13T10:04:00.000000Z,161.9,161.99,161.87,161.97,4956.56
2025-07-13T10:05:00.000000Z,161.97,161.97,161.91,161.94,2517.2
2025-07-13T10:06:00.000000Z,161.95,162.01,161.92,161.98,5779.41
2025-07-13T10:07:00.000000Z,161.98,162.02,161.98,162.01,3434.74
2025-07-13T10:08:00.000000Z,162.02,162.04,161.9,161.91,2610.98
2025-07-13T10:09:00.000000Z,161.9,161.93,161.84,161.93,5366.98
2025-07-13T10:10:00.000000Z,161.93,161.94,161.84,161.87,4147.33
2025-07-13T10:11:00.000000Z,161.87,161.97,161.85,161.96,2961.6
2025-07-13T10:12:00.000000Z,161.97,161.97,161.93,161.94,2747.3
2025-07-13T10:13:00.000000Z,161.94,161.94,161.83,161.83,6277.31
2025-07-13T10:14:00.000000Z,161.83,161.91,161.83,161.84,2681.88
2025-07-13T10:15:00.000000Z,161.85,161.88,161.84,161.87,2576.09
2025-07-13T10:16:00.000000Z,161.87,161.87,161.82,161.86,2143.77
2025-07-13T10:17:00.000000Z,161.86,161.87,161.8,161.87,1096.71
2025-07-13T10:18:00.000000Z,161.87,161.87,161.79,161.83,1585.29
2025-07-13T10:19:00.000000Z,161.83,161.87,161.83,161.87,2157.83
2025-07-13T10:20:00.000000Z,161.87,161.9,161.84,161.85,3141.76
2025-07-13T10:21:00.000000Z,161.84,161.89,161.83,161.85,1313.7
2025-07-13T10:22:00.000000Z,161.85,161.87,161.79,161.8,5824.77
2025-07-13T10:23:00.000000Z,161.79,161.84,161.75,161.8,4313.06
2025-07-13T10:24:00.000000Z,161.8,161.8,161.68,161.7,4239.45
2025-07-13T10:25:00.000000Z,161.7,161.72,161.67,161.67,2436.77
2025-07-13T10:26:00.000000Z,161.67,161.67,161.65,161.67,1509.14
2025-07-13T10:27:00.000000Z,161.67,161.69,161.65,161.66,6755.39
2025-07-13T10:28:00.000000Z,161.65,161.69,161.63,161.67,1862.18
2025-07-13T10:29:00.000000Z,161.66,161.74,161.66,161.73,8303.53
2025-07-13T10:30:00.000000Z,161.73,161.77,161.72,161.73,3524.01
2025-07-13T10:31:00.000000Z,161.73,161.73,161.63,161.69,15318.31
2025-07-13T10:32:00.000000Z,161.7,161.72,161.63,161.64,1156.38
2025-07-13T10:33:00.000000Z,161.64,161.71,161.58,161.68,9943.76
2025-07-13T10:34:00.000000Z,161.68,161.77,161.66,161.77,1570.84
2025-07-13T10:35:00.000000Z,161.77,161.78,161.72,161.73,1807.31
2025-07-13T10:36:00.000000Z,161.73,161.82,161.72,161.76,1922.03
2025-07-13T10:37:00.000000Z,161.76,161.82,161.75,161.75,7675.88
2025-07-13T10:38:00.000000Z,161.76,161.76,161.73,161.74,1723.13
2025-07-13T10:39:00.000000Z,161.73,161.75,161.71,161.73,1463.89
2025-07-13T10:40:00.000000Z,161.72,161.82,161.72,161.78,3559.56
2025-07-13T10:41:00.000000Z,161.78,161.84,161.78,161.82,4022.99
2025-07-13T10:42:00.000000Z,161.82,161.86,161.81,161.86,2028.06
2025-07-13T10:43:00.000000Z,161.85,161.87,161.85,161.87,2017.72
2025-07-13T10:44:00.000000Z,161.86,161.87,161.8,161.81,1488.76
2025-07-13T10:45:00.000000Z,161.81,161.85,161.8,161.84,3229.81
2025-07-13T10:46:00.000000Z,161.84,161.89,161.77,161.86,18644.31
2025-07-13T10:47:00.000000Z,161.86,161.86,161.64,161.65,3092.33
2025-07-13T10:48:00.000000Z,161.64,161.68,161.53,161.67,8680.43
2025-07-13T10:49:00.000000Z,161.68,161.79,161.67,161.79,1617.0
2025-07-13T10:50:00.000000Z,161.78,161.79,161.72,161.75,3085.01
2025-07-13T10:51:00.000000Z,161.75,161.76,161.66,161.75,5291.02
2025-07-13T10:52:00.000000Z,161.75,161.76,161.65,161.66,1379.9
2025-07-13T10:53:00.000000Z,161.66,161.75,161.63,161.75,2361.63
2025-07-13T10:54:00.000000Z,161.75,161.79,161.73,161.74,1434.56
2025-07-13T10:55:00.000000Z,161.74,161.74,161.65,161.65,1003.82
2025-07-13T10:56:00.000000Z,161.65,161.67,161.63,161.65,1600.61
2025-07-13T10:57:00.000000Z,161.66,161.72,161.66,161.7,2933.29
2025-07-13T10:58:00.000000Z,161.7,161.71,161.67,161.7,1695.19
2025-07-13T10:59:00.000000Z,161.7,161.76,161.69,161.75,1990.89
2025-07-13T11:00:00.000000Z,161.76,161.88,161.76,161.87,7118.91
2025-07-13T11:01:00.000000Z,161.86,162.02,161.86,162.02,7839.12
2025-07-13T11:02:00.000000Z,162.02,162.08,162.0,162.03,9489.62
2025-07-13T11:03:00.000000Z,162.02,162.15,162.02,162.13,5596.37
2025-07-13T11:04:00.000000Z,162.14,162.32,162.13,162.29,10525.75
2025-07-13T11:05:00.000000Z,162.3,162.35,162.27,162.34,13992.39
2025-07-13T11:06:00.000000Z,162.34,162.39,162.3,162.39,7218.02
2025-07-13T11:07:00.000000Z,162.38,162.48,162.38,162.46,8489.32
2025-07-13T11:08:00.000000Z,162.46,162.52,162.43,162.46,16764.59
2025-07-13T11:09:00.000000Z,162.45,162.49,162.42,162.42,3819.05
2025-07-13T11:10:00.000000Z,162.42,162.44,162.35,162.35,8326.97
2025-07-13T11:11:00.000000Z,162.35,162.35,162.26,162.32,8141.49
2025-07-13T11:12:00.000000Z,162.32,162.33,162.26,162.32,3894.21
2025-07-13T11:13:00.000000Z,162.31,162.43,162.31,162.43,5107.79
2025-07-13T11:14:00.000000Z,162.42,162.51,162.4,162.45,17232.9
2025-07-13T11:15:00.000000Z,162.46,162.68,162.46,162.53,14444.85
2025-07-13T11:16:00.000000Z,162.52,162.53,162.32,162.32,18145.31
2025-07-13T11:17:00.000000Z,162.32,162.44,162.3,162.4,8390.79
2025-07-13T11:18:00.000000Z,162.4,162.4,162.27,162.28,10111.54
2025-07-13T11:19:00.000000Z,162.27,162.28,162.18,162.18,5841.38
2025-07-13T11:20:00.000000Z,162.19,162.19,162.08,162.16,11857.17
2025-07-13T11:21:00.000000Z,162.16,162.21,162.11,162.21,4879.05
2025-07-13T11:22:00.000000Z,162.21,162.22,162.11,162.16,4642.5
2025-07-13T11:23:00.000000Z,162.17,162.23,162.15,162.23,2031.43
2025-07-13T11:24:00.000000Z,162.23,162.55,162.23,162.5,10449.07
2025-07-13T11:25:00.000000Z,162.49,162.49,162.33,162.4,7075.99
2025-07-13T11:26:00.000000Z,162.4,162.5,162.4,162.48,10758.03
2025-07-13T11:27:00.000000Z,162.47,162.47,162.38,162.38,5380.0
2025-07-13T11:28:00.000000Z,162.39,162.4,162.36,162.39,4903.63
2025-07-13T11:29:00.000000Z,162.39,162.42,162.37,162.41,4613.9
2025-07-13T11:30:00.000000Z,162.4,162.41,162.32,162.32,5645.97
2025-07-13T11:31:00.000000Z,162.32,162.34,162.09,162.26,24781.17
2025-07-13T11:32:00.000000Z,162.27,162.28,162.02,162.12,34056.1
2025-07-13T11:33:00.000000Z,162.11,162.29,162.03,162.27,10113.89
2025-07-13T11:34:00.000000Z,162.28,162.36,162.26,162.35,4999.43
2025-07-13T11:35:00.000000Z,162.35,162.37,162.11,162.14,10238.41
2025-07-13T11:36:00.000000Z,162.13,162.14,161.99,161.99,8632.46
2025-07-13T11:37:00.000000Z,161.99,162.08,161.97,161.98,6829.55
2025-07-13T11:38:00.000000Z,161.98,161.99,161.89,161.91,22923.11
2025-07-13T11:39:00.000000Z,161.91,162.24,161.9,162.18,11450.18
2025-07-13T11:40:00.000000Z,162.19,162.2,162.07,162.12,9349.42
2025-07-13T11:41:00.000000Z,162.12,162.12,162.04,162.07,3637.02
2025-07-13T11:42:00.000000Z,162.06,162.07,161.93,161.94,3840.85
2025-07-13T11:43:00.000000Z,161.94,161.97,161.8,161.8,16765.91
2025-07-13T11:44:00.000000Z,161.8,161.88,161.71,161.77,15800.11
2025-07-13T11:45:00.000000Z,161.77,161.86,161.67,161.72,13151.83
2025-07-13T11:46:00.000000Z,161.73,161.85,161.67,161.81,9630.96
2025-07-13T11:47:00.000000Z,161.81,161.91,161.75,161.79,8509.29
2025-07-13T11:48:00.000000Z,161.79,161.89,161.79,161.87,5416.66
2025-07-13T11:49:00.000000Z,161.87,161.95,161.86,161.9,9804.76
2025-07-13T11:50:00.000000Z,161.9,161.91,161.82,161.91,2689.99
2025-07-13T11:51:00.000000Z,161.91,161.91,161.85,161.9,1579.45
2025-07-13T11:52:00.000000Z,161.89,161.93,161.89,161.91,2091.44
2025-07-13T11:53:00.000000Z,161.9,161.92,161.87,161.87,3489.76
2025-07-13T11:54:00.000000Z,161.88,161.97,161.86,161.94,2414.1
2025-07-13T11:55:00.000000Z,161.95,162.02,161.85,161.86,5529.25
2025-07-13T11:56:00.000000Z,161.86,161.87,161.81,161.82,11377.99
2025-07-13T11:57:00.000000Z,161.82,161.89,161.8,161.89,4369.7
2025-07-13T11:58:00.000000Z,161.88,161.93,161.83,161.9,8104.04
2025-07-13T11:59:00.000000Z,161.9,161.99,161.89,161.99,4244.87
2025-07-13T12:00:00.000000Z,161.98,162.0,161.85,161.98,22511.54
2025-07-13T12:01:00.000000Z,161.99,162.05,161.93,161.96,5513.03
2025-07-13T12:02:00.000000Z,161.95,161.95,161.88,161.89,3488.84
2025-07-13T12:03:00.000000Z,161.89,161.9,161.85,161.9,3885.89
2025-07-13T12:04:00.000000Z,161.9,161.98,161.89,161.9,6103.24
2025-07-13T12:05:00.000000Z,161.89,161.95,161.85,161.85,5995.42
2025-07-13T12:06:00.000000Z,161.85,161.87,161.78,161.81,4866.75
2025-07-13T12:07:00.000000Z,161.8,161.89,161.78,161.89,3757.7
2025-07-13T12:08:00.000000Z,161.89,161.91,161.82,161.88,6098.3
2025-07-13T12:09:00.000000Z,161.89,161.92,161.85,161.88,1876.28
2025-07-13T12:10:00.000000Z,161.87,161.95,161.85,161.94,6753.15
2025-07-13T12:11:00.000000Z,161.94,161.94,161.81,161.82,4172.5
2025-07-13T12:12:00.000000Z,161.82,161.84,161.75,161.81,14583.43
2025-07-13T12:13:00.000000Z,161.82,161.89,161.81,161.88,3330.35
2025-07-13T12:14:00.000000Z,161.87,161.88,161.83,161.86,1588.52
2025-07-13T12:15:00.000000Z,161.86,161.86,161.79,161.79,2392.56
2025-07-13T12:16:00.000000Z,161.79,161.89,161.79,161.89,3256.27
2025-07-13T12:17:00.000000Z,161.89,161.92,161.88,161.92,2019.86
2025-07-13T12:18:00.000000Z,161.92,161.96,161.91,161.94,3334.45
2025-07-13T12:19:00.000000Z,161.94,162.18,161.93,162.16,9101.84
2025-07-13T12:20:00.000000Z,162.16,162.22,162.11,162.19,10135.6
2025-07-13T12:21:00.000000Z,162.19,162.21,162.14,162.16,7544.16
2025-07-13T12:22:00.000000Z,162.17,162.17,162.05,162.07,10020.05
2025-07-13T12:23:00.000000Z,162.07,162.21,162.06,162.13,5375.53
2025-07-13T12:24:00.000000Z,162.12,162.14,162.04,162.1,10951.5
2025-07-13T12:25:00.000000Z,162.11,162.13,162.08,162.1,1697.33
2025-07-13T12:26:00.000000Z,162.1,162.15,162.09,162.1,5571.8
2025-07-13T12:27:00.000000Z,162.09,162.19,162.09,162.11,5040.17
2025-07-13T12:28:00.000000Z,162.12,162.12,162.09,162.09,2320.84
2025-07-13T12:29:00.000000Z,162.09,162.12,162.09,162.1,2259.49
2025-07-13T12:30:00.000000Z,162.1,162.1,161.7,161.83,31990.27
2025-07-13T12:31:00.000000Z,161.83,162.07,161.83,162.03,15018.28
2025-07-13T12:32:00.000000Z,162.03,162.03,161.91,161.99,4976.73
2025-07-13T12:33:00.000000Z,161.99,162.01,161.95,162.01,3619.72
2025-07-13T12:34:00.000000Z,162.01,162.02,161.87,162.02,6533.77
2025-07-13T12:35:00.000000Z,162.01,162.03,161.97,162.03,4315.2
2025-07-13T12:36:00.000000Z,162.02,162.08,162.0,162.0,4065.84
2025-07-13T12:37:00.000000Z,162.01,162.01,161.86,161.9,5208.15
2025-07-13T12:38:00.000000Z,161.91,161.94,161.88,161.89,2010.51
2025-07-13T12:39:00.000000Z,161.9,162.0,161.84,161.94,3256.73
2025-07-13T12:40:00.000000Z,161.95,162.02,161.95,161.97,1744.61
2025-07-13T12:41:00.000000Z,161.98,161.98,161.89,161.92,6298.5
2025-07-13T12:42:00.000000Z,161.93,161.93,161.88,161.9,5750.58
2025-07-13T12:43:00.000000Z,161.91,162.09,161.9,162.07,5437.87
2025-07-13T12:44:00.000000Z,162.07,162.1,161.98,162.1,9077.93
2025-07-13T12:45:00.000000Z,162.1,162.1,161.99,162.0,2946.99
2025-07-13T12:46:00.000000Z,161.99,162.07,161.97,161.98,4930.07
2025-07-13T12:47:00.000000Z,161.97,161.98,161.87,161.97,4385.73
2025-07-13T12:48:00.000000Z,161.97,162.03,161.94,161.97,5131.42
2025-07-13T12:49:00.000000Z,161.96,162.24,161.96,162.22,8867.28
2025-07-13T12:50:00.000000Z,162.22,162.49,162.18,162.32,30267.83
2025-07-13T12:51:00.000000Z,162.32,162.65,162.31,162.52,33722.21
2025-07-13T12:52:00.000000Z,162.52,162.73,162.52,162.57,30632.25
2025-07-13T12:53:00.000000Z,162.57,162.8,162.57,162.65,35532.28
2025-07-13T12:54:00.000000Z,162.65,162.73,162.55,162.64,19686.69
2025-07-13T12:55:00.000000Z,162.63,162.63,162.49,162.59,16570.6
2025-07-13T12:56:00.000000Z,162.6,162.61,162.5,162.55,10576.7
2025-07-13T12:57:00.000000Z,162.55,162.55,162.48,162.52,9807.11
2025-07-13T12:58:00.000000Z,162.52,162.6,162.5,162.54,7842.41
2025-07-13T12:59:00.000000Z,162.54,162.59,162.48,162.57,13828.77
2025-07-13T13:00:00.000000Z,162.57,162.69,162.53,162.61,22213.72
2025-07-13T13:01:00.000000Z,162.61,162.62,162.53,162.58,8470.41
2025-07-13T13:02:00.000000Z,162.57,162.74,162.57,162.71,14650.59
2025-07-13T13:03:00.000000Z,162.72,162.75,162.5,162.52,20180.37
2025-07-13T13:04:00.000000Z,162.52,162.54,162.48,162.48,19600.77
2025-07-13T13:05:00.000000Z,162.48,162.49,162.3,162.39,48980.62
2025-07-13T13:06:00.000000Z,162.4,162.55,162.4,162.48,9697.96
2025-07-13T13:07:00.000000Z,162.49,162.53,162.38,162.38,5349.09
2025-07-13T13:08:00.000000Z,162.37,162.38,162.29,162.31,5639.93
2025-07-13T13:09:00.000000Z,162.31,162.41,162.31,162.39,4259.05
2025-07-13T13:10:00.000000Z,162.39,162.47,162.38,162.47,3756.19
2025-07-13T13:11:00.000000Z,162.46,162.46,162.23,162.3,6076.51
2025-07-13T13:12:00.000000Z,162.3,162.3,162.03,162.05,9443.45
2025-07-13T13:13:00.000000Z,162.05,162.06,161.85,162.04,20727.12
2025-07-13T13:14:00.000000Z,162.05,162.17,161.99,162.0,8276.75
2025-07-13T13:15:00.000000Z,161.99,162.09,161.96,162.09,21612.02
2025-07-13T13:16:00.000000Z,162.08,162.09,161.99,162.05,5492.22
2025-07-13T13:17:00.000000Z,162.05,162.05,161.87,161.97,11413.23
2025-07-13T13:18:00.000000Z,161.96,162.2,161.96,162.1,6649.9
2025-07-13T13:19:00.000000Z,162.1,162.12,162.04,162.1,6532.26
2025-07-13T13:20:00.000000Z,162.09,162.19,162.06,162.1,4978.54
2025-07-13T13:21:00.000000Z,162.1,162.13,162.04,162.13,4553.89
2025-07-13T13:22:00.000000Z,162.13,162.24,162.13,162.21,4056.0
2025-07-13T13:23:00.000000Z,162.21,162.26,162.17,162.2,5386.17
2025-07-13T13:24:00.000000Z,162.19,162.25,162.17,162.19,4883.97
2025-07-13T13:25:00.000000Z,162.19,162.24,162.18,162.21,5298.48
2025-07-13T13:26:00.000000Z,162.21,162.21,162.11,162.19,4925.31
2025-07-13T13:27:00.000000Z,162.18,162.19,162.07,162.08,2944.22
2025-07-13T13:28:00.000000Z,162.07,162.22,162.04,162.08,7301.19
2025-07-13T13:29:00.000000Z,162.08,162.11,162.05,162.08,2926.18
2025-07-13T13:30:00.000000Z,162.08,162.22,162.06,162.2,4646.05
2025-07-13T13:31:00.000000Z,162.21,162.31,162.18,162.26,7209.9
2025-07-13T13:32:00.000000Z,162.25,162.32,162.24,162.31,4325.35
2025-07-13T13:33:00.000000Z,162.31,162.36,162.26,162.33,10552.96
2025-07-13T13:34:00.000000Z,162.32,162.45,162.32,162.45,8819.21
2025-07-13T13:35:00.000000Z,162.45,162.5,162.31,162.4,11139.65
2025-07-13T13:36:00.000000Z,162.39,162.5,162.37,162.46,10217.24
2025-07-13T13:37:00.000000Z,162.46,162.46,162.29,162.42,7604.49
2025-07-13T13:38:00.000000Z,162.42,162.47,162.36,162.45,6056.99
2025-07-13T13:39:00.000000Z,162.44,162.57,162.42,162.55,19065.94
2025-07-13T13:40:00.000000Z,162.55,162.58,162.51,162.53,4836.53
2025-07-13T13:41:00.000000Z,162.52,162.65,162.51,162.58,8743.96
2025-07-13T13:42:00.000000Z,162.58,162.61,162.48,162.55,8350.82
2025-07-13T13:43:00.000000Z,162.54,162.61,162.52,162.55,11465.07
2025-07-13T13:44:00.000000Z,162.55,162.62,162.54,162.57,4319.95
2025-07-13T13:45:00.000000Z,162.57,162.57,162.35,162.38,8969.36
2025-07-13T13:46:00.000000Z,162.38,162.72,162.38,162.7,12184.01
2025-07-13T13:47:00.000000Z,162.69,162.92,162.69,162.84,33504.16
2025-07-13T13:48:00.000000Z,162.83,162.86,162.67,162.8,13784.45
2025-07-13T13:49:00.000000Z,162.8,162.9,162.7,162.89,13137.04
2025-07-13T13:50:00.000000Z,162.89,162.89,162.78,162.84,10349.68
2025-07-13T13:51:00.000000Z,162.84,162.84,162.68,162.71,8170.86
2025-07-13T13:52:00.000000Z,162.71,162.78,162.62,162.64,9692.23
2025-07-13T13:53:00.000000Z,162.64,162.7,162.48,162.52,8804.81
2025-07-13T13:54:00.000000Z,162.53,162.6,162.49,162.55,4748.59
2025-07-13T13:55:00.000000Z,162.56,162.75,162.55,162.73,8315.45
2025-07-13T13:56:00.000000Z,162.72,162.87,162.72,162.86,4561.26
2025-07-13T13:57:00.000000Z,162.87,162.87,162.78,162.83,6633.15
2025-07-13T13:58:00.000000Z,162.83,162.89,162.8,162.86,11776.87
2025-07-13T13:59:00.000000Z,162.85,162.88,162.82,162.82,4463.83
2025-07-13T14:00:00.000000Z,162.83,162.97,162.82,162.87,23810.96
2025-07-13T14:01:00.000000Z,162.87,162.87,162.68,162.74,6557.07
2025-07-13T14:02:00.000000Z,162.74,162.74,162.56,162.6,8056.62
2025-07-13T14:03:00.000000Z,162.6,162.72,162.6,162.7,5715.86
2025-07-13T14:04:00.000000Z,162.69,162.7,162.57,162.64,4888.89
2025-07-13T14:05:00.000000Z,162.64,162.71,162.63,162.63,3533.48
2025-07-13T14:06:00.000000Z,162.64,162.83,162.59,162.83,5733.73
2025-07-13T14:07:00.000000Z,162.83,162.88,162.78,162.82,6332.01
2025-07-13T14:08:00.000000Z,162.81,162.88,162.69,162.85,7062.29
2025-07-13T14:09:00.000000Z,162.85,162.98,162.85,162.96,9372.65
2025-07-13T14:10:00.000000Z,162.96,162.99,162.84,162.98,6933.0
2025-07-13T14:11:00.000000Z,162.99,163.21,162.96,163.05,42582.17
2025-07-13T14:12:00.000000Z,163.05,163.05,162.86,162.91,25506.18
2025-07-13T14:13:00.000000Z,162.92,163.01,162.86,163.0,8290.63
2025-07-13T14:14:00.000000Z,163.01,163.09,162.97,162.99,8939.47
2025-07-13T14:15:00.000000Z,162.99,163.11,162.99,163.09,5426.83
2025-07-13T14:16:00.000000Z,163.1,163.15,162.95,163.04,8731.21
2025-07-13T14:17:00.000000Z,163.04,163.09,162.98,163.02,9449.25
2025-07-13T14:18:00.000000Z,163.02,163.71,163.02,163.22,91560.48
2025-07-13T14:19:00.000000Z,163.22,163.71,163.15,163.7,77872.5
2025-07-13T14:20:00.000000Z,163.7,164.1,163.61,163.85,85140.02
2025-07-13T14:21:00.000000Z,163.85,163.85,163.38,163.77,45333.56
2025-07-13T14:22:00.000000Z,163.77,164.0,163.61,163.61,51806.96
2025-07-13T14:23:00.000000Z,163.6,163.88,163.54,163.76,25694.12
2025-07-13T14:24:00.000000Z,163.77,164.12,163.76,164.04,33888.04
2025-07-13T14:25:00.000000Z,164.03,164.04,163.6,163.88,41972.69
2025-07-13T14:26:00.000000Z,163.89,163.89,163.57,163.62,22704.19
2025-07-13T14:27:00.000000Z,163.62,163.79,163.56,163.71,17923.56
2025-07-13T14:28:00.000000Z,163.72,163.91,163.66,163.78,12239.42
2025-07-13T14:29:00.000000Z,163.78,163.81,163.67,163.81,8090.47
2025-07-13T14:30:00.000000Z,163.81,163.81,163.52,163.59,18252.6
2025-07-13T14:31:00.000000Z,163.6,163.69,163.54,163.6,10665.05
2025-07-13T14:32:00.000000Z,163.6,163.6,163.3,163.48,25054.28
2025-07-13T14:33:00.000000Z,163.49,163.53,163.35,163.45,17784.46
2025-07-13T14:34:00.000000Z,163.45,163.6,163.45,163.47,8722.38
2025-07-13T14:35:00.000000Z,163.46,163.47,163.32,163.4,11242.85
2025-07-13T14:36:00.000000Z,163.4,163.4,163.09,163.31,39841.63
2025-07-13T14:37:00.000000Z,163.31,163.44,163.31,163.44,5434.75
2025-07-13T14:38:00.000000Z,163.44,163.45,163.23,163.24,9713.55
2025-07-13T14:39:00.000000Z,163.24,163.38,163.24,163.28,11091.76
2025-07-13T14:40:00.000000Z,163.27,163.57,163.25,163.57,8540.01
2025-07-13T14:41:00.000000Z,163.58,163.61,163.49,163.53,8325.35
2025-07-13T14:42:00.000000Z,163.53,163.54,163.37,163.41,5790.5
2025-07-13T14:43:00.000000Z,163.41,163.42,163.29,163.33,12910.6
2025-07-13T14:44:00.000000Z,163.34,163.34,162.81,162.89,35690.07
2025-07-13T14:45:00.000000Z,162.89,163.27,162.88,163.16,36225.23
2025-07-13T14:46:00.000000Z,163.15,163.35,163.05,163.07,13117.26
2025-07-13T14:47:00.000000Z,163.07,163.1,162.68,162.69,32063.33
2025-07-13T14:48:00.000000Z,162.7,162.94,162.58,162.9,41449.23
2025-07-13T14:49:00.000000Z,162.89,162.93,162.78,162.8,20820.62
2025-07-13T14:50:00.000000Z,162.79,162.79,162.32,162.49,50944.74
2025-07-13T14:51:00.000000Z,162.49,162.66,162.45,162.47,29246.46
2025-07-13T14:52:00.000000Z,162.48,162.54,162.25,162.38,34032.01
2025-07-13T14:53:00.000000Z,162.39,162.5,162.31,162.5,25811.76
2025-07-13T14:54:00.000000Z,162.49,162.62,162.44,162.6,18962.81
2025-07-13T14:55:00.000000Z,162.6,162.65,162.46,162.54,11342.25
2025-07-13T14:56:00.000000Z,162.54,162.74,162.49,162.72,15950.72
2025-07-13T14:57:00.000000Z,162.72,162.77,162.56,162.6,9026.35
2025-07-13T14:58:00.000000Z,162.6,162.64,162.58,162.58,8400.31
2025-07-13T14:59:00.000000Z,162.58,162.74,162.58,162.72,4719.38
2025-07-13T15:00:00.000000Z,162.72,162.75,162.65,162.69,19720.98
2025-07-13T15:01:00.000000Z,162.69,162.85,162.69,162.82,13823.65
2025-07-13T15:02:00.000000Z,162.81,162.96,162.76,162.86,20626.81
2025-07-13T15:03:00.000000Z,162.86,162.87,162.73,162.74,9335.51
2025-07-13T15:04:00.000000Z,162.73,162.75,162.53,162.54,7170.93
2025-07-13T15:05:00.000000Z,162.53,162.57,162.33,162.56,16624.18
2025-07-13T15:06:00.000000Z,162.57,162.69,162.56,162.56,5655.4
2025-07-13T15:07:00.000000Z,162.57,162.78,162.56,162.75,4605.51
2025-07-13T15:08:00.000000Z,162.76,162.92,162.75,162.92,5447.59
2025-07-13T15:09:00.000000Z,162.92,163.09,162.85,163.0,18621.49
2025-07-13T15:10:00.000000Z,163.0,163.04,162.88,162.95,9046.77
2025-07-13T15:11:00.000000Z,162.96,163.11,162.96,163.07,15133.5
2025-07-13T15:12:00.000000Z,163.08,163.09,162.87,163.02,9221.55
2025-07-13T15:13:00.000000Z,163.02,163.15,163.02,163.13,14902.04
2025-07-13T15:14:00.000000Z,163.13,163.35,163.08,163.2,16816.31
2025-07-13T15:15:00.000000Z,163.21,163.27,163.17,163.18,7160.67
2025-07-13T15:16:00.000000Z,163.18,163.35,163.14,163.21,16923.6
2025-07-13T15:17:00.000000Z,163.21,163.3,163.11,163.19,5518.35
2025-07-13T15:18:00.000000Z,163.19,163.24,163.14,163.23,5143.81
2025-07-13T15:19:00.000000Z,163.24,163.32,163.2,163.32,12168.36
2025-07-13T15:20:00.000000Z,163.31,163.35,163.21,163.34,18230.83
2025-07-13T15:21:00.000000Z,163.34,163.41,163.19,163.19,10050.05
2025-07-13T15:22:00.000000Z,163.19,163.19,162.94,163.06,14272.07
2025-07-13T15:23:00.000000Z,163.06,163.08,162.9,162.91,8544.19
2025-07-13T15:24:00.000000Z,162.91,162.94,162.83,162.86,7916.56
2025-07-13T15:25:00.000000Z,162.86,162.87,162.58,162.73,15021.69
2025-07-13T15:26:00.000000Z,162.73,162.95,162.7,162.83,9109.34
2025-07-13T15:27:00.000000Z,162.83,162.94,162.77,162.9,8152.16
2025-07-13T15:28:00.000000Z,162.89,163.0,162.88,162.9,4848.11
2025-07-13T15:29:00.000000Z,162.89,162.98,162.89,162.9,3522.08
2025-07-13T15:30:00.000000Z,162.89,162.89,162.78,162.84,6594.38
2025-07-13T15:31:00.000000Z,162.84,162.84,162.64,162.73,12042.88
2025-07-13T15:32:00.000000Z,162.72,162.84,162.64,162.65,7893.89
2025-07-13T15:33:00.000000Z,162.64,162.64,162.41,162.49,17926.68
2025-07-13T15:34:00.000000Z,162.48,162.5,162.37,162.4,12555.69
2025-07-13T15:35:00.000000Z,162.41,162.55,162.38,162.44,9387.67
2025-07-13T15:36:00.000000Z,162.43,162.52,162.43,162.49,9507.11
2025-07-13T15:37:00.000000Z,162.49,162.54,162.31,162.36,9792.76
2025-07-13T15:38:00.000000Z,162.36,162.36,161.81,162.01,81287.22
2025-07-13T15:39:00.000000Z,162.01,162.08,161.9,162.06,20112.57
2025-07-13T15:40:00.000000Z,162.06,162.12,161.87,161.94,23001.42
2025-07-13T15:41:00.000000Z,161.94,162.09,161.88,162.09,8478.6
2025-07-13T15:42:00.000000Z,162.09,162.19,162.05,162.17,9959.75
2025-07-13T15:43:00.000000Z,162.17,162.22,161.9,161.9,10819.98
2025-07-13T15:44:00.000000Z,161.91,162.13,161.9,162.09,8420.98
2025-07-13T15:45:00.000000Z,162.09,162.09,162.0,162.0,12188.3
2025-07-13T15:46:00.000000Z,162.0,162.08,161.78,161.97,40928.21
2025-07-13T15:47:00.000000Z,161.98,162.08,161.97,162.0,4852.12
2025-07-13T15:48:00.000000Z,161.99,162.05,161.95,161.97,4644.94
2025-07-13T15:49:00.000000Z,161.98,162.02,161.97,162.0,2784.93
2025-07-13T15:50:00.000000Z,162.01,162.12,162.01,162.04,6230.94
2025-07-13T15:51:00.000000Z,162.03,162.17,162.03,162.11,4831.83
2025-07-13T15:52:00.000000Z,162.1,162.21,162.05,162.07,8004.84
2025-07-13T15:53:00.000000Z,162.08,162.11,162.01,162.02,14999.44
2025-07-13T15:54:00.000000Z,162.02,162.18,162.02,162.13,3600.23
2025-07-13T15:55:00.000000Z,162.13,162.15,161.99,161.99,7535.0
2025-07-13T15:56:00.000000Z,161.99,162.05,161.97,162.05,5377.16
2025-07-13T15:57:00.000000Z,162.04,162.06,161.99,162.04,5122.88
2025-07-13T15:58:00.000000Z,162.03,162.03,161.94,161.94,4535.6
2025-07-13T15:59:00.000000Z,161.94,161.99,161.9,161.94,8825.41
2025-07-13T16:00:00.000000Z,161.95,162.03,161.91,161.91,9531.68
2025-07-13T16:01:00.000000Z,161.91,161.91,161.57,161.64,44866.94
2025-07-13T16:02:00.000000Z,161.64,161.8,161.61,161.74,19687.48
2025-07-13T16:03:00.000000Z,161.73,161.83,161.63,161.83,20302.93
2025-07-13T16:04:00.000000Z,161.83,162.19,161.82,162.14,15250.41
2025-07-13T16:05:00.000000Z,162.15,162.16,162.02,162.11,17952.64
2025-07-13T16:06:00.000000Z,162.11,162.36,162.1,162.27,28714.89
2025-07-13T16:07:00.000000Z,162.28,162.31,162.15,162.26,15533.27
2025-07-13T16:08:00.000000Z,162.26,162.32,162.16,162.25,7712.29
2025-07-13T16:09:00.000000Z,162.25,162.27,162.11,162.21,18886.52
2025-07-13T16:10:00.000000Z,162.22,162.3,162.21,162.26,6991.49
2025-07-13T16:11:00.000000Z,162.27,162.31,162.12,162.12,6449.12
2025-07-13T16:12:00.000000Z,162.12,162.15,161.84,161.87,15532.85
2025-07-13T16:13:00.000000Z,161.87,161.99,161.87,161.9,8329.64
2025-07-13T16:14:00.000000Z,161.89,161.93,161.86,161.87,8270.7
2025-07-13T16:15:00.000000Z,161.87,162.03,161.81,162.02,10094.01
2025-07-13T16:16:00.000000Z,162.02,162.16,162.0,162.0,20108.48
2025-07-13T16:17:00.000000Z,162.01,162.01,161.8,161.87,6770.54
2025-07-13T16:18:00.000000Z,161.87,162.2,161.84,162.19,6567.59
2025-07-13T16:19:00.000000Z,162.19,162.25,162.08,162.13,13597.93
2025-07-13T16:20:00.000000Z,162.12,162.23,162.09,162.17,5780.41
2025-07-13T16:21:00.000000Z,162.16,162.34,162.1,162.32,11028.56
2025-07-13T16:22:00.000000Z,162.32,162.38,162.23,162.3,10770.39
2025-07-13T16:23:00.000000Z,162.31,162.33,162.18,162.18,8424.01
2025-07-13T16:24:00.000000Z,162.18,162.27,162.06,162.06,5961.26
2025-07-13T16:25:00.000000Z,162.06,162.25,162.06,162.19,3114.0
2025-07-13T16:26:00.000000Z,162.18,162.21,162.08,162.09,5565.24
2025-07-13T16:27:00.000000Z,162.1,162.15,162.05,162.06,1976.0
2025-07-13T16:28:00.000000Z,162.07,162.09,161.95,162.08,6436.1
2025-07-13T16:29:00.000000Z,162.08,162.1,162.03,162.04,1662.91
2025-07-13T16:30:00.000000Z,162.04,162.04,161.8,161.84,13573.92
2025-07-13T16:31:00.000000Z,161.84,161.88,161.77,161.78,5773.8
2025-07-13T16:32:00.000000Z,161.79,161.81,161.6,161.64,18349.59
2025-07-13T16:33:00.000000Z,161.64,161.72,161.63,161.68,9412.45
2025-07-13T16:34:00.000000Z,161.68,161.83,161.68,161.81,9827.93
2025-07-13T16:35:00.000000Z,161.8,161.81,161.62,161.77,11809.13
2025-07-13T16:36:00.000000Z,161.77,161.78,161.52,161.73,12390.37
2025-07-13T16:37:00.000000Z,161.73,161.91,161.72,161.9,7888.77
2025-07-13T16:38:00.000000Z,161.9,161.98,161.84,161.95,6251.36
2025-07-13T16:39:00.000000Z,161.96,162.02,161.87,161.87,3980.54
2025-07-13T16:40:00.000000Z,161.88,161.88,161.82,161.83,3183.18
2025-07-13T16:41:00.000000Z,161.83,161.87,161.72,161.83,6871.83
2025-07-13T16:42:00.000000Z,161.84,161.84,161.66,161.66,6828.86
2025-07-13T16:43:00.000000Z,161.66,161.77,161.65,161.75,5708.03
2025-07-13T16:44:00.000000Z,161.76,161.76,161.67,161.68,7145.53
2025-07-13T16:45:00.000000Z,161.69,161.69,161.36,161.44,38257.29
2025-07-13T16:46:00.000000Z,161.44,161.53,161.38,161.44,13289.91
2025-07-13T16:47:00.000000Z,161.44,161.44,161.34,161.35,12822.57
2025-07-13T16:48:00.000000Z,161.35,161.4,161.2,161.31,36102.01
2025-07-13T16:49:00.000000Z,161.31,161.38,161.2,161.21,9051.11
2025-07-13T16:50:00.000000Z,161.22,161.25,161.04,161.22,33354.3
2025-07-13T16:51:00.000000Z,161.23,161.35,161.04,161.12,19021.88
2025-07-13T16:52:00.000000Z,161.11,161.12,160.8,160.88,73641.71
2025-07-13T16:53:00.000000Z,160.87,161.06,160.81,160.92,18872.45
2025-07-13T16:54:00.000000Z,160.93,160.98,160.9,160.9,12851.46
2025-07-13T16:55:00.000000Z,160.9,161.06,160.9,160.95,18076.27
2025-07-13T16:56:00.000000Z,160.96,160.99,160.82,160.95,18715.93
2025-07-13T16:57:00.000000Z,160.94,161.05,160.94,160.97,6409.03
2025-07-13T16:58:00.000000Z,160.96,161.01,160.84,160.87,16069.44
2025-07-13T16:59:00.000000Z,160.87,160.96,160.79,160.85,23626.4
2025-07-13T17:00:00.000000Z,160.85,160.86,160.5,160.54,93278.84
2025-07-13T17:01:00.000000Z,160.54,160.78,160.5,160.78,70464.44
2025-07-13T17:02:00.000000Z,160.77,160.86,160.63,160.86,22451.94
2025-07-13T17:03:00.000000Z,160.86,160.89,160.72,160.73,11158.16
2025-07-13T17:04:00.000000Z,160.73,160.77,160.67,160.69,16574.08
2025-07-13T17:05:00.000000Z,160.69,160.94,160.69,160.92,19230.42
2025-07-13T17:06:00.000000Z,160.92,161.01,160.9,161.0,17698.92
2025-07-13T17:07:00.000000Z,160.99,161.05,160.88,160.89,16779.96
2025-07-13T17:08:00.000000Z,160.89,161.16,160.89,161.16,23705.6
2025-07-13T17:09:00.000000Z,161.17,161.31,161.13,161.21,18606.84
2025-07-13T17:10:00.000000Z,161.22,161.32,161.15,161.27,11828.11
2025-07-13T17:11:00.000000Z,161.27,161.27,161.18,161.23,5725.33
2025-07-13T17:12:00.000000Z,161.23,161.26,161.15,161.18,4915.45
2025-07-13T17:13:00.000000Z,161.18,161.22,161.09,161.19,10913.63
2025-07-13T17:14:00.000000Z,161.19,161.19,161.07,161.12,2598.39
2025-07-13T17:15:00.000000Z,161.12,161.3,161.11,161.17,16372.64
2025-07-13T17:16:00.000000Z,161.18,161.3,161.16,161.24,6536.17
2025-07-13T17:17:00.000000Z,161.25,161.25,161.02,161.16,8918.25
2025-07-13T17:18:00.000000Z,161.17,161.28,161.16,161.23,7346.06
2025-07-13T17:19:00.000000Z,161.23,161.28,161.18,161.26,3742.72
2025-07-13T17:20:00.000000Z,161.26,161.47,161.25,161.41,19126.96
2025-07-13T17:21:00.000000Z,161.4,161.53,161.4,161.47,11369.41
2025-07-13T17:22:00.000000Z,161.48,161.57,161.46,161.57,14199.43
2025-07-13T17:23:00.000000Z,161.57,161.63,161.55,161.6,16438.18
2025-07-13T17:24:00.000000Z,161.61,161.69,161.61,161.62,12313.2
2025-07-13T17:25:00.000000Z,161.63,161.68,161.62,161.63,4114.29
2025-07-13T17:26:00.000000Z,161.62,161.7,161.62,161.67,5222.45
2025-07-13T17:27:00.000000Z,161.67,161.83,161.67,161.81,20768.03
2025-07-13T17:28:00.000000Z,161.82,161.83,161.68,161.73,6498.87
2025-07-13T17:29:00.000000Z,161.73,161.81,161.73,161.76,4069.75
2025-07-13T17:30:00.000000Z,161.75,161.89,161.75,161.79,6373.59
2025-07-13T17:31:00.000000Z,161.8,161.84,161.7,161.76,6937.05
2025-07-13T17:32:00.000000Z,161.77,161.98,161.77,161.98,9525.88
2025-07-13T17:33:00.000000Z,161.98,162.37,161.96,162.14,58800.82
2025-07-13T17:34:00.000000Z,162.14,162.25,162.14,162.2,11553.5
2025-07-13T17:35:00.000000Z,162.2,162.27,162.19,162.25,11731.55
2025-07-13T17:36:00.000000Z,162.26,162.32,162.24,162.27,4919.2
2025-07-13T17:37:00.000000Z,162.27,162.34,162.24,162.33,9629.95
2025-07-13T17:38:00.000000Z,162.32,162.32,162.13,162.25,9988.74
2025-07-13T17:39:00.000000Z,162.25,162.28,162.16,162.27,9880.81
2025-07-13T17:40:00.000000Z,162.28,162.29,162.21,162.21,5471.61
2025-07-13T17:41:00.000000Z,162.22,162.38,162.22,162.34,5868.44
2025-07-13T17:42:00.000000Z,162.35,162.35,162.24,162.25,2481.2
2025-07-13T17:43:00.000000Z,162.25,162.33,162.25,162.33,3597.36
2025-07-13T17:44:00.000000Z,162.32,162.35,162.25,162.26,2970.24
2025-07-13T17:45:00.000000Z,162.26,162.37,162.25,162.35,3602.5
2025-07-13T17:46:00.000000Z,162.34,162.47,162.33,162.46,8014.87
2025-07-13T17:47:00.000000Z,162.46,162.56,162.41,162.54,12273.86
2025-07-13T17:48:00.000000Z,162.54,162.55,162.43,162.48,2990.46
2025-07-13T17:49:00.000000Z,162.49,162.49,162.42,162.44,4478.86
2025-07-13T17:50:00.000000Z,162.44,162.52,162.32,162.52,7202.04
2025-07-13T17:51:00.000000Z,162.52,162.61,162.51,162.59,7130.9
2025-07-13T17:52:00.000000Z,162.59,162.66,162.55,162.65,13176.07
2025-07-13T17:53:00.000000Z,162.65,162.67,162.55,162.56,3978.23
2025-07-13T17:54:00.000000Z,162.56,162.58,162.43,162.56,5787.15
2025-07-13T17:55:00.000000Z,162.55,162.71,162.55,162.71,6529.69
2025-07-13T17:56:00.000000Z,162.71,162.74,162.56,162.62,5865.64
2025-07-13T17:57:00.000000Z,162.62,162.66,162.55,162.58,5060.96
2025-07-13T17:58:00.000000Z,162.58,162.6,162.46,162.56,5229.78
2025-07-13T17:59:00.000000Z,162.56,162.62,162.52,162.62,8979.72
2025-07-13T18:00:00.000000Z,162.62,162.66,162.47,162.47,8292.21
2025-07-13T18:01:00.000000Z,162.48,162.48,162.3,162.39,18552.7
2025-07-13T18:02:00.000000Z,162.4,162.61,162.39,162.6,10712.14
2025-07-13T18:03:00.000000Z,162.61,162.87,162.6,162.82,23130.17
2025-07-13T18:04:00.000000Z,162.82,162.82,162.44,162.44,17498.45
2025-07-13T18:05:00.000000Z,162.44,162.51,162.37,162.46,8832.09
2025-07-13T18:06:00.000000Z,162.47,162.5,162.41,162.46,5748.56
2025-07-13T18:07:00.000000Z,162.46,162.52,162.39,162.49,5858.48
2025-07-13T18:08:00.000000Z,162.5,162.54,162.42,162.53,13384.0
2025-07-13T18:09:00.000000Z,162.54,162.54,162.38,162.38,5071.82
2025-07-13T18:10:00.000000Z,162.38,162.53,162.35,162.49,4218.0
2025-07-13T18:11:00.000000Z,162.49,162.54,162.45,162.53,2677.49
2025-07-13T18:12:00.000000Z,162.53,162.64,162.49,162.5,13531.42
2025-07-13T18:13:00.000000Z,162.5,162.53,162.45,162.53,4342.58
2025-07-13T18:14:00.000000Z,162.54,162.59,162.49,162.58,3920.59
2025-07-13T18:15:00.000000Z,162.59,162.85,162.55,162.71,15980.4
2025-07-13T18:16:00.000000Z,162.71,162.78,162.59,162.75,13550.64
2025-07-13T18:17:00.000000Z,162.74,162.8,162.68,162.8,5004.66
2025-07-13T18:18:00.000000Z,162.79,162.85,162.77,162.78,4526.49
2025-07-13T18:19:00.000000Z,162.77,162.8,162.75,162.79,1978.57
2025-07-13T18:20:00.000000Z,162.8,162.92,162.78,162.91,8247.96
2025-07-13T18:21:00.000000Z,162.92,162.92,162.84,162.85,4851.87
2025-07-13T18:22:00.000000Z,162.85,162.91,162.75,162.89,8685.62
2025-07-13T18:23:00.000000Z,162.89,162.98,162.86,162.98,9184.0
2025-07-13T18:24:00.000000Z,162.98,163.05,162.9,162.9,21792.6
2025-07-13T18:25:00.000000Z,162.9,163.06,162.9,163.05,14782.45
2025-07-13T18:26:00.000000Z,163.05,163.17,162.97,162.98,14352.77
2025-07-13T18:27:00.000000Z,162.99,163.15,162.99,163.09,11703.21
2025-07-13T18:28:00.000000Z,163.09,163.12,163.04,163.07,9710.25
2025-07-13T18:29:00.000000Z,163.06,163.07,162.94,163.0,8521.86
2025-07-13T18:30:00.000000Z,163.0,163.07,162.88,162.96,16124.49
2025-07-13T18:31:00.000000Z,162.95,162.99,162.88,162.9,3351.03
2025-07-13T18:32:00.000000Z,162.89,162.89,162.75,162.78,8050.87
2025-07-13T18:33:00.000000Z,162.78,162.9,162.78,162.89,3570.86
2025-07-13T18:34:00.000000Z,162.9,163.01,162.89,163.0,8686.7
2025-07-13T18:35:00.000000Z,163.0,163.05,162.9,162.91,3216.48
2025-07-13T18:36:00.000000Z,162.91,163.02,162.9,163.02,2456.56
2025-07-13T18:37:00.000000Z,163.01,163.21,163.01,163.2,18329.01
2025-07-13T18:38:00.000000Z,163.19,163.19,163.07,163.14,9773.15
2025-07-13T18:39:00.000000Z,163.14,163.15,163.06,163.09,5952.67
2025-07-13T18:40:00.000000Z,163.08,163.08,162.85,162.91,16593.09
2025-07-13T18:41:00.000000Z,162.91,162.96,162.88,162.9,5062.12
2025-07-13T18:42:00.000000Z,162.89,162.94,162.85,162.9,2539.74
2025-07-13T18:43:00.000000Z,162.89,162.92,162.85,162.87,1929.21
2025-07-13T18:44:00.000000Z,162.87,162.88,162.67,162.8,14787.26
2025-07-13T18:45:00.000000Z,162.8,162.81,162.73,162.75,4328.51
2025-07-13T18:46:00.000000Z,162.76,162.76,162.6,162.61,8818.74
2025-07-13T18:47:00.000000Z,162.62,162.64,162.57,162.61,6312.53
2025-07-13T18:48:00.000000Z,162.6,162.67,162.6,162.67,4066.91
2025-07-13T18:49:00.000000Z,162.67,162.83,162.67,162.83,6249.4
2025-07-13T18:50:00.000000Z,162.83,162.92,162.74,162.92,4817.48
2025-07-13T18:51:00.000000Z,162.92,162.97,162.86,162.96,4786.45
2025-07-13T18:52:00.000000Z,162.96,162.96,162.85,162.91,4296.97
2025-07-13T18:53:00.000000Z,162.91,163.0,162.91,162.98,8046.15
2025-07-13T18:54:00.000000Z,162.97,162.98,162.87,162.91,2854.12
2025-07-13T18:55:00.000000Z,162.91,162.92,162.79,162.86,7576.6
2025-07-13T18:56:00.000000Z,162.86,162.9,162.82,162.86,2231.98
2025-07-13T18:57:00.000000Z,162.86,163.0,162.86,163.0,2308.34
2025-07-13T18:58:00.000000Z,162.99,163.13,162.99,163.1,9852.55
2025-07-13T18:59:00.000000Z,163.11,163.11,162.97,162.98,5179.51
2025-07-13T19:00:00.000000Z,162.99,163.04,162.89,162.91,8467.6
2025-07-13T19:01:00.000000Z,162.91,162.91,162.82,162.82,3944.64
2025-07-13T19:02:00.000000Z,162.82,162.83,162.7,162.8,6193.59
2025-07-13T19:03:00.000000Z,162.8,162.82,162.73,162.79,7797.54
2025-07-13T19:04:00.000000Z,162.78,162.9,162.78,162.84,3322.53
2025-07-13T19:05:00.000000Z,162.85,162.89,162.78,162.82,2795.21
2025-07-13T19:06:00.000000Z,162.82,162.85,162.76,162.78,8710.36
2025-07-13T19:07:00.000000Z,162.78,162.81,162.71,162.75,3943.68
2025-07-13T19:08:00.000000Z,162.75,162.75,162.65,162.66,4181.26
2025-07-13T19:09:00.000000Z,162.67,162.83,162.66,162.79,8316.0
2025-07-13T19:10:00.000000Z,162.78,162.84,162.74,162.84,13514.64
2025-07-13T19:11:00.000000Z,162.83,162.87,162.77,162.78,8308.83
2025-07-13T19:12:00.000000Z,162.78,162.81,162.77,162.81,5878.47
2025-07-13T19:13:00.000000Z,162.81,162.83,162.8,162.82,1530.2
2025-07-13T19:14:00.000000Z,162.82,162.83,162.78,162.83,1093.25
2025-07-13T19:15:00.000000Z,162.83,162.87,162.73,162.75,3029.46
2025-07-13T19:16:00.000000Z,162.75,162.78,162.71,162.78,3014.46
2025-07-13T19:17:00.000000Z,162.78,162.83,162.73,162.76,2095.37
2025-07-13T19:18:00.000000Z,162.76,162.9,162.75,162.87,6318.69
2025-07-13T19:19:00.000000Z,162.88,162.91,162.85,162.89,4627.46
2025-07-13T19:20:00.000000Z,162.9,162.92,162.87,162.9,2332.18
2025-07-13T19:21:00.000000Z,162.89,163.05,162.88,163.05,6103.11
2025-07-13T19:22:00.000000Z,163.05,163.09,163.01,163.08,5368.39
2025-07-13T19:23:00.000000Z,163.09,163.13,163.03,163.07,4609.59
2025-07-13T19:24:00.000000Z,163.07,163.17,163.01,163.15,6027.9
2025-07-13T19:25:00.000000Z,163.14,163.2,163.1,163.2,5226.24
2025-07-13T19:26:00.000000Z,163.2,163.23,163.13,163.19,7864.43
2025-07-13T19:27:00.000000Z,163.19,163.29,163.13,163.25,9781.95
2025-07-13T19:28:00.000000Z,163.25,163.35,163.22,163.32,9485.13
2025-07-13T19:29:00.000000Z,163.32,163.32,163.18,163.21,8308.24
2025-07-13T19:30:00.000000Z,163.21,163.32,163.2,163.32,9349.05
2025-07-13T19:31:00.000000Z,163.32,163.37,163.28,163.28,5606.88
2025-07-13T19:32:00.000000Z,163.29,163.49,163.27,163.31,29685.62
2025-07-13T19:33:00.000000Z,163.31,163.37,163.21,163.3,5116.31
2025-07-13T19:34:00.000000Z,163.29,163.37,162.97,162.98,21891.6
2025-07-13T19:35:00.000000Z,162.98,163.04,162.85,163.01,18633.28
2025-07-13T19:36:00.000000Z,163.01,163.17,162.91,163.16,19432.11
2025-07-13T19:37:00.000000Z,163.16,163.36,163.16,163.16,5588.59
2025-07-13T19:38:00.000000Z,163.17,163.2,162.99,163.09,5868.77
2025-07-13T19:39:00.000000Z,163.09,163.17,163.06,163.07,1954.01
2025-07-13T19:40:00.000000Z,163.06,163.25,163.02,163.24,7617.85
2025-07-13T19:41:00.000000Z,163.24,163.29,163.12,163.13,9798.39
2025-07-13T19:42:00.000000Z,163.12,163.12,163.06,163.09,2709.78
2025-07-13T19:43:00.000000Z,163.08,163.09,162.96,163.0,6235.64
2025-07-13T19:44:00.000000Z,163.01,163.04,162.87,162.92,9219.67
2025-07-13T19:45:00.000000Z,162.92,163.0,162.74,162.78,15529.53
2025-07-13T19:46:00.000000Z,162.79,162.93,162.73,162.91,10295.56
2025-07-13T19:47:00.000000Z,162.92,163.0,162.9,163.0,2575.06
2025-07-13T19:48:00.000000Z,162.99,163.03,162.95,163.02,3068.59
2025-07-13T19:49:00.000000Z,163.02,163.05,162.9,163.03,7231.26
2025-07-13T19:50:00.000000Z,163.02,163.18,163.02,163.18,8428.74
2025-07-13T19:51:00.000000Z,163.17,163.17,163.02,163.04,5124.23
2025-07-13T19:52:00.000000Z,163.04,163.08,163.01,163.07,1271.64
2025-07-13T19:53:00.000000Z,163.08,163.08,162.97,163.01,1913.35
2025-07-13T19:54:00.000000Z,163.01,163.01,162.85,162.91,2171.25
2025-07-13T19:55:00.000000Z,162.91,162.96,162.84,162.85,5299.88
2025-07-13T19:56:00.000000Z,162.86,162.89,162.82,162.82,4062.51
2025-07-13T19:57:00.000000Z,162.82,162.82,162.71,162.75,13352.3
2025-07-13T19:58:00.000000Z,162.74,162.75,162.58,162.58,5628.32
2025-07-13T19:59:00.000000Z,162.59,162.59,162.43,162.46,28390.03
2025-07-13T20:00:00.000000Z,162.45,162.62,162.44,162.45,9280.7
2025-07-13T20:01:00.000000Z,162.44,162.45,162.07,162.27,41997.22
2025-07-13T20:02:00.000000Z,162.27,162.41,162.27,162.34,8750.36
2025-07-13T20:03:00.000000Z,162.33,162.36,162.21,162.25,8745.05
2025-07-13T20:04:00.000000Z,162.26,162.28,161.89,161.93,30302.56
2025-07-13T20:05:00.000000Z,161.93,162.13,161.88,162.13,13570.25
2025-07-13T20:06:00.000000Z,162.13,162.16,161.98,162.02,11059.62
2025-07-13T20:07:00.000000Z,162.02,162.25,162.02,162.25,7176.03
2025-07-13T20:08:00.000000Z,162.24,162.38,162.19,162.28,12191.27
2025-07-13T20:09:00.000000Z,162.28,162.38,162.28,162.38,8978.04
2025-07-13T20:10:00.000000Z,162.38,162.41,162.33,162.38,6132.25
2025-07-13T20:11:00.000000Z,162.39,162.41,162.3,162.31,4463.25
2025-07-13T20:12:00.000000Z,162.31,162.4,162.3,162.39,5895.34
2025-07-13T20:13:00.000000Z,162.4,162.42,162.34,162.38,3935.84
2025-07-13T20:14:00.000000Z,162.38,162.39,162.33,162.37,4254.89
2025-07-13T20:15:00.000000Z,162.38,162.53,162.37,162.53,4647.84
2025-07-13T20:16:00.000000Z,162.53,162.53,162.4,162.45,3795.07
2025-07-13T20:17:00.000000Z,162.45,162.62,162.45,162.59,6381.82
2025-07-13T20:18:00.000000Z,162.58,162.76,162.58,162.76,15115.44
2025-07-13T20:19:00.000000Z,162.76,162.82,162.7,162.71,9501.85
2025-07-13T20:20:00.000000Z,162.71,162.74,162.66,162.69,3286.85
2025-07-13T20:21:00.000000Z,162.7,162.75,162.63,162.75,4202.69
2025-07-13T20:22:00.000000Z,162.74,162.75,162.61,162.61,5637.93
2025-07-13T20:23:00.000000Z,162.6,162.7,162.6,162.66,2948.17
2025-07-13T20:24:00.000000Z,162.65,162.72,162.62,162.7,2650.9
2025-07-13T20:25:00.000000Z,162.7,162.73,162.65,162.72,2137.13
2025-07-13T20:26:00.000000Z,162.72,162.77,162.63,162.64,6302.49
2025-07-13T20:27:00.000000Z,162.63,162.67,162.6,162.62,4114.05
2025-07-13T20:28:00.000000Z,162.63,162.81,162.61,162.81,2360.08
2025-07-13T20:29:00.000000Z,162.8,162.84,162.76,162.8,8927.41
2025-07-13T20:30:00.000000Z,162.8,162.86,162.79,162.83,5229.19
2025-07-13T20:31:00.000000Z,162.83,162.99,162.82,162.9,13785.97
2025-07-13T20:32:00.000000Z,162.9,163.01,162.86,163.01,6455.63
2025-07-13T20:33:00.000000Z,163.01,163.02,162.85,162.89,9326.99
2025-07-13T20:34:00.000000Z,162.89,163.01,162.88,162.94,12558.22
2025-07-13T20:35:00.000000Z,162.94,163.02,162.91,163.01,2852.23
2025-07-13T20:36:00.000000Z,163.01,163.02,162.91,162.95,3726.31
2025-07-13T20:37:00.000000Z,162.95,162.96,162.9,162.93,1361.68
2025-07-13T20:38:00.000000Z,162.94,162.95,162.84,162.89,5205.85
2025-07-13T20:39:00.000000Z,162.88,162.88,162.75,162.83,6332.06
2025-07-13T20:40:00.000000Z,162.82,162.94,162.78,162.93,1848.3
2025-07-13T20:41:00.000000Z,162.94,162.95,162.85,162.86,3880.43
2025-07-13T20:42:00.000000Z,162.86,162.86,162.82,162.82,1152.12
2025-07-13T20:43:00.000000Z,162.82,162.83,162.74,162.79,3441.49
2025-07-13T20:44:00.000000Z,162.8,162.83,162.74,162.76,1783.94
2025-07-13T20:45:00.000000Z,162.76,162.81,162.68,162.69,8370.41
2025-07-13T20:46:00.000000Z,162.68,162.68,162.57,162.57,3926.03
2025-07-13T20:47:00.000000Z,162.57,162.58,162.4,162.43,9028.31
2025-07-13T20:48:00.000000Z,162.43,162.47,162.37,162.44,4967.54
2025-07-13T20:49:00.000000Z,162.43,162.53,162.42,162.43,2586.33
2025-07-13T20:50:00.000000Z,162.42,162.45,162.4,162.44,1673.34
2025-07-13T20:51:00.000000Z,162.43,162.5,162.38,162.49,3568.61
2025-07-13T20:52:00.000000Z,162.49,162.54,162.41,162.53,3643.62
2025-07-13T20:53:00.000000Z,162.53,162.58,162.52,162.58,2448.99
2025-07-13T20:54:00.000000Z,162.58,162.61,162.54,162.61,3811.15
2025-07-13T20:55:00.000000Z,162.61,162.62,162.48,162.6,6010.05
2025-07-13T20:56:00.000000Z,162.6,162.64,162.54,162.55,3228.44
2025-07-13T20:57:00.000000Z,162.55,162.59,162.5,162.5,1231.22
2025-07-13T20:58:00.000000Z,162.5,162.5,162.44,162.48,2470.39
2025-07-13T20:59:00.000000Z,162.47,162.53,162.47,162.51,4627.47
2025-07-13T21:00:00.000000Z,162.51,162.51,162.44,162.49,5182.65
2025-07-13T21:01:00.000000Z,162.49,162.49,162.37,162.37,3867.8
2025-07-13T21:02:00.000000Z,162.38,162.43,162.35,162.37,1673.51
2025-07-13T21:03:00.000000Z,162.37,162.46,162.37,162.4,3920.56
2025-07-13T21:04:00.000000Z,162.41,162.48,162.4,162.43,3251.61
2025-07-13T21:05:00.000000Z,162.43,162.44,162.33,162.34,3237.67
2025-07-13T21:06:00.000000Z,162.34,162.36,162.28,162.28,5951.3
2025-07-13T21:07:00.000000Z,162.28,162.29,162.11,162.22,7594.03
2025-07-13T21:08:00.000000Z,162.21,162.28,162.2,162.2,3580.6
2025-07-13T21:09:00.000000Z,162.21,162.22,162.12,162.16,6414.11
2025-07-13T21:10:00.000000Z,162.17,162.21,162.13,162.19,5741.39
2025-07-13T21:11:00.000000Z,162.19,162.19,162.0,162.02,9584.85
2025-07-13T21:12:00.000000Z,162.01,162.07,162.01,162.05,9283.58
2025-07-13T21:13:00.000000Z,162.05,162.07,162.01,162.04,5073.75
2025-07-13T21:14:00.000000Z,162.04,162.04,161.91,161.96,9331.8
2025-07-13T21:15:00.000000Z,161.95,161.96,161.9,161.96,5252.23
2025-07-13T21:16:00.000000Z,161.97,162.0,161.8,161.84,23697.98
2025-07-13T21:17:00.000000Z,161.84,161.98,161.8,161.9,4560.38
2025-07-13T21:18:00.000000Z,161.89,161.92,161.83,161.83,4558.58
2025-07-13T21:19:00.000000Z,161.83,161.86,161.83,161.85,2394.58
2025-07-13T21:20:00.000000Z,161.85,161.9,161.82,161.83,6370.16
2025-07-13T21:21:00.000000Z,161.82,161.98,161.82,161.96,6287.04
2025-07-13T21:22:00.000000Z,161.95,161.96,161.9,161.9,6360.85
2025-07-13T21:23:00.000000Z,161.91,161.91,161.79,161.8,4659.99
2025-07-13T21:24:00.000000Z,161.8,161.84,161.79,161.8,2936.04
2025-07-13T21:25:00.000000Z,161.81,161.81,161.69,161.77,6019.03
2025-07-13T21:26:00.000000Z,161.77,161.81,161.75,161.8,2579.72
2025-07-13T21:27:00.000000Z,161.8,161.83,161.73,161.8,4796.98
2025-07-13T21:28:00.000000Z,161.8,161.84,161.8,161.84,1380.94
2025-07-13T21:29:00.000000Z,161.84,161.85,161.84,161.85,1350.67
2025-07-13T21:30:00.000000Z,161.85,161.85,161.8,161.85,3704.92
2025-07-13T21:31:00.000000Z,161.85,161.85,161.8,161.8,1433.94
2025-07-13T21:32:00.000000Z,161.81,161.81,161.65,161.77,10095.0
2025-07-13T21:33:00.000000Z,161.76,161.81,161.63,161.64,5665.68
2025-07-13T21:34:00.000000Z,161.63,161.64,161.56,161.6,7393.53
2025-07-13T21:35:00.000000Z,161.59,161.61,161.57,161.58,2278.55
2025-07-13T21:36:00.000000Z,161.57,161.61,161.51,161.52,9566.64
2025-07-13T21:37:00.000000Z,161.51,161.52,160.83,160.94,94811.74
2025-07-13T21:38:00.000000Z,160.94,160.96,160.13,160.15,54571.11
2025-07-13T21:39:00.000000Z,160.14,160.67,159.98,160.67,99834.99
2025-07-13T21:40:00.000000Z,160.67,160.75,160.38,160.45,22028.39
2025-07-13T21:41:00.000000Z,160.46,160.62,160.32,160.62,20568.82
2025-07-13T21:42:00.000000Z,160.62,160.62,160.52,160.62,13376.68
2025-07-13T21:43:00.000000Z,160.61,160.62,160.59,160.62,25497.54
2025-07-13T21:44:00.000000Z,160.61,160.83,160.61,160.83,19093.66
2025-07-13T21:45:00.000000Z,160.83,160.95,160.66,160.87,19468.39
2025-07-13T21:46:00.000000Z,160.87,160.9,160.72,160.86,10006.63
2025-07-13T21:47:00.000000Z,160.86,161.13,160.86,161.05,19440.23
2025-07-13T21:48:00.000000Z,161.05,161.09,160.93,161.09,4710.24
2025-07-13T21:49:00.000000Z,161.09,161.23,161.05,161.2,6765.97
2025-07-13T21:50:00.000000Z,161.2,161.2,160.89,160.93,10209.36
2025-07-13T21:51:00.000000Z,160.93,160.93,160.79,160.8,11634.16
2025-07-13T21:52:00.000000Z,160.79,160.79,160.57,160.63,18295.69
2025-07-13T21:53:00.000000Z,160.63,160.85,160.62,160.72,12309.21
2025-07-13T21:54:00.000000Z,160.71,160.8,160.68,160.71,5598.4
2025-07-13T21:55:00.000000Z,160.71,160.78,160.67,160.71,7992.37
2025-07-13T21:56:00.000000Z,160.71,160.8,160.64,160.8,4951.17
2025-07-13T21:57:00.000000Z,160.8,160.8,160.63,160.65,6713.63
2025-07-13T21:58:00.000000Z,160.65,160.67,160.39,160.39,11958.48
2025-07-13T21:59:00.000000Z,160.38,160.51,160.3,160.47,10653.91
2025-07-13T22:00:00.000000Z,160.47,160.47,159.71,160.14,81316.82
2025-07-13T22:01:00.000000Z,160.14,160.23,159.93,160.1,24547.85
2025-07-13T22:02:00.000000Z,160.09,160.23,159.99,159.99,19210.96
2025-07-13T22:03:00.000000Z,159.99,160.18,159.95,160.08,27646.62
2025-07-13T22:04:00.000000Z,160.09,160.34,160.08,160.24,15670.73
2025-07-13T22:05:00.000000Z,160.25,160.33,160.12,160.23,15424.23
2025-07-13T22:06:00.000000Z,160.24,160.49,160.24,160.48,15014.3
2025-07-13T22:07:00.000000Z,160.46,160.69,160.42,160.62,14418.97
2025-07-13T22:08:00.000000Z,160.61,160.65,160.54,160.55,14248.51
2025-07-13T22:09:00.000000Z,160.55,160.56,160.26,160.32,11223.44
2025-07-13T22:10:00.000000Z,160.31,160.37,160.08,160.21,18515.08
2025-07-13T22:11:00.000000Z,160.22,160.22,160.04,160.07,16603.51
2025-07-13T22:12:00.000000Z,160.06,160.1,159.95,160.09,20632.32
2025-07-13T22:13:00.000000Z,160.1,160.19,160.05,160.08,6821.56
2025-07-13T22:14:00.000000Z,160.07,160.16,159.97,160.07,25099.44
2025-07-13T22:15:00.000000Z,160.06,160.33,159.98,160.32,15607.19
2025-07-13T22:16:00.000000Z,160.33,160.4,160.18,160.24,9276.05
2025-07-13T22:17:00.000000Z,160.24,160.24,159.9,159.9,10627.08
2025-07-13T22:18:00.000000Z,159.89,159.99,159.65,159.78,32439.98
2025-07-13T22:19:00.000000Z,159.78,159.79,159.55,159.58,20842.66
2025-07-13T22:20:00.000000Z,159.58,159.76,159.55,159.73,16735.65
2025-07-13T22:21:00.000000Z,159.73,159.75,159.58,159.75,7670.46
2025-07-13T22:22:00.000000Z,159.75,159.95,159.75,159.92,13235.07
2025-07-13T22:23:00.000000Z,159.93,160.22,159.93,160.21,15850.03
2025-07-13T22:24:00.000000Z,160.22,160.28,160.17,160.2,6973.99
2025-07-13T22:25:00.000000Z,160.2,160.21,159.95,160.09,6672.58
2025-07-13T22:26:00.000000Z,160.1,160.15,159.97,160.06,14364.82
2025-07-13T22:27:00.000000Z,160.07,160.11,159.97,160.08,8278.0
2025-07-13T22:28:00.000000Z,160.07,160.08,159.98,160.03,7886.23
2025-07-13T22:29:00.000000Z,160.03,160.06,160.01,160.01,3148.88
2025-07-13T22:30:00.000000Z,160.02,160.23,159.99,160.17,7950.66
2025-07-13T22:31:00.000000Z,160.18,160.39,160.15,160.31,18420.68
2025-07-13T22:32:00.000000Z,160.31,160.45,160.3,160.41,8452.07
2025-07-13T22:33:00.000000Z,160.41,160.53,160.41,160.41,10227.91
2025-07-13T22:34:00.000000Z,160.41,160.54,160.41,160.48,6937.6
2025-07-13T22:35:00.000000Z,160.48,160.59,160.48,160.54,11976.98
2025-07-13T22:36:00.000000Z,160.55,160.75,160.52,160.72,9128.47
2025-07-13T22:37:00.000000Z,160.73,160.81,160.73,160.75,9741.65
2025-07-13T22:38:00.000000Z,160.75,160.8,160.68,160.74,9739.76
2025-07-13T22:39:00.000000Z,160.74,160.8,160.69,160.7,5639.13
2025-07-13T22:40:00.000000Z,160.7,160.86,160.7,160.86,14768.27
2025-07-13T22:41:00.000000Z,160.85,160.91,160.8,160.84,9534.76
2025-07-13T22:42:00.000000Z,160.84,160.93,160.83,160.91,10488.03
2025-07-13T22:43:00.000000Z,160.92,160.93,160.85,160.91,5667.21
2025-07-13T22:44:00.000000Z,160.9,160.99,160.87,160.88,9540.07
2025-07-13T22:45:00.000000Z,160.87,160.97,160.87,160.94,4209.62
2025-07-13T22:46:00.000000Z,160.94,160.97,160.87,160.92,5230.41
2025-07-13T22:47:00.000000Z,160.93,160.93,160.6,160.73,22496.12
2025-07-13T22:48:00.000000Z,160.73,160.85,160.73,160.84,4101.51
2025-07-13T22:49:00.000000Z,160.85,160.99,160.84,160.92,12331.44
2025-07-13T22:50:00.000000Z,160.91,160.92,160.76,160.82,4960.16
2025-07-13T22:51:00.000000Z,160.83,160.91,160.82,160.91,3437.97
2025-07-13T22:52:00.000000Z,160.91,160.93,160.69,160.78,7889.7
2025-07-13T22:53:00.000000Z,160.78,160.81,160.69,160.76,4673.33
2025-07-13T22:54:00.000000Z,160.76,160.85,160.71,160.83,3709.56
2025-07-13T22:55:00.000000Z,160.83,160.94,160.82,160.94,3858.89
2025-07-13T22:56:00.000000Z,160.94,160.94,160.83,160.87,1828.18
2025-07-13T22:57:00.000000Z,160.87,160.87,160.78,160.81,6131.39
2025-07-13T22:58:00.000000Z,160.82,160.86,160.8,160.8,1872.85
2025-07-13T22:59:00.000000Z,160.79,160.8,160.69,160.69,3070.24
2025-07-13T23:00:00.000000Z,160.69,160.73,160.63,160.64,5854.92
2025-07-13T23:01:00.000000Z,160.64,160.65,160.54,160.55,10986.69
2025-07-13T23:02:00.000000Z,160.55,160.67,160.52,160.63,7453.88
2025-07-13T23:03:00.000000Z,160.63,160.8,160.61,160.73,6891.91
2025-07-13T23:04:00.000000Z,160.74,160.77,160.62,160.65,4363.29
2025-07-13T23:05:00.000000Z,160.66,161.0,160.66,160.99,9875.08
2025-07-13T23:06:00.000000Z,160.99,160.99,160.71,160.76,9746.04
2025-07-13T23:07:00.000000Z,160.76,160.78,160.69,160.76,9591.99
2025-07-13T23:08:00.000000Z,160.76,160.76,160.62,160.62,3383.69
2025-07-13T23:09:00.000000Z,160.63,160.77,160.51,160.51,10994.04
2025-07-13T23:10:00.000000Z,160.5,160.52,160.31,160.4,12070.26
2025-07-13T23:11:00.000000Z,160.4,160.41,160.28,160.28,7913.77
2025-07-13T23:12:00.000000Z,160.29,160.47,160.28,160.43,8176.73
2025-07-13T23:13:00.000000Z,160.42,160.58,160.4,160.58,6053.94
2025-07-13T23:14:00.000000Z,160.58,160.58,160.5,160.56,6239.01
2025-07-13T23:15:00.000000Z,160.56,160.87,160.56,160.64,19803.07
2025-07-13T23:16:00.000000Z,160.64,160.81,160.58,160.79,12398.18
2025-07-13T23:17:00.000000Z,160.78,160.9,160.75,160.82,4245.95
2025-07-13T23:18:00.000000Z,160.82,160.88,160.8,160.85,1948.9
2025-07-13T23:19:00.000000Z,160.86,160.87,160.49,160.6,50709.06
2025-07-13T23:20:00.000000Z,160.59,160.65,160.43,160.55,6439.68
2025-07-13T23:21:00.000000Z,160.55,160.85,160.54,160.78,8007.67
2025-07-13T23:22:00.000000Z,160.79,160.79,160.62,160.7,3849.04
2025-07-13T23:23:00.000000Z,160.71,160.75,160.65,160.7,2905.52
2025-07-13T23:24:00.000000Z,160.7,160.7,160.61,160.65,2340.58
2025-07-13T23:25:00.000000Z,160.65,160.68,160.62,160.62,3970.92
2025-07-13T23:26:00.000000Z,160.62,160.62,160.41,160.48,8305.95
2025-07-13T23:27:00.000000Z,160.48,160.5,160.4,160.4,3787.94
2025-07-13T23:28:00.000000Z,160.4,160.45,160.23,160.24,6851.41
2025-07-13T23:29:00.000000Z,160.23,160.34,160.2,160.34,5933.89
2025-07-13T23:30:00.000000Z,160.34,160.56,160.33,160.54,10969.29
2025-07-13T23:31:00.000000Z,160.54,160.69,160.53,160.56,5790.29
2025-07-13T23:32:00.000000Z,160.56,160.56,160.4,160.44,6065.61
2025-07-13T23:33:00.000000Z,160.44,160.54,160.43,160.54,3146.74
2025-07-13T23:34:00.000000Z,160.54,160.59,160.45,160.49,4113.88
2025-07-13T23:35:00.000000Z,160.49,160.6,160.48,160.54,3212.64
2025-07-13T23:36:00.000000Z,160.55,160.7,160.54,160.63,3536.7
2025-07-13T23:37:00.000000Z,160.63,160.82,160.62,160.79,13283.29
2025-07-13T23:38:00.000000Z,160.79,160.89,160.78,160.85,16159.42
2025-07-13T23:39:00.000000Z,160.84,160.86,160.8,160.85,3050.64
2025-07-13T23:40:00.000000Z,160.85,160.95,160.81,160.91,10407.61
2025-07-13T23:41:00.000000Z,160.91,160.93,160.73,160.79,4753.15
2025-07-13T23:42:00.000000Z,160.8,160.82,160.66,160.66,2524.39
2025-07-13T23:43:00.000000Z,160.66,160.74,160.56,160.74,3107.7
2025-07-13T23:44:00.000000Z,160.73,160.81,160.7,160.78,5367.37
2025-07-13T23:45:00.000000Z,160.78,160.84,160.76,160.84,4632.97
2025-07-13T23:46:00.000000Z,160.84,161.02,160.82,161.02,8101.6
2025-07-13T23:47:00.000000Z,161.01,161.25,160.97,161.15,47058.34
2025-07-13T23:48:00.000000Z,161.16,161.16,160.96,160.98,9589.46
2025-07-13T23:49:00.000000Z,160.98,160.99,160.9,160.91,4781.34
2025-07-13T23:50:00.000000Z,160.91,160.99,160.83,160.96,9701.69
2025-07-13T23:51:00.000000Z,160.97,161.38,160.97,161.28,17894.28
2025-07-13T23:52:00.000000Z,161.28,161.37,161.25,161.31,17293.32
2025-07-13T23:53:00.000000Z,161.3,161.33,161.19,161.25,8085.1
2025-07-13T23:54:00.000000Z,161.25,161.28,161.1,161.15,10387.48
2025-07-13T23:55:00.000000Z,161.15,161.21,161.04,161.1,13360.58
2025-07-13T23:56:00.000000Z,161.11,161.14,161.09,161.09,4497.55
2025-07-13T23:57:00.000000Z,161.1,161.1,160.92,161.0,11987.33
2025-07-13T23:58:00.000000Z,161.0,161.01,160.91,160.92,6482.38
2025-07-13T23:59:00.000000Z,160.93,161.05,160.91,161.04,4583.26
2025-07-14T00:00:00.000000Z,161.05,161.1,160.96,160.97,9901.71
2025-07-14T00:01:00.000000Z,160.96,160.97,160.7,160.7,15452.85
2025-07-14T00:02:00.000000Z,160.7,160.79,160.68,160.68,9010.28
2025-07-14T00:03:00.000000Z,160.67,160.89,160.67,160.82,7932.79
2025-07-14T00:04:00.000000Z,160.83,160.85,160.7,160.79,5823.52
2025-07-14T00:05:00.000000Z,160.78,160.78,160.7,160.74,5486.34
2025-07-14T00:06:00.000000Z,160.74,160.84,160.7,160.78,6471.54
2025-07-14T00:07:00.000000Z,160.78,160.91,160.77,160.79,12098.88
2025-07-14T00:08:00.000000Z,160.79,160.79,160.57,160.6,6251.82
2025-07-14T00:09:00.000000Z,160.59,160.75,160.53,160.71,9682.26
2025-07-14T00:10:00.000000Z,160.71,160.8,160.68,160.8,10506.6
2025-07-14T00:11:00.000000Z,160.79,160.93,160.75,160.92,6505.8
2025-07-14T00:12:00.000000Z,160.93,161.08,160.84,161.07,3755.63
2025-07-14T00:13:00.000000Z,161.07,161.08,161.01,161.08,2734.38
2025-07-14T00:14:00.000000Z,161.07,161.2,161.07,161.17,13543.81
2025-07-14T00:15:00.000000Z,161.18,161.23,161.15,161.16,11342.28
2025-07-14T00:16:00.000000Z,161.15,161.18,161.06,161.13,5783.86
2025-07-14T00:17:00.000000Z,161.12,161.22,161.07,161.19,5150.38
2025-07-14T00:18:00.000000Z,161.19,161.39,161.18,161.18,10208.79
2025-07-14T00:19:00.000000Z,161.18,161.26,161.1,161.1,3633.26
2025-07-14T00:20:00.000000Z,161.11,161.17,161.04,161.16,5777.96
2025-07-14T00:21:00.000000Z,161.17,161.23,161.08,161.19,12737.6
2025-07-14T00:22:00.000000Z,161.2,161.27,161.19,161.2,6694.35
2025-07-14T00:23:00.000000Z,161.2,161.44,161.19,161.39,13844.81
2025-07-14T00:24:00.000000Z,161.39,161.59,161.39,161.52,14986.09
2025-07-14T00:25:00.000000Z,161.52,161.72,161.51,161.66,17680.11
2025-07-14T00:26:00.000000Z,161.65,161.73,161.56,161.69,14145.39
2025-07-14T00:27:00.000000Z,161.69,161.84,161.65,161.67,13885.89
2025-07-14T00:28:00.000000Z,161.67,161.68,161.47,161.47,9748.71
2025-07-14T00:29:00.000000Z,161.47,161.48,161.35,161.42,8497.24
2025-07-14T00:30:00.000000Z,161.41,161.41,161.17,161.21,9768.2
2025-07-14T00:31:00.000000Z,161.21,161.3,161.16,161.27,5777.46
2025-07-14T00:32:00.000000Z,161.27,161.53,161.23,161.49,6324.23
2025-07-14T00:33:00.000000Z,161.48,161.5,161.32,161.36,5301.41
2025-07-14T00:34:00.000000Z,161.35,161.41,161.31,161.31,6277.13
2025-07-14T00:35:00.000000Z,161.31,161.34,161.25,161.28,4774.99
2025-07-14T00:36:00.000000Z,161.28,161.46,161.22,161.4,4921.72
2025-07-14T00:37:00.000000Z,161.4,161.45,161.31,161.45,4652.01
2025-07-14T00:38:00.000000Z,161.45,161.51,161.4,161.42,3453.14
2025-07-14T00:39:00.000000Z,161.43,161.59,161.4,161.59,3946.45
2025-07-14T00:40:00.000000Z,161.59,161.9,161.59,161.89,21951.27
2025-07-14T00:41:00.000000Z,161.88,162.13,161.84,161.96,21444.86
2025-07-14T00:42:00.000000Z,161.96,162.19,161.95,162.11,17973.67
2025-07-14T00:43:00.000000Z,162.1,162.22,162.08,162.21,14100.54
2025-07-14T00:44:00.000000Z,162.2,162.21,162.11,162.14,7992.51
2025-07-14T00:45:00.000000Z,162.13,162.22,161.94,162.21,15346.35
2025-07-14T00:46:00.000000Z,162.2,162.22,162.04,162.07,6919.81
2025-07-14T00:47:00.000000Z,162.06,162.19,161.97,161.97,12833.02
2025-07-14T00:48:00.000000Z,161.98,161.99,161.9,161.91,5589.88
2025-07-14T00:49:00.000000Z,161.91,161.93,161.79,161.86,10915.75
2025-07-14T00:50:00.000000Z,161.86,161.92,161.75,161.86,11174.79
2025-07-14T00:51:00.000000Z,161.85,161.86,161.76,161.79,6631.08
2025-07-14T00:52:00.000000Z,161.79,161.82,161.75,161.76,4210.82
2025-07-14T00:53:00.000000Z,161.76,161.81,161.72,161.8,4603.04
2025-07-14T00:54:00.000000Z,161.81,161.81,161.63,161.63,4995.46
2025-07-14T00:55:00.000000Z,161.63,161.63,161.38,161.42,19132.44
2025-07-14T00:56:00.000000Z,161.42,161.66,161.42,161.61,15819.58
2025-07-14T00:57:00.000000Z,161.61,161.69,161.56,161.59,10491.62
2025-07-14T00:58:00.000000Z,161.58,161.62,161.55,161.59,4831.31
2025-07-14T00:59:00.000000Z,161.59,161.59,161.52,161.56,4797.53
2025-07-14T01:00:00.000000Z,161.56,161.71,161.56,161.69,11151.27
2025-07-14T01:01:00.000000Z,161.68,161.72,161.66,161.66,3782.87
2025-07-14T01:02:00.000000Z,161.65,161.73,161.46,161.46,13945.35
2025-07-14T01:03:00.000000Z,161.46,161.77,161.41,161.77,5582.48
2025-07-14T01:04:00.000000Z,161.78,161.82,161.69,161.81,3861.67
2025-07-14T01:05:00.000000Z,161.81,162.11,161.8,161.85,12193.92
2025-07-14T01:06:00.000000Z,161.85,161.92,161.79,161.82,11693.35
2025-07-14T01:07:00.000000Z,161.83,161.83,161.57,161.69,6012.16
2025-07-14T01:08:00.000000Z,161.7,161.87,161.7,161.79,4559.9
2025-07-14T01:09:00.000000Z,161.79,161.83,161.77,161.81,3902.63
2025-07-14T01:10:00.000000Z,161.82,161.86,161.66,161.8,4108.38
2025-07-14T01:11:00.000000Z,161.8,161.84,161.74,161.78,2728.81
2025-07-14T01:12:00.000000Z,161.78,161.91,161.74,161.77,3722.29
2025-07-14T01:13:00.000000Z,161.77,161.78,161.69,161.72,2664.61
2025-07-14T01:14:00.000000Z,161.72,161.85,161.71,161.79,2408.14
2025-07-14T01:15:00.000000Z,161.79,162.17,161.72,162.06,42510.01
2025-07-14T01:16:00.000000Z,162.06,162.11,161.92,161.96,7456.89
2025-07-14T01:17:00.000000Z,161.97,162.18,161.92,162.09,8870.1
2025-07-14T01:18:00.000000Z,162.09,162.13,161.96,162.07,5818.92
2025-07-14T01:19:00.000000Z,162.07,162.16,161.92,162.07,6625.55
2025-07-14T01:20:00.000000Z,162.06,162.16,162.03,162.07,3562.1
2025-07-14T01:21:00.000000Z,162.06,162.16,162.06,162.13,9017.77
2025-07-14T01:22:00.000000Z,162.12,162.19,162.07,162.14,5195.04
2025-07-14T01:23:00.000000Z,162.14,162.2,162.09,162.16,2625.88
2025-07-14T01:24:00.000000Z,162.15,162.19,162.01,162.01,3217.64
2025-07-14T01:25:00.000000Z,162.02,162.08,161.9,161.98,7690.72
2025-07-14T01:26:00.000000Z,161.97,162.07,161.94,161.97,4296.51
2025-07-14T01:27:00.000000Z,161.98,161.98,161.83,161.9,5384.6
2025-07-14T01:28:00.000000Z,161.9,161.94,161.8,161.88,6612.04
2025-07-14T01:29:00.000000Z,161.87,161.9,161.79,161.83,3412.77
2025-07-14T01:30:00.000000Z,161.84,161.96,161.66,161.68,8614.26
2025-07-14T01:31:00.000000Z,161.67,161.82,161.67,161.7,9179.26
2025-07-14T01:32:00.000000Z,161.69,162.03,161.66,161.88,6349.0
2025-07-14T01:33:00.000000Z,161.88,162.07,161.85,162.07,8305.28
2025-07-14T01:34:00.000000Z,162.06,162.15,161.95,162.1,11639.83
2025-07-14T01:35:00.000000Z,162.1,162.32,162.09,162.28,10441.08
2025-07-14T01:36:00.000000Z,162.28,162.36,162.06,162.09,12054.45
2025-07-14T01:37:00.000000Z,162.1,162.2,162.05,162.08,3655.68
2025-07-14T01:38:00.000000Z,162.09,162.31,162.08,162.31,5242.11
2025-07-14T01:39:00.000000Z,162.3,162.34,162.17,162.18,12989.48
2025-07-14T01:40:00.000000Z,162.17,162.43,162.17,162.4,11123.36
2025-07-14T01:41:00.000000Z,162.4,162.5,162.31,162.5,13720.0
2025-07-14T01:42:00.000000Z,162.49,162.59,162.46,162.56,18940.5
2025-07-14T01:43:00.000000Z,162.56,162.69,162.56,162.61,10042.94
2025-07-14T01:44:00.000000Z,162.61,162.64,162.4,162.41,10677.74
2025-07-14T01:45:00.000000Z,162.41,162.42,162.29,162.33,4699.61
2025-07-14T01:46:00.000000Z,162.32,162.32,162.1,162.13,6573.07
2025-07-14T01:47:00.000000Z,162.13,162.32,162.08,162.31,3770.66
2025-07-14T01:48:00.000000Z,162.31,162.42,162.24,162.24,4699.72
2025-07-14T01:49:00.000000Z,162.24,162.44,162.23,162.36,7251.95
2025-07-14T01:50:00.000000Z,162.36,162.36,162.25,162.29,2975.51
2025-07-14T01:51:00.000000Z,162.29,162.39,162.29,162.35,2867.79
2025-07-14T01:52:00.000000Z,162.34,162.48,162.34,162.48,6461.7
2025-07-14T01:53:00.000000Z,162.48,162.56,162.45,162.55,8280.75
2025-07-14T01:54:00.000000Z,162.56,162.7,162.55,162.69,10001.37
2025-07-14T01:55:00.000000Z,162.68,162.69,162.58,162.59,12191.9
2025-07-14T01:56:00.000000Z,162.6,162.6,162.5,162.58,6302.15
2025-07-14T01:57:00.000000Z,162.59,162.72,162.58,162.71,5622.52
2025-07-14T01:58:00.000000Z,162.71,162.81,162.68,162.7,11504.73
2025-07-14T01:59:00.000000Z,162.69,162.75,162.69,162.73,6966.82
2025-07-14T02:00:00.000000Z,162.72,162.88,162.71,162.86,13936.3
2025-07-14T02:01:00.000000Z,162.86,163.01,162.81,162.95,23699.32
2025-07-14T02:02:00.000000Z,162.95,162.97,162.9,162.94,7318.47
2025-07-14T02:03:00.000000Z,162.94,162.96,162.75,162.88,9913.27
2025-07-14T02:04:00.000000Z,162.88,162.88,162.7,162.72,5573.99
2025-07-14T02:05:00.000000Z,162.71,162.77,162.59,162.61,9616.56
2025-07-14T02:06:00.000000Z,162.61,162.72,162.53,162.71,8231.12
2025-07-14T02:07:00.000000Z,162.71,162.85,162.67,162.84,6266.73
2025-07-14T02:08:00.000000Z,162.84,163.0,162.83,163.0,10658.73
2025-07-14T02:09:00.000000Z,162.99,162.99,162.85,162.96,6468.54
2025-07-14T02:10:00.000000Z,162.97,163.09,162.97,163.06,8321.1
2025-07-14T02:11:00.000000Z,163.06,163.15,163.06,163.13,15871.99
2025-07-14T02:12:00.000000Z,163.13,163.21,163.09,163.19,8481.29
2025-07-14T02:13:00.000000Z,163.2,163.35,163.19,163.24,20680.85
2025-07-14T02:14:00.000000Z,163.24,163.28,163.22,163.28,10597.99
2025-07-14T02:15:00.000000Z,163.28,163.36,163.23,163.28,19849.03
2025-07-14T02:16:00.000000Z,163.29,163.36,163.22,163.26,11023.04
2025-07-14T02:17:00.000000Z,163.26,163.29,163.22,163.28,10433.15
2025-07-14T02:18:00.000000Z,163.29,163.38,163.29,163.38,10271.36
2025-07-14T02:19:00.000000Z,163.37,163.44,163.36,163.43,5578.26
2025-07-14T02:20:00.000000Z,163.43,163.48,163.4,163.46,11589.61
2025-07-14T02:21:00.000000Z,163.46,163.79,163.46,163.79,57895.49
2025-07-14T02:22:00.000000Z,163.78,163.85,163.62,163.69,18989.85
2025-07-14T02:23:00.000000Z,163.69,163.95,163.68,163.95,40403.72
2025-07-14T02:24:00.000000Z,163.94,163.94,163.84,163.92,14665.75
2025-07-14T02:25:00.000000Z,163.92,164.1,163.89,164.08,102950.33
2025-07-14T02:26:00.000000Z,164.08,164.4,163.99,164.18,70632.36
2025-07-14T02:27:00.000000Z,164.18,164.36,164.17,164.32,28628.3
2025-07-14T02:28:00.000000Z,164.31,164.36,164.02,164.13,25790.11
2025-07-14T02:29:00.000000Z,164.13,164.2,164.01,164.13,15148.53
2025-07-14T02:30:00.000000Z,164.13,164.49,164.12,164.12,44200.4
2025-07-14T02:31:00.000000Z,164.12,164.16,163.77,164.03,43183.62
2025-07-14T02:32:00.000000Z,164.04,164.08,163.95,164.01,21038.21
2025-07-14T02:33:00.000000Z,164.0,164.08,163.9,164.06,15492.2
2025-07-14T02:34:00.000000Z,164.06,164.06,163.91,163.99,11513.69
2025-07-14T02:35:00.000000Z,163.98,164.04,163.92,163.93,9189.96
2025-07-14T02:36:00.000000Z,163.92,164.15,163.92,164.13,26623.14
2025-07-14T02:37:00.000000Z,164.13,164.17,164.06,164.15,9080.8
2025-07-14T02:38:00.000000Z,164.15,164.18,164.04,164.12,9595.89
2025-07-14T02:39:00.000000Z,164.12,164.35,164.12,164.26,16259.11
2025-07-14T02:40:00.000000Z,164.27,164.44,164.24,164.43,29245.69
2025-07-14T02:41:00.000000Z,164.44,164.48,164.31,164.4,11907.78
2025-07-14T02:42:00.000000Z,164.4,164.49,164.38,164.47,13431.87
2025-07-14T02:43:00.000000Z,164.48,164.6,164.41,164.43,26462.54
2025-07-14T02:44:00.000000Z,164.42,164.48,164.34,164.48,16086.88
2025-07-14T02:45:00.000000Z,164.48,164.75,164.46,164.75,36519.01
2025-07-14T02:46:00.000000Z,164.75,165.2,164.75,165.19,106526.61
2025-07-14T02:47:00.000000Z,165.2,165.5,164.93,164.98,62078.57
2025-07-14T02:48:00.000000Z,164.99,165.11,164.81,164.92,28409.44
2025-07-14T02:49:00.000000Z,164.92,164.92,164.41,164.53,74290.95
2025-07-14T02:50:00.000000Z,164.54,164.84,164.5,164.83,15767.94
2025-07-14T02:51:00.000000Z,164.84,164.93,164.75,164.83,24508.9
2025-07-14T02:52:00.000000Z,164.84,165.04,164.72,164.98,15430.58
2025-07-14T02:53:00.000000Z,164.97,165.09,164.95,165.09,12394.45
2025-07-14T02:54:00.000000Z,165.09,165.09,164.64,164.78,21315.01
2025-07-14T02:55:00.000000Z,164.77,164.93,164.7,164.79,12592.13
2025-07-14T02:56:00.000000Z,164.78,164.78,164.61,164.71,16529.87
2025-07-14T02:57:00.000000Z,164.71,164.71,164.58,164.66,15272.93
2025-07-14T02:58:00.000000Z,164.66,164.81,164.66,164.73,9888.76
2025-07-14T02:59:00.000000Z,164.73,164.85,164.72,164.84,7798.6
2025-07-14T03:00:00.000000Z,164.85,164.91,164.74,164.81,18815.31
2025-07-14T03:01:00.000000Z,164.8,164.82,164.64,164.8,12429.22
2025-07-14T03:02:00.000000Z,164.8,165.02,164.8,165.02,10592.4
2025-07-14T03:03:00.000000Z,165.02,165.12,164.92,164.94,18484.88
2025-07-14T03:04:00.000000Z,164.94,164.94,164.82,164.9,8946.07
2025-07-14T03:05:00.000000Z,164.9,165.3,164.86,165.3,37716.02
2025-07-14T03:06:00.000000Z,165.29,165.36,165.24,165.32,18516.4
2025-07-14T03:07:00.000000Z,165.33,165.4,165.15,165.19,28973.35
2025-07-14T03:08:00.000000Z,165.19,165.23,165.0,165.13,10718.9
2025-07-14T03:09:00.000000Z,165.13,165.18,165.1,165.18,14452.31
2025-07-14T03:10:00.000000Z,165.18,165.37,165.18,165.37,13452.64
2025-07-14T03:11:00.000000Z,165.37,165.45,165.26,165.44,17768.39
2025-07-14T03:12:00.000000Z,165.45,165.77,165.41,165.73,56282.07
2025-07-14T03:13:00.000000Z,165.73,165.73,165.62,165.62,18113.98
2025-07-14T03:14:00.000000Z,165.62,165.71,165.51,165.62,27284.61
2025-07-14T03:15:00.000000Z,165.63,165.88,165.6,165.78,29484.24
2025-07-14T03:16:00.000000Z,165.78,165.8,165.5,165.62,24390.86
2025-07-14T03:17:00.000000Z,165.62,165.9,165.62,165.88,16085.16
2025-07-14T03:18:00.000000Z,165.87,165.96,165.7,165.79,27684.11
2025-07-14T03:19:00.000000Z,165.78,165.79,165.56,165.6,22047.08
2025-07-14T03:20:00.000000Z,165.6,166.03,165.6,165.96,53551.27
2025-07-14T03:21:00.000000Z,165.96,166.17,165.6,165.67,65621.72
2025-07-14T03:22:00.000000Z,165.68,166.04,165.67,166.04,21579.1
2025-07-14T03:23:00.000000Z,166.03,166.13,165.99,166.1,26788.55
2025-07-14T03:24:00.000000Z,166.1,166.18,166.05,166.07,17203.73
2025-07-14T03:25:00.000000Z,166.07,166.37,166.05,166.33,32539.14
2025-07-14T03:26:00.000000Z,166.32,166.34,166.17,166.33,31765.57
2025-07-14T03:27:00.000000Z,166.34,166.34,166.22,166.28,21032.77
2025-07-14T03:28:00.000000Z,166.27,166.53,166.27,166.5,38100.1
2025-07-14T03:29:00.000000Z,166.49,166.53,166.27,166.31,23942.37
2025-07-14T03:30:00.000000Z,166.3,166.64,166.27,166.63,47078.59
2025-07-14T03:31:00.000000Z,166.62,166.63,166.47,166.58,23444.05
2025-07-14T03:32:00.000000Z,166.57,166.7,166.5,166.67,34817.49
2025-07-14T03:33:00.000000Z,166.66,166.67,166.26,166.36,41388.91
2025-07-14T03:34:00.000000Z,166.36,166.36,166.03,166.17,26937.09
2025-07-14T03:35:00.000000Z,166.17,166.5,166.15,166.39,20296.66
2025-07-14T03:36:00.000000Z,166.38,166.48,166.29,166.42,12700.02
2025-07-14T03:37:00.000000Z,166.41,166.5,166.39,166.49,6362.61
2025-07-14T03:38:00.000000Z,166.48,166.8,166.47,166.73,35675.35
2025-07-14T03:39:00.000000Z,166.73,166.95,166.72,166.9,30581.06
2025-07-14T03:40:00.000000Z,166.9,166.94,166.78,166.89,48544.69
2025-07-14T03:41:00.000000Z,166.89,167.13,166.89,167.01,51055.9
2025-07-14T03:42:00.000000Z,167.01,168.09,166.99,167.46,220652.92
2025-07-14T03:43:00.000000Z,167.46,168.16,167.44,167.66,126664.33
2025-07-14T03:44:00.000000Z,167.65,168.27,167.65,168.13,116014.6
2025-07-14T03:45:00.000000Z,168.13,168.18,167.42,167.63,77846.8
2025-07-14T03:46:00.000000Z,167.62,167.76,167.3,167.36,51653.79
2025-07-14T03:47:00.000000Z,167.36,167.47,167.26,167.29,21893.74
2025-07-14T03:48:00.000000Z,167.29,167.43,167.04,167.09,60900.66
2025-07-14T03:49:00.000000Z,167.09,167.15,166.88,166.96,69045.75
2025-07-14T03:50:00.000000Z,166.96,166.98,166.7,166.98,32221.57
2025-07-14T03:51:00.000000Z,166.97,167.0,166.85,166.96,20952.47
2025-07-14T03:52:00.000000Z,166.95,167.14,166.92,167.14,31883.22
2025-07-14T03:53:00.000000Z,167.13,167.26,167.06,167.15,19573.83
2025-07-14T03:54:00.000000Z,167.14,167.15,167.02,167.09,21366.88
2025-07-14T03:55:00.000000Z,167.09,167.15,167.01,167.06,21793.9
2025-07-14T03:56:00.000000Z,167.05,167.09,166.85,166.91,18824.57
2025-07-14T03:57:00.000000Z,166.9,167.1,166.89,167.03,21964.68
2025-07-14T03:58:00.000000Z,167.02,167.13,166.98,167.13,29455.86
2025-07-14T03:59:00.000000Z,167.12,167.14,167.03,167.08,14133.42
2025-07-14T04:00:00.000000Z,167.07,167.16,167.06,167.1,33708.66
2025-07-14T04:01:00.000000Z,167.1,167.11,166.98,167.0,31872.77
2025-07-14T04:02:00.000000Z,167.0,167.16,166.98,167.12,82108.89
2025-07-14T04:03:00.000000Z,167.12,167.19,167.08,167.12,28867.15
2025-07-14T04:04:00.000000Z,167.12,167.45,167.1,167.45,32510.6
2025-07-14T04:05:00.000000Z,167.44,167.57,167.38,167.51,33598.18
2025-07-14T04:06:00.000000Z,167.51,167.64,167.36,167.41,21798.22
2025-07-14T04:07:00.000000Z,167.41,167.46,167.27,167.38,19383.23
2025-07-14T04:08:00.000000Z,167.37,167.38,167.11,167.37,14612.5
2025-07-14T04:09:00.000000Z,167.36,167.37,167.16,167.33,17875.94
2025-07-14T04:10:00.000000Z,167.33,167.34,167.02,167.04,17255.11
2025-07-14T04:11:00.000000Z,167.03,167.16,166.73,167.12,85733.04
2025-07-14T04:12:00.000000Z,167.12,167.19,167.02,167.16,24091.2
2025-07-14T04:13:00.000000Z,167.16,167.54,167.16,167.36,20055.23
2025-07-14T04:14:00.000000Z,167.35,167.49,167.34,167.35,11553.62
2025-07-14T04:15:00.000000Z,167.35,167.64,167.33,167.58,27088.04
2025-07-14T04:16:00.000000Z,167.57,167.7,167.5,167.6,14692.88
2025-07-14T04:17:00.000000Z,167.6,167.79,167.56,167.76,16661.94
2025-07-14T04:18:00.000000Z,167.77,167.9,167.71,167.84,21357.62
2025-07-14T04:19:00.000000Z,167.84,167.85,167.67,167.78,21489.94
2025-07-14T04:20:00.000000Z,167.79,167.79,167.43,167.54,16713.48
2025-07-14T04:21:00.000000Z,167.53,167.67,167.5,167.5,12679.5
2025-07-14T04:22:00.000000Z,167.5,167.59,167.36,167.55,21184.57
2025-07-14T04:23:00.000000Z,167.55,167.63,167.52,167.57,12293.79
2025-07-14T04:24:00.000000Z,167.57,167.66,167.5,167.63,8567.03
2025-07-14T04:25:00.000000Z,167.63,167.64,167.43,167.5,10356.87
2025-07-14T04:26:00.000000Z,167.49,167.5,167.29,167.31,17691.03
2025-07-14T04:27:00.000000Z,167.3,167.44,167.28,167.31,13294.81
2025-07-14T04:28:00.000000Z,167.31,167.41,167.3,167.36,10599.67
2025-07-14T04:29:00.000000Z,167.35,167.35,167.3,167.32,12481.95
2025-07-14T04:30:00.000000Z,167.32,167.32,167.07,167.14,51786.83
2025-07-14T04:31:00.000000Z,167.13,167.28,167.11,167.18,15653.88
2025-07-14T04:32:00.000000Z,167.19,167.35,167.18,167.35,19134.51
2025-07-14T04:33:00.000000Z,167.34,167.47,167.29,167.47,23628.65
2025-07-14T04:34:00.000000Z,167.46,167.52,167.35,167.35,14902.92
2025-07-14T04:35:00.000000Z,167.34,167.45,167.31,167.37,10099.39
2025-07-14T04:36:00.000000Z,167.36,167.48,167.35,167.43,10131.35
2025-07-14T04:37:00.000000Z,167.42,167.48,167.33,167.46,18467.22
2025-07-14T04:38:00.000000Z,167.47,167.51,167.42,167.49,10839.91
2025-07-14T04:39:00.000000Z,167.5,167.5,167.35,167.41,18758.95
2025-07-14T04:40:00.000000Z,167.41,167.42,167.24,167.26,16094.61
2025-07-14T04:41:00.000000Z,167.27,167.48,167.27,167.47,12012.96
2025-07-14T04:42:00.000000Z,167.47,167.47,167.29,167.42,33754.43
2025-07-14T04:43:00.000000Z,167.42,167.69,167.41,167.64,50260.91
2025-07-14T04:44:00.000000Z,167.63,167.76,167.51,167.62,22948.64
2025-07-14T04:45:00.000000Z,167.62,167.62,167.43,167.48,12046.85
2025-07-14T04:46:00.000000Z,167.48,167.51,167.36,167.39,7529.35
2025-07-14T04:47:00.000000Z,167.4,167.54,167.39,167.43,10127.73
2025-07-14T04:48:00.000000Z,167.44,167.52,167.38,167.43,8052.84
2025-07-14T04:49:00.000000Z,167.43,167.77,167.42,167.68,31721.62
2025-07-14T04:50:00.000000Z,167.68,167.68,167.6,167.63,15292.26
2025-07-14T04:51:00.000000Z,167.63,167.63,167.47,167.55,22545.28
2025-07-14T04:52:00.000000Z,167.55,167.62,167.39,167.44,15601.34
2025-07-14T04:53:00.000000Z,167.44,167.48,167.41,167.44,6854.28
2025-07-14T04:54:00.000000Z,167.43,167.5,167.36,167.49,7361.2
2025-07-14T04:55:00.000000Z,167.5,167.52,167.36,167.47,8800.06
2025-07-14T04:56:00.000000Z,167.47,167.53,167.4,167.5,4859.81
2025-07-14T04:57:00.000000Z,167.5,167.56,167.41,167.43,7914.75
2025-07-14T04:58:00.000000Z,167.43,167.51,167.34,167.48,14275.34
2025-07-14T04:59:00.000000Z,167.48,167.52,167.44,167.46,8832.64
2025-07-14T05:00:00.000000Z,167.45,167.47,167.35,167.42,9285.22
2025-07-14T05:01:00.000000Z,167.42,167.42,167.16,167.25,32426.91
2025-07-14T05:02:00.000000Z,167.25,167.26,167.04,167.12,37929.87
2025-07-14T05:03:00.000000Z,167.12,167.13,166.83,167.07,46342.1
2025-07-14T05:04:00.000000Z,167.07,167.21,167.04,167.18,11237.4
2025-07-14T05:05:00.000000Z,167.18,167.41,167.14,167.4,12397.72
2025-07-14T05:06:00.000000Z,167.41,167.67,167.4,167.67,26079.76
2025-07-14T05:07:00.000000Z,167.66,168.11,167.65,168.09,72970.1
2025-07-14T05:08:00.000000Z,168.09,168.1,167.61,167.61,96975.73
2025-07-14T05:09:00.000000Z,167.61,167.63,167.43,167.58,18208.98
2025-07-14T05:10:00.000000Z,167.57,167.6,167.5,167.6,13538.71
2025-07-14T05:11:00.000000Z,167.6,167.62,167.31,167.43,16639.15
2025-07-14T05:12:00.000000Z,167.44,167.6,167.44,167.53,15791.9
2025-07-14T05:13:00.000000Z,167.53,167.59,167.5,167.58,7870.8
2025-07-14T05:14:00.000000Z,167.57,167.64,167.56,167.6,8565.5
2025-07-14T05:15:00.000000Z,167.6,167.66,167.53,167.54,10453.15
2025-07-14T05:16:00.000000Z,167.53,167.54,167.2,167.34,20862.93
2025-07-14T05:17:00.000000Z,167.34,167.36,167.28,167.33,8550.05
2025-07-14T05:18:00.000000Z,167.33,167.35,167.22,167.34,6749.81
2025-07-14T05:19:00.000000Z,167.35,167.36,167.29,167.34,5103.39
2025-07-14T05:20:00.000000Z,167.34,167.54,167.34,167.46,7652.84
2025-07-14T05:21:00.000000Z,167.47,167.52,167.17,167.22,16317.79
2025-07-14T05:22:00.000000Z,167.23,167.53,167.03,167.27,69652.75
2025-07-14T05:23:00.000000Z,167.26,167.42,167.16,167.28,37507.41
2025-07-14T05:24:00.000000Z,167.28,167.64,167.1,167.45,82449.64
2025-07-14T05:25:00.000000Z,167.46,167.74,167.32,167.73,33388.74
2025-07-14T05:26:00.000000Z,167.73,167.74,167.57,167.65,17948.41
2025-07-14T05:27:00.000000Z,167.66,167.85,167.66,167.82,36056.55
2025-07-14T05:28:00.000000Z,167.83,167.99,167.8,167.94,28283.25
2025-07-14T05:29:00.000000Z,167.93,168.63,167.93,168.38,200205.38
2025-07-14T05:30:00.000000Z,168.38,168.66,167.75,168.03,92354.51
2025-07-14T05:31:00.000000Z,168.03,168.25,167.87,168.02,53183.0
2025-07-14T05:32:00.000000Z,168.03,168.04,167.91,167.99,25958.43
2025-07-14T05:33:00.000000Z,167.98,168.09,167.63,167.84,33778.79
2025-07-14T05:34:00.000000Z,167.85,168.05,167.83,167.97,25178.98
2025-07-14T05:35:00.000000Z,167.98,168.12,167.96,168.07,14295.48
2025-07-14T05:36:00.000000Z,168.08,168.08,167.82,167.83,16866.1
2025-07-14T05:37:00.000000Z,167.83,167.92,167.71,167.71,19542.4
2025-07-14T05:38:00.000000Z,167.71,167.72,167.52,167.63,22415.64
2025-07-14T05:39:00.000000Z,167.62,167.63,167.4,167.56,25285.07
2025-07-14T05:40:00.000000Z,167.55,167.59,167.35,167.47,17762.32
2025-07-14T05:41:00.000000Z,167.46,167.6,167.4,167.41,11512.14
2025-07-14T05:42:00.000000Z,167.4,167.41,167.15,167.37,29055.78
2025-07-14T05:43:00.000000Z,167.37,167.37,167.21,167.34,11479.03
2025-07-14T05:44:00.000000Z,167.35,167.36,166.74,166.86,78027.2
2025-07-14T05:45:00.000000Z,166.86,167.16,166.72,167.16,41930.18
2025-07-14T05:46:00.000000Z,167.16,167.19,167.01,167.19,12594.5
2025-07-14T05:47:00.000000Z,167.19,167.2,166.98,166.99,15361.64
2025-07-14T05:48:00.000000Z,167.0,167.0,166.57,166.86,53740.52
2025-07-14T05:49:00.000000Z,166.87,166.87,166.24,166.27,57693.24
2025-07-14T05:50:00.000000Z,166.27,166.45,166.21,166.43,39037.95
2025-07-14T05:51:00.000000Z,166.43,166.58,166.29,166.4,23113.41
2025-07-14T05:52:00.000000Z,166.41,166.42,165.84,165.93,52231.54
2025-07-14T05:53:00.000000Z,165.93,166.16,165.29,166.01,146455.81
2025-07-14T05:54:00.000000Z,166.02,166.54,165.99,166.48,60056.06
2025-07-14T05:55:00.000000Z,166.48,166.63,166.26,166.63,27069.33
2025-07-14T05:56:00.000000Z,166.62,166.7,166.4,166.44,20994.36
2025-07-14T05:57:00.000000Z,166.44,166.73,166.44,166.65,15546.37
2025-07-14T05:58:00.000000Z,166.65,166.82,166.64,166.74,15998.43
2025-07-14T05:59:00.000000Z,166.75,166.79,166.71,166.76,13853.6
2025-07-14T06:00:00.000000Z,166.76,166.8,166.31,166.5,39245.31
2025-07-14T06:01:00.000000Z,166.5,166.56,166.28,166.28,11003.66
2025-07-14T06:02:00.000000Z,166.28,166.33,166.06,166.16,26003.39
2025-07-14T06:03:00.000000Z,166.16,166.16,165.98,166.14,18505.03
2025-07-14T06:04:00.000000Z,166.14,166.36,165.91,166.35,24407.62
2025-07-14T06:05:00.000000Z,166.34,166.47,166.17,166.39,11569.64
2025-07-14T06:06:00.000000Z,166.4,166.56,166.38,166.38,21672.44
2025-07-14T06:07:00.000000Z,166.39,166.41,166.1,166.13,10061.14
2025-07-14T06:08:00.000000Z,166.12,166.25,166.1,166.17,8414.67
2025-07-14T06:09:00.000000Z,166.18,166.19,166.0,166.02,11004.99
2025-07-14T06:10:00.000000Z,166.02,166.03,165.66,165.71,33369.4
2025-07-14T06:11:00.000000Z,165.71,165.84,165.58,165.79,30675.9
2025-07-14T06:12:00.000000Z,165.8,165.8,165.5,165.58,16984.89
2025-07-14T06:13:00.000000Z,165.58,165.9,165.58,165.87,37125.45
2025-07-14T06:14:00.000000Z,165.87,166.0,165.8,165.9,21726.12
2025-07-14T06:15:00.000000Z,165.89,166.23,165.87,166.23,57274.55
2025-07-14T06:16:00.000000Z,166.22,166.29,166.06,166.09,19590.9
2025-07-14T06:17:00.000000Z,166.1,166.13,165.81,165.94,15716.42
2025-07-14T06:18:00.000000Z,165.94,166.0,165.9,165.99,10301.88
2025-07-14T06:19:00.000000Z,165.99,166.12,165.95,166.09,6731.81
2025-07-14T06:20:00.000000Z,166.09,166.09,165.93,165.94,27433.03
2025-07-14T06:21:00.000000Z,165.93,165.96,165.85,165.94,13866.33
2025-07-14T06:22:00.000000Z,165.94,166.09,165.91,166.09,10241.31
2025-07-14T06:23:00.000000Z,166.09,166.29,166.08,166.21,13811.52
2025-07-14T06:24:00.000000Z,166.22,166.26,166.06,166.13,9144.48
2025-07-14T06:25:00.000000Z,166.14,166.17,165.99,165.99,7776.24
2025-07-14T06:26:00.000000Z,166.0,166.17,165.92,166.11,14250.74
2025-07-14T06:27:00.000000Z,166.11,166.17,166.1,166.16,7631.93
2025-07-14T06:28:00.000000Z,166.16,166.23,166.12,166.12,9166.38
2025-07-14T06:29:00.000000Z,166.13,166.42,166.13,166.25,26751.58
2025-07-14T06:30:00.000000Z,166.25,166.25,166.08,166.08,10214.22
2025-07-14T06:31:00.000000Z,166.07,166.07,165.75,165.86,21810.57
2025-07-14T06:32:00.000000Z,165.86,166.08,165.8,166.01,9510.72
2025-07-14T06:33:00.000000Z,166.01,166.15,166.0,166.12,3984.01
2025-07-14T06:34:00.000000Z,166.12,166.16,166.03,166.14,5263.37
2025-07-14T06:35:00.000000Z,166.13,166.14,165.93,166.07,3989.06
2025-07-14T06:36:00.000000Z,166.08,166.19,166.02,166.14,6454.05
2025-07-14T06:37:00.000000Z,166.14,166.18,165.96,166.04,9219.4
2025-07-14T06:38:00.000000Z,166.04,166.13,165.99,166.03,8396.72
2025-07-14T06:39:00.000000Z,166.04,166.13,166.0,166.03,7460.62
2025-07-14T06:40:00.000000Z,166.03,166.13,166.0,166.03,10187.78
2025-07-14T06:41:00.000000Z,166.03,166.08,165.98,166.07,4349.09
2025-07-14T06:42:00.000000Z,166.07,166.07,165.83,165.9,8940.14
2025-07-14T06:43:00.000000Z,165.89,165.98,165.86,165.87,12379.67
2025-07-14T06:44:00.000000Z,165.87,165.98,165.83,165.95,6908.08
2025-07-14T06:45:00.000000Z,165.96,166.05,165.73,165.73,7489.7
2025-07-14T06:46:00.000000Z,165.74,165.75,165.55,165.73,14435.04
2025-07-14T06:47:00.000000Z,165.72,165.72,165.5,165.63,15669.26
2025-07-14T06:48:00.000000Z,165.63,165.88,165.52,165.81,10815.41
2025-07-14T06:49:00.000000Z,165.81,165.93,165.77,165.92,5471.53
2025-07-14T06:50:00.000000Z,165.93,165.93,165.82,165.84,4309.26
2025-07-14T06:51:00.000000Z,165.84,165.84,165.7,165.74,5246.3
2025-07-14T06:52:00.000000Z,165.75,165.75,165.45,165.56,27865.81
2025-07-14T06:53:00.000000Z,165.57,165.59,165.5,165.51,5120.01
2025-07-14T06:54:00.000000Z,165.5,165.58,165.28,165.31,29534.31
2025-07-14T06:55:00.000000Z,165.31,165.57,165.29,165.54,11689.75
2025-07-14T06:56:00.000000Z,165.54,165.64,165.52,165.57,12395.56
2025-07-14T06:57:00.000000Z,165.57,165.59,165.53,165.53,1681.4
2025-07-14T06:58:00.000000Z,165.53,165.66,165.5,165.63,6515.52
2025-07-14T06:59:00.000000Z,165.62,165.73,165.62,165.67,9027.48
2025-07-14T07:00:00.000000Z,165.67,165.78,165.63,165.69,7039.68
2025-07-14T07:01:00.000000Z,165.69,165.81,165.62,165.66,6145.21
2025-07-14T07:02:00.000000Z,165.67,165.76,165.66,165.76,5758.07
2025-07-14T07:03:00.000000Z,165.75,165.81,165.67,165.81,6067.54
2025-07-14T07:04:00.000000Z,165.81,165.88,165.76,165.85,6279.07
2025-07-14T07:05:00.000000Z,165.85,166.1,165.84,166.05,20979.58
2025-07-14T07:06:00.000000Z,166.06,166.06,165.85,165.9,14936.49
2025-07-14T07:07:00.000000Z,165.9,165.97,165.79,165.97,5997.63
2025-07-14T07:08:00.000000Z,165.97,166.14,165.95,166.12,16440.28
2025-07-14T07:09:00.000000Z,166.12,166.31,166.04,166.23,29613.81
2025-07-14T07:10:00.000000Z,166.23,166.29,166.08,166.09,15322.14
2025-07-14T07:11:00.000000Z,166.08,166.19,166.02,166.04,10170.21
2025-07-14T07:12:00.000000Z,166.04,166.23,166.04,166.13,18266.35
2025-07-14T07:13:00.000000Z,166.13,166.23,166.11,166.19,18393.91
2025-07-14T07:14:00.000000Z,166.19,166.24,166.14,166.17,6738.37
2025-07-14T07:15:00.000000Z,166.17,166.23,166.12,166.23,9924.26
2025-07-14T07:16:00.000000Z,166.24,166.24,166.04,166.12,8184.6
2025-07-14T07:17:00.000000Z,166.12,166.21,166.02,166.02,4154.37
2025-07-14T07:18:00.000000Z,166.02,166.14,166.02,166.05,3583.41
2025-07-14T07:19:00.000000Z,166.05,166.09,166.0,166.04,5766.66
2025-07-14T07:20:00.000000Z,166.03,166.04,165.93,165.93,6517.69
2025-07-14T07:21:00.000000Z,165.92,165.93,165.82,165.85,7607.51
2025-07-14T07:22:00.000000Z,165.85,165.96,165.85,165.88,6952.13
2025-07-14T07:23:00.000000Z,165.88,165.96,165.8,165.8,13467.82
2025-07-14T07:24:00.000000Z,165.81,165.87,165.76,165.8,5041.07
2025-07-14T07:25:00.000000Z,165.79,165.85,165.65,165.71,25898.14
2025-07-14T07:26:00.000000Z,165.71,165.95,165.64,165.94,7088.77
2025-07-14T07:27:00.000000Z,165.95,165.98,165.88,165.88,6641.11
2025-07-14T07:28:00.000000Z,165.89,165.98,165.86,165.98,6542.9
2025-07-14T07:29:00.000000Z,165.97,166.04,165.91,165.91,29931.49
2025-07-14T07:30:00.000000Z,165.9,166.01,165.85,166.01,11216.32
2025-07-14T07:31:00.000000Z,166.01,166.1,166.01,166.06,7606.33
2025-07-14T07:32:00.000000Z,166.07,166.28,166.06,166.27,12244.07
2025-07-14T07:33:00.000000Z,166.27,166.34,166.15,166.24,30607.94
2025-07-14T07:34:00.000000Z,166.25,166.38,166.23,166.23,33836.16
2025-07-14T07:35:00.000000Z,166.24,166.31,166.19,166.25,11614.83
2025-07-14T07:36:00.000000Z,166.26,166.45,166.24,166.28,19593.1
2025-07-14T07:37:00.000000Z,166.29,166.4,166.16,166.35,14404.35
2025-07-14T07:38:00.000000Z,166.36,166.71,166.34,166.59,70267.98
2025-07-14T07:39:00.000000Z,166.58,166.72,166.49,166.58,27890.74
2025-07-14T07:40:00.000000Z,166.58,166.81,166.58,166.78,33880.89
2025-07-14T07:41:00.000000Z,166.78,166.84,166.68,166.79,17948.51
2025-07-14T07:42:00.000000Z,166.79,166.96,166.78,166.93,18300.55
2025-07-14T07:43:00.000000Z,166.94,166.94,166.7,166.73,23811.91
2025-07-14T07:44:00.000000Z,166.72,166.72,166.55,166.55,15711.22
2025-07-14T07:45:00.000000Z,166.55,166.67,166.41,166.62,21008.26
2025-07-14T07:46:00.000000Z,166.62,166.62,166.47,166.48,7621.17
2025-07-14T07:47:00.000000Z,166.48,166.53,166.3,166.39,14112.49
2025-07-14T07:48:00.000000Z,166.38,166.65,166.32,166.6,11631.29
2025-07-14T07:49:00.000000Z,166.6,166.75,166.52,166.75,14565.7
2025-07-14T07:50:00.000000Z,166.76,166.9,166.75,166.88,18546.88
2025-07-14T07:51:00.000000Z,166.88,166.89,166.69,166.71,13965.86
2025-07-14T07:52:00.000000Z,166.71,166.85,166.7,166.83,7566.7
2025-07-14T07:53:00.000000Z,166.83,169.76,166.76,167.41,349161.58
2025-07-14T07:54:00.000000Z,167.4,167.54,167.38,167.45,45348.62
2025-07-14T07:55:00.000000Z,167.44,167.76,167.39,167.58,57579.45
2025-07-14T07:56:00.000000Z,167.59,167.59,167.29,167.55,30106.19
2025-07-14T07:57:00.000000Z,167.55,167.56,167.32,167.42,20508.18
2025-07-14T07:58:00.000000Z,167.42,167.53,167.21,167.22,20421.49
2025-07-14T07:59:00.000000Z,167.22,167.27,167.16,167.21,14011.96
2025-07-14T08:00:00.000000Z,167.22,167.43,167.21,167.23,23944.81
2025-07-14T08:01:00.000000Z,167.24,167.24,167.04,167.11,20904.51
2025-07-14T08:02:00.000000Z,167.11,167.11,166.89,166.93,30842.31
2025-07-14T08:03:00.000000Z,166.93,166.93,166.73,166.79,21386.57
2025-07-14T08:04:00.000000Z,166.79,166.8,166.63,166.67,13718.04
2025-07-14T08:05:00.000000Z,166.67,166.91,166.67,166.74,36130.81
2025-07-14T08:06:00.000000Z,166.75,166.96,166.68,166.89,16739.59
2025-07-14T08:07:00.000000Z,166.89,166.95,166.75,166.77,18589.33
2025-07-14T08:08:00.000000Z,166.77,166.83,166.61,166.72,21536.61
2025-07-14T08:09:00.000000Z,166.71,166.71,166.53,166.6,15485.16
2025-07-14T08:10:00.000000Z,166.6,166.69,166.54,166.69,19160.13
2025-07-14T08:11:00.000000Z,166.69,166.7,166.51,166.61,26462.1
2025-07-14T08:12:00.000000Z,166.61,166.66,166.46,166.64,15835.96
2025-07-14T08:13:00.000000Z,166.63,166.65,166.48,166.51,11713.33
2025-07-14T08:14:00.000000Z,166.5,166.65,166.48,166.57,11017.73
2025-07-14T08:15:00.000000Z,166.56,166.7,166.48,166.58,13441.89
2025-07-14T08:16:00.000000Z,166.59,166.77,166.48,166.64,15786.46
2025-07-14T08:17:00.000000Z,166.65,166.72,166.54,166.71,8319.36
2025-07-14T08:18:00.000000Z,166.72,166.92,166.57,166.89,11011.87
2025-07-14T08:19:00.000000Z,166.89,166.98,166.88,166.94,9556.76
2025-07-14T08:20:00.000000Z,166.94,166.95,166.69,166.73,7189.1
2025-07-14T08:21:00.000000Z,166.73,166.73,166.22,166.24,18441.59
2025-07-14T08:22:00.000000Z,166.24,166.31,166.14,166.14,34753.06
2025-07-14T08:23:00.000000Z,166.14,166.3,166.1,166.3,13091.86
2025-07-14T08:24:00.000000Z,166.3,166.32,166.16,166.19,9789.95
2025-07-14T08:25:00.000000Z,166.19,166.2,166.0,166.19,23326.01
2025-07-14T08:26:00.000000Z,166.19,166.23,166.03,166.09,12820.95
2025-07-14T08:27:00.000000Z,166.1,166.26,166.08,166.11,12342.6
2025-07-14T08:28:00.000000Z,166.12,166.34,166.11,166.34,10086.69
2025-07-14T08:29:00.000000Z,166.35,166.35,166.19,166.24,11526.33
2025-07-14T08:30:00.000000Z,166.23,166.28,166.17,166.27,20101.07
2025-07-14T08:31:00.000000Z,166.28,166.42,166.2,166.42,17447.55
2025-07-14T08:32:00.000000Z,166.42,166.5,166.35,166.41,8423.19
2025-07-14T08:33:00.000000Z,166.41,166.42,166.31,166.39,6924.28
2025-07-14T08:34:00.000000Z,166.39,166.44,166.3,166.31,10952.52
2025-07-14T08:35:00.000000Z,166.3,166.36,166.18,166.26,11182.77
2025-07-14T08:36:00.000000Z,166.25,166.34,166.17,166.24,7933.57
2025-07-14T08:37:00.000000Z,166.24,166.32,166.2,166.21,3407.2
2025-07-14T08:38:00.000000Z,166.21,166.41,166.18,166.35,8422.73
2025-07-14T08:39:00.000000Z,166.34,166.44,166.34,166.41,4967.83
2025-07-14T08:40:00.000000Z,166.42,166.45,166.37,166.41,6619.11
2025-07-14T08:41:00.000000Z,166.4,166.54,166.4,166.53,6019.84
2025-07-14T08:42:00.000000Z,166.53,166.67,166.49,166.66,5270.69
2025-07-14T08:43:00.000000Z,166.66,166.71,166.6,166.67,7977.13
2025-07-14T08:44:00.000000Z,166.66,166.7,166.62,166.68,7691.1
2025-07-14T08:45:00.000000Z,166.68,166.76,166.58,166.59,14729.02
2025-07-14T08:46:00.000000Z,166.58,166.59,166.37,166.48,10545.7
2025-07-14T08:47:00.000000Z,166.48,166.51,166.41,166.51,4956.88
2025-07-14T08:48:00.000000Z,166.5,166.65,166.5,166.62,7569.4
2025-07-14T08:49:00.000000Z,166.62,166.84,166.61,166.84,5930.38
2025-07-14T08:50:00.000000Z,166.83,167.06,166.83,167.05,17386.11
2025-07-14T08:51:00.000000Z,167.05,167.11,166.95,167.06,20941.02
2025-07-14T08:52:00.000000Z,167.07,167.1,166.92,167.08,15407.72
2025-07-14T08:53:00.000000Z,167.08,167.36,167.08,167.19,23273.16
2025-07-14T08:54:00.000000Z,167.2,167.2,167.07,167.14,8841.11
2025-07-14T08:55:00.000000Z,167.15,167.29,167.02,167.23,25670.09
2025-07-14T08:56:00.000000Z,167.22,167.38,167.14,167.36,14180.12
2025-07-14T08:57:00.000000Z,167.35,167.5,167.35,167.46,16452.8
2025-07-14T08:58:00.000000Z,167.46,167.48,167.36,167.38,13182.77
2025-07-14T08:59:00.000000Z,167.39,167.47,167.37,167.43,5707.1
2025-07-14T09:00:00.000000Z,167.44,167.54,167.41,167.43,18930.45
2025-07-14T09:01:00.000000Z,167.43,167.43,167.2,167.22,22992.58
2025-07-14T09:02:00.000000Z,167.22,167.27,167.01,167.02,15878.12
2025-07-14T09:03:00.000000Z,167.02,167.21,167.02,167.17,6672.27
2025-07-14T09:04:00.000000Z,167.17,167.3,167.16,167.29,5232.19
2025-07-14T09:05:00.000000Z,167.29,167.6,167.26,167.37,25481.58
2025-07-14T09:06:00.000000Z,167.37,167.52,167.32,167.51,10755.29
2025-07-14T09:07:00.000000Z,167.51,167.71,167.5,167.69,14702.61
2025-07-14T09:08:00.000000Z,167.69,167.84,167.64,167.65,17067.84
2025-07-14T09:09:00.000000Z,167.64,167.66,167.56,167.65,20961.01
2025-07-14T09:10:00.000000Z,167.65,167.72,167.53,167.55,12259.87
2025-07-14T09:11:00.000000Z,167.54,167.7,167.54,167.61,11480.02
2025-07-14T09:12:00.000000Z,167.61,167.63,167.21,167.24,17884.71
2025-07-14T09:13:00.000000Z,167.24,167.46,167.24,167.39,14843.73
2025-07-14T09:14:00.000000Z,167.4,167.43,167.27,167.34,12427.78
2025-07-14T09:15:00.000000Z,167.35,167.55,167.35,167.53,19225.11
2025-07-14T09:16:00.000000Z,167.52,167.52,167.22,167.47,13019.16
2025-07-14T09:17:00.000000Z,167.47,167.5,167.4,167.42,13431.16
2025-07-14T09:18:00.000000Z,167.42,167.43,167.06,167.13,16079.95
2025-07-14T09:19:00.000000Z,167.14,167.22,167.03,167.22,14206.04
2025-07-14T09:20:00.000000Z,167.22,167.56,167.21,167.5,13609.21
2025-07-14T09:21:00.000000Z,167.5,167.74,167.5,167.73,12290.76
2025-07-14T09:22:00.000000Z,167.74,167.76,167.63,167.67,12237.59
2025-07-14T09:23:00.000000Z,167.67,167.68,167.51,167.53,13023.68
2025-07-14T09:24:00.000000Z,167.52,167.62,167.34,167.43,8158.97
2025-07-14T09:25:00.000000Z,167.43,167.49,167.34,167.34,9783.92
2025-07-14T09:26:00.000000Z,167.35,167.39,167.2,167.2,5813.63
2025-07-14T09:27:00.000000Z,167.21,167.27,167.12,167.22,6480.87
2025-07-14T09:28:00.000000Z,167.23,167.23,167.12,167.12,8508.98
2025-07-14T09:29:00.000000Z,167.13,167.24,167.03,167.16,14221.43
2025-07-14T09:30:00.000000Z,167.16,167.25,167.07,167.13,12790.97
2025-07-14T09:31:00.000000Z,167.14,167.45,167.14,167.44,10798.98
2025-07-14T09:32:00.000000Z,167.44,167.59,167.44,167.48,14796.39
2025-07-14T09:33:00.000000Z,167.48,167.67,167.47,167.58,9764.44
2025-07-14T09:34:00.000000Z,167.58,167.62,167.5,167.61,4637.73
2025-07-14T09:35:00.000000Z,167.62,167.66,167.47,167.58,5996.15
2025-07-14T09:36:00.000000Z,167.58,167.59,167.45,167.56,3530.46
2025-07-14T09:37:00.000000Z,167.56,167.58,167.38,167.38,3794.99
2025-07-14T09:38:00.000000Z,167.39,167.63,167.37,167.57,14021.95
2025-07-14T09:39:00.000000Z,167.56,167.58,167.49,167.55,6323.94
2025-07-14T09:40:00.000000Z,167.55,167.61,167.52,167.53,9119.59
2025-07-14T09:41:00.000000Z,167.52,167.56,167.41,167.56,7048.94
2025-07-14T09:42:00.000000Z,167.55,167.7,167.55,167.69,12803.29
2025-07-14T09:43:00.000000Z,167.7,168.1,167.68,167.98,42519.28
2025-07-14T09:44:00.000000Z,167.99,168.08,167.79,167.79,33005.59
2025-07-14T09:45:00.000000Z,167.79,167.9,167.69,167.72,17045.73
2025-07-14T09:46:00.000000Z,167.72,168.07,167.72,168.05,22103.7
2025-07-14T09:47:00.000000Z,168.04,168.11,167.76,167.79,22012.85
2025-07-14T09:48:00.000000Z,167.8,167.92,167.58,167.59,12590.69
2025-07-14T09:49:00.000000Z,167.6,167.83,167.53,167.7,10871.17
2025-07-14T09:50:00.000000Z,167.69,167.83,167.51,167.82,8631.44
2025-07-14T09:51:00.000000Z,167.83,167.83,167.72,167.76,6216.13
2025-07-14T09:52:00.000000Z,167.76,167.87,167.75,167.87,9620.82
2025-07-14T09:53:00.000000Z,167.86,167.87,167.64,167.69,9560.64
2025-07-14T09:54:00.000000Z,167.69,167.8,167.67,167.69,5284.44
2025-07-14T09:55:00.000000Z,167.69,167.7,167.32,167.32,20600.39
2025-07-14T09:56:00.000000Z,167.33,167.42,167.28,167.42,13472.91
2025-07-14T09:57:00.000000Z,167.42,167.42,167.22,167.29,11665.13
2025-07-14T09:58:00.000000Z,167.28,167.37,167.28,167.31,7779.64
2025-07-14T09:59:00.000000Z,167.31,167.37,167.29,167.33,4747.29
2025-07-14T10:00:00.000000Z,167.34,167.34,167.1,167.13,8381.7
2025-07-14T10:01:00.000000Z,167.13,167.32,167.13,167.16,14355.04
2025-07-14T10:02:00.000000Z,167.16,167.17,166.89,166.96,30861.67
2025-07-14T10:03:00.000000Z,166.96,166.96,166.59,166.69,31801.02
2025-07-14T10:04:00.000000Z,166.69,166.73,166.61,166.65,22878.86
2025-07-14T10:05:00.000000Z,166.64,166.68,166.41,166.5,34975.74
2025-07-14T10:06:00.000000Z,166.49,166.79,166.44,166.77,58280.4
2025-07-14T10:07:00.000000Z,166.77,166.9,166.64,166.82,14266.77
2025-07-14T10:08:00.000000Z,166.81,166.82,166.55,166.68,15234.35
2025-07-14T10:09:00.000000Z,166.68,166.74,166.43,166.46,52430.83
2025-07-14T10:10:00.000000Z,166.46,167.0,166.46,167.0,13756.31
2025-07-14T10:11:00.000000Z,167.0,167.12,166.93,167.06,15318.24
2025-07-14T10:12:00.000000Z,167.05,167.1,167.0,167.04,5842.62
2025-07-14T10:13:00.000000Z,167.04,167.2,167.04,167.09,7096.15
2025-07-14T10:14:00.000000Z,167.09,167.2,167.07,167.19,11546.83
2025-07-14T10:15:00.000000Z,167.19,167.31,167.1,167.21,13183.36
2025-07-14T10:16:00.000000Z,167.2,167.2,166.89,166.98,9926.24
2025-07-14T10:17:00.000000Z,166.97,167.06,166.85,166.97,7933.22
2025-07-14T10:18:00.000000Z,166.98,167.01,166.93,167.0,5157.44
2025-07-14T10:19:00.000000Z,167.0,167.14,166.91,167.09,5085.31
2025-07-14T10:20:00.000000Z,167.09,167.11,166.89,166.93,5676.69
2025-07-14T10:21:00.000000Z,166.93,167.02,166.9,166.9,4020.67
2025-07-14T10:22:00.000000Z,166.91,166.97,166.86,166.97,5912.62
2025-07-14T10:23:00.000000Z,166.97,167.05,166.93,167.03,8766.78
2025-07-14T10:24:00.000000Z,167.04,167.07,166.96,167.06,4369.18
2025-07-14T10:25:00.000000Z,167.05,167.29,167.05,167.27,12152.96
2025-07-14T10:26:00.000000Z,167.26,167.4,167.16,167.25,18179.99
2025-07-14T10:27:00.000000Z,167.26,167.34,167.2,167.24,16037.16
2025-07-14T10:28:00.000000Z,167.24,167.3,167.17,167.29,7780.75
2025-07-14T10:29:00.000000Z,167.3,167.43,167.28,167.31,15282.82
2025-07-14T10:30:00.000000Z,167.31,167.31,167.16,167.17,5912.63
2025-07-14T10:31:00.000000Z,167.17,167.32,167.09,167.17,18737.73
2025-07-14T10:32:00.000000Z,167.17,167.17,166.9,167.02,9985.93
2025-07-14T10:33:00.000000Z,167.02,167.21,166.93,167.09,25039.23
2025-07-14T10:34:00.000000Z,167.1,167.27,167.05,167.27,3896.72
2025-07-14T10:35:00.000000Z,167.26,167.26,166.97,167.07,17662.57
2025-07-14T10:36:00.000000Z,167.06,167.24,167.04,167.22,16473.88
2025-07-14T10:37:00.000000Z,167.22,167.24,167.08,167.24,9030.6
2025-07-14T10:38:00.000000Z,167.24,167.32,167.2,167.3,9310.11
2025-07-14T10:39:00.000000Z,167.31,167.62,167.31,167.49,18141.58
2025-07-14T10:40:00.000000Z,167.5,167.57,167.37,167.53,20121.38
2025-07-14T10:41:00.000000Z,167.52,167.53,167.3,167.3,9680.44
2025-07-14T10:42:00.000000Z,167.3,167.4,167.25,167.29,14863.35
2025-07-14T10:43:00.000000Z,167.3,167.31,167.08,167.1,9198.66
2025-07-14T10:44:00.000000Z,167.09,167.27,167.09,167.2,9515.44
2025-07-14T10:45:00.000000Z,167.19,167.28,167.07,167.08,10684.27
2025-07-14T10:46:00.000000Z,167.08,167.27,167.08,167.17,11607.8
2025-07-14T10:47:00.000000Z,167.18,167.3,167.13,167.2,8532.32
2025-07-14T10:48:00.000000Z,167.2,167.39,167.18,167.38,11054.61
2025-07-14T10:49:00.000000Z,167.37,167.37,167.16,167.16,5596.92
2025-07-14T10:50:00.000000Z,167.15,167.18,167.03,167.03,10688.08
2025-07-14T10:51:00.000000Z,167.04,167.16,167.02,167.15,16745.48
2025-07-14T10:52:00.000000Z,167.15,167.36,167.15,167.32,12110.45
2025-07-14T10:53:00.000000Z,167.32,167.44,167.3,167.32,6362.96
2025-07-14T10:54:00.000000Z,167.31,167.44,167.3,167.44,4867.1
2025-07-14T10:55:00.000000Z,167.43,167.52,167.39,167.48,16393.29
2025-07-14T10:56:00.000000Z,167.48,167.59,167.46,167.53,12991.33
2025-07-14T10:57:00.000000Z,167.54,167.6,167.51,167.59,8574.9
2025-07-14T10:58:00.000000Z,167.6,167.6,167.47,167.55,6470.57
2025-07-14T10:59:00.000000Z,167.55,167.56,167.47,167.51,5342.2
2025-07-14T11:00:00.000000Z,167.51,167.55,167.22,167.27,28591.64
2025-07-14T11:01:00.000000Z,167.28,167.44,167.25,167.39,12897.3
2025-07-14T11:02:00.000000Z,167.4,167.48,167.36,167.37,4109.64
2025-07-14T11:03:00.000000Z,167.36,167.64,167.36,167.51,7484.44
2025-07-14T11:04:00.000000Z,167.5,167.55,167.44,167.55,4292.25
2025-07-14T11:05:00.000000Z,167.56,167.58,167.42,167.46,7787.69
2025-07-14T11:06:00.000000Z,167.46,167.47,167.13,167.14,19598.8
2025-07-14T11:07:00.000000Z,167.14,167.2,167.02,167.06,20327.36
2025-07-14T11:08:00.000000Z,167.06,167.2,167.06,167.2,8081.37
2025-07-14T11:09:00.000000Z,167.19,167.2,167.14,167.19,7957.9
2025-07-14T11:10:00.000000Z,167.19,167.44,167.14,167.38,39589.67
2025-07-14T11:11:00.000000Z,167.38,167.38,167.3,167.31,8598.99
2025-07-14T11:12:00.000000Z,167.3,167.45,167.3,167.4,16480.04
2025-07-14T11:13:00.000000Z,167.4,167.41,167.24,167.38,7046.82
2025-07-14T11:14:00.000000Z,167.38,167.38,167.27,167.27,4227.67
2025-07-14T11:15:00.000000Z,167.27,167.4,167.22,167.27,6007.91
2025-07-14T11:16:00.000000Z,167.28,167.31,167.17,167.19,7044.49
2025-07-14T11:17:00.000000Z,167.2,167.2,166.92,166.99,14561.26
2025-07-14T11:18:00.000000Z,166.99,167.17,166.94,167.03,13797.2
2025-07-14T11:19:00.000000Z,167.04,167.33,166.99,167.3,11203.21
2025-07-14T11:20:00.000000Z,167.29,167.37,167.19,167.21,6771.57
2025-07-14T11:21:00.000000Z,167.21,167.27,167.15,167.22,5848.91
2025-07-14T11:22:00.000000Z,167.22,167.22,166.99,167.12,11209.19
2025-07-14T11:23:00.000000Z,167.13,167.13,166.93,166.99,11195.63
2025-07-14T11:24:00.000000Z,167.0,167.03,166.64,166.69,39815.29
2025-07-14T11:25:00.000000Z,166.69,166.96,166.69,166.91,11998.28
2025-07-14T11:26:00.000000Z,166.9,167.0,166.8,166.91,21287.72
2025-07-14T11:27:00.000000Z,166.9,166.95,166.78,166.81,9803.63
2025-07-14T11:28:00.000000Z,166.8,166.8,166.62,166.78,11736.85
2025-07-14T11:29:00.000000Z,166.79,166.85,166.69,166.83,8866.48
2025-07-14T11:30:00.000000Z,166.83,166.85,166.65,166.69,13812.38
2025-07-14T11:31:00.000000Z,166.69,166.75,166.57,166.66,10538.61
2025-07-14T11:32:00.000000Z,166.67,166.71,166.44,166.44,18027.45
2025-07-14T11:33:00.000000Z,166.44,166.5,166.24,166.36,43737.08
2025-07-14T11:34:00.000000Z,166.36,166.49,166.36,166.38,16972.58
2025-07-14T11:35:00.000000Z,166.38,166.52,166.36,166.46,13856.78
2025-07-14T11:36:00.000000Z,166.47,166.59,166.4,166.59,11747.04
2025-07-14T11:37:00.000000Z,166.6,166.73,166.6,166.71,9573.29
2025-07-14T11:38:00.000000Z,166.7,166.93,166.67,166.91,14524.2
2025-07-14T11:39:00.000000Z,166.91,166.94,166.76,166.86,46531.23
2025-07-14T11:40:00.000000Z,166.86,166.94,166.84,166.91,5145.89
2025-07-14T11:41:00.000000Z,166.92,166.92,166.77,166.91,8789.94
2025-07-14T11:42:00.000000Z,166.91,166.97,166.78,166.82,5951.91
2025-07-14T11:43:00.000000Z,166.83,166.97,166.82,166.97,4156.18
2025-07-14T11:44:00.000000Z,166.98,167.05,166.96,167.04,10743.58
2025-07-14T11:45:00.000000Z,167.04,167.22,167.01,167.13,13186.33
2025-07-14T11:46:00.000000Z,167.13,167.14,166.92,166.94,9915.78
2025-07-14T11:47:00.000000Z,166.94,167.11,166.9,166.97,6058.32
2025-07-14T11:48:00.000000Z,166.98,167.0,166.88,166.89,3033.32
2025-07-14T11:49:00.000000Z,166.88,167.11,166.83,166.99,11853.66
2025-07-14T11:50:00.000000Z,167.0,167.02,166.88,166.88,4290.05
2025-07-14T11:51:00.000000Z,166.89,166.98,166.78,166.82,6888.2
2025-07-14T11:52:00.000000Z,166.83,166.97,166.82,166.97,5511.89
2025-07-14T11:53:00.000000Z,166.97,167.02,166.87,166.89,3794.2
2025-07-14T11:54:00.000000Z,166.88,166.88,166.75,166.77,4924.29
2025-07-14T11:55:00.000000Z,166.78,166.89,166.76,166.79,5747.27
2025-07-14T11:56:00.000000Z,166.79,166.8,166.66,166.78,5020.31
2025-07-14T11:57:00.000000Z,166.79,166.79,166.66,166.67,12276.36
2025-07-14T11:58:00.000000Z,166.67,166.76,166.67,166.7,6051.11
2025-07-14T11:59:00.000000Z,166.7,166.72,166.51,166.51,55834.76
2025-07-14T12:00:00.000000Z,166.5,166.54,166.36,166.44,17265.24
2025-07-14T12:01:00.000000Z,166.43,166.67,166.36,166.62,17993.61
2025-07-14T12:02:00.000000Z,166.62,166.81,166.58,166.81,11003.98
2025-07-14T12:03:00.000000Z,166.8,166.89,166.77,166.77,10295.88
2025-07-14T12:04:00.000000Z,166.76,166.76,166.58,166.71,5229.23
2025-07-14T12:05:00.000000Z,166.72,166.75,166.64,166.69,7550.02
2025-07-14T12:06:00.000000Z,166.69,166.79,166.66,166.77,10702.46
2025-07-14T12:07:00.000000Z,166.76,166.85,166.73,166.81,5577.3
2025-07-14T12:08:00.000000Z,166.8,166.95,166.78,166.94,5170.41
2025-07-14T12:09:00.000000Z,166.94,167.09,166.85,167.01,17155.18
2025-07-14T12:10:00.000000Z,167.01,167.14,166.97,167.1,4751.43
2025-07-14T12:11:00.000000Z,167.1,167.11,167.0,167.03,8725.19
2025-07-14T12:12:00.000000Z,167.03,167.36,167.0,167.3,25237.5
2025-07-14T12:13:00.000000Z,167.3,167.31,167.25,167.27,2735.77
2025-07-14T12:14:00.000000Z,167.27,167.33,167.21,167.26,5005.48
2025-07-14T12:15:00.000000Z,167.25,167.38,167.23,167.3,5481.78
2025-07-14T12:16:00.000000Z,167.31,167.31,167.22,167.25,14463.1
2025-07-14T12:17:00.000000Z,167.25,167.36,167.22,167.24,6138.35
2025-07-14T12:18:00.000000Z,167.24,167.33,167.22,167.23,6339.29
2025-07-14T12:19:00.000000Z,167.23,167.28,167.11,167.21,18864.38
2025-07-14T12:20:00.000000Z,167.2,167.31,167.17,167.25,17497.17
2025-07-14T12:21:00.000000Z,167.25,167.29,167.14,167.28,15262.06
2025-07-14T12:22:00.000000Z,167.28,167.3,167.15,167.19,6807.76
2025-07-14T12:23:00.000000Z,167.19,167.2,166.93,166.99,22510.68
2025-07-14T12:24:00.000000Z,166.99,167.02,166.66,166.94,26930.34
2025-07-14T12:25:00.000000Z,166.94,166.96,166.76,166.91,11358.72
2025-07-14T12:26:00.000000Z,166.91,166.95,166.74,166.85,6317.71
2025-07-14T12:27:00.000000Z,166.85,166.85,166.68,166.72,6069.96
2025-07-14T12:28:00.000000Z,166.72,166.73,166.61,166.68,8357.06
2025-07-14T12:29:00.000000Z,166.68,166.89,166.67,166.89,7810.34
2025-07-14T12:30:00.000000Z,166.9,166.9,166.67,166.68,4128.41
2025-07-14T12:31:00.000000Z,166.68,166.68,166.43,166.44,11771.0
2025-07-14T12:32:00.000000Z,166.43,166.73,166.43,166.72,8814.83
2025-07-14T12:33:00.000000Z,166.71,166.71,166.55,166.6,4539.43
2025-07-14T12:34:00.000000Z,166.6,166.76,166.49,166.76,5227.94
2025-07-14T12:35:00.000000Z,166.76,166.77,166.64,166.77,4908.44
2025-07-14T12:36:00.000000Z,166.77,166.78,166.67,166.69,4277.46
2025-07-14T12:37:00.000000Z,166.7,166.77,166.69,166.77,4263.55
2025-07-14T12:38:00.000000Z,166.76,167.0,166.71,166.99,8163.38
2025-07-14T12:39:00.000000Z,166.99,167.09,166.88,166.89,17022.39
2025-07-14T12:40:00.000000Z,166.89,166.89,166.63,166.78,13424.52
2025-07-14T12:41:00.000000Z,166.77,166.79,166.66,166.72,18708.61
2025-07-14T12:42:00.000000Z,166.71,166.79,166.65,166.65,8644.9
2025-07-14T12:43:00.000000Z,166.65,166.95,166.63,166.95,7677.71
2025-07-14T12:44:00.000000Z,166.94,167.0,166.83,166.85,5262.65
2025-07-14T12:45:00.000000Z,166.84,166.92,166.77,166.86,7457.39
2025-07-14T12:46:00.000000Z,166.85,166.94,166.82,166.85,7649.19
2025-07-14T12:47:00.000000Z,166.85,166.85,166.72,166.8,2702.78
2025-07-14T12:48:00.000000Z,166.79,166.82,166.61,166.64,9203.34
2025-07-14T12:49:00.000000Z,166.63,166.72,166.57,166.6,8858.38
2025-07-14T12:50:00.000000Z,166.6,166.61,166.51,166.52,7797.03
2025-07-14T12:51:00.000000Z,166.52,166.8,166.47,166.78,6424.04
2025-07-14T12:52:00.000000Z,166.78,166.81,166.73,166.75,6444.99
2025-07-14T12:53:00.000000Z,166.75,166.77,166.63,166.66,2770.28
2025-07-14T12:54:00.000000Z,166.67,166.77,166.62,166.74,3154.66
2025-07-14T12:55:00.000000Z,166.75,166.82,166.68,166.81,6240.37
2025-07-14T12:56:00.000000Z,166.82,166.91,166.78,166.9,9081.05
2025-07-14T12:57:00.000000Z,166.9,166.9,166.73,166.79,5950.51
2025-07-14T12:58:00.000000Z,166.79,166.87,166.73,166.84,8843.6
2025-07-14T12:59:00.000000Z,166.84,166.9,166.82,166.89,6199.25
2025-07-14T13:00:00.000000Z,166.89,166.95,166.82,166.9,11034.09
2025-07-14T13:01:00.000000Z,166.9,166.99,166.9,166.98,8391.09
2025-07-14T13:02:00.000000Z,166.97,167.17,166.97,167.14,15837.56
2025-07-14T13:03:00.000000Z,167.14,167.28,167.14,167.27,7644.49
2025-07-14T13:04:00.000000Z,167.27,167.41,167.25,167.35,18325.57
2025-07-14T13:05:00.000000Z,167.35,167.44,167.26,167.42,7339.96
2025-07-14T13:06:00.000000Z,167.43,167.51,167.38,167.45,12894.96
2025-07-14T13:07:00.000000Z,167.45,167.47,167.37,167.41,5835.37
2025-07-14T13:08:00.000000Z,167.4,167.46,167.27,167.28,6367.18
2025-07-14T13:09:00.000000Z,167.27,167.34,167.12,167.21,31129.24
2025-07-14T13:10:00.000000Z,167.2,167.24,167.08,167.22,9647.41
2025-07-14T13:11:00.000000Z,167.22,167.23,167.09,167.13,3919.82
2025-07-14T13:12:00.000000Z,167.12,167.18,167.08,167.08,8815.69
2025-07-14T13:13:00.000000Z,167.07,167.18,167.05,167.18,3945.16
2025-07-14T13:14:00.000000Z,167.18,167.36,167.17,167.31,5085.48
2025-07-14T13:15:00.000000Z,167.31,167.46,167.31,167.45,15264.56
2025-07-14T13:16:00.000000Z,167.45,167.46,167.25,167.27,4462.97
2025-07-14T13:17:00.000000Z,167.28,167.28,167.09,167.09,7274.66
2025-07-14T13:18:00.000000Z,167.1,167.12,166.88,166.88,10268.17
2025-07-14T13:19:00.000000Z,166.88,166.88,166.58,166.59,19793.55
2025-07-14T13:20:00.000000Z,166.59,166.74,166.59,166.69,12603.28
2025-07-14T13:21:00.000000Z,166.69,166.69,166.53,166.59,11285.5
2025-07-14T13:22:00.000000Z,166.59,166.63,166.51,166.58,5167.55
2025-07-14T13:23:00.000000Z,166.58,166.72,166.52,166.71,8313.14
2025-07-14T13:24:00.000000Z,166.72,166.83,166.69,166.75,7364.32
2025-07-14T13:25:00.000000Z,166.75,166.98,166.75,166.92,5515.14
2025-07-14T13:26:00.000000Z,166.92,166.97,166.91,166.94,4172.18
2025-07-14T13:27:00.000000Z,166.94,166.97,166.83,166.97,4471.09
2025-07-14T13:28:00.000000Z,166.96,166.96,166.84,166.94,4924.31
2025-07-14T13:29:00.000000Z,166.94,166.95,166.84,166.89,4836.29
2025-07-14T13:30:00.000000Z,166.89,167.01,166.74,166.93,13585.16
2025-07-14T13:31:00.000000Z,166.94,167.1,166.81,166.98,15644.2
2025-07-14T13:32:00.000000Z,166.97,167.07,166.9,166.92,11475.9
2025-07-14T13:33:00.000000Z,166.92,167.0,166.77,167.0,15285.21
2025-07-14T13:34:00.000000Z,167.01,167.04,166.62,166.64,25804.71
2025-07-14T13:35:00.000000Z,166.64,166.64,166.14,166.33,80469.07
2025-07-14T13:36:00.000000Z,166.34,166.61,166.23,166.44,27963.45
2025-07-14T13:37:00.000000Z,166.45,166.88,166.38,166.88,14339.57
2025-07-14T13:38:00.000000Z,166.87,166.9,166.62,166.78,15580.51
2025-07-14T13:39:00.000000Z,166.79,166.87,166.61,166.7,15083.15
2025-07-14T13:40:00.000000Z,166.7,166.86,166.67,166.71,12748.72
2025-07-14T13:41:00.000000Z,166.72,166.88,166.6,166.71,8411.97
2025-07-14T13:42:00.000000Z,166.7,166.99,166.69,166.81,13034.26
2025-07-14T13:43:00.000000Z,166.8,167.0,166.61,166.98,19036.62
2025-07-14T13:44:00.000000Z,166.99,167.12,166.9,167.11,34428.08
2025-07-14T13:45:00.000000Z,167.11,167.82,167.1,167.82,83429.04
2025-07-14T13:46:00.000000Z,167.83,167.89,167.58,167.71,60344.25
2025-07-14T13:47:00.000000Z,167.72,168.13,167.64,168.03,69280.5
2025-07-14T13:48:00.000000Z,168.03,168.1,167.85,168.09,39587.78
2025-07-14T13:49:00.000000Z,168.09,168.14,167.93,167.94,28871.8
2025-07-14T13:50:00.000000Z,167.93,168.08,167.73,167.85,20051.21
2025-07-14T13:51:00.000000Z,167.84,167.96,167.61,167.8,24300.25
2025-07-14T13:52:00.000000Z,167.79,168.0,167.75,168.0,14836.96
2025-07-14T13:53:00.000000Z,168.0,168.09,167.94,168.05,12932.61
2025-07-14T13:54:00.000000Z,168.06,168.45,168.05,168.33,48409.06
2025-07-14T13:55:00.000000Z,168.33,168.5,168.31,168.35,50261.2
2025-07-14T13:56:00.000000Z,168.35,168.42,167.91,168.1,54698.46
2025-07-14T13:57:00.000000Z,168.11,168.13,167.9,167.9,25804.02
2025-07-14T13:58:00.000000Z,167.9,167.95,167.75,167.77,31751.87
2025-07-14T13:59:00.000000Z,167.77,167.97,167.69,167.89,32225.08
2025-07-14T14:00:00.000000Z,167.89,168.1,167.83,167.84,21370.78
2025-07-14T14:01:00.000000Z,167.85,167.89,167.63,167.75,16283.0
2025-07-14T14:02:00.000000Z,167.75,168.41,167.74,168.34,20800.38
2025-07-14T14:03:00.000000Z,168.34,168.38,168.25,168.35,23032.43
2025-07-14T14:04:00.000000Z,168.35,168.39,168.05,168.16,20217.87
2025-07-14T14:05:00.000000Z,168.15,168.43,168.1,168.25,33039.18
2025-07-14T14:06:00.000000Z,168.25,168.3,168.11,168.11,16602.65
2025-07-14T14:07:00.000000Z,168.11,168.64,168.11,168.48,45967.24
2025-07-14T14:08:00.000000Z,168.48,168.57,168.29,168.39,15934.42
2025-07-14T14:09:00.000000Z,168.39,168.41,168.24,168.28,13952.77
2025-07-14T14:10:00.000000Z,168.29,168.29,167.79,167.86,33961.41
2025-07-14T14:11:00.000000Z,167.85,168.12,167.8,168.04,24003.9
2025-07-14T14:12:00.000000Z,168.04,168.12,167.33,167.33,40298.16
2025-07-14T14:13:00.000000Z,167.33,168.0,167.29,167.99,18450.62
2025-07-14T14:14:00.000000Z,167.99,168.15,167.99,168.14,8716.29
2025-07-14T14:15:00.000000Z,168.14,168.18,167.77,167.97,11609.27
2025-07-14T14:16:00.000000Z,167.96,168.25,167.88,168.25,12112.26
2025-07-14T14:17:00.000000Z,168.25,168.41,168.16,168.27,31177.71
2025-07-14T14:18:00.000000Z,168.26,168.52,168.22,168.48,25314.38
2025-07-14T14:19:00.000000Z,168.47,168.56,168.25,168.32,19751.88
2025-07-14T14:20:00.000000Z,168.31,168.37,167.93,167.95,15937.74
2025-07-14T14:21:00.000000Z,167.95,168.21,167.93,168.01,15090.26
2025-07-14T14:22:00.000000Z,168.0,168.0,167.66,167.7,26805.7
2025-07-14T14:23:00.000000Z,167.7,167.71,167.48,167.49,24399.96
2025-07-14T14:24:00.000000Z,167.48,167.55,167.3,167.36,30628.8
2025-07-14T14:25:00.000000Z,167.35,167.42,166.89,166.93,89544.86
2025-07-14T14:26:00.000000Z,166.92,167.16,166.81,166.9,34619.4
2025-07-14T14:27:00.000000Z,166.91,166.91,166.5,166.6,70008.31
2025-07-14T14:28:00.000000Z,166.6,166.83,166.46,166.81,33735.38
2025-07-14T14:29:00.000000Z,166.81,167.16,166.72,167.06,23121.64
2025-07-14T14:30:00.000000Z,167.06,167.11,166.33,166.42,46920.7
2025-07-14T14:31:00.000000Z,166.42,166.58,166.24,166.41,74834.32
2025-07-14T14:32:00.000000Z,166.4,166.62,166.17,166.51,63656.38
2025-07-14T14:33:00.000000Z,166.5,166.51,165.73,165.94,85839.23
2025-07-14T14:34:00.000000Z,165.94,166.09,165.86,166.05,31801.89
2025-07-14T14:35:00.000000Z,166.06,166.4,165.98,166.15,32279.31
2025-07-14T14:36:00.000000Z,166.16,166.19,165.75,165.84,58017.23
2025-07-14T14:37:00.000000Z,165.85,166.15,165.82,165.92,23246.35
2025-07-14T14:38:00.000000Z,165.93,166.22,165.84,165.95,21747.1
2025-07-14T14:39:00.000000Z,165.95,166.0,165.77,165.93,23878.32
2025-07-14T14:40:00.000000Z,165.94,166.26,165.94,166.22,32216.58
2025-07-14T14:41:00.000000Z,166.22,166.22,166.08,166.13,23005.63
2025-07-14T14:42:00.000000Z,166.14,166.24,165.94,166.01,22948.32
2025-07-14T14:43:00.000000Z,166.01,166.18,166.0,166.12,12388.74
2025-07-14T14:44:00.000000Z,166.11,166.4,165.82,166.4,21547.16
2025-07-14T14:45:00.000000Z,166.41,166.44,166.18,166.26,19867.72
2025-07-14T14:46:00.000000Z,166.25,166.52,166.25,166.52,16168.06
2025-07-14T14:47:00.000000Z,166.53,166.59,166.28,166.44,30180.8
2025-07-14T14:48:00.000000Z,166.45,166.53,166.04,166.04,63571.72
2025-07-14T14:49:00.000000Z,166.03,166.12,165.61,165.63,44790.97
2025-07-14T14:50:00.000000Z,165.64,165.78,165.39,165.67,58728.45
2025-07-14T14:51:00.000000Z,165.67,166.01,165.48,165.91,36225.28
2025-07-14T14:52:00.000000Z,165.92,166.26,165.76,166.22,94744.74
2025-07-14T14:53:00.000000Z,166.23,166.33,166.11,166.25,25073.04
2025-07-14T14:54:00.000000Z,166.25,166.33,166.18,166.3,13790.85
2025-07-14T14:55:00.000000Z,166.3,166.53,166.28,166.53,17797.47
2025-07-14T14:56:00.000000Z,166.54,166.63,166.43,166.53,19722.17
2025-07-14T14:57:00.000000Z,166.54,166.54,166.43,166.53,11398.15
2025-07-14T14:58:00.000000Z,166.54,166.63,166.44,166.46,21147.03
2025-07-14T14:59:00.000000Z,166.46,166.73,166.46,166.69,15255.82
2025-07-14T15:00:00.000000Z,166.69,166.69,166.42,166.46,37167.64
2025-07-14T15:01:00.000000Z,166.45,166.57,166.39,166.4,10156.46
2025-07-14T15:02:00.000000Z,166.39,166.4,165.97,166.01,20299.95
2025-07-14T15:03:00.000000Z,166.01,166.02,165.78,165.88,23899.84
2025-07-14T15:04:00.000000Z,165.88,165.95,165.83,165.9,12233.91
2025-07-14T15:05:00.000000Z,165.9,165.9,165.5,165.51,50999.03
2025-07-14T15:06:00.000000Z,165.52,165.62,164.85,165.2,143046.91
2025-07-14T15:07:00.000000Z,165.21,165.47,165.19,165.35,44612.73
2025-07-14T15:08:00.000000Z,165.36,165.39,165.03,165.06,38359.98
2025-07-14T15:09:00.000000Z,165.06,165.22,165.03,165.16,66278.41
2025-07-14T15:10:00.000000Z,165.17,165.17,164.98,165.09,54287.47
2025-07-14T15:11:00.000000Z,165.08,165.47,165.06,165.42,28141.01
2025-07-14T15:12:00.000000Z,165.42,165.62,165.23,165.54,88334.83
2025-07-14T15:13:00.000000Z,165.54,165.58,165.44,165.46,33828.65
2025-07-14T15:14:00.000000Z,165.47,165.59,165.36,165.41,14975.83
2025-07-14T15:15:00.000000Z,165.41,165.48,165.0,165.08,48725.97
2025-07-14T15:16:00.000000Z,165.08,165.26,164.91,165.24,67400.2
2025-07-14T15:17:00.000000Z,165.23,165.28,164.98,165.04,21860.19
2025-07-14T15:18:00.000000Z,165.03,165.04,164.53,164.76,72997.4
2025-07-14T15:19:00.000000Z,164.75,164.94,164.68,164.74,28203.05
2025-07-14T15:20:00.000000Z,164.75,164.89,164.64,164.66,27193.97
2025-07-14T15:21:00.000000Z,164.65,164.95,164.57,164.83,28859.63
2025-07-14T15:22:00.000000Z,164.82,164.85,164.57,164.58,18387.55
2025-07-14T15:23:00.000000Z,164.58,164.91,164.45,164.89,23928.78
2025-07-14T15:24:00.000000Z,164.9,165.12,164.8,165.02,22356.51
2025-07-14T15:25:00.000000Z,165.03,165.2,164.97,164.99,22465.6
2025-07-14T15:26:00.000000Z,164.99,165.15,164.99,165.04,10332.99
2025-07-14T15:27:00.000000Z,165.05,165.15,164.96,165.15,11390.95
2025-07-14T15:28:00.000000Z,165.15,165.2,165.06,165.13,12155.95
2025-07-14T15:29:00.000000Z,165.14,165.18,165.0,165.14,6883.42
2025-07-14T15:30:00.000000Z,165.14,165.18,165.01,165.03,14290.69
2025-07-14T15:31:00.000000Z,165.02,165.05,164.77,164.82,16821.87
2025-07-14T15:32:00.000000Z,164.82,164.83,164.65,164.79,11998.19
2025-07-14T15:33:00.000000Z,164.79,164.8,164.48,164.61,17190.89
2025-07-14T15:34:00.000000Z,164.61,164.67,164.52,164.55,17462.79
2025-07-14T15:35:00.000000Z,164.56,164.69,164.42,164.52,25645.65
2025-07-14T15:36:00.000000Z,164.53,164.98,164.52,164.91,19630.97
2025-07-14T15:37:00.000000Z,164.91,164.92,164.68,164.75,9369.25
2025-07-14T15:38:00.000000Z,164.74,164.79,164.61,164.71,14386.5
2025-07-14T15:39:00.000000Z,164.71,164.79,164.63,164.67,6808.33
2025-07-14T15:40:00.000000Z,164.67,165.06,164.64,165.02,23396.0
2025-07-14T15:41:00.000000Z,165.03,165.06,164.83,164.99,12072.48
2025-07-14T15:42:00.000000Z,165.0,165.02,164.7,164.71,6901.43
2025-07-14T15:43:00.000000Z,164.71,164.77,164.54,164.77,15522.94
2025-07-14T15:44:00.000000Z,164.77,164.83,164.7,164.83,4252.66
2025-07-14T15:45:00.000000Z,164.82,164.83,164.23,164.43,52842.13
2025-07-14T15:46:00.000000Z,164.44,164.74,164.4,164.57,23083.53
2025-07-14T15:47:00.000000Z,164.57,164.87,164.47,164.57,25173.61
2025-07-14T15:48:00.000000Z,164.57,164.57,164.07,164.08,43945.79
2025-07-14T15:49:00.000000Z,164.08,164.09,163.54,163.78,155523.2
2025-07-14T15:50:00.000000Z,163.77,163.94,163.74,163.78,26703.95
2025-07-14T15:51:00.000000Z,163.78,163.93,163.48,163.51,47245.0
2025-07-14T15:52:00.000000Z,163.5,163.56,163.11,163.44,89616.7
2025-07-14T15:53:00.000000Z,163.44,163.47,163.12,163.2,47035.92
2025-07-14T15:54:00.000000Z,163.2,163.31,163.0,163.23,49973.84
2025-07-14T15:55:00.000000Z,163.23,163.36,163.0,163.33,46051.36
2025-07-14T15:56:00.000000Z,163.33,163.78,163.26,163.71,42188.25
2025-07-14T15:57:00.000000Z,163.72,163.93,163.71,163.93,41882.35
2025-07-14T15:58:00.000000Z,163.93,163.94,163.76,163.8,15087.27
2025-07-14T15:59:00.000000Z,163.81,163.95,163.73,163.91,19637.27
2025-07-14T16:00:00.000000Z,163.9,164.06,163.78,164.02,39522.03
2025-07-14T16:01:00.000000Z,164.01,164.01,163.83,163.98,30323.05
2025-07-14T16:02:00.000000Z,163.97,164.0,163.66,163.77,21529.78
2025-07-14T16:03:00.000000Z,163.76,163.93,163.76,163.89,12385.94
2025-07-14T16:04:00.000000Z,163.88,163.89,163.49,163.52,22965.04
2025-07-14T16:05:00.000000Z,163.53,163.68,163.32,163.39,23171.88
2025-07-14T16:06:00.000000Z,163.39,163.66,163.39,163.55,22223.45
2025-07-14T16:07:00.000000Z,163.54,163.86,163.5,163.64,18844.05
2025-07-14T16:08:00.000000Z,163.65,163.75,163.43,163.51,9001.95
2025-07-14T16:09:00.000000Z,163.51,163.61,163.29,163.57,38957.91
2025-07-14T16:10:00.000000Z,163.57,163.69,163.41,163.46,12279.94
2025-07-14T16:11:00.000000Z,163.46,163.57,163.31,163.51,20551.0
2025-07-14T16:12:00.000000Z,163.51,163.52,163.37,163.5,14084.73
2025-07-14T16:13:00.000000Z,163.5,163.63,163.32,163.44,17354.66
2025-07-14T16:14:00.000000Z,163.44,163.47,163.25,163.4,24275.32
2025-07-14T16:15:00.000000Z,163.39,163.76,163.29,163.45,41388.68
2025-07-14T16:16:00.000000Z,163.44,163.67,163.44,163.57,16783.97
2025-07-14T16:17:00.000000Z,163.57,163.8,163.54,163.8,16002.89
2025-07-14T16:18:00.000000Z,163.79,164.07,163.79,164.04,18744.86
2025-07-14T16:19:00.000000Z,164.03,164.25,163.99,164.03,36492.44
2025-07-14T16:20:00.000000Z,164.03,164.2,163.75,164.17,39725.54
2025-07-14T16:21:00.000000Z,164.18,164.38,164.07,164.34,52357.97
2025-07-14T16:22:00.000000Z,164.35,164.48,164.34,164.44,51000.16
2025-07-14T16:23:00.000000Z,164.44,164.69,164.34,164.69,34645.43
2025-07-14T16:24:00.000000Z,164.68,164.78,164.5,164.73,52082.75
2025-07-14T16:25:00.000000Z,164.73,164.82,164.64,164.73,28068.04
2025-07-14T16:26:00.000000Z,164.72,164.73,164.4,164.52,30955.6
2025-07-14T16:27:00.000000Z,164.53,164.73,164.45,164.67,28528.97
2025-07-14T16:28:00.000000Z,164.67,164.74,164.52,164.6,35739.46
2025-07-14T16:29:00.000000Z,164.6,164.79,164.6,164.68,21595.8
2025-07-14T16:30:00.000000Z,164.68,164.69,164.42,164.42,15263.48
2025-07-14T16:31:00.000000Z,164.42,164.45,164.19,164.4,28452.3
2025-07-14T16:32:00.000000Z,164.4,164.67,164.37,164.64,15208.86
2025-07-14T16:33:00.000000Z,164.63,164.66,164.54,164.54,20938.94
2025-07-14T16:34:00.000000Z,164.54,164.58,164.46,164.56,6657.95
2025-07-14T16:35:00.000000Z,164.56,164.91,164.56,164.63,35475.57
2025-07-14T16:36:00.000000Z,164.63,164.73,164.62,164.7,11531.19
2025-07-14T16:37:00.000000Z,164.7,164.78,164.54,164.63,13157.14
2025-07-14T16:38:00.000000Z,164.62,164.79,164.54,164.75,10246.39
2025-07-14T16:39:00.000000Z,164.75,164.91,164.73,164.82,11573.78
2025-07-14T16:40:00.000000Z,164.82,164.94,164.72,164.94,12676.93
2025-07-14T16:41:00.000000Z,164.93,165.0,164.9,164.93,17536.17
2025-07-14T16:42:00.000000Z,164.93,164.95,164.67,164.67,15734.72
2025-07-14T16:43:00.000000Z,164.68,164.72,164.54,164.65,9144.29
2025-07-14T16:44:00.000000Z,164.65,164.65,164.54,164.57,5157.55
2025-07-14T16:45:00.000000Z,164.57,164.57,164.28,164.31,14834.36
2025-07-14T16:46:00.000000Z,164.3,164.74,164.24,164.74,12470.47
2025-07-14T16:47:00.000000Z,164.73,164.88,164.65,164.8,13595.41
2025-07-14T16:48:00.000000Z,164.8,164.9,164.72,164.9,12647.88
2025-07-14T16:49:00.000000Z,164.9,164.96,164.85,164.94,9529.21
2025-07-14T16:50:00.000000Z,164.93,165.02,164.9,164.99,16735.37
2025-07-14T16:51:00.000000Z,165.0,165.12,164.91,164.96,19931.44
2025-07-14T16:52:00.000000Z,164.96,165.06,164.95,165.04,16377.73
2025-07-14T16:53:00.000000Z,165.05,165.16,165.01,165.11,19903.67
2025-07-14T16:54:00.000000Z,165.11,165.19,165.02,165.18,21122.97
2025-07-14T16:55:00.000000Z,165.19,165.19,165.0,165.15,10449.12
2025-07-14T16:56:00.000000Z,165.16,165.21,165.14,165.2,14694.6
2025-07-14T16:57:00.000000Z,165.2,165.25,165.14,165.2,22049.99
2025-07-14T16:58:00.000000Z,165.19,165.29,165.12,165.14,13701.0
2025-07-14T16:59:00.000000Z,165.15,165.25,165.12,165.17,9990.06
2025-07-14T17:00:00.000000Z,165.17,165.18,164.98,165.0,15072.09
2025-07-14T17:01:00.000000Z,164.99,165.0,164.72,164.72,28767.8
2025-07-14T17:02:00.000000Z,164.73,164.88,164.61,164.86,17877.56
2025-07-14T17:03:00.000000Z,164.86,164.9,164.76,164.8,13013.36
2025-07-14T17:04:00.000000Z,164.79,164.79,164.63,164.76,13491.05
2025-07-14T17:05:00.000000Z,164.77,164.78,164.64,164.74,11960.31
2025-07-14T17:06:00.000000Z,164.74,164.81,164.66,164.78,22763.34
2025-07-14T17:07:00.000000Z,164.78,164.97,164.78,164.9,8521.28
2025-07-14T17:08:00.000000Z,164.9,165.03,164.88,164.94,12962.55
2025-07-14T17:09:00.000000Z,164.95,165.07,164.95,165.04,6808.32
2025-07-14T17:10:00.000000Z,165.05,165.05,164.84,164.86,13673.07
2025-07-14T17:11:00.000000Z,164.85,164.96,164.85,164.91,6561.67
2025-07-14T17:12:00.000000Z,164.92,164.96,164.85,164.87,6348.54
2025-07-14T17:13:00.000000Z,164.88,165.0,164.88,164.89,12136.86
2025-07-14T17:14:00.000000Z,164.88,164.89,164.7,164.73,14784.38
2025-07-14T17:15:00.000000Z,164.73,164.74,164.59,164.63,11984.33
2025-07-14T17:16:00.000000Z,164.63,164.69,164.39,164.53,25778.36
2025-07-14T17:17:00.000000Z,164.54,164.82,164.49,164.82,12477.95
2025-07-14T17:18:00.000000Z,164.82,164.82,164.64,164.68,7390.32
2025-07-14T17:19:00.000000Z,164.68,164.69,164.55,164.62,10176.89
2025-07-14T17:20:00.000000Z,164.61,164.67,164.42,164.54,19803.0
2025-07-14T17:21:00.000000Z,164.55,164.57,164.34,164.46,32646.95
2025-07-14T17:22:00.000000Z,164.45,164.5,164.3,164.49,10448.78
2025-07-14T17:23:00.000000Z,164.49,164.53,164.37,164.37,16771.99
2025-07-14T17:24:00.000000Z,164.37,164.48,164.31,164.47,7870.21
2025-07-14T17:25:00.000000Z,164.48,164.52,164.38,164.44,7004.03
2025-07-14T17:26:00.000000Z,164.43,164.43,163.96,164.03,54269.48
2025-07-14T17:27:00.000000Z,164.04,164.19,164.01,164.13,21521.09
2025-07-14T17:28:00.000000Z,164.14,164.14,163.89,163.89,28528.97
2025-07-14T17:29:00.000000Z,163.89,164.05,163.87,163.99,14594.58
2025-07-14T17:30:00.000000Z,163.99,164.0,163.81,163.82,21836.34
2025-07-14T17:31:00.000000Z,163.83,164.15,163.81,164.13,9779.55
2025-07-14T17:32:00.000000Z,164.14,164.27,164.12,164.25,10771.27
2025-07-14T17:33:00.000000Z,164.25,164.34,164.14,164.32,7782.71
2025-07-14T17:34:00.000000Z,164.32,164.36,164.14,164.18,6825.94
2025-07-14T17:35:00.000000Z,164.18,164.18,163.8,163.8,31947.49
2025-07-14T17:36:00.000000Z,163.8,163.93,163.52,163.71,44347.46
2025-07-14T17:37:00.000000Z,163.71,163.74,163.54,163.57,15068.14
2025-07-14T17:38:00.000000Z,163.57,163.73,163.54,163.7,8757.92
2025-07-14T17:39:00.000000Z,163.7,163.7,163.45,163.52,21551.25
2025-07-14T17:40:00.000000Z,163.52,163.77,163.47,163.76,12447.3
2025-07-14T17:41:00.000000Z,163.76,163.9,163.74,163.77,20676.09
2025-07-14T17:42:00.000000Z,163.77,163.8,163.55,163.55,6727.77
2025-07-14T17:43:00.000000Z,163.55,163.71,163.55,163.71,4213.4
2025-07-14T17:44:00.000000Z,163.71,163.71,163.57,163.62,3391.06
2025-07-14T17:45:00.000000Z,163.62,163.82,163.55,163.76,22981.37
2025-07-14T17:46:00.000000Z,163.76,163.76,163.55,163.59,16018.08
2025-07-14T17:47:00.000000Z,163.59,163.75,163.59,163.7,4470.92
2025-07-14T17:48:00.000000Z,163.71,164.06,163.71,164.06,7620.27
2025-07-14T17:49:00.000000Z,164.07,164.13,163.9,164.0,11129.59
2025-07-14T17:50:00.000000Z,163.99,164.14,163.99,164.02,8775.51
2025-07-14T17:51:00.000000Z,164.02,164.04,163.91,163.98,12280.93
2025-07-14T17:52:00.000000Z,163.99,164.1,163.91,163.97,6173.8
2025-07-14T17:53:00.000000Z,163.96,164.03,163.92,164.01,2001.15
2025-07-14T17:54:00.000000Z,164.01,164.07,163.93,164.06,3760.01
2025-07-14T17:55:00.000000Z,164.07,164.23,164.05,164.22,7382.95
2025-07-14T17:56:00.000000Z,164.23,164.23,164.13,164.15,6229.29
2025-07-14T17:57:00.000000Z,164.16,164.24,164.14,164.23,5015.85
2025-07-14T17:58:00.000000Z,164.24,164.27,164.18,164.25,4099.09
2025-07-14T17:59:00.000000Z,164.24,164.28,164.15,164.28,8783.14
2025-07-14T18:00:00.000000Z,164.28,164.29,164.16,164.28,7514.18
2025-07-14T18:01:00.000000Z,164.28,164.35,164.08,164.15,10712.48
2025-07-14T18:02:00.000000Z,164.15,164.22,163.96,164.0,8794.36
2025-07-14T18:03:00.000000Z,164.01,164.21,164.01,164.16,13723.8
2025-07-14T18:04:00.000000Z,164.16,164.28,164.12,164.12,7497.45
2025-07-14T18:05:00.000000Z,164.12,164.23,164.1,164.11,16584.86
2025-07-14T18:06:00.000000Z,164.12,164.25,164.07,164.24,11859.79
2025-07-14T18:07:00.000000Z,164.24,164.25,164.12,164.12,3177.5
2025-07-14T18:08:00.000000Z,164.12,164.13,163.93,163.94,6360.39
2025-07-14T18:09:00.000000Z,163.94,163.94,163.75,163.82,19714.5
2025-07-14T18:10:00.000000Z,163.82,163.88,163.73,163.88,9650.52
2025-07-14T18:11:00.000000Z,163.87,164.06,163.86,164.03,5165.66
2025-07-14T18:12:00.000000Z,164.04,164.05,163.93,164.02,3769.95
2025-07-14T18:13:00.000000Z,164.03,164.2,164.02,164.19,3773.66
2025-07-14T18:14:00.000000Z,164.19,164.28,164.16,164.18,10295.11
2025-07-14T18:15:00.000000Z,164.18,164.34,164.07,164.32,17114.8
2025-07-14T18:16:00.000000Z,164.31,164.47,163.9,163.96,51131.71
2025-07-14T18:17:00.000000Z,163.97,164.0,163.8,163.89,16278.77
2025-07-14T18:18:00.000000Z,163.88,164.02,163.76,163.93,7485.06
2025-07-14T18:19:00.000000Z,163.93,163.96,163.82,163.83,4386.13
2025-07-14T18:20:00.000000Z,163.82,163.9,163.73,163.77,6769.78
2025-07-14T18:21:00.000000Z,163.78,163.95,163.77,163.94,5347.74
2025-07-14T18:22:00.000000Z,163.93,164.21,163.92,164.1,8496.48
2025-07-14T18:23:00.000000Z,164.09,164.13,163.97,164.06,7561.85
2025-07-14T18:24:00.000000Z,164.06,164.14,164.04,164.13,4193.63
2025-07-14T18:25:00.000000Z,164.13,164.45,164.13,164.34,10790.7
2025-07-14T18:26:00.000000Z,164.34,164.35,164.27,164.27,6962.87
2025-07-14T18:27:00.000000Z,164.27,164.29,164.08,164.08,4995.66
2025-07-14T18:28:00.000000Z,164.08,164.18,164.03,164.14,7841.6
2025-07-14T18:29:00.000000Z,164.13,164.2,164.08,164.09,4680.43
2025-07-14T18:30:00.000000Z,164.09,164.28,164.07,164.13,5827.29
2025-07-14T18:31:00.000000Z,164.13,164.2,164.03,164.17,3216.2
2025-07-14T18:32:00.000000Z,164.16,164.23,164.15,164.17,5383.57
2025-07-14T18:33:00.000000Z,164.16,164.2,164.08,164.19,8520.48
2025-07-14T18:34:00.000000Z,164.19,164.2,164.02,164.02,3304.75
2025-07-14T18:35:00.000000Z,164.02,164.06,163.77,163.79,11523.43
2025-07-14T18:36:00.000000Z,163.79,163.85,163.32,163.38,24332.72
2025-07-14T18:37:00.000000Z,163.38,163.38,163.03,163.31,40635.85
2025-07-14T18:38:00.000000Z,163.32,163.55,163.31,163.43,11576.08
2025-07-14T18:39:00.000000Z,163.43,163.53,163.41,163.5,4579.95
2025-07-14T18:40:00.000000Z,163.49,163.79,163.47,163.75,10889.05
2025-07-14T18:41:00.000000Z,163.74,163.82,163.73,163.79,6054.07
2025-07-14T18:42:00.000000Z,163.8,163.85,163.74,163.85,5725.69
2025-07-14T18:43:00.000000Z,163.85,163.95,163.75,163.87,5936.36
2025-07-14T18:44:00.000000Z,163.86,164.02,163.86,163.91,8137.03
2025-07-14T18:45:00.000000Z,163.9,163.94,163.68,163.68,5972.2
2025-07-14T18:46:00.000000Z,163.68,163.91,163.68,163.84,3804.42
2025-07-14T18:47:00.000000Z,163.84,163.85,163.7,163.84,3997.7
2025-07-14T18:48:00.000000Z,163.83,163.84,163.61,163.63,9724.3
2025-07-14T18:49:00.000000Z,163.63,163.63,163.46,163.59,15542.8
2025-07-14T18:50:00.000000Z,163.58,163.63,163.09,163.4,54186.37
2025-07-14T18:51:00.000000Z,163.4,163.44,163.03,163.05,19111.62
2025-07-14T18:52:00.000000Z,163.04,163.06,162.58,162.84,101079.17
2025-07-14T18:53:00.000000Z,162.84,162.85,162.52,162.77,41785.05
2025-07-14T18:54:00.000000Z,162.77,162.88,162.75,162.86,17695.21
2025-07-14T18:55:00.000000Z,162.86,162.88,162.72,162.72,13838.48
2025-07-14T18:56:00.000000Z,162.72,162.88,162.72,162.78,15036.25
2025-07-14T18:57:00.000000Z,162.79,162.96,162.62,162.68,17934.82
2025-07-14T18:58:00.000000Z,162.68,162.74,162.61,162.62,10631.84
2025-07-14T18:59:00.000000Z,162.62,162.74,162.62,162.69,6596.29
2025-07-14T19:00:00.000000Z,162.7,162.75,162.37,162.74,65913.01
2025-07-14T19:01:00.000000Z,162.75,163.0,162.68,163.0,18716.21
2025-07-14T19:02:00.000000Z,163.0,163.17,162.97,163.16,18446.19
2025-07-14T19:03:00.000000Z,163.17,163.34,163.13,163.17,15445.45
2025-07-14T19:04:00.000000Z,163.17,163.28,163.16,163.27,11979.82
2025-07-14T19:05:00.000000Z,163.27,163.48,163.24,163.42,17013.74
2025-07-14T19:06:00.000000Z,163.42,163.46,163.3,163.45,11937.62
2025-07-14T19:07:00.000000Z,163.44,163.5,163.37,163.43,8661.4
2025-07-14T19:08:00.000000Z,163.43,163.43,163.2,163.2,11904.65
2025-07-14T19:09:00.000000Z,163.2,163.35,163.18,163.35,9386.23
2025-07-14T19:10:00.000000Z,163.35,163.37,163.08,163.22,6886.94
2025-07-14T19:11:00.000000Z,163.22,163.32,163.14,163.19,9079.08
2025-07-14T19:12:00.000000Z,163.18,163.18,162.93,162.93,6195.14
2025-07-14T19:13:00.000000Z,162.92,162.98,162.75,162.77,10632.23
2025-07-14T19:14:00.000000Z,162.78,163.15,162.78,163.14,9490.58
2025-07-14T19:15:00.000000Z,163.15,163.15,162.88,162.96,6380.67
2025-07-14T19:16:00.000000Z,162.96,163.12,162.85,163.11,8935.77
2025-07-14T19:17:00.000000Z,163.12,163.35,163.06,163.29,13325.15
2025-07-14T19:18:00.000000Z,163.3,163.37,163.26,163.33,10152.24
2025-07-14T19:19:00.000000Z,163.34,163.36,163.17,163.21,5955.96
2025-07-14T19:20:00.000000Z,163.21,163.44,163.2,163.41,14150.15
2025-07-14T19:21:00.000000Z,163.41,163.43,163.32,163.39,6439.83
2025-07-14T19:22:00.000000Z,163.38,163.5,163.31,163.33,15228.24
2025-07-14T19:23:00.000000Z,163.33,163.39,163.13,163.13,10653.14
2025-07-14T19:24:00.000000Z,163.13,163.21,163.08,163.2,4450.4
2025-07-14T19:25:00.000000Z,163.2,163.43,163.14,163.42,3578.06
2025-07-14T19:26:00.000000Z,163.42,163.6,163.42,163.52,10716.15
2025-07-14T19:27:00.000000Z,163.52,163.66,163.5,163.51,10975.95
2025-07-14T19:28:00.000000Z,163.51,163.54,163.45,163.49,2413.5
2025-07-14T19:29:00.000000Z,163.49,163.56,163.45,163.51,2964.71
2025-07-14T19:30:00.000000Z,163.51,163.77,163.51,163.74,26591.39
2025-07-14T19:31:00.000000Z,163.74,163.77,163.63,163.7,8186.39
2025-07-14T19:32:00.000000Z,163.71,163.8,163.62,163.78,5987.22
2025-07-14T19:33:00.000000Z,163.79,163.81,163.65,163.75,6890.61
2025-07-14T19:34:00.000000Z,163.75,163.95,163.74,163.84,11073.39
2025-07-14T19:35:00.000000Z,163.84,164.04,163.79,163.96,10989.62
2025-07-14T19:36:00.000000Z,163.95,163.96,163.77,163.77,10912.7
2025-07-14T19:37:00.000000Z,163.78,163.86,163.66,163.67,3417.72
2025-07-14T19:38:00.000000Z,163.67,163.86,163.61,163.76,6986.58
2025-07-14T19:39:00.000000Z,163.76,163.77,163.62,163.72,2795.39
2025-07-14T19:40:00.000000Z,163.71,163.73,163.63,163.66,5408.28
2025-07-14T19:41:00.000000Z,163.66,163.78,163.65,163.67,7431.69
2025-07-14T19:42:00.000000Z,163.66,163.76,163.57,163.73,5911.18
2025-07-14T19:43:00.000000Z,163.73,163.73,163.66,163.67,4993.93
2025-07-14T19:44:00.000000Z,163.67,163.73,163.6,163.73,6150.48
2025-07-14T19:45:00.000000Z,163.72,163.73,163.57,163.57,5953.39
2025-07-14T19:46:00.000000Z,163.57,163.65,163.52,163.55,4458.55
2025-07-14T19:47:00.000000Z,163.54,163.64,163.54,163.62,2449.81
2025-07-14T19:48:00.000000Z,163.61,163.67,163.52,163.55,3606.82
2025-07-14T19:49:00.000000Z,163.56,163.62,163.53,163.56,2777.28
2025-07-14T19:50:00.000000Z,163.55,163.69,163.53,163.68,9663.69
2025-07-14T19:51:00.000000Z,163.68,163.68,163.53,163.55,5234.77
2025-07-14T19:52:00.000000Z,163.56,163.92,163.55,163.85,7262.1
2025-07-14T19:53:00.000000Z,163.85,163.94,163.8,163.93,4050.88
2025-07-14T19:54:00.000000Z,163.94,164.09,163.91,163.94,15536.2
2025-07-14T19:55:00.000000Z,163.94,163.97,163.85,163.91,6040.37
2025-07-14T19:56:00.000000Z,163.9,163.93,163.67,163.76,7557.48
2025-07-14T19:57:00.000000Z,163.75,163.83,163.7,163.71,3209.17
2025-07-14T19:58:00.000000Z,163.71,163.92,163.71,163.92,3562.5
2025-07-14T19:59:00.000000Z,163.92,164.24,163.91,164.22,47653.0
2025-07-14T20:00:00.000000Z,164.22,164.22,163.64,163.65,28338.36
2025-07-14T20:01:00.000000Z,163.65,163.71,163.53,163.61,9463.86
2025-07-14T20:02:00.000000Z,163.61,163.69,163.56,163.56,12749.89
2025-07-14T20:03:00.000000Z,163.57,163.63,163.43,163.49,6466.22
2025-07-14T20:04:00.000000Z,163.49,163.5,163.35,163.35,8607.73
2025-07-14T20:05:00.000000Z,163.35,163.37,163.06,163.06,22818.36
2025-07-14T20:06:00.000000Z,163.06,163.13,162.83,162.93,28466.69
2025-07-14T20:07:00.000000Z,162.94,163.07,162.9,163.07,13434.72
2025-07-14T20:08:00.000000Z,163.07,163.2,162.96,163.09,13884.56
2025-07-14T20:09:00.000000Z,163.1,163.22,163.05,163.08,7278.02
2025-07-14T20:10:00.000000Z,163.08,163.11,162.92,162.99,14808.99
2025-07-14T20:11:00.000000Z,162.98,163.08,162.9,163.07,11393.6
2025-07-14T20:12:00.000000Z,163.07,163.07,162.87,162.98,16491.06
2025-07-14T20:13:00.000000Z,162.98,163.09,162.74,162.75,12882.75
2025-07-14T20:14:00.000000Z,162.75,162.86,162.71,162.74,11683.34
2025-07-14T20:15:00.000000Z,162.73,162.76,162.51,162.62,19208.25
2025-07-14T20:16:00.000000Z,162.61,162.61,161.76,162.2,136419.78
2025-07-14T20:17:00.000000Z,162.2,162.32,162.09,162.32,33514.87
2025-07-14T20:18:00.000000Z,162.32,162.68,162.26,162.61,27497.59
2025-07-14T20:19:00.000000Z,162.62,162.78,162.57,162.65,13722.22
2025-07-14T20:20:00.000000Z,162.66,162.68,162.2,162.47,15734.36
2025-07-14T20:21:00.000000Z,162.47,162.47,162.25,162.43,8947.33
2025-07-14T20:22:00.000000Z,162.44,162.49,162.31,162.36,6093.02
2025-07-14T20:23:00.000000Z,162.35,162.58,162.31,162.57,4562.15
2025-07-14T20:24:00.000000Z,162.57,162.7,162.55,162.7,6682.33
2025-07-14T20:25:00.000000Z,162.71,162.9,162.7,162.86,12762.96
2025-07-14T20:26:00.000000Z,162.87,162.9,162.64,162.64,8078.33
2025-07-14T20:27:00.000000Z,162.64,162.96,162.61,162.93,16772.25
2025-07-14T20:28:00.000000Z,162.94,162.94,162.79,162.82,10113.31
2025-07-14T20:29:00.000000Z,162.81,163.01,162.81,162.96,15495.27
2025-07-14T20:30:00.000000Z,162.97,163.02,162.79,162.95,16959.57
2025-07-14T20:31:00.000000Z,162.94,163.14,162.94,163.03,11454.91
2025-07-14T20:32:00.000000Z,163.04,163.24,162.9,162.91,26694.85
2025-07-14T20:33:00.000000Z,162.9,163.07,162.8,163.07,11322.11
2025-07-14T20:34:00.000000Z,163.06,163.2,163.0,163.0,5144.63
2025-07-14T20:35:00.000000Z,163.0,163.23,162.95,163.23,10291.26
2025-07-14T20:36:00.000000Z,163.22,163.31,163.15,163.24,14583.98
2025-07-14T20:37:00.000000Z,163.23,163.23,163.05,163.08,5343.44
2025-07-14T20:38:00.000000Z,163.07,163.24,163.02,163.24,3903.49
2025-07-14T20:39:00.000000Z,163.24,163.32,163.19,163.29,5000.4
2025-07-14T20:40:00.000000Z,163.29,163.31,163.19,163.3,6354.46
2025-07-14T20:41:00.000000Z,163.3,163.37,163.29,163.31,9059.23
2025-07-14T20:42:00.000000Z,163.31,163.32,163.14,163.15,7084.64
2025-07-14T20:43:00.000000Z,163.14,163.31,163.14,163.31,7159.32
2025-07-14T20:44:00.000000Z,163.3,163.38,163.25,163.31,9745.55
2025-07-14T20:45:00.000000Z,163.3,163.42,163.16,163.22,8278.28
2025-07-14T20:46:00.000000Z,163.21,163.28,163.18,163.28,5090.55
2025-07-14T20:47:00.000000Z,163.28,163.33,163.27,163.33,5150.87
2025-07-14T20:48:00.000000Z,163.32,163.37,163.27,163.36,6049.13
2025-07-14T20:49:00.000000Z,163.36,163.36,163.2,163.21,3724.3
2025-07-14T20:50:00.000000Z,163.22,163.26,163.03,163.03,7947.45
2025-07-14T20:51:00.000000Z,163.04,163.09,162.95,163.03,5641.68
2025-07-14T20:52:00.000000Z,163.03,163.08,162.99,163.05,8534.25
2025-07-14T20:53:00.000000Z,163.05,163.4,163.05,163.38,7610.94
2025-07-14T20:54:00.000000Z,163.39,163.48,163.25,163.46,11379.49
2025-07-14T20:55:00.000000Z,163.46,163.47,163.3,163.36,6897.89
2025-07-14T20:56:00.000000Z,163.36,163.44,163.14,163.21,6532.64
2025-07-14T20:57:00.000000Z,163.21,163.23,163.03,163.14,4118.48
2025-07-14T20:58:00.000000Z,163.14,163.22,163.11,163.11,3482.95
2025-07-14T20:59:00.000000Z,163.12,163.12,162.88,162.89,14884.02
2025-07-14T21:00:00.000000Z,162.88,162.88,162.61,162.63,24821.77
2025-07-14T21:01:00.000000Z,162.62,162.74,162.6,162.67,7643.29
2025-07-14T21:02:00.000000Z,162.68,162.77,162.62,162.76,7217.4
2025-07-14T21:03:00.000000Z,162.77,162.77,162.61,162.66,5463.65
2025-07-14T21:04:00.000000Z,162.65,162.77,162.62,162.65,13950.54
2025-07-14T21:05:00.000000Z,162.65,162.73,162.6,162.73,6457.25
2025-07-14T21:06:00.000000Z,162.73,162.77,162.52,162.54,16719.58
2025-07-14T21:07:00.000000Z,162.53,162.68,162.49,162.61,14342.72
2025-07-14T21:08:00.000000Z,162.61,162.73,162.57,162.73,6392.25
2025-07-14T21:09:00.000000Z,162.72,162.72,162.57,162.6,9611.86
2025-07-14T21:10:00.000000Z,162.6,162.65,162.52,162.55,5853.19
2025-07-14T21:11:00.000000Z,162.55,162.59,162.48,162.51,5991.03
2025-07-14T21:12:00.000000Z,162.51,162.53,162.4,162.4,6268.0
2025-07-14T21:13:00.000000Z,162.41,162.5,162.33,162.4,11434.38
2025-07-14T21:14:00.000000Z,162.39,162.48,162.37,162.42,2967.46
2025-07-14T21:15:00.000000Z,162.42,162.43,162.17,162.36,20651.51
2025-07-14T21:16:00.000000Z,162.36,162.48,162.32,162.38,7798.28
2025-07-14T21:17:00.000000Z,162.39,162.41,162.33,162.4,3163.5
2025-07-14T21:18:00.000000Z,162.4,162.41,162.33,162.4,5124.71
2025-07-14T21:19:00.000000Z,162.41,162.49,162.36,162.37,13830.07
2025-07-14T21:20:00.000000Z,162.37,162.47,162.3,162.41,4268.8
2025-07-14T21:21:00.000000Z,162.42,162.74,162.42,162.64,9226.64
2025-07-14T21:22:00.000000Z,162.64,162.67,162.55,162.57,5392.65
2025-07-14T21:23:00.000000Z,162.56,162.63,162.47,162.54,6964.56
2025-07-14T21:24:00.000000Z,162.53,162.54,162.46,162.46,3130.69
2025-07-14T21:25:00.000000Z,162.47,162.47,162.21,162.38,18993.22
2025-07-14T21:26:00.000000Z,162.38,162.59,162.35,162.43,14061.83
2025-07-14T21:27:00.000000Z,162.43,162.55,162.42,162.5,6292.05
2025-07-14T21:28:00.000000Z,162.5,162.54,162.46,162.48,2727.14
2025-07-14T21:29:00.000000Z,162.48,162.57,162.47,162.54,4848.81
2025-07-14T21:30:00.000000Z,162.54,162.55,162.41,162.54,3416.78
2025-07-14T21:31:00.000000Z,162.55,162.56,162.47,162.56,2627.07
2025-07-14T21:32:00.000000Z,162.56,162.62,162.53,162.61,2232.12
2025-07-14T21:33:00.000000Z,162.61,162.62,162.52,162.59,3126.82
2025-07-14T21:34:00.000000Z,162.59,162.59,162.54,162.56,2061.98
2025-07-14T21:35:00.000000Z,162.56,162.63,162.55,162.62,3042.89
2025-07-14T21:36:00.000000Z,162.63,162.66,162.62,162.66,2940.77
2025-07-14T21:37:00.000000Z,162.65,162.71,162.65,162.71,7322.57
2025-07-14T21:38:00.000000Z,162.71,162.72,162.69,162.71,4593.25
2025-07-14T21:39:00.000000Z,162.72,162.75,162.7,162.74,8394.1
2025-07-14T21:40:00.000000Z,162.74,162.75,162.7,162.7,3185.55
2025-07-14T21:41:00.000000Z,162.71,162.75,162.57,162.64,20345.66
2025-07-14T21:42:00.000000Z,162.64,162.68,162.61,162.62,2303.33
2025-07-14T21:43:00.000000Z,162.61,162.67,162.59,162.67,3334.46
2025-07-14T21:44:00.000000Z,162.67,162.67,162.54,162.54,4379.75
2025-07-14T21:45:00.000000Z,162.54,162.57,162.46,162.46,6479.21
2025-07-14T21:46:00.000000Z,162.47,162.47,162.3,162.3,15376.69
2025-07-14T21:47:00.000000Z,162.3,162.43,162.29,162.37,4964.96
2025-07-14T21:48:00.000000Z,162.38,162.44,162.35,162.38,3349.33
2025-07-14T21:49:00.000000Z,162.39,162.39,162.22,162.26,7342.78
2025-07-14T21:50:00.000000Z,162.26,162.26,162.07,162.16,11076.73
2025-07-14T21:51:00.000000Z,162.16,162.31,162.13,162.23,9746.36
2025-07-14T21:52:00.000000Z,162.23,162.31,162.2,162.29,5436.93
2025-07-14T21:53:00.000000Z,162.29,162.39,162.28,162.37,7142.55
2025-07-14T21:54:00.000000Z,162.38,162.43,162.37,162.41,5709.9
2025-07-14T21:55:00.000000Z,162.42,162.63,162.41,162.63,12673.45
2025-07-14T21:56:00.000000Z,162.63,162.74,162.62,162.66,8828.48
2025-07-14T21:57:00.000000Z,162.66,162.67,162.48,162.52,6215.64
2025-07-14T21:58:00.000000Z,162.51,162.65,162.51,162.65,7890.99
2025-07-14T21:59:00.000000Z,162.65,162.65,162.42,162.42,2647.26
2025-07-14T22:00:00.000000Z,162.43,162.43,161.96,162.0,24781.75
2025-07-14T22:01:00.000000Z,161.99,162.03,161.85,162.01,22585.22
2025-07-14T22:02:00.000000Z,162.02,162.13,161.9,162.08,17457.13
2025-07-14T22:03:00.000000Z,162.08,162.08,161.98,162.05,9237.76
2025-07-14T22:04:00.000000Z,162.06,162.06,161.91,161.91,6589.34
2025-07-14T22:05:00.000000Z,161.91,161.94,161.68,161.71,32121.21
2025-07-14T22:06:00.000000Z,161.72,161.82,161.71,161.8,13256.71
2025-07-14T22:07:00.000000Z,161.8,161.89,161.75,161.88,4638.32
2025-07-14T22:08:00.000000Z,161.88,161.89,161.82,161.88,4228.55
2025-07-14T22:09:00.000000Z,161.88,162.1,161.88,162.0,14606.25
2025-07-14T22:10:00.000000Z,162.01,162.03,161.9,162.0,8010.74
2025-07-14T22:11:00.000000Z,161.99,162.03,161.96,161.97,4755.77
2025-07-14T22:12:00.000000Z,161.98,162.12,161.92,161.96,6554.72
2025-07-14T22:13:00.000000Z,161.95,162.0,161.88,161.97,4161.39
2025-07-14T22:14:00.000000Z,161.97,162.09,161.95,162.04,3789.54
2025-07-14T22:15:00.000000Z,162.04,162.13,161.96,161.99,4231.4
2025-07-14T22:16:00.000000Z,161.98,162.07,161.92,161.98,4312.9
2025-07-14T22:17:00.000000Z,161.98,162.0,161.93,161.97,5075.42
2025-07-14T22:18:00.000000Z,161.98,162.01,161.94,161.95,1788.26
2025-07-14T22:19:00.000000Z,161.95,162.07,161.95,162.02,3098.76
2025-07-14T22:20:00.000000Z,162.02,162.04,161.95,161.96,5707.72
2025-07-14T22:21:00.000000Z,161.97,162.01,161.91,162.0,2174.54
2025-07-14T22:22:00.000000Z,162.01,162.05,161.97,162.05,2239.18
2025-07-14T22:23:00.000000Z,162.05,162.24,162.05,162.18,7135.05
2025-07-14T22:24:00.000000Z,162.18,162.31,162.17,162.21,6169.23
2025-07-14T22:25:00.000000Z,162.22,162.22,162.1,162.2,5462.63
2025-07-14T22:26:00.000000Z,162.2,162.3,162.18,162.28,6353.88
2025-07-14T22:27:00.000000Z,162.29,162.4,162.29,162.38,6214.14
2025-07-14T22:28:00.000000Z,162.38,162.42,162.32,162.41,4031.92
2025-07-14T22:29:00.000000Z,162.42,162.52,162.41,162.44,16783.98
2025-07-14T22:30:00.000000Z,162.44,162.52,162.41,162.51,5186.69
2025-07-14T22:31:00.000000Z,162.51,162.54,162.46,162.47,6508.11
2025-07-14T22:32:00.000000Z,162.47,162.5,162.23,162.27,9048.7
2025-07-14T22:33:00.000000Z,162.28,162.31,162.22,162.31,2670.33
2025-07-14T22:34:00.000000Z,162.31,162.37,162.25,162.36,2326.78
2025-07-14T22:35:00.000000Z,162.36,162.45,162.3,162.44,8107.41
2025-07-14T22:36:00.000000Z,162.45,162.46,162.31,162.32,2340.22
2025-07-14T22:37:00.000000Z,162.32,162.37,162.31,162.36,2913.46
2025-07-14T22:38:00.000000Z,162.36,162.37,162.32,162.36,1644.06
2025-07-14T22:39:00.000000Z,162.36,162.44,162.33,162.43,1875.28
2025-07-14T22:40:00.000000Z,162.43,162.45,162.31,162.36,3240.83
2025-07-14T22:41:00.000000Z,162.37,162.53,162.36,162.52,5659.32
2025-07-14T22:42:00.000000Z,162.52,162.62,162.5,162.58,7623.68
2025-07-14T22:43:00.000000Z,162.57,162.57,162.49,162.52,4272.62
2025-07-14T22:44:00.000000Z,162.52,162.56,162.51,162.55,1964.74
2025-07-14T22:45:00.000000Z,162.54,162.63,162.54,162.62,4587.05
2025-07-14T22:46:00.000000Z,162.63,162.69,162.61,162.62,6253.5
2025-07-14T22:47:00.000000Z,162.61,162.62,162.54,162.58,6567.22
2025-07-14T22:48:00.000000Z,162.58,162.65,162.53,162.54,6149.97
2025-07-14T22:49:00.000000Z,162.54,162.54,162.5,162.52,5049.56
2025-07-14T22:50:00.000000Z,162.52,162.52,162.35,162.36,6640.57
2025-07-14T22:51:00.000000Z,162.36,162.47,162.36,162.46,3304.29
2025-07-14T22:52:00.000000Z,162.47,162.49,162.36,162.37,3864.16
2025-07-14T22:53:00.000000Z,162.38,162.46,162.35,162.43,2018.08
2025-07-14T22:54:00.000000Z,162.42,162.47,162.42,162.43,1555.39
2025-07-14T22:55:00.000000Z,162.43,162.44,162.39,162.4,2883.43
2025-07-14T22:56:00.000000Z,162.4,162.44,162.37,162.41,1828.59
2025-07-14T22:57:00.000000Z,162.41,162.44,162.33,162.34,2611.44
2025-07-14T22:58:00.000000Z,162.33,162.34,162.19,162.3,5900.34
2025-07-14T22:59:00.000000Z,162.31,162.31,162.21,162.21,2562.32
2025-07-14T23:00:00.000000Z,162.21,162.24,162.16,162.21,11277.39
2025-07-14T23:01:00.000000Z,162.21,162.23,162.11,162.12,5468.38
2025-07-14T23:02:00.000000Z,162.11,162.16,162.07,162.15,6374.49
2025-07-14T23:03:00.000000Z,162.15,162.16,162.03,162.1,5787.95
2025-07-14T23:04:00.000000Z,162.1,162.11,162.02,162.03,4493.26
2025-07-14T23:05:00.000000Z,162.02,162.04,161.96,161.96,7532.85
2025-07-14T23:06:00.000000Z,161.97,161.98,161.9,161.92,8197.79
2025-07-14T23:07:00.000000Z,161.92,162.05,161.92,162.05,50119.53
2025-07-14T23:08:00.000000Z,162.04,162.05,161.91,161.91,5028.98
2025-07-14T23:09:00.000000Z,161.91,161.96,161.89,161.95,6106.78
2025-07-14T23:10:00.000000Z,161.95,161.98,161.93,161.97,3493.58
2025-07-14T23:11:00.000000Z,161.97,162.0,161.95,161.97,2949.12
2025-07-14T23:12:00.000000Z,161.97,162.01,161.95,162.0,2834.54
2025-07-14T23:13:00.000000Z,162.0,162.01,161.99,162.0,1459.42
2025-07-14T23:14:00.000000Z,162.01,162.07,162.0,162.03,5297.45
2025-07-14T23:15:00.000000Z,162.03,162.03,161.88,161.91,10561.65
2025-07-14T23:16:00.000000Z,161.92,161.93,161.87,161.87,8382.87
2025-07-14T23:17:00.000000Z,161.88,161.88,161.67,161.67,18254.82
2025-07-14T23:18:00.000000Z,161.67,161.7,161.61,161.61,8973.15
2025-07-14T23:19:00.000000Z,161.61,161.78,161.57,161.78,9541.25
2025-07-14T23:20:00.000000Z,161.78,161.88,161.77,161.87,4943.75
2025-07-14T23:21:00.000000Z,161.87,161.88,161.67,161.8,9006.94
2025-07-14T23:22:00.000000Z,161.8,161.88,161.8,161.82,5037.3
2025-07-14T23:23:00.000000Z,161.82,161.85,161.76,161.84,4767.22
2025-07-14T23:24:00.000000Z,161.85,161.85,161.77,161.78,4926.05
2025-07-14T23:25:00.000000Z,161.79,161.96,161.72,161.96,11752.26
2025-07-14T23:26:00.000000Z,161.95,161.99,161.93,161.93,4332.65
2025-07-14T23:27:00.000000Z,161.94,161.96,161.89,161.94,2275.61
2025-07-14T23:28:00.000000Z,161.93,161.96,161.92,161.96,1281.67
2025-07-14T23:29:00.000000Z,161.96,161.98,161.87,161.89,2689.31
2025-07-14T23:30:00.000000Z,161.89,161.96,161.84,161.95,4080.58
2025-07-14T23:31:00.000000Z,161.95,161.96,161.78,161.8,5219.44
2025-07-14T23:32:00.000000Z,161.8,161.9,161.75,161.89,3250.86
2025-07-14T23:33:00.000000Z,161.89,162.08,161.87,162.05,6121.07
2025-07-14T23:34:00.000000Z,162.06,162.06,161.98,162.0,4497.2
2025-07-14T23:35:00.000000Z,162.01,162.07,162.01,162.07,5120.34
2025-07-14T23:36:00.000000Z,162.06,162.07,161.92,162.03,5898.25
2025-07-14T23:37:00.000000Z,162.03,162.1,161.98,161.98,3672.13
2025-07-14T23:38:00.000000Z,161.98,162.04,161.96,162.04,4547.34
2025-07-14T23:39:00.000000Z,162.03,162.08,162.0,162.01,4613.21
2025-07-14T23:40:00.000000Z,162.01,162.13,162.01,162.05,11198.91
2025-07-14T23:41:00.000000Z,162.06,162.06,161.97,162.04,2831.13
2025-07-14T23:42:00.000000Z,162.04,162.07,161.98,162.03,4588.69
2025-07-14T23:43:00.000000Z,162.04,162.13,162.03,162.06,4290.68
2025-07-14T23:44:00.000000Z,162.06,162.15,162.05,162.13,3308.44
2025-07-14T23:45:00.000000Z,162.13,162.16,162.07,162.16,2899.62
2025-07-14T23:46:00.000000Z,162.16,162.26,162.14,162.26,4467.51
2025-07-14T23:47:00.000000Z,162.26,162.29,162.24,162.28,2887.19
2025-07-14T23:48:00.000000Z,162.28,162.32,162.23,162.23,4519.46
2025-07-14T23:49:00.000000Z,162.23,162.35,162.23,162.34,3268.06
2025-07-14T23:50:00.000000Z,162.34,162.34,162.12,162.13,16002.97
2025-07-14T23:51:00.000000Z,162.14,162.16,162.02,162.03,7362.4
2025-07-14T23:52:00.000000Z,162.03,162.06,162.01,162.04,2499.05
2025-07-14T23:53:00.000000Z,162.03,162.19,162.02,162.19,2781.91
2025-07-14T23:54:00.000000Z,162.2,162.26,162.16,162.16,3464.19
2025-07-14T23:55:00.000000Z,162.16,162.22,162.14,162.17,5576.17
2025-07-14T23:56:00.000000Z,162.18,162.19,162.12,162.16,2179.44
2025-07-14T23:57:00.000000Z,162.17,162.21,162.11,162.19,2693.67
2025-07-14T23:58:00.000000Z,162.18,162.22,162.16,162.22,2093.66
2025-07-14T23:59:00.000000Z,162.21,162.24,162.11,162.13,6006.25
2025-07-15T00:00:00.000000Z,162.12,162.13,161.95,161.99,20455.49
2025-07-15T00:01:00.000000Z,161.99,162.08,161.99,162.07,4135.47
2025-07-15T00:02:00.000000Z,162.08,162.17,162.03,162.1,8956.11
2025-07-15T00:03:00.000000Z,162.1,162.17,162.08,162.12,7990.84
2025-07-15T00:04:00.000000Z,162.13,162.13,161.97,161.99,2832.21
2025-07-15T00:05:00.000000Z,161.98,162.0,161.82,161.83,12366.01
2025-07-15T00:06:00.000000Z,161.83,161.96,161.83,161.95,5588.93
2025-07-15T00:07:00.000000Z,161.94,161.98,161.83,161.88,4521.74
2025-07-15T00:08:00.000000Z,161.88,161.92,161.8,161.83,4106.34
2025-07-15T00:09:00.000000Z,161.83,161.93,161.8,161.85,4773.73
2025-07-15T00:10:00.000000Z,161.85,161.88,161.8,161.87,3584.65
2025-07-15T00:11:00.000000Z,161.88,162.01,161.88,161.98,4897.32
2025-07-15T00:12:00.000000Z,161.97,161.98,161.89,161.89,5259.84
2025-07-15T00:13:00.000000Z,161.89,161.9,161.85,161.89,2940.07
2025-07-15T00:14:00.000000Z,161.89,161.96,161.84,161.84,3505.21
2025-07-15T00:15:00.000000Z,161.84,162.11,161.77,162.11,9429.42
2025-07-15T00:16:00.000000Z,162.12,162.17,162.06,162.06,6492.63
2025-07-15T00:17:00.000000Z,162.06,162.19,162.01,162.18,7059.37
2025-07-15T00:18:00.000000Z,162.18,162.25,162.17,162.24,2212.28
2025-07-15T00:19:00.000000Z,162.24,162.26,162.15,162.25,4989.37
2025-07-15T00:20:00.000000Z,162.25,162.3,162.24,162.29,2733.39
2025-07-15T00:21:00.000000Z,162.3,162.3,162.2,162.2,3286.59
2025-07-15T00:22:00.000000Z,162.2,162.39,162.2,162.37,4985.93
2025-07-15T00:23:00.000000Z,162.37,162.69,162.37,162.58,25537.13
2025-07-15T00:24:00.000000Z,162.58,162.61,162.52,162.6,6152.42
2025-07-15T00:25:00.000000Z,162.61,162.73,162.58,162.61,14709.6
2025-07-15T00:26:00.000000Z,162.61,162.78,162.61,162.77,11054.84
2025-07-15T00:27:00.000000Z,162.77,162.82,162.76,162.82,11052.65
2025-07-15T00:28:00.000000Z,162.82,162.82,162.67,162.73,12121.78
2025-07-15T00:29:00.000000Z,162.72,162.73,162.63,162.65,4563.11
2025-07-15T00:30:00.000000Z,162.65,162.66,162.45,162.45,8930.45
2025-07-15T00:31:00.000000Z,162.46,162.5,162.39,162.43,8621.4
2025-07-15T00:32:00.000000Z,162.43,162.44,162.36,162.42,6601.87
2025-07-15T00:33:00.000000Z,162.43,162.5,162.35,162.42,7591.3
2025-07-15T00:34:00.000000Z,162.42,162.42,162.24,162.25,4670.57
2025-07-15T00:35:00.000000Z,162.25,162.3,162.08,162.08,8832.86
2025-07-15T00:36:00.000000Z,162.09,162.14,162.0,162.08,10611.66
2025-07-15T00:37:00.000000Z,162.07,162.09,161.9,162.0,10062.55
2025-07-15T00:38:00.000000Z,162.0,162.07,161.98,162.06,4596.75
2025-07-15T00:39:00.000000Z,162.07,162.09,161.93,161.96,7328.68
2025-07-15T00:40:00.000000Z,161.96,161.97,161.69,161.71,20872.98
2025-07-15T00:41:00.000000Z,161.7,161.78,161.4,161.46,52512.55
2025-07-15T00:42:00.000000Z,161.46,161.55,161.05,161.49,61811.36
2025-07-15T00:43:00.000000Z,161.5,161.73,161.5,161.68,15989.4
2025-07-15T00:44:00.000000Z,161.67,161.71,161.55,161.55,9102.77
2025-07-15T00:45:00.000000Z,161.54,161.69,161.46,161.59,14502.21
2025-07-15T00:46:00.000000Z,161.58,161.62,161.37,161.37,14423.49
2025-07-15T00:47:00.000000Z,161.37,161.42,161.14,161.16,24386.41
2025-07-15T00:48:00.000000Z,161.15,161.2,161.04,161.16,30501.99
2025-07-15T00:49:00.000000Z,161.15,161.36,161.08,161.31,15856.72
2025-07-15T00:50:00.000000Z,161.31,161.5,161.3,161.32,13042.95
2025-07-15T00:51:00.000000Z,161.32,161.56,161.3,161.56,10509.36
2025-07-15T00:52:00.000000Z,161.55,161.56,161.42,161.44,12686.31
2025-07-15T00:53:00.000000Z,161.45,161.53,161.37,161.38,6899.85
2025-07-15T00:54:00.000000Z,161.38,161.49,161.35,161.42,20898.43
2025-07-15T00:55:00.000000Z,161.42,161.54,161.38,161.44,7936.97
2025-07-15T00:56:00.000000Z,161.44,161.46,161.25,161.3,6975.07
2025-07-15T00:57:00.000000Z,161.29,161.29,161.14,161.28,10495.18
2025-07-15T00:58:00.000000Z,161.28,161.34,161.21,161.23,9115.84
2025-07-15T00:59:00.000000Z,161.23,161.33,161.2,161.32,5897.84
2025-07-15T01:00:00.000000Z,161.31,161.34,161.13,161.21,27455.09
2025-07-15T01:01:00.000000Z,161.22,161.29,161.17,161.2,8126.62
2025-07-15T01:02:00.000000Z,161.19,161.22,160.86,160.9,66099.26
2025-07-15T01:03:00.000000Z,160.9,160.99,160.84,160.85,24359.87
2025-07-15T01:04:00.000000Z,160.85,160.97,160.81,160.93,16460.81
2025-07-15T01:05:00.000000Z,160.94,161.02,160.78,161.01,39393.4
2025-07-15T01:06:00.000000Z,161.01,161.01,160.87,160.88,9087.08
2025-07-15T01:07:00.000000Z,160.88,160.91,160.8,160.82,6970.97
2025-07-15T01:08:00.000000Z,160.81,160.82,160.5,160.67,51084.9
2025-07-15T01:09:00.000000Z,160.67,160.73,160.53,160.59,18546.91
2025-07-15T01:10:00.000000Z,160.59,160.71,160.56,160.63,11744.31
2025-07-15T01:11:00.000000Z,160.64,160.67,160.51,160.56,14220.47
2025-07-15T01:12:00.000000Z,160.56,160.72,160.52,160.52,13024.02
2025-07-15T01:13:00.000000Z,160.52,160.68,160.41,160.64,33361.96
2025-07-15T01:14:00.000000Z,160.65,160.72,160.53,160.68,25088.51
2025-07-15T01:15:00.000000Z,160.68,161.37,160.68,161.27,44076.4
2025-07-15T01:16:00.000000Z,161.27,161.36,161.13,161.14,22612.06
2025-07-15T01:17:00.000000Z,161.13,161.21,160.87,160.98,10568.77
2025-07-15T01:18:00.000000Z,160.98,161.1,160.83,160.94,11502.96
2025-07-15T01:19:00.000000Z,160.94,161.02,160.86,160.89,14312.44
2025-07-15T01:20:00.000000Z,160.9,160.98,160.55,160.89,36879.42
2025-07-15T01:21:00.000000Z,160.9,160.9,160.59,160.61,14835.12
2025-07-15T01:22:00.000000Z,160.6,160.64,160.4,160.41,22704.49
2025-07-15T01:23:00.000000Z,160.41,160.54,160.41,160.53,15800.73
2025-07-15T01:24:00.000000Z,160.53,160.61,160.24,160.29,39406.72
2025-07-15T01:25:00.000000Z,160.28,160.68,160.22,160.62,23628.35
2025-07-15T01:26:00.000000Z,160.62,160.69,160.54,160.69,17632.94
2025-07-15T01:27:00.000000Z,160.68,160.9,160.68,160.9,11578.54
2025-07-15T01:28:00.000000Z,160.9,160.95,160.8,160.89,14685.28
2025-07-15T01:29:00.000000Z,160.9,160.99,160.87,160.95,7151.03
2025-07-15T01:30:00.000000Z,160.94,160.95,160.81,160.88,11696.38
2025-07-15T01:31:00.000000Z,160.89,161.07,160.88,161.04,15628.42
2025-07-15T01:32:00.000000Z,161.04,161.31,161.04,161.24,11534.2
2025-07-15T01:33:00.000000Z,161.24,161.3,161.2,161.28,8534.8
2025-07-15T01:34:00.000000Z,161.29,161.42,161.26,161.37,10320.26
2025-07-15T01:35:00.000000Z,161.36,161.43,161.23,161.26,17577.5
2025-07-15T01:36:00.000000Z,161.27,161.36,161.22,161.36,7400.67
2025-07-15T01:37:00.000000Z,161.35,161.46,161.29,161.36,8968.46
2025-07-15T01:38:00.000000Z,161.36,161.44,161.36,161.44,5093.66
2025-07-15T01:39:00.000000Z,161.44,161.61,161.43,161.6,14455.54
2025-07-15T01:40:00.000000Z,161.6,161.66,161.48,161.48,7755.95
2025-07-15T01:41:00.000000Z,161.48,161.7,161.48,161.62,12615.62
2025-07-15T01:42:00.000000Z,161.61,161.73,161.6,161.63,15713.24
2025-07-15T01:43:00.000000Z,161.64,161.88,161.64,161.86,23261.36
2025-07-15T01:44:00.000000Z,161.87,161.9,161.78,161.84,16561.52
2025-07-15T01:45:00.000000Z,161.83,161.94,161.8,161.86,16779.14
2025-07-15T01:46:00.000000Z,161.85,162.05,161.85,161.94,17646.09
2025-07-15T01:47:00.000000Z,161.95,162.02,161.78,161.85,10966.48
2025-07-15T01:48:00.000000Z,161.85,161.96,161.79,161.86,12535.33
2025-07-15T01:49:00.000000Z,161.86,161.89,161.61,161.68,10820.57
2025-07-15T01:50:00.000000Z,161.68,161.87,161.65,161.79,13808.76
2025-07-15T01:51:00.000000Z,161.79,161.93,161.79,161.91,8769.79
2025-07-15T01:52:00.000000Z,161.92,162.38,161.9,162.23,82168.76
2025-07-15T01:53:00.000000Z,162.22,162.31,162.19,162.27,20465.59
2025-07-15T01:54:00.000000Z,162.28,162.3,161.94,161.95,26177.97
2025-07-15T01:55:00.000000Z,161.95,161.95,161.73,161.73,12982.98
2025-07-15T01:56:00.000000Z,161.73,161.77,161.54,161.75,16575.95
2025-07-15T01:57:00.000000Z,161.75,161.76,161.51,161.51,9169.37
2025-07-15T01:58:00.000000Z,161.51,161.55,161.07,161.08,33238.53
2025-07-15T01:59:00.000000Z,161.07,161.15,160.63,161.03,44328.65
2025-07-15T02:00:00.000000Z,161.02,161.27,160.75,161.25,33630.85
2025-07-15T02:01:00.000000Z,161.25,161.25,160.98,161.04,18806.0
2025-07-15T02:02:00.000000Z,161.04,161.15,160.84,161.15,16042.98
2025-07-15T02:03:00.000000Z,161.16,161.46,161.05,161.35,16735.79
2025-07-15T02:04:00.000000Z,161.36,161.49,161.27,161.35,12830.33
2025-07-15T02:05:00.000000Z,161.35,161.4,160.93,161.2,14682.65
2025-07-15T02:06:00.000000Z,161.19,161.3,161.18,161.3,13242.1
2025-07-15T02:07:00.000000Z,161.3,161.37,161.01,161.04,10074.89
2025-07-15T02:08:00.000000Z,161.04,161.21,160.96,161.04,8844.11
2025-07-15T02:09:00.000000Z,161.05,161.15,160.92,160.97,6599.91
2025-07-15T02:10:00.000000Z,160.98,161.26,160.9,161.12,11732.74
2025-07-15T02:11:00.000000Z,161.12,161.18,160.87,160.87,11637.76
2025-07-15T02:12:00.000000Z,160.87,161.12,160.83,160.98,9308.68
2025-07-15T02:13:00.000000Z,160.97,161.04,160.78,160.89,12925.58
2025-07-15T02:14:00.000000Z,160.89,161.02,160.86,160.99,8068.83
2025-07-15T02:15:00.000000Z,160.99,161.1,160.78,160.78,12959.56
2025-07-15T02:16:00.000000Z,160.78,160.81,160.5,160.59,22876.09
2025-07-15T02:17:00.000000Z,160.59,160.59,159.81,159.96,157242.58
2025-07-15T02:18:00.000000Z,159.95,160.37,159.75,160.18,53725.12
2025-07-15T02:19:00.000000Z,160.18,160.34,160.0,160.2,25891.45
2025-07-15T02:20:00.000000Z,160.19,160.24,160.02,160.08,19447.88
2025-07-15T02:21:00.000000Z,160.08,160.16,159.89,160.03,22615.57
2025-07-15T02:22:00.000000Z,160.04,160.38,159.99,160.14,18365.84
2025-07-15T02:23:00.000000Z,160.15,160.25,159.82,159.93,20677.37
2025-07-15T02:24:00.000000Z,159.94,160.24,159.9,160.2,16126.0
2025-07-15T02:25:00.000000Z,160.2,160.2,159.33,159.41,83489.4
2025-07-15T02:26:00.000000Z,159.4,159.69,159.38,159.54,30790.91
2025-07-15T02:27:00.000000Z,159.54,159.74,159.5,159.74,12625.45
2025-07-15T02:28:00.000000Z,159.73,159.75,159.44,159.48,13638.14
2025-07-15T02:29:00.000000Z,159.47,159.47,159.14,159.3,47060.1
2025-07-15T02:30:00.000000Z,159.31,159.47,159.12,159.25,42503.74
2025-07-15T02:31:00.000000Z,159.25,159.41,159.01,159.26,44424.12
2025-07-15T02:32:00.000000Z,159.25,159.55,159.12,159.53,30588.55
2025-07-15T02:33:00.000000Z,159.53,159.59,159.28,159.46,25042.03
2025-07-15T02:34:00.000000Z,159.47,159.66,159.36,159.38,15384.38
2025-07-15T02:35:00.000000Z,159.39,159.52,159.16,159.34,31023.08
2025-07-15T02:36:00.000000Z,159.34,159.61,159.34,159.56,24141.27
2025-07-15T02:37:00.000000Z,159.56,159.76,159.45,159.73,12892.63
2025-07-15T02:38:00.000000Z,159.74,159.9,159.73,159.89,20483.82
2025-07-15T02:39:00.000000Z,159.9,159.97,159.59,159.61,25527.28
2025-07-15T02:40:00.000000Z,159.6,159.72,159.45,159.71,13067.65
2025-07-15T02:41:00.000000Z,159.71,160.01,159.68,159.96,15944.49
2025-07-15T02:42:00.000000Z,159.97,160.14,159.95,160.1,16357.99
2025-07-15T02:43:00.000000Z,160.11,160.31,160.02,160.29,48646.98
2025-07-15T02:44:00.000000Z,160.3,160.41,160.27,160.41,17070.32
2025-07-15T02:45:00.000000Z,160.4,160.52,160.31,160.5,33410.48
2025-07-15T02:46:00.000000Z,160.5,160.58,160.38,160.48,25513.5
2025-07-15T02:47:00.000000Z,160.48,160.63,160.35,160.53,10008.22
2025-07-15T02:48:00.000000Z,160.52,160.7,160.51,160.51,9531.45
2025-07-15T02:49:00.000000Z,160.52,160.6,160.34,160.45,8897.16
2025-07-15T02:50:00.000000Z,160.45,160.49,160.29,160.46,11527.24
2025-07-15T02:51:00.000000Z,160.46,160.64,160.46,160.64,8493.62
2025-07-15T02:52:00.000000Z,160.63,160.64,160.43,160.55,7496.73
2025-07-15T02:53:00.000000Z,160.54,160.59,160.42,160.42,6327.02
2025-07-15T02:54:00.000000Z,160.43,160.63,160.41,160.58,9255.06
2025-07-15T02:55:00.000000Z,160.58,160.62,160.46,160.54,4569.57
2025-07-15T02:56:00.000000Z,160.55,160.55,160.39,160.4,4720.09
2025-07-15T02:57:00.000000Z,160.39,160.57,160.38,160.5,8978.18
2025-07-15T02:58:00.000000Z,160.5,160.55,160.43,160.43,7847.22
2025-07-15T02:59:00.000000Z,160.44,160.53,160.37,160.47,10768.4
2025-07-15T03:00:00.000000Z,160.46,160.54,160.33,160.33,12488.45
2025-07-15T03:01:00.000000Z,160.33,160.62,160.26,160.56,15166.65
2025-07-15T03:02:00.000000Z,160.56,160.56,160.27,160.31,21172.55
2025-07-15T03:03:00.000000Z,160.3,160.39,159.84,159.85,31240.07
2025-07-15T03:04:00.000000Z,159.84,159.92,159.47,159.56,35546.53
2025-07-15T03:05:00.000000Z,159.56,159.98,159.52,159.9,15126.76
2025-07-15T03:06:00.000000Z,159.9,159.92,159.51,159.53,21402.72
2025-07-15T03:07:00.000000Z,159.53,159.75,159.41,159.74,19460.18
2025-07-15T03:08:00.000000Z,159.75,159.76,159.57,159.71,7529.35
2025-07-15T03:09:00.000000Z,159.71,159.77,159.23,159.32,24659.52
2025-07-15T03:10:00.000000Z,159.33,159.4,158.51,158.94,141800.89
2025-07-15T03:11:00.000000Z,158.95,159.08,158.67,158.91,56338.24
2025-07-15T03:12:00.000000Z,158.92,159.17,158.92,159.06,21556.84
2025-07-15T03:13:00.000000Z,159.07,159.12,158.62,158.68,19849.64
2025-07-15T03:14:00.000000Z,158.68,159.14,158.68,159.01,30696.91
2025-07-15T03:15:00.000000Z,159.01,159.01,158.27,158.28,95852.41
2025-07-15T03:16:00.000000Z,158.29,158.77,158.22,158.49,78141.32
2025-07-15T03:17:00.000000Z,158.49,158.57,158.21,158.39,21158.74
2025-07-15T03:18:00.000000Z,158.39,158.85,158.35,158.65,29999.14
2025-07-15T03:19:00.000000Z,158.65,158.89,158.37,158.37,29217.91
2025-07-15T03:20:00.000000Z,158.37,158.53,158.04,158.23,58551.17
2025-07-15T03:21:00.000000Z,158.24,158.59,158.2,158.36,25101.89
2025-07-15T03:22:00.000000Z,158.37,158.76,158.37,158.73,12945.28
2025-07-15T03:23:00.000000Z,158.74,159.0,158.67,158.93,32757.5
2025-07-15T03:24:00.000000Z,158.93,159.1,158.9,159.09,13914.12
2025-07-15T03:25:00.000000Z,159.1,159.29,159.09,159.15,26540.11
2025-07-15T03:26:00.000000Z,159.16,159.19,159.0,159.07,28250.64
2025-07-15T03:27:00.000000Z,159.08,159.24,159.03,159.16,9466.7
2025-07-15T03:28:00.000000Z,159.16,159.27,159.15,159.19,21647.8
2025-07-15T03:29:00.000000Z,159.2,159.26,159.16,159.17,6702.48
2025-07-15T03:30:00.000000Z,159.17,159.18,158.8,158.96,32844.86
2025-07-15T03:31:00.000000Z,158.97,159.05,158.87,158.95,16632.53
2025-07-15T03:32:00.000000Z,158.96,159.01,158.88,158.9,15469.46
2025-07-15T03:33:00.000000Z,158.9,159.07,158.78,158.9,14074.13
2025-07-15T03:34:00.000000Z,158.91,159.02,158.81,159.01,12121.17
2025-07-15T03:35:00.000000Z,159.0,159.05,158.9,158.92,9502.47
2025-07-15T03:36:00.000000Z,158.92,159.0,158.76,158.78,10014.46
2025-07-15T03:37:00.000000Z,158.78,158.88,158.76,158.8,17113.39
2025-07-15T03:38:00.000000Z,158.81,159.13,158.54,159.13,33547.81
2025-07-15T03:39:00.000000Z,159.12,159.39,159.01,159.21,28554.5
2025-07-15T03:40:00.000000Z,159.2,159.22,159.01,159.22,25425.14
2025-07-15T03:41:00.000000Z,159.23,159.32,159.02,159.16,17932.5
2025-07-15T03:42:00.000000Z,159.17,159.42,159.14,159.42,21769.97
2025-07-15T03:43:00.000000Z,159.41,159.57,159.35,159.35,23323.77
2025-07-15T03:44:00.000000Z,159.36,159.48,159.28,159.32,19321.47
2025-07-15T03:45:00.000000Z,159.33,159.52,159.26,159.47,9744.22
2025-07-15T03:46:00.000000Z,159.48,159.55,159.32,159.34,12589.74
2025-07-15T03:47:00.000000Z,159.34,159.45,159.34,159.45,13356.0
2025-07-15T03:48:00.000000Z,159.44,159.48,159.33,159.39,7401.45
2025-07-15T03:49:00.000000Z,159.38,159.5,159.36,159.37,10114.19
2025-07-15T03:50:00.000000Z,159.38,159.46,159.15,159.16,7567.18
2025-07-15T03:51:00.000000Z,159.15,159.45,159.15,159.45,8398.4
2025-07-15T03:52:00.000000Z,159.45,159.48,159.26,159.27,9775.03
2025-07-15T03:53:00.000000Z,159.26,159.26,158.89,158.89,23605.75
2025-07-15T03:54:00.000000Z,158.89,158.89,158.67,158.68,19070.1
2025-07-15T03:55:00.000000Z,158.68,159.03,158.62,158.94,27895.75
2025-07-15T03:56:00.000000Z,158.95,159.02,158.78,159.01,13604.88
2025-07-15T03:57:00.000000Z,159.01,159.14,158.96,159.09,5738.89
2025-07-15T03:58:00.000000Z,159.09,159.12,159.03,159.11,9092.76
2025-07-15T03:59:00.000000Z,159.11,159.11,159.02,159.06,6050.19
2025-07-15T04:00:00.000000Z,159.06,159.06,158.78,158.87,27836.07
2025-07-15T04:01:00.000000Z,158.87,158.89,158.77,158.87,9029.93
2025-07-15T04:02:00.000000Z,158.87,159.13,158.86,158.95,12025.72
2025-07-15T04:03:00.000000Z,158.95,159.01,158.85,158.96,6175.47
2025-07-15T04:04:00.000000Z,158.96,158.98,158.81,158.81,5302.78
2025-07-15T04:05:00.000000Z,158.82,158.88,158.68,158.68,9387.64
2025-07-15T04:06:00.000000Z,158.68,158.8,158.47,158.47,17743.34
2025-07-15T04:07:00.000000Z,158.48,158.56,158.4,158.56,19812.2
2025-07-15T04:08:00.000000Z,158.56,158.57,158.41,158.43,5516.62
2025-07-15T04:09:00.000000Z,158.43,158.51,158.19,158.47,56385.06
2025-07-15T04:10:00.000000Z,158.47,158.47,158.22,158.4,33695.83
2025-07-15T04:11:00.000000Z,158.41,158.9,158.41,158.83,32420.91
2025-07-15T04:12:00.000000Z,158.83,159.15,158.81,159.07,18965.77
2025-07-15T04:13:00.000000Z,159.06,159.08,158.88,158.9,14759.86
2025-07-15T04:14:00.000000Z,158.89,159.23,158.89,159.19,12660.99
2025-07-15T04:15:00.000000Z,159.19,159.44,159.19,159.43,13986.59
2025-07-15T04:16:00.000000Z,159.42,159.55,159.39,159.54,29727.11
2025-07-15T04:17:00.000000Z,159.55,159.59,159.42,159.56,15666.36
2025-07-15T04:18:00.000000Z,159.57,159.63,159.45,159.45,15698.55
2025-07-15T04:19:00.000000Z,159.45,159.6,159.44,159.53,16486.24
2025-07-15T04:20:00.000000Z,159.53,159.69,159.52,159.67,14891.86
2025-07-15T04:21:00.000000Z,159.66,159.72,159.58,159.68,9506.58
2025-07-15T04:22:00.000000Z,159.68,159.93,159.68,159.87,33832.16
2025-07-15T04:23:00.000000Z,159.87,159.92,159.82,159.82,16959.17
2025-07-15T04:24:00.000000Z,159.83,159.97,159.8,159.96,23052.49
2025-07-15T04:25:00.000000Z,159.96,159.98,159.89,159.94,13481.3
2025-07-15T04:26:00.000000Z,159.93,159.93,159.84,159.85,7507.65
2025-07-15T04:27:00.000000Z,159.84,159.92,159.81,159.81,9794.83
2025-07-15T04:28:00.000000Z,159.82,159.88,159.8,159.82,6885.01
2025-07-15T04:29:00.000000Z,159.81,159.86,159.74,159.8,12363.82
2025-07-15T04:30:00.000000Z,159.81,159.84,159.63,159.64,17056.78
2025-07-15T04:31:00.000000Z,159.63,159.74,159.6,159.66,11518.25
2025-07-15T04:32:00.000000Z,159.66,159.73,159.54,159.55,8434.18
2025-07-15T04:33:00.000000Z,159.56,159.6,159.4,159.41,17427.37
2025-07-15T04:34:00.000000Z,159.4,159.69,159.36,159.66,11178.41
2025-07-15T04:35:00.000000Z,159.66,159.66,159.45,159.48,8900.98
2025-07-15T04:36:00.000000Z,159.48,159.77,159.48,159.77,18544.57
2025-07-15T04:37:00.000000Z,159.76,159.77,159.64,159.72,4115.3
2025-07-15T04:38:00.000000Z,159.73,160.02,159.73,159.97,29182.17
2025-07-15T04:39:00.000000Z,159.97,160.01,159.87,159.93,12764.63
2025-07-15T04:40:00.000000Z,159.94,160.01,159.89,160.0,15580.96
2025-07-15T04:41:00.000000Z,160.01,160.13,160.0,160.03,27710.5
2025-07-15T04:42:00.000000Z,160.03,160.09,159.94,160.05,9774.3
2025-07-15T04:43:00.000000Z,160.06,160.1,160.04,160.04,7745.76
2025-07-15T04:44:00.000000Z,160.04,160.07,159.93,160.01,17227.83
2025-07-15T04:45:00.000000Z,160.01,160.03,159.9,159.91,9691.08
2025-07-15T04:46:00.000000Z,159.91,159.93,159.82,159.86,4184.65
2025-07-15T04:47:00.000000Z,159.86,159.92,159.8,159.92,10980.06
2025-07-15T04:48:00.000000Z,159.92,160.15,159.92,159.93,12357.54
2025-07-15T04:49:00.000000Z,159.93,159.99,159.85,159.88,9305.12
2025-07-15T04:50:00.000000Z,159.88,159.92,159.75,159.75,15351.82
2025-07-15T04:51:00.000000Z,159.75,159.81,159.68,159.81,15243.0
2025-07-15T04:52:00.000000Z,159.81,159.87,159.77,159.87,8146.07
2025-07-15T04:53:00.000000Z,159.88,160.02,159.87,160.01,15977.42
2025-07-15T04:54:00.000000Z,160.01,160.12,160.0,160.05,14479.72
2025-07-15T04:55:00.000000Z,160.05,160.05,159.96,160.01,9362.12
2025-07-15T04:56:00.000000Z,160.0,160.13,160.0,160.04,9792.13
2025-07-15T04:57:00.000000Z,160.03,160.14,160.03,160.07,12335.44
2025-07-15T04:58:00.000000Z,160.08,160.11,160.05,160.06,12125.87
2025-07-15T04:59:00.000000Z,160.07,160.08,159.99,160.0,17393.94
2025-07-15T05:00:00.000000Z,160.01,160.08,159.97,160.07,7136.71
2025-07-15T05:01:00.000000Z,160.07,160.14,160.06,160.1,11483.95
2025-07-15T05:02:00.000000Z,160.1,160.21,160.09,160.18,18474.23
2025-07-15T05:03:00.000000Z,160.19,160.29,160.19,160.22,25916.82
2025-07-15T05:04:00.000000Z,160.23,160.29,160.16,160.26,20152.84
2025-07-15T05:05:00.000000Z,160.26,160.29,160.21,160.27,20804.41
2025-07-15T05:06:00.000000Z,160.26,160.33,160.24,160.33,7875.05
2025-07-15T05:07:00.000000Z,160.32,160.35,160.2,160.21,6309.91
2025-07-15T05:08:00.000000Z,160.2,160.41,160.18,160.36,10186.41
2025-07-15T05:09:00.000000Z,160.37,160.42,160.34,160.34,8027.57
2025-07-15T05:10:00.000000Z,160.34,160.45,160.32,160.42,14491.9
2025-07-15T05:11:00.000000Z,160.43,160.45,160.36,160.42,9292.23
2025-07-15T05:12:00.000000Z,160.43,160.43,160.32,160.41,9555.99
2025-07-15T05:13:00.000000Z,160.42,160.46,160.4,160.4,7541.27
2025-07-15T05:14:00.000000Z,160.4,160.47,160.38,160.39,5818.09
2025-07-15T05:15:00.000000Z,160.4,160.4,160.31,160.31,5328.86
2025-07-15T05:16:00.000000Z,160.31,160.32,160.13,160.14,13180.38
2025-07-15T05:17:00.000000Z,160.13,160.25,160.11,160.24,17376.36
2025-07-15T05:18:00.000000Z,160.25,160.36,160.22,160.24,4382.55
2025-07-15T05:19:00.000000Z,160.23,160.32,160.17,160.31,5754.39
2025-07-15T05:20:00.000000Z,160.32,160.33,160.18,160.27,11527.98
2025-07-15T05:21:00.000000Z,160.28,160.34,160.22,160.22,6891.46
2025-07-15T05:22:00.000000Z,160.23,160.25,160.16,160.17,8252.05
2025-07-15T05:23:00.000000Z,160.17,160.35,160.17,160.34,3336.84
2025-07-15T05:24:00.000000Z,160.34,160.34,160.25,160.29,4537.08
2025-07-15T05:25:00.000000Z,160.29,160.35,160.27,160.29,3570.33
2025-07-15T05:26:00.000000Z,160.29,160.34,160.28,160.29,2035.44
2025-07-15T05:27:00.000000Z,160.28,160.32,160.26,160.27,1714.94
2025-07-15T05:28:00.000000Z,160.26,160.34,160.22,160.32,3592.66
2025-07-15T05:29:00.000000Z,160.32,160.37,160.3,160.31,3851.08
2025-07-15T05:30:00.000000Z,160.31,160.32,160.05,160.14,15887.73
2025-07-15T05:31:00.000000Z,160.13,160.24,160.12,160.23,5035.97
2025-07-15T05:32:00.000000Z,160.24,160.28,160.03,160.04,10736.54
2025-07-15T05:33:00.000000Z,160.03,160.2,160.03,160.07,4319.77
2025-07-15T05:34:00.000000Z,160.07,160.14,160.04,160.06,9180.7
2025-07-15T05:35:00.000000Z,160.06,160.06,159.9,159.92,20307.23
2025-07-15T05:36:00.000000Z,159.92,159.92,159.78,159.78,14594.5
2025-07-15T05:37:00.000000Z,159.79,159.85,159.76,159.84,11395.57
2025-07-15T05:38:00.000000Z,159.85,159.94,159.82,159.91,7121.78
2025-07-15T05:39:00.000000Z,159.9,159.96,159.83,159.87,6567.15
2025-07-15T05:40:00.000000Z,159.88,160.04,159.87,160.02,6380.74
2025-07-15T05:41:00.000000Z,160.03,160.09,159.97,160.01,12593.84
2025-07-15T05:42:00.000000Z,160.01,160.02,159.91,159.95,6383.48
2025-07-15T05:43:00.000000Z,159.96,160.08,159.87,160.01,7660.06
2025-07-15T05:44:00.000000Z,160.01,160.04,159.95,159.95,3590.2
2025-07-15T05:45:00.000000Z,159.95,160.0,159.86,159.93,6175.67
2025-07-15T05:46:00.000000Z,159.94,160.04,159.93,160.01,6676.94
2025-07-15T05:47:00.000000Z,160.0,160.01,159.77,159.78,6320.73
2025-07-15T05:48:00.000000Z,159.77,159.85,159.73,159.85,6007.06
2025-07-15T05:49:00.000000Z,159.84,159.93,159.83,159.9,3014.72
2025-07-15T05:50:00.000000Z,159.9,159.94,159.83,159.83,4478.56
2025-07-15T05:51:00.000000Z,159.83,159.83,159.74,159.74,6615.0
2025-07-15T05:52:00.000000Z,159.75,159.84,159.72,159.81,9144.34
2025-07-15T05:53:00.000000Z,159.81,159.89,159.79,159.87,3508.1
2025-07-15T05:54:00.000000Z,159.87,160.14,159.87,160.13,9445.55
2025-07-15T05:55:00.000000Z,160.13,160.19,160.04,160.05,6558.36
2025-07-15T05:56:00.000000Z,160.04,160.16,160.04,160.13,2059.26
2025-07-15T05:57:00.000000Z,160.13,160.25,160.1,160.24,5716.47
2025-07-15T05:58:00.000000Z,160.23,160.23,160.1,160.13,3755.23
2025-07-15T05:59:00.000000Z,160.13,160.2,160.13,160.17,2233.32
2025-07-15T06:00:00.000000Z,160.16,160.16,160.01,160.05,7175.85
2025-07-15T06:01:00.000000Z,160.05,160.14,159.99,160.08,6305.86
2025-07-15T06:02:00.000000Z,160.08,160.11,159.95,160.07,15362.8
2025-07-15T06:03:00.000000Z,160.08,160.31,160.07,160.24,9428.29
2025-07-15T06:04:00.000000Z,160.24,160.35,160.2,160.26,11494.52
2025-07-15T06:05:00.000000Z,160.27,160.36,160.2,160.23,5180.71
2025-07-15T06:06:00.000000Z,160.24,160.51,160.24,160.46,20998.77
2025-07-15T06:07:00.000000Z,160.46,160.68,160.35,160.62,39671.8
2025-07-15T06:08:00.000000Z,160.61,160.79,160.58,160.67,31205.51
2025-07-15T06:09:00.000000Z,160.67,160.68,160.5,160.62,7419.04
2025-07-15T06:10:00.000000Z,160.62,160.62,160.43,160.43,8742.15
2025-07-15T06:11:00.000000Z,160.43,160.53,160.39,160.5,17236.71
2025-07-15T06:12:00.000000Z,160.49,160.55,160.42,160.51,30558.85
2025-07-15T06:13:00.000000Z,160.52,160.54,160.45,160.46,6777.06
2025-07-15T06:14:00.000000Z,160.46,160.53,160.43,160.44,8591.73
2025-07-15T06:15:00.000000Z,160.44,160.46,160.36,160.37,9584.08
2025-07-15T06:16:00.000000Z,160.37,160.56,160.33,160.47,8918.55
2025-07-15T06:17:00.000000Z,160.48,160.63,160.43,160.56,8811.03
2025-07-15T06:18:00.000000Z,160.56,160.57,160.39,160.41,17184.01
2025-07-15T06:19:00.000000Z,160.41,160.44,160.27,160.29,11100.42
2025-07-15T06:20:00.000000Z,160.29,160.38,160.21,160.21,6094.86
2025-07-15T06:21:00.000000Z,160.21,160.39,160.2,160.38,9379.14
2025-07-15T06:22:00.000000Z,160.38,160.47,160.37,160.43,4548.93
2025-07-15T06:23:00.000000Z,160.43,160.6,160.42,160.6,6360.84
2025-07-15T06:24:00.000000Z,160.59,160.64,160.42,160.47,4981.54
2025-07-15T06:25:00.000000Z,160.47,160.54,160.46,160.51,2491.52
2025-07-15T06:26:00.000000Z,160.51,160.57,160.46,160.52,3538.69
2025-07-15T06:27:00.000000Z,160.53,160.53,160.37,160.38,4555.33
2025-07-15T06:28:00.000000Z,160.37,160.41,160.36,160.37,4456.97
2025-07-15T06:29:00.000000Z,160.37,160.43,160.36,160.37,6099.41
2025-07-15T06:30:00.000000Z,160.38,160.58,160.38,160.5,11223.79
2025-07-15T06:31:00.000000Z,160.49,160.5,160.36,160.36,6723.73
2025-07-15T06:32:00.000000Z,160.37,160.43,160.32,160.32,5228.34
2025-07-15T06:33:00.000000Z,160.32,160.37,160.21,160.25,5027.37
2025-07-15T06:34:00.000000Z,160.25,160.36,160.25,160.35,3203.06
2025-07-15T06:35:00.000000Z,160.35,160.44,160.31,160.43,6746.69
2025-07-15T06:36:00.000000Z,160.44,160.44,160.3,160.31,5535.57
2025-07-15T06:37:00.000000Z,160.31,160.41,160.25,160.35,8396.64
2025-07-15T06:38:00.000000Z,160.35,160.36,160.22,160.23,6501.88
2025-07-15T06:39:00.000000Z,160.22,160.23,160.05,160.22,17577.81
2025-07-15T06:40:00.000000Z,160.21,160.4,160.21,160.35,4336.68
2025-07-15T06:41:00.000000Z,160.35,160.58,160.35,160.56,5980.28
2025-07-15T06:42:00.000000Z,160.55,160.57,160.47,160.53,7573.02
2025-07-15T06:43:00.000000Z,160.53,160.56,160.44,160.49,13726.4
2025-07-15T06:44:00.000000Z,160.49,160.51,160.35,160.37,11263.64
2025-07-15T06:45:00.000000Z,160.37,160.37,160.29,160.32,9424.19
2025-07-15T06:46:00.000000Z,160.33,160.37,160.24,160.26,4782.86
2025-07-15T06:47:00.000000Z,160.26,160.26,160.1,160.1,6537.26
2025-07-15T06:48:00.000000Z,160.1,160.14,159.98,160.12,25552.42
2025-07-15T06:49:00.000000Z,160.11,160.22,160.11,160.15,4302.25
2025-07-15T06:50:00.000000Z,160.16,160.18,160.08,160.14,5285.23
2025-07-15T06:51:00.000000Z,160.14,160.19,160.11,160.13,2708.39
2025-07-15T06:52:00.000000Z,160.13,160.19,160.13,160.19,2786.13
2025-07-15T06:53:00.000000Z,160.18,160.4,160.18,160.34,8363.72
2025-07-15T06:54:00.000000Z,160.34,160.36,160.27,160.27,2733.28
2025-07-15T06:55:00.000000Z,160.26,160.39,160.25,160.39,4227.71
2025-07-15T06:56:00.000000Z,160.39,160.45,160.33,160.45,12231.14
2025-07-15T06:57:00.000000Z,160.44,160.5,160.4,160.49,6764.23
2025-07-15T06:58:00.000000Z,160.49,160.54,160.33,160.34,19726.13
2025-07-15T06:59:00.000000Z,160.33,160.35,160.27,160.32,9170.58
2025-07-15T07:00:00.000000Z,160.32,160.35,160.28,160.29,3064.43
2025-07-15T07:01:00.000000Z,160.28,160.43,160.28,160.43,4691.49
2025-07-15T07:02:00.000000Z,160.43,160.57,160.43,160.57,17268.52
2025-07-15T07:03:00.000000Z,160.56,160.63,160.56,160.58,10226.09
2025-07-15T07:04:00.000000Z,160.58,160.6,160.49,160.51,9049.68
2025-07-15T07:05:00.000000Z,160.51,160.52,160.33,160.34,5872.27
2025-07-15T07:06:00.000000Z,160.34,160.37,160.22,160.3,11678.24
2025-07-15T07:07:00.000000Z,160.31,160.46,160.3,160.37,10064.93
2025-07-15T07:08:00.000000Z,160.37,160.43,160.33,160.35,3047.02
2025-07-15T07:09:00.000000Z,160.35,160.4,160.3,160.33,4927.37
2025-07-15T07:10:00.000000Z,160.33,160.33,160.27,160.31,5616.19
2025-07-15T07:11:00.000000Z,160.3,160.36,160.3,160.31,3269.19
2025-07-15T07:12:00.000000Z,160.31,160.39,160.17,160.18,15711.02
2025-07-15T07:13:00.000000Z,160.19,160.19,160.08,160.1,5795.65
2025-07-15T07:14:00.000000Z,160.1,160.23,160.1,160.14,7775.43
2025-07-15T07:15:00.000000Z,160.14,160.15,160.08,160.1,4433.39
2025-07-15T07:16:00.000000Z,160.1,160.1,159.98,159.99,8168.46
2025-07-15T07:17:00.000000Z,159.98,160.09,159.94,160.07,9998.93
2025-07-15T07:18:00.000000Z,160.06,160.1,160.0,160.05,3844.88
2025-07-15T07:19:00.000000Z,160.06,160.1,160.0,160.01,3300.61
2025-07-15T07:20:00.000000Z,160.01,160.21,160.0,160.2,6537.03
2025-07-15T07:21:00.000000Z,160.2,160.22,160.14,160.2,3351.62
2025-07-15T07:22:00.000000Z,160.21,160.32,160.2,160.29,3159.82
2025-07-15T07:23:00.000000Z,160.28,160.32,160.23,160.26,2439.9
2025-07-15T07:24:00.000000Z,160.25,160.38,160.22,160.37,3972.32
2025-07-15T07:25:00.000000Z,160.37,160.37,160.26,160.27,3975.6
2025-07-15T07:26:00.000000Z,160.27,160.44,160.22,160.4,2586.17
2025-07-15T07:27:00.000000Z,160.41,160.47,160.37,160.41,5506.89
2025-07-15T07:28:00.000000Z,160.41,160.47,160.39,160.47,3506.04
2025-07-15T07:29:00.000000Z,160.48,160.5,160.39,160.39,5516.7
2025-07-15T07:30:00.000000Z,160.4,160.4,160.26,160.26,6913.21
2025-07-15T07:31:00.000000Z,160.27,160.32,160.23,160.24,8034.48
2025-07-15T07:32:00.000000Z,160.24,160.25,160.14,160.14,7018.9
2025-07-15T07:33:00.000000Z,160.13,160.23,160.11,160.23,7343.2
2025-07-15T07:34:00.000000Z,160.24,160.25,160.18,160.23,3246.4
2025-07-15T07:35:00.000000Z,160.22,160.23,160.15,160.19,3817.83
2025-07-15T07:36:00.000000Z,160.19,160.26,160.11,160.12,6067.28
2025-07-15T07:37:00.000000Z,160.11,160.17,160.08,160.11,12395.47
2025-07-15T07:38:00.000000Z,160.1,160.18,160.0,160.17,8781.5
2025-07-15T07:39:00.000000Z,160.18,160.18,159.95,159.97,10390.79
2025-07-15T07:40:00.000000Z,159.96,160.0,159.85,159.99,19429.58
2025-07-15T07:41:00.000000Z,160.0,160.1,159.99,160.01,4843.97
2025-07-15T07:42:00.000000Z,160.02,160.2,160.0,160.12,7586.98
2025-07-15T07:43:00.000000Z,160.13,160.13,160.0,160.03,2999.9
2025-07-15T07:44:00.000000Z,160.04,160.07,159.99,159.99,3596.92
2025-07-15T07:45:00.000000Z,160.0,160.07,159.82,159.83,13977.47
2025-07-15T07:46:00.000000Z,159.83,159.84,159.63,159.7,38628.05
2025-07-15T07:47:00.000000Z,159.69,159.73,159.57,159.62,12946.48
2025-07-15T07:48:00.000000Z,159.63,159.67,159.56,159.6,9515.91
2025-07-15T07:49:00.000000Z,159.6,159.62,159.41,159.43,36322.7
2025-07-15T07:50:00.000000Z,159.44,159.51,159.27,159.38,53655.92
2025-07-15T07:51:00.000000Z,159.38,159.53,159.3,159.39,13694.87
2025-07-15T07:52:00.000000Z,159.39,159.52,159.32,159.49,10319.24
2025-07-15T07:53:00.000000Z,159.49,159.7,159.48,159.67,8038.15
2025-07-15T07:54:00.000000Z,159.67,159.79,159.59,159.72,8176.76
2025-07-15T07:55:00.000000Z,159.72,159.73,159.61,159.61,6332.28
2025-07-15T07:56:00.000000Z,159.62,159.81,159.61,159.81,15418.97
2025-07-15T07:57:00.000000Z,159.81,159.85,159.71,159.74,5703.15
2025-07-15T07:58:00.000000Z,159.74,159.79,159.59,159.63,23632.0
2025-07-15T07:59:00.000000Z,159.64,159.65,159.43,159.46,25522.0
2025-07-15T08:00:00.000000Z,159.46,159.53,159.4,159.45,12407.69
2025-07-15T08:01:00.000000Z,159.45,159.5,159.36,159.37,8903.89
2025-07-15T08:02:00.000000Z,159.36,159.41,159.23,159.26,8350.64
2025-07-15T08:03:00.000000Z,159.27,159.28,159.16,159.21,23131.05
2025-07-15T08:04:00.000000Z,159.22,159.28,159.14,159.14,12006.39
2025-07-15T08:05:00.000000Z,159.13,159.34,159.13,159.28,22584.51
2025-07-15T08:06:00.000000Z,159.28,159.31,159.14,159.31,11209.0
2025-07-15T08:07:00.000000Z,159.31,159.32,159.2,159.31,6073.3
2025-07-15T08:08:00.000000Z,159.32,159.4,159.25,159.31,14880.32
2025-07-15T08:09:00.000000Z,159.3,159.4,159.3,159.32,6919.59
2025-07-15T08:10:00.000000Z,159.32,159.36,159.27,159.31,5013.54
2025-07-15T08:11:00.000000Z,159.31,159.36,159.3,159.31,4364.97
2025-07-15T08:12:00.000000Z,159.31,159.34,159.15,159.18,10447.68
2025-07-15T08:13:00.000000Z,159.18,159.26,159.16,159.2,3412.09
2025-07-15T08:14:00.000000Z,159.21,159.21,159.13,159.14,4542.56
2025-07-15T08:15:00.000000Z,159.13,159.16,158.93,159.09,72454.05
2025-07-15T08:16:00.000000Z,159.09,159.09,158.8,158.84,25042.02
2025-07-15T08:17:00.000000Z,158.84,158.88,158.59,158.6,30029.5
2025-07-15T08:18:00.000000Z,158.59,158.67,158.5,158.56,29233.14
2025-07-15T08:19:00.000000Z,158.57,158.59,158.44,158.47,22695.48
2025-07-15T08:20:00.000000Z,158.47,158.57,158.43,158.46,19560.38
2025-07-15T08:21:00.000000Z,158.47,158.74,158.31,158.69,35788.39
2025-07-15T08:22:00.000000Z,158.69,158.88,158.62,158.87,13309.69
2025-07-15T08:23:00.000000Z,158.86,159.07,158.84,159.04,18913.12
2025-07-15T08:24:00.000000Z,159.03,159.07,159.0,159.05,7467.97
2025-07-15T08:25:00.000000Z,159.04,159.07,158.8,158.8,11277.7
2025-07-15T08:26:00.000000Z,158.8,159.12,158.8,159.05,26344.96
2025-07-15T08:27:00.000000Z,159.06,159.18,159.05,159.11,11696.52
2025-07-15T08:28:00.000000Z,159.11,159.17,159.08,159.11,7054.83
2025-07-15T08:29:00.000000Z,159.11,159.17,159.08,159.1,6964.53
2025-07-15T08:30:00.000000Z,159.1,159.17,159.04,159.09,10624.66
2025-07-15T08:31:00.000000Z,159.09,159.15,159.03,159.07,5098.12
2025-07-15T08:32:00.000000Z,159.07,159.15,159.01,159.04,10256.31
2025-07-15T08:33:00.000000Z,159.04,159.11,158.89,158.89,20087.24
2025-07-15T08:34:00.000000Z,158.89,159.13,158.88,159.12,3831.67
2025-07-15T08:35:00.000000Z,159.12,159.39,159.06,159.39,14845.44
2025-07-15T08:36:00.000000Z,159.38,159.39,159.24,159.25,7363.9
2025-07-15T08:37:00.000000Z,159.26,159.39,159.21,159.39,6811.78
2025-07-15T08:38:00.000000Z,159.39,159.46,159.34,159.46,9253.26
2025-07-15T08:39:00.000000Z,159.46,159.53,159.42,159.46,15660.66
2025-07-15T08:40:00.000000Z,159.47,159.47,159.32,159.38,6418.31
2025-07-15T08:41:00.000000Z,159.38,159.52,159.38,159.52,8311.71
2025-07-15T08:42:00.000000Z,159.52,159.57,159.4,159.42,21848.99
2025-07-15T08:43:00.000000Z,159.42,159.49,159.39,159.4,8355.56
2025-07-15T08:44:00.000000Z,159.4,159.42,159.35,159.36,3846.93
2025-07-15T08:45:00.000000Z,159.37,159.48,159.37,159.46,17591.92
2025-07-15T08:46:00.000000Z,159.46,159.51,159.35,159.44,9685.0
2025-07-15T08:47:00.000000Z,159.44,159.44,159.33,159.34,19421.24
2025-07-15T08:48:00.000000Z,159.34,159.39,159.32,159.37,8936.75
2025-07-15T08:49:00.000000Z,159.36,159.42,159.32,159.36,9646.99
2025-07-15T08:50:00.000000Z,159.36,159.36,159.24,159.25,3545.99
2025-07-15T08:51:00.000000Z,159.24,159.25,159.05,159.09,6989.71
2025-07-15T08:52:00.000000Z,159.09,159.17,159.05,159.15,10467.98
2025-07-15T08:53:00.000000Z,159.15,159.19,159.12,159.18,3496.45
2025-07-15T08:54:00.000000Z,159.18,159.23,159.11,159.15,4738.05
2025-07-15T08:55:00.000000Z,159.15,159.16,159.04,159.08,7979.66
2025-07-15T08:56:00.000000Z,159.08,159.15,159.03,159.08,3153.72
2025-07-15T08:57:00.000000Z,159.08,159.13,159.0,159.06,4919.0
2025-07-15T08:58:00.000000Z,159.06,159.15,159.06,159.07,3142.6
2025-07-15T08:59:00.000000Z,159.07,159.15,159.03,159.15,2467.87
2025-07-15T09:00:00.000000Z,159.14,159.18,159.09,159.17,4114.26
2025-07-15T09:01:00.000000Z,159.17,159.38,159.17,159.37,7340.6
2025-07-15T09:02:00.000000Z,159.37,159.42,159.31,159.39,3716.0
2025-07-15T09:03:00.000000Z,159.39,159.39,159.26,159.31,4584.18
2025-07-15T09:04:00.000000Z,159.31,159.4,159.3,159.39,4800.54
2025-07-15T09:05:00.000000Z,159.39,159.5,159.37,159.49,6044.86
2025-07-15T09:06:00.000000Z,159.5,159.62,159.47,159.6,8037.29
2025-07-15T09:07:00.000000Z,159.6,159.66,159.56,159.6,16122.83
2025-07-15T09:08:00.000000Z,159.59,159.64,159.58,159.62,5851.12
2025-07-15T09:09:00.000000Z,159.62,159.68,159.59,159.59,9962.09
2025-07-15T09:10:00.000000Z,159.6,159.6,159.52,159.53,11414.93
2025-07-15T09:11:00.000000Z,159.53,159.57,159.51,159.56,3670.67
2025-07-15T09:12:00.000000Z,159.56,159.59,159.45,159.46,10860.7
2025-07-15T09:13:00.000000Z,159.46,159.56,159.44,159.55,3977.07
2025-07-15T09:14:00.000000Z,159.56,159.67,159.55,159.64,6054.0
2025-07-15T09:15:00.000000Z,159.64,159.74,159.64,159.74,14079.79
2025-07-15T09:16:00.000000Z,159.74,159.78,159.51,159.51,21217.32
2025-07-15T09:17:00.000000Z,159.52,159.6,159.41,159.49,11761.49
2025-07-15T09:18:00.000000Z,159.5,159.52,159.31,159.33,5090.62
2025-07-15T09:19:00.000000Z,159.34,159.36,159.16,159.16,11188.52
2025-07-15T09:20:00.000000Z,159.16,159.4,159.13,159.39,23157.89
2025-07-15T09:21:00.000000Z,159.38,159.46,159.33,159.38,9641.98
2025-07-15T09:22:00.000000Z,159.38,159.58,159.38,159.58,4887.98
2025-07-15T09:23:00.000000Z,159.57,159.61,159.52,159.6,3337.61
2025-07-15T09:24:00.000000Z,159.61,159.65,159.59,159.64,4994.59
2025-07-15T09:25:00.000000Z,159.64,159.83,159.64,159.82,8634.65
2025-07-15T09:26:00.000000Z,159.83,159.83,159.69,159.7,14750.12
2025-07-15T09:27:00.000000Z,159.69,159.77,159.69,159.73,3824.15
2025-07-15T09:28:00.000000Z,159.74,159.75,159.64,159.68,3477.4
2025-07-15T09:29:00.000000Z,159.68,159.7,159.65,159.68,2100.48
2025-07-15T09:30:00.000000Z,159.67,159.68,159.62,159.67,2253.4
2025-07-15T09:31:00.000000Z,159.66,159.7,159.57,159.57,6971.44
2025-07-15T09:32:00.000000Z,159.57,159.74,159.57,159.72,5277.75
2025-07-15T09:33:00.000000Z,159.73,159.78,159.72,159.78,3519.48
2025-07-15T09:34:00.000000Z,159.78,159.83,159.77,159.78,3895.58
2025-07-15T09:35:00.000000Z,159.77,159.79,159.74,159.74,4762.3
2025-07-15T09:36:00.000000Z,159.74,159.83,159.72,159.75,5335.27
2025-07-15T09:37:00.000000Z,159.75,159.84,159.73,159.83,4095.64
2025-07-15T09:38:00.000000Z,159.84,159.86,159.73,159.73,6100.17
2025-07-15T09:39:00.000000Z,159.74,159.78,159.73,159.77,3967.87
2025-07-15T09:40:00.000000Z,159.77,159.79,159.72,159.72,3575.29
2025-07-15T09:41:00.000000Z,159.73,159.81,159.65,159.66,12283.94
2025-07-15T09:42:00.000000Z,159.66,159.68,159.57,159.57,4876.41
2025-07-15T09:43:00.000000Z,159.57,159.57,159.51,159.51,7452.63
2025-07-15T09:44:00.000000Z,159.5,159.52,159.44,159.48,3983.44
2025-07-15T09:45:00.000000Z,159.48,159.52,159.42,159.51,4090.66
2025-07-15T09:46:00.000000Z,159.52,159.53,159.41,159.5,5550.89
2025-07-15T09:47:00.000000Z,159.51,159.58,159.48,159.49,6074.36
2025-07-15T09:48:00.000000Z,159.49,159.56,159.47,159.54,3327.44
2025-07-15T09:49:00.000000Z,159.54,159.62,159.53,159.62,2506.92
2025-07-15T09:50:00.000000Z,159.62,159.64,159.47,159.47,3540.41
2025-07-15T09:51:00.000000Z,159.48,159.48,159.34,159.38,6083.85
2025-07-15T09:52:00.000000Z,159.39,159.5,159.38,159.46,4149.52
2025-07-15T09:53:00.000000Z,159.46,159.59,159.46,159.58,3959.18
2025-07-15T09:54:00.000000Z,159.58,159.58,159.42,159.42,3660.03
2025-07-15T09:55:00.000000Z,159.43,159.44,159.29,159.29,5331.0
2025-07-15T09:56:00.000000Z,159.28,159.28,159.05,159.07,14050.25
2025-07-15T09:57:00.000000Z,159.07,159.08,159.0,159.02,7142.96
2025-07-15T09:58:00.000000Z,159.03,159.06,158.97,158.99,7461.05
2025-07-15T09:59:00.000000Z,158.99,159.05,158.98,159.03,4034.12
2025-07-15T10:00:00.000000Z,159.03,159.09,158.99,159.03,12394.78
2025-07-15T10:01:00.000000Z,159.03,159.14,159.02,159.14,6383.25
2025-07-15T10:02:00.000000Z,159.14,159.2,159.13,159.18,3867.55
2025-07-15T10:03:00.000000Z,159.17,159.18,159.08,159.12,3860.42
2025-07-15T10:04:00.000000Z,159.12,159.34,159.09,159.25,19479.33
2025-07-15T10:05:00.000000Z,159.25,159.34,159.24,159.24,3812.68
2025-07-15T10:06:00.000000Z,159.24,159.27,159.12,159.13,6044.7
2025-07-15T10:07:00.000000Z,159.13,159.32,159.12,159.32,1779.27
2025-07-15T10:08:00.000000Z,159.32,159.4,159.31,159.36,1682.43
2025-07-15T10:09:00.000000Z,159.37,159.44,159.37,159.44,1522.22
2025-07-15T10:10:00.000000Z,159.43,159.51,159.43,159.51,3528.9
2025-07-15T10:11:00.000000Z,159.5,159.51,159.46,159.46,1057.33
2025-07-15T10:12:00.000000Z,159.47,159.51,159.26,159.26,4286.43
2025-07-15T10:13:00.000000Z,159.27,159.36,159.26,159.31,4498.13
2025-07-15T10:14:00.000000Z,159.3,159.35,159.21,159.21,1979.43
2025-07-15T10:15:00.000000Z,159.22,159.35,159.17,159.35,5326.36
2025-07-15T10:16:00.000000Z,159.36,159.44,159.29,159.33,5366.48
2025-07-15T10:17:00.000000Z,159.33,159.46,159.31,159.43,2428.35
2025-07-15T10:18:00.000000Z,159.43,159.54,159.4,159.51,7199.24
2025-07-15T10:19:00.000000Z,159.52,159.6,159.45,159.46,7219.02
2025-07-15T10:20:00.000000Z,159.46,159.49,159.32,159.4,6511.46
2025-07-15T10:21:00.000000Z,159.39,159.54,159.38,159.42,2878.94
2025-07-15T10:22:00.000000Z,159.41,159.46,159.33,159.35,4399.06
2025-07-15T10:23:00.000000Z,159.35,159.49,159.35,159.45,2680.86
2025-07-15T10:24:00.000000Z,159.45,159.63,159.44,159.55,7562.01
2025-07-15T10:25:00.000000Z,159.55,159.63,159.54,159.62,3923.54
2025-07-15T10:26:00.000000Z,159.63,159.68,159.62,159.66,2781.23
2025-07-15T10:27:00.000000Z,159.67,159.71,159.66,159.68,4908.51
2025-07-15T10:28:00.000000Z,159.68,159.72,159.6,159.61,11894.11
2025-07-15T10:29:00.000000Z,159.62,159.63,159.58,159.61,3007.28
2025-07-15T10:30:00.000000Z,159.6,159.62,159.51,159.51,2972.86
2025-07-15T10:31:00.000000Z,159.51,159.51,159.29,159.35,7030.9
2025-07-15T10:32:00.000000Z,159.35,159.39,159.22,159.37,10632.23
2025-07-15T10:33:00.000000Z,159.37,159.4,159.31,159.37,4486.52
2025-07-15T10:34:00.000000Z,159.36,159.54,159.36,159.47,5453.5
2025-07-15T10:35:00.000000Z,159.46,159.54,159.42,159.54,4317.98
2025-07-15T10:36:00.000000Z,159.54,159.6,159.53,159.59,3321.36
2025-07-15T10:37:00.000000Z,159.59,159.59,159.46,159.55,8500.0
2025-07-15T10:38:00.000000Z,159.55,159.56,159.51,159.52,1062.82
2025-07-15T10:39:00.000000Z,159.51,159.56,159.45,159.45,2937.68
2025-07-15T10:40:00.000000Z,159.45,159.56,159.41,159.55,5053.65
2025-07-15T10:41:00.000000Z,159.56,159.6,159.51,159.56,2502.46
2025-07-15T10:42:00.000000Z,159.57,159.74,159.55,159.7,7846.15
2025-07-15T10:43:00.000000Z,159.71,159.74,159.63,159.69,7227.56
2025-07-15T10:44:00.000000Z,159.7,159.71,159.62,159.64,3469.86
2025-07-15T10:45:00.000000Z,159.64,159.7,159.58,159.69,4550.37
2025-07-15T10:46:00.000000Z,159.69,159.78,159.6,159.6,13088.33
2025-07-15T10:47:00.000000Z,159.6,159.6,159.42,159.56,9120.37
2025-07-15T10:48:00.000000Z,159.56,159.56,159.46,159.52,3437.57
2025-07-15T10:49:00.000000Z,159.51,159.61,159.51,159.58,2760.81
2025-07-15T10:50:00.000000Z,159.58,159.64,159.54,159.56,4780.45
2025-07-15T10:51:00.000000Z,159.57,159.68,159.57,159.62,7874.64
2025-07-15T10:52:00.000000Z,159.63,159.69,159.57,159.69,2247.7
2025-07-15T10:53:00.000000Z,159.68,159.73,159.66,159.71,2716.63
2025-07-15T10:54:00.000000Z,159.71,159.72,159.56,159.56,6938.04
2025-07-15T10:55:00.000000Z,159.57,159.6,159.39,159.42,6008.01
2025-07-15T10:56:00.000000Z,159.42,159.52,159.39,159.51,4890.27
2025-07-15T10:57:00.000000Z,159.52,159.61,159.51,159.53,3382.66
2025-07-15T10:58:00.000000Z,159.52,159.52,159.44,159.5,2887.46
2025-07-15T10:59:00.000000Z,159.5,159.54,159.46,159.46,1974.67
2025-07-15T11:00:00.000000Z,159.47,159.54,159.4,159.54,10631.87
2025-07-15T11:01:00.000000Z,159.53,159.68,159.53,159.62,7138.81
2025-07-15T11:02:00.000000Z,159.63,159.78,159.59,159.74,4617.87
2025-07-15T11:03:00.000000Z,159.74,159.75,159.67,159.7,5925.99
2025-07-15T11:04:00.000000Z,159.69,159.8,159.69,159.8,6769.14
2025-07-15T11:05:00.000000Z,159.79,159.85,159.73,159.85,9788.02
2025-07-15T11:06:00.000000Z,159.85,159.93,159.84,159.92,15399.95
2025-07-15T11:07:00.000000Z,159.93,160.05,159.88,160.05,13932.94
2025-07-15T11:08:00.000000Z,160.04,160.09,159.89,159.94,17792.02
2025-07-15T11:09:00.000000Z,159.93,160.06,159.88,159.98,11683.94
2025-07-15T11:10:00.000000Z,159.98,159.98,159.88,159.92,9250.23
2025-07-15T11:11:00.000000Z,159.92,159.93,159.8,159.9,16677.32
2025-07-15T11:12:00.000000Z,159.9,159.92,159.75,159.75,8662.17
2025-07-15T11:13:00.000000Z,159.75,159.8,159.71,159.76,5578.29
2025-07-15T11:14:00.000000Z,159.75,159.76,159.66,159.74,5334.32
2025-07-15T11:15:00.000000Z,159.74,159.75,159.52,159.52,6345.37
2025-07-15T11:16:00.000000Z,159.52,159.54,159.22,159.23,27252.95
2025-07-15T11:17:00.000000Z,159.22,159.34,159.1,159.14,17224.45
2025-07-15T11:18:00.000000Z,159.13,159.27,159.05,159.2,10144.22
2025-07-15T11:19:00.000000Z,159.21,159.26,159.11,159.12,5955.74
2025-07-15T11:20:00.000000Z,159.12,159.19,159.06,159.1,8347.37
2025-07-15T11:21:00.000000Z,159.11,159.11,158.96,158.96,30795.9
2025-07-15T11:22:00.000000Z,158.96,159.04,158.94,158.95,17543.77
2025-07-15T11:23:00.000000Z,158.94,159.11,158.86,159.08,16213.36
2025-07-15T11:24:00.000000Z,159.08,159.29,159.06,159.2,11213.66
2025-07-15T11:25:00.000000Z,159.2,159.25,159.09,159.13,17852.88
2025-07-15T11:26:00.000000Z,159.14,159.15,158.94,158.96,28867.77
2025-07-15T11:27:00.000000Z,158.95,158.97,158.88,158.97,7389.62
2025-07-15T11:28:00.000000Z,158.97,159.18,158.96,159.13,5296.07
2025-07-15T11:29:00.000000Z,159.13,159.15,159.08,159.09,6838.51
2025-07-15T11:30:00.000000Z,159.08,159.24,159.08,159.17,7274.73
2025-07-15T11:31:00.000000Z,159.17,159.25,159.12,159.21,10543.0
2025-07-15T11:32:00.000000Z,159.2,159.21,159.01,159.1,5457.33
2025-07-15T11:33:00.000000Z,159.09,159.28,159.05,159.28,4645.62
2025-07-15T11:34:00.000000Z,159.27,159.27,158.94,158.98,18066.85
2025-07-15T11:35:00.000000Z,158.99,159.09,158.9,158.94,8111.6
2025-07-15T11:36:00.000000Z,158.94,158.99,158.86,158.93,16011.74
2025-07-15T11:37:00.000000Z,158.94,159.11,158.94,159.03,6683.22
2025-07-15T11:38:00.000000Z,159.02,159.17,159.01,159.12,5852.75
2025-07-15T11:39:00.000000Z,159.11,159.17,159.07,159.14,5691.33
2025-07-15T11:40:00.000000Z,159.14,159.19,159.03,159.05,4793.64
2025-07-15T11:41:00.000000Z,159.05,159.12,159.03,159.12,1734.77
2025-07-15T11:42:00.000000Z,159.11,159.26,159.11,159.26,3259.69
2025-07-15T11:43:00.000000Z,159.25,159.28,159.22,159.22,2804.11
2025-07-15T11:44:00.000000Z,159.23,159.26,159.19,159.24,2029.3
2025-07-15T11:45:00.000000Z,159.25,159.29,159.18,159.21,6515.34
2025-07-15T11:46:00.000000Z,159.21,159.22,159.05,159.06,2186.04
2025-07-15T11:47:00.000000Z,159.05,159.06,158.95,159.01,11052.3
2025-07-15T11:48:00.000000Z,159.02,159.07,158.99,158.99,6007.5
2025-07-15T11:49:00.000000Z,158.99,159.11,158.97,159.11,4652.42
2025-07-15T11:50:00.000000Z,159.11,159.21,159.09,159.2,6480.71
2025-07-15T11:51:00.000000Z,159.2,159.24,159.12,159.23,2062.76
2025-07-15T11:52:00.000000Z,159.23,159.32,159.2,159.29,4317.79
2025-07-15T11:53:00.000000Z,159.28,159.44,159.26,159.4,5718.99
2025-07-15T11:54:00.000000Z,159.41,159.51,159.35,159.45,13040.28
2025-07-15T11:55:00.000000Z,159.44,159.54,159.44,159.48,5275.19
2025-07-15T11:56:00.000000Z,159.49,159.68,159.47,159.67,11326.65
2025-07-15T11:57:00.000000Z,159.68,159.81,159.65,159.78,17419.03
2025-07-15T11:58:00.000000Z,159.78,159.81,159.68,159.8,9178.37
2025-07-15T11:59:00.000000Z,159.79,159.87,159.76,159.79,15889.54
2025-07-15T12:00:00.000000Z,159.78,159.98,159.78,159.95,28360.22
2025-07-15T12:01:00.000000Z,159.96,160.01,159.63,159.64,23488.23
2025-07-15T12:02:00.000000Z,159.64,159.71,159.61,159.68,10147.04
2025-07-15T12:03:00.000000Z,159.67,159.71,159.61,159.62,7744.74
2025-07-15T12:04:00.000000Z,159.62,159.69,159.59,159.62,6697.75
2025-07-15T12:05:00.000000Z,159.62,159.69,159.54,159.59,12419.02
2025-07-15T12:06:00.000000Z,159.59,159.65,159.54,159.55,8317.81
2025-07-15T12:07:00.000000Z,159.55,159.6,159.52,159.54,17227.44
2025-07-15T12:08:00.000000Z,159.55,159.55,159.4,159.4,12533.92
2025-07-15T12:09:00.000000Z,159.4,159.41,159.33,159.39,4694.25
2025-07-15T12:10:00.000000Z,159.39,159.39,159.3,159.3,6187.83
2025-07-15T12:11:00.000000Z,159.31,159.49,159.3,159.48,4135.78
2025-07-15T12:12:00.000000Z,159.48,159.52,159.41,159.45,5543.78
2025-07-15T12:13:00.000000Z,159.44,159.51,159.44,159.47,3761.35
2025-07-15T12:14:00.000000Z,159.48,159.48,159.36,159.38,7110.81
2025-07-15T12:15:00.000000Z,159.39,159.53,159.38,159.53,10536.05
2025-07-15T12:16:00.000000Z,159.53,159.53,159.41,159.44,7264.59
2025-07-15T12:17:00.000000Z,159.44,159.48,159.38,159.43,6111.55
2025-07-15T12:18:00.000000Z,159.43,159.44,159.2,159.23,9024.31
2025-07-15T12:19:00.000000Z,159.23,159.33,159.22,159.27,4420.94
2025-07-15T12:20:00.000000Z,159.27,159.31,159.1,159.11,8129.39
2025-07-15T12:21:00.000000Z,159.11,159.14,159.06,159.08,8761.44
2025-07-15T12:22:00.000000Z,159.07,159.14,159.01,159.03,8583.48
2025-07-15T12:23:00.000000Z,159.04,159.04,158.9,158.95,18636.47
2025-07-15T12:24:00.000000Z,158.95,159.0,158.94,158.98,7000.43
2025-07-15T12:25:00.000000Z,158.98,159.02,158.95,158.99,4424.27
2025-07-15T12:26:00.000000Z,158.99,159.0,158.91,158.91,3871.69
2025-07-15T12:27:00.000000Z,158.91,159.02,158.82,159.01,17684.87
2025-07-15T12:28:00.000000Z,159.01,159.06,158.92,158.95,11214.37
2025-07-15T12:29:00.000000Z,158.94,159.04,158.91,159.03,12938.94
2025-07-15T12:30:00.000000Z,159.04,160.18,159.03,160.15,98090.97
2025-07-15T12:31:00.000000Z,160.15,160.63,159.96,160.49,112549.45
2025-07-15T12:32:00.000000Z,160.5,161.0,160.47,160.53,114635.82
2025-07-15T12:33:00.000000Z,160.53,160.79,160.27,160.45,63184.18
2025-07-15T12:34:00.000000Z,160.45,160.59,160.3,160.55,32729.91
2025-07-15T12:35:00.000000Z,160.55,160.55,160.2,160.43,32538.31
2025-07-15T12:36:00.000000Z,160.44,160.51,160.22,160.26,21180.79
2025-07-15T12:37:00.000000Z,160.25,160.37,159.88,159.9,43908.37
2025-07-15T12:38:00.000000Z,159.89,159.94,159.36,159.55,48202.83
2025-07-15T12:39:00.000000Z,159.55,159.63,159.4,159.63,23583.6
2025-07-15T12:40:00.000000Z,159.63,159.65,159.47,159.47,21991.19
2025-07-15T12:41:00.000000Z,159.48,159.52,159.22,159.25,27341.94
2025-07-15T12:42:00.000000Z,159.24,159.31,159.03,159.05,35482.2
2025-07-15T12:43:00.000000Z,159.05,159.12,158.57,158.64,75319.77
2025-07-15T12:44:00.000000Z,158.65,158.74,158.23,158.62,76203.12
2025-07-15T12:45:00.000000Z,158.63,159.03,158.62,158.73,29473.17
2025-07-15T12:46:00.000000Z,158.73,159.12,158.73,159.12,27192.64
2025-07-15T12:47:00.000000Z,159.13,159.25,159.02,159.16,18640.55
2025-07-15T12:48:00.000000Z,159.17,159.3,159.07,159.26,15095.34
2025-07-15T12:49:00.000000Z,159.26,159.35,159.11,159.26,14715.42
2025-07-15T12:50:00.000000Z,159.27,159.5,159.26,159.4,20217.93
2025-07-15T12:51:00.000000Z,159.4,159.77,159.39,159.54,21081.67
2025-07-15T12:52:00.000000Z,159.54,159.77,159.48,159.77,16923.99
2025-07-15T12:53:00.000000Z,159.76,159.8,159.6,159.7,14265.35
2025-07-15T12:54:00.000000Z,159.71,159.79,159.65,159.75,16174.46
2025-07-15T12:55:00.000000Z,159.75,159.85,159.64,159.73,17369.7
2025-07-15T12:56:00.000000Z,159.73,159.91,159.71,159.78,10285.32
2025-07-15T12:57:00.000000Z,159.79,159.79,159.67,159.75,8360.06
2025-07-15T12:58:00.000000Z,159.76,159.89,159.74,159.86,8571.37
2025-07-15T12:59:00.000000Z,159.86,159.92,159.82,159.84,9331.53
2025-07-15T13:00:00.000000Z,159.84,159.86,159.69,159.69,21920.11
2025-07-15T13:01:00.000000Z,159.69,159.82,159.65,159.77,14513.08
2025-07-15T13:02:00.000000Z,159.76,159.99,159.7,159.99,13471.97
2025-07-15T13:03:00.000000Z,159.98,160.12,159.93,160.12,16821.25
2025-07-15T13:04:00.000000Z,160.12,160.35,160.11,160.35,34922.17
2025-07-15T13:05:00.000000Z,160.35,160.5,160.19,160.42,23783.59
2025-07-15T13:06:00.000000Z,160.43,160.79,160.35,160.73,54709.24
2025-07-15T13:07:00.000000Z,160.72,160.9,160.72,160.77,47469.12
2025-07-15T13:08:00.000000Z,160.78,160.91,160.74,160.9,19289.83
2025-07-15T13:09:00.000000Z,160.91,160.91,160.68,160.72,28792.27
2025-07-15T13:10:00.000000Z,160.73,160.75,160.55,160.63,25166.37
2025-07-15T13:11:00.000000Z,160.62,160.85,160.61,160.71,21658.99
2025-07-15T13:12:00.000000Z,160.72,160.89,160.63,160.83,25553.7
2025-07-15T13:13:00.000000Z,160.82,160.85,160.58,160.69,27474.92
2025-07-15T13:14:00.000000Z,160.69,160.91,160.6,160.86,36925.86
2025-07-15T13:15:00.000000Z,160.87,160.98,160.79,160.93,20763.29
2025-07-15T13:16:00.000000Z,160.93,161.04,160.82,160.83,27947.45
2025-07-15T13:17:00.000000Z,160.83,160.88,160.59,160.76,29935.29
2025-07-15T13:18:00.000000Z,160.76,160.79,160.46,160.48,24620.44
2025-07-15T13:19:00.000000Z,160.49,160.5,160.37,160.46,22776.65
2025-07-15T13:20:00.000000Z,160.45,160.65,160.45,160.49,18375.65
2025-07-15T13:21:00.000000Z,160.5,160.62,160.46,160.58,9709.34
2025-07-15T13:22:00.000000Z,160.58,160.59,160.25,160.35,27481.48
2025-07-15T13:23:00.000000Z,160.34,160.55,160.31,160.36,9613.15
2025-07-15T13:24:00.000000Z,160.36,160.37,160.25,160.36,15559.39
2025-07-15T13:25:00.000000Z,160.36,160.79,160.34,160.73,18462.45
2025-07-15T13:26:00.000000Z,160.73,160.99,160.73,160.93,21184.07
2025-07-15T13:27:00.000000Z,160.93,160.96,160.78,160.81,54622.14
2025-07-15T13:28:00.000000Z,160.8,160.91,160.77,160.83,11411.78
2025-07-15T13:29:00.000000Z,160.84,160.94,160.75,160.76,10268.61
2025-07-15T13:30:00.000000Z,160.77,160.97,160.66,160.66,23383.17
2025-07-15T13:31:00.000000Z,160.67,160.71,160.42,160.54,24366.46
2025-07-15T13:32:00.000000Z,160.54,160.57,160.29,160.35,15404.5
2025-07-15T13:33:00.000000Z,160.36,160.91,160.3,160.67,22635.44
2025-07-15T13:34:00.000000Z,160.66,160.71,160.41,160.6,17658.11
2025-07-15T13:35:00.000000Z,160.6,160.69,160.46,160.62,14147.03
2025-07-15T13:36:00.000000Z,160.62,160.81,160.54,160.59,19926.3
2025-07-15T13:37:00.000000Z,160.58,160.63,160.39,160.63,24238.61
2025-07-15T13:38:00.000000Z,160.64,160.7,160.35,160.38,11141.58
2025-07-15T13:39:00.000000Z,160.39,160.41,159.87,159.92,42833.42
2025-07-15T13:40:00.000000Z,159.93,160.21,159.85,160.18,36726.25
2025-07-15T13:41:00.000000Z,160.17,160.26,160.06,160.21,32044.54
2025-07-15T13:42:00.000000Z,160.21,160.6,160.16,160.6,33922.41
2025-07-15T13:43:00.000000Z,160.59,161.0,160.58,160.95,44454.42
2025-07-15T13:44:00.000000Z,160.96,160.96,160.77,160.8,20784.31
2025-07-15T13:45:00.000000Z,160.8,161.2,160.59,161.15,62139.79
2025-07-15T13:46:00.000000Z,161.16,161.34,160.8,160.81,51138.9
2025-07-15T13:47:00.000000Z,160.82,161.23,160.82,160.97,30170.38
2025-07-15T13:48:00.000000Z,160.98,161.4,160.94,161.34,36566.72
2025-07-15T13:49:00.000000Z,161.33,161.52,161.18,161.33,49552.26
2025-07-15T13:50:00.000000Z,161.32,161.72,161.27,161.68,72356.49
2025-07-15T13:51:00.000000Z,161.68,161.68,161.3,161.39,25236.0
2025-07-15T13:52:00.000000Z,161.39,161.52,160.94,161.1,81599.85
2025-07-15T13:53:00.000000Z,161.11,161.26,161.05,161.26,25861.15
2025-07-15T13:54:00.000000Z,161.26,161.55,161.23,161.55,34442.08
2025-07-15T13:55:00.000000Z,161.55,161.98,161.48,161.91,61009.83
2025-07-15T13:56:00.000000Z,161.92,161.92,161.67,161.68,48701.42
2025-07-15T13:57:00.000000Z,161.67,161.7,161.41,161.43,17666.45
2025-07-15T13:58:00.000000Z,161.44,161.49,161.28,161.32,20415.43
2025-07-15T13:59:00.000000Z,161.33,161.33,161.15,161.17,14470.74
2025-07-15T14:00:00.000000Z,161.17,161.32,161.05,161.1,23048.55
2025-07-15T14:01:00.000000Z,161.09,161.26,161.0,161.21,12844.31
2025-07-15T14:02:00.000000Z,161.21,161.35,161.17,161.21,12076.75
2025-07-15T14:03:00.000000Z,161.21,161.23,160.98,161.07,39447.67
2025-07-15T14:04:00.000000Z,161.07,161.12,161.01,161.03,11564.07
2025-07-15T14:05:00.000000Z,161.03,161.18,160.95,161.13,15805.42
2025-07-15T14:06:00.000000Z,161.14,161.34,161.14,161.34,10364.99
2025-07-15T14:07:00.000000Z,161.34,161.53,161.3,161.53,18409.45
2025-07-15T14:08:00.000000Z,161.53,161.66,161.42,161.63,28964.72
2025-07-15T14:09:00.000000Z,161.63,161.79,161.59,161.62,17186.74
2025-07-15T14:10:00.000000Z,161.62,161.67,161.41,161.52,10632.17
2025-07-15T14:11:00.000000Z,161.52,161.79,161.52,161.78,28768.78
2025-07-15T14:12:00.000000Z,161.77,161.91,161.67,161.9,21442.8
2025-07-15T14:13:00.000000Z,161.89,161.91,161.84,161.9,11245.56
2025-07-15T14:14:00.000000Z,161.9,162.13,161.87,162.03,37763.15
2025-07-15T14:15:00.000000Z,162.03,162.06,161.94,162.02,31059.7
2025-07-15T14:16:00.000000Z,162.02,162.02,161.87,161.9,30055.57
2025-07-15T14:17:00.000000Z,161.9,161.91,161.55,161.62,50935.9
2025-07-15T14:18:00.000000Z,161.63,161.66,161.29,161.3,34012.84
2025-07-15T14:19:00.000000Z,161.3,161.4,161.22,161.4,25069.79
2025-07-15T14:20:00.000000Z,161.4,161.68,161.37,161.66,39750.39
2025-07-15T14:21:00.000000Z,161.65,161.68,161.4,161.43,29559.68
2025-07-15T14:22:00.000000Z,161.42,161.42,161.21,161.22,18947.21
2025-07-15T14:23:00.000000Z,161.23,161.23,161.07,161.16,19668.74
2025-07-15T14:24:00.000000Z,161.16,161.26,161.05,161.05,14632.77
2025-07-15T14:25:00.000000Z,161.05,161.21,160.97,161.04,22774.21
2025-07-15T14:26:00.000000Z,161.03,161.17,160.93,160.95,11913.81
2025-07-15T14:27:00.000000Z,160.95,161.23,160.94,161.16,10111.92
2025-07-15T14:28:00.000000Z,161.16,161.36,161.11,161.3,15423.57
2025-07-15T14:29:00.000000Z,161.29,161.3,161.18,161.19,11042.48
2025-07-15T14:30:00.000000Z,161.19,161.2,161.06,161.14,11847.98
2025-07-15T14:31:00.000000Z,161.15,161.2,160.55,160.55,45933.11
2025-07-15T14:32:00.000000Z,160.55,161.29,160.49,161.27,36699.05
2025-07-15T14:33:00.000000Z,161.27,161.27,160.85,160.95,36825.14
2025-07-15T14:34:00.000000Z,160.94,161.13,160.88,160.99,11384.63
2025-07-15T14:35:00.000000Z,160.98,161.1,160.67,160.78,21192.23
2025-07-15T14:36:00.000000Z,160.78,160.93,160.6,160.6,30804.99
2025-07-15T14:37:00.000000Z,160.6,160.63,160.17,160.21,62174.87
2025-07-15T14:38:00.000000Z,160.21,160.21,160.08,160.16,28140.91
2025-07-15T14:39:00.000000Z,160.17,160.34,160.15,160.28,14128.24
2025-07-15T14:40:00.000000Z,160.28,160.46,160.12,160.15,18795.84
2025-07-15T14:41:00.000000Z,160.15,160.25,160.08,160.12,11519.64
2025-07-15T14:42:00.000000Z,160.12,160.12,159.43,159.51,65173.45
2025-07-15T14:43:00.000000Z,159.51,159.56,159.13,159.13,69467.02
2025-07-15T14:44:00.000000Z,159.13,159.5,158.86,159.33,103997.06
2025-07-15T14:45:00.000000Z,159.34,159.34,158.94,159.1,58390.88
2025-07-15T14:46:00.000000Z,159.09,159.43,159.0,159.43,32713.21
2025-07-15T14:47:00.000000Z,159.43,159.43,159.03,159.03,36728.37
2025-07-15T14:48:00.000000Z,159.03,159.36,159.03,159.25,25848.76
2025-07-15T14:49:00.000000Z,159.25,159.47,159.23,159.43,14317.13
2025-07-15T14:50:00.000000Z,159.42,159.49,159.02,159.03,32909.89
2025-07-15T14:51:00.000000Z,159.03,159.09,158.58,158.61,76348.96
2025-07-15T14:52:00.000000Z,158.61,158.67,158.04,158.29,120826.63
2025-07-15T14:53:00.000000Z,158.29,158.45,158.12,158.33,54206.75
2025-07-15T14:54:00.000000Z,158.34,158.43,158.07,158.2,47463.69
2025-07-15T14:55:00.000000Z,158.2,158.2,157.71,157.94,126775.96
2025-07-15T14:56:00.000000Z,157.94,157.95,157.11,157.14,198854.51
2025-07-15T14:57:00.000000Z,157.14,158.04,157.14,157.84,89554.64
2025-07-15T14:58:00.000000Z,157.85,157.87,157.49,157.87,45181.07
2025-07-15T14:59:00.000000Z,157.87,157.87,157.56,157.68,31578.03
2025-07-15T15:00:00.000000Z,157.69,157.78,157.2,157.47,92614.7
2025-07-15T15:01:00.000000Z,157.47,157.55,157.28,157.3,36846.52
2025-07-15T15:02:00.000000Z,157.31,157.75,157.31,157.54,41582.55
2025-07-15T15:03:00.000000Z,157.53,157.97,157.53,157.83,31730.02
2025-07-15T15:04:00.000000Z,157.82,158.07,157.75,157.86,37699.96
2025-07-15T15:05:00.000000Z,157.86,157.97,157.78,157.93,28444.71
2025-07-15T15:06:00.000000Z,157.93,158.09,157.8,158.09,27561.99
2025-07-15T15:07:00.000000Z,158.08,158.29,158.02,158.18,62315.42
2025-07-15T15:08:00.000000Z,158.18,158.38,158.18,158.32,33275.21
2025-07-15T15:09:00.000000Z,158.32,158.39,158.11,158.11,36099.85
2025-07-15T15:10:00.000000Z,158.11,158.28,158.06,158.24,17564.84
2025-07-15T15:11:00.000000Z,158.24,158.36,158.21,158.35,15681.46
2025-07-15T15:12:00.000000Z,158.36,158.42,158.23,158.24,16767.24
2025-07-15T15:13:00.000000Z,158.25,158.37,158.21,158.3,7408.79
2025-07-15T15:14:00.000000Z,158.31,158.37,158.23,158.26,12758.85
2025-07-15T15:15:00.000000Z,158.26,158.73,158.22,158.72,21377.42
2025-07-15T15:16:00.000000Z,158.72,158.82,158.57,158.74,23559.48
2025-07-15T15:17:00.000000Z,158.75,158.94,158.73,158.9,14858.42
2025-07-15T15:18:00.000000Z,158.9,158.95,158.81,158.83,13197.4
2025-07-15T15:19:00.000000Z,158.81,158.88,158.67,158.8,12793.67
2025-07-15T15:20:00.000000Z,158.8,158.82,158.52,158.52,11020.78
2025-07-15T15:21:00.000000Z,158.52,158.82,158.52,158.76,9081.08
2025-07-15T15:22:00.000000Z,158.75,158.86,158.7,158.73,5933.24
2025-07-15T15:23:00.000000Z,158.72,158.84,158.38,158.38,13575.66
2025-07-15T15:24:00.000000Z,158.38,158.44,158.16,158.29,41829.38
2025-07-15T15:25:00.000000Z,158.29,158.53,158.24,158.37,16276.26
2025-07-15T15:26:00.000000Z,158.37,158.5,158.35,158.49,9770.94
2025-07-15T15:27:00.000000Z,158.49,158.58,158.47,158.55,7936.76
2025-07-15T15:28:00.000000Z,158.55,158.57,158.41,158.45,12379.88
2025-07-15T15:29:00.000000Z,158.46,158.9,158.46,158.88,28907.01
2025-07-15T15:30:00.000000Z,158.89,159.26,158.89,159.14,38077.15
2025-07-15T15:31:00.000000Z,159.14,159.32,158.96,158.97,24543.61
2025-07-15T15:32:00.000000Z,158.96,159.02,158.71,158.71,16534.51
2025-07-15T15:33:00.000000Z,158.71,158.77,158.53,158.58,15177.62
2025-07-15T15:34:00.000000Z,158.57,159.0,158.57,158.97,14924.04
2025-07-15T15:35:00.000000Z,158.97,159.14,158.91,159.0,14611.78
2025-07-15T15:36:00.000000Z,159.0,159.17,159.0,159.14,11269.95
2025-07-15T15:37:00.000000Z,159.14,159.2,159.01,159.19,5829.97
2025-07-15T15:38:00.000000Z,159.2,159.44,159.2,159.35,18554.55
2025-07-15T15:39:00.000000Z,159.35,159.43,159.27,159.42,8031.89
2025-07-15T15:40:00.000000Z,159.43,159.43,159.18,159.27,37628.77
2025-07-15T15:41:00.000000Z,159.28,159.42,159.26,159.42,10902.64
2025-07-15T15:42:00.000000Z,159.42,159.63,159.41,159.6,30082.09
2025-07-15T15:43:00.000000Z,159.61,159.88,159.55,159.85,23706.85
2025-07-15T15:44:00.000000Z,159.85,159.91,159.55,159.6,40557.48
2025-07-15T15:45:00.000000Z,159.59,160.02,159.58,159.86,24684.77
2025-07-15T15:46:00.000000Z,159.86,160.03,159.84,160.02,10083.33
2025-07-15T15:47:00.000000Z,160.02,160.39,160.0,160.39,54921.13
2025-07-15T15:48:00.000000Z,160.39,160.59,160.38,160.59,73357.16
2025-07-15T15:49:00.000000Z,160.59,160.74,160.37,160.43,36342.34
2025-07-15T15:50:00.000000Z,160.42,160.78,160.36,160.5,79208.2
2025-07-15T15:51:00.000000Z,160.49,160.58,160.41,160.58,15841.56
2025-07-15T15:52:00.000000Z,160.58,160.83,160.57,160.8,18651.51
2025-07-15T15:53:00.000000Z,160.8,160.81,160.69,160.73,17355.02
2025-07-15T15:54:00.000000Z,160.72,160.86,160.66,160.83,34044.14
2025-07-15T15:55:00.000000Z,160.82,160.88,160.65,160.65,13401.61
2025-07-15T15:56:00.000000Z,160.65,160.75,160.56,160.63,17385.26
2025-07-15T15:57:00.000000Z,160.62,160.63,160.39,160.39,22309.49
2025-07-15T15:58:00.000000Z,160.39,160.46,160.28,160.45,17832.2
2025-07-15T15:59:00.000000Z,160.46,160.46,160.29,160.4,8807.68
2025-07-15T16:00:00.000000Z,160.39,160.56,160.39,160.47,19852.81
2025-07-15T16:01:00.000000Z,160.47,160.48,160.25,160.25,27831.18
2025-07-15T16:02:00.000000Z,160.25,160.33,160.19,160.33,19957.02
2025-07-15T16:03:00.000000Z,160.34,160.73,160.33,160.73,20312.12
2025-07-15T16:04:00.000000Z,160.73,160.92,160.69,160.91,48465.14
2025-07-15T16:05:00.000000Z,160.91,161.26,160.87,161.17,74217.09
2025-07-15T16:06:00.000000Z,161.18,161.4,161.17,161.28,37739.44
2025-07-15T16:07:00.000000Z,161.27,161.3,161.14,161.18,29873.33
2025-07-15T16:08:00.000000Z,161.18,161.21,161.05,161.06,14167.41
2025-07-15T16:09:00.000000Z,161.06,161.36,161.01,161.31,31791.09
2025-07-15T16:10:00.000000Z,161.31,161.31,160.95,161.08,19179.54
2025-07-15T16:11:00.000000Z,161.07,161.32,161.03,161.26,13313.55
2025-07-15T16:12:00.000000Z,161.26,161.36,161.12,161.12,17991.51
2025-07-15T16:13:00.000000Z,161.12,161.21,161.06,161.16,14620.36
2025-07-15T16:14:00.000000Z,161.16,161.17,160.76,160.82,24735.95
2025-07-15T16:15:00.000000Z,160.81,160.94,160.6,160.94,22093.12
2025-07-15T16:16:00.000000Z,160.94,161.09,160.71,160.74,25434.54
2025-07-15T16:17:00.000000Z,160.74,160.8,160.6,160.69,18379.87
2025-07-15T16:18:00.000000Z,160.68,160.69,160.35,160.37,17129.89
2025-07-15T16:19:00.000000Z,160.38,160.52,160.27,160.51,42064.15
2025-07-15T16:20:00.000000Z,160.52,160.78,160.47,160.73,13678.43
2025-07-15T16:21:00.000000Z,160.72,160.84,160.5,160.68,15365.11
2025-07-15T16:22:00.000000Z,160.69,160.88,160.66,160.88,9711.01
2025-07-15T16:23:00.000000Z,160.88,160.95,160.7,160.95,15972.1
2025-07-15T16:24:00.000000Z,160.94,160.96,160.65,160.69,9359.82
2025-07-15T16:25:00.000000Z,160.69,160.82,160.59,160.65,6491.03
2025-07-15T16:26:00.000000Z,160.64,160.74,160.51,160.51,15141.47
2025-07-15T16:27:00.000000Z,160.51,160.72,160.51,160.7,9460.14
2025-07-15T16:28:00.000000Z,160.7,160.79,160.58,160.58,6927.44
2025-07-15T16:29:00.000000Z,160.57,160.57,160.45,160.56,6466.4
2025-07-15T16:30:00.000000Z,160.56,160.93,160.56,160.92,10067.08
2025-07-15T16:31:00.000000Z,160.92,160.99,160.85,160.99,7611.62
2025-07-15T16:32:00.000000Z,160.99,161.1,160.93,160.97,15732.39
2025-07-15T16:33:00.000000Z,160.97,161.08,160.96,161.05,17313.98
2025-07-15T16:34:00.000000Z,161.06,161.06,160.81,160.82,6535.11
2025-07-15T16:35:00.000000Z,160.81,161.01,160.71,161.01,7452.2
2025-07-15T16:36:00.000000Z,161.01,161.04,160.92,160.92,8590.2
2025-07-15T16:37:00.000000Z,160.92,161.05,160.88,160.91,7154.04
2025-07-15T16:38:00.000000Z,160.91,161.07,160.87,161.06,6031.43
2025-07-15T16:39:00.000000Z,161.06,161.17,161.05,161.11,10948.29
2025-07-15T16:40:00.000000Z,161.11,161.3,161.1,161.27,14294.89
2025-07-15T16:41:00.000000Z,161.28,161.52,161.26,161.51,29326.0
2025-07-15T16:42:00.000000Z,161.52,161.53,161.28,161.29,19881.46
2025-07-15T16:43:00.000000Z,161.29,161.45,161.26,161.36,15569.38
2025-07-15T16:44:00.000000Z,161.36,161.46,161.34,161.43,12652.66
2025-07-15T16:45:00.000000Z,161.44,161.46,161.15,161.26,14930.99
2025-07-15T16:46:00.000000Z,161.26,161.3,161.19,161.26,11509.95
2025-07-15T16:47:00.000000Z,161.26,161.5,161.17,161.44,29515.79
2025-07-15T16:48:00.000000Z,161.44,161.5,161.28,161.29,7367.73
2025-07-15T16:49:00.000000Z,161.29,161.42,161.26,161.26,9143.84
2025-07-15T16:50:00.000000Z,161.26,161.36,161.1,161.28,14022.52
2025-07-15T16:51:00.000000Z,161.27,161.48,161.25,161.45,5874.05
2025-07-15T16:52:00.000000Z,161.45,161.45,161.22,161.25,11051.72
2025-07-15T16:53:00.000000Z,161.25,161.34,161.13,161.33,6485.91
2025-07-15T16:54:00.000000Z,161.34,161.36,161.08,161.08,10152.27
2025-07-15T16:55:00.000000Z,161.08,161.28,161.08,161.14,5691.55
2025-07-15T16:56:00.000000Z,161.13,161.13,160.93,160.97,14711.64
2025-07-15T16:57:00.000000Z,160.96,161.01,160.85,160.89,22077.53
2025-07-15T16:58:00.000000Z,160.89,160.92,160.81,160.82,16991.65
2025-07-15T16:59:00.000000Z,160.81,160.93,160.72,160.9,12126.95
2025-07-15T17:00:00.000000Z,160.9,161.14,160.88,161.07,15887.41
2025-07-15T17:01:00.000000Z,161.07,161.16,160.99,161.16,8427.33
2025-07-15T17:02:00.000000Z,161.16,161.27,161.12,161.24,6457.95
2025-07-15T17:03:00.000000Z,161.23,161.25,161.06,161.25,5918.54
2025-07-15T17:04:00.000000Z,161.26,161.38,161.1,161.11,5600.67
2025-07-15T17:05:00.000000Z,161.1,161.18,160.99,161.16,10380.66
2025-07-15T17:06:00.000000Z,161.16,161.18,161.05,161.06,6188.84
2025-07-15T17:07:00.000000Z,161.05,161.06,160.9,160.9,10875.88
2025-07-15T17:08:00.000000Z,160.9,161.0,160.83,160.91,9963.16
2025-07-15T17:09:00.000000Z,160.91,160.96,160.87,160.93,7000.04
2025-07-15T17:10:00.000000Z,160.93,160.98,160.83,160.83,10565.66
2025-07-15T17:11:00.000000Z,160.84,160.98,160.78,160.89,7884.19
2025-07-15T17:12:00.000000Z,160.88,161.19,160.88,161.19,5289.85
2025-07-15T17:13:00.000000Z,161.19,161.27,161.17,161.18,6263.54
2025-07-15T17:14:00.000000Z,161.17,161.23,161.12,161.2,3762.37
2025-07-15T17:15:00.000000Z,161.2,161.2,161.08,161.09,4514.27
2025-07-15T17:16:00.000000Z,161.09,161.22,161.06,161.21,5543.29
2025-07-15T17:17:00.000000Z,161.21,161.28,161.15,161.19,8541.16
2025-07-15T17:18:00.000000Z,161.18,161.46,161.18,161.46,17084.76
2025-07-15T17:19:00.000000Z,161.46,161.65,161.4,161.49,33743.95
2025-07-15T17:20:00.000000Z,161.48,161.58,161.39,161.39,10956.34
2025-07-15T17:21:00.000000Z,161.4,161.44,161.33,161.4,12859.14
2025-07-15T17:22:00.000000Z,161.4,161.54,161.37,161.38,6924.53
2025-07-15T17:23:00.000000Z,161.37,161.42,161.16,161.31,11652.1
2025-07-15T17:24:00.000000Z,161.31,161.41,161.28,161.38,7465.38
2025-07-15T17:25:00.000000Z,161.38,161.39,161.2,161.35,5894.71
2025-07-15T17:26:00.000000Z,161.34,161.35,161.21,161.27,4699.1
2025-07-15T17:27:00.000000Z,161.27,161.42,161.25,161.42,4062.59
2025-07-15T17:28:00.000000Z,161.41,161.75,161.4,161.72,19831.69
2025-07-15T17:29:00.000000Z,161.73,162.12,161.73,161.99,71728.11
2025-07-15T17:30:00.000000Z,161.98,162.02,161.72,161.73,17082.33
2025-07-15T17:31:00.000000Z,161.72,161.82,161.67,161.67,8798.32
2025-07-15T17:32:00.000000Z,161.67,161.86,161.65,161.79,8598.8
2025-07-15T17:33:00.000000Z,161.79,161.8,161.62,161.66,7591.13
2025-07-15T17:34:00.000000Z,161.65,161.67,161.59,161.67,6720.62
2025-07-15T17:35:00.000000Z,161.66,161.76,161.64,161.69,8720.8
2025-07-15T17:36:00.000000Z,161.7,161.91,161.65,161.91,9864.64
2025-07-15T17:37:00.000000Z,161.91,161.91,161.82,161.87,10590.88
2025-07-15T17:38:00.000000Z,161.86,161.99,161.86,161.92,10510.55
2025-07-15T17:39:00.000000Z,161.92,161.93,161.83,161.91,6229.36
2025-07-15T17:40:00.000000Z,161.9,162.02,161.9,162.0,10216.48
2025-07-15T17:41:00.000000Z,162.01,162.01,161.89,161.95,16741.93
2025-07-15T17:42:00.000000Z,161.94,162.0,161.93,161.95,10330.21
2025-07-15T17:43:00.000000Z,161.94,161.99,161.8,161.99,12494.13
2025-07-15T17:44:00.000000Z,162.0,162.11,161.95,162.08,31335.85
2025-07-15T17:45:00.000000Z,162.08,162.36,162.07,162.26,63809.05
2025-07-15T17:46:00.000000Z,162.26,162.27,162.06,162.21,23561.82
2025-07-15T17:47:00.000000Z,162.22,162.48,162.16,162.42,27928.87
2025-07-15T17:48:00.000000Z,162.42,162.68,162.41,162.6,40816.8
2025-07-15T17:49:00.000000Z,162.6,162.63,162.38,162.47,19633.13
2025-07-15T17:50:00.000000Z,162.47,162.6,162.39,162.59,15678.74
2025-07-15T17:51:00.000000Z,162.59,162.72,162.37,162.37,27152.97
2025-07-15T17:52:00.000000Z,162.37,162.47,162.33,162.4,9710.92
2025-07-15T17:53:00.000000Z,162.41,162.64,162.4,162.63,11289.99
2025-07-15T17:54:00.000000Z,162.61,162.75,162.58,162.62,21866.18
2025-07-15T17:55:00.000000Z,162.63,162.69,162.54,162.56,13159.86
2025-07-15T17:56:00.000000Z,162.56,162.83,162.56,162.75,26211.24
2025-07-15T17:57:00.000000Z,162.74,162.81,162.63,162.66,7046.37
2025-07-15T17:58:00.000000Z,162.66,162.8,162.61,162.72,14274.04
2025-07-15T17:59:00.000000Z,162.73,162.8,162.69,162.77,12190.41
2025-07-15T18:00:00.000000Z,162.78,162.94,162.66,162.76,37702.64
2025-07-15T18:01:00.000000Z,162.75,162.77,162.61,162.68,24582.74
2025-07-15T18:02:00.000000Z,162.68,162.83,162.68,162.69,16167.21
2025-07-15T18:03:00.000000Z,162.69,162.97,162.66,162.9,20403.42
2025-07-15T18:04:00.000000Z,162.9,162.9,162.66,162.8,21031.63
2025-07-15T18:05:00.000000Z,162.8,162.8,162.59,162.76,24973.26
2025-07-15T18:06:00.000000Z,162.75,162.8,162.69,162.76,14450.74
2025-07-15T18:07:00.000000Z,162.75,162.76,162.34,162.47,47727.37
2025-07-15T18:08:00.000000Z,162.47,162.55,162.38,162.39,15977.69
2025-07-15T18:09:00.000000Z,162.39,162.43,162.21,162.37,30207.87
2025-07-15T18:10:00.000000Z,162.37,162.44,162.35,162.43,7581.01
2025-07-15T18:11:00.000000Z,162.44,162.56,162.38,162.56,16384.96
2025-07-15T18:12:00.000000Z,162.56,162.94,162.47,162.94,27716.76
2025-07-15T18:13:00.000000Z,162.93,162.94,162.68,162.81,15918.25
2025-07-15T18:14:00.000000Z,162.81,162.88,162.76,162.77,13079.22
2025-07-15T18:15:00.000000Z,162.77,163.02,162.74,162.84,29537.99
2025-07-15T18:16:00.000000Z,162.84,163.03,162.7,163.02,16822.28
2025-07-15T18:17:00.000000Z,163.03,163.19,162.97,163.12,26141.53
2025-07-15T18:18:00.000000Z,163.13,163.22,163.1,163.11,31694.62
2025-07-15T18:19:00.000000Z,163.1,163.16,162.9,162.91,20151.37
2025-07-15T18:20:00.000000Z,162.91,163.03,162.91,163.0,15638.34
2025-07-15T18:21:00.000000Z,163.01,163.46,162.99,163.45,51652.23
2025-07-15T18:22:00.000000Z,163.46,163.66,163.35,163.52,90679.75
2025-07-15T18:23:00.000000Z,163.52,163.58,163.44,163.48,17767.26
2025-07-15T18:24:00.000000Z,163.48,163.48,163.17,163.27,33838.59
2025-07-15T18:25:00.000000Z,163.27,163.57,163.19,163.52,27128.54
2025-07-15T18:26:00.000000Z,163.51,163.55,162.92,162.97,73888.87
2025-07-15T18:27:00.000000Z,162.96,162.97,162.43,162.59,76388.44
2025-07-15T18:28:00.000000Z,162.59,162.88,162.58,162.88,24061.23
2025-07-15T18:29:00.000000Z,162.88,162.98,162.75,162.95,20218.5
2025-07-15T18:30:00.000000Z,162.95,162.98,162.63,162.63,13726.05
2025-07-15T18:31:00.000000Z,162.64,162.65,162.25,162.32,39593.04
2025-07-15T18:32:00.000000Z,162.32,162.58,162.17,162.58,41086.19
2025-07-15T18:33:00.000000Z,162.58,162.62,161.92,162.29,52698.42
2025-07-15T18:34:00.000000Z,162.28,162.36,162.06,162.18,20129.55
2025-07-15T18:35:00.000000Z,162.17,162.22,161.69,161.79,48465.52
2025-07-15T18:36:00.000000Z,161.79,161.87,161.31,161.32,59999.69
2025-07-15T18:37:00.000000Z,161.32,161.41,160.95,161.11,76416.71
2025-07-15T18:38:00.000000Z,161.12,161.57,160.73,161.57,73969.52
2025-07-15T18:39:00.000000Z,161.57,161.84,161.37,161.7,35201.2
2025-07-15T18:40:00.000000Z,161.71,161.93,161.66,161.78,33170.93
2025-07-15T18:41:00.000000Z,161.79,161.8,161.13,161.27,84136.29
2025-07-15T18:42:00.000000Z,161.27,161.65,161.24,161.55,21330.79
2025-07-15T18:43:00.000000Z,161.55,162.1,161.49,162.06,24815.6
2025-07-15T18:44:00.000000Z,162.05,162.06,161.52,161.53,27660.27
2025-07-15T18:45:00.000000Z,161.53,161.88,161.36,161.77,40015.04
2025-07-15T18:46:00.000000Z,161.77,162.13,161.73,162.0,28907.25
2025-07-15T18:47:00.000000Z,162.0,162.19,161.85,162.08,21323.07
2025-07-15T18:48:00.000000Z,162.09,162.26,162.05,162.17,20378.09
2025-07-15T18:49:00.000000Z,162.17,162.17,161.92,162.01,19939.97
2025-07-15T18:50:00.000000Z,162.02,162.29,162.01,162.21,22989.94
2025-07-15T18:51:00.000000Z,162.21,162.39,162.12,162.12,23801.11
2025-07-15T18:52:00.000000Z,162.13,162.33,162.12,162.25,15806.39
2025-07-15T18:53:00.000000Z,162.25,162.4,162.22,162.27,14280.68
2025-07-15T18:54:00.000000Z,162.27,162.36,162.18,162.19,10070.35
2025-07-15T18:55:00.000000Z,162.19,162.21,161.96,162.1,12210.75
2025-07-15T18:56:00.000000Z,162.1,162.13,161.95,162.11,8903.13
2025-07-15T18:57:00.000000Z,162.11,162.23,161.99,162.14,10682.41
2025-07-15T18:58:00.000000Z,162.14,162.23,162.04,162.09,9089.49
2025-07-15T18:59:00.000000Z,162.09,162.13,161.77,161.78,9764.1
2025-07-15T19:00:00.000000Z,161.78,161.95,161.59,161.9,24554.18
2025-07-15T19:01:00.000000Z,161.91,161.98,161.75,161.91,15302.4
2025-07-15T19:02:00.000000Z,161.91,162.31,161.87,162.07,19570.11
2025-07-15T19:03:00.000000Z,162.07,162.07,161.75,161.83,16662.9
2025-07-15T19:04:00.000000Z,161.83,161.91,161.74,161.88,13081.1
2025-07-15T19:05:00.000000Z,161.88,162.12,161.86,162.11,14671.39
2025-07-15T19:06:00.000000Z,162.12,162.39,162.11,162.39,24512.99
2025-07-15T19:07:00.000000Z,162.39,162.61,162.38,162.44,13689.48
2025-07-15T19:08:00.000000Z,162.44,162.54,162.36,162.49,11098.89
2025-07-15T19:09:00.000000Z,162.49,162.55,162.4,162.44,10995.9
2025-07-15T19:10:00.000000Z,162.44,162.74,162.44,162.67,13793.37
2025-07-15T19:11:00.000000Z,162.68,162.81,162.59,162.62,14602.97
2025-07-15T19:12:00.000000Z,162.63,162.68,162.55,162.67,8902.92
2025-07-15T19:13:00.000000Z,162.66,162.76,162.6,162.6,4207.72
2025-07-15T19:14:00.000000Z,162.6,162.63,162.48,162.56,7225.88
2025-07-15T19:15:00.000000Z,162.56,162.59,162.18,162.28,6820.97
2025-07-15T19:16:00.000000Z,162.28,162.28,162.02,162.19,13866.78
2025-07-15T19:17:00.000000Z,162.2,162.21,162.11,162.13,4945.47
2025-07-15T19:18:00.000000Z,162.13,162.44,162.13,162.26,9978.11
2025-07-15T19:19:00.000000Z,162.27,162.46,162.22,162.45,7188.56
2025-07-15T19:20:00.000000Z,162.46,162.52,162.14,162.17,30858.85
2025-07-15T19:21:00.000000Z,162.17,162.17,161.9,161.98,15837.05
2025-07-15T19:22:00.000000Z,161.98,162.28,161.95,162.19,7209.5
2025-07-15T19:23:00.000000Z,162.19,162.19,161.98,162.05,5150.92
2025-07-15T19:24:00.000000Z,162.05,162.07,161.97,162.0,7427.85
2025-07-15T19:25:00.000000Z,162.01,162.07,161.97,161.99,2736.5
2025-07-15T19:26:00.000000Z,162.0,162.08,161.74,161.84,12820.19
2025-07-15T19:27:00.000000Z,161.84,161.95,161.76,161.94,22145.75
2025-07-15T19:28:00.000000Z,161.95,162.06,161.89,161.98,14131.72
2025-07-15T19:29:00.000000Z,161.98,162.07,161.93,162.0,3098.63
2025-07-15T19:30:00.000000Z,162.01,162.15,161.97,162.14,6702.73
2025-07-15T19:31:00.000000Z,162.15,162.15,161.97,162.03,2618.82
2025-07-15T19:32:00.000000Z,162.03,162.03,161.7,161.72,18689.05
2025-07-15T19:33:00.000000Z,161.72,161.89,161.64,161.88,17318.87
2025-07-15T19:34:00.000000Z,161.88,161.88,161.55,161.56,10800.5
2025-07-15T19:35:00.000000Z,161.55,161.72,161.55,161.61,13691.76
2025-07-15T19:36:00.000000Z,161.61,161.7,161.54,161.63,6761.84
2025-07-15T19:37:00.000000Z,161.63,161.64,161.41,161.45,22673.39
2025-07-15T19:38:00.000000Z,161.46,161.46,161.01,161.3,28826.0
2025-07-15T19:39:00.000000Z,161.29,161.39,161.24,161.24,13801.45
2025-07-15T19:40:00.000000Z,161.23,161.41,161.19,161.34,19035.2
2025-07-15T19:41:00.000000Z,161.34,161.37,161.05,161.05,16882.21
2025-07-15T19:42:00.000000Z,161.04,161.12,160.89,161.01,28125.16
2025-07-15T19:43:00.000000Z,161.01,161.04,160.75,160.79,27661.99
2025-07-15T19:44:00.000000Z,160.78,160.86,160.42,160.56,46220.75
2025-07-15T19:45:00.000000Z,160.56,160.69,160.22,160.33,41778.89
2025-07-15T19:46:00.000000Z,160.32,160.34,160.15,160.16,29509.98
2025-07-15T19:47:00.000000Z,160.15,160.21,159.95,160.0,45495.55
2025-07-15T19:48:00.000000Z,160.0,160.22,159.86,159.96,34234.17
2025-07-15T19:49:00.000000Z,159.96,160.14,159.93,160.12,21393.54
2025-07-15T19:50:00.000000Z,160.12,160.2,159.96,160.15,18965.03
2025-07-15T19:51:00.000000Z,160.14,160.24,159.99,160.0,14067.53
2025-07-15T19:52:00.000000Z,160.0,160.32,159.92,160.19,27569.21
2025-07-15T19:53:00.000000Z,160.19,160.23,160.06,160.16,9091.29
2025-07-15T19:54:00.000000Z,160.15,160.15,159.89,160.1,11818.59
2025-07-15T19:55:00.000000Z,160.1,160.33,160.1,160.28,9038.79
2025-07-15T19:56:00.000000Z,160.27,160.33,160.19,160.33,11191.24
2025-07-15T19:57:00.000000Z,160.33,160.33,160.06,160.15,5870.29
2025-07-15T19:58:00.000000Z,160.14,160.17,159.97,160.05,9327.82
2025-07-15T19:59:00.000000Z,160.06,160.22,160.01,160.14,13954.87
2025-07-15T20:00:00.000000Z,160.13,160.34,160.07,160.11,18068.04
2025-07-15T20:01:00.000000Z,160.11,160.18,160.1,160.16,7474.52
2025-07-15T20:02:00.000000Z,160.16,160.28,160.06,160.07,17267.97
2025-07-15T20:03:00.000000Z,160.06,160.06,159.86,159.86,23504.17
2025-07-15T20:04:00.000000Z,159.87,160.07,159.74,159.78,24312.24
2025-07-15T20:05:00.000000Z,159.78,159.96,159.62,159.65,32976.25
2025-07-15T20:06:00.000000Z,159.65,159.99,159.62,159.84,26343.21
2025-07-15T20:07:00.000000Z,159.84,160.08,159.79,160.04,9957.51
2025-07-15T20:08:00.000000Z,160.04,160.04,159.81,159.88,5346.89
2025-07-15T20:09:00.000000Z,159.89,160.09,159.88,160.03,14983.03
2025-07-15T20:10:00.000000Z,160.04,160.36,160.03,160.33,16612.78
2025-07-15T20:11:00.000000Z,160.34,160.62,160.34,160.54,20093.49
2025-07-15T20:12:00.000000Z,160.54,160.69,160.54,160.69,8302.58
2025-07-15T20:13:00.000000Z,160.7,160.82,160.69,160.79,9854.89
2025-07-15T20:14:00.000000Z,160.79,160.85,160.66,160.75,8780.19
2025-07-15T20:15:00.000000Z,160.75,161.0,160.74,160.91,24090.2
2025-07-15T20:16:00.000000Z,160.91,160.99,160.77,160.84,12024.16
2025-07-15T20:17:00.000000Z,160.84,160.87,160.19,160.29,22187.82
2025-07-15T20:18:00.000000Z,160.3,160.58,160.27,160.57,8834.67
2025-07-15T20:19:00.000000Z,160.56,160.64,160.43,160.51,12109.71
2025-07-15T20:20:00.000000Z,160.5,160.77,160.5,160.65,5629.84
2025-07-15T20:21:00.000000Z,160.66,160.84,160.65,160.83,6800.02
2025-07-15T20:22:00.000000Z,160.82,160.82,160.44,160.57,8758.25
2025-07-15T20:23:00.000000Z,160.57,160.69,160.52,160.64,5970.99
2025-07-15T20:24:00.000000Z,160.64,160.75,160.62,160.7,4989.36
2025-07-15T20:25:00.000000Z,160.69,160.84,160.69,160.84,7428.87
2025-07-15T20:26:00.000000Z,160.84,160.84,160.75,160.78,3653.86
2025-07-15T20:27:00.000000Z,160.78,161.06,160.72,161.05,18654.96
2025-07-15T20:28:00.000000Z,161.06,161.06,160.85,160.93,4396.07
2025-07-15T20:29:00.000000Z,160.92,161.0,160.86,160.86,3976.73
2025-07-15T20:30:00.000000Z,160.85,160.85,160.38,160.4,18966.64
2025-07-15T20:31:00.000000Z,160.41,160.76,160.38,160.74,8273.31
2025-07-15T20:32:00.000000Z,160.75,160.78,160.64,160.68,3039.62
2025-07-15T20:33:00.000000Z,160.67,160.95,160.65,160.95,3481.76
2025-07-15T20:34:00.000000Z,160.94,161.21,160.94,161.0,8425.27
2025-07-15T20:35:00.000000Z,161.01,161.01,160.75,160.78,10387.42
2025-07-15T20:36:00.000000Z,160.79,160.95,160.73,160.92,15783.37
2025-07-15T20:37:00.000000Z,160.92,160.92,160.6,160.62,7796.57
2025-07-15T20:38:00.000000Z,160.63,160.73,160.63,160.65,4053.0
2025-07-15T20:39:00.000000Z,160.64,160.68,160.5,160.5,17738.92
2025-07-15T20:40:00.000000Z,160.49,160.68,160.47,160.6,10218.66
2025-07-15T20:41:00.000000Z,160.61,160.71,160.6,160.62,7747.3
2025-07-15T20:42:00.000000Z,160.62,160.66,160.6,160.61,4896.36
2025-07-15T20:43:00.000000Z,160.62,160.66,160.56,160.59,3970.44
2025-07-15T20:44:00.000000Z,160.59,160.7,160.54,160.65,6310.09
2025-07-15T20:45:00.000000Z,160.65,160.81,160.64,160.73,4180.18
2025-07-15T20:46:00.000000Z,160.73,160.79,160.63,160.79,3855.68
2025-07-15T20:47:00.000000Z,160.79,160.81,160.63,160.7,3526.89
2025-07-15T20:48:00.000000Z,160.7,160.7,160.55,160.6,2353.27
2025-07-15T20:49:00.000000Z,160.61,160.72,160.58,160.65,4129.65
2025-07-15T20:50:00.000000Z,160.64,160.64,160.49,160.54,3115.31
2025-07-15T20:51:00.000000Z,160.54,160.68,160.51,160.55,2221.37
2025-07-15T20:52:00.000000Z,160.54,160.67,160.5,160.65,2232.76
2025-07-15T20:53:00.000000Z,160.65,160.72,160.58,160.71,2619.74
2025-07-15T20:54:00.000000Z,160.7,160.7,160.54,160.58,2751.67
2025-07-15T20:55:00.000000Z,160.58,160.67,160.55,160.6,3463.99
2025-07-15T20:56:00.000000Z,160.6,160.69,160.58,160.63,3343.02
2025-07-15T20:57:00.000000Z,160.64,160.73,160.64,160.66,1886.73
2025-07-15T20:58:00.000000Z,160.66,160.78,160.66,160.74,10614.35
2025-07-15T20:59:00.000000Z,160.73,160.73,160.63,160.64,4982.1
2025-07-15T21:00:00.000000Z,160.64,160.67,160.53,160.55,8352.7
2025-07-15T21:01:00.000000Z,160.56,160.63,160.49,160.63,6542.81
2025-07-15T21:02:00.000000Z,160.63,160.72,160.55,160.72,8294.37
2025-07-15T21:03:00.000000Z,160.72,160.87,160.6,160.87,3578.87
2025-07-15T21:04:00.000000Z,160.87,160.93,160.81,160.88,12630.32
2025-07-15T21:05:00.000000Z,160.87,160.91,160.82,160.84,6305.07
2025-07-15T21:06:00.000000Z,160.84,160.93,160.83,160.89,5250.36
2025-07-15T21:07:00.000000Z,160.88,160.93,160.82,160.9,3859.09
2025-07-15T21:08:00.000000Z,160.9,160.94,160.89,160.91,1379.07
2025-07-15T21:09:00.000000Z,160.91,160.95,160.87,160.92,2647.69
2025-07-15T21:10:00.000000Z,160.93,160.96,160.85,160.9,6474.41
2025-07-15T21:11:00.000000Z,160.91,160.97,160.89,160.95,2147.96
2025-07-15T21:12:00.000000Z,160.95,161.14,160.91,161.13,4441.35
2025-07-15T21:13:00.000000Z,161.13,161.26,161.07,161.19,9602.25
2025-07-15T21:14:00.000000Z,161.2,161.41,161.18,161.39,9702.16
2025-07-15T21:15:00.000000Z,161.4,161.47,161.22,161.33,16298.38
2025-07-15T21:16:00.000000Z,161.34,161.45,161.34,161.45,7343.84
2025-07-15T21:17:00.000000Z,161.45,161.56,161.35,161.51,8233.2
2025-07-15T21:18:00.000000Z,161.5,161.57,161.47,161.5,3932.93
2025-07-15T21:19:00.000000Z,161.5,161.56,161.35,161.55,6807.22
2025-07-15T21:20:00.000000Z,161.56,161.73,161.54,161.63,8742.38
2025-07-15T21:21:00.000000Z,161.62,161.62,161.4,161.41,5962.38
2025-07-15T21:22:00.000000Z,161.4,161.56,161.4,161.5,3446.08
2025-07-15T21:23:00.000000Z,161.5,161.59,161.48,161.55,1684.33
2025-07-15T21:24:00.000000Z,161.55,161.72,161.54,161.7,11809.08
2025-07-15T21:25:00.000000Z,161.69,161.69,161.5,161.58,3957.41
2025-07-15T21:26:00.000000Z,161.59,161.66,161.55,161.6,4811.54
2025-07-15T21:27:00.000000Z,161.6,161.73,161.58,161.73,7325.61
2025-07-15T21:28:00.000000Z,161.73,161.78,161.69,161.78,5582.07
2025-07-15T21:29:00.000000Z,161.77,161.78,161.68,161.71,3689.95
2025-07-15T21:30:00.000000Z,161.71,161.84,161.69,161.69,11652.6
2025-07-15T21:31:00.000000Z,161.69,161.75,161.6,161.67,6131.07
2025-07-15T21:32:00.000000Z,161.66,161.77,161.6,161.76,5730.57
2025-07-15T21:33:00.000000Z,161.76,161.99,161.74,161.94,14453.81
2025-07-15T21:34:00.000000Z,161.94,162.02,161.92,161.95,14541.23
2025-07-15T21:35:00.000000Z,161.95,162.02,161.93,162.02,6240.74
2025-07-15T21:36:00.000000Z,162.02,162.23,162.0,162.21,9194.11
2025-07-15T21:37:00.000000Z,162.21,162.35,162.16,162.3,13956.88
2025-07-15T21:38:00.000000Z,162.31,162.36,162.22,162.22,4726.01
2025-07-15T21:39:00.000000Z,162.22,162.33,162.2,162.33,4531.83
2025-07-15T21:40:00.000000Z,162.33,162.33,162.19,162.26,6184.56
2025-07-15T21:41:00.000000Z,162.26,162.4,162.12,162.37,13093.36
2025-07-15T21:42:00.000000Z,162.37,162.43,162.3,162.42,10777.75
2025-07-15T21:43:00.000000Z,162.42,162.52,162.41,162.52,8353.26
2025-07-15T21:44:00.000000Z,162.51,162.62,162.18,162.18,14986.24
2025-07-15T21:45:00.000000Z,162.19,162.43,162.19,162.35,12394.11
2025-07-15T21:46:00.000000Z,162.36,162.36,161.97,161.97,11434.99
2025-07-15T21:47:00.000000Z,161.98,162.16,161.97,162.02,8385.27
2025-07-15T21:48:00.000000Z,162.01,162.1,161.92,162.1,3651.82
2025-07-15T21:49:00.000000Z,162.09,162.1,162.0,162.06,3070.5
2025-07-15T21:50:00.000000Z,162.05,162.07,162.05,162.07,1422.32
2025-07-15T21:51:00.000000Z,162.07,162.19,162.06,162.19,3675.3
2025-07-15T21:52:00.000000Z,162.19,162.25,161.98,161.98,7953.07
2025-07-15T21:53:00.000000Z,161.98,162.01,161.94,161.98,5082.18
2025-07-15T21:54:00.000000Z,161.99,162.0,161.9,161.93,4612.79
2025-07-15T21:55:00.000000Z,161.94,162.01,161.77,161.99,27367.45
2025-07-15T21:56:00.000000Z,161.98,162.01,161.92,162.01,3744.23
2025-07-15T21:57:00.000000Z,162.01,162.05,161.97,161.97,2461.53
2025-07-15T21:58:00.000000Z,161.97,161.98,161.75,161.83,29969.94
2025-07-15T21:59:00.000000Z,161.84,161.94,161.83,161.87,4470.34
2025-07-15T22:00:00.000000Z,161.88,162.03,161.51,161.6,27519.54
2025-07-15T22:01:00.000000Z,161.6,161.79,161.47,161.48,16160.45
2025-07-15T22:02:00.000000Z,161.47,161.57,161.3,161.46,25018.54
2025-07-15T22:03:00.000000Z,161.46,161.54,161.41,161.43,8787.13
2025-07-15T22:04:00.000000Z,161.43,161.55,161.33,161.45,7918.18
2025-07-15T22:05:00.000000Z,161.45,161.65,161.43,161.65,7456.93
2025-07-15T22:06:00.000000Z,161.66,161.73,161.58,161.59,6413.93
2025-07-15T22:07:00.000000Z,161.59,161.66,161.51,161.53,7343.93
2025-07-15T22:08:00.000000Z,161.53,161.54,161.34,161.36,7120.17
2025-07-15T22:09:00.000000Z,161.36,161.49,161.34,161.49,5308.4
2025-07-15T22:10:00.000000Z,161.48,161.52,161.38,161.47,5217.53
2025-07-15T22:11:00.000000Z,161.48,161.65,161.48,161.58,5635.94
2025-07-15T22:12:00.000000Z,161.58,161.66,161.58,161.65,2865.4
2025-07-15T22:13:00.000000Z,161.64,161.66,161.57,161.65,1608.28
2025-07-15T22:14:00.000000Z,161.66,161.66,161.59,161.64,2077.12
2025-07-15T22:15:00.000000Z,161.64,161.65,161.55,161.63,2283.13
2025-07-15T22:16:00.000000Z,161.63,161.82,161.62,161.82,6820.41
2025-07-15T22:17:00.000000Z,161.82,161.85,161.76,161.81,3461.5
2025-07-15T22:18:00.000000Z,161.81,161.81,161.67,161.71,8357.97
2025-07-15T22:19:00.000000Z,161.71,161.72,161.63,161.64,3590.36
2025-07-15T22:20:00.000000Z,161.63,161.75,161.63,161.68,3566.64
2025-07-15T22:21:00.000000Z,161.68,161.77,161.64,161.65,2633.38
2025-07-15T22:22:00.000000Z,161.64,161.72,161.55,161.56,2628.03
2025-07-15T22:23:00.000000Z,161.56,161.76,161.56,161.76,3979.33
2025-07-15T22:24:00.000000Z,161.77,161.77,161.61,161.66,2623.65
2025-07-15T22:25:00.000000Z,161.66,161.74,161.66,161.68,1769.8
2025-07-15T22:26:00.000000Z,161.68,161.75,161.67,161.74,5491.02
2025-07-15T22:27:00.000000Z,161.75,162.1,161.74,161.96,27510.62
2025-07-15T22:28:00.000000Z,161.95,161.98,161.82,161.86,3375.51
2025-07-15T22:29:00.000000Z,161.87,161.87,161.78,161.83,3587.59
2025-07-15T22:30:00.000000Z,161.82,161.96,161.77,161.84,6359.32
2025-07-15T22:31:00.000000Z,161.84,161.88,161.76,161.88,2094.18
2025-07-15T22:32:00.000000Z,161.88,161.88,161.74,161.78,3480.12
2025-07-15T22:33:00.000000Z,161.78,161.86,161.66,161.69,4432.48
2025-07-15T22:34:00.000000Z,161.69,161.7,161.43,161.59,8646.33
2025-07-15T22:35:00.000000Z,161.59,161.64,161.5,161.56,3939.34
2025-07-15T22:36:00.000000Z,161.57,161.7,161.57,161.7,1593.09
2025-07-15T22:37:00.000000Z,161.7,161.83,161.7,161.8,7459.77
2025-07-15T22:38:00.000000Z,161.8,161.88,161.78,161.8,4188.27
2025-07-15T22:39:00.000000Z,161.81,161.84,161.7,161.84,6110.57
2025-07-15T22:40:00.000000Z,161.84,161.95,161.84,161.93,3827.7
2025-07-15T22:41:00.000000Z,161.92,162.0,161.88,161.99,2291.02
2025-07-15T22:42:00.000000Z,162.0,162.03,161.94,162.02,5620.01
2025-07-15T22:43:00.000000Z,162.02,162.19,161.99,162.18,14304.55
2025-07-15T22:44:00.000000Z,162.18,162.19,162.09,162.11,7158.96
2025-07-15T22:45:00.000000Z,162.11,162.15,162.03,162.03,5738.05
2025-07-15T22:46:00.000000Z,162.03,162.13,162.0,162.05,6354.8
2025-07-15T22:47:00.000000Z,162.04,162.09,161.97,162.08,8352.74
2025-07-15T22:48:00.000000Z,162.09,162.11,162.02,162.05,2193.81
2025-07-15T22:49:00.000000Z,162.05,162.11,162.02,162.09,3407.77
2025-07-15T22:50:00.000000Z,162.1,162.19,162.09,162.12,1699.44
2025-07-15T22:51:00.000000Z,162.12,162.14,162.05,162.13,2599.77
2025-07-15T22:52:00.000000Z,162.13,162.3,162.12,162.26,7785.4
2025-07-15T22:53:00.000000Z,162.26,162.27,162.1,162.1,3462.83
2025-07-15T22:54:00.000000Z,162.11,162.11,162.01,162.05,3232.53
2025-07-15T22:55:00.000000Z,162.05,162.3,162.03,162.29,4178.67
2025-07-15T22:56:00.000000Z,162.29,162.33,162.28,162.31,4002.99
2025-07-15T22:57:00.000000Z,162.32,162.32,162.24,162.28,5155.99
2025-07-15T22:58:00.000000Z,162.28,162.4,162.28,162.4,4181.68
2025-07-15T22:59:00.000000Z,162.4,162.5,162.38,162.5,9119.65
2025-07-15T23:00:00.000000Z,162.5,163.28,162.49,163.27,84182.91
2025-07-15T23:01:00.000000Z,163.28,163.35,163.25,163.27,28525.48
2025-07-15T23:02:00.000000Z,163.26,163.5,163.26,163.45,39644.72
2025-07-15T23:03:00.000000Z,163.45,163.6,163.42,163.59,26835.62
2025-07-15T23:04:00.000000Z,163.6,163.93,163.48,163.82,38982.71
2025-07-15T23:05:00.000000Z,163.82,163.93,163.71,163.79,27564.7
2025-07-15T23:06:00.000000Z,163.78,163.93,163.77,163.93,16269.06
2025-07-15T23:07:00.000000Z,163.92,163.94,163.77,163.78,21579.53
2025-07-15T23:08:00.000000Z,163.77,164.11,163.77,163.99,60230.09
2025-07-15T23:09:00.000000Z,163.98,164.09,163.89,163.99,34467.86
2025-07-15T23:10:00.000000Z,163.98,164.12,163.91,164.1,49006.77
2025-07-15T23:11:00.000000Z,164.09,164.12,163.99,164.03,19948.66
2025-07-15T23:12:00.000000Z,164.02,164.04,163.91,163.92,19777.14
2025-07-15T23:13:00.000000Z,163.91,163.92,163.66,163.8,26103.8
2025-07-15T23:14:00.000000Z,163.8,163.8,163.61,163.68,16059.41
2025-07-15T23:15:00.000000Z,163.68,163.96,163.68,163.96,26444.32
2025-07-15T23:16:00.000000Z,163.95,164.07,163.85,164.05,16022.99
2025-07-15T23:17:00.000000Z,164.05,164.21,163.94,164.07,23350.09
2025-07-15T23:18:00.000000Z,164.06,164.15,164.0,164.06,8998.54
2025-07-15T23:19:00.000000Z,164.07,164.26,163.92,164.26,12330.43
2025-07-15T23:20:00.000000Z,164.26,164.26,163.95,163.95,17449.51
2025-07-15T23:21:00.000000Z,163.95,164.05,163.92,163.96,11830.39
2025-07-15T23:22:00.000000Z,163.95,164.13,163.9,164.12,6547.23
2025-07-15T23:23:00.000000Z,164.11,164.11,163.76,163.8,10754.58
2025-07-15T23:24:00.000000Z,163.81,163.87,163.75,163.87,7309.06
2025-07-15T23:25:00.000000Z,163.86,164.11,163.85,164.11,10606.92
2025-07-15T23:26:00.000000Z,164.12,164.16,163.89,163.97,9616.41
2025-07-15T23:27:00.000000Z,163.97,163.98,163.78,163.89,4893.0
2025-07-15T23:28:00.000000Z,163.9,163.93,163.81,163.82,5821.41
2025-07-15T23:29:00.000000Z,163.82,163.84,163.73,163.8,4322.85
2025-07-15T23:30:00.000000Z,163.81,163.89,163.68,163.69,11800.05
2025-07-15T23:31:00.000000Z,163.69,163.89,163.69,163.88,6523.19
2025-07-15T23:32:00.000000Z,163.89,163.89,163.76,163.88,5607.35
2025-07-15T23:33:00.000000Z,163.88,163.9,163.79,163.8,6112.43
2025-07-15T23:34:00.000000Z,163.8,163.83,163.51,163.55,10347.39
2025-07-15T23:35:00.000000Z,163.54,163.67,163.54,163.67,5794.04
2025-07-15T23:36:00.000000Z,163.67,163.98,163.66,163.86,10180.24
2025-07-15T23:37:00.000000Z,163.85,163.93,163.81,163.91,8340.63
2025-07-15T23:38:00.000000Z,163.91,164.06,163.76,163.78,11964.59
2025-07-15T23:39:00.000000Z,163.78,163.84,163.74,163.79,4023.28
2025-07-15T23:40:00.000000Z,163.79,163.93,163.79,163.87,7116.36
2025-07-15T23:41:00.000000Z,163.87,164.01,163.83,164.01,4667.55
2025-07-15T23:42:00.000000Z,164.01,164.01,163.92,163.99,5284.53
2025-07-15T23:43:00.000000Z,163.99,164.03,163.98,164.02,2957.05
2025-07-15T23:44:00.000000Z,164.02,164.17,164.01,164.07,15834.78
2025-07-15T23:45:00.000000Z,164.06,164.11,163.99,164.05,17549.46
2025-07-15T23:46:00.000000Z,164.05,164.06,163.95,163.98,14758.13
2025-07-15T23:47:00.000000Z,163.98,163.98,163.82,163.85,6739.02
2025-07-15T23:48:00.000000Z,163.84,163.98,163.83,163.97,1893.32
2025-07-15T23:49:00.000000Z,163.97,163.98,163.9,163.93,5296.99
2025-07-15T23:50:00.000000Z,163.93,163.94,163.79,163.88,7448.46
2025-07-15T23:51:00.000000Z,163.88,163.95,163.86,163.92,6390.71
2025-07-15T23:52:00.000000Z,163.92,163.93,163.83,163.85,2061.76
2025-07-15T23:53:00.000000Z,163.85,163.85,163.76,163.76,4970.84
2025-07-15T23:54:00.000000Z,163.75,163.94,163.73,163.94,12434.02
2025-07-15T23:55:00.000000Z,163.94,163.96,163.91,163.95,5736.62
2025-07-15T23:56:00.000000Z,163.95,164.0,163.89,163.89,7547.7
2025-07-15T23:57:00.000000Z,163.89,164.0,163.84,164.0,5139.54
2025-07-15T23:58:00.000000Z,163.99,164.0,163.95,163.98,3264.99
2025-07-15T23:59:00.000000Z,163.97,164.01,163.95,163.99,9440.39
2025-07-16T00:00:00.000000Z,163.99,164.11,163.81,163.81,38117.42
2025-07-16T00:01:00.000000Z,163.81,163.81,163.65,163.66,19381.77
2025-07-16T00:02:00.000000Z,163.67,163.73,163.65,163.68,9318.55
2025-07-16T00:03:00.000000Z,163.68,163.76,163.68,163.71,6941.53
2025-07-16T00:04:00.000000Z,163.7,163.74,163.67,163.72,5414.84
2025-07-16T00:05:00.000000Z,163.72,163.74,163.61,163.63,7719.82
2025-07-16T00:06:00.000000Z,163.62,163.69,163.58,163.64,8482.92
2025-07-16T00:07:00.000000Z,163.64,163.7,163.54,163.69,12021.71
2025-07-16T00:08:00.000000Z,163.69,163.72,163.62,163.7,8401.71
2025-07-16T00:09:00.000000Z,163.7,163.76,163.62,163.68,7750.91
2025-07-16T00:10:00.000000Z,163.68,163.77,163.64,163.64,8235.05
2025-07-16T00:11:00.000000Z,163.63,163.77,163.56,163.68,28882.83
2025-07-16T00:12:00.000000Z,163.69,163.8,163.68,163.76,7998.92
2025-07-16T00:13:00.000000Z,163.76,163.79,163.66,163.66,4943.11
2025-07-16T00:14:00.000000Z,163.67,163.73,163.59,163.65,11916.78
2025-07-16T00:15:00.000000Z,163.64,163.8,163.6,163.77,12606.94
2025-07-16T00:16:00.000000Z,163.77,164.06,163.75,164.05,8768.8
2025-07-16T00:17:00.000000Z,164.06,164.14,163.95,164.14,16372.57
2025-07-16T00:18:00.000000Z,164.13,164.47,164.07,164.42,37031.55
2025-07-16T00:19:00.000000Z,164.42,164.5,164.32,164.34,19806.13
2025-07-16T00:20:00.000000Z,164.33,164.43,164.25,164.39,11719.15
2025-07-16T00:21:00.000000Z,164.39,164.53,164.34,164.46,27764.59
2025-07-16T00:22:00.000000Z,164.45,164.54,164.4,164.49,19368.02
2025-07-16T00:23:00.000000Z,164.5,164.6,164.48,164.56,19772.53
2025-07-16T00:24:00.000000Z,164.55,164.63,164.4,164.5,40238.61
2025-07-16T00:25:00.000000Z,164.5,164.51,164.34,164.35,23637.31
2025-07-16T00:26:00.000000Z,164.35,164.38,164.27,164.34,9832.47
2025-07-16T00:27:00.000000Z,164.35,164.36,164.24,164.25,7855.42
2025-07-16T00:28:00.000000Z,164.25,164.42,164.23,164.41,15281.27
2025-07-16T00:29:00.000000Z,164.42,164.49,164.4,164.49,4003.14
2025-07-16T00:30:00.000000Z,164.49,164.53,164.34,164.36,36748.09
2025-07-16T00:31:00.000000Z,164.37,164.41,164.35,164.38,3647.96
2025-07-16T00:32:00.000000Z,164.39,164.5,164.35,164.46,4816.47
2025-07-16T00:33:00.000000Z,164.46,164.46,164.32,164.34,5920.85
2025-07-16T00:34:00.000000Z,164.34,164.38,164.31,164.36,3878.98
2025-07-16T00:35:00.000000Z,164.36,164.49,164.33,164.45,12646.72
2025-07-16T00:36:00.000000Z,164.45,164.69,164.44,164.67,24899.56
2025-07-16T00:37:00.000000Z,164.68,164.73,164.6,164.68,10361.89
2025-07-16T00:38:00.000000Z,164.68,164.82,164.64,164.8,21293.38
2025-07-16T00:39:00.000000Z,164.8,164.93,164.78,164.9,23759.1
2025-07-16T00:40:00.000000Z,164.9,165.09,164.87,164.93,58179.75
2025-07-16T00:41:00.000000Z,164.93,164.93,164.73,164.73,13989.81
2025-07-16T00:42:00.000000Z,164.74,164.9,164.73,164.81,9644.92
2025-07-16T00:43:00.000000Z,164.81,164.98,164.78,164.9,9964.62
2025-07-16T00:44:00.000000Z,164.9,165.14,164.89,165.12,20676.52
2025-07-16T00:45:00.000000Z,165.13,165.13,164.76,164.79,17281.39
2025-07-16T00:46:00.000000Z,164.79,164.95,164.79,164.84,7000.32
2025-07-16T00:47:00.000000Z,164.84,165.13,164.84,165.12,21240.96
2025-07-16T00:48:00.000000Z,165.12,165.18,165.09,165.17,22343.09
2025-07-16T00:49:00.000000Z,165.18,165.29,165.16,165.19,15541.96
2025-07-16T00:50:00.000000Z,165.2,165.21,164.97,165.03,11196.43
2025-07-16T00:51:00.000000Z,165.04,165.09,164.92,165.02,17748.11
2025-07-16T00:52:00.000000Z,165.02,165.02,164.75,164.75,12937.5
2025-07-16T00:53:00.000000Z,164.76,164.8,164.69,164.71,11802.55
2025-07-16T00:54:00.000000Z,164.72,164.85,164.71,164.77,17745.05
2025-07-16T00:55:00.000000Z,164.77,164.77,164.59,164.71,24638.3
2025-07-16T00:56:00.000000Z,164.71,164.72,164.6,164.6,15296.98
2025-07-16T00:57:00.000000Z,164.61,164.65,164.57,164.64,10720.15
2025-07-16T00:58:00.000000Z,164.65,164.7,164.65,164.67,10432.13
2025-07-16T00:59:00.000000Z,164.68,164.77,164.67,164.76,8923.39
2025-07-16T01:00:00.000000Z,164.76,164.78,164.66,164.7,15466.4
2025-07-16T01:01:00.000000Z,164.7,164.71,164.62,164.66,7224.84
2025-07-16T01:02:00.000000Z,164.66,164.69,164.62,164.65,15986.05
2025-07-16T01:03:00.000000Z,164.65,164.76,164.58,164.76,6995.59
2025-07-16T01:04:00.000000Z,164.75,164.77,164.65,164.77,14913.97
2025-07-16T01:05:00.000000Z,164.76,164.78,164.66,164.78,10441.73
2025-07-16T01:06:00.000000Z,164.78,164.78,164.63,164.67,13100.02
2025-07-16T01:07:00.000000Z,164.68,164.68,164.49,164.56,13874.17
2025-07-16T01:08:00.000000Z,164.56,164.83,164.55,164.64,14570.14
2025-07-16T01:09:00.000000Z,164.64,164.67,164.4,164.52,20449.28
2025-07-16T01:10:00.000000Z,164.51,164.52,164.43,164.44,17229.97
2025-07-16T01:11:00.000000Z,164.44,164.48,164.35,164.48,12109.65
2025-07-16T01:12:00.000000Z,164.48,164.48,164.32,164.36,8132.67
2025-07-16T01:13:00.000000Z,164.36,164.41,164.36,164.39,5094.94
2025-07-16T01:14:00.000000Z,164.4,164.41,164.38,164.4,2202.1
2025-07-16T01:15:00.000000Z,164.4,164.5,164.36,164.44,13921.06
2025-07-16T01:16:00.000000Z,164.44,164.54,164.38,164.54,7246.5
2025-07-16T01:17:00.000000Z,164.54,164.57,164.4,164.4,19737.51
2025-07-16T01:18:00.000000Z,164.41,164.54,164.41,164.54,4293.94
2025-07-16T01:19:00.000000Z,164.54,164.59,164.45,164.54,10720.4
2025-07-16T01:20:00.000000Z,164.55,164.61,164.49,164.5,5323.46
2025-07-16T01:21:00.000000Z,164.5,164.58,164.46,164.57,4089.38
2025-07-16T01:22:00.000000Z,164.58,164.66,164.57,164.63,5180.79
2025-07-16T01:23:00.000000Z,164.63,164.64,164.52,164.52,3928.75
2025-07-16T01:24:00.000000Z,164.53,164.54,164.39,164.43,6695.58
2025-07-16T01:25:00.000000Z,164.44,164.46,164.37,164.46,8274.97
2025-07-16T01:26:00.000000Z,164.46,164.5,164.44,164.47,5055.98
2025-07-16T01:27:00.000000Z,164.47,164.57,164.43,164.43,4726.02
2025-07-16T01:28:00.000000Z,164.44,164.47,164.37,164.42,5013.02
2025-07-16T01:29:00.000000Z,164.43,164.44,164.37,164.44,5349.95
2025-07-16T01:30:00.000000Z,164.44,164.5,164.36,164.36,6284.21
2025-07-16T01:31:00.000000Z,164.37,164.37,164.11,164.12,22012.48
2025-07-16T01:32:00.000000Z,164.12,164.48,164.03,164.47,21331.53
2025-07-16T01:33:00.000000Z,164.47,164.65,164.38,164.6,21004.85
2025-07-16T01:34:00.000000Z,164.6,164.6,164.45,164.54,10209.82
2025-07-16T01:35:00.000000Z,164.54,164.6,164.52,164.55,4381.83
2025-07-16T01:36:00.000000Z,164.56,164.56,164.37,164.53,8302.99
2025-07-16T01:37:00.000000Z,164.53,164.57,164.4,164.52,4422.58
2025-07-16T01:38:00.000000Z,164.52,164.52,164.34,164.47,5075.51
2025-07-16T01:39:00.000000Z,164.48,164.52,164.45,164.45,2027.95
2025-07-16T01:40:00.000000Z,164.45,164.47,164.39,164.47,4022.09
2025-07-16T01:41:00.000000Z,164.47,164.5,164.32,164.33,5841.32
2025-07-16T01:42:00.000000Z,164.33,164.41,164.22,164.25,10812.54
2025-07-16T01:43:00.000000Z,164.25,164.45,164.25,164.32,7134.11
2025-07-16T01:44:00.000000Z,164.33,164.34,164.2,164.2,3159.77
2025-07-16T01:45:00.000000Z,164.21,164.23,164.05,164.05,15951.29
2025-07-16T01:46:00.000000Z,164.06,164.18,164.05,164.18,14751.78
2025-07-16T01:47:00.000000Z,164.18,164.19,163.96,164.0,12200.77
2025-07-16T01:48:00.000000Z,164.0,164.03,163.87,163.89,18154.54
2025-07-16T01:49:00.000000Z,163.9,164.01,163.86,163.98,20869.51
2025-07-16T01:50:00.000000Z,163.98,164.23,163.94,164.21,9697.25
2025-07-16T01:51:00.000000Z,164.21,164.25,164.18,164.19,6979.96
2025-07-16T01:52:00.000000Z,164.2,164.2,164.06,164.1,4046.67
2025-07-16T01:53:00.000000Z,164.1,164.15,164.04,164.11,8463.46
2025-07-16T01:54:00.000000Z,164.1,164.11,164.01,164.04,3687.73
2025-07-16T01:55:00.000000Z,164.05,164.05,163.83,163.88,11595.54
2025-07-16T01:56:00.000000Z,163.89,164.03,163.78,164.02,16577.24
2025-07-16T01:57:00.000000Z,164.03,164.13,163.9,164.08,11004.39
2025-07-16T01:58:00.000000Z,164.08,164.08,163.86,163.91,10777.14
2025-07-16T01:59:00.000000Z,163.92,163.96,163.89,163.95,3476.8
2025-07-16T02:00:00.000000Z,163.95,164.14,163.94,164.01,6059.78
2025-07-16T02:01:00.000000Z,164.0,164.03,163.88,163.88,6140.86
2025-07-16T02:02:00.000000Z,163.88,164.01,163.84,163.86,5323.94
2025-07-16T02:03:00.000000Z,163.85,163.89,163.7,163.72,12050.77
2025-07-16T02:04:00.000000Z,163.72,163.76,163.38,163.42,25840.83
2025-07-16T02:05:00.000000Z,163.42,163.65,163.38,163.58,61366.28
2025-07-16T02:06:00.000000Z,163.59,163.59,163.32,163.36,19399.69
2025-07-16T02:07:00.000000Z,163.36,163.64,163.36,163.57,20409.56
2025-07-16T02:08:00.000000Z,163.57,163.57,163.4,163.46,8173.92
2025-07-16T02:09:00.000000Z,163.47,163.47,163.37,163.39,8277.57
2025-07-16T02:10:00.000000Z,163.39,163.46,163.35,163.46,5796.31
2025-07-16T02:11:00.000000Z,163.46,163.6,163.43,163.59,11914.87
2025-07-16T02:12:00.000000Z,163.59,163.61,163.42,163.44,5025.68
2025-07-16T02:13:00.000000Z,163.44,163.53,163.44,163.52,2682.84
2025-07-16T02:14:00.000000Z,163.51,163.57,163.45,163.53,3483.24
2025-07-16T02:15:00.000000Z,163.53,163.69,163.5,163.54,13807.72
2025-07-16T02:16:00.000000Z,163.53,163.58,163.32,163.34,12663.75
2025-07-16T02:17:00.000000Z,163.34,163.39,163.2,163.28,20506.64
2025-07-16T02:18:00.000000Z,163.28,163.31,163.2,163.21,7806.63
2025-07-16T02:19:00.000000Z,163.2,163.27,162.68,162.82,108571.98
2025-07-16T02:20:00.000000Z,162.81,163.0,162.77,162.89,21090.53
2025-07-16T02:21:00.000000Z,162.89,163.02,162.89,162.92,13057.58
2025-07-16T02:22:00.000000Z,162.92,162.93,162.61,162.65,29780.98
2025-07-16T02:23:00.000000Z,162.64,162.74,162.57,162.62,20164.89
2025-07-16T02:24:00.000000Z,162.62,162.73,162.51,162.51,18138.94
2025-07-16T02:25:00.000000Z,162.51,162.55,162.27,162.36,41700.33
2025-07-16T02:26:00.000000Z,162.36,162.48,162.24,162.48,16329.56
2025-07-16T02:27:00.000000Z,162.47,162.51,162.44,162.51,12569.51
2025-07-16T02:28:00.000000Z,162.51,162.52,162.41,162.43,11538.87
2025-07-16T02:29:00.000000Z,162.43,162.47,162.34,162.35,5465.97
2025-07-16T02:30:00.000000Z,162.35,162.4,162.11,162.2,30974.8
2025-07-16T02:31:00.000000Z,162.21,162.48,162.21,162.26,11083.33
2025-07-16T02:32:00.000000Z,162.25,162.32,162.14,162.15,9602.99
2025-07-16T02:33:00.000000Z,162.14,162.15,161.9,161.96,33649.72
2025-07-16T02:34:00.000000Z,161.97,162.02,161.89,161.9,24438.52
2025-07-16T02:35:00.000000Z,161.9,161.97,161.75,161.92,33781.14
2025-07-16T02:36:00.000000Z,161.92,161.93,161.69,161.75,25973.83
2025-07-16T02:37:00.000000Z,161.75,161.91,161.69,161.78,16810.37
2025-07-16T02:38:00.000000Z,161.79,161.95,161.7,161.95,9404.56
2025-07-16T02:39:00.000000Z,161.94,162.01,161.87,161.93,12713.61
2025-07-16T02:40:00.000000Z,161.93,161.98,161.7,161.71,13877.12
2025-07-16T02:41:00.000000Z,161.71,161.83,161.51,161.56,25886.72
2025-07-16T02:42:00.000000Z,161.55,161.68,161.5,161.63,14024.62
2025-07-16T02:43:00.000000Z,161.63,161.75,161.63,161.71,16160.34
2025-07-16T02:44:00.000000Z,161.7,161.76,161.64,161.66,7679.92
2025-07-16T02:45:00.000000Z,161.66,161.94,161.66,161.94,21344.54
2025-07-16T02:46:00.000000Z,161.93,162.22,161.93,162.06,25413.01
2025-07-16T02:47:00.000000Z,162.06,162.14,162.06,162.13,12046.36
2025-07-16T02:48:00.000000Z,162.13,162.21,162.12,162.2,9496.85
2025-07-16T02:49:00.000000Z,162.21,162.29,162.2,162.27,10747.21
2025-07-16T02:50:00.000000Z,162.26,162.35,162.17,162.18,14276.75
2025-07-16T02:51:00.000000Z,162.17,162.28,162.17,162.24,9587.04
2025-07-16T02:52:00.000000Z,162.25,162.25,162.16,162.2,7832.03
2025-07-16T02:53:00.000000Z,162.21,162.21,162.08,162.1,6318.53
2025-07-16T02:54:00.000000Z,162.1,162.12,162.04,162.09,3079.15
2025-07-16T02:55:00.000000Z,162.09,162.1,162.02,162.03,7450.11
2025-07-16T02:56:00.000000Z,162.02,162.08,162.02,162.07,2621.5
2025-07-16T02:57:00.000000Z,162.07,162.07,161.93,161.96,7872.04
2025-07-16T02:58:00.000000Z,161.97,162.03,161.94,161.99,4801.91
2025-07-16T02:59:00.000000Z,161.99,162.12,161.99,162.1,4273.89
2025-07-16T03:00:00.000000Z,162.11,162.21,161.95,162.19,18031.27
2025-07-16T03:01:00.000000Z,162.2,162.31,162.18,162.31,7165.75
2025-07-16T03:02:00.000000Z,162.31,162.4,162.3,162.4,10813.26
2025-07-16T03:03:00.000000Z,162.39,162.41,162.19,162.2,18458.56
2025-07-16T03:04:00.000000Z,162.2,162.35,162.2,162.32,5731.8
2025-07-16T03:05:00.000000Z,162.31,162.36,162.27,162.35,9128.03
2025-07-16T03:06:00.000000Z,162.35,162.35,162.31,162.34,5082.31
2025-07-16T03:07:00.000000Z,162.34,162.34,162.27,162.32,10065.9
2025-07-16T03:08:00.000000Z,162.31,162.35,162.26,162.26,7632.51
2025-07-16T03:09:00.000000Z,162.27,162.27,161.95,161.98,19440.07
2025-07-16T03:10:00.000000Z,161.97,162.13,161.91,162.12,8528.15
2025-07-16T03:11:00.000000Z,162.12,162.12,162.03,162.08,3046.43
2025-07-16T03:12:00.000000Z,162.07,162.08,161.9,161.9,6481.34
2025-07-16T03:13:00.000000Z,161.9,161.95,161.88,161.9,8830.68
2025-07-16T03:14:00.000000Z,161.9,161.94,161.89,161.93,5111.34
2025-07-16T03:15:00.000000Z,161.92,162.2,161.92,162.19,7735.79
2025-07-16T03:16:00.000000Z,162.19,162.26,162.15,162.2,7254.19
2025-07-16T03:17:00.000000Z,162.2,162.25,162.13,162.23,6000.1
2025-07-16T03:18:00.000000Z,162.22,162.29,162.21,162.29,3193.15
2025-07-16T03:19:00.000000Z,162.28,162.52,162.26,162.47,38973.84
2025-07-16T03:20:00.000000Z,162.46,162.59,162.45,162.46,16726.79
2025-07-16T03:21:00.000000Z,162.45,162.5,162.35,162.35,4626.94
2025-07-16T03:22:00.000000Z,162.35,162.54,162.33,162.54,5127.85
2025-07-16T03:23:00.000000Z,162.53,162.53,162.44,162.48,6859.7
2025-07-16T03:24:00.000000Z,162.48,162.48,162.44,162.48,5713.28
2025-07-16T03:25:00.000000Z,162.47,162.51,162.47,162.48,7104.75
2025-07-16T03:26:00.000000Z,162.48,162.49,162.25,162.26,7704.56
2025-07-16T03:27:00.000000Z,162.26,162.39,162.26,162.39,4350.74
2025-07-16T03:28:00.000000Z,162.38,162.39,162.33,162.38,3195.98
2025-07-16T03:29:00.000000Z,162.37,162.45,162.33,162.35,1633.81
2025-07-16T03:30:00.000000Z,162.35,162.52,162.34,162.52,9423.01
2025-07-16T03:31:00.000000Z,162.51,162.67,162.51,162.64,10943.9
2025-07-16T03:32:00.000000Z,162.64,162.73,162.62,162.62,17817.71
2025-07-16T03:33:00.000000Z,162.62,162.72,162.61,162.7,6739.66
2025-07-16T03:34:00.000000Z,162.7,162.75,162.62,162.63,7990.08
2025-07-16T03:35:00.000000Z,162.62,162.74,162.62,162.73,9128.04
2025-07-16T03:36:00.000000Z,162.73,162.76,162.66,162.68,4466.74
2025-07-16T03:37:00.000000Z,162.68,162.72,162.6,162.68,6882.05
2025-07-16T03:38:00.000000Z,162.68,162.72,162.68,162.71,2315.07
2025-07-16T03:39:00.000000Z,162.7,162.71,162.66,162.7,3687.24
2025-07-16T03:40:00.000000Z,162.7,162.71,162.56,162.59,4889.27
2025-07-16T03:41:00.000000Z,162.58,162.66,162.57,162.62,6110.66
2025-07-16T03:42:00.000000Z,162.61,162.61,162.55,162.6,1893.06
2025-07-16T03:43:00.000000Z,162.59,162.71,162.59,162.71,2974.64
2025-07-16T03:44:00.000000Z,162.7,162.78,162.68,162.77,5707.34
2025-07-16T03:45:00.000000Z,162.76,162.78,162.64,162.64,5220.42
2025-07-16T03:46:00.000000Z,162.63,162.64,162.59,162.59,2377.55
2025-07-16T03:47:00.000000Z,162.58,162.63,162.5,162.5,7851.66
2025-07-16T03:48:00.000000Z,162.5,162.59,162.48,162.57,3151.08
2025-07-16T03:49:00.000000Z,162.56,162.56,162.52,162.53,2367.55
2025-07-16T03:50:00.000000Z,162.53,162.6,162.53,162.53,2785.69
2025-07-16T03:51:00.000000Z,162.53,162.59,162.43,162.56,5524.78
2025-07-16T03:52:00.000000Z,162.55,162.65,162.55,162.63,3048.68
2025-07-16T03:53:00.000000Z,162.63,162.7,162.58,162.6,2113.92
2025-07-16T03:54:00.000000Z,162.6,162.63,162.57,162.59,4731.76
2025-07-16T03:55:00.000000Z,162.58,162.6,162.51,162.6,3577.52
2025-07-16T03:56:00.000000Z,162.59,162.66,162.55,162.59,2590.71
2025-07-16T03:57:00.000000Z,162.59,162.61,162.51,162.52,2165.08
2025-07-16T03:58:00.000000Z,162.52,162.59,162.52,162.58,5670.03
2025-07-16T03:59:00.000000Z,162.58,162.58,162.51,162.53,4484.33
2025-07-16T04:00:00.000000Z,162.52,162.62,162.51,162.52,10207.63
2025-07-16T04:01:00.000000Z,162.52,162.56,162.43,162.46,8589.6
2025-07-16T04:02:00.000000Z,162.46,162.5,162.38,162.38,6263.42
2025-07-16T04:03:00.000000Z,162.38,162.48,162.33,162.46,9622.34
2025-07-16T04:04:00.000000Z,162.47,162.61,162.47,162.49,4425.03
2025-07-16T04:05:00.000000Z,162.49,162.6,162.49,162.54,4595.47
2025-07-16T04:06:00.000000Z,162.53,162.54,162.47,162.52,3118.17
2025-07-16T04:07:00.000000Z,162.51,162.66,162.47,162.59,11274.83
2025-07-16T04:08:00.000000Z,162.6,162.61,162.3,162.3,5466.48
2025-07-16T04:09:00.000000Z,162.3,162.41,162.24,162.24,5678.14
2025-07-16T04:10:00.000000Z,162.25,162.27,162.0,162.03,15385.08
2025-07-16T04:11:00.000000Z,162.03,162.06,161.95,161.99,19588.89
2025-07-16T04:12:00.000000Z,161.98,161.99,161.86,161.94,9067.47
2025-07-16T04:13:00.000000Z,161.94,162.0,161.94,161.97,4641.18
2025-07-16T04:14:00.000000Z,161.97,161.97,161.75,161.86,8852.72
2025-07-16T04:15:00.000000Z,161.85,162.0,161.85,161.95,18771.95
2025-07-16T04:16:00.000000Z,161.95,162.11,161.94,162.08,6123.49
2025-07-16T04:17:00.000000Z,162.08,162.12,162.0,162.07,3971.11
2025-07-16T04:18:00.000000Z,162.07,162.25,162.07,162.25,2824.36
2025-07-16T04:19:00.000000Z,162.26,162.36,162.2,162.22,6228.54
2025-07-16T04:20:00.000000Z,162.22,162.24,162.17,162.24,5292.22
2025-07-16T04:21:00.000000Z,162.24,162.45,162.22,162.44,25302.67
2025-07-16T04:22:00.000000Z,162.45,162.63,162.37,162.63,19817.6
2025-07-16T04:23:00.000000Z,162.63,162.64,162.49,162.53,14102.28
2025-07-16T04:24:00.000000Z,162.54,162.59,162.51,162.57,3883.62
2025-07-16T04:25:00.000000Z,162.57,162.6,162.54,162.6,4991.19
2025-07-16T04:26:00.000000Z,162.59,162.72,162.59,162.72,7138.89
2025-07-16T04:27:00.000000Z,162.71,162.72,162.59,162.59,9221.66
2025-07-16T04:28:00.000000Z,162.59,162.65,162.56,162.65,2380.66
2025-07-16T04:29:00.000000Z,162.65,162.67,162.65,162.66,2404.5
2025-07-16T04:30:00.000000Z,162.66,162.68,162.54,162.54,4858.91
2025-07-16T04:31:00.000000Z,162.54,162.69,162.51,162.69,7185.6
2025-07-16T04:32:00.000000Z,162.7,162.84,162.62,162.83,13427.1
2025-07-16T04:33:00.000000Z,162.83,162.92,162.76,162.77,24592.25
2025-07-16T04:34:00.000000Z,162.76,162.81,162.73,162.78,7328.77
2025-07-16T04:35:00.000000Z,162.77,162.78,162.7,162.7,3921.28
2025-07-16T04:36:00.000000Z,162.7,162.76,162.69,162.73,6726.54
2025-07-16T04:37:00.000000Z,162.74,162.84,162.7,162.8,10228.75
2025-07-16T04:38:00.000000Z,162.8,162.84,162.68,162.7,6254.18
2025-07-16T04:39:00.000000Z,162.71,162.71,162.66,162.67,3204.07
2025-07-16T04:40:00.000000Z,162.66,162.71,162.66,162.71,5697.6
2025-07-16T04:41:00.000000Z,162.7,162.85,162.7,162.8,6338.02
2025-07-16T04:42:00.000000Z,162.79,162.79,162.66,162.67,3986.07
2025-07-16T04:43:00.000000Z,162.66,162.73,162.66,162.71,3031.37
2025-07-16T04:44:00.000000Z,162.72,162.72,162.63,162.64,3377.29
2025-07-16T04:45:00.000000Z,162.64,162.67,162.57,162.61,5641.76
2025-07-16T04:46:00.000000Z,162.61,162.71,162.58,162.71,3046.63
2025-07-16T04:47:00.000000Z,162.71,162.71,162.58,162.58,5501.61
2025-07-16T04:48:00.000000Z,162.58,162.59,162.46,162.51,7263.36
2025-07-16T04:49:00.000000Z,162.5,162.52,162.36,162.36,8574.64
2025-07-16T04:50:00.000000Z,162.36,162.36,162.23,162.23,7923.09
2025-07-16T04:51:00.000000Z,162.24,162.39,162.21,162.34,6025.57
2025-07-16T04:52:00.000000Z,162.35,162.35,162.25,162.27,3442.63
2025-07-16T04:53:00.000000Z,162.27,162.36,162.27,162.36,2470.04
2025-07-16T04:54:00.000000Z,162.37,162.47,162.37,162.47,6224.53
2025-07-16T04:55:00.000000Z,162.47,162.56,162.45,162.47,4814.97
2025-07-16T04:56:00.000000Z,162.46,162.47,162.33,162.33,6487.57
2025-07-16T04:57:00.000000Z,162.33,162.46,162.32,162.44,4437.46
2025-07-16T04:58:00.000000Z,162.44,162.57,162.44,162.54,6480.04
2025-07-16T04:59:00.000000Z,162.54,162.54,162.47,162.5,6136.94
2025-07-16T05:00:00.000000Z,162.5,162.73,162.5,162.54,15873.25
2025-07-16T05:01:00.000000Z,162.53,162.65,162.51,162.62,5254.19
2025-07-16T05:02:00.000000Z,162.61,162.84,162.61,162.83,17653.45
2025-07-16T05:03:00.000000Z,162.84,162.95,162.66,162.85,16656.28
2025-07-16T05:04:00.000000Z,162.86,162.9,162.77,162.88,13998.89
2025-07-16T05:05:00.000000Z,162.87,162.88,162.75,162.75,8649.98
2025-07-16T05:06:00.000000Z,162.75,162.9,162.69,162.9,16921.13
2025-07-16T05:07:00.000000Z,162.9,163.07,162.87,162.99,20811.61
2025-07-16T05:08:00.000000Z,163.0,163.11,162.97,163.05,14926.7
2025-07-16T05:09:00.000000Z,163.04,163.06,162.92,162.98,8662.64
2025-07-16T05:10:00.000000Z,162.98,163.16,162.88,163.15,17846.11
2025-07-16T05:11:00.000000Z,163.15,163.25,163.09,163.2,20257.83
2025-07-16T05:12:00.000000Z,163.21,163.22,163.18,163.22,4455.93
2025-07-16T05:13:00.000000Z,163.21,163.27,163.14,163.22,24972.06
2025-07-16T05:14:00.000000Z,163.22,163.31,163.21,163.26,14236.73
2025-07-16T05:15:00.000000Z,163.25,163.26,163.17,163.18,11318.51
2025-07-16T05:16:00.000000Z,163.17,163.2,163.08,163.14,6889.52
2025-07-16T05:17:00.000000Z,163.14,163.18,162.97,163.07,8762.92
2025-07-16T05:18:00.000000Z,163.07,163.12,163.01,163.03,7224.77
2025-07-16T05:19:00.000000Z,163.03,163.19,163.0,163.15,7667.14
2025-07-16T05:20:00.000000Z,163.14,163.19,163.14,163.15,3375.72
2025-07-16T05:21:00.000000Z,163.15,163.22,163.07,163.21,4979.65
2025-07-16T05:22:00.000000Z,163.21,163.25,163.06,163.06,8088.49
2025-07-16T05:23:00.000000Z,163.06,163.09,162.99,163.0,9678.04
2025-07-16T05:24:00.000000Z,162.99,163.06,162.94,163.05,12217.76
2025-07-16T05:25:00.000000Z,163.05,163.06,162.95,163.04,10822.31
2025-07-16T05:26:00.000000Z,163.03,163.04,162.9,162.91,5378.47
2025-07-16T05:27:00.000000Z,162.9,163.04,162.84,163.02,5670.38
2025-07-16T05:28:00.000000Z,163.01,163.07,163.0,163.01,3455.18
2025-07-16T05:29:00.000000Z,163.01,163.07,163.01,163.03,1380.77
2025-07-16T05:30:00.000000Z,163.03,163.28,162.99,163.24,15190.58
2025-07-16T05:31:00.000000Z,163.24,163.28,163.21,163.24,3435.27
2025-07-16T05:32:00.000000Z,163.23,163.45,163.22,163.43,13037.22
2025-07-16T05:33:00.000000Z,163.43,163.48,163.34,163.38,8227.05
2025-07-16T05:34:00.000000Z,163.37,163.44,163.36,163.41,2641.23
2025-07-16T05:35:00.000000Z,163.41,163.44,163.39,163.39,2812.82
2025-07-16T05:36:00.000000Z,163.4,163.5,163.36,163.49,10133.79
2025-07-16T05:37:00.000000Z,163.49,163.51,163.37,163.4,9758.89
2025-07-16T05:38:00.000000Z,163.4,163.42,163.34,163.36,3073.18
2025-07-16T05:39:00.000000Z,163.36,163.39,163.3,163.33,5847.93
2025-07-16T05:40:00.000000Z,163.32,163.38,163.25,163.37,4811.32
2025-07-16T05:41:00.000000Z,163.36,163.41,163.35,163.4,2757.88
2025-07-16T05:42:00.000000Z,163.4,163.55,163.4,163.55,7479.05
2025-07-16T05:43:00.000000Z,163.54,163.55,163.4,163.46,3540.91
2025-07-16T05:44:00.000000Z,163.46,163.49,163.41,163.41,2052.92
2025-07-16T05:45:00.000000Z,163.41,163.52,163.4,163.46,5112.41
2025-07-16T05:46:00.000000Z,163.46,163.57,163.46,163.53,5591.0
2025-07-16T05:47:00.000000Z,163.52,163.53,163.37,163.37,12455.22
2025-07-16T05:48:00.000000Z,163.37,163.39,163.15,163.15,7720.72
2025-07-16T05:49:00.000000Z,163.15,163.19,163.05,163.06,14734.0
2025-07-16T05:50:00.000000Z,163.05,163.15,163.04,163.14,7714.74
2025-07-16T05:51:00.000000Z,163.14,163.15,162.98,163.04,7424.36
2025-07-16T05:52:00.000000Z,163.03,163.05,163.02,163.04,2761.99
2025-07-16T05:53:00.000000Z,163.04,163.14,163.0,163.01,4611.37
2025-07-16T05:54:00.000000Z,163.0,163.05,162.96,163.03,4566.6
2025-07-16T05:55:00.000000Z,163.03,163.18,163.0,163.16,7535.93
2025-07-16T05:56:00.000000Z,163.16,163.22,163.15,163.21,3147.28
2025-07-16T05:57:00.000000Z,163.21,163.22,163.05,163.1,2644.13
2025-07-16T05:58:00.000000Z,163.1,163.18,163.09,163.17,1440.97
2025-07-16T05:59:00.000000Z,163.17,163.19,163.14,163.17,1417.19
2025-07-16T06:00:00.000000Z,163.18,163.22,163.08,163.08,5459.47
2025-07-16T06:01:00.000000Z,163.07,163.09,162.86,162.88,8343.96
2025-07-16T06:02:00.000000Z,162.87,162.88,162.67,162.75,25180.28
2025-07-16T06:03:00.000000Z,162.75,162.92,162.75,162.8,6864.92
2025-07-16T06:04:00.000000Z,162.8,162.91,162.8,162.9,6878.37
2025-07-16T06:05:00.000000Z,162.91,163.0,162.87,162.88,4831.94
2025-07-16T06:06:00.000000Z,162.87,162.88,162.74,162.76,5498.13
2025-07-16T06:07:00.000000Z,162.75,162.82,162.65,162.75,35213.37
2025-07-16T06:08:00.000000Z,162.75,162.75,162.66,162.67,8287.34
2025-07-16T06:09:00.000000Z,162.66,162.72,162.64,162.72,3916.97
2025-07-16T06:10:00.000000Z,162.71,162.74,162.62,162.73,9523.83
2025-07-16T06:11:00.000000Z,162.72,162.85,162.72,162.85,6776.41
2025-07-16T06:12:00.000000Z,162.84,162.85,162.73,162.75,2045.26
2025-07-16T06:13:00.000000Z,162.75,162.79,162.67,162.67,4392.36
2025-07-16T06:14:00.000000Z,162.68,162.69,162.61,162.62,6874.9
2025-07-16T06:15:00.000000Z,162.63,162.77,162.62,162.75,4135.17
2025-07-16T06:16:00.000000Z,162.75,162.79,162.64,162.78,4490.93
2025-07-16T06:17:00.000000Z,162.79,162.86,162.72,162.74,3355.79
2025-07-16T06:18:00.000000Z,162.73,162.85,162.73,162.8,3078.85
2025-07-16T06:19:00.000000Z,162.8,163.02,162.8,163.01,6247.9
2025-07-16T06:20:00.000000Z,163.01,163.18,163.0,163.17,9863.16
2025-07-16T06:21:00.000000Z,163.17,163.2,163.07,163.19,12217.61
2025-07-16T06:22:00.000000Z,163.2,163.25,163.13,163.24,5182.32
2025-07-16T06:23:00.000000Z,163.25,163.28,163.18,163.25,5462.54
2025-07-16T06:24:00.000000Z,163.24,163.45,163.23,163.43,15032.71
2025-07-16T06:25:00.000000Z,163.43,163.48,163.21,163.23,7436.46
2025-07-16T06:26:00.000000Z,163.22,163.34,163.21,163.29,4304.82
2025-07-16T06:27:00.000000Z,163.29,163.3,163.12,163.17,10463.41
2025-07-16T06:28:00.000000Z,163.17,163.32,163.17,163.32,5710.03
2025-07-16T06:29:00.000000Z,163.31,163.32,163.23,163.25,5425.75
2025-07-16T06:30:00.000000Z,163.24,163.25,163.09,163.13,3657.34
2025-07-16T06:31:00.000000Z,163.12,163.23,163.08,163.22,7195.42
2025-07-16T06:32:00.000000Z,163.22,163.37,163.21,163.29,7836.69
2025-07-16T06:33:00.000000Z,163.29,163.33,163.24,163.26,9860.86
2025-07-16T06:34:00.000000Z,163.26,163.27,163.21,163.26,3206.25
2025-07-16T06:35:00.000000Z,163.25,163.4,163.25,163.34,14025.42
2025-07-16T06:36:00.000000Z,163.33,163.43,163.33,163.43,9014.47
2025-07-16T06:37:00.000000Z,163.42,163.43,163.29,163.41,5467.86
2025-07-16T06:38:00.000000Z,163.4,163.51,163.4,163.4,7528.94
2025-07-16T06:39:00.000000Z,163.4,163.51,163.39,163.43,5281.59
2025-07-16T06:40:00.000000Z,163.43,163.51,163.43,163.5,8718.54
2025-07-16T06:41:00.000000Z,163.5,163.62,163.47,163.59,9737.51
2025-07-16T06:42:00.000000Z,163.58,163.64,163.56,163.61,8550.97
2025-07-16T06:43:00.000000Z,163.6,163.79,163.6,163.76,32000.96
2025-07-16T06:44:00.000000Z,163.76,163.76,163.68,163.68,9053.04
2025-07-16T06:45:00.000000Z,163.67,163.74,163.59,163.73,6920.94
2025-07-16T06:46:00.000000Z,163.72,163.74,163.59,163.63,5664.68
2025-07-16T06:47:00.000000Z,163.64,163.79,163.63,163.74,7909.95
2025-07-16T06:48:00.000000Z,163.75,163.85,163.7,163.71,11296.63
2025-07-16T06:49:00.000000Z,163.72,163.72,163.63,163.68,8089.94
2025-07-16T06:50:00.000000Z,163.69,163.69,163.56,163.68,11555.27
2025-07-16T06:51:00.000000Z,163.68,163.78,163.63,163.77,8240.37
2025-07-16T06:52:00.000000Z,163.77,163.89,163.76,163.89,7191.92
2025-07-16T06:53:00.000000Z,163.88,163.94,163.82,163.88,20743.47
2025-07-16T06:54:00.000000Z,163.88,163.91,163.8,163.89,11778.21
2025-07-16T06:55:00.000000Z,163.88,163.95,163.82,163.94,7535.01
2025-07-16T06:56:00.000000Z,163.94,163.97,163.92,163.95,7017.57
2025-07-16T06:57:00.000000Z,163.95,164.1,163.94,164.09,14885.41
2025-07-16T06:58:00.000000Z,164.09,164.1,164.05,164.09,6648.92
2025-07-16T06:59:00.000000Z,164.08,164.13,164.08,164.12,12606.67
2025-07-16T07:00:00.000000Z,164.13,164.27,164.08,164.15,31273.52
2025-07-16T07:01:00.000000Z,164.15,164.26,164.08,164.08,11874.21
2025-07-16T07:02:00.000000Z,164.09,164.17,164.04,164.12,5211.64
2025-07-16T07:03:00.000000Z,164.13,164.13,163.93,164.05,31773.18
2025-07-16T07:04:00.000000Z,164.05,164.07,163.95,164.01,7313.51
2025-07-16T07:05:00.000000Z,164.01,164.01,163.87,163.88,13377.12
2025-07-16T07:06:00.000000Z,163.87,163.87,163.69,163.74,21959.73
2025-07-16T07:07:00.000000Z,163.74,163.78,163.67,163.74,11690.38
2025-07-16T07:08:00.000000Z,163.75,163.75,163.62,163.62,7387.58
2025-07-16T07:09:00.000000Z,163.62,163.74,163.6,163.74,9057.58
2025-07-16T07:10:00.000000Z,163.73,163.78,163.69,163.72,6212.41
2025-07-16T07:11:00.000000Z,163.71,163.74,163.6,163.73,7855.64
2025-07-16T07:12:00.000000Z,163.74,163.76,163.68,163.73,5568.29
2025-07-16T07:13:00.000000Z,163.72,163.86,163.68,163.82,9218.47
2025-07-16T07:14:00.000000Z,163.83,163.83,163.7,163.71,5364.01
2025-07-16T07:15:00.000000Z,163.71,163.89,163.69,163.89,6119.14
2025-07-16T07:16:00.000000Z,163.88,163.97,163.85,163.97,13520.85
2025-07-16T07:17:00.000000Z,163.97,164.01,163.94,163.95,13915.96
2025-07-16T07:18:00.000000Z,163.95,163.96,163.88,163.88,5404.21
2025-07-16T07:19:00.000000Z,163.88,163.96,163.84,163.94,8050.32
2025-07-16T07:20:00.000000Z,163.93,164.1,163.93,164.04,6508.5
2025-07-16T07:21:00.000000Z,164.04,164.13,164.03,164.08,7117.08
2025-07-16T07:22:00.000000Z,164.09,164.11,163.95,164.05,7594.73
2025-07-16T07:23:00.000000Z,164.05,164.08,164.03,164.04,5409.85
2025-07-16T07:24:00.000000Z,164.04,164.07,163.94,163.96,5369.96
2025-07-16T07:25:00.000000Z,163.97,164.0,163.95,163.98,9098.88
2025-07-16T07:26:00.000000Z,163.98,164.08,163.97,164.03,3502.21
2025-07-16T07:27:00.000000Z,164.04,164.07,163.94,164.07,4112.53
2025-07-16T07:28:00.000000Z,164.08,164.09,164.04,164.06,4085.71
2025-07-16T07:29:00.000000Z,164.07,164.1,164.04,164.07,2940.67
2025-07-16T07:30:00.000000Z,164.06,164.09,164.0,164.05,5935.18
2025-07-16T07:31:00.000000Z,164.06,164.1,163.95,164.06,9230.05
2025-07-16T07:32:00.000000Z,164.05,164.22,164.01,164.21,10041.73
2025-07-16T07:33:00.000000Z,164.22,164.3,164.21,164.29,13519.58
2025-07-16T07:34:00.000000Z,164.3,164.3,164.22,164.23,7610.14
2025-07-16T07:35:00.000000Z,164.23,164.35,164.23,164.34,11031.52
2025-07-16T07:36:00.000000Z,164.35,164.35,164.3,164.33,6720.4
2025-07-16T07:37:00.000000Z,164.32,164.34,164.23,164.31,9843.25
2025-07-16T07:38:00.000000Z,164.3,164.38,164.3,164.32,16574.33
2025-07-16T07:39:00.000000Z,164.33,164.43,164.3,164.42,8136.42
2025-07-16T07:40:00.000000Z,164.42,164.5,164.42,164.49,11063.05
2025-07-16T07:41:00.000000Z,164.48,164.6,164.45,164.59,23269.7
2025-07-16T07:42:00.000000Z,164.59,164.65,164.5,164.51,13152.59
2025-07-16T07:43:00.000000Z,164.51,164.62,164.5,164.62,18010.24
2025-07-16T07:44:00.000000Z,164.61,164.62,164.37,164.37,18033.28
2025-07-16T07:45:00.000000Z,164.36,164.42,164.29,164.36,12943.91
2025-07-16T07:46:00.000000Z,164.35,164.35,164.2,164.28,13747.28
2025-07-16T07:47:00.000000Z,164.28,164.29,164.17,164.19,10254.03
2025-07-16T07:48:00.000000Z,164.19,164.35,164.19,164.35,6129.34
2025-07-16T07:49:00.000000Z,164.34,164.39,164.3,164.35,6247.8
2025-07-16T07:50:00.000000Z,164.35,164.39,164.32,164.35,4323.67
2025-07-16T07:51:00.000000Z,164.36,164.36,164.28,164.34,4132.9
2025-07-16T07:52:00.000000Z,164.35,164.41,164.33,164.41,5840.25
2025-07-16T07:53:00.000000Z,164.41,164.41,164.33,164.34,4328.22
2025-07-16T07:54:00.000000Z,164.35,164.39,164.35,164.38,3704.97
2025-07-16T07:55:00.000000Z,164.37,164.38,164.33,164.35,4339.69
2025-07-16T07:56:00.000000Z,164.34,164.34,164.25,164.28,7556.0
2025-07-16T07:57:00.000000Z,164.28,164.3,164.16,164.17,9272.03
2025-07-16T07:58:00.000000Z,164.17,164.26,164.11,164.26,13226.34
2025-07-16T07:59:00.000000Z,164.25,164.26,164.01,164.02,17187.83
2025-07-16T08:00:00.000000Z,164.02,164.21,163.96,164.11,13240.62
2025-07-16T08:01:00.000000Z,164.11,164.18,164.05,164.17,12360.22
2025-07-16T08:02:00.000000Z,164.17,164.18,164.03,164.14,10845.21
2025-07-16T08:03:00.000000Z,164.14,164.14,164.03,164.07,7683.19
2025-07-16T08:04:00.000000Z,164.08,164.08,163.91,163.99,15468.99
2025-07-16T08:05:00.000000Z,164.0,164.07,164.0,164.03,14616.52
2025-07-16T08:06:00.000000Z,164.04,164.14,164.01,164.14,5044.21
2025-07-16T08:07:00.000000Z,164.14,164.17,164.06,164.1,6012.88
2025-07-16T08:08:00.000000Z,164.1,164.1,163.99,164.0,7687.56
2025-07-16T08:09:00.000000Z,164.0,164.18,164.0,164.18,2937.14
2025-07-16T08:10:00.000000Z,164.17,164.2,164.08,164.09,5717.4
2025-07-16T08:11:00.000000Z,164.08,164.09,163.8,163.82,12705.64
2025-07-16T08:12:00.000000Z,163.82,163.99,163.82,163.98,7060.41
2025-07-16T08:13:00.000000Z,163.99,164.08,163.94,163.94,19687.45
2025-07-16T08:14:00.000000Z,163.93,163.94,163.83,163.88,8706.57
2025-07-16T08:15:00.000000Z,163.88,163.99,163.84,163.94,8944.39
2025-07-16T08:16:00.000000Z,163.94,164.0,163.91,163.95,3460.77
2025-07-16T08:17:00.000000Z,163.95,164.0,163.84,163.99,11602.4
2025-07-16T08:18:00.000000Z,163.99,164.09,163.9,164.09,4816.31
2025-07-16T08:19:00.000000Z,164.08,164.1,163.97,164.06,7564.95
2025-07-16T08:20:00.000000Z,164.07,164.17,164.07,164.09,6390.0
2025-07-16T08:21:00.000000Z,164.1,164.15,163.98,164.14,5240.75
2025-07-16T08:22:00.000000Z,164.14,164.18,164.1,164.18,3799.03
2025-07-16T08:23:00.000000Z,164.18,164.24,164.07,164.08,4656.07
2025-07-16T08:24:00.000000Z,164.09,164.16,164.06,164.11,4203.4
2025-07-16T08:25:00.000000Z,164.12,164.16,164.09,164.15,4450.52
2025-07-16T08:26:00.000000Z,164.16,164.21,164.12,164.2,5110.18
2025-07-16T08:27:00.000000Z,164.2,164.21,164.15,164.18,3803.31
2025-07-16T08:28:00.000000Z,164.19,164.38,164.18,164.37,9037.34
2025-07-16T08:29:00.000000Z,164.38,164.38,164.32,164.32,6350.49
2025-07-16T08:30:00.000000Z,164.33,164.51,164.31,164.49,13346.06
2025-07-16T08:31:00.000000Z,164.5,164.67,164.46,164.53,23903.21
2025-07-16T08:32:00.000000Z,164.54,164.61,164.47,164.56,10412.67
2025-07-16T08:33:00.000000Z,164.57,164.64,164.56,164.62,4214.1
2025-07-16T08:34:00.000000Z,164.63,164.65,164.57,164.65,4793.07
2025-07-16T08:35:00.000000Z,164.64,164.74,164.63,164.64,7917.17
2025-07-16T08:36:00.000000Z,164.64,164.64,164.49,164.62,11254.21
2025-07-16T08:37:00.000000Z,164.63,164.85,164.63,164.79,18003.04
2025-07-16T08:38:00.000000Z,164.79,164.94,164.72,164.84,21017.5
2025-07-16T08:39:00.000000Z,164.83,164.86,164.77,164.86,7090.52
2025-07-16T08:40:00.000000Z,164.87,164.95,164.86,164.9,12679.77
2025-07-16T08:41:00.000000Z,164.91,165.06,164.91,164.97,35932.33
2025-07-16T08:42:00.000000Z,164.97,165.09,164.96,165.07,8885.89
2025-07-16T08:43:00.000000Z,165.07,165.13,165.06,165.13,15933.3
2025-07-16T08:44:00.000000Z,165.12,165.13,165.04,165.12,8825.56
2025-07-16T08:45:00.000000Z,165.12,165.12,165.0,165.01,20417.37
2025-07-16T08:46:00.000000Z,165.0,165.03,164.89,164.94,34441.95
2025-07-16T08:47:00.000000Z,164.95,164.98,164.92,164.93,6140.84
2025-07-16T08:48:00.000000Z,164.94,165.07,164.92,165.05,12449.57
2025-07-16T08:49:00.000000Z,165.05,165.12,165.01,165.11,9004.35
2025-07-16T08:50:00.000000Z,165.11,165.17,165.06,165.16,5420.92
2025-07-16T08:51:00.000000Z,165.17,165.38,165.15,165.38,25097.81
2025-07-16T08:52:00.000000Z,165.38,165.43,165.32,165.42,20630.22
2025-07-16T08:53:00.000000Z,165.42,165.59,165.37,165.54,34786.51
2025-07-16T08:54:00.000000Z,165.55,165.6,165.52,165.6,20656.04
2025-07-16T08:55:00.000000Z,165.6,165.6,165.36,165.46,38286.55
2025-07-16T08:56:00.000000Z,165.47,165.47,165.32,165.46,16438.37
2025-07-16T08:57:00.000000Z,165.47,165.63,165.47,165.6,8892.99
2025-07-16T08:58:00.000000Z,165.6,165.62,165.48,165.52,10879.25
2025-07-16T08:59:00.000000Z,165.51,165.54,165.48,165.5,6326.77
2025-07-16T09:00:00.000000Z,165.5,165.68,165.48,165.64,19574.25
2025-07-16T09:01:00.000000Z,165.63,165.68,165.54,165.68,22310.29
2025-07-16T09:02:00.000000Z,165.67,165.9,165.64,165.9,47315.76
2025-07-16T09:03:00.000000Z,165.89,165.99,165.8,165.98,40128.16
2025-07-16T09:04:00.000000Z,165.98,166.08,165.93,165.95,64456.29
2025-07-16T09:05:00.000000Z,165.95,166.11,165.91,166.04,29474.1
2025-07-16T09:06:00.000000Z,166.04,166.07,165.97,166.03,17038.47
2025-07-16T09:07:00.000000Z,166.04,166.05,165.97,166.03,17626.81
2025-07-16T09:08:00.000000Z,166.03,166.15,165.98,166.12,24679.16
2025-07-16T09:09:00.000000Z,166.11,166.12,166.02,166.03,11277.13
2025-07-16T09:10:00.000000Z,166.04,166.35,166.03,166.32,47976.38
2025-07-16T09:11:00.000000Z,166.32,166.51,166.3,166.49,38900.96
2025-07-16T09:12:00.000000Z,166.5,166.53,166.47,166.5,24810.03
2025-07-16T09:13:00.000000Z,166.5,166.55,166.36,166.54,29865.93
2025-07-16T09:14:00.000000Z,166.54,166.63,166.48,166.63,18775.81
2025-07-16T09:15:00.000000Z,166.62,166.7,166.6,166.7,41249.58
2025-07-16T09:16:00.000000Z,166.7,167.0,166.69,166.98,72510.93
2025-07-16T09:17:00.000000Z,166.97,167.0,166.85,166.96,40081.72
2025-07-16T09:18:00.000000Z,166.95,166.97,166.78,166.9,27343.13
2025-07-16T09:19:00.000000Z,166.9,167.1,166.85,167.0,58766.64
2025-07-16T09:20:00.000000Z,167.0,167.27,166.95,167.21,75306.39
2025-07-16T09:21:00.000000Z,167.22,167.28,167.1,167.16,61333.74
2025-07-16T09:22:00.000000Z,167.16,167.37,167.01,167.35,52429.91
2025-07-16T09:23:00.000000Z,167.35,167.42,167.22,167.22,40035.88
2025-07-16T09:24:00.000000Z,167.23,167.23,166.75,166.84,94383.24
2025-07-16T09:25:00.000000Z,166.84,167.08,166.83,167.06,44170.15
2025-07-16T09:26:00.000000Z,167.07,167.27,166.96,167.24,29729.15
2025-07-16T09:27:00.000000Z,167.23,167.59,167.21,167.45,97003.5
2025-07-16T09:28:00.000000Z,167.46,167.52,167.22,167.38,34541.88
2025-07-16T09:29:00.000000Z,167.39,167.44,167.08,167.11,33899.51
2025-07-16T09:30:00.000000Z,167.12,167.2,167.04,167.16,35545.63
2025-07-16T09:31:00.000000Z,167.16,167.39,167.11,167.39,28180.96
2025-07-16T09:32:00.000000Z,167.4,167.45,167.36,167.41,26280.32
2025-07-16T09:33:00.000000Z,167.41,167.46,167.37,167.42,35186.24
2025-07-16T09:34:00.000000Z,167.42,167.5,167.32,167.36,45524.4
2025-07-16T09:35:00.000000Z,167.36,167.43,167.28,167.31,29831.16
2025-07-16T09:36:00.000000Z,167.31,167.39,167.14,167.31,27952.73
2025-07-16T09:37:00.000000Z,167.32,167.32,167.07,167.11,39036.73
2025-07-16T09:38:00.000000Z,167.12,167.15,166.82,166.96,58966.37
2025-07-16T09:39:00.000000Z,166.96,167.13,166.8,167.11,61454.99
2025-07-16T09:40:00.000000Z,167.12,167.3,167.0,167.16,38106.51
2025-07-16T09:41:00.000000Z,167.16,167.27,167.08,167.2,35857.08
2025-07-16T09:42:00.000000Z,167.2,167.29,167.03,167.07,38653.99
2025-07-16T09:43:00.000000Z,167.07,167.07,166.7,166.92,59676.56
2025-07-16T09:44:00.000000Z,166.92,166.93,166.6,166.81,123842.09
2025-07-16T09:45:00.000000Z,166.81,167.0,166.14,166.58,174402.6
2025-07-16T09:46:00.000000Z,166.58,166.62,165.99,166.51,234980.05
2025-07-16T09:47:00.000000Z,166.51,166.64,166.37,166.59,34816.63
2025-07-16T09:48:00.000000Z,166.59,167.15,166.58,167.08,55290.9
2025-07-16T09:49:00.000000Z,167.08,167.17,167.06,167.08,16184.46
2025-07-16T09:50:00.000000Z,167.08,167.14,166.9,167.12,26179.62
2025-07-16T09:51:00.000000Z,167.12,167.2,167.09,167.2,18654.99
2025-07-16T09:52:00.000000Z,167.2,167.2,167.14,167.15,5732.14
2025-07-16T09:53:00.000000Z,167.15,167.18,167.13,167.14,5689.08
2025-07-16T09:54:00.000000Z,167.13,167.17,167.02,167.15,15833.25
2025-07-16T09:55:00.000000Z,167.15,167.31,167.15,167.2,22029.02
2025-07-16T09:56:00.000000Z,167.2,167.21,167.09,167.18,21829.16
2025-07-16T09:57:00.000000Z,167.18,167.28,167.14,167.15,9603.14
2025-07-16T09:58:00.000000Z,167.15,167.2,167.13,167.14,4988.25
2025-07-16T09:59:00.000000Z,167.15,167.29,167.1,167.27,12528.4
2025-07-16T10:00:00.000000Z,167.28,167.37,167.21,167.26,34178.95
2025-07-16T10:01:00.000000Z,167.27,167.3,167.23,167.27,10320.16
2025-07-16T10:02:00.000000Z,167.27,167.37,167.26,167.28,18704.09
2025-07-16T10:03:00.000000Z,167.28,167.35,167.27,167.35,4308.87
2025-07-16T10:04:00.000000Z,167.35,167.46,167.32,167.46,32610.99
2025-07-16T10:05:00.000000Z,167.46,167.48,167.33,167.33,18754.95
2025-07-16T10:06:00.000000Z,167.34,167.4,167.15,167.17,15917.87
2025-07-16T10:07:00.000000Z,167.18,167.18,167.01,167.08,24862.68
2025-07-16T10:08:00.000000Z,167.09,167.22,167.04,167.22,8644.1
2025-07-16T10:09:00.000000Z,167.22,167.25,167.07,167.13,14911.56
2025-07-16T10:10:00.000000Z,167.13,167.21,167.12,167.2,5274.28
2025-07-16T10:11:00.000000Z,167.2,167.29,167.12,167.28,8196.54
2025-07-16T10:12:00.000000Z,167.29,167.45,167.24,167.44,11159.69
2025-07-16T10:13:00.000000Z,167.44,167.47,167.34,167.35,11570.49
2025-07-16T10:14:00.000000Z,167.35,167.35,167.19,167.25,10457.36
2025-07-16T10:15:00.000000Z,167.26,167.46,167.23,167.39,18618.84
2025-07-16T10:16:00.000000Z,167.4,167.41,167.19,167.2,13348.52
2025-07-16T10:17:00.000000Z,167.2,167.26,167.09,167.12,12597.04
2025-07-16T10:18:00.000000Z,167.12,167.49,167.11,167.44,37736.16
2025-07-16T10:19:00.000000Z,167.45,167.46,167.32,167.37,5892.83
2025-07-16T10:20:00.000000Z,167.37,167.41,167.33,167.38,6685.3
2025-07-16T10:21:00.000000Z,167.38,167.4,167.12,167.17,41986.77
2025-07-16T10:22:00.000000Z,167.16,167.19,167.1,167.16,13625.97
2025-07-16T10:23:00.000000Z,167.17,167.22,167.16,167.2,8973.29
2025-07-16T10:24:00.000000Z,167.21,167.22,167.18,167.19,2386.32
2025-07-16T10:25:00.000000Z,167.2,167.2,167.01,167.02,13330.07
2025-07-16T10:26:00.000000Z,167.02,167.03,166.97,166.98,28426.33
2025-07-16T10:27:00.000000Z,166.98,167.0,166.9,166.95,17578.6
2025-07-16T10:28:00.000000Z,166.95,166.99,166.94,166.99,5593.26
2025-07-16T10:29:00.000000Z,166.99,166.99,166.9,166.91,12579.03
2025-07-16T10:30:00.000000Z,166.91,167.0,166.9,167.0,26992.1
2025-07-16T10:31:00.000000Z,166.99,167.02,166.97,167.02,7053.71
2025-07-16T10:32:00.000000Z,167.01,167.12,167.01,167.05,11927.88
2025-07-16T10:33:00.000000Z,167.05,167.05,166.87,166.88,12104.56
2025-07-16T10:34:00.000000Z,166.88,166.97,166.76,166.95,27333.84
2025-07-16T10:35:00.000000Z,166.95,167.08,166.94,167.08,13056.67
2025-07-16T10:36:00.000000Z,167.08,167.08,167.0,167.08,11456.26
2025-07-16T10:37:00.000000Z,167.08,167.1,166.97,167.06,11437.93
2025-07-16T10:38:00.000000Z,167.06,167.06,166.99,167.01,6456.71
2025-07-16T10:39:00.000000Z,167.01,167.17,167.0,167.17,13721.38
2025-07-16T10:40:00.000000Z,167.17,167.23,167.1,167.12,9961.09
2025-07-16T10:41:00.000000Z,167.12,167.12,166.87,166.88,13492.25
2025-07-16T10:42:00.000000Z,166.88,167.02,166.85,166.86,14606.38
2025-07-16T10:43:00.000000Z,166.87,166.94,166.86,166.94,11922.08
2025-07-16T10:44:00.000000Z,166.94,166.94,166.6,166.64,61643.15
2025-07-16T10:45:00.000000Z,166.64,166.7,166.28,166.33,66360.59
2025-07-16T10:46:00.000000Z,166.33,166.43,166.21,166.33,44794.77
2025-07-16T10:47:00.000000Z,166.32,166.5,166.22,166.32,36401.85
2025-07-16T10:48:00.000000Z,166.32,166.42,166.17,166.31,48214.3
2025-07-16T10:49:00.000000Z,166.32,166.4,166.31,166.33,31179.25
2025-07-16T10:50:00.000000Z,166.33,166.42,166.3,166.38,32908.25
2025-07-16T10:51:00.000000Z,166.39,166.49,166.33,166.33,10628.55
2025-07-16T10:52:00.000000Z,166.33,166.36,166.24,166.36,12786.3
2025-07-16T10:53:00.000000Z,166.36,166.37,166.3,166.31,5185.01
2025-07-16T10:54:00.000000Z,166.3,166.33,166.2,166.25,31708.98
2025-07-16T10:55:00.000000Z,166.26,166.3,166.12,166.14,12955.54
2025-07-16T10:56:00.000000Z,166.13,166.19,166.08,166.1,27099.17
2025-07-16T10:57:00.000000Z,166.1,166.13,166.04,166.08,15166.4
2025-07-16T10:58:00.000000Z,166.08,166.14,166.0,166.14,20521.56
2025-07-16T10:59:00.000000Z,166.14,166.16,166.02,166.04,22274.67
2025-07-16T11:00:00.000000Z,166.03,166.36,166.02,166.3,26891.29
2025-07-16T11:01:00.000000Z,166.3,166.39,166.29,166.37,16203.32
2025-07-16T11:02:00.000000Z,166.37,166.39,166.29,166.32,10444.85
2025-07-16T11:03:00.000000Z,166.31,166.38,166.25,166.31,10898.2
2025-07-16T11:04:00.000000Z,166.31,166.32,166.13,166.22,23858.62
2025-07-16T11:05:00.000000Z,166.22,166.37,166.21,166.35,7817.14
2025-07-16T11:06:00.000000Z,166.35,166.4,166.35,166.38,12643.95
2025-07-16T11:07:00.000000Z,166.39,166.39,166.26,166.27,7714.73
2025-07-16T11:08:00.000000Z,166.26,166.4,166.26,166.36,14404.89
2025-07-16T11:09:00.000000Z,166.36,166.39,166.32,166.33,10489.24
2025-07-16T11:10:00.000000Z,166.33,166.35,166.27,166.34,4398.87
2025-07-16T11:11:00.000000Z,166.34,166.35,166.25,166.25,6057.36
2025-07-16T11:12:00.000000Z,166.26,166.51,166.25,166.44,23818.93
2025-07-16T11:13:00.000000Z,166.44,166.54,166.4,166.53,76374.55
2025-07-16T11:14:00.000000Z,166.54,166.55,166.47,166.53,8153.35
2025-07-16T11:15:00.000000Z,166.52,166.56,166.4,166.56,16327.24
2025-07-16T11:16:00.000000Z,166.55,166.57,166.47,166.47,6178.8
2025-07-16T11:17:00.000000Z,166.46,166.5,166.4,166.41,8409.87
2025-07-16T11:18:00.000000Z,166.4,166.41,166.2,166.21,12267.23
2025-07-16T11:19:00.000000Z,166.2,166.25,166.16,166.22,8793.24
2025-07-16T11:20:00.000000Z,166.22,166.24,166.15,166.17,6250.78
2025-07-16T11:21:00.000000Z,166.17,166.24,166.13,166.16,7232.9
2025-07-16T11:22:00.000000Z,166.16,166.17,166.07,166.07,6950.67
2025-07-16T11:23:00.000000Z,166.06,166.19,166.04,166.16,9060.8
2025-07-16T11:24:00.000000Z,166.16,166.2,166.1,166.17,12734.96
2025-07-16T11:25:00.000000Z,166.16,166.26,166.14,166.15,6687.6
2025-07-16T11:26:00.000000Z,166.16,166.19,166.05,166.14,10172.82
2025-07-16T11:27:00.000000Z,166.14,166.19,166.11,166.16,4816.39
2025-07-16T11:28:00.000000Z,166.16,166.22,166.15,166.19,9624.79
2025-07-16T11:29:00.000000Z,166.19,166.25,166.19,166.22,8257.79
2025-07-16T11:30:00.000000Z,166.22,166.31,166.13,166.14,15515.22
2025-07-16T11:31:00.000000Z,166.14,166.36,166.12,166.33,18020.32
2025-07-16T11:32:00.000000Z,166.32,166.36,166.16,166.18,30667.62
2025-07-16T11:33:00.000000Z,166.19,166.25,166.08,166.24,7585.81
2025-07-16T11:34:00.000000Z,166.24,166.35,166.23,166.3,9574.61
2025-07-16T11:35:00.000000Z,166.29,166.35,166.26,166.35,6966.95
2025-07-16T11:36:00.000000Z,166.35,166.4,166.3,166.32,8123.02
2025-07-16T11:37:00.000000Z,166.32,166.38,166.26,166.38,7420.07
2025-07-16T11:38:00.000000Z,166.38,166.45,166.36,166.45,7902.65
2025-07-16T11:39:00.000000Z,166.44,166.48,166.41,166.42,4788.94
2025-07-16T11:40:00.000000Z,166.41,166.52,166.4,166.47,8968.19
2025-07-16T11:41:00.000000Z,166.47,166.51,166.43,166.44,7221.16
2025-07-16T11:42:00.000000Z,166.44,166.46,166.38,166.41,21362.36
2025-07-16T11:43:00.000000Z,166.42,166.47,166.38,166.41,4018.36
2025-07-16T11:44:00.000000Z,166.4,166.52,166.4,166.49,10959.31
2025-07-16T11:45:00.000000Z,166.5,166.5,166.4,166.5,10488.3
2025-07-16T11:46:00.000000Z,166.49,166.53,166.47,166.52,7865.72
2025-07-16T11:47:00.000000Z,166.52,166.53,166.4,166.5,12268.46
2025-07-16T11:48:00.000000Z,166.51,166.56,166.48,166.56,10014.73
2025-07-16T11:49:00.000000Z,166.56,166.68,166.55,166.68,15348.6
2025-07-16T11:50:00.000000Z,166.68,166.81,166.64,166.64,20744.49
2025-07-16T11:51:00.000000Z,166.63,166.88,166.61,166.72,46145.13
2025-07-16T11:52:00.000000Z,166.71,166.72,166.64,166.69,5075.09
2025-07-16T11:53:00.000000Z,166.69,166.71,166.62,166.66,7644.23
2025-07-16T11:54:00.000000Z,166.66,166.67,166.53,166.55,9172.97
2025-07-16T11:55:00.000000Z,166.55,166.55,166.27,166.28,14768.16
2025-07-16T11:56:00.000000Z,166.27,166.55,166.27,166.55,5845.03
2025-07-16T11:57:00.000000Z,166.55,166.62,166.44,166.62,8057.95
2025-07-16T11:58:00.000000Z,166.61,166.65,166.53,166.63,8966.65
2025-07-16T11:59:00.000000Z,166.63,166.71,166.57,166.66,12300.83
2025-07-16T12:00:00.000000Z,166.67,166.74,166.64,166.71,22605.6
2025-07-16T12:01:00.000000Z,166.71,166.71,166.53,166.61,12935.25
2025-07-16T12:02:00.000000Z,166.61,166.66,166.56,166.65,7198.27
2025-07-16T12:03:00.000000Z,166.65,166.83,166.64,166.82,5909.07
2025-07-16T12:04:00.000000Z,166.83,166.96,166.8,166.94,16267.99
2025-07-16T12:05:00.000000Z,166.93,167.23,166.93,167.2,27901.11
2025-07-16T12:06:00.000000Z,167.19,167.23,167.03,167.03,28081.04
2025-07-16T12:07:00.000000Z,167.04,167.18,167.04,167.07,15796.03
2025-07-16T12:08:00.000000Z,167.07,167.25,167.07,167.17,20839.83
2025-07-16T12:09:00.000000Z,167.17,167.2,167.11,167.17,13204.75
2025-07-16T12:10:00.000000Z,167.18,167.18,167.0,167.01,9989.08
2025-07-16T12:11:00.000000Z,167.0,167.07,167.0,167.05,18069.58
2025-07-16T12:12:00.000000Z,167.05,167.1,166.95,167.02,15732.15
2025-07-16T12:13:00.000000Z,167.01,167.04,166.86,166.87,15678.63
2025-07-16T12:14:00.000000Z,166.87,166.93,166.87,166.88,9055.04
2025-07-16T12:15:00.000000Z,166.89,166.93,166.86,166.93,7591.17
2025-07-16T12:16:00.000000Z,166.92,167.14,166.92,167.12,7871.55
2025-07-16T12:17:00.000000Z,167.13,167.26,167.11,167.25,8215.15
2025-07-16T12:18:00.000000Z,167.25,167.29,167.14,167.15,14546.94
2025-07-16T12:19:00.000000Z,167.15,167.15,166.92,166.92,15979.29
2025-07-16T12:20:00.000000Z,166.92,167.03,166.92,166.96,8936.36
2025-07-16T12:21:00.000000Z,166.95,167.12,166.94,167.12,10845.19
2025-07-16T12:22:00.000000Z,167.12,167.17,167.04,167.13,4910.31
2025-07-16T12:23:00.000000Z,167.14,167.14,167.07,167.09,5276.43
2025-07-16T12:24:00.000000Z,167.1,167.12,167.0,167.07,9048.56
2025-07-16T12:25:00.000000Z,167.07,167.11,166.9,166.92,6170.75
2025-07-16T12:26:00.000000Z,166.91,167.0,166.81,166.99,8863.55
2025-07-16T12:27:00.000000Z,166.99,167.08,166.91,166.93,6511.44
2025-07-16T12:28:00.000000Z,166.94,167.05,166.94,167.02,5168.15
2025-07-16T12:29:00.000000Z,167.02,167.18,167.01,167.17,12844.9
2025-07-16T12:30:00.000000Z,167.18,167.48,167.18,167.25,51278.74
2025-07-16T12:31:00.000000Z,167.25,167.26,166.7,166.7,32279.42
2025-07-16T12:32:00.000000Z,166.69,167.17,166.63,167.17,32784.77
2025-07-16T12:33:00.000000Z,167.18,167.43,167.15,167.33,24805.25
2025-07-16T12:34:00.000000Z,167.34,167.54,167.33,167.4,24409.86
2025-07-16T12:35:00.000000Z,167.39,167.41,167.21,167.3,14910.35
2025-07-16T12:36:00.000000Z,167.3,167.34,167.17,167.28,15506.38
2025-07-16T12:37:00.000000Z,167.28,167.32,167.24,167.31,6272.45
2025-07-16T12:38:00.000000Z,167.31,167.36,167.28,167.34,21020.54
2025-07-16T12:39:00.000000Z,167.34,167.37,167.23,167.36,12211.75
2025-07-16T12:40:00.000000Z,167.37,167.4,167.29,167.38,12296.44
2025-07-16T12:41:00.000000Z,167.37,167.38,167.31,167.33,18701.17
2025-07-16T12:42:00.000000Z,167.33,167.44,167.31,167.34,26078.57
2025-07-16T12:43:00.000000Z,167.33,167.38,167.3,167.37,7694.09
2025-07-16T12:44:00.000000Z,167.37,167.38,167.33,167.34,11348.16
2025-07-16T12:45:00.000000Z,167.33,167.35,167.24,167.34,10083.54
2025-07-16T12:46:00.000000Z,167.34,167.46,167.3,167.31,15144.45
2025-07-16T12:47:00.000000Z,167.3,167.34,167.15,167.24,21534.46
2025-07-16T12:48:00.000000Z,167.24,167.24,166.97,167.02,22461.47
2025-07-16T12:49:00.000000Z,167.02,167.08,166.97,166.98,18987.47
2025-07-16T12:50:00.000000Z,166.97,167.01,166.88,166.91,11156.81
2025-07-16T12:51:00.000000Z,166.91,167.04,166.87,167.02,8393.85
2025-07-16T12:52:00.000000Z,167.03,167.1,167.03,167.05,4044.67
2025-07-16T12:53:00.000000Z,167.06,167.06,166.88,166.93,7375.38
2025-07-16T12:54:00.000000Z,166.93,166.94,166.78,166.88,23217.94
2025-07-16T12:55:00.000000Z,166.89,167.05,166.88,167.04,7751.91
2025-07-16T12:56:00.000000Z,167.04,167.07,166.82,166.83,7919.09
2025-07-16T12:57:00.000000Z,166.82,166.93,166.71,166.72,23327.09
2025-07-16T12:58:00.000000Z,166.72,166.73,166.68,166.72,12180.91
2025-07-16T12:59:00.000000Z,166.72,166.78,166.61,166.62,27263.55
2025-07-16T13:00:00.000000Z,166.61,166.66,166.57,166.57,20897.4
2025-07-16T13:01:00.000000Z,166.57,166.63,166.52,166.63,21394.4
2025-07-16T13:02:00.000000Z,166.62,166.63,166.37,166.52,30950.72
2025-07-16T13:03:00.000000Z,166.52,166.6,166.46,166.52,22332.02
2025-07-16T13:04:00.000000Z,166.52,166.66,166.48,166.66,12746.9
2025-07-16T13:05:00.000000Z,166.66,166.66,166.49,166.6,12789.3
2025-07-16T13:06:00.000000Z,166.6,166.61,166.27,166.3,70229.39
2025-07-16T13:07:00.000000Z,166.3,166.33,166.25,166.29,17452.56
2025-07-16T13:08:00.000000Z,166.29,166.63,166.29,166.62,32061.95
2025-07-16T13:09:00.000000Z,166.63,166.67,166.49,166.49,37780.09
2025-07-16T13:10:00.000000Z,166.49,166.68,166.45,166.67,19444.74
2025-07-16T13:11:00.000000Z,166.68,166.8,166.56,166.77,23029.07
2025-07-16T13:12:00.000000Z,166.76,167.23,166.76,167.23,45539.48
2025-07-16T13:13:00.000000Z,167.24,167.25,167.0,167.01,22691.9
2025-07-16T13:14:00.000000Z,167.0,167.0,166.75,166.82,40999.34
2025-07-16T13:15:00.000000Z,166.83,166.93,166.78,166.79,8804.78
2025-07-16T13:16:00.000000Z,166.78,166.95,166.77,166.94,5798.36
2025-07-16T13:17:00.000000Z,166.94,167.01,166.87,166.88,10309.82
2025-07-16T13:18:00.000000Z,166.88,167.0,166.85,166.92,24793.05
2025-07-16T13:19:00.000000Z,166.91,166.97,166.87,166.9,10112.59
2025-07-16T13:20:00.000000Z,166.9,167.04,166.88,167.03,6413.23
2025-07-16T13:21:00.000000Z,167.03,167.12,166.97,167.11,6288.42
2025-07-16T13:22:00.000000Z,167.12,167.14,167.04,167.06,6373.26
2025-07-16T13:23:00.000000Z,167.05,167.12,166.96,166.99,7479.8
2025-07-16T13:24:00.000000Z,166.99,167.1,166.97,167.04,7616.07
2025-07-16T13:25:00.000000Z,167.04,167.18,166.99,167.03,6397.72
2025-07-16T13:26:00.000000Z,167.02,167.03,166.91,167.0,5272.53
2025-07-16T13:27:00.000000Z,166.99,167.0,166.87,166.89,8012.46
2025-07-16T13:28:00.000000Z,166.89,167.06,166.89,167.06,5599.34
2025-07-16T13:29:00.000000Z,167.06,167.09,167.03,167.08,6038.37
2025-07-16T13:30:00.000000Z,167.09,167.09,166.77,166.78,14118.92
2025-07-16T13:31:00.000000Z,166.78,166.86,166.64,166.86,26087.91
2025-07-16T13:32:00.000000Z,166.86,167.22,166.86,167.17,12681.02
2025-07-16T13:33:00.000000Z,167.18,167.31,167.17,167.3,11519.86
2025-07-16T13:34:00.000000Z,167.31,167.31,167.18,167.27,13388.9
2025-07-16T13:35:00.000000Z,167.28,167.31,166.82,166.86,27778.53
2025-07-16T13:36:00.000000Z,166.87,166.97,166.74,166.83,13578.71
2025-07-16T13:37:00.000000Z,166.82,166.92,166.54,166.75,16844.89
2025-07-16T13:38:00.000000Z,166.74,166.94,166.67,166.94,15011.81
2025-07-16T13:39:00.000000Z,166.94,166.98,166.78,166.89,7270.33
2025-07-16T13:40:00.000000Z,166.9,166.95,166.54,166.54,14436.23
2025-07-16T13:41:00.000000Z,166.54,166.68,166.22,166.66,35171.73
2025-07-16T13:42:00.000000Z,166.66,166.66,166.39,166.44,18504.57
2025-07-16T13:43:00.000000Z,166.44,166.48,166.26,166.26,18109.26
2025-07-16T13:44:00.000000Z,166.26,166.38,166.16,166.35,22056.71
2025-07-16T13:45:00.000000Z,166.36,166.52,166.25,166.41,18210.32
2025-07-16T13:46:00.000000Z,166.42,166.68,166.42,166.68,11780.41
2025-07-16T13:47:00.000000Z,166.68,166.91,166.54,166.91,15314.22
2025-07-16T13:48:00.000000Z,166.92,167.3,166.92,167.11,43525.6
2025-07-16T13:49:00.000000Z,167.11,167.14,166.8,166.8,21979.15
2025-07-16T13:50:00.000000Z,166.8,166.91,166.76,166.85,8436.86
2025-07-16T13:51:00.000000Z,166.85,166.94,166.55,166.88,15163.97
2025-07-16T13:52:00.000000Z,166.87,166.99,166.76,166.98,20928.28
2025-07-16T13:53:00.000000Z,166.99,167.05,166.88,166.99,12205.13
2025-07-16T13:54:00.000000Z,167.0,167.08,166.66,166.78,11802.55
2025-07-16T13:55:00.000000Z,166.77,167.15,166.74,167.13,9440.29
2025-07-16T13:56:00.000000Z,167.14,167.19,167.01,167.19,10123.95
2025-07-16T13:57:00.000000Z,167.19,167.2,167.11,167.16,17154.92
2025-07-16T13:58:00.000000Z,167.17,167.3,167.16,167.26,21489.91
2025-07-16T13:59:00.000000Z,167.27,167.3,167.24,167.28,16190.0
2025-07-16T14:00:00.000000Z,167.28,167.39,167.19,167.26,68590.56
2025-07-16T14:01:00.000000Z,167.26,167.26,167.06,167.21,19305.82
2025-07-16T14:02:00.000000Z,167.22,167.34,167.11,167.33,14747.01
2025-07-16T14:03:00.000000Z,167.33,167.36,167.2,167.21,18943.31
2025-07-16T14:04:00.000000Z,167.21,167.36,167.17,167.3,23767.23
2025-07-16T14:05:00.000000Z,167.29,167.38,167.2,167.27,16266.12
2025-07-16T14:06:00.000000Z,167.26,167.36,167.15,167.17,25029.83
2025-07-16T14:07:00.000000Z,167.18,167.25,166.82,166.92,26549.57
2025-07-16T14:08:00.000000Z,166.91,167.14,166.86,166.87,13693.16
2025-07-16T14:09:00.000000Z,166.86,167.1,166.69,167.08,36002.86
2025-07-16T14:10:00.000000Z,167.08,167.28,166.93,167.28,22165.59
2025-07-16T14:11:00.000000Z,167.29,167.29,167.01,167.1,12372.06
2025-07-16T14:12:00.000000Z,167.11,167.23,167.07,167.17,14337.85
2025-07-16T14:13:00.000000Z,167.16,167.18,166.89,166.91,9210.12
2025-07-16T14:14:00.000000Z,166.91,166.98,166.74,166.75,20473.73
2025-07-16T14:15:00.000000Z,166.74,166.95,166.74,166.95,18971.88
2025-07-16T14:16:00.000000Z,166.95,166.95,166.61,166.62,27029.62
2025-07-16T14:17:00.000000Z,166.63,167.04,166.62,166.99,18377.3
2025-07-16T14:18:00.000000Z,167.0,167.25,166.99,167.2,14010.66
2025-07-16T14:19:00.000000Z,167.2,167.2,167.09,167.1,6623.19
2025-07-16T14:20:00.000000Z,167.1,167.19,167.04,167.06,11292.89
2025-07-16T14:21:00.000000Z,167.06,167.09,166.89,166.95,14682.23
2025-07-16T14:22:00.000000Z,166.95,167.02,166.86,166.9,13659.93
2025-07-16T14:23:00.000000Z,166.91,167.02,166.86,166.9,13476.39
2025-07-16T14:24:00.000000Z,166.9,167.01,166.88,167.0,13841.67
2025-07-16T14:25:00.000000Z,167.0,167.18,166.96,167.03,21134.39
2025-07-16T14:26:00.000000Z,167.04,167.11,166.91,166.92,11104.77
2025-07-16T14:27:00.000000Z,166.92,167.13,166.9,167.12,10008.11
2025-07-16T14:28:00.000000Z,167.11,167.16,167.07,167.14,10156.07
2025-07-16T14:29:00.000000Z,167.14,167.24,167.11,167.24,7155.64
2025-07-16T14:30:00.000000Z,167.24,167.55,167.07,167.55,82413.4
2025-07-16T14:31:00.000000Z,167.55,167.56,167.2,167.28,75270.74
2025-07-16T14:32:00.000000Z,167.27,167.64,167.2,167.44,67755.89
2025-07-16T14:33:00.000000Z,167.44,167.95,167.39,167.77,128173.64
2025-07-16T14:34:00.000000Z,167.77,167.78,167.51,167.7,59287.99
2025-07-16T14:35:00.000000Z,167.69,167.7,167.36,167.46,75712.96
2025-07-16T14:36:00.000000Z,167.46,167.47,167.21,167.32,43013.44
2025-07-16T14:37:00.000000Z,167.31,167.57,167.23,167.31,17723.94
2025-07-16T14:38:00.000000Z,167.31,167.37,167.09,167.32,33248.75
2025-07-16T14:39:00.000000Z,167.33,167.36,167.25,167.35,10902.87
2025-07-16T14:40:00.000000Z,167.34,167.63,167.33,167.47,45003.17
2025-07-16T14:41:00.000000Z,167.46,167.47,167.21,167.35,12993.24
2025-07-16T14:42:00.000000Z,167.35,167.59,167.32,167.56,16721.8
2025-07-16T14:43:00.000000Z,167.57,167.57,167.45,167.5,8489.81
2025-07-16T14:44:00.000000Z,167.5,167.61,167.5,167.58,18232.68
2025-07-16T14:45:00.000000Z,167.58,168.01,167.54,167.83,156297.47
2025-07-16T14:46:00.000000Z,167.82,167.96,167.73,167.92,50812.57
2025-07-16T14:47:00.000000Z,167.91,168.0,167.78,167.79,31840.19
2025-07-16T14:48:00.000000Z,167.78,167.96,167.78,167.85,21073.01
2025-07-16T14:49:00.000000Z,167.85,167.91,167.7,167.81,50433.57
2025-07-16T14:50:00.000000Z,167.8,167.81,167.44,167.67,62133.45
2025-07-16T14:51:00.000000Z,167.67,167.84,167.56,167.82,39039.01
2025-07-16T14:52:00.000000Z,167.83,167.85,167.53,167.63,50134.64
2025-07-16T14:53:00.000000Z,167.63,167.69,167.61,167.67,19647.17
2025-07-16T14:54:00.000000Z,167.67,167.68,167.07,167.23,85586.43
2025-07-16T14:55:00.000000Z,167.23,167.4,167.11,167.36,27694.61
2025-07-16T14:56:00.000000Z,167.35,167.6,167.31,167.6,33278.83
2025-07-16T14:57:00.000000Z,167.6,167.81,167.52,167.61,50328.55
2025-07-16T14:58:00.000000Z,167.61,167.63,167.28,167.35,38993.23
2025-07-16T14:59:00.000000Z,167.36,167.55,167.29,167.53,19436.74
2025-07-16T15:00:00.000000Z,167.53,167.7,167.47,167.7,60545.92
2025-07-16T15:01:00.000000Z,167.7,167.76,167.54,167.69,19090.26
2025-07-16T15:02:00.000000Z,167.7,167.74,167.5,167.62,29541.73
2025-07-16T15:03:00.000000Z,167.62,167.68,167.46,167.48,39023.23
2025-07-16T15:04:00.000000Z,167.49,167.74,167.48,167.56,44148.07
2025-07-16T15:05:00.000000Z,167.57,167.66,167.5,167.58,30989.21
2025-07-16T15:06:00.000000Z,167.59,167.99,167.57,167.91,52569.19
2025-07-16T15:07:00.000000Z,167.9,168.14,167.87,167.99,67122.2
2025-07-16T15:08:00.000000Z,168.0,168.14,167.91,168.06,55219.04
2025-07-16T15:09:00.000000Z,168.06,168.17,167.94,168.1,37788.01
2025-07-16T15:10:00.000000Z,168.1,168.12,167.86,167.9,30836.0
2025-07-16T15:11:00.000000Z,167.89,167.98,167.62,167.8,49597.99
2025-07-16T15:12:00.000000Z,167.81,167.95,167.72,167.86,22068.09
2025-07-16T15:13:00.000000Z,167.85,167.85,167.51,167.53,40786.29
2025-07-16T15:14:00.000000Z,167.54,167.63,167.39,167.53,24768.18
2025-07-16T15:15:00.000000Z,167.53,167.53,167.11,167.15,40577.02
2025-07-16T15:16:00.000000Z,167.15,167.35,166.8,167.23,98644.48
2025-07-16T15:17:00.000000Z,167.22,167.25,166.82,167.13,75612.05
2025-07-16T15:18:00.000000Z,167.12,167.13,166.8,166.87,37876.17
2025-07-16T15:19:00.000000Z,166.87,166.9,166.65,166.83,50382.57
2025-07-16T15:20:00.000000Z,166.83,166.88,166.37,166.84,86791.89
2025-07-16T15:21:00.000000Z,166.83,166.83,166.42,166.42,36029.53
2025-07-16T15:22:00.000000Z,166.42,166.45,166.08,166.35,63879.26
2025-07-16T15:23:00.000000Z,166.36,166.68,166.34,166.61,36897.07
2025-07-16T15:24:00.000000Z,166.6,166.64,166.28,166.5,23488.46
2025-07-16T15:25:00.000000Z,166.49,166.78,166.38,166.71,21056.71
2025-07-16T15:26:00.000000Z,166.72,167.06,166.72,166.97,35422.11
2025-07-16T15:27:00.000000Z,166.97,167.3,166.96,167.13,30429.69
2025-07-16T15:28:00.000000Z,167.14,167.4,167.07,167.4,32581.0
2025-07-16T15:29:00.000000Z,167.4,167.41,167.27,167.27,16012.85
2025-07-16T15:30:00.000000Z,167.28,167.41,167.05,167.25,48346.43
2025-07-16T15:31:00.000000Z,167.25,167.25,166.78,166.94,37616.06
2025-07-16T15:32:00.000000Z,166.95,167.14,166.9,166.95,17268.12
2025-07-16T15:33:00.000000Z,166.94,166.94,166.64,166.8,25961.39
2025-07-16T15:34:00.000000Z,166.8,166.91,166.57,166.57,13117.05
2025-07-16T15:35:00.000000Z,166.57,166.57,166.26,166.41,30334.97
2025-07-16T15:36:00.000000Z,166.4,166.4,165.7,165.9,108934.64
2025-07-16T15:37:00.000000Z,165.9,165.95,165.62,165.7,69727.73
2025-07-16T15:38:00.000000Z,165.7,166.18,165.34,166.14,92925.21
2025-07-16T15:39:00.000000Z,166.14,166.14,165.8,165.82,41511.51
2025-07-16T15:40:00.000000Z,165.82,166.23,165.8,166.02,40675.98
2025-07-16T15:41:00.000000Z,166.02,166.42,166.02,166.29,23591.13
2025-07-16T15:42:00.000000Z,166.29,166.5,166.29,166.35,29152.17
2025-07-16T15:43:00.000000Z,166.35,166.57,166.34,166.52,20823.99
2025-07-16T15:44:00.000000Z,166.53,166.57,166.42,166.56,13694.46
2025-07-16T15:45:00.000000Z,166.56,166.77,166.5,166.6,21656.81
2025-07-16T15:46:00.000000Z,166.6,166.66,166.36,166.37,13659.97
2025-07-16T15:47:00.000000Z,166.37,166.74,166.36,166.74,11693.14
2025-07-16T15:48:00.000000Z,166.74,166.95,166.71,166.94,23373.37
2025-07-16T15:49:00.000000Z,166.93,167.25,166.89,167.23,34712.89
2025-07-16T15:50:00.000000Z,167.23,167.54,167.2,167.38,46534.81
2025-07-16T15:51:00.000000Z,167.38,167.48,167.22,167.33,36298.07
2025-07-16T15:52:00.000000Z,167.32,167.33,166.9,166.97,30813.26
2025-07-16T15:53:00.000000Z,166.97,167.33,166.94,167.33,22992.88
2025-07-16T15:54:00.000000Z,167.34,167.36,167.15,167.28,11659.74
2025-07-16T15:55:00.000000Z,167.29,167.73,167.22,167.36,52260.96
2025-07-16T15:56:00.000000Z,167.37,167.99,167.35,167.93,60499.84
2025-07-16T15:57:00.000000Z,167.92,168.42,167.87,168.15,135062.46
2025-07-16T15:58:00.000000Z,168.15,168.76,168.15,168.59,153665.92
2025-07-16T15:59:00.000000Z,168.59,168.82,168.3,168.42,66083.99
2025-07-16T16:00:00.000000Z,168.41,169.65,168.33,169.18,269957.44
2025-07-16T16:01:00.000000Z,169.19,169.46,169.05,169.1,108977.24
2025-07-16T16:02:00.000000Z,169.1,169.41,168.96,169.21,66409.33
2025-07-16T16:03:00.000000Z,169.21,169.41,169.03,169.32,68367.34
2025-07-16T16:04:00.000000Z,169.31,169.47,168.98,169.03,61454.34
2025-07-16T16:05:00.000000Z,169.04,169.36,168.99,169.33,77553.84
2025-07-16T16:06:00.000000Z,169.33,169.88,169.29,169.87,109829.78
2025-07-16T16:07:00.000000Z,169.86,169.89,169.23,169.39,71298.76
2025-07-16T16:08:00.000000Z,169.39,169.62,169.28,169.44,47092.82
2025-07-16T16:09:00.000000Z,169.44,169.9,169.41,169.88,62072.97
2025-07-16T16:10:00.000000Z,169.87,170.54,169.47,169.52,268659.19
2025-07-16T16:11:00.000000Z,169.52,170.19,169.51,170.18,65017.53
2025-07-16T16:12:00.000000Z,170.17,170.73,170.05,170.73,97260.45
2025-07-16T16:13:00.000000Z,170.72,170.91,170.53,170.57,166096.15
2025-07-16T16:14:00.000000Z,170.57,170.6,170.2,170.32,59914.84
2025-07-16T16:15:00.000000Z,170.32,170.5,170.21,170.25,59685.62
2025-07-16T16:16:00.000000Z,170.24,170.86,170.09,170.81,66403.38
2025-07-16T16:17:00.000000Z,170.82,171.54,170.72,171.19,230724.01
2025-07-16T16:18:00.000000Z,171.19,171.19,170.97,171.07,61737.32
2025-07-16T16:19:00.000000Z,171.06,171.53,171.04,171.39,95751.51
2025-07-16T16:20:00.000000Z,171.39,171.9,171.38,171.72,126586.7
2025-07-16T16:21:00.000000Z,171.72,172.12,171.72,172.07,132241.68
2025-07-16T16:22:00.000000Z,172.06,172.09,171.45,171.8,135472.93
2025-07-16T16:23:00.000000Z,171.8,171.83,171.49,171.62,49096.34
2025-07-16T16:24:00.000000Z,171.61,172.37,171.52,172.21,81638.19
2025-07-16T16:25:00.000000Z,172.2,172.33,171.92,172.0,82381.98
2025-07-16T16:26:00.000000Z,172.0,172.0,171.47,171.7,77532.01
2025-07-16T16:27:00.000000Z,171.7,171.84,171.63,171.72,32127.88
2025-07-16T16:28:00.000000Z,171.72,172.34,171.72,172.34,53866.86
2025-07-16T16:29:00.000000Z,172.33,172.5,172.17,172.24,76949.56
2025-07-16T16:30:00.000000Z,172.23,172.6,172.14,172.57,70287.49
2025-07-16T16:31:00.000000Z,172.57,173.2,172.49,173.11,134340.7
2025-07-16T16:32:00.000000Z,173.1,173.28,172.52,172.54,103390.94
2025-07-16T16:33:00.000000Z,172.55,172.8,172.33,172.51,57407.67
2025-07-16T16:34:00.000000Z,172.51,172.68,172.19,172.25,66186.22
2025-07-16T16:35:00.000000Z,172.25,172.26,171.74,171.86,108210.06
2025-07-16T16:36:00.000000Z,171.86,171.9,171.68,171.79,44845.12
2025-07-16T16:37:00.000000Z,171.79,171.83,171.56,171.64,41493.26
2025-07-16T16:38:00.000000Z,171.63,171.74,171.34,171.68,64419.55
2025-07-16T16:39:00.000000Z,171.68,172.22,171.58,172.01,57624.52
2025-07-16T16:40:00.000000Z,172.01,172.23,171.92,172.18,39168.84
2025-07-16T16:41:00.000000Z,172.19,172.3,171.89,171.94,26661.34
2025-07-16T16:42:00.000000Z,171.93,172.13,171.88,172.04,23270.98
2025-07-16T16:43:00.000000Z,172.04,172.08,171.92,172.0,12303.15
2025-07-16T16:44:00.000000Z,171.99,172.0,171.74,171.79,23456.49
2025-07-16T16:45:00.000000Z,171.8,171.98,171.79,171.94,14421.59
2025-07-16T16:46:00.000000Z,171.95,172.12,171.81,172.12,20397.02
2025-07-16T16:47:00.000000Z,172.11,172.12,171.82,171.89,22161.06
2025-07-16T16:48:00.000000Z,171.89,171.99,171.69,171.72,16679.65
2025-07-16T16:49:00.000000Z,171.72,171.82,171.56,171.64,31672.14
2025-07-16T16:50:00.000000Z,171.64,171.71,171.47,171.63,20017.03
2025-07-16T16:51:00.000000Z,171.63,171.84,171.63,171.63,16153.38
2025-07-16T16:52:00.000000Z,171.64,171.99,171.54,171.79,27547.04
2025-07-16T16:53:00.000000Z,171.8,171.86,171.6,171.62,20156.32
2025-07-16T16:54:00.000000Z,171.62,171.82,171.62,171.66,16795.76
2025-07-16T16:55:00.000000Z,171.67,171.85,171.66,171.69,13348.77
2025-07-16T16:56:00.000000Z,171.69,171.92,171.63,171.89,35358.36
2025-07-16T16:57:00.000000Z,171.9,172.09,171.79,171.94,47908.12
2025-07-16T16:58:00.000000Z,171.94,172.69,171.91,172.68,88240.14
2025-07-16T16:59:00.000000Z,172.69,172.69,172.4,172.53,34458.67
2025-07-16T17:00:00.000000Z,172.52,172.97,172.52,172.62,74458.79
2025-07-16T17:01:00.000000Z,172.61,172.81,172.46,172.77,26303.81
2025-07-16T17:02:00.000000Z,172.77,172.91,172.72,172.83,33440.16
2025-07-16T17:03:00.000000Z,172.82,172.87,172.63,172.82,27052.66
2025-07-16T17:04:00.000000Z,172.82,173.07,172.76,172.88,71285.12
2025-07-16T17:05:00.000000Z,172.87,172.88,172.6,172.76,34277.23
2025-07-16T17:06:00.000000Z,172.75,172.82,172.52,172.59,23915.27
2025-07-16T17:07:00.000000Z,172.59,172.76,172.51,172.59,15478.57
2025-07-16T17:08:00.000000Z,172.59,172.69,172.54,172.59,19542.82
2025-07-16T17:09:00.000000Z,172.59,172.81,172.59,172.73,30148.72
2025-07-16T17:10:00.000000Z,172.73,172.83,172.51,172.52,18722.66
2025-07-16T17:11:00.000000Z,172.52,172.6,172.28,172.35,30080.55
2025-07-16T17:12:00.000000Z,172.35,172.45,172.26,172.32,14874.66
2025-07-16T17:13:00.000000Z,172.32,172.41,172.28,172.37,14520.86
2025-07-16T17:14:00.000000Z,172.38,172.5,172.35,172.47,20742.64
2025-07-16T17:15:00.000000Z,172.47,172.6,172.34,172.53,18244.78
2025-07-16T17:16:00.000000Z,172.53,172.69,172.43,172.64,18325.59
2025-07-16T17:17:00.000000Z,172.64,172.89,172.63,172.87,25906.21
2025-07-16T17:18:00.000000Z,172.86,172.89,172.61,172.69,18983.33
2025-07-16T17:19:00.000000Z,172.68,172.78,172.65,172.77,12190.05
2025-07-16T17:20:00.000000Z,172.76,172.91,172.68,172.87,31548.17
2025-07-16T17:21:00.000000Z,172.87,172.93,172.17,172.23,44683.08
2025-07-16T17:22:00.000000Z,172.24,172.7,172.24,172.68,23719.96
2025-07-16T17:23:00.000000Z,172.68,172.71,172.49,172.65,12777.48
2025-07-16T17:24:00.000000Z,172.64,172.71,172.6,172.65,6930.25
2025-07-16T17:25:00.000000Z,172.66,172.79,172.54,172.74,15464.19
2025-07-16T17:26:00.000000Z,172.75,172.77,172.53,172.59,15486.07
2025-07-16T17:27:00.000000Z,172.59,172.61,172.21,172.27,30891.22
2025-07-16T17:28:00.000000Z,172.28,172.5,172.18,172.45,19329.43
2025-07-16T17:29:00.000000Z,172.45,172.65,172.42,172.63,8469.91
2025-07-16T17:30:00.000000Z,172.62,172.65,172.53,172.6,13780.48
2025-07-16T17:31:00.000000Z,172.6,172.67,172.37,172.4,34656.01
2025-07-16T17:32:00.000000Z,172.4,172.6,172.38,172.49,15920.19
2025-07-16T17:33:00.000000Z,172.5,172.58,172.33,172.55,30609.19
2025-07-16T17:34:00.000000Z,172.55,172.55,172.33,172.4,14669.48
2025-07-16T17:35:00.000000Z,172.39,172.6,172.33,172.5,21069.79
2025-07-16T17:36:00.000000Z,172.5,172.54,172.33,172.4,12893.56
2025-07-16T17:37:00.000000Z,172.39,172.41,172.03,172.22,30183.08
2025-07-16T17:38:00.000000Z,172.2,172.28,172.06,172.28,14501.35
2025-07-16T17:39:00.000000Z,172.29,172.48,172.28,172.46,18438.53
2025-07-16T17:40:00.000000Z,172.45,172.5,172.31,172.35,4546.28
2025-07-16T17:41:00.000000Z,172.35,172.47,172.32,172.47,8805.92
2025-07-16T17:42:00.000000Z,172.46,172.48,172.27,172.28,11354.17
2025-07-16T17:43:00.000000Z,172.28,172.59,172.27,172.56,15329.43
2025-07-16T17:44:00.000000Z,172.56,172.75,172.55,172.73,14754.27
2025-07-16T17:45:00.000000Z,172.73,173.6,172.63,173.35,115092.81
2025-07-16T17:46:00.000000Z,173.34,174.05,173.29,173.87,128594.0
2025-07-16T17:47:00.000000Z,173.88,174.36,173.79,174.2,120154.35
2025-07-16T17:48:00.000000Z,174.2,174.41,174.1,174.31,71498.54
2025-07-16T17:49:00.000000Z,174.31,174.63,174.21,174.46,61824.15
2025-07-16T17:50:00.000000Z,174.46,174.49,173.8,173.88,131441.08
2025-07-16T17:51:00.000000Z,173.88,174.21,173.84,174.05,33977.9
2025-07-16T17:52:00.000000Z,174.04,174.3,174.03,174.27,73055.07
2025-07-16T17:53:00.000000Z,174.27,174.27,173.84,173.9,49414.16
2025-07-16T17:54:00.000000Z,173.9,173.94,173.65,173.91,58328.12
2025-07-16T17:55:00.000000Z,173.91,173.91,173.48,173.61,34712.07
2025-07-16T17:56:00.000000Z,173.61,173.77,173.56,173.69,16604.04
2025-07-16T17:57:00.000000Z,173.7,173.77,173.6,173.67,20882.04
2025-07-16T17:58:00.000000Z,173.67,173.67,173.36,173.38,24548.32
2025-07-16T17:59:00.000000Z,173.38,173.65,173.34,173.63,24364.02
2025-07-16T18:00:00.000000Z,173.63,174.03,173.63,173.78,28694.76
2025-07-16T18:01:00.000000Z,173.78,173.79,173.57,173.74,21503.16
2025-07-16T18:02:00.000000Z,173.73,173.76,173.46,173.49,16975.64
2025-07-16T18:03:00.000000Z,173.48,173.59,173.41,173.58,25832.95
2025-07-16T18:04:00.000000Z,173.55,174.14,173.48,174.08,43338.22
2025-07-16T18:05:00.000000Z,174.08,174.29,173.9,174.24,34239.09
2025-07-16T18:06:00.000000Z,174.25,174.52,174.19,174.38,57660.59
2025-07-16T18:07:00.000000Z,174.37,174.39,174.19,174.34,37694.66
2025-07-16T18:08:00.000000Z,174.35,174.67,174.33,174.42,44550.62
2025-07-16T18:09:00.000000Z,174.42,174.64,174.34,174.49,25669.31
2025-07-16T18:10:00.000000Z,174.48,174.55,174.08,174.16,41793.76
2025-07-16T18:11:00.000000Z,174.17,174.17,173.8,173.86,45705.52
2025-07-16T18:12:00.000000Z,173.86,173.96,173.61,173.69,26452.15
2025-07-16T18:13:00.000000Z,173.68,173.9,173.61,173.86,27637.06
2025-07-16T18:14:00.000000Z,173.87,173.98,173.71,173.79,17177.24
2025-07-16T18:15:00.000000Z,173.8,174.5,173.6,174.5,89881.02
2025-07-16T18:16:00.000000Z,174.5,174.52,174.26,174.3,35710.9
2025-07-16T18:17:00.000000Z,174.3,174.5,174.23,174.44,32793.71
2025-07-16T18:18:00.000000Z,174.45,174.46,174.27,174.4,23156.16
2025-07-16T18:19:00.000000Z,174.4,174.53,174.3,174.31,39846.26
2025-07-16T18:20:00.000000Z,174.31,174.37,174.17,174.33,16917.26
2025-07-16T18:21:00.000000Z,174.33,174.5,174.26,174.49,20315.96
2025-07-16T18:22:00.000000Z,174.48,174.66,174.46,174.51,25799.94
2025-07-16T18:23:00.000000Z,174.5,174.51,174.32,174.4,18433.88
2025-07-16T18:24:00.000000Z,174.4,174.4,174.3,174.37,8471.19
2025-07-16T18:25:00.000000Z,174.38,174.56,174.25,174.55,22527.83
2025-07-16T18:26:00.000000Z,174.55,174.66,174.49,174.5,22176.62
2025-07-16T18:27:00.000000Z,174.49,174.67,174.42,174.57,16715.46
2025-07-16T18:28:00.000000Z,174.57,174.57,174.41,174.49,14562.56
2025-07-16T18:29:00.000000Z,174.49,174.67,174.48,174.51,10612.17
2025-07-16T18:30:00.000000Z,174.5,174.72,174.5,174.64,29932.94
2025-07-16T18:31:00.000000Z,174.64,174.65,174.58,174.61,12101.17
2025-07-16T18:32:00.000000Z,174.61,174.61,174.45,174.58,14211.25
2025-07-16T18:33:00.000000Z,174.58,174.66,174.47,174.63,17239.13
2025-07-16T18:34:00.000000Z,174.63,174.74,174.43,174.44,37246.4
2025-07-16T18:35:00.000000Z,174.44,174.44,174.29,174.39,15405.82
2025-07-16T18:36:00.000000Z,174.38,174.57,174.36,174.39,20503.17
2025-07-16T18:37:00.000000Z,174.39,174.58,174.39,174.51,8796.03
2025-07-16T18:38:00.000000Z,174.51,174.54,174.42,174.45,8713.27
2025-07-16T18:39:00.000000Z,174.44,174.48,174.37,174.38,7047.15
2025-07-16T18:40:00.000000Z,174.37,174.54,174.27,174.53,15622.53
2025-07-16T18:41:00.000000Z,174.52,174.59,174.45,174.56,11163.57
2025-07-16T18:42:00.000000Z,174.56,174.56,174.46,174.5,7789.92
2025-07-16T18:43:00.000000Z,174.5,174.51,174.37,174.43,8197.51
2025-07-16T18:44:00.000000Z,174.42,174.43,174.26,174.35,11508.31
2025-07-16T18:45:00.000000Z,174.36,174.41,174.2,174.29,19940.65
2025-07-16T18:46:00.000000Z,174.3,174.4,174.23,174.4,22016.84
2025-07-16T18:47:00.000000Z,174.4,174.42,174.04,174.05,29126.4
2025-07-16T18:48:00.000000Z,174.06,174.06,173.65,173.87,48559.76
2025-07-16T18:49:00.000000Z,173.87,173.89,173.66,173.89,38084.56
2025-07-16T18:50:00.000000Z,173.89,173.89,173.33,173.42,114280.76
2025-07-16T18:51:00.000000Z,173.43,173.43,172.96,173.11,100128.04
2025-07-16T18:52:00.000000Z,173.11,173.52,173.03,173.48,32383.83
2025-07-16T18:53:00.000000Z,173.49,173.5,173.35,173.42,21384.1
2025-07-16T18:54:00.000000Z,173.43,173.81,173.42,173.79,18166.13
2025-07-16T18:55:00.000000Z,173.8,173.82,173.38,173.43,28743.29
2025-07-16T18:56:00.000000Z,173.42,173.5,173.38,173.41,17402.48
2025-07-16T18:57:00.000000Z,173.42,173.48,173.32,173.41,22255.31
2025-07-16T18:58:00.000000Z,173.42,173.44,173.21,173.22,21201.37
2025-07-16T18:59:00.000000Z,173.22,173.4,173.21,173.38,9698.63
2025-07-16T19:00:00.000000Z,173.39,173.5,173.34,173.45,23481.06
2025-07-16T19:01:00.000000Z,173.45,173.54,173.41,173.54,19078.16
2025-07-16T19:02:00.000000Z,173.53,173.56,173.32,173.35,15280.9
2025-07-16T19:03:00.000000Z,173.35,173.36,173.04,173.09,21045.49
2025-07-16T19:04:00.000000Z,173.1,173.36,173.02,173.19,16789.67
2025-07-16T19:05:00.000000Z,173.19,173.21,173.11,173.2,12035.49
2025-07-16T19:06:00.000000Z,173.2,173.37,173.17,173.35,12377.13
2025-07-16T19:07:00.000000Z,173.35,173.35,173.15,173.27,11820.12
2025-07-16T19:08:00.000000Z,173.28,173.39,173.27,173.33,13783.28
2025-07-16T19:09:00.000000Z,173.33,173.33,173.12,173.3,14488.9
2025-07-16T19:10:00.000000Z,173.3,173.3,173.02,173.03,15735.89
2025-07-16T19:11:00.000000Z,173.02,173.1,172.88,172.9,28474.8
2025-07-16T19:12:00.000000Z,172.91,172.91,172.54,172.77,62528.47
2025-07-16T19:13:00.000000Z,172.78,172.93,172.73,172.75,25435.72
2025-07-16T19:14:00.000000Z,172.76,172.93,172.72,172.83,12591.62
2025-07-16T19:15:00.000000Z,172.83,173.0,172.78,172.96,14246.27
2025-07-16T19:16:00.000000Z,172.96,173.11,172.96,173.04,14617.17
2025-07-16T19:17:00.000000Z,173.05,173.37,172.99,173.27,15484.54
2025-07-16T19:18:00.000000Z,173.26,173.26,173.08,173.19,12594.16
2025-07-16T19:19:00.000000Z,173.2,173.24,173.06,173.17,18998.04
2025-07-16T19:20:00.000000Z,173.18,173.36,173.1,173.35,10469.16
2025-07-16T19:21:00.000000Z,173.36,173.7,173.36,173.61,36528.18
2025-07-16T19:22:00.000000Z,173.62,173.89,173.62,173.88,19190.92
2025-07-16T19:23:00.000000Z,173.89,173.9,173.68,173.7,22052.48
2025-07-16T19:24:00.000000Z,173.7,173.94,173.67,173.93,19429.11
2025-07-16T19:25:00.000000Z,173.92,174.11,173.85,174.01,34743.05
2025-07-16T19:26:00.000000Z,174.0,174.09,173.9,174.0,12595.76
2025-07-16T19:27:00.000000Z,174.0,174.06,173.95,173.95,10964.13
2025-07-16T19:28:00.000000Z,173.96,173.96,173.76,173.93,15098.5
2025-07-16T19:29:00.000000Z,173.93,173.98,173.83,173.89,6691.61
2025-07-16T19:30:00.000000Z,173.88,173.89,173.19,173.2,27167.59
2025-07-16T19:31:00.000000Z,173.21,173.26,172.95,173.07,35350.47
2025-07-16T19:32:00.000000Z,173.07,173.2,172.96,172.97,17386.92
2025-07-16T19:33:00.000000Z,172.97,173.14,172.92,173.14,12288.34
2025-07-16T19:34:00.000000Z,173.14,173.14,172.95,173.09,19254.69
2025-07-16T19:35:00.000000Z,173.09,173.14,172.97,173.04,8461.66
2025-07-16T19:36:00.000000Z,173.04,173.13,173.0,173.13,7856.31
2025-07-16T19:37:00.000000Z,173.13,173.48,173.12,173.41,23936.33
2025-07-16T19:38:00.000000Z,173.41,173.42,173.11,173.32,11124.53
2025-07-16T19:39:00.000000Z,173.32,173.35,173.21,173.3,6616.15
2025-07-16T19:40:00.000000Z,173.29,173.34,173.17,173.33,13546.51
2025-07-16T19:41:00.000000Z,173.33,173.4,173.27,173.37,12924.25
2025-07-16T19:42:00.000000Z,173.38,173.38,173.13,173.34,10373.41
2025-07-16T19:43:00.000000Z,173.34,173.79,173.34,173.63,40624.16
2025-07-16T19:44:00.000000Z,173.63,173.81,173.6,173.68,10853.72
2025-07-16T19:45:00.000000Z,173.69,173.85,173.61,173.85,35819.55
2025-07-16T19:46:00.000000Z,173.84,173.85,173.66,173.73,24492.83
2025-07-16T19:47:00.000000Z,173.72,173.97,173.69,173.97,7531.51
2025-07-16T19:48:00.000000Z,173.97,174.03,173.87,173.95,21101.93
2025-07-16T19:49:00.000000Z,173.96,174.02,173.94,174.01,4072.86
2025-07-16T19:50:00.000000Z,174.0,174.0,173.45,173.49,58690.06
2025-07-16T19:51:00.000000Z,173.48,173.67,173.42,173.65,15225.52
2025-07-16T19:52:00.000000Z,173.65,173.69,173.53,173.57,13707.34
2025-07-16T19:53:00.000000Z,173.57,173.77,173.57,173.7,8915.73
2025-07-16T19:54:00.000000Z,173.71,173.73,173.62,173.65,3767.17
2025-07-16T19:55:00.000000Z,173.65,173.7,173.4,173.7,9985.24
2025-07-16T19:56:00.000000Z,173.7,173.89,173.6,173.89,8829.26
2025-07-16T19:57:00.000000Z,173.89,174.04,173.86,173.93,35889.36
2025-07-16T19:58:00.000000Z,173.93,174.01,173.92,173.92,9766.37
2025-07-16T19:59:00.000000Z,173.92,174.48,173.91,174.13,42702.69
2025-07-16T20:00:00.000000Z,174.13,174.51,174.09,174.48,23716.38
2025-07-16T20:01:00.000000Z,174.48,174.48,174.19,174.19,24482.52
2025-07-16T20:02:00.000000Z,174.19,174.32,174.11,174.25,15996.5
2025-07-16T20:03:00.000000Z,174.25,174.41,174.17,174.4,11073.46
2025-07-16T20:04:00.000000Z,174.39,174.47,174.33,174.45,10069.11
2025-07-16T20:05:00.000000Z,174.44,174.54,174.38,174.53,28423.04
2025-07-16T20:06:00.000000Z,174.53,174.61,174.43,174.57,18722.26
2025-07-16T20:07:00.000000Z,174.57,174.71,174.35,174.57,21722.36
2025-07-16T20:08:00.000000Z,174.58,174.77,174.57,174.64,28575.28
2025-07-16T20:09:00.000000Z,174.65,174.68,173.91,174.16,56574.08
2025-07-16T20:10:00.000000Z,174.16,174.19,174.0,174.03,13569.76
2025-07-16T20:11:00.000000Z,174.03,174.09,173.74,173.78,29588.73
2025-07-16T20:12:00.000000Z,173.78,174.5,173.77,174.42,19346.18
2025-07-16T20:13:00.000000Z,174.41,174.48,174.21,174.44,16766.65
2025-07-16T20:14:00.000000Z,174.44,174.6,174.38,174.56,37344.3
2025-07-16T20:15:00.000000Z,174.56,174.62,174.36,174.48,15590.93
2025-07-16T20:16:00.000000Z,174.49,174.85,174.49,174.81,24673.42
2025-07-16T20:17:00.000000Z,174.8,174.86,174.68,174.81,33157.57
2025-07-16T20:18:00.000000Z,174.81,174.87,174.45,174.5,22024.69
2025-07-16T20:19:00.000000Z,174.49,174.52,174.29,174.51,26754.87
2025-07-16T20:20:00.000000Z,174.51,174.64,174.43,174.48,31961.2
2025-07-16T20:21:00.000000Z,174.48,174.48,174.23,174.34,12398.5
2025-07-16T20:22:00.000000Z,174.34,174.37,174.1,174.32,18296.0
2025-07-16T20:23:00.000000Z,174.32,174.68,174.31,174.52,18428.33
2025-07-16T20:24:00.000000Z,174.53,174.57,174.38,174.46,11924.66
2025-07-16T20:25:00.000000Z,174.46,174.46,174.23,174.28,8381.26
2025-07-16T20:26:00.000000Z,174.28,174.46,174.26,174.42,6666.71
2025-07-16T20:27:00.000000Z,174.43,174.47,174.39,174.39,6490.83
2025-07-16T20:28:00.000000Z,174.4,174.49,174.39,174.44,7891.51
2025-07-16T20:29:00.000000Z,174.44,174.47,174.39,174.4,7178.57
2025-07-16T20:30:00.000000Z,174.4,174.45,174.26,174.35,11876.91
2025-07-16T20:31:00.000000Z,174.36,174.36,174.01,174.19,24171.63
2025-07-16T20:32:00.000000Z,174.2,174.31,174.09,174.26,20931.56
2025-07-16T20:33:00.000000Z,174.26,174.56,174.26,174.48,49157.16
2025-07-16T20:34:00.000000Z,174.49,174.59,174.42,174.58,14156.02
2025-07-16T20:35:00.000000Z,174.59,174.98,174.57,174.85,77636.33
2025-07-16T20:36:00.000000Z,174.85,174.93,174.62,174.67,41672.5
2025-07-16T20:37:00.000000Z,174.67,174.8,174.67,174.78,6738.19
2025-07-16T20:38:00.000000Z,174.77,174.88,174.74,174.86,18688.49
2025-07-16T20:39:00.000000Z,174.86,175.08,174.72,174.75,103773.0
2025-07-16T20:40:00.000000Z,174.75,174.77,174.43,174.46,30111.02
2025-07-16T20:41:00.000000Z,174.46,174.73,174.46,174.71,21167.37
2025-07-16T20:42:00.000000Z,174.71,174.8,174.61,174.78,8733.78
2025-07-16T20:43:00.000000Z,174.78,174.81,174.68,174.7,7814.55
2025-07-16T20:44:00.000000Z,174.7,174.8,174.68,174.78,5991.23
2025-07-16T20:45:00.000000Z,174.79,174.88,174.6,174.71,14050.89
2025-07-16T20:46:00.000000Z,174.71,174.71,174.25,174.43,16535.34
2025-07-16T20:47:00.000000Z,174.44,174.72,174.31,174.7,16054.8
2025-07-16T20:48:00.000000Z,174.7,174.7,174.6,174.62,4454.29
2025-07-16T20:49:00.000000Z,174.62,174.62,174.26,174.41,10844.38
2025-07-16T20:50:00.000000Z,174.41,174.58,174.34,174.44,25712.73
2025-07-16T20:51:00.000000Z,174.44,174.48,174.35,174.48,5894.75
2025-07-16T20:52:00.000000Z,174.48,174.5,174.34,174.39,7890.99
2025-07-16T20:53:00.000000Z,174.39,174.56,174.29,174.5,7362.52
2025-07-16T20:54:00.000000Z,174.5,174.5,174.26,174.33,13863.21
2025-07-16T20:55:00.000000Z,174.34,174.49,174.24,174.43,15194.1
2025-07-16T20:56:00.000000Z,174.44,174.46,174.25,174.29,8647.47
2025-07-16T20:57:00.000000Z,174.29,174.52,174.28,174.52,7103.9
2025-07-16T20:58:00.000000Z,174.53,174.83,174.5,174.79,14515.4
2025-07-16T20:59:00.000000Z,174.8,174.8,174.64,174.66,5964.31
2025-07-16T21:00:00.000000Z,174.65,174.88,174.65,174.78,17508.43
2025-07-16T21:01:00.000000Z,174.78,174.84,174.73,174.75,10212.24
2025-07-16T21:02:00.000000Z,174.74,174.83,174.74,174.81,6502.44
2025-07-16T21:03:00.000000Z,174.81,174.81,174.61,174.61,9646.92
2025-07-16T21:04:00.000000Z,174.61,174.7,174.53,174.6,11365.19
2025-07-16T21:05:00.000000Z,174.59,174.6,174.34,174.5,10775.88
2025-07-16T21:06:00.000000Z,174.51,174.78,174.51,174.72,8370.1
2025-07-16T21:07:00.000000Z,174.72,174.89,174.66,174.89,12825.2
2025-07-16T21:08:00.000000Z,174.89,174.91,174.7,174.83,32429.39
2025-07-16T21:09:00.000000Z,174.83,174.91,174.71,174.88,14179.42
2025-07-16T21:10:00.000000Z,174.88,175.47,174.85,175.39,70137.92
2025-07-16T21:11:00.000000Z,175.38,175.39,175.26,175.38,24002.18
2025-07-16T21:12:00.000000Z,175.37,175.8,175.32,175.56,67907.89
2025-07-16T21:13:00.000000Z,175.56,175.65,175.4,175.43,20870.13
2025-07-16T21:14:00.000000Z,175.43,175.48,175.23,175.25,13288.01
2025-07-16T21:15:00.000000Z,175.26,175.4,175.02,175.31,20878.08
2025-07-16T21:16:00.000000Z,175.31,175.38,175.23,175.38,10854.55
2025-07-16T21:17:00.000000Z,175.38,175.52,175.37,175.48,14588.1
2025-07-16T21:18:00.000000Z,175.47,175.53,175.22,175.28,12237.4
2025-07-16T21:19:00.000000Z,175.29,175.35,175.19,175.21,8741.72
2025-07-16T21:20:00.000000Z,175.21,175.31,175.12,175.12,7479.06
2025-07-16T21:21:00.000000Z,175.13,175.22,174.87,174.88,68533.39
2025-07-16T21:22:00.000000Z,174.88,175.0,174.8,174.89,15324.82
2025-07-16T21:23:00.000000Z,174.89,175.48,174.8,175.46,57856.37
2025-07-16T21:24:00.000000Z,175.47,175.47,175.21,175.32,12861.8
2025-07-16T21:25:00.000000Z,175.32,175.58,175.17,175.54,36247.44
2025-07-16T21:26:00.000000Z,175.54,175.84,175.44,175.79,26999.04
2025-07-16T21:27:00.000000Z,175.79,175.94,175.79,175.89,25332.87
2025-07-16T21:28:00.000000Z,175.88,176.0,175.67,175.82,49575.95
2025-07-16T21:29:00.000000Z,175.81,175.91,175.7,175.71,16060.22
2025-07-16T21:30:00.000000Z,175.7,175.73,175.37,175.51,21489.2
2025-07-16T21:31:00.000000Z,175.51,175.57,175.24,175.26,15533.01
2025-07-16T21:32:00.000000Z,175.25,175.49,175.25,175.41,18452.74
2025-07-16T21:33:00.000000Z,175.41,175.42,175.13,175.14,12819.14
2025-07-16T21:34:00.000000Z,175.13,175.14,174.71,174.75,29827.07
2025-07-16T21:35:00.000000Z,174.76,175.08,174.71,174.82,25826.95
2025-07-16T21:36:00.000000Z,174.82,174.92,174.71,174.71,12050.13
2025-07-16T21:37:00.000000Z,174.72,174.76,174.05,174.13,79981.8
2025-07-16T21:38:00.000000Z,174.13,174.34,173.9,174.32,39444.17
2025-07-16T21:39:00.000000Z,174.33,174.5,174.33,174.5,11191.26
2025-07-16T21:40:00.000000Z,174.5,174.5,174.37,174.37,7420.24
2025-07-16T21:41:00.000000Z,174.38,174.45,174.28,174.35,10738.67
2025-07-16T21:42:00.000000Z,174.36,174.5,174.1,174.22,15193.05
2025-07-16T21:43:00.000000Z,174.22,174.28,174.08,174.15,11514.77
2025-07-16T21:44:00.000000Z,174.15,174.39,174.13,174.24,10893.25
2025-07-16T21:45:00.000000Z,174.24,174.47,174.16,174.42,17837.59
2025-07-16T21:46:00.000000Z,174.42,174.42,174.3,174.38,5198.89
2025-07-16T21:47:00.000000Z,174.39,174.5,174.38,174.49,6103.85
2025-07-16T21:48:00.000000Z,174.49,174.5,174.39,174.45,6390.51
2025-07-16T21:49:00.000000Z,174.46,174.52,174.43,174.52,7507.29
2025-07-16T21:50:00.000000Z,174.52,174.54,174.44,174.53,5313.25
2025-07-16T21:51:00.000000Z,174.53,174.58,174.51,174.54,5881.36
2025-07-16T21:52:00.000000Z,174.55,174.67,174.55,174.67,4388.19
2025-07-16T21:53:00.000000Z,174.68,174.75,174.67,174.67,9881.49
2025-07-16T21:54:00.000000Z,174.68,174.72,174.67,174.68,9192.19
2025-07-16T21:55:00.000000Z,174.68,174.7,174.6,174.61,5613.08
2025-07-16T21:56:00.000000Z,174.6,174.61,174.41,174.48,7246.32
2025-07-16T21:57:00.000000Z,174.49,174.5,174.41,174.44,5475.23
2025-07-16T21:58:00.000000Z,174.44,174.45,174.25,174.26,10955.56
2025-07-16T21:59:00.000000Z,174.27,174.45,174.27,174.45,4936.0
2025-07-16T22:00:00.000000Z,174.45,174.95,174.45,174.95,22232.06
2025-07-16T22:01:00.000000Z,174.95,174.98,174.79,174.8,15515.23
2025-07-16T22:02:00.000000Z,174.8,174.99,174.67,174.97,31215.63
2025-07-16T22:03:00.000000Z,174.97,175.26,174.85,175.25,49697.95
2025-07-16T22:04:00.000000Z,175.25,175.25,174.99,175.09,19489.96
2025-07-16T22:05:00.000000Z,175.08,175.14,174.94,175.03,7035.01
2025-07-16T22:06:00.000000Z,175.03,175.19,174.97,175.07,8762.13
2025-07-16T22:07:00.000000Z,175.08,175.08,174.75,174.75,18394.18
2025-07-16T22:08:00.000000Z,174.76,175.12,174.75,175.09,11654.79
2025-07-16T22:09:00.000000Z,175.09,175.3,174.96,175.24,19513.75
2025-07-16T22:10:00.000000Z,175.24,175.44,175.2,175.38,19490.25
2025-07-16T22:11:00.000000Z,175.38,175.39,175.04,175.21,33415.54
2025-07-16T22:12:00.000000Z,175.2,175.32,175.1,175.23,8405.18
2025-07-16T22:13:00.000000Z,175.23,175.24,175.09,175.14,5804.19
2025-07-16T22:14:00.000000Z,175.13,175.39,175.13,175.39,5916.51
2025-07-16T22:15:00.000000Z,175.38,175.57,175.29,175.29,17664.48
2025-07-16T22:16:00.000000Z,175.29,175.59,175.26,175.55,12526.17
2025-07-16T22:17:00.000000Z,175.55,175.64,175.45,175.63,21374.77
2025-07-16T22:18:00.000000Z,175.64,175.77,175.52,175.52,36968.03
2025-07-16T22:19:00.000000Z,175.52,175.72,175.52,175.69,11383.28
2025-07-16T22:20:00.000000Z,175.68,175.82,175.5,175.53,15284.19
2025-07-16T22:21:00.000000Z,175.52,175.77,175.5,175.76,9967.77
2025-07-16T22:22:00.000000Z,175.77,175.77,175.64,175.66,9819.6
2025-07-16T22:23:00.000000Z,175.66,175.8,175.62,175.8,7682.95
2025-07-16T22:24:00.000000Z,175.79,175.85,175.77,175.79,9444.98
2025-07-16T22:25:00.000000Z,175.79,175.79,175.34,175.34,21663.35
2025-07-16T22:26:00.000000Z,175.35,175.51,175.26,175.5,9835.14
2025-07-16T22:27:00.000000Z,175.5,175.53,175.37,175.41,8219.85
2025-07-16T22:28:00.000000Z,175.41,175.45,175.35,175.36,5292.45
2025-07-16T22:29:00.000000Z,175.37,175.39,175.15,175.17,29143.91
2025-07-16T22:30:00.000000Z,175.17,175.39,175.07,175.38,25023.45
2025-07-16T22:31:00.000000Z,175.37,175.47,175.24,175.31,21792.94
2025-07-16T22:32:00.000000Z,175.31,175.31,175.05,175.05,11780.69
2025-07-16T22:33:00.000000Z,175.05,175.09,174.8,174.81,45377.47
2025-07-16T22:34:00.000000Z,174.8,174.98,174.78,174.9,12623.34
2025-07-16T22:35:00.000000Z,174.9,175.08,174.81,175.06,11171.49
2025-07-16T22:36:00.000000Z,175.05,175.11,174.94,174.95,6797.31
2025-07-16T22:37:00.000000Z,174.95,175.01,174.71,174.76,17521.73
2025-07-16T22:38:00.000000Z,174.76,174.86,174.69,174.69,13309.76
2025-07-16T22:39:00.000000Z,174.7,174.75,174.65,174.66,12315.06
2025-07-16T22:40:00.000000Z,174.66,174.73,174.59,174.65,17134.64
2025-07-16T22:41:00.000000Z,174.65,174.67,174.36,174.42,45588.44
2025-07-16T22:42:00.000000Z,174.42,174.68,174.39,174.55,20414.66
2025-07-16T22:43:00.000000Z,174.54,174.56,174.36,174.44,17216.17
2025-07-16T22:44:00.000000Z,174.44,174.72,174.33,174.72,25467.24
2025-07-16T22:45:00.000000Z,174.72,174.74,174.4,174.41,14870.08
2025-07-16T22:46:00.000000Z,174.4,174.44,174.13,174.16,42389.0
2025-07-16T22:47:00.000000Z,174.15,174.24,173.93,174.0,59267.19
2025-07-16T22:48:00.000000Z,174.0,174.06,173.87,173.92,35945.02
2025-07-16T22:49:00.000000Z,173.91,174.01,173.45,173.6,98915.25
2025-07-16T22:50:00.000000Z,173.6,173.91,173.57,173.81,45250.46
2025-07-16T22:51:00.000000Z,173.8,173.81,173.63,173.63,21842.04
2025-07-16T22:52:00.000000Z,173.64,173.8,173.61,173.67,13535.63
2025-07-16T22:53:00.000000Z,173.68,173.78,173.56,173.77,15939.95
2025-07-16T22:54:00.000000Z,173.77,173.77,173.56,173.56,15281.46
2025-07-16T22:55:00.000000Z,173.56,173.67,173.54,173.62,14902.83
2025-07-16T22:56:00.000000Z,173.62,173.78,173.59,173.59,16780.94
2025-07-16T22:57:00.000000Z,173.6,173.65,173.43,173.64,28122.55
2025-07-16T22:58:00.000000Z,173.65,173.73,173.55,173.73,10630.34
2025-07-16T22:59:00.000000Z,173.74,173.84,173.7,173.82,10794.5
2025-07-16T23:00:00.000000Z,173.81,173.97,173.72,173.83,31266.86
2025-07-16T23:01:00.000000Z,173.84,173.85,173.69,173.75,14179.42
2025-07-16T23:02:00.000000Z,173.75,173.76,173.55,173.66,11062.93
2025-07-16T23:03:00.000000Z,173.66,173.68,173.5,173.5,16281.06
2025-07-16T23:04:00.000000Z,173.5,173.53,173.16,173.26,44306.87
2025-07-16T23:05:00.000000Z,173.25,173.48,173.1,173.48,54427.44
2025-07-16T23:06:00.000000Z,173.49,173.56,173.38,173.51,11236.62
2025-07-16T23:07:00.000000Z,173.51,173.63,173.4,173.55,16259.65
2025-07-16T23:08:00.000000Z,173.55,173.59,173.48,173.51,15032.13
2025-07-16T23:09:00.000000Z,173.5,173.54,173.25,173.29,13216.39
2025-07-16T23:10:00.000000Z,173.28,173.37,173.26,173.32,12079.73
2025-07-16T23:11:00.000000Z,173.31,173.33,173.17,173.25,23444.32
2025-07-16T23:12:00.000000Z,173.26,173.28,173.15,173.16,15210.43
2025-07-16T23:13:00.000000Z,173.15,173.23,173.1,173.17,14655.34
2025-07-16T23:14:00.000000Z,173.17,173.37,173.17,173.37,9776.25
2025-07-16T23:15:00.000000Z,173.37,173.37,173.15,173.15,14474.56
2025-07-16T23:16:00.000000Z,173.15,173.23,173.1,173.11,31605.43
2025-07-16T23:17:00.000000Z,173.11,173.2,172.82,172.86,75376.8
2025-07-16T23:18:00.000000Z,172.86,172.99,172.59,172.72,48687.39
2025-07-16T23:19:00.000000Z,172.72,172.73,172.4,172.44,50533.86
2025-07-16T23:20:00.000000Z,172.43,172.96,172.41,172.96,45101.98
2025-07-16T23:21:00.000000Z,172.96,173.12,172.92,172.93,27473.13
2025-07-16T23:22:00.000000Z,172.93,173.21,172.89,173.21,14711.09
2025-07-16T23:23:00.000000Z,173.2,173.23,173.13,173.22,16907.86
2025-07-16T23:24:00.000000Z,173.22,173.56,173.22,173.45,30789.43
2025-07-16T23:25:00.000000Z,173.45,173.56,173.38,173.38,13853.33
2025-07-16T23:26:00.000000Z,173.38,173.41,173.13,173.24,27755.25
2025-07-16T23:27:00.000000Z,173.25,173.33,173.2,173.32,28048.74
2025-07-16T23:28:00.000000Z,173.32,173.46,173.3,173.38,6918.47
2025-07-16T23:29:00.000000Z,173.38,173.41,173.33,173.35,6116.95
2025-07-16T23:30:00.000000Z,173.36,173.42,173.2,173.2,17819.08
2025-07-16T23:31:00.000000Z,173.2,173.3,173.05,173.2,13793.58
2025-07-16T23:32:00.000000Z,173.2,173.21,173.06,173.09,9804.48
2025-07-16T23:33:00.000000Z,173.09,173.21,172.86,172.89,16285.7
2025-07-16T23:34:00.000000Z,172.89,172.92,172.82,172.89,10735.66
2025-07-16T23:35:00.000000Z,172.89,172.94,172.72,172.93,15116.26
2025-07-16T23:36:00.000000Z,172.93,173.0,172.81,172.94,15272.89
2025-07-16T23:37:00.000000Z,172.94,173.31,172.93,173.21,21289.33
2025-07-16T23:38:00.000000Z,173.2,173.29,173.12,173.15,28976.59
2025-07-16T23:39:00.000000Z,173.15,173.43,173.12,173.34,17439.46
2025-07-16T23:40:00.000000Z,173.33,173.6,173.27,173.59,14919.84
2025-07-16T23:41:00.000000Z,173.6,173.85,173.59,173.85,22260.65
2025-07-16T23:42:00.000000Z,173.85,173.9,173.72,173.73,37682.5
2025-07-16T23:43:00.000000Z,173.72,173.88,173.7,173.81,12254.51
2025-07-16T23:44:00.000000Z,173.8,173.89,173.8,173.89,10052.97
2025-07-16T23:45:00.000000Z,173.88,173.88,173.7,173.72,13376.86
2025-07-16T23:46:00.000000Z,173.72,173.81,173.7,173.78,10451.46
2025-07-16T23:47:00.000000Z,173.79,173.83,173.71,173.8,9340.23
2025-07-16T23:48:00.000000Z,173.79,173.88,173.79,173.85,10023.21
2025-07-16T23:49:00.000000Z,173.86,173.86,173.63,173.66,5962.68
2025-07-16T23:50:00.000000Z,173.65,173.67,173.38,173.5,39710.73
2025-07-16T23:51:00.000000Z,173.49,173.65,173.47,173.63,5880.64
2025-07-16T23:52:00.000000Z,173.64,173.71,173.55,173.68,4356.28
2025-07-16T23:53:00.000000Z,173.68,173.72,173.64,173.7,4522.58
2025-07-16T23:54:00.000000Z,173.7,173.7,173.49,173.69,6312.36
2025-07-16T23:55:00.000000Z,173.69,173.74,173.54,173.56,9420.22
2025-07-16T23:56:00.000000Z,173.57,173.61,173.55,173.61,4515.55
2025-07-16T23:57:00.000000Z,173.61,173.85,173.6,173.84,6771.37
2025-07-16T23:58:00.000000Z,173.85,173.91,173.74,173.74,7208.52
2025-07-16T23:59:00.000000Z,173.74,173.76,173.62,173.64,8799.31
2025-07-17T00:00:00.000000Z,173.65,173.9,173.65,173.7,12131.71
2025-07-17T00:01:00.000000Z,173.71,173.79,173.61,173.64,10149.35
2025-07-17T00:02:00.000000Z,173.63,173.66,173.47,173.52,18777.74
2025-07-17T00:03:00.000000Z,173.52,173.68,173.51,173.64,5779.11
2025-07-17T00:04:00.000000Z,173.64,173.79,173.59,173.67,8742.02
2025-07-17T00:05:00.000000Z,173.67,173.9,173.54,173.9,10416.81
2025-07-17T00:06:00.000000Z,173.9,173.91,173.7,173.73,15114.17
2025-07-17T00:07:00.000000Z,173.73,173.8,173.55,173.55,12339.5
2025-07-17T00:08:00.000000Z,173.56,173.73,173.47,173.47,9957.85
2025-07-17T00:09:00.000000Z,173.46,173.51,173.24,173.46,13501.64
2025-07-17T00:10:00.000000Z,173.45,173.76,173.41,173.76,9135.47
2025-07-17T00:11:00.000000Z,173.76,173.99,173.65,173.93,19700.6
2025-07-17T00:12:00.000000Z,173.94,174.25,173.88,174.1,22541.35
2025-07-17T00:13:00.000000Z,174.1,174.16,173.84,174.02,14183.89
2025-07-17T00:14:00.000000Z,174.02,174.15,174.02,174.07,14419.51
2025-07-17T00:15:00.000000Z,174.07,174.21,174.06,174.1,10224.05
2025-07-17T00:16:00.000000Z,174.11,174.21,174.03,174.21,5407.91
2025-07-17T00:17:00.000000Z,174.2,174.25,174.08,174.11,8227.51
2025-07-17T00:18:00.000000Z,174.1,174.25,174.08,174.23,12346.21
2025-07-17T00:19:00.000000Z,174.24,174.27,174.12,174.2,13248.78
2025-07-17T00:20:00.000000Z,174.21,174.28,174.13,174.26,6727.08
2025-07-17T00:21:00.000000Z,174.26,174.7,174.26,174.63,29597.76
2025-07-17T00:22:00.000000Z,174.62,174.66,174.49,174.5,16072.12
2025-07-17T00:23:00.000000Z,174.49,174.63,174.45,174.47,12949.28
2025-07-17T00:24:00.000000Z,174.46,174.87,174.46,174.75,23415.03
2025-07-17T00:25:00.000000Z,174.75,174.91,174.58,174.82,24614.59
2025-07-17T00:26:00.000000Z,174.82,174.84,174.66,174.81,23787.51
2025-07-17T00:27:00.000000Z,174.82,174.83,174.63,174.65,15884.04
2025-07-17T00:28:00.000000Z,174.64,174.64,174.41,174.5,12593.94
2025-07-17T00:29:00.000000Z,174.5,174.65,174.5,174.53,8074.45
2025-07-17T00:30:00.000000Z,174.54,174.62,174.41,174.6,14324.24
2025-07-17T00:31:00.000000Z,174.61,174.88,174.61,174.79,11635.28
2025-07-17T00:32:00.000000Z,174.8,174.87,174.54,174.54,7125.27
2025-07-17T00:33:00.000000Z,174.54,174.67,174.53,174.65,7536.04
2025-07-17T00:34:00.000000Z,174.66,174.66,174.48,174.5,10738.91
2025-07-17T00:35:00.000000Z,174.5,174.51,174.38,174.5,9435.76
2025-07-17T00:36:00.000000Z,174.5,174.5,174.2,174.2,15469.48
2025-07-17T00:37:00.000000Z,174.21,174.34,174.01,174.33,13381.37
2025-07-17T00:38:00.000000Z,174.34,174.34,174.12,174.16,9888.77
2025-07-17T00:39:00.000000Z,174.15,174.2,174.06,174.16,5398.93
2025-07-17T00:40:00.000000Z,174.16,174.27,174.09,174.25,5323.43
2025-07-17T00:41:00.000000Z,174.24,174.35,174.21,174.31,5344.38
2025-07-17T00:42:00.000000Z,174.3,174.63,174.3,174.6,7595.08
2025-07-17T00:43:00.000000Z,174.61,174.61,174.4,174.42,6823.3
2025-07-17T00:44:00.000000Z,174.42,174.51,174.4,174.48,6388.5
2025-07-17T00:45:00.000000Z,174.48,174.5,174.38,174.5,9739.0
2025-07-17T00:46:00.000000Z,174.5,174.67,174.32,174.32,7958.7
2025-07-17T00:47:00.000000Z,174.32,174.53,174.32,174.5,8791.64
2025-07-17T00:48:00.000000Z,174.5,174.62,174.49,174.58,7928.33
2025-07-17T00:49:00.000000Z,174.58,174.7,174.45,174.46,10008.88
2025-07-17T00:50:00.000000Z,174.46,174.47,174.1,174.1,16192.63
2025-07-17T00:51:00.000000Z,174.11,174.38,174.1,174.38,12304.92
2025-07-17T00:52:00.000000Z,174.37,174.37,174.14,174.26,6181.48
2025-07-17T00:53:00.000000Z,174.25,174.25,173.93,173.97,10073.12
2025-07-17T00:54:00.000000Z,173.97,174.01,173.75,173.9,15614.83
2025-07-17T00:55:00.000000Z,173.89,173.91,173.72,173.75,8192.59
2025-07-17T00:56:00.000000Z,173.75,173.75,173.45,173.45,29304.01
2025-07-17T00:57:00.000000Z,173.46,173.46,173.23,173.3,49548.73
2025-07-17T00:58:00.000000Z,173.29,173.43,173.16,173.29,18868.81
2025-07-17T00:59:00.000000Z,173.29,173.31,173.0,173.01,30785.91
2025-07-17T01:00:00.000000Z,173.0,173.2,172.88,173.11,35331.01
2025-07-17T01:01:00.000000Z,173.1,173.3,173.06,173.26,20654.89
2025-07-17T01:02:00.000000Z,173.25,173.25,172.78,172.83,22679.67
2025-07-17T01:03:00.000000Z,172.83,172.84,172.41,172.45,64261.98
2025-07-17T01:04:00.000000Z,172.46,172.65,172.46,172.59,40796.22
2025-07-17T01:05:00.000000Z,172.59,172.97,172.5,172.86,19271.17
2025-07-17T01:06:00.000000Z,172.85,173.2,172.85,173.06,23843.13
2025-07-17T01:07:00.000000Z,173.06,173.2,172.95,173.16,15052.72
2025-07-17T01:08:00.000000Z,173.16,173.19,173.0,173.06,12341.12
2025-07-17T01:09:00.000000Z,173.05,173.12,172.74,172.76,8506.26
2025-07-17T01:10:00.000000Z,172.76,173.0,172.71,173.0,12002.3
2025-07-17T01:11:00.000000Z,173.0,173.06,172.83,172.87,13075.37
2025-07-17T01:12:00.000000Z,172.86,173.04,172.86,173.04,12209.93
2025-07-17T01:13:00.000000Z,173.05,173.1,172.96,173.1,7634.4
2025-07-17T01:14:00.000000Z,173.11,173.38,173.01,173.37,7732.71
2025-07-17T01:15:00.000000Z,173.38,173.39,173.11,173.26,15250.04
2025-07-17T01:16:00.000000Z,173.27,173.31,172.97,172.97,5099.0
2025-07-17T01:17:00.000000Z,172.98,173.23,172.98,173.06,20921.19
2025-07-17T01:18:00.000000Z,173.05,173.07,172.77,172.8,6441.35
2025-07-17T01:19:00.000000Z,172.8,172.86,172.67,172.7,10271.26
2025-07-17T01:20:00.000000Z,172.69,172.77,172.5,172.55,28825.01
2025-07-17T01:21:00.000000Z,172.55,172.64,172.13,172.19,68602.0
2025-07-17T01:22:00.000000Z,172.19,172.3,171.57,171.68,110255.84
2025-07-17T01:23:00.000000Z,171.68,172.04,171.68,172.0,51579.95
2025-07-17T01:24:00.000000Z,172.01,172.36,171.98,172.36,22571.67
2025-07-17T01:25:00.000000Z,172.35,172.35,172.12,172.15,13094.15
2025-07-17T01:26:00.000000Z,172.15,172.29,172.02,172.14,14027.55
2025-07-17T01:27:00.000000Z,172.15,172.74,172.09,172.74,23546.67
2025-07-17T01:28:00.000000Z,172.74,172.94,172.6,172.8,32500.74
2025-07-17T01:29:00.000000Z,172.8,172.87,172.52,172.56,13274.7
2025-07-17T01:30:00.000000Z,172.56,172.69,172.32,172.42,14578.5
2025-07-17T01:31:00.000000Z,172.43,172.63,172.37,172.43,11427.98
2025-07-17T01:32:00.000000Z,172.43,172.48,172.15,172.17,11981.23
2025-07-17T01:33:00.000000Z,172.18,172.2,171.78,171.87,28362.65
2025-07-17T01:34:00.000000Z,171.86,171.87,171.34,171.41,72935.56
2025-07-17T01:35:00.000000Z,171.4,171.67,171.36,171.61,27382.15
2025-07-17T01:36:00.000000Z,171.61,171.89,171.56,171.66,17862.2
2025-07-17T01:37:00.000000Z,171.67,171.76,171.49,171.57,15910.8
2025-07-17T01:38:00.000000Z,171.56,171.67,171.41,171.48,32242.21
2025-07-17T01:39:00.000000Z,171.48,171.99,171.47,171.95,25658.35
2025-07-17T01:40:00.000000Z,171.95,172.05,171.76,171.87,25615.91
2025-07-17T01:41:00.000000Z,171.86,171.9,171.59,171.66,10915.64
2025-07-17T01:42:00.000000Z,171.66,171.96,171.66,171.91,7776.24
2025-07-17T01:43:00.000000Z,171.91,172.02,171.8,171.8,15394.62
2025-07-17T01:44:00.000000Z,171.81,171.91,171.72,171.76,6013.7
2025-07-17T01:45:00.000000Z,171.75,171.93,171.63,171.64,24833.76
2025-07-17T01:46:00.000000Z,171.65,171.73,171.3,171.35,31867.29
2025-07-17T01:47:00.000000Z,171.35,171.41,171.0,171.03,65755.72
2025-07-17T01:48:00.000000Z,171.03,171.09,170.37,170.45,144713.08
2025-07-17T01:49:00.000000Z,170.44,170.46,170.19,170.21,73736.58
2025-07-17T01:50:00.000000Z,170.2,170.49,169.52,170.48,143131.29
2025-07-17T01:51:00.000000Z,170.49,170.66,170.33,170.52,50782.68
2025-07-17T01:52:00.000000Z,170.51,170.68,170.25,170.25,41862.6
2025-07-17T01:53:00.000000Z,170.25,170.4,170.19,170.39,23866.93
2025-07-17T01:54:00.000000Z,170.4,170.78,170.39,170.74,44462.13
2025-07-17T01:55:00.000000Z,170.75,170.85,170.58,170.78,20319.48
2025-07-17T01:56:00.000000Z,170.78,170.94,170.63,170.93,44573.32
2025-07-17T01:57:00.000000Z,170.94,171.29,170.83,171.26,58928.49
2025-07-17T01:58:00.000000Z,171.26,171.55,171.24,171.46,33846.23
2025-07-17T01:59:00.000000Z,171.47,171.62,171.42,171.48,29274.31
2025-07-17T02:00:00.000000Z,171.48,171.64,171.32,171.32,26297.93
2025-07-17T02:01:00.000000Z,171.32,171.47,171.29,171.47,14984.05
2025-07-17T02:02:00.000000Z,171.48,171.49,171.29,171.35,8953.27
2025-07-17T02:03:00.000000Z,171.33,171.41,171.19,171.32,10722.9
2025-07-17T02:04:00.000000Z,171.33,171.45,171.27,171.42,7970.83
2025-07-17T02:05:00.000000Z,171.42,171.79,171.42,171.74,21632.42
2025-07-17T02:06:00.000000Z,171.75,171.85,171.68,171.83,22689.56
2025-07-17T02:07:00.000000Z,171.83,171.99,171.71,171.72,28991.01
2025-07-17T02:08:00.000000Z,171.73,172.06,171.73,171.94,20753.2
2025-07-17T02:09:00.000000Z,171.94,171.96,171.79,171.84,24364.63
2025-07-17T02:10:00.000000Z,171.84,171.86,171.73,171.74,10046.32
2025-07-17T02:11:00.000000Z,171.73,171.95,171.72,171.8,9908.59
2025-07-17T02:12:00.000000Z,171.79,171.95,171.78,171.93,9444.33
2025-07-17T02:13:00.000000Z,171.92,171.94,171.59,171.59,8756.5
2025-07-17T02:14:00.000000Z,171.59,171.62,171.36,171.49,15639.62
2025-07-17T02:15:00.000000Z,171.49,171.58,171.4,171.4,8749.81
2025-07-17T02:16:00.000000Z,171.41,171.51,171.38,171.5,8614.35
2025-07-17T02:17:00.000000Z,171.49,171.76,171.49,171.71,11820.26
2025-07-17T02:18:00.000000Z,171.71,171.92,171.66,171.91,8951.46
2025-07-17T02:19:00.000000Z,171.9,171.93,171.84,171.9,10269.47
2025-07-17T02:20:00.000000Z,171.89,172.1,171.89,171.97,11702.43
2025-07-17T02:21:00.000000Z,171.98,172.0,171.86,171.95,10478.16
2025-07-17T02:22:00.000000Z,171.96,172.0,171.88,171.88,5074.45
2025-07-17T02:23:00.000000Z,171.89,171.89,171.77,171.81,6136.19
2025-07-17T02:24:00.000000Z,171.82,171.96,171.8,171.86,5276.39
2025-07-17T02:25:00.000000Z,171.87,171.98,171.78,171.97,6853.82
2025-07-17T02:26:00.000000Z,171.97,172.08,171.87,172.08,11640.22
2025-07-17T02:27:00.000000Z,172.08,172.09,171.96,171.97,6074.86
2025-07-17T02:28:00.000000Z,171.97,172.0,171.58,171.63,17911.48
2025-07-17T02:29:00.000000Z,171.62,171.65,171.59,171.6,8659.99
2025-07-17T02:30:00.000000Z,171.61,171.65,171.52,171.53,6493.11
2025-07-17T02:31:00.000000Z,171.52,171.6,171.36,171.44,11862.85
2025-07-17T02:32:00.000000Z,171.43,171.63,171.37,171.62,10019.77
2025-07-17T02:33:00.000000Z,171.63,171.65,171.46,171.46,8030.35
2025-07-17T02:34:00.000000Z,171.46,171.63,171.41,171.41,3673.41
2025-07-17T02:35:00.000000Z,171.42,171.57,171.19,171.56,22328.66
2025-07-17T02:36:00.000000Z,171.56,171.56,171.25,171.25,11314.98
2025-07-17T02:37:00.000000Z,171.25,171.28,171.11,171.28,15641.28
2025-07-17T02:38:00.000000Z,171.28,171.33,171.15,171.21,22480.32
2025-07-17T02:39:00.000000Z,171.21,171.25,171.07,171.15,6983.12
2025-07-17T02:40:00.000000Z,171.14,171.16,170.92,170.99,18018.7
2025-07-17T02:41:00.000000Z,170.98,171.17,170.94,171.12,20774.1
2025-07-17T02:42:00.000000Z,171.11,171.2,171.04,171.04,7799.58
2025-07-17T02:43:00.000000Z,171.04,171.13,170.96,171.13,7924.83
2025-07-17T02:44:00.000000Z,171.13,171.15,170.98,171.04,7856.36
2025-07-17T02:45:00.000000Z,171.03,171.06,170.67,170.68,17107.36
2025-07-17T02:46:00.000000Z,170.67,170.87,170.65,170.76,17158.74
2025-07-17T02:47:00.000000Z,170.75,170.79,170.6,170.6,8076.47
2025-07-17T02:48:00.000000Z,170.59,170.72,170.16,170.67,84172.59
2025-07-17T02:49:00.000000Z,170.67,171.02,170.66,170.88,16460.9
2025-07-17T02:50:00.000000Z,170.87,171.11,170.85,171.02,7942.76
2025-07-17T02:51:00.000000Z,171.02,171.09,170.91,171.04,7182.22
2025-07-17T02:52:00.000000Z,171.03,171.22,170.99,171.21,14271.44
2025-07-17T02:53:00.000000Z,171.22,171.38,171.2,171.35,16268.77
2025-07-17T02:54:00.000000Z,171.36,171.49,171.35,171.44,9072.38
2025-07-17T02:55:00.000000Z,171.44,171.56,171.42,171.56,6542.6
2025-07-17T02:56:00.000000Z,171.56,171.64,171.42,171.43,14479.74
2025-07-17T02:57:00.000000Z,171.43,171.46,171.38,171.4,5662.84
2025-07-17T02:58:00.000000Z,171.4,171.4,171.14,171.16,13761.67
2025-07-17T02:59:00.000000Z,171.17,171.35,171.16,171.35,6657.39
2025-07-17T03:00:00.000000Z,171.35,171.45,171.26,171.32,11790.67
2025-07-17T03:01:00.000000Z,171.32,171.35,171.21,171.21,5850.62
2025-07-17T03:02:00.000000Z,171.21,171.26,171.09,171.1,7330.43
2025-07-17T03:03:00.000000Z,171.1,171.12,170.82,170.94,11197.89
2025-07-17T03:04:00.000000Z,170.94,171.07,170.85,171.07,15029.94
2025-07-17T03:05:00.000000Z,171.07,171.11,170.7,170.8,12954.44
2025-07-17T03:06:00.000000Z,170.79,170.83,170.54,170.55,8151.09
2025-07-17T03:07:00.000000Z,170.55,170.75,170.43,170.74,18592.57
2025-07-17T03:08:00.000000Z,170.75,171.0,170.73,170.87,15762.92
2025-07-17T03:09:00.000000Z,170.88,170.88,170.6,170.7,6691.35
2025-07-17T03:10:00.000000Z,170.71,170.77,170.38,170.42,18013.07
2025-07-17T03:11:00.000000Z,170.42,170.69,170.34,170.39,17533.51
2025-07-17T03:12:00.000000Z,170.38,170.5,170.33,170.5,6954.5
2025-07-17T03:13:00.000000Z,170.5,170.5,170.4,170.43,8563.91
2025-07-17T03:14:00.000000Z,170.43,170.46,170.15,170.23,10332.77
2025-07-17T03:15:00.000000Z,170.22,170.31,170.15,170.21,21250.07
2025-07-17T03:16:00.000000Z,170.21,170.31,170.08,170.29,10964.48
2025-07-17T03:17:00.000000Z,170.29,170.32,170.09,170.1,10098.12
2025-07-17T03:18:00.000000Z,170.11,170.12,169.8,169.92,43272.64
2025-07-17T03:19:00.000000Z,169.92,170.12,169.82,170.01,16398.08
2025-07-17T03:20:00.000000Z,170.02,170.5,169.95,170.43,20647.78
2025-07-17T03:21:00.000000Z,170.42,170.6,170.35,170.47,16717.04
2025-07-17T03:22:00.000000Z,170.47,170.47,170.1,170.2,9265.18
2025-07-17T03:23:00.000000Z,170.19,170.24,169.91,170.1,11261.71
2025-07-17T03:24:00.000000Z,170.09,170.09,169.89,169.9,6824.19
2025-07-17T03:25:00.000000Z,169.9,170.02,169.7,169.71,19363.45
2025-07-17T03:26:00.000000Z,169.71,169.71,169.2,169.26,91276.17
2025-07-17T03:27:00.000000Z,169.25,169.38,169.13,169.37,32532.76
2025-07-17T03:28:00.000000Z,169.37,169.49,169.18,169.23,26076.45
2025-07-17T03:29:00.000000Z,169.24,169.34,169.0,169.25,34822.17
2025-07-17T03:30:00.000000Z,169.25,169.61,169.22,169.38,34061.27
2025-07-17T03:31:00.000000Z,169.38,169.47,169.24,169.28,14055.05
2025-07-17T03:32:00.000000Z,169.27,169.27,168.77,168.85,96843.39
2025-07-17T03:33:00.000000Z,168.85,169.22,168.81,169.21,21147.15
2025-07-17T03:34:00.000000Z,169.2,169.53,169.19,169.53,34774.83
2025-07-17T03:35:00.000000Z,169.53,169.68,169.37,169.48,23553.85
2025-07-17T03:36:00.000000Z,169.48,169.6,169.18,169.18,18763.07
2025-07-17T03:37:00.000000Z,169.18,169.21,168.89,169.05,18319.86
2025-07-17T03:38:00.000000Z,169.06,169.09,168.86,169.03,19571.71
2025-07-17T03:39:00.000000Z,169.03,169.18,168.83,169.12,16641.71
2025-07-17T03:40:00.000000Z,169.12,169.21,168.8,168.81,8719.67
2025-07-17T03:41:00.000000Z,168.81,169.12,168.71,169.12,30850.46
2025-07-17T03:42:00.000000Z,169.12,169.19,169.0,169.11,13061.99
2025-07-17T03:43:00.000000Z,169.11,169.14,169.03,169.14,11298.56
2025-07-17T03:44:00.000000Z,169.13,169.32,169.1,169.32,9737.55
2025-07-17T03:45:00.000000Z,169.31,169.56,169.22,169.56,24784.96
2025-07-17T03:46:00.000000Z,169.56,169.82,169.56,169.81,21353.75
2025-07-17T03:47:00.000000Z,169.8,169.81,169.58,169.64,12955.09
2025-07-17T03:48:00.000000Z,169.63,169.67,169.47,169.48,21360.28
2025-07-17T03:49:00.000000Z,169.48,169.63,169.46,169.54,11609.72
2025-07-17T03:50:00.000000Z,169.53,169.61,169.15,169.17,20040.35
2025-07-17T03:51:00.000000Z,169.17,169.66,169.13,169.66,27151.63
2025-07-17T03:52:00.000000Z,169.66,169.69,169.4,169.46,32314.42
2025-07-17T03:53:00.000000Z,169.47,169.47,169.28,169.38,6753.9
2025-07-17T03:54:00.000000Z,169.39,169.46,169.38,169.41,5368.68
2025-07-17T03:55:00.000000Z,169.41,169.49,169.31,169.48,13131.13
2025-07-17T03:56:00.000000Z,169.49,169.57,169.48,169.55,12750.32
2025-07-17T03:57:00.000000Z,169.55,169.61,169.44,169.54,8497.97
2025-07-17T03:58:00.000000Z,169.55,169.62,169.54,169.62,7144.64
2025-07-17T03:59:00.000000Z,169.62,169.66,169.55,169.55,19125.08
2025-07-17T04:00:00.000000Z,169.54,169.57,169.47,169.49,7507.6
2025-07-17T04:01:00.000000Z,169.47,169.51,169.42,169.44,10525.37
2025-07-17T04:02:00.000000Z,169.44,169.66,169.36,169.64,9829.32
2025-07-17T04:03:00.000000Z,169.65,169.66,169.54,169.54,9252.43
2025-07-17T04:04:00.000000Z,169.53,169.6,169.35,169.37,7259.21
2025-07-17T04:05:00.000000Z,169.36,169.43,169.26,169.33,11114.54
2025-07-17T04:06:00.000000Z,169.32,169.44,169.3,169.32,7833.83
2025-07-17T04:07:00.000000Z,169.32,169.46,169.25,169.39,5879.25
2025-07-17T04:08:00.000000Z,169.39,169.78,169.35,169.77,8699.99
2025-07-17T04:09:00.000000Z,169.78,169.88,169.67,169.87,14568.79
2025-07-17T04:10:00.000000Z,169.87,170.0,169.77,169.97,16374.83
2025-07-17T04:11:00.000000Z,169.97,170.14,169.96,170.09,21564.37
2025-07-17T04:12:00.000000Z,170.09,170.35,170.04,170.33,28107.45
2025-07-17T04:13:00.000000Z,170.33,170.33,170.05,170.05,23982.3
2025-07-17T04:14:00.000000Z,170.06,170.27,170.05,170.13,8067.66
2025-07-17T04:15:00.000000Z,170.12,170.13,169.99,170.06,24967.04
2025-07-17T04:16:00.000000Z,170.06,170.14,169.95,169.97,8319.86
2025-07-17T04:17:00.000000Z,169.97,170.16,169.97,170.12,4436.71
2025-07-17T04:18:00.000000Z,170.13,170.19,170.0,170.11,6188.83
2025-07-17T04:19:00.000000Z,170.11,170.31,170.1,170.23,8608.34
2025-07-17T04:20:00.000000Z,170.23,170.39,170.13,170.37,16313.77
2025-07-17T04:21:00.000000Z,170.38,170.58,170.35,170.45,21294.91
2025-07-17T04:22:00.000000Z,170.45,170.62,170.44,170.44,26669.4
2025-07-17T04:23:00.000000Z,170.45,170.46,170.32,170.42,13941.49
2025-07-17T04:24:00.000000Z,170.41,170.47,170.38,170.38,11702.66
2025-07-17T04:25:00.000000Z,170.38,170.39,170.26,170.35,8323.67
2025-07-17T04:26:00.000000Z,170.35,170.36,170.22,170.28,5147.82
2025-07-17T04:27:00.000000Z,170.29,170.4,170.25,170.4,5821.9
2025-07-17T04:28:00.000000Z,170.39,170.53,170.37,170.51,6429.5
2025-07-17T04:29:00.000000Z,170.52,170.6,170.51,170.55,7684.69
2025-07-17T04:30:00.000000Z,170.56,170.87,170.55,170.79,23732.87
2025-07-17T04:31:00.000000Z,170.8,170.86,170.72,170.78,12290.45
2025-07-17T04:32:00.000000Z,170.77,170.88,170.67,170.67,6587.19
2025-07-17T04:33:00.000000Z,170.67,170.78,170.58,170.66,7615.72
2025-07-17T04:34:00.000000Z,170.66,170.77,170.64,170.71,6573.55
2025-07-17T04:35:00.000000Z,170.72,170.75,170.54,170.63,17989.59
2025-07-17T04:36:00.000000Z,170.63,170.79,170.63,170.78,9231.28
2025-07-17T04:37:00.000000Z,170.78,170.85,170.69,170.7,7403.68
2025-07-17T04:38:00.000000Z,170.69,170.81,170.6,170.7,4335.77
2025-07-17T04:39:00.000000Z,170.7,170.86,170.7,170.85,4459.56
2025-07-17T04:40:00.000000Z,170.86,170.87,170.77,170.82,9580.06
2025-07-17T04:41:00.000000Z,170.83,170.87,170.77,170.87,6264.85
2025-07-17T04:42:00.000000Z,170.88,170.98,170.87,170.95,13005.79
2025-07-17T04:43:00.000000Z,170.94,171.0,170.86,170.86,11376.52
2025-07-17T04:44:00.000000Z,170.86,170.93,170.8,170.83,4875.68
2025-07-17T04:45:00.000000Z,170.82,170.92,170.76,170.9,9448.76
2025-07-17T04:46:00.000000Z,170.89,170.92,170.83,170.84,6586.77
2025-07-17T04:47:00.000000Z,170.83,170.87,170.71,170.72,13421.51
2025-07-17T04:48:00.000000Z,170.72,170.86,170.68,170.85,11205.84
2025-07-17T04:49:00.000000Z,170.85,170.94,170.83,170.9,5271.09
2025-07-17T04:50:00.000000Z,170.9,170.95,170.86,170.91,7958.57
2025-07-17T04:51:00.000000Z,170.92,171.08,170.9,171.06,13810.61
2025-07-17T04:52:00.000000Z,171.06,171.1,171.01,171.01,11408.89
2025-07-17T04:53:00.000000Z,171.01,171.1,171.01,171.09,8288.52
2025-07-17T04:54:00.000000Z,171.08,171.14,171.06,171.13,8668.24
2025-07-17T04:55:00.000000Z,171.13,171.16,171.04,171.15,14565.52
2025-07-17T04:56:00.000000Z,171.15,171.19,171.1,171.14,8746.52
2025-07-17T04:57:00.000000Z,171.14,171.28,171.14,171.27,13971.94
2025-07-17T04:58:00.000000Z,171.27,171.29,171.14,171.29,11433.2
2025-07-17T04:59:00.000000Z,171.28,171.32,171.25,171.29,11119.39
2025-07-17T05:00:00.000000Z,171.29,171.29,170.96,170.97,13569.65
2025-07-17T05:01:00.000000Z,170.96,171.1,170.96,171.02,13818.01
2025-07-17T05:02:00.000000Z,171.02,171.09,171.0,171.09,6549.35
2025-07-17T05:03:00.000000Z,171.09,171.1,170.95,170.99,8420.99
2025-07-17T05:04:00.000000Z,170.99,171.0,170.71,170.77,13866.17
2025-07-17T05:05:00.000000Z,170.77,170.86,170.68,170.73,16656.76
2025-07-17T05:06:00.000000Z,170.73,170.84,170.68,170.77,9877.39
2025-07-17T05:07:00.000000Z,170.77,170.81,170.71,170.76,8225.22
2025-07-17T05:08:00.000000Z,170.76,170.76,170.5,170.56,27757.62
2025-07-17T05:09:00.000000Z,170.57,170.66,170.5,170.52,8282.0
2025-07-17T05:10:00.000000Z,170.52,170.53,170.39,170.5,28436.63
2025-07-17T05:11:00.000000Z,170.5,170.62,170.47,170.62,5631.26
2025-07-17T05:12:00.000000Z,170.62,170.82,170.6,170.79,6202.6
2025-07-17T05:13:00.000000Z,170.79,170.89,170.65,170.67,5787.21
2025-07-17T05:14:00.000000Z,170.67,170.7,170.58,170.63,11837.6
2025-07-17T05:15:00.000000Z,170.63,170.89,170.62,170.89,7510.58
2025-07-17T05:16:00.000000Z,170.88,170.98,170.83,170.85,10709.95
2025-07-17T05:17:00.000000Z,170.85,171.0,170.84,171.0,8059.35
2025-07-17T05:18:00.000000Z,171.0,171.02,170.93,171.0,8912.48
2025-07-17T05:19:00.000000Z,170.99,171.05,170.9,171.05,4547.41
2025-07-17T05:20:00.000000Z,171.06,171.17,171.01,171.03,7059.96
2025-07-17T05:21:00.000000Z,171.03,171.19,171.0,171.17,4681.15
2025-07-17T05:22:00.000000Z,171.16,171.19,171.03,171.06,5383.81
2025-07-17T05:23:00.000000Z,171.05,171.15,171.05,171.15,11475.15
2025-07-17T05:24:00.000000Z,171.15,171.23,171.12,171.23,8235.26
2025-07-17T05:25:00.000000Z,171.22,171.37,171.18,171.37,10243.26
2025-07-17T05:26:00.000000Z,171.37,171.43,171.33,171.39,18112.34
2025-07-17T05:27:00.000000Z,171.38,171.53,171.38,171.51,14874.47
2025-07-17T05:28:00.000000Z,171.5,171.56,171.44,171.54,19748.8
2025-07-17T05:29:00.000000Z,171.53,171.64,171.49,171.6,20070.07
2025-07-17T05:30:00.000000Z,171.6,171.6,171.36,171.56,16488.76
2025-07-17T05:31:00.000000Z,171.56,171.7,171.49,171.53,27115.66
2025-07-17T05:32:00.000000Z,171.53,171.69,171.47,171.53,15038.89
2025-07-17T05:33:00.000000Z,171.52,171.55,171.39,171.45,8935.08
2025-07-17T05:34:00.000000Z,171.45,171.54,171.38,171.51,11952.81
2025-07-17T05:35:00.000000Z,171.51,171.52,171.36,171.36,7382.23
2025-07-17T05:36:00.000000Z,171.36,171.59,171.36,171.57,14170.55
2025-07-17T05:37:00.000000Z,171.56,171.56,171.19,171.35,24429.77
2025-07-17T05:38:00.000000Z,171.36,171.45,171.34,171.36,7363.59
2025-07-17T05:39:00.000000Z,171.35,171.38,171.26,171.32,20975.34
2025-07-17T05:40:00.000000Z,171.31,171.44,171.26,171.36,11235.98
2025-07-17T05:41:00.000000Z,171.35,171.38,171.21,171.37,10217.9
2025-07-17T05:42:00.000000Z,171.37,171.59,171.36,171.59,12986.96
2025-07-17T05:43:00.000000Z,171.58,171.85,171.54,171.74,40000.08
2025-07-17T05:44:00.000000Z,171.74,171.86,171.73,171.78,25973.5
2025-07-17T05:45:00.000000Z,171.79,171.79,171.52,171.59,14277.41
2025-07-17T05:46:00.000000Z,171.59,171.82,171.58,171.82,13814.33
2025-07-17T05:47:00.000000Z,171.82,171.94,171.73,171.8,21352.71
2025-07-17T05:48:00.000000Z,171.81,172.11,171.8,171.84,49510.57
2025-07-17T05:49:00.000000Z,171.83,172.0,171.81,172.0,16442.36
2025-07-17T05:50:00.000000Z,172.0,172.0,171.8,171.81,17649.46
2025-07-17T05:51:00.000000Z,171.8,171.94,171.8,171.94,8622.53
2025-07-17T05:52:00.000000Z,171.94,171.94,171.79,171.92,15077.57
2025-07-17T05:53:00.000000Z,171.92,171.92,171.81,171.89,8328.46
2025-07-17T05:54:00.000000Z,171.89,171.94,171.77,171.79,6497.76
2025-07-17T05:55:00.000000Z,171.79,171.92,171.79,171.84,10729.94
2025-07-17T05:56:00.000000Z,171.83,171.84,171.77,171.8,6147.68
2025-07-17T05:57:00.000000Z,171.8,171.96,171.8,171.92,7010.53
2025-07-17T05:58:00.000000Z,171.91,171.99,171.9,171.96,11490.17
2025-07-17T05:59:00.000000Z,171.95,171.96,171.92,171.94,6022.06
2025-07-17T06:00:00.000000Z,171.94,171.94,171.84,171.88,17419.52
2025-07-17T06:01:00.000000Z,171.88,172.01,171.79,172.01,13982.1
2025-07-17T06:02:00.000000Z,172.01,172.08,171.95,172.08,12778.56
2025-07-17T06:03:00.000000Z,172.08,172.21,172.07,172.19,30924.75
2025-07-17T06:04:00.000000Z,172.19,172.24,172.15,172.21,17368.46
2025-07-17T06:05:00.000000Z,172.21,172.28,172.15,172.24,15680.82
2025-07-17T06:06:00.000000Z,172.25,172.47,172.23,172.42,22652.81
2025-07-17T06:07:00.000000Z,172.41,172.5,172.34,172.37,27114.08
2025-07-17T06:08:00.000000Z,172.38,172.5,172.35,172.49,16217.62
2025-07-17T06:09:00.000000Z,172.49,172.49,172.36,172.38,15978.54
2025-07-17T06:10:00.000000Z,172.38,172.39,172.2,172.2,18699.4
2025-07-17T06:11:00.000000Z,172.2,172.23,172.15,172.17,11734.6
2025-07-17T06:12:00.000000Z,172.17,172.17,171.94,171.95,27229.11
2025-07-17T06:13:00.000000Z,171.94,171.95,171.68,171.68,20831.88
2025-07-17T06:14:00.000000Z,171.68,171.8,171.53,171.72,33447.08
2025-07-17T06:15:00.000000Z,171.72,171.79,171.57,171.57,18182.34
2025-07-17T06:16:00.000000Z,171.58,171.59,171.35,171.4,40320.07
2025-07-17T06:17:00.000000Z,171.4,171.6,171.31,171.55,14420.97
2025-07-17T06:18:00.000000Z,171.55,171.55,171.27,171.38,20539.39
2025-07-17T06:19:00.000000Z,171.38,171.54,171.25,171.51,12607.06
2025-07-17T06:20:00.000000Z,171.52,171.8,171.45,171.74,16464.68
2025-07-17T06:21:00.000000Z,171.74,171.97,171.66,171.97,17775.08
2025-07-17T06:22:00.000000Z,171.96,172.11,171.94,172.11,19460.87
2025-07-17T06:23:00.000000Z,172.11,172.35,172.07,172.32,34938.77
2025-07-17T06:24:00.000000Z,172.31,172.89,172.29,172.77,66595.72
2025-07-17T06:25:00.000000Z,172.77,172.93,172.72,172.84,48602.47
2025-07-17T06:26:00.000000Z,172.84,172.94,172.75,172.88,30160.97
2025-07-17T06:27:00.000000Z,172.88,172.99,172.78,172.94,30874.6
2025-07-17T06:28:00.000000Z,172.94,173.23,172.93,173.07,76737.38
2025-07-17T06:29:00.000000Z,173.06,173.17,172.97,173.01,25531.7
2025-07-17T06:30:00.000000Z,173.0,173.1,172.77,173.03,33614.86
2025-07-17T06:31:00.000000Z,173.02,173.16,172.93,173.15,19469.26
2025-07-17T06:32:00.000000Z,173.16,173.39,173.07,173.14,58373.59
2025-07-17T06:33:00.000000Z,173.14,173.3,173.0,173.01,21302.26
2025-07-17T06:34:00.000000Z,173.0,173.13,172.94,172.98,31479.52
2025-07-17T06:35:00.000000Z,172.98,173.0,172.55,172.69,42654.9
2025-07-17T06:36:00.000000Z,172.69,172.73,172.57,172.61,13550.35
2025-07-17T06:37:00.000000Z,172.6,172.89,172.54,172.85,26115.6
2025-07-17T06:38:00.000000Z,172.85,172.88,172.66,172.67,11667.44
2025-07-17T06:39:00.000000Z,172.67,173.09,172.63,172.93,53217.45
2025-07-17T06:40:00.000000Z,172.92,172.93,172.7,172.78,12720.88
2025-07-17T06:41:00.000000Z,172.78,172.78,172.6,172.62,19446.69
2025-07-17T06:42:00.000000Z,172.62,172.88,172.62,172.85,8869.38
2025-07-17T06:43:00.000000Z,172.85,173.07,172.85,173.01,17956.92
2025-07-17T06:44:00.000000Z,173.0,173.25,172.95,173.25,52022.4
2025-07-17T06:45:00.000000Z,173.25,173.66,173.22,173.48,39566.89
2025-07-17T06:46:00.000000Z,173.48,173.52,173.26,173.36,29473.01
2025-07-17T06:47:00.000000Z,173.37,173.74,173.37,173.72,31370.11
2025-07-17T06:48:00.000000Z,173.72,173.84,173.6,173.78,51599.25
2025-07-17T06:49:00.000000Z,173.79,173.94,173.78,173.93,32787.79
2025-07-17T06:50:00.000000Z,173.93,173.99,173.74,173.83,35736.44
2025-07-17T06:51:00.000000Z,173.83,173.98,173.71,173.92,13940.23
2025-07-17T06:52:00.000000Z,173.92,174.0,173.82,173.95,94958.9
2025-07-17T06:53:00.000000Z,173.94,173.95,173.67,173.69,23133.68
2025-07-17T06:54:00.000000Z,173.69,173.75,173.61,173.74,15658.52
2025-07-17T06:55:00.000000Z,173.74,173.8,173.6,173.6,17156.82
2025-07-17T06:56:00.000000Z,173.61,173.72,173.5,173.53,10765.03
2025-07-17T06:57:00.000000Z,173.53,173.66,173.53,173.63,8432.43
2025-07-17T06:58:00.000000Z,173.63,173.71,173.53,173.66,10441.87
2025-07-17T06:59:00.000000Z,173.65,173.9,173.61,173.81,15144.77
2025-07-17T07:00:00.000000Z,173.8,173.84,173.2,173.21,38031.47
2025-07-17T07:01:00.000000Z,173.2,173.26,172.88,172.92,74142.05
2025-07-17T07:02:00.000000Z,172.92,173.0,172.61,172.85,29076.59
2025-07-17T07:03:00.000000Z,172.85,172.88,172.62,172.75,35197.52
2025-07-17T07:04:00.000000Z,172.75,173.11,172.75,173.08,22089.76
2025-07-17T07:05:00.000000Z,173.07,173.18,172.7,172.71,23087.24
2025-07-17T07:06:00.000000Z,172.7,172.88,172.67,172.76,18773.51
2025-07-17T07:07:00.000000Z,172.76,172.81,172.53,172.53,22842.05
2025-07-17T07:08:00.000000Z,172.53,172.54,172.08,172.29,46687.22
2025-07-17T07:09:00.000000Z,172.3,172.3,171.87,171.9,91845.02
2025-07-17T07:10:00.000000Z,171.89,172.28,171.8,172.28,29866.71
2025-07-17T07:11:00.000000Z,172.27,172.31,172.1,172.19,26771.14
2025-07-17T07:12:00.000000Z,172.19,172.72,172.17,172.48,30889.29
2025-07-17T07:13:00.000000Z,172.47,172.49,172.17,172.24,9682.93
2025-07-17T07:14:00.000000Z,172.23,172.23,171.99,172.16,14749.08
2025-07-17T07:15:00.000000Z,172.17,172.32,172.11,172.3,16593.1
2025-07-17T07:16:00.000000Z,172.29,172.4,172.22,172.26,5652.1
2025-07-17T07:17:00.000000Z,172.26,172.56,172.26,172.55,13010.83
2025-07-17T07:18:00.000000Z,172.56,172.56,172.21,172.21,33239.2
2025-07-17T07:19:00.000000Z,172.21,172.29,172.16,172.19,12703.1
2025-07-17T07:20:00.000000Z,172.19,172.19,171.95,171.95,21585.81
2025-07-17T07:21:00.000000Z,171.95,171.98,171.69,171.98,34301.34
2025-07-17T07:22:00.000000Z,171.97,172.19,171.97,172.18,7455.57
2025-07-17T07:23:00.000000Z,172.19,172.35,172.15,172.34,6317.23
2025-07-17T07:24:00.000000Z,172.33,172.44,172.19,172.41,11620.85
2025-07-17T07:25:00.000000Z,172.41,172.49,172.22,172.26,8301.75
2025-07-17T07:26:00.000000Z,172.27,172.34,172.18,172.19,5457.13
2025-07-17T07:27:00.000000Z,172.18,172.41,172.18,172.33,5114.65
2025-07-17T07:28:00.000000Z,172.33,172.34,172.18,172.24,7833.18
2025-07-17T07:29:00.000000Z,172.25,172.26,172.11,172.18,9093.97
2025-07-17T07:30:00.000000Z,172.18,172.49,172.17,172.47,13883.5
2025-07-17T07:31:00.000000Z,172.46,172.73,172.46,172.67,26923.81
2025-07-17T07:32:00.000000Z,172.67,172.8,172.67,172.69,20866.03
2025-07-17T07:33:00.000000Z,172.69,172.77,172.62,172.66,14320.66
2025-07-17T07:34:00.000000Z,172.66,172.85,172.65,172.73,24087.27
2025-07-17T07:35:00.000000Z,172.73,172.8,172.64,172.77,9585.05
2025-07-17T07:36:00.000000Z,172.76,172.9,172.75,172.9,17097.49
2025-07-17T07:37:00.000000Z,172.89,173.01,172.83,172.91,22972.23
2025-07-17T07:38:00.000000Z,172.91,172.93,172.85,172.93,10185.42
2025-07-17T07:39:00.000000Z,172.92,173.04,172.88,172.99,10893.79
2025-07-17T07:40:00.000000Z,172.99,173.34,172.96,173.27,43976.49
2025-07-17T07:41:00.000000Z,173.27,173.38,173.16,173.19,36328.13
2025-07-17T07:42:00.000000Z,173.18,173.21,173.09,173.09,16315.9
2025-07-17T07:43:00.000000Z,173.09,173.35,173.0,173.35,23499.01
2025-07-17T07:44:00.000000Z,173.35,173.5,173.3,173.45,50890.22
2025-07-17T07:45:00.000000Z,173.46,173.58,173.38,173.44,44303.31
2025-07-17T07:46:00.000000Z,173.44,173.53,173.34,173.53,13509.12
2025-07-17T07:47:00.000000Z,173.53,173.55,173.39,173.54,11391.33
2025-07-17T07:48:00.000000Z,173.54,173.62,173.48,173.55,11669.37
2025-07-17T07:49:00.000000Z,173.55,173.65,173.5,173.55,16419.82
2025-07-17T07:50:00.000000Z,173.56,173.56,173.41,173.44,15520.81
2025-07-17T07:51:00.000000Z,173.45,173.53,173.33,173.36,15597.53
2025-07-17T07:52:00.000000Z,173.37,173.38,173.3,173.31,12238.29
2025-07-17T07:53:00.000000Z,173.31,173.49,173.3,173.49,14991.74
2025-07-17T07:54:00.000000Z,173.49,173.75,173.45,173.62,43006.46
2025-07-17T07:55:00.000000Z,173.61,173.86,173.61,173.8,14163.5
2025-07-17T07:56:00.000000Z,173.8,173.87,173.72,173.87,14491.01
2025-07-17T07:57:00.000000Z,173.86,174.08,173.83,174.01,32522.46
2025-07-17T07:58:00.000000Z,174.01,174.12,173.94,174.01,27088.2
2025-07-17T07:59:00.000000Z,174.0,174.08,173.89,173.99,19303.91
2025-07-17T08:00:00.000000Z,173.99,174.09,173.87,173.98,21490.91
2025-07-17T08:01:00.000000Z,173.98,173.99,173.82,173.84,20069.41
2025-07-17T08:02:00.000000Z,173.84,173.84,173.53,173.56,43979.38
2025-07-17T08:03:00.000000Z,173.56,173.58,173.27,173.27,36977.26
2025-07-17T08:04:00.000000Z,173.27,173.44,173.23,173.41,23993.78
2025-07-17T08:05:00.000000Z,173.4,173.54,173.36,173.46,13717.26
2025-07-17T08:06:00.000000Z,173.47,173.69,173.44,173.67,10673.77
2025-07-17T08:07:00.000000Z,173.67,173.67,173.34,173.39,15524.65
2025-07-17T08:08:00.000000Z,173.4,173.7,173.36,173.5,16202.55
2025-07-17T08:09:00.000000Z,173.5,173.55,173.38,173.43,9852.8
2025-07-17T08:10:00.000000Z,173.42,173.57,173.37,173.53,8931.94
2025-07-17T08:11:00.000000Z,173.53,173.68,173.46,173.48,11736.02
2025-07-17T08:12:00.000000Z,173.49,173.51,173.34,173.45,8708.46
2025-07-17T08:13:00.000000Z,173.45,173.45,173.33,173.43,5800.19
2025-07-17T08:14:00.000000Z,173.43,173.43,173.26,173.38,11954.86
2025-07-17T08:15:00.000000Z,173.38,173.4,173.24,173.37,11137.33
2025-07-17T08:16:00.000000Z,173.38,173.39,173.25,173.33,6350.19
2025-07-17T08:17:00.000000Z,173.32,173.42,173.25,173.27,14720.34
2025-07-17T08:18:00.000000Z,173.27,173.34,173.18,173.34,9023.88
2025-07-17T08:19:00.000000Z,173.34,173.35,173.2,173.3,7705.59
2025-07-17T08:20:00.000000Z,173.29,173.3,173.17,173.2,8993.27
2025-07-17T08:21:00.000000Z,173.21,173.28,173.07,173.28,10092.07
2025-07-17T08:22:00.000000Z,173.28,173.28,173.06,173.07,7431.74
2025-07-17T08:23:00.000000Z,173.06,173.14,173.04,173.1,5549.73
2025-07-17T08:24:00.000000Z,173.1,173.5,173.09,173.3,24752.26
2025-07-17T08:25:00.000000Z,173.29,173.5,173.27,173.28,8141.9
2025-07-17T08:26:00.000000Z,173.27,173.39,173.1,173.32,9290.87
2025-07-17T08:27:00.000000Z,173.33,173.37,173.18,173.35,7250.59
2025-07-17T08:28:00.000000Z,173.36,173.47,173.29,173.36,10115.93
2025-07-17T08:29:00.000000Z,173.36,173.45,173.24,173.42,6368.24
2025-07-17T08:30:00.000000Z,173.42,173.48,173.21,173.22,11786.82
2025-07-17T08:31:00.000000Z,173.22,173.42,173.16,173.17,10334.35
2025-07-17T08:32:00.000000Z,173.17,173.17,172.84,172.89,25573.89
2025-07-17T08:33:00.000000Z,172.89,172.99,172.81,172.89,13883.31
2025-07-17T08:34:00.000000Z,172.88,172.95,172.77,172.82,28945.31
2025-07-17T08:35:00.000000Z,172.83,172.88,172.69,172.75,17303.28
2025-07-17T08:36:00.000000Z,172.75,172.88,172.62,172.62,18986.14
2025-07-17T08:37:00.000000Z,172.63,172.85,172.62,172.84,12176.04
2025-07-17T08:38:00.000000Z,172.85,172.89,172.69,172.82,13859.55
2025-07-17T08:39:00.000000Z,172.83,173.02,172.82,172.96,11057.2
2025-07-17T08:40:00.000000Z,172.96,173.18,172.85,173.18,5121.48
2025-07-17T08:41:00.000000Z,173.18,173.22,172.95,172.95,12501.27
2025-07-17T08:42:00.000000Z,172.95,173.34,172.95,173.31,14301.06
2025-07-17T08:43:00.000000Z,173.32,173.44,173.31,173.43,9408.12
2025-07-17T08:44:00.000000Z,173.43,173.48,173.32,173.33,7879.67
2025-07-17T08:45:00.000000Z,173.33,173.41,173.21,173.21,8321.59
2025-07-17T08:46:00.000000Z,173.2,173.23,173.06,173.1,4063.91
2025-07-17T08:47:00.000000Z,173.09,173.12,172.91,173.09,16552.94
2025-07-17T08:48:00.000000Z,173.1,173.1,172.96,173.05,5771.41
2025-07-17T08:49:00.000000Z,173.05,173.13,172.88,172.89,6265.5
2025-07-17T08:50:00.000000Z,172.89,173.03,172.85,172.99,8002.5
2025-07-17T08:51:00.000000Z,172.99,173.05,172.89,172.93,4678.57
2025-07-17T08:52:00.000000Z,172.93,172.99,172.8,172.99,7287.18
2025-07-17T08:53:00.000000Z,172.98,173.09,172.92,172.94,12356.23
2025-07-17T08:54:00.000000Z,172.94,173.12,172.93,173.02,8374.88
2025-07-17T08:55:00.000000Z,173.01,173.17,172.98,173.17,9547.44
2025-07-17T08:56:00.000000Z,173.16,173.24,173.1,173.15,12484.24
2025-07-17T08:57:00.000000Z,173.15,173.2,173.11,173.15,15388.45
2025-07-17T08:58:00.000000Z,173.14,173.56,173.06,173.52,77062.17
2025-07-17T08:59:00.000000Z,173.52,173.75,173.52,173.66,31542.08
2025-07-17T09:00:00.000000Z,173.66,173.74,173.54,173.56,50403.7
2025-07-17T09:01:00.000000Z,173.57,173.67,173.44,173.55,12266.93
2025-07-17T09:02:00.000000Z,173.55,174.02,173.55,174.02,74639.13
2025-07-17T09:03:00.000000Z,174.01,174.5,173.98,174.47,82507.29
2025-07-17T09:04:00.000000Z,174.46,174.62,174.35,174.6,28241.61
2025-07-17T09:05:00.000000Z,174.59,175.55,174.59,175.05,158718.74
2025-07-17T09:06:00.000000Z,175.05,175.31,175.02,175.16,53507.31
2025-07-17T09:07:00.000000Z,175.16,175.42,175.13,175.19,29548.55
2025-07-17T09:08:00.000000Z,175.19,175.54,175.13,175.45,28176.31
2025-07-17T09:09:00.000000Z,175.45,175.58,175.38,175.46,26574.56
2025-07-17T09:10:00.000000Z,175.46,175.51,174.85,174.96,64475.64
2025-07-17T09:11:00.000000Z,174.95,175.1,174.88,175.04,26086.15
2025-07-17T09:12:00.000000Z,175.03,175.07,174.86,175.04,17270.0
2025-07-17T09:13:00.000000Z,175.03,175.17,175.0,175.09,12451.13
2025-07-17T09:14:00.000000Z,175.09,175.15,174.89,174.92,15511.63
2025-07-17T09:15:00.000000Z,174.93,175.12,174.73,174.74,19778.72
2025-07-17T09:16:00.000000Z,174.73,174.96,174.62,174.96,31179.77
2025-07-17T09:17:00.000000Z,174.95,175.08,174.75,175.03,23936.44
2025-07-17T09:18:00.000000Z,175.03,175.16,174.92,174.92,19535.51
2025-07-17T09:19:00.000000Z,174.92,174.96,174.72,174.73,13984.2
2025-07-17T09:20:00.000000Z,174.73,174.98,174.73,174.88,9346.56
2025-07-17T09:21:00.000000Z,174.87,175.09,174.87,175.01,12783.05
2025-07-17T09:22:00.000000Z,175.02,175.3,175.02,175.15,19503.64
2025-07-17T09:23:00.000000Z,175.14,175.17,175.05,175.13,16818.81
2025-07-17T09:24:00.000000Z,175.14,175.16,174.92,175.07,21829.03
2025-07-17T09:25:00.000000Z,175.07,175.47,175.0,175.44,19148.35
2025-07-17T09:26:00.000000Z,175.43,175.44,175.14,175.25,23307.03
2025-07-17T09:27:00.000000Z,175.24,175.4,175.21,175.39,19597.37
2025-07-17T09:28:00.000000Z,175.38,175.5,175.37,175.46,17506.04
2025-07-17T09:29:00.000000Z,175.45,176.0,175.45,175.73,103239.74
2025-07-17T09:30:00.000000Z,175.72,175.78,175.56,175.7,55612.02
2025-07-17T09:31:00.000000Z,175.69,175.89,175.66,175.74,24330.81
2025-07-17T09:32:00.000000Z,175.74,175.79,175.63,175.75,23808.48
2025-07-17T09:33:00.000000Z,175.75,175.76,175.54,175.71,42299.13
2025-07-17T09:34:00.000000Z,175.71,175.73,175.58,175.71,13794.22
2025-07-17T09:35:00.000000Z,175.7,175.77,175.56,175.69,28305.94
2025-07-17T09:36:00.000000Z,175.69,175.85,175.65,175.82,15180.89
2025-07-17T09:37:00.000000Z,175.82,176.35,175.81,176.29,99938.98
2025-07-17T09:38:00.000000Z,176.3,176.81,176.23,176.57,124709.44
2025-07-17T09:39:00.000000Z,176.56,176.88,176.54,176.84,45648.24
2025-07-17T09:40:00.000000Z,176.83,177.0,176.66,176.97,34401.13
2025-07-17T09:41:00.000000Z,176.96,177.32,176.88,177.16,97121.36
2025-07-17T09:42:00.000000Z,177.15,177.28,177.05,177.14,51742.59
2025-07-17T09:43:00.000000Z,177.14,177.55,177.14,177.35,50242.96
2025-07-17T09:44:00.000000Z,177.35,177.46,177.21,177.32,32767.99
2025-07-17T09:45:00.000000Z,177.32,177.37,176.88,177.21,78420.57
2025-07-17T09:46:00.000000Z,177.2,177.6,177.08,177.46,54200.49
2025-07-17T09:47:00.000000Z,177.45,177.63,177.17,177.22,93238.01
2025-07-17T09:48:00.000000Z,177.22,177.64,177.14,177.58,47777.99
2025-07-17T09:49:00.000000Z,177.57,177.72,177.41,177.52,24066.99
2025-07-17T09:50:00.000000Z,177.52,177.53,177.33,177.43,26289.76
2025-07-17T09:51:00.000000Z,177.42,177.75,177.28,177.7,29613.26
2025-07-17T09:52:00.000000Z,177.7,177.88,177.69,177.78,30753.41
2025-07-17T09:53:00.000000Z,177.77,177.94,177.73,177.92,31671.97
2025-07-17T09:54:00.000000Z,177.91,177.94,177.72,177.75,24677.84
2025-07-17T09:55:00.000000Z,177.74,177.82,177.72,177.78,17091.48
2025-07-17T09:56:00.000000Z,177.78,178.15,177.78,178.1,77462.14
2025-07-17T09:57:00.000000Z,178.09,178.17,177.58,177.64,43162.07
2025-07-17T09:58:00.000000Z,177.63,177.63,177.3,177.32,55194.69
2025-07-17T09:59:00.000000Z,177.33,177.35,177.13,177.16,35327.36
2025-07-17T10:00:00.000000Z,177.15,177.7,177.13,177.54,53189.69
2025-07-17T10:01:00.000000Z,177.53,177.67,177.48,177.5,26918.95
2025-07-17T10:02:00.000000Z,177.49,177.81,177.38,177.66,26679.2
2025-07-17T10:03:00.000000Z,177.66,177.66,177.23,177.31,25586.98
2025-07-17T10:04:00.000000Z,177.32,177.47,176.71,176.73,90506.71
2025-07-17T10:05:00.000000Z,176.73,176.88,176.32,176.34,110975.53
2025-07-17T10:06:00.000000Z,176.35,176.4,175.82,175.94,102413.07
2025-07-17T10:07:00.000000Z,175.94,176.66,175.92,176.39,36883.33
2025-07-17T10:08:00.000000Z,176.4,176.45,175.89,176.31,88787.8
2025-07-17T10:09:00.000000Z,176.31,176.79,176.24,176.7,32071.19
2025-07-17T10:10:00.000000Z,176.7,176.74,176.5,176.59,23595.69
2025-07-17T10:11:00.000000Z,176.6,176.64,176.34,176.35,14709.6
2025-07-17T10:12:00.000000Z,176.35,176.6,176.33,176.57,17379.35
2025-07-17T10:13:00.000000Z,176.57,176.88,176.57,176.81,27837.98
2025-07-17T10:14:00.000000Z,176.81,176.9,176.7,176.71,26908.37
2025-07-17T10:15:00.000000Z,176.7,177.24,176.47,177.24,39763.65
2025-07-17T10:16:00.000000Z,177.24,177.25,177.03,177.09,32090.85
2025-07-17T10:17:00.000000Z,177.1,177.31,177.0,177.17,31620.31
2025-07-17T10:18:00.000000Z,177.16,177.2,177.09,177.14,14422.64
2025-07-17T10:19:00.000000Z,177.13,177.34,177.05,177.3,16642.94
2025-07-17T10:20:00.000000Z,177.3,177.32,177.07,177.08,19597.31
2025-07-17T10:21:00.000000Z,177.09,177.22,177.05,177.15,10884.0
2025-07-17T10:22:00.000000Z,177.16,177.31,177.12,177.14,12270.06
2025-07-17T10:23:00.000000Z,177.14,177.16,176.62,176.64,26640.26
2025-07-17T10:24:00.000000Z,176.64,176.76,176.59,176.6,12227.55
2025-07-17T10:25:00.000000Z,176.59,176.6,176.06,176.12,61080.56
2025-07-17T10:26:00.000000Z,176.13,176.44,176.1,176.42,18311.67
2025-07-17T10:27:00.000000Z,176.42,176.43,176.27,176.28,9035.19
2025-07-17T10:28:00.000000Z,176.28,176.33,176.15,176.31,16535.72
2025-07-17T10:29:00.000000Z,176.3,176.4,176.21,176.22,7903.05
2025-07-17T10:30:00.000000Z,176.21,176.24,176.03,176.06,21355.57
2025-07-17T10:31:00.000000Z,176.06,176.37,176.06,176.27,15496.79
2025-07-17T10:32:00.000000Z,176.28,176.47,176.27,176.39,8270.27
2025-07-17T10:33:00.000000Z,176.4,176.43,176.25,176.43,10588.28
2025-07-17T10:34:00.000000Z,176.42,176.42,176.27,176.32,15834.61
2025-07-17T10:35:00.000000Z,176.32,176.41,176.23,176.32,11209.68
2025-07-17T10:36:00.000000Z,176.31,176.39,176.22,176.31,8453.3
2025-07-17T10:37:00.000000Z,176.31,176.65,176.06,176.6,25613.66
2025-07-17T10:38:00.000000Z,176.6,176.93,176.57,176.82,66064.28
2025-07-17T10:39:00.000000Z,176.81,176.81,176.41,176.42,23708.11
2025-07-17T10:40:00.000000Z,176.41,176.41,175.76,175.77,62757.81
2025-07-17T10:41:00.000000Z,175.77,176.21,175.62,176.2,52978.44
2025-07-17T10:42:00.000000Z,176.21,176.21,175.9,176.02,30974.57
2025-07-17T10:43:00.000000Z,176.02,176.06,175.89,175.91,20626.53
2025-07-17T10:44:00.000000Z,175.92,175.99,175.8,175.86,28036.31
2025-07-17T10:45:00.000000Z,175.87,176.24,175.87,176.2,29674.56
2025-07-17T10:46:00.000000Z,176.2,176.38,176.12,176.2,24415.99
2025-07-17T10:47:00.000000Z,176.2,176.41,176.14,176.37,9377.04
2025-07-17T10:48:00.000000Z,176.36,176.4,176.14,176.14,15916.77
2025-07-17T10:49:00.000000Z,176.15,176.31,176.0,176.18,13191.09
2025-07-17T10:50:00.000000Z,176.17,176.21,175.9,175.93,14143.36
2025-07-17T10:51:00.000000Z,175.93,176.17,175.9,176.11,11481.05
2025-07-17T10:52:00.000000Z,176.11,176.12,175.98,176.08,7825.13
2025-07-17T10:53:00.000000Z,176.07,176.21,175.99,176.07,9964.67
2025-07-17T10:54:00.000000Z,176.06,176.15,175.98,176.14,5394.87
2025-07-17T10:55:00.000000Z,176.15,176.37,176.14,176.36,14409.32
2025-07-17T10:56:00.000000Z,176.35,176.66,176.34,176.66,38913.65
2025-07-17T10:57:00.000000Z,176.67,176.85,176.65,176.77,30390.65
2025-07-17T10:58:00.000000Z,176.78,176.78,176.64,176.65,10591.41
2025-07-17T10:59:00.000000Z,176.65,176.67,176.3,176.34,27202.1
2025-07-17T11:00:00.000000Z,176.34,176.42,176.17,176.33,35777.52
2025-07-17T11:01:00.000000Z,176.33,176.71,176.29,176.71,31961.15
2025-07-17T11:02:00.000000Z,176.7,176.8,176.31,176.31,29375.44
2025-07-17T11:03:00.000000Z,176.32,176.32,175.88,176.0,31025.15
2025-07-17T11:04:00.000000Z,175.99,176.23,175.92,176.14,13740.9
2025-07-17T11:05:00.000000Z,176.14,176.23,176.06,176.13,8879.26
2025-07-17T11:06:00.000000Z,176.14,176.16,175.99,176.14,8986.49
2025-07-17T11:07:00.000000Z,176.14,176.34,176.14,176.24,12478.02
2025-07-17T11:08:00.000000Z,176.24,176.32,175.96,175.98,13335.43
2025-07-17T11:09:00.000000Z,175.98,176.09,175.96,176.09,9379.34
2025-07-17T11:10:00.000000Z,176.09,176.1,175.95,176.08,15236.76
2025-07-17T11:11:00.000000Z,176.07,176.22,175.99,176.21,15533.74
2025-07-17T11:12:00.000000Z,176.22,176.28,176.04,176.28,8823.29
2025-07-17T11:13:00.000000Z,176.28,176.33,176.19,176.33,9525.9
2025-07-17T11:14:00.000000Z,176.32,176.5,176.3,176.4,12228.5
2025-07-17T11:15:00.000000Z,176.41,176.62,176.41,176.57,22423.67
2025-07-17T11:16:00.000000Z,176.57,176.63,176.36,176.37,17254.97
2025-07-17T11:17:00.000000Z,176.36,176.37,175.85,176.17,68023.68
2025-07-17T11:18:00.000000Z,176.17,176.19,175.98,176.02,7042.99
2025-07-17T11:19:00.000000Z,176.03,176.56,175.97,176.52,37941.78
2025-07-17T11:20:00.000000Z,176.51,176.51,176.14,176.14,20157.74
2025-07-17T11:21:00.000000Z,176.14,176.3,176.1,176.29,7931.25
2025-07-17T11:22:00.000000Z,176.29,176.53,176.29,176.46,8789.4
2025-07-17T11:23:00.000000Z,176.47,176.53,175.92,176.31,95393.1
2025-07-17T11:24:00.000000Z,176.31,176.45,176.21,176.28,14653.06
2025-07-17T11:25:00.000000Z,176.29,176.35,176.0,176.05,15164.12
2025-07-17T11:26:00.000000Z,176.06,176.07,175.89,175.93,38405.02
2025-07-17T11:27:00.000000Z,175.92,175.92,175.71,175.76,40471.43
2025-07-17T11:28:00.000000Z,175.76,175.88,175.75,175.79,11786.34
2025-07-17T11:29:00.000000Z,175.8,175.93,175.78,175.88,7536.55
2025-07-17T11:30:00.000000Z,175.89,175.89,175.59,175.6,32649.9
2025-07-17T11:31:00.000000Z,175.59,175.72,175.55,175.72,36185.41
2025-07-17T11:32:00.000000Z,175.72,175.72,175.34,175.39,46622.1
2025-07-17T11:33:00.000000Z,175.39,175.5,175.31,175.38,42129.81
2025-07-17T11:34:00.000000Z,175.39,175.45,175.14,175.44,45717.78
2025-07-17T11:35:00.000000Z,175.44,175.63,175.35,175.62,15273.91
2025-07-17T11:36:00.000000Z,175.63,175.95,175.62,175.9,20080.65
2025-07-17T11:37:00.000000Z,175.91,176.18,175.84,176.05,29443.6
2025-07-17T11:38:00.000000Z,176.06,176.07,175.96,175.96,8843.48
2025-07-17T11:39:00.000000Z,175.96,176.07,175.92,175.98,13177.64
2025-07-17T11:40:00.000000Z,175.97,175.97,175.74,175.94,21020.25
2025-07-17T11:41:00.000000Z,175.94,176.08,175.94,176.03,6400.68
2025-07-17T11:42:00.000000Z,176.03,176.21,176.01,176.21,8940.63
2025-07-17T11:43:00.000000Z,176.21,176.27,175.88,175.88,26066.65
2025-07-17T11:44:00.000000Z,175.88,175.99,175.88,175.99,5117.15
2025-07-17T11:45:00.000000Z,175.98,176.03,175.82,175.94,14209.87
2025-07-17T11:46:00.000000Z,175.94,175.95,175.74,175.77,11684.38
2025-07-17T11:47:00.000000Z,175.78,175.78,175.48,175.62,24246.94
2025-07-17T11:48:00.000000Z,175.62,175.69,175.55,175.69,11316.68
2025-07-17T11:49:00.000000Z,175.69,175.71,175.61,175.67,6253.58
2025-07-17T11:50:00.000000Z,175.68,175.85,175.68,175.77,9768.44
2025-07-17T11:51:00.000000Z,175.77,176.06,175.75,176.06,18932.36
2025-07-17T11:52:00.000000Z,176.05,176.14,175.98,176.13,15972.08
2025-07-17T11:53:00.000000Z,176.14,176.41,176.13,176.24,21876.06
2025-07-17T11:54:00.000000Z,176.24,176.31,176.11,176.13,7930.49
2025-07-17T11:55:00.000000Z,176.12,176.29,175.9,176.29,15158.75
2025-07-17T11:56:00.000000Z,176.28,176.49,176.26,176.34,17323.92
2025-07-17T11:57:00.000000Z,176.34,176.4,176.23,176.37,12076.6
2025-07-17T11:58:00.000000Z,176.38,176.38,176.3,176.3,10942.97
2025-07-17T11:59:00.000000Z,176.29,176.3,176.06,176.14,38762.3
2025-07-17T12:00:00.000000Z,176.14,176.53,176.13,176.47,24242.29
2025-07-17T12:01:00.000000Z,176.46,176.47,176.3,176.32,16486.17
2025-07-17T12:02:00.000000Z,176.33,176.4,176.24,176.24,15790.43
2025-07-17T12:03:00.000000Z,176.25,176.58,176.23,176.55,11406.74
2025-07-17T12:04:00.000000Z,176.55,176.6,176.02,176.08,22346.21
2025-07-17T12:05:00.000000Z,176.08,176.09,175.62,175.63,39447.96
2025-07-17T12:06:00.000000Z,175.63,175.67,175.32,175.5,70697.97
2025-07-17T12:07:00.000000Z,175.49,175.5,175.23,175.26,47337.74
2025-07-17T12:08:00.000000Z,175.25,175.26,174.61,174.99,136195.8
2025-07-17T12:09:00.000000Z,174.99,174.99,174.58,174.76,64262.73
2025-07-17T12:10:00.000000Z,174.76,175.44,174.76,175.26,43196.08
2025-07-17T12:11:00.000000Z,175.26,175.57,175.22,175.53,36204.14
2025-07-17T12:12:00.000000Z,175.54,175.61,175.41,175.45,36913.24
2025-07-17T12:13:00.000000Z,175.44,175.64,175.38,175.61,18386.84
2025-07-17T12:14:00.000000Z,175.6,175.67,175.34,175.63,15204.39
2025-07-17T12:15:00.000000Z,175.62,175.81,175.56,175.8,27830.88
2025-07-17T12:16:00.000000Z,175.81,175.99,175.77,175.99,36748.18
2025-07-17T12:17:00.000000Z,175.98,176.11,175.83,175.95,18250.46
2025-07-17T12:18:00.000000Z,175.95,176.06,175.86,175.97,10414.91
2025-07-17T12:19:00.000000Z,175.97,176.0,175.7,175.81,10498.99
2025-07-17T12:20:00.000000Z,175.8,175.8,175.62,175.69,9959.01
2025-07-17T12:21:00.000000Z,175.68,175.69,175.28,175.37,18695.82
2025-07-17T12:22:00.000000Z,175.37,175.54,175.23,175.24,28326.55
2025-07-17T12:23:00.000000Z,175.24,175.35,175.09,175.35,33333.55
2025-07-17T12:24:00.000000Z,175.35,175.41,175.09,175.13,28122.87
2025-07-17T12:25:00.000000Z,175.14,175.29,175.1,175.26,19511.69
2025-07-17T12:26:00.000000Z,175.26,175.26,174.91,174.96,31848.81
2025-07-17T12:27:00.000000Z,174.95,174.98,174.72,174.98,61800.09
2025-07-17T12:28:00.000000Z,174.97,175.2,174.88,175.03,21145.24
2025-07-17T12:29:00.000000Z,175.03,175.13,174.83,174.83,19052.01
2025-07-17T12:30:00.000000Z,174.84,175.96,174.82,175.73,126025.66
2025-07-17T12:31:00.000000Z,175.73,175.74,175.5,175.69,25890.47
2025-07-17T12:32:00.000000Z,175.7,175.72,175.07,175.46,27119.79
2025-07-17T12:33:00.000000Z,175.46,176.04,175.32,176.03,23471.54
2025-07-17T12:34:00.000000Z,176.04,176.07,175.65,175.8,21215.6
2025-07-17T12:35:00.000000Z,175.8,176.13,175.68,175.81,24619.32
2025-07-17T12:36:00.000000Z,175.82,176.13,175.75,176.13,13814.71
2025-07-17T12:37:00.000000Z,176.12,176.24,176.01,176.1,24154.73
2025-07-17T12:38:00.000000Z,176.11,176.34,176.05,176.32,27482.82
2025-07-17T12:39:00.000000Z,176.31,176.49,176.25,176.25,35090.59
2025-07-17T12:40:00.000000Z,176.25,176.53,176.11,176.53,19832.33
2025-07-17T12:41:00.000000Z,176.53,177.0,176.52,176.81,103049.98
2025-07-17T12:42:00.000000Z,176.81,176.99,176.78,176.85,66769.29
2025-07-17T12:43:00.000000Z,176.85,177.16,176.84,177.02,52321.86
2025-07-17T12:44:00.000000Z,177.02,177.39,177.02,177.23,30209.76
2025-07-17T12:45:00.000000Z,177.23,177.28,176.97,177.04,35182.48
2025-07-17T12:46:00.000000Z,177.04,177.07,176.84,177.03,34031.35
2025-07-17T12:47:00.000000Z,177.02,177.03,176.79,176.92,18090.26
2025-07-17T12:48:00.000000Z,176.92,177.56,176.91,177.39,35650.4
2025-07-17T12:49:00.000000Z,177.38,177.54,177.35,177.51,48388.18
2025-07-17T12:50:00.000000Z,177.5,177.54,177.37,177.45,46492.82
2025-07-17T12:51:00.000000Z,177.45,177.48,177.2,177.27,22109.58
2025-07-17T12:52:00.000000Z,177.26,177.4,177.04,177.33,13206.87
2025-07-17T12:53:00.000000Z,177.34,177.48,177.29,177.46,33298.72
2025-07-17T12:54:00.000000Z,177.46,177.5,177.37,177.37,18087.64
2025-07-17T12:55:00.000000Z,177.38,177.45,177.3,177.41,20713.2
2025-07-17T12:56:00.000000Z,177.41,177.48,177.03,177.08,20355.31
2025-07-17T12:57:00.000000Z,177.09,177.11,176.89,176.99,28591.98
2025-07-17T12:58:00.000000Z,176.98,177.0,176.82,176.86,24514.85
2025-07-17T12:59:00.000000Z,176.87,176.9,176.73,176.74,13759.17
2025-07-17T13:00:00.000000Z,176.74,176.88,176.61,176.79,24176.9
2025-07-17T13:01:00.000000Z,176.79,176.97,176.7,176.85,42075.18
2025-07-17T13:02:00.000000Z,176.86,176.92,176.75,176.79,11025.02
2025-07-17T13:03:00.000000Z,176.79,176.91,176.79,176.89,8320.06
2025-07-17T13:04:00.000000Z,176.89,176.96,176.68,176.71,13998.39
2025-07-17T13:05:00.000000Z,176.7,176.81,176.61,176.64,31154.51
2025-07-17T13:06:00.000000Z,176.63,176.63,176.3,176.44,29709.07
2025-07-17T13:07:00.000000Z,176.43,176.53,176.26,176.29,17782.99
2025-07-17T13:08:00.000000Z,176.29,176.3,175.91,176.03,40903.13
2025-07-17T13:09:00.000000Z,176.03,176.35,175.83,175.93,115649.82
2025-07-17T13:10:00.000000Z,175.94,175.94,175.66,175.66,30667.66
2025-07-17T13:11:00.000000Z,175.66,175.8,175.46,175.7,53327.79
2025-07-17T13:12:00.000000Z,175.7,175.86,175.7,175.83,10405.46
2025-07-17T13:13:00.000000Z,175.84,175.86,175.6,175.6,19619.56
2025-07-17T13:14:00.000000Z,175.6,175.79,175.6,175.7,7088.67
2025-07-17T13:15:00.000000Z,175.7,175.71,175.45,175.6,17500.96
2025-07-17T13:16:00.000000Z,175.61,175.61,175.43,175.43,8993.22
2025-07-17T13:17:00.000000Z,175.43,175.5,175.26,175.27,20333.95
2025-07-17T13:18:00.000000Z,175.28,175.5,174.94,175.44,49015.02
2025-07-17T13:19:00.000000Z,175.45,175.54,175.3,175.54,14474.68
2025-07-17T13:20:00.000000Z,175.54,175.85,175.53,175.82,36244.6
2025-07-17T13:21:00.000000Z,175.81,175.9,175.76,175.77,16099.26
2025-07-17T13:22:00.000000Z,175.78,175.78,175.24,175.3,20258.64
2025-07-17T13:23:00.000000Z,175.29,175.62,175.29,175.59,13149.37
2025-07-17T13:24:00.000000Z,175.59,175.6,174.98,175.18,64737.72
2025-07-17T13:25:00.000000Z,175.17,175.61,175.11,175.6,65613.22
2025-07-17T13:26:00.000000Z,175.61,175.71,175.48,175.69,16797.38
2025-07-17T13:27:00.000000Z,175.68,175.8,175.64,175.67,16584.77
2025-07-17T13:28:00.000000Z,175.67,175.68,175.42,175.47,10898.55
2025-07-17T13:29:00.000000Z,175.48,175.55,175.45,175.46,7521.21
2025-07-17T13:30:00.000000Z,175.46,175.47,175.17,175.37,16327.84
2025-07-17T13:31:00.000000Z,175.36,175.58,175.33,175.42,10646.76
2025-07-17T13:32:00.000000Z,175.41,175.42,174.9,174.92,43318.43
2025-07-17T13:33:00.000000Z,174.92,175.28,174.77,175.28,50476.86
2025-07-17T13:34:00.000000Z,175.28,175.29,174.89,175.02,20294.36
2025-07-17T13:35:00.000000Z,175.02,175.44,174.83,175.34,46041.1
2025-07-17T13:36:00.000000Z,175.33,175.33,174.9,174.9,20419.57
2025-07-17T13:37:00.000000Z,174.9,175.52,174.9,175.52,22498.62
2025-07-17T13:38:00.000000Z,175.52,175.53,174.9,174.99,39037.7
2025-07-17T13:39:00.000000Z,175.0,175.28,174.99,175.02,27060.89
2025-07-17T13:40:00.000000Z,175.02,175.08,174.8,174.82,23075.3
2025-07-17T13:41:00.000000Z,174.83,175.19,174.8,174.99,31857.97
2025-07-17T13:42:00.000000Z,175.0,175.1,174.71,174.82,57282.79
2025-07-17T13:43:00.000000Z,174.83,175.1,174.6,174.6,37340.18
2025-07-17T13:44:00.000000Z,174.6,174.61,173.68,173.81,213307.63
2025-07-17T13:45:00.000000Z,173.8,173.8,173.37,173.57,146232.96
2025-07-17T13:46:00.000000Z,173.57,173.58,172.67,173.42,190315.23
2025-07-17T13:47:00.000000Z,173.42,173.78,173.16,173.6,80556.26
2025-07-17T13:48:00.000000Z,173.59,174.35,173.59,174.31,97211.57
2025-07-17T13:49:00.000000Z,174.3,174.41,174.11,174.16,43844.02
2025-07-17T13:50:00.000000Z,174.16,174.66,174.16,174.65,42375.18
2025-07-17T13:51:00.000000Z,174.65,174.67,174.39,174.57,69599.18
2025-07-17T13:52:00.000000Z,174.56,174.56,174.34,174.34,26658.3
2025-07-17T13:53:00.000000Z,174.35,174.77,174.35,174.63,74985.47
2025-07-17T13:54:00.000000Z,174.63,174.77,174.45,174.74,37894.02
2025-07-17T13:55:00.000000Z,174.75,174.75,174.16,174.32,32828.84
2025-07-17T13:56:00.000000Z,174.32,174.55,174.24,174.53,21854.94
2025-07-17T13:57:00.000000Z,174.54,174.61,174.4,174.55,17931.24
2025-07-17T13:58:00.000000Z,174.55,174.6,174.44,174.45,40693.32
2025-07-17T13:59:00.000000Z,174.46,174.49,174.31,174.31,15586.45
2025-07-17T14:00:00.000000Z,174.3,174.57,174.22,174.38,25785.13
2025-07-17T14:01:00.000000Z,174.39,174.57,174.24,174.44,40946.2
2025-07-17T14:02:00.000000Z,174.44,174.81,174.43,174.53,21600.45
2025-07-17T14:03:00.000000Z,174.53,174.58,174.4,174.55,21361.95
2025-07-17T14:04:00.000000Z,174.55,174.86,174.32,174.33,67200.56
2025-07-17T14:05:00.000000Z,174.32,174.57,174.28,174.42,23639.15
2025-07-17T14:06:00.000000Z,174.42,174.67,174.36,174.52,24030.08
2025-07-17T14:07:00.000000Z,174.53,174.61,174.44,174.57,21597.33
2025-07-17T14:08:00.000000Z,174.56,174.57,174.22,174.23,22016.46
2025-07-17T14:09:00.000000Z,174.22,174.58,174.1,174.58,19360.19
2025-07-17T14:10:00.000000Z,174.57,174.75,174.45,174.68,33072.71
2025-07-17T14:11:00.000000Z,174.68,174.75,174.26,174.3,20498.28
2025-07-17T14:12:00.000000Z,174.3,174.3,173.77,173.93,90386.42
2025-07-17T14:13:00.000000Z,173.93,174.12,173.72,174.1,24043.52
2025-07-17T14:14:00.000000Z,174.09,174.34,173.97,174.28,14591.82
2025-07-17T14:15:00.000000Z,174.28,174.36,173.84,173.96,15313.0
2025-07-17T14:16:00.000000Z,173.96,174.23,173.96,174.02,9329.56
2025-07-17T14:17:00.000000Z,174.02,174.24,173.93,174.03,8825.91
2025-07-17T14:18:00.000000Z,174.02,174.07,173.85,174.01,12943.13
2025-07-17T14:19:00.000000Z,174.01,174.02,173.41,173.75,40185.01
2025-07-17T14:20:00.000000Z,173.75,173.93,173.69,173.85,11996.16
2025-07-17T14:21:00.000000Z,173.85,174.39,173.8,174.37,15185.23
2025-07-17T14:22:00.000000Z,174.37,174.68,174.3,174.52,24979.51
2025-07-17T14:23:00.000000Z,174.51,174.51,173.94,174.07,25830.84
2025-07-17T14:24:00.000000Z,174.06,174.18,173.98,174.1,10559.43
2025-07-17T14:25:00.000000Z,174.09,174.48,174.09,174.38,13556.92
2025-07-17T14:26:00.000000Z,174.39,174.57,174.33,174.55,18222.82
2025-07-17T14:27:00.000000Z,174.55,174.61,174.42,174.57,23837.04
2025-07-17T14:28:00.000000Z,174.57,174.57,174.3,174.3,24642.42
2025-07-17T14:29:00.000000Z,174.3,174.7,174.3,174.65,17689.75
2025-07-17T14:30:00.000000Z,174.65,174.78,174.52,174.67,23075.7
2025-07-17T14:31:00.000000Z,174.68,174.68,174.43,174.46,26863.95
2025-07-17T14:32:00.000000Z,174.46,174.87,174.45,174.87,16686.19
2025-07-17T14:33:00.000000Z,174.87,175.13,174.86,175.03,38928.01
2025-07-17T14:34:00.000000Z,175.03,175.3,175.03,175.19,39228.67
2025-07-17T14:35:00.000000Z,175.2,175.21,175.06,175.11,25590.59
2025-07-17T14:36:00.000000Z,175.11,175.11,174.93,174.95,25501.18
2025-07-17T14:37:00.000000Z,174.94,175.08,174.56,174.59,20091.48
2025-07-17T14:38:00.000000Z,174.6,174.89,174.6,174.75,12313.71
2025-07-17T14:39:00.000000Z,174.74,174.93,174.61,174.82,29777.83
2025-07-17T14:40:00.000000Z,174.83,174.83,174.67,174.83,7317.89
2025-07-17T14:41:00.000000Z,174.84,174.9,174.72,174.73,11057.55
2025-07-17T14:42:00.000000Z,174.72,174.9,174.72,174.76,14881.97
2025-07-17T14:43:00.000000Z,174.75,174.75,174.43,174.46,19432.11
2025-07-17T14:44:00.000000Z,174.47,174.53,174.35,174.5,15171.62
2025-07-17T14:45:00.000000Z,174.5,174.84,174.49,174.8,21602.18
2025-07-17T14:46:00.000000Z,174.79,174.94,174.74,174.79,10366.36
2025-07-17T14:47:00.000000Z,174.78,174.99,174.74,174.97,17851.02
2025-07-17T14:48:00.000000Z,174.97,175.05,174.83,174.95,10043.43
2025-07-17T14:49:00.000000Z,174.95,175.0,174.87,174.97,7768.55
2025-07-17T14:50:00.000000Z,174.97,175.05,174.88,174.91,7153.25
2025-07-17T14:51:00.000000Z,174.9,174.95,174.82,174.87,7657.27
2025-07-17T14:52:00.000000Z,174.87,175.11,174.86,175.02,10815.2
2025-07-17T14:53:00.000000Z,175.02,175.2,174.94,175.14,17495.22
2025-07-17T14:54:00.000000Z,175.15,175.17,175.0,175.02,10730.01
2025-07-17T14:55:00.000000Z,175.02,175.11,175.0,175.05,18589.89
2025-07-17T14:56:00.000000Z,175.05,175.11,174.8,174.89,22857.64
2025-07-17T14:57:00.000000Z,174.88,174.88,174.71,174.72,23472.31
2025-07-17T14:58:00.000000Z,174.71,174.77,174.52,174.74,13301.68
2025-07-17T14:59:00.000000Z,174.75,174.84,174.7,174.83,12342.22
2025-07-17T15:00:00.000000Z,174.84,175.12,174.71,175.11,17150.76
2025-07-17T15:01:00.000000Z,175.1,175.1,174.81,174.99,10799.93
2025-07-17T15:02:00.000000Z,174.99,175.11,174.64,174.66,33893.96
2025-07-17T15:03:00.000000Z,174.67,175.0,174.67,174.83,12732.93
2025-07-17T15:04:00.000000Z,174.82,174.9,174.2,174.24,18799.42
2025-07-17T15:05:00.000000Z,174.23,174.52,174.02,174.49,41640.68
2025-07-17T15:06:00.000000Z,174.48,174.5,174.21,174.24,16890.14
2025-07-17T15:07:00.000000Z,174.24,174.36,173.9,173.9,26023.96
2025-07-17T15:08:00.000000Z,173.9,173.99,173.61,173.82,36302.67
2025-07-17T15:09:00.000000Z,173.82,173.82,173.49,173.71,29965.39
2025-07-17T15:10:00.000000Z,173.7,173.75,173.45,173.61,31730.95
2025-07-17T15:11:00.000000Z,173.61,173.67,173.27,173.39,50622.59
2025-07-17T15:12:00.000000Z,173.38,173.6,173.21,173.6,26384.5
2025-07-17T15:13:00.000000Z,173.59,173.6,173.25,173.33,14989.73
2025-07-17T15:14:00.000000Z,173.32,173.46,173.03,173.08,41802.65
2025-07-17T15:15:00.000000Z,173.08,173.12,172.77,173.07,59527.12
2025-07-17T15:16:00.000000Z,173.07,173.43,172.97,173.43,29513.05
2025-07-17T15:17:00.000000Z,173.42,173.72,173.41,173.65,26871.25
2025-07-17T15:18:00.000000Z,173.64,173.76,173.34,173.65,26954.65
2025-07-17T15:19:00.000000Z,173.64,173.8,173.51,173.52,12246.31
2025-07-17T15:20:00.000000Z,173.51,173.79,173.41,173.76,14227.54
2025-07-17T15:21:00.000000Z,173.76,173.76,173.28,173.28,13514.64
2025-07-17T15:22:00.000000Z,173.27,173.78,173.27,173.63,19301.15
2025-07-17T15:23:00.000000Z,173.62,173.96,173.62,173.94,17660.13
2025-07-17T15:24:00.000000Z,173.94,174.2,173.84,174.03,18949.72
2025-07-17T15:25:00.000000Z,174.03,174.03,173.84,173.9,11145.83
2025-07-17T15:26:00.000000Z,173.89,173.99,173.81,173.99,7554.27
2025-07-17T15:27:00.000000Z,173.98,173.99,173.71,173.71,6250.92
2025-07-17T15:28:00.000000Z,173.72,173.79,173.36,173.59,40221.54
2025-07-17T15:29:00.000000Z,173.59,173.61,173.54,173.55,6339.62
2025-07-17T15:30:00.000000Z,173.55,173.84,173.55,173.84,8049.2
2025-07-17T15:31:00.000000Z,173.84,173.89,173.67,173.68,5364.41
2025-07-17T15:32:00.000000Z,173.68,173.79,173.47,173.78,11009.78
2025-07-17T15:33:00.000000Z,173.78,173.8,173.6,173.64,9299.15
2025-07-17T15:34:00.000000Z,173.63,174.0,173.61,173.95,18842.25
2025-07-17T15:35:00.000000Z,173.94,174.17,173.92,174.09,17281.24
2025-07-17T15:36:00.000000Z,174.09,174.25,173.89,173.89,15361.23
2025-07-17T15:37:00.000000Z,173.88,174.28,173.87,174.28,7037.2
2025-07-17T15:38:00.000000Z,174.27,174.28,174.12,174.15,12909.21
2025-07-17T15:39:00.000000Z,174.15,174.31,174.14,174.31,6740.04
2025-07-17T15:40:00.000000Z,174.31,174.43,174.28,174.31,18755.92
2025-07-17T15:41:00.000000Z,174.31,174.49,174.3,174.36,9685.23
2025-07-17T15:42:00.000000Z,174.36,174.44,174.32,174.42,7675.26
2025-07-17T15:43:00.000000Z,174.42,174.47,174.36,174.4,10331.86
2025-07-17T15:44:00.000000Z,174.41,174.52,174.41,174.48,13793.88
2025-07-17T15:45:00.000000Z,174.47,174.51,174.26,174.32,27065.64
2025-07-17T15:46:00.000000Z,174.33,174.33,173.95,174.09,22476.18
2025-07-17T15:47:00.000000Z,174.09,174.13,173.98,174.11,11837.08
2025-07-17T15:48:00.000000Z,174.11,174.11,173.87,173.87,16614.67
2025-07-17T15:49:00.000000Z,173.87,173.98,173.76,173.92,7555.26
2025-07-17T15:50:00.000000Z,173.93,173.97,173.83,173.94,6763.42
2025-07-17T15:51:00.000000Z,173.94,174.15,173.81,173.99,15313.67
2025-07-17T15:52:00.000000Z,174.0,174.08,173.94,173.99,9801.62
2025-07-17T15:53:00.000000Z,173.98,174.31,173.95,174.31,21828.01
2025-07-17T15:54:00.000000Z,174.31,174.34,174.09,174.13,9699.0
2025-07-17T15:55:00.000000Z,174.13,174.26,174.11,174.26,8544.61
2025-07-17T15:56:00.000000Z,174.26,174.28,174.15,174.16,6118.66
2025-07-17T15:57:00.000000Z,174.16,174.28,174.1,174.28,9646.3
2025-07-17T15:58:00.000000Z,174.27,174.28,174.16,174.23,3589.91
2025-07-17T15:59:00.000000Z,174.22,174.23,174.08,174.09,10957.56
2025-07-17T16:00:00.000000Z,174.08,174.27,174.05,174.27,7491.35
2025-07-17T16:01:00.000000Z,174.26,174.4,174.18,174.23,13905.16
2025-07-17T16:02:00.000000Z,174.23,174.4,174.19,174.35,7422.7
2025-07-17T16:03:00.000000Z,174.34,174.36,174.06,174.06,7759.84
2025-07-17T16:04:00.000000Z,174.05,174.27,174.02,174.25,15594.07
2025-07-17T16:05:00.000000Z,174.24,174.25,173.92,173.92,9035.94
2025-07-17T16:06:00.000000Z,173.92,174.02,173.8,173.95,25355.35
2025-07-17T16:07:00.000000Z,173.95,173.96,173.42,173.56,24395.8
2025-07-17T16:08:00.000000Z,173.55,173.88,173.39,173.87,18912.92
2025-07-17T16:09:00.000000Z,173.87,173.87,173.57,173.64,15439.06
2025-07-17T16:10:00.000000Z,173.63,173.67,173.38,173.4,16909.77
2025-07-17T16:11:00.000000Z,173.4,173.41,173.1,173.12,54008.21
2025-07-17T16:12:00.000000Z,173.11,173.43,173.08,173.25,34545.67
2025-07-17T16:13:00.000000Z,173.24,173.3,172.96,173.24,24194.42
2025-07-17T16:14:00.000000Z,173.24,173.24,173.0,173.2,17385.88
2025-07-17T16:15:00.000000Z,173.2,173.2,172.86,173.02,17527.32
2025-07-17T16:16:00.000000Z,173.01,173.01,172.5,172.74,68255.23
2025-07-17T16:17:00.000000Z,172.74,172.94,172.66,172.86,22728.77
2025-07-17T16:18:00.000000Z,172.86,173.26,172.86,172.88,22637.63
2025-07-17T16:19:00.000000Z,172.88,173.13,172.88,173.09,15349.16
2025-07-17T16:20:00.000000Z,173.09,173.1,172.79,173.02,22508.72
2025-07-17T16:21:00.000000Z,173.02,173.04,172.77,172.78,15955.75
2025-07-17T16:22:00.000000Z,172.78,173.05,172.76,173.05,16798.81
2025-07-17T16:23:00.000000Z,173.04,173.06,172.84,173.03,14064.93
2025-07-17T16:24:00.000000Z,173.04,173.25,172.87,172.91,14839.15
2025-07-17T16:25:00.000000Z,172.92,173.02,172.6,172.61,27574.89
2025-07-17T16:26:00.000000Z,172.61,173.26,172.61,173.15,25501.74
2025-07-17T16:27:00.000000Z,173.15,173.29,172.72,172.75,12896.11
2025-07-17T16:28:00.000000Z,172.74,172.84,172.35,172.7,47942.39
2025-07-17T16:29:00.000000Z,172.7,172.71,172.11,172.4,107973.43
2025-07-17T16:30:00.000000Z,172.4,172.43,171.8,171.86,107522.51
2025-07-17T16:31:00.000000Z,171.86,171.98,171.6,171.93,98643.25
2025-07-17T16:32:00.000000Z,171.93,172.03,171.44,171.46,51873.77
2025-07-17T16:33:00.000000Z,171.46,171.61,171.15,171.53,100489.84
2025-07-17T16:34:00.000000Z,171.54,171.67,171.34,171.46,32236.2
2025-07-17T16:35:00.000000Z,171.44,171.65,171.43,171.64,28972.27
2025-07-17T16:36:00.000000Z,171.64,171.81,171.61,171.74,23523.12
2025-07-17T16:37:00.000000Z,171.75,171.87,171.57,171.64,25810.64
2025-07-17T16:38:00.000000Z,171.63,171.75,171.59,171.74,16818.09
2025-07-17T16:39:00.000000Z,171.75,172.03,171.53,172.03,27847.31
2025-07-17T16:40:00.000000Z,172.03,172.03,171.65,171.73,15887.02
2025-07-17T16:41:00.000000Z,171.74,172.89,171.74,172.88,76333.51
2025-07-17T16:42:00.000000Z,172.89,172.94,172.35,172.36,41238.16
2025-07-17T16:43:00.000000Z,172.36,172.8,172.36,172.77,23269.16
2025-07-17T16:44:00.000000Z,172.78,172.78,172.08,172.36,18050.7
2025-07-17T16:45:00.000000Z,172.36,172.43,172.22,172.42,15097.56
2025-07-17T16:46:00.000000Z,172.42,172.63,172.23,172.62,21486.5
2025-07-17T16:47:00.000000Z,172.62,172.77,172.54,172.54,10182.6
2025-07-17T16:48:00.000000Z,172.55,172.59,172.28,172.58,12986.99
2025-07-17T16:49:00.000000Z,172.58,172.58,172.31,172.47,10118.36
2025-07-17T16:50:00.000000Z,172.47,172.95,172.46,172.89,14643.62
2025-07-17T16:51:00.000000Z,172.89,172.91,172.73,172.81,9383.02
2025-07-17T16:52:00.000000Z,172.82,172.82,172.22,172.29,12900.08
2025-07-17T16:53:00.000000Z,172.29,172.6,172.29,172.51,10075.58
2025-07-17T16:54:00.000000Z,172.51,172.58,172.42,172.5,3995.66
2025-07-17T16:55:00.000000Z,172.5,172.5,172.23,172.25,13722.53
2025-07-17T16:56:00.000000Z,172.25,172.46,172.15,172.45,12566.11
2025-07-17T16:57:00.000000Z,172.46,172.63,172.38,172.58,15808.19
2025-07-17T16:58:00.000000Z,172.59,172.81,172.52,172.75,16420.46
2025-07-17T16:59:00.000000Z,172.75,172.83,172.65,172.83,6445.47
2025-07-17T17:00:00.000000Z,172.82,172.88,172.72,172.86,13523.76
2025-07-17T17:01:00.000000Z,172.85,172.92,172.8,172.8,19040.41
2025-07-17T17:02:00.000000Z,172.81,172.85,172.65,172.82,13720.84
2025-07-17T17:03:00.000000Z,172.81,172.96,172.75,172.82,8332.94
2025-07-17T17:04:00.000000Z,172.82,172.85,172.67,172.84,17332.02
2025-07-17T17:05:00.000000Z,172.83,172.84,172.61,172.66,12016.56
2025-07-17T17:06:00.000000Z,172.66,172.94,172.66,172.94,10853.1
2025-07-17T17:07:00.000000Z,172.94,172.94,172.7,172.75,9643.6
2025-07-17T17:08:00.000000Z,172.75,173.13,172.75,173.02,26504.8
2025-07-17T17:09:00.000000Z,173.02,173.17,172.94,173.12,19161.07
2025-07-17T17:10:00.000000Z,173.12,173.19,173.03,173.17,8883.72
2025-07-17T17:11:00.000000Z,173.17,173.24,173.05,173.06,27774.67
2025-07-17T17:12:00.000000Z,173.06,173.06,172.9,173.03,19899.92
2025-07-17T17:13:00.000000Z,173.03,173.07,173.0,173.03,8119.29
2025-07-17T17:14:00.000000Z,173.03,173.13,173.03,173.13,4297.29
2025-07-17T17:15:00.000000Z,173.12,173.15,173.04,173.06,9511.35
2025-07-17T17:16:00.000000Z,173.05,173.06,172.85,172.85,13072.94
2025-07-17T17:17:00.000000Z,172.85,173.1,172.8,173.09,14097.52
2025-07-17T17:18:00.000000Z,173.09,173.09,172.88,173.06,9207.55
2025-07-17T17:19:00.000000Z,173.05,173.12,172.84,172.86,10747.99
2025-07-17T17:20:00.000000Z,172.86,172.96,172.73,172.73,6647.08
2025-07-17T17:21:00.000000Z,172.73,172.79,172.56,172.59,13094.38
2025-07-17T17:22:00.000000Z,172.59,172.77,172.54,172.77,10162.81
2025-07-17T17:23:00.000000Z,172.77,172.98,172.74,172.75,7369.03
2025-07-17T17:24:00.000000Z,172.75,172.88,172.66,172.88,14326.6
2025-07-17T17:25:00.000000Z,172.88,172.94,172.76,172.84,4848.25
2025-07-17T17:26:00.000000Z,172.85,172.94,172.84,172.84,4930.43
2025-07-17T17:27:00.000000Z,172.84,172.9,172.67,172.87,13233.63
2025-07-17T17:28:00.000000Z,172.88,173.02,172.72,172.91,9981.91
2025-07-17T17:29:00.000000Z,172.91,173.02,172.87,172.9,8718.0
2025-07-17T17:30:00.000000Z,172.91,173.1,172.91,172.98,6895.93
2025-07-17T17:31:00.000000Z,172.97,173.0,172.8,172.93,6874.73
2025-07-17T17:32:00.000000Z,172.92,172.92,172.6,172.72,12994.98
2025-07-17T17:33:00.000000Z,172.72,172.87,172.68,172.86,4187.73
2025-07-17T17:34:00.000000Z,172.87,172.98,172.8,172.97,7725.11
2025-07-17T17:35:00.000000Z,172.98,173.15,172.88,172.9,12217.38
2025-07-17T17:36:00.000000Z,172.91,173.07,172.85,172.88,5069.45
2025-07-17T17:37:00.000000Z,172.88,172.94,172.71,172.81,6536.92
2025-07-17T17:38:00.000000Z,172.81,172.85,172.72,172.72,6754.64
2025-07-17T17:39:00.000000Z,172.72,172.72,172.38,172.38,13192.17
2025-07-17T17:40:00.000000Z,172.38,172.42,172.21,172.3,12394.52
2025-07-17T17:41:00.000000Z,172.31,172.62,172.31,172.6,8111.93
2025-07-17T17:42:00.000000Z,172.59,172.92,172.59,172.92,10795.36
2025-07-17T17:43:00.000000Z,172.93,173.0,172.89,172.94,7372.53
2025-07-17T17:44:00.000000Z,172.94,173.02,172.9,172.99,5798.73
2025-07-17T17:45:00.000000Z,172.98,172.98,172.77,172.79,5614.9
2025-07-17T17:46:00.000000Z,172.78,173.03,172.78,172.95,4201.7
2025-07-17T17:47:00.000000Z,172.95,173.28,172.95,173.2,10500.99
2025-07-17T17:48:00.000000Z,173.2,173.96,173.11,173.71,132189.45
2025-07-17T17:49:00.000000Z,173.71,173.79,173.62,173.7,28527.21
2025-07-17T17:50:00.000000Z,173.69,173.87,173.62,173.81,28154.54
2025-07-17T17:51:00.000000Z,173.81,173.87,173.64,173.81,26633.21
2025-07-17T17:52:00.000000Z,173.8,173.84,173.5,173.51,29274.13
2025-07-17T17:53:00.000000Z,173.5,173.71,173.36,173.62,30544.63
2025-07-17T17:54:00.000000Z,173.62,173.7,173.56,173.61,16909.79
2025-07-17T17:55:00.000000Z,173.62,173.8,173.62,173.8,7273.35
2025-07-17T17:56:00.000000Z,173.79,173.86,173.72,173.85,9038.01
2025-07-17T17:57:00.000000Z,173.85,173.87,173.76,173.84,7794.63
2025-07-17T17:58:00.000000Z,173.85,174.21,173.8,174.19,65560.41
2025-07-17T17:59:00.000000Z,174.19,174.37,174.17,174.17,45981.64
2025-07-17T18:00:00.000000Z,174.18,174.44,174.03,174.07,24389.09
2025-07-17T18:01:00.000000Z,174.08,174.22,174.02,174.1,25656.48
2025-07-17T18:02:00.000000Z,174.11,174.11,173.74,173.77,37803.52
2025-07-17T18:03:00.000000Z,173.77,174.06,173.73,174.05,20590.56
2025-07-17T18:04:00.000000Z,174.06,174.2,173.94,174.12,12423.01
2025-07-17T18:05:00.000000Z,174.12,174.12,173.92,173.95,16555.29
2025-07-17T18:06:00.000000Z,173.95,174.02,173.86,173.87,13716.13
2025-07-17T18:07:00.000000Z,173.86,173.95,173.83,173.93,5927.11
2025-07-17T18:08:00.000000Z,173.93,174.06,173.88,174.06,5557.65
2025-07-17T18:09:00.000000Z,174.05,174.08,173.95,173.97,5464.1
2025-07-17T18:10:00.000000Z,173.97,174.02,173.75,173.8,12517.77
2025-07-17T18:11:00.000000Z,173.8,173.8,173.61,173.62,18855.74
2025-07-17T18:12:00.000000Z,173.61,173.69,173.52,173.66,22663.33
2025-07-17T18:13:00.000000Z,173.65,173.69,173.56,173.69,4868.7
2025-07-17T18:14:00.000000Z,173.69,173.69,173.56,173.63,6843.97
2025-07-17T18:15:00.000000Z,173.62,173.69,173.53,173.64,9666.29
2025-07-17T18:16:00.000000Z,173.64,173.71,173.51,173.61,10716.94
2025-07-17T18:17:00.000000Z,173.61,173.71,173.6,173.61,5689.9
2025-07-17T18:18:00.000000Z,173.6,173.79,173.6,173.76,7442.5
2025-07-17T18:19:00.000000Z,173.76,173.98,173.76,173.91,28435.72
2025-07-17T18:20:00.000000Z,173.9,174.13,173.87,174.12,16943.59
2025-07-17T18:21:00.000000Z,174.12,174.26,174.08,174.18,24538.41
2025-07-17T18:22:00.000000Z,174.18,174.31,174.17,174.24,20679.02
2025-07-17T18:23:00.000000Z,174.25,174.26,174.09,174.1,13470.76
2025-07-17T18:24:00.000000Z,174.09,174.14,174.05,174.11,6987.61
2025-07-17T18:25:00.000000Z,174.1,174.1,173.91,173.92,7789.51
2025-07-17T18:26:00.000000Z,173.91,174.19,173.81,174.15,10051.16
2025-07-17T18:27:00.000000Z,174.15,174.22,174.13,174.16,6194.24
2025-07-17T18:28:00.000000Z,174.16,174.25,174.15,174.23,6172.95
2025-07-17T18:29:00.000000Z,174.23,174.36,174.22,174.31,13658.4
2025-07-17T18:30:00.000000Z,174.3,174.48,174.29,174.46,20262.05
2025-07-17T18:31:00.000000Z,174.46,174.54,174.4,174.47,26575.1
2025-07-17T18:32:00.000000Z,174.47,174.69,174.47,174.68,13825.52
2025-07-17T18:33:00.000000Z,174.67,174.69,174.59,174.68,11244.83
2025-07-17T18:34:00.000000Z,174.68,174.7,174.67,174.7,7171.6
2025-07-17T18:35:00.000000Z,174.7,174.72,174.53,174.57,14788.84
2025-07-17T18:36:00.000000Z,174.56,174.69,174.4,174.48,20240.43
2025-07-17T18:37:00.000000Z,174.49,174.61,174.44,174.54,15500.85
2025-07-17T18:38:00.000000Z,174.54,174.72,174.54,174.72,6088.15
2025-07-17T18:39:00.000000Z,174.72,174.72,174.5,174.51,10196.86
2025-07-17T18:40:00.000000Z,174.51,174.51,174.27,174.42,13848.65
2025-07-17T18:41:00.000000Z,174.41,174.49,174.35,174.45,16524.56
2025-07-17T18:42:00.000000Z,174.45,174.45,174.15,174.18,29961.01
2025-07-17T18:43:00.000000Z,174.19,174.21,174.04,174.16,19152.16
2025-07-17T18:44:00.000000Z,174.16,174.16,173.79,173.97,49908.46
2025-07-17T18:45:00.000000Z,173.98,174.07,173.89,173.92,19643.26
2025-07-17T18:46:00.000000Z,173.91,174.02,173.85,173.95,10126.53
2025-07-17T18:47:00.000000Z,173.94,174.07,173.94,174.0,17337.84
2025-07-17T18:48:00.000000Z,174.0,174.1,173.91,174.1,7729.1
2025-07-17T18:49:00.000000Z,174.1,174.18,174.08,174.17,7419.09
2025-07-17T18:50:00.000000Z,174.18,174.38,174.18,174.34,7875.37
2025-07-17T18:51:00.000000Z,174.34,174.37,174.22,174.25,12062.12
2025-07-17T18:52:00.000000Z,174.25,174.58,174.25,174.56,20262.0
2025-07-17T18:53:00.000000Z,174.56,174.66,174.47,174.66,24456.87
2025-07-17T18:54:00.000000Z,174.66,174.67,174.58,174.63,12815.75
2025-07-17T18:55:00.000000Z,174.63,174.75,174.48,174.66,42109.56
2025-07-17T18:56:00.000000Z,174.66,174.66,174.42,174.47,56418.39
2025-07-17T18:57:00.000000Z,174.48,174.69,174.47,174.66,4283.4
2025-07-17T18:58:00.000000Z,174.65,174.73,174.64,174.7,10197.25
2025-07-17T18:59:00.000000Z,174.69,174.75,174.64,174.73,10597.54
2025-07-17T19:00:00.000000Z,174.73,174.79,174.71,174.76,9556.73
2025-07-17T19:01:00.000000Z,174.77,174.83,174.74,174.77,7542.48
2025-07-17T19:02:00.000000Z,174.77,174.84,174.75,174.81,10771.14
2025-07-17T19:03:00.000000Z,174.81,174.86,174.8,174.86,13736.9
2025-07-17T19:04:00.000000Z,174.86,174.99,174.85,174.98,19438.95
2025-07-17T19:05:00.000000Z,174.98,175.0,174.92,174.96,16573.9
2025-07-17T19:06:00.000000Z,174.95,175.04,174.91,174.96,19980.03
2025-07-17T19:07:00.000000Z,174.96,175.04,174.96,175.02,6955.31
2025-07-17T19:08:00.000000Z,175.03,175.05,174.96,175.05,9855.43
2025-07-17T19:09:00.000000Z,175.05,175.12,175.04,175.08,9493.24
2025-07-17T19:10:00.000000Z,175.08,175.09,174.96,174.99,6810.69
2025-07-17T19:11:00.000000Z,174.99,175.0,174.91,174.99,5919.9
2025-07-17T19:12:00.000000Z,174.99,175.1,174.98,175.1,8449.51
2025-07-17T19:13:00.000000Z,175.09,175.1,175.02,175.02,3790.52
2025-07-17T19:14:00.000000Z,175.02,175.05,174.98,175.02,7394.2
2025-07-17T19:15:00.000000Z,175.02,175.02,174.88,175.01,8789.87
2025-07-17T19:16:00.000000Z,175.01,175.18,175.0,175.16,9971.68
2025-07-17T19:17:00.000000Z,175.15,175.24,175.1,175.22,13390.02
2025-07-17T19:18:00.000000Z,175.22,175.24,175.15,175.15,15749.9
2025-07-17T19:19:00.000000Z,175.16,175.36,175.1,175.32,15690.78
2025-07-17T19:20:00.000000Z,175.32,175.32,175.14,175.15,9113.9
2025-07-17T19:21:00.000000Z,175.15,175.17,175.12,175.12,5842.13
2025-07-17T19:22:00.000000Z,175.13,175.19,175.04,175.12,13534.71
2025-07-17T19:23:00.000000Z,175.13,175.17,175.02,175.02,9707.18
2025-07-17T19:24:00.000000Z,175.02,175.18,175.0,175.12,4291.17
2025-07-17T19:25:00.000000Z,175.12,175.12,174.83,174.91,17243.44
2025-07-17T19:26:00.000000Z,174.92,175.1,174.92,175.03,7594.4
2025-07-17T19:27:00.000000Z,175.03,175.18,174.97,175.16,9100.4
2025-07-17T19:28:00.000000Z,175.16,175.19,175.07,175.11,7345.72
2025-07-17T19:29:00.000000Z,175.12,175.13,175.02,175.12,7240.14
2025-07-17T19:30:00.000000Z,175.12,175.12,174.85,174.86,8504.48
2025-07-17T19:31:00.000000Z,174.86,175.15,174.85,175.12,7320.85
2025-07-17T19:32:00.000000Z,175.11,175.17,175.07,175.12,6394.84
2025-07-17T19:33:00.000000Z,175.12,175.26,175.02,175.25,15262.65
2025-07-17T19:34:00.000000Z,175.26,175.3,175.15,175.2,21707.09
2025-07-17T19:35:00.000000Z,175.2,175.35,175.17,175.2,6368.68
2025-07-17T19:36:00.000000Z,175.21,175.26,175.05,175.1,6508.89
2025-07-17T19:37:00.000000Z,175.11,175.17,174.95,174.95,7419.58
2025-07-17T19:38:00.000000Z,174.95,174.96,174.45,174.77,71086.4
2025-07-17T19:39:00.000000Z,174.78,174.84,174.63,174.7,12448.92
2025-07-17T19:40:00.000000Z,174.7,174.81,174.61,174.78,9522.96
2025-07-17T19:41:00.000000Z,174.78,174.97,174.77,174.95,10726.49
2025-07-17T19:42:00.000000Z,174.95,175.0,174.77,174.8,11397.09
2025-07-17T19:43:00.000000Z,174.79,174.8,174.72,174.72,7378.05
2025-07-17T19:44:00.000000Z,174.73,174.73,174.58,174.67,15146.59
2025-07-17T19:45:00.000000Z,174.67,174.68,174.17,174.26,56189.73
2025-07-17T19:46:00.000000Z,174.27,174.32,173.95,174.27,47157.04
2025-07-17T19:47:00.000000Z,174.27,174.27,174.09,174.15,16001.79
2025-07-17T19:48:00.000000Z,174.15,174.15,173.9,174.01,19635.66
2025-07-17T19:49:00.000000Z,174.01,174.35,174.01,174.31,15542.02
2025-07-17T19:50:00.000000Z,174.31,174.31,174.06,174.21,10989.96
2025-07-17T19:51:00.000000Z,174.2,174.26,174.15,174.18,8360.0
2025-07-17T19:52:00.000000Z,174.18,174.28,174.03,174.08,11021.12
2025-07-17T19:53:00.000000Z,174.07,174.23,174.05,174.15,7063.58
2025-07-17T19:54:00.000000Z,174.16,174.16,173.88,173.89,29389.71
2025-07-17T19:55:00.000000Z,173.88,173.95,173.33,173.38,65088.91
2025-07-17T19:56:00.000000Z,173.37,173.41,173.03,173.13,71624.48
2025-07-17T19:57:00.000000Z,173.13,173.35,172.79,173.23,80435.38
2025-07-17T19:58:00.000000Z,173.23,173.27,172.95,173.15,27193.35
2025-07-17T19:59:00.000000Z,173.14,173.14,172.75,173.0,62517.63
2025-07-17T20:00:00.000000Z,173.01,173.27,172.86,173.07,33812.42
2025-07-17T20:01:00.000000Z,173.07,173.07,172.63,172.65,43649.58
2025-07-17T20:02:00.000000Z,172.65,172.74,172.44,172.62,48901.23
2025-07-17T20:03:00.000000Z,172.63,172.79,172.48,172.53,17232.32
2025-07-17T20:04:00.000000Z,172.53,172.59,172.25,172.37,35406.59
2025-07-17T20:05:00.000000Z,172.37,172.37,171.52,171.7,105005.5
2025-07-17T20:06:00.000000Z,171.7,172.01,171.69,171.8,33065.16
2025-07-17T20:07:00.000000Z,171.81,172.15,171.71,171.99,39708.27
2025-07-17T20:08:00.000000Z,171.99,172.0,171.41,171.45,50379.73
2025-07-17T20:09:00.000000Z,171.45,171.64,171.33,171.43,37667.36
2025-07-17T20:10:00.000000Z,171.43,172.09,171.28,172.09,44675.04
2025-07-17T20:11:00.000000Z,172.08,172.1,171.92,172.1,21869.17
2025-07-17T20:12:00.000000Z,172.1,172.3,172.05,172.13,23235.09
2025-07-17T20:13:00.000000Z,172.12,172.4,172.1,172.37,25290.7
2025-07-17T20:14:00.000000Z,172.36,172.5,172.32,172.33,17814.1
2025-07-17T20:15:00.000000Z,172.32,172.46,172.23,172.46,12925.7
2025-07-17T20:16:00.000000Z,172.45,172.65,172.31,172.33,22168.77
2025-07-17T20:17:00.000000Z,172.33,172.52,172.22,172.51,16532.79
2025-07-17T20:18:00.000000Z,172.51,172.57,172.43,172.52,14128.97
2025-07-17T20:19:00.000000Z,172.52,172.59,172.31,172.53,13401.66
2025-07-17T20:20:00.000000Z,172.52,172.54,171.73,171.77,27647.49
2025-07-17T20:21:00.000000Z,171.77,172.32,171.54,172.24,33288.42
2025-07-17T20:22:00.000000Z,172.23,172.23,171.83,171.83,10133.62
2025-07-17T20:23:00.000000Z,171.84,172.2,171.84,172.13,7835.36
2025-07-17T20:24:00.000000Z,172.13,172.45,172.01,172.44,17111.84
2025-07-17T20:25:00.000000Z,172.45,172.95,172.41,172.94,21848.54
2025-07-17T20:26:00.000000Z,172.94,173.0,172.78,172.86,17453.48
2025-07-17T20:27:00.000000Z,172.86,172.93,172.72,172.8,15281.45
2025-07-17T20:28:00.000000Z,172.8,172.91,172.54,172.54,13051.57
2025-07-17T20:29:00.000000Z,172.54,172.73,172.46,172.66,11371.3
2025-07-17T20:30:00.000000Z,172.66,173.04,172.58,172.98,24726.63
2025-07-17T20:31:00.000000Z,172.97,173.15,172.97,173.14,16738.47
2025-07-17T20:32:00.000000Z,173.15,173.3,173.13,173.22,19283.85
2025-07-17T20:33:00.000000Z,173.21,173.41,173.21,173.3,24546.34
2025-07-17T20:34:00.000000Z,173.3,173.37,172.92,172.92,17552.58
2025-07-17T20:35:00.000000Z,172.92,173.1,172.81,173.05,12629.33
2025-07-17T20:36:00.000000Z,173.05,173.17,172.97,173.12,9031.83
2025-07-17T20:37:00.000000Z,173.12,173.22,173.06,173.16,9054.53
2025-07-17T20:38:00.000000Z,173.17,173.51,173.16,173.44,11704.16
2025-07-17T20:39:00.000000Z,173.44,173.52,173.39,173.52,11079.23
2025-07-17T20:40:00.000000Z,173.52,173.59,173.43,173.44,7469.03
2025-07-17T20:41:00.000000Z,173.43,173.44,173.28,173.44,6093.49
2025-07-17T20:42:00.000000Z,173.44,173.54,173.35,173.4,6699.54
2025-07-17T20:43:00.000000Z,173.39,173.52,173.38,173.49,9667.74
2025-07-17T20:44:00.000000Z,173.48,173.48,173.18,173.18,13766.78
2025-07-17T20:45:00.000000Z,173.19,173.36,173.08,173.29,13527.7
2025-07-17T20:46:00.000000Z,173.29,173.36,173.19,173.28,10968.81
2025-07-17T20:47:00.000000Z,173.27,173.44,173.23,173.44,5154.24
2025-07-17T20:48:00.000000Z,173.44,173.55,173.37,173.52,11414.18
2025-07-17T20:49:00.000000Z,173.52,173.65,173.37,173.37,29056.49
2025-07-17T20:50:00.000000Z,173.37,173.37,173.05,173.17,16628.4
2025-07-17T20:51:00.000000Z,173.16,173.37,173.16,173.33,9628.34
2025-07-17T20:52:00.000000Z,173.33,173.41,173.23,173.36,8364.1
2025-07-17T20:53:00.000000Z,173.36,173.36,173.22,173.33,3427.67
2025-07-17T20:54:00.000000Z,173.33,173.45,173.21,173.43,5324.98
2025-07-17T20:55:00.000000Z,173.42,173.42,173.19,173.26,9820.51
2025-07-17T20:56:00.000000Z,173.25,173.3,172.84,172.9,22083.04
2025-07-17T20:57:00.000000Z,172.89,173.07,172.87,172.92,8776.86
2025-07-17T20:58:00.000000Z,172.92,173.18,172.92,173.13,6811.93
2025-07-17T20:59:00.000000Z,173.13,173.44,173.03,173.42,19754.81
2025-07-17T21:00:00.000000Z,173.43,173.85,173.4,173.64,34863.86
2025-07-17T21:01:00.000000Z,173.63,174.06,173.6,174.0,54030.1
2025-07-17T21:02:00.000000Z,174.0,174.07,173.89,174.03,12411.54
2025-07-17T21:03:00.000000Z,174.03,174.26,174.03,174.16,31140.51
2025-07-17T21:04:00.000000Z,174.15,174.45,174.15,174.44,29269.19
2025-07-17T21:05:00.000000Z,174.45,174.73,174.44,174.57,32126.16
2025-07-17T21:06:00.000000Z,174.56,175.0,174.56,174.94,37463.54
2025-07-17T21:07:00.000000Z,174.94,175.15,174.78,174.89,67663.81
2025-07-17T21:08:00.000000Z,174.88,175.1,174.88,175.01,27132.33
2025-07-17T21:09:00.000000Z,175.02,175.11,174.6,174.63,35064.04
2025-07-17T21:10:00.000000Z,174.64,175.2,174.6,175.03,43145.6
2025-07-17T21:11:00.000000Z,175.02,175.35,174.99,175.2,54264.84
2025-07-17T21:12:00.000000Z,175.2,175.21,174.67,174.88,29760.05
2025-07-17T21:13:00.000000Z,174.87,175.1,174.82,175.07,20457.19
2025-07-17T21:14:00.000000Z,175.07,175.6,175.07,175.56,66282.27
2025-07-17T21:15:00.000000Z,175.56,176.07,175.54,175.97,92990.7
2025-07-17T21:16:00.000000Z,175.98,176.07,175.85,175.9,30244.58
2025-07-17T21:17:00.000000Z,175.9,176.14,175.42,175.57,54679.34
2025-07-17T21:18:00.000000Z,175.57,176.13,175.47,176.08,54103.42
2025-07-17T21:19:00.000000Z,176.08,176.11,175.94,176.08,28788.31
2025-07-17T21:20:00.000000Z,176.08,176.27,175.99,176.17,68650.03
2025-07-17T21:21:00.000000Z,176.18,176.23,176.03,176.12,40499.33
2025-07-17T21:22:00.000000Z,176.12,176.28,176.05,176.27,21911.15
2025-07-17T21:23:00.000000Z,176.28,176.49,176.22,176.36,32701.56
2025-07-17T21:24:00.000000Z,176.37,176.49,176.06,176.18,38111.21
2025-07-17T21:25:00.000000Z,176.18,176.2,175.41,175.55,46355.59
2025-07-17T21:26:00.000000Z,175.56,176.01,175.49,175.5,31995.22
2025-07-17T21:27:00.000000Z,175.5,175.75,175.47,175.52,31994.34
2025-07-17T21:28:00.000000Z,175.52,175.63,175.27,175.51,35310.98
2025-07-17T21:29:00.000000Z,175.5,175.98,175.47,175.94,18444.33
2025-07-17T21:30:00.000000Z,175.95,176.38,175.87,175.95,63715.97
2025-07-17T21:31:00.000000Z,175.95,175.98,175.47,175.49,21382.69
2025-07-17T21:32:00.000000Z,175.5,175.63,175.3,175.46,24018.25
2025-07-17T21:33:00.000000Z,175.47,175.61,175.37,175.44,13177.59
2025-07-17T21:34:00.000000Z,175.44,175.5,175.35,175.41,13610.99
2025-07-17T21:35:00.000000Z,175.4,175.4,174.06,174.07,86911.87
2025-07-17T21:36:00.000000Z,174.06,174.77,174.05,174.26,40150.03
2025-07-17T21:37:00.000000Z,174.26,174.31,173.51,173.93,77172.58
2025-07-17T21:38:00.000000Z,173.94,175.38,173.93,174.9,109571.31
2025-07-17T21:39:00.000000Z,174.91,174.91,174.51,174.8,20619.68
2025-07-17T21:40:00.000000Z,174.81,175.13,174.65,175.13,13024.17
2025-07-17T21:41:00.000000Z,175.12,175.36,175.12,175.24,13321.68
2025-07-17T21:42:00.000000Z,175.24,175.33,175.17,175.29,8826.77
2025-07-17T21:43:00.000000Z,175.29,175.3,175.07,175.24,11604.48
2025-07-17T21:44:00.000000Z,175.24,175.71,175.24,175.69,18886.09
2025-07-17T21:45:00.000000Z,175.69,176.3,175.69,176.29,28365.95
2025-07-17T21:46:00.000000Z,176.29,176.32,175.5,175.5,38136.22
2025-07-17T21:47:00.000000Z,175.5,175.65,175.36,175.56,19351.56
2025-07-17T21:48:00.000000Z,175.56,175.98,175.53,175.93,9031.94
2025-07-17T21:49:00.000000Z,175.93,175.94,175.59,175.71,15291.83
2025-07-17T21:50:00.000000Z,175.72,175.79,175.36,175.44,19569.82
2025-07-17T21:51:00.000000Z,175.44,175.72,175.4,175.72,9446.6
2025-07-17T21:52:00.000000Z,175.72,175.79,175.5,175.59,28386.76
2025-07-17T21:53:00.000000Z,175.59,175.84,175.59,175.79,6579.39
2025-07-17T21:54:00.000000Z,175.78,175.83,175.62,175.79,12099.84
2025-07-17T21:55:00.000000Z,175.8,176.24,175.79,176.1,38620.72
2025-07-17T21:56:00.000000Z,176.1,176.1,175.85,175.93,9290.86
2025-07-17T21:57:00.000000Z,175.92,175.94,175.63,175.71,10280.95
2025-07-17T21:58:00.000000Z,175.71,175.77,175.21,175.57,44462.98
2025-07-17T21:59:00.000000Z,175.57,175.71,175.44,175.45,33830.13
2025-07-17T22:00:00.000000Z,175.46,175.58,175.24,175.25,21018.84
2025-07-17T22:01:00.000000Z,175.25,175.84,175.25,175.82,14653.78
2025-07-17T22:02:00.000000Z,175.82,176.12,175.74,176.07,29643.31
2025-07-17T22:03:00.000000Z,176.08,176.19,175.98,176.12,18456.68
2025-07-17T22:04:00.000000Z,176.12,176.15,175.97,175.97,9121.43
2025-07-17T22:05:00.000000Z,175.98,175.98,175.54,175.59,18808.54
2025-07-17T22:06:00.000000Z,175.59,175.64,175.43,175.54,13659.71
2025-07-17T22:07:00.000000Z,175.54,175.93,175.53,175.91,14935.37
2025-07-17T22:08:00.000000Z,175.91,176.0,175.79,175.98,14154.69
2025-07-17T22:09:00.000000Z,175.97,176.42,175.97,176.38,36343.1
2025-07-17T22:10:00.000000Z,176.38,176.39,176.23,176.29,18226.93
2025-07-17T22:11:00.000000Z,176.29,176.42,176.16,176.4,20023.42
2025-07-17T22:12:00.000000Z,176.41,176.7,176.41,176.62,29424.34
2025-07-17T22:13:00.000000Z,176.61,177.1,176.59,177.06,54664.34
2025-07-17T22:14:00.000000Z,177.06,177.09,176.89,176.89,23610.97
2025-07-17T22:15:00.000000Z,176.89,176.99,176.85,176.88,11836.43
2025-07-17T22:16:00.000000Z,176.88,176.96,176.66,176.95,25757.43
2025-07-17T22:17:00.000000Z,176.95,177.4,176.95,177.15,42157.65
2025-07-17T22:18:00.000000Z,177.15,177.19,176.64,176.69,46204.21
2025-07-17T22:19:00.000000Z,176.7,176.88,176.64,176.8,19035.57
2025-07-17T22:20:00.000000Z,176.8,176.8,176.24,176.24,27101.48
2025-07-17T22:21:00.000000Z,176.23,176.35,176.08,176.08,18437.35
2025-07-17T22:22:00.000000Z,176.08,176.32,176.03,176.24,14631.81
2025-07-17T22:23:00.000000Z,176.24,176.32,176.08,176.08,13809.1
2025-07-17T22:24:00.000000Z,176.08,176.19,175.88,175.94,15205.1
2025-07-17T22:25:00.000000Z,175.94,176.21,175.94,175.97,18676.04
2025-07-17T22:26:00.000000Z,175.96,176.15,175.81,175.93,17113.45
2025-07-17T22:27:00.000000Z,175.93,175.97,175.75,175.87,13215.25
2025-07-17T22:28:00.000000Z,175.87,175.92,175.69,175.72,17446.19
2025-07-17T22:29:00.000000Z,175.71,175.85,175.7,175.78,9122.41
2025-07-17T22:30:00.000000Z,175.77,175.97,175.72,175.73,28119.2
2025-07-17T22:31:00.000000Z,175.74,175.92,175.67,175.91,20956.38
2025-07-17T22:32:00.000000Z,175.9,176.04,175.76,175.88,20494.16
2025-07-17T22:33:00.000000Z,175.88,175.97,175.72,175.92,12705.09
2025-07-17T22:34:00.000000Z,175.93,176.18,175.92,175.96,29198.67
2025-07-17T22:35:00.000000Z,175.96,176.01,175.81,175.97,17910.54
2025-07-17T22:36:00.000000Z,175.97,176.03,175.76,175.78,12333.06
2025-07-17T22:37:00.000000Z,175.77,175.98,175.77,175.98,6227.62
2025-07-17T22:38:00.000000Z,175.98,176.11,175.92,176.07,15896.89
2025-07-17T22:39:00.000000Z,176.07,176.07,175.88,175.91,6545.64
2025-07-17T22:40:00.000000Z,175.91,176.0,175.76,175.9,6088.77
2025-07-17T22:41:00.000000Z,175.91,175.93,175.8,175.88,4980.29
2025-07-17T22:42:00.000000Z,175.88,175.93,175.8,175.8,5093.9
2025-07-17T22:43:00.000000Z,175.81,175.91,175.74,175.86,7182.41
2025-07-17T22:44:00.000000Z,175.86,175.99,175.77,175.78,12592.98
2025-07-17T22:45:00.000000Z,175.78,176.42,175.78,176.42,28576.37
2025-07-17T22:46:00.000000Z,176.43,176.54,176.28,176.38,23954.77
2025-07-17T22:47:00.000000Z,176.38,176.47,176.22,176.29,25647.62
2025-07-17T22:48:00.000000Z,176.3,176.35,176.13,176.14,12773.74
2025-07-17T22:49:00.000000Z,176.14,176.17,176.01,176.13,24591.07
2025-07-17T22:50:00.000000Z,176.14,176.17,175.74,175.78,15151.96
2025-07-17T22:51:00.000000Z,175.77,175.97,175.58,175.62,19269.03
2025-07-17T22:52:00.000000Z,175.62,175.65,175.5,175.62,13027.73
2025-07-17T22:53:00.000000Z,175.62,175.62,174.85,174.95,75713.17
2025-07-17T22:54:00.000000Z,174.95,175.25,174.83,175.16,24742.46
2025-07-17T22:55:00.000000Z,175.16,175.27,174.97,175.27,17493.76
2025-07-17T22:56:00.000000Z,175.28,175.38,175.14,175.37,9442.2
2025-07-17T22:57:00.000000Z,175.38,175.38,175.21,175.24,5838.8
2025-07-17T22:58:00.000000Z,175.24,175.48,175.24,175.41,4953.61
2025-07-17T22:59:00.000000Z,175.42,175.46,175.38,175.44,4856.67
2025-07-17T23:00:00.000000Z,175.43,175.5,175.34,175.41,12487.43
2025-07-17T23:01:00.000000Z,175.41,175.72,175.41,175.57,7793.58
2025-07-17T23:02:00.000000Z,175.57,175.76,175.57,175.75,5148.96
2025-07-17T23:03:00.000000Z,175.76,175.76,175.65,175.69,4032.74
2025-07-17T23:04:00.000000Z,175.7,175.84,175.69,175.73,11953.12
2025-07-17T23:05:00.000000Z,175.74,175.75,175.2,175.23,13622.71
2025-07-17T23:06:00.000000Z,175.23,175.51,175.16,175.33,10542.7
2025-07-17T23:07:00.000000Z,175.33,175.93,175.33,175.92,13710.71
2025-07-17T23:08:00.000000Z,175.91,175.91,175.66,175.73,15954.91
2025-07-17T23:09:00.000000Z,175.73,175.89,175.57,175.57,9825.97
2025-07-17T23:10:00.000000Z,175.57,175.78,175.46,175.6,13503.85
2025-07-17T23:11:00.000000Z,175.61,175.65,175.51,175.55,6239.72
2025-07-17T23:12:00.000000Z,175.55,175.79,175.55,175.7,14222.1
2025-07-17T23:13:00.000000Z,175.7,175.71,175.46,175.69,9609.17
2025-07-17T23:14:00.000000Z,175.69,175.77,175.57,175.57,9619.52
2025-07-17T23:15:00.000000Z,175.57,176.36,175.57,176.27,45054.31
2025-07-17T23:16:00.000000Z,176.26,176.49,176.08,176.22,37169.93
2025-07-17T23:17:00.000000Z,176.21,176.25,175.78,175.95,19720.52
2025-07-17T23:18:00.000000Z,175.95,176.24,175.87,176.23,12455.45
2025-07-17T23:19:00.000000Z,176.24,176.28,175.94,175.98,12184.7
2025-07-17T23:20:00.000000Z,175.98,176.33,175.98,176.28,18912.58
2025-07-17T23:21:00.000000Z,176.28,176.57,176.27,176.48,21758.3
2025-07-17T23:22:00.000000Z,176.48,176.66,176.4,176.51,18671.18
2025-07-17T23:23:00.000000Z,176.52,176.69,176.46,176.69,15579.68
2025-07-17T23:24:00.000000Z,176.69,176.85,176.44,176.84,21071.38
2025-07-17T23:25:00.000000Z,176.83,176.83,176.45,176.49,11718.08
2025-07-17T23:26:00.000000Z,176.49,176.63,176.47,176.63,12845.22
2025-07-17T23:27:00.000000Z,176.63,176.69,176.57,176.68,5953.87
2025-07-17T23:28:00.000000Z,176.69,176.83,176.58,176.82,12820.09
2025-07-17T23:29:00.000000Z,176.83,176.86,176.74,176.81,14068.93
2025-07-17T23:30:00.000000Z,176.81,176.81,176.43,176.43,15408.7
2025-07-17T23:31:00.000000Z,176.43,176.57,176.37,176.41,7724.72
2025-07-17T23:32:00.000000Z,176.42,176.42,176.05,176.1,22368.72
2025-07-17T23:33:00.000000Z,176.1,176.19,175.91,175.95,12956.6
2025-07-17T23:34:00.000000Z,175.95,176.09,175.69,175.81,21636.55
2025-07-17T23:35:00.000000Z,175.81,176.15,175.79,176.07,12613.65
2025-07-17T23:36:00.000000Z,176.08,176.08,175.83,175.92,6857.33
2025-07-17T23:37:00.000000Z,175.93,176.08,175.93,175.96,10142.53
2025-07-17T23:38:00.000000Z,175.96,175.96,175.73,175.94,12922.72
2025-07-17T23:39:00.000000Z,175.93,175.94,175.76,175.85,6917.69
2025-07-17T23:40:00.000000Z,175.86,175.98,175.79,175.95,15612.08
2025-07-17T23:41:00.000000Z,175.95,176.19,175.94,176.06,20060.57
2025-07-17T23:42:00.000000Z,176.06,176.29,175.98,176.29,52736.64
2025-07-17T23:43:00.000000Z,176.29,176.5,176.25,176.37,17817.05
2025-07-17T23:44:00.000000Z,176.37,176.47,176.05,176.12,12779.64
2025-07-17T23:45:00.000000Z,176.11,176.18,176.03,176.16,4687.5
2025-07-17T23:46:00.000000Z,176.17,176.38,176.17,176.38,8898.05
2025-07-17T23:47:00.000000Z,176.38,176.46,176.17,176.18,8056.8
2025-07-17T23:48:00.000000Z,176.18,176.32,175.77,175.97,45052.17
2025-07-17T23:49:00.000000Z,175.96,176.04,175.7,175.81,11683.65
2025-07-17T23:50:00.000000Z,175.82,175.82,175.51,175.79,19018.76
2025-07-17T23:51:00.000000Z,175.79,175.83,175.68,175.71,8719.65
2025-07-17T23:52:00.000000Z,175.71,175.8,175.56,175.62,12873.02
2025-07-17T23:53:00.000000Z,175.62,175.76,175.6,175.76,6728.19
2025-07-17T23:54:00.000000Z,175.76,175.79,175.6,175.63,11303.43
2025-07-17T23:55:00.000000Z,175.63,175.69,175.6,175.61,13239.3
2025-07-17T23:56:00.000000Z,175.6,175.66,175.44,175.56,22492.54
2025-07-17T23:57:00.000000Z,175.55,175.73,175.55,175.71,5153.72
2025-07-17T23:58:00.000000Z,175.71,175.75,175.55,175.71,7556.01
2025-07-17T23:59:00.000000Z,175.7,175.82,175.64,175.82,12778.43
2025-07-18T00:00:00.000000Z,175.81,175.93,175.73,175.86,13931.06
2025-07-18T00:01:00.000000Z,175.86,175.92,175.64,175.75,11343.61
2025-07-18T00:02:00.000000Z,175.75,175.88,175.7,175.79,19031.06
2025-07-18T00:03:00.000000Z,175.8,176.22,175.8,176.22,18553.4
2025-07-18T00:04:00.000000Z,176.22,176.82,176.2,176.81,27632.14
2025-07-18T00:05:00.000000Z,176.81,176.85,176.45,176.5,46517.69
2025-07-18T00:06:00.000000Z,176.5,176.5,175.96,176.04,55639.23
2025-07-18T00:07:00.000000Z,176.04,176.15,175.88,175.89,13931.84
2025-07-18T00:08:00.000000Z,175.89,175.97,175.81,175.83,9798.61
2025-07-18T00:09:00.000000Z,175.82,176.06,175.8,175.91,8831.84
2025-07-18T00:10:00.000000Z,175.92,175.96,175.56,175.57,24802.67
2025-07-18T00:11:00.000000Z,175.58,175.67,175.43,175.43,25931.87
2025-07-18T00:12:00.000000Z,175.43,175.44,175.22,175.35,30312.21
2025-07-18T00:13:00.000000Z,175.34,175.62,175.22,175.48,14029.97
2025-07-18T00:14:00.000000Z,175.47,175.65,175.43,175.54,20081.33
2025-07-18T00:15:00.000000Z,175.55,175.84,175.53,175.79,13944.87
2025-07-18T00:16:00.000000Z,175.8,176.07,175.73,175.73,16569.03
2025-07-18T00:17:00.000000Z,175.73,175.8,175.62,175.62,10483.98
2025-07-18T00:18:00.000000Z,175.62,175.8,175.61,175.61,4867.42
2025-07-18T00:19:00.000000Z,175.6,175.82,175.56,175.82,5129.46
2025-07-18T00:20:00.000000Z,175.82,176.01,175.75,176.01,10036.11
2025-07-18T00:21:00.000000Z,176.02,176.45,176.02,176.45,14219.04
2025-07-18T00:22:00.000000Z,176.45,177.11,176.38,177.04,48079.17
2025-07-18T00:23:00.000000Z,177.04,177.04,176.78,176.87,30320.36
2025-07-18T00:24:00.000000Z,176.86,176.96,176.69,176.73,41500.31
2025-07-18T00:25:00.000000Z,176.72,176.97,176.64,176.76,22704.57
2025-07-18T00:26:00.000000Z,176.76,176.92,176.68,176.9,14747.19
2025-07-18T00:27:00.000000Z,176.9,177.66,176.9,177.62,75470.92
2025-07-18T00:28:00.000000Z,177.62,177.8,177.61,177.77,40093.18
2025-07-18T00:29:00.000000Z,177.76,177.81,177.51,177.52,27413.4
2025-07-18T00:30:00.000000Z,177.53,177.85,177.49,177.79,27474.44
2025-07-18T00:31:00.000000Z,177.79,177.79,177.53,177.68,20525.61
2025-07-18T00:32:00.000000Z,177.69,177.8,177.29,177.65,31337.71
2025-07-18T00:33:00.000000Z,177.65,178.47,177.62,178.33,119485.07
2025-07-18T00:34:00.000000Z,178.32,178.32,177.83,177.91,31745.19
2025-07-18T00:35:00.000000Z,177.92,178.69,177.92,178.57,51791.79
2025-07-18T00:36:00.000000Z,178.56,178.76,178.38,178.45,34564.55
2025-07-18T00:37:00.000000Z,178.46,178.63,178.13,178.14,17901.33
2025-07-18T00:38:00.000000Z,178.13,178.84,178.13,178.79,68624.64
2025-07-18T00:39:00.000000Z,178.79,178.79,178.58,178.6,42030.85
2025-07-18T00:40:00.000000Z,178.59,178.86,178.58,178.74,31544.67
2025-07-18T00:41:00.000000Z,178.73,179.09,178.73,179.01,47975.38
2025-07-18T00:42:00.000000Z,179.01,179.13,178.99,179.01,28708.36
2025-07-18T00:43:00.000000Z,179.01,179.06,178.97,179.01,22387.43
2025-07-18T00:44:00.000000Z,179.01,179.26,178.9,179.25,36319.18
2025-07-18T00:45:00.000000Z,179.26,179.29,178.92,179.29,47594.26
2025-07-18T00:46:00.000000Z,179.28,179.52,179.11,179.27,61687.39
2025-07-18T00:47:00.000000Z,179.27,179.33,179.09,179.3,26177.14
2025-07-18T00:48:00.000000Z,179.31,179.35,179.17,179.27,32794.53
2025-07-18T00:49:00.000000Z,179.27,179.31,179.11,179.11,20633.98
2025-07-18T00:50:00.000000Z,179.12,179.22,178.85,179.15,43325.8
2025-07-18T00:51:00.000000Z,179.16,179.31,179.04,179.15,20633.09
2025-07-18T00:52:00.000000Z,179.15,179.44,179.07,179.33,24975.56
2025-07-18T00:53:00.000000Z,179.33,179.75,179.33,179.61,48172.31
2025-07-18T00:54:00.000000Z,179.61,179.76,179.5,179.55,32694.02
2025-07-18T00:55:00.000000Z,179.56,179.72,179.42,179.68,31100.54
2025-07-18T00:56:00.000000Z,179.67,179.74,179.51,179.71,26195.66
2025-07-18T00:57:00.000000Z,179.7,179.85,179.59,179.81,44001.39
2025-07-18T00:58:00.000000Z,179.82,179.88,179.76,179.82,24176.25
2025-07-18T00:59:00.000000Z,179.81,179.81,179.7,179.76,10801.01
2025-07-18T01:00:00.000000Z,179.77,179.84,179.63,179.69,33083.33
2025-07-18T01:01:00.000000Z,179.69,179.7,179.23,179.3,65719.83
2025-07-18T01:02:00.000000Z,179.31,179.5,179.19,179.22,25205.14
2025-07-18T01:03:00.000000Z,179.21,179.3,179.1,179.22,29061.5
2025-07-18T01:04:00.000000Z,179.22,179.33,178.88,179.06,36892.79
2025-07-18T01:05:00.000000Z,179.06,179.59,179.03,179.47,31581.2
2025-07-18T01:06:00.000000Z,179.47,179.59,179.41,179.48,26406.52
2025-07-18T01:07:00.000000Z,179.48,179.7,179.48,179.69,19281.84
2025-07-18T01:08:00.000000Z,179.69,179.9,179.68,179.88,26896.42
2025-07-18T01:09:00.000000Z,179.87,179.99,179.81,179.97,27302.82
2025-07-18T01:10:00.000000Z,179.97,180.34,179.96,180.13,129680.71
2025-07-18T01:11:00.000000Z,180.12,180.52,180.09,180.5,40538.23
2025-07-18T01:12:00.000000Z,180.49,181.0,180.49,180.82,83432.72
2025-07-18T01:13:00.000000Z,180.82,181.25,180.79,180.84,62762.05
2025-07-18T01:14:00.000000Z,180.84,181.19,180.83,181.1,45541.17
2025-07-18T01:15:00.000000Z,181.1,181.12,180.04,180.24,156672.92
2025-07-18T01:16:00.000000Z,180.24,180.37,180.03,180.37,48836.45
2025-07-18T01:17:00.000000Z,180.36,180.61,180.33,180.49,35691.73
2025-07-18T01:18:00.000000Z,180.48,180.75,180.43,180.66,23983.94
2025-07-18T01:19:00.000000Z,180.65,180.71,180.41,180.44,29365.2
2025-07-18T01:20:00.000000Z,180.44,180.71,180.39,180.44,25995.85
2025-07-18T01:21:00.000000Z,180.43,180.8,180.0,180.27,128771.42
2025-07-18T01:22:00.000000Z,180.26,180.28,179.82,179.99,60919.32
2025-07-18T01:23:00.000000Z,179.99,180.11,179.56,179.9,65794.51
2025-07-18T01:24:00.000000Z,179.9,179.99,179.55,179.96,40311.05
2025-07-18T01:25:00.000000Z,179.96,179.96,179.23,179.3,59910.09
2025-07-18T01:26:00.000000Z,179.3,179.93,179.15,179.92,47767.28
2025-07-18T01:27:00.000000Z,179.92,180.05,179.73,180.03,20398.75
2025-07-18T01:28:00.000000Z,180.03,180.24,179.95,180.09,16910.54
2025-07-18T01:29:00.000000Z,180.08,180.21,179.96,179.98,26854.4
2025-07-18T01:30:00.000000Z,179.97,179.98,179.42,179.78,33443.17
2025-07-18T01:31:00.000000Z,179.78,179.98,179.62,179.93,20220.44
2025-07-18T01:32:00.000000Z,179.94,180.05,179.75,179.84,20459.23
2025-07-18T01:33:00.000000Z,179.85,180.23,179.85,180.09,12779.57
2025-07-18T01:34:00.000000Z,180.08,180.44,180.08,180.17,20954.84
2025-07-18T01:35:00.000000Z,180.17,180.47,180.12,180.28,41875.5
2025-07-18T01:36:00.000000Z,180.28,180.34,180.0,180.0,15560.89
2025-07-18T01:37:00.000000Z,180.01,180.24,179.95,180.09,19043.02
2025-07-18T01:38:00.000000Z,180.08,180.13,180.0,180.06,8376.75
2025-07-18T01:39:00.000000Z,180.05,180.28,179.98,180.13,13439.45
2025-07-18T01:40:00.000000Z,180.12,180.36,180.12,180.24,27955.7
2025-07-18T01:41:00.000000Z,180.23,180.49,180.0,180.01,38421.91
2025-07-18T01:42:00.000000Z,180.02,180.09,179.92,180.05,16504.35
2025-07-18T01:43:00.000000Z,180.05,180.21,179.97,179.97,17447.59
2025-07-18T01:44:00.000000Z,179.97,179.98,179.37,179.53,38000.78
2025-07-18T01:45:00.000000Z,179.52,179.65,179.16,179.5,74294.53
2025-07-18T01:46:00.000000Z,179.49,179.86,179.34,179.8,34822.78
2025-07-18T01:47:00.000000Z,179.81,179.97,179.76,179.87,12076.16
2025-07-18T01:48:00.000000Z,179.88,179.88,179.68,179.74,10210.39
2025-07-18T01:49:00.000000Z,179.74,179.86,179.59,179.84,15214.79
2025-07-18T01:50:00.000000Z,179.85,179.87,179.7,179.73,16636.39
2025-07-18T01:51:00.000000Z,179.72,179.99,179.67,179.97,20738.29
2025-07-18T01:52:00.000000Z,179.96,180.14,179.95,180.12,14249.39
2025-07-18T01:53:00.000000Z,180.11,180.65,180.11,180.52,62825.77
2025-07-18T01:54:00.000000Z,180.52,180.85,180.52,180.76,38102.69
2025-07-18T01:55:00.000000Z,180.75,180.84,180.51,180.6,43348.99
2025-07-18T01:56:00.000000Z,180.6,180.63,180.34,180.56,30185.25
2025-07-18T01:57:00.000000Z,180.56,180.66,180.54,180.6,15864.01
2025-07-18T01:58:00.000000Z,180.61,180.89,180.46,180.82,27157.93
2025-07-18T01:59:00.000000Z,180.82,180.89,180.57,180.64,22398.59
2025-07-18T02:00:00.000000Z,180.64,180.67,180.11,180.12,24318.5
2025-07-18T02:01:00.000000Z,180.11,180.2,180.03,180.1,30722.47
2025-07-18T02:02:00.000000Z,180.1,180.11,179.83,179.83,27347.78
2025-07-18T02:03:00.000000Z,179.84,179.89,179.63,179.72,20936.48
2025-07-18T02:04:00.000000Z,179.72,179.72,179.21,179.59,39729.43
2025-07-18T02:05:00.000000Z,179.59,179.73,179.19,179.26,26819.93
2025-07-18T02:06:00.000000Z,179.26,179.29,178.88,179.0,47956.79
2025-07-18T02:07:00.000000Z,179.0,179.34,178.86,179.32,45928.74
2025-07-18T02:08:00.000000Z,179.33,179.54,179.08,179.49,18988.67
2025-07-18T02:09:00.000000Z,179.49,179.63,179.41,179.43,19222.88
2025-07-18T02:10:00.000000Z,179.43,179.59,179.33,179.56,21296.58
2025-07-18T02:11:00.000000Z,179.56,179.7,179.46,179.47,29624.52
2025-07-18T02:12:00.000000Z,179.46,179.53,179.27,179.47,11838.18
2025-07-18T02:13:00.000000Z,179.47,179.48,179.15,179.26,16591.83
2025-07-18T02:14:00.000000Z,179.27,179.4,179.21,179.25,15882.38
2025-07-18T02:15:00.000000Z,179.25,179.25,178.95,179.03,11323.35
2025-07-18T02:16:00.000000Z,179.04,179.1,178.9,178.92,22337.01
2025-07-18T02:17:00.000000Z,178.91,179.11,178.9,179.06,15933.99
2025-07-18T02:18:00.000000Z,179.06,179.25,178.94,179.2,15314.09
2025-07-18T02:19:00.000000Z,179.2,179.25,179.15,179.24,7894.34
2025-07-18T02:20:00.000000Z,179.25,179.25,179.02,179.03,12852.63
2025-07-18T02:21:00.000000Z,179.03,179.24,179.0,179.22,11621.43
2025-07-18T02:22:00.000000Z,179.21,179.27,179.1,179.26,6486.06
2025-07-18T02:23:00.000000Z,179.27,179.33,179.21,179.27,11959.58
2025-07-18T02:24:00.000000Z,179.27,179.43,179.26,179.36,12797.86
2025-07-18T02:25:00.000000Z,179.36,179.48,179.28,179.42,12571.39
2025-07-18T02:26:00.000000Z,179.42,179.67,179.41,179.56,13562.61
2025-07-18T02:27:00.000000Z,179.56,179.9,179.55,179.78,32322.89
2025-07-18T02:28:00.000000Z,179.78,179.85,179.71,179.71,20503.15
2025-07-18T02:29:00.000000Z,179.72,179.92,179.71,179.9,7974.32
2025-07-18T02:30:00.000000Z,179.89,179.9,179.59,179.61,16433.7
2025-07-18T02:31:00.000000Z,179.6,179.73,179.5,179.73,10438.23
2025-07-18T02:32:00.000000Z,179.72,179.83,179.69,179.82,23189.4
2025-07-18T02:33:00.000000Z,179.82,179.9,179.68,179.68,19257.1
2025-07-18T02:34:00.000000Z,179.68,179.77,179.55,179.77,8792.77
2025-07-18T02:35:00.000000Z,179.76,179.93,179.67,179.91,15042.13
2025-07-18T02:36:00.000000Z,179.9,179.99,179.85,179.88,12523.01
2025-07-18T02:37:00.000000Z,179.89,179.98,179.79,179.94,23771.93
2025-07-18T02:38:00.000000Z,179.94,180.0,179.7,179.86,17780.34
2025-07-18T02:39:00.000000Z,179.86,179.94,179.77,179.84,6982.93
2025-07-18T02:40:00.000000Z,179.84,179.97,179.52,179.56,13060.66
2025-07-18T02:41:00.000000Z,179.55,179.66,179.47,179.49,12025.64
2025-07-18T02:42:00.000000Z,179.49,179.51,179.22,179.27,32234.87
2025-07-18T02:43:00.000000Z,179.28,179.53,179.27,179.49,16423.44
2025-07-18T02:44:00.000000Z,179.48,179.49,179.27,179.31,11922.97
2025-07-18T02:45:00.000000Z,179.31,179.43,179.25,179.4,10549.81
2025-07-18T02:46:00.000000Z,179.4,179.46,179.13,179.15,10463.75
2025-07-18T02:47:00.000000Z,179.16,179.51,179.05,179.51,12598.84
2025-07-18T02:48:00.000000Z,179.51,179.56,179.31,179.52,7739.41
2025-07-18T02:49:00.000000Z,179.51,179.76,179.5,179.75,7433.67
2025-07-18T02:50:00.000000Z,179.75,179.77,179.62,179.64,6152.04
2025-07-18T02:51:00.000000Z,179.65,179.8,179.52,179.8,13514.22
2025-07-18T02:52:00.000000Z,179.79,179.83,179.73,179.76,7138.39
2025-07-18T02:53:00.000000Z,179.75,179.84,179.64,179.65,10579.71
2025-07-18T02:54:00.000000Z,179.66,179.79,179.66,179.72,4050.87
2025-07-18T02:55:00.000000Z,179.73,179.79,179.71,179.76,2958.83
2025-07-18T02:56:00.000000Z,179.76,179.79,179.59,179.61,12736.63
2025-07-18T02:57:00.000000Z,179.62,179.62,179.47,179.52,13288.91
2025-07-18T02:58:00.000000Z,179.51,179.54,179.44,179.51,5363.45
2025-07-18T02:59:00.000000Z,179.51,179.71,179.51,179.68,3923.63
2025-07-18T03:00:00.000000Z,179.69,179.81,179.66,179.68,5687.0
2025-07-18T03:01:00.000000Z,179.68,179.86,179.64,179.83,9765.06
2025-07-18T03:02:00.000000Z,179.82,180.09,179.78,180.05,19118.01
2025-07-18T03:03:00.000000Z,180.04,180.06,179.8,179.81,29733.59
2025-07-18T03:04:00.000000Z,179.8,179.81,179.6,179.7,23110.95
2025-07-18T03:05:00.000000Z,179.7,179.88,179.61,179.84,16729.29
2025-07-18T03:06:00.000000Z,179.84,180.08,179.77,180.02,25482.75
2025-07-18T03:07:00.000000Z,180.02,180.09,179.99,180.01,7342.75
2025-07-18T03:08:00.000000Z,180.0,180.1,179.85,179.89,15080.04
2025-07-18T03:09:00.000000Z,179.9,180.08,179.89,180.08,6563.54
2025-07-18T03:10:00.000000Z,180.09,180.4,180.09,180.25,24738.93
2025-07-18T03:11:00.000000Z,180.24,180.25,180.05,180.18,7802.5
2025-07-18T03:12:00.000000Z,180.18,180.38,180.14,180.36,12956.13
2025-07-18T03:13:00.000000Z,180.35,180.49,180.3,180.36,41807.63
2025-07-18T03:14:00.000000Z,180.35,180.4,180.26,180.32,15286.0
2025-07-18T03:15:00.000000Z,180.32,180.68,180.3,180.61,30479.85
2025-07-18T03:16:00.000000Z,180.6,180.61,180.4,180.55,48077.33
2025-07-18T03:17:00.000000Z,180.55,180.67,180.52,180.61,18754.0
2025-07-18T03:18:00.000000Z,180.61,180.65,180.51,180.54,17566.79
2025-07-18T03:19:00.000000Z,180.53,180.99,180.52,180.77,46437.2
2025-07-18T03:20:00.000000Z,180.77,181.09,180.69,180.88,63167.08
2025-07-18T03:21:00.000000Z,180.88,180.96,180.53,180.54,25857.74
2025-07-18T03:22:00.000000Z,180.54,180.73,180.46,180.57,38748.47
2025-07-18T03:23:00.000000Z,180.57,180.64,180.37,180.6,14494.26
2025-07-18T03:24:00.000000Z,180.6,180.6,180.38,180.38,16536.79
2025-07-18T03:25:00.000000Z,180.38,180.48,179.99,179.99,97709.87
2025-07-18T03:26:00.000000Z,179.99,180.27,179.92,180.22,23994.27
2025-07-18T03:27:00.000000Z,180.23,180.45,180.16,180.26,10311.51
2025-07-18T03:28:00.000000Z,180.25,180.25,179.85,180.01,35349.64
2025-07-18T03:29:00.000000Z,180.0,180.04,179.89,179.98,15659.16
2025-07-18T03:30:00.000000Z,179.97,180.04,179.89,179.99,9259.94
2025-07-18T03:31:00.000000Z,179.99,180.06,179.97,180.01,4710.34
2025-07-18T03:32:00.000000Z,180.01,180.06,179.83,179.92,36593.76
2025-07-18T03:33:00.000000Z,179.91,179.93,179.77,179.92,7269.65
2025-07-18T03:34:00.000000Z,179.93,180.11,179.93,180.05,9955.24
2025-07-18T03:35:00.000000Z,180.05,180.22,180.04,180.1,7726.86
2025-07-18T03:36:00.000000Z,180.1,180.49,180.09,180.43,16206.25
2025-07-18T03:37:00.000000Z,180.42,180.59,180.41,180.58,13712.3
2025-07-18T03:38:00.000000Z,180.59,180.71,180.43,180.49,32164.76
2025-07-18T03:39:00.000000Z,180.5,180.58,180.45,180.57,5527.73
2025-07-18T03:40:00.000000Z,180.57,180.72,180.53,180.72,24822.41
2025-07-18T03:41:00.000000Z,180.72,180.85,180.63,180.85,36015.87
2025-07-18T03:42:00.000000Z,180.84,181.07,180.77,180.97,76812.91
2025-07-18T03:43:00.000000Z,180.97,180.99,180.85,180.96,13699.82
2025-07-18T03:44:00.000000Z,180.96,181.03,180.87,181.03,15425.42
2025-07-18T03:45:00.000000Z,181.03,181.03,180.85,180.85,13373.16
2025-07-18T03:46:00.000000Z,180.85,180.91,180.85,180.89,7455.2
2025-07-18T03:47:00.000000Z,180.88,180.89,180.62,180.64,18735.61
2025-07-18T03:48:00.000000Z,180.64,180.77,180.59,180.66,28890.87
2025-07-18T03:49:00.000000Z,180.66,180.67,180.34,180.34,24468.29
2025-07-18T03:50:00.000000Z,180.34,180.54,180.25,180.4,11285.82
2025-07-18T03:51:00.000000Z,180.41,180.57,180.37,180.41,5387.51
2025-07-18T03:52:00.000000Z,180.41,180.61,180.36,180.61,5204.86
2025-07-18T03:53:00.000000Z,180.61,180.94,180.57,180.88,27484.33
2025-07-18T03:54:00.000000Z,180.87,181.03,180.65,180.65,23724.65
2025-07-18T03:55:00.000000Z,180.66,180.78,180.63,180.75,6550.38
2025-07-18T03:56:00.000000Z,180.75,180.81,180.61,180.61,16167.01
2025-07-18T03:57:00.000000Z,180.62,180.73,180.6,180.73,3359.6
2025-07-18T03:58:00.000000Z,180.73,180.73,180.56,180.57,6888.09
2025-07-18T03:59:00.000000Z,180.56,180.84,180.54,180.83,10869.53
2025-07-18T04:00:00.000000Z,180.83,180.87,180.48,180.5,17245.11
2025-07-18T04:01:00.000000Z,180.49,180.58,180.39,180.43,12395.21
2025-07-18T04:02:00.000000Z,180.43,180.58,180.31,180.53,27248.35
2025-07-18T04:03:00.000000Z,180.52,180.52,180.23,180.23,15361.19
2025-07-18T04:04:00.000000Z,180.24,180.3,180.0,180.0,14603.99
2025-07-18T04:05:00.000000Z,180.01,180.07,179.89,179.89,17222.99
2025-07-18T04:06:00.000000Z,179.89,180.08,179.89,180.0,19668.31
2025-07-18T04:07:00.000000Z,180.0,180.06,179.97,180.02,10510.16
2025-07-18T04:08:00.000000Z,180.03,180.13,180.02,180.13,8982.32
2025-07-18T04:09:00.000000Z,180.13,180.18,180.0,180.03,13744.47
2025-07-18T04:10:00.000000Z,180.03,180.2,180.01,180.07,26969.53
2025-07-18T04:11:00.000000Z,180.06,180.16,179.93,180.09,19438.76
2025-07-18T04:12:00.000000Z,180.09,180.18,179.9,180.18,9512.03
2025-07-18T04:13:00.000000Z,180.17,180.26,180.05,180.14,13821.98
2025-07-18T04:14:00.000000Z,180.14,180.3,180.12,180.23,14007.62
2025-07-18T04:15:00.000000Z,180.23,180.47,180.21,180.25,18935.64
2025-07-18T04:16:00.000000Z,180.24,180.41,180.19,180.35,24774.75
2025-07-18T04:17:00.000000Z,180.36,180.85,180.36,180.84,26047.27
2025-07-18T04:18:00.000000Z,180.84,180.88,180.77,180.78,19028.3
2025-07-18T04:19:00.000000Z,180.79,181.05,180.74,181.0,58410.95
2025-07-18T04:20:00.000000Z,181.0,181.44,180.92,181.43,77185.77
2025-07-18T04:21:00.000000Z,181.44,182.05,181.33,181.92,114612.06
2025-07-18T04:22:00.000000Z,181.91,182.01,181.83,181.83,57973.16
2025-07-18T04:23:00.000000Z,181.82,181.83,181.48,181.66,42136.39
2025-07-18T04:24:00.000000Z,181.66,181.8,181.55,181.7,21358.52
2025-07-18T04:25:00.000000Z,181.7,181.88,181.6,181.8,20270.12
2025-07-18T04:26:00.000000Z,181.81,181.91,181.65,181.79,30997.42
2025-07-18T04:27:00.000000Z,181.8,181.81,181.59,181.68,20098.62
2025-07-18T04:28:00.000000Z,181.68,181.78,181.5,181.59,17720.04
2025-07-18T04:29:00.000000Z,181.59,181.64,181.48,181.52,32549.03
2025-07-18T04:30:00.000000Z,181.51,181.93,181.5,181.53,71748.3
2025-07-18T04:31:00.000000Z,181.53,181.63,181.35,181.6,26033.99
2025-07-18T04:32:00.000000Z,181.6,181.61,181.5,181.55,6486.6
2025-07-18T04:33:00.000000Z,181.55,181.67,181.5,181.63,15166.06
2025-07-18T04:34:00.000000Z,181.63,181.88,181.62,181.86,33197.96
2025-07-18T04:35:00.000000Z,181.87,181.9,181.66,181.73,25623.15
2025-07-18T04:36:00.000000Z,181.73,181.85,181.72,181.85,16836.15
2025-07-18T04:37:00.000000Z,181.84,181.85,181.57,181.59,11629.63
2025-07-18T04:38:00.000000Z,181.6,181.62,181.5,181.54,18590.73
2025-07-18T04:39:00.000000Z,181.53,181.68,181.5,181.56,16318.18
2025-07-18T04:40:00.000000Z,181.55,181.64,181.49,181.57,16244.2
2025-07-18T04:41:00.000000Z,181.58,181.62,181.5,181.56,14775.81
2025-07-18T04:42:00.000000Z,181.55,181.72,181.53,181.54,16008.92
2025-07-18T04:43:00.000000Z,181.54,181.71,181.54,181.55,20948.03
2025-07-18T04:44:00.000000Z,181.55,181.62,181.47,181.53,16003.73
2025-07-18T04:45:00.000000Z,181.53,181.53,181.32,181.47,41282.14
2025-07-18T04:46:00.000000Z,181.46,181.59,181.41,181.52,17332.33
2025-07-18T04:47:00.000000Z,181.52,181.78,181.45,181.72,22493.69
2025-07-18T04:48:00.000000Z,181.72,181.72,181.58,181.68,15032.61
2025-07-18T04:49:00.000000Z,181.67,181.8,181.57,181.77,12775.72
2025-07-18T04:50:00.000000Z,181.77,181.77,181.43,181.62,22631.96
2025-07-18T04:51:00.000000Z,181.61,181.68,181.54,181.67,21949.73
2025-07-18T04:52:00.000000Z,181.66,181.75,181.54,181.56,15782.98
2025-07-18T04:53:00.000000Z,181.56,181.77,181.5,181.69,15911.43
2025-07-18T04:54:00.000000Z,181.7,181.78,181.67,181.76,21324.74
2025-07-18T04:55:00.000000Z,181.75,181.75,181.54,181.67,12836.79
2025-07-18T04:56:00.000000Z,181.67,181.72,181.58,181.67,31753.14
2025-07-18T04:57:00.000000Z,181.68,181.94,181.67,181.88,33529.98
2025-07-18T04:58:00.000000Z,181.88,182.0,181.88,181.96,33642.19
2025-07-18T04:59:00.000000Z,181.95,182.06,181.9,181.92,29648.38
2025-07-18T05:00:00.000000Z,181.93,181.93,181.71,181.74,25856.23
2025-07-18T05:01:00.000000Z,181.74,181.74,181.42,181.43,22667.31
2025-07-18T05:02:00.000000Z,181.42,181.62,181.28,181.35,59262.64
2025-07-18T05:03:00.000000Z,181.34,181.54,181.34,181.47,33523.54
2025-07-18T05:04:00.000000Z,181.47,181.58,181.36,181.58,28793.61
2025-07-18T05:05:00.000000Z,181.57,181.79,181.57,181.78,45056.09
2025-07-18T05:06:00.000000Z,181.79,181.9,181.66,181.66,32657.31
2025-07-18T05:07:00.000000Z,181.65,181.77,181.5,181.69,21311.89
2025-07-18T05:08:00.000000Z,181.68,181.95,181.68,181.95,15940.07
2025-07-18T05:09:00.000000Z,181.95,185.0,181.88,183.56,507830.1
2025-07-18T05:10:00.000000Z,183.56,184.11,183.18,183.54,252765.16
2025-07-18T05:11:00.000000Z,183.54,184.12,183.01,184.08,215981.93
2025-07-18T05:12:00.000000Z,184.08,184.15,183.61,183.74,103051.92
2025-07-18T05:13:00.000000Z,183.73,184.4,183.67,184.34,122135.63
2025-07-18T05:14:00.000000Z,184.34,184.67,183.97,184.54,170603.8
2025-07-18T05:15:00.000000Z,184.53,184.9,184.17,184.23,136896.76
2025-07-18T05:16:00.000000Z,184.23,184.41,184.04,184.24,53821.05
2025-07-18T05:17:00.000000Z,184.24,184.49,184.05,184.42,71818.01
2025-07-18T05:18:00.000000Z,184.42,184.42,184.07,184.23,48786.59
2025-07-18T05:19:00.000000Z,184.23,184.45,184.15,184.24,59985.84
2025-07-18T05:20:00.000000Z,184.24,184.47,184.1,184.11,37053.43
2025-07-18T05:21:00.000000Z,184.11,184.15,184.0,184.03,32392.89
2025-07-18T05:22:00.000000Z,184.02,184.54,184.0,184.3,42066.85
2025-07-18T05:23:00.000000Z,184.29,184.46,184.24,184.3,15230.4
2025-07-18T05:24:00.000000Z,184.3,184.38,183.62,183.63,58813.05
2025-07-18T05:25:00.000000Z,183.63,183.71,183.37,183.46,59030.99
2025-07-18T05:26:00.000000Z,183.46,183.63,183.37,183.49,38968.64
2025-07-18T05:27:00.000000Z,183.48,183.48,183.03,183.2,36916.0
2025-07-18T05:28:00.000000Z,183.2,183.36,182.97,183.34,62446.95
2025-07-18T05:29:00.000000Z,183.33,183.4,183.22,183.24,9301.66
2025-07-18T05:30:00.000000Z,183.23,183.73,183.15,183.59,43464.09
2025-07-18T05:31:00.000000Z,183.59,183.8,183.58,183.75,32942.88
2025-07-18T05:32:00.000000Z,183.75,184.08,183.73,183.78,41274.23
2025-07-18T05:33:00.000000Z,183.78,183.81,183.46,183.64,55151.37
2025-07-18T05:34:00.000000Z,183.64,183.75,183.49,183.55,11471.13
2025-07-18T05:35:00.000000Z,183.55,183.67,183.13,183.19,52349.48
2025-07-18T05:36:00.000000Z,183.18,183.51,183.16,183.33,19718.33
2025-07-18T05:37:00.000000Z,183.32,183.53,183.19,183.5,38431.23
2025-07-18T05:38:00.000000Z,183.49,183.61,183.38,183.46,19965.72
2025-07-18T05:39:00.000000Z,183.46,183.63,183.27,183.43,30054.3
2025-07-18T05:40:00.000000Z,183.43,183.7,183.39,183.48,26954.58
2025-07-18T05:41:00.000000Z,183.47,183.81,183.45,183.53,41087.91
2025-07-18T05:42:00.000000Z,183.53,183.83,183.5,183.81,15165.83
2025-07-18T05:43:00.000000Z,183.81,183.82,183.49,183.57,36211.15
2025-07-18T05:44:00.000000Z,183.56,183.7,183.29,183.3,50123.32
2025-07-18T05:45:00.000000Z,183.3,183.49,183.25,183.47,29427.89
2025-07-18T05:46:00.000000Z,183.47,183.49,183.27,183.37,17816.86
2025-07-18T05:47:00.000000Z,183.36,183.38,183.21,183.28,24564.34
2025-07-18T05:48:00.000000Z,183.27,183.4,183.21,183.29,22281.74
2025-07-18T05:49:00.000000Z,183.29,183.37,183.13,183.37,45288.07
2025-07-18T05:50:00.000000Z,183.37,183.6,183.36,183.46,23608.15
2025-07-18T05:51:00.000000Z,183.46,183.65,183.0,183.55,69212.17
2025-07-18T05:52:00.000000Z,183.54,183.55,183.41,183.42,10933.73
2025-07-18T05:53:00.000000Z,183.42,183.8,183.4,183.8,6853.8
2025-07-18T05:54:00.000000Z,183.8,183.82,183.58,183.73,37853.4
2025-07-18T05:55:00.000000Z,183.72,184.01,183.7,183.7,31457.4
2025-07-18T05:56:00.000000Z,183.7,183.71,183.57,183.63,13606.7
2025-07-18T05:57:00.000000Z,183.62,183.67,183.6,183.67,46617.25
2025-07-18T05:58:00.000000Z,183.67,183.94,183.66,183.83,16578.47
2025-07-18T05:59:00.000000Z,183.82,183.85,183.6,183.72,13006.71
2025-07-18T06:00:00.000000Z,183.71,183.77,183.62,183.77,9173.87
2025-07-18T06:01:00.000000Z,183.76,184.01,183.68,183.9,23121.78
2025-07-18T06:02:00.000000Z,183.91,183.93,183.59,183.64,14845.95
2025-07-18T06:03:00.000000Z,183.64,183.66,183.11,183.14,41118.84
2025-07-18T06:04:00.000000Z,183.14,183.24,183.03,183.23,45616.95
2025-07-18T06:05:00.000000Z,183.23,183.28,183.05,183.17,18332.76
2025-07-18T06:06:00.000000Z,183.18,183.29,182.63,182.7,105625.17
2025-07-18T06:07:00.000000Z,182.71,182.85,182.61,182.74,45349.05
2025-07-18T06:08:00.000000Z,182.73,182.74,182.5,182.71,43312.83
2025-07-18T06:09:00.000000Z,182.7,182.7,182.47,182.62,37525.96
2025-07-18T06:10:00.000000Z,182.62,182.63,182.3,182.54,18094.03
2025-07-18T06:11:00.000000Z,182.55,182.86,182.53,182.74,23977.93
2025-07-18T06:12:00.000000Z,182.74,183.05,182.74,183.01,20093.32
2025-07-18T06:13:00.000000Z,183.02,183.54,183.01,183.5,29355.91
2025-07-18T06:14:00.000000Z,183.49,183.73,183.45,183.72,29346.67
2025-07-18T06:15:00.000000Z,183.71,183.74,182.98,183.03,32530.8
2025-07-18T06:16:00.000000Z,183.03,183.2,183.01,183.04,8484.9
2025-07-18T06:17:00.000000Z,183.03,183.26,183.01,183.16,8260.6
2025-07-18T06:18:00.000000Z,183.16,183.17,183.05,183.08,5601.6
2025-07-18T06:19:00.000000Z,183.09,183.15,182.81,182.87,12716.64
2025-07-18T06:20:00.000000Z,182.86,182.91,182.74,182.75,11590.98
2025-07-18T06:21:00.000000Z,182.74,182.8,182.41,182.71,50743.5
2025-07-18T06:22:00.000000Z,182.71,182.71,182.59,182.65,11189.1
2025-07-18T06:23:00.000000Z,182.65,183.08,182.65,182.96,69864.92
2025-07-18T06:24:00.000000Z,182.95,182.97,182.77,182.94,9633.85
2025-07-18T06:25:00.000000Z,182.94,183.08,182.93,182.97,18565.4
2025-07-18T06:26:00.000000Z,182.97,183.03,182.84,182.84,6726.93
2025-07-18T06:27:00.000000Z,182.84,182.96,182.82,182.95,5208.42
2025-07-18T06:28:00.000000Z,182.95,182.96,182.69,182.69,12280.26
2025-07-18T06:29:00.000000Z,182.68,182.87,182.58,182.84,14093.96
2025-07-18T06:30:00.000000Z,182.84,183.18,182.73,183.08,10166.83
2025-07-18T06:31:00.000000Z,183.09,183.09,182.85,183.03,6308.58
2025-07-18T06:32:00.000000Z,183.04,183.11,182.86,183.08,6753.65
2025-07-18T06:33:00.000000Z,183.08,183.32,183.08,183.3,10383.93
2025-07-18T06:34:00.000000Z,183.29,183.35,183.08,183.12,9465.2
2025-07-18T06:35:00.000000Z,183.12,183.35,183.09,183.34,4708.83
2025-07-18T06:36:00.000000Z,183.35,183.37,183.13,183.13,9512.01
2025-07-18T06:37:00.000000Z,183.14,183.46,183.13,183.39,12162.79
2025-07-18T06:38:00.000000Z,183.38,183.62,183.35,183.59,12334.68
2025-07-18T06:39:00.000000Z,183.6,183.62,183.44,183.57,14420.37
2025-07-18T06:40:00.000000Z,183.56,183.56,183.34,183.35,6499.14
2025-07-18T06:41:00.000000Z,183.34,183.44,183.24,183.42,5098.52
2025-07-18T06:42:00.000000Z,183.41,183.47,183.32,183.33,7395.96
2025-07-18T06:43:00.000000Z,183.32,183.37,183.21,183.32,7119.9
2025-07-18T06:44:00.000000Z,183.32,183.47,183.32,183.41,5721.65
2025-07-18T06:45:00.000000Z,183.4,183.46,183.27,183.44,5708.96
2025-07-18T06:46:00.000000Z,183.44,183.5,183.28,183.43,7245.53
2025-07-18T06:47:00.000000Z,183.43,183.55,183.43,183.54,5911.06
2025-07-18T06:48:00.000000Z,183.54,183.67,183.45,183.59,28387.41
2025-07-18T06:49:00.000000Z,183.59,183.66,183.48,183.5,7978.03
2025-07-18T06:50:00.000000Z,183.51,183.59,183.48,183.51,6974.91
2025-07-18T06:51:00.000000Z,183.5,183.63,183.38,183.62,8691.65
2025-07-18T06:52:00.000000Z,183.61,183.74,183.58,183.65,10562.92
2025-07-18T06:53:00.000000Z,183.66,183.66,183.47,183.47,6325.99
2025-07-18T06:54:00.000000Z,183.47,183.59,183.4,183.4,12332.85
2025-07-18T06:55:00.000000Z,183.41,183.68,183.4,183.56,5138.6
2025-07-18T06:56:00.000000Z,183.55,183.55,183.32,183.43,8332.49
2025-07-18T06:57:00.000000Z,183.44,183.59,183.4,183.51,11353.18
2025-07-18T06:58:00.000000Z,183.52,183.68,183.47,183.55,5736.84
2025-07-18T06:59:00.000000Z,183.56,183.64,183.52,183.61,4526.28
2025-07-18T07:00:00.000000Z,183.61,183.85,183.57,183.64,12750.45
2025-07-18T07:01:00.000000Z,183.64,183.66,183.55,183.64,6013.26
2025-07-18T07:02:00.000000Z,183.63,183.71,183.54,183.63,9976.23
2025-07-18T07:03:00.000000Z,183.63,184.06,183.63,183.98,47445.75
2025-07-18T07:04:00.000000Z,183.98,184.09,183.92,184.07,13642.33
2025-07-18T07:05:00.000000Z,184.08,184.08,183.71,183.75,21721.57
2025-07-18T07:06:00.000000Z,183.75,184.04,183.72,184.04,7826.47
2025-07-18T07:07:00.000000Z,184.03,184.15,183.93,184.13,13382.64
2025-07-18T07:08:00.000000Z,184.12,184.16,184.02,184.15,13078.57
2025-07-18T07:09:00.000000Z,184.16,184.4,184.04,184.36,42305.8
2025-07-18T07:10:00.000000Z,184.37,184.37,183.9,183.94,22708.97
2025-07-18T07:11:00.000000Z,183.94,184.12,183.84,184.12,17799.31
2025-07-18T07:12:00.000000Z,184.11,184.12,183.61,183.69,18341.2
2025-07-18T07:13:00.000000Z,183.7,183.71,183.25,183.25,25224.58
2025-07-18T07:14:00.000000Z,183.26,183.34,183.12,183.26,29333.77
2025-07-18T07:15:00.000000Z,183.27,183.27,182.71,182.84,49523.09
2025-07-18T07:16:00.000000Z,182.83,182.92,182.65,182.77,54531.35
2025-07-18T07:17:00.000000Z,182.77,183.17,182.67,183.12,43346.14
2025-07-18T07:18:00.000000Z,183.13,183.26,182.85,182.85,19876.95
2025-07-18T07:19:00.000000Z,182.85,182.94,182.54,182.57,26672.7
2025-07-18T07:20:00.000000Z,182.57,182.89,182.51,182.88,23732.59
2025-07-18T07:21:00.000000Z,182.88,182.93,182.71,182.72,11973.81
2025-07-18T07:22:00.000000Z,182.71,182.9,182.62,182.85,9763.02
2025-07-18T07:23:00.000000Z,182.84,183.01,182.84,182.97,11743.01
2025-07-18T07:24:00.000000Z,182.97,183.49,182.86,183.4,39339.17
2025-07-18T07:25:00.000000Z,183.41,183.41,183.24,183.33,36942.97
2025-07-18T07:26:00.000000Z,183.32,183.36,182.89,183.25,24124.6
2025-07-18T07:27:00.000000Z,183.26,183.39,183.15,183.38,28593.04
2025-07-18T07:28:00.000000Z,183.39,183.86,183.38,183.76,29436.47
2025-07-18T07:29:00.000000Z,183.76,183.77,183.43,183.62,18458.32
2025-07-18T07:30:00.000000Z,183.63,183.93,183.55,183.88,20769.0
2025-07-18T07:31:00.000000Z,183.88,184.1,183.7,183.71,48565.16
2025-07-18T07:32:00.000000Z,183.7,184.13,183.66,184.12,55424.48
2025-07-18T07:33:00.000000Z,184.12,184.14,183.71,183.92,69348.89
2025-07-18T07:34:00.000000Z,183.92,183.92,183.46,183.46,21496.24
2025-07-18T07:35:00.000000Z,183.46,183.65,183.33,183.51,23381.85
2025-07-18T07:36:00.000000Z,183.51,183.54,183.2,183.38,26713.0
2025-07-18T07:37:00.000000Z,183.38,183.4,183.12,183.2,11079.4
2025-07-18T07:38:00.000000Z,183.2,183.23,182.66,182.74,40698.18
2025-07-18T07:39:00.000000Z,182.74,183.0,182.71,182.71,19927.66
2025-07-18T07:40:00.000000Z,182.72,182.79,182.42,182.63,47904.16
2025-07-18T07:41:00.000000Z,182.63,183.01,182.45,183.0,17770.57
2025-07-18T07:42:00.000000Z,183.01,183.05,182.74,183.0,11696.52
2025-07-18T07:43:00.000000Z,182.99,183.07,182.84,182.99,13456.96
2025-07-18T07:44:00.000000Z,182.99,183.09,182.96,183.06,25461.69
2025-07-18T07:45:00.000000Z,183.06,183.08,182.71,182.71,9589.68
2025-07-18T07:46:00.000000Z,182.71,182.99,182.57,182.94,12016.43
2025-07-18T07:47:00.000000Z,182.94,183.05,182.78,182.98,14149.37
2025-07-18T07:48:00.000000Z,182.98,183.02,182.85,182.85,8240.34
2025-07-18T07:49:00.000000Z,182.85,182.99,182.82,182.85,7376.08
2025-07-18T07:50:00.000000Z,182.85,182.96,182.7,182.88,10625.56
2025-07-18T07:51:00.000000Z,182.88,182.88,182.55,182.84,19472.29
2025-07-18T07:52:00.000000Z,182.85,182.85,181.97,182.12,91651.38
2025-07-18T07:53:00.000000Z,182.12,182.12,181.78,181.89,95107.97
2025-07-18T07:54:00.000000Z,181.9,182.09,181.76,181.77,61666.05
2025-07-18T07:55:00.000000Z,181.77,182.04,181.77,181.95,35922.63
2025-07-18T07:56:00.000000Z,181.95,181.97,181.55,181.94,43536.08
2025-07-18T07:57:00.000000Z,181.94,181.94,181.53,181.54,29998.71
2025-07-18T07:58:00.000000Z,181.54,181.61,181.31,181.32,55443.6
2025-07-18T07:59:00.000000Z,181.32,181.36,181.07,181.14,91109.08
2025-07-18T08:00:00.000000Z,181.14,181.73,181.13,181.7,51445.72
2025-07-18T08:01:00.000000Z,181.69,181.89,181.62,181.87,29263.04
2025-07-18T08:02:00.000000Z,181.86,181.88,181.39,181.51,57462.63
2025-07-18T08:03:00.000000Z,181.51,181.57,181.14,181.41,63484.64
2025-07-18T08:04:00.000000Z,181.41,181.61,181.4,181.54,16358.56
2025-07-18T08:05:00.000000Z,181.53,181.71,181.48,181.65,18692.74
2025-07-18T08:06:00.000000Z,181.64,181.93,181.64,181.9,27942.5
2025-07-18T08:07:00.000000Z,181.89,182.02,181.8,181.99,16048.44
2025-07-18T08:08:00.000000Z,181.99,182.07,181.83,181.87,15260.61
2025-07-18T08:09:00.000000Z,181.86,181.87,181.41,181.48,24483.38
2025-07-18T08:10:00.000000Z,181.47,181.67,181.47,181.61,8378.48
2025-07-18T08:11:00.000000Z,181.61,181.7,181.41,181.49,8079.28
2025-07-18T08:12:00.000000Z,181.48,181.61,181.42,181.44,9423.55
2025-07-18T08:13:00.000000Z,181.43,181.56,181.22,181.25,10456.4
2025-07-18T08:14:00.000000Z,181.24,181.27,181.15,181.16,20121.16
2025-07-18T08:15:00.000000Z,181.16,181.37,181.1,181.13,22669.3
2025-07-18T08:16:00.000000Z,181.12,181.48,181.12,181.39,15194.19
2025-07-18T08:17:00.000000Z,181.39,181.76,181.37,181.66,17365.64
2025-07-18T08:18:00.000000Z,181.65,181.74,181.56,181.62,10496.13
2025-07-18T08:19:00.000000Z,181.62,181.67,181.53,181.65,7979.29
2025-07-18T08:20:00.000000Z,181.64,181.8,181.64,181.71,12628.57
2025-07-18T08:21:00.000000Z,181.7,181.85,181.61,181.76,22738.28
2025-07-18T08:22:00.000000Z,181.76,182.09,181.76,182.04,21605.22
2025-07-18T08:23:00.000000Z,182.04,182.19,181.73,182.03,28821.27
2025-07-18T08:24:00.000000Z,182.02,182.07,181.84,181.93,21132.09
2025-07-18T08:25:00.000000Z,181.92,181.93,181.68,181.74,15993.42
2025-07-18T08:26:00.000000Z,181.74,181.76,181.58,181.59,9362.83
2025-07-18T08:27:00.000000Z,181.58,181.68,181.56,181.64,8843.36
2025-07-18T08:28:00.000000Z,181.65,181.65,181.42,181.42,10241.85
2025-07-18T08:29:00.000000Z,181.42,181.65,181.4,181.64,9010.52
2025-07-18T08:30:00.000000Z,181.64,181.64,181.2,181.2,14202.13
2025-07-18T08:31:00.000000Z,181.2,181.28,180.65,180.67,108255.58
2025-07-18T08:32:00.000000Z,180.67,180.9,180.5,180.64,58038.89
2025-07-18T08:33:00.000000Z,180.65,180.8,180.57,180.68,25683.75
2025-07-18T08:34:00.000000Z,180.68,180.68,180.35,180.47,44664.28
2025-07-18T08:35:00.000000Z,180.46,180.46,180.22,180.43,49905.77
2025-07-18T08:36:00.000000Z,180.43,180.74,180.29,180.5,32491.48
2025-07-18T08:37:00.000000Z,180.5,180.5,180.16,180.24,34707.31
2025-07-18T08:38:00.000000Z,180.24,180.54,180.15,180.15,35812.81
2025-07-18T08:39:00.000000Z,180.16,180.29,179.65,179.78,113737.26
2025-07-18T08:40:00.000000Z,179.79,179.79,179.01,179.35,114979.39
2025-07-18T08:41:00.000000Z,179.35,179.49,179.17,179.37,56727.06
2025-07-18T08:42:00.000000Z,179.37,179.59,179.05,179.59,49821.67
2025-07-18T08:43:00.000000Z,179.59,179.59,178.88,178.9,89456.4
2025-07-18T08:44:00.000000Z,178.9,179.19,178.73,178.95,66308.25
2025-07-18T08:45:00.000000Z,178.95,179.5,178.76,179.29,56909.43
2025-07-18T08:46:00.000000Z,179.28,179.49,179.28,179.34,39120.72
2025-07-18T08:47:00.000000Z,179.34,179.59,179.34,179.56,31202.73
2025-07-18T08:48:00.000000Z,179.57,179.8,179.49,179.68,31324.03
2025-07-18T08:49:00.000000Z,179.67,179.74,179.58,179.7,13154.0
2025-07-18T08:50:00.000000Z,179.7,179.82,179.43,179.44,36449.6
2025-07-18T08:51:00.000000Z,179.44,179.88,179.44,179.87,14709.98
2025-07-18T08:52:00.000000Z,179.87,180.04,179.83,179.92,27737.48
2025-07-18T08:53:00.000000Z,179.91,180.18,179.91,180.18,19933.35
2025-07-18T08:54:00.000000Z,180.18,180.25,180.08,180.16,30290.45
2025-07-18T08:55:00.000000Z,180.15,180.16,179.92,179.95,22467.1
2025-07-18T08:56:00.000000Z,179.95,179.97,179.7,179.82,15407.08
2025-07-18T08:57:00.000000Z,179.81,179.91,179.77,179.87,31807.68
2025-07-18T08:58:00.000000Z,179.87,179.9,179.49,179.57,17783.86
2025-07-18T08:59:00.000000Z,179.57,179.6,179.47,179.57,8855.77
2025-07-18T09:00:00.000000Z,179.56,179.65,179.46,179.55,20638.98
2025-07-18T09:01:00.000000Z,179.55,179.62,179.39,179.43,33918.08
2025-07-18T09:02:00.000000Z,179.43,179.47,179.01,179.12,45418.31
2025-07-18T09:03:00.000000Z,179.12,179.28,179.11,179.16,26499.5
2025-07-18T09:04:00.000000Z,179.15,179.25,178.91,179.19,55144.42
2025-07-18T09:05:00.000000Z,179.19,179.23,179.06,179.08,19208.52
2025-07-18T09:06:00.000000Z,179.08,179.53,178.9,179.53,73131.31
2025-07-18T09:07:00.000000Z,179.53,179.64,179.35,179.64,102300.16
2025-07-18T09:08:00.000000Z,179.64,179.83,179.43,179.78,23039.64
2025-07-18T09:09:00.000000Z,179.79,179.9,179.53,179.56,27111.16
2025-07-18T09:10:00.000000Z,179.55,179.88,179.55,179.88,19847.38
2025-07-18T09:11:00.000000Z,179.88,180.04,179.82,179.91,43121.51
2025-07-18T09:12:00.000000Z,179.91,180.01,179.84,180.01,19589.62
2025-07-18T09:13:00.000000Z,180.01,180.12,179.99,180.12,11376.26
2025-07-18T09:14:00.000000Z,180.12,180.12,179.86,180.03,21934.87
2025-07-18T09:15:00.000000Z,180.03,180.16,179.85,179.86,17291.2
2025-07-18T09:16:00.000000Z,179.86,179.96,179.44,179.45,19483.47
2025-07-18T09:17:00.000000Z,179.45,179.89,179.44,179.62,26152.85
2025-07-18T09:18:00.000000Z,179.63,179.74,179.42,179.44,19265.51
2025-07-18T09:19:00.000000Z,179.44,179.78,179.44,179.78,12848.14
2025-07-18T09:20:00.000000Z,179.78,179.78,179.47,179.49,12563.15
2025-07-18T09:21:00.000000Z,179.5,179.57,179.33,179.35,11146.61
2025-07-18T09:22:00.000000Z,179.36,179.61,179.36,179.4,8162.51
2025-07-18T09:23:00.000000Z,179.41,179.56,179.23,179.29,9910.13
2025-07-18T09:24:00.000000Z,179.29,179.55,179.29,179.54,7581.72
2025-07-18T09:25:00.000000Z,179.55,179.6,179.22,179.22,8351.07
2025-07-18T09:26:00.000000Z,179.23,179.57,179.21,179.54,7967.15
2025-07-18T09:27:00.000000Z,179.54,179.6,179.37,179.6,6634.79
2025-07-18T09:28:00.000000Z,179.6,179.6,179.36,179.38,8881.24
2025-07-18T09:29:00.000000Z,179.38,179.4,179.3,179.34,5607.62
2025-07-18T09:30:00.000000Z,179.34,179.65,179.34,179.59,10458.0
2025-07-18T09:31:00.000000Z,179.59,179.59,179.41,179.46,16833.21
2025-07-18T09:32:00.000000Z,179.47,179.47,179.27,179.29,6901.36
2025-07-18T09:33:00.000000Z,179.3,179.33,179.07,179.15,20198.17
2025-07-18T09:34:00.000000Z,179.15,179.28,179.02,179.27,14469.37
2025-07-18T09:35:00.000000Z,179.28,179.31,179.13,179.18,7591.06
2025-07-18T09:36:00.000000Z,179.19,179.3,179.0,179.29,8407.48
2025-07-18T09:37:00.000000Z,179.3,179.57,179.23,179.5,7744.94
2025-07-18T09:38:00.000000Z,179.5,179.62,179.36,179.39,9024.56
2025-07-18T09:39:00.000000Z,179.39,179.5,179.35,179.48,7370.75
2025-07-18T09:40:00.000000Z,179.48,179.52,179.33,179.45,10757.58
2025-07-18T09:41:00.000000Z,179.45,179.68,179.45,179.65,17168.69
2025-07-18T09:42:00.000000Z,179.65,179.72,179.49,179.54,11505.03
2025-07-18T09:43:00.000000Z,179.54,179.64,179.47,179.47,6044.6
2025-07-18T09:44:00.000000Z,179.48,179.48,179.3,179.45,5213.24
2025-07-18T09:45:00.000000Z,179.45,179.68,179.44,179.64,7906.73
2025-07-18T09:46:00.000000Z,179.64,179.84,179.63,179.78,10484.8
2025-07-18T09:47:00.000000Z,179.79,179.96,179.73,179.96,14844.24
2025-07-18T09:48:00.000000Z,179.96,179.99,179.78,179.79,19324.25
2025-07-18T09:49:00.000000Z,179.8,179.96,179.8,179.91,13809.97
2025-07-18T09:50:00.000000Z,179.91,180.0,179.89,180.0,8538.58
2025-07-18T09:51:00.000000Z,180.0,180.1,179.99,180.1,9072.48
2025-07-18T09:52:00.000000Z,180.1,180.12,180.04,180.04,9915.38
2025-07-18T09:53:00.000000Z,180.05,180.09,179.97,180.03,12112.86
2025-07-18T09:54:00.000000Z,180.03,180.06,179.88,179.88,8820.87
2025-07-18T09:55:00.000000Z,179.88,180.0,179.78,179.98,11613.73
2025-07-18T09:56:00.000000Z,179.98,180.03,179.93,179.95,4575.94
2025-07-18T09:57:00.000000Z,179.96,180.15,179.93,180.13,9545.7
2025-07-18T09:58:00.000000Z,180.13,180.2,180.0,180.07,7367.32
2025-07-18T09:59:00.000000Z,180.07,180.15,180.03,180.11,4402.15
2025-07-18T10:00:00.000000Z,180.11,180.12,179.97,180.07,8238.25
2025-07-18T10:01:00.000000Z,180.06,180.06,179.75,179.89,22215.53
2025-07-18T10:02:00.000000Z,179.9,179.92,179.8,179.85,7660.83
2025-07-18T10:03:00.000000Z,179.84,179.97,179.82,179.82,6160.88
2025-07-18T10:04:00.000000Z,179.83,179.83,179.45,179.45,16743.52
2025-07-18T10:05:00.000000Z,179.45,179.47,179.13,179.37,30491.21
2025-07-18T10:06:00.000000Z,179.36,179.69,179.34,179.68,14500.59
2025-07-18T10:07:00.000000Z,179.68,179.7,179.34,179.38,11722.39
2025-07-18T10:08:00.000000Z,179.38,179.41,179.2,179.35,12303.17
2025-07-18T10:09:00.000000Z,179.35,179.51,179.34,179.44,15672.42
2025-07-18T10:10:00.000000Z,179.44,179.77,179.44,179.54,8907.69
2025-07-18T10:11:00.000000Z,179.54,179.66,179.53,179.64,3040.71
2025-07-18T10:12:00.000000Z,179.65,179.78,179.65,179.66,4798.29
2025-07-18T10:13:00.000000Z,179.65,179.7,179.54,179.57,4272.14
2025-07-18T10:14:00.000000Z,179.56,179.59,179.49,179.52,3632.68
2025-07-18T10:15:00.000000Z,179.52,179.6,179.33,179.36,10293.93
2025-07-18T10:16:00.000000Z,179.36,179.37,179.08,179.09,10331.71
2025-07-18T10:17:00.000000Z,179.09,179.22,179.09,179.17,15163.81
2025-07-18T10:18:00.000000Z,179.16,179.18,178.67,178.69,80060.95
2025-07-18T10:19:00.000000Z,178.68,178.7,178.33,178.33,54813.16
2025-07-18T10:20:00.000000Z,178.33,178.51,178.08,178.51,57937.76
2025-07-18T10:21:00.000000Z,178.5,178.68,178.43,178.59,15086.23
2025-07-18T10:22:00.000000Z,178.58,178.71,178.38,178.46,10107.12
2025-07-18T10:23:00.000000Z,178.47,178.7,178.45,178.66,9895.79
2025-07-18T10:24:00.000000Z,178.67,178.9,178.65,178.87,12873.87
2025-07-18T10:25:00.000000Z,178.88,179.11,178.8,179.11,12340.36
2025-07-18T10:26:00.000000Z,179.11,179.17,178.9,178.91,11784.97
2025-07-18T10:27:00.000000Z,178.9,178.96,178.72,178.9,14812.28
2025-07-18T10:28:00.000000Z,178.89,178.93,178.75,178.77,9615.99
2025-07-18T10:29:00.000000Z,178.77,178.85,178.74,178.78,8441.16
2025-07-18T10:30:00.000000Z,178.78,179.11,178.78,178.99,13486.16
2025-07-18T10:31:00.000000Z,178.99,179.12,178.97,179.01,10289.46
2025-07-18T10:32:00.000000Z,179.01,179.1,178.87,179.09,10462.99
2025-07-18T10:33:00.000000Z,179.09,179.13,179.01,179.07,9072.49
2025-07-18T10:34:00.000000Z,179.08,179.12,178.96,179.12,11885.9
2025-07-18T10:35:00.000000Z,179.11,179.12,178.97,179.01,7573.39
2025-07-18T10:36:00.000000Z,179.01,179.08,178.97,179.06,9018.81
2025-07-18T10:37:00.000000Z,179.07,179.07,178.72,178.73,9674.66
2025-07-18T10:38:00.000000Z,178.73,178.86,178.6,178.8,11730.38
2025-07-18T10:39:00.000000Z,178.8,178.89,178.43,178.59,10168.79
2025-07-18T10:40:00.000000Z,178.59,178.84,178.58,178.75,10908.68
2025-07-18T10:41:00.000000Z,178.75,178.86,178.64,178.8,8407.4
2025-07-18T10:42:00.000000Z,178.79,178.91,178.74,178.91,4810.04
2025-07-18T10:43:00.000000Z,178.91,178.93,178.82,178.9,5813.57
2025-07-18T10:44:00.000000Z,178.9,178.92,178.81,178.89,6352.04
2025-07-18T10:45:00.000000Z,178.89,178.89,178.62,178.73,10198.26
2025-07-18T10:46:00.000000Z,178.72,179.0,178.72,178.99,5499.47
2025-07-18T10:47:00.000000Z,179.0,179.03,178.88,178.91,11533.32
2025-07-18T10:48:00.000000Z,178.91,179.18,178.9,179.15,8390.16
2025-07-18T10:49:00.000000Z,179.15,179.3,179.05,179.29,19409.14
2025-07-18T10:50:00.000000Z,179.28,179.33,179.21,179.32,17716.75
2025-07-18T10:51:00.000000Z,179.32,179.51,179.31,179.51,20588.08
2025-07-18T10:52:00.000000Z,179.51,179.58,179.45,179.55,28557.3
2025-07-18T10:53:00.000000Z,179.55,179.65,179.51,179.61,7397.6
2025-07-18T10:54:00.000000Z,179.61,179.67,179.57,179.57,6568.18
2025-07-18T10:55:00.000000Z,179.57,179.57,179.46,179.55,15087.45
2025-07-18T10:56:00.000000Z,179.56,179.57,179.44,179.44,7037.6
2025-07-18T10:57:00.000000Z,179.44,179.62,179.41,179.55,6906.81
2025-07-18T10:58:00.000000Z,179.55,179.57,179.5,179.55,4618.6
2025-07-18T10:59:00.000000Z,179.55,179.59,179.48,179.5,11390.9
2025-07-18T11:00:00.000000Z,179.5,179.53,179.32,179.48,21035.7
2025-07-18T11:01:00.000000Z,179.47,179.6,179.47,179.56,12838.44
2025-07-18T11:02:00.000000Z,179.56,179.56,179.2,179.21,11098.53
2025-07-18T11:03:00.000000Z,179.2,179.3,179.04,179.17,22315.53
2025-07-18T11:04:00.000000Z,179.17,179.25,179.03,179.1,9512.2
2025-07-18T11:05:00.000000Z,179.1,179.18,179.06,179.14,5792.86
2025-07-18T11:06:00.000000Z,179.14,179.23,179.12,179.14,5601.43
2025-07-18T11:07:00.000000Z,179.13,179.25,179.13,179.18,4829.38
2025-07-18T11:08:00.000000Z,179.17,179.2,179.01,179.1,10405.35
2025-07-18T11:09:00.000000Z,179.1,179.19,178.99,179.19,8880.65
2025-07-18T11:10:00.000000Z,179.19,179.25,179.09,179.1,8652.17
2025-07-18T11:11:00.000000Z,179.1,179.1,178.63,178.64,22002.03
2025-07-18T11:12:00.000000Z,178.63,178.64,178.3,178.3,31927.48
2025-07-18T11:13:00.000000Z,178.3,178.4,178.25,178.29,8879.76
2025-07-18T11:14:00.000000Z,178.29,178.36,178.27,178.35,9894.0
2025-07-18T11:15:00.000000Z,178.34,178.52,178.34,178.44,11046.6
2025-07-18T11:16:00.000000Z,178.43,178.47,178.32,178.42,11178.8
2025-07-18T11:17:00.000000Z,178.42,178.44,178.06,178.1,36124.55
2025-07-18T11:18:00.000000Z,178.11,178.11,177.72,177.9,98191.4
2025-07-18T11:19:00.000000Z,177.9,177.98,177.66,177.74,46846.24
2025-07-18T11:20:00.000000Z,177.74,177.9,177.67,177.76,20314.89
2025-07-18T11:21:00.000000Z,177.77,177.77,177.0,177.5,127849.4
2025-07-18T11:22:00.000000Z,177.5,177.59,177.36,177.58,29699.72
2025-07-18T11:23:00.000000Z,177.59,177.64,177.5,177.54,16257.23
2025-07-18T11:24:00.000000Z,177.54,177.68,177.54,177.65,20093.95
2025-07-18T11:25:00.000000Z,177.66,177.77,177.62,177.75,12268.1
2025-07-18T11:26:00.000000Z,177.76,177.88,177.75,177.85,14992.57
2025-07-18T11:27:00.000000Z,177.84,178.0,177.62,177.76,25807.4
2025-07-18T11:28:00.000000Z,177.76,177.93,177.73,177.92,13560.81
2025-07-18T11:29:00.000000Z,177.92,177.93,177.86,177.87,5741.04
2025-07-18T11:30:00.000000Z,177.87,178.04,177.87,177.92,12926.39
2025-07-18T11:31:00.000000Z,177.91,177.96,177.77,177.82,20982.93
2025-07-18T11:32:00.000000Z,177.81,178.36,177.78,178.35,39228.17
2025-07-18T11:33:00.000000Z,178.36,178.38,178.16,178.23,15506.07
2025-07-18T11:34:00.000000Z,178.23,178.27,178.06,178.27,16839.14
2025-07-18T11:35:00.000000Z,178.26,178.37,178.22,178.34,6617.7
2025-07-18T11:36:00.000000Z,178.34,178.46,178.33,178.41,7062.14
2025-07-18T11:37:00.000000Z,178.4,178.51,178.34,178.46,5955.6
2025-07-18T11:38:00.000000Z,178.45,178.57,178.45,178.54,9436.23
2025-07-18T11:39:00.000000Z,178.55,178.68,178.54,178.6,7646.78
2025-07-18T11:40:00.000000Z,178.6,178.73,178.57,178.72,4888.61
2025-07-18T11:41:00.000000Z,178.73,178.74,178.55,178.58,11064.57
2025-07-18T11:42:00.000000Z,178.59,178.72,178.54,178.61,15414.65
2025-07-18T11:43:00.000000Z,178.62,178.73,178.61,178.7,7425.56
2025-07-18T11:44:00.000000Z,178.69,178.73,178.59,178.61,5896.84
2025-07-18T11:45:00.000000Z,178.6,178.65,178.5,178.5,8445.04
2025-07-18T11:46:00.000000Z,178.51,178.57,178.47,178.54,12302.39
2025-07-18T11:47:00.000000Z,178.54,178.68,178.51,178.56,4783.87
2025-07-18T11:48:00.000000Z,178.56,178.71,178.48,178.68,11039.61
2025-07-18T11:49:00.000000Z,178.68,178.68,178.45,178.54,7758.92
2025-07-18T11:50:00.000000Z,178.55,178.63,178.39,178.47,13733.59
2025-07-18T11:51:00.000000Z,178.47,178.5,178.34,178.35,6174.76
2025-07-18T11:52:00.000000Z,178.36,178.38,178.12,178.16,28168.29
2025-07-18T11:53:00.000000Z,178.16,178.36,178.13,178.3,8409.6
2025-07-18T11:54:00.000000Z,178.29,178.4,178.27,178.4,7343.02
2025-07-18T11:55:00.000000Z,178.39,178.59,178.39,178.5,7383.66
2025-07-18T11:56:00.000000Z,178.5,178.6,178.5,178.53,5844.56
2025-07-18T11:57:00.000000Z,178.52,178.52,178.42,178.44,5174.25
2025-07-18T11:58:00.000000Z,178.45,178.54,178.44,178.47,4239.0
2025-07-18T11:59:00.000000Z,178.48,178.54,178.46,178.52,3148.86
2025-07-18T12:00:00.000000Z,178.53,178.68,178.47,178.68,17794.88
2025-07-18T12:01:00.000000Z,178.67,178.72,178.59,178.62,12012.43
2025-07-18T12:02:00.000000Z,178.63,178.67,178.59,178.62,5988.78
2025-07-18T12:03:00.000000Z,178.63,178.66,178.55,178.61,5052.05
2025-07-18T12:04:00.000000Z,178.61,178.61,178.47,178.5,10325.15
2025-07-18T12:05:00.000000Z,178.5,178.67,178.49,178.56,6415.34
2025-07-18T12:06:00.000000Z,178.56,178.63,178.5,178.51,4947.29
2025-07-18T12:07:00.000000Z,178.52,178.59,178.39,178.56,17258.33
2025-07-18T12:08:00.000000Z,178.57,178.67,178.56,178.61,4560.75
2025-07-18T12:09:00.000000Z,178.61,178.61,178.36,178.46,5269.95
2025-07-18T12:10:00.000000Z,178.45,178.71,178.45,178.71,11182.6
2025-07-18T12:11:00.000000Z,178.71,178.73,178.61,178.72,9134.95
2025-07-18T12:12:00.000000Z,178.72,178.8,178.63,178.65,24702.95
2025-07-18T12:13:00.000000Z,178.65,178.8,178.62,178.79,5653.63
2025-07-18T12:14:00.000000Z,178.8,178.8,178.66,178.66,7148.03
2025-07-18T12:15:00.000000Z,178.66,178.77,178.44,178.69,12523.26
2025-07-18T12:16:00.000000Z,178.69,178.77,178.67,178.71,11688.74
2025-07-18T12:17:00.000000Z,178.71,178.8,178.69,178.77,7394.73
2025-07-18T12:18:00.000000Z,178.77,178.9,178.76,178.82,16967.68
2025-07-18T12:19:00.000000Z,178.81,178.98,178.8,178.97,30333.43
2025-07-18T12:20:00.000000Z,178.96,179.01,178.85,178.9,12614.24
2025-07-18T12:21:00.000000Z,178.9,178.96,178.77,178.95,12889.74
2025-07-18T12:22:00.000000Z,178.95,178.97,178.88,178.97,7141.12
2025-07-18T12:23:00.000000Z,178.96,179.21,178.96,179.09,27977.46
2025-07-18T12:24:00.000000Z,179.09,179.1,178.9,178.91,9029.27
2025-07-18T12:25:00.000000Z,178.9,178.94,178.8,178.91,18020.19
2025-07-18T12:26:00.000000Z,178.9,179.08,178.87,178.91,25021.65
2025-07-18T12:27:00.000000Z,178.92,179.06,178.72,179.06,15910.95
2025-07-18T12:28:00.000000Z,179.06,179.07,178.73,178.73,9574.91
2025-07-18T12:29:00.000000Z,178.73,178.93,178.73,178.9,12846.52
2025-07-18T12:30:00.000000Z,178.9,179.23,178.89,179.14,18427.67
2025-07-18T12:31:00.000000Z,179.15,179.2,179.01,179.18,22772.9
2025-07-18T12:32:00.000000Z,179.18,179.22,179.08,179.21,14832.47
2025-07-18T12:33:00.000000Z,179.21,179.22,179.11,179.12,10028.84
2025-07-18T12:34:00.000000Z,179.11,179.2,179.04,179.18,8998.79
2025-07-18T12:35:00.000000Z,179.17,179.21,179.14,179.14,15834.91
2025-07-18T12:36:00.000000Z,179.14,179.5,179.14,179.43,33145.95
2025-07-18T12:37:00.000000Z,179.43,179.45,179.34,179.41,16706.41
2025-07-18T12:38:00.000000Z,179.41,179.47,179.34,179.41,14584.36
2025-07-18T12:39:00.000000Z,179.4,179.48,179.4,179.48,11381.52
2025-07-18T12:40:00.000000Z,179.48,179.48,179.28,179.35,14235.45
2025-07-18T12:41:00.000000Z,179.36,179.42,179.35,179.42,17614.87
2025-07-18T12:42:00.000000Z,179.41,179.52,179.39,179.42,14511.06
2025-07-18T12:43:00.000000Z,179.42,179.43,179.35,179.4,11555.09
2025-07-18T12:44:00.000000Z,179.41,179.44,179.33,179.44,7760.02
2025-07-18T12:45:00.000000Z,179.44,179.46,179.32,179.44,12656.96
2025-07-18T12:46:00.000000Z,179.43,179.71,179.43,179.62,26644.69
2025-07-18T12:47:00.000000Z,179.62,179.75,179.62,179.68,19652.6
2025-07-18T12:48:00.000000Z,179.68,179.7,179.59,179.7,15904.34
2025-07-18T12:49:00.000000Z,179.7,179.77,179.65,179.68,23841.2
2025-07-18T12:50:00.000000Z,179.69,179.7,179.6,179.66,13109.12
2025-07-18T12:51:00.000000Z,179.67,179.84,179.66,179.74,15786.64
2025-07-18T12:52:00.000000Z,179.75,179.91,179.74,179.85,19164.12
2025-07-18T12:53:00.000000Z,179.86,179.93,179.81,179.86,14172.47
2025-07-18T12:54:00.000000Z,179.87,179.93,179.87,179.93,10867.57
2025-07-18T12:55:00.000000Z,179.93,179.99,179.85,179.96,23921.69
2025-07-18T12:56:00.000000Z,179.96,179.98,179.91,179.95,16425.38
2025-07-18T12:57:00.000000Z,179.95,180.0,179.91,179.97,17947.12
2025-07-18T12:58:00.000000Z,179.97,180.05,179.95,179.98,23778.31
2025-07-18T12:59:00.000000Z,179.98,180.2,179.97,180.19,41885.3
2025-07-18T13:00:00.000000Z,180.19,180.2,179.93,179.98,34623.5
2025-07-18T13:01:00.000000Z,179.99,180.15,179.96,180.11,16609.07
2025-07-18T13:02:00.000000Z,180.11,180.11,179.92,179.92,26146.22
2025-07-18T13:03:00.000000Z,179.92,179.93,179.69,179.78,46733.49
2025-07-18T13:04:00.000000Z,179.78,179.84,179.64,179.64,15508.67
2025-07-18T13:05:00.000000Z,179.64,179.86,179.28,179.32,36316.79
2025-07-18T13:06:00.000000Z,179.31,179.59,179.31,179.56,17195.57
2025-07-18T13:07:00.000000Z,179.56,179.77,179.51,179.7,17316.27
2025-07-18T13:08:00.000000Z,179.7,179.77,179.56,179.65,10499.79
2025-07-18T13:09:00.000000Z,179.64,179.85,179.63,179.85,8141.84
2025-07-18T13:10:00.000000Z,179.85,180.21,179.77,180.21,39574.43
2025-07-18T13:11:00.000000Z,180.21,180.42,180.07,180.1,47369.45
2025-07-18T13:12:00.000000Z,180.09,180.18,179.98,180.09,19923.68
2025-07-18T13:13:00.000000Z,180.09,180.18,180.01,180.05,25208.0
2025-07-18T13:14:00.000000Z,180.05,180.05,179.72,179.72,24692.63
2025-07-18T13:15:00.000000Z,179.72,179.83,179.48,179.52,20853.34
2025-07-18T13:16:00.000000Z,179.53,179.91,179.44,179.84,14436.73
2025-07-18T13:17:00.000000Z,179.84,179.97,179.75,179.83,11470.51
2025-07-18T13:18:00.000000Z,179.82,179.82,179.56,179.64,19173.69
2025-07-18T13:19:00.000000Z,179.64,179.83,179.57,179.73,8847.35
2025-07-18T13:20:00.000000Z,179.72,179.73,179.3,179.46,41624.85
2025-07-18T13:21:00.000000Z,179.45,179.45,179.3,179.37,15814.78
2025-07-18T13:22:00.000000Z,179.37,179.7,179.36,179.62,16107.73
2025-07-18T13:23:00.000000Z,179.61,179.63,179.31,179.31,7763.58
2025-07-18T13:24:00.000000Z,179.32,179.53,179.16,179.39,16561.72
2025-07-18T13:25:00.000000Z,179.39,179.65,179.35,179.51,26102.46
2025-07-18T13:26:00.000000Z,179.51,179.66,179.47,179.59,6385.26
2025-07-18T13:27:00.000000Z,179.59,180.1,179.59,180.07,13232.4
2025-07-18T13:28:00.000000Z,180.06,180.31,180.04,180.19,19101.56
2025-07-18T13:29:00.000000Z,180.19,180.31,180.18,180.23,14114.6
2025-07-18T13:30:00.000000Z,180.23,180.28,180.06,180.17,30253.28
2025-07-18T13:31:00.000000Z,180.17,180.72,180.1,180.71,45533.1
2025-07-18T13:32:00.000000Z,180.72,181.09,180.7,180.98,80257.2
2025-07-18T13:33:00.000000Z,180.98,181.24,180.82,181.23,82699.52
2025-07-18T13:34:00.000000Z,181.22,181.64,181.18,181.31,105245.09
2025-07-18T13:35:00.000000Z,181.31,182.0,181.31,181.67,71808.97
2025-07-18T13:36:00.000000Z,181.65,181.79,181.51,181.71,45569.13
2025-07-18T13:37:00.000000Z,181.7,181.93,181.61,181.92,33988.51
2025-07-18T13:38:00.000000Z,181.93,182.0,181.29,181.42,44895.33
2025-07-18T13:39:00.000000Z,181.43,182.06,181.32,181.95,41497.44
2025-07-18T13:40:00.000000Z,181.94,182.02,181.4,181.52,63087.89
2025-07-18T13:41:00.000000Z,181.53,181.9,181.53,181.79,31124.78
2025-07-18T13:42:00.000000Z,181.78,181.78,181.03,181.4,63262.19
2025-07-18T13:43:00.000000Z,181.4,181.44,181.13,181.25,19535.32
2025-07-18T13:44:00.000000Z,181.26,181.28,181.01,181.08,24473.47
2025-07-18T13:45:00.000000Z,181.08,181.57,181.01,181.47,26245.92
2025-07-18T13:46:00.000000Z,181.46,181.71,181.36,181.56,32726.81
2025-07-18T13:47:00.000000Z,181.56,181.87,181.47,181.8,19173.49
2025-07-18T13:48:00.000000Z,181.79,181.82,181.6,181.8,14502.57
2025-07-18T13:49:00.000000Z,181.81,181.85,181.61,181.61,26316.45
2025-07-18T13:50:00.000000Z,181.61,181.64,181.3,181.43,14769.49
2025-07-18T13:51:00.000000Z,181.43,181.77,181.39,181.65,16543.32
2025-07-18T13:52:00.000000Z,181.65,181.75,181.45,181.49,19735.6
2025-07-18T13:53:00.000000Z,181.48,181.59,181.31,181.47,8226.08
2025-07-18T13:54:00.000000Z,181.47,181.56,181.24,181.28,9042.22
2025-07-18T13:55:00.000000Z,181.28,181.36,181.14,181.26,14971.85
2025-07-18T13:56:00.000000Z,181.25,181.47,181.25,181.42,8299.8
2025-07-18T13:57:00.000000Z,181.43,181.44,180.8,180.83,28121.88
2025-07-18T13:58:00.000000Z,180.83,180.99,180.83,180.91,11958.47
2025-07-18T13:59:00.000000Z,180.91,180.91,180.68,180.79,27701.01
2025-07-18T14:00:00.000000Z,180.78,181.03,180.68,180.68,35522.65
2025-07-18T14:01:00.000000Z,180.68,180.76,180.55,180.74,20992.24
2025-07-18T14:02:00.000000Z,180.74,180.74,180.42,180.5,17152.93
2025-07-18T14:03:00.000000Z,180.5,180.55,180.38,180.49,16421.99
2025-07-18T14:04:00.000000Z,180.5,180.77,180.45,180.75,15113.31
2025-07-18T14:05:00.000000Z,180.75,180.8,180.48,180.55,36165.0
2025-07-18T14:06:00.000000Z,180.56,181.13,180.55,181.13,25601.03
2025-07-18T14:07:00.000000Z,181.14,181.23,180.98,181.06,14931.58
2025-07-18T14:08:00.000000Z,181.05,181.41,180.95,181.41,34029.52
2025-07-18T14:09:00.000000Z,181.41,181.43,181.11,181.33,17168.24
2025-07-18T14:10:00.000000Z,181.32,181.39,181.11,181.28,11588.83
2025-07-18T14:11:00.000000Z,181.27,181.6,181.27,181.49,28722.1
2025-07-18T14:12:00.000000Z,181.49,181.52,181.2,181.49,16905.03
2025-07-18T14:13:00.000000Z,181.49,181.5,181.3,181.34,33669.11
2025-07-18T14:14:00.000000Z,181.34,181.34,181.03,181.11,18987.93
2025-07-18T14:15:00.000000Z,181.1,181.15,180.83,180.95,20364.01
2025-07-18T14:16:00.000000Z,180.95,180.95,179.83,179.83,59955.16
2025-07-18T14:17:00.000000Z,179.83,179.98,179.11,179.62,118567.89
2025-07-18T14:18:00.000000Z,179.62,179.62,178.88,179.03,78373.12
2025-07-18T14:19:00.000000Z,179.04,179.4,178.92,179.27,43759.17
2025-07-18T14:20:00.000000Z,179.27,179.27,178.47,178.78,115520.0
2025-07-18T14:21:00.000000Z,178.77,179.61,178.68,179.4,91711.54
2025-07-18T14:22:00.000000Z,179.41,179.41,178.62,178.62,51634.41
2025-07-18T14:23:00.000000Z,178.62,178.82,178.38,178.69,82809.42
2025-07-18T14:24:00.000000Z,178.69,178.73,177.7,177.74,179690.83
2025-07-18T14:25:00.000000Z,177.74,177.96,177.61,177.78,87677.31
2025-07-18T14:26:00.000000Z,177.78,177.88,177.52,177.7,87653.17
2025-07-18T14:27:00.000000Z,177.7,178.51,177.29,178.1,143381.82
2025-07-18T14:28:00.000000Z,178.1,178.37,177.96,178.18,48204.35
2025-07-18T14:29:00.000000Z,178.18,178.26,177.88,177.98,31133.17
2025-07-18T14:30:00.000000Z,177.98,178.4,177.96,178.32,34941.3
2025-07-18T14:31:00.000000Z,178.33,178.45,177.71,177.71,36281.09
2025-07-18T14:32:00.000000Z,177.7,177.81,176.82,177.23,131191.02
2025-07-18T14:33:00.000000Z,177.24,177.6,177.11,177.57,44836.66
2025-07-18T14:34:00.000000Z,177.57,177.65,177.27,177.43,25662.76
2025-07-18T14:35:00.000000Z,177.43,177.53,177.0,177.26,52939.09
2025-07-18T14:36:00.000000Z,177.26,177.53,177.23,177.5,30879.55
2025-07-18T14:37:00.000000Z,177.5,177.92,177.47,177.64,48999.32
2025-07-18T14:38:00.000000Z,177.64,177.99,177.57,177.57,32586.37
2025-07-18T14:39:00.000000Z,177.56,177.69,177.24,177.48,43667.51
2025-07-18T14:40:00.000000Z,177.47,177.7,177.33,177.47,26667.98
2025-07-18T14:41:00.000000Z,177.46,177.46,176.78,177.01,73955.29
2025-07-18T14:42:00.000000Z,177.01,177.46,176.71,177.46,72886.64
2025-07-18T14:43:00.000000Z,177.46,177.78,177.11,177.74,52665.03
2025-07-18T14:44:00.000000Z,177.73,177.93,177.71,177.93,30426.11
2025-07-18T14:45:00.000000Z,177.92,178.39,177.92,178.33,54134.4
2025-07-18T14:46:00.000000Z,178.33,178.4,178.19,178.36,22676.64
2025-07-18T14:47:00.000000Z,178.35,178.36,177.9,178.14,32549.91
2025-07-18T14:48:00.000000Z,178.15,178.39,178.13,178.18,19893.67
2025-07-18T14:49:00.000000Z,178.18,178.3,178.03,178.09,13302.04
2025-07-18T14:50:00.000000Z,178.1,178.74,178.07,178.55,36597.7
2025-07-18T14:51:00.000000Z,178.54,178.72,178.45,178.53,20385.48
2025-07-18T14:52:00.000000Z,178.53,178.62,178.39,178.47,15516.22
2025-07-18T14:53:00.000000Z,178.47,178.63,178.39,178.63,11245.3
2025-07-18T14:54:00.000000Z,178.63,178.64,178.46,178.46,18154.5
2025-07-18T14:55:00.000000Z,178.46,178.7,178.46,178.63,17554.64
2025-07-18T14:56:00.000000Z,178.63,178.86,178.63,178.79,33766.9
2025-07-18T14:57:00.000000Z,178.79,179.07,178.79,178.85,45867.92
2025-07-18T14:58:00.000000Z,178.84,178.84,178.57,178.59,14585.07
2025-07-18T14:59:00.000000Z,178.58,178.68,178.5,178.5,16311.86
2025-07-18T15:00:00.000000Z,178.5,178.51,177.9,177.91,42843.11
2025-07-18T15:01:00.000000Z,177.9,178.34,177.86,178.32,22481.54
2025-07-18T15:02:00.000000Z,178.31,178.65,178.18,178.65,15825.46
2025-07-18T15:03:00.000000Z,178.66,178.75,178.35,178.4,13580.84
2025-07-18T15:04:00.000000Z,178.4,178.48,178.12,178.31,13913.98
2025-07-18T15:05:00.000000Z,178.3,178.75,178.23,178.73,9273.06
2025-07-18T15:06:00.000000Z,178.72,178.81,178.54,178.55,16459.75
2025-07-18T15:07:00.000000Z,178.54,178.59,178.11,178.15,14711.51
2025-07-18T15:08:00.000000Z,178.15,178.31,178.05,178.18,11028.78
2025-07-18T15:09:00.000000Z,178.18,178.47,178.14,178.16,10533.8
2025-07-18T15:10:00.000000Z,178.15,178.7,178.15,178.4,15821.77
2025-07-18T15:11:00.000000Z,178.4,178.54,177.85,177.85,17754.38
2025-07-18T15:12:00.000000Z,177.84,177.84,177.42,177.5,41238.28
2025-07-18T15:13:00.000000Z,177.5,177.64,177.38,177.63,21101.57
2025-07-18T15:14:00.000000Z,177.63,177.63,177.12,177.18,38232.33
2025-07-18T15:15:00.000000Z,177.19,177.52,177.02,177.5,45740.13
2025-07-18T15:16:00.000000Z,177.49,177.63,177.26,177.41,20067.01
2025-07-18T15:17:00.000000Z,177.41,177.47,176.6,176.72,98806.75
2025-07-18T15:18:00.000000Z,176.72,176.73,176.24,176.47,100803.73
2025-07-18T15:19:00.000000Z,176.47,176.5,175.54,175.86,213258.93
2025-07-18T15:20:00.000000Z,175.87,176.33,175.87,176.28,55426.94
2025-07-18T15:21:00.000000Z,176.28,176.28,176.01,176.21,36774.47
2025-07-18T15:22:00.000000Z,176.2,176.69,176.17,176.26,41678.9
2025-07-18T15:23:00.000000Z,176.27,176.32,175.89,176.03,32447.87
2025-07-18T15:24:00.000000Z,176.03,176.04,175.61,175.71,58620.65
2025-07-18T15:25:00.000000Z,175.71,175.78,175.36,175.6,126974.62
2025-07-18T15:26:00.000000Z,175.6,176.3,175.48,176.3,41302.58
2025-07-18T15:27:00.000000Z,176.29,176.39,176.01,176.03,33264.43
2025-07-18T15:28:00.000000Z,176.03,176.38,175.88,176.26,38295.52
2025-07-18T15:29:00.000000Z,176.26,176.3,176.11,176.21,32025.8
2025-07-18T15:30:00.000000Z,176.2,176.43,176.18,176.43,19976.21
2025-07-18T15:31:00.000000Z,176.43,176.48,176.25,176.36,28240.49
2025-07-18T15:32:00.000000Z,176.35,176.5,176.3,176.39,15187.73
2025-07-18T15:33:00.000000Z,176.38,176.61,176.3,176.56,18035.09
2025-07-18T15:34:00.000000Z,176.55,176.56,176.34,176.46,10787.83
2025-07-18T15:35:00.000000Z,176.45,176.58,176.22,176.24,10886.35
2025-07-18T15:36:00.000000Z,176.24,176.35,175.5,175.54,41259.44
2025-07-18T15:37:00.000000Z,175.53,176.14,175.32,175.98,38484.03
2025-07-18T15:38:00.000000Z,175.97,176.15,175.84,175.99,19532.92
2025-07-18T15:39:00.000000Z,175.98,176.25,175.89,175.96,19551.56
2025-07-18T15:40:00.000000Z,175.95,176.12,175.89,176.08,14528.37
2025-07-18T15:41:00.000000Z,176.07,176.28,175.99,176.06,24002.88
2025-07-18T15:42:00.000000Z,176.05,176.05,174.87,175.18,197609.19
2025-07-18T15:43:00.000000Z,175.18,176.12,175.06,176.08,46609.48
2025-07-18T15:44:00.000000Z,176.07,176.14,175.84,176.03,25327.67
2025-07-18T15:45:00.000000Z,176.02,176.08,175.56,175.7,33036.28
2025-07-18T15:46:00.000000Z,175.69,176.12,175.69,176.12,59933.6
2025-07-18T15:47:00.000000Z,176.11,176.4,176.04,176.28,37904.09
2025-07-18T15:48:00.000000Z,176.29,176.49,176.07,176.49,36398.76
2025-07-18T15:49:00.000000Z,176.49,176.49,176.27,176.39,21593.33
2025-07-18T15:50:00.000000Z,176.4,176.69,176.39,176.58,16156.85
2025-07-18T15:51:00.000000Z,176.58,176.85,176.56,176.8,24912.62
2025-07-18T15:52:00.000000Z,176.8,176.9,176.71,176.9,41768.0
2025-07-18T15:53:00.000000Z,176.9,177.0,176.67,176.7,16558.22
2025-07-18T15:54:00.000000Z,176.7,176.88,176.66,176.69,10448.02
2025-07-18T15:55:00.000000Z,176.69,176.74,176.48,176.68,18520.77
2025-07-18T15:56:00.000000Z,176.68,176.98,176.67,176.82,19818.79
2025-07-18T15:57:00.000000Z,176.81,177.04,176.77,176.77,12999.55
2025-07-18T15:58:00.000000Z,176.77,176.94,176.77,176.9,7328.07
2025-07-18T15:59:00.000000Z,176.89,177.1,176.85,177.0,20826.68
2025-07-18T16:00:00.000000Z,176.99,177.39,176.96,177.34,49108.64
2025-07-18T16:01:00.000000Z,177.34,177.43,177.16,177.23,25398.43
2025-07-18T16:02:00.000000Z,177.23,177.4,177.17,177.39,19496.03
2025-07-18T16:03:00.000000Z,177.39,177.78,177.39,177.5,49478.58
2025-07-18T16:04:00.000000Z,177.5,177.51,177.06,177.37,20250.5
2025-07-18T16:05:00.000000Z,177.36,177.55,177.25,177.51,18218.62
2025-07-18T16:06:00.000000Z,177.51,177.6,177.29,177.29,22918.01
2025-07-18T16:07:00.000000Z,177.3,177.36,176.9,177.19,27659.95
2025-07-18T16:08:00.000000Z,177.2,177.2,176.68,176.72,34575.99
2025-07-18T16:09:00.000000Z,176.73,176.93,176.58,176.85,23201.4
2025-07-18T16:10:00.000000Z,176.85,177.16,176.73,176.94,48546.65
2025-07-18T16:11:00.000000Z,176.93,177.18,176.91,177.16,10526.02
2025-07-18T16:12:00.000000Z,177.18,177.21,176.68,176.68,7013.67
2025-07-18T16:13:00.000000Z,176.68,176.97,176.68,176.9,13108.13
2025-07-18T16:14:00.000000Z,176.9,176.9,176.62,176.63,7458.08
2025-07-18T16:15:00.000000Z,176.63,176.64,176.15,176.17,45960.22
2025-07-18T16:16:00.000000Z,176.17,176.9,176.14,176.86,31465.85
2025-07-18T16:17:00.000000Z,176.85,176.95,176.71,176.93,18011.16
2025-07-18T16:18:00.000000Z,176.93,176.94,176.73,176.86,9013.26
2025-07-18T16:19:00.000000Z,176.86,177.51,176.86,177.42,23106.29
2025-07-18T16:20:00.000000Z,177.42,177.6,177.17,177.17,16010.09
2025-07-18T16:21:00.000000Z,177.17,177.41,177.12,177.36,9215.87
2025-07-18T16:22:00.000000Z,177.36,177.6,177.18,177.57,12628.46
2025-07-18T16:23:00.000000Z,177.57,177.64,177.43,177.58,15019.7
2025-07-18T16:24:00.000000Z,177.59,177.8,177.5,177.78,11655.96
2025-07-18T16:25:00.000000Z,177.77,178.0,177.69,177.93,48402.83
2025-07-18T16:26:00.000000Z,177.93,178.15,177.89,177.95,38634.45
2025-07-18T16:27:00.000000Z,177.94,178.14,177.85,177.97,21413.19
2025-07-18T16:28:00.000000Z,177.98,178.07,177.93,177.96,14331.38
2025-07-18T16:29:00.000000Z,177.96,178.35,177.96,178.06,34410.43
2025-07-18T16:30:00.000000Z,178.07,178.15,178.01,178.01,21354.55
2025-07-18T16:31:00.000000Z,178.01,178.09,177.92,177.93,11632.83
2025-07-18T16:32:00.000000Z,177.94,178.27,177.89,178.15,20244.95
2025-07-18T16:33:00.000000Z,178.15,178.16,177.92,177.97,14254.04
2025-07-18T16:34:00.000000Z,177.97,178.03,177.62,177.65,42004.43
2025-07-18T16:35:00.000000Z,177.65,178.26,177.41,178.2,41785.76
2025-07-18T16:36:00.000000Z,178.2,178.26,177.88,178.05,16211.41
2025-07-18T16:37:00.000000Z,178.05,178.37,178.02,178.02,19344.18
2025-07-18T16:38:00.000000Z,178.03,178.64,178.02,178.59,31543.17
2025-07-18T16:39:00.000000Z,178.59,178.62,178.4,178.62,15150.86
2025-07-18T16:40:00.000000Z,178.62,178.96,178.58,178.95,43115.84
2025-07-18T16:41:00.000000Z,178.96,179.07,178.81,178.92,39558.24
2025-07-18T16:42:00.000000Z,178.91,178.96,178.59,178.59,14131.35
2025-07-18T16:43:00.000000Z,178.59,178.85,178.48,178.84,13838.56
2025-07-18T16:44:00.000000Z,178.84,178.98,178.82,178.82,10544.33
2025-07-18T16:45:00.000000Z,178.82,178.99,178.75,178.98,10682.93
2025-07-18T16:46:00.000000Z,178.99,179.09,178.66,178.73,32891.83
2025-07-18T16:47:00.000000Z,178.73,178.89,178.65,178.66,12153.77
2025-07-18T16:48:00.000000Z,178.65,178.66,178.47,178.55,15573.06
2025-07-18T16:49:00.000000Z,178.54,178.79,178.47,178.73,11136.78
2025-07-18T16:50:00.000000Z,178.74,178.8,178.66,178.78,14744.83
2025-07-18T16:51:00.000000Z,178.78,178.95,178.69,178.93,8623.93
2025-07-18T16:52:00.000000Z,178.93,178.95,178.49,178.54,17432.08
2025-07-18T16:53:00.000000Z,178.55,178.56,178.32,178.46,15960.08
2025-07-18T16:54:00.000000Z,178.46,178.55,178.36,178.44,10353.09
2025-07-18T16:55:00.000000Z,178.44,178.58,178.38,178.48,5012.98
2025-07-18T16:56:00.000000Z,178.48,178.59,178.48,178.51,3244.21
2025-07-18T16:57:00.000000Z,178.5,178.5,178.24,178.27,8454.17
2025-07-18T16:58:00.000000Z,178.27,178.31,178.06,178.13,16707.94
2025-07-18T16:59:00.000000Z,178.13,178.38,177.9,178.37,17242.87
2025-07-18T17:00:00.000000Z,178.38,178.44,178.25,178.25,13037.9
2025-07-18T17:01:00.000000Z,178.25,178.4,178.11,178.19,29651.8
2025-07-18T17:02:00.000000Z,178.18,178.18,177.82,177.98,43748.23
2025-07-18T17:03:00.000000Z,177.99,178.09,177.8,177.91,27799.79
2025-07-18T17:04:00.000000Z,177.91,177.92,177.66,177.69,19493.8
2025-07-18T17:05:00.000000Z,177.7,178.3,177.66,178.26,12528.01
2025-07-18T17:06:00.000000Z,178.25,178.4,178.19,178.3,11158.61
2025-07-18T17:07:00.000000Z,178.29,178.33,178.17,178.21,6060.4
2025-07-18T17:08:00.000000Z,178.21,178.34,178.03,178.23,10297.36
2025-07-18T17:09:00.000000Z,178.22,178.23,178.04,178.23,6726.22
2025-07-18T17:10:00.000000Z,178.22,178.23,177.86,177.95,18342.34
2025-07-18T17:11:00.000000Z,177.95,178.21,177.95,178.17,4775.73
2025-07-18T17:12:00.000000Z,178.16,178.35,178.16,178.35,4691.86
2025-07-18T17:13:00.000000Z,178.34,178.35,178.03,178.05,6594.84
2025-07-18T17:14:00.000000Z,178.04,178.05,177.93,178.03,12752.46
2025-07-18T17:15:00.000000Z,178.02,178.17,178.01,178.02,13450.59
2025-07-18T17:16:00.000000Z,178.01,178.21,177.99,178.21,4303.18
2025-07-18T17:17:00.000000Z,178.2,178.43,178.16,178.43,7928.38
2025-07-18T17:18:00.000000Z,178.42,178.42,178.01,178.01,20135.05
2025-07-18T17:19:00.000000Z,178.01,178.26,178.0,178.15,10613.75
2025-07-18T17:20:00.000000Z,178.15,178.38,177.98,178.38,8146.47
2025-07-18T17:21:00.000000Z,178.37,178.41,178.16,178.25,10044.29
2025-07-18T17:22:00.000000Z,178.24,178.67,178.2,178.46,30996.17
2025-07-18T17:23:00.000000Z,178.46,178.67,178.38,178.49,18893.84
2025-07-18T17:24:00.000000Z,178.49,178.75,178.49,178.58,28659.52
2025-07-18T17:25:00.000000Z,178.57,178.68,178.51,178.52,9241.69
2025-07-18T17:26:00.000000Z,178.52,178.58,178.35,178.45,14263.32
2025-07-18T17:27:00.000000Z,178.46,178.67,178.45,178.64,31609.86
2025-07-18T17:28:00.000000Z,178.64,178.77,178.63,178.76,5211.07
2025-07-18T17:29:00.000000Z,178.77,178.99,178.76,178.83,23442.28
2025-07-18T17:30:00.000000Z,178.82,178.82,178.65,178.68,7673.48
2025-07-18T17:31:00.000000Z,178.67,178.89,178.52,178.76,17777.94
2025-07-18T17:32:00.000000Z,178.76,178.81,178.66,178.8,9320.82
2025-07-18T17:33:00.000000Z,178.8,178.85,178.39,178.53,20801.21
2025-07-18T17:34:00.000000Z,178.52,178.75,178.49,178.73,13484.26
2025-07-18T17:35:00.000000Z,178.74,178.92,178.73,178.85,7228.32
2025-07-18T17:36:00.000000Z,178.85,178.95,178.81,178.88,8617.36
2025-07-18T17:37:00.000000Z,178.88,178.98,178.87,178.9,10103.97
2025-07-18T17:38:00.000000Z,178.9,179.09,178.89,179.09,7332.75
2025-07-18T17:39:00.000000Z,179.08,179.09,179.0,179.09,8277.0
2025-07-18T17:40:00.000000Z,179.08,179.1,178.89,178.9,7426.9
2025-07-18T17:41:00.000000Z,178.89,178.91,178.73,178.75,17204.16
2025-07-18T17:42:00.000000Z,178.75,178.8,178.59,178.8,9949.88
2025-07-18T17:43:00.000000Z,178.79,178.8,178.36,178.36,14178.55
2025-07-18T17:44:00.000000Z,178.36,178.52,178.25,178.47,10349.76
2025-07-18T17:45:00.000000Z,178.47,178.58,178.4,178.44,4139.59
2025-07-18T17:46:00.000000Z,178.44,178.66,178.37,178.39,8155.73
2025-07-18T17:47:00.000000Z,178.39,178.7,178.34,178.69,4353.01
2025-07-18T17:48:00.000000Z,178.69,178.7,178.47,178.6,4488.01
2025-07-18T17:49:00.000000Z,178.6,178.71,178.51,178.58,4666.68
2025-07-18T17:50:00.000000Z,178.59,178.59,178.22,178.36,8344.4
2025-07-18T17:51:00.000000Z,178.36,178.42,178.17,178.34,11856.58
2025-07-18T17:52:00.000000Z,178.34,178.5,178.29,178.42,6542.0
2025-07-18T17:53:00.000000Z,178.41,178.5,178.39,178.48,4289.65
2025-07-18T17:54:00.000000Z,178.48,178.54,178.4,178.4,5510.01
2025-07-18T17:55:00.000000Z,178.4,178.52,178.3,178.31,7859.92
2025-07-18T17:56:00.000000Z,178.3,178.54,178.27,178.49,6375.46
2025-07-18T17:57:00.000000Z,178.48,178.56,178.44,178.56,3536.84
2025-07-18T17:58:00.000000Z,178.57,178.69,178.52,178.57,4721.47
2025-07-18T17:59:00.000000Z,178.57,178.62,178.43,178.47,10028.38
2025-07-18T18:00:00.000000Z,178.47,178.5,178.28,178.28,6268.05
2025-07-18T18:01:00.000000Z,178.28,178.49,178.27,178.41,9883.81
2025-07-18T18:02:00.000000Z,178.41,178.42,178.28,178.34,4906.21
2025-07-18T18:03:00.000000Z,178.33,178.37,178.22,178.27,6772.7
2025-07-18T18:04:00.000000Z,178.27,178.27,178.07,178.14,9061.77
2025-07-18T18:05:00.000000Z,178.13,178.13,177.83,178.09,32805.49
2025-07-18T18:06:00.000000Z,178.08,178.25,177.96,178.25,9286.94
2025-07-18T18:07:00.000000Z,178.24,178.43,178.22,178.27,24266.25
2025-07-18T18:08:00.000000Z,178.27,178.27,177.96,177.96,11230.44
2025-07-18T18:09:00.000000Z,177.95,178.11,177.94,178.02,5366.89
2025-07-18T18:10:00.000000Z,178.02,178.02,177.81,177.83,8702.92
2025-07-18T18:11:00.000000Z,177.83,177.92,177.71,177.89,19230.11
2025-07-18T18:12:00.000000Z,177.89,177.95,177.61,177.94,23193.3
2025-07-18T18:13:00.000000Z,177.94,178.01,177.76,177.8,9938.16
2025-07-18T18:14:00.000000Z,177.81,177.93,177.65,177.8,16485.74
2025-07-18T18:15:00.000000Z,177.79,177.84,177.48,177.57,23971.17
2025-07-18T18:16:00.000000Z,177.58,178.21,177.54,178.21,24394.07
2025-07-18T18:17:00.000000Z,178.21,178.24,177.97,178.23,10860.9
2025-07-18T18:18:00.000000Z,178.23,178.23,177.96,178.09,8745.95
2025-07-18T18:19:00.000000Z,178.09,178.14,177.97,178.03,4504.33
2025-07-18T18:20:00.000000Z,178.03,178.39,178.03,178.24,8140.72
2025-07-18T18:21:00.000000Z,178.23,178.38,178.2,178.27,8601.78
2025-07-18T18:22:00.000000Z,178.26,178.39,178.0,178.03,9281.32
2025-07-18T18:23:00.000000Z,178.04,178.25,178.03,178.09,3595.69
2025-07-18T18:24:00.000000Z,178.09,178.35,178.01,178.3,11068.57
2025-07-18T18:25:00.000000Z,178.3,178.3,178.06,178.06,12134.48
2025-07-18T18:26:00.000000Z,178.05,178.22,178.0,178.22,6184.32
2025-07-18T18:27:00.000000Z,178.21,178.25,178.1,178.24,3033.48
2025-07-18T18:28:00.000000Z,178.24,178.33,178.18,178.28,4300.11
2025-07-18T18:29:00.000000Z,178.29,178.56,178.29,178.49,12234.37
2025-07-18T18:30:00.000000Z,178.48,178.8,178.48,178.79,25405.55
2025-07-18T18:31:00.000000Z,178.79,178.8,178.52,178.54,7204.87
2025-07-18T18:32:00.000000Z,178.54,178.58,178.29,178.38,13694.13
2025-07-18T18:33:00.000000Z,178.37,178.63,178.3,178.54,8291.24
2025-07-18T18:34:00.000000Z,178.54,178.58,178.23,178.31,7378.89
2025-07-18T18:35:00.000000Z,178.31,178.45,178.22,178.4,5960.25
2025-07-18T18:36:00.000000Z,178.4,178.5,178.38,178.43,15754.04
2025-07-18T18:37:00.000000Z,178.43,178.62,178.42,178.47,9747.22
2025-07-18T18:38:00.000000Z,178.47,178.52,178.21,178.22,9342.2
2025-07-18T18:39:00.000000Z,178.22,178.4,178.22,178.23,3284.32
2025-07-18T18:40:00.000000Z,178.23,178.38,178.22,178.3,2969.86
2025-07-18T18:41:00.000000Z,178.3,178.41,178.22,178.41,3462.17
2025-07-18T18:42:00.000000Z,178.41,178.41,178.14,178.15,4968.61
2025-07-18T18:43:00.000000Z,178.15,178.23,178.04,178.21,20949.67
2025-07-18T18:44:00.000000Z,178.21,178.26,178.17,178.19,3106.61
2025-07-18T18:45:00.000000Z,178.19,178.25,177.96,177.98,4582.59
2025-07-18T18:46:00.000000Z,177.97,177.99,177.66,177.72,15729.71
2025-07-18T18:47:00.000000Z,177.72,177.96,177.71,177.92,9493.66
2025-07-18T18:48:00.000000Z,177.92,178.18,177.91,178.18,5054.24
2025-07-18T18:49:00.000000Z,178.18,178.34,178.09,178.31,4794.97
2025-07-18T18:50:00.000000Z,178.31,178.5,178.23,178.5,20456.69
2025-07-18T18:51:00.000000Z,178.5,178.52,178.32,178.39,9538.92
2025-07-18T18:52:00.000000Z,178.39,178.54,178.27,178.27,12957.19
2025-07-18T18:53:00.000000Z,178.28,178.45,178.18,178.45,4324.96
2025-07-18T18:54:00.000000Z,178.45,178.51,178.36,178.41,7435.24
2025-07-18T18:55:00.000000Z,178.42,178.48,178.11,178.14,7396.29
2025-07-18T18:56:00.000000Z,178.14,178.23,178.03,178.2,4019.67
2025-07-18T18:57:00.000000Z,178.2,178.2,177.96,177.96,4693.28
2025-07-18T18:58:00.000000Z,177.97,178.03,177.7,177.75,18146.96
2025-07-18T18:59:00.000000Z,177.76,177.93,177.66,177.93,12901.6
2025-07-18T19:00:00.000000Z,177.92,178.15,177.89,177.93,14995.1
2025-07-18T19:01:00.000000Z,177.94,177.98,177.54,177.64,18964.35
2025-07-18T19:02:00.000000Z,177.65,177.65,177.18,177.18,48853.77
2025-07-18T19:03:00.000000Z,177.18,177.29,176.87,176.99,66512.69
2025-07-18T19:04:00.000000Z,176.99,177.49,176.77,177.44,55261.83
2025-07-18T19:05:00.000000Z,177.44,177.44,176.98,176.98,22219.75
2025-07-18T19:06:00.000000Z,176.98,177.01,176.63,176.93,55242.5
2025-07-18T19:07:00.000000Z,176.92,176.92,176.67,176.71,25999.21
2025-07-18T19:08:00.000000Z,176.7,176.97,176.59,176.84,41091.81
2025-07-18T19:09:00.000000Z,176.84,176.91,176.58,176.87,15936.05
2025-07-18T19:10:00.000000Z,176.87,177.04,176.76,176.77,11726.81
2025-07-18T19:11:00.000000Z,176.77,177.09,176.75,176.77,10841.95
2025-07-18T19:12:00.000000Z,176.77,177.04,176.61,176.9,18375.6
2025-07-18T19:13:00.000000Z,176.9,177.05,176.84,176.96,9624.6
2025-07-18T19:14:00.000000Z,176.95,176.99,176.68,176.83,8904.82
2025-07-18T19:15:00.000000Z,176.84,177.05,176.84,176.96,17174.9
2025-07-18T19:16:00.000000Z,176.97,177.61,176.97,177.58,35772.76
2025-07-18T19:17:00.000000Z,177.58,177.71,177.46,177.63,16569.16
2025-07-18T19:18:00.000000Z,177.63,177.78,177.61,177.7,11140.62
2025-07-18T19:19:00.000000Z,177.69,177.83,177.59,177.82,7431.13
2025-07-18T19:20:00.000000Z,177.83,177.93,177.74,177.81,9514.66
2025-07-18T19:21:00.000000Z,177.81,178.35,177.81,178.35,36670.27
2025-07-18T19:22:00.000000Z,178.35,178.44,178.28,178.31,11877.21
2025-07-18T19:23:00.000000Z,178.3,178.45,178.27,178.45,9036.82
2025-07-18T19:24:00.000000Z,178.45,178.52,178.28,178.34,21488.97
2025-07-18T19:25:00.000000Z,178.33,178.35,178.1,178.12,7157.02
2025-07-18T19:26:00.000000Z,178.12,178.35,178.1,178.32,8031.07
2025-07-18T19:27:00.000000Z,178.31,178.31,178.05,178.12,5297.25
2025-07-18T19:28:00.000000Z,178.12,178.16,178.05,178.09,3597.74
2025-07-18T19:29:00.000000Z,178.1,178.1,177.91,177.91,5110.01
2025-07-18T19:30:00.000000Z,177.91,177.96,177.61,177.67,23017.27
2025-07-18T19:31:00.000000Z,177.67,177.67,177.37,177.38,15815.41
2025-07-18T19:32:00.000000Z,177.37,177.53,177.31,177.35,12457.16
2025-07-18T19:33:00.000000Z,177.35,177.68,177.34,177.66,8182.72
2025-07-18T19:34:00.000000Z,177.65,177.76,177.61,177.62,13170.6
2025-07-18T19:35:00.000000Z,177.63,177.63,177.41,177.54,8942.86
2025-07-18T19:36:00.000000Z,177.55,177.69,177.49,177.5,5511.28
2025-07-18T19:37:00.000000Z,177.49,177.53,177.39,177.49,5660.94
2025-07-18T19:38:00.000000Z,177.49,177.55,177.25,177.26,4162.58
2025-07-18T19:39:00.000000Z,177.25,177.49,177.25,177.44,13685.05
2025-07-18T19:40:00.000000Z,177.43,177.43,176.98,176.98,15407.47
2025-07-18T19:41:00.000000Z,176.98,177.14,176.95,177.08,16568.61
2025-07-18T19:42:00.000000Z,177.08,177.19,177.05,177.08,6007.93
2025-07-18T19:43:00.000000Z,177.08,177.1,176.94,177.02,7568.44
2025-07-18T19:44:00.000000Z,177.02,177.02,176.91,176.95,4427.69
2025-07-18T19:45:00.000000Z,176.95,176.95,176.63,176.72,20016.18
2025-07-18T19:46:00.000000Z,176.71,176.71,176.34,176.41,42823.12
2025-07-18T19:47:00.000000Z,176.4,176.44,176.15,176.19,20100.22
2025-07-18T19:48:00.000000Z,176.18,176.34,176.13,176.14,14607.05
2025-07-18T19:49:00.000000Z,176.15,176.32,176.13,176.28,10614.76
2025-07-18T19:50:00.000000Z,176.29,176.39,176.12,176.32,15678.79
2025-07-18T19:51:00.000000Z,176.33,176.42,176.2,176.24,7764.48
2025-07-18T19:52:00.000000Z,176.23,176.32,176.2,176.29,7069.14
2025-07-18T19:53:00.000000Z,176.28,176.65,176.26,176.64,21846.11
2025-07-18T19:54:00.000000Z,176.65,176.72,176.58,176.68,14657.09
2025-07-18T19:55:00.000000Z,176.68,176.68,176.49,176.56,8193.3
2025-07-18T19:56:00.000000Z,176.57,176.64,176.55,176.61,3417.01
2025-07-18T19:57:00.000000Z,176.61,176.69,176.57,176.65,8328.16
2025-07-18T19:58:00.000000Z,176.65,176.68,176.43,176.43,10605.58
2025-07-18T19:59:00.000000Z,176.43,177.04,176.43,176.92,22624.06
2025-07-18T20:00:00.000000Z,176.93,177.03,176.81,177.01,11550.04
2025-07-18T20:01:00.000000Z,177.02,177.09,176.86,177.02,7772.3
2025-07-18T20:02:00.000000Z,177.02,177.05,176.78,176.86,7898.68
2025-07-18T20:03:00.000000Z,176.85,176.91,176.72,176.86,9404.24
2025-07-18T20:04:00.000000Z,176.86,176.86,176.34,176.43,24501.88
2025-07-18T20:05:00.000000Z,176.43,176.59,176.42,176.58,11932.64
2025-07-18T20:06:00.000000Z,176.58,176.58,176.14,176.17,32554.01
2025-07-18T20:07:00.000000Z,176.18,176.18,175.68,175.68,83856.25
2025-07-18T20:08:00.000000Z,175.68,175.87,175.52,175.74,28593.62
2025-07-18T20:09:00.000000Z,175.74,175.83,175.62,175.8,21025.85
2025-07-18T20:10:00.000000Z,175.8,175.8,175.46,175.5,27525.6
2025-07-18T20:11:00.000000Z,175.51,175.98,175.51,175.8,16179.73
2025-07-18T20:12:00.000000Z,175.81,176.0,175.79,175.82,10415.22
2025-07-18T20:13:00.000000Z,175.82,176.1,175.48,176.04,20666.0
2025-07-18T20:14:00.000000Z,176.04,176.05,175.79,175.94,15304.86
2025-07-18T20:15:00.000000Z,175.94,176.19,175.91,175.93,12622.43
2025-07-18T20:16:00.000000Z,175.94,176.39,175.94,176.12,17861.94
2025-07-18T20:17:00.000000Z,176.12,176.33,176.06,176.3,13295.42
2025-07-18T20:18:00.000000Z,176.31,176.36,176.16,176.25,10711.75
2025-07-18T20:19:00.000000Z,176.25,176.29,175.5,175.57,26837.84
2025-07-18T20:20:00.000000Z,175.57,176.15,175.56,176.15,24270.93
2025-07-18T20:21:00.000000Z,176.15,176.15,175.67,175.75,11888.43
2025-07-18T20:22:00.000000Z,175.76,175.88,175.05,175.13,44840.67
2025-07-18T20:23:00.000000Z,175.13,175.14,174.62,174.67,156426.5
2025-07-18T20:24:00.000000Z,174.68,174.86,174.58,174.84,37801.92
2025-07-18T20:25:00.000000Z,174.85,175.19,174.73,175.12,26626.36
2025-07-18T20:26:00.000000Z,175.12,175.12,174.74,174.88,23560.55
2025-07-18T20:27:00.000000Z,174.88,174.91,174.0,174.29,125724.05
2025-07-18T20:28:00.000000Z,174.29,174.3,174.03,174.3,27567.84
2025-07-18T20:29:00.000000Z,174.3,174.31,174.03,174.2,22043.18
2025-07-18T20:30:00.000000Z,174.21,174.63,174.21,174.21,43250.44
2025-07-18T20:31:00.000000Z,174.22,174.42,173.82,173.99,67630.19
2025-07-18T20:32:00.000000Z,173.99,174.12,173.54,174.04,77344.69
2025-07-18T20:33:00.000000Z,174.05,174.21,173.77,174.11,27269.14
2025-07-18T20:34:00.000000Z,174.1,174.13,173.136,173.28,78123.37
2025-07-18T20:35:00.000000Z,173.28,173.83,173.22,173.67,99069.76
2025-07-18T20:36:00.000000Z,173.67,174.19,173.67,173.97,47558.97
2025-07-18T20:37:00.000000Z,173.97,174.08,173.66,173.93,19650.95
2025-07-18T20:38:00.000000Z,173.92,174.21,173.87,174.03,27394.44
2025-07-18T20:39:00.000000Z,174.01,174.12,173.7,173.78,19057.31
2025-07-18T20:40:00.000000Z,173.78,173.95,173.45,173.79,31900.67
2025-07-18T20:41:00.000000Z,173.79,173.94,173.66,173.76,18127.35
2025-07-18T20:42:00.000000Z,173.76,174.34,173.76,174.34,19701.02
2025-07-18T20:43:00.000000Z,174.35,174.61,174.35,174.44,30995.81
2025-07-18T20:44:00.000000Z,174.44,174.62,174.39,174.55,14396.74
2025-07-18T20:45:00.000000Z,174.55,174.96,174.41,174.85,27954.65
2025-07-18T20:46:00.000000Z,174.85,174.91,174.74,174.9,18461.74
2025-07-18T20:47:00.000000Z,174.9,175.19,174.89,175.18,23287.64
2025-07-18T20:48:00.000000Z,175.17,175.43,175.07,175.34,30544.95
2025-07-18T20:49:00.000000Z,175.34,175.55,175.32,175.5,29062.46
2025-07-18T20:50:00.000000Z,175.49,175.56,175.06,175.09,17709.3
2025-07-18T20:51:00.000000Z,175.1,175.58,175.1,175.58,26947.75
2025-07-18T20:52:00.000000Z,175.58,175.7,175.46,175.59,24987.73
2025-07-18T20:53:00.000000Z,175.59,175.76,175.55,175.61,27509.77
2025-07-18T20:54:00.000000Z,175.61,175.75,175.32,175.41,23132.0
2025-07-18T20:55:00.000000Z,175.41,175.68,175.37,175.68,16914.54
2025-07-18T20:56:00.000000Z,175.68,175.76,175.59,175.61,16554.0
2025-07-18T20:57:00.000000Z,175.62,175.71,175.55,175.61,14543.61
2025-07-18T20:58:00.000000Z,175.62,175.67,175.53,175.56,9696.69
2025-07-18T20:59:00.000000Z,175.57,175.66,175.26,175.26,26420.3
2025-07-18T21:00:00.000000Z,175.26,175.55,175.14,175.55,25487.26
2025-07-18T21:01:00.000000Z,175.54,175.7,175.35,175.67,9375.25
2025-07-18T21:02:00.000000Z,175.68,175.82,175.6,175.8,15733.71
2025-07-18T21:03:00.000000Z,175.81,176.1,175.76,176.0,27949.39
2025-07-18T21:04:00.000000Z,176.0,176.09,175.97,176.01,16860.24
2025-07-18T21:05:00.000000Z,176.01,176.23,176.01,176.08,18516.25
2025-07-18T21:06:00.000000Z,176.08,176.3,176.08,176.29,13440.35
2025-07-18T21:07:00.000000Z,176.29,176.3,175.89,175.91,12239.94
2025-07-18T21:08:00.000000Z,175.92,176.15,175.92,176.11,12828.65
2025-07-18T21:09:00.000000Z,176.12,176.15,176.05,176.14,5021.76
2025-07-18T21:10:00.000000Z,176.13,176.34,176.03,176.3,35208.97
2025-07-18T21:11:00.000000Z,176.3,176.39,176.23,176.36,17030.33
2025-07-18T21:12:00.000000Z,176.36,176.4,176.26,176.26,7856.92
2025-07-18T21:13:00.000000Z,176.26,176.46,176.26,176.44,9764.58
2025-07-18T21:14:00.000000Z,176.44,176.48,176.4,176.41,7627.95
2025-07-18T21:15:00.000000Z,176.41,176.42,176.11,176.16,16156.61
2025-07-18T21:16:00.000000Z,176.16,176.51,176.15,176.4,12250.36
2025-07-18T21:17:00.000000Z,176.4,176.71,176.4,176.63,18543.39
2025-07-18T21:18:00.000000Z,176.64,176.75,176.44,176.64,8647.03
2025-07-18T21:19:00.000000Z,176.64,176.75,176.6,176.75,4645.05
2025-07-18T21:20:00.000000Z,176.75,176.75,176.46,176.66,18093.26
2025-07-18T21:21:00.000000Z,176.66,176.81,176.65,176.78,13403.85
2025-07-18T21:22:00.000000Z,176.78,176.81,176.63,176.76,12748.6
2025-07-18T21:23:00.000000Z,176.75,176.8,176.71,176.76,13673.08
2025-07-18T21:24:00.000000Z,176.77,176.8,176.7,176.74,7980.87
2025-07-18T21:25:00.000000Z,176.74,176.79,176.58,176.58,10452.73
2025-07-18T21:26:00.000000Z,176.57,176.65,176.24,176.25,23731.77
2025-07-18T21:27:00.000000Z,176.24,176.31,176.15,176.23,18901.47
2025-07-18T21:28:00.000000Z,176.23,176.27,176.12,176.24,9785.63
2025-07-18T21:29:00.000000Z,176.24,176.33,176.18,176.32,5138.4
2025-07-18T21:30:00.000000Z,176.33,176.38,176.19,176.29,14046.77
2025-07-18T21:31:00.000000Z,176.29,176.47,176.26,176.43,20415.8
2025-07-18T21:32:00.000000Z,176.43,176.49,176.38,176.42,8409.6
2025-07-18T21:33:00.000000Z,176.43,176.71,176.42,176.67,22230.0
2025-07-18T21:34:00.000000Z,176.67,176.69,176.57,176.67,6508.81
2025-07-18T21:35:00.000000Z,176.67,176.67,176.62,176.66,3396.52
2025-07-18T21:36:00.000000Z,176.65,176.66,176.53,176.57,3966.9
2025-07-18T21:37:00.000000Z,176.56,176.65,176.55,176.64,3571.05
2025-07-18T21:38:00.000000Z,176.65,176.67,176.58,176.58,4454.97
2025-07-18T21:39:00.000000Z,176.59,176.69,176.57,176.65,4689.76
2025-07-18T21:40:00.000000Z,176.65,176.73,176.59,176.62,9648.16
2025-07-18T21:41:00.000000Z,176.61,176.75,176.61,176.75,3379.14
2025-07-18T21:42:00.000000Z,176.75,176.85,176.74,176.74,6569.99
2025-07-18T21:43:00.000000Z,176.74,176.78,176.59,176.59,8211.16
2025-07-18T21:44:00.000000Z,176.59,176.82,176.59,176.81,7138.31
2025-07-18T21:45:00.000000Z,176.82,176.86,176.77,176.83,9112.13
2025-07-18T21:46:00.000000Z,176.83,176.88,176.76,176.87,3620.05
2025-07-18T21:47:00.000000Z,176.88,176.98,176.87,176.96,16850.89
2025-07-18T21:48:00.000000Z,176.96,176.97,176.92,176.92,2960.42
2025-07-18T21:49:00.000000Z,176.92,176.95,176.78,176.78,13618.91
2025-07-18T21:50:00.000000Z,176.79,176.81,176.73,176.8,7188.98
2025-07-18T21:51:00.000000Z,176.8,176.82,176.48,176.54,29687.26
2025-07-18T21:52:00.000000Z,176.54,176.79,176.52,176.52,18234.13
2025-07-18T21:53:00.000000Z,176.53,176.54,176.3,176.33,9908.34
2025-07-18T21:54:00.000000Z,176.33,176.33,176.04,176.04,16032.67
2025-07-18T21:55:00.000000Z,176.04,176.05,175.72,175.78,38030.16
2025-07-18T21:56:00.000000Z,175.78,175.97,175.77,175.97,4988.35
2025-07-18T21:57:00.000000Z,175.98,175.98,175.77,175.8,8516.85
2025-07-18T21:58:00.000000Z,175.79,175.99,175.79,175.99,6624.14
2025-07-18T21:59:00.000000Z,175.98,175.99,175.91,175.91,6051.0
2025-07-18T22:00:00.000000Z,175.91,175.96,175.42,175.6,28919.46
2025-07-18T22:01:00.000000Z,175.59,175.63,175.31,175.31,15107.2
2025-07-18T22:02:00.000000Z,175.32,175.46,175.32,175.34,17520.07
2025-07-18T22:03:00.000000Z,175.35,175.4,175.1,175.17,18252.21
2025-07-18T22:04:00.000000Z,175.18,175.18,174.81,174.92,31061.22
2025-07-18T22:05:00.000000Z,174.92,175.1,174.91,175.03,15049.42
2025-07-18T22:06:00.000000Z,175.04,175.32,175.03,175.22,10495.31
2025-07-18T22:07:00.000000Z,175.22,175.23,174.94,174.94,8913.84
2025-07-18T22:08:00.000000Z,174.95,175.0,174.83,174.89,6650.49
2025-07-18T22:09:00.000000Z,174.89,174.99,174.81,174.99,6045.36
2025-07-18T22:10:00.000000Z,175.0,175.39,175.0,175.39,14047.99
2025-07-18T22:11:00.000000Z,175.38,175.59,175.32,175.58,9081.11
2025-07-18T22:12:00.000000Z,175.59,175.62,175.45,175.53,6772.75
2025-07-18T22:13:00.000000Z,175.53,175.58,175.45,175.49,3545.58
2025-07-18T22:14:00.000000Z,175.5,175.59,175.48,175.49,4598.64
2025-07-18T22:15:00.000000Z,175.49,175.56,175.45,175.47,11923.23
2025-07-18T22:16:00.000000Z,175.46,175.54,175.37,175.5,3927.78
2025-07-18T22:17:00.000000Z,175.5,175.65,175.49,175.62,4198.72
2025-07-18T22:18:00.000000Z,175.63,175.67,175.46,175.58,10145.92
2025-07-18T22:19:00.000000Z,175.57,175.63,175.54,175.59,1979.41
2025-07-18T22:20:00.000000Z,175.58,175.8,175.58,175.8,9776.48
2025-07-18T22:21:00.000000Z,175.8,175.8,175.62,175.68,8356.67
2025-07-18T22:22:00.000000Z,175.69,175.72,175.59,175.71,3503.41
2025-07-18T22:23:00.000000Z,175.71,175.77,175.68,175.7,2134.96
2025-07-18T22:24:00.000000Z,175.7,175.78,175.7,175.76,2197.46
2025-07-18T22:25:00.000000Z,175.76,176.7,175.76,176.67,76945.69
2025-07-18T22:26:00.000000Z,176.67,176.71,176.37,176.39,17458.85
2025-07-18T22:27:00.000000Z,176.39,176.67,176.39,176.57,28557.64
2025-07-18T22:28:00.000000Z,176.57,176.72,176.56,176.67,13350.54
2025-07-18T22:29:00.000000Z,176.67,176.76,176.58,176.58,6568.16
2025-07-18T22:30:00.000000Z,176.59,176.82,176.59,176.64,12920.14
2025-07-18T22:31:00.000000Z,176.64,176.71,176.49,176.63,20351.2
2025-07-18T22:32:00.000000Z,176.63,176.87,176.63,176.81,9038.43
2025-07-18T22:33:00.000000Z,176.81,176.82,176.71,176.78,5363.7
2025-07-18T22:34:00.000000Z,176.78,176.85,176.77,176.83,6782.42
2025-07-18T22:35:00.000000Z,176.82,176.88,176.82,176.87,4495.18
2025-07-18T22:36:00.000000Z,176.87,176.91,176.71,176.79,6334.39
2025-07-18T22:37:00.000000Z,176.8,176.9,176.72,176.89,5405.02
2025-07-18T22:38:00.000000Z,176.89,176.89,176.84,176.88,2653.03
2025-07-18T22:39:00.000000Z,176.88,176.95,176.85,176.85,4144.18
2025-07-18T22:40:00.000000Z,176.84,176.87,176.76,176.81,5619.72
2025-07-18T22:41:00.000000Z,176.81,176.81,176.62,176.72,5595.33
2025-07-18T22:42:00.000000Z,176.73,176.78,176.65,176.66,9565.22
2025-07-18T22:43:00.000000Z,176.67,176.67,176.59,176.63,3309.65
2025-07-18T22:44:00.000000Z,176.64,176.64,176.3,176.41,33885.44
2025-07-18T22:45:00.000000Z,176.4,176.53,176.36,176.49,13498.9
2025-07-18T22:46:00.000000Z,176.49,176.6,176.43,176.57,24546.44
2025-07-18T22:47:00.000000Z,176.58,176.62,176.09,176.09,40275.66
2025-07-18T22:48:00.000000Z,176.09,176.27,176.09,176.26,5851.31
2025-07-18T22:49:00.000000Z,176.27,176.27,176.2,176.25,4847.92
2025-07-18T22:50:00.000000Z,176.25,176.25,175.68,175.72,23997.99
2025-07-18T22:51:00.000000Z,175.72,175.79,175.58,175.58,11864.67
2025-07-18T22:52:00.000000Z,175.58,175.82,175.55,175.73,10146.72
2025-07-18T22:53:00.000000Z,175.73,175.9,175.73,175.85,4493.5
2025-07-18T22:54:00.000000Z,175.85,175.92,175.72,175.91,2165.65
2025-07-18T22:55:00.000000Z,175.92,176.02,175.91,175.97,5681.12
2025-07-18T22:56:00.000000Z,175.97,175.99,175.91,175.95,3814.58
2025-07-18T22:57:00.000000Z,175.95,175.96,175.74,175.87,6476.3
2025-07-18T22:58:00.000000Z,175.86,175.86,175.73,175.82,4973.09
2025-07-18T22:59:00.000000Z,175.83,175.89,175.74,175.88,1951.79
2025-07-18T23:00:00.000000Z,175.88,175.97,175.79,175.79,27879.1
2025-07-18T23:01:00.000000Z,175.8,175.82,175.59,175.59,4461.24
2025-07-18T23:02:00.000000Z,175.59,175.65,175.34,175.53,18097.43
2025-07-18T23:03:00.000000Z,175.54,175.69,175.54,175.69,6368.75
2025-07-18T23:04:00.000000Z,175.69,175.69,175.42,175.43,7194.11
2025-07-18T23:05:00.000000Z,175.44,175.56,175.4,175.43,4303.4
2025-07-18T23:06:00.000000Z,175.43,175.44,175.25,175.27,17021.37
2025-07-18T23:07:00.000000Z,175.28,175.61,175.18,175.44,33788.37
2025-07-18T23:08:00.000000Z,175.43,175.48,175.25,175.25,15796.89
2025-07-18T23:09:00.000000Z,175.25,175.5,175.07,175.5,9352.02
2025-07-18T23:10:00.000000Z,175.5,176.1,175.45,175.86,10759.42
2025-07-18T23:11:00.000000Z,175.86,176.11,175.56,176.1,8423.35
2025-07-18T23:12:00.000000Z,176.1,176.35,176.07,176.16,13556.42
2025-07-18T23:13:00.000000Z,176.16,176.72,176.16,176.72,14721.84
2025-07-18T23:14:00.000000Z,176.73,176.78,176.5,176.51,29094.46
2025-07-18T23:15:00.000000Z,176.51,176.71,176.24,176.25,12883.81
2025-07-18T23:16:00.000000Z,176.26,176.76,176.26,176.71,13958.99
2025-07-18T23:17:00.000000Z,176.71,176.96,176.58,176.89,14353.76
2025-07-18T23:18:00.000000Z,176.88,176.97,176.79,176.89,11300.26
2025-07-18T23:19:00.000000Z,176.9,176.98,176.9,176.96,14944.32
2025-07-18T23:20:00.000000Z,176.96,177.2,176.96,177.2,46139.7
2025-07-18T23:21:00.000000Z,177.2,177.2,177.09,177.17,11998.95
2025-07-18T23:22:00.000000Z,177.17,177.24,177.05,177.17,8962.62
2025-07-18T23:23:00.000000Z,177.17,177.26,177.03,177.03,14767.42
2025-07-18T23:24:00.000000Z,177.03,177.21,177.01,177.12,8840.85
2025-07-18T23:25:00.000000Z,177.11,177.13,176.98,177.01,8468.04
2025-07-18T23:26:00.000000Z,177.01,177.02,176.66,176.72,15408.69
2025-07-18T23:27:00.000000Z,176.71,176.86,176.68,176.85,4367.81
2025-07-18T23:28:00.000000Z,176.86,176.87,176.7,176.83,17725.92
2025-07-18T23:29:00.000000Z,176.82,176.9,176.81,176.85,6170.44
2025-07-18T23:30:00.000000Z,176.84,177.07,176.82,177.05,23139.97
2025-07-18T23:31:00.000000Z,177.05,177.09,177.01,177.06,5266.63
2025-07-18T23:32:00.000000Z,177.07,177.14,177.07,177.1,5302.94
2025-07-18T23:33:00.000000Z,177.09,177.14,177.02,177.06,2952.71
2025-07-18T23:34:00.000000Z,177.06,177.14,177.01,177.01,4696.2
2025-07-18T23:35:00.000000Z,177.01,177.14,177.0,177.11,3596.16
2025-07-18T23:36:00.000000Z,177.1,177.14,177.01,177.02,18789.3
2025-07-18T23:37:00.000000Z,177.03,177.16,177.01,177.16,6466.36
2025-07-18T23:38:00.000000Z,177.16,177.25,177.14,177.16,12326.99
2025-07-18T23:39:00.000000Z,177.16,177.3,177.06,177.22,7924.38
2025-07-18T23:40:00.000000Z,177.22,177.33,177.2,177.33,8081.02
2025-07-18T23:41:00.000000Z,177.33,177.33,177.22,177.24,4638.29
2025-07-18T23:42:00.000000Z,177.24,177.31,177.21,177.22,8508.89
2025-07-18T23:43:00.000000Z,177.22,177.22,177.09,177.11,6964.55
2025-07-18T23:44:00.000000Z,177.11,177.21,177.1,177.17,3309.68
2025-07-18T23:45:00.000000Z,177.17,177.18,177.03,177.18,4065.85
2025-07-18T23:46:00.000000Z,177.18,177.26,177.16,177.25,4754.14
2025-07-18T23:47:00.000000Z,177.25,177.27,177.2,177.25,4363.71
2025-07-18T23:48:00.000000Z,177.25,177.5,177.22,177.35,38729.69
2025-07-18T23:49:00.000000Z,177.36,177.39,177.28,177.3,8800.17
2025-07-18T23:50:00.000000Z,177.3,177.33,177.17,177.29,5685.93
2025-07-18T23:51:00.000000Z,177.29,177.42,177.24,177.33,25915.2
2025-07-18T23:52:00.000000Z,177.34,177.41,177.29,177.33,5700.86
2025-07-18T23:53:00.000000Z,177.33,177.38,177.32,177.33,4676.67
2025-07-18T23:54:00.000000Z,177.34,177.34,177.14,177.2,8392.05
2025-07-18T23:55:00.000000Z,177.21,177.27,177.2,177.25,3286.45
2025-07-18T23:56:00.000000Z,177.25,177.25,177.13,177.15,3725.69
2025-07-18T23:57:00.000000Z,177.16,177.31,177.15,177.3,2643.6
2025-07-18T23:58:00.000000Z,177.31,177.31,177.19,177.19,3606.96
2025-07-18T23:59:00.000000Z,177.2,177.22,177.13,177.21,4245.81
2025-07-19T00:00:00.000000Z,177.22,177.25,177.14,177.16,8813.45
2025-07-19T00:01:00.000000Z,177.16,177.26,177.04,177.22,22777.84
2025-07-19T00:02:00.000000Z,177.21,177.25,177.15,177.18,5897.53
2025-07-19T00:03:00.000000Z,177.18,177.31,177.18,177.25,11525.39
2025-07-19T00:04:00.000000Z,177.26,177.36,177.23,177.35,6983.43
2025-07-19T00:05:00.000000Z,177.35,177.36,177.17,177.23,14279.32
2025-07-19T00:06:00.000000Z,177.22,177.38,177.22,177.31,9555.47
2025-07-19T00:07:00.000000Z,177.3,177.3,177.17,177.25,5722.3
2025-07-19T00:08:00.000000Z,177.24,177.39,177.2,177.33,9008.13
2025-07-19T00:09:00.000000Z,177.33,177.39,177.22,177.22,5073.53
2025-07-19T00:10:00.000000Z,177.23,177.39,177.23,177.27,7543.89
2025-07-19T00:11:00.000000Z,177.27,177.38,177.27,177.38,3863.35
2025-07-19T00:12:00.000000Z,177.37,177.37,177.25,177.3,6628.15
2025-07-19T00:13:00.000000Z,177.29,177.29,176.9,176.97,21108.39
2025-07-19T00:14:00.000000Z,176.98,177.17,176.97,177.17,5360.78
2025-07-19T00:15:00.000000Z,177.16,177.19,177.07,177.1,7522.59
2025-07-19T00:16:00.000000Z,177.1,177.15,177.07,177.13,5001.01
2025-07-19T00:17:00.000000Z,177.13,177.16,177.03,177.03,2505.33
2025-07-19T00:18:00.000000Z,177.03,177.04,176.92,176.95,6645.62
2025-07-19T00:19:00.000000Z,176.95,177.07,176.95,176.98,5451.33
2025-07-19T00:20:00.000000Z,176.99,177.08,176.94,177.08,8914.31
2025-07-19T00:21:00.000000Z,177.07,177.07,176.94,177.02,5532.39
2025-07-19T00:22:00.000000Z,177.03,177.05,176.99,177.04,2850.02
2025-07-19T00:23:00.000000Z,177.05,177.05,176.98,177.0,2529.98
2025-07-19T00:24:00.000000Z,176.99,177.06,176.92,177.05,4462.06
2025-07-19T00:25:00.000000Z,177.05,177.07,176.98,177.01,5972.06
2025-07-19T00:26:00.000000Z,177.01,177.05,176.83,176.83,3328.8
2025-07-19T00:27:00.000000Z,176.84,177.02,176.83,176.99,5124.38
2025-07-19T00:28:00.000000Z,177.0,177.25,176.95,177.17,11777.82
2025-07-19T00:29:00.000000Z,177.17,177.2,177.1,177.11,8179.22
2025-07-19T00:30:00.000000Z,177.1,177.2,177.05,177.12,9080.23
2025-07-19T00:31:00.000000Z,177.12,177.31,177.12,177.19,17218.94
2025-07-19T00:32:00.000000Z,177.19,177.34,177.16,177.16,12684.98
2025-07-19T00:33:00.000000Z,177.17,177.17,177.05,177.08,7001.55
2025-07-19T00:34:00.000000Z,177.07,177.08,176.81,176.82,11820.72
2025-07-19T00:35:00.000000Z,176.81,176.9,176.65,176.66,29087.13
2025-07-19T00:36:00.000000Z,176.66,176.69,176.36,176.49,26227.88
2025-07-19T00:37:00.000000Z,176.49,176.73,176.47,176.72,4627.58
2025-07-19T00:38:00.000000Z,176.73,176.79,176.62,176.65,5618.29
2025-07-19T00:39:00.000000Z,176.65,176.65,176.5,176.53,9966.14
2025-07-19T00:40:00.000000Z,176.52,176.69,176.52,176.69,4065.81
2025-07-19T00:41:00.000000Z,176.68,176.73,176.52,176.56,3938.09
2025-07-19T00:42:00.000000Z,176.57,176.63,176.51,176.51,2494.21
2025-07-19T00:43:00.000000Z,176.5,176.5,176.2,176.23,25967.12
2025-07-19T00:44:00.000000Z,176.22,176.56,176.16,176.55,17968.12
2025-07-19T00:45:00.000000Z,176.56,176.62,176.25,176.25,21109.65
2025-07-19T00:46:00.000000Z,176.26,176.39,176.23,176.32,4730.8
2025-07-19T00:47:00.000000Z,176.31,176.32,176.2,176.2,10121.51
2025-07-19T00:48:00.000000Z,176.21,176.24,176.05,176.15,17146.19
2025-07-19T00:49:00.000000Z,176.16,176.16,175.86,176.12,22815.27
2025-07-19T00:50:00.000000Z,176.13,176.21,176.06,176.07,7836.76
2025-07-19T00:51:00.000000Z,176.08,176.16,176.07,176.08,5124.93
2025-07-19T00:52:00.000000Z,176.07,176.24,176.05,176.24,9112.98
2025-07-19T00:53:00.000000Z,176.24,176.45,176.18,176.41,7966.87
2025-07-19T00:54:00.000000Z,176.42,176.42,175.97,176.03,21976.64
2025-07-19T00:55:00.000000Z,176.03,176.12,175.96,175.96,6006.02
2025-07-19T00:56:00.000000Z,175.96,175.96,175.36,175.47,50791.02
2025-07-19T00:57:00.000000Z,175.47,175.62,175.37,175.51,16102.64
2025-07-19T00:58:00.000000Z,175.52,175.63,175.47,175.6,8527.08
2025-07-19T00:59:00.000000Z,175.6,175.6,175.05,175.15,23342.31
2025-07-19T01:00:00.000000Z,175.16,175.27,174.88,174.88,26104.97
2025-07-19T01:01:00.000000Z,174.89,175.02,174.63,174.68,38149.47
2025-07-19T01:02:00.000000Z,174.69,174.9,174.35,174.39,45991.97
2025-07-19T01:03:00.000000Z,174.39,174.57,174.24,174.24,28857.0
2025-07-19T01:04:00.000000Z,174.24,174.34,173.94,174.11,38284.76
2025-07-19T01:05:00.000000Z,174.12,174.24,173.96,174.22,21761.71
2025-07-19T01:06:00.000000Z,174.22,174.3,174.04,174.16,12749.19
2025-07-19T01:07:00.000000Z,174.16,174.41,174.03,174.24,29787.97
2025-07-19T01:08:00.000000Z,174.24,174.8,174.21,174.77,23657.2
2025-07-19T01:09:00.000000Z,174.78,175.07,174.74,175.06,18293.29
2025-07-19T01:10:00.000000Z,175.06,175.06,174.71,174.9,10842.48
2025-07-19T01:11:00.000000Z,174.91,175.02,174.89,175.01,12138.59
2025-07-19T01:12:00.000000Z,175.0,175.1,174.92,174.97,7272.15
2025-07-19T01:13:00.000000Z,174.98,175.2,174.98,175.2,5398.06
2025-07-19T01:14:00.000000Z,175.2,175.22,175.07,175.22,10379.51
2025-07-19T01:15:00.000000Z,175.22,175.67,175.15,175.67,21788.8
2025-07-19T01:16:00.000000Z,175.66,175.72,175.49,175.5,14509.07
2025-07-19T01:17:00.000000Z,175.5,175.58,175.21,175.22,14854.16
2025-07-19T01:18:00.000000Z,175.22,175.5,175.22,175.49,6770.12
2025-07-19T01:19:00.000000Z,175.49,175.63,175.4,175.63,4115.02
2025-07-19T01:20:00.000000Z,175.64,175.96,175.5,175.94,18560.09
2025-07-19T01:21:00.000000Z,175.94,176.05,175.88,176.03,14083.97
2025-07-19T01:22:00.000000Z,176.04,176.07,175.91,176.05,8376.58
2025-07-19T01:23:00.000000Z,176.05,176.15,175.96,176.04,5850.73
2025-07-19T01:24:00.000000Z,176.03,176.14,176.03,176.09,3442.51
2025-07-19T01:25:00.000000Z,176.08,176.16,176.05,176.14,5743.15
2025-07-19T01:26:00.000000Z,176.15,176.21,176.1,176.14,8309.87
2025-07-19T01:27:00.000000Z,176.14,176.33,176.13,176.29,8681.81
2025-07-19T01:28:00.000000Z,176.28,176.37,176.27,176.35,6430.56
2025-07-19T01:29:00.000000Z,176.36,176.38,176.32,176.35,4123.35
2025-07-19T01:30:00.000000Z,176.35,176.35,176.11,176.25,8612.51
2025-07-19T01:31:00.000000Z,176.25,176.35,176.24,176.25,12898.29
2025-07-19T01:32:00.000000Z,176.25,176.28,176.0,176.12,20982.56
2025-07-19T01:33:00.000000Z,176.13,176.33,176.13,176.29,6545.57
2025-07-19T01:34:00.000000Z,176.29,176.29,176.14,176.2,5139.47
2025-07-19T01:35:00.000000Z,176.21,176.33,176.18,176.33,4280.04
2025-07-19T01:36:00.000000Z,176.32,176.32,176.24,176.25,4416.05
2025-07-19T01:37:00.000000Z,176.25,176.32,176.24,176.31,3609.22
2025-07-19T01:38:00.000000Z,176.31,176.4,176.27,176.39,6932.24
2025-07-19T01:39:00.000000Z,176.4,176.48,176.4,176.47,5608.67
2025-07-19T01:40:00.000000Z,176.46,176.6,176.46,176.57,12809.62
2025-07-19T01:41:00.000000Z,176.58,176.67,176.57,176.59,4551.5
2025-07-19T01:42:00.000000Z,176.59,176.59,176.46,176.52,3793.2
2025-07-19T01:43:00.000000Z,176.51,176.54,176.31,176.37,6515.35
2025-07-19T01:44:00.000000Z,176.38,176.46,176.37,176.43,6860.65
2025-07-19T01:45:00.000000Z,176.43,176.43,176.1,176.1,6626.75
2025-07-19T01:46:00.000000Z,176.11,176.37,176.08,176.32,5060.74
2025-07-19T01:47:00.000000Z,176.31,176.5,176.31,176.44,3771.06
2025-07-19T01:48:00.000000Z,176.43,176.47,176.34,176.41,2701.1
2025-07-19T01:49:00.000000Z,176.41,176.41,176.23,176.38,7887.78
2025-07-19T01:50:00.000000Z,176.37,176.48,176.29,176.29,6057.32
2025-07-19T01:51:00.000000Z,176.29,176.66,176.28,176.63,4532.05
2025-07-19T01:52:00.000000Z,176.63,176.7,176.54,176.7,3890.35
2025-07-19T01:53:00.000000Z,176.69,176.75,176.67,176.68,3839.63
2025-07-19T01:54:00.000000Z,176.68,176.69,176.64,176.64,1833.88
2025-07-19T01:55:00.000000Z,176.63,176.71,176.63,176.67,3318.42
2025-07-19T01:56:00.000000Z,176.66,176.73,176.62,176.62,3058.82
2025-07-19T01:57:00.000000Z,176.62,176.63,176.51,176.57,9232.91
2025-07-19T01:58:00.000000Z,176.58,176.62,176.44,176.46,3471.51
2025-07-19T01:59:00.000000Z,176.46,176.59,176.43,176.59,2560.93
2025-07-19T02:00:00.000000Z,176.59,176.69,176.43,176.45,5830.49
2025-07-19T02:01:00.000000Z,176.45,176.58,176.42,176.42,3807.44
2025-07-19T02:02:00.000000Z,176.41,176.41,176.21,176.35,8851.6
2025-07-19T02:03:00.000000Z,176.36,176.41,176.3,176.3,6252.64
2025-07-19T02:04:00.000000Z,176.3,176.31,175.75,175.76,14319.42
2025-07-19T02:05:00.000000Z,175.76,176.03,175.65,175.93,13550.62
2025-07-19T02:06:00.000000Z,175.93,175.96,175.81,175.95,7145.57
2025-07-19T02:07:00.000000Z,175.94,176.34,175.88,176.33,7008.18
2025-07-19T02:08:00.000000Z,176.33,176.34,176.12,176.17,5491.75
2025-07-19T02:09:00.000000Z,176.18,176.37,176.05,176.05,15913.62
2025-07-19T02:10:00.000000Z,176.06,176.31,176.06,176.29,4168.47
2025-07-19T02:11:00.000000Z,176.29,176.36,176.19,176.35,4537.4
2025-07-19T02:12:00.000000Z,176.36,176.36,176.11,176.31,4067.2
2025-07-19T02:13:00.000000Z,176.32,176.43,176.27,176.28,5697.42
2025-07-19T02:14:00.000000Z,176.28,176.45,176.23,176.44,2872.72
2025-07-19T02:15:00.000000Z,176.44,176.44,176.25,176.3,3471.14
2025-07-19T02:16:00.000000Z,176.3,176.35,176.12,176.28,4439.49
2025-07-19T02:17:00.000000Z,176.29,176.55,176.26,176.54,2560.9
2025-07-19T02:18:00.000000Z,176.54,176.55,176.4,176.55,4539.38
2025-07-19T02:19:00.000000Z,176.55,176.7,176.54,176.64,7519.99
2025-07-19T02:20:00.000000Z,176.64,176.68,176.34,176.53,12791.65
2025-07-19T02:21:00.000000Z,176.53,176.69,176.49,176.58,9461.46
2025-07-19T02:22:00.000000Z,176.58,176.8,176.55,176.77,5645.07
2025-07-19T02:23:00.000000Z,176.77,176.8,176.62,176.62,4839.46
2025-07-19T02:24:00.000000Z,176.61,176.66,176.48,176.48,8055.84
2025-07-19T02:25:00.000000Z,176.49,176.49,176.18,176.19,8106.27
2025-07-19T02:26:00.000000Z,176.19,176.24,175.96,176.0,10724.68
2025-07-19T02:27:00.000000Z,176.0,176.32,176.0,176.31,5218.07
2025-07-19T02:28:00.000000Z,176.32,176.39,176.13,176.21,4174.8
2025-07-19T02:29:00.000000Z,176.21,176.3,176.14,176.15,3380.45
2025-07-19T02:30:00.000000Z,176.16,176.45,176.14,176.44,10500.84
2025-07-19T02:31:00.000000Z,176.45,176.58,176.43,176.51,3685.03
2025-07-19T02:32:00.000000Z,176.51,176.54,176.36,176.47,2481.09
2025-07-19T02:33:00.000000Z,176.48,176.5,176.41,176.46,2150.83
2025-07-19T02:34:00.000000Z,176.45,176.62,176.37,176.62,3154.6
2025-07-19T02:35:00.000000Z,176.62,176.87,176.59,176.87,10716.22
2025-07-19T02:36:00.000000Z,176.87,177.1,176.8,176.96,28675.2
2025-07-19T02:37:00.000000Z,176.96,176.96,176.81,176.87,13933.92
2025-07-19T02:38:00.000000Z,176.88,176.94,176.83,176.9,4327.32
2025-07-19T02:39:00.000000Z,176.91,176.97,176.89,176.93,4754.84
2025-07-19T02:40:00.000000Z,176.93,176.98,176.85,176.86,2943.04
2025-07-19T02:41:00.000000Z,176.86,176.95,176.85,176.92,2323.03
2025-07-19T02:42:00.000000Z,176.93,177.07,176.93,177.03,4064.9
2025-07-19T02:43:00.000000Z,177.03,177.15,176.99,177.14,11875.09
2025-07-19T02:44:00.000000Z,177.14,177.14,177.06,177.11,3839.22
2025-07-19T02:45:00.000000Z,177.11,177.18,177.09,177.18,6380.54
2025-07-19T02:46:00.000000Z,177.18,177.18,176.96,177.03,12796.18
2025-07-19T02:47:00.000000Z,177.04,177.22,177.03,177.13,10822.15
2025-07-19T02:48:00.000000Z,177.13,177.22,177.04,177.18,13604.7
2025-07-19T02:49:00.000000Z,177.18,177.21,177.05,177.1,11526.6
2025-07-19T02:50:00.000000Z,177.11,177.16,177.08,177.13,2133.92
2025-07-19T02:51:00.000000Z,177.13,177.25,177.09,177.16,11380.25
2025-07-19T02:52:00.000000Z,177.16,177.2,177.05,177.09,5208.6
2025-07-19T02:53:00.000000Z,177.1,177.19,177.04,177.14,7833.94
2025-07-19T02:54:00.000000Z,177.14,177.23,177.11,177.14,5769.95
2025-07-19T02:55:00.000000Z,177.14,177.26,177.13,177.13,9115.76
2025-07-19T02:56:00.000000Z,177.14,177.21,177.11,177.2,11564.04
2025-07-19T02:57:00.000000Z,177.2,177.2,176.98,176.98,13245.64
2025-07-19T02:58:00.000000Z,176.99,177.08,176.98,177.05,6323.53
2025-07-19T02:59:00.000000Z,177.05,177.14,177.05,177.13,5429.71
2025-07-19T03:00:00.000000Z,177.13,177.28,177.01,177.15,22492.21
2025-07-19T03:01:00.000000Z,177.16,177.23,177.03,177.09,20857.25
2025-07-19T03:02:00.000000Z,177.1,177.19,177.03,177.13,12591.73
2025-07-19T03:03:00.000000Z,177.13,177.24,177.11,177.18,8125.99
2025-07-19T03:04:00.000000Z,177.18,177.24,177.12,177.18,10736.55
2025-07-19T03:05:00.000000Z,177.19,177.27,177.09,177.2,17448.78
2025-07-19T03:06:00.000000Z,177.2,177.26,177.12,177.22,17538.67
2025-07-19T03:07:00.000000Z,177.22,177.44,177.22,177.43,23910.69
2025-07-19T03:08:00.000000Z,177.42,177.54,177.37,177.4,25016.55
2025-07-19T03:09:00.000000Z,177.39,177.4,177.02,177.28,19809.84
2025-07-19T03:10:00.000000Z,177.27,177.37,177.18,177.35,9612.23
2025-07-19T03:11:00.000000Z,177.35,177.42,177.34,177.39,7867.44
2025-07-19T03:12:00.000000Z,177.39,177.5,177.39,177.4,12401.46
2025-07-19T03:13:00.000000Z,177.41,177.49,177.32,177.32,3941.87
2025-07-19T03:14:00.000000Z,177.32,177.46,177.32,177.44,6924.91
2025-07-19T03:15:00.000000Z,177.45,177.49,177.32,177.34,9028.15
2025-07-19T03:16:00.000000Z,177.35,177.45,177.34,177.38,3495.96
2025-07-19T03:17:00.000000Z,177.38,177.48,177.32,177.44,7844.82
2025-07-19T03:18:00.000000Z,177.45,177.45,177.28,177.36,4386.48
2025-07-19T03:19:00.000000Z,177.36,177.45,177.33,177.41,5698.91
2025-07-19T03:20:00.000000Z,177.41,177.48,177.34,177.36,16430.21
2025-07-19T03:21:00.000000Z,177.36,177.47,177.31,177.46,5872.96
2025-07-19T03:22:00.000000Z,177.47,177.47,177.38,177.39,4338.03
2025-07-19T03:23:00.000000Z,177.4,177.42,177.32,177.42,4507.22
2025-07-19T03:24:00.000000Z,177.42,177.43,177.34,177.34,11983.93
2025-07-19T03:25:00.000000Z,177.35,177.39,177.27,177.38,7581.54
2025-07-19T03:26:00.000000Z,177.39,177.4,177.34,177.35,2665.21
2025-07-19T03:27:00.000000Z,177.34,177.38,177.25,177.34,4893.78
2025-07-19T03:28:00.000000Z,177.35,177.42,177.34,177.41,3883.26
2025-07-19T03:29:00.000000Z,177.42,177.42,177.36,177.39,2262.75
2025-07-19T03:30:00.000000Z,177.38,177.42,177.29,177.41,5043.64
2025-07-19T03:31:00.000000Z,177.42,177.53,177.37,177.47,10368.27
2025-07-19T03:32:00.000000Z,177.46,177.5,177.46,177.48,5925.51
2025-07-19T03:33:00.000000Z,177.47,177.57,177.46,177.51,6683.03
2025-07-19T03:34:00.000000Z,177.51,177.57,177.5,177.51,7194.8
2025-07-19T03:35:00.000000Z,177.51,177.53,177.43,177.47,11811.03
2025-07-19T03:36:00.000000Z,177.47,177.57,177.46,177.5,8850.04
2025-07-19T03:37:00.000000Z,177.51,177.63,177.46,177.61,7284.47
2025-07-19T03:38:00.000000Z,177.62,177.72,177.55,177.56,14259.81
2025-07-19T03:39:00.000000Z,177.56,177.63,177.52,177.59,8628.32
2025-07-19T03:40:00.000000Z,177.6,177.65,177.59,177.64,6462.57
2025-07-19T03:41:00.000000Z,177.63,177.65,177.61,177.62,3717.95
2025-07-19T03:42:00.000000Z,177.61,177.64,177.55,177.64,4353.57
2025-07-19T03:43:00.000000Z,177.64,177.66,177.56,177.58,5378.48
2025-07-19T03:44:00.000000Z,177.58,177.58,177.53,177.54,3373.24
2025-07-19T03:45:00.000000Z,177.55,177.58,177.47,177.49,11410.8
2025-07-19T03:46:00.000000Z,177.5,177.59,177.45,177.49,7360.87
2025-07-19T03:47:00.000000Z,177.5,177.54,177.48,177.53,3340.39
2025-07-19T03:48:00.000000Z,177.52,177.53,177.33,177.37,16578.3
2025-07-19T03:49:00.000000Z,177.38,177.38,177.15,177.18,17004.11
2025-07-19T03:50:00.000000Z,177.19,177.2,176.95,176.99,21850.21
2025-07-19T03:51:00.000000Z,176.99,177.1,176.86,176.94,45015.69
2025-07-19T03:52:00.000000Z,176.94,177.28,176.94,177.27,8403.06
2025-07-19T03:53:00.000000Z,177.28,177.29,177.18,177.28,4946.72
2025-07-19T03:54:00.000000Z,177.28,177.43,177.23,177.41,6246.31
2025-07-19T03:55:00.000000Z,177.42,177.48,177.37,177.44,6869.55
2025-07-19T03:56:00.000000Z,177.43,177.55,177.34,177.36,6654.85
2025-07-19T03:57:00.000000Z,177.36,177.43,177.33,177.41,2180.74
2025-07-19T03:58:00.000000Z,177.42,177.5,177.41,177.47,1850.04
2025-07-19T03:59:00.000000Z,177.47,177.48,177.42,177.44,4007.82
2025-07-19T04:00:00.000000Z,177.45,177.48,177.28,177.29,7121.89
2025-07-19T04:01:00.000000Z,177.28,177.41,177.28,177.34,3963.69
2025-07-19T04:02:00.000000Z,177.35,177.38,177.22,177.22,6018.8
2025-07-19T04:03:00.000000Z,177.22,177.38,177.22,177.38,2878.78
2025-07-19T04:04:00.000000Z,177.39,177.5,177.39,177.48,3950.18
2025-07-19T04:05:00.000000Z,177.49,177.63,177.48,177.63,4720.93
2025-07-19T04:06:00.000000Z,177.62,177.66,177.54,177.55,11800.1
2025-07-19T04:07:00.000000Z,177.55,177.55,177.45,177.46,8995.83
2025-07-19T04:08:00.000000Z,177.46,177.62,177.45,177.6,4982.81
2025-07-19T04:09:00.000000Z,177.6,177.68,177.55,177.65,14477.61
2025-07-19T04:10:00.000000Z,177.65,177.66,177.47,177.48,14253.69
2025-07-19T04:11:00.000000Z,177.48,177.57,177.48,177.57,5894.27
2025-07-19T04:12:00.000000Z,177.56,177.57,177.45,177.51,9438.72
2025-07-19T04:13:00.000000Z,177.5,177.57,177.42,177.51,4506.58
2025-07-19T04:14:00.000000Z,177.5,177.61,177.5,177.58,10702.16
2025-07-19T04:15:00.000000Z,177.57,177.59,177.47,177.47,9055.86
2025-07-19T04:16:00.000000Z,177.48,177.54,177.4,177.4,4995.16
2025-07-19T04:17:00.000000Z,177.4,177.47,177.35,177.35,7727.11
2025-07-19T04:18:00.000000Z,177.35,177.52,177.23,177.48,9850.42
2025-07-19T04:19:00.000000Z,177.48,177.55,177.42,177.42,4241.09
2025-07-19T04:20:00.000000Z,177.43,177.47,177.39,177.44,3494.64
2025-07-19T04:21:00.000000Z,177.44,177.51,177.41,177.41,8389.92
2025-07-19T04:22:00.000000Z,177.42,177.45,177.41,177.45,1697.89
2025-07-19T04:23:00.000000Z,177.45,177.46,177.26,177.26,9068.92
2025-07-19T04:24:00.000000Z,177.27,177.37,177.25,177.35,7101.19
2025-07-19T04:25:00.000000Z,177.36,177.4,177.32,177.34,2048.21
2025-07-19T04:26:00.000000Z,177.35,177.4,177.31,177.39,2689.45
2025-07-19T04:27:00.000000Z,177.4,177.4,177.3,177.3,5656.66
2025-07-19T04:28:00.000000Z,177.31,177.34,177.29,177.29,3134.99
2025-07-19T04:29:00.000000Z,177.3,177.36,177.29,177.34,1852.25
2025-07-19T04:30:00.000000Z,177.35,177.36,177.27,177.3,4007.26
2025-07-19T04:31:00.000000Z,177.3,177.43,177.25,177.42,3476.86
2025-07-19T04:32:00.000000Z,177.43,177.49,177.38,177.49,5772.9
2025-07-19T04:33:00.000000Z,177.49,177.58,177.44,177.57,12507.86
2025-07-19T04:34:00.000000Z,177.58,177.59,177.53,177.53,3676.65
2025-07-19T04:35:00.000000Z,177.54,177.64,177.53,177.6,7566.01
2025-07-19T04:36:00.000000Z,177.6,177.61,177.43,177.46,8633.72
2025-07-19T04:37:00.000000Z,177.46,177.49,177.16,177.26,27828.92
2025-07-19T04:38:00.000000Z,177.26,177.26,177.11,177.12,10626.78
2025-07-19T04:39:00.000000Z,177.12,177.29,177.11,177.28,5635.04
2025-07-19T04:40:00.000000Z,177.28,177.32,177.2,177.22,4545.39
2025-07-19T04:41:00.000000Z,177.22,177.28,177.18,177.21,6476.49
2025-07-19T04:42:00.000000Z,177.2,177.25,177.17,177.21,2273.41
2025-07-19T04:43:00.000000Z,177.21,177.24,177.18,177.23,2449.81
2025-07-19T04:44:00.000000Z,177.23,177.23,177.08,177.11,11719.36
2025-07-19T04:45:00.000000Z,177.12,177.24,177.01,177.03,6719.52
2025-07-19T04:46:00.000000Z,177.02,177.27,177.01,177.27,5140.14
2025-07-19T04:47:00.000000Z,177.27,177.27,177.15,177.16,6236.26
2025-07-19T04:48:00.000000Z,177.16,177.19,177.04,177.06,5620.75
2025-07-19T04:49:00.000000Z,177.06,177.12,177.01,177.12,6723.73
2025-07-19T04:50:00.000000Z,177.11,177.2,177.08,177.17,4863.81
2025-07-19T04:51:00.000000Z,177.16,177.23,177.16,177.18,1437.52
2025-07-19T04:52:00.000000Z,177.19,177.36,177.16,177.35,5065.4
2025-07-19T04:53:00.000000Z,177.34,177.44,177.28,177.28,11363.27
2025-07-19T04:54:00.000000Z,177.28,177.38,177.26,177.36,9990.91
2025-07-19T04:55:00.000000Z,177.36,177.37,177.28,177.29,1192.83
2025-07-19T04:56:00.000000Z,177.28,177.35,177.23,177.24,8636.91
2025-07-19T04:57:00.000000Z,177.25,177.34,177.25,177.3,7835.81
2025-07-19T04:58:00.000000Z,177.31,177.31,177.25,177.26,979.98
2025-07-19T04:59:00.000000Z,177.25,177.31,177.25,177.3,5230.08
2025-07-19T05:00:00.000000Z,177.3,177.39,177.3,177.35,9979.67
2025-07-19T05:01:00.000000Z,177.35,177.37,177.24,177.34,18423.96
2025-07-19T05:02:00.000000Z,177.34,177.36,177.25,177.26,3517.52
2025-07-19T05:03:00.000000Z,177.25,177.31,177.07,177.28,66747.41
2025-07-19T05:04:00.000000Z,177.29,177.36,177.28,177.35,4734.61
2025-07-19T05:05:00.000000Z,177.34,177.35,177.2,177.2,3265.5
2025-07-19T05:06:00.000000Z,177.2,177.22,177.15,177.17,5044.15
2025-07-19T05:07:00.000000Z,177.18,177.25,177.14,177.2,4228.35
2025-07-19T05:08:00.000000Z,177.2,177.2,177.0,177.01,30641.31
2025-07-19T05:09:00.000000Z,177.0,177.01,176.79,176.81,16308.88
2025-07-19T05:10:00.000000Z,176.81,176.88,176.77,176.86,8525.81
2025-07-19T05:11:00.000000Z,176.87,176.91,176.83,176.91,5571.37
2025-07-19T05:12:00.000000Z,176.91,176.94,176.89,176.9,5598.33
2025-07-19T05:13:00.000000Z,176.9,177.07,176.9,177.07,4821.03
2025-07-19T05:14:00.000000Z,177.07,177.09,176.98,177.03,3344.98
2025-07-19T05:15:00.000000Z,177.03,177.04,176.97,176.97,1764.43
2025-07-19T05:16:00.000000Z,176.97,177.17,176.86,177.17,34828.23
2025-07-19T05:17:00.000000Z,177.17,177.35,177.15,177.32,12360.22
2025-07-19T05:18:00.000000Z,177.33,177.33,177.16,177.18,3407.86
2025-07-19T05:19:00.000000Z,177.18,177.26,177.15,177.26,3069.7
2025-07-19T05:20:00.000000Z,177.26,177.36,177.25,177.34,4831.34
2025-07-19T05:21:00.000000Z,177.34,177.34,177.04,177.12,12227.45
2025-07-19T05:22:00.000000Z,177.13,177.28,177.13,177.21,8664.67
2025-07-19T05:23:00.000000Z,177.21,177.24,177.19,177.23,1311.54
2025-07-19T05:24:00.000000Z,177.24,177.31,177.18,177.3,8316.56
2025-07-19T05:25:00.000000Z,177.3,177.37,177.26,177.26,9368.13
2025-07-19T05:26:00.000000Z,177.27,177.31,177.23,177.27,3376.97
2025-07-19T05:27:00.000000Z,177.28,177.66,177.28,177.66,31947.92
2025-07-19T05:28:00.000000Z,177.66,177.69,177.52,177.65,19297.53
2025-07-19T05:29:00.000000Z,177.64,177.66,177.54,177.61,15792.33
2025-07-19T05:30:00.000000Z,177.61,177.61,177.35,177.42,12089.13
2025-07-19T05:31:00.000000Z,177.43,177.43,177.35,177.42,2641.58
2025-07-19T05:32:00.000000Z,177.42,177.61,177.41,177.61,4687.79
2025-07-19T05:33:00.000000Z,177.62,177.73,177.62,177.67,16878.55
2025-07-19T05:34:00.000000Z,177.67,177.72,177.63,177.65,7069.43
2025-07-19T05:35:00.000000Z,177.65,177.79,177.55,177.63,22940.1
2025-07-19T05:36:00.000000Z,177.63,177.64,177.3,177.45,37048.54
2025-07-19T05:37:00.000000Z,177.44,177.56,177.42,177.56,5505.82
2025-07-19T05:38:00.000000Z,177.57,177.74,177.52,177.74,11425.14
2025-07-19T05:39:00.000000Z,177.75,177.76,177.59,177.61,10950.03
2025-07-19T05:40:00.000000Z,177.61,177.67,177.27,177.34,31070.24
2025-07-19T05:41:00.000000Z,177.34,177.4,177.25,177.36,5499.53
2025-07-19T05:42:00.000000Z,177.37,177.72,177.35,177.57,25885.92
2025-07-19T05:43:00.000000Z,177.58,177.64,177.53,177.54,6069.84
2025-07-19T05:44:00.000000Z,177.55,177.57,177.52,177.54,2709.98
2025-07-19T05:45:00.000000Z,177.54,177.57,177.36,177.43,13950.53
2025-07-19T05:46:00.000000Z,177.43,177.47,177.36,177.47,4676.86
2025-07-19T05:47:00.000000Z,177.47,177.47,177.35,177.43,3463.11
2025-07-19T05:48:00.000000Z,177.43,177.47,177.34,177.35,2983.61
2025-07-19T05:49:00.000000Z,177.35,177.38,177.3,177.36,3161.25
2025-07-19T05:50:00.000000Z,177.36,177.36,177.2,177.2,2690.03
2025-07-19T05:51:00.000000Z,177.21,177.35,177.2,177.33,2279.63
2025-07-19T05:52:00.000000Z,177.33,177.37,177.24,177.27,1715.48
2025-07-19T05:53:00.000000Z,177.27,177.42,177.26,177.4,2118.58
2025-07-19T05:54:00.000000Z,177.41,177.41,177.27,177.37,2576.28
2025-07-19T05:55:00.000000Z,177.37,177.5,177.36,177.5,1718.58
2025-07-19T05:56:00.000000Z,177.5,177.57,177.5,177.51,2086.41
2025-07-19T05:57:00.000000Z,177.52,177.52,177.45,177.5,2718.61
2025-07-19T05:58:00.000000Z,177.5,177.56,177.48,177.56,2277.33
2025-07-19T05:59:00.000000Z,177.55,177.6,177.51,177.52,8229.9
2025-07-19T06:00:00.000000Z,177.52,177.63,177.51,177.63,5404.24
2025-07-19T06:01:00.000000Z,177.62,177.63,177.51,177.53,3053.07
2025-07-19T06:02:00.000000Z,177.54,177.6,177.53,177.56,3769.71
2025-07-19T06:03:00.000000Z,177.57,177.61,177.53,177.54,2498.05
2025-07-19T06:04:00.000000Z,177.53,177.56,177.42,177.42,4605.61
2025-07-19T06:05:00.000000Z,177.42,177.49,177.31,177.34,15442.87
2025-07-19T06:06:00.000000Z,177.33,177.4,177.27,177.31,5150.0
2025-07-19T06:07:00.000000Z,177.32,177.49,177.31,177.49,2041.62
2025-07-19T06:08:00.000000Z,177.5,177.55,177.41,177.41,4625.42
2025-07-19T06:09:00.000000Z,177.41,177.42,177.32,177.42,1736.01
2025-07-19T06:10:00.000000Z,177.42,177.42,177.29,177.39,8241.49
2025-07-19T06:11:00.000000Z,177.4,177.5,177.38,177.48,3369.41
2025-07-19T06:12:00.000000Z,177.48,177.58,177.43,177.5,10080.29
2025-07-19T06:13:00.000000Z,177.51,177.53,177.44,177.5,1319.93
2025-07-19T06:14:00.000000Z,177.5,177.5,177.26,177.27,4943.58
2025-07-19T06:15:00.000000Z,177.26,177.39,177.26,177.39,1854.42
2025-07-19T06:16:00.000000Z,177.38,177.38,177.24,177.24,6572.51
2025-07-19T06:17:00.000000Z,177.24,177.34,177.18,177.34,4813.86
2025-07-19T06:18:00.000000Z,177.34,177.36,177.22,177.22,2573.87
2025-07-19T06:19:00.000000Z,177.23,177.44,177.23,177.44,8704.64
2025-07-19T06:20:00.000000Z,177.44,177.46,177.35,177.41,9898.27
2025-07-19T06:21:00.000000Z,177.42,177.45,177.22,177.23,10165.89
2025-07-19T06:22:00.000000Z,177.23,177.26,177.12,177.26,4657.03
2025-07-19T06:23:00.000000Z,177.26,177.27,177.13,177.16,1485.03
2025-07-19T06:24:00.000000Z,177.15,177.2,176.97,177.06,11419.23
2025-07-19T06:25:00.000000Z,177.06,177.26,177.06,177.25,4460.21
2025-07-19T06:26:00.000000Z,177.25,177.25,177.17,177.18,1765.29
2025-07-19T06:27:00.000000Z,177.19,177.19,176.81,176.83,9746.23
2025-07-19T06:28:00.000000Z,176.83,176.86,176.6,176.64,20683.29
2025-07-19T06:29:00.000000Z,176.63,176.7,176.53,176.56,19069.16
2025-07-19T06:30:00.000000Z,176.56,176.63,176.47,176.56,22940.88
2025-07-19T06:31:00.000000Z,176.57,176.7,176.56,176.7,5634.35
2025-07-19T06:32:00.000000Z,176.7,176.71,176.54,176.54,11020.09
2025-07-19T06:33:00.000000Z,176.54,176.66,176.53,176.65,5246.13
2025-07-19T06:34:00.000000Z,176.66,176.9,176.64,176.9,6591.85
2025-07-19T06:35:00.000000Z,176.89,176.9,176.77,176.88,5113.24
2025-07-19T06:36:00.000000Z,176.88,176.89,176.76,176.77,5875.23
2025-07-19T06:37:00.000000Z,176.77,176.78,176.64,176.78,8774.39
2025-07-19T06:38:00.000000Z,176.78,176.86,176.77,176.85,3341.4
2025-07-19T06:39:00.000000Z,176.86,176.92,176.81,176.9,6766.94
2025-07-19T06:40:00.000000Z,176.9,176.91,176.52,176.52,8987.97
2025-07-19T06:41:00.000000Z,176.53,176.53,176.26,176.4,23085.42
2025-07-19T06:42:00.000000Z,176.4,176.41,176.27,176.32,8098.98
2025-07-19T06:43:00.000000Z,176.32,176.38,176.22,176.29,15334.46
2025-07-19T06:44:00.000000Z,176.28,176.45,176.26,176.37,13321.44
2025-07-19T06:45:00.000000Z,176.37,176.68,176.32,176.6,30333.31
2025-07-19T06:46:00.000000Z,176.59,176.68,176.59,176.66,7705.47
2025-07-19T06:47:00.000000Z,176.65,176.65,176.4,176.47,5732.32
2025-07-19T06:48:00.000000Z,176.47,176.52,176.35,176.35,4969.39
2025-07-19T06:49:00.000000Z,176.36,176.55,176.35,176.55,10800.49
2025-07-19T06:50:00.000000Z,176.54,176.74,176.54,176.66,5498.54
2025-07-19T06:51:00.000000Z,176.67,176.69,176.52,176.53,2687.63
2025-07-19T06:52:00.000000Z,176.52,176.56,176.52,176.55,1907.63
2025-07-19T06:53:00.000000Z,176.56,176.6,176.45,176.46,2770.11
2025-07-19T06:54:00.000000Z,176.47,176.5,176.28,176.4,4188.23
2025-07-19T06:55:00.000000Z,176.41,176.5,176.32,176.39,7593.58
2025-07-19T06:56:00.000000Z,176.4,176.4,176.19,176.37,7882.28
2025-07-19T06:57:00.000000Z,176.37,176.64,176.37,176.62,5644.92
2025-07-19T06:58:00.000000Z,176.62,176.64,176.24,176.24,7216.43
2025-07-19T06:59:00.000000Z,176.23,176.31,176.1,176.26,18805.63
2025-07-19T07:00:00.000000Z,176.25,176.33,176.13,176.28,7980.58
2025-07-19T07:01:00.000000Z,176.28,176.49,176.28,176.41,8473.04
2025-07-19T07:02:00.000000Z,176.4,176.41,176.31,176.38,4370.77
2025-07-19T07:03:00.000000Z,176.38,176.43,176.3,176.31,7059.9
2025-07-19T07:04:00.000000Z,176.31,176.48,176.31,176.47,4308.27
2025-07-19T07:05:00.000000Z,176.47,176.75,176.42,176.74,16961.8
2025-07-19T07:06:00.000000Z,176.75,176.75,176.6,176.6,7325.74
2025-07-19T07:07:00.000000Z,176.61,176.7,176.57,176.62,5103.32
2025-07-19T07:08:00.000000Z,176.62,176.69,176.62,176.64,5448.53
2025-07-19T07:09:00.000000Z,176.64,176.7,176.57,176.62,3984.34
2025-07-19T07:10:00.000000Z,176.63,176.63,176.55,176.58,1603.39
2025-07-19T07:11:00.000000Z,176.59,176.68,176.53,176.57,13440.29
2025-07-19T07:12:00.000000Z,176.57,176.57,176.35,176.52,12696.02
2025-07-19T07:13:00.000000Z,176.52,176.65,176.5,176.64,5021.18
2025-07-19T07:14:00.000000Z,176.64,176.66,176.59,176.59,3591.43
2025-07-19T07:15:00.000000Z,176.59,176.62,176.43,176.44,3980.46
2025-07-19T07:16:00.000000Z,176.44,176.53,176.44,176.5,4035.67
2025-07-19T07:17:00.000000Z,176.51,176.54,176.37,176.41,1708.56
2025-07-19T07:18:00.000000Z,176.4,176.7,176.4,176.69,6877.54
2025-07-19T07:19:00.000000Z,176.69,176.8,176.68,176.78,10085.59
2025-07-19T07:20:00.000000Z,176.78,176.96,176.78,176.95,7576.06
2025-07-19T07:21:00.000000Z,176.95,176.96,176.86,176.9,5750.63
2025-07-19T07:22:00.000000Z,176.91,176.96,176.9,176.93,3993.5
2025-07-19T07:23:00.000000Z,176.93,177.09,176.93,177.08,5894.3
2025-07-19T07:24:00.000000Z,177.09,177.26,177.07,177.26,17995.77
2025-07-19T07:25:00.000000Z,177.26,177.34,177.1,177.11,25374.66
2025-07-19T07:26:00.000000Z,177.11,177.16,177.01,177.06,4336.11
2025-07-19T07:27:00.000000Z,177.06,177.13,177.06,177.11,3562.72
2025-07-19T07:28:00.000000Z,177.1,177.12,177.01,177.03,1960.96
2025-07-19T07:29:00.000000Z,177.03,177.05,177.0,177.0,2337.98
2025-07-19T07:30:00.000000Z,177.0,177.01,176.73,176.73,8781.35
2025-07-19T07:31:00.000000Z,176.73,176.73,176.52,176.53,10674.92
2025-07-19T07:32:00.000000Z,176.53,176.63,176.52,176.6,4735.76
2025-07-19T07:33:00.000000Z,176.61,176.73,176.5,176.72,4274.77
2025-07-19T07:34:00.000000Z,176.73,176.84,176.71,176.79,2394.82
2025-07-19T07:35:00.000000Z,176.8,176.8,176.57,176.61,8610.72
2025-07-19T07:36:00.000000Z,176.61,176.75,176.52,176.75,4861.69
2025-07-19T07:37:00.000000Z,176.76,176.79,176.64,176.68,7170.61
2025-07-19T07:38:00.000000Z,176.69,176.78,176.67,176.76,3719.11
2025-07-19T07:39:00.000000Z,176.76,176.82,176.73,176.74,2917.24
2025-07-19T07:40:00.000000Z,176.74,176.82,176.7,176.78,2293.26
2025-07-19T07:41:00.000000Z,176.78,176.78,176.64,176.64,2498.5
2025-07-19T07:42:00.000000Z,176.64,176.8,176.64,176.66,2397.51
2025-07-19T07:43:00.000000Z,176.66,176.8,176.61,176.8,3033.2
2025-07-19T07:44:00.000000Z,176.8,176.87,176.77,176.8,2641.43
2025-07-19T07:45:00.000000Z,176.79,177.02,176.79,177.0,3775.9
2025-07-19T07:46:00.000000Z,176.99,176.99,176.87,176.91,2123.69
2025-07-19T07:47:00.000000Z,176.9,176.98,176.9,176.94,2946.15
2025-07-19T07:48:00.000000Z,176.93,176.99,176.92,176.97,1763.54
2025-07-19T07:49:00.000000Z,176.96,177.04,176.94,177.04,3324.79
2025-07-19T07:50:00.000000Z,177.04,177.08,176.96,177.08,4690.5
2025-07-19T07:51:00.000000Z,177.09,177.1,177.02,177.09,4123.48
2025-07-19T07:52:00.000000Z,177.1,177.1,177.08,177.09,1601.01
2025-07-19T07:53:00.000000Z,177.1,177.1,177.07,177.1,1982.81
2025-07-19T07:54:00.000000Z,177.1,177.16,177.03,177.03,5926.25
2025-07-19T07:55:00.000000Z,177.03,177.04,176.88,176.9,4881.01
2025-07-19T07:56:00.000000Z,176.91,177.08,176.86,177.07,2903.87
2025-07-19T07:57:00.000000Z,177.08,177.13,177.0,177.0,2685.24
2025-07-19T07:58:00.000000Z,177.0,177.01,176.92,176.96,2728.73
2025-07-19T07:59:00.000000Z,176.96,176.99,176.95,176.98,1320.27
2025-07-19T08:00:00.000000Z,176.98,177.0,176.9,176.94,2725.65
2025-07-19T08:01:00.000000Z,176.94,176.94,176.83,176.92,2998.07
2025-07-19T08:02:00.000000Z,176.92,176.92,176.82,176.86,7653.5
2025-07-19T08:03:00.000000Z,176.86,176.98,176.82,176.94,4101.13
2025-07-19T08:04:00.000000Z,176.94,177.07,176.94,177.03,5824.45
2025-07-19T08:05:00.000000Z,177.03,177.08,176.95,177.05,13507.65
2025-07-19T08:06:00.000000Z,177.05,177.14,177.01,177.09,2574.42
2025-07-19T08:07:00.000000Z,177.08,177.08,176.98,176.99,3624.6
2025-07-19T08:08:00.000000Z,177.0,177.06,176.99,177.01,2833.62
2025-07-19T08:09:00.000000Z,177.0,177.05,176.82,176.82,6049.84
2025-07-19T08:10:00.000000Z,176.82,176.85,176.57,176.57,10440.42
2025-07-19T08:11:00.000000Z,176.57,176.59,176.22,176.31,22373.87
2025-07-19T08:12:00.000000Z,176.32,176.34,176.22,176.26,13802.13
2025-07-19T08:13:00.000000Z,176.26,176.34,176.18,176.26,12608.69
2025-07-19T08:14:00.000000Z,176.27,176.36,176.13,176.18,14690.41
2025-07-19T08:15:00.000000Z,176.18,176.31,176.15,176.16,10098.35
2025-07-19T08:16:00.000000Z,176.16,176.16,175.85,175.85,30057.38
2025-07-19T08:17:00.000000Z,175.86,175.96,175.73,175.91,24784.62
2025-07-19T08:18:00.000000Z,175.92,175.92,175.77,175.78,10067.89
2025-07-19T08:19:00.000000Z,175.79,175.87,175.68,175.74,9049.23
2025-07-19T08:20:00.000000Z,175.75,175.98,175.74,175.83,15562.79
2025-07-19T08:21:00.000000Z,175.82,175.98,175.82,175.9,5260.39
2025-07-19T08:22:00.000000Z,175.9,176.04,175.9,175.97,6337.99
2025-07-19T08:23:00.000000Z,175.97,175.98,175.85,175.86,5829.49
2025-07-19T08:24:00.000000Z,175.86,175.94,175.6,175.7,14590.6
2025-07-19T08:25:00.000000Z,175.7,175.96,175.7,175.95,6535.25
2025-07-19T08:26:00.000000Z,175.96,176.08,175.9,175.99,8335.48
2025-07-19T08:27:00.000000Z,176.0,176.01,175.89,175.89,5178.25
2025-07-19T08:28:00.000000Z,175.89,176.11,175.86,176.08,6434.22
2025-07-19T08:29:00.000000Z,176.08,176.09,175.97,175.99,3990.06
2025-07-19T08:30:00.000000Z,176.0,176.03,175.85,176.0,9876.0
2025-07-19T08:31:00.000000Z,176.0,176.0,175.7,175.77,11259.23
2025-07-19T08:32:00.000000Z,175.77,175.87,175.65,175.74,24600.41
2025-07-19T08:33:00.000000Z,175.74,175.74,175.42,175.53,16573.39
2025-07-19T08:34:00.000000Z,175.53,175.54,175.35,175.43,12934.46
2025-07-19T08:35:00.000000Z,175.42,175.7,175.41,175.65,10424.26
2025-07-19T08:36:00.000000Z,175.66,175.69,175.57,175.61,6357.04
2025-07-19T08:37:00.000000Z,175.6,175.71,175.54,175.71,5887.06
2025-07-19T08:38:00.000000Z,175.72,175.75,175.63,175.65,7161.63
2025-07-19T08:39:00.000000Z,175.65,175.72,175.59,175.68,4705.38
2025-07-19T08:40:00.000000Z,175.68,175.79,175.62,175.67,9886.26
2025-07-19T08:41:00.000000Z,175.68,175.68,175.52,175.56,4595.66
2025-07-19T08:42:00.000000Z,175.57,175.61,175.51,175.52,6100.97
2025-07-19T08:43:00.000000Z,175.52,175.74,175.52,175.73,3741.98
2025-07-19T08:44:00.000000Z,175.74,175.79,175.68,175.76,15272.63
2025-07-19T08:45:00.000000Z,175.77,175.78,175.51,175.55,6362.71
2025-07-19T08:46:00.000000Z,175.55,175.79,175.55,175.72,3970.55
2025-07-19T08:47:00.000000Z,175.73,175.82,175.69,175.77,5160.89
2025-07-19T08:48:00.000000Z,175.77,175.98,175.77,175.97,7909.92
2025-07-19T08:49:00.000000Z,175.97,176.16,175.96,176.14,6166.75
2025-07-19T08:50:00.000000Z,176.15,176.15,176.01,176.09,8081.77
2025-07-19T08:51:00.000000Z,176.1,176.12,175.75,175.79,7025.59
2025-07-19T08:52:00.000000Z,175.79,175.95,175.79,175.9,4186.75
2025-07-19T08:53:00.000000Z,175.91,175.95,175.8,175.8,2764.66
2025-07-19T08:54:00.000000Z,175.8,175.97,175.8,175.94,3204.46
2025-07-19T08:55:00.000000Z,175.94,175.95,175.83,175.91,6086.53
2025-07-19T08:56:00.000000Z,175.92,176.0,175.89,175.94,2533.5
2025-07-19T08:57:00.000000Z,175.94,176.0,175.93,175.94,1286.55
2025-07-19T08:58:00.000000Z,175.94,176.1,175.92,176.0,3414.34
2025-07-19T08:59:00.000000Z,176.0,176.05,175.99,176.0,1094.34
2025-07-19T09:00:00.000000Z,176.0,176.01,175.87,175.94,3645.08
2025-07-19T09:01:00.000000Z,175.93,175.98,175.78,175.98,2089.19
2025-07-19T09:02:00.000000Z,175.98,176.05,175.89,176.04,2608.63
2025-07-19T09:03:00.000000Z,176.05,176.19,176.05,176.17,12205.72
2025-07-19T09:04:00.000000Z,176.16,176.18,176.03,176.06,2579.2
2025-07-19T09:05:00.000000Z,176.07,176.1,175.96,176.09,4501.17
2025-07-19T09:06:00.000000Z,176.09,176.18,176.06,176.17,5636.58
2025-07-19T09:07:00.000000Z,176.17,176.26,176.16,176.25,3799.34
2025-07-19T09:08:00.000000Z,176.26,176.33,176.26,176.32,2377.59
2025-07-19T09:09:00.000000Z,176.33,176.41,176.2,176.2,4451.58
2025-07-19T09:10:00.000000Z,176.21,176.23,176.0,176.02,3318.13
2025-07-19T09:11:00.000000Z,176.02,176.2,176.01,176.2,1694.95
2025-07-19T09:12:00.000000Z,176.19,176.23,176.11,176.11,2557.45
2025-07-19T09:13:00.000000Z,176.11,176.13,176.01,176.08,2716.86
2025-07-19T09:14:00.000000Z,176.08,176.11,176.0,176.01,3623.65
2025-07-19T09:15:00.000000Z,176.0,176.12,175.97,176.0,3764.68
2025-07-19T09:16:00.000000Z,176.01,176.16,175.97,176.1,2242.38
2025-07-19T09:17:00.000000Z,176.1,176.15,176.06,176.14,6882.26
2025-07-19T09:18:00.000000Z,176.14,176.29,176.14,176.28,3736.83
2025-07-19T09:19:00.000000Z,176.29,176.3,176.17,176.25,4490.53
2025-07-19T09:20:00.000000Z,176.26,176.26,176.12,176.22,2880.91
2025-07-19T09:21:00.000000Z,176.23,176.29,176.06,176.1,3109.91
2025-07-19T09:22:00.000000Z,176.11,176.24,176.05,176.23,2524.59
2025-07-19T09:23:00.000000Z,176.22,176.24,176.17,176.23,1672.34
2025-07-19T09:24:00.000000Z,176.24,176.25,176.11,176.12,4166.93
2025-07-19T09:25:00.000000Z,176.12,176.28,176.08,176.27,3967.66
2025-07-19T09:26:00.000000Z,176.28,176.34,176.22,176.33,2781.64
2025-07-19T09:27:00.000000Z,176.33,176.42,176.33,176.35,5550.58
2025-07-19T09:28:00.000000Z,176.35,176.5,176.35,176.41,6091.52
2025-07-19T09:29:00.000000Z,176.42,176.42,176.31,176.32,1742.6
2025-07-19T09:30:00.000000Z,176.33,176.36,176.19,176.36,4364.57
2025-07-19T09:31:00.000000Z,176.36,176.43,176.35,176.39,2961.65
2025-07-19T09:32:00.000000Z,176.38,176.45,176.36,176.36,2074.08
2025-07-19T09:33:00.000000Z,176.37,176.41,176.35,176.36,1675.01
2025-07-19T09:34:00.000000Z,176.36,176.49,176.35,176.48,2542.68
2025-07-19T09:35:00.000000Z,176.49,176.66,176.48,176.62,9875.04
2025-07-19T09:36:00.000000Z,176.62,176.75,176.61,176.75,7097.96
2025-07-19T09:37:00.000000Z,176.74,176.74,176.58,176.67,3223.32
2025-07-19T09:38:00.000000Z,176.67,176.86,176.67,176.8,5922.42
2025-07-19T09:39:00.000000Z,176.79,176.87,176.77,176.82,4867.87
2025-07-19T09:40:00.000000Z,176.83,176.83,176.69,176.7,7458.08
2025-07-19T09:41:00.000000Z,176.71,176.83,176.7,176.72,6543.48
2025-07-19T09:42:00.000000Z,176.72,176.84,176.72,176.79,6273.87
2025-07-19T09:43:00.000000Z,176.79,176.82,176.69,176.7,5972.02
2025-07-19T09:44:00.000000Z,176.7,176.71,176.63,176.71,3388.95
2025-07-19T09:45:00.000000Z,176.7,176.7,176.59,176.65,7085.54
2025-07-19T09:46:00.000000Z,176.65,176.8,176.65,176.79,4166.83
2025-07-19T09:47:00.000000Z,176.79,176.97,176.79,176.96,13275.03
2025-07-19T09:48:00.000000Z,176.97,177.0,176.91,176.92,9120.33
2025-07-19T09:49:00.000000Z,176.93,176.94,176.9,176.9,4736.24
2025-07-19T09:50:00.000000Z,176.91,176.94,176.83,176.91,3316.53
2025-07-19T09:51:00.000000Z,176.9,176.92,176.72,176.73,8675.17
2025-07-19T09:52:00.000000Z,176.74,176.74,176.62,176.63,3033.32
2025-07-19T09:53:00.000000Z,176.62,176.62,176.47,176.55,5962.72
2025-07-19T09:54:00.000000Z,176.55,176.6,176.48,176.55,4567.03
2025-07-19T09:55:00.000000Z,176.56,176.66,176.53,176.66,2380.15
2025-07-19T09:56:00.000000Z,176.66,176.72,176.64,176.7,2178.65
2025-07-19T09:57:00.000000Z,176.7,176.81,176.69,176.78,1941.98
2025-07-19T09:58:00.000000Z,176.78,176.79,176.6,176.61,2330.94
2025-07-19T09:59:00.000000Z,176.61,176.71,176.57,176.67,2050.28
2025-07-19T10:00:00.000000Z,176.67,176.75,176.64,176.65,3233.91
2025-07-19T10:01:00.000000Z,176.64,176.71,176.62,176.7,3671.62
2025-07-19T10:02:00.000000Z,176.7,176.75,176.67,176.7,2754.41
2025-07-19T10:03:00.000000Z,176.7,176.77,176.66,176.74,7207.03
2025-07-19T10:04:00.000000Z,176.75,176.76,176.63,176.63,8575.33
2025-07-19T10:05:00.000000Z,176.63,176.73,176.6,176.72,4159.18
2025-07-19T10:06:00.000000Z,176.72,176.78,176.64,176.78,4164.75
2025-07-19T10:07:00.000000Z,176.78,176.83,176.7,176.7,2370.65
2025-07-19T10:08:00.000000Z,176.71,176.77,176.68,176.7,2217.58
2025-07-19T10:09:00.000000Z,176.69,176.7,176.49,176.49,5097.44
2025-07-19T10:10:00.000000Z,176.48,176.62,176.43,176.61,4585.66
2025-07-19T10:11:00.000000Z,176.62,176.79,176.61,176.72,6217.86
2025-07-19T10:12:00.000000Z,176.72,176.72,176.65,176.68,1892.6
2025-07-19T10:13:00.000000Z,176.69,176.8,176.64,176.79,4669.87
2025-07-19T10:14:00.000000Z,176.79,176.8,176.69,176.7,1909.37
2025-07-19T10:15:00.000000Z,176.69,176.75,176.66,176.71,5270.05
2025-07-19T10:16:00.000000Z,176.71,176.84,176.65,176.79,10667.58
2025-07-19T10:17:00.000000Z,176.78,176.78,176.68,176.71,2913.87
2025-07-19T10:18:00.000000Z,176.71,176.71,176.63,176.67,2748.95
2025-07-19T10:19:00.000000Z,176.67,176.69,176.61,176.68,6223.65
2025-07-19T10:20:00.000000Z,176.69,176.85,176.68,176.85,3974.04
2025-07-19T10:21:00.000000Z,176.85,176.91,176.84,176.89,4134.65
2025-07-19T10:22:00.000000Z,176.89,176.93,176.87,176.89,2792.64
2025-07-19T10:23:00.000000Z,176.88,176.96,176.82,176.95,4823.3
2025-07-19T10:24:00.000000Z,176.95,177.06,176.94,177.02,10971.16
2025-07-19T10:25:00.000000Z,177.03,177.03,176.92,176.95,4018.83
2025-07-19T10:26:00.000000Z,176.95,176.98,176.89,176.98,2050.68
2025-07-19T10:27:00.000000Z,176.98,177.05,176.92,176.97,3317.84
2025-07-19T10:28:00.000000Z,176.97,177.06,176.96,177.02,2616.93
2025-07-19T10:29:00.000000Z,177.02,177.05,177.01,177.01,2067.25
2025-07-19T10:30:00.000000Z,177.02,177.04,177.01,177.01,1840.7
2025-07-19T10:31:00.000000Z,177.01,177.09,177.0,177.08,1933.84
2025-07-19T10:32:00.000000Z,177.08,177.09,177.07,177.09,2060.52
2025-07-19T10:33:00.000000Z,177.09,177.12,177.03,177.04,5402.26
2025-07-19T10:34:00.000000Z,177.05,177.05,177.04,177.04,996.17
2025-07-19T10:35:00.000000Z,177.05,177.15,177.04,177.15,4591.4
2025-07-19T10:36:00.000000Z,177.14,177.33,177.14,177.31,14487.24
2025-07-19T10:37:00.000000Z,177.32,177.32,177.24,177.27,7856.71
2025-07-19T10:38:00.000000Z,177.27,177.36,177.26,177.33,6965.9
2025-07-19T10:39:00.000000Z,177.32,177.39,177.31,177.39,7730.02
2025-07-19T10:40:00.000000Z,177.39,177.49,177.39,177.49,13615.62
2025-07-19T10:41:00.000000Z,177.48,177.57,177.42,177.54,22944.58
2025-07-19T10:42:00.000000Z,177.53,177.55,177.41,177.55,12019.1
2025-07-19T10:43:00.000000Z,177.55,177.55,177.49,177.51,4223.21
2025-07-19T10:44:00.000000Z,177.51,177.57,177.49,177.53,6041.54
2025-07-19T10:45:00.000000Z,177.53,177.6,177.5,177.51,5740.57
2025-07-19T10:46:00.000000Z,177.51,177.58,177.48,177.57,5201.77
2025-07-19T10:47:00.000000Z,177.57,177.57,177.37,177.37,9769.91
2025-07-19T10:48:00.000000Z,177.37,177.6,177.36,177.57,19210.98
2025-07-19T10:49:00.000000Z,177.56,177.6,177.45,177.55,6182.24
2025-07-19T10:50:00.000000Z,177.55,177.57,177.49,177.56,7814.8
2025-07-19T10:51:00.000000Z,177.57,177.64,177.46,177.46,7687.46
2025-07-19T10:52:00.000000Z,177.46,177.53,177.42,177.44,3857.58
2025-07-19T10:53:00.000000Z,177.45,177.49,177.41,177.43,4157.8
2025-07-19T10:54:00.000000Z,177.44,177.5,177.37,177.4,6339.45
2025-07-19T10:55:00.000000Z,177.41,177.41,177.23,177.28,9100.89
2025-07-19T10:56:00.000000Z,177.29,177.37,177.24,177.31,15082.86
2025-07-19T10:57:00.000000Z,177.32,177.47,177.31,177.33,8946.92
2025-07-19T10:58:00.000000Z,177.34,177.4,177.3,177.34,2384.45
2025-07-19T10:59:00.000000Z,177.34,177.38,177.29,177.37,3276.24
2025-07-19T11:00:00.000000Z,177.37,177.63,177.37,177.53,15043.98
2025-07-19T11:01:00.000000Z,177.54,177.65,177.54,177.64,5004.98
2025-07-19T11:02:00.000000Z,177.65,177.68,177.61,177.68,7672.43
2025-07-19T11:03:00.000000Z,177.68,177.7,177.65,177.7,7712.8
2025-07-19T11:04:00.000000Z,177.7,177.79,177.61,177.62,13039.03
2025-07-19T11:05:00.000000Z,177.61,177.68,177.58,177.65,5266.37
2025-07-19T11:06:00.000000Z,177.65,177.75,177.65,177.75,3194.27
2025-07-19T11:07:00.000000Z,177.75,177.77,177.62,177.67,6881.27
2025-07-19T11:08:00.000000Z,177.66,177.73,177.66,177.73,4302.04
2025-07-19T11:09:00.000000Z,177.73,177.75,177.65,177.68,5675.77
2025-07-19T11:10:00.000000Z,177.68,177.68,177.48,177.48,5284.59
2025-07-19T11:11:00.000000Z,177.49,177.56,177.41,177.46,8930.48
2025-07-19T11:12:00.000000Z,177.45,177.47,177.29,177.3,7927.67
2025-07-19T11:13:00.000000Z,177.3,177.32,176.78,176.79,27652.83
2025-07-19T11:14:00.000000Z,176.78,176.81,176.57,176.66,25022.8
2025-07-19T11:15:00.000000Z,176.67,176.67,176.21,176.25,39666.8
2025-07-19T11:16:00.000000Z,176.25,176.46,176.16,176.36,25775.35
2025-07-19T11:17:00.000000Z,176.36,176.39,176.21,176.24,21989.23
2025-07-19T11:18:00.000000Z,176.24,176.79,176.23,176.76,31684.4
2025-07-19T11:19:00.000000Z,176.77,176.91,176.73,176.85,17650.53
2025-07-19T11:20:00.000000Z,176.86,177.19,176.85,177.15,23560.67
2025-07-19T11:21:00.000000Z,177.15,177.28,177.11,177.12,8873.4
2025-07-19T11:22:00.000000Z,177.12,177.26,177.12,177.23,7903.55
2025-07-19T11:23:00.000000Z,177.23,177.38,177.2,177.37,8973.69
2025-07-19T11:24:00.000000Z,177.37,177.38,177.21,177.27,8017.3
2025-07-19T11:25:00.000000Z,177.27,177.4,177.27,177.4,8640.19
2025-07-19T11:26:00.000000Z,177.39,177.46,177.28,177.31,5890.39
2025-07-19T11:27:00.000000Z,177.3,177.41,177.22,177.29,7858.44
2025-07-19T11:28:00.000000Z,177.28,177.43,177.21,177.38,14212.51
2025-07-19T11:29:00.000000Z,177.38,177.39,177.32,177.39,4798.79
2025-07-19T11:30:00.000000Z,177.39,177.45,177.32,177.43,4764.85
2025-07-19T11:31:00.000000Z,177.43,177.52,177.37,177.37,3729.4
2025-07-19T11:32:00.000000Z,177.37,177.37,177.18,177.25,8069.59
2025-07-19T11:33:00.000000Z,177.25,177.28,177.07,177.22,7003.18
2025-07-19T11:34:00.000000Z,177.21,177.26,177.12,177.13,5298.55
2025-07-19T11:35:00.000000Z,177.13,177.26,177.09,177.26,6711.85
2025-07-19T11:36:00.000000Z,177.25,177.26,177.05,177.05,9969.26
2025-07-19T11:37:00.000000Z,177.05,177.17,177.02,177.17,4018.44
2025-07-19T11:38:00.000000Z,177.18,177.45,177.18,177.39,3796.81
2025-07-19T11:39:00.000000Z,177.39,177.39,177.26,177.3,4159.6
2025-07-19T11:40:00.000000Z,177.3,177.32,177.22,177.31,3078.75
2025-07-19T11:41:00.000000Z,177.31,177.4,177.25,177.35,3734.6
2025-07-19T11:42:00.000000Z,177.34,177.35,177.25,177.28,1479.15
2025-07-19T11:43:00.000000Z,177.28,177.29,177.05,177.06,7787.14
2025-07-19T11:44:00.000000Z,177.06,177.2,177.05,177.19,6586.07
2025-07-19T11:45:00.000000Z,177.18,177.18,177.11,177.14,2268.11
2025-07-19T11:46:00.000000Z,177.14,177.19,177.07,177.11,2501.86
2025-07-19T11:47:00.000000Z,177.11,177.11,176.74,176.85,21085.92
2025-07-19T11:48:00.000000Z,176.84,177.0,176.76,176.99,4546.85
2025-07-19T11:49:00.000000Z,177.0,177.0,176.69,176.69,7806.32
2025-07-19T11:50:00.000000Z,176.69,176.69,176.51,176.55,7470.35
2025-07-19T11:51:00.000000Z,176.54,176.75,176.5,176.75,7177.32
2025-07-19T11:52:00.000000Z,176.74,176.84,176.74,176.81,5175.2
2025-07-19T11:53:00.000000Z,176.81,176.82,176.67,176.68,3236.54
2025-07-19T11:54:00.000000Z,176.67,176.72,176.65,176.67,2674.45
2025-07-19T11:55:00.000000Z,176.66,176.7,176.35,176.36,14063.44
2025-07-19T11:56:00.000000Z,176.35,176.81,176.33,176.65,23955.76
2025-07-19T11:57:00.000000Z,176.64,176.78,176.6,176.66,4960.87
2025-07-19T11:58:00.000000Z,176.66,176.7,176.51,176.52,5864.61
2025-07-19T11:59:00.000000Z,176.51,176.65,176.51,176.58,2771.18
2025-07-19T12:00:00.000000Z,176.57,176.61,176.53,176.54,10097.39
2025-07-19T12:01:00.000000Z,176.53,176.76,176.53,176.75,9554.07
2025-07-19T12:02:00.000000Z,176.75,176.76,176.64,176.65,4218.74
2025-07-19T12:03:00.000000Z,176.64,176.65,176.45,176.47,10839.04
2025-07-19T12:04:00.000000Z,176.47,176.57,176.47,176.51,4328.37
2025-07-19T12:05:00.000000Z,176.5,176.6,176.3,176.3,15393.95
2025-07-19T12:06:00.000000Z,176.3,176.39,176.21,176.39,11809.19
2025-07-19T12:07:00.000000Z,176.38,176.41,176.16,176.16,10950.26
2025-07-19T12:08:00.000000Z,176.17,176.33,176.0,176.33,25355.92
2025-07-19T12:09:00.000000Z,176.32,176.47,176.21,176.35,8403.02
2025-07-19T12:10:00.000000Z,176.34,176.39,176.17,176.17,9470.12
2025-07-19T12:11:00.000000Z,176.17,176.29,176.06,176.28,8553.41
2025-07-19T12:12:00.000000Z,176.28,176.29,175.96,176.02,17856.23
2025-07-19T12:13:00.000000Z,176.02,176.02,175.77,175.78,25846.88
2025-07-19T12:14:00.000000Z,175.78,175.91,175.74,175.9,23562.73
2025-07-19T12:15:00.000000Z,175.9,176.06,175.85,175.94,24620.92
2025-07-19T12:16:00.000000Z,175.93,176.02,175.88,175.97,5848.27
2025-07-19T12:17:00.000000Z,175.96,175.98,175.66,175.81,15944.91
2025-07-19T12:18:00.000000Z,175.81,176.25,175.79,176.24,15823.12
2025-07-19T12:19:00.000000Z,176.23,176.24,176.0,176.0,8502.28
2025-07-19T12:20:00.000000Z,176.0,176.01,175.81,175.97,13901.52
2025-07-19T12:21:00.000000Z,175.96,176.03,175.85,175.89,11037.97
2025-07-19T12:22:00.000000Z,175.89,176.24,175.89,176.15,13796.8
2025-07-19T12:23:00.000000Z,176.15,176.38,176.11,176.14,18516.84
2025-07-19T12:24:00.000000Z,176.13,176.16,176.09,176.1,3547.12
2025-07-19T12:25:00.000000Z,176.1,176.28,176.1,176.27,4810.25
2025-07-19T12:26:00.000000Z,176.27,176.43,176.27,176.43,5895.23
2025-07-19T12:27:00.000000Z,176.42,176.47,176.39,176.46,4017.36
2025-07-19T12:28:00.000000Z,176.46,176.52,176.43,176.44,5617.73
2025-07-19T12:29:00.000000Z,176.43,176.49,175.95,176.15,17011.72
2025-07-19T12:30:00.000000Z,176.14,176.42,176.14,176.33,5384.86
2025-07-19T12:31:00.000000Z,176.33,176.34,176.0,176.01,4269.34
2025-07-19T12:32:00.000000Z,176.0,176.06,175.81,175.92,10975.97
2025-07-19T12:33:00.000000Z,175.91,176.21,175.91,176.21,6614.07
2025-07-19T12:34:00.000000Z,176.2,176.27,176.15,176.27,3477.07
2025-07-19T12:35:00.000000Z,176.27,176.38,176.25,176.38,3902.19
2025-07-19T12:36:00.000000Z,176.38,176.45,176.19,176.2,3425.05
2025-07-19T12:37:00.000000Z,176.2,176.38,176.2,176.38,4773.87
2025-07-19T12:38:00.000000Z,176.37,176.39,176.24,176.33,5672.07
2025-07-19T12:39:00.000000Z,176.33,176.41,176.2,176.3,4173.04
2025-07-19T12:40:00.000000Z,176.3,176.45,176.29,176.37,4526.49
2025-07-19T12:41:00.000000Z,176.37,176.43,176.27,176.39,5913.15
2025-07-19T12:42:00.000000Z,176.39,176.51,176.38,176.49,3685.63
2025-07-19T12:43:00.000000Z,176.49,176.5,176.18,176.23,7120.33
2025-07-19T12:44:00.000000Z,176.22,176.34,176.22,176.31,3107.38
2025-07-19T12:45:00.000000Z,176.3,176.33,176.11,176.32,3619.89
2025-07-19T12:46:00.000000Z,176.32,176.44,176.29,176.44,2200.7
2025-07-19T12:47:00.000000Z,176.44,176.55,176.42,176.55,4165.14
2025-07-19T12:48:00.000000Z,176.55,176.65,176.5,176.64,14119.65
2025-07-19T12:49:00.000000Z,176.64,176.7,176.6,176.7,7983.49
2025-07-19T12:50:00.000000Z,176.7,176.84,176.69,176.83,9724.82
2025-07-19T12:51:00.000000Z,176.82,176.85,176.63,176.64,8969.01
2025-07-19T12:52:00.000000Z,176.65,176.84,176.65,176.79,4344.14
2025-07-19T12:53:00.000000Z,176.78,176.89,176.78,176.89,5583.59
2025-07-19T12:54:00.000000Z,176.88,177.11,176.86,177.09,17602.41
2025-07-19T12:55:00.000000Z,177.09,177.2,177.07,177.18,9310.79
2025-07-19T12:56:00.000000Z,177.18,177.25,177.07,177.23,15147.84
2025-07-19T12:57:00.000000Z,177.23,177.24,177.11,177.12,14117.51
2025-07-19T12:58:00.000000Z,177.11,177.14,177.05,177.13,3808.68
2025-07-19T12:59:00.000000Z,177.13,177.42,177.11,177.35,28902.82
2025-07-19T13:00:00.000000Z,177.34,177.35,177.25,177.3,12173.21
2025-07-19T13:01:00.000000Z,177.29,177.29,177.22,177.27,8219.95
2025-07-19T13:02:00.000000Z,177.26,177.46,177.23,177.46,10411.43
2025-07-19T13:03:00.000000Z,177.45,177.49,177.39,177.49,9979.32
2025-07-19T13:04:00.000000Z,177.49,177.67,177.49,177.53,21446.16
2025-07-19T13:05:00.000000Z,177.53,177.54,177.4,177.41,11763.63
2025-07-19T13:06:00.000000Z,177.4,177.4,177.09,177.1,14861.22
2025-07-19T13:07:00.000000Z,177.1,177.23,177.05,177.06,14349.57
2025-07-19T13:08:00.000000Z,177.06,177.07,176.91,177.05,10458.68
2025-07-19T13:09:00.000000Z,177.04,177.24,176.95,177.22,8896.36
2025-07-19T13:10:00.000000Z,177.22,177.5,177.2,177.4,15106.17
2025-07-19T13:11:00.000000Z,177.39,177.44,177.33,177.39,7338.71
2025-07-19T13:12:00.000000Z,177.38,177.65,177.33,177.62,21203.57
2025-07-19T13:13:00.000000Z,177.61,177.64,177.52,177.63,17283.7
2025-07-19T13:14:00.000000Z,177.63,177.77,177.62,177.75,15405.09
2025-07-19T13:15:00.000000Z,177.75,177.84,177.63,177.63,19150.33
2025-07-19T13:16:00.000000Z,177.63,177.85,177.63,177.75,26107.56
2025-07-19T13:17:00.000000Z,177.76,177.78,177.63,177.64,11812.39
2025-07-19T13:18:00.000000Z,177.64,177.7,177.61,177.7,6268.22
2025-07-19T13:19:00.000000Z,177.69,177.74,177.55,177.74,7891.05
2025-07-19T13:20:00.000000Z,177.75,177.75,177.57,177.58,6667.38
2025-07-19T13:21:00.000000Z,177.57,177.59,177.5,177.5,6441.76
2025-07-19T13:22:00.000000Z,177.5,177.53,177.15,177.29,35641.67
2025-07-19T13:23:00.000000Z,177.3,177.38,177.23,177.33,8571.64
2025-07-19T13:24:00.000000Z,177.33,177.34,177.23,177.25,8626.91
2025-07-19T13:25:00.000000Z,177.25,177.48,177.24,177.37,4813.63
2025-07-19T13:26:00.000000Z,177.37,177.45,177.36,177.41,4709.43
2025-07-19T13:27:00.000000Z,177.41,177.6,177.41,177.44,5616.66
2025-07-19T13:28:00.000000Z,177.45,177.46,177.4,177.43,2245.08
2025-07-19T13:29:00.000000Z,177.42,177.5,177.42,177.49,3576.88
2025-07-19T13:30:00.000000Z,177.49,177.5,177.4,177.48,5978.28
2025-07-19T13:31:00.000000Z,177.48,177.63,177.43,177.63,7798.73
2025-07-19T13:32:00.000000Z,177.63,177.64,177.56,177.61,6318.13
2025-07-19T13:33:00.000000Z,177.61,177.68,177.55,177.56,3778.57
2025-07-19T13:34:00.000000Z,177.57,177.7,177.55,177.62,3930.71
2025-07-19T13:35:00.000000Z,177.61,177.75,177.57,177.73,6079.47
2025-07-19T13:36:00.000000Z,177.73,177.78,177.64,177.64,8050.36
2025-07-19T13:37:00.000000Z,177.65,177.7,177.64,177.67,2795.43
2025-07-19T13:38:00.000000Z,177.67,177.7,177.64,177.7,5540.35
2025-07-19T13:39:00.000000Z,177.7,177.7,177.6,177.62,5474.67
2025-07-19T13:40:00.000000Z,177.62,177.69,177.61,177.67,11977.25
2025-07-19T13:41:00.000000Z,177.67,177.68,177.56,177.6,4267.63
2025-07-19T13:42:00.000000Z,177.61,177.61,177.41,177.43,5270.7
2025-07-19T13:43:00.000000Z,177.43,177.66,177.43,177.66,7408.37
2025-07-19T13:44:00.000000Z,177.66,177.67,177.58,177.65,4886.6
2025-07-19T13:45:00.000000Z,177.64,177.73,177.62,177.71,14172.45
2025-07-19T13:46:00.000000Z,177.71,177.84,177.71,177.73,11871.28
2025-07-19T13:47:00.000000Z,177.73,177.78,177.72,177.73,5038.82
2025-07-19T13:48:00.000000Z,177.73,177.76,177.61,177.72,10679.02
2025-07-19T13:49:00.000000Z,177.72,177.75,177.49,177.49,9109.59
2025-07-19T13:50:00.000000Z,177.49,177.51,177.26,177.41,21968.03
2025-07-19T13:51:00.000000Z,177.41,177.76,177.35,177.76,10333.71
2025-07-19T13:52:00.000000Z,177.76,177.81,177.57,177.57,9689.93
2025-07-19T13:53:00.000000Z,177.58,177.58,177.39,177.45,5602.77
2025-07-19T13:54:00.000000Z,177.45,177.58,177.39,177.39,6197.77
2025-07-19T13:55:00.000000Z,177.38,177.39,177.25,177.26,4574.35
2025-07-19T13:56:00.000000Z,177.26,177.27,177.06,177.09,13771.87
2025-07-19T13:57:00.000000Z,177.08,177.16,177.03,177.16,13706.15
2025-07-19T13:58:00.000000Z,177.16,177.44,177.16,177.42,7630.11
2025-07-19T13:59:00.000000Z,177.41,177.46,177.36,177.46,6688.88
2025-07-19T14:00:00.000000Z,177.47,177.87,177.43,177.85,33888.59
2025-07-19T14:01:00.000000Z,177.85,177.86,177.6,177.6,18272.72
2025-07-19T14:02:00.000000Z,177.61,177.72,177.51,177.63,6160.38
2025-07-19T14:03:00.000000Z,177.64,177.7,177.6,177.64,6169.92
2025-07-19T14:04:00.000000Z,177.65,177.67,177.56,177.62,3431.54
2025-07-19T14:05:00.000000Z,177.62,177.62,177.46,177.48,4872.72
2025-07-19T14:06:00.000000Z,177.47,177.56,177.33,177.33,8159.95
2025-07-19T14:07:00.000000Z,177.33,177.34,177.11,177.11,9855.39
2025-07-19T14:08:00.000000Z,177.11,177.25,177.11,177.16,5161.1
2025-07-19T14:09:00.000000Z,177.16,177.16,176.96,176.99,17763.28
2025-07-19T14:10:00.000000Z,176.99,176.99,176.67,176.78,39532.78
2025-07-19T14:11:00.000000Z,176.77,176.84,176.7,176.71,8497.01
2025-07-19T14:12:00.000000Z,176.7,176.82,176.57,176.62,35350.11
2025-07-19T14:13:00.000000Z,176.63,176.63,176.5,176.51,9552.98
2025-07-19T14:14:00.000000Z,176.51,176.63,176.43,176.6,21336.94
2025-07-19T14:15:00.000000Z,176.59,176.66,176.44,176.64,21672.87
2025-07-19T14:16:00.000000Z,176.64,176.87,176.64,176.72,14133.17
2025-07-19T14:17:00.000000Z,176.72,177.01,176.71,176.98,7837.54
2025-07-19T14:18:00.000000Z,176.98,177.07,176.92,176.94,10334.0
2025-07-19T14:19:00.000000Z,176.94,176.98,176.78,176.78,3721.61
2025-07-19T14:20:00.000000Z,176.77,176.86,176.73,176.74,8610.57
2025-07-19T14:21:00.000000Z,176.74,176.74,176.38,176.5,24106.97
2025-07-19T14:22:00.000000Z,176.5,176.55,176.34,176.55,8068.43
2025-07-19T14:23:00.000000Z,176.54,176.64,176.49,176.63,5458.71
2025-07-19T14:24:00.000000Z,176.63,176.66,176.5,176.65,5487.23
2025-07-19T14:25:00.000000Z,176.66,176.74,176.5,176.56,6246.58
2025-07-19T14:26:00.000000Z,176.57,176.63,176.37,176.44,7956.72
2025-07-19T14:27:00.000000Z,176.45,176.45,175.95,176.13,36516.73
2025-07-19T14:28:00.000000Z,176.13,176.19,175.97,175.97,20246.33
2025-07-19T14:29:00.000000Z,175.98,176.15,175.98,176.09,27265.46
2025-07-19T14:30:00.000000Z,176.09,176.44,176.09,176.34,17275.04
2025-07-19T14:31:00.000000Z,176.34,176.34,175.83,175.89,19946.91
2025-07-19T14:32:00.000000Z,175.89,176.0,175.84,175.96,21218.87
2025-07-19T14:33:00.000000Z,175.97,176.22,175.96,176.13,18292.58
2025-07-19T14:34:00.000000Z,176.14,176.44,176.13,176.36,16013.33
2025-07-19T14:35:00.000000Z,176.36,176.38,176.13,176.17,17439.64
2025-07-19T14:36:00.000000Z,176.17,176.3,176.03,176.3,33319.5
2025-07-19T14:37:00.000000Z,176.3,176.38,176.17,176.31,16975.54
2025-07-19T14:38:00.000000Z,176.32,176.36,176.05,176.05,5289.24
2025-07-19T14:39:00.000000Z,176.06,176.2,175.8,175.8,30122.19
2025-07-19T14:40:00.000000Z,175.8,175.86,175.65,175.85,39956.39
2025-07-19T14:41:00.000000Z,175.86,175.86,175.59,175.79,22036.84
2025-07-19T14:42:00.000000Z,175.8,175.87,175.6,175.66,19751.7
2025-07-19T14:43:00.000000Z,175.67,175.87,175.61,175.8,21721.61
2025-07-19T14:44:00.000000Z,175.79,176.04,175.75,176.0,11415.68
2025-07-19T14:45:00.000000Z,176.01,176.25,176.0,176.06,14646.91
2025-07-19T14:46:00.000000Z,176.05,176.07,175.63,175.64,14098.16
2025-07-19T14:47:00.000000Z,175.64,175.74,175.61,175.72,8682.77
2025-07-19T14:48:00.000000Z,175.71,175.81,175.5,175.57,18159.4
2025-07-19T14:49:00.000000Z,175.57,175.76,175.43,175.62,23806.73
2025-07-19T14:50:00.000000Z,175.62,175.63,175.43,175.47,12335.63
2025-07-19T14:51:00.000000Z,175.47,175.67,175.44,175.65,8126.19
2025-07-19T14:52:00.000000Z,175.65,175.69,175.42,175.45,11374.47
2025-07-19T14:53:00.000000Z,175.44,175.48,175.3,175.31,15719.08
2025-07-19T14:54:00.000000Z,175.31,175.4,175.13,175.34,44356.15
2025-07-19T14:55:00.000000Z,175.34,175.36,175.07,175.08,16457.5
2025-07-19T14:56:00.000000Z,175.08,175.24,175.08,175.17,13140.47
2025-07-19T14:57:00.000000Z,175.17,175.25,175.02,175.03,14091.97
2025-07-19T14:58:00.000000Z,175.02,175.13,174.88,174.92,48968.91
2025-07-19T14:59:00.000000Z,174.92,175.03,174.73,175.0,40503.59
2025-07-19T15:00:00.000000Z,174.99,175.13,174.83,175.09,32645.13
2025-07-19T15:01:00.000000Z,175.09,175.39,175.08,175.37,23124.86
2025-07-19T15:02:00.000000Z,175.37,175.46,175.28,175.29,22008.85
2025-07-19T15:03:00.000000Z,175.28,175.49,175.27,175.46,8211.49
2025-07-19T15:04:00.000000Z,175.46,175.46,175.3,175.31,7367.63
2025-07-19T15:05:00.000000Z,175.31,175.45,175.28,175.35,12928.02
2025-07-19T15:06:00.000000Z,175.34,175.39,175.25,175.33,7875.53
2025-07-19T15:07:00.000000Z,175.32,175.56,175.31,175.55,11830.05
2025-07-19T15:08:00.000000Z,175.54,175.69,175.44,175.51,17607.42
2025-07-19T15:09:00.000000Z,175.52,175.7,175.52,175.64,16026.78
2025-07-19T15:10:00.000000Z,175.64,175.81,175.64,175.78,9928.68
2025-07-19T15:11:00.000000Z,175.77,175.82,175.64,175.79,16791.87
2025-07-19T15:12:00.000000Z,175.78,175.84,175.72,175.75,12692.56
2025-07-19T15:13:00.000000Z,175.74,175.75,175.55,175.58,11783.81
2025-07-19T15:14:00.000000Z,175.58,175.67,175.58,175.6,2606.93
2025-07-19T15:15:00.000000Z,175.61,175.97,175.6,175.96,6948.18
2025-07-19T15:16:00.000000Z,175.96,176.08,175.95,176.08,12462.24
2025-07-19T15:17:00.000000Z,176.08,176.31,176.03,176.16,17006.28
2025-07-19T15:18:00.000000Z,176.16,176.29,176.06,176.27,14633.15
2025-07-19T15:19:00.000000Z,176.27,176.3,176.15,176.21,10715.39
2025-07-19T15:20:00.000000Z,176.21,176.28,176.14,176.24,7085.82
2025-07-19T15:21:00.000000Z,176.24,176.4,176.2,176.4,19748.26
2025-07-19T15:22:00.000000Z,176.4,176.47,176.33,176.36,18331.73
2025-07-19T15:23:00.000000Z,176.35,176.56,176.35,176.55,18536.94
2025-07-19T15:24:00.000000Z,176.55,176.58,176.44,176.45,11852.45
2025-07-19T15:25:00.000000Z,176.46,176.5,176.32,176.43,13924.54
2025-07-19T15:26:00.000000Z,176.42,176.45,176.33,176.39,8809.01
2025-07-19T15:27:00.000000Z,176.4,176.45,176.32,176.32,7485.61
2025-07-19T15:28:00.000000Z,176.32,176.55,176.32,176.46,8725.0
2025-07-19T15:29:00.000000Z,176.45,176.52,176.41,176.52,5856.86
2025-07-19T15:30:00.000000Z,176.52,176.7,176.51,176.67,24761.86
2025-07-19T15:31:00.000000Z,176.68,176.87,176.67,176.86,33952.8
2025-07-19T15:32:00.000000Z,176.86,176.86,176.38,176.38,24896.32
2025-07-19T15:33:00.000000Z,176.37,176.59,176.17,176.53,51773.68
2025-07-19T15:34:00.000000Z,176.52,176.52,176.34,176.49,7269.47
2025-07-19T15:35:00.000000Z,176.49,176.49,176.35,176.41,5393.93
2025-07-19T15:36:00.000000Z,176.41,176.63,176.39,176.62,11501.96
2025-07-19T15:37:00.000000Z,176.63,176.81,176.58,176.8,8557.63
2025-07-19T15:38:00.000000Z,176.81,177.12,176.8,177.08,29623.32
2025-07-19T15:39:00.000000Z,177.09,177.09,176.81,176.86,15932.51
2025-07-19T15:40:00.000000Z,176.86,177.1,176.86,177.06,14795.58
2025-07-19T15:41:00.000000Z,177.06,177.29,177.01,177.26,25874.54
2025-07-19T15:42:00.000000Z,177.25,177.3,177.21,177.26,9891.75
2025-07-19T15:43:00.000000Z,177.26,177.3,177.15,177.28,17264.54
2025-07-19T15:44:00.000000Z,177.28,177.44,177.28,177.43,12542.84
2025-07-19T15:45:00.000000Z,177.44,177.44,177.12,177.32,19593.56
2025-07-19T15:46:00.000000Z,177.31,177.41,177.25,177.33,7510.95
2025-07-19T15:47:00.000000Z,177.32,177.36,177.2,177.24,11083.17
2025-07-19T15:48:00.000000Z,177.24,177.29,177.09,177.28,19036.6
2025-07-19T15:49:00.000000Z,177.28,177.38,177.24,177.38,10019.42
2025-07-19T15:50:00.000000Z,177.38,177.45,177.16,177.18,10501.18
2025-07-19T15:51:00.000000Z,177.17,177.26,177.01,177.01,15278.6
2025-07-19T15:52:00.000000Z,177.01,177.17,176.95,177.11,9785.97
2025-07-19T15:53:00.000000Z,177.12,177.31,177.1,177.3,5629.18
2025-07-19T15:54:00.000000Z,177.3,177.37,177.22,177.25,22289.01
2025-07-19T15:55:00.000000Z,177.26,177.39,177.25,177.31,8764.84
2025-07-19T15:56:00.000000Z,177.31,177.35,177.28,177.35,3412.16
2025-07-19T15:57:00.000000Z,177.35,177.44,177.34,177.36,8399.23
2025-07-19T15:58:00.000000Z,177.36,177.4,177.3,177.34,7606.63
2025-07-19T15:59:00.000000Z,177.35,177.39,177.29,177.37,5795.59
2025-07-19T16:00:00.000000Z,177.37,177.37,177.23,177.23,12039.75
2025-07-19T16:01:00.000000Z,177.23,177.3,177.19,177.23,9654.24
2025-07-19T16:02:00.000000Z,177.24,177.29,176.93,176.93,12514.92
2025-07-19T16:03:00.000000Z,176.93,176.93,176.61,176.61,29577.15
2025-07-19T16:04:00.000000Z,176.61,176.74,176.59,176.65,15922.34
2025-07-19T16:05:00.000000Z,176.65,176.74,176.51,176.51,11755.95
2025-07-19T16:06:00.000000Z,176.51,177.06,176.43,177.06,19361.33
2025-07-19T16:07:00.000000Z,177.06,177.13,176.9,177.03,11632.93
2025-07-19T16:08:00.000000Z,177.02,177.1,176.89,176.9,6851.51
2025-07-19T16:09:00.000000Z,176.89,176.93,176.8,176.9,8755.07
2025-07-19T16:10:00.000000Z,176.9,177.08,176.88,176.88,12630.45
2025-07-19T16:11:00.000000Z,176.88,176.89,176.72,176.83,6702.71
2025-07-19T16:12:00.000000Z,176.83,177.34,176.83,177.18,22981.96
2025-07-19T16:13:00.000000Z,177.17,177.23,176.99,177.01,6266.9
2025-07-19T16:14:00.000000Z,177.0,177.2,177.0,177.09,8775.17
2025-07-19T16:15:00.000000Z,177.1,177.19,176.93,176.97,6079.66
2025-07-19T16:16:00.000000Z,176.97,177.43,176.96,177.4,18385.64
2025-07-19T16:17:00.000000Z,177.41,177.61,177.27,177.27,37194.41
2025-07-19T16:18:00.000000Z,177.28,177.5,177.28,177.37,6987.6
2025-07-19T16:19:00.000000Z,177.36,177.4,177.32,177.4,5867.37
2025-07-19T16:20:00.000000Z,177.4,177.4,177.06,177.21,9208.7
2025-07-19T16:21:00.000000Z,177.21,177.62,177.21,177.62,9338.01
2025-07-19T16:22:00.000000Z,177.61,177.73,177.54,177.67,17014.52
2025-07-19T16:23:00.000000Z,177.67,177.68,177.57,177.61,12400.54
2025-07-19T16:24:00.000000Z,177.62,177.72,177.62,177.72,7647.33
2025-07-19T16:25:00.000000Z,177.71,177.72,177.52,177.67,6633.01
2025-07-19T16:26:00.000000Z,177.68,177.68,177.51,177.59,7508.29
2025-07-19T16:27:00.000000Z,177.58,177.66,177.52,177.59,13996.17
2025-07-19T16:28:00.000000Z,177.59,177.8,177.48,177.79,35623.11
2025-07-19T16:29:00.000000Z,177.8,177.83,177.56,177.59,17582.99
2025-07-19T16:30:00.000000Z,177.59,177.76,177.58,177.62,9565.42
2025-07-19T16:31:00.000000Z,177.62,177.81,177.61,177.72,9849.73
2025-07-19T16:32:00.000000Z,177.73,177.73,177.51,177.67,6733.91
2025-07-19T16:33:00.000000Z,177.68,177.71,177.6,177.66,4095.52
2025-07-19T16:34:00.000000Z,177.67,177.67,177.44,177.51,19866.62
2025-07-19T16:35:00.000000Z,177.52,177.79,177.51,177.7,13111.36
2025-07-19T16:36:00.000000Z,177.71,177.84,177.7,177.83,12520.03
2025-07-19T16:37:00.000000Z,177.84,177.84,177.72,177.84,9621.12
2025-07-19T16:38:00.000000Z,177.84,177.87,177.77,177.77,11341.1
2025-07-19T16:39:00.000000Z,177.77,177.77,177.67,177.68,17398.5
2025-07-19T16:40:00.000000Z,177.69,177.76,177.67,177.7,14910.8
2025-07-19T16:41:00.000000Z,177.7,177.72,177.43,177.43,38164.91
2025-07-19T16:42:00.000000Z,177.44,177.68,177.43,177.68,9631.29
2025-07-19T16:43:00.000000Z,177.68,177.7,177.59,177.69,6522.32
2025-07-19T16:44:00.000000Z,177.69,177.7,177.56,177.67,5507.98
2025-07-19T16:45:00.000000Z,177.67,177.73,177.6,177.73,4172.42
2025-07-19T16:46:00.000000Z,177.73,177.73,177.59,177.67,4602.82
2025-07-19T16:47:00.000000Z,177.68,177.81,177.67,177.76,14519.28
2025-07-19T16:48:00.000000Z,177.76,177.78,177.67,177.74,13571.3
2025-07-19T16:49:00.000000Z,177.75,177.8,177.71,177.75,6263.7
2025-07-19T16:50:00.000000Z,177.75,177.8,177.71,177.75,7153.64
2025-07-19T16:51:00.000000Z,177.76,177.76,177.7,177.73,2793.34
2025-07-19T16:52:00.000000Z,177.74,177.74,177.38,177.42,19613.63
2025-07-19T16:53:00.000000Z,177.41,177.48,177.33,177.33,7203.26
2025-07-19T16:54:00.000000Z,177.34,177.53,177.33,177.5,19001.24
2025-07-19T16:55:00.000000Z,177.51,177.62,177.5,177.62,5455.36
2025-07-19T16:56:00.000000Z,177.62,177.69,177.58,177.66,5677.1
2025-07-19T16:57:00.000000Z,177.67,177.7,177.56,177.67,3267.21
2025-07-19T16:58:00.000000Z,177.67,177.67,177.52,177.57,4122.01
2025-07-19T16:59:00.000000Z,177.58,177.62,177.51,177.54,5392.08
2025-07-19T17:00:00.000000Z,177.55,177.58,177.42,177.57,13864.13
2025-07-19T17:01:00.000000Z,177.57,177.66,177.54,177.64,5618.27
2025-07-19T17:02:00.000000Z,177.64,177.75,177.64,177.69,6479.01
2025-07-19T17:03:00.000000Z,177.7,177.81,177.69,177.8,8072.62
2025-07-19T17:04:00.000000Z,177.8,177.8,177.71,177.72,4343.78
2025-07-19T17:05:00.000000Z,177.72,177.78,177.61,177.68,6821.11
2025-07-19T17:06:00.000000Z,177.69,177.7,177.37,177.43,7114.25
2025-07-19T17:07:00.000000Z,177.44,177.49,177.33,177.38,8506.67
2025-07-19T17:08:00.000000Z,177.39,177.69,177.39,177.45,6196.8
2025-07-19T17:09:00.000000Z,177.46,177.55,177.4,177.51,8134.48
2025-07-19T17:10:00.000000Z,177.52,177.52,177.38,177.44,9115.34
2025-07-19T17:11:00.000000Z,177.43,177.5,177.34,177.35,11718.62
2025-07-19T17:12:00.000000Z,177.36,177.37,177.18,177.35,16423.1
2025-07-19T17:13:00.000000Z,177.35,177.35,177.16,177.16,5735.46
2025-07-19T17:14:00.000000Z,177.15,177.23,177.13,177.22,5391.66
2025-07-19T17:15:00.000000Z,177.22,177.43,177.22,177.43,5967.18
2025-07-19T17:16:00.000000Z,177.42,177.46,177.18,177.22,10134.11
2025-07-19T17:17:00.000000Z,177.23,177.34,177.22,177.24,8109.92
2025-07-19T17:18:00.000000Z,177.25,177.29,177.23,177.28,3284.46
2025-07-19T17:19:00.000000Z,177.29,177.29,177.11,177.11,7847.39
2025-07-19T17:20:00.000000Z,177.12,177.2,177.06,177.19,6591.68
2025-07-19T17:21:00.000000Z,177.2,177.39,177.16,177.39,7770.59
2025-07-19T17:22:00.000000Z,177.39,177.39,177.13,177.18,4677.85
2025-07-19T17:23:00.000000Z,177.17,177.25,177.17,177.24,2490.02
2025-07-19T17:24:00.000000Z,177.25,177.25,177.11,177.12,7462.43
2025-07-19T17:25:00.000000Z,177.13,177.17,177.08,177.14,8688.62
2025-07-19T17:26:00.000000Z,177.15,177.17,176.96,176.97,10828.33
2025-07-19T17:27:00.000000Z,176.98,177.01,176.91,176.95,7280.43
2025-07-19T17:28:00.000000Z,176.95,177.03,176.88,177.03,8771.56
2025-07-19T17:29:00.000000Z,177.03,177.06,176.94,176.99,6660.77
2025-07-19T17:30:00.000000Z,176.98,177.08,176.86,176.86,10489.02
2025-07-19T17:31:00.000000Z,176.85,176.87,176.77,176.78,12229.02
2025-07-19T17:32:00.000000Z,176.78,176.96,176.76,176.87,6401.07
2025-07-19T17:33:00.000000Z,176.86,176.86,176.66,176.71,6010.72
2025-07-19T17:34:00.000000Z,176.72,176.8,176.7,176.78,6335.99
2025-07-19T17:35:00.000000Z,176.79,176.88,176.72,176.88,7838.07
2025-07-19T17:36:00.000000Z,176.89,177.0,176.85,176.92,5434.07
2025-07-19T17:37:00.000000Z,176.92,176.92,176.71,176.82,11559.77
2025-07-19T17:38:00.000000Z,176.81,176.88,176.74,176.74,4953.51
2025-07-19T17:39:00.000000Z,176.75,176.94,176.72,176.94,3576.11
2025-07-19T17:40:00.000000Z,176.94,176.94,176.66,176.67,11116.74
2025-07-19T17:41:00.000000Z,176.66,176.71,176.6,176.61,9972.36
2025-07-19T17:42:00.000000Z,176.62,176.67,176.55,176.58,7252.97
2025-07-19T17:43:00.000000Z,176.58,176.63,176.48,176.56,11128.53
2025-07-19T17:44:00.000000Z,176.57,176.66,176.56,176.57,4544.14
2025-07-19T17:45:00.000000Z,176.58,176.82,176.57,176.76,13044.37
2025-07-19T17:46:00.000000Z,176.77,176.77,176.59,176.6,4911.39
2025-07-19T17:47:00.000000Z,176.61,176.72,176.6,176.7,3280.63
2025-07-19T17:48:00.000000Z,176.7,176.83,176.69,176.83,2429.94
2025-07-19T17:49:00.000000Z,176.83,176.83,176.51,176.57,7220.94
2025-07-19T17:50:00.000000Z,176.58,176.66,176.47,176.65,7626.72
2025-07-19T17:51:00.000000Z,176.66,176.72,176.6,176.69,4841.0
2025-07-19T17:52:00.000000Z,176.7,176.76,176.62,176.76,4038.83
2025-07-19T17:53:00.000000Z,176.77,176.82,176.76,176.77,5716.82
2025-07-19T17:54:00.000000Z,176.77,176.77,176.56,176.63,6471.64
2025-07-19T17:55:00.000000Z,176.63,176.63,176.48,176.48,3305.4
2025-07-19T17:56:00.000000Z,176.47,176.48,176.11,176.11,23751.7
2025-07-19T17:57:00.000000Z,176.12,176.37,176.11,176.3,7154.8
2025-07-19T17:58:00.000000Z,176.3,176.36,176.26,176.27,7209.51
2025-07-19T17:59:00.000000Z,176.28,176.34,176.27,176.31,3931.87
2025-07-19T18:00:00.000000Z,176.32,176.32,176.16,176.23,5786.86
2025-07-19T18:01:00.000000Z,176.23,176.49,176.23,176.48,8202.81
2025-07-19T18:02:00.000000Z,176.49,176.57,176.39,176.4,33639.16
2025-07-19T18:03:00.000000Z,176.4,176.5,176.37,176.37,3980.65
2025-07-19T18:04:00.000000Z,176.37,176.39,176.15,176.15,9340.37
2025-07-19T18:05:00.000000Z,176.15,176.56,176.15,176.56,10396.0
2025-07-19T18:06:00.000000Z,176.55,176.74,176.53,176.74,13718.36
2025-07-19T18:07:00.000000Z,176.73,176.88,176.7,176.78,19625.27
2025-07-19T18:08:00.000000Z,176.78,176.97,176.78,176.87,12650.87
2025-07-19T18:09:00.000000Z,176.87,176.99,176.85,176.85,8087.08
2025-07-19T18:10:00.000000Z,176.86,177.23,176.85,177.22,14931.59
2025-07-19T18:11:00.000000Z,177.23,177.23,177.07,177.11,9153.74
2025-07-19T18:12:00.000000Z,177.11,177.19,177.1,177.14,3490.39
2025-07-19T18:13:00.000000Z,177.15,177.17,177.01,177.06,4435.62
2025-07-19T18:14:00.000000Z,177.07,177.09,176.97,177.0,4334.97
2025-07-19T18:15:00.000000Z,177.0,177.12,177.0,177.11,4871.2
2025-07-19T18:16:00.000000Z,177.11,177.17,177.01,177.03,5490.82
2025-07-19T18:17:00.000000Z,177.03,177.04,176.93,177.0,6130.62
2025-07-19T18:18:00.000000Z,177.01,177.02,176.77,176.77,8319.96
2025-07-19T18:19:00.000000Z,176.76,176.82,176.63,176.66,6263.15
2025-07-19T18:20:00.000000Z,176.66,176.93,176.66,176.93,3326.17
2025-07-19T18:21:00.000000Z,176.94,177.06,176.94,177.04,5685.79
2025-07-19T18:22:00.000000Z,177.04,177.33,177.04,177.32,7345.47
2025-07-19T18:23:00.000000Z,177.33,177.34,177.26,177.31,5581.36
2025-07-19T18:24:00.000000Z,177.32,177.42,177.27,177.42,13384.34
2025-07-19T18:25:00.000000Z,177.42,177.49,177.35,177.35,14144.15
2025-07-19T18:26:00.000000Z,177.35,177.4,177.26,177.32,7681.63
2025-07-19T18:27:00.000000Z,177.32,177.52,177.28,177.44,13759.06
2025-07-19T18:28:00.000000Z,177.44,177.47,177.39,177.4,4652.72
2025-07-19T18:29:00.000000Z,177.4,177.4,177.26,177.36,4003.16
2025-07-19T18:30:00.000000Z,177.36,177.42,177.27,177.33,3147.13
2025-07-19T18:31:00.000000Z,177.34,177.43,177.33,177.42,2432.37
2025-07-19T18:32:00.000000Z,177.43,177.43,177.14,177.21,4607.33
2025-07-19T18:33:00.000000Z,177.21,177.29,177.2,177.29,1904.02
2025-07-19T18:34:00.000000Z,177.28,177.42,177.25,177.31,3142.39
2025-07-19T18:35:00.000000Z,177.32,177.33,177.21,177.21,2012.0
2025-07-19T18:36:00.000000Z,177.22,177.37,177.21,177.35,3722.64
2025-07-19T18:37:00.000000Z,177.36,177.38,177.28,177.28,4285.58
2025-07-19T18:38:00.000000Z,177.28,177.31,177.21,177.31,1939.56
2025-07-19T18:39:00.000000Z,177.31,177.36,177.25,177.34,3028.03
2025-07-19T18:40:00.000000Z,177.33,177.38,177.26,177.28,3258.87
2025-07-19T18:41:00.000000Z,177.28,177.29,177.13,177.14,6921.64
2025-07-19T18:42:00.000000Z,177.13,177.2,177.08,177.16,3055.69
2025-07-19T18:43:00.000000Z,177.17,177.23,177.11,177.19,1770.82
2025-07-19T18:44:00.000000Z,177.2,177.2,177.01,177.07,3913.97
2025-07-19T18:45:00.000000Z,177.06,177.17,177.06,177.14,1863.03
2025-07-19T18:46:00.000000Z,177.15,177.17,177.02,177.07,2654.91
2025-07-19T18:47:00.000000Z,177.07,177.07,176.71,176.75,19660.16
2025-07-19T18:48:00.000000Z,176.75,176.95,176.74,176.92,3990.96
2025-07-19T18:49:00.000000Z,176.91,176.99,176.88,176.92,2728.12
2025-07-19T18:50:00.000000Z,176.93,176.93,176.8,176.86,4731.56
2025-07-19T18:51:00.000000Z,176.86,176.87,176.78,176.84,3233.16
2025-07-19T18:52:00.000000Z,176.83,177.03,176.79,177.03,6108.65
2025-07-19T18:53:00.000000Z,177.03,177.04,176.82,176.89,9248.16
2025-07-19T18:54:00.000000Z,176.88,176.9,176.8,176.88,2107.82
2025-07-19T18:55:00.000000Z,176.88,176.88,176.74,176.74,2607.69
2025-07-19T18:56:00.000000Z,176.74,176.83,176.74,176.83,1691.18
2025-07-19T18:57:00.000000Z,176.82,176.83,176.73,176.74,1789.03
2025-07-19T18:58:00.000000Z,176.74,176.78,176.71,176.74,2687.08
2025-07-19T18:59:00.000000Z,176.74,176.82,176.7,176.81,2382.36
2025-07-19T19:00:00.000000Z,176.82,176.9,176.79,176.85,3601.95
2025-07-19T19:01:00.000000Z,176.86,176.9,176.8,176.9,3941.46
2025-07-19T19:02:00.000000Z,176.89,177.1,176.89,177.1,6712.59
2025-07-19T19:03:00.000000Z,177.1,177.13,176.9,176.94,5161.56
2025-07-19T19:04:00.000000Z,176.94,176.94,176.8,176.8,3809.92
2025-07-19T19:05:00.000000Z,176.79,176.8,176.58,176.63,5617.83
2025-07-19T19:06:00.000000Z,176.64,176.65,176.45,176.48,10141.52
2025-07-19T19:07:00.000000Z,176.48,176.56,176.46,176.48,5814.96
2025-07-19T19:08:00.000000Z,176.48,176.54,176.46,176.46,2346.07
2025-07-19T19:09:00.000000Z,176.46,176.46,176.32,176.32,13589.84
2025-07-19T19:10:00.000000Z,176.31,176.38,176.29,176.36,12094.61
2025-07-19T19:11:00.000000Z,176.36,176.39,176.18,176.22,7819.01
2025-07-19T19:12:00.000000Z,176.23,176.53,176.23,176.48,9517.97
2025-07-19T19:13:00.000000Z,176.49,176.55,176.47,176.55,2698.3
2025-07-19T19:14:00.000000Z,176.55,176.72,176.53,176.53,4745.04
2025-07-19T19:15:00.000000Z,176.53,176.6,176.41,176.59,8003.17
2025-07-19T19:16:00.000000Z,176.59,176.78,176.59,176.71,6045.37
2025-07-19T19:17:00.000000Z,176.72,176.74,176.52,176.6,17548.54
2025-07-19T19:18:00.000000Z,176.61,176.68,176.61,176.63,2685.77
2025-07-19T19:19:00.000000Z,176.63,176.65,176.6,176.62,4645.23
2025-07-19T19:20:00.000000Z,176.62,176.78,176.6,176.71,4273.75
2025-07-19T19:21:00.000000Z,176.72,176.85,176.71,176.82,3742.14
2025-07-19T19:22:00.000000Z,176.82,176.99,176.78,176.86,4384.85
2025-07-19T19:23:00.000000Z,176.85,176.93,176.83,176.84,5001.6
2025-07-19T19:24:00.000000Z,176.85,176.85,176.8,176.84,1928.53
2025-07-19T19:25:00.000000Z,176.85,176.93,176.74,176.84,5003.88
2025-07-19T19:26:00.000000Z,176.85,177.04,176.84,176.96,4328.88
2025-07-19T19:27:00.000000Z,176.96,177.12,176.95,177.03,16146.19
2025-07-19T19:28:00.000000Z,177.03,177.16,176.98,177.15,4475.51
2025-07-19T19:29:00.000000Z,177.16,177.16,177.05,177.15,11069.43
2025-07-19T19:30:00.000000Z,177.14,177.24,177.08,177.13,5875.25
2025-07-19T19:31:00.000000Z,177.13,177.14,176.95,177.09,4105.79
2025-07-19T19:32:00.000000Z,177.09,177.1,177.0,177.04,5159.43
2025-07-19T19:33:00.000000Z,177.04,177.16,176.99,177.15,6382.84
2025-07-19T19:34:00.000000Z,177.15,177.2,177.13,177.16,5051.33
2025-07-19T19:35:00.000000Z,177.16,177.28,177.1,177.28,4752.86
2025-07-19T19:36:00.000000Z,177.28,177.37,177.28,177.33,8170.2
2025-07-19T19:37:00.000000Z,177.33,177.59,177.33,177.57,21403.91
2025-07-19T19:38:00.000000Z,177.57,177.63,177.53,177.62,11010.28
2025-07-19T19:39:00.000000Z,177.63,177.63,177.52,177.55,11315.5
2025-07-19T19:40:00.000000Z,177.56,177.56,177.43,177.49,4728.7
2025-07-19T19:41:00.000000Z,177.5,177.57,177.44,177.56,3233.61
2025-07-19T19:42:00.000000Z,177.57,178.1,177.57,177.84,137815.44
2025-07-19T19:43:00.000000Z,177.83,177.88,177.79,177.85,21711.95
2025-07-19T19:44:00.000000Z,177.85,177.85,177.69,177.69,10356.64
2025-07-19T19:45:00.000000Z,177.69,177.69,177.43,177.5,14288.34
2025-07-19T19:46:00.000000Z,177.5,177.5,177.15,177.22,19253.73
2025-07-19T19:47:00.000000Z,177.21,177.22,177.03,177.07,15972.61
2025-07-19T19:48:00.000000Z,177.07,177.2,177.07,177.19,12613.79
2025-07-19T19:49:00.000000Z,177.18,177.23,177.11,177.2,8225.12
2025-07-19T19:50:00.000000Z,177.2,177.25,177.12,177.14,6959.16
2025-07-19T19:51:00.000000Z,177.14,177.14,177.0,177.0,6794.28
2025-07-19T19:52:00.000000Z,177.0,177.0,176.44,176.64,119038.49
2025-07-19T19:53:00.000000Z,176.64,176.71,176.57,176.71,12334.95
2025-07-19T19:54:00.000000Z,176.7,176.9,176.67,176.77,15328.15
2025-07-19T19:55:00.000000Z,176.77,176.91,176.76,176.85,7706.72
2025-07-19T19:56:00.000000Z,176.85,176.85,176.76,176.8,5003.51
2025-07-19T19:57:00.000000Z,176.8,176.93,176.8,176.9,2143.22
2025-07-19T19:58:00.000000Z,176.91,176.95,176.89,176.89,2159.03
2025-07-19T19:59:00.000000Z,176.89,177.05,176.89,177.04,4817.51
2025-07-19T20:00:00.000000Z,177.04,177.22,177.02,177.21,11533.04
2025-07-19T20:01:00.000000Z,177.2,177.25,176.97,176.99,4543.87
2025-07-19T20:02:00.000000Z,176.99,177.14,176.96,177.09,4464.35
2025-07-19T20:03:00.000000Z,177.09,177.1,176.99,177.06,3655.5
2025-07-19T20:04:00.000000Z,177.05,177.14,177.03,177.1,1604.33
2025-07-19T20:05:00.000000Z,177.09,177.37,177.09,177.23,8193.29
2025-07-19T20:06:00.000000Z,177.24,177.42,177.23,177.37,7491.55
2025-07-19T20:07:00.000000Z,177.37,177.83,177.31,177.63,62961.62
2025-07-19T20:08:00.000000Z,177.64,177.71,177.5,177.51,10862.72
2025-07-19T20:09:00.000000Z,177.51,177.6,177.5,177.58,7383.43
2025-07-19T20:10:00.000000Z,177.58,177.58,177.46,177.55,5465.36
2025-07-19T20:11:00.000000Z,177.55,177.7,177.55,177.65,5647.38
2025-07-19T20:12:00.000000Z,177.66,177.75,177.66,177.7,5921.34
2025-07-19T20:13:00.000000Z,177.7,177.72,177.63,177.69,7635.35
2025-07-19T20:14:00.000000Z,177.7,177.74,177.63,177.68,5764.14
2025-07-19T20:15:00.000000Z,177.68,177.69,177.47,177.5,16750.51
2025-07-19T20:16:00.000000Z,177.5,177.54,177.4,177.52,6888.91
2025-07-19T20:17:00.000000Z,177.51,177.52,177.35,177.35,3105.06
2025-07-19T20:18:00.000000Z,177.36,177.42,177.34,177.37,3498.07
2025-07-19T20:19:00.000000Z,177.38,177.59,177.38,177.58,3537.93
2025-07-19T20:20:00.000000Z,177.58,177.65,177.48,177.51,5123.91
2025-07-19T20:21:00.000000Z,177.52,177.72,177.45,177.71,5010.12
2025-07-19T20:22:00.000000Z,177.71,177.74,177.63,177.68,4218.03
2025-07-19T20:23:00.000000Z,177.69,177.71,177.64,177.65,1923.83
2025-07-19T20:24:00.000000Z,177.65,177.72,177.61,177.72,4397.31
2025-07-19T20:25:00.000000Z,177.72,177.79,177.61,177.64,11643.36
2025-07-19T20:26:00.000000Z,177.64,177.73,177.64,177.67,4669.92
2025-07-19T20:27:00.000000Z,177.68,177.79,177.68,177.7,3893.85
2025-07-19T20:28:00.000000Z,177.7,177.79,177.7,177.79,2667.79
2025-07-19T20:29:00.000000Z,177.79,177.88,177.76,177.8,5151.07
2025-07-19T20:30:00.000000Z,177.79,177.88,177.77,177.81,9494.22
2025-07-19T20:31:00.000000Z,177.81,177.82,177.65,177.65,3619.41
2025-07-19T20:32:00.000000Z,177.65,177.87,177.65,177.76,3503.99
2025-07-19T20:33:00.000000Z,177.76,177.81,177.76,177.79,1843.63
2025-07-19T20:34:00.000000Z,177.8,177.84,177.79,177.83,2008.23
2025-07-19T20:35:00.000000Z,177.83,177.94,177.83,177.88,8331.13
2025-07-19T20:36:00.000000Z,177.88,177.93,177.85,177.91,8304.84
2025-07-19T20:37:00.000000Z,177.91,177.92,177.82,177.9,9883.38
2025-07-19T20:38:00.000000Z,177.9,177.91,177.86,177.87,5098.14
2025-07-19T20:39:00.000000Z,177.87,177.95,177.82,177.87,8413.39
2025-07-19T20:40:00.000000Z,177.86,177.91,177.8,177.8,6337.04
2025-07-19T20:41:00.000000Z,177.8,177.81,177.69,177.81,3557.75
2025-07-19T20:42:00.000000Z,177.82,177.82,177.7,177.7,1668.36
2025-07-19T20:43:00.000000Z,177.7,177.87,177.7,177.82,2962.36
2025-07-19T20:44:00.000000Z,177.81,177.82,177.76,177.79,2023.33
2025-07-19T20:45:00.000000Z,177.79,177.79,177.67,177.68,3749.93
2025-07-19T20:46:00.000000Z,177.67,177.82,177.66,177.8,4041.73
2025-07-19T20:47:00.000000Z,177.79,177.81,177.67,177.69,7741.67
2025-07-19T20:48:00.000000Z,177.69,177.89,177.69,177.89,3071.75
2025-07-19T20:49:00.000000Z,177.88,178.04,177.88,178.03,7528.44
2025-07-19T20:50:00.000000Z,178.04,178.1,177.81,178.08,64901.75
2025-07-19T20:51:00.000000Z,178.09,178.35,177.74,178.3,208038.97
2025-07-19T20:52:00.000000Z,178.3,178.43,178.2,178.39,48771.77
2025-07-19T20:53:00.000000Z,178.4,178.46,178.0,178.28,260654.05
2025-07-19T20:54:00.000000Z,178.29,178.42,177.93,178.41,39826.98
2025-07-19T20:55:00.000000Z,178.42,178.62,178.19,178.43,98332.34
2025-07-19T20:56:00.000000Z,178.43,178.44,177.85,178.1,434661.76
2025-07-19T20:57:00.000000Z,178.1,178.25,177.71,177.86,185155.15
2025-07-19T20:58:00.000000Z,177.86,177.87,177.53,177.56,23298.02
2025-07-19T20:59:00.000000Z,177.56,177.6,177.42,177.42,12785.35
2025-07-19T21:00:00.000000Z,177.42,177.53,177.34,177.43,16482.75
2025-07-19T21:01:00.000000Z,177.44,177.78,177.44,177.77,16000.11
2025-07-19T21:02:00.000000Z,177.77,177.79,177.5,177.53,10973.19
2025-07-19T21:03:00.000000Z,177.54,177.62,177.33,177.33,6944.34
2025-07-19T21:04:00.000000Z,177.33,177.34,176.77,176.77,39903.92
2025-07-19T21:05:00.000000Z,176.77,177.09,176.76,177.0,30169.5
2025-07-19T21:06:00.000000Z,177.0,177.11,176.92,177.11,10492.85
2025-07-19T21:07:00.000000Z,177.11,177.12,176.8,176.8,11436.2
2025-07-19T21:08:00.000000Z,176.81,176.97,176.81,176.84,10397.6
2025-07-19T21:09:00.000000Z,176.85,176.9,176.61,176.67,25084.32
2025-07-19T21:10:00.000000Z,176.66,176.68,176.52,176.6,13054.76
2025-07-19T21:11:00.000000Z,176.6,176.67,176.5,176.5,13283.15
2025-07-19T21:12:00.000000Z,176.51,176.52,176.06,176.07,54209.81
2025-07-19T21:13:00.000000Z,176.08,176.17,175.92,175.96,44900.21
2025-07-19T21:14:00.000000Z,175.96,175.96,175.74,175.94,38076.61
2025-07-19T21:15:00.000000Z,175.93,176.29,175.85,176.23,22957.7
2025-07-19T21:16:00.000000Z,176.24,176.27,175.86,175.86,21704.56
2025-07-19T21:17:00.000000Z,175.87,175.95,175.65,175.67,25871.94
2025-07-19T21:18:00.000000Z,175.67,175.74,175.61,175.63,17096.04
2025-07-19T21:19:00.000000Z,175.62,175.71,175.44,175.6,44995.96
2025-07-19T21:20:00.000000Z,175.61,175.7,175.45,175.51,23937.58
2025-07-19T21:21:00.000000Z,175.5,175.5,175.26,175.27,33843.99
2025-07-19T21:22:00.000000Z,175.27,175.36,175.19,175.29,29936.09
2025-07-19T21:23:00.000000Z,175.28,175.42,175.2,175.37,20261.42
2025-07-19T21:24:00.000000Z,175.36,175.36,175.17,175.2,12569.14
2025-07-19T21:25:00.000000Z,175.2,175.31,175.11,175.22,22900.74
2025-07-19T21:26:00.000000Z,175.22,175.43,175.16,175.16,15633.29
2025-07-19T21:27:00.000000Z,175.16,175.37,175.16,175.26,13944.91
2025-07-19T21:28:00.000000Z,175.26,175.62,175.24,175.57,30649.72
2025-07-19T21:29:00.000000Z,175.57,176.14,175.56,176.09,45710.46
2025-07-19T21:30:00.000000Z,176.09,176.09,175.58,175.66,47278.36
2025-07-19T21:31:00.000000Z,175.66,175.7,175.55,175.69,11952.22
2025-07-19T21:32:00.000000Z,175.7,175.75,175.58,175.64,11247.87
2025-07-19T21:33:00.000000Z,175.64,175.66,175.52,175.6,6819.86
2025-07-19T21:34:00.000000Z,175.6,175.66,175.44,175.55,14648.56
2025-07-19T21:35:00.000000Z,175.56,175.56,175.32,175.34,14527.19
2025-07-19T21:36:00.000000Z,175.35,175.92,175.33,175.75,15988.15
2025-07-19T21:37:00.000000Z,175.75,175.75,175.42,175.47,10758.76
2025-07-19T21:38:00.000000Z,175.47,175.52,175.17,175.29,21818.68
2025-07-19T21:39:00.000000Z,175.3,175.43,175.26,175.42,11412.07
2025-07-19T21:40:00.000000Z,175.43,175.45,175.34,175.38,6121.84
2025-07-19T21:41:00.000000Z,175.37,175.42,175.37,175.38,4997.24
2025-07-19T21:42:00.000000Z,175.38,175.39,175.35,175.35,3871.63
2025-07-19T21:43:00.000000Z,175.35,175.36,175.19,175.19,8160.79
2025-07-19T21:44:00.000000Z,175.19,175.2,175.19,175.2,4282.32
2025-07-19T21:45:00.000000Z,175.19,175.25,175.19,175.25,4012.19
2025-07-19T21:46:00.000000Z,175.24,175.49,175.05,175.44,24305.36
2025-07-19T21:47:00.000000Z,175.45,175.47,175.42,175.46,5247.88
2025-07-19T21:48:00.000000Z,175.47,175.72,175.46,175.57,8980.34
2025-07-19T21:49:00.000000Z,175.57,175.71,175.57,175.71,2648.24
2025-07-19T21:50:00.000000Z,175.71,175.78,175.7,175.77,2999.46
2025-07-19T21:51:00.000000Z,175.77,175.81,175.76,175.8,5228.16
2025-07-19T21:52:00.000000Z,175.79,175.87,175.65,175.65,10502.44
2025-07-19T21:53:00.000000Z,175.66,176.12,175.66,175.97,13173.34
2025-07-19T21:54:00.000000Z,175.98,176.0,175.87,175.95,7414.07
2025-07-19T21:55:00.000000Z,175.94,175.97,175.87,175.94,4467.98
2025-07-19T21:56:00.000000Z,175.94,175.96,175.93,175.95,1629.49
2025-07-19T21:57:00.000000Z,175.95,175.96,175.89,175.9,4348.49
2025-07-19T21:58:00.000000Z,175.89,175.93,175.86,175.9,4706.84
2025-07-19T21:59:00.000000Z,175.91,175.96,175.88,175.89,5067.95
2025-07-19T22:00:00.000000Z,175.89,175.89,175.53,175.7,20089.33
2025-07-19T22:01:00.000000Z,175.7,175.79,175.7,175.75,4354.04
2025-07-19T22:02:00.000000Z,175.76,175.76,175.53,175.63,9275.79
2025-07-19T22:03:00.000000Z,175.64,175.7,175.56,175.57,11042.65
2025-07-19T22:04:00.000000Z,175.56,175.57,175.29,175.33,12875.81
2025-07-19T22:05:00.000000Z,175.33,175.41,175.26,175.4,7178.6
2025-07-19T22:06:00.000000Z,175.41,175.63,175.41,175.63,8084.34
2025-07-19T22:07:00.000000Z,175.62,175.77,175.56,175.61,5861.64
2025-07-19T22:08:00.000000Z,175.62,175.7,175.57,175.7,3651.18
2025-07-19T22:09:00.000000Z,175.7,175.83,175.7,175.75,3934.5
2025-07-19T22:10:00.000000Z,175.75,175.84,175.7,175.83,11270.69
2025-07-19T22:11:00.000000Z,175.82,175.84,175.62,175.71,7197.67
2025-07-19T22:12:00.000000Z,175.71,175.75,175.6,175.74,11371.01
2025-07-19T22:13:00.000000Z,175.74,175.82,175.7,175.71,8922.36
2025-07-19T22:14:00.000000Z,175.7,175.73,175.66,175.72,3951.1
2025-07-19T22:15:00.000000Z,175.72,175.82,175.69,175.7,7737.01
2025-07-19T22:16:00.000000Z,175.7,175.77,175.7,175.74,7129.69
2025-07-19T22:17:00.000000Z,175.74,175.92,175.74,175.91,6708.04
2025-07-19T22:18:00.000000Z,175.91,176.11,175.88,176.11,7343.14
2025-07-19T22:19:00.000000Z,176.11,176.23,176.11,176.22,26446.86
2025-07-19T22:20:00.000000Z,176.23,176.35,176.22,176.33,10072.74
2025-07-19T22:21:00.000000Z,176.34,176.34,176.02,176.03,13753.08
2025-07-19T22:22:00.000000Z,176.02,176.12,176.02,176.08,4957.31
2025-07-19T22:23:00.000000Z,176.08,176.12,176.03,176.11,3175.65
2025-07-19T22:24:00.000000Z,176.11,176.23,176.11,176.12,3084.14
2025-07-19T22:25:00.000000Z,176.12,176.18,176.07,176.17,3702.24
2025-07-19T22:26:00.000000Z,176.17,176.17,176.02,176.02,4734.42
2025-07-19T22:27:00.000000Z,176.02,176.09,176.0,176.06,5335.75
2025-07-19T22:28:00.000000Z,176.07,176.07,175.93,175.98,11865.25
2025-07-19T22:29:00.000000Z,175.97,175.98,175.86,175.87,3209.94
2025-07-19T22:30:00.000000Z,175.88,175.89,175.74,175.81,4235.91
2025-07-19T22:31:00.000000Z,175.81,175.84,175.72,175.82,6400.04
2025-07-19T22:32:00.000000Z,175.82,175.85,175.66,175.76,6390.42
2025-07-19T22:33:00.000000Z,175.77,175.8,175.61,175.64,4211.58
2025-07-19T22:34:00.000000Z,175.63,175.78,175.63,175.78,4622.75
2025-07-19T22:35:00.000000Z,175.77,175.79,175.73,175.78,4124.74
2025-07-19T22:36:00.000000Z,175.78,175.79,175.71,175.71,3851.97
2025-07-19T22:37:00.000000Z,175.72,175.74,175.66,175.72,6539.16
2025-07-19T22:38:00.000000Z,175.73,175.88,175.73,175.86,4011.93
2025-07-19T22:39:00.000000Z,175.86,175.87,175.74,175.86,2856.66
2025-07-19T22:40:00.000000Z,175.86,175.87,175.76,175.86,4260.8
2025-07-19T22:41:00.000000Z,175.86,176.13,175.86,176.12,5278.72
2025-07-19T22:42:00.000000Z,176.14,176.16,176.06,176.06,5383.62
2025-07-19T22:43:00.000000Z,176.07,176.26,176.06,176.24,3533.65
2025-07-19T22:44:00.000000Z,176.24,176.25,176.18,176.22,5666.42
