timestamp,open,high,low,close,volume
2025-07-12T22:45:00.000000Z,2.7332,2.7334,2.7303,2.732,530783.6
2025-07-12T22:46:00.000000Z,2.732,2.7324,2.7304,2.7323,512465.4
2025-07-12T22:47:00.000000Z,2.7323,2.7327,2.7308,2.7316,144102.5
2025-07-12T22:48:00.000000Z,2.7316,2.7319,2.7287,2.7292,230412.4
2025-07-12T22:49:00.000000Z,2.7292,2.7292,2.7247,2.7285,512703.3
2025-07-12T22:50:00.000000Z,2.7286,2.7298,2.728,2.7291,290634.4
2025-07-12T22:51:00.000000Z,2.729,2.7291,2.7271,2.7278,267071.4
2025-07-12T22:52:00.000000Z,2.7279,2.7289,2.7272,2.728,201986.3
2025-07-12T22:53:00.000000Z,2.728,2.7304,2.7276,2.7304,136339.9
2025-07-12T22:54:00.000000Z,2.7305,2.7325,2.7304,2.7311,316685.6
2025-07-12T22:55:00.000000Z,2.7311,2.7334,2.7307,2.7325,258209.9
2025-07-12T22:56:00.000000Z,2.7325,2.734,2.7325,2.7329,161149.0
2025-07-12T22:57:00.000000Z,2.733,2.7361,2.7319,2.7361,311001.9
2025-07-12T22:58:00.000000Z,2.7361,2.738,2.7355,2.7378,721936.0
2025-07-12T22:59:00.000000Z,2.7378,2.7384,2.7369,2.7382,233942.6
2025-07-12T23:00:00.000000Z,2.7381,2.7445,2.7375,2.7442,1069620.3
2025-07-12T23:01:00.000000Z,2.7442,2.7443,2.7401,2.7416,644760.7
2025-07-12T23:02:00.000000Z,2.7415,2.7427,2.7382,2.7388,570013.2
2025-07-12T23:03:00.000000Z,2.7388,2.7395,2.7379,2.738,425238.7
2025-07-12T23:04:00.000000Z,2.738,2.738,2.7267,2.7289,1715425.6
2025-07-12T23:05:00.000000Z,2.729,2.732,2.729,2.7311,689656.2
2025-07-12T23:06:00.000000Z,2.7312,2.7352,2.7311,2.7343,423441.1
2025-07-12T23:07:00.000000Z,2.7343,2.7343,2.7291,2.7299,579928.2
2025-07-12T23:08:00.000000Z,2.7299,2.7306,2.7264,2.7268,464639.7
2025-07-12T23:09:00.000000Z,2.7268,2.7268,2.724,2.7255,453441.7
2025-07-12T23:10:00.000000Z,2.7254,2.727,2.7251,2.7252,330510.6
2025-07-12T23:11:00.000000Z,2.7252,2.7257,2.724,2.7256,212337.4
2025-07-12T23:12:00.000000Z,2.7257,2.7258,2.7236,2.7246,166146.2
2025-07-12T23:13:00.000000Z,2.7245,2.7256,2.7231,2.7251,203824.0
2025-07-12T23:14:00.000000Z,2.7252,2.7253,2.7216,2.7252,388862.9
2025-07-12T23:15:00.000000Z,2.7253,2.7293,2.7252,2.7283,878502.3
2025-07-12T23:16:00.000000Z,2.7282,2.7324,2.7281,2.7319,338735.2
2025-07-12T23:17:00.000000Z,2.7319,2.7397,2.7314,2.7369,1219929.1
2025-07-12T23:18:00.000000Z,2.7369,2.7409,2.736,2.7398,1512309.4
2025-07-12T23:19:00.000000Z,2.7397,2.74,2.7376,2.7397,408349.5
2025-07-12T23:20:00.000000Z,2.7397,2.7406,2.7386,2.7397,443386.6
2025-07-12T23:21:00.000000Z,2.7397,2.7407,2.7388,2.7395,342457.7
2025-07-12T23:22:00.000000Z,2.7396,2.7409,2.739,2.7403,267171.5
2025-07-12T23:23:00.000000Z,2.7403,2.7404,2.7374,2.7387,306828.3
2025-07-12T23:24:00.000000Z,2.7388,2.7401,2.7381,2.7381,187388.3
2025-07-12T23:25:00.000000Z,2.7381,2.7384,2.7331,2.734,618211.4
2025-07-12T23:26:00.000000Z,2.7341,2.7368,2.734,2.7352,301355.9
2025-07-12T23:27:00.000000Z,2.7351,2.7364,2.7347,2.7354,160950.3
2025-07-12T23:28:00.000000Z,2.7354,2.7355,2.7329,2.735,225225.1
2025-07-12T23:29:00.000000Z,2.7351,2.7354,2.7342,2.7342,130579.0
2025-07-12T23:30:00.000000Z,2.7342,2.7364,2.7333,2.7349,223101.9
2025-07-12T23:31:00.000000Z,2.735,2.7367,2.7323,2.7349,586719.1
2025-07-12T23:32:00.000000Z,2.7349,2.7379,2.7341,2.7376,274375.0
2025-07-12T23:33:00.000000Z,2.7375,2.7397,2.737,2.7386,163956.6
2025-07-12T23:34:00.000000Z,2.7385,2.739,2.7357,2.7383,585300.0
2025-07-12T23:35:00.000000Z,2.7382,2.7391,2.7368,2.7382,312595.9
2025-07-12T23:36:00.000000Z,2.7383,2.7388,2.734,2.7341,387717.3
2025-07-12T23:37:00.000000Z,2.734,2.736,2.734,2.7354,191228.8
2025-07-12T23:38:00.000000Z,2.7354,2.7355,2.728,2.7287,508957.3
2025-07-12T23:39:00.000000Z,2.7287,2.729,2.7266,2.7286,455894.2
2025-07-12T23:40:00.000000Z,2.7286,2.7309,2.7286,2.7302,720007.8
2025-07-12T23:41:00.000000Z,2.7302,2.7309,2.7259,2.7272,428843.9
2025-07-12T23:42:00.000000Z,2.7271,2.729,2.7269,2.7278,328565.5
2025-07-12T23:43:00.000000Z,2.7278,2.7278,2.7259,2.7265,353527.6
2025-07-12T23:44:00.000000Z,2.7264,2.7305,2.7253,2.7302,444276.5
2025-07-12T23:45:00.000000Z,2.7302,2.7302,2.7279,2.7281,302205.8
2025-07-12T23:46:00.000000Z,2.728,2.737,2.728,2.7367,403418.0
2025-07-12T23:47:00.000000Z,2.7367,2.7367,2.7326,2.7343,341488.7
2025-07-12T23:48:00.000000Z,2.7343,2.735,2.7325,2.734,431680.7
2025-07-12T23:49:00.000000Z,2.7339,2.7475,2.7335,2.7446,2870263.9
2025-07-12T23:50:00.000000Z,2.7446,2.7486,2.7438,2.7466,1193075.0
2025-07-12T23:51:00.000000Z,2.7465,2.7465,2.7433,2.7436,558512.2
2025-07-12T23:52:00.000000Z,2.7435,2.7435,2.7406,2.7413,748725.3
2025-07-12T23:53:00.000000Z,2.7412,2.7419,2.7391,2.7417,299430.9
2025-07-12T23:54:00.000000Z,2.7417,2.7418,2.7347,2.7403,1599096.4
2025-07-12T23:55:00.000000Z,2.7403,2.7419,2.7396,2.7397,268899.4
2025-07-12T23:56:00.000000Z,2.7398,2.7399,2.7382,2.7384,184821.5
2025-07-12T23:57:00.000000Z,2.7385,2.7385,2.7344,2.7344,391877.1
2025-07-12T23:58:00.000000Z,2.7344,2.7367,2.7342,2.736,318353.9
2025-07-12T23:59:00.000000Z,2.7361,2.7395,2.7349,2.7395,584073.5
2025-07-13T00:00:00.000000Z,2.7394,2.7417,2.7345,2.7347,1674644.4
2025-07-13T00:01:00.000000Z,2.7347,2.7356,2.7308,2.7311,648444.1
2025-07-13T00:02:00.000000Z,2.7311,2.7375,2.73,2.7362,768564.4
2025-07-13T00:03:00.000000Z,2.7362,2.7383,2.7334,2.7341,429209.9
2025-07-13T00:04:00.000000Z,2.7341,2.735,2.732,2.7329,222544.0
2025-07-13T00:05:00.000000Z,2.7328,2.7376,2.731,2.7351,714146.3
2025-07-13T00:06:00.000000Z,2.7351,2.7351,2.7284,2.7294,507105.4
2025-07-13T00:07:00.000000Z,2.7294,2.7299,2.7263,2.7281,646764.2
2025-07-13T00:08:00.000000Z,2.7281,2.7281,2.7236,2.725,1177844.3
2025-07-13T00:09:00.000000Z,2.7251,2.7285,2.7244,2.7281,401179.3
2025-07-13T00:10:00.000000Z,2.728,2.7313,2.7276,2.7312,355952.4
2025-07-13T00:11:00.000000Z,2.7313,2.735,2.7307,2.735,350575.6
2025-07-13T00:12:00.000000Z,2.7349,2.7369,2.7338,2.7341,428993.8
2025-07-13T00:13:00.000000Z,2.734,2.7408,2.7329,2.7401,717867.0
2025-07-13T00:14:00.000000Z,2.7402,2.7444,2.74,2.7414,1446599.7
2025-07-13T00:15:00.000000Z,2.7414,2.7426,2.7382,2.7387,676066.4
2025-07-13T00:16:00.000000Z,2.7386,2.7393,2.7327,2.7345,478528.3
2025-07-13T00:17:00.000000Z,2.7344,2.7359,2.7321,2.7332,452198.2
2025-07-13T00:18:00.000000Z,2.7332,2.7395,2.732,2.7381,648681.5
2025-07-13T00:19:00.000000Z,2.738,2.7391,2.7361,2.7388,304003.0
2025-07-13T00:20:00.000000Z,2.7387,2.7435,2.7371,2.7432,428910.2
2025-07-13T00:21:00.000000Z,2.7431,2.7461,2.7419,2.7459,348168.7
2025-07-13T00:22:00.000000Z,2.7458,2.7532,2.7453,2.75,1175620.3
2025-07-13T00:23:00.000000Z,2.7499,2.7499,2.7449,2.7495,892593.9
2025-07-13T00:24:00.000000Z,2.7496,2.754,2.7482,2.7497,1294688.5
2025-07-13T00:25:00.000000Z,2.7497,2.7549,2.7468,2.7548,1330493.7
2025-07-13T00:26:00.000000Z,2.7549,2.7566,2.7512,2.752,996548.7
2025-07-13T00:27:00.000000Z,2.752,2.7539,2.75,2.7501,703354.3
2025-07-13T00:28:00.000000Z,2.7502,2.7512,2.7467,2.7473,494416.3
2025-07-13T00:29:00.000000Z,2.7473,2.7488,2.7459,2.7482,371027.9
2025-07-13T00:30:00.000000Z,2.7482,2.7497,2.7424,2.7425,537432.7
2025-07-13T00:31:00.000000Z,2.7425,2.7474,2.7409,2.7457,1264109.4
2025-07-13T00:32:00.000000Z,2.7456,2.7512,2.7452,2.7476,552767.8
2025-07-13T00:33:00.000000Z,2.7477,2.7478,2.7409,2.7415,676695.8
2025-07-13T00:34:00.000000Z,2.7414,2.744,2.7363,2.7401,1209143.1
2025-07-13T00:35:00.000000Z,2.7401,2.7402,2.7352,2.7355,497726.6
2025-07-13T00:36:00.000000Z,2.7355,2.7356,2.7289,2.7304,1089312.1
2025-07-13T00:37:00.000000Z,2.7304,2.732,2.7284,2.7307,570084.1
2025-07-13T00:38:00.000000Z,2.7308,2.7374,2.73,2.7351,963978.3
2025-07-13T00:39:00.000000Z,2.7353,2.7381,2.7342,2.7365,534723.1
2025-07-13T00:40:00.000000Z,2.7366,2.7399,2.7365,2.7389,270698.6
2025-07-13T00:41:00.000000Z,2.7388,2.7436,2.7381,2.7433,401868.2
2025-07-13T00:42:00.000000Z,2.7433,2.7433,2.7391,2.7408,277758.8
2025-07-13T00:43:00.000000Z,2.7409,2.7444,2.7408,2.7444,450249.3
2025-07-13T00:44:00.000000Z,2.7444,2.7456,2.7431,2.7455,343418.6
2025-07-13T00:45:00.000000Z,2.7456,2.7457,2.7382,2.7384,655180.0
2025-07-13T00:46:00.000000Z,2.7383,2.7418,2.7382,2.7416,314102.0
2025-07-13T00:47:00.000000Z,2.7416,2.7443,2.7403,2.7415,414112.6
2025-07-13T00:48:00.000000Z,2.7415,2.743,2.7388,2.7388,380409.8
2025-07-13T00:49:00.000000Z,2.7388,2.7407,2.7377,2.738,446572.7
2025-07-13T00:50:00.000000Z,2.738,2.7387,2.7355,2.736,342604.4
2025-07-13T00:51:00.000000Z,2.7359,2.7411,2.7355,2.7391,437112.2
2025-07-13T00:52:00.000000Z,2.7393,2.7406,2.7378,2.7378,305459.5
2025-07-13T00:53:00.000000Z,2.7379,2.7407,2.7365,2.7365,260866.8
2025-07-13T00:54:00.000000Z,2.7364,2.7392,2.7355,2.739,222685.4
2025-07-13T00:55:00.000000Z,2.739,2.7397,2.7377,2.7392,683589.3
2025-07-13T00:56:00.000000Z,2.7392,2.7392,2.7368,2.7368,179657.8
2025-07-13T00:57:00.000000Z,2.7367,2.738,2.734,2.7377,200114.1
2025-07-13T00:58:00.000000Z,2.7376,2.7405,2.7373,2.7385,256403.4
2025-07-13T00:59:00.000000Z,2.7385,2.7401,2.7381,2.7393,136612.4
2025-07-13T01:00:00.000000Z,2.7394,2.7458,2.7394,2.7419,641537.5
2025-07-13T01:01:00.000000Z,2.7419,2.7419,2.7342,2.7352,362131.1
2025-07-13T01:02:00.000000Z,2.7352,2.7442,2.7342,2.7439,588104.6
2025-07-13T01:03:00.000000Z,2.7438,2.7479,2.7431,2.7455,625769.5
2025-07-13T01:04:00.000000Z,2.7456,2.7473,2.7439,2.7449,381690.4
2025-07-13T01:05:00.000000Z,2.7449,2.748,2.742,2.747,397129.5
2025-07-13T01:06:00.000000Z,2.7469,2.7503,2.7427,2.7427,550678.1
2025-07-13T01:07:00.000000Z,2.7427,2.7472,2.7426,2.7469,291159.8
2025-07-13T01:08:00.000000Z,2.7469,2.7472,2.7424,2.7431,349348.6
2025-07-13T01:09:00.000000Z,2.743,2.7431,2.7387,2.7387,290840.6
2025-07-13T01:10:00.000000Z,2.7387,2.7408,2.7382,2.7384,340138.1
2025-07-13T01:11:00.000000Z,2.7384,2.7461,2.7384,2.746,374118.9
2025-07-13T01:12:00.000000Z,2.746,2.746,2.742,2.7422,404770.0
2025-07-13T01:13:00.000000Z,2.7422,2.7434,2.7402,2.7421,192669.8
2025-07-13T01:14:00.000000Z,2.7422,2.7426,2.7378,2.7396,328837.6
2025-07-13T01:15:00.000000Z,2.7396,2.7416,2.7339,2.7348,549008.9
2025-07-13T01:16:00.000000Z,2.7347,2.7434,2.7345,2.7378,846162.1
2025-07-13T01:17:00.000000Z,2.7379,2.7421,2.7379,2.741,618007.1
2025-07-13T01:18:00.000000Z,2.741,2.7412,2.7365,2.7371,250773.4
2025-07-13T01:19:00.000000Z,2.737,2.7377,2.7342,2.7374,501994.2
2025-07-13T01:20:00.000000Z,2.7374,2.7423,2.737,2.7385,392571.0
2025-07-13T01:21:00.000000Z,2.7385,2.7446,2.7377,2.7445,379550.8
2025-07-13T01:22:00.000000Z,2.7446,2.7458,2.742,2.7434,442863.8
2025-07-13T01:23:00.000000Z,2.7434,2.7445,2.7418,2.7441,206200.5
2025-07-13T01:24:00.000000Z,2.744,2.7441,2.7381,2.7381,243552.7
2025-07-13T01:25:00.000000Z,2.738,2.7414,2.738,2.7388,173366.9
2025-07-13T01:26:00.000000Z,2.7387,2.7455,2.7387,2.7449,266527.5
2025-07-13T01:27:00.000000Z,2.7449,2.7458,2.7406,2.742,371542.3
2025-07-13T01:28:00.000000Z,2.7421,2.7424,2.7375,2.7395,526188.5
2025-07-13T01:29:00.000000Z,2.7396,2.7417,2.7396,2.7406,139564.6
2025-07-13T01:30:00.000000Z,2.7406,2.7421,2.7396,2.7418,216834.5
2025-07-13T01:31:00.000000Z,2.7417,2.7429,2.7397,2.7423,338954.1
2025-07-13T01:32:00.000000Z,2.7423,2.7464,2.7423,2.7446,288762.4
2025-07-13T01:33:00.000000Z,2.7446,2.7447,2.7407,2.7407,163586.3
2025-07-13T01:34:00.000000Z,2.7408,2.744,2.7399,2.7438,323281.5
2025-07-13T01:35:00.000000Z,2.7437,2.747,2.743,2.7447,285234.6
2025-07-13T01:36:00.000000Z,2.7446,2.7485,2.7437,2.7443,711968.2
2025-07-13T01:37:00.000000Z,2.7442,2.7502,2.744,2.7502,542202.8
2025-07-13T01:38:00.000000Z,2.7501,2.7515,2.7468,2.7494,833393.9
2025-07-13T01:39:00.000000Z,2.7494,2.754,2.7493,2.7539,725073.5
2025-07-13T01:40:00.000000Z,2.754,2.7544,2.7501,2.7503,628773.5
2025-07-13T01:41:00.000000Z,2.7503,2.7518,2.7503,2.7507,386676.6
2025-07-13T01:42:00.000000Z,2.7507,2.7509,2.7461,2.75,343360.1
2025-07-13T01:43:00.000000Z,2.7499,2.751,2.7474,2.7483,266114.2
2025-07-13T01:44:00.000000Z,2.7482,2.751,2.7473,2.7503,261185.7
2025-07-13T01:45:00.000000Z,2.7503,2.7515,2.7491,2.7511,340726.4
2025-07-13T01:46:00.000000Z,2.7512,2.7572,2.7512,2.7553,639638.4
2025-07-13T01:47:00.000000Z,2.7553,2.7646,2.7552,2.7632,2017037.4
2025-07-13T01:48:00.000000Z,2.7633,2.7635,2.7585,2.7608,1650268.5
2025-07-13T01:49:00.000000Z,2.7608,2.7655,2.7607,2.7642,938193.1
2025-07-13T01:50:00.000000Z,2.7643,2.7643,2.7591,2.7622,812105.6
2025-07-13T01:51:00.000000Z,2.7622,2.7671,2.7622,2.7633,1493862.2
2025-07-13T01:52:00.000000Z,2.7632,2.7674,2.7632,2.7661,629848.8
2025-07-13T01:53:00.000000Z,2.7661,2.7661,2.76,2.7611,542609.7
2025-07-13T01:54:00.000000Z,2.7611,2.7613,2.7582,2.7597,443162.8
2025-07-13T01:55:00.000000Z,2.7597,2.7597,2.7559,2.7577,390106.9
2025-07-13T01:56:00.000000Z,2.7578,2.7599,2.7573,2.7578,496476.5
2025-07-13T01:57:00.000000Z,2.7578,2.7607,2.7573,2.7603,353883.1
2025-07-13T01:58:00.000000Z,2.7603,2.7627,2.7596,2.7627,401213.7
2025-07-13T01:59:00.000000Z,2.7626,2.7634,2.761,2.7615,391955.7
2025-07-13T02:00:00.000000Z,2.7616,2.7631,2.7581,2.7623,610581.0
2025-07-13T02:01:00.000000Z,2.7624,2.7672,2.7623,2.7661,537761.6
2025-07-13T02:02:00.000000Z,2.7661,2.768,2.7616,2.7618,663506.8
2025-07-13T02:03:00.000000Z,2.7619,2.7692,2.7619,2.7684,745596.0
2025-07-13T02:04:00.000000Z,2.7683,2.7708,2.7625,2.7625,1340082.7
2025-07-13T02:05:00.000000Z,2.7626,2.7671,2.7626,2.7629,649814.8
2025-07-13T02:06:00.000000Z,2.763,2.763,2.7603,2.7608,453655.8
2025-07-13T02:07:00.000000Z,2.7609,2.7609,2.756,2.7583,700187.5
2025-07-13T02:08:00.000000Z,2.7583,2.7592,2.7563,2.7587,238078.0
2025-07-13T02:09:00.000000Z,2.7587,2.7617,2.7555,2.76,472112.4
2025-07-13T02:10:00.000000Z,2.7601,2.7622,2.7585,2.7612,381768.3
2025-07-13T02:11:00.000000Z,2.7612,2.7658,2.7612,2.7627,376557.9
2025-07-13T02:12:00.000000Z,2.7626,2.7626,2.757,2.7592,736639.0
2025-07-13T02:13:00.000000Z,2.7591,2.7591,2.7566,2.7578,429910.7
2025-07-13T02:14:00.000000Z,2.7577,2.7593,2.7565,2.7572,337676.5
2025-07-13T02:15:00.000000Z,2.7572,2.7576,2.7543,2.7566,708354.0
2025-07-13T02:16:00.000000Z,2.7565,2.7565,2.7529,2.7544,533235.7
2025-07-13T02:17:00.000000Z,2.7545,2.7545,2.7476,2.7507,960862.9
2025-07-13T02:18:00.000000Z,2.7507,2.7508,2.7482,2.75,418984.9
2025-07-13T02:19:00.000000Z,2.7499,2.7524,2.7491,2.7521,413432.8
2025-07-13T02:20:00.000000Z,2.7521,2.757,2.7503,2.7508,943073.1
2025-07-13T02:21:00.000000Z,2.7507,2.7515,2.7464,2.7478,622786.9
2025-07-13T02:22:00.000000Z,2.7477,2.7524,2.7474,2.7523,555140.9
2025-07-13T02:23:00.000000Z,2.7523,2.753,2.7498,2.7514,355315.5
2025-07-13T02:24:00.000000Z,2.7515,2.7527,2.7495,2.7496,297255.0
2025-07-13T02:25:00.000000Z,2.7496,2.7505,2.7475,2.7491,452804.3
2025-07-13T02:26:00.000000Z,2.7491,2.7503,2.7467,2.7495,417934.3
2025-07-13T02:27:00.000000Z,2.7495,2.7528,2.7493,2.7515,419824.5
2025-07-13T02:28:00.000000Z,2.7515,2.7539,2.7513,2.7526,448182.8
2025-07-13T02:29:00.000000Z,2.7526,2.7571,2.7521,2.7562,375972.4
2025-07-13T02:30:00.000000Z,2.7562,2.757,2.7469,2.7473,444377.6
2025-07-13T02:31:00.000000Z,2.7473,2.7484,2.7451,2.7481,392629.5
2025-07-13T02:32:00.000000Z,2.7481,2.749,2.7456,2.7471,285806.2
2025-07-13T02:33:00.000000Z,2.747,2.7505,2.7469,2.7495,465140.8
2025-07-13T02:34:00.000000Z,2.7494,2.7505,2.7472,2.7492,361233.6
2025-07-13T02:35:00.000000Z,2.7491,2.7493,2.7431,2.7446,492778.4
2025-07-13T02:36:00.000000Z,2.7445,2.7537,2.7445,2.7534,1272936.4
2025-07-13T02:37:00.000000Z,2.7535,2.7539,2.752,2.7525,211435.6
2025-07-13T02:38:00.000000Z,2.7525,2.7568,2.7521,2.7545,633167.0
2025-07-13T02:39:00.000000Z,2.7545,2.7546,2.7503,2.752,296787.6
2025-07-13T02:40:00.000000Z,2.7521,2.7535,2.752,2.7526,127633.0
2025-07-13T02:41:00.000000Z,2.7526,2.7563,2.7526,2.7557,632811.6
2025-07-13T02:42:00.000000Z,2.7557,2.7614,2.7556,2.7603,795392.5
2025-07-13T02:43:00.000000Z,2.7602,2.7621,2.7601,2.7615,197465.4
2025-07-13T02:44:00.000000Z,2.7614,2.7625,2.7609,2.7624,298936.9
2025-07-13T02:45:00.000000Z,2.7624,2.7655,2.7616,2.7653,682184.5
2025-07-13T02:46:00.000000Z,2.7654,2.7732,2.7654,2.7719,1559700.7
2025-07-13T02:47:00.000000Z,2.7719,2.7719,2.7686,2.7711,517311.5
2025-07-13T02:48:00.000000Z,2.7711,2.7711,2.7689,2.7696,268133.2
2025-07-13T02:49:00.000000Z,2.7697,2.7757,2.7697,2.7747,1457225.7
2025-07-13T02:50:00.000000Z,2.7747,2.7751,2.7723,2.7729,1166430.9
2025-07-13T02:51:00.000000Z,2.773,2.7769,2.7729,2.7756,1007232.4
2025-07-13T02:52:00.000000Z,2.7757,2.7779,2.7742,2.7772,928017.0
2025-07-13T02:53:00.000000Z,2.7773,2.7791,2.7756,2.777,929966.9
2025-07-13T02:54:00.000000Z,2.777,2.7799,2.7769,2.779,884959.2
2025-07-13T02:55:00.000000Z,2.7789,2.783,2.7778,2.7828,1439868.8
2025-07-13T02:56:00.000000Z,2.7827,2.7882,2.7772,2.7804,3326138.7
2025-07-13T02:57:00.000000Z,2.7805,2.784,2.7789,2.7834,628528.0
2025-07-13T02:58:00.000000Z,2.7833,2.7834,2.7761,2.7799,823585.6
2025-07-13T02:59:00.000000Z,2.7798,2.7799,2.776,2.7763,437252.2
2025-07-13T03:00:00.000000Z,2.7763,2.7786,2.776,2.7779,468666.8
2025-07-13T03:01:00.000000Z,2.7779,2.7784,2.7761,2.777,604885.5
2025-07-13T03:02:00.000000Z,2.777,2.7776,2.7727,2.7731,1000280.7
2025-07-13T03:03:00.000000Z,2.7731,2.7732,2.7687,2.7691,724219.5
2025-07-13T03:04:00.000000Z,2.7691,2.7716,2.7681,2.77,842667.4
2025-07-13T03:05:00.000000Z,2.77,2.7716,2.7686,2.7716,387425.5
2025-07-13T03:06:00.000000Z,2.7716,2.7718,2.7678,2.7678,310457.8
2025-07-13T03:07:00.000000Z,2.7678,2.7681,2.7645,2.768,580080.3
2025-07-13T03:08:00.000000Z,2.768,2.768,2.7647,2.7664,307750.1
2025-07-13T03:09:00.000000Z,2.7665,2.7669,2.765,2.7663,266096.1
2025-07-13T03:10:00.000000Z,2.7663,2.7663,2.7642,2.7655,305371.4
2025-07-13T03:11:00.000000Z,2.7654,2.7654,2.7641,2.7641,112002.2
2025-07-13T03:12:00.000000Z,2.7642,2.7653,2.7636,2.7652,247586.7
2025-07-13T03:13:00.000000Z,2.7652,2.7663,2.7641,2.7645,351922.2
2025-07-13T03:14:00.000000Z,2.7645,2.7645,2.762,2.7632,337569.8
2025-07-13T03:15:00.000000Z,2.7633,2.7688,2.7633,2.7688,631299.7
2025-07-13T03:16:00.000000Z,2.7687,2.7715,2.7687,2.7712,515644.7
2025-07-13T03:17:00.000000Z,2.7711,2.7716,2.7688,2.7704,286042.0
2025-07-13T03:18:00.000000Z,2.7705,2.7725,2.7704,2.7712,390217.2
2025-07-13T03:19:00.000000Z,2.7711,2.772,2.7696,2.7716,220217.9
2025-07-13T03:20:00.000000Z,2.7716,2.7762,2.7715,2.7759,372380.3
2025-07-13T03:21:00.000000Z,2.776,2.7771,2.7739,2.7747,476799.0
2025-07-13T03:22:00.000000Z,2.7747,2.775,2.7717,2.7725,597885.9
2025-07-13T03:23:00.000000Z,2.7726,2.773,2.7706,2.771,404228.9
2025-07-13T03:24:00.000000Z,2.7711,2.7711,2.7695,2.7707,189295.6
2025-07-13T03:25:00.000000Z,2.7708,2.7731,2.7693,2.771,408609.4
2025-07-13T03:26:00.000000Z,2.771,2.7731,2.7698,2.7722,573397.7
2025-07-13T03:27:00.000000Z,2.7722,2.7739,2.7715,2.7738,248731.9
2025-07-13T03:28:00.000000Z,2.7738,2.7749,2.7707,2.7717,388718.6
2025-07-13T03:29:00.000000Z,2.7717,2.7718,2.77,2.77,393897.5
2025-07-13T03:30:00.000000Z,2.77,2.7718,2.7688,2.7718,276384.5
2025-07-13T03:31:00.000000Z,2.7718,2.773,2.7697,2.7729,287461.2
2025-07-13T03:32:00.000000Z,2.773,2.7757,2.773,2.7756,267878.5
2025-07-13T03:33:00.000000Z,2.7756,2.7768,2.773,2.774,234445.9
2025-07-13T03:34:00.000000Z,2.7741,2.7767,2.7733,2.775,342396.7
2025-07-13T03:35:00.000000Z,2.775,2.7768,2.7741,2.7761,648090.3
2025-07-13T03:36:00.000000Z,2.7761,2.7797,2.7751,2.7797,720395.8
2025-07-13T03:37:00.000000Z,2.7796,2.7798,2.7765,2.7783,330456.0
2025-07-13T03:38:00.000000Z,2.7783,2.7786,2.7732,2.7746,520674.1
2025-07-13T03:39:00.000000Z,2.7746,2.7771,2.7618,2.7666,5614706.6
2025-07-13T03:40:00.000000Z,2.7666,2.7847,2.7665,2.7783,5596825.5
2025-07-13T03:41:00.000000Z,2.7783,2.7813,2.7773,2.7798,779976.9
2025-07-13T03:42:00.000000Z,2.7799,2.7836,2.7798,2.7831,1608600.5
2025-07-13T03:43:00.000000Z,2.7831,2.784,2.7811,2.7828,1055760.0
2025-07-13T03:44:00.000000Z,2.7828,2.7839,2.7794,2.7799,591666.2
2025-07-13T03:45:00.000000Z,2.78,2.78,2.7762,2.7767,630623.4
2025-07-13T03:46:00.000000Z,2.7766,2.7769,2.7709,2.7735,711791.3
2025-07-13T03:47:00.000000Z,2.7736,2.7746,2.771,2.772,559679.1
2025-07-13T03:48:00.000000Z,2.772,2.7728,2.7696,2.7723,434661.5
2025-07-13T03:49:00.000000Z,2.7723,2.7723,2.7686,2.7691,395120.5
2025-07-13T03:50:00.000000Z,2.7691,2.7707,2.7677,2.7687,456630.6
2025-07-13T03:51:00.000000Z,2.7687,2.7725,2.7687,2.772,391879.8
2025-07-13T03:52:00.000000Z,2.772,2.7721,2.7681,2.7705,542871.6
2025-07-13T03:53:00.000000Z,2.7705,2.7706,2.7681,2.7687,325479.6
2025-07-13T03:54:00.000000Z,2.7686,2.7687,2.7663,2.7671,482800.3
2025-07-13T03:55:00.000000Z,2.767,2.7685,2.767,2.7684,384303.8
2025-07-13T03:56:00.000000Z,2.7685,2.7685,2.7658,2.7672,441305.8
2025-07-13T03:57:00.000000Z,2.7673,2.769,2.7658,2.7662,403498.1
2025-07-13T03:58:00.000000Z,2.7662,2.7683,2.7654,2.768,258617.1
2025-07-13T03:59:00.000000Z,2.768,2.7683,2.7659,2.7683,249769.1
2025-07-13T04:00:00.000000Z,2.7684,2.7713,2.7682,2.7689,518428.8
2025-07-13T04:01:00.000000Z,2.769,2.7691,2.7665,2.7673,394432.8
2025-07-13T04:02:00.000000Z,2.7674,2.7674,2.7631,2.764,572121.6
2025-07-13T04:03:00.000000Z,2.764,2.7671,2.764,2.7649,176830.2
2025-07-13T04:04:00.000000Z,2.7649,2.7652,2.763,2.7644,322217.6
2025-07-13T04:05:00.000000Z,2.7643,2.7645,2.7626,2.7626,308023.2
2025-07-13T04:06:00.000000Z,2.7626,2.7659,2.7618,2.7651,536893.7
2025-07-13T04:07:00.000000Z,2.765,2.7651,2.758,2.762,1366050.8
2025-07-13T04:08:00.000000Z,2.762,2.7647,2.7619,2.7629,256781.2
2025-07-13T04:09:00.000000Z,2.763,2.7647,2.7618,2.7629,298395.8
2025-07-13T04:10:00.000000Z,2.7629,2.7647,2.7627,2.7628,378544.7
2025-07-13T04:11:00.000000Z,2.7628,2.7649,2.761,2.7642,423879.4
2025-07-13T04:12:00.000000Z,2.7642,2.7663,2.7635,2.7653,241867.7
2025-07-13T04:13:00.000000Z,2.7654,2.766,2.7642,2.766,140477.4
2025-07-13T04:14:00.000000Z,2.766,2.766,2.7633,2.7642,244878.2
2025-07-13T04:15:00.000000Z,2.7643,2.7643,2.7596,2.7597,377124.8
2025-07-13T04:16:00.000000Z,2.7598,2.763,2.7583,2.763,524218.1
2025-07-13T04:17:00.000000Z,2.763,2.7632,2.7589,2.76,392149.5
2025-07-13T04:18:00.000000Z,2.7599,2.7652,2.7599,2.7643,524837.3
2025-07-13T04:19:00.000000Z,2.7642,2.7709,2.7641,2.7705,932876.9
2025-07-13T04:20:00.000000Z,2.7706,2.7716,2.7672,2.768,516657.2
2025-07-13T04:21:00.000000Z,2.7681,2.7691,2.7654,2.7665,291037.3
2025-07-13T04:22:00.000000Z,2.7665,2.7671,2.7652,2.7663,156332.1
2025-07-13T04:23:00.000000Z,2.7664,2.7677,2.7624,2.7625,336886.9
2025-07-13T04:24:00.000000Z,2.7624,2.7635,2.7597,2.7598,342298.1
2025-07-13T04:25:00.000000Z,2.7598,2.7623,2.7587,2.7615,228929.1
2025-07-13T04:26:00.000000Z,2.7616,2.7625,2.7595,2.7612,489597.7
2025-07-13T04:27:00.000000Z,2.7611,2.7612,2.7588,2.7595,223850.0
2025-07-13T04:28:00.000000Z,2.7596,2.7614,2.7592,2.7605,309026.9
2025-07-13T04:29:00.000000Z,2.7605,2.7612,2.7595,2.7611,120907.7
2025-07-13T04:30:00.000000Z,2.7612,2.7635,2.7592,2.7635,253656.2
2025-07-13T04:31:00.000000Z,2.7635,2.7697,2.7633,2.7678,723403.6
2025-07-13T04:32:00.000000Z,2.7678,2.7692,2.7665,2.7666,426241.3
2025-07-13T04:33:00.000000Z,2.7666,2.7681,2.7657,2.7675,250666.2
2025-07-13T04:34:00.000000Z,2.7675,2.7693,2.767,2.7693,235119.8
2025-07-13T04:35:00.000000Z,2.7692,2.7715,2.768,2.769,829099.7
2025-07-13T04:36:00.000000Z,2.7689,2.774,2.7686,2.774,342067.3
2025-07-13T04:37:00.000000Z,2.774,2.7775,2.774,2.7763,520357.2
2025-07-13T04:38:00.000000Z,2.7763,2.7773,2.7754,2.7756,998153.6
2025-07-13T04:39:00.000000Z,2.7756,2.7764,2.773,2.7761,407915.3
2025-07-13T04:40:00.000000Z,2.7761,2.7794,2.7748,2.7753,567706.9
2025-07-13T04:41:00.000000Z,2.7754,2.7788,2.7753,2.7767,538390.9
2025-07-13T04:42:00.000000Z,2.7767,2.7769,2.7738,2.7741,351530.1
2025-07-13T04:43:00.000000Z,2.7741,2.7747,2.7717,2.7717,504786.0
2025-07-13T04:44:00.000000Z,2.7717,2.7747,2.7717,2.7733,237220.8
2025-07-13T04:45:00.000000Z,2.7733,2.7752,2.7725,2.7748,427736.2
2025-07-13T04:46:00.000000Z,2.7748,2.7799,2.7733,2.7771,1290026.3
2025-07-13T04:47:00.000000Z,2.7771,2.78,2.7757,2.7799,780046.7
2025-07-13T04:48:00.000000Z,2.7798,2.783,2.7794,2.7814,598450.8
2025-07-13T04:49:00.000000Z,2.7814,2.7818,2.7777,2.7781,569605.7
2025-07-13T04:50:00.000000Z,2.7781,2.7811,2.7777,2.7807,521893.4
2025-07-13T04:51:00.000000Z,2.7807,2.7819,2.7795,2.7798,497513.5
2025-07-13T04:52:00.000000Z,2.7797,2.7798,2.7777,2.7789,294577.3
2025-07-13T04:53:00.000000Z,2.7788,2.779,2.7774,2.7777,167412.5
2025-07-13T04:54:00.000000Z,2.7778,2.779,2.7777,2.7789,164247.2
2025-07-13T04:55:00.000000Z,2.779,2.7804,2.7784,2.7794,282251.9
2025-07-13T04:56:00.000000Z,2.7794,2.7809,2.7786,2.7809,184103.7
2025-07-13T04:57:00.000000Z,2.7808,2.7826,2.7808,2.7819,380511.2
2025-07-13T04:58:00.000000Z,2.7819,2.7832,2.7817,2.7824,402203.8
2025-07-13T04:59:00.000000Z,2.7824,2.7829,2.7808,2.7808,705853.8
2025-07-13T05:00:00.000000Z,2.7809,2.781,2.778,2.7786,575278.4
2025-07-13T05:01:00.000000Z,2.7786,2.7786,2.7754,2.7782,643987.0
2025-07-13T05:02:00.000000Z,2.7783,2.7783,2.7758,2.7769,193986.6
2025-07-13T05:03:00.000000Z,2.7768,2.7772,2.775,2.7765,401590.2
2025-07-13T05:04:00.000000Z,2.7765,2.7791,2.7765,2.7772,383073.1
2025-07-13T05:05:00.000000Z,2.7772,2.7813,2.7772,2.7779,417331.3
2025-07-13T05:06:00.000000Z,2.7779,2.7799,2.775,2.7799,346184.7
2025-07-13T05:07:00.000000Z,2.7798,2.7842,2.7796,2.7835,552108.4
2025-07-13T05:08:00.000000Z,2.7834,2.7882,2.7753,2.7851,3295502.6
2025-07-13T05:09:00.000000Z,2.7851,2.7871,2.7834,2.7862,827854.2
2025-07-13T05:10:00.000000Z,2.7862,2.7871,2.7792,2.7799,811011.7
2025-07-13T05:11:00.000000Z,2.7799,2.7803,2.778,2.7799,506489.7
2025-07-13T05:12:00.000000Z,2.78,2.7844,2.78,2.783,440532.3
2025-07-13T05:13:00.000000Z,2.783,2.7846,2.783,2.7842,311151.0
2025-07-13T05:14:00.000000Z,2.7843,2.7846,2.7823,2.7831,260426.0
2025-07-13T05:15:00.000000Z,2.783,2.7833,2.7764,2.7787,900518.8
2025-07-13T05:16:00.000000Z,2.7787,2.7787,2.7731,2.7738,1262983.3
2025-07-13T05:17:00.000000Z,2.7737,2.7774,2.7734,2.777,646687.7
2025-07-13T05:18:00.000000Z,2.7769,2.7774,2.7759,2.7764,163544.0
2025-07-13T05:19:00.000000Z,2.7763,2.7764,2.7733,2.7756,385671.1
2025-07-13T05:20:00.000000Z,2.7756,2.7758,2.7739,2.7741,224581.6
2025-07-13T05:21:00.000000Z,2.774,2.7754,2.7729,2.7754,231420.7
2025-07-13T05:22:00.000000Z,2.7753,2.7753,2.7737,2.7743,111915.6
2025-07-13T05:23:00.000000Z,2.7744,2.7753,2.7733,2.7738,188495.6
2025-07-13T05:24:00.000000Z,2.7738,2.7754,2.7738,2.7751,492614.9
2025-07-13T05:25:00.000000Z,2.7752,2.7778,2.7752,2.7763,352861.2
2025-07-13T05:26:00.000000Z,2.7765,2.7807,2.7765,2.7802,302766.5
2025-07-13T05:27:00.000000Z,2.7803,2.7822,2.7794,2.7799,352847.6
2025-07-13T05:28:00.000000Z,2.7799,2.7828,2.7796,2.7827,173247.6
2025-07-13T05:29:00.000000Z,2.7827,2.783,2.7815,2.7819,224844.6
2025-07-13T05:30:00.000000Z,2.782,2.7826,2.781,2.7821,163679.2
2025-07-13T05:31:00.000000Z,2.7821,2.7831,2.7804,2.781,486936.0
2025-07-13T05:32:00.000000Z,2.781,2.7854,2.781,2.785,721223.3
2025-07-13T05:33:00.000000Z,2.7851,2.7862,2.7845,2.7857,416976.1
2025-07-13T05:34:00.000000Z,2.7856,2.7856,2.7828,2.7833,333901.1
2025-07-13T05:35:00.000000Z,2.7833,2.7849,2.7825,2.7839,353349.0
2025-07-13T05:36:00.000000Z,2.7839,2.7854,2.7837,2.7838,253822.8
2025-07-13T05:37:00.000000Z,2.7837,2.7845,2.7822,2.7839,416045.0
2025-07-13T05:38:00.000000Z,2.7839,2.7849,2.7832,2.7832,228327.3
2025-07-13T05:39:00.000000Z,2.7832,2.7872,2.7832,2.787,265827.4
2025-07-13T05:40:00.000000Z,2.787,2.787,2.7836,2.7851,442495.5
2025-07-13T05:41:00.000000Z,2.7851,2.7869,2.7797,2.7807,646174.5
2025-07-13T05:42:00.000000Z,2.7808,2.7833,2.7807,2.7833,275705.6
2025-07-13T05:43:00.000000Z,2.7834,2.786,2.7828,2.7828,219743.7
2025-07-13T05:44:00.000000Z,2.7828,2.7848,2.7828,2.7839,147365.1
2025-07-13T05:45:00.000000Z,2.784,2.784,2.7811,2.7819,446067.9
2025-07-13T05:46:00.000000Z,2.7819,2.782,2.779,2.7794,704135.9
2025-07-13T05:47:00.000000Z,2.7794,2.7834,2.779,2.7815,424388.3
2025-07-13T05:48:00.000000Z,2.7816,2.7816,2.7774,2.7781,537435.6
2025-07-13T05:49:00.000000Z,2.7781,2.7781,2.7749,2.776,443803.3
2025-07-13T05:50:00.000000Z,2.7761,2.7785,2.776,2.776,470545.7
2025-07-13T05:51:00.000000Z,2.7761,2.7773,2.7747,2.7773,407286.3
2025-07-13T05:52:00.000000Z,2.7772,2.7773,2.7758,2.7761,489332.5
2025-07-13T05:53:00.000000Z,2.7761,2.7772,2.7721,2.7734,1027028.4
2025-07-13T05:54:00.000000Z,2.7733,2.7734,2.7711,2.7729,380313.2
2025-07-13T05:55:00.000000Z,2.773,2.7759,2.7728,2.7758,322191.4
2025-07-13T05:56:00.000000Z,2.7758,2.7758,2.7732,2.7735,192821.8
2025-07-13T05:57:00.000000Z,2.7735,2.7753,2.7722,2.7731,622870.8
2025-07-13T05:58:00.000000Z,2.7731,2.7734,2.7706,2.7719,510995.8
2025-07-13T05:59:00.000000Z,2.7719,2.7736,2.7705,2.7706,322276.2
2025-07-13T06:00:00.000000Z,2.7706,2.771,2.7675,2.7701,817163.3
2025-07-13T06:01:00.000000Z,2.7701,2.7728,2.7695,2.7719,378859.8
2025-07-13T06:02:00.000000Z,2.7719,2.7765,2.7712,2.7763,500948.9
2025-07-13T06:03:00.000000Z,2.7763,2.7802,2.776,2.7793,582101.6
2025-07-13T06:04:00.000000Z,2.7794,2.7813,2.7789,2.779,221619.6
2025-07-13T06:05:00.000000Z,2.7789,2.781,2.7787,2.7793,270418.8
2025-07-13T06:06:00.000000Z,2.7792,2.7829,2.7783,2.782,899931.2
2025-07-13T06:07:00.000000Z,2.782,2.784,2.7816,2.7816,780819.1
2025-07-13T06:08:00.000000Z,2.7817,2.7844,2.7812,2.7844,435183.0
2025-07-13T06:09:00.000000Z,2.7844,2.7844,2.7821,2.7829,308666.8
2025-07-13T06:10:00.000000Z,2.7829,2.7831,2.7813,2.782,227584.0
2025-07-13T06:11:00.000000Z,2.7819,2.7837,2.7819,2.7822,228812.0
2025-07-13T06:12:00.000000Z,2.7823,2.7825,2.7812,2.7818,221618.0
2025-07-13T06:13:00.000000Z,2.7818,2.7833,2.7805,2.7816,290788.2
2025-07-13T06:14:00.000000Z,2.7816,2.7828,2.7812,2.7819,351651.1
2025-07-13T06:15:00.000000Z,2.7819,2.7877,2.7819,2.7877,830444.4
2025-07-13T06:16:00.000000Z,2.7877,2.7919,2.7866,2.7899,1327525.1
2025-07-13T06:17:00.000000Z,2.79,2.792,2.7858,2.7875,895978.3
2025-07-13T06:18:00.000000Z,2.7875,2.7888,2.7863,2.7887,495094.1
2025-07-13T06:19:00.000000Z,2.7888,2.7895,2.7866,2.7883,340423.5
2025-07-13T06:20:00.000000Z,2.7884,2.791,2.7883,2.7906,290337.3
2025-07-13T06:21:00.000000Z,2.7906,2.7907,2.7888,2.7902,367257.9
2025-07-13T06:22:00.000000Z,2.7901,2.7914,2.787,2.7914,615840.7
2025-07-13T06:23:00.000000Z,2.7914,2.7958,2.7912,2.7943,1100189.0
2025-07-13T06:24:00.000000Z,2.7943,2.7964,2.7927,2.7959,686338.2
2025-07-13T06:25:00.000000Z,2.7959,2.7962,2.7938,2.7948,914650.8
2025-07-13T06:26:00.000000Z,2.7947,2.7962,2.7929,2.7962,647894.8
2025-07-13T06:27:00.000000Z,2.7961,2.7962,2.7943,2.7948,438029.5
2025-07-13T06:28:00.000000Z,2.7949,2.796,2.7943,2.7957,279659.0
2025-07-13T06:29:00.000000Z,2.7957,2.7965,2.793,2.7965,814757.2
2025-07-13T06:30:00.000000Z,2.7965,2.7974,2.7947,2.7947,702041.6
2025-07-13T06:31:00.000000Z,2.7948,2.801,2.7932,2.801,1115103.2
2025-07-13T06:32:00.000000Z,2.801,2.803,2.7988,2.8017,1931081.8
2025-07-13T06:33:00.000000Z,2.8017,2.8063,2.8003,2.8063,1081275.6
2025-07-13T06:34:00.000000Z,2.8062,2.8098,2.8043,2.8062,1326689.1
2025-07-13T06:35:00.000000Z,2.8063,2.8071,2.8026,2.803,1174016.3
2025-07-13T06:36:00.000000Z,2.803,2.8119,2.803,2.8102,1646181.5
2025-07-13T06:37:00.000000Z,2.8102,2.8115,2.8062,2.8081,2183228.7
2025-07-13T06:38:00.000000Z,2.8082,2.8126,2.8082,2.8121,2136427.0
2025-07-13T06:39:00.000000Z,2.812,2.8154,2.8109,2.8121,1602132.3
2025-07-13T06:40:00.000000Z,2.8121,2.8121,2.805,2.8066,1235481.6
2025-07-13T06:41:00.000000Z,2.8067,2.8089,2.8058,2.8083,890375.2
2025-07-13T06:42:00.000000Z,2.8083,2.8106,2.8071,2.8105,929934.4
2025-07-13T06:43:00.000000Z,2.8106,2.8108,2.8069,2.8073,664226.8
2025-07-13T06:44:00.000000Z,2.8072,2.8076,2.8031,2.806,1199716.2
2025-07-13T06:45:00.000000Z,2.806,2.8077,2.8015,2.8027,1240350.5
2025-07-13T06:46:00.000000Z,2.8027,2.8028,2.7961,2.7962,1908568.2
2025-07-13T06:47:00.000000Z,2.7961,2.7996,2.7953,2.7961,1345604.8
2025-07-13T06:48:00.000000Z,2.796,2.7977,2.7951,2.7973,434651.2
2025-07-13T06:49:00.000000Z,2.7973,2.7977,2.7952,2.7967,386053.6
2025-07-13T06:50:00.000000Z,2.7966,2.7993,2.794,2.799,901256.2
2025-07-13T06:51:00.000000Z,2.799,2.7992,2.7963,2.7969,339684.6
2025-07-13T06:52:00.000000Z,2.7968,2.7972,2.7944,2.7951,385899.9
2025-07-13T06:53:00.000000Z,2.7951,2.7953,2.7914,2.7924,947378.9
2025-07-13T06:54:00.000000Z,2.7923,2.7938,2.7908,2.7919,494812.3
2025-07-13T06:55:00.000000Z,2.7918,2.7947,2.7917,2.7939,480040.3
2025-07-13T06:56:00.000000Z,2.7939,2.795,2.7933,2.7944,235555.9
2025-07-13T06:57:00.000000Z,2.7944,2.7952,2.7938,2.7939,197908.8
2025-07-13T06:58:00.000000Z,2.7939,2.7943,2.7931,2.794,199679.2
2025-07-13T06:59:00.000000Z,2.7939,2.7942,2.7925,2.7926,350337.3
2025-07-13T07:00:00.000000Z,2.7926,2.7942,2.7908,2.7941,618936.7
2025-07-13T07:01:00.000000Z,2.7941,2.7941,2.7917,2.7936,537859.2
2025-07-13T07:02:00.000000Z,2.7937,2.7961,2.7925,2.7926,600371.4
2025-07-13T07:03:00.000000Z,2.7926,2.7946,2.7897,2.79,580889.8
2025-07-13T07:04:00.000000Z,2.79,2.7932,2.7893,2.7921,879138.3
2025-07-13T07:05:00.000000Z,2.7921,2.7956,2.7918,2.7949,308944.0
2025-07-13T07:06:00.000000Z,2.795,2.8015,2.7949,2.7988,1302632.8
2025-07-13T07:07:00.000000Z,2.7989,2.7996,2.7921,2.7926,575866.6
2025-07-13T07:08:00.000000Z,2.7926,2.7963,2.7914,2.7952,492570.9
2025-07-13T07:09:00.000000Z,2.7953,2.7953,2.7935,2.7944,284031.6
2025-07-13T07:10:00.000000Z,2.7944,2.7974,2.794,2.7956,518346.2
2025-07-13T07:11:00.000000Z,2.7956,2.7961,2.7941,2.7941,304654.8
2025-07-13T07:12:00.000000Z,2.7941,2.7955,2.7935,2.7947,214449.8
2025-07-13T07:13:00.000000Z,2.7948,2.799,2.7946,2.7984,471101.4
2025-07-13T07:14:00.000000Z,2.7983,2.8004,2.7971,2.7983,467145.1
2025-07-13T07:15:00.000000Z,2.7983,2.8025,2.7983,2.8016,510352.4
2025-07-13T07:16:00.000000Z,2.8016,2.8033,2.8016,2.8031,438572.3
2025-07-13T07:17:00.000000Z,2.8031,2.8064,2.8026,2.8063,477191.4
2025-07-13T07:18:00.000000Z,2.8064,2.8064,2.8027,2.8042,696878.7
2025-07-13T07:19:00.000000Z,2.8041,2.8062,2.8039,2.8051,399910.2
2025-07-13T07:20:00.000000Z,2.805,2.8051,2.7999,2.8032,1661981.4
2025-07-13T07:21:00.000000Z,2.8033,2.8064,2.8032,2.8064,411779.6
2025-07-13T07:22:00.000000Z,2.8064,2.8076,2.8049,2.8057,558714.1
2025-07-13T07:23:00.000000Z,2.8057,2.8068,2.8052,2.8057,334633.6
2025-07-13T07:24:00.000000Z,2.8057,2.8062,2.8036,2.8037,389992.3
2025-07-13T07:25:00.000000Z,2.8036,2.8046,2.7995,2.8012,928308.4
2025-07-13T07:26:00.000000Z,2.8012,2.8012,2.7981,2.7986,425643.3
2025-07-13T07:27:00.000000Z,2.7986,2.7988,2.7917,2.7936,1001658.4
2025-07-13T07:28:00.000000Z,2.7935,2.7948,2.7921,2.7945,588509.8
2025-07-13T07:29:00.000000Z,2.7945,2.795,2.7926,2.7934,373594.8
2025-07-13T07:30:00.000000Z,2.7934,2.7949,2.7929,2.7933,349568.9
2025-07-13T07:31:00.000000Z,2.7934,2.7935,2.7905,2.7931,824892.9
2025-07-13T07:32:00.000000Z,2.7932,2.7932,2.789,2.7906,732269.0
2025-07-13T07:33:00.000000Z,2.7907,2.7925,2.7898,2.7901,745141.0
2025-07-13T07:34:00.000000Z,2.7901,2.7952,2.7896,2.795,549780.5
2025-07-13T07:35:00.000000Z,2.7951,2.7955,2.7934,2.7955,489011.3
2025-07-13T07:36:00.000000Z,2.7956,2.7966,2.7938,2.7946,295482.7
2025-07-13T07:37:00.000000Z,2.7946,2.7971,2.7944,2.7965,393522.4
2025-07-13T07:38:00.000000Z,2.7966,2.7973,2.7947,2.7958,583941.8
2025-07-13T07:39:00.000000Z,2.7959,2.7977,2.7931,2.7954,585649.7
2025-07-13T07:40:00.000000Z,2.7954,2.7981,2.7952,2.7977,803895.3
2025-07-13T07:41:00.000000Z,2.7978,2.7982,2.7924,2.7944,501925.7
2025-07-13T07:42:00.000000Z,2.7945,2.7945,2.7895,2.7901,667064.9
2025-07-13T07:43:00.000000Z,2.79,2.7935,2.79,2.7931,360308.3
2025-07-13T07:44:00.000000Z,2.7932,2.7942,2.791,2.7919,177161.3
2025-07-13T07:45:00.000000Z,2.7919,2.7942,2.7906,2.792,404975.1
2025-07-13T07:46:00.000000Z,2.792,2.792,2.7894,2.7895,343057.8
2025-07-13T07:47:00.000000Z,2.7895,2.7914,2.7895,2.7906,258998.3
2025-07-13T07:48:00.000000Z,2.7907,2.7907,2.7871,2.789,843209.2
2025-07-13T07:49:00.000000Z,2.7891,2.7896,2.7858,2.7872,582375.0
2025-07-13T07:50:00.000000Z,2.7873,2.7892,2.7864,2.7888,469757.3
2025-07-13T07:51:00.000000Z,2.7889,2.7928,2.7889,2.7906,614280.2
2025-07-13T07:52:00.000000Z,2.7906,2.7937,2.7901,2.7921,324901.9
2025-07-13T07:53:00.000000Z,2.7921,2.7938,2.791,2.7921,336963.3
2025-07-13T07:54:00.000000Z,2.7922,2.7942,2.7922,2.7932,440612.1
2025-07-13T07:55:00.000000Z,2.7933,2.7953,2.7924,2.7927,554295.2
2025-07-13T07:56:00.000000Z,2.7927,2.799,2.7923,2.7977,760811.7
2025-07-13T07:57:00.000000Z,2.7977,2.7992,2.7949,2.7976,786753.5
2025-07-13T07:58:00.000000Z,2.7975,2.7988,2.7969,2.7985,370361.8
2025-07-13T07:59:00.000000Z,2.7986,2.7996,2.7986,2.7989,353870.6
2025-07-13T08:00:00.000000Z,2.799,2.8017,2.7979,2.8013,705101.9
2025-07-13T08:01:00.000000Z,2.8012,2.8012,2.798,2.7987,689058.4
2025-07-13T08:02:00.000000Z,2.7986,2.799,2.7954,2.7967,770754.1
2025-07-13T08:03:00.000000Z,2.7967,2.7968,2.7942,2.7949,388026.4
2025-07-13T08:04:00.000000Z,2.795,2.7977,2.7934,2.7962,443715.9
2025-07-13T08:05:00.000000Z,2.7963,2.8012,2.7942,2.7944,900662.8
2025-07-13T08:06:00.000000Z,2.7943,2.7965,2.794,2.795,534653.1
2025-07-13T08:07:00.000000Z,2.795,2.7982,2.795,2.7981,410295.9
2025-07-13T08:08:00.000000Z,2.7981,2.8003,2.7967,2.8002,307996.1
2025-07-13T08:09:00.000000Z,2.8002,2.8055,2.7999,2.8045,517764.4
2025-07-13T08:10:00.000000Z,2.8046,2.8053,2.8018,2.8043,752680.8
2025-07-13T08:11:00.000000Z,2.8042,2.8049,2.8009,2.8017,1302104.4
2025-07-13T08:12:00.000000Z,2.8017,2.8028,2.7993,2.8016,461941.0
2025-07-13T08:13:00.000000Z,2.8016,2.818,2.7992,2.8072,5245023.7
2025-07-13T08:14:00.000000Z,2.8071,2.8132,2.8061,2.8116,1258079.6
2025-07-13T08:15:00.000000Z,2.8116,2.8129,2.8059,2.8063,981875.2
2025-07-13T08:16:00.000000Z,2.8064,2.8148,2.8063,2.8101,1624878.8
2025-07-13T08:17:00.000000Z,2.8101,2.8103,2.8067,2.8069,615709.3
2025-07-13T08:18:00.000000Z,2.8068,2.8069,2.803,2.805,754535.7
2025-07-13T08:19:00.000000Z,2.8051,2.8094,2.805,2.8083,495965.3
2025-07-13T08:20:00.000000Z,2.8083,2.8083,2.8034,2.8059,1266842.6
2025-07-13T08:21:00.000000Z,2.8058,2.8074,2.8027,2.8062,564951.2
2025-07-13T08:22:00.000000Z,2.8063,2.8063,2.8025,2.8041,665478.4
2025-07-13T08:23:00.000000Z,2.8041,2.8041,2.8,2.8003,760953.4
2025-07-13T08:24:00.000000Z,2.8003,2.8005,2.7963,2.8001,1386052.6
2025-07-13T08:25:00.000000Z,2.8001,2.8043,2.7988,2.8033,621629.0
2025-07-13T08:26:00.000000Z,2.8032,2.8077,2.8032,2.807,460858.9
2025-07-13T08:27:00.000000Z,2.807,2.807,2.8037,2.8051,884875.3
2025-07-13T08:28:00.000000Z,2.8051,2.8069,2.8003,2.8017,510393.1
2025-07-13T08:29:00.000000Z,2.8017,2.8058,2.8014,2.8051,523936.2
2025-07-13T08:30:00.000000Z,2.805,2.8074,2.805,2.8062,482359.4
2025-07-13T08:31:00.000000Z,2.8062,2.8071,2.8045,2.8053,633579.0
2025-07-13T08:32:00.000000Z,2.8053,2.8053,2.8014,2.8014,302558.9
2025-07-13T08:33:00.000000Z,2.8014,2.8014,2.7966,2.7966,628736.5
2025-07-13T08:34:00.000000Z,2.7965,2.7991,2.7961,2.7986,470264.5
2025-07-13T08:35:00.000000Z,2.7985,2.7991,2.7979,2.7981,231751.4
2025-07-13T08:36:00.000000Z,2.7982,2.8005,2.7978,2.7992,397173.7
2025-07-13T08:37:00.000000Z,2.7991,2.7994,2.797,2.7984,551311.6
2025-07-13T08:38:00.000000Z,2.7985,2.7986,2.7941,2.7954,948345.9
2025-07-13T08:39:00.000000Z,2.7955,2.7963,2.7938,2.7956,713401.7
2025-07-13T08:40:00.000000Z,2.7956,2.7961,2.7933,2.7934,649685.6
2025-07-13T08:41:00.000000Z,2.7934,2.7973,2.7929,2.7973,664220.1
2025-07-13T08:42:00.000000Z,2.7973,2.8024,2.7953,2.7953,1051178.1
2025-07-13T08:43:00.000000Z,2.7953,2.7985,2.7951,2.798,293345.0
2025-07-13T08:44:00.000000Z,2.798,2.798,2.795,2.796,1009906.5
2025-07-13T08:45:00.000000Z,2.796,2.7972,2.7933,2.7934,533107.5
2025-07-13T08:46:00.000000Z,2.7934,2.7941,2.7911,2.7927,857057.0
2025-07-13T08:47:00.000000Z,2.7927,2.7949,2.7922,2.7937,447455.7
2025-07-13T08:48:00.000000Z,2.7937,2.7937,2.7902,2.7911,748028.3
2025-07-13T08:49:00.000000Z,2.7911,2.7925,2.789,2.7897,784359.3
2025-07-13T08:50:00.000000Z,2.7897,2.7947,2.7896,2.7945,463091.6
2025-07-13T08:51:00.000000Z,2.7946,2.797,2.7938,2.7939,578475.0
2025-07-13T08:52:00.000000Z,2.7939,2.7939,2.786,2.7879,1481844.8
2025-07-13T08:53:00.000000Z,2.7879,2.7879,2.7833,2.7866,2570458.2
2025-07-13T08:54:00.000000Z,2.7865,2.7871,2.7854,2.7854,1185766.0
2025-07-13T08:55:00.000000Z,2.7853,2.7869,2.7844,2.7858,801985.1
2025-07-13T08:56:00.000000Z,2.7858,2.7877,2.7858,2.7871,456221.7
2025-07-13T08:57:00.000000Z,2.7871,2.7888,2.7868,2.7885,511401.1
2025-07-13T08:58:00.000000Z,2.7884,2.7913,2.7884,2.7904,320981.5
2025-07-13T08:59:00.000000Z,2.7903,2.7939,2.7903,2.7939,519471.8
2025-07-13T09:00:00.000000Z,2.794,2.797,2.7932,2.797,478845.1
2025-07-13T09:01:00.000000Z,2.797,2.8001,2.7939,2.7986,1819169.2
2025-07-13T09:02:00.000000Z,2.7986,2.8011,2.7986,2.8002,458994.3
2025-07-13T09:03:00.000000Z,2.8001,2.8024,2.7971,2.7981,547371.1
2025-07-13T09:04:00.000000Z,2.7981,2.7995,2.7944,2.7949,520478.5
2025-07-13T09:05:00.000000Z,2.795,2.7952,2.7907,2.7908,879518.4
2025-07-13T09:06:00.000000Z,2.7908,2.7956,2.7907,2.7953,497191.4
2025-07-13T09:07:00.000000Z,2.7954,2.7982,2.7928,2.7939,953444.7
2025-07-13T09:08:00.000000Z,2.794,2.7952,2.793,2.7941,642442.9
2025-07-13T09:09:00.000000Z,2.7941,2.7941,2.7902,2.7904,683936.0
2025-07-13T09:10:00.000000Z,2.7905,2.7908,2.7866,2.7877,1063482.1
2025-07-13T09:11:00.000000Z,2.7877,2.789,2.7862,2.7875,837608.3
2025-07-13T09:12:00.000000Z,2.7875,2.7888,2.7866,2.7888,324004.4
2025-07-13T09:13:00.000000Z,2.7889,2.7904,2.787,2.7876,600925.7
2025-07-13T09:14:00.000000Z,2.7877,2.7903,2.7876,2.7892,238154.9
2025-07-13T09:15:00.000000Z,2.7893,2.7912,2.7878,2.7895,434400.7
2025-07-13T09:16:00.000000Z,2.7896,2.7899,2.7878,2.7888,252539.2
2025-07-13T09:17:00.000000Z,2.7889,2.7892,2.7873,2.7881,248415.6
2025-07-13T09:18:00.000000Z,2.7882,2.7888,2.7834,2.7843,1093556.6
2025-07-13T09:19:00.000000Z,2.7844,2.7869,2.7837,2.7849,494560.9
2025-07-13T09:20:00.000000Z,2.7849,2.7859,2.7833,2.7859,484063.4
2025-07-13T09:21:00.000000Z,2.7859,2.7866,2.7791,2.7817,1461394.1
2025-07-13T09:22:00.000000Z,2.7817,2.7818,2.7769,2.7813,1895534.3
2025-07-13T09:23:00.000000Z,2.7813,2.7826,2.7791,2.7792,424390.4
2025-07-13T09:24:00.000000Z,2.7792,2.7803,2.7783,2.7786,467089.7
2025-07-13T09:25:00.000000Z,2.7786,2.7813,2.7778,2.7779,695225.3
2025-07-13T09:26:00.000000Z,2.7779,2.7819,2.7775,2.7818,681110.7
2025-07-13T09:27:00.000000Z,2.7819,2.7835,2.7808,2.7821,400646.3
2025-07-13T09:28:00.000000Z,2.7821,2.7842,2.7797,2.7838,479024.5
2025-07-13T09:29:00.000000Z,2.7838,2.7838,2.7822,2.7825,311005.4
2025-07-13T09:30:00.000000Z,2.7825,2.7825,2.7782,2.7792,446442.8
2025-07-13T09:31:00.000000Z,2.7792,2.7803,2.7762,2.7776,1230660.5
2025-07-13T09:32:00.000000Z,2.7776,2.7784,2.7736,2.7784,3287825.4
2025-07-13T09:33:00.000000Z,2.7784,2.7784,2.7722,2.7727,1004917.6
2025-07-13T09:34:00.000000Z,2.7728,2.7755,2.7721,2.7729,971323.2
2025-07-13T09:35:00.000000Z,2.773,2.7778,2.7729,2.7756,779890.4
2025-07-13T09:36:00.000000Z,2.7757,2.7757,2.7709,2.7719,1026580.8
2025-07-13T09:37:00.000000Z,2.7719,2.7745,2.7712,2.7726,634468.1
2025-07-13T09:38:00.000000Z,2.7727,2.775,2.7711,2.7746,555819.4
2025-07-13T09:39:00.000000Z,2.7746,2.7768,2.7742,2.7761,669398.3
2025-07-13T09:40:00.000000Z,2.7761,2.778,2.7758,2.7771,568243.1
2025-07-13T09:41:00.000000Z,2.7771,2.7814,2.7763,2.7814,626469.1
2025-07-13T09:42:00.000000Z,2.7814,2.7817,2.7782,2.7794,459229.4
2025-07-13T09:43:00.000000Z,2.7794,2.781,2.7792,2.7804,462192.1
2025-07-13T09:44:00.000000Z,2.7804,2.782,2.7789,2.7804,578707.6
2025-07-13T09:45:00.000000Z,2.7805,2.7809,2.7788,2.779,343629.2
2025-07-13T09:46:00.000000Z,2.7791,2.7808,2.7788,2.7799,282275.5
2025-07-13T09:47:00.000000Z,2.78,2.7823,2.7787,2.7822,287622.0
2025-07-13T09:48:00.000000Z,2.7823,2.7823,2.7796,2.7797,316856.1
2025-07-13T09:49:00.000000Z,2.7797,2.784,2.7796,2.7831,407457.3
2025-07-13T09:50:00.000000Z,2.7831,2.7836,2.7807,2.7808,227947.0
2025-07-13T09:51:00.000000Z,2.7808,2.7815,2.7795,2.7807,188275.7
2025-07-13T09:52:00.000000Z,2.7807,2.781,2.7797,2.7809,146571.2
2025-07-13T09:53:00.000000Z,2.781,2.7812,2.7789,2.7796,348907.5
2025-07-13T09:54:00.000000Z,2.7796,2.7796,2.7743,2.7751,514110.6
2025-07-13T09:55:00.000000Z,2.7752,2.7777,2.7722,2.7762,1105096.9
2025-07-13T09:56:00.000000Z,2.7763,2.7767,2.775,2.7755,282047.6
2025-07-13T09:57:00.000000Z,2.7755,2.776,2.7736,2.7746,252394.3
2025-07-13T09:58:00.000000Z,2.7747,2.7755,2.773,2.7751,272402.2
2025-07-13T09:59:00.000000Z,2.7751,2.7787,2.775,2.7772,881651.8
2025-07-13T10:00:00.000000Z,2.7773,2.7794,2.7773,2.7791,728830.3
2025-07-13T10:01:00.000000Z,2.7791,2.7812,2.7783,2.781,291451.3
2025-07-13T10:02:00.000000Z,2.7811,2.7862,2.781,2.783,740836.5
2025-07-13T10:03:00.000000Z,2.7831,2.7849,2.783,2.7847,1065904.7
2025-07-13T10:04:00.000000Z,2.7848,2.7886,2.7845,2.7877,582929.4
2025-07-13T10:05:00.000000Z,2.7877,2.7902,2.7865,2.7886,1409122.0
2025-07-13T10:06:00.000000Z,2.7886,2.7935,2.7885,2.7925,658986.5
2025-07-13T10:07:00.000000Z,2.7926,2.7962,2.7925,2.7942,1372414.4
2025-07-13T10:08:00.000000Z,2.7943,2.7947,2.7911,2.7925,913406.8
2025-07-13T10:09:00.000000Z,2.7926,2.7943,2.7915,2.7942,367945.1
2025-07-13T10:10:00.000000Z,2.7943,2.7948,2.7915,2.7927,791567.9
2025-07-13T10:11:00.000000Z,2.7927,2.7966,2.7926,2.7965,697595.3
2025-07-13T10:12:00.000000Z,2.7966,2.7974,2.792,2.792,531442.9
2025-07-13T10:13:00.000000Z,2.7921,2.7926,2.79,2.7919,1009880.8
2025-07-13T10:14:00.000000Z,2.7919,2.7929,2.7916,2.7928,293394.5
2025-07-13T10:15:00.000000Z,2.7929,2.7938,2.7918,2.7924,516134.1
2025-07-13T10:16:00.000000Z,2.7925,2.7925,2.7906,2.7908,577102.8
2025-07-13T10:17:00.000000Z,2.7908,2.7928,2.7905,2.791,358875.7
2025-07-13T10:18:00.000000Z,2.7911,2.7911,2.7883,2.7892,428742.2
2025-07-13T10:19:00.000000Z,2.7893,2.7915,2.7892,2.7915,223229.4
2025-07-13T10:20:00.000000Z,2.7915,2.793,2.7906,2.7915,219763.5
2025-07-13T10:21:00.000000Z,2.7916,2.7926,2.7906,2.7907,166854.5
2025-07-13T10:22:00.000000Z,2.7906,2.7914,2.788,2.7905,847247.5
2025-07-13T10:23:00.000000Z,2.7906,2.7919,2.7894,2.7909,248766.5
2025-07-13T10:24:00.000000Z,2.7909,2.7909,2.7884,2.7887,559902.2
2025-07-13T10:25:00.000000Z,2.7886,2.7886,2.786,2.7862,636936.2
2025-07-13T10:26:00.000000Z,2.7863,2.79,2.7863,2.7885,356693.0
2025-07-13T10:27:00.000000Z,2.7885,2.7897,2.7885,2.7896,89466.3
2025-07-13T10:28:00.000000Z,2.7896,2.791,2.7896,2.7906,160246.2
2025-07-13T10:29:00.000000Z,2.7907,2.7913,2.7902,2.7912,159944.6
2025-07-13T10:30:00.000000Z,2.7912,2.7912,2.7886,2.7889,289653.6
2025-07-13T10:31:00.000000Z,2.789,2.7892,2.7847,2.7889,719429.3
2025-07-13T10:32:00.000000Z,2.7889,2.7906,2.7877,2.7884,292714.6
2025-07-13T10:33:00.000000Z,2.7884,2.7884,2.7864,2.7871,435161.8
2025-07-13T10:34:00.000000Z,2.7871,2.7893,2.7866,2.7892,220293.9
2025-07-13T10:35:00.000000Z,2.7893,2.7893,2.7872,2.7873,176226.3
2025-07-13T10:36:00.000000Z,2.7873,2.7888,2.787,2.7882,255108.0
2025-07-13T10:37:00.000000Z,2.7881,2.7892,2.7881,2.7882,105685.7
2025-07-13T10:38:00.000000Z,2.7882,2.7882,2.7871,2.7872,227391.1
2025-07-13T10:39:00.000000Z,2.7872,2.7889,2.7858,2.7863,171635.8
2025-07-13T10:40:00.000000Z,2.7863,2.7875,2.7852,2.7865,320905.4
2025-07-13T10:41:00.000000Z,2.7865,2.7881,2.7861,2.7861,172890.7
2025-07-13T10:42:00.000000Z,2.786,2.7873,2.786,2.7872,94979.7
2025-07-13T10:43:00.000000Z,2.7872,2.7877,2.7871,2.7876,70954.2
2025-07-13T10:44:00.000000Z,2.7875,2.7877,2.7867,2.7874,95668.0
2025-07-13T10:45:00.000000Z,2.7874,2.7878,2.7862,2.7862,152715.9
2025-07-13T10:46:00.000000Z,2.7863,2.787,2.7825,2.784,397821.5
2025-07-13T10:47:00.000000Z,2.7839,2.784,2.775,2.776,2501322.1
2025-07-13T10:48:00.000000Z,2.776,2.78,2.7741,2.7797,1161325.6
2025-07-13T10:49:00.000000Z,2.7798,2.7803,2.7788,2.7793,302293.8
2025-07-13T10:50:00.000000Z,2.7793,2.7793,2.7761,2.777,361250.9
2025-07-13T10:51:00.000000Z,2.777,2.7788,2.7762,2.7784,329259.0
2025-07-13T10:52:00.000000Z,2.7784,2.779,2.7762,2.7763,226327.3
2025-07-13T10:53:00.000000Z,2.7764,2.777,2.7755,2.7768,202359.0
2025-07-13T10:54:00.000000Z,2.7768,2.7776,2.7757,2.7757,358749.4
2025-07-13T10:55:00.000000Z,2.7758,2.7763,2.7738,2.7738,423546.1
2025-07-13T10:56:00.000000Z,2.7739,2.7739,2.7722,2.7727,644025.4
2025-07-13T10:57:00.000000Z,2.7728,2.7747,2.7727,2.7743,478125.2
2025-07-13T10:58:00.000000Z,2.7743,2.775,2.7742,2.775,381397.1
2025-07-13T10:59:00.000000Z,2.775,2.7771,2.775,2.7765,509641.7
2025-07-13T11:00:00.000000Z,2.7765,2.7784,2.7765,2.7784,618254.4
2025-07-13T11:01:00.000000Z,2.7784,2.7827,2.7784,2.7826,672421.0
2025-07-13T11:02:00.000000Z,2.7827,2.7832,2.7779,2.7781,505569.5
2025-07-13T11:03:00.000000Z,2.778,2.7812,2.778,2.7803,407577.7
2025-07-13T11:04:00.000000Z,2.7803,2.782,2.7803,2.782,266199.4
2025-07-13T11:05:00.000000Z,2.782,2.7842,2.7808,2.7842,243184.9
2025-07-13T11:06:00.000000Z,2.7842,2.7842,2.7818,2.7822,288540.9
2025-07-13T11:07:00.000000Z,2.7821,2.7842,2.7805,2.7838,318125.9
2025-07-13T11:08:00.000000Z,2.7837,2.785,2.781,2.7813,565255.0
2025-07-13T11:09:00.000000Z,2.7812,2.7825,2.7812,2.7818,222052.6
2025-07-13T11:10:00.000000Z,2.7818,2.7831,2.7804,2.7826,575278.4
2025-07-13T11:11:00.000000Z,2.7825,2.7835,2.782,2.7828,350673.1
2025-07-13T11:12:00.000000Z,2.7827,2.784,2.7826,2.784,244794.9
2025-07-13T11:13:00.000000Z,2.784,2.788,2.784,2.7874,916612.0
2025-07-13T11:14:00.000000Z,2.7875,2.7889,2.7869,2.7877,827803.9
2025-07-13T11:15:00.000000Z,2.7878,2.7923,2.7877,2.7887,763058.6
2025-07-13T11:16:00.000000Z,2.7886,2.7888,2.7853,2.7866,1036854.9
2025-07-13T11:17:00.000000Z,2.7866,2.7884,2.7839,2.7868,868457.0
2025-07-13T11:18:00.000000Z,2.7867,2.7877,2.7851,2.7852,202197.9
2025-07-13T11:19:00.000000Z,2.7851,2.7853,2.7821,2.7824,352950.4
2025-07-13T11:20:00.000000Z,2.7823,2.7832,2.7808,2.7828,445900.8
2025-07-13T11:21:00.000000Z,2.7827,2.7846,2.7822,2.7842,774427.0
2025-07-13T11:22:00.000000Z,2.7843,2.7845,2.7797,2.7803,422247.2
2025-07-13T11:23:00.000000Z,2.7803,2.7811,2.7795,2.7797,338877.7
2025-07-13T11:24:00.000000Z,2.7796,2.7844,2.7796,2.7844,519666.6
2025-07-13T11:25:00.000000Z,2.7844,2.7844,2.7815,2.7834,311784.1
2025-07-13T11:26:00.000000Z,2.7834,2.7874,2.7834,2.7864,364308.2
2025-07-13T11:27:00.000000Z,2.7865,2.7884,2.7851,2.7854,628118.6
2025-07-13T11:28:00.000000Z,2.7854,2.7877,2.7852,2.7877,219950.9
2025-07-13T11:29:00.000000Z,2.7877,2.7925,2.7877,2.7898,1157631.7
2025-07-13T11:30:00.000000Z,2.7898,2.7901,2.7866,2.787,432880.4
2025-07-13T11:31:00.000000Z,2.7871,2.791,2.7867,2.7904,732367.6
2025-07-13T11:32:00.000000Z,2.7903,2.7905,2.7863,2.7889,203359.5
2025-07-13T11:33:00.000000Z,2.7888,2.7891,2.787,2.7878,705647.4
2025-07-13T11:34:00.000000Z,2.7878,2.7888,2.7872,2.7887,445918.7
2025-07-13T11:35:00.000000Z,2.7887,2.7892,2.7866,2.7867,149609.3
2025-07-13T11:36:00.000000Z,2.7866,2.7867,2.7842,2.7846,270211.0
2025-07-13T11:37:00.000000Z,2.7845,2.7865,2.7843,2.7856,104709.6
2025-07-13T11:38:00.000000Z,2.7855,2.7874,2.7852,2.7869,213864.6
2025-07-13T11:39:00.000000Z,2.7868,2.7895,2.7868,2.788,403536.3
2025-07-13T11:40:00.000000Z,2.7881,2.79,2.7877,2.7878,501898.8
2025-07-13T11:41:00.000000Z,2.7877,2.7878,2.7845,2.7848,371516.6
2025-07-13T11:42:00.000000Z,2.7849,2.7849,2.7812,2.7816,480026.4
2025-07-13T11:43:00.000000Z,2.7816,2.786,2.7803,2.7818,2064622.1
2025-07-13T11:44:00.000000Z,2.7818,2.7828,2.779,2.7798,436544.5
2025-07-13T11:45:00.000000Z,2.7799,2.7817,2.7798,2.7806,164432.0
2025-07-13T11:46:00.000000Z,2.7807,2.7831,2.78,2.7825,271829.1
2025-07-13T11:47:00.000000Z,2.7825,2.7835,2.7786,2.7797,423402.8
2025-07-13T11:48:00.000000Z,2.7797,2.7806,2.779,2.7805,477295.1
2025-07-13T11:49:00.000000Z,2.7805,2.7823,2.7801,2.7802,206497.1
2025-07-13T11:50:00.000000Z,2.7801,2.7807,2.7786,2.7786,415774.8
2025-07-13T11:51:00.000000Z,2.7787,2.7811,2.7768,2.781,687530.9
2025-07-13T11:52:00.000000Z,2.7811,2.782,2.7808,2.7812,144227.8
2025-07-13T11:53:00.000000Z,2.7812,2.7824,2.7798,2.7811,315769.6
2025-07-13T11:54:00.000000Z,2.7812,2.7824,2.7804,2.7814,350497.8
2025-07-13T11:55:00.000000Z,2.7814,2.7825,2.7792,2.7808,446228.2
2025-07-13T11:56:00.000000Z,2.7809,2.7814,2.7775,2.7795,431095.8
2025-07-13T11:57:00.000000Z,2.7794,2.785,2.7794,2.7838,1234194.2
2025-07-13T11:58:00.000000Z,2.7837,2.785,2.7834,2.7848,343186.7
2025-07-13T11:59:00.000000Z,2.7848,2.791,2.7845,2.7885,2339298.5
2025-07-13T12:00:00.000000Z,2.7886,2.7886,2.7847,2.7877,821244.7
2025-07-13T12:01:00.000000Z,2.7877,2.7887,2.7859,2.7884,591166.3
2025-07-13T12:02:00.000000Z,2.7884,2.7895,2.7825,2.7839,2282341.1
2025-07-13T12:03:00.000000Z,2.7839,2.7894,2.7839,2.7894,435629.2
2025-07-13T12:04:00.000000Z,2.7894,2.7975,2.7894,2.7975,1813146.3
2025-07-13T12:05:00.000000Z,2.7975,2.8008,2.7966,2.8005,1664396.6
2025-07-13T12:06:00.000000Z,2.8005,2.8015,2.799,2.8011,1746418.6
2025-07-13T12:07:00.000000Z,2.8011,2.806,2.8009,2.8059,1298035.3
2025-07-13T12:08:00.000000Z,2.806,2.8064,2.7996,2.8026,1514647.2
2025-07-13T12:09:00.000000Z,2.8026,2.804,2.8002,2.8022,1077519.3
2025-07-13T12:10:00.000000Z,2.8022,2.8063,2.8021,2.8063,901025.2
2025-07-13T12:11:00.000000Z,2.8063,2.8069,2.801,2.801,653902.0
2025-07-13T12:12:00.000000Z,2.801,2.8042,2.7987,2.8002,1621921.2
2025-07-13T12:13:00.000000Z,2.8002,2.8034,2.798,2.8025,658883.8
2025-07-13T12:14:00.000000Z,2.8026,2.804,2.8003,2.802,551078.2
2025-07-13T12:15:00.000000Z,2.8021,2.8027,2.799,2.801,912588.1
2025-07-13T12:16:00.000000Z,2.8011,2.808,2.8006,2.8066,832840.8
2025-07-13T12:17:00.000000Z,2.8066,2.8066,2.8011,2.8045,695831.3
2025-07-13T12:18:00.000000Z,2.8045,2.8069,2.803,2.804,729087.2
2025-07-13T12:19:00.000000Z,2.804,2.8069,2.803,2.8036,725670.3
2025-07-13T12:20:00.000000Z,2.8037,2.8037,2.7968,2.8021,1641369.4
2025-07-13T12:21:00.000000Z,2.8022,2.8022,2.7981,2.8003,660876.1
2025-07-13T12:22:00.000000Z,2.8003,2.8014,2.7966,2.7971,311274.6
2025-07-13T12:23:00.000000Z,2.7972,2.8042,2.7971,2.8013,467927.1
2025-07-13T12:24:00.000000Z,2.8012,2.802,2.7997,2.8018,445968.8
2025-07-13T12:25:00.000000Z,2.8019,2.8024,2.7988,2.7991,358202.5
2025-07-13T12:26:00.000000Z,2.7992,2.8028,2.7991,2.8011,494106.6
2025-07-13T12:27:00.000000Z,2.8011,2.803,2.8002,2.8017,348277.7
2025-07-13T12:28:00.000000Z,2.8016,2.8033,2.7998,2.7998,701232.7
2025-07-13T12:29:00.000000Z,2.7999,2.8004,2.7978,2.7998,440077.7
2025-07-13T12:30:00.000000Z,2.7998,2.7998,2.7909,2.7922,2348190.7
2025-07-13T12:31:00.000000Z,2.7922,2.7968,2.7922,2.7945,901818.1
2025-07-13T12:32:00.000000Z,2.7944,2.7959,2.7931,2.7959,421424.9
2025-07-13T12:33:00.000000Z,2.7959,2.7975,2.7938,2.7958,232773.2
2025-07-13T12:34:00.000000Z,2.7957,2.7964,2.7926,2.7964,380406.2
2025-07-13T12:35:00.000000Z,2.7963,2.7997,2.795,2.7995,494208.4
2025-07-13T12:36:00.000000Z,2.7995,2.804,2.7988,2.8027,661212.8
2025-07-13T12:37:00.000000Z,2.8028,2.8041,2.8013,2.8017,1304053.0
2025-07-13T12:38:00.000000Z,2.8018,2.804,2.8006,2.8028,420378.5
2025-07-13T12:39:00.000000Z,2.8029,2.8092,2.8023,2.8072,1721425.9
2025-07-13T12:40:00.000000Z,2.8072,2.8111,2.8071,2.8092,1119372.6
2025-07-13T12:41:00.000000Z,2.8093,2.81,2.8068,2.8071,975151.4
2025-07-13T12:42:00.000000Z,2.8072,2.8117,2.8054,2.8101,1149228.7
2025-07-13T12:43:00.000000Z,2.81,2.8198,2.8096,2.8177,1994101.2
2025-07-13T12:44:00.000000Z,2.8177,2.818,2.8159,2.8161,1028470.6
2025-07-13T12:45:00.000000Z,2.8161,2.8164,2.8103,2.8116,927529.8
2025-07-13T12:46:00.000000Z,2.8116,2.8116,2.8063,2.8083,1281249.4
2025-07-13T12:47:00.000000Z,2.8083,2.809,2.8059,2.8087,815004.0
2025-07-13T12:48:00.000000Z,2.8088,2.8105,2.8077,2.8105,536714.6
2025-07-13T12:49:00.000000Z,2.8105,2.8111,2.8078,2.8105,562742.0
2025-07-13T12:50:00.000000Z,2.8106,2.8147,2.8086,2.8141,1756975.0
2025-07-13T12:51:00.000000Z,2.8141,2.8245,2.812,2.8231,3966246.3
2025-07-13T12:52:00.000000Z,2.8231,2.8265,2.8212,2.8234,2571171.1
2025-07-13T12:53:00.000000Z,2.8235,2.829,2.8235,2.8258,1749715.8
2025-07-13T12:54:00.000000Z,2.8258,2.8291,2.8232,2.8275,2550328.4
2025-07-13T12:55:00.000000Z,2.8274,2.8276,2.8215,2.8236,962843.2
2025-07-13T12:56:00.000000Z,2.8237,2.8253,2.8229,2.824,853420.9
2025-07-13T12:57:00.000000Z,2.824,2.8248,2.8209,2.8216,962210.5
2025-07-13T12:58:00.000000Z,2.8217,2.824,2.8215,2.8216,556246.6
2025-07-13T12:59:00.000000Z,2.8216,2.8236,2.8182,2.8209,1295300.4
2025-07-13T13:00:00.000000Z,2.821,2.821,2.8164,2.8193,892757.7
2025-07-13T13:01:00.000000Z,2.8194,2.8239,2.8175,2.8208,726093.1
2025-07-13T13:02:00.000000Z,2.8209,2.8248,2.8202,2.8231,925782.6
2025-07-13T13:03:00.000000Z,2.8231,2.8251,2.8167,2.8182,1179968.5
2025-07-13T13:04:00.000000Z,2.8181,2.8181,2.8133,2.8143,1258107.0
2025-07-13T13:05:00.000000Z,2.8144,2.8172,2.8122,2.8141,1124477.0
2025-07-13T13:06:00.000000Z,2.8142,2.8188,2.8142,2.8174,905593.0
2025-07-13T13:07:00.000000Z,2.8174,2.8185,2.8152,2.8154,529289.3
2025-07-13T13:08:00.000000Z,2.8153,2.8182,2.8131,2.8151,666347.1
2025-07-13T13:09:00.000000Z,2.8152,2.8195,2.8151,2.8182,588209.4
2025-07-13T13:10:00.000000Z,2.8183,2.8186,2.8164,2.8171,749413.1
2025-07-13T13:11:00.000000Z,2.817,2.817,2.811,2.813,666129.9
2025-07-13T13:12:00.000000Z,2.8131,2.8131,2.8047,2.806,1259053.9
2025-07-13T13:13:00.000000Z,2.806,2.8064,2.7981,2.8038,4319928.6
2025-07-13T13:14:00.000000Z,2.8038,2.8058,2.8012,2.8013,826956.0
2025-07-13T13:15:00.000000Z,2.8012,2.8091,2.8012,2.8083,968171.5
2025-07-13T13:16:00.000000Z,2.8082,2.809,2.8072,2.8086,348381.4
2025-07-13T13:17:00.000000Z,2.8087,2.8109,2.805,2.8109,919188.9
2025-07-13T13:18:00.000000Z,2.811,2.8116,2.8084,2.8084,402307.7
2025-07-13T13:19:00.000000Z,2.8084,2.8099,2.8062,2.8098,663166.9
2025-07-13T13:20:00.000000Z,2.8098,2.8157,2.8097,2.8128,1218818.0
2025-07-13T13:21:00.000000Z,2.8129,2.8132,2.8108,2.8116,615128.4
2025-07-13T13:22:00.000000Z,2.8116,2.8164,2.8115,2.8153,612838.1
2025-07-13T13:23:00.000000Z,2.8154,2.8165,2.8137,2.8147,928127.2
2025-07-13T13:24:00.000000Z,2.8146,2.8177,2.8143,2.8157,576822.9
2025-07-13T13:25:00.000000Z,2.8157,2.8182,2.8142,2.8182,466857.4
2025-07-13T13:26:00.000000Z,2.8181,2.8182,2.8157,2.8181,554712.7
2025-07-13T13:27:00.000000Z,2.818,2.8182,2.8149,2.8154,389026.4
2025-07-13T13:28:00.000000Z,2.8155,2.8164,2.8134,2.8145,430323.5
2025-07-13T13:29:00.000000Z,2.8146,2.8181,2.8137,2.8179,463539.5
2025-07-13T13:30:00.000000Z,2.8179,2.8194,2.8162,2.8166,1141378.7
2025-07-13T13:31:00.000000Z,2.8167,2.82,2.8158,2.8175,595535.1
2025-07-13T13:32:00.000000Z,2.8174,2.8196,2.8171,2.8189,372310.2
2025-07-13T13:33:00.000000Z,2.819,2.8191,2.8161,2.8191,472815.8
2025-07-13T13:34:00.000000Z,2.819,2.8241,2.8188,2.8238,870102.7
2025-07-13T13:35:00.000000Z,2.8239,2.825,2.82,2.823,1746475.6
2025-07-13T13:36:00.000000Z,2.8229,2.8238,2.8198,2.8209,547727.1
2025-07-13T13:37:00.000000Z,2.8209,2.8225,2.8163,2.8188,816873.7
2025-07-13T13:38:00.000000Z,2.8188,2.8214,2.8178,2.8213,428047.0
2025-07-13T13:39:00.000000Z,2.8214,2.8277,2.8209,2.8264,1023139.2
2025-07-13T13:40:00.000000Z,2.8264,2.8267,2.8232,2.8246,422363.4
2025-07-13T13:41:00.000000Z,2.8246,2.827,2.8238,2.8261,678471.3
2025-07-13T13:42:00.000000Z,2.8261,2.8263,2.8222,2.8225,978561.7
2025-07-13T13:43:00.000000Z,2.8225,2.8277,2.8213,2.8219,2599449.5
2025-07-13T13:44:00.000000Z,2.822,2.8229,2.8209,2.8229,759693.7
2025-07-13T13:45:00.000000Z,2.8228,2.8255,2.8214,2.8226,1347379.9
2025-07-13T13:46:00.000000Z,2.8225,2.8371,2.8225,2.8342,4831945.1
2025-07-13T13:47:00.000000Z,2.8341,2.8433,2.834,2.8419,3586527.8
2025-07-13T13:48:00.000000Z,2.8419,2.8432,2.8362,2.8375,2319339.4
2025-07-13T13:49:00.000000Z,2.8376,2.843,2.8375,2.8412,1379030.1
2025-07-13T13:50:00.000000Z,2.8412,2.8423,2.8355,2.8397,4407820.8
2025-07-13T13:51:00.000000Z,2.8397,2.8407,2.8325,2.8334,1699899.3
2025-07-13T13:52:00.000000Z,2.8333,2.8437,2.8318,2.832,2649454.0
2025-07-13T13:53:00.000000Z,2.8321,2.835,2.8289,2.8308,1856044.3
2025-07-13T13:54:00.000000Z,2.8309,2.8353,2.8299,2.8342,1746834.8
2025-07-13T13:55:00.000000Z,2.8342,2.8404,2.8342,2.8351,1159804.9
2025-07-13T13:56:00.000000Z,2.8352,2.8377,2.834,2.8365,753610.0
2025-07-13T13:57:00.000000Z,2.8365,2.8365,2.8327,2.8342,991489.8
2025-07-13T13:58:00.000000Z,2.8342,2.8354,2.8317,2.8351,722683.4
2025-07-13T13:59:00.000000Z,2.8351,2.8352,2.8309,2.832,593264.6
2025-07-13T14:00:00.000000Z,2.832,2.837,2.832,2.8355,1544052.2
2025-07-13T14:01:00.000000Z,2.8355,2.8387,2.8318,2.8324,901310.5
2025-07-13T14:02:00.000000Z,2.8324,2.8324,2.8248,2.8269,1731126.0
2025-07-13T14:03:00.000000Z,2.827,2.8319,2.826,2.8302,677327.6
2025-07-13T14:04:00.000000Z,2.8302,2.8312,2.827,2.8286,597265.8
2025-07-13T14:05:00.000000Z,2.8286,2.8379,2.8286,2.8349,610061.5
2025-07-13T14:06:00.000000Z,2.8349,2.8442,2.8343,2.8442,1443389.8
2025-07-13T14:07:00.000000Z,2.8443,2.8524,2.8378,2.8435,5129609.3
2025-07-13T14:08:00.000000Z,2.8435,2.8457,2.84,2.8457,1281158.5
2025-07-13T14:09:00.000000Z,2.8457,2.8509,2.8434,2.8457,2550438.0
2025-07-13T14:10:00.000000Z,2.8457,2.8462,2.8379,2.8453,1904107.4
2025-07-13T14:11:00.000000Z,2.8453,2.8486,2.8449,2.8466,1196618.0
2025-07-13T14:12:00.000000Z,2.8466,2.8473,2.8439,2.8457,849960.5
2025-07-13T14:13:00.000000Z,2.8457,2.846,2.8432,2.8437,926359.9
2025-07-13T14:14:00.000000Z,2.8437,2.8454,2.8416,2.842,891202.4
2025-07-13T14:15:00.000000Z,2.8421,2.8448,2.8394,2.8448,845790.6
2025-07-13T14:16:00.000000Z,2.8448,2.85,2.8447,2.8497,1328132.5
2025-07-13T14:17:00.000000Z,2.8498,2.8576,2.8483,2.8546,3132055.4
2025-07-13T14:18:00.000000Z,2.8545,2.87,2.854,2.863,5804352.6
2025-07-13T14:19:00.000000Z,2.8631,2.8908,2.8611,2.8903,10743879.8
2025-07-13T14:20:00.000000Z,2.8902,2.8939,2.8818,2.8913,7035201.7
2025-07-13T14:21:00.000000Z,2.8912,2.8927,2.8752,2.8886,6547645.6
2025-07-13T14:22:00.000000Z,2.8886,2.894,2.8786,2.8791,3922254.8
2025-07-13T14:23:00.000000Z,2.879,2.8874,2.8783,2.8796,3688985.8
2025-07-13T14:24:00.000000Z,2.8796,2.8876,2.8781,2.8854,2010999.5
2025-07-13T14:25:00.000000Z,2.8855,2.8855,2.87,2.8749,4596810.6
2025-07-13T14:26:00.000000Z,2.8749,2.8758,2.8694,2.8703,1586656.4
2025-07-13T14:27:00.000000Z,2.8703,2.8776,2.8699,2.8704,1399907.0
2025-07-13T14:28:00.000000Z,2.8704,2.8742,2.8668,2.8704,2380745.6
2025-07-13T14:29:00.000000Z,2.8704,2.8734,2.8691,2.8721,1293626.3
2025-07-13T14:30:00.000000Z,2.872,2.872,2.8587,2.8627,3134233.5
2025-07-13T14:31:00.000000Z,2.8627,2.8696,2.8622,2.8633,1468090.9
2025-07-13T14:32:00.000000Z,2.8633,2.864,2.8563,2.8624,2311297.7
2025-07-13T14:33:00.000000Z,2.8625,2.8626,2.8562,2.8589,1590229.8
2025-07-13T14:34:00.000000Z,2.8589,2.8626,2.8565,2.8573,1387641.4
2025-07-13T14:35:00.000000Z,2.8574,2.8579,2.8532,2.8551,1565302.0
2025-07-13T14:36:00.000000Z,2.8551,2.8572,2.8514,2.8559,1706429.6
2025-07-13T14:37:00.000000Z,2.8559,2.8615,2.8555,2.8615,1537475.3
2025-07-13T14:38:00.000000Z,2.8615,2.8618,2.8581,2.8587,849851.3
2025-07-13T14:39:00.000000Z,2.8586,2.8614,2.8569,2.8595,1331914.0
2025-07-13T14:40:00.000000Z,2.8593,2.8633,2.8571,2.8633,1045273.0
2025-07-13T14:41:00.000000Z,2.8633,2.8655,2.8612,2.8647,1198481.4
2025-07-13T14:42:00.000000Z,2.8646,2.8692,2.862,2.8654,1468226.2
2025-07-13T14:43:00.000000Z,2.8654,2.8694,2.8633,2.8677,1449118.0
2025-07-13T14:44:00.000000Z,2.8676,2.8677,2.8474,2.8504,4834440.5
2025-07-13T14:45:00.000000Z,2.8504,2.8556,2.8478,2.8549,3669941.0
2025-07-13T14:46:00.000000Z,2.8549,2.8669,2.8548,2.8604,3860561.3
2025-07-13T14:47:00.000000Z,2.8604,2.8608,2.85,2.85,2965753.0
2025-07-13T14:48:00.000000Z,2.85,2.8522,2.8402,2.8511,4608027.8
2025-07-13T14:49:00.000000Z,2.8511,2.8511,2.8453,2.8474,1306400.5
2025-07-13T14:50:00.000000Z,2.8473,2.8473,2.8298,2.8388,4706154.9
2025-07-13T14:51:00.000000Z,2.8388,2.8439,2.8373,2.8395,2063824.4
2025-07-13T14:52:00.000000Z,2.8395,2.8419,2.8324,2.8371,1862068.3
2025-07-13T14:53:00.000000Z,2.8373,2.8426,2.836,2.8426,1537861.8
2025-07-13T14:54:00.000000Z,2.8426,2.8468,2.8411,2.8462,1130135.3
2025-07-13T14:55:00.000000Z,2.8462,2.8469,2.8372,2.8406,3180464.9
2025-07-13T14:56:00.000000Z,2.8406,2.8462,2.8406,2.8447,1605520.0
2025-07-13T14:57:00.000000Z,2.8447,2.8458,2.8411,2.842,571253.9
2025-07-13T14:58:00.000000Z,2.8419,2.8435,2.8416,2.8416,336671.8
2025-07-13T14:59:00.000000Z,2.8416,2.8446,2.8416,2.8441,370376.6
2025-07-13T15:00:00.000000Z,2.8442,2.8505,2.8431,2.8475,1286257.0
2025-07-13T15:01:00.000000Z,2.8476,2.8543,2.8462,2.8528,1510872.4
2025-07-13T15:02:00.000000Z,2.8527,2.8586,2.8509,2.8582,1945825.1
2025-07-13T15:03:00.000000Z,2.8582,2.8598,2.8555,2.8555,888574.2
2025-07-13T15:04:00.000000Z,2.8555,2.8577,2.851,2.851,1161457.0
2025-07-13T15:05:00.000000Z,2.8511,2.8551,2.8458,2.855,1564619.4
2025-07-13T15:06:00.000000Z,2.8549,2.8591,2.8545,2.8557,1320717.3
2025-07-13T15:07:00.000000Z,2.8557,2.8616,2.8548,2.86,758970.8
2025-07-13T15:08:00.000000Z,2.8601,2.8641,2.8598,2.8637,1090948.9
2025-07-13T15:09:00.000000Z,2.8637,2.8688,2.8603,2.8662,3218500.5
2025-07-13T15:10:00.000000Z,2.8663,2.8674,2.8585,2.8606,1171948.5
2025-07-13T15:11:00.000000Z,2.8606,2.8679,2.8599,2.8674,1190300.7
2025-07-13T15:12:00.000000Z,2.8675,2.8679,2.8602,2.8663,878999.6
2025-07-13T15:13:00.000000Z,2.8664,2.868,2.8613,2.8638,1017430.0
2025-07-13T15:14:00.000000Z,2.8639,2.8641,2.8596,2.8602,932247.1
2025-07-13T15:15:00.000000Z,2.8602,2.8637,2.8596,2.863,827539.3
2025-07-13T15:16:00.000000Z,2.8631,2.868,2.8625,2.8654,1081035.5
2025-07-13T15:17:00.000000Z,2.8654,2.8677,2.862,2.8651,1801641.0
2025-07-13T15:18:00.000000Z,2.8652,2.8698,2.8643,2.8693,968997.5
2025-07-13T15:19:00.000000Z,2.8694,2.873,2.8676,2.8727,1105635.1
2025-07-13T15:20:00.000000Z,2.8727,2.8727,2.8667,2.8699,991580.5
2025-07-13T15:21:00.000000Z,2.87,2.87,2.8651,2.8651,754192.5
2025-07-13T15:22:00.000000Z,2.8652,2.8661,2.8567,2.8628,1795310.5
2025-07-13T15:23:00.000000Z,2.8627,2.8634,2.8574,2.8582,854551.8
2025-07-13T15:24:00.000000Z,2.8583,2.8596,2.8554,2.8571,1328558.8
2025-07-13T15:25:00.000000Z,2.8572,2.8572,2.8448,2.8491,2223679.9
2025-07-13T15:26:00.000000Z,2.8491,2.8549,2.8484,2.8528,859443.4
2025-07-13T15:27:00.000000Z,2.8528,2.854,2.8502,2.851,580948.4
2025-07-13T15:28:00.000000Z,2.851,2.8528,2.8506,2.8507,377488.7
2025-07-13T15:29:00.000000Z,2.8507,2.8534,2.8494,2.8495,1063090.1
2025-07-13T15:30:00.000000Z,2.8494,2.8495,2.8418,2.8428,2134180.3
2025-07-13T15:31:00.000000Z,2.8427,2.8428,2.8369,2.8418,2337135.3
2025-07-13T15:32:00.000000Z,2.8417,2.8445,2.8375,2.8394,1382454.7
2025-07-13T15:33:00.000000Z,2.8395,2.84,2.8341,2.8363,1671086.4
2025-07-13T15:34:00.000000Z,2.8363,2.838,2.8319,2.8337,1110372.6
2025-07-13T15:35:00.000000Z,2.8338,2.8389,2.8323,2.8352,992947.5
2025-07-13T15:36:00.000000Z,2.8352,2.8376,2.8327,2.8338,929385.9
2025-07-13T15:37:00.000000Z,2.8337,2.8351,2.8252,2.8292,3101931.3
2025-07-13T15:38:00.000000Z,2.8293,2.8293,2.81,2.8138,7532855.1
2025-07-13T15:39:00.000000Z,2.8137,2.8171,2.8077,2.8159,5594674.2
2025-07-13T15:40:00.000000Z,2.8159,2.8219,2.811,2.8186,2829770.8
2025-07-13T15:41:00.000000Z,2.8186,2.8249,2.8184,2.824,2057306.4
2025-07-13T15:42:00.000000Z,2.824,2.8302,2.8233,2.8282,1744097.0
2025-07-13T15:43:00.000000Z,2.8282,2.8307,2.8223,2.8225,1332576.0
2025-07-13T15:44:00.000000Z,2.8224,2.8299,2.8222,2.8291,1013741.6
2025-07-13T15:45:00.000000Z,2.8291,2.8291,2.8254,2.8254,637725.9
2025-07-13T15:46:00.000000Z,2.8253,2.8321,2.8223,2.829,1362155.2
2025-07-13T15:47:00.000000Z,2.8291,2.8325,2.8284,2.8296,1001052.2
2025-07-13T15:48:00.000000Z,2.8296,2.8326,2.8275,2.8308,969510.0
2025-07-13T15:49:00.000000Z,2.8308,2.8327,2.8291,2.8323,858691.1
2025-07-13T15:50:00.000000Z,2.8323,2.8352,2.8322,2.8333,633512.5
2025-07-13T15:51:00.000000Z,2.8334,2.8353,2.8328,2.8329,877958.4
2025-07-13T15:52:00.000000Z,2.8329,2.8348,2.83,2.8301,854901.0
2025-07-13T15:53:00.000000Z,2.8301,2.8309,2.8272,2.8272,1186387.5
2025-07-13T15:54:00.000000Z,2.8273,2.8312,2.8269,2.8305,1167126.2
2025-07-13T15:55:00.000000Z,2.8304,2.8308,2.8266,2.8282,735988.6
2025-07-13T15:56:00.000000Z,2.8282,2.8337,2.8278,2.8325,1297792.7
2025-07-13T15:57:00.000000Z,2.8325,2.835,2.8322,2.835,671025.1
2025-07-13T15:58:00.000000Z,2.8349,2.8377,2.8338,2.8366,733824.2
2025-07-13T15:59:00.000000Z,2.8365,2.8418,2.8361,2.8377,2698136.3
2025-07-13T16:00:00.000000Z,2.8377,2.841,2.836,2.8362,769136.8
2025-07-13T16:01:00.000000Z,2.8362,2.8362,2.8266,2.8314,2667519.1
2025-07-13T16:02:00.000000Z,2.8313,2.8378,2.8301,2.8367,897083.1
2025-07-13T16:03:00.000000Z,2.8367,2.8446,2.8351,2.8437,965897.3
2025-07-13T16:04:00.000000Z,2.8438,2.847,2.8437,2.8467,1299388.5
2025-07-13T16:05:00.000000Z,2.8467,2.847,2.8433,2.8464,875008.1
2025-07-13T16:06:00.000000Z,2.8463,2.8485,2.8461,2.8477,717755.3
2025-07-13T16:07:00.000000Z,2.8477,2.8512,2.8463,2.8503,1360386.3
2025-07-13T16:08:00.000000Z,2.8504,2.8518,2.8462,2.8473,821634.0
2025-07-13T16:09:00.000000Z,2.8472,2.85,2.846,2.8486,667115.5
2025-07-13T16:10:00.000000Z,2.8485,2.8503,2.8415,2.8415,1153606.6
2025-07-13T16:11:00.000000Z,2.8414,2.8429,2.834,2.8341,2275297.4
2025-07-13T16:12:00.000000Z,2.834,2.8377,2.8306,2.8319,1683287.8
2025-07-13T16:13:00.000000Z,2.832,2.8349,2.8303,2.8344,782822.5
2025-07-13T16:14:00.000000Z,2.8343,2.8373,2.8343,2.8365,569699.7
2025-07-13T16:15:00.000000Z,2.8364,2.8376,2.834,2.8359,809365.2
2025-07-13T16:16:00.000000Z,2.8358,2.8388,2.8316,2.833,701794.7
2025-07-13T16:17:00.000000Z,2.8329,2.8344,2.8285,2.8343,826551.2
2025-07-13T16:18:00.000000Z,2.8343,2.8429,2.8339,2.8426,606442.7
2025-07-13T16:19:00.000000Z,2.8427,2.8429,2.8386,2.8388,579172.4
2025-07-13T16:20:00.000000Z,2.8388,2.8396,2.8354,2.8385,816870.7
2025-07-13T16:21:00.000000Z,2.8385,2.8416,2.8372,2.8413,601523.7
2025-07-13T16:22:00.000000Z,2.8414,2.8496,2.8414,2.8446,2839801.8
2025-07-13T16:23:00.000000Z,2.8446,2.8447,2.8375,2.8386,1300530.5
2025-07-13T16:24:00.000000Z,2.8387,2.841,2.8375,2.8387,571856.5
2025-07-13T16:25:00.000000Z,2.8388,2.8458,2.8388,2.8435,581300.4
2025-07-13T16:26:00.000000Z,2.8434,2.8443,2.8401,2.8409,462194.1
2025-07-13T16:27:00.000000Z,2.841,2.8445,2.8407,2.8419,451558.6
2025-07-13T16:28:00.000000Z,2.8418,2.843,2.8386,2.8428,892081.9
2025-07-13T16:29:00.000000Z,2.8427,2.8428,2.8395,2.8395,390232.2
2025-07-13T16:30:00.000000Z,2.8394,2.8411,2.8376,2.8384,673677.6
2025-07-13T16:31:00.000000Z,2.8383,2.8408,2.8376,2.8394,445028.9
2025-07-13T16:32:00.000000Z,2.8395,2.8416,2.8357,2.8403,698682.7
2025-07-13T16:33:00.000000Z,2.8403,2.8417,2.8374,2.8375,328402.4
2025-07-13T16:34:00.000000Z,2.8375,2.8412,2.8375,2.8402,287282.7
2025-07-13T16:35:00.000000Z,2.8403,2.8403,2.8345,2.8372,1364119.4
2025-07-13T16:36:00.000000Z,2.8372,2.8375,2.8328,2.8363,584890.9
2025-07-13T16:37:00.000000Z,2.8361,2.8379,2.8342,2.8369,321949.7
2025-07-13T16:38:00.000000Z,2.8369,2.8397,2.8369,2.8387,261909.7
2025-07-13T16:39:00.000000Z,2.8387,2.8398,2.8379,2.839,187962.2
2025-07-13T16:40:00.000000Z,2.839,2.8391,2.8362,2.8365,263916.5
2025-07-13T16:41:00.000000Z,2.8366,2.8378,2.8329,2.8362,634684.6
2025-07-13T16:42:00.000000Z,2.8362,2.8363,2.8316,2.8324,348287.0
2025-07-13T16:43:00.000000Z,2.8324,2.837,2.8324,2.8362,321293.8
2025-07-13T16:44:00.000000Z,2.8363,2.8387,2.8353,2.8374,314541.7
2025-07-13T16:45:00.000000Z,2.8375,2.8381,2.8287,2.8324,996897.9
2025-07-13T16:46:00.000000Z,2.8324,2.836,2.8301,2.8316,364007.9
2025-07-13T16:47:00.000000Z,2.8315,2.8315,2.8278,2.8293,591454.5
2025-07-13T16:48:00.000000Z,2.8293,2.8295,2.8251,2.8259,1148568.3
2025-07-13T16:49:00.000000Z,2.8258,2.8296,2.8249,2.8277,801000.9
2025-07-13T16:50:00.000000Z,2.8278,2.8278,2.823,2.8265,812432.4
2025-07-13T16:51:00.000000Z,2.8265,2.8284,2.8197,2.8201,2105555.7
2025-07-13T16:52:00.000000Z,2.8201,2.8202,2.8114,2.817,3251964.2
2025-07-13T16:53:00.000000Z,2.8171,2.8216,2.8142,2.8187,1360575.5
2025-07-13T16:54:00.000000Z,2.8188,2.8232,2.8188,2.8221,1455030.2
2025-07-13T16:55:00.000000Z,2.822,2.8246,2.8218,2.8237,576419.4
2025-07-13T16:56:00.000000Z,2.8236,2.8267,2.8231,2.8252,900568.5
2025-07-13T16:57:00.000000Z,2.8252,2.8302,2.8251,2.8262,662415.8
2025-07-13T16:58:00.000000Z,2.8261,2.8275,2.8232,2.8246,389002.9
2025-07-13T16:59:00.000000Z,2.8245,2.8257,2.8227,2.8234,435556.8
2025-07-13T17:00:00.000000Z,2.8234,2.8242,2.817,2.8174,868261.5
2025-07-13T17:01:00.000000Z,2.8173,2.8189,2.8118,2.8189,2157703.1
2025-07-13T17:02:00.000000Z,2.819,2.827,2.817,2.827,1049297.3
2025-07-13T17:03:00.000000Z,2.827,2.8292,2.8215,2.8215,813993.4
2025-07-13T17:04:00.000000Z,2.8214,2.8232,2.8165,2.8167,1124988.5
2025-07-13T17:05:00.000000Z,2.8167,2.8243,2.8167,2.8187,902547.4
2025-07-13T17:06:00.000000Z,2.8188,2.8194,2.8129,2.8169,837915.0
2025-07-13T17:07:00.000000Z,2.817,2.8194,2.8115,2.8131,1408558.8
2025-07-13T17:08:00.000000Z,2.8132,2.82,2.8131,2.8196,892966.7
2025-07-13T17:09:00.000000Z,2.8195,2.8231,2.8182,2.8225,2207528.0
2025-07-13T17:10:00.000000Z,2.8225,2.8234,2.8164,2.8229,882245.4
2025-07-13T17:11:00.000000Z,2.8229,2.8233,2.8188,2.8208,494867.6
2025-07-13T17:12:00.000000Z,2.8208,2.8208,2.8167,2.8186,298553.7
2025-07-13T17:13:00.000000Z,2.8186,2.8205,2.8175,2.8205,405013.6
2025-07-13T17:14:00.000000Z,2.8204,2.821,2.8167,2.8209,364377.8
2025-07-13T17:15:00.000000Z,2.8208,2.8256,2.8201,2.8212,452091.0
2025-07-13T17:16:00.000000Z,2.8213,2.8247,2.8203,2.8215,352883.7
2025-07-13T17:17:00.000000Z,2.8214,2.8215,2.813,2.8181,739228.5
2025-07-13T17:18:00.000000Z,2.818,2.8229,2.8171,2.8221,553320.6
2025-07-13T17:19:00.000000Z,2.822,2.8247,2.8189,2.8217,369383.9
2025-07-13T17:20:00.000000Z,2.8217,2.829,2.821,2.8258,620342.9
2025-07-13T17:21:00.000000Z,2.8258,2.83,2.8251,2.8283,920990.3
2025-07-13T17:22:00.000000Z,2.8284,2.8284,2.8236,2.8278,399095.1
2025-07-13T17:23:00.000000Z,2.8278,2.8294,2.8262,2.8269,304088.7
2025-07-13T17:24:00.000000Z,2.8268,2.8294,2.8258,2.8265,463003.2
2025-07-13T17:25:00.000000Z,2.8265,2.8291,2.8265,2.8269,268077.2
2025-07-13T17:26:00.000000Z,2.8268,2.8294,2.8268,2.8291,688203.1
2025-07-13T17:27:00.000000Z,2.8292,2.8317,2.8284,2.8312,901430.9
2025-07-13T17:28:00.000000Z,2.8313,2.8315,2.8279,2.8296,349228.1
2025-07-13T17:29:00.000000Z,2.8295,2.8306,2.8287,2.8295,254012.5
2025-07-13T17:30:00.000000Z,2.8295,2.8328,2.8279,2.8303,813108.5
2025-07-13T17:31:00.000000Z,2.8302,2.834,2.8297,2.834,699667.9
2025-07-13T17:32:00.000000Z,2.8339,2.8414,2.8329,2.8386,2056179.0
2025-07-13T17:33:00.000000Z,2.8386,2.8428,2.8377,2.8392,1375448.5
2025-07-13T17:34:00.000000Z,2.8393,2.8428,2.8392,2.8413,582515.4
2025-07-13T17:35:00.000000Z,2.8413,2.843,2.8405,2.8421,600451.6
2025-07-13T17:36:00.000000Z,2.8421,2.8455,2.8413,2.8445,741035.8
2025-07-13T17:37:00.000000Z,2.8445,2.846,2.8402,2.8449,1282654.5
2025-07-13T17:38:00.000000Z,2.8449,2.8449,2.8411,2.844,430813.1
2025-07-13T17:39:00.000000Z,2.8439,2.8472,2.8435,2.8465,561864.2
2025-07-13T17:40:00.000000Z,2.8466,2.8484,2.841,2.8423,860435.8
2025-07-13T17:41:00.000000Z,2.8423,2.8451,2.8423,2.8448,309398.6
2025-07-13T17:42:00.000000Z,2.8447,2.8448,2.8421,2.8423,256891.8
2025-07-13T17:43:00.000000Z,2.8424,2.8442,2.8413,2.8433,367432.4
2025-07-13T17:44:00.000000Z,2.8433,2.8448,2.8416,2.8421,471817.2
2025-07-13T17:45:00.000000Z,2.8422,2.8469,2.8404,2.845,735863.4
2025-07-13T17:46:00.000000Z,2.8451,2.8462,2.8443,2.8459,315704.2
2025-07-13T17:47:00.000000Z,2.8458,2.8477,2.8435,2.8474,841065.6
2025-07-13T17:48:00.000000Z,2.8475,2.8475,2.8442,2.8467,631319.6
2025-07-13T17:49:00.000000Z,2.8467,2.8504,2.8467,2.8468,613492.0
2025-07-13T17:50:00.000000Z,2.8469,2.8496,2.8433,2.8496,795248.5
2025-07-13T17:51:00.000000Z,2.8496,2.8503,2.8468,2.8502,776084.3
2025-07-13T17:52:00.000000Z,2.8502,2.8525,2.8489,2.8517,1007476.9
2025-07-13T17:53:00.000000Z,2.8517,2.8547,2.8511,2.8542,703783.8
2025-07-13T17:54:00.000000Z,2.8542,2.855,2.8501,2.8549,806517.6
2025-07-13T17:55:00.000000Z,2.855,2.8586,2.8548,2.8581,819893.0
2025-07-13T17:56:00.000000Z,2.8581,2.8591,2.8552,2.857,1055810.8
2025-07-13T17:57:00.000000Z,2.857,2.8586,2.8554,2.858,648644.9
2025-07-13T17:58:00.000000Z,2.8581,2.8599,2.8563,2.8597,972408.7
2025-07-13T17:59:00.000000Z,2.8597,2.863,2.8571,2.8599,1292561.0
2025-07-13T18:00:00.000000Z,2.8599,2.8633,2.8552,2.8552,2016651.6
2025-07-13T18:01:00.000000Z,2.8552,2.8563,2.851,2.8548,1672675.6
2025-07-13T18:02:00.000000Z,2.8549,2.8595,2.8533,2.8558,892269.4
2025-07-13T18:03:00.000000Z,2.8557,2.8645,2.8557,2.8641,719696.0
2025-07-13T18:04:00.000000Z,2.864,2.8641,2.856,2.8567,1076143.2
2025-07-13T18:05:00.000000Z,2.8567,2.8598,2.8555,2.8578,794805.7
2025-07-13T18:06:00.000000Z,2.8579,2.861,2.8578,2.8598,596762.2
2025-07-13T18:07:00.000000Z,2.8597,2.8625,2.8576,2.8615,768209.4
2025-07-13T18:08:00.000000Z,2.8615,2.8649,2.8597,2.8648,659725.3
2025-07-13T18:09:00.000000Z,2.8649,2.8649,2.8599,2.8599,525707.4
2025-07-13T18:10:00.000000Z,2.8599,2.861,2.8541,2.8595,893113.5
2025-07-13T18:11:00.000000Z,2.8594,2.8594,2.85,2.8571,1640021.2
2025-07-13T18:12:00.000000Z,2.8572,2.8575,2.8529,2.8536,592440.4
2025-07-13T18:13:00.000000Z,2.8536,2.8564,2.8536,2.8547,314056.8
2025-07-13T18:14:00.000000Z,2.8548,2.857,2.8536,2.8568,479399.6
2025-07-13T18:15:00.000000Z,2.8567,2.8568,2.848,2.8512,2233980.0
2025-07-13T18:16:00.000000Z,2.8512,2.8583,2.8512,2.855,839380.7
2025-07-13T18:17:00.000000Z,2.855,2.8585,2.8535,2.8585,647058.2
2025-07-13T18:18:00.000000Z,2.8585,2.86,2.8576,2.8592,511228.1
2025-07-13T18:19:00.000000Z,2.8593,2.861,2.8585,2.861,263061.1
2025-07-13T18:20:00.000000Z,2.861,2.8641,2.8593,2.8641,511535.8
2025-07-13T18:21:00.000000Z,2.8641,2.8641,2.8606,2.8613,405168.1
2025-07-13T18:22:00.000000Z,2.8613,2.8647,2.8602,2.8626,1025457.4
2025-07-13T18:23:00.000000Z,2.8626,2.863,2.8591,2.8594,450664.5
2025-07-13T18:24:00.000000Z,2.8595,2.8613,2.8582,2.8584,283724.0
2025-07-13T18:25:00.000000Z,2.8584,2.862,2.8567,2.8614,445198.5
2025-07-13T18:26:00.000000Z,2.8614,2.862,2.8587,2.8596,333681.4
2025-07-13T18:27:00.000000Z,2.8597,2.8645,2.8597,2.8629,412291.1
2025-07-13T18:28:00.000000Z,2.8629,2.8644,2.8625,2.8634,539395.1
2025-07-13T18:29:00.000000Z,2.8634,2.8661,2.8632,2.8655,545086.7
2025-07-13T18:30:00.000000Z,2.8655,2.8696,2.8637,2.8695,647008.8
2025-07-13T18:31:00.000000Z,2.8695,2.8726,2.8672,2.8682,1563078.3
2025-07-13T18:32:00.000000Z,2.8682,2.8682,2.8633,2.8641,459504.3
2025-07-13T18:33:00.000000Z,2.8641,2.8668,2.8602,2.8611,653955.3
2025-07-13T18:34:00.000000Z,2.8611,2.8673,2.8611,2.8663,403903.3
2025-07-13T18:35:00.000000Z,2.8664,2.8679,2.8657,2.8661,400396.3
2025-07-13T18:36:00.000000Z,2.8661,2.8714,2.866,2.8714,602636.3
2025-07-13T18:37:00.000000Z,2.8713,2.8763,2.8711,2.8732,1556935.8
2025-07-13T18:38:00.000000Z,2.8732,2.8733,2.8698,2.8712,1315715.0
2025-07-13T18:39:00.000000Z,2.8712,2.8723,2.8679,2.8715,705325.8
2025-07-13T18:40:00.000000Z,2.8714,2.8718,2.8674,2.8688,796159.9
2025-07-13T18:41:00.000000Z,2.8687,2.8714,2.8677,2.87,641235.2
2025-07-13T18:42:00.000000Z,2.87,2.8732,2.8686,2.8706,1081095.2
2025-07-13T18:43:00.000000Z,2.8706,2.8747,2.8705,2.8713,760771.5
2025-07-13T18:44:00.000000Z,2.8713,2.873,2.8707,2.8728,241957.4
2025-07-13T18:45:00.000000Z,2.8728,2.8742,2.8671,2.8694,1414931.2
2025-07-13T18:46:00.000000Z,2.8694,2.87,2.8667,2.868,557210.2
2025-07-13T18:47:00.000000Z,2.8679,2.873,2.8668,2.8719,927833.3
2025-07-13T18:48:00.000000Z,2.8719,2.8757,2.8714,2.8753,939458.9
2025-07-13T18:49:00.000000Z,2.8752,2.8763,2.8704,2.8737,472137.0
2025-07-13T18:50:00.000000Z,2.8737,2.8774,2.8722,2.8764,1033042.5
2025-07-13T18:51:00.000000Z,2.8765,2.88,2.875,2.8783,850302.7
2025-07-13T18:52:00.000000Z,2.8782,2.8824,2.8777,2.8809,2247762.9
2025-07-13T18:53:00.000000Z,2.8809,2.8824,2.8769,2.8798,1161592.3
2025-07-13T18:54:00.000000Z,2.8798,2.8798,2.8661,2.8686,1958697.0
2025-07-13T18:55:00.000000Z,2.8686,2.8693,2.8617,2.8624,1968707.2
2025-07-13T18:56:00.000000Z,2.8623,2.8664,2.862,2.8657,1029917.6
2025-07-13T18:57:00.000000Z,2.8657,2.868,2.8645,2.8646,748147.9
2025-07-13T18:58:00.000000Z,2.8646,2.8649,2.8627,2.863,493060.0
2025-07-13T18:59:00.000000Z,2.863,2.8634,2.8602,2.8604,1184380.5
2025-07-13T19:00:00.000000Z,2.8605,2.8615,2.8578,2.8603,1503818.2
2025-07-13T19:01:00.000000Z,2.8603,2.8603,2.855,2.8558,1050510.3
2025-07-13T19:02:00.000000Z,2.8557,2.856,2.8522,2.8552,877031.9
2025-07-13T19:03:00.000000Z,2.8552,2.8574,2.8548,2.8572,639625.6
2025-07-13T19:04:00.000000Z,2.8572,2.8596,2.857,2.8577,888215.8
2025-07-13T19:05:00.000000Z,2.8577,2.8606,2.8574,2.8585,545773.4
2025-07-13T19:06:00.000000Z,2.8585,2.8585,2.8544,2.8571,567958.5
2025-07-13T19:07:00.000000Z,2.857,2.8599,2.8557,2.858,373873.7
2025-07-13T19:08:00.000000Z,2.858,2.8604,2.8575,2.8581,374373.3
2025-07-13T19:09:00.000000Z,2.8581,2.864,2.8578,2.8629,508275.3
2025-07-13T19:10:00.000000Z,2.8629,2.8639,2.8602,2.8639,512195.4
2025-07-13T19:11:00.000000Z,2.864,2.8662,2.8629,2.8658,852631.8
2025-07-13T19:12:00.000000Z,2.8658,2.8669,2.8655,2.8655,216644.6
2025-07-13T19:13:00.000000Z,2.8656,2.8656,2.8631,2.8645,263661.3
2025-07-13T19:14:00.000000Z,2.8644,2.8661,2.8637,2.8643,427973.0
2025-07-13T19:15:00.000000Z,2.8644,2.8644,2.8615,2.8615,674338.0
2025-07-13T19:16:00.000000Z,2.8615,2.8626,2.86,2.861,365986.7
2025-07-13T19:17:00.000000Z,2.8611,2.8615,2.8545,2.856,671221.7
2025-07-13T19:18:00.000000Z,2.8561,2.8594,2.8558,2.8581,751569.0
2025-07-13T19:19:00.000000Z,2.8582,2.8602,2.8577,2.859,193069.1
2025-07-13T19:20:00.000000Z,2.859,2.8632,2.859,2.8605,656735.4
2025-07-13T19:21:00.000000Z,2.8604,2.8634,2.859,2.8622,358814.7
2025-07-13T19:22:00.000000Z,2.8622,2.865,2.861,2.8618,733144.0
2025-07-13T19:23:00.000000Z,2.8618,2.8634,2.86,2.8629,458279.3
2025-07-13T19:24:00.000000Z,2.8629,2.8632,2.8597,2.8614,608815.0
2025-07-13T19:25:00.000000Z,2.8614,2.8623,2.86,2.8619,561142.6
2025-07-13T19:26:00.000000Z,2.8619,2.8639,2.859,2.8596,806971.6
2025-07-13T19:27:00.000000Z,2.8595,2.8624,2.8582,2.8612,819058.8
2025-07-13T19:28:00.000000Z,2.8612,2.8658,2.8611,2.8655,564323.1
2025-07-13T19:29:00.000000Z,2.8656,2.8656,2.8632,2.864,423265.2
2025-07-13T19:30:00.000000Z,2.864,2.8659,2.8633,2.8639,506515.3
2025-07-13T19:31:00.000000Z,2.8639,2.8694,2.8639,2.869,749976.7
2025-07-13T19:32:00.000000Z,2.869,2.8752,2.869,2.8703,2165630.6
2025-07-13T19:33:00.000000Z,2.8703,2.872,2.8682,2.8689,571169.7
2025-07-13T19:34:00.000000Z,2.8689,2.869,2.862,2.862,448202.6
2025-07-13T19:35:00.000000Z,2.8619,2.8637,2.86,2.8614,837848.6
2025-07-13T19:36:00.000000Z,2.8614,2.8636,2.8585,2.8636,610299.1
2025-07-13T19:37:00.000000Z,2.8636,2.8667,2.8621,2.8628,450671.2
2025-07-13T19:38:00.000000Z,2.8629,2.8631,2.8586,2.8597,444555.5
2025-07-13T19:39:00.000000Z,2.8597,2.8612,2.8589,2.8592,142945.9
2025-07-13T19:40:00.000000Z,2.8591,2.8611,2.8571,2.859,1098194.0
2025-07-13T19:41:00.000000Z,2.859,2.8595,2.857,2.8572,289407.5
2025-07-13T19:42:00.000000Z,2.8572,2.8579,2.856,2.8561,250660.1
2025-07-13T19:43:00.000000Z,2.8562,2.8563,2.8526,2.8548,757927.0
2025-07-13T19:44:00.000000Z,2.8547,2.8556,2.8531,2.8555,383785.0
2025-07-13T19:45:00.000000Z,2.8556,2.8574,2.8521,2.8522,534631.9
2025-07-13T19:46:00.000000Z,2.8522,2.8539,2.8506,2.8521,757126.9
2025-07-13T19:47:00.000000Z,2.8522,2.8561,2.8521,2.8561,424229.5
2025-07-13T19:48:00.000000Z,2.856,2.8592,2.856,2.8575,567461.0
2025-07-13T19:49:00.000000Z,2.8574,2.8577,2.8529,2.8572,416530.0
2025-07-13T19:50:00.000000Z,2.8572,2.859,2.8564,2.8576,255289.6
2025-07-13T19:51:00.000000Z,2.8575,2.8575,2.8544,2.8564,308709.2
2025-07-13T19:52:00.000000Z,2.8563,2.8569,2.8555,2.8567,199649.5
2025-07-13T19:53:00.000000Z,2.8567,2.8568,2.854,2.8553,274647.8
2025-07-13T19:54:00.000000Z,2.8552,2.8566,2.852,2.8532,382601.4
2025-07-13T19:55:00.000000Z,2.8533,2.8557,2.8532,2.8557,365181.6
2025-07-13T19:56:00.000000Z,2.8557,2.8568,2.8546,2.855,335197.7
2025-07-13T19:57:00.000000Z,2.8549,2.8562,2.8535,2.8548,254478.7
2025-07-13T19:58:00.000000Z,2.8548,2.856,2.8517,2.8524,307789.0
2025-07-13T19:59:00.000000Z,2.8524,2.8524,2.8434,2.8454,1745605.6
2025-07-13T20:00:00.000000Z,2.8455,2.8487,2.8438,2.8445,588958.5
2025-07-13T20:01:00.000000Z,2.8445,2.8445,2.833,2.8414,2406830.0
2025-07-13T20:02:00.000000Z,2.8415,2.845,2.8409,2.8442,620073.1
2025-07-13T20:03:00.000000Z,2.8442,2.8442,2.8399,2.8403,450186.0
2025-07-13T20:04:00.000000Z,2.8404,2.8418,2.8331,2.8338,1161238.0
2025-07-13T20:05:00.000000Z,2.8338,2.838,2.8333,2.8375,1049540.8
2025-07-13T20:06:00.000000Z,2.8376,2.8404,2.8353,2.837,562452.0
2025-07-13T20:07:00.000000Z,2.837,2.8421,2.837,2.8415,349851.9
2025-07-13T20:08:00.000000Z,2.8414,2.8434,2.8392,2.8407,326468.2
2025-07-13T20:09:00.000000Z,2.8407,2.8441,2.8407,2.8441,323101.2
2025-07-13T20:10:00.000000Z,2.844,2.8464,2.8438,2.8464,405774.8
2025-07-13T20:11:00.000000Z,2.8464,2.8468,2.8436,2.8438,238901.3
2025-07-13T20:12:00.000000Z,2.8438,2.8458,2.8425,2.8452,479400.0
2025-07-13T20:13:00.000000Z,2.8451,2.8465,2.8423,2.8446,324757.4
2025-07-13T20:14:00.000000Z,2.8445,2.8449,2.8417,2.8436,222023.7
2025-07-13T20:15:00.000000Z,2.8436,2.8478,2.8436,2.8475,318479.6
2025-07-13T20:16:00.000000Z,2.8474,2.8488,2.8455,2.8487,958956.0
2025-07-13T20:17:00.000000Z,2.8487,2.8525,2.848,2.8524,677851.6
2025-07-13T20:18:00.000000Z,2.8523,2.8548,2.8518,2.8548,441763.9
2025-07-13T20:19:00.000000Z,2.8548,2.858,2.8538,2.8539,778685.7
2025-07-13T20:20:00.000000Z,2.8538,2.8553,2.8519,2.854,563691.2
2025-07-13T20:21:00.000000Z,2.8539,2.8576,2.8529,2.8564,342760.6
2025-07-13T20:22:00.000000Z,2.8563,2.8564,2.8522,2.8532,531579.0
2025-07-13T20:23:00.000000Z,2.8531,2.8568,2.8531,2.8557,371566.7
2025-07-13T20:24:00.000000Z,2.8557,2.8558,2.854,2.855,243466.8
2025-07-13T20:25:00.000000Z,2.8549,2.855,2.8517,2.8534,202433.6
2025-07-13T20:26:00.000000Z,2.8534,2.8561,2.8518,2.8523,424985.2
2025-07-13T20:27:00.000000Z,2.8522,2.8545,2.8522,2.8538,233894.0
2025-07-13T20:28:00.000000Z,2.8537,2.8592,2.8536,2.8585,397377.4
2025-07-13T20:29:00.000000Z,2.8585,2.8588,2.8574,2.858,190759.6
2025-07-13T20:30:00.000000Z,2.8579,2.8584,2.8565,2.857,287425.2
2025-07-13T20:31:00.000000Z,2.857,2.8616,2.857,2.8613,732101.9
2025-07-13T20:32:00.000000Z,2.8612,2.8645,2.8601,2.8619,1048214.5
2025-07-13T20:33:00.000000Z,2.8619,2.8634,2.8601,2.8607,357841.0
2025-07-13T20:34:00.000000Z,2.8607,2.8621,2.8598,2.8609,322207.5
2025-07-13T20:35:00.000000Z,2.8608,2.8608,2.8569,2.8591,308382.1
2025-07-13T20:36:00.000000Z,2.8591,2.8605,2.8565,2.859,690516.1
2025-07-13T20:37:00.000000Z,2.8591,2.8605,2.8586,2.8601,281252.1
2025-07-13T20:38:00.000000Z,2.86,2.86,2.8565,2.8565,216073.6
2025-07-13T20:39:00.000000Z,2.8565,2.8565,2.8518,2.8544,543127.8
2025-07-13T20:40:00.000000Z,2.8543,2.856,2.8503,2.8559,741409.9
2025-07-13T20:41:00.000000Z,2.8559,2.8563,2.8541,2.8541,178999.8
2025-07-13T20:42:00.000000Z,2.854,2.8541,2.852,2.8536,390436.3
2025-07-13T20:43:00.000000Z,2.8535,2.8538,2.8504,2.8525,492325.6
2025-07-13T20:44:00.000000Z,2.8525,2.8544,2.8494,2.8541,744381.5
2025-07-13T20:45:00.000000Z,2.8541,2.8582,2.8532,2.8564,579301.0
2025-07-13T20:46:00.000000Z,2.8563,2.8563,2.8534,2.8544,243188.9
2025-07-13T20:47:00.000000Z,2.8543,2.8548,2.8482,2.8501,452094.1
2025-07-13T20:48:00.000000Z,2.8502,2.852,2.85,2.8514,178700.3
2025-07-13T20:49:00.000000Z,2.8513,2.8546,2.8506,2.8511,242935.0
2025-07-13T20:50:00.000000Z,2.8511,2.8511,2.8494,2.8498,257280.3
2025-07-13T20:51:00.000000Z,2.8497,2.8534,2.848,2.8534,348714.5
2025-07-13T20:52:00.000000Z,2.8534,2.8534,2.8508,2.8522,205626.6
2025-07-13T20:53:00.000000Z,2.8521,2.853,2.8516,2.8529,94373.8
2025-07-13T20:54:00.000000Z,2.853,2.8552,2.8525,2.8551,228900.2
2025-07-13T20:55:00.000000Z,2.855,2.855,2.8488,2.8509,376969.9
2025-07-13T20:56:00.000000Z,2.8508,2.8526,2.8498,2.8516,268777.1
2025-07-13T20:57:00.000000Z,2.8515,2.8546,2.8498,2.8504,363901.6
2025-07-13T20:58:00.000000Z,2.8503,2.8503,2.8485,2.8485,227660.4
2025-07-13T20:59:00.000000Z,2.8485,2.8495,2.8477,2.8488,286117.3
2025-07-13T21:00:00.000000Z,2.8487,2.8488,2.8451,2.8452,402529.4
2025-07-13T21:01:00.000000Z,2.8452,2.8454,2.8426,2.8427,488189.9
2025-07-13T21:02:00.000000Z,2.8426,2.8448,2.8418,2.8421,244266.6
2025-07-13T21:03:00.000000Z,2.842,2.849,2.842,2.8469,412034.7
2025-07-13T21:04:00.000000Z,2.8469,2.8496,2.8469,2.8479,276743.0
2025-07-13T21:05:00.000000Z,2.8479,2.848,2.8424,2.8424,276999.3
2025-07-13T21:06:00.000000Z,2.8423,2.8435,2.8409,2.8409,618226.3
2025-07-13T21:07:00.000000Z,2.841,2.8431,2.8369,2.8409,1115186.0
2025-07-13T21:08:00.000000Z,2.8409,2.843,2.8406,2.8407,237717.4
2025-07-13T21:09:00.000000Z,2.8406,2.8451,2.8404,2.8451,443640.2
2025-07-13T21:10:00.000000Z,2.845,2.846,2.8436,2.8448,293610.3
2025-07-13T21:11:00.000000Z,2.8447,2.8448,2.8392,2.8394,373426.3
2025-07-13T21:12:00.000000Z,2.8394,2.8406,2.8371,2.8371,447594.7
2025-07-13T21:13:00.000000Z,2.8371,2.8393,2.836,2.8361,526528.2
2025-07-13T21:14:00.000000Z,2.836,2.8361,2.8308,2.833,1077471.5
2025-07-13T21:15:00.000000Z,2.8331,2.8338,2.8316,2.8338,385686.0
2025-07-13T21:16:00.000000Z,2.8338,2.8384,2.8338,2.834,646496.4
2025-07-13T21:17:00.000000Z,2.8341,2.8394,2.8332,2.8383,566200.4
2025-07-13T21:18:00.000000Z,2.8383,2.8396,2.8374,2.8374,257913.7
2025-07-13T21:19:00.000000Z,2.8374,2.8404,2.8374,2.8403,341622.8
2025-07-13T21:20:00.000000Z,2.8402,2.8422,2.8382,2.8389,464404.5
2025-07-13T21:21:00.000000Z,2.8389,2.8411,2.8388,2.8405,200101.2
2025-07-13T21:22:00.000000Z,2.8405,2.8413,2.8374,2.8378,327049.3
2025-07-13T21:23:00.000000Z,2.8378,2.8393,2.8364,2.837,267290.1
2025-07-13T21:24:00.000000Z,2.837,2.8391,2.8369,2.8388,200737.3
2025-07-13T21:25:00.000000Z,2.8388,2.8399,2.8361,2.8372,280788.2
2025-07-13T21:26:00.000000Z,2.8372,2.8393,2.8369,2.839,364434.2
2025-07-13T21:27:00.000000Z,2.8389,2.8398,2.8372,2.8385,197615.2
2025-07-13T21:28:00.000000Z,2.8385,2.8411,2.8374,2.841,205569.1
2025-07-13T21:29:00.000000Z,2.841,2.8429,2.8402,2.8423,271594.7
2025-07-13T21:30:00.000000Z,2.8423,2.843,2.8401,2.8406,416767.3
2025-07-13T21:31:00.000000Z,2.8407,2.8428,2.8407,2.8414,137557.8
2025-07-13T21:32:00.000000Z,2.8414,2.8425,2.8408,2.8422,234648.8
2025-07-13T21:33:00.000000Z,2.8421,2.843,2.8378,2.8387,337947.5
2025-07-13T21:34:00.000000Z,2.8386,2.8392,2.8317,2.8326,642975.8
2025-07-13T21:35:00.000000Z,2.8326,2.8346,2.8311,2.8316,585309.1
2025-07-13T21:36:00.000000Z,2.8317,2.8319,2.8223,2.8226,2643025.5
2025-07-13T21:37:00.000000Z,2.8225,2.8233,2.8075,2.8131,6249975.4
2025-07-13T21:38:00.000000Z,2.8133,2.814,2.7603,2.775,23177818.1
2025-07-13T21:39:00.000000Z,2.7749,2.7938,2.77,2.7935,6686326.4
2025-07-13T21:40:00.000000Z,2.7935,2.7935,2.7835,2.7897,2384069.4
2025-07-13T21:41:00.000000Z,2.7897,2.7962,2.787,2.796,1742099.2
2025-07-13T21:42:00.000000Z,2.796,2.7985,2.7935,2.7966,1172744.9
2025-07-13T21:43:00.000000Z,2.7966,2.7972,2.7945,2.7946,774397.4
2025-07-13T21:44:00.000000Z,2.7946,2.8,2.7945,2.8,739765.9
2025-07-13T21:45:00.000000Z,2.8,2.8053,2.7981,2.803,1796618.0
2025-07-13T21:46:00.000000Z,2.8031,2.8055,2.8029,2.8035,612215.8
2025-07-13T21:47:00.000000Z,2.8036,2.8071,2.8035,2.8069,966701.2
2025-07-13T21:48:00.000000Z,2.8069,2.8083,2.8059,2.8083,480608.1
2025-07-13T21:49:00.000000Z,2.8083,2.8141,2.8082,2.813,1111691.0
2025-07-13T21:50:00.000000Z,2.8131,2.8134,2.8092,2.8093,858255.7
2025-07-13T21:51:00.000000Z,2.8093,2.8093,2.8029,2.8033,867386.5
2025-07-13T21:52:00.000000Z,2.8033,2.804,2.8005,2.804,1053032.0
2025-07-13T21:53:00.000000Z,2.804,2.8106,2.804,2.81,414899.5
2025-07-13T21:54:00.000000Z,2.81,2.81,2.8041,2.8043,504614.8
2025-07-13T21:55:00.000000Z,2.8044,2.8091,2.8034,2.8077,485351.4
2025-07-13T21:56:00.000000Z,2.8077,2.8102,2.8069,2.8095,361150.1
2025-07-13T21:57:00.000000Z,2.8094,2.8095,2.8032,2.8037,739467.6
2025-07-13T21:58:00.000000Z,2.8038,2.8068,2.8004,2.8008,768787.1
2025-07-13T21:59:00.000000Z,2.8009,2.8022,2.7962,2.8015,1123081.5
2025-07-13T22:00:00.000000Z,2.8015,2.8015,2.79,2.7969,1557916.5
2025-07-13T22:01:00.000000Z,2.797,2.7989,2.7875,2.7945,1473237.8
2025-07-13T22:02:00.000000Z,2.7946,2.7982,2.7908,2.7926,883253.8
2025-07-13T22:03:00.000000Z,2.7927,2.7973,2.7918,2.7943,969415.9
2025-07-13T22:04:00.000000Z,2.7944,2.8004,2.7943,2.7977,1299265.3
2025-07-13T22:05:00.000000Z,2.7977,2.8071,2.7972,2.8057,1071391.5
2025-07-13T22:06:00.000000Z,2.8057,2.8126,2.8056,2.8124,720092.1
2025-07-13T22:07:00.000000Z,2.8124,2.816,2.8119,2.8139,2211060.1
2025-07-13T22:08:00.000000Z,2.8138,2.8138,2.8079,2.8113,1268974.6
2025-07-13T22:09:00.000000Z,2.8112,2.8112,2.8057,2.8067,767933.0
2025-07-13T22:10:00.000000Z,2.8068,2.8092,2.8011,2.8045,1045388.7
2025-07-13T22:11:00.000000Z,2.8044,2.808,2.8027,2.8051,937027.5
2025-07-13T22:12:00.000000Z,2.805,2.8057,2.8027,2.8057,352925.3
2025-07-13T22:13:00.000000Z,2.8056,2.8074,2.8045,2.8048,332925.9
2025-07-13T22:14:00.000000Z,2.8047,2.81,2.8046,2.8088,375815.1
2025-07-13T22:15:00.000000Z,2.8087,2.8149,2.8078,2.8149,757416.5
2025-07-13T22:16:00.000000Z,2.8149,2.8169,2.8115,2.8125,895265.7
2025-07-13T22:17:00.000000Z,2.8125,2.8125,2.806,2.806,456121.8
2025-07-13T22:18:00.000000Z,2.8059,2.808,2.7978,2.8004,954519.8
2025-07-13T22:19:00.000000Z,2.8004,2.8012,2.7921,2.7925,1939599.6
2025-07-13T22:20:00.000000Z,2.7926,2.7972,2.7909,2.7972,1149623.6
2025-07-13T22:21:00.000000Z,2.7972,2.7976,2.7911,2.7941,702543.3
2025-07-13T22:22:00.000000Z,2.7942,2.8007,2.7942,2.7998,597406.2
2025-07-13T22:23:00.000000Z,2.7998,2.8077,2.7998,2.8077,771843.4
2025-07-13T22:24:00.000000Z,2.8076,2.8076,2.8052,2.8055,360623.6
2025-07-13T22:25:00.000000Z,2.8055,2.8056,2.8003,2.804,660418.1
2025-07-13T22:26:00.000000Z,2.804,2.8053,2.8012,2.8044,499430.6
2025-07-13T22:27:00.000000Z,2.8044,2.8045,2.7946,2.8012,2401452.0
2025-07-13T22:28:00.000000Z,2.8012,2.8038,2.7982,2.8003,1104788.8
2025-07-13T22:29:00.000000Z,2.8003,2.8016,2.7988,2.7989,650435.4
2025-07-13T22:30:00.000000Z,2.7989,2.8051,2.7984,2.8042,777894.7
2025-07-13T22:31:00.000000Z,2.8043,2.8098,2.8036,2.8083,468230.8
2025-07-13T22:32:00.000000Z,2.8083,2.81,2.8059,2.8067,473131.4
2025-07-13T22:33:00.000000Z,2.8068,2.8118,2.8068,2.8079,410517.7
2025-07-13T22:34:00.000000Z,2.8078,2.8114,2.8073,2.8095,392080.1
2025-07-13T22:35:00.000000Z,2.8095,2.8122,2.8091,2.8115,408286.4
2025-07-13T22:36:00.000000Z,2.8115,2.8152,2.8101,2.8143,539138.0
2025-07-13T22:37:00.000000Z,2.8143,2.8154,2.8132,2.8149,248536.8
2025-07-13T22:38:00.000000Z,2.8149,2.8192,2.8149,2.8178,1376860.0
2025-07-13T22:39:00.000000Z,2.8178,2.8194,2.8151,2.816,519897.8
2025-07-13T22:40:00.000000Z,2.8161,2.8197,2.8161,2.8197,507289.2
2025-07-13T22:41:00.000000Z,2.8196,2.8216,2.8187,2.8207,757656.2
2025-07-13T22:42:00.000000Z,2.8207,2.8239,2.8193,2.8235,784604.0
2025-07-13T22:43:00.000000Z,2.8236,2.824,2.8202,2.8211,413966.8
2025-07-13T22:44:00.000000Z,2.8211,2.8235,2.8209,2.8226,476976.3
2025-07-13T22:45:00.000000Z,2.8227,2.8235,2.8222,2.8225,289636.1
2025-07-13T22:46:00.000000Z,2.8226,2.8248,2.8209,2.8236,759557.2
2025-07-13T22:47:00.000000Z,2.8236,2.8237,2.8176,2.819,562580.1
2025-07-13T22:48:00.000000Z,2.8189,2.823,2.8184,2.8209,729388.7
2025-07-13T22:49:00.000000Z,2.8209,2.8213,2.819,2.8199,254700.1
2025-07-13T22:50:00.000000Z,2.82,2.82,2.8157,2.8171,1301928.9
2025-07-13T22:51:00.000000Z,2.8172,2.8205,2.817,2.8202,286964.2
2025-07-13T22:52:00.000000Z,2.8202,2.8213,2.8168,2.8172,324799.0
2025-07-13T22:53:00.000000Z,2.8173,2.8182,2.8161,2.8182,491494.9
2025-07-13T22:54:00.000000Z,2.8182,2.8219,2.8166,2.8207,387004.7
2025-07-13T22:55:00.000000Z,2.8207,2.8235,2.8202,2.8235,317202.5
2025-07-13T22:56:00.000000Z,2.8234,2.8235,2.8205,2.8219,342498.3
2025-07-13T22:57:00.000000Z,2.8218,2.8218,2.8162,2.8168,455089.1
2025-07-13T22:58:00.000000Z,2.8168,2.818,2.8153,2.8153,172804.6
2025-07-13T22:59:00.000000Z,2.8154,2.8156,2.8136,2.8146,291628.8
2025-07-13T23:00:00.000000Z,2.8146,2.8177,2.8139,2.8146,452299.4
2025-07-13T23:01:00.000000Z,2.8146,2.8149,2.8124,2.8128,319969.0
2025-07-13T23:02:00.000000Z,2.8127,2.8191,2.8121,2.8186,411006.0
2025-07-13T23:03:00.000000Z,2.8187,2.8234,2.8176,2.8231,404831.2
2025-07-13T23:04:00.000000Z,2.8232,2.8241,2.8212,2.8231,439258.8
2025-07-13T23:05:00.000000Z,2.8232,2.8304,2.8232,2.8285,1602872.7
2025-07-13T23:06:00.000000Z,2.8285,2.8289,2.8258,2.8271,421405.6
2025-07-13T23:07:00.000000Z,2.8272,2.8288,2.8256,2.8282,298764.3
2025-07-13T23:08:00.000000Z,2.8283,2.8287,2.8265,2.8269,339653.7
2025-07-13T23:09:00.000000Z,2.827,2.8312,2.8243,2.8249,511331.0
2025-07-13T23:10:00.000000Z,2.8249,2.8266,2.8208,2.823,1329114.7
2025-07-13T23:11:00.000000Z,2.8229,2.8229,2.8161,2.8164,1780115.4
2025-07-13T23:12:00.000000Z,2.8165,2.8243,2.8165,2.8216,669045.5
2025-07-13T23:13:00.000000Z,2.8215,2.8277,2.8205,2.8277,479029.4
2025-07-13T23:14:00.000000Z,2.8277,2.8295,2.8247,2.8275,1088961.9
2025-07-13T23:15:00.000000Z,2.8274,2.8428,2.8274,2.8331,5456890.1
2025-07-13T23:16:00.000000Z,2.833,2.8374,2.8311,2.8356,596030.2
2025-07-13T23:17:00.000000Z,2.8357,2.8394,2.8356,2.8375,733888.7
2025-07-13T23:18:00.000000Z,2.8376,2.8382,2.8352,2.8373,346295.5
2025-07-13T23:19:00.000000Z,2.8374,2.8382,2.8318,2.8318,628988.9
2025-07-13T23:20:00.000000Z,2.8317,2.8319,2.828,2.8298,752884.8
2025-07-13T23:21:00.000000Z,2.8298,2.8384,2.8298,2.8364,1568905.3
2025-07-13T23:22:00.000000Z,2.8364,2.8364,2.8319,2.8349,389091.8
2025-07-13T23:23:00.000000Z,2.835,2.835,2.8311,2.8321,724029.3
2025-07-13T23:24:00.000000Z,2.8321,2.8327,2.8299,2.8303,344840.5
2025-07-13T23:25:00.000000Z,2.8303,2.8309,2.8296,2.8309,300809.9
2025-07-13T23:26:00.000000Z,2.8309,2.8312,2.8266,2.8291,1059514.6
2025-07-13T23:27:00.000000Z,2.8291,2.8294,2.8239,2.8239,889879.6
2025-07-13T23:28:00.000000Z,2.8239,2.8252,2.8177,2.8203,3166213.4
2025-07-13T23:29:00.000000Z,2.8203,2.8267,2.8201,2.8264,799796.1
2025-07-13T23:30:00.000000Z,2.8265,2.8327,2.8255,2.8314,2221432.6
2025-07-13T23:31:00.000000Z,2.8315,2.8341,2.8307,2.8307,973643.3
2025-07-13T23:32:00.000000Z,2.8307,2.833,2.829,2.8301,690610.9
2025-07-13T23:33:00.000000Z,2.8302,2.8333,2.8302,2.833,306574.9
2025-07-13T23:34:00.000000Z,2.833,2.8338,2.8293,2.8294,331160.5
2025-07-13T23:35:00.000000Z,2.8294,2.8347,2.8294,2.834,440716.0
2025-07-13T23:36:00.000000Z,2.834,2.8363,2.8332,2.8343,557353.8
2025-07-13T23:37:00.000000Z,2.8343,2.8373,2.834,2.8373,265586.2
2025-07-13T23:38:00.000000Z,2.8372,2.8377,2.8343,2.8364,359631.8
2025-07-13T23:39:00.000000Z,2.8364,2.8374,2.8357,2.8372,204975.2
2025-07-13T23:40:00.000000Z,2.8372,2.8379,2.8364,2.8371,251265.0
2025-07-13T23:41:00.000000Z,2.8371,2.8372,2.8322,2.8345,278467.5
2025-07-13T23:42:00.000000Z,2.8345,2.8346,2.8308,2.8311,276237.1
2025-07-13T23:43:00.000000Z,2.8311,2.8333,2.8293,2.8333,211340.6
2025-07-13T23:44:00.000000Z,2.8333,2.8341,2.8324,2.8332,345055.8
2025-07-13T23:45:00.000000Z,2.8332,2.8339,2.8322,2.8332,159538.2
2025-07-13T23:46:00.000000Z,2.8331,2.8368,2.8318,2.8368,331311.4
2025-07-13T23:47:00.000000Z,2.8367,2.8421,2.8356,2.8378,1050488.1
2025-07-13T23:48:00.000000Z,2.8378,2.8386,2.8338,2.834,376966.9
2025-07-13T23:49:00.000000Z,2.8339,2.8339,2.8308,2.832,443469.8
2025-07-13T23:50:00.000000Z,2.832,2.8352,2.8308,2.8323,558158.0
2025-07-13T23:51:00.000000Z,2.8324,2.8373,2.8324,2.8351,491099.4
2025-07-13T23:52:00.000000Z,2.8351,2.8365,2.8346,2.8347,349534.6
2025-07-13T23:53:00.000000Z,2.8346,2.837,2.8336,2.8365,594763.6
2025-07-13T23:54:00.000000Z,2.8365,2.8371,2.8353,2.836,237076.9
2025-07-13T23:55:00.000000Z,2.836,2.8378,2.8359,2.8369,234708.3
2025-07-13T23:56:00.000000Z,2.8368,2.8386,2.8352,2.8352,219937.1
2025-07-13T23:57:00.000000Z,2.8352,2.8367,2.8325,2.8352,435987.1
2025-07-13T23:58:00.000000Z,2.8351,2.8352,2.8331,2.8335,162263.2
2025-07-13T23:59:00.000000Z,2.8335,2.8356,2.8331,2.8355,156146.1
2025-07-14T00:00:00.000000Z,2.8355,2.8362,2.8327,2.8328,587126.4
2025-07-14T00:01:00.000000Z,2.8327,2.8327,2.8224,2.8229,1300935.1
2025-07-14T00:02:00.000000Z,2.8229,2.8277,2.8229,2.8277,584843.6
2025-07-14T00:03:00.000000Z,2.8277,2.8377,2.8266,2.8374,543597.8
2025-07-14T00:04:00.000000Z,2.8375,2.8418,2.8361,2.8407,1340837.5
2025-07-14T00:05:00.000000Z,2.8406,2.8406,2.832,2.834,1234792.4
2025-07-14T00:06:00.000000Z,2.834,2.836,2.8328,2.833,605281.1
2025-07-14T00:07:00.000000Z,2.8331,2.8346,2.83,2.83,496956.5
2025-07-14T00:08:00.000000Z,2.83,2.83,2.8222,2.8233,681329.6
2025-07-14T00:09:00.000000Z,2.8233,2.8291,2.8204,2.8284,725474.8
2025-07-14T00:10:00.000000Z,2.8285,2.8307,2.8266,2.8301,536808.2
2025-07-14T00:11:00.000000Z,2.8301,2.8302,2.8277,2.8294,435185.5
2025-07-14T00:12:00.000000Z,2.8295,2.835,2.8264,2.8311,592829.8
2025-07-14T00:13:00.000000Z,2.8312,2.8317,2.8292,2.8315,516211.7
2025-07-14T00:14:00.000000Z,2.8316,2.8368,2.8314,2.8363,581877.3
2025-07-14T00:15:00.000000Z,2.8362,2.8363,2.8307,2.8328,496520.1
2025-07-14T00:16:00.000000Z,2.8327,2.8334,2.8302,2.8315,483733.4
2025-07-14T00:17:00.000000Z,2.8315,2.8328,2.8291,2.8308,452957.1
2025-07-14T00:18:00.000000Z,2.8308,2.8383,2.8308,2.8351,450621.6
2025-07-14T00:19:00.000000Z,2.8351,2.8351,2.8306,2.8317,571399.7
2025-07-14T00:20:00.000000Z,2.8317,2.8324,2.8297,2.8301,383001.6
2025-07-14T00:21:00.000000Z,2.83,2.8322,2.8285,2.83,480985.1
2025-07-14T00:22:00.000000Z,2.83,2.8347,2.8291,2.8308,458781.3
2025-07-14T00:23:00.000000Z,2.8308,2.8387,2.8308,2.8376,512110.3
2025-07-14T00:24:00.000000Z,2.8376,2.8406,2.8365,2.8371,1128512.2
2025-07-14T00:25:00.000000Z,2.8372,2.8446,2.8371,2.8424,1178260.6
2025-07-14T00:26:00.000000Z,2.8425,2.8448,2.8404,2.8428,521838.6
2025-07-14T00:27:00.000000Z,2.8429,2.8485,2.8418,2.8435,1213790.2
2025-07-14T00:28:00.000000Z,2.8436,2.8452,2.838,2.8382,752428.1
2025-07-14T00:29:00.000000Z,2.8382,2.8396,2.8366,2.8389,448724.9
2025-07-14T00:30:00.000000Z,2.8388,2.8389,2.8323,2.8333,622423.3
2025-07-14T00:31:00.000000Z,2.8333,2.8354,2.8277,2.8311,740687.9
2025-07-14T00:32:00.000000Z,2.831,2.8363,2.8296,2.8353,532644.7
2025-07-14T00:33:00.000000Z,2.8352,2.8354,2.8285,2.8303,428254.1
2025-07-14T00:34:00.000000Z,2.8303,2.8324,2.8278,2.8286,384170.7
2025-07-14T00:35:00.000000Z,2.8285,2.8308,2.8275,2.8298,483334.0
2025-07-14T00:36:00.000000Z,2.8299,2.8361,2.8289,2.8343,579167.2
2025-07-14T00:37:00.000000Z,2.8342,2.8343,2.8309,2.834,258026.1
2025-07-14T00:38:00.000000Z,2.8339,2.8347,2.8308,2.8313,250560.4
2025-07-14T00:39:00.000000Z,2.8313,2.8324,2.8285,2.8324,375226.2
2025-07-14T00:40:00.000000Z,2.8323,2.8389,2.8314,2.8384,659307.8
2025-07-14T00:41:00.000000Z,2.8383,2.8404,2.8355,2.8357,634551.9
2025-07-14T00:42:00.000000Z,2.8358,2.8399,2.8358,2.8394,312404.5
2025-07-14T00:43:00.000000Z,2.8394,2.8416,2.8386,2.8392,369817.9
2025-07-14T00:44:00.000000Z,2.8392,2.8411,2.8387,2.839,153190.8
2025-07-14T00:45:00.000000Z,2.8389,2.8414,2.8373,2.8409,386887.1
2025-07-14T00:46:00.000000Z,2.8409,2.8409,2.8355,2.8356,504801.9
2025-07-14T00:47:00.000000Z,2.8355,2.8386,2.8352,2.8366,269445.0
2025-07-14T00:48:00.000000Z,2.8366,2.8424,2.8362,2.8417,404572.5
2025-07-14T00:49:00.000000Z,2.8417,2.842,2.8384,2.8411,803310.3
2025-07-14T00:50:00.000000Z,2.8411,2.8444,2.8391,2.8437,388345.9
2025-07-14T00:51:00.000000Z,2.8437,2.8454,2.8422,2.8449,473643.1
2025-07-14T00:52:00.000000Z,2.845,2.8475,2.8436,2.8446,371977.3
2025-07-14T00:53:00.000000Z,2.8447,2.848,2.8446,2.8472,390257.6
2025-07-14T00:54:00.000000Z,2.8472,2.8472,2.8417,2.8427,418860.7
2025-07-14T00:55:00.000000Z,2.8427,2.8472,2.8412,2.8435,716599.4
2025-07-14T00:56:00.000000Z,2.8434,2.8467,2.8425,2.8455,424766.6
2025-07-14T00:57:00.000000Z,2.8456,2.8478,2.8448,2.8463,340204.3
2025-07-14T00:58:00.000000Z,2.8463,2.8482,2.8451,2.8469,538129.5
2025-07-14T00:59:00.000000Z,2.8468,2.8469,2.8431,2.8459,453443.3
2025-07-14T01:00:00.000000Z,2.8459,2.847,2.8445,2.8455,547920.7
2025-07-14T01:01:00.000000Z,2.8455,2.8458,2.8422,2.8438,631266.4
2025-07-14T01:02:00.000000Z,2.8438,2.8454,2.8387,2.8387,790112.6
2025-07-14T01:03:00.000000Z,2.8387,2.8491,2.838,2.8491,650232.6
2025-07-14T01:04:00.000000Z,2.8491,2.8554,2.8473,2.8546,1953165.1
2025-07-14T01:05:00.000000Z,2.8546,2.8645,2.8542,2.8565,2728318.8
2025-07-14T01:06:00.000000Z,2.8566,2.8613,2.8536,2.8567,1097564.7
2025-07-14T01:07:00.000000Z,2.8567,2.8568,2.8488,2.8554,1169116.9
2025-07-14T01:08:00.000000Z,2.8554,2.859,2.8554,2.8584,651885.0
2025-07-14T01:09:00.000000Z,2.8584,2.8629,2.8575,2.86,1179870.5
2025-07-14T01:10:00.000000Z,2.86,2.8644,2.8559,2.86,733859.4
2025-07-14T01:11:00.000000Z,2.86,2.8631,2.858,2.8603,783965.8
2025-07-14T01:12:00.000000Z,2.8603,2.8621,2.8568,2.8573,752893.5
2025-07-14T01:13:00.000000Z,2.8574,2.8598,2.8567,2.857,335583.1
2025-07-14T01:14:00.000000Z,2.857,2.8576,2.8533,2.8537,663823.1
2025-07-14T01:15:00.000000Z,2.8537,2.867,2.8536,2.8663,4166466.2
2025-07-14T01:16:00.000000Z,2.8664,2.8703,2.862,2.8646,1504736.6
2025-07-14T01:17:00.000000Z,2.8646,2.8684,2.8605,2.8666,1222942.3
2025-07-14T01:18:00.000000Z,2.8666,2.8668,2.8618,2.863,714623.5
2025-07-14T01:19:00.000000Z,2.863,2.8646,2.856,2.8625,916488.9
2025-07-14T01:20:00.000000Z,2.8625,2.8638,2.8603,2.8603,384586.8
2025-07-14T01:21:00.000000Z,2.8602,2.8651,2.8602,2.862,479392.6
2025-07-14T01:22:00.000000Z,2.862,2.8652,2.858,2.8635,712872.0
2025-07-14T01:23:00.000000Z,2.8635,2.8695,2.8622,2.869,1019156.1
2025-07-14T01:24:00.000000Z,2.8689,2.877,2.8685,2.8702,2899966.0
2025-07-14T01:25:00.000000Z,2.8701,2.8703,2.8615,2.8651,2364275.3
2025-07-14T01:26:00.000000Z,2.8651,2.8718,2.8642,2.8714,626997.4
2025-07-14T01:27:00.000000Z,2.8714,2.8718,2.8641,2.8693,1037665.3
2025-07-14T01:28:00.000000Z,2.8693,2.8769,2.8682,2.8759,1332524.4
2025-07-14T01:29:00.000000Z,2.8759,2.8759,2.8681,2.8699,1429490.5
2025-07-14T01:30:00.000000Z,2.8699,2.8732,2.8664,2.8686,1038569.8
2025-07-14T01:31:00.000000Z,2.8687,2.8724,2.8642,2.8642,1199293.5
2025-07-14T01:32:00.000000Z,2.8641,2.8662,2.8602,2.861,1285301.5
2025-07-14T01:33:00.000000Z,2.861,2.8667,2.857,2.8663,1460554.1
2025-07-14T01:34:00.000000Z,2.8663,2.8672,2.8624,2.8643,699759.0
2025-07-14T01:35:00.000000Z,2.8643,2.8661,2.8612,2.8639,551256.6
2025-07-14T01:36:00.000000Z,2.8639,2.8672,2.8583,2.8587,1115595.4
2025-07-14T01:37:00.000000Z,2.8588,2.8614,2.8562,2.8567,936566.2
2025-07-14T01:38:00.000000Z,2.8567,2.8629,2.8567,2.8628,461871.9
2025-07-14T01:39:00.000000Z,2.8629,2.8629,2.8576,2.8579,310057.7
2025-07-14T01:40:00.000000Z,2.8579,2.8624,2.857,2.8624,894628.1
2025-07-14T01:41:00.000000Z,2.8624,2.8627,2.8578,2.8626,683785.9
2025-07-14T01:42:00.000000Z,2.8626,2.8668,2.8604,2.8656,931155.5
2025-07-14T01:43:00.000000Z,2.8656,2.8691,2.864,2.8643,1262102.7
2025-07-14T01:44:00.000000Z,2.8643,2.8657,2.8608,2.8611,497420.8
2025-07-14T01:45:00.000000Z,2.8612,2.8629,2.8569,2.857,723985.7
2025-07-14T01:46:00.000000Z,2.8569,2.8577,2.8514,2.8523,2058814.9
2025-07-14T01:47:00.000000Z,2.8524,2.8635,2.85,2.8632,2222523.7
2025-07-14T01:48:00.000000Z,2.8633,2.8638,2.8581,2.8581,562357.4
2025-07-14T01:49:00.000000Z,2.8581,2.8616,2.8581,2.8584,759920.2
2025-07-14T01:50:00.000000Z,2.8585,2.8596,2.8544,2.8583,425239.6
2025-07-14T01:51:00.000000Z,2.8584,2.8586,2.8554,2.8554,283099.1
2025-07-14T01:52:00.000000Z,2.8554,2.8583,2.855,2.8568,457898.8
2025-07-14T01:53:00.000000Z,2.8568,2.8628,2.8555,2.8625,529402.3
2025-07-14T01:54:00.000000Z,2.8625,2.8638,2.8601,2.8609,539353.7
2025-07-14T01:55:00.000000Z,2.8609,2.8609,2.8552,2.858,820482.4
2025-07-14T01:56:00.000000Z,2.858,2.8584,2.8539,2.8558,535902.2
2025-07-14T01:57:00.000000Z,2.8559,2.8577,2.8543,2.8574,489970.6
2025-07-14T01:58:00.000000Z,2.8574,2.8585,2.8542,2.855,696774.1
2025-07-14T01:59:00.000000Z,2.855,2.856,2.853,2.8554,658210.5
2025-07-14T02:00:00.000000Z,2.8554,2.8563,2.8542,2.8543,465740.0
2025-07-14T02:01:00.000000Z,2.8544,2.8564,2.8543,2.8558,208201.2
2025-07-14T02:02:00.000000Z,2.8558,2.8559,2.8546,2.8557,179276.4
2025-07-14T02:03:00.000000Z,2.8557,2.8635,2.8554,2.8622,1478871.3
2025-07-14T02:04:00.000000Z,2.8623,2.8634,2.8534,2.8557,872327.5
2025-07-14T02:05:00.000000Z,2.8557,2.8567,2.8497,2.8504,1588949.7
2025-07-14T02:06:00.000000Z,2.8503,2.8552,2.85,2.8552,447584.2
2025-07-14T02:07:00.000000Z,2.8552,2.856,2.8518,2.8556,358832.4
2025-07-14T02:08:00.000000Z,2.8556,2.8617,2.8544,2.8597,662608.4
2025-07-14T02:09:00.000000Z,2.8597,2.8597,2.8538,2.8562,298864.8
2025-07-14T02:10:00.000000Z,2.8563,2.8598,2.8563,2.8587,360115.5
2025-07-14T02:11:00.000000Z,2.8588,2.8619,2.8588,2.8606,418298.0
2025-07-14T02:12:00.000000Z,2.8607,2.8641,2.8597,2.8635,469183.4
2025-07-14T02:13:00.000000Z,2.8635,2.8715,2.862,2.8685,2612989.6
2025-07-14T02:14:00.000000Z,2.8685,2.871,2.868,2.8695,1063221.9
2025-07-14T02:15:00.000000Z,2.8695,2.8696,2.8665,2.8682,588000.7
2025-07-14T02:16:00.000000Z,2.8681,2.8691,2.8616,2.8627,994020.8
2025-07-14T02:17:00.000000Z,2.8628,2.8656,2.8613,2.8656,402879.1
2025-07-14T02:18:00.000000Z,2.8656,2.8666,2.8641,2.8658,345375.7
2025-07-14T02:19:00.000000Z,2.8658,2.867,2.8643,2.8662,310117.9
2025-07-14T02:20:00.000000Z,2.8662,2.8662,2.8624,2.8627,324167.4
2025-07-14T02:21:00.000000Z,2.8628,2.8652,2.8622,2.8652,373404.0
2025-07-14T02:22:00.000000Z,2.8651,2.8658,2.8626,2.8633,227180.8
2025-07-14T02:23:00.000000Z,2.8634,2.87,2.8628,2.867,1280110.6
2025-07-14T02:24:00.000000Z,2.867,2.8759,2.8669,2.8728,3386678.6
2025-07-14T02:25:00.000000Z,2.8728,2.8806,2.8698,2.8805,2759179.7
2025-07-14T02:26:00.000000Z,2.8806,2.8845,2.8775,2.8824,3011066.9
2025-07-14T02:27:00.000000Z,2.8821,2.8858,2.8809,2.8846,1829983.8
2025-07-14T02:28:00.000000Z,2.8847,2.8858,2.8781,2.881,1881749.4
2025-07-14T02:29:00.000000Z,2.8811,2.8835,2.8802,2.8833,635814.2
2025-07-14T02:30:00.000000Z,2.8832,2.8905,2.8816,2.8818,2620621.6
2025-07-14T02:31:00.000000Z,2.8817,2.8866,2.8792,2.8864,1746366.0
2025-07-14T02:32:00.000000Z,2.8865,2.8873,2.8838,2.8868,941180.4
2025-07-14T02:33:00.000000Z,2.8867,2.8873,2.8843,2.8861,524227.0
2025-07-14T02:34:00.000000Z,2.886,2.886,2.8808,2.882,654863.5
2025-07-14T02:35:00.000000Z,2.882,2.8823,2.8786,2.8796,694259.9
2025-07-14T02:36:00.000000Z,2.8795,2.882,2.8781,2.8808,1026257.7
2025-07-14T02:37:00.000000Z,2.8808,2.8841,2.8807,2.8841,505638.8
2025-07-14T02:38:00.000000Z,2.8841,2.8933,2.8841,2.8901,2500384.8
2025-07-14T02:39:00.000000Z,2.89,2.8952,2.889,2.8903,1668557.4
2025-07-14T02:40:00.000000Z,2.8904,2.891,2.8878,2.8899,796022.8
2025-07-14T02:41:00.000000Z,2.89,2.8903,2.8845,2.8848,670249.3
2025-07-14T02:42:00.000000Z,2.8848,2.8884,2.8847,2.8856,532148.1
2025-07-14T02:43:00.000000Z,2.8857,2.8864,2.8815,2.8817,821021.4
2025-07-14T02:44:00.000000Z,2.8817,2.8828,2.8803,2.8825,680484.8
2025-07-14T02:45:00.000000Z,2.8825,2.8922,2.8817,2.8922,589901.7
2025-07-14T02:46:00.000000Z,2.8921,2.8966,2.8906,2.8965,1538757.3
2025-07-14T02:47:00.000000Z,2.8965,2.8973,2.8896,2.8902,1342129.9
2025-07-14T02:48:00.000000Z,2.8902,2.8939,2.8866,2.8868,1380780.0
2025-07-14T02:49:00.000000Z,2.8868,2.8884,2.88,2.8812,1725968.6
2025-07-14T02:50:00.000000Z,2.8813,2.8869,2.8811,2.8858,636313.7
2025-07-14T02:51:00.000000Z,2.8858,2.8872,2.8853,2.8865,235283.5
2025-07-14T02:52:00.000000Z,2.8865,2.891,2.8856,2.8904,540039.0
2025-07-14T02:53:00.000000Z,2.8903,2.8903,2.8874,2.8885,548465.6
2025-07-14T02:54:00.000000Z,2.8885,2.8905,2.888,2.8897,497150.1
2025-07-14T02:55:00.000000Z,2.8898,2.8908,2.8885,2.8885,466082.9
2025-07-14T02:56:00.000000Z,2.8885,2.8901,2.8856,2.8893,391824.7
2025-07-14T02:57:00.000000Z,2.8894,2.8894,2.8872,2.8884,523216.9
2025-07-14T02:58:00.000000Z,2.8884,2.8898,2.8863,2.8873,370424.6
2025-07-14T02:59:00.000000Z,2.8872,2.8876,2.886,2.8874,414433.5
2025-07-14T03:00:00.000000Z,2.8875,2.8903,2.8859,2.8891,773081.0
2025-07-14T03:01:00.000000Z,2.8891,2.8939,2.8863,2.8938,653640.7
2025-07-14T03:02:00.000000Z,2.8939,2.8999,2.8917,2.8992,1234942.0
2025-07-14T03:03:00.000000Z,2.8992,2.9053,2.8944,2.8996,3289534.8
2025-07-14T03:04:00.000000Z,2.8996,2.9013,2.8985,2.9002,779910.3
2025-07-14T03:05:00.000000Z,2.9003,2.904,2.8971,2.9029,1014121.0
2025-07-14T03:06:00.000000Z,2.9028,2.9056,2.9017,2.9033,1116109.1
2025-07-14T03:07:00.000000Z,2.9033,2.9066,2.9021,2.9047,1014245.7
2025-07-14T03:08:00.000000Z,2.9046,2.9125,2.9016,2.9123,3663986.9
2025-07-14T03:09:00.000000Z,2.9123,2.9207,2.9111,2.9201,2543295.6
2025-07-14T03:10:00.000000Z,2.9201,2.9213,2.9121,2.9198,4641455.7
2025-07-14T03:11:00.000000Z,2.9197,2.9213,2.9165,2.9173,1287094.4
2025-07-14T03:12:00.000000Z,2.9172,2.9188,2.915,2.9188,898998.5
2025-07-14T03:13:00.000000Z,2.9188,2.9189,2.9141,2.9181,1099541.4
2025-07-14T03:14:00.000000Z,2.918,2.9232,2.9174,2.9214,1146687.6
2025-07-14T03:15:00.000000Z,2.9214,2.9223,2.9153,2.918,1547862.6
2025-07-14T03:16:00.000000Z,2.9179,2.9202,2.9127,2.9129,978362.4
2025-07-14T03:17:00.000000Z,2.913,2.9277,2.913,2.9277,2258541.2
2025-07-14T03:18:00.000000Z,2.9277,2.9308,2.9241,2.9285,2308455.6
2025-07-14T03:19:00.000000Z,2.9285,2.9294,2.9196,2.9219,1657819.6
2025-07-14T03:20:00.000000Z,2.9219,2.9254,2.9201,2.9218,1257970.8
2025-07-14T03:21:00.000000Z,2.9219,2.9228,2.9135,2.915,1963116.7
2025-07-14T03:22:00.000000Z,2.915,2.922,2.9135,2.9219,882683.8
2025-07-14T03:23:00.000000Z,2.9219,2.9245,2.9199,2.9213,623450.3
2025-07-14T03:24:00.000000Z,2.9212,2.9212,2.9185,2.9191,594264.1
2025-07-14T03:25:00.000000Z,2.9191,2.9247,2.9183,2.9236,585478.0
2025-07-14T03:26:00.000000Z,2.9235,2.9244,2.9192,2.9243,518649.4
2025-07-14T03:27:00.000000Z,2.9244,2.9268,2.9224,2.9224,685727.0
2025-07-14T03:28:00.000000Z,2.9223,2.9252,2.9223,2.925,766887.6
2025-07-14T03:29:00.000000Z,2.9251,2.9271,2.924,2.9252,1107703.5
2025-07-14T03:30:00.000000Z,2.9251,2.9275,2.921,2.9217,905270.1
2025-07-14T03:31:00.000000Z,2.9216,2.9226,2.9183,2.9197,907952.3
2025-07-14T03:32:00.000000Z,2.9197,2.9236,2.917,2.9221,973581.2
2025-07-14T03:33:00.000000Z,2.922,2.9228,2.9175,2.9187,656860.9
2025-07-14T03:34:00.000000Z,2.9187,2.9203,2.9171,2.9177,811271.0
2025-07-14T03:35:00.000000Z,2.9177,2.919,2.917,2.9179,554886.9
2025-07-14T03:36:00.000000Z,2.9179,2.9183,2.916,2.9167,475524.8
2025-07-14T03:37:00.000000Z,2.9166,2.9216,2.9146,2.9209,1167756.3
2025-07-14T03:38:00.000000Z,2.921,2.9213,2.9161,2.9194,716421.8
2025-07-14T03:39:00.000000Z,2.9194,2.928,2.9193,2.9269,1001014.0
2025-07-14T03:40:00.000000Z,2.9268,2.9292,2.921,2.9214,1494532.9
2025-07-14T03:41:00.000000Z,2.9214,2.9255,2.9213,2.9255,875065.8
2025-07-14T03:42:00.000000Z,2.9255,2.9471,2.9244,2.9355,6307100.3
2025-07-14T03:43:00.000000Z,2.9354,2.948,2.9354,2.9403,4161757.1
2025-07-14T03:44:00.000000Z,2.9403,2.946,2.9376,2.9435,2307175.5
2025-07-14T03:45:00.000000Z,2.9436,2.9468,2.9348,2.9355,3455196.5
2025-07-14T03:46:00.000000Z,2.9354,2.941,2.9341,2.9369,2105411.9
2025-07-14T03:47:00.000000Z,2.9369,2.94,2.9339,2.9346,2349198.9
2025-07-14T03:48:00.000000Z,2.9348,2.9373,2.9321,2.9342,2129295.9
2025-07-14T03:49:00.000000Z,2.9342,2.9347,2.9289,2.9297,1932496.1
2025-07-14T03:50:00.000000Z,2.9296,2.9297,2.9216,2.9246,2295489.6
2025-07-14T03:51:00.000000Z,2.9246,2.9246,2.9116,2.9176,3311658.5
2025-07-14T03:52:00.000000Z,2.9177,2.9277,2.9176,2.9273,2908719.6
2025-07-14T03:53:00.000000Z,2.9273,2.9286,2.926,2.9281,937796.0
2025-07-14T03:54:00.000000Z,2.9282,2.9294,2.9267,2.9285,693113.6
2025-07-14T03:55:00.000000Z,2.9286,2.9333,2.9274,2.9294,873929.5
2025-07-14T03:56:00.000000Z,2.9294,2.932,2.9266,2.9266,868132.5
2025-07-14T03:57:00.000000Z,2.9265,2.9282,2.9227,2.9232,610371.6
2025-07-14T03:58:00.000000Z,2.9233,2.9267,2.9211,2.9261,735697.5
2025-07-14T03:59:00.000000Z,2.9262,2.9269,2.9244,2.9268,279429.0
2025-07-14T04:00:00.000000Z,2.9268,2.9313,2.9268,2.9286,1621802.2
2025-07-14T04:01:00.000000Z,2.9286,2.9288,2.92,2.9201,1301519.3
2025-07-14T04:02:00.000000Z,2.9201,2.9319,2.919,2.9316,2238748.6
2025-07-14T04:03:00.000000Z,2.9317,2.9325,2.9299,2.9303,1472218.9
2025-07-14T04:04:00.000000Z,2.9304,2.9353,2.9303,2.9349,1309010.8
2025-07-14T04:05:00.000000Z,2.9349,2.9393,2.9332,2.9337,1034684.4
2025-07-14T04:06:00.000000Z,2.9336,2.9337,2.9298,2.9301,681567.0
2025-07-14T04:07:00.000000Z,2.9302,2.9351,2.9288,2.9326,608550.4
2025-07-14T04:08:00.000000Z,2.9326,2.9327,2.9278,2.9313,619623.9
2025-07-14T04:09:00.000000Z,2.9312,2.9312,2.927,2.9295,524004.7
2025-07-14T04:10:00.000000Z,2.9295,2.9295,2.9265,2.9272,528286.3
2025-07-14T04:11:00.000000Z,2.9272,2.9275,2.923,2.9256,688783.5
2025-07-14T04:12:00.000000Z,2.9255,2.9255,2.9228,2.9243,523668.6
2025-07-14T04:13:00.000000Z,2.9244,2.9336,2.9243,2.9307,1172394.5
2025-07-14T04:14:00.000000Z,2.9307,2.9331,2.9295,2.9326,471571.0
2025-07-14T04:15:00.000000Z,2.9326,2.9327,2.9272,2.9272,751743.5
2025-07-14T04:16:00.000000Z,2.9272,2.9314,2.9259,2.9293,568809.7
2025-07-14T04:17:00.000000Z,2.9293,2.9346,2.9291,2.9339,400786.1
2025-07-14T04:18:00.000000Z,2.9339,2.9351,2.9301,2.9318,799165.8
2025-07-14T04:19:00.000000Z,2.9319,2.9321,2.929,2.93,972712.4
2025-07-14T04:20:00.000000Z,2.93,2.9308,2.9277,2.9305,778851.2
2025-07-14T04:21:00.000000Z,2.9305,2.9347,2.9288,2.929,430616.4
2025-07-14T04:22:00.000000Z,2.929,2.9348,2.928,2.9347,374536.4
2025-07-14T04:23:00.000000Z,2.9347,2.9385,2.9346,2.9378,739366.9
2025-07-14T04:24:00.000000Z,2.9378,2.9385,2.9365,2.9382,1245346.1
2025-07-14T04:25:00.000000Z,2.9382,2.9411,2.9352,2.9399,912962.8
2025-07-14T04:26:00.000000Z,2.9399,2.9418,2.9387,2.9411,738384.3
2025-07-14T04:27:00.000000Z,2.9411,2.9425,2.9399,2.94,892866.6
2025-07-14T04:28:00.000000Z,2.94,2.9402,2.9374,2.9396,584505.7
2025-07-14T04:29:00.000000Z,2.9395,2.9397,2.9342,2.9354,700372.0
2025-07-14T04:30:00.000000Z,2.9355,2.9355,2.9319,2.9327,620249.2
2025-07-14T04:31:00.000000Z,2.9327,2.9352,2.9324,2.9345,627727.7
2025-07-14T04:32:00.000000Z,2.9345,2.9359,2.9309,2.9323,529416.8
2025-07-14T04:33:00.000000Z,2.9323,2.936,2.9303,2.9358,745100.9
2025-07-14T04:34:00.000000Z,2.9357,2.9377,2.933,2.9335,670637.1
2025-07-14T04:35:00.000000Z,2.9335,2.9342,2.9304,2.9341,922233.1
2025-07-14T04:36:00.000000Z,2.9341,2.9342,2.9302,2.931,660119.2
2025-07-14T04:37:00.000000Z,2.931,2.9312,2.927,2.9312,1467241.7
2025-07-14T04:38:00.000000Z,2.9312,2.9331,2.9297,2.9307,765574.2
2025-07-14T04:39:00.000000Z,2.9307,2.9309,2.9263,2.9267,546798.1
2025-07-14T04:40:00.000000Z,2.9266,2.9288,2.9251,2.926,477804.9
2025-07-14T04:41:00.000000Z,2.9259,2.9293,2.9235,2.9291,981823.5
2025-07-14T04:42:00.000000Z,2.9291,2.9294,2.9262,2.9278,482664.8
2025-07-14T04:43:00.000000Z,2.9278,2.9318,2.9271,2.9311,1005604.7
2025-07-14T04:44:00.000000Z,2.931,2.9324,2.9281,2.9301,792794.1
2025-07-14T04:45:00.000000Z,2.9301,2.9332,2.9289,2.9327,487986.2
2025-07-14T04:46:00.000000Z,2.9328,2.9335,2.9275,2.9283,582835.9
2025-07-14T04:47:00.000000Z,2.9283,2.9324,2.9283,2.9314,566745.1
2025-07-14T04:48:00.000000Z,2.9314,2.9345,2.9314,2.9328,542177.2
2025-07-14T04:49:00.000000Z,2.9329,2.9368,2.9328,2.9367,645550.1
2025-07-14T04:50:00.000000Z,2.9368,2.9393,2.9359,2.9367,740790.0
2025-07-14T04:51:00.000000Z,2.9367,2.9367,2.9336,2.9342,463488.1
2025-07-14T04:52:00.000000Z,2.9342,2.9388,2.9342,2.9373,1362780.5
2025-07-14T04:53:00.000000Z,2.9373,2.9398,2.937,2.938,367665.3
2025-07-14T04:54:00.000000Z,2.9381,2.9383,2.9328,2.935,819962.1
2025-07-14T04:55:00.000000Z,2.9349,2.9353,2.9301,2.9331,794754.1
2025-07-14T04:56:00.000000Z,2.9332,2.9374,2.9332,2.9367,606747.5
2025-07-14T04:57:00.000000Z,2.9368,2.94,2.936,2.9369,757021.2
2025-07-14T04:58:00.000000Z,2.937,2.94,2.9363,2.94,339340.0
2025-07-14T04:59:00.000000Z,2.9399,2.9413,2.9391,2.94,987596.6
2025-07-14T05:00:00.000000Z,2.94,2.9424,2.9373,2.9401,973631.2
2025-07-14T05:01:00.000000Z,2.94,2.9406,2.9357,2.9385,1001046.7
2025-07-14T05:02:00.000000Z,2.9384,2.9384,2.9361,2.9365,803292.6
2025-07-14T05:03:00.000000Z,2.9366,2.9443,2.9349,2.9439,1291652.9
2025-07-14T05:04:00.000000Z,2.9439,2.9461,2.941,2.941,1393264.6
2025-07-14T05:05:00.000000Z,2.9411,2.9411,2.9327,2.9359,812997.3
2025-07-14T05:06:00.000000Z,2.9358,2.9391,2.935,2.936,418731.3
2025-07-14T05:07:00.000000Z,2.936,2.9396,2.9353,2.9396,303311.1
2025-07-14T05:08:00.000000Z,2.9397,2.9413,2.937,2.9371,560645.4
2025-07-14T05:09:00.000000Z,2.9371,2.9398,2.9365,2.9396,741273.4
2025-07-14T05:10:00.000000Z,2.9395,2.9418,2.939,2.9413,518523.6
2025-07-14T05:11:00.000000Z,2.9413,2.9413,2.9362,2.9386,474816.4
2025-07-14T05:12:00.000000Z,2.9387,2.9395,2.9366,2.9366,300154.3
2025-07-14T05:13:00.000000Z,2.9367,2.9399,2.9356,2.939,489512.3
2025-07-14T05:14:00.000000Z,2.939,2.9406,2.9356,2.9362,631742.7
2025-07-14T05:15:00.000000Z,2.9363,2.94,2.9362,2.9397,447705.9
2025-07-14T05:16:00.000000Z,2.9396,2.9397,2.9344,2.9364,930014.1
2025-07-14T05:17:00.000000Z,2.9364,2.9367,2.9342,2.9355,416378.5
2025-07-14T05:18:00.000000Z,2.9355,2.9376,2.933,2.9369,494343.5
2025-07-14T05:19:00.000000Z,2.937,2.9376,2.9339,2.9341,435054.0
2025-07-14T05:20:00.000000Z,2.934,2.937,2.9335,2.9361,559192.0
2025-07-14T05:21:00.000000Z,2.9362,2.9393,2.9335,2.9339,579740.2
2025-07-14T05:22:00.000000Z,2.9339,2.9366,2.9307,2.933,1567769.1
2025-07-14T05:23:00.000000Z,2.933,2.9356,2.931,2.9327,1487425.0
2025-07-14T05:24:00.000000Z,2.9328,2.944,2.9312,2.941,1380837.6
2025-07-14T05:25:00.000000Z,2.9411,2.9499,2.9401,2.9491,2212757.8
2025-07-14T05:26:00.000000Z,2.9492,2.9515,2.9419,2.9461,2668970.1
2025-07-14T05:27:00.000000Z,2.9461,2.9506,2.9461,2.949,958751.7
2025-07-14T05:28:00.000000Z,2.9489,2.9533,2.9484,2.9505,2055862.9
2025-07-14T05:29:00.000000Z,2.9505,2.9584,2.9492,2.9567,2017088.3
2025-07-14T05:30:00.000000Z,2.9567,2.9592,2.9432,2.9457,2989965.0
2025-07-14T05:31:00.000000Z,2.9458,2.9544,2.9458,2.9478,1319092.3
2025-07-14T05:32:00.000000Z,2.9477,2.9526,2.9466,2.9508,937257.3
2025-07-14T05:33:00.000000Z,2.9508,2.9528,2.9465,2.9528,1063815.0
2025-07-14T05:34:00.000000Z,2.9528,2.9585,2.9521,2.9578,1013862.4
2025-07-14T05:35:00.000000Z,2.9578,2.9616,2.9577,2.9608,1655361.9
2025-07-14T05:36:00.000000Z,2.9607,2.9627,2.9563,2.9612,2127819.6
2025-07-14T05:37:00.000000Z,2.9611,2.9638,2.9595,2.9608,2016712.5
2025-07-14T05:38:00.000000Z,2.9608,2.9653,2.9597,2.9645,2278782.8
2025-07-14T05:39:00.000000Z,2.9646,2.9687,2.964,2.9651,2043323.4
2025-07-14T05:40:00.000000Z,2.9651,2.97,2.9623,2.9699,2224990.9
2025-07-14T05:41:00.000000Z,2.9699,2.9811,2.9658,2.9712,5088423.8
2025-07-14T05:42:00.000000Z,2.9712,2.9712,2.9583,2.9676,3487759.8
2025-07-14T05:43:00.000000Z,2.9676,2.9699,2.9586,2.9648,2523565.1
2025-07-14T05:44:00.000000Z,2.9649,2.965,2.9405,2.9469,5199530.2
2025-07-14T05:45:00.000000Z,2.9469,2.9478,2.9327,2.9478,5614639.5
2025-07-14T05:46:00.000000Z,2.9478,2.9481,2.9424,2.9464,2218182.9
2025-07-14T05:47:00.000000Z,2.9464,2.948,2.938,2.9393,1913174.4
2025-07-14T05:48:00.000000Z,2.9393,2.9396,2.9268,2.9389,5041164.8
2025-07-14T05:49:00.000000Z,2.9388,2.9388,2.9311,2.9318,1981013.0
2025-07-14T05:50:00.000000Z,2.9315,2.9392,2.9289,2.9377,2541597.4
2025-07-14T05:51:00.000000Z,2.9378,2.9387,2.9323,2.9328,1864605.5
2025-07-14T05:52:00.000000Z,2.9327,2.9329,2.9135,2.9162,6973582.9
2025-07-14T05:53:00.000000Z,2.9162,2.9162,2.874,2.9003,20115378.6
2025-07-14T05:54:00.000000Z,2.9002,2.9168,2.9001,2.9163,6343942.4
2025-07-14T05:55:00.000000Z,2.9162,2.9236,2.9114,2.9236,3697488.1
2025-07-14T05:56:00.000000Z,2.9236,2.9289,2.9182,2.9222,3848011.7
2025-07-14T05:57:00.000000Z,2.9221,2.9313,2.9221,2.9288,2231961.9
2025-07-14T05:58:00.000000Z,2.9288,2.9322,2.9251,2.9289,2122642.5
2025-07-14T05:59:00.000000Z,2.929,2.9314,2.9283,2.9314,909737.3
2025-07-14T06:00:00.000000Z,2.9314,2.9314,2.9143,2.92,3488458.2
2025-07-14T06:01:00.000000Z,2.92,2.9213,2.9143,2.9143,1491804.3
2025-07-14T06:02:00.000000Z,2.9143,2.9182,2.9133,2.9165,1786868.9
2025-07-14T06:03:00.000000Z,2.9165,2.9166,2.909,2.9116,2218912.6
2025-07-14T06:04:00.000000Z,2.9115,2.9197,2.9057,2.9196,2053846.0
2025-07-14T06:05:00.000000Z,2.9195,2.9291,2.9157,2.9219,2355553.2
2025-07-14T06:06:00.000000Z,2.9219,2.9249,2.9194,2.9196,816353.8
2025-07-14T06:07:00.000000Z,2.9197,2.9218,2.9148,2.9171,1492718.1
2025-07-14T06:08:00.000000Z,2.9171,2.9177,2.9117,2.9136,1120344.0
2025-07-14T06:09:00.000000Z,2.9136,2.9137,2.905,2.9062,2577637.6
2025-07-14T06:10:00.000000Z,2.9062,2.9065,2.895,2.8962,5069014.4
2025-07-14T06:11:00.000000Z,2.8963,2.9021,2.8917,2.9008,2232638.2
2025-07-14T06:12:00.000000Z,2.9008,2.9011,2.8918,2.8992,1451640.7
2025-07-14T06:13:00.000000Z,2.8991,2.9029,2.8972,2.9027,1513189.2
2025-07-14T06:14:00.000000Z,2.9026,2.9053,2.9004,2.9045,1368185.2
2025-07-14T06:15:00.000000Z,2.9044,2.9138,2.9036,2.9137,1810479.0
2025-07-14T06:16:00.000000Z,2.9137,2.9184,2.9123,2.9137,1482569.2
2025-07-14T06:17:00.000000Z,2.9137,2.918,2.9112,2.9159,1284578.7
2025-07-14T06:18:00.000000Z,2.9159,2.9159,2.9095,2.9106,908053.0
2025-07-14T06:19:00.000000Z,2.9106,2.9154,2.9065,2.9132,1365146.8
2025-07-14T06:20:00.000000Z,2.9132,2.9215,2.9132,2.92,2080068.9
2025-07-14T06:21:00.000000Z,2.9201,2.9218,2.919,2.9217,701359.7
2025-07-14T06:22:00.000000Z,2.9218,2.924,2.919,2.9233,981682.9
2025-07-14T06:23:00.000000Z,2.9233,2.9276,2.9222,2.9251,2104002.0
2025-07-14T06:24:00.000000Z,2.9251,2.9288,2.9234,2.924,1250527.1
2025-07-14T06:25:00.000000Z,2.924,2.9255,2.92,2.9207,607514.8
2025-07-14T06:26:00.000000Z,2.9206,2.9278,2.9194,2.9253,1248605.2
2025-07-14T06:27:00.000000Z,2.9253,2.9289,2.9212,2.9243,1163078.0
2025-07-14T06:28:00.000000Z,2.9242,2.9294,2.9242,2.9289,1234758.7
2025-07-14T06:29:00.000000Z,2.9288,2.933,2.926,2.9273,1551453.9
2025-07-14T06:30:00.000000Z,2.9273,2.9276,2.9206,2.9208,1168463.4
2025-07-14T06:31:00.000000Z,2.9207,2.9233,2.9175,2.92,1096675.3
2025-07-14T06:32:00.000000Z,2.92,2.9225,2.917,2.9193,635131.3
2025-07-14T06:33:00.000000Z,2.9194,2.9257,2.9189,2.9256,659227.8
2025-07-14T06:34:00.000000Z,2.9257,2.9275,2.9225,2.9258,547409.4
2025-07-14T06:35:00.000000Z,2.9259,2.9259,2.9202,2.9234,529024.5
2025-07-14T06:36:00.000000Z,2.9235,2.9242,2.9183,2.9222,657393.1
2025-07-14T06:37:00.000000Z,2.9222,2.9235,2.919,2.9197,480794.7
2025-07-14T06:38:00.000000Z,2.9198,2.9199,2.915,2.9169,983649.1
2025-07-14T06:39:00.000000Z,2.9169,2.917,2.9151,2.917,417576.4
2025-07-14T06:40:00.000000Z,2.917,2.9212,2.9169,2.9183,559223.0
2025-07-14T06:41:00.000000Z,2.9182,2.9215,2.918,2.9204,331996.7
2025-07-14T06:42:00.000000Z,2.9204,2.9205,2.9143,2.9154,605493.6
2025-07-14T06:43:00.000000Z,2.9153,2.9193,2.9132,2.918,925051.8
2025-07-14T06:44:00.000000Z,2.9179,2.9215,2.9162,2.9211,222898.1
2025-07-14T06:45:00.000000Z,2.9211,2.9236,2.9185,2.9187,728548.5
2025-07-14T06:46:00.000000Z,2.9187,2.9253,2.9176,2.9252,721744.5
2025-07-14T06:47:00.000000Z,2.9252,2.9276,2.9213,2.9276,1147358.0
2025-07-14T06:48:00.000000Z,2.9277,2.9287,2.9245,2.928,676412.8
2025-07-14T06:49:00.000000Z,2.9279,2.9307,2.9278,2.9295,717928.2
2025-07-14T06:50:00.000000Z,2.9295,2.9348,2.9291,2.9339,819008.7
2025-07-14T06:51:00.000000Z,2.9338,2.9343,2.9299,2.9325,1194320.0
2025-07-14T06:52:00.000000Z,2.9324,2.9328,2.9247,2.9295,1234476.7
2025-07-14T06:53:00.000000Z,2.9296,2.932,2.927,2.9277,467583.6
2025-07-14T06:54:00.000000Z,2.9276,2.9298,2.9227,2.9227,489359.1
2025-07-14T06:55:00.000000Z,2.9228,2.9312,2.9221,2.9281,517886.4
2025-07-14T06:56:00.000000Z,2.928,2.931,2.9269,2.9306,488998.1
2025-07-14T06:57:00.000000Z,2.9306,2.9318,2.9277,2.9277,362984.6
2025-07-14T06:58:00.000000Z,2.9277,2.9277,2.9238,2.9254,332505.2
2025-07-14T06:59:00.000000Z,2.9254,2.9278,2.9239,2.9265,595197.2
2025-07-14T07:00:00.000000Z,2.9265,2.9293,2.9247,2.9285,472500.8
2025-07-14T07:01:00.000000Z,2.9286,2.9312,2.9249,2.926,385853.9
2025-07-14T07:02:00.000000Z,2.9261,2.9289,2.9258,2.9276,402741.4
2025-07-14T07:03:00.000000Z,2.9276,2.9305,2.9247,2.9305,372460.3
2025-07-14T07:04:00.000000Z,2.9306,2.9323,2.9271,2.9297,855332.6
2025-07-14T07:05:00.000000Z,2.9297,2.9363,2.9272,2.9355,1052602.6
2025-07-14T07:06:00.000000Z,2.9355,2.9359,2.931,2.9324,611208.4
2025-07-14T07:07:00.000000Z,2.9323,2.9368,2.93,2.936,831554.7
2025-07-14T07:08:00.000000Z,2.9359,2.943,2.9355,2.9424,2840097.1
2025-07-14T07:09:00.000000Z,2.9423,2.9525,2.9421,2.9515,2821247.3
2025-07-14T07:10:00.000000Z,2.9516,2.9555,2.9484,2.9487,2735429.4
2025-07-14T07:11:00.000000Z,2.9487,2.9518,2.9472,2.9499,1856223.2
2025-07-14T07:12:00.000000Z,2.9499,2.952,2.9466,2.9489,1095687.5
2025-07-14T07:13:00.000000Z,2.9488,2.9552,2.948,2.9521,1375357.1
2025-07-14T07:14:00.000000Z,2.9522,2.9526,2.9453,2.9461,2689042.7
2025-07-14T07:15:00.000000Z,2.9461,2.9534,2.9452,2.9524,1607130.3
2025-07-14T07:16:00.000000Z,2.9524,2.9524,2.9462,2.9505,1244767.3
2025-07-14T07:17:00.000000Z,2.9505,2.9585,2.9489,2.9489,1567034.9
2025-07-14T07:18:00.000000Z,2.949,2.9533,2.9485,2.951,718964.8
2025-07-14T07:19:00.000000Z,2.9509,2.9529,2.946,2.9518,1202453.6
2025-07-14T07:20:00.000000Z,2.9518,2.9546,2.9496,2.9511,623886.1
2025-07-14T07:21:00.000000Z,2.9511,2.9516,2.9465,2.9495,679247.8
2025-07-14T07:22:00.000000Z,2.9494,2.9529,2.9471,2.9529,524087.2
2025-07-14T07:23:00.000000Z,2.9529,2.9543,2.9506,2.9524,820811.3
2025-07-14T07:24:00.000000Z,2.9525,2.9536,2.949,2.9494,567807.9
2025-07-14T07:25:00.000000Z,2.9493,2.9536,2.948,2.949,531879.1
2025-07-14T07:26:00.000000Z,2.949,2.9544,2.947,2.9542,666444.4
2025-07-14T07:27:00.000000Z,2.9542,2.9557,2.9503,2.951,736494.7
2025-07-14T07:28:00.000000Z,2.951,2.9541,2.951,2.9537,512851.2
2025-07-14T07:29:00.000000Z,2.9537,2.9626,2.9533,2.9595,2037468.1
2025-07-14T07:30:00.000000Z,2.9594,2.9679,2.9594,2.9679,1934886.9
2025-07-14T07:31:00.000000Z,2.9678,2.972,2.9606,2.9637,3050221.8
2025-07-14T07:32:00.000000Z,2.9638,2.972,2.9638,2.9716,1979165.2
2025-07-14T07:33:00.000000Z,2.9716,2.9744,2.9673,2.9689,3190266.1
2025-07-14T07:34:00.000000Z,2.9689,2.9734,2.9689,2.9729,1208383.5
2025-07-14T07:35:00.000000Z,2.9729,2.9753,2.9686,2.9691,1331321.2
2025-07-14T07:36:00.000000Z,2.9691,2.9715,2.9679,2.9695,1071802.3
2025-07-14T07:37:00.000000Z,2.9694,2.9739,2.9622,2.9726,1671677.5
2025-07-14T07:38:00.000000Z,2.9726,2.9811,2.9708,2.9747,3448957.3
2025-07-14T07:39:00.000000Z,2.9747,2.9747,2.9646,2.9713,2223993.7
2025-07-14T07:40:00.000000Z,2.9713,2.9746,2.9701,2.971,1112995.8
2025-07-14T07:41:00.000000Z,2.971,2.973,2.9669,2.9669,837460.5
2025-07-14T07:42:00.000000Z,2.967,2.971,2.9662,2.9703,859932.3
2025-07-14T07:43:00.000000Z,2.9703,2.9715,2.959,2.9593,3609155.2
2025-07-14T07:44:00.000000Z,2.9592,2.9611,2.9571,2.9584,1843090.2
2025-07-14T07:45:00.000000Z,2.9584,2.9585,2.9537,2.9544,2171346.5
2025-07-14T07:46:00.000000Z,2.9545,2.9546,2.9489,2.9503,2002856.4
2025-07-14T07:47:00.000000Z,2.9502,2.9503,2.9362,2.9455,4481242.7
2025-07-14T07:48:00.000000Z,2.9456,2.951,2.9435,2.95,1408663.4
2025-07-14T07:49:00.000000Z,2.95,2.953,2.9471,2.953,861626.0
2025-07-14T07:50:00.000000Z,2.953,2.9591,2.9518,2.9558,3021849.9
2025-07-14T07:51:00.000000Z,2.9557,2.9579,2.951,2.9533,1218719.1
2025-07-14T07:52:00.000000Z,2.9534,2.9544,2.9503,2.9524,499737.7
2025-07-14T07:53:00.000000Z,2.9524,2.9622,2.951,2.9606,1488506.2
2025-07-14T07:54:00.000000Z,2.9607,2.9647,2.96,2.9639,1174210.6
2025-07-14T07:55:00.000000Z,2.9638,2.9641,2.9568,2.9593,1078359.0
2025-07-14T07:56:00.000000Z,2.9592,2.96,2.9554,2.9597,1039754.0
2025-07-14T07:57:00.000000Z,2.9597,2.9629,2.9579,2.9628,413324.0
2025-07-14T07:58:00.000000Z,2.9627,2.9652,2.9567,2.9573,1127671.4
2025-07-14T07:59:00.000000Z,2.9572,2.959,2.9558,2.9576,672580.2
2025-07-14T08:00:00.000000Z,2.9576,2.9623,2.9546,2.9549,961363.0
2025-07-14T08:01:00.000000Z,2.9548,2.958,2.9509,2.9566,1228595.0
2025-07-14T08:02:00.000000Z,2.9565,2.9577,2.9501,2.9531,2633321.1
2025-07-14T08:03:00.000000Z,2.9531,2.9545,2.9499,2.9513,1075731.7
2025-07-14T08:04:00.000000Z,2.9514,2.9515,2.9467,2.9481,1254275.8
2025-07-14T08:05:00.000000Z,2.9481,2.9492,2.9456,2.9457,1218521.2
2025-07-14T08:06:00.000000Z,2.9456,2.9538,2.9449,2.9511,880463.3
2025-07-14T08:07:00.000000Z,2.9511,2.9514,2.9476,2.9487,429055.9
2025-07-14T08:08:00.000000Z,2.9488,2.9538,2.9431,2.9462,3076012.6
2025-07-14T08:09:00.000000Z,2.9461,2.9463,2.94,2.9438,1283112.6
2025-07-14T08:10:00.000000Z,2.9437,2.9458,2.9414,2.9422,1327709.0
2025-07-14T08:11:00.000000Z,2.9422,2.9482,2.9405,2.9455,1086839.6
2025-07-14T08:12:00.000000Z,2.9455,2.9468,2.9377,2.9409,2245751.8
2025-07-14T08:13:00.000000Z,2.9409,2.9419,2.9323,2.9328,2503052.2
2025-07-14T08:14:00.000000Z,2.9329,2.9398,2.9307,2.9385,1118507.7
2025-07-14T08:15:00.000000Z,2.9384,2.9385,2.9336,2.934,757916.1
2025-07-14T08:16:00.000000Z,2.9341,2.9389,2.9308,2.9346,1306951.6
2025-07-14T08:17:00.000000Z,2.9347,2.9374,2.9321,2.9374,733793.0
2025-07-14T08:18:00.000000Z,2.9374,2.9427,2.9321,2.9422,1574606.8
2025-07-14T08:19:00.000000Z,2.942,2.948,2.9411,2.9473,1524290.0
2025-07-14T08:20:00.000000Z,2.9472,2.9482,2.9402,2.9439,781769.5
2025-07-14T08:21:00.000000Z,2.9438,2.9438,2.9297,2.9298,1451884.0
2025-07-14T08:22:00.000000Z,2.9298,2.9348,2.9277,2.9292,3476447.1
2025-07-14T08:23:00.000000Z,2.9292,2.9349,2.927,2.9348,1505546.8
2025-07-14T08:24:00.000000Z,2.9348,2.9371,2.9327,2.9365,673774.7
2025-07-14T08:25:00.000000Z,2.9365,2.9379,2.9328,2.9379,733888.2
2025-07-14T08:26:00.000000Z,2.9379,2.9395,2.935,2.9371,593216.2
2025-07-14T08:27:00.000000Z,2.9371,2.94,2.937,2.9396,803405.4
2025-07-14T08:28:00.000000Z,2.9396,2.9428,2.9394,2.942,894773.1
2025-07-14T08:29:00.000000Z,2.942,2.9441,2.9399,2.9421,844488.4
2025-07-14T08:30:00.000000Z,2.9421,2.9472,2.9416,2.9472,602133.6
2025-07-14T08:31:00.000000Z,2.9472,2.9477,2.9447,2.947,819039.5
2025-07-14T08:32:00.000000Z,2.9469,2.9515,2.9455,2.9496,1637994.9
2025-07-14T08:33:00.000000Z,2.9496,2.9588,2.9491,2.9563,4367317.9
2025-07-14T08:34:00.000000Z,2.9563,2.9613,2.9558,2.9558,1337750.0
2025-07-14T08:35:00.000000Z,2.9559,2.9608,2.9542,2.9587,1450743.8
2025-07-14T08:36:00.000000Z,2.9587,2.9632,2.9548,2.9564,952071.8
2025-07-14T08:37:00.000000Z,2.9564,2.9596,2.9538,2.957,811884.5
2025-07-14T08:38:00.000000Z,2.957,2.9605,2.9562,2.9591,1087546.8
2025-07-14T08:39:00.000000Z,2.9592,2.9659,2.9587,2.9624,1645759.6
2025-07-14T08:40:00.000000Z,2.9623,2.9626,2.9582,2.9591,845290.5
2025-07-14T08:41:00.000000Z,2.9591,2.9662,2.9591,2.9654,981213.1
2025-07-14T08:42:00.000000Z,2.9654,2.9747,2.9653,2.9722,3509809.8
2025-07-14T08:43:00.000000Z,2.9722,2.985,2.9702,2.984,5793785.2
2025-07-14T08:44:00.000000Z,2.984,2.9887,2.9795,2.9874,4201414.9
2025-07-14T08:45:00.000000Z,2.9874,2.9912,2.9845,2.9847,3990264.7
2025-07-14T08:46:00.000000Z,2.9847,2.9862,2.9594,2.9714,7402673.9
2025-07-14T08:47:00.000000Z,2.9714,2.973,2.9659,2.9729,1692171.9
2025-07-14T08:48:00.000000Z,2.9729,2.9771,2.9675,2.9771,1397662.3
2025-07-14T08:49:00.000000Z,2.9771,2.9783,2.9723,2.9775,1445459.9
2025-07-14T08:50:00.000000Z,2.9774,2.9895,2.9767,2.9873,2875653.4
2025-07-14T08:51:00.000000Z,2.9872,3.0021,2.9872,2.9941,9547643.8
2025-07-14T08:52:00.000000Z,2.9941,2.9968,2.9811,2.9865,4974771.8
2025-07-14T08:53:00.000000Z,2.9864,3.0149,2.9841,2.9939,13444436.9
2025-07-14T08:54:00.000000Z,2.9939,2.994,2.9711,2.9871,7726783.6
2025-07-14T08:55:00.000000Z,2.9871,2.9872,2.9704,2.9705,3727049.5
2025-07-14T08:56:00.000000Z,2.9705,2.9794,2.9682,2.9708,3896057.3
2025-07-14T08:57:00.000000Z,2.9708,2.98,2.9684,2.9785,3322554.5
2025-07-14T08:58:00.000000Z,2.9784,2.9848,2.9752,2.9828,1852199.7
2025-07-14T08:59:00.000000Z,2.9828,2.9875,2.9775,2.9799,3148260.7
2025-07-14T09:00:00.000000Z,2.9799,2.9861,2.9768,2.9771,1615437.9
2025-07-14T09:01:00.000000Z,2.9771,2.9852,2.9707,2.9734,2579445.4
2025-07-14T09:02:00.000000Z,2.9735,2.976,2.9609,2.9651,2659321.8
2025-07-14T09:03:00.000000Z,2.9651,2.9751,2.9647,2.9744,1998153.6
2025-07-14T09:04:00.000000Z,2.9744,2.98,2.9727,2.9782,1298084.8
2025-07-14T09:05:00.000000Z,2.9781,2.9812,2.9745,2.9746,1171591.8
2025-07-14T09:06:00.000000Z,2.9745,2.9805,2.9724,2.9789,1066811.7
2025-07-14T09:07:00.000000Z,2.9789,2.9874,2.9778,2.9862,1579612.9
2025-07-14T09:08:00.000000Z,2.9862,2.994,2.9856,2.9886,3345938.0
2025-07-14T09:09:00.000000Z,2.9887,2.992,2.9807,2.9826,1962228.2
2025-07-14T09:10:00.000000Z,2.9826,2.9836,2.9732,2.9738,3367874.5
2025-07-14T09:11:00.000000Z,2.9738,2.9749,2.971,2.9717,1274459.2
2025-07-14T09:12:00.000000Z,2.9717,2.9739,2.9692,2.9703,1413521.5
2025-07-14T09:13:00.000000Z,2.9703,2.9761,2.9696,2.9756,969116.0
2025-07-14T09:14:00.000000Z,2.9756,2.976,2.9718,2.9718,558797.9
2025-07-14T09:15:00.000000Z,2.9718,2.9786,2.9713,2.9784,1655327.7
2025-07-14T09:16:00.000000Z,2.9783,2.9783,2.9672,2.9743,2135389.8
2025-07-14T09:17:00.000000Z,2.9742,2.9772,2.9698,2.9698,614561.2
2025-07-14T09:18:00.000000Z,2.9698,2.971,2.9649,2.9657,1411696.6
2025-07-14T09:19:00.000000Z,2.9657,2.972,2.9647,2.9701,1948951.4
2025-07-14T09:20:00.000000Z,2.9701,2.9762,2.9686,2.9748,940104.6
2025-07-14T09:21:00.000000Z,2.9748,2.9812,2.9746,2.9803,1334210.9
2025-07-14T09:22:00.000000Z,2.9803,2.9826,2.9775,2.9786,1220151.3
2025-07-14T09:23:00.000000Z,2.9785,2.9823,2.9768,2.9809,649636.9
2025-07-14T09:24:00.000000Z,2.981,2.988,2.9791,2.9859,1045549.7
2025-07-14T09:25:00.000000Z,2.9859,2.9889,2.9828,2.9875,1644394.8
2025-07-14T09:26:00.000000Z,2.9874,2.9921,2.9874,2.9884,2259283.3
2025-07-14T09:27:00.000000Z,2.9885,2.9919,2.9845,2.9853,990049.9
2025-07-14T09:28:00.000000Z,2.9853,2.986,2.9777,2.9779,983020.5
2025-07-14T09:29:00.000000Z,2.9779,2.9836,2.977,2.981,1321512.3
2025-07-14T09:30:00.000000Z,2.981,2.9812,2.9768,2.9786,1324547.7
2025-07-14T09:31:00.000000Z,2.9786,2.981,2.9765,2.9804,663345.3
2025-07-14T09:32:00.000000Z,2.9803,2.9867,2.9803,2.9858,850447.2
2025-07-14T09:33:00.000000Z,2.9858,2.9906,2.9844,2.9862,1302635.2
2025-07-14T09:34:00.000000Z,2.9861,2.9904,2.9856,2.9898,439912.5
2025-07-14T09:35:00.000000Z,2.9898,2.9912,2.9873,2.991,1198874.3
2025-07-14T09:36:00.000000Z,2.991,2.9928,2.9874,2.9923,1309852.2
2025-07-14T09:37:00.000000Z,2.9922,2.996,2.9909,2.9951,2758592.8
2025-07-14T09:38:00.000000Z,2.9951,3.0035,2.9913,2.9997,4440518.8
2025-07-14T09:39:00.000000Z,2.9997,3.0056,2.9967,3.0019,2212217.5
2025-07-14T09:40:00.000000Z,3.0019,3.028,3.0013,3.0169,10055212.8
2025-07-14T09:41:00.000000Z,3.0169,3.0214,3.0091,3.0133,3280833.4
2025-07-14T09:42:00.000000Z,3.0133,3.0222,3.0132,3.0212,2924829.2
2025-07-14T09:43:00.000000Z,3.0211,3.0236,3.0159,3.0179,2697153.8
2025-07-14T09:44:00.000000Z,3.0179,3.0247,3.0122,3.0127,2462033.9
2025-07-14T09:45:00.000000Z,3.0125,3.0194,3.0029,3.0054,6801679.1
2025-07-14T09:46:00.000000Z,3.0054,3.0146,3.004,3.013,2212877.4
2025-07-14T09:47:00.000000Z,3.013,3.013,2.9866,2.9888,7714881.2
2025-07-14T09:48:00.000000Z,2.9889,2.9939,2.9796,2.9846,3974703.6
2025-07-14T09:49:00.000000Z,2.9847,2.9871,2.977,2.9829,3623336.3
2025-07-14T09:50:00.000000Z,2.983,2.993,2.98,2.9924,3546709.2
2025-07-14T09:51:00.000000Z,2.9924,2.9924,2.9872,2.9887,1334997.6
2025-07-14T09:52:00.000000Z,2.9886,2.9886,2.9829,2.9843,1100164.7
2025-07-14T09:53:00.000000Z,2.9844,2.9844,2.9723,2.9738,4843504.8
2025-07-14T09:54:00.000000Z,2.9738,2.982,2.973,2.9815,1813561.8
2025-07-14T09:55:00.000000Z,2.9815,2.982,2.9759,2.9759,930640.6
2025-07-14T09:56:00.000000Z,2.9759,2.979,2.9749,2.979,1602240.7
2025-07-14T09:57:00.000000Z,2.9789,2.9789,2.9725,2.9775,1304075.0
2025-07-14T09:58:00.000000Z,2.9774,2.9803,2.9765,2.9794,867910.3
2025-07-14T09:59:00.000000Z,2.9793,2.985,2.9791,2.9837,928548.3
2025-07-14T10:00:00.000000Z,2.9838,2.9855,2.9774,2.9799,1480293.9
2025-07-14T10:01:00.000000Z,2.98,2.985,2.9696,2.9726,2517467.5
2025-07-14T10:02:00.000000Z,2.9726,2.9772,2.9704,2.9746,1210470.0
2025-07-14T10:03:00.000000Z,2.9746,2.975,2.966,2.9691,1980880.6
2025-07-14T10:04:00.000000Z,2.9691,2.9702,2.966,2.9671,1629496.9
2025-07-14T10:05:00.000000Z,2.967,2.9686,2.9633,2.9682,2178581.6
2025-07-14T10:06:00.000000Z,2.9681,2.9732,2.9663,2.9722,1115694.4
2025-07-14T10:07:00.000000Z,2.9722,2.9743,2.9663,2.9676,897169.0
2025-07-14T10:08:00.000000Z,2.9674,2.9705,2.955,2.9586,4647053.8
2025-07-14T10:09:00.000000Z,2.9586,2.9606,2.947,2.9508,4858958.5
2025-07-14T10:10:00.000000Z,2.9508,2.9669,2.9508,2.9666,2258044.9
2025-07-14T10:11:00.000000Z,2.9666,2.9704,2.9649,2.9701,1181370.0
2025-07-14T10:12:00.000000Z,2.97,2.97,2.9665,2.9674,1117077.7
2025-07-14T10:13:00.000000Z,2.9674,2.9722,2.9674,2.9687,573682.4
2025-07-14T10:14:00.000000Z,2.9687,2.975,2.9686,2.9731,2364760.2
2025-07-14T10:15:00.000000Z,2.9732,2.974,2.9697,2.97,790845.0
2025-07-14T10:16:00.000000Z,2.9699,2.9701,2.9662,2.9685,516874.5
2025-07-14T10:17:00.000000Z,2.9685,2.9715,2.9623,2.9643,821603.2
2025-07-14T10:18:00.000000Z,2.9642,2.9692,2.9635,2.9691,560834.0
2025-07-14T10:19:00.000000Z,2.9692,2.9732,2.966,2.9718,1000551.6
2025-07-14T10:20:00.000000Z,2.9718,2.9731,2.9679,2.9687,721822.6
2025-07-14T10:21:00.000000Z,2.9687,2.9731,2.9687,2.9727,662287.4
2025-07-14T10:22:00.000000Z,2.9726,2.9728,2.9706,2.9714,400523.0
2025-07-14T10:23:00.000000Z,2.9715,2.977,2.9715,2.9764,625247.6
2025-07-14T10:24:00.000000Z,2.9765,2.9778,2.9738,2.9775,1032154.8
2025-07-14T10:25:00.000000Z,2.9775,2.9844,2.977,2.9833,2360908.5
2025-07-14T10:26:00.000000Z,2.9832,2.9874,2.9811,2.9821,1086736.7
2025-07-14T10:27:00.000000Z,2.9821,2.9825,2.9775,2.9779,798552.0
2025-07-14T10:28:00.000000Z,2.978,2.9832,2.9771,2.98,729334.1
2025-07-14T10:29:00.000000Z,2.98,2.9821,2.9781,2.9795,479970.2
2025-07-14T10:30:00.000000Z,2.9796,2.9796,2.9746,2.9752,689592.6
2025-07-14T10:31:00.000000Z,2.9753,2.9771,2.9705,2.971,981157.3
2025-07-14T10:32:00.000000Z,2.9711,2.9714,2.968,2.9692,829419.0
2025-07-14T10:33:00.000000Z,2.9693,2.9786,2.9693,2.9742,1074061.9
2025-07-14T10:34:00.000000Z,2.974,2.9775,2.9721,2.9764,739063.1
2025-07-14T10:35:00.000000Z,2.9763,2.979,2.9744,2.9789,483312.4
2025-07-14T10:36:00.000000Z,2.9789,2.9808,2.9757,2.9802,1038595.6
2025-07-14T10:37:00.000000Z,2.9801,2.9806,2.9778,2.9805,594153.1
2025-07-14T10:38:00.000000Z,2.9804,2.9864,2.9767,2.9826,2208248.5
2025-07-14T10:39:00.000000Z,2.9826,2.9871,2.9816,2.9865,1405167.1
2025-07-14T10:40:00.000000Z,2.9864,2.9935,2.9852,2.9925,1869397.2
2025-07-14T10:41:00.000000Z,2.9924,2.9957,2.9872,2.9946,2700365.6
2025-07-14T10:42:00.000000Z,2.9946,2.9981,2.9937,2.9975,1229469.5
2025-07-14T10:43:00.000000Z,2.9974,3.0034,2.9928,2.9929,3169684.9
2025-07-14T10:44:00.000000Z,2.9929,2.9951,2.9882,2.9884,996813.3
2025-07-14T10:45:00.000000Z,2.9884,2.9912,2.9853,2.9871,843119.8
2025-07-14T10:46:00.000000Z,2.987,2.9892,2.9833,2.9862,1124912.5
2025-07-14T10:47:00.000000Z,2.9862,2.995,2.9846,2.9927,977872.5
2025-07-14T10:48:00.000000Z,2.9927,2.9965,2.9915,2.9954,901426.1
2025-07-14T10:49:00.000000Z,2.9954,2.996,2.9918,2.9922,816909.0
2025-07-14T10:50:00.000000Z,2.9922,2.9951,2.9903,2.9906,840795.0
2025-07-14T10:51:00.000000Z,2.9906,2.992,2.9886,2.9909,601157.5
2025-07-14T10:52:00.000000Z,2.991,2.9981,2.991,2.998,1132144.9
2025-07-14T10:53:00.000000Z,2.9979,3.0048,2.9957,2.9963,2469926.5
2025-07-14T10:54:00.000000Z,2.9963,2.9966,2.9903,2.9966,1059666.8
2025-07-14T10:55:00.000000Z,2.9967,3.002,2.9966,3.0004,1136597.9
2025-07-14T10:56:00.000000Z,3.0004,3.0041,2.9998,3.0022,1051271.7
2025-07-14T10:57:00.000000Z,3.0022,3.0122,3.0022,3.0099,2585184.1
2025-07-14T10:58:00.000000Z,3.0098,3.0153,3.0091,3.011,1743610.2
2025-07-14T10:59:00.000000Z,3.0109,3.012,3.0083,3.0107,1050902.6
2025-07-14T11:00:00.000000Z,3.0107,3.0108,2.9994,3.0034,2512795.0
2025-07-14T11:01:00.000000Z,3.0034,3.0036,2.9965,2.998,1457517.2
2025-07-14T11:02:00.000000Z,2.998,3.0023,2.997,2.9999,889186.1
2025-07-14T11:03:00.000000Z,2.9999,3.0031,2.9968,2.999,1983754.6
2025-07-14T11:04:00.000000Z,2.9991,3.0024,2.9973,3.0024,839255.5
2025-07-14T11:05:00.000000Z,3.0023,3.0023,2.996,2.9998,786867.8
2025-07-14T11:06:00.000000Z,2.9998,3.0005,2.997,2.997,607718.7
2025-07-14T11:07:00.000000Z,2.9969,3.0021,2.9951,2.9967,939208.7
2025-07-14T11:08:00.000000Z,2.9967,2.9985,2.9916,2.9984,1025957.4
2025-07-14T11:09:00.000000Z,2.9985,3.0023,2.9946,3.0004,1155269.6
2025-07-14T11:10:00.000000Z,3.0004,3.0116,2.9978,3.01,1511538.4
2025-07-14T11:11:00.000000Z,3.0101,3.011,3.0016,3.0068,1496487.5
2025-07-14T11:12:00.000000Z,3.0069,3.0104,3.0021,3.0091,2891762.1
2025-07-14T11:13:00.000000Z,3.0091,3.0092,3.0045,3.0046,729617.4
2025-07-14T11:14:00.000000Z,3.0045,3.0046,2.9991,3.0023,961093.7
2025-07-14T11:15:00.000000Z,3.0023,3.0026,2.9989,2.9993,834038.7
2025-07-14T11:16:00.000000Z,2.9994,3.0034,2.9969,2.9992,1459762.8
2025-07-14T11:17:00.000000Z,2.9992,2.9997,2.9909,2.9936,1309622.9
2025-07-14T11:18:00.000000Z,2.9936,2.9962,2.9914,2.9926,1022941.4
2025-07-14T11:19:00.000000Z,2.9926,3.0014,2.9906,2.9971,1163955.1
2025-07-14T11:20:00.000000Z,2.9971,3.0002,2.9947,2.9947,968356.1
2025-07-14T11:21:00.000000Z,2.9946,2.9956,2.9923,2.993,841093.6
2025-07-14T11:22:00.000000Z,2.9929,2.9929,2.9875,2.9882,1990171.2
2025-07-14T11:23:00.000000Z,2.9882,2.9884,2.9839,2.9848,2045987.1
2025-07-14T11:24:00.000000Z,2.9848,2.9877,2.9745,2.9756,2862474.2
2025-07-14T11:25:00.000000Z,2.9756,2.9835,2.9753,2.9802,2124925.2
2025-07-14T11:26:00.000000Z,2.9802,2.9839,2.9736,2.9825,2051673.5
2025-07-14T11:27:00.000000Z,2.9824,2.9825,2.9776,2.9787,787342.5
2025-07-14T11:28:00.000000Z,2.9787,2.9817,2.9754,2.9817,1209237.4
2025-07-14T11:29:00.000000Z,2.9818,2.9884,2.9799,2.9866,1841346.7
2025-07-14T11:30:00.000000Z,2.9865,2.9872,2.9823,2.9823,967029.5
2025-07-14T11:31:00.000000Z,2.9824,2.9857,2.9781,2.9796,917194.3
2025-07-14T11:32:00.000000Z,2.9795,2.9826,2.9753,2.9756,680831.8
2025-07-14T11:33:00.000000Z,2.9755,2.9789,2.9696,2.9728,1719514.9
2025-07-14T11:34:00.000000Z,2.9729,2.9771,2.9725,2.9741,907942.1
2025-07-14T11:35:00.000000Z,2.9741,2.9799,2.9729,2.9795,783998.9
2025-07-14T11:36:00.000000Z,2.9795,2.9821,2.975,2.9821,869317.5
2025-07-14T11:37:00.000000Z,2.982,2.9889,2.9814,2.9889,1899674.8
2025-07-14T11:38:00.000000Z,2.9888,2.9957,2.9882,2.9943,1428856.4
2025-07-14T11:39:00.000000Z,2.9944,2.9944,2.9874,2.9909,1257646.3
2025-07-14T11:40:00.000000Z,2.9909,2.9949,2.9906,2.993,1604485.6
2025-07-14T11:41:00.000000Z,2.993,2.993,2.9879,2.9907,634492.4
2025-07-14T11:42:00.000000Z,2.9908,2.9968,2.9907,2.9939,1437706.5
2025-07-14T11:43:00.000000Z,2.9939,2.9953,2.9918,2.9942,805519.2
2025-07-14T11:44:00.000000Z,2.9941,3.0006,2.9934,2.9983,1580292.5
2025-07-14T11:45:00.000000Z,2.9983,3.0077,2.9946,3.0069,3474269.1
2025-07-14T11:46:00.000000Z,3.0069,3.0135,3.0043,3.0089,2871360.9
2025-07-14T11:47:00.000000Z,3.0088,3.0126,3.0033,3.0039,2155565.6
2025-07-14T11:48:00.000000Z,3.0039,3.0046,2.9966,2.998,1397045.4
2025-07-14T11:49:00.000000Z,2.998,3.0045,2.9963,2.9993,1385300.0
2025-07-14T11:50:00.000000Z,2.9993,3.0025,2.9933,2.9935,1597219.3
2025-07-14T11:51:00.000000Z,2.9935,2.9946,2.9886,2.9912,1705481.3
2025-07-14T11:52:00.000000Z,2.9913,2.9919,2.9862,2.989,1289285.9
2025-07-14T11:53:00.000000Z,2.989,2.989,2.985,2.9865,791072.5
2025-07-14T11:54:00.000000Z,2.9865,2.9898,2.9855,2.9859,757183.7
2025-07-14T11:55:00.000000Z,2.9859,2.989,2.9859,2.9876,767223.2
2025-07-14T11:56:00.000000Z,2.9875,2.9876,2.9808,2.9844,2383518.8
2025-07-14T11:57:00.000000Z,2.9845,2.9845,2.9812,2.982,432334.8
2025-07-14T11:58:00.000000Z,2.9819,2.9836,2.98,2.9806,563418.7
2025-07-14T11:59:00.000000Z,2.9807,2.9849,2.9786,2.9787,979266.4
2025-07-14T12:00:00.000000Z,2.9786,2.9799,2.9725,2.9725,1742479.9
2025-07-14T12:01:00.000000Z,2.9724,2.9814,2.9717,2.9785,1535062.5
2025-07-14T12:02:00.000000Z,2.9786,2.984,2.9759,2.9833,1183569.1
2025-07-14T12:03:00.000000Z,2.9834,2.9868,2.981,2.981,1386779.2
2025-07-14T12:04:00.000000Z,2.981,2.981,2.975,2.9783,1300014.8
2025-07-14T12:05:00.000000Z,2.9783,2.9794,2.9733,2.9757,583269.3
2025-07-14T12:06:00.000000Z,2.9756,2.9795,2.9735,2.9744,1967933.3
2025-07-14T12:07:00.000000Z,2.9744,2.9772,2.973,2.975,1255993.3
2025-07-14T12:08:00.000000Z,2.9751,2.9806,2.9741,2.9805,681166.3
2025-07-14T12:09:00.000000Z,2.9804,2.9805,2.9734,2.9746,638106.9
2025-07-14T12:10:00.000000Z,2.9747,2.9752,2.9723,2.9726,944990.5
2025-07-14T12:11:00.000000Z,2.9727,2.9744,2.9693,2.9697,1024105.8
2025-07-14T12:12:00.000000Z,2.9697,2.983,2.9662,2.983,2363229.9
2025-07-14T12:13:00.000000Z,2.983,2.9847,2.9812,2.9831,825779.3
2025-07-14T12:14:00.000000Z,2.9832,2.9844,2.9794,2.9826,593084.4
2025-07-14T12:15:00.000000Z,2.9825,2.9997,2.9814,2.9944,2901423.0
2025-07-14T12:16:00.000000Z,2.9943,2.9943,2.988,2.9892,1374607.7
2025-07-14T12:17:00.000000Z,2.9891,2.9925,2.9869,2.9886,922872.4
2025-07-14T12:18:00.000000Z,2.9887,2.9931,2.9811,2.9811,1755733.5
2025-07-14T12:19:00.000000Z,2.981,2.9821,2.9683,2.9731,3218912.0
2025-07-14T12:20:00.000000Z,2.973,2.973,2.9629,2.9682,4004661.3
2025-07-14T12:21:00.000000Z,2.9682,2.9718,2.9655,2.97,1741809.1
2025-07-14T12:22:00.000000Z,2.9701,2.9723,2.9623,2.966,1138147.7
2025-07-14T12:23:00.000000Z,2.966,2.9663,2.9577,2.9595,2503649.6
2025-07-14T12:24:00.000000Z,2.9595,2.9598,2.948,2.9592,6050915.4
2025-07-14T12:25:00.000000Z,2.9591,2.9629,2.9556,2.962,1497337.2
2025-07-14T12:26:00.000000Z,2.9621,2.9638,2.9583,2.9597,1472916.6
2025-07-14T12:27:00.000000Z,2.9597,2.9632,2.957,2.9579,919615.4
2025-07-14T12:28:00.000000Z,2.9579,2.9592,2.9547,2.9572,780791.6
2025-07-14T12:29:00.000000Z,2.9572,2.9638,2.9572,2.9638,525151.9
2025-07-14T12:30:00.000000Z,2.9637,2.9638,2.954,2.9551,1273661.5
2025-07-14T12:31:00.000000Z,2.9551,2.9551,2.9484,2.9496,2737120.1
2025-07-14T12:32:00.000000Z,2.9495,2.9594,2.9489,2.9582,2151939.2
2025-07-14T12:33:00.000000Z,2.9581,2.9582,2.9532,2.955,1508379.3
2025-07-14T12:34:00.000000Z,2.955,2.9565,2.9509,2.9541,1358828.5
2025-07-14T12:35:00.000000Z,2.9541,2.9542,2.9438,2.9475,3184016.7
2025-07-14T12:36:00.000000Z,2.9474,2.9512,2.9433,2.9497,1521950.9
2025-07-14T12:37:00.000000Z,2.9497,2.9552,2.9491,2.9537,1191322.0
2025-07-14T12:38:00.000000Z,2.9536,2.959,2.9514,2.9583,1120231.3
2025-07-14T12:39:00.000000Z,2.9583,2.959,2.9526,2.953,772893.9
2025-07-14T12:40:00.000000Z,2.9531,2.9542,2.9492,2.9501,900752.7
2025-07-14T12:41:00.000000Z,2.9501,2.955,2.9459,2.9535,1152681.0
2025-07-14T12:42:00.000000Z,2.9534,2.9534,2.9486,2.9487,561218.0
2025-07-14T12:43:00.000000Z,2.9487,2.9535,2.9465,2.9523,774624.8
2025-07-14T12:44:00.000000Z,2.9522,2.955,2.9497,2.9507,961727.4
2025-07-14T12:45:00.000000Z,2.9507,2.9526,2.9481,2.9518,885678.2
2025-07-14T12:46:00.000000Z,2.9518,2.9546,2.9497,2.9533,565168.9
2025-07-14T12:47:00.000000Z,2.9533,2.9535,2.9486,2.9515,450603.4
2025-07-14T12:48:00.000000Z,2.9514,2.953,2.9491,2.952,471180.3
2025-07-14T12:49:00.000000Z,2.952,2.9568,2.9518,2.9548,732705.5
2025-07-14T12:50:00.000000Z,2.9548,2.9548,2.948,2.9484,811841.0
2025-07-14T12:51:00.000000Z,2.9484,2.9564,2.9445,2.9548,743428.4
2025-07-14T12:52:00.000000Z,2.9549,2.9564,2.9521,2.9521,493705.7
2025-07-14T12:53:00.000000Z,2.952,2.9559,2.9506,2.9534,715922.7
2025-07-14T12:54:00.000000Z,2.9534,2.9534,2.9503,2.9525,347858.6
2025-07-14T12:55:00.000000Z,2.9524,2.9564,2.9514,2.9547,375463.1
2025-07-14T12:56:00.000000Z,2.9547,2.9581,2.9511,2.9536,1299599.2
2025-07-14T12:57:00.000000Z,2.9537,2.9538,2.9482,2.952,875298.6
2025-07-14T12:58:00.000000Z,2.9519,2.9568,2.9484,2.9566,844102.3
2025-07-14T12:59:00.000000Z,2.9567,2.963,2.9566,2.9621,1941363.0
2025-07-14T13:00:00.000000Z,2.962,2.9642,2.9598,2.9641,1098221.8
2025-07-14T13:01:00.000000Z,2.9642,2.9646,2.9606,2.9634,735982.0
2025-07-14T13:02:00.000000Z,2.9634,2.9653,2.9595,2.9611,982978.2
2025-07-14T13:03:00.000000Z,2.9611,2.9636,2.961,2.9627,626295.2
2025-07-14T13:04:00.000000Z,2.9627,2.9678,2.9625,2.9656,1459883.6
2025-07-14T13:05:00.000000Z,2.9655,2.9656,2.9588,2.9631,1411470.9
2025-07-14T13:06:00.000000Z,2.963,2.9668,2.9629,2.9667,682638.5
2025-07-14T13:07:00.000000Z,2.9667,2.9685,2.9649,2.9671,700027.4
2025-07-14T13:08:00.000000Z,2.9672,2.9708,2.9656,2.9662,907001.0
2025-07-14T13:09:00.000000Z,2.9661,2.9677,2.9604,2.9604,603668.4
2025-07-14T13:10:00.000000Z,2.9603,2.9625,2.9577,2.9615,768437.3
2025-07-14T13:11:00.000000Z,2.9615,2.9618,2.9538,2.9541,881793.8
2025-07-14T13:12:00.000000Z,2.9542,2.9569,2.9505,2.9514,775210.8
2025-07-14T13:13:00.000000Z,2.9514,2.9528,2.9505,2.9509,506598.3
2025-07-14T13:14:00.000000Z,2.9508,2.9571,2.9508,2.9544,1024995.3
2025-07-14T13:15:00.000000Z,2.9543,2.9627,2.953,2.9621,816178.9
2025-07-14T13:16:00.000000Z,2.9621,2.9621,2.9552,2.9561,549627.4
2025-07-14T13:17:00.000000Z,2.9562,2.9567,2.9531,2.9534,465679.2
2025-07-14T13:18:00.000000Z,2.9534,2.9562,2.9529,2.9545,595053.2
2025-07-14T13:19:00.000000Z,2.9545,2.9547,2.944,2.9445,3422773.0
2025-07-14T13:20:00.000000Z,2.9445,2.9494,2.9445,2.9482,1385270.8
2025-07-14T13:21:00.000000Z,2.9482,2.9494,2.946,2.9477,529953.2
2025-07-14T13:22:00.000000Z,2.9478,2.9487,2.9445,2.9469,1337217.9
2025-07-14T13:23:00.000000Z,2.9469,2.9526,2.9435,2.9522,575102.7
2025-07-14T13:24:00.000000Z,2.9521,2.9531,2.9496,2.9516,800425.5
2025-07-14T13:25:00.000000Z,2.9516,2.96,2.9508,2.9583,816793.1
2025-07-14T13:26:00.000000Z,2.9583,2.961,2.9582,2.9609,509684.6
2025-07-14T13:27:00.000000Z,2.9609,2.9609,2.9567,2.9597,472891.0
2025-07-14T13:28:00.000000Z,2.9596,2.9596,2.9561,2.9595,689040.7
2025-07-14T13:29:00.000000Z,2.9596,2.9713,2.9594,2.9707,2273917.1
2025-07-14T13:30:00.000000Z,2.9707,2.977,2.9669,2.9704,4196944.9
2025-07-14T13:31:00.000000Z,2.9705,2.976,2.9679,2.974,1445783.0
2025-07-14T13:32:00.000000Z,2.974,2.9874,2.9721,2.9834,3639537.6
2025-07-14T13:33:00.000000Z,2.9834,2.9861,2.9767,2.981,2422711.5
2025-07-14T13:34:00.000000Z,2.9809,2.9871,2.9778,2.9826,3282536.9
2025-07-14T13:35:00.000000Z,2.9827,2.9847,2.9706,2.9808,3636358.2
2025-07-14T13:36:00.000000Z,2.9809,2.9917,2.9765,2.9873,3455320.1
2025-07-14T13:37:00.000000Z,2.9874,2.9959,2.9808,2.9947,3772927.7
2025-07-14T13:38:00.000000Z,2.9947,2.9994,2.9895,2.9969,4826175.7
2025-07-14T13:39:00.000000Z,2.9969,3.001,2.9879,2.992,3927989.2
2025-07-14T13:40:00.000000Z,2.992,2.9999,2.9872,2.9967,2752346.5
2025-07-14T13:41:00.000000Z,2.9967,3.0014,2.9908,2.9928,2824336.2
2025-07-14T13:42:00.000000Z,2.9929,2.9988,2.9925,2.9955,2359857.4
2025-07-14T13:43:00.000000Z,2.9956,2.9969,2.9908,2.9959,1609732.6
2025-07-14T13:44:00.000000Z,2.9958,2.9981,2.9916,2.9933,965393.9
2025-07-14T13:45:00.000000Z,2.9931,2.9975,2.988,2.9969,2770287.6
2025-07-14T13:46:00.000000Z,2.9969,2.9976,2.991,2.9939,2025649.1
2025-07-14T13:47:00.000000Z,2.9939,3.0191,2.9932,3.0157,8171998.4
2025-07-14T13:48:00.000000Z,3.0157,3.027,3.0014,3.0202,10857886.0
2025-07-14T13:49:00.000000Z,3.0202,3.0372,3.0143,3.0149,10949542.0
2025-07-14T13:50:00.000000Z,3.0149,3.0295,3.0142,3.0232,6417153.9
2025-07-14T13:51:00.000000Z,3.0233,3.03,3.0205,3.0294,3159458.9
2025-07-14T13:52:00.000000Z,3.0295,3.0379,3.0221,3.0258,7241228.6
2025-07-14T13:53:00.000000Z,3.0257,3.0258,3.0139,3.0162,2825323.3
2025-07-14T13:54:00.000000Z,3.0164,3.0245,3.0144,3.0215,2512368.4
2025-07-14T13:55:00.000000Z,3.0216,3.0232,3.0133,3.0189,3722061.0
2025-07-14T13:56:00.000000Z,3.0189,3.0189,3.0076,3.0141,4093766.8
2025-07-14T13:57:00.000000Z,3.0141,3.0151,3.0076,3.0078,2083851.6
2025-07-14T13:58:00.000000Z,3.0079,3.0099,3.0006,3.0076,3596187.6
2025-07-14T13:59:00.000000Z,3.0076,3.0119,3.005,3.0053,1583065.3
2025-07-14T14:00:00.000000Z,3.0054,3.019,3.0054,3.0085,2189262.6
2025-07-14T14:01:00.000000Z,3.0085,3.0178,3.0034,3.0177,1856956.3
2025-07-14T14:02:00.000000Z,3.0177,3.0217,3.015,3.0215,1396270.1
2025-07-14T14:03:00.000000Z,3.0216,3.0235,3.0167,3.0182,1764535.9
2025-07-14T14:04:00.000000Z,3.0183,3.0192,3.0122,3.0145,1408797.6
2025-07-14T14:05:00.000000Z,3.0145,3.0236,3.0143,3.0215,1578200.7
2025-07-14T14:06:00.000000Z,3.0216,3.0242,3.0175,3.0179,1568884.8
2025-07-14T14:07:00.000000Z,3.0179,3.0229,3.0159,3.0226,964099.6
2025-07-14T14:08:00.000000Z,3.0227,3.025,3.018,3.0204,1188306.1
2025-07-14T14:09:00.000000Z,3.0204,3.0223,3.0145,3.0178,924797.3
2025-07-14T14:10:00.000000Z,3.0179,3.0193,3.0081,3.0081,2471198.9
2025-07-14T14:11:00.000000Z,3.0082,3.0179,3.006,3.0177,1687992.2
2025-07-14T14:12:00.000000Z,3.0177,3.0185,3.0049,3.0049,1184231.5
2025-07-14T14:13:00.000000Z,3.0049,3.0162,3.0043,3.0153,1246923.6
2025-07-14T14:14:00.000000Z,3.0153,3.0157,3.0097,3.0128,708372.4
2025-07-14T14:15:00.000000Z,3.0128,3.017,3.0074,3.0153,1395536.8
2025-07-14T14:16:00.000000Z,3.0154,3.0163,3.008,3.015,977497.9
2025-07-14T14:17:00.000000Z,3.015,3.0233,3.0112,3.0226,1525502.9
2025-07-14T14:18:00.000000Z,3.0226,3.0289,3.0221,3.0288,1949513.3
2025-07-14T14:19:00.000000Z,3.0288,3.0295,3.0231,3.025,1066446.9
2025-07-14T14:20:00.000000Z,3.0251,3.0348,3.018,3.0188,3910106.5
2025-07-14T14:21:00.000000Z,3.0189,3.0249,3.0172,3.0199,2122275.0
2025-07-14T14:22:00.000000Z,3.0198,3.021,3.0129,3.0145,2127278.2
2025-07-14T14:23:00.000000Z,3.0145,3.019,3.006,3.0143,3284696.3
2025-07-14T14:24:00.000000Z,3.0143,3.0166,3.0085,3.0085,1452588.7
2025-07-14T14:25:00.000000Z,3.0085,3.0119,2.9962,2.9976,3621939.2
2025-07-14T14:26:00.000000Z,2.9974,3.0013,2.9902,2.9918,3989144.7
2025-07-14T14:27:00.000000Z,2.9919,2.9919,2.9769,2.9814,8481546.2
2025-07-14T14:28:00.000000Z,2.9813,2.9924,2.9755,2.9907,3467575.8
2025-07-14T14:29:00.000000Z,2.9907,3.0084,2.9885,3.0013,3550086.1
2025-07-14T14:30:00.000000Z,3.0013,3.0022,2.9892,2.9914,2225263.3
2025-07-14T14:31:00.000000Z,2.9915,2.9957,2.9854,2.9893,1937073.1
2025-07-14T14:32:00.000000Z,2.9892,2.9957,2.9829,2.9897,4912839.4
2025-07-14T14:33:00.000000Z,2.9898,2.991,2.9726,2.9768,3842660.8
2025-07-14T14:34:00.000000Z,2.9769,2.9831,2.9748,2.9806,2575770.1
2025-07-14T14:35:00.000000Z,2.9807,2.9844,2.9752,2.9768,6151953.4
2025-07-14T14:36:00.000000Z,2.9768,2.9807,2.9721,2.9774,2967469.1
2025-07-14T14:37:00.000000Z,2.9773,2.9831,2.9708,2.9746,3056879.3
2025-07-14T14:38:00.000000Z,2.9746,2.9833,2.972,2.9748,2683333.9
2025-07-14T14:39:00.000000Z,2.975,2.9769,2.971,2.9758,1901700.1
2025-07-14T14:40:00.000000Z,2.9759,2.984,2.9732,2.9826,1661924.2
2025-07-14T14:41:00.000000Z,2.9826,2.9829,2.9781,2.9807,1218491.2
2025-07-14T14:42:00.000000Z,2.9806,2.9887,2.9793,2.9821,2209872.4
2025-07-14T14:43:00.000000Z,2.9822,2.9849,2.978,2.9795,1808332.7
2025-07-14T14:44:00.000000Z,2.9794,2.9874,2.9734,2.9872,1848880.2
2025-07-14T14:45:00.000000Z,2.9873,2.9951,2.9847,2.9908,2902334.3
2025-07-14T14:46:00.000000Z,2.9908,2.9973,2.9908,2.9973,1243279.0
2025-07-14T14:47:00.000000Z,2.9974,2.9977,2.9877,2.992,1635323.6
2025-07-14T14:48:00.000000Z,2.9919,2.9943,2.9885,2.9885,1112505.6
2025-07-14T14:49:00.000000Z,2.9886,2.9918,2.9822,2.9823,1327110.7
2025-07-14T14:50:00.000000Z,2.9822,2.9851,2.972,2.9754,2388375.2
2025-07-14T14:51:00.000000Z,2.9755,2.9874,2.975,2.9851,1714144.8
2025-07-14T14:52:00.000000Z,2.9852,2.9882,2.9814,2.9882,1046001.6
2025-07-14T14:53:00.000000Z,2.9882,2.9965,2.986,2.9955,1668637.8
2025-07-14T14:54:00.000000Z,2.9955,3.0,2.9945,2.9949,1581376.6
2025-07-14T14:55:00.000000Z,2.995,3.0068,2.9949,3.0067,3002605.0
2025-07-14T14:56:00.000000Z,3.0067,3.0068,2.9998,3.0011,1390383.5
2025-07-14T14:57:00.000000Z,3.0012,3.0096,3.0005,3.0095,1210366.1
2025-07-14T14:58:00.000000Z,3.0095,3.0178,3.008,3.0106,3060738.3
2025-07-14T14:59:00.000000Z,3.0107,3.0167,3.0092,3.0137,1768653.7
2025-07-14T15:00:00.000000Z,3.0136,3.017,3.0086,3.0143,1738119.8
2025-07-14T15:01:00.000000Z,3.0144,3.0245,3.01,3.0105,4121424.3
2025-07-14T15:02:00.000000Z,3.0105,3.0109,3.0006,3.0016,2045418.7
2025-07-14T15:03:00.000000Z,3.0017,3.0033,2.9958,2.9986,2130974.3
2025-07-14T15:04:00.000000Z,2.9986,2.9992,2.9923,2.9934,1245155.4
2025-07-14T15:05:00.000000Z,2.9934,2.9948,2.9842,2.9845,2280976.2
2025-07-14T15:06:00.000000Z,2.9845,2.9888,2.9725,2.9768,3646731.1
2025-07-14T15:07:00.000000Z,2.9769,2.9843,2.9767,2.982,1850441.5
2025-07-14T15:08:00.000000Z,2.982,2.9822,2.9767,2.9773,1083425.4
2025-07-14T15:09:00.000000Z,2.9774,2.9824,2.9762,2.979,1793410.1
2025-07-14T15:10:00.000000Z,2.979,2.9897,2.9761,2.9842,2875089.9
2025-07-14T15:11:00.000000Z,2.9842,2.9904,2.9827,2.989,1481738.3
2025-07-14T15:12:00.000000Z,2.989,2.989,2.9824,2.985,907864.1
2025-07-14T15:13:00.000000Z,2.9849,2.9907,2.9834,2.9906,1130308.2
2025-07-14T15:14:00.000000Z,2.9906,2.9933,2.9841,2.9879,796339.7
2025-07-14T15:15:00.000000Z,2.988,2.9932,2.9806,2.9832,1186117.4
2025-07-14T15:16:00.000000Z,2.9832,2.9921,2.9806,2.9896,1195477.2
2025-07-14T15:17:00.000000Z,2.9897,2.9922,2.9832,2.9872,1167808.3
2025-07-14T15:18:00.000000Z,2.9873,2.99,2.9797,2.9829,1007121.9
2025-07-14T15:19:00.000000Z,2.983,2.9882,2.9801,2.9841,1419744.8
2025-07-14T15:20:00.000000Z,2.9841,2.9917,2.982,2.9862,1602246.2
2025-07-14T15:21:00.000000Z,2.9863,2.9915,2.981,2.9888,1752851.1
2025-07-14T15:22:00.000000Z,2.9887,2.9914,2.9857,2.9863,1353268.8
2025-07-14T15:23:00.000000Z,2.9861,2.9918,2.9861,2.9909,1348431.0
2025-07-14T15:24:00.000000Z,2.991,2.9961,2.9895,2.9943,1797301.5
2025-07-14T15:25:00.000000Z,2.9943,3.0064,2.9938,2.997,2710221.9
2025-07-14T15:26:00.000000Z,2.997,3.0075,2.997,3.0043,2661654.5
2025-07-14T15:27:00.000000Z,3.0042,3.0087,2.9994,3.0037,2120900.8
2025-07-14T15:28:00.000000Z,3.0037,3.0129,3.0019,3.0075,2675655.7
2025-07-14T15:29:00.000000Z,3.0074,3.013,3.0071,3.0076,1910881.0
2025-07-14T15:30:00.000000Z,3.0076,3.0124,2.9952,2.9957,3265023.1
2025-07-14T15:31:00.000000Z,2.9956,3.0024,2.9911,2.997,2459462.7
2025-07-14T15:32:00.000000Z,2.997,2.9971,2.9897,2.9968,2024938.6
2025-07-14T15:33:00.000000Z,2.9969,2.9983,2.9875,2.9906,2059724.2
2025-07-14T15:34:00.000000Z,2.9905,2.9922,2.9856,2.9888,1379682.5
2025-07-14T15:35:00.000000Z,2.9889,2.9915,2.983,2.9855,2278445.1
2025-07-14T15:36:00.000000Z,2.9854,2.9946,2.9824,2.9923,1697037.4
2025-07-14T15:37:00.000000Z,2.9923,2.993,2.9827,2.9857,1446260.9
2025-07-14T15:38:00.000000Z,2.9857,2.9918,2.9844,2.9896,731707.1
2025-07-14T15:39:00.000000Z,2.9896,2.9902,2.985,2.9857,585715.9
2025-07-14T15:40:00.000000Z,2.9856,2.9911,2.9847,2.9911,849285.8
2025-07-14T15:41:00.000000Z,2.9912,2.9924,2.9851,2.988,1140973.1
2025-07-14T15:42:00.000000Z,2.9881,2.9886,2.982,2.9826,921664.3
2025-07-14T15:43:00.000000Z,2.9826,2.9832,2.9656,2.9781,7064583.2
2025-07-14T15:44:00.000000Z,2.978,2.9781,2.9676,2.9701,2026080.1
2025-07-14T15:45:00.000000Z,2.9701,2.9702,2.9514,2.9532,6662454.1
2025-07-14T15:46:00.000000Z,2.953,2.9626,2.9525,2.9577,2515988.7
2025-07-14T15:47:00.000000Z,2.9577,2.9637,2.9525,2.9548,3092366.6
2025-07-14T15:48:00.000000Z,2.9548,2.9548,2.9337,2.9354,12644629.3
2025-07-14T15:49:00.000000Z,2.9355,2.9424,2.93,2.9369,4638751.0
2025-07-14T15:50:00.000000Z,2.9369,2.9418,2.936,2.9381,2205292.8
2025-07-14T15:51:00.000000Z,2.9381,2.9435,2.93,2.9303,2792887.0
2025-07-14T15:52:00.000000Z,2.9302,2.9309,2.9105,2.9218,10365402.9
2025-07-14T15:53:00.000000Z,2.9217,2.9251,2.9156,2.9169,4195552.3
2025-07-14T15:54:00.000000Z,2.9168,2.9239,2.9105,2.9238,4323075.8
2025-07-14T15:55:00.000000Z,2.9239,2.9267,2.9153,2.9264,3314559.2
2025-07-14T15:56:00.000000Z,2.9265,2.9415,2.9246,2.9358,7199894.5
2025-07-14T15:57:00.000000Z,2.9358,2.9487,2.9358,2.9479,4721030.6
2025-07-14T15:58:00.000000Z,2.9479,2.9491,2.9412,2.9416,3108721.1
2025-07-14T15:59:00.000000Z,2.9416,2.949,2.9416,2.948,2476190.2
2025-07-14T16:00:00.000000Z,2.9481,2.9484,2.941,2.9468,2937888.6
2025-07-14T16:01:00.000000Z,2.9468,2.953,2.9415,2.9527,2137739.4
2025-07-14T16:02:00.000000Z,2.9527,2.9528,2.9387,2.9434,1691358.2
2025-07-14T16:03:00.000000Z,2.9434,2.9461,2.9391,2.9434,1395296.4
2025-07-14T16:04:00.000000Z,2.9434,2.9435,2.9351,2.9369,1497873.8
2025-07-14T16:05:00.000000Z,2.937,2.9412,2.926,2.9272,2938599.4
2025-07-14T16:06:00.000000Z,2.9272,2.9342,2.9272,2.9309,1842375.3
2025-07-14T16:07:00.000000Z,2.931,2.935,2.9282,2.929,873249.1
2025-07-14T16:08:00.000000Z,2.9291,2.9329,2.9244,2.9267,1697600.4
2025-07-14T16:09:00.000000Z,2.9268,2.9333,2.9231,2.9316,2143892.8
2025-07-14T16:10:00.000000Z,2.9315,2.9365,2.9235,2.9253,1944708.5
2025-07-14T16:11:00.000000Z,2.9253,2.9279,2.9221,2.9234,1391472.6
2025-07-14T16:12:00.000000Z,2.9233,2.9233,2.9189,2.9219,1185767.2
2025-07-14T16:13:00.000000Z,2.922,2.9301,2.9219,2.929,3152159.6
2025-07-14T16:14:00.000000Z,2.9291,2.9292,2.9206,2.9259,1379377.4
2025-07-14T16:15:00.000000Z,2.9259,2.9379,2.9221,2.9301,3158538.4
2025-07-14T16:16:00.000000Z,2.9301,2.9387,2.9292,2.9304,3103925.0
2025-07-14T16:17:00.000000Z,2.9304,2.9395,2.9302,2.9382,1173263.8
2025-07-14T16:18:00.000000Z,2.9382,2.9474,2.9378,2.9447,2057353.5
2025-07-14T16:19:00.000000Z,2.9448,2.956,2.943,2.951,3239120.1
2025-07-14T16:20:00.000000Z,2.951,2.955,2.943,2.9542,4695977.4
2025-07-14T16:21:00.000000Z,2.9542,2.9605,2.951,2.9605,2871987.0
2025-07-14T16:22:00.000000Z,2.9604,2.9611,2.9503,2.9523,1743811.7
2025-07-14T16:23:00.000000Z,2.9523,2.9568,2.9488,2.9563,2150456.9
2025-07-14T16:24:00.000000Z,2.9563,2.9619,2.9516,2.9583,2256784.0
2025-07-14T16:25:00.000000Z,2.9583,2.9631,2.9572,2.9626,1671547.2
2025-07-14T16:26:00.000000Z,2.9625,2.9641,2.9589,2.9616,1463505.7
2025-07-14T16:27:00.000000Z,2.9617,2.9646,2.9593,2.9617,1400382.5
2025-07-14T16:28:00.000000Z,2.9617,2.9639,2.9586,2.9606,1424562.6
2025-07-14T16:29:00.000000Z,2.9605,2.9657,2.9593,2.9652,1330514.0
2025-07-14T16:30:00.000000Z,2.9652,2.9656,2.9593,2.9595,1711119.7
2025-07-14T16:31:00.000000Z,2.9595,2.9595,2.9525,2.9559,1877203.9
2025-07-14T16:32:00.000000Z,2.956,2.9681,2.956,2.9659,1223269.5
2025-07-14T16:33:00.000000Z,2.9659,2.9696,2.9635,2.9635,1365443.4
2025-07-14T16:34:00.000000Z,2.9635,2.966,2.9618,2.9635,581793.2
2025-07-14T16:35:00.000000Z,2.9636,2.9739,2.9636,2.9705,1553204.1
2025-07-14T16:36:00.000000Z,2.9705,2.9734,2.967,2.9697,1067865.0
2025-07-14T16:37:00.000000Z,2.9698,2.9712,2.9672,2.9678,692982.8
2025-07-14T16:38:00.000000Z,2.9677,2.9746,2.9665,2.9738,954639.9
2025-07-14T16:39:00.000000Z,2.9739,2.9836,2.9736,2.9831,2436610.0
2025-07-14T16:40:00.000000Z,2.983,2.9857,2.9804,2.9857,1899348.3
2025-07-14T16:41:00.000000Z,2.9857,2.9882,2.9829,2.9879,2222227.2
2025-07-14T16:42:00.000000Z,2.9879,2.9886,2.9822,2.9824,1283532.8
2025-07-14T16:43:00.000000Z,2.9825,2.9834,2.9787,2.9821,1766933.1
2025-07-14T16:44:00.000000Z,2.9821,2.9821,2.9783,2.9795,767065.9
2025-07-14T16:45:00.000000Z,2.9795,2.9796,2.971,2.9711,1006641.3
2025-07-14T16:46:00.000000Z,2.971,2.9899,2.97,2.9896,2795836.1
2025-07-14T16:47:00.000000Z,2.9895,2.993,2.9845,2.9912,2386412.8
2025-07-14T16:48:00.000000Z,2.9912,2.9964,2.9873,2.9956,1056982.4
2025-07-14T16:49:00.000000Z,2.9955,2.997,2.9924,2.9966,1386957.1
2025-07-14T16:50:00.000000Z,2.9965,3.0,2.9911,2.9988,3374595.4
2025-07-14T16:51:00.000000Z,2.9987,3.0037,2.996,3.0006,2458580.9
2025-07-14T16:52:00.000000Z,3.0006,3.0038,2.9995,3.0011,2113315.2
2025-07-14T16:53:00.000000Z,3.0011,3.0021,2.9935,2.9935,1156988.8
2025-07-14T16:54:00.000000Z,2.9935,2.9994,2.9924,2.9991,1118495.4
2025-07-14T16:55:00.000000Z,2.9991,2.9999,2.9914,2.9939,1529728.3
2025-07-14T16:56:00.000000Z,2.994,2.9988,2.9913,2.9915,794725.3
2025-07-14T16:57:00.000000Z,2.9916,2.998,2.9907,2.9975,877789.2
2025-07-14T16:58:00.000000Z,2.9974,2.9979,2.9938,2.9946,956347.2
2025-07-14T16:59:00.000000Z,2.9947,2.9959,2.9934,2.9946,266458.7
2025-07-14T17:00:00.000000Z,2.9947,2.9972,2.9906,2.9906,978388.8
2025-07-14T17:01:00.000000Z,2.9907,2.9907,2.9806,2.9818,2426605.4
2025-07-14T17:02:00.000000Z,2.9817,2.9855,2.9801,2.9848,1267255.9
2025-07-14T17:03:00.000000Z,2.9847,2.9864,2.9806,2.9818,1107438.4
2025-07-14T17:04:00.000000Z,2.9816,2.9834,2.9735,2.9808,3298924.3
2025-07-14T17:05:00.000000Z,2.9807,2.9844,2.9763,2.984,1275208.0
2025-07-14T17:06:00.000000Z,2.984,2.9851,2.9785,2.9807,1143830.6
2025-07-14T17:07:00.000000Z,2.9806,2.9823,2.9786,2.9801,488721.0
2025-07-14T17:08:00.000000Z,2.9801,2.9817,2.9764,2.9764,931305.3
2025-07-14T17:09:00.000000Z,2.9764,2.9794,2.9761,2.9765,839113.7
2025-07-14T17:10:00.000000Z,2.9765,2.9773,2.9676,2.972,2727977.6
2025-07-14T17:11:00.000000Z,2.972,2.9798,2.9718,2.9784,914982.4
2025-07-14T17:12:00.000000Z,2.9784,2.98,2.976,2.9775,883236.9
2025-07-14T17:13:00.000000Z,2.9775,2.9793,2.9741,2.9754,872061.5
2025-07-14T17:14:00.000000Z,2.9752,2.9752,2.97,2.9721,1015503.4
2025-07-14T17:15:00.000000Z,2.972,2.9724,2.9659,2.9688,2604893.3
2025-07-14T17:16:00.000000Z,2.9687,2.9724,2.9629,2.9679,1704303.7
2025-07-14T17:17:00.000000Z,2.9678,2.9694,2.9657,2.9691,572137.0
2025-07-14T17:18:00.000000Z,2.969,2.9691,2.9663,2.9673,577238.3
2025-07-14T17:19:00.000000Z,2.9672,2.9675,2.9627,2.9629,694829.8
2025-07-14T17:20:00.000000Z,2.9629,2.9645,2.9556,2.9594,1646571.1
2025-07-14T17:21:00.000000Z,2.9593,2.9611,2.9549,2.9582,1453755.6
2025-07-14T17:22:00.000000Z,2.9581,2.9583,2.9533,2.9568,976854.8
2025-07-14T17:23:00.000000Z,2.9568,2.9577,2.954,2.9567,934101.8
2025-07-14T17:24:00.000000Z,2.9567,2.9623,2.9541,2.9623,699834.6
2025-07-14T17:25:00.000000Z,2.9623,2.97,2.9618,2.9671,1950238.0
2025-07-14T17:26:00.000000Z,2.9671,2.9681,2.955,2.9551,803494.2
2025-07-14T17:27:00.000000Z,2.955,2.9576,2.9536,2.9573,505484.9
2025-07-14T17:28:00.000000Z,2.9572,2.9578,2.9548,2.9555,374942.6
2025-07-14T17:29:00.000000Z,2.9555,2.9601,2.9553,2.9587,458958.0
2025-07-14T17:30:00.000000Z,2.9587,2.9607,2.9557,2.9564,840969.9
2025-07-14T17:31:00.000000Z,2.9565,2.9635,2.9564,2.9628,580501.1
2025-07-14T17:32:00.000000Z,2.9628,2.9668,2.9618,2.9658,1075091.3
2025-07-14T17:33:00.000000Z,2.9658,2.9668,2.9621,2.9643,573766.3
2025-07-14T17:34:00.000000Z,2.9644,2.9666,2.9597,2.962,721166.3
2025-07-14T17:35:00.000000Z,2.962,2.962,2.9573,2.9584,407924.6
2025-07-14T17:36:00.000000Z,2.9583,2.9584,2.9508,2.9508,870772.8
2025-07-14T17:37:00.000000Z,2.9508,2.9509,2.9461,2.9496,1629652.8
2025-07-14T17:38:00.000000Z,2.9495,2.9495,2.9451,2.9471,824213.6
2025-07-14T17:39:00.000000Z,2.9471,2.9471,2.9362,2.9395,2071572.2
2025-07-14T17:40:00.000000Z,2.9395,2.9453,2.9381,2.9442,2070425.2
2025-07-14T17:41:00.000000Z,2.9443,2.947,2.9426,2.947,957107.6
2025-07-14T17:42:00.000000Z,2.947,2.9493,2.9397,2.9401,1048786.6
2025-07-14T17:43:00.000000Z,2.94,2.9473,2.94,2.9472,601237.4
2025-07-14T17:44:00.000000Z,2.9472,2.9472,2.9405,2.9414,746547.3
2025-07-14T17:45:00.000000Z,2.9415,2.9459,2.9408,2.9432,473414.8
2025-07-14T17:46:00.000000Z,2.9431,2.9435,2.938,2.9401,652694.5
2025-07-14T17:47:00.000000Z,2.9402,2.943,2.9381,2.9423,756020.1
2025-07-14T17:48:00.000000Z,2.9424,2.9497,2.9423,2.9497,481568.4
2025-07-14T17:49:00.000000Z,2.9496,2.9501,2.9446,2.9474,565772.8
2025-07-14T17:50:00.000000Z,2.9474,2.9486,2.9449,2.9451,412811.1
2025-07-14T17:51:00.000000Z,2.945,2.9472,2.9424,2.9466,549748.4
2025-07-14T17:52:00.000000Z,2.9466,2.9468,2.9435,2.9436,292170.2
2025-07-14T17:53:00.000000Z,2.9436,2.9486,2.9428,2.9479,552619.4
2025-07-14T17:54:00.000000Z,2.9478,2.9478,2.9434,2.9448,446093.2
2025-07-14T17:55:00.000000Z,2.9449,2.9507,2.9448,2.9488,730931.6
2025-07-14T17:56:00.000000Z,2.9488,2.9508,2.9472,2.9479,386482.4
2025-07-14T17:57:00.000000Z,2.9478,2.9514,2.9476,2.9498,366237.3
2025-07-14T17:58:00.000000Z,2.9497,2.9524,2.9486,2.9508,595316.4
2025-07-14T17:59:00.000000Z,2.9509,2.9524,2.9499,2.9524,244095.0
2025-07-14T18:00:00.000000Z,2.9524,2.9584,2.9519,2.9564,1682926.7
2025-07-14T18:01:00.000000Z,2.9564,2.9574,2.9488,2.9507,671897.8
2025-07-14T18:02:00.000000Z,2.9506,2.9518,2.9425,2.9426,693735.1
2025-07-14T18:03:00.000000Z,2.9426,2.9488,2.9426,2.9439,343212.8
2025-07-14T18:04:00.000000Z,2.9439,2.9478,2.943,2.943,402641.6
2025-07-14T18:05:00.000000Z,2.9431,2.946,2.9426,2.9458,329883.5
2025-07-14T18:06:00.000000Z,2.9458,2.9523,2.9445,2.9507,675679.8
2025-07-14T18:07:00.000000Z,2.9508,2.951,2.9453,2.9458,924721.5
2025-07-14T18:08:00.000000Z,2.9458,2.948,2.9424,2.9425,283431.2
2025-07-14T18:09:00.000000Z,2.9424,2.944,2.9392,2.9412,1139301.1
2025-07-14T18:10:00.000000Z,2.9411,2.9488,2.9396,2.9481,1117668.5
2025-07-14T18:11:00.000000Z,2.9481,2.955,2.9481,2.9543,659886.6
2025-07-14T18:12:00.000000Z,2.9543,2.9557,2.9479,2.9488,393889.4
2025-07-14T18:13:00.000000Z,2.9489,2.9521,2.9473,2.9516,801108.8
2025-07-14T18:14:00.000000Z,2.9517,2.9538,2.9448,2.9454,1490826.4
2025-07-14T18:15:00.000000Z,2.9454,2.9506,2.9435,2.9493,561369.7
2025-07-14T18:16:00.000000Z,2.9493,2.9536,2.9479,2.9484,337390.9
2025-07-14T18:17:00.000000Z,2.9483,2.9483,2.9446,2.9455,381065.5
2025-07-14T18:18:00.000000Z,2.9455,2.9502,2.9418,2.9489,908019.7
2025-07-14T18:19:00.000000Z,2.949,2.9495,2.9459,2.9459,233902.8
2025-07-14T18:20:00.000000Z,2.9459,2.9467,2.9426,2.9445,413172.6
2025-07-14T18:21:00.000000Z,2.9445,2.9473,2.9444,2.9469,277059.4
2025-07-14T18:22:00.000000Z,2.9469,2.9525,2.9463,2.9497,343576.1
2025-07-14T18:23:00.000000Z,2.9498,2.9524,2.9465,2.9511,310154.2
2025-07-14T18:24:00.000000Z,2.9512,2.9527,2.9509,2.9526,254542.8
2025-07-14T18:25:00.000000Z,2.9525,2.9598,2.9525,2.9587,650934.4
2025-07-14T18:26:00.000000Z,2.9587,2.9603,2.9566,2.9572,458580.8
2025-07-14T18:27:00.000000Z,2.9571,2.9572,2.9522,2.9535,566297.4
2025-07-14T18:28:00.000000Z,2.9536,2.9583,2.9536,2.9553,291290.8
2025-07-14T18:29:00.000000Z,2.9553,2.9582,2.9546,2.9555,598333.7
2025-07-14T18:30:00.000000Z,2.9555,2.9577,2.9541,2.9556,688163.8
2025-07-14T18:31:00.000000Z,2.9556,2.9587,2.954,2.9571,312590.9
2025-07-14T18:32:00.000000Z,2.9569,2.96,2.9545,2.9546,386729.6
2025-07-14T18:33:00.000000Z,2.9545,2.9546,2.9502,2.9512,326886.2
2025-07-14T18:34:00.000000Z,2.9511,2.9511,2.9465,2.9466,215839.3
2025-07-14T18:35:00.000000Z,2.9465,2.9476,2.9401,2.9404,507606.6
2025-07-14T18:36:00.000000Z,2.9405,2.9417,2.9237,2.9253,4368569.4
2025-07-14T18:37:00.000000Z,2.9254,2.9297,2.9228,2.9287,1499567.3
2025-07-14T18:38:00.000000Z,2.9286,2.9353,2.9286,2.9295,1746103.4
2025-07-14T18:39:00.000000Z,2.9294,2.932,2.9294,2.9302,442835.6
2025-07-14T18:40:00.000000Z,2.9303,2.9386,2.9292,2.9368,558441.6
2025-07-14T18:41:00.000000Z,2.9368,2.9382,2.9341,2.9348,432140.3
2025-07-14T18:42:00.000000Z,2.9348,2.9357,2.9324,2.9349,665467.7
2025-07-14T18:43:00.000000Z,2.9349,2.938,2.9348,2.9375,404115.5
2025-07-14T18:44:00.000000Z,2.9375,2.938,2.9363,2.9376,184804.2
2025-07-14T18:45:00.000000Z,2.9376,2.9377,2.932,2.9323,773705.1
2025-07-14T18:46:00.000000Z,2.9323,2.9368,2.9317,2.9355,541247.6
2025-07-14T18:47:00.000000Z,2.9355,2.9359,2.9316,2.9343,367779.9
2025-07-14T18:48:00.000000Z,2.9344,2.9344,2.9283,2.9286,615569.4
2025-07-14T18:49:00.000000Z,2.9286,2.9304,2.9258,2.9297,825069.9
2025-07-14T18:50:00.000000Z,2.9296,2.931,2.9257,2.9283,841907.5
2025-07-14T18:51:00.000000Z,2.9283,2.9299,2.9215,2.9227,1016202.2
2025-07-14T18:52:00.000000Z,2.9231,2.9242,2.9172,2.9189,2169247.7
2025-07-14T18:53:00.000000Z,2.9189,2.9219,2.9143,2.9178,2632606.5
2025-07-14T18:54:00.000000Z,2.9177,2.9208,2.9168,2.9175,1278994.0
2025-07-14T18:55:00.000000Z,2.9174,2.9192,2.912,2.9147,1327125.6
2025-07-14T18:56:00.000000Z,2.9147,2.9205,2.9146,2.9198,825909.1
2025-07-14T18:57:00.000000Z,2.9198,2.9241,2.9192,2.921,1234708.4
2025-07-14T18:58:00.000000Z,2.9209,2.9224,2.9161,2.9161,625919.9
2025-07-14T18:59:00.000000Z,2.9161,2.9188,2.9157,2.9163,1110756.1
2025-07-14T19:00:00.000000Z,2.9162,2.9218,2.9124,2.9209,1300599.2
2025-07-14T19:01:00.000000Z,2.9209,2.9238,2.9192,2.9238,665116.3
2025-07-14T19:02:00.000000Z,2.9239,2.9323,2.9237,2.9296,1416955.2
2025-07-14T19:03:00.000000Z,2.9295,2.9405,2.9295,2.9365,2737559.8
2025-07-14T19:04:00.000000Z,2.9365,2.9382,2.934,2.9381,637621.3
2025-07-14T19:05:00.000000Z,2.938,2.9403,2.9357,2.9388,674190.8
2025-07-14T19:06:00.000000Z,2.9387,2.9433,2.9363,2.9428,728748.1
2025-07-14T19:07:00.000000Z,2.9427,2.9427,2.9371,2.9377,875947.1
2025-07-14T19:08:00.000000Z,2.9377,2.9378,2.9319,2.9327,1083172.6
2025-07-14T19:09:00.000000Z,2.9328,2.9367,2.9322,2.9363,601843.7
2025-07-14T19:10:00.000000Z,2.9364,2.9369,2.9301,2.9316,539670.9
2025-07-14T19:11:00.000000Z,2.9315,2.9315,2.9279,2.929,526930.3
2025-07-14T19:12:00.000000Z,2.9289,2.9289,2.9209,2.921,1408948.2
2025-07-14T19:13:00.000000Z,2.9209,2.9218,2.9168,2.9196,876667.8
2025-07-14T19:14:00.000000Z,2.9196,2.9268,2.919,2.9266,1667519.5
2025-07-14T19:15:00.000000Z,2.9266,2.9266,2.9202,2.9206,886293.0
2025-07-14T19:16:00.000000Z,2.9206,2.9244,2.9176,2.9239,604723.3
2025-07-14T19:17:00.000000Z,2.924,2.9259,2.9212,2.9233,473934.8
2025-07-14T19:18:00.000000Z,2.9233,2.925,2.9205,2.922,237415.3
2025-07-14T19:19:00.000000Z,2.922,2.9236,2.9188,2.9202,343945.4
2025-07-14T19:20:00.000000Z,2.92,2.9259,2.9196,2.9257,537423.2
2025-07-14T19:21:00.000000Z,2.9257,2.9262,2.9231,2.9258,568835.5
2025-07-14T19:22:00.000000Z,2.9258,2.927,2.9237,2.9243,419398.7
2025-07-14T19:23:00.000000Z,2.9243,2.9248,2.9226,2.9229,232619.4
2025-07-14T19:24:00.000000Z,2.923,2.9243,2.9204,2.9228,264861.3
2025-07-14T19:25:00.000000Z,2.9227,2.929,2.9216,2.9289,330572.2
2025-07-14T19:26:00.000000Z,2.929,2.9309,2.9279,2.9291,427717.6
2025-07-14T19:27:00.000000Z,2.929,2.9327,2.9279,2.9297,389127.6
2025-07-14T19:28:00.000000Z,2.9298,2.9298,2.9255,2.9267,158077.5
2025-07-14T19:29:00.000000Z,2.9267,2.9276,2.9256,2.9266,216928.4
2025-07-14T19:30:00.000000Z,2.9267,2.9318,2.9265,2.9314,252881.9
2025-07-14T19:31:00.000000Z,2.9313,2.9325,2.9261,2.9268,393922.6
2025-07-14T19:32:00.000000Z,2.9267,2.9306,2.9248,2.9301,439001.7
2025-07-14T19:33:00.000000Z,2.93,2.9308,2.9253,2.9272,570316.6
2025-07-14T19:34:00.000000Z,2.9271,2.9316,2.9271,2.9298,283628.6
2025-07-14T19:35:00.000000Z,2.9297,2.9336,2.929,2.9324,334957.5
2025-07-14T19:36:00.000000Z,2.9323,2.9323,2.9275,2.9275,288608.9
2025-07-14T19:37:00.000000Z,2.9275,2.9292,2.923,2.9244,446255.6
2025-07-14T19:38:00.000000Z,2.9243,2.9299,2.923,2.926,498338.2
2025-07-14T19:39:00.000000Z,2.926,2.9262,2.9203,2.926,1567255.0
2025-07-14T19:40:00.000000Z,2.9259,2.9259,2.9214,2.9215,265849.2
2025-07-14T19:41:00.000000Z,2.9215,2.9252,2.9214,2.9234,579761.0
2025-07-14T19:42:00.000000Z,2.9233,2.9243,2.9213,2.924,170236.5
2025-07-14T19:43:00.000000Z,2.9239,2.9253,2.9225,2.9239,128185.4
2025-07-14T19:44:00.000000Z,2.9239,2.9271,2.9234,2.9271,190998.2
2025-07-14T19:45:00.000000Z,2.927,2.927,2.9208,2.9209,290380.9
2025-07-14T19:46:00.000000Z,2.9209,2.9241,2.9196,2.9206,532919.4
2025-07-14T19:47:00.000000Z,2.9205,2.9214,2.9193,2.9195,265927.1
2025-07-14T19:48:00.000000Z,2.9194,2.9198,2.9125,2.9127,1241210.9
2025-07-14T19:49:00.000000Z,2.9126,2.9145,2.912,2.9138,796929.4
2025-07-14T19:50:00.000000Z,2.9139,2.919,2.9128,2.9174,522632.1
2025-07-14T19:51:00.000000Z,2.9173,2.9174,2.9139,2.9155,257013.9
2025-07-14T19:52:00.000000Z,2.9154,2.9232,2.9154,2.9207,603570.3
2025-07-14T19:53:00.000000Z,2.9206,2.9207,2.9183,2.9199,298283.6
2025-07-14T19:54:00.000000Z,2.9198,2.925,2.9196,2.9231,425538.2
2025-07-14T19:55:00.000000Z,2.923,2.923,2.9194,2.9205,295903.5
2025-07-14T19:56:00.000000Z,2.9204,2.9205,2.9108,2.9151,1008210.2
2025-07-14T19:57:00.000000Z,2.9151,2.9166,2.9147,2.9159,532073.5
2025-07-14T19:58:00.000000Z,2.9159,2.9226,2.9159,2.9221,348539.5
2025-07-14T19:59:00.000000Z,2.922,2.9315,2.922,2.9308,2226579.5
2025-07-14T20:00:00.000000Z,2.9307,2.9313,2.9188,2.9189,1018977.9
2025-07-14T20:01:00.000000Z,2.9188,2.9221,2.9165,2.9203,756068.2
2025-07-14T20:02:00.000000Z,2.9203,2.9216,2.9174,2.9182,461532.7
2025-07-14T20:03:00.000000Z,2.9183,2.9194,2.9128,2.9152,670521.3
2025-07-14T20:04:00.000000Z,2.9152,2.918,2.9117,2.9159,604580.4
2025-07-14T20:05:00.000000Z,2.9158,2.9173,2.9035,2.9036,2897971.0
2025-07-14T20:06:00.000000Z,2.9035,2.906,2.8928,2.8954,5728233.6
2025-07-14T20:07:00.000000Z,2.8955,2.9023,2.8931,2.9017,1679669.8
2025-07-14T20:08:00.000000Z,2.9016,2.9026,2.896,2.9004,1695179.1
2025-07-14T20:09:00.000000Z,2.9004,2.9032,2.8937,2.8938,1256212.5
2025-07-14T20:10:00.000000Z,2.8937,2.8951,2.8908,2.892,2061071.2
2025-07-14T20:11:00.000000Z,2.892,2.8959,2.8901,2.8959,1596688.1
2025-07-14T20:12:00.000000Z,2.8959,2.8959,2.8926,2.8956,713421.6
2025-07-14T20:13:00.000000Z,2.8956,2.9,2.8933,2.8933,1335049.5
2025-07-14T20:14:00.000000Z,2.8933,2.8969,2.8933,2.8935,1061653.8
2025-07-14T20:15:00.000000Z,2.8935,2.895,2.8827,2.8882,4640812.6
2025-07-14T20:16:00.000000Z,2.8882,2.889,2.878,2.8814,4508943.0
2025-07-14T20:17:00.000000Z,2.8816,2.8858,2.8765,2.8843,3791750.3
2025-07-14T20:18:00.000000Z,2.8843,2.8927,2.8825,2.8922,1667246.2
2025-07-14T20:19:00.000000Z,2.8922,2.9003,2.89,2.8974,1239851.0
2025-07-14T20:20:00.000000Z,2.8973,2.8973,2.8851,2.8951,3102352.8
2025-07-14T20:21:00.000000Z,2.8952,2.8952,2.8806,2.89,2237298.6
2025-07-14T20:22:00.000000Z,2.8899,2.892,2.8863,2.8886,1107140.2
2025-07-14T20:23:00.000000Z,2.8886,2.895,2.8864,2.895,920496.4
2025-07-14T20:24:00.000000Z,2.8949,2.9019,2.8941,2.8998,1325915.6
2025-07-14T20:25:00.000000Z,2.8999,2.9014,2.8984,2.9006,533169.5
2025-07-14T20:26:00.000000Z,2.9005,2.9005,2.8924,2.8926,781984.3
2025-07-14T20:27:00.000000Z,2.8927,2.9015,2.8927,2.9012,573500.0
2025-07-14T20:28:00.000000Z,2.9011,2.902,2.8993,2.9,638860.8
2025-07-14T20:29:00.000000Z,2.9,2.905,2.9,2.904,717449.6
2025-07-14T20:30:00.000000Z,2.9041,2.907,2.9,2.9053,800809.3
2025-07-14T20:31:00.000000Z,2.9052,2.9084,2.9048,2.9062,945304.3
2025-07-14T20:32:00.000000Z,2.9063,2.9118,2.9031,2.9042,1982495.8
2025-07-14T20:33:00.000000Z,2.9043,2.9117,2.9041,2.9101,818769.9
2025-07-14T20:34:00.000000Z,2.9102,2.9174,2.9101,2.9129,1511743.8
2025-07-14T20:35:00.000000Z,2.9129,2.9159,2.9101,2.9159,660932.6
2025-07-14T20:36:00.000000Z,2.9159,2.9166,2.9087,2.9103,1256109.0
2025-07-14T20:37:00.000000Z,2.9103,2.9115,2.9082,2.911,331706.6
2025-07-14T20:38:00.000000Z,2.9109,2.9113,2.9087,2.9113,334600.0
2025-07-14T20:39:00.000000Z,2.9112,2.9167,2.9112,2.9157,448003.7
2025-07-14T20:40:00.000000Z,2.9157,2.9157,2.9137,2.9152,391679.9
2025-07-14T20:41:00.000000Z,2.9151,2.9193,2.9146,2.9191,706495.2
2025-07-14T20:42:00.000000Z,2.9191,2.92,2.9171,2.9177,377787.9
2025-07-14T20:43:00.000000Z,2.9176,2.9212,2.9168,2.9201,478608.9
2025-07-14T20:44:00.000000Z,2.9201,2.9218,2.9175,2.9183,933645.0
2025-07-14T20:45:00.000000Z,2.9183,2.92,2.9155,2.9179,838888.9
2025-07-14T20:46:00.000000Z,2.9179,2.9205,2.917,2.9196,261770.2
2025-07-14T20:47:00.000000Z,2.9195,2.9252,2.9195,2.9252,604388.6
2025-07-14T20:48:00.000000Z,2.9251,2.9262,2.9213,2.9261,499877.0
2025-07-14T20:49:00.000000Z,2.9262,2.928,2.9257,2.9272,571920.2
2025-07-14T20:50:00.000000Z,2.9272,2.9313,2.9227,2.9231,1633883.3
2025-07-14T20:51:00.000000Z,2.923,2.9274,2.9214,2.9254,660277.6
2025-07-14T20:52:00.000000Z,2.9254,2.928,2.9228,2.9249,399145.6
2025-07-14T20:53:00.000000Z,2.9249,2.9356,2.924,2.9347,719169.3
2025-07-14T20:54:00.000000Z,2.9348,2.9373,2.9315,2.9369,1303104.5
2025-07-14T20:55:00.000000Z,2.9369,2.9371,2.9345,2.9353,704739.7
2025-07-14T20:56:00.000000Z,2.9353,2.9357,2.9291,2.9308,717109.6
2025-07-14T20:57:00.000000Z,2.9308,2.933,2.927,2.9312,566736.0
2025-07-14T20:58:00.000000Z,2.9311,2.9331,2.9281,2.9281,1465893.0
2025-07-14T20:59:00.000000Z,2.9281,2.9295,2.9227,2.9238,974572.4
2025-07-14T21:00:00.000000Z,2.9238,2.9243,2.9178,2.9181,1145956.2
2025-07-14T21:01:00.000000Z,2.9181,2.9212,2.9172,2.9181,928634.8
2025-07-14T21:02:00.000000Z,2.918,2.9267,2.917,2.9266,558738.7
2025-07-14T21:03:00.000000Z,2.9265,2.9267,2.9239,2.9259,363031.8
2025-07-14T21:04:00.000000Z,2.9259,2.9279,2.9245,2.9255,438346.5
2025-07-14T21:05:00.000000Z,2.9255,2.9286,2.9243,2.9274,1107256.3
2025-07-14T21:06:00.000000Z,2.9275,2.9286,2.9215,2.9222,290266.5
2025-07-14T21:07:00.000000Z,2.9222,2.9263,2.9209,2.924,703003.3
2025-07-14T21:08:00.000000Z,2.924,2.9265,2.9223,2.9264,265578.4
2025-07-14T21:09:00.000000Z,2.9265,2.9289,2.9244,2.9279,293012.3
2025-07-14T21:10:00.000000Z,2.9279,2.9282,2.9224,2.9244,426185.7
2025-07-14T21:11:00.000000Z,2.9243,2.926,2.9243,2.9253,244823.9
2025-07-14T21:12:00.000000Z,2.9252,2.928,2.9252,2.926,229202.3
2025-07-14T21:13:00.000000Z,2.9259,2.9265,2.9229,2.9259,191327.8
2025-07-14T21:14:00.000000Z,2.9259,2.9259,2.9201,2.9201,382048.7
2025-07-14T21:15:00.000000Z,2.92,2.9288,2.9181,2.9287,505175.0
2025-07-14T21:16:00.000000Z,2.9287,2.9325,2.9281,2.932,591004.9
2025-07-14T21:17:00.000000Z,2.9321,2.9321,2.9286,2.9313,315616.0
2025-07-14T21:18:00.000000Z,2.9314,2.9344,2.9296,2.9313,429768.8
2025-07-14T21:19:00.000000Z,2.9313,2.9332,2.9254,2.9254,614164.7
2025-07-14T21:20:00.000000Z,2.9255,2.9282,2.9251,2.9255,291289.1
2025-07-14T21:21:00.000000Z,2.9256,2.933,2.9256,2.9322,271850.1
2025-07-14T21:22:00.000000Z,2.9322,2.9349,2.9308,2.9328,457254.4
2025-07-14T21:23:00.000000Z,2.9328,2.9348,2.9301,2.934,378089.1
2025-07-14T21:24:00.000000Z,2.9339,2.9339,2.9307,2.9312,211558.8
2025-07-14T21:25:00.000000Z,2.9312,2.9336,2.9273,2.9336,268863.6
2025-07-14T21:26:00.000000Z,2.9337,2.9347,2.9313,2.9336,257555.3
2025-07-14T21:27:00.000000Z,2.9335,2.9346,2.9328,2.9332,165596.8
2025-07-14T21:28:00.000000Z,2.9332,2.9336,2.932,2.9335,101591.3
2025-07-14T21:29:00.000000Z,2.9335,2.9365,2.9275,2.9314,1168418.1
2025-07-14T21:30:00.000000Z,2.9315,2.9321,2.9265,2.931,563535.8
2025-07-14T21:31:00.000000Z,2.931,2.9313,2.9289,2.9311,217102.9
2025-07-14T21:32:00.000000Z,2.9311,2.9354,2.9307,2.9348,286675.5
2025-07-14T21:33:00.000000Z,2.9349,2.9354,2.9302,2.9338,744521.5
2025-07-14T21:34:00.000000Z,2.9339,2.9384,2.9307,2.9383,453347.3
2025-07-14T21:35:00.000000Z,2.9383,2.9383,2.9367,2.9379,234731.1
2025-07-14T21:36:00.000000Z,2.9379,2.944,2.9376,2.9434,1089287.0
2025-07-14T21:37:00.000000Z,2.9435,2.9435,2.937,2.942,651066.1
2025-07-14T21:38:00.000000Z,2.9418,2.9435,2.9411,2.9435,252573.7
2025-07-14T21:39:00.000000Z,2.9435,2.9485,2.9432,2.9475,552993.1
2025-07-14T21:40:00.000000Z,2.9475,2.9475,2.9434,2.9447,415293.8
2025-07-14T21:41:00.000000Z,2.9448,2.946,2.9427,2.9449,558958.4
2025-07-14T21:42:00.000000Z,2.9449,2.9454,2.9369,2.9379,1517758.6
2025-07-14T21:43:00.000000Z,2.938,2.9427,2.9379,2.9427,306088.2
2025-07-14T21:44:00.000000Z,2.9427,2.9437,2.9389,2.9405,416410.9
2025-07-14T21:45:00.000000Z,2.9405,2.941,2.9374,2.9383,189193.0
2025-07-14T21:46:00.000000Z,2.9383,2.9383,2.9376,2.9382,86448.2
2025-07-14T21:47:00.000000Z,2.9383,2.9385,2.937,2.9383,175351.1
2025-07-14T21:48:00.000000Z,2.9383,2.9406,2.937,2.9406,227033.5
2025-07-14T21:49:00.000000Z,2.9406,2.9426,2.9406,2.9424,89147.4
2025-07-14T21:50:00.000000Z,2.9423,2.943,2.9393,2.9393,453729.8
2025-07-14T21:51:00.000000Z,2.9393,2.9428,2.9383,2.9428,217577.4
2025-07-14T21:52:00.000000Z,2.9428,2.9473,2.9427,2.9463,464601.8
2025-07-14T21:53:00.000000Z,2.9463,2.9474,2.9458,2.9474,426307.6
2025-07-14T21:54:00.000000Z,2.9474,2.9493,2.9468,2.949,231662.8
2025-07-14T21:55:00.000000Z,2.949,2.95,2.9479,2.95,431396.7
2025-07-14T21:56:00.000000Z,2.9499,2.95,2.9473,2.9481,336220.8
2025-07-14T21:57:00.000000Z,2.9482,2.9483,2.944,2.9457,348736.2
2025-07-14T21:58:00.000000Z,2.9457,2.9474,2.9457,2.947,276769.7
2025-07-14T21:59:00.000000Z,2.9469,2.947,2.9413,2.9424,324175.7
2025-07-14T22:00:00.000000Z,2.9424,2.9425,2.9353,2.9365,535005.2
2025-07-14T22:01:00.000000Z,2.9366,2.9379,2.9339,2.9378,410629.2
2025-07-14T22:02:00.000000Z,2.9378,2.9392,2.9336,2.9375,655564.7
2025-07-14T22:03:00.000000Z,2.9376,2.9376,2.9335,2.9354,655247.9
2025-07-14T22:04:00.000000Z,2.9354,2.9355,2.9328,2.9328,276453.6
2025-07-14T22:05:00.000000Z,2.9329,2.9335,2.9302,2.9305,469782.7
2025-07-14T22:06:00.000000Z,2.9305,2.937,2.9302,2.937,540757.2
2025-07-14T22:07:00.000000Z,2.9371,2.9379,2.9353,2.9372,510103.8
2025-07-14T22:08:00.000000Z,2.9372,2.9372,2.9341,2.9348,211541.9
2025-07-14T22:09:00.000000Z,2.9348,2.9398,2.9348,2.9398,259726.5
2025-07-14T22:10:00.000000Z,2.9397,2.9405,2.9386,2.9404,582402.1
2025-07-14T22:11:00.000000Z,2.9405,2.943,2.9405,2.9419,533016.1
2025-07-14T22:12:00.000000Z,2.9419,2.9448,2.9408,2.9421,524082.2
2025-07-14T22:13:00.000000Z,2.9421,2.9462,2.9403,2.946,891692.9
2025-07-14T22:14:00.000000Z,2.9461,2.9464,2.9446,2.9463,202731.2
2025-07-14T22:15:00.000000Z,2.9464,2.9487,2.9448,2.9458,529460.4
2025-07-14T22:16:00.000000Z,2.9457,2.9487,2.9431,2.9445,514077.8
2025-07-14T22:17:00.000000Z,2.9446,2.945,2.9432,2.9439,600805.9
2025-07-14T22:18:00.000000Z,2.9439,2.9447,2.9414,2.9419,506992.8
2025-07-14T22:19:00.000000Z,2.9418,2.945,2.9409,2.944,184803.6
2025-07-14T22:20:00.000000Z,2.944,2.9447,2.9407,2.9413,904227.6
2025-07-14T22:21:00.000000Z,2.9413,2.943,2.941,2.9426,96415.1
2025-07-14T22:22:00.000000Z,2.9427,2.9438,2.9408,2.9437,117903.3
2025-07-14T22:23:00.000000Z,2.9437,2.9447,2.9428,2.9435,127433.8
2025-07-14T22:24:00.000000Z,2.9435,2.9449,2.9434,2.944,94597.4
2025-07-14T22:25:00.000000Z,2.9441,2.9442,2.9413,2.9421,150568.1
2025-07-14T22:26:00.000000Z,2.9421,2.9433,2.9405,2.9424,205930.1
2025-07-14T22:27:00.000000Z,2.9425,2.9439,2.9422,2.9423,112815.1
2025-07-14T22:28:00.000000Z,2.9423,2.9424,2.94,2.9424,201722.1
2025-07-14T22:29:00.000000Z,2.9424,2.9445,2.9424,2.9435,229592.5
2025-07-14T22:30:00.000000Z,2.9435,2.9435,2.9414,2.9417,201253.2
2025-07-14T22:31:00.000000Z,2.9417,2.9418,2.9396,2.9402,247774.0
2025-07-14T22:32:00.000000Z,2.9401,2.941,2.9361,2.9378,556716.9
2025-07-14T22:33:00.000000Z,2.9379,2.9397,2.9359,2.9397,239510.8
2025-07-14T22:34:00.000000Z,2.9397,2.9412,2.9375,2.9408,312569.3
2025-07-14T22:35:00.000000Z,2.9409,2.9479,2.9406,2.9469,379691.1
2025-07-14T22:36:00.000000Z,2.947,2.9479,2.9436,2.9436,246243.4
2025-07-14T22:37:00.000000Z,2.9437,2.9469,2.9436,2.9464,293529.0
2025-07-14T22:38:00.000000Z,2.9465,2.9467,2.944,2.9463,136365.3
2025-07-14T22:39:00.000000Z,2.9462,2.9469,2.9445,2.9451,549695.0
2025-07-14T22:40:00.000000Z,2.9452,2.9463,2.9432,2.9448,375925.8
2025-07-14T22:41:00.000000Z,2.9448,2.947,2.9447,2.9469,193969.1
2025-07-14T22:42:00.000000Z,2.9469,2.9481,2.9455,2.947,231096.2
2025-07-14T22:43:00.000000Z,2.9469,2.9473,2.9452,2.9459,281308.2
2025-07-14T22:44:00.000000Z,2.9459,2.9493,2.9459,2.9488,361199.4
2025-07-14T22:45:00.000000Z,2.9488,2.9512,2.9484,2.9507,844826.1
2025-07-14T22:46:00.000000Z,2.9507,2.9527,2.9507,2.9524,524834.1
2025-07-14T22:47:00.000000Z,2.9523,2.9535,2.951,2.9534,457258.7
2025-07-14T22:48:00.000000Z,2.9534,2.9542,2.95,2.9508,552802.3
2025-07-14T22:49:00.000000Z,2.9508,2.9508,2.9492,2.9498,486694.1
2025-07-14T22:50:00.000000Z,2.9498,2.9501,2.9469,2.949,426691.0
2025-07-14T22:51:00.000000Z,2.9489,2.9535,2.9489,2.9535,301363.7
2025-07-14T22:52:00.000000Z,2.9536,2.9544,2.9507,2.9513,286807.5
2025-07-14T22:53:00.000000Z,2.9512,2.9534,2.9512,2.953,341135.5
2025-07-14T22:54:00.000000Z,2.953,2.9538,2.9516,2.9531,642220.2
2025-07-14T22:55:00.000000Z,2.9531,2.9562,2.9528,2.9529,671434.3
2025-07-14T22:56:00.000000Z,2.9528,2.9549,2.9513,2.9549,304856.2
2025-07-14T22:57:00.000000Z,2.955,2.9554,2.9533,2.9542,347067.3
2025-07-14T22:58:00.000000Z,2.9542,2.9543,2.95,2.9518,242174.2
2025-07-14T22:59:00.000000Z,2.9518,2.9521,2.9502,2.9506,251062.3
2025-07-14T23:00:00.000000Z,2.9507,2.9513,2.9491,2.9505,324179.7
2025-07-14T23:01:00.000000Z,2.9505,2.9529,2.9473,2.9473,665311.5
2025-07-14T23:02:00.000000Z,2.9473,2.9494,2.9451,2.9489,412646.6
2025-07-14T23:03:00.000000Z,2.9489,2.9514,2.9472,2.9504,693119.3
2025-07-14T23:04:00.000000Z,2.9505,2.9507,2.9453,2.9459,361653.1
2025-07-14T23:05:00.000000Z,2.9458,2.9458,2.9442,2.9442,379546.0
2025-07-14T23:06:00.000000Z,2.9443,2.9443,2.9426,2.9426,361805.4
2025-07-14T23:07:00.000000Z,2.9426,2.9461,2.9422,2.9461,350853.8
2025-07-14T23:08:00.000000Z,2.9461,2.9462,2.9435,2.9437,327231.5
2025-07-14T23:09:00.000000Z,2.9436,2.9485,2.943,2.9485,255628.0
2025-07-14T23:10:00.000000Z,2.9485,2.9495,2.9484,2.9495,255507.2
2025-07-14T23:11:00.000000Z,2.9494,2.9524,2.9493,2.9511,370498.3
2025-07-14T23:12:00.000000Z,2.9511,2.9545,2.9504,2.9526,279514.9
2025-07-14T23:13:00.000000Z,2.9526,2.9527,2.9501,2.9502,284712.6
2025-07-14T23:14:00.000000Z,2.9503,2.9531,2.9503,2.951,271607.4
2025-07-14T23:15:00.000000Z,2.951,2.9511,2.9423,2.9434,2087493.8
2025-07-14T23:16:00.000000Z,2.9434,2.9449,2.941,2.9411,639575.4
2025-07-14T23:17:00.000000Z,2.941,2.9428,2.94,2.94,448811.8
2025-07-14T23:18:00.000000Z,2.94,2.9431,2.9384,2.941,1061437.8
2025-07-14T23:19:00.000000Z,2.941,2.9444,2.9396,2.9441,340038.3
2025-07-14T23:20:00.000000Z,2.9442,2.9468,2.9428,2.946,659744.4
2025-07-14T23:21:00.000000Z,2.946,2.9462,2.9426,2.9449,337414.7
2025-07-14T23:22:00.000000Z,2.9448,2.947,2.9416,2.9419,519558.6
2025-07-14T23:23:00.000000Z,2.942,2.9425,2.9389,2.9389,325730.9
2025-07-14T23:24:00.000000Z,2.9388,2.9398,2.9359,2.938,543740.5
2025-07-14T23:25:00.000000Z,2.9381,2.9438,2.9372,2.9436,562513.0
2025-07-14T23:26:00.000000Z,2.9435,2.9435,2.9413,2.9415,297457.2
2025-07-14T23:27:00.000000Z,2.9414,2.9426,2.9411,2.9419,265299.7
2025-07-14T23:28:00.000000Z,2.9418,2.9437,2.9415,2.9437,184284.5
2025-07-14T23:29:00.000000Z,2.9437,2.9451,2.9422,2.9444,196558.8
2025-07-14T23:30:00.000000Z,2.9444,2.9501,2.9443,2.95,462096.4
2025-07-14T23:31:00.000000Z,2.95,2.9523,2.9481,2.9504,587191.5
2025-07-14T23:32:00.000000Z,2.9505,2.9515,2.9476,2.95,744125.9
2025-07-14T23:33:00.000000Z,2.9501,2.955,2.9494,2.9544,801288.9
2025-07-14T23:34:00.000000Z,2.9543,2.9564,2.9524,2.9559,576636.3
2025-07-14T23:35:00.000000Z,2.9558,2.9584,2.9553,2.9583,583783.1
2025-07-14T23:36:00.000000Z,2.9583,2.9588,2.9559,2.9571,520003.2
2025-07-14T23:37:00.000000Z,2.9571,2.9589,2.9531,2.9538,881250.9
2025-07-14T23:38:00.000000Z,2.9538,2.9556,2.9526,2.9544,275628.8
2025-07-14T23:39:00.000000Z,2.9544,2.9554,2.953,2.955,423326.2
2025-07-14T23:40:00.000000Z,2.955,2.9582,2.9543,2.9567,467554.8
2025-07-14T23:41:00.000000Z,2.9566,2.9566,2.9528,2.9555,200665.3
2025-07-14T23:42:00.000000Z,2.9555,2.9556,2.9534,2.9534,242381.8
2025-07-14T23:43:00.000000Z,2.9533,2.9559,2.9532,2.954,220964.6
2025-07-14T23:44:00.000000Z,2.9541,2.9559,2.9537,2.9547,238096.5
2025-07-14T23:45:00.000000Z,2.9547,2.956,2.9531,2.956,172500.8
2025-07-14T23:46:00.000000Z,2.956,2.9587,2.9551,2.9551,302121.3
2025-07-14T23:47:00.000000Z,2.9551,2.9582,2.9546,2.9568,302713.2
2025-07-14T23:48:00.000000Z,2.9568,2.9588,2.9567,2.9574,327639.4
2025-07-14T23:49:00.000000Z,2.9573,2.9592,2.957,2.9587,272574.3
2025-07-14T23:50:00.000000Z,2.9587,2.96,2.9528,2.9541,637901.5
2025-07-14T23:51:00.000000Z,2.9542,2.955,2.9511,2.9515,510622.9
2025-07-14T23:52:00.000000Z,2.9516,2.9533,2.95,2.9503,379905.4
2025-07-14T23:53:00.000000Z,2.9503,2.954,2.9489,2.9539,467817.6
2025-07-14T23:54:00.000000Z,2.954,2.955,2.9528,2.9529,236665.0
2025-07-14T23:55:00.000000Z,2.9529,2.9546,2.9516,2.9522,282596.2
2025-07-14T23:56:00.000000Z,2.9522,2.9552,2.9515,2.9546,514974.1
2025-07-14T23:57:00.000000Z,2.9546,2.9609,2.9534,2.9607,1187414.6
2025-07-14T23:58:00.000000Z,2.9607,2.9642,2.9591,2.9634,1409453.1
2025-07-14T23:59:00.000000Z,2.9633,2.9644,2.9582,2.9582,685133.7
2025-07-15T00:00:00.000000Z,2.9583,2.9584,2.9535,2.9541,657637.9
2025-07-15T00:01:00.000000Z,2.9541,2.9548,2.9494,2.9519,645506.9
2025-07-15T00:02:00.000000Z,2.9519,2.9526,2.9492,2.9503,634548.2
2025-07-15T00:03:00.000000Z,2.9503,2.9516,2.9495,2.9495,317093.8
2025-07-15T00:04:00.000000Z,2.9495,2.9497,2.9446,2.9465,790786.2
2025-07-15T00:05:00.000000Z,2.9464,2.9465,2.9415,2.9423,932714.6
2025-07-15T00:06:00.000000Z,2.9422,2.9503,2.9422,2.9495,910706.6
2025-07-15T00:07:00.000000Z,2.9495,2.9504,2.9442,2.9474,681134.2
2025-07-15T00:08:00.000000Z,2.9473,2.9486,2.9452,2.9477,371695.5
2025-07-15T00:09:00.000000Z,2.9478,2.9483,2.943,2.9435,454708.3
2025-07-15T00:10:00.000000Z,2.9436,2.9446,2.9421,2.9434,471291.7
2025-07-15T00:11:00.000000Z,2.9434,2.947,2.943,2.9441,498999.1
2025-07-15T00:12:00.000000Z,2.9442,2.9443,2.9404,2.9406,733668.1
2025-07-15T00:13:00.000000Z,2.9405,2.9406,2.9372,2.9394,970450.1
2025-07-15T00:14:00.000000Z,2.9394,2.9406,2.9342,2.9345,2335675.8
2025-07-15T00:15:00.000000Z,2.9344,2.9422,2.9344,2.9422,896583.9
2025-07-15T00:16:00.000000Z,2.9422,2.9422,2.9386,2.939,643446.3
2025-07-15T00:17:00.000000Z,2.939,2.9404,2.9358,2.9389,512573.3
2025-07-15T00:18:00.000000Z,2.9389,2.9421,2.9377,2.941,508686.3
2025-07-15T00:19:00.000000Z,2.9409,2.9409,2.9381,2.9396,324087.1
2025-07-15T00:20:00.000000Z,2.9396,2.9433,2.9384,2.9433,342255.3
2025-07-15T00:21:00.000000Z,2.9433,2.9449,2.9411,2.944,609137.8
2025-07-15T00:22:00.000000Z,2.9441,2.9524,2.944,2.9519,1107891.1
2025-07-15T00:23:00.000000Z,2.952,2.956,2.9508,2.9509,976936.5
2025-07-15T00:24:00.000000Z,2.9509,2.951,2.9479,2.9496,707801.5
2025-07-15T00:25:00.000000Z,2.9496,2.9515,2.9482,2.9489,528962.5
2025-07-15T00:26:00.000000Z,2.9488,2.9543,2.9481,2.9538,346845.5
2025-07-15T00:27:00.000000Z,2.9539,2.9564,2.9537,2.9562,633230.6
2025-07-15T00:28:00.000000Z,2.9562,2.9565,2.953,2.9553,531408.2
2025-07-15T00:29:00.000000Z,2.9554,2.956,2.9482,2.9509,541104.9
2025-07-15T00:30:00.000000Z,2.9509,2.951,2.9461,2.9467,589363.0
2025-07-15T00:31:00.000000Z,2.9468,2.9469,2.9434,2.9448,401901.2
2025-07-15T00:32:00.000000Z,2.9447,2.948,2.9433,2.946,739404.7
2025-07-15T00:33:00.000000Z,2.9461,2.9461,2.942,2.9428,657384.6
2025-07-15T00:34:00.000000Z,2.9428,2.9437,2.9392,2.9393,1098706.4
2025-07-15T00:35:00.000000Z,2.9393,2.9405,2.9339,2.934,798725.6
2025-07-15T00:36:00.000000Z,2.9339,2.9373,2.9339,2.9366,585766.9
2025-07-15T00:37:00.000000Z,2.9366,2.9367,2.9314,2.9363,1464156.9
2025-07-15T00:38:00.000000Z,2.9363,2.9396,2.9349,2.9392,354622.8
2025-07-15T00:39:00.000000Z,2.9393,2.9393,2.935,2.9358,366191.3
2025-07-15T00:40:00.000000Z,2.9359,2.9361,2.9301,2.9302,635660.8
2025-07-15T00:41:00.000000Z,2.9301,2.9301,2.9229,2.9239,3585359.1
2025-07-15T00:42:00.000000Z,2.9239,2.9248,2.9154,2.9223,2593972.8
2025-07-15T00:43:00.000000Z,2.9224,2.9253,2.9209,2.9242,962988.4
2025-07-15T00:44:00.000000Z,2.9242,2.9254,2.9223,2.9228,610317.8
2025-07-15T00:45:00.000000Z,2.9229,2.9264,2.9197,2.9221,836546.6
2025-07-15T00:46:00.000000Z,2.922,2.9238,2.9158,2.9159,587064.5
2025-07-15T00:47:00.000000Z,2.9159,2.9176,2.91,2.9108,2033455.3
2025-07-15T00:48:00.000000Z,2.9107,2.9109,2.9045,2.9103,2266895.7
2025-07-15T00:49:00.000000Z,2.9103,2.9176,2.9074,2.9158,1545853.7
2025-07-15T00:50:00.000000Z,2.9157,2.9206,2.9152,2.9172,1160444.3
2025-07-15T00:51:00.000000Z,2.9172,2.9229,2.9171,2.9225,443051.0
2025-07-15T00:52:00.000000Z,2.9226,2.9226,2.9168,2.9179,859276.1
2025-07-15T00:53:00.000000Z,2.918,2.9205,2.9166,2.917,505481.2
2025-07-15T00:54:00.000000Z,2.917,2.9199,2.9161,2.9162,429477.0
2025-07-15T00:55:00.000000Z,2.9162,2.92,2.915,2.9163,552253.1
2025-07-15T00:56:00.000000Z,2.9163,2.9164,2.91,2.9114,754964.2
2025-07-15T00:57:00.000000Z,2.9115,2.9119,2.9066,2.9099,1169562.9
2025-07-15T00:58:00.000000Z,2.9098,2.9104,2.9044,2.9051,837532.9
2025-07-15T00:59:00.000000Z,2.9051,2.9087,2.9033,2.9084,1054281.2
2025-07-15T01:00:00.000000Z,2.9085,2.9113,2.9051,2.9078,1130158.6
2025-07-15T01:01:00.000000Z,2.9078,2.9105,2.9047,2.9053,602474.3
2025-07-15T01:02:00.000000Z,2.9052,2.9054,2.8943,2.8956,4184076.9
2025-07-15T01:03:00.000000Z,2.8956,2.8965,2.8915,2.893,2093365.4
2025-07-15T01:04:00.000000Z,2.8929,2.8975,2.892,2.8951,1774220.5
2025-07-15T01:05:00.000000Z,2.8951,2.9005,2.8936,2.9001,1477533.9
2025-07-15T01:06:00.000000Z,2.9002,2.9002,2.8936,2.8944,829047.7
2025-07-15T01:07:00.000000Z,2.8943,2.8958,2.8872,2.8903,1844502.6
2025-07-15T01:08:00.000000Z,2.8902,2.8923,2.8847,2.8869,2487646.9
2025-07-15T01:09:00.000000Z,2.887,2.8879,2.8837,2.8838,1230501.3
2025-07-15T01:10:00.000000Z,2.8838,2.885,2.88,2.8813,2641524.4
2025-07-15T01:11:00.000000Z,2.8814,2.8822,2.8737,2.8788,4301054.8
2025-07-15T01:12:00.000000Z,2.8788,2.8881,2.8775,2.8806,2306716.7
2025-07-15T01:13:00.000000Z,2.8807,2.8852,2.8777,2.884,1542343.2
2025-07-15T01:14:00.000000Z,2.884,2.8894,2.8819,2.8884,1539729.0
2025-07-15T01:15:00.000000Z,2.8884,2.8988,2.8877,2.8971,2699284.9
2025-07-15T01:16:00.000000Z,2.8971,2.9002,2.8951,2.8963,2081070.3
2025-07-15T01:17:00.000000Z,2.8962,2.8997,2.8871,2.8919,1617079.3
2025-07-15T01:18:00.000000Z,2.892,2.8949,2.8847,2.888,1158632.3
2025-07-15T01:19:00.000000Z,2.8879,2.8933,2.8878,2.8898,772076.9
2025-07-15T01:20:00.000000Z,2.8899,2.8927,2.884,2.8926,1540576.6
2025-07-15T01:21:00.000000Z,2.8926,2.8926,2.878,2.8785,1343333.5
2025-07-15T01:22:00.000000Z,2.8785,2.8791,2.8651,2.8681,4998791.8
2025-07-15T01:23:00.000000Z,2.8681,2.8738,2.8677,2.8719,2036748.2
2025-07-15T01:24:00.000000Z,2.8719,2.8721,2.865,2.8668,2088943.6
2025-07-15T01:25:00.000000Z,2.8667,2.8787,2.8651,2.8748,2268640.2
2025-07-15T01:26:00.000000Z,2.8748,2.8788,2.8744,2.8784,1159423.9
2025-07-15T01:27:00.000000Z,2.8784,2.8862,2.8766,2.8853,1652755.5
2025-07-15T01:28:00.000000Z,2.8853,2.8866,2.8824,2.8859,732530.9
2025-07-15T01:29:00.000000Z,2.8859,2.8892,2.8856,2.8878,821411.1
2025-07-15T01:30:00.000000Z,2.8877,2.8899,2.882,2.8843,1174670.2
2025-07-15T01:31:00.000000Z,2.8843,2.8901,2.8842,2.8881,967066.1
2025-07-15T01:32:00.000000Z,2.8882,2.9006,2.8882,2.898,2927808.2
2025-07-15T01:33:00.000000Z,2.8981,2.8994,2.8963,2.8987,1061269.5
2025-07-15T01:34:00.000000Z,2.8987,2.903,2.8975,2.9002,1854809.1
2025-07-15T01:35:00.000000Z,2.9003,2.9033,2.8956,2.8978,1185104.7
2025-07-15T01:36:00.000000Z,2.8977,2.901,2.8952,2.901,880632.4
2025-07-15T01:37:00.000000Z,2.9009,2.9062,2.9001,2.9015,1274877.5
2025-07-15T01:38:00.000000Z,2.9016,2.9044,2.9008,2.9044,587618.9
2025-07-15T01:39:00.000000Z,2.9045,2.909,2.9027,2.9079,1280561.0
2025-07-15T01:40:00.000000Z,2.9079,2.9104,2.9023,2.9027,1106601.2
2025-07-15T01:41:00.000000Z,2.9027,2.9088,2.9027,2.9077,474907.2
2025-07-15T01:42:00.000000Z,2.9077,2.9102,2.9052,2.9058,986445.1
2025-07-15T01:43:00.000000Z,2.9059,2.9121,2.9059,2.9121,918252.1
2025-07-15T01:44:00.000000Z,2.912,2.9138,2.9089,2.9109,975787.3
2025-07-15T01:45:00.000000Z,2.9109,2.9148,2.9091,2.913,993409.0
2025-07-15T01:46:00.000000Z,2.913,2.9186,2.9122,2.917,908045.2
2025-07-15T01:47:00.000000Z,2.9172,2.9179,2.9142,2.9177,418949.5
2025-07-15T01:48:00.000000Z,2.9177,2.9182,2.908,2.9092,1087339.3
2025-07-15T01:49:00.000000Z,2.9093,2.9133,2.9056,2.9056,1104252.0
2025-07-15T01:50:00.000000Z,2.9055,2.913,2.9046,2.9111,1207969.7
2025-07-15T01:51:00.000000Z,2.9111,2.9158,2.9111,2.9142,842384.4
2025-07-15T01:52:00.000000Z,2.9142,2.9225,2.9136,2.9221,1070952.2
2025-07-15T01:53:00.000000Z,2.922,2.9222,2.9186,2.92,633038.8
2025-07-15T01:54:00.000000Z,2.92,2.9212,2.9121,2.9131,792459.5
2025-07-15T01:55:00.000000Z,2.913,2.9134,2.9082,2.9091,986198.2
2025-07-15T01:56:00.000000Z,2.9092,2.9124,2.9077,2.9114,1126173.2
2025-07-15T01:57:00.000000Z,2.9114,2.9114,2.9027,2.9028,1667486.8
2025-07-15T01:58:00.000000Z,2.9028,2.9035,2.8877,2.8881,3623171.8
2025-07-15T01:59:00.000000Z,2.8882,2.8911,2.8818,2.8891,2649673.4
2025-07-15T02:00:00.000000Z,2.889,2.8899,2.8711,2.8897,4653999.3
2025-07-15T02:01:00.000000Z,2.8897,2.8955,2.8834,2.8905,2657678.8
2025-07-15T02:02:00.000000Z,2.8905,2.8937,2.8855,2.8924,1694817.7
2025-07-15T02:03:00.000000Z,2.8924,2.9001,2.8864,2.8944,1963542.2
2025-07-15T02:04:00.000000Z,2.8944,2.9016,2.8891,2.8975,1571324.4
2025-07-15T02:05:00.000000Z,2.8975,2.8987,2.8842,2.8938,2115412.8
2025-07-15T02:06:00.000000Z,2.8939,2.8984,2.8919,2.8982,895348.5
2025-07-15T02:07:00.000000Z,2.8982,2.8992,2.8893,2.8903,1205782.0
2025-07-15T02:08:00.000000Z,2.8903,2.8953,2.8877,2.8915,905804.1
2025-07-15T02:09:00.000000Z,2.8915,2.8949,2.8892,2.8911,522867.4
2025-07-15T02:10:00.000000Z,2.8911,2.8987,2.8889,2.8948,791150.5
2025-07-15T02:11:00.000000Z,2.8948,2.8962,2.8862,2.8862,817406.9
2025-07-15T02:12:00.000000Z,2.8861,2.8916,2.8848,2.8874,769489.6
2025-07-15T02:13:00.000000Z,2.8876,2.8898,2.8806,2.8829,776839.0
2025-07-15T02:14:00.000000Z,2.883,2.8854,2.8818,2.8834,527402.8
2025-07-15T02:15:00.000000Z,2.8834,2.8868,2.874,2.874,1247793.4
2025-07-15T02:16:00.000000Z,2.874,2.8746,2.8655,2.8682,3127532.3
2025-07-15T02:17:00.000000Z,2.8683,2.8685,2.8547,2.8601,6790522.4
2025-07-15T02:18:00.000000Z,2.8602,2.8711,2.8565,2.8674,1749778.8
2025-07-15T02:19:00.000000Z,2.8676,2.8711,2.8626,2.8686,930971.8
2025-07-15T02:20:00.000000Z,2.8684,2.8708,2.8636,2.8655,1139365.7
2025-07-15T02:21:00.000000Z,2.8655,2.8677,2.8575,2.8648,1384251.6
2025-07-15T02:22:00.000000Z,2.8648,2.8731,2.8623,2.866,1357640.0
2025-07-15T02:23:00.000000Z,2.866,2.8686,2.8568,2.8581,1658498.4
2025-07-15T02:24:00.000000Z,2.8585,2.8649,2.8576,2.8642,1099049.3
2025-07-15T02:25:00.000000Z,2.8643,2.8643,2.852,2.8521,2285650.3
2025-07-15T02:26:00.000000Z,2.8521,2.8622,2.8521,2.8575,1743043.2
2025-07-15T02:27:00.000000Z,2.8575,2.86,2.8544,2.8581,816062.3
2025-07-15T02:28:00.000000Z,2.8582,2.8582,2.8521,2.8524,1130543.3
2025-07-15T02:29:00.000000Z,2.8523,2.8588,2.8502,2.8585,2488642.5
2025-07-15T02:30:00.000000Z,2.8586,2.8615,2.856,2.8581,1218528.9
2025-07-15T02:31:00.000000Z,2.8581,2.8672,2.8543,2.8634,1922036.7
2025-07-15T02:32:00.000000Z,2.8636,2.8716,2.8612,2.8703,2103521.2
2025-07-15T02:33:00.000000Z,2.8702,2.8702,2.8642,2.8686,1362342.7
2025-07-15T02:34:00.000000Z,2.8686,2.8743,2.865,2.8657,1729179.1
2025-07-15T02:35:00.000000Z,2.8657,2.8709,2.8641,2.8653,907552.8
2025-07-15T02:36:00.000000Z,2.8653,2.8723,2.8653,2.8708,780666.9
2025-07-15T02:37:00.000000Z,2.8708,2.8724,2.8676,2.8718,870268.5
2025-07-15T02:38:00.000000Z,2.8719,2.8775,2.871,2.8747,1552827.8
2025-07-15T02:39:00.000000Z,2.8747,2.8775,2.8704,2.8714,701846.8
2025-07-15T02:40:00.000000Z,2.8715,2.8762,2.87,2.8762,711021.0
2025-07-15T02:41:00.000000Z,2.8762,2.8803,2.8749,2.8775,813235.5
2025-07-15T02:42:00.000000Z,2.8774,2.8797,2.8753,2.8789,575163.5
2025-07-15T02:43:00.000000Z,2.8789,2.8829,2.8765,2.8819,2059338.4
2025-07-15T02:44:00.000000Z,2.8819,2.8842,2.8791,2.8793,693140.5
2025-07-15T02:45:00.000000Z,2.8794,2.8816,2.8769,2.8805,795633.9
2025-07-15T02:46:00.000000Z,2.8804,2.8842,2.879,2.8815,1288931.4
2025-07-15T02:47:00.000000Z,2.8814,2.8847,2.878,2.882,523434.5
2025-07-15T02:48:00.000000Z,2.882,2.887,2.8795,2.8796,701530.0
2025-07-15T02:49:00.000000Z,2.8796,2.8817,2.8709,2.8718,1578173.8
2025-07-15T02:50:00.000000Z,2.8719,2.8761,2.8691,2.8724,814932.9
2025-07-15T02:51:00.000000Z,2.8724,2.8781,2.8716,2.8774,531561.9
2025-07-15T02:52:00.000000Z,2.8773,2.8781,2.8737,2.878,935869.7
2025-07-15T02:53:00.000000Z,2.878,2.8792,2.8735,2.8745,734855.5
2025-07-15T02:54:00.000000Z,2.8746,2.8809,2.8746,2.8781,563826.9
2025-07-15T02:55:00.000000Z,2.878,2.8801,2.8767,2.8778,404624.1
2025-07-15T02:56:00.000000Z,2.8778,2.8795,2.8744,2.8749,420059.7
2025-07-15T02:57:00.000000Z,2.875,2.8786,2.8744,2.8768,388517.9
2025-07-15T02:58:00.000000Z,2.8768,2.8778,2.8723,2.8723,706880.7
2025-07-15T02:59:00.000000Z,2.8724,2.8762,2.8723,2.8723,310236.2
2025-07-15T03:00:00.000000Z,2.8723,2.8751,2.8706,2.8706,743910.1
2025-07-15T03:01:00.000000Z,2.8706,2.8757,2.8688,2.8745,1046867.3
2025-07-15T03:02:00.000000Z,2.8746,2.8746,2.8627,2.8636,1461002.0
2025-07-15T03:03:00.000000Z,2.8636,2.8652,2.8544,2.8544,1831226.5
2025-07-15T03:04:00.000000Z,2.8544,2.8552,2.8421,2.8481,6419074.9
2025-07-15T03:05:00.000000Z,2.8482,2.8576,2.8456,2.8558,1557021.1
2025-07-15T03:06:00.000000Z,2.8558,2.8577,2.8469,2.8479,1499655.6
2025-07-15T03:07:00.000000Z,2.8479,2.8549,2.8461,2.8546,1105467.3
2025-07-15T03:08:00.000000Z,2.8546,2.8547,2.8497,2.854,889794.7
2025-07-15T03:09:00.000000Z,2.854,2.8543,2.8356,2.8397,3038671.5
2025-07-15T03:10:00.000000Z,2.8398,2.8418,2.823,2.8274,8938760.7
2025-07-15T03:11:00.000000Z,2.8274,2.8331,2.82,2.8301,4332771.2
2025-07-15T03:12:00.000000Z,2.8301,2.8375,2.8296,2.8374,2453423.0
2025-07-15T03:13:00.000000Z,2.8375,2.8392,2.8274,2.8341,1650773.3
2025-07-15T03:14:00.000000Z,2.8341,2.8378,2.8333,2.8371,1530235.7
2025-07-15T03:15:00.000000Z,2.837,2.8372,2.8157,2.8177,5184448.6
2025-07-15T03:16:00.000000Z,2.8177,2.8287,2.8151,2.8216,4014563.3
2025-07-15T03:17:00.000000Z,2.8217,2.8222,2.8036,2.8077,10898021.0
2025-07-15T03:18:00.000000Z,2.8077,2.8212,2.8056,2.8171,4512446.6
2025-07-15T03:19:00.000000Z,2.8171,2.8266,2.8124,2.8124,3664048.6
2025-07-15T03:20:00.000000Z,2.8124,2.8157,2.8072,2.8123,2774398.5
2025-07-15T03:21:00.000000Z,2.8124,2.8206,2.8072,2.8174,1810535.0
2025-07-15T03:22:00.000000Z,2.8175,2.8227,2.8175,2.8227,1940346.6
2025-07-15T03:23:00.000000Z,2.8228,2.8266,2.8207,2.8249,1607880.9
2025-07-15T03:24:00.000000Z,2.8248,2.8307,2.8234,2.8306,1289835.0
2025-07-15T03:25:00.000000Z,2.8307,2.8355,2.8298,2.8313,2516524.0
2025-07-15T03:26:00.000000Z,2.8313,2.8335,2.8284,2.8298,1992187.1
2025-07-15T03:27:00.000000Z,2.8297,2.8352,2.8292,2.8308,926102.5
2025-07-15T03:28:00.000000Z,2.8309,2.8411,2.8308,2.8369,5481491.5
2025-07-15T03:29:00.000000Z,2.8368,2.8397,2.8347,2.8383,1472625.3
2025-07-15T03:30:00.000000Z,2.8383,2.8384,2.8294,2.8306,1368145.5
2025-07-15T03:31:00.000000Z,2.8306,2.8327,2.8268,2.8298,1525811.0
2025-07-15T03:32:00.000000Z,2.8298,2.8305,2.8251,2.8262,1347117.2
2025-07-15T03:33:00.000000Z,2.8262,2.8273,2.822,2.8226,1394219.7
2025-07-15T03:34:00.000000Z,2.8227,2.8272,2.8214,2.826,1139641.1
2025-07-15T03:35:00.000000Z,2.826,2.8268,2.8218,2.8219,716839.1
2025-07-15T03:36:00.000000Z,2.8218,2.8255,2.8179,2.8179,1662622.8
2025-07-15T03:37:00.000000Z,2.818,2.8219,2.8175,2.8205,1531836.3
2025-07-15T03:38:00.000000Z,2.8205,2.835,2.8127,2.8324,4506038.3
2025-07-15T03:39:00.000000Z,2.8324,2.8325,2.8257,2.826,1554028.6
2025-07-15T03:40:00.000000Z,2.8259,2.8316,2.8257,2.8304,1337923.3
2025-07-15T03:41:00.000000Z,2.8305,2.8321,2.8234,2.8271,1374299.4
2025-07-15T03:42:00.000000Z,2.8272,2.8358,2.8263,2.8358,970218.5
2025-07-15T03:43:00.000000Z,2.8357,2.8394,2.8349,2.8373,1353540.5
2025-07-15T03:44:00.000000Z,2.8373,2.8413,2.8373,2.8395,1095549.8
2025-07-15T03:45:00.000000Z,2.8394,2.8454,2.8382,2.8448,1261819.1
2025-07-15T03:46:00.000000Z,2.8447,2.8488,2.8444,2.846,1656157.5
2025-07-15T03:47:00.000000Z,2.8459,2.8524,2.8459,2.8523,1816547.2
2025-07-15T03:48:00.000000Z,2.8523,2.853,2.8492,2.8501,1099099.0
2025-07-15T03:49:00.000000Z,2.8501,2.8539,2.8489,2.8534,847264.0
2025-07-15T03:50:00.000000Z,2.8533,2.8539,2.8456,2.8464,1048972.4
2025-07-15T03:51:00.000000Z,2.8463,2.8547,2.8461,2.8547,1027885.8
2025-07-15T03:52:00.000000Z,2.8546,2.8548,2.85,2.85,966768.2
2025-07-15T03:53:00.000000Z,2.85,2.85,2.8451,2.8451,614770.1
2025-07-15T03:54:00.000000Z,2.8451,2.847,2.8402,2.8404,1269372.8
2025-07-15T03:55:00.000000Z,2.8404,2.8485,2.8382,2.8482,1541190.3
2025-07-15T03:56:00.000000Z,2.8482,2.8509,2.8462,2.8504,911849.5
2025-07-15T03:57:00.000000Z,2.8504,2.8568,2.85,2.8527,2146939.9
2025-07-15T03:58:00.000000Z,2.8527,2.8536,2.8496,2.852,585671.7
2025-07-15T03:59:00.000000Z,2.8519,2.852,2.8498,2.8508,648717.0
2025-07-15T04:00:00.000000Z,2.8508,2.8509,2.8461,2.847,843467.1
2025-07-15T04:01:00.000000Z,2.847,2.8476,2.8448,2.8458,730174.5
2025-07-15T04:02:00.000000Z,2.8458,2.8524,2.8458,2.8461,667441.5
2025-07-15T04:03:00.000000Z,2.8462,2.8483,2.8444,2.8464,542206.9
2025-07-15T04:04:00.000000Z,2.8464,2.8472,2.8403,2.8403,1016257.7
2025-07-15T04:05:00.000000Z,2.8403,2.8427,2.8355,2.8362,1516838.7
2025-07-15T04:06:00.000000Z,2.8362,2.839,2.8293,2.8293,1616882.5
2025-07-15T04:07:00.000000Z,2.8293,2.8335,2.828,2.8322,1721803.2
2025-07-15T04:08:00.000000Z,2.8323,2.8333,2.8289,2.8304,744318.2
2025-07-15T04:09:00.000000Z,2.8304,2.8318,2.823,2.8296,2474607.4
2025-07-15T04:10:00.000000Z,2.8295,2.8295,2.8229,2.8277,1619305.4
2025-07-15T04:11:00.000000Z,2.8277,2.8436,2.8273,2.8418,3197886.0
2025-07-15T04:12:00.000000Z,2.8417,2.8514,2.8402,2.8487,1558714.1
2025-07-15T04:13:00.000000Z,2.8487,2.8528,2.8475,2.8475,1234230.8
2025-07-15T04:14:00.000000Z,2.8475,2.8541,2.8475,2.8537,1135255.9
2025-07-15T04:15:00.000000Z,2.8537,2.8614,2.8537,2.8605,2155850.9
2025-07-15T04:16:00.000000Z,2.8605,2.8642,2.8579,2.8642,1129319.2
2025-07-15T04:17:00.000000Z,2.8641,2.8683,2.8612,2.8654,2740346.9
2025-07-15T04:18:00.000000Z,2.8653,2.8669,2.8578,2.8582,1773884.7
2025-07-15T04:19:00.000000Z,2.8582,2.8659,2.8582,2.8638,1167050.4
2025-07-15T04:20:00.000000Z,2.8637,2.8663,2.8614,2.8659,938423.1
2025-07-15T04:21:00.000000Z,2.8658,2.8693,2.8642,2.8677,1009251.6
2025-07-15T04:22:00.000000Z,2.8676,2.8733,2.8668,2.8723,1256353.9
2025-07-15T04:23:00.000000Z,2.8722,2.8745,2.8712,2.8713,1250620.9
2025-07-15T04:24:00.000000Z,2.8712,2.8745,2.8712,2.8739,891036.1
2025-07-15T04:25:00.000000Z,2.8739,2.875,2.872,2.8727,1088036.2
2025-07-15T04:26:00.000000Z,2.8727,2.8735,2.8711,2.8716,981450.4
2025-07-15T04:27:00.000000Z,2.8715,2.875,2.8713,2.8725,581107.8
2025-07-15T04:28:00.000000Z,2.8724,2.876,2.8719,2.8733,705119.1
2025-07-15T04:29:00.000000Z,2.8733,2.8744,2.8691,2.8697,831737.2
2025-07-15T04:30:00.000000Z,2.8696,2.8708,2.8631,2.8643,2413122.3
2025-07-15T04:31:00.000000Z,2.8643,2.8643,2.8608,2.8622,1601736.2
2025-07-15T04:32:00.000000Z,2.8621,2.8627,2.8606,2.8609,656178.9
2025-07-15T04:33:00.000000Z,2.8608,2.8619,2.8556,2.857,1261045.2
2025-07-15T04:34:00.000000Z,2.857,2.8629,2.855,2.8629,837487.3
2025-07-15T04:35:00.000000Z,2.8629,2.863,2.8579,2.8597,521385.2
2025-07-15T04:36:00.000000Z,2.8596,2.8645,2.8594,2.8637,809885.6
2025-07-15T04:37:00.000000Z,2.8637,2.8649,2.8606,2.8635,654511.9
2025-07-15T04:38:00.000000Z,2.8634,2.872,2.8634,2.8709,1078971.7
2025-07-15T04:39:00.000000Z,2.8709,2.8727,2.8698,2.8725,727470.1
2025-07-15T04:40:00.000000Z,2.8725,2.8778,2.872,2.8773,1337717.9
2025-07-15T04:41:00.000000Z,2.8773,2.8791,2.8762,2.8782,1046138.6
2025-07-15T04:42:00.000000Z,2.8782,2.8794,2.8758,2.8771,670732.0
2025-07-15T04:43:00.000000Z,2.8771,2.8779,2.8748,2.8754,700468.7
2025-07-15T04:44:00.000000Z,2.8753,2.8769,2.8715,2.8732,627817.3
2025-07-15T04:45:00.000000Z,2.8731,2.8734,2.8702,2.8724,1455797.1
2025-07-15T04:46:00.000000Z,2.8723,2.874,2.871,2.8725,530065.1
2025-07-15T04:47:00.000000Z,2.8724,2.8748,2.8708,2.874,868647.8
2025-07-15T04:48:00.000000Z,2.8739,2.8834,2.8739,2.8757,1753156.4
2025-07-15T04:49:00.000000Z,2.8756,2.8782,2.8756,2.8769,835319.5
2025-07-15T04:50:00.000000Z,2.8769,2.8775,2.8708,2.8712,758932.4
2025-07-15T04:51:00.000000Z,2.8713,2.8713,2.866,2.8692,979045.2
2025-07-15T04:52:00.000000Z,2.8693,2.8718,2.8677,2.8708,422841.5
2025-07-15T04:53:00.000000Z,2.8709,2.8756,2.8705,2.8753,452471.1
2025-07-15T04:54:00.000000Z,2.8752,2.8758,2.8712,2.8739,330274.4
2025-07-15T04:55:00.000000Z,2.8739,2.8739,2.8699,2.8711,598820.7
2025-07-15T04:56:00.000000Z,2.8712,2.8744,2.8704,2.8704,394820.6
2025-07-15T04:57:00.000000Z,2.8705,2.8734,2.8701,2.8701,738532.7
2025-07-15T04:58:00.000000Z,2.8702,2.8707,2.8681,2.8685,877870.2
2025-07-15T04:59:00.000000Z,2.8685,2.8708,2.8679,2.8689,486181.3
2025-07-15T05:00:00.000000Z,2.8689,2.8742,2.8688,2.8734,479345.1
2025-07-15T05:01:00.000000Z,2.8734,2.8753,2.8723,2.8733,811328.5
2025-07-15T05:02:00.000000Z,2.8733,2.8769,2.8727,2.8746,784596.8
2025-07-15T05:03:00.000000Z,2.8746,2.8775,2.8746,2.8765,753715.4
2025-07-15T05:04:00.000000Z,2.8765,2.8792,2.8758,2.879,661937.7
2025-07-15T05:05:00.000000Z,2.879,2.8812,2.8778,2.8791,1106746.4
2025-07-15T05:06:00.000000Z,2.8791,2.8817,2.8779,2.8816,447954.2
2025-07-15T05:07:00.000000Z,2.8817,2.8836,2.8807,2.8828,953330.7
2025-07-15T05:08:00.000000Z,2.8828,2.8848,2.8818,2.8838,1299360.3
2025-07-15T05:09:00.000000Z,2.8839,2.8873,2.8837,2.8854,1521356.1
2025-07-15T05:10:00.000000Z,2.8854,2.8869,2.8816,2.8825,995229.4
2025-07-15T05:11:00.000000Z,2.8825,2.8851,2.8805,2.8839,831809.5
2025-07-15T05:12:00.000000Z,2.8838,2.8839,2.8801,2.8819,488965.4
2025-07-15T05:13:00.000000Z,2.882,2.8834,2.8805,2.881,312796.5
2025-07-15T05:14:00.000000Z,2.881,2.8827,2.8804,2.8821,382657.6
2025-07-15T05:15:00.000000Z,2.8821,2.8828,2.8798,2.8805,405696.7
2025-07-15T05:16:00.000000Z,2.8804,2.8817,2.8743,2.8749,1065092.5
2025-07-15T05:17:00.000000Z,2.8749,2.8792,2.8742,2.8792,519784.9
2025-07-15T05:18:00.000000Z,2.8791,2.8824,2.8785,2.8788,392563.9
2025-07-15T05:19:00.000000Z,2.8787,2.88,2.8769,2.8796,207365.3
2025-07-15T05:20:00.000000Z,2.8797,2.8804,2.877,2.8785,437722.2
2025-07-15T05:21:00.000000Z,2.8785,2.8808,2.8773,2.8774,811040.5
2025-07-15T05:22:00.000000Z,2.8775,2.8779,2.8736,2.8741,695815.2
2025-07-15T05:23:00.000000Z,2.8741,2.882,2.8741,2.8813,445085.9
2025-07-15T05:24:00.000000Z,2.8813,2.8817,2.879,2.8807,328635.1
2025-07-15T05:25:00.000000Z,2.8807,2.882,2.8801,2.8805,317986.8
2025-07-15T05:26:00.000000Z,2.8805,2.8828,2.8801,2.8802,352408.5
2025-07-15T05:27:00.000000Z,2.8802,2.882,2.8783,2.8787,170341.3
2025-07-15T05:28:00.000000Z,2.8788,2.8811,2.877,2.8804,308952.1
2025-07-15T05:29:00.000000Z,2.8804,2.8805,2.8777,2.8781,208016.2
2025-07-15T05:30:00.000000Z,2.8781,2.8782,2.8737,2.8754,378012.5
2025-07-15T05:31:00.000000Z,2.8753,2.8761,2.8727,2.8753,562822.9
2025-07-15T05:32:00.000000Z,2.8754,2.8763,2.8711,2.8712,423768.8
2025-07-15T05:33:00.000000Z,2.8711,2.8767,2.8708,2.8725,896881.7
2025-07-15T05:34:00.000000Z,2.8724,2.8739,2.87,2.87,619454.0
2025-07-15T05:35:00.000000Z,2.8701,2.8706,2.8672,2.8686,1376923.7
2025-07-15T05:36:00.000000Z,2.8686,2.8687,2.8651,2.8651,1061615.7
2025-07-15T05:37:00.000000Z,2.8651,2.8679,2.8647,2.8671,623304.6
2025-07-15T05:38:00.000000Z,2.8671,2.8697,2.865,2.868,1147999.3
2025-07-15T05:39:00.000000Z,2.8679,2.8688,2.8669,2.8671,253702.0
2025-07-15T05:40:00.000000Z,2.8671,2.8756,2.8671,2.8755,814827.6
2025-07-15T05:41:00.000000Z,2.8754,2.8768,2.8744,2.8745,323336.7
2025-07-15T05:42:00.000000Z,2.8745,2.8765,2.8725,2.8725,326509.6
2025-07-15T05:43:00.000000Z,2.8726,2.8759,2.8709,2.8751,394508.0
2025-07-15T05:44:00.000000Z,2.8751,2.8768,2.8738,2.875,278983.7
2025-07-15T05:45:00.000000Z,2.8751,2.8759,2.8724,2.8749,525628.0
2025-07-15T05:46:00.000000Z,2.875,2.8764,2.8744,2.8764,247553.5
2025-07-15T05:47:00.000000Z,2.8764,2.8764,2.8712,2.8712,510228.6
2025-07-15T05:48:00.000000Z,2.8712,2.8722,2.8691,2.8716,425377.4
2025-07-15T05:49:00.000000Z,2.8717,2.8756,2.8708,2.8736,347971.6
2025-07-15T05:50:00.000000Z,2.8736,2.8773,2.8725,2.8755,339247.4
2025-07-15T05:51:00.000000Z,2.8755,2.8759,2.8672,2.8673,1158537.3
2025-07-15T05:52:00.000000Z,2.8674,2.8686,2.8636,2.8636,758405.6
2025-07-15T05:53:00.000000Z,2.8635,2.8659,2.8632,2.8651,1029579.4
2025-07-15T05:54:00.000000Z,2.8651,2.8734,2.8651,2.8724,469007.3
2025-07-15T05:55:00.000000Z,2.8725,2.8742,2.87,2.8703,381010.3
2025-07-15T05:56:00.000000Z,2.8704,2.8756,2.8704,2.8749,313871.6
2025-07-15T05:57:00.000000Z,2.8749,2.8773,2.8732,2.8772,366223.1
2025-07-15T05:58:00.000000Z,2.8771,2.8772,2.8716,2.873,337852.8
2025-07-15T05:59:00.000000Z,2.873,2.8764,2.8727,2.8763,383775.6
2025-07-15T06:00:00.000000Z,2.8763,2.8763,2.8705,2.8706,867231.8
2025-07-15T06:01:00.000000Z,2.8707,2.8733,2.87,2.8711,430540.7
2025-07-15T06:02:00.000000Z,2.8711,2.8711,2.8648,2.8671,829747.8
2025-07-15T06:03:00.000000Z,2.8671,2.8736,2.867,2.8715,446139.4
2025-07-15T06:04:00.000000Z,2.8716,2.8742,2.8688,2.8696,398260.2
2025-07-15T06:05:00.000000Z,2.8696,2.8726,2.869,2.8699,378911.0
2025-07-15T06:06:00.000000Z,2.87,2.8759,2.8699,2.8747,587091.5
2025-07-15T06:07:00.000000Z,2.8746,2.8834,2.8715,2.8822,2377044.6
2025-07-15T06:08:00.000000Z,2.8823,2.8861,2.8789,2.88,1153070.3
2025-07-15T06:09:00.000000Z,2.8801,2.8802,2.8752,2.8765,629305.4
2025-07-15T06:10:00.000000Z,2.8765,2.8769,2.8725,2.8725,327640.5
2025-07-15T06:11:00.000000Z,2.8725,2.8748,2.87,2.8721,512850.1
2025-07-15T06:12:00.000000Z,2.8721,2.8736,2.87,2.8736,527128.6
2025-07-15T06:13:00.000000Z,2.8737,2.8741,2.8717,2.8724,351370.9
2025-07-15T06:14:00.000000Z,2.8725,2.8749,2.87,2.8705,1061114.7
2025-07-15T06:15:00.000000Z,2.8706,2.8716,2.869,2.869,326852.2
2025-07-15T06:16:00.000000Z,2.8691,2.8718,2.8679,2.8691,483567.3
2025-07-15T06:17:00.000000Z,2.8691,2.8691,2.8654,2.8675,654075.2
2025-07-15T06:18:00.000000Z,2.8676,2.8705,2.8667,2.8673,345045.6
2025-07-15T06:19:00.000000Z,2.8673,2.8689,2.8651,2.8657,712612.4
2025-07-15T06:20:00.000000Z,2.8656,2.8692,2.8648,2.8662,409418.8
2025-07-15T06:21:00.000000Z,2.8663,2.8712,2.865,2.8696,422898.2
2025-07-15T06:22:00.000000Z,2.8697,2.875,2.8696,2.8745,563832.2
2025-07-15T06:23:00.000000Z,2.8745,2.8777,2.8742,2.876,460403.5
2025-07-15T06:24:00.000000Z,2.8761,2.8764,2.8719,2.8727,261403.9
2025-07-15T06:25:00.000000Z,2.8727,2.875,2.8727,2.8749,352254.4
2025-07-15T06:26:00.000000Z,2.875,2.877,2.875,2.876,227657.8
2025-07-15T06:27:00.000000Z,2.8761,2.8761,2.8701,2.8712,272652.2
2025-07-15T06:28:00.000000Z,2.8712,2.8714,2.8702,2.8711,154141.1
2025-07-15T06:29:00.000000Z,2.8711,2.8713,2.87,2.8709,174557.5
2025-07-15T06:30:00.000000Z,2.871,2.8749,2.8701,2.8738,395250.1
2025-07-15T06:31:00.000000Z,2.8737,2.8737,2.8671,2.8677,254089.8
2025-07-15T06:32:00.000000Z,2.8677,2.8697,2.866,2.8661,273517.8
2025-07-15T06:33:00.000000Z,2.8661,2.8686,2.8635,2.8653,517786.9
2025-07-15T06:34:00.000000Z,2.8652,2.8691,2.8651,2.8678,266353.3
2025-07-15T06:35:00.000000Z,2.8678,2.8688,2.866,2.8687,475866.9
2025-07-15T06:36:00.000000Z,2.8688,2.8698,2.862,2.863,789038.7
2025-07-15T06:37:00.000000Z,2.8631,2.8645,2.8601,2.8625,792647.6
2025-07-15T06:38:00.000000Z,2.8625,2.8642,2.86,2.8601,582053.4
2025-07-15T06:39:00.000000Z,2.86,2.8606,2.8561,2.8588,1265232.9
2025-07-15T06:40:00.000000Z,2.8588,2.8626,2.8567,2.8609,877267.2
2025-07-15T06:41:00.000000Z,2.8609,2.865,2.8609,2.8645,344607.0
2025-07-15T06:42:00.000000Z,2.8645,2.8649,2.8603,2.861,281969.9
2025-07-15T06:43:00.000000Z,2.8611,2.863,2.8604,2.8612,417462.4
2025-07-15T06:44:00.000000Z,2.8612,2.8618,2.8592,2.8592,322034.8
2025-07-15T06:45:00.000000Z,2.8593,2.8617,2.8574,2.8617,454645.2
2025-07-15T06:46:00.000000Z,2.8617,2.8629,2.86,2.8602,274431.7
2025-07-15T06:47:00.000000Z,2.8601,2.8602,2.856,2.856,344218.4
2025-07-15T06:48:00.000000Z,2.8561,2.8564,2.8514,2.8544,2194937.3
2025-07-15T06:49:00.000000Z,2.8544,2.8575,2.8538,2.855,395665.1
2025-07-15T06:50:00.000000Z,2.8549,2.8553,2.853,2.8548,554983.6
2025-07-15T06:51:00.000000Z,2.8548,2.856,2.8513,2.8522,709021.6
2025-07-15T06:52:00.000000Z,2.8523,2.8532,2.8511,2.8525,576473.7
2025-07-15T06:53:00.000000Z,2.8525,2.8573,2.8522,2.8543,687568.9
2025-07-15T06:54:00.000000Z,2.8544,2.8544,2.8505,2.8506,496310.2
2025-07-15T06:55:00.000000Z,2.8506,2.8547,2.8506,2.8545,436424.9
2025-07-15T06:56:00.000000Z,2.8545,2.8574,2.8541,2.8574,337564.8
2025-07-15T06:57:00.000000Z,2.8573,2.8616,2.8564,2.8615,628702.0
2025-07-15T06:58:00.000000Z,2.8616,2.8636,2.8567,2.8567,931139.9
2025-07-15T06:59:00.000000Z,2.8567,2.8604,2.8556,2.8604,831425.4
2025-07-15T07:00:00.000000Z,2.8604,2.8627,2.8594,2.8621,727925.1
2025-07-15T07:01:00.000000Z,2.8621,2.866,2.8621,2.866,758811.7
2025-07-15T07:02:00.000000Z,2.866,2.8696,2.8644,2.8692,2016367.6
2025-07-15T07:03:00.000000Z,2.8691,2.8732,2.8686,2.8727,1142578.8
2025-07-15T07:04:00.000000Z,2.8726,2.8744,2.8691,2.8691,691698.4
2025-07-15T07:05:00.000000Z,2.8692,2.8715,2.8644,2.8652,922450.9
2025-07-15T07:06:00.000000Z,2.8652,2.8656,2.86,2.8614,1134382.7
2025-07-15T07:07:00.000000Z,2.8615,2.867,2.861,2.8634,616088.1
2025-07-15T07:08:00.000000Z,2.8634,2.8638,2.861,2.861,314170.7
2025-07-15T07:09:00.000000Z,2.861,2.8616,2.8596,2.8612,413909.2
2025-07-15T07:10:00.000000Z,2.8611,2.8625,2.8583,2.8597,533176.0
2025-07-15T07:11:00.000000Z,2.8597,2.8622,2.8579,2.8602,627605.7
2025-07-15T07:12:00.000000Z,2.8601,2.8607,2.8572,2.8574,437763.9
2025-07-15T07:13:00.000000Z,2.8575,2.8577,2.8547,2.8553,473591.8
2025-07-15T07:14:00.000000Z,2.8553,2.8583,2.8552,2.8552,302052.5
2025-07-15T07:15:00.000000Z,2.8552,2.8576,2.8549,2.8549,309665.0
2025-07-15T07:16:00.000000Z,2.8549,2.8569,2.8544,2.8547,246903.8
2025-07-15T07:17:00.000000Z,2.8547,2.8565,2.8537,2.8565,366345.0
2025-07-15T07:18:00.000000Z,2.8564,2.8578,2.855,2.8566,395514.4
2025-07-15T07:19:00.000000Z,2.8565,2.8566,2.8515,2.8517,340141.4
2025-07-15T07:20:00.000000Z,2.8517,2.8554,2.8516,2.8553,555440.9
2025-07-15T07:21:00.000000Z,2.8553,2.8573,2.8536,2.8573,429776.7
2025-07-15T07:22:00.000000Z,2.8573,2.8613,2.8573,2.8601,976288.5
2025-07-15T07:23:00.000000Z,2.8602,2.8611,2.8564,2.8569,250626.8
2025-07-15T07:24:00.000000Z,2.8568,2.8599,2.8556,2.8588,298212.6
2025-07-15T07:25:00.000000Z,2.8587,2.8618,2.858,2.859,481750.0
2025-07-15T07:26:00.000000Z,2.8589,2.8626,2.8573,2.8617,564679.2
2025-07-15T07:27:00.000000Z,2.8617,2.8623,2.8605,2.8612,444180.2
2025-07-15T07:28:00.000000Z,2.8612,2.8647,2.8604,2.8647,570599.9
2025-07-15T07:29:00.000000Z,2.8647,2.8651,2.8622,2.8625,449673.8
2025-07-15T07:30:00.000000Z,2.8625,2.8652,2.8608,2.8618,552878.4
2025-07-15T07:31:00.000000Z,2.8618,2.8637,2.8613,2.8627,472475.9
2025-07-15T07:32:00.000000Z,2.8628,2.8637,2.8595,2.8605,458513.6
2025-07-15T07:33:00.000000Z,2.8605,2.863,2.8588,2.8618,439170.7
2025-07-15T07:34:00.000000Z,2.8618,2.8642,2.8616,2.8629,323938.0
2025-07-15T07:35:00.000000Z,2.8628,2.8663,2.8626,2.8653,400281.8
2025-07-15T07:36:00.000000Z,2.8652,2.8665,2.8642,2.8655,174566.8
2025-07-15T07:37:00.000000Z,2.8655,2.8667,2.8625,2.8626,193968.5
2025-07-15T07:38:00.000000Z,2.8626,2.863,2.8585,2.8627,575175.0
2025-07-15T07:39:00.000000Z,2.8626,2.8639,2.8576,2.8577,230929.6
2025-07-15T07:40:00.000000Z,2.8576,2.8596,2.8551,2.8595,712895.8
2025-07-15T07:41:00.000000Z,2.8596,2.8686,2.8592,2.8684,2030368.9
2025-07-15T07:42:00.000000Z,2.8683,2.8722,2.8656,2.8704,848954.3
2025-07-15T07:43:00.000000Z,2.8704,2.8704,2.8637,2.8637,356651.6
2025-07-15T07:44:00.000000Z,2.8637,2.8659,2.8626,2.8635,427303.2
2025-07-15T07:45:00.000000Z,2.8636,2.8662,2.8601,2.8636,477218.6
2025-07-15T07:46:00.000000Z,2.8635,2.8635,2.8571,2.8587,546236.0
2025-07-15T07:47:00.000000Z,2.8587,2.8592,2.8537,2.8538,649063.0
2025-07-15T07:48:00.000000Z,2.8538,2.8563,2.8536,2.8539,506878.8
2025-07-15T07:49:00.000000Z,2.8539,2.8553,2.85,2.8516,1082843.5
2025-07-15T07:50:00.000000Z,2.8515,2.8529,2.8487,2.8528,1214992.0
2025-07-15T07:51:00.000000Z,2.8528,2.8543,2.8504,2.8509,969643.6
2025-07-15T07:52:00.000000Z,2.8508,2.8558,2.8495,2.8544,638994.6
2025-07-15T07:53:00.000000Z,2.8543,2.8587,2.8528,2.8569,1136973.3
2025-07-15T07:54:00.000000Z,2.8569,2.8626,2.8554,2.8602,787334.4
2025-07-15T07:55:00.000000Z,2.8601,2.8622,2.8583,2.8594,750398.2
2025-07-15T07:56:00.000000Z,2.8595,2.8653,2.8595,2.8653,411349.6
2025-07-15T07:57:00.000000Z,2.8652,2.866,2.8614,2.8624,813674.4
2025-07-15T07:58:00.000000Z,2.8625,2.8629,2.8564,2.8576,376823.5
2025-07-15T07:59:00.000000Z,2.8576,2.8576,2.8522,2.8533,367840.0
2025-07-15T08:00:00.000000Z,2.8534,2.8545,2.8519,2.8531,961437.3
2025-07-15T08:01:00.000000Z,2.8531,2.8531,2.8469,2.8469,1477042.4
2025-07-15T08:02:00.000000Z,2.8469,2.848,2.8416,2.842,1437303.8
2025-07-15T08:03:00.000000Z,2.842,2.8442,2.8396,2.8416,1427536.4
2025-07-15T08:04:00.000000Z,2.8416,2.8438,2.8405,2.841,734851.1
2025-07-15T08:05:00.000000Z,2.841,2.8459,2.841,2.8459,921208.2
2025-07-15T08:06:00.000000Z,2.8459,2.8488,2.8427,2.8488,1093592.7
2025-07-15T08:07:00.000000Z,2.8487,2.8494,2.8468,2.8492,667081.3
2025-07-15T08:08:00.000000Z,2.8493,2.8499,2.8463,2.8483,585292.6
2025-07-15T08:09:00.000000Z,2.8482,2.85,2.848,2.8485,275462.1
2025-07-15T08:10:00.000000Z,2.8484,2.85,2.8481,2.8493,364354.4
2025-07-15T08:11:00.000000Z,2.8492,2.85,2.8456,2.8467,327052.7
2025-07-15T08:12:00.000000Z,2.8466,2.8474,2.843,2.8433,613903.2
2025-07-15T08:13:00.000000Z,2.8433,2.8469,2.8432,2.8464,258863.6
2025-07-15T08:14:00.000000Z,2.8464,2.8464,2.8422,2.8423,390940.3
2025-07-15T08:15:00.000000Z,2.8423,2.8427,2.839,2.8409,707494.7
2025-07-15T08:16:00.000000Z,2.841,2.841,2.8337,2.8353,1564102.3
2025-07-15T08:17:00.000000Z,2.8353,2.8367,2.8322,2.8323,614434.4
2025-07-15T08:18:00.000000Z,2.8322,2.8364,2.828,2.8343,2248875.2
2025-07-15T08:19:00.000000Z,2.8342,2.8351,2.8321,2.8331,478085.3
2025-07-15T08:20:00.000000Z,2.8331,2.8344,2.8263,2.8269,1294433.4
2025-07-15T08:21:00.000000Z,2.827,2.8325,2.824,2.8317,2761145.7
2025-07-15T08:22:00.000000Z,2.8316,2.8407,2.8298,2.8391,3641119.0
2025-07-15T08:23:00.000000Z,2.839,2.8462,2.8389,2.845,1340894.9
2025-07-15T08:24:00.000000Z,2.8451,2.8468,2.8425,2.8428,686096.7
2025-07-15T08:25:00.000000Z,2.8428,2.8438,2.8355,2.8362,852262.5
2025-07-15T08:26:00.000000Z,2.8362,2.8468,2.8362,2.8458,557072.3
2025-07-15T08:27:00.000000Z,2.8458,2.8473,2.8449,2.8461,850204.7
2025-07-15T08:28:00.000000Z,2.846,2.8494,2.8455,2.849,362320.2
2025-07-15T08:29:00.000000Z,2.849,2.851,2.8477,2.8505,611112.2
2025-07-15T08:30:00.000000Z,2.8506,2.8522,2.8495,2.8518,548055.7
2025-07-15T08:31:00.000000Z,2.8517,2.853,2.8497,2.8512,521992.5
2025-07-15T08:32:00.000000Z,2.8512,2.8532,2.8508,2.8519,397650.2
2025-07-15T08:33:00.000000Z,2.8519,2.8551,2.8495,2.8504,853756.0
2025-07-15T08:34:00.000000Z,2.8504,2.8545,2.8503,2.8532,500108.9
2025-07-15T08:35:00.000000Z,2.8531,2.8567,2.8509,2.8567,432981.9
2025-07-15T08:36:00.000000Z,2.8568,2.8576,2.8542,2.8552,451519.7
2025-07-15T08:37:00.000000Z,2.8553,2.8579,2.855,2.8579,537503.0
2025-07-15T08:38:00.000000Z,2.8579,2.8586,2.8557,2.8561,424632.4
2025-07-15T08:39:00.000000Z,2.856,2.8592,2.856,2.8583,1138288.5
2025-07-15T08:40:00.000000Z,2.8583,2.8595,2.8573,2.8585,710086.7
2025-07-15T08:41:00.000000Z,2.8586,2.8617,2.8585,2.8606,936001.4
2025-07-15T08:42:00.000000Z,2.8606,2.8611,2.8578,2.8581,397750.5
2025-07-15T08:43:00.000000Z,2.8582,2.8599,2.8569,2.8576,775836.3
2025-07-15T08:44:00.000000Z,2.8575,2.8581,2.8555,2.856,349458.7
2025-07-15T08:45:00.000000Z,2.8561,2.8595,2.8558,2.8595,422544.0
2025-07-15T08:46:00.000000Z,2.8595,2.8595,2.8555,2.8593,309975.9
2025-07-15T08:47:00.000000Z,2.8592,2.8593,2.8549,2.8551,326508.3
2025-07-15T08:48:00.000000Z,2.8551,2.8572,2.8551,2.8567,277306.5
2025-07-15T08:49:00.000000Z,2.8568,2.8589,2.8563,2.8575,307031.0
2025-07-15T08:50:00.000000Z,2.8576,2.858,2.8546,2.8546,346544.5
2025-07-15T08:51:00.000000Z,2.8546,2.8552,2.8485,2.8497,1097572.6
2025-07-15T08:52:00.000000Z,2.8498,2.8541,2.8498,2.8541,292852.4
2025-07-15T08:53:00.000000Z,2.8541,2.8551,2.8524,2.855,195331.8
2025-07-15T08:54:00.000000Z,2.8549,2.8549,2.8504,2.8512,452870.5
2025-07-15T08:55:00.000000Z,2.8512,2.8522,2.8495,2.8498,376960.7
2025-07-15T08:56:00.000000Z,2.8498,2.8522,2.8496,2.8507,314497.6
2025-07-15T08:57:00.000000Z,2.8508,2.8511,2.8484,2.8497,576531.3
2025-07-15T08:58:00.000000Z,2.8497,2.8542,2.8497,2.8502,500715.2
2025-07-15T08:59:00.000000Z,2.8501,2.8512,2.8485,2.8511,366345.9
2025-07-15T09:00:00.000000Z,2.8511,2.8518,2.8495,2.851,388098.4
2025-07-15T09:01:00.000000Z,2.851,2.8572,2.851,2.8572,606398.3
2025-07-15T09:02:00.000000Z,2.8571,2.8586,2.8562,2.8569,515503.4
2025-07-15T09:03:00.000000Z,2.8569,2.8573,2.8548,2.8571,237227.8
2025-07-15T09:04:00.000000Z,2.857,2.8597,2.857,2.8596,336005.0
2025-07-15T09:05:00.000000Z,2.8595,2.8651,2.859,2.8642,1490556.5
2025-07-15T09:06:00.000000Z,2.8641,2.8677,2.8628,2.8671,1169324.7
2025-07-15T09:07:00.000000Z,2.8671,2.8701,2.8663,2.868,1892353.2
2025-07-15T09:08:00.000000Z,2.868,2.8715,2.868,2.8709,687235.0
2025-07-15T09:09:00.000000Z,2.871,2.8729,2.87,2.8724,427624.8
2025-07-15T09:10:00.000000Z,2.8724,2.8728,2.8713,2.8719,770828.7
2025-07-15T09:11:00.000000Z,2.872,2.8792,2.87,2.8786,2909190.8
2025-07-15T09:12:00.000000Z,2.8785,2.8793,2.875,2.8751,1048196.9
2025-07-15T09:13:00.000000Z,2.8752,2.8787,2.8747,2.8786,570280.9
2025-07-15T09:14:00.000000Z,2.8787,2.8819,2.8775,2.8811,1430611.3
2025-07-15T09:15:00.000000Z,2.8812,2.8873,2.8812,2.887,1255205.5
2025-07-15T09:16:00.000000Z,2.887,2.89,2.882,2.8827,2548537.6
2025-07-15T09:17:00.000000Z,2.8827,2.8839,2.8808,2.8808,1011394.5
2025-07-15T09:18:00.000000Z,2.8808,2.8818,2.8752,2.8766,1779777.9
2025-07-15T09:19:00.000000Z,2.8766,2.8769,2.8723,2.873,905228.9
2025-07-15T09:20:00.000000Z,2.873,2.8792,2.872,2.8761,1138824.4
2025-07-15T09:21:00.000000Z,2.8761,2.878,2.8736,2.8747,906174.3
2025-07-15T09:22:00.000000Z,2.8748,2.8831,2.8748,2.8824,911810.1
2025-07-15T09:23:00.000000Z,2.8825,2.8862,2.8824,2.8852,1187463.1
2025-07-15T09:24:00.000000Z,2.8852,2.887,2.8846,2.8855,645792.5
2025-07-15T09:25:00.000000Z,2.8856,2.8887,2.8848,2.8887,856415.4
2025-07-15T09:26:00.000000Z,2.8888,2.8888,2.8828,2.8849,1146936.3
2025-07-15T09:27:00.000000Z,2.885,2.8882,2.885,2.8872,460820.9
2025-07-15T09:28:00.000000Z,2.8873,2.8878,2.8852,2.8855,598651.5
2025-07-15T09:29:00.000000Z,2.8856,2.8871,2.8843,2.8844,789445.3
2025-07-15T09:30:00.000000Z,2.8844,2.8864,2.8825,2.8848,607068.4
2025-07-15T09:31:00.000000Z,2.8848,2.8857,2.8822,2.8822,449280.5
2025-07-15T09:32:00.000000Z,2.8822,2.8899,2.8821,2.8899,1130948.1
2025-07-15T09:33:00.000000Z,2.8898,2.8923,2.887,2.8883,1594753.9
2025-07-15T09:34:00.000000Z,2.8883,2.891,2.8883,2.8899,743074.6
2025-07-15T09:35:00.000000Z,2.8898,2.8939,2.8894,2.8895,957771.3
2025-07-15T09:36:00.000000Z,2.8895,2.892,2.8882,2.8884,580482.4
2025-07-15T09:37:00.000000Z,2.8885,2.893,2.8885,2.8929,422287.9
2025-07-15T09:38:00.000000Z,2.8929,2.8969,2.8906,2.8918,1472384.2
2025-07-15T09:39:00.000000Z,2.8919,2.8958,2.8916,2.8958,618945.9
2025-07-15T09:40:00.000000Z,2.8958,2.8972,2.8939,2.8939,645983.4
2025-07-15T09:41:00.000000Z,2.8939,2.8967,2.8928,2.8941,969362.3
2025-07-15T09:42:00.000000Z,2.8941,2.8949,2.8913,2.8925,885378.8
2025-07-15T09:43:00.000000Z,2.8925,2.8952,2.8916,2.8922,896215.9
2025-07-15T09:44:00.000000Z,2.8921,2.8936,2.8905,2.8905,623471.8
2025-07-15T09:45:00.000000Z,2.8906,2.893,2.8889,2.8926,631639.0
2025-07-15T09:46:00.000000Z,2.8925,2.8933,2.8892,2.8908,334817.0
2025-07-15T09:47:00.000000Z,2.8908,2.892,2.8881,2.8888,402603.8
2025-07-15T09:48:00.000000Z,2.8888,2.8904,2.888,2.8891,464745.2
2025-07-15T09:49:00.000000Z,2.889,2.8934,2.8881,2.8927,851887.7
2025-07-15T09:50:00.000000Z,2.8926,2.8937,2.8888,2.8895,450533.6
2025-07-15T09:51:00.000000Z,2.8895,2.8906,2.8858,2.8871,597709.2
2025-07-15T09:52:00.000000Z,2.8872,2.8905,2.8861,2.8905,1082256.1
2025-07-15T09:53:00.000000Z,2.8905,2.8952,2.8905,2.8946,312192.7
2025-07-15T09:54:00.000000Z,2.8946,2.895,2.8876,2.8877,682148.9
2025-07-15T09:55:00.000000Z,2.8878,2.8895,2.881,2.8814,1120988.2
2025-07-15T09:56:00.000000Z,2.8815,2.8827,2.8783,2.8794,1020282.2
2025-07-15T09:57:00.000000Z,2.8794,2.8846,2.8778,2.8815,1179201.4
2025-07-15T09:58:00.000000Z,2.8816,2.8828,2.8806,2.8814,479106.9
2025-07-15T09:59:00.000000Z,2.8815,2.8826,2.8813,2.8815,207229.2
2025-07-15T10:00:00.000000Z,2.8815,2.8864,2.8808,2.8817,1061000.2
2025-07-15T10:01:00.000000Z,2.8818,2.8842,2.8803,2.8836,390767.3
2025-07-15T10:02:00.000000Z,2.8835,2.8853,2.8816,2.885,438491.3
2025-07-15T10:03:00.000000Z,2.8849,2.885,2.8809,2.8812,362371.4
2025-07-15T10:04:00.000000Z,2.8813,2.8886,2.8795,2.8885,627027.0
2025-07-15T10:05:00.000000Z,2.8885,2.8896,2.8849,2.8859,610309.0
2025-07-15T10:06:00.000000Z,2.8859,2.8883,2.8835,2.8836,655898.6
2025-07-15T10:07:00.000000Z,2.8837,2.8882,2.8831,2.8878,375062.9
2025-07-15T10:08:00.000000Z,2.8877,2.8948,2.8876,2.8945,802373.8
2025-07-15T10:09:00.000000Z,2.8945,2.8984,2.8942,2.8984,1177559.5
2025-07-15T10:10:00.000000Z,2.8984,2.899,2.8934,2.8977,719765.5
2025-07-15T10:11:00.000000Z,2.8977,2.8982,2.8935,2.8945,824393.5
2025-07-15T10:12:00.000000Z,2.8946,2.8964,2.8885,2.8895,963831.8
2025-07-15T10:13:00.000000Z,2.8896,2.8937,2.8896,2.893,601197.9
2025-07-15T10:14:00.000000Z,2.8929,2.894,2.888,2.889,341311.2
2025-07-15T10:15:00.000000Z,2.889,2.8958,2.8886,2.8958,436366.8
2025-07-15T10:16:00.000000Z,2.8959,2.8992,2.895,2.8977,1751389.1
2025-07-15T10:17:00.000000Z,2.8976,2.9134,2.8966,2.9095,5372838.5
2025-07-15T10:18:00.000000Z,2.9095,2.9217,2.9062,2.9191,4967256.1
2025-07-15T10:19:00.000000Z,2.9191,2.9247,2.9094,2.9107,4354278.1
2025-07-15T10:20:00.000000Z,2.9108,2.913,2.9064,2.909,3059711.3
2025-07-15T10:21:00.000000Z,2.909,2.9162,2.9072,2.9106,1752245.8
2025-07-15T10:22:00.000000Z,2.9107,2.9112,2.9069,2.907,867986.2
2025-07-15T10:23:00.000000Z,2.9071,2.9103,2.906,2.9094,978990.4
2025-07-15T10:24:00.000000Z,2.9093,2.9154,2.9075,2.9132,1646218.4
2025-07-15T10:25:00.000000Z,2.9131,2.9177,2.9122,2.9149,1307857.4
2025-07-15T10:26:00.000000Z,2.9148,2.9204,2.9148,2.9188,1751375.0
2025-07-15T10:27:00.000000Z,2.9188,2.9205,2.915,2.915,917486.4
2025-07-15T10:28:00.000000Z,2.9151,2.9155,2.9098,2.9119,1069123.3
2025-07-15T10:29:00.000000Z,2.9119,2.9144,2.909,2.9144,594076.9
2025-07-15T10:30:00.000000Z,2.9144,2.916,2.9098,2.9099,749590.6
2025-07-15T10:31:00.000000Z,2.91,2.91,2.9057,2.9066,1389771.4
2025-07-15T10:32:00.000000Z,2.9066,2.9101,2.906,2.9094,607124.5
2025-07-15T10:33:00.000000Z,2.9093,2.9097,2.906,2.906,307811.7
2025-07-15T10:34:00.000000Z,2.906,2.9092,2.906,2.907,357056.9
2025-07-15T10:35:00.000000Z,2.907,2.907,2.9004,2.9041,3203871.5
2025-07-15T10:36:00.000000Z,2.9041,2.9042,2.901,2.9029,669664.5
2025-07-15T10:37:00.000000Z,2.9028,2.9046,2.9006,2.9039,550549.4
2025-07-15T10:38:00.000000Z,2.9039,2.9055,2.9029,2.9031,429499.3
2025-07-15T10:39:00.000000Z,2.903,2.9055,2.902,2.902,384380.6
2025-07-15T10:40:00.000000Z,2.902,2.9044,2.9012,2.9038,599132.1
2025-07-15T10:41:00.000000Z,2.9038,2.905,2.9013,2.9037,414931.4
2025-07-15T10:42:00.000000Z,2.9038,2.908,2.9036,2.9078,551456.9
2025-07-15T10:43:00.000000Z,2.9078,2.9084,2.9034,2.9077,664041.1
2025-07-15T10:44:00.000000Z,2.9078,2.9094,2.905,2.9074,921300.8
2025-07-15T10:45:00.000000Z,2.9075,2.9075,2.9028,2.9068,781534.2
2025-07-15T10:46:00.000000Z,2.9069,2.9134,2.9068,2.9119,1271722.0
2025-07-15T10:47:00.000000Z,2.9119,2.9134,2.9107,2.9134,678320.3
2025-07-15T10:48:00.000000Z,2.9133,2.914,2.9109,2.9128,396434.8
2025-07-15T10:49:00.000000Z,2.9128,2.9159,2.9123,2.9149,391512.4
2025-07-15T10:50:00.000000Z,2.9149,2.9172,2.9123,2.9147,1080519.2
2025-07-15T10:51:00.000000Z,2.9148,2.9185,2.9148,2.9176,691166.4
2025-07-15T10:52:00.000000Z,2.9175,2.9189,2.9153,2.9166,764152.3
2025-07-15T10:53:00.000000Z,2.9166,2.9187,2.9153,2.9165,634975.7
2025-07-15T10:54:00.000000Z,2.9165,2.9182,2.9161,2.9162,381864.1
2025-07-15T10:55:00.000000Z,2.9161,2.917,2.9119,2.9126,1416605.1
2025-07-15T10:56:00.000000Z,2.9126,2.9141,2.9116,2.9138,336690.2
2025-07-15T10:57:00.000000Z,2.9138,2.917,2.9137,2.9169,418379.4
2025-07-15T10:58:00.000000Z,2.9169,2.9182,2.9145,2.9157,533572.1
2025-07-15T10:59:00.000000Z,2.9157,2.9174,2.9153,2.9153,314900.2
2025-07-15T11:00:00.000000Z,2.9154,2.9182,2.915,2.9182,434547.6
2025-07-15T11:01:00.000000Z,2.9181,2.9297,2.9168,2.9261,4315834.0
2025-07-15T11:02:00.000000Z,2.926,2.9263,2.921,2.9237,2005268.5
2025-07-15T11:03:00.000000Z,2.9237,2.9243,2.9182,2.9215,936779.8
2025-07-15T11:04:00.000000Z,2.9215,2.9235,2.9215,2.9235,618717.5
2025-07-15T11:05:00.000000Z,2.9235,2.9248,2.9216,2.9248,686391.6
2025-07-15T11:06:00.000000Z,2.9249,2.9267,2.924,2.9262,372662.9
2025-07-15T11:07:00.000000Z,2.9263,2.9291,2.925,2.9285,971731.7
2025-07-15T11:08:00.000000Z,2.9285,2.9297,2.9213,2.9213,771897.6
2025-07-15T11:09:00.000000Z,2.9213,2.9227,2.9197,2.9209,1143813.2
2025-07-15T11:10:00.000000Z,2.9208,2.9211,2.918,2.9182,680335.1
2025-07-15T11:11:00.000000Z,2.9181,2.9182,2.9149,2.9174,800425.6
2025-07-15T11:12:00.000000Z,2.9174,2.9178,2.9143,2.9143,393276.3
2025-07-15T11:13:00.000000Z,2.9143,2.9144,2.9124,2.9135,606160.8
2025-07-15T11:14:00.000000Z,2.9134,2.9154,2.9131,2.914,523078.4
2025-07-15T11:15:00.000000Z,2.914,2.9145,2.9085,2.9085,1969847.5
2025-07-15T11:16:00.000000Z,2.9086,2.9086,2.9024,2.9029,1551224.8
2025-07-15T11:17:00.000000Z,2.903,2.9046,2.8982,2.8991,2316363.4
2025-07-15T11:18:00.000000Z,2.8991,2.9041,2.8957,2.9031,1637127.2
2025-07-15T11:19:00.000000Z,2.903,2.9036,2.9002,2.9002,594470.0
2025-07-15T11:20:00.000000Z,2.9004,2.9064,2.9003,2.9026,965639.2
2025-07-15T11:21:00.000000Z,2.9025,2.9025,2.8953,2.8957,1240181.7
2025-07-15T11:22:00.000000Z,2.8957,2.8965,2.8905,2.8905,2177307.6
2025-07-15T11:23:00.000000Z,2.8905,2.8958,2.8878,2.895,2191210.1
2025-07-15T11:24:00.000000Z,2.8951,2.9,2.895,2.8965,972906.8
2025-07-15T11:25:00.000000Z,2.8965,2.9018,2.8951,2.8978,2184426.8
2025-07-15T11:26:00.000000Z,2.8978,2.898,2.8942,2.8957,866289.9
2025-07-15T11:27:00.000000Z,2.8956,2.8964,2.8928,2.894,684089.4
2025-07-15T11:28:00.000000Z,2.8939,2.9006,2.8936,2.8986,1056918.9
2025-07-15T11:29:00.000000Z,2.8986,2.8998,2.8968,2.897,543780.5
2025-07-15T11:30:00.000000Z,2.8971,2.9041,2.8971,2.8983,2738082.0
2025-07-15T11:31:00.000000Z,2.8983,2.8987,2.8965,2.8974,643575.2
2025-07-15T11:32:00.000000Z,2.8973,2.8982,2.894,2.8943,591549.6
2025-07-15T11:33:00.000000Z,2.8944,2.9027,2.8943,2.9027,901883.8
2025-07-15T11:34:00.000000Z,2.9026,2.9026,2.8978,2.8989,819866.1
2025-07-15T11:35:00.000000Z,2.8988,2.901,2.8948,2.8954,557308.4
2025-07-15T11:36:00.000000Z,2.8954,2.8976,2.8949,2.8976,457236.6
2025-07-15T11:37:00.000000Z,2.8976,2.8993,2.896,2.8978,314211.0
2025-07-15T11:38:00.000000Z,2.8978,2.9006,2.8978,2.9003,804735.7
2025-07-15T11:39:00.000000Z,2.9002,2.9006,2.8978,2.8984,212072.7
2025-07-15T11:40:00.000000Z,2.8984,2.8986,2.8943,2.8949,509252.9
2025-07-15T11:41:00.000000Z,2.895,2.895,2.8936,2.894,222361.3
2025-07-15T11:42:00.000000Z,2.8941,2.8985,2.8937,2.8984,341595.7
2025-07-15T11:43:00.000000Z,2.8984,2.9,2.8973,2.8999,849094.3
2025-07-15T11:44:00.000000Z,2.9,2.9031,2.8999,2.9025,205950.1
2025-07-15T11:45:00.000000Z,2.9025,2.9049,2.901,2.9045,618987.6
2025-07-15T11:46:00.000000Z,2.9044,2.9044,2.9001,2.9006,420980.7
2025-07-15T11:47:00.000000Z,2.9006,2.9018,2.8971,2.9013,337911.0
2025-07-15T11:48:00.000000Z,2.9013,2.9028,2.8988,2.8988,555813.8
2025-07-15T11:49:00.000000Z,2.8988,2.9017,2.8983,2.9016,233549.5
2025-07-15T11:50:00.000000Z,2.9017,2.9043,2.8996,2.9037,285806.4
2025-07-15T11:51:00.000000Z,2.9037,2.9042,2.8986,2.9016,443864.4
2025-07-15T11:52:00.000000Z,2.9016,2.9033,2.9001,2.9014,311421.9
2025-07-15T11:53:00.000000Z,2.9013,2.9038,2.9002,2.9036,705721.8
2025-07-15T11:54:00.000000Z,2.9037,2.9068,2.8996,2.9014,1032400.4
2025-07-15T11:55:00.000000Z,2.9013,2.9027,2.8991,2.9005,1377421.5
2025-07-15T11:56:00.000000Z,2.9006,2.9043,2.9001,2.9036,341728.1
2025-07-15T11:57:00.000000Z,2.9036,2.906,2.9019,2.9051,651027.7
2025-07-15T11:58:00.000000Z,2.9052,2.9058,2.9006,2.9033,682436.6
2025-07-15T11:59:00.000000Z,2.9033,2.906,2.9032,2.9059,472741.1
2025-07-15T12:00:00.000000Z,2.906,2.9067,2.903,2.9066,676246.1
2025-07-15T12:01:00.000000Z,2.9066,2.9074,2.899,2.8991,1055617.3
2025-07-15T12:02:00.000000Z,2.8992,2.9026,2.8992,2.9015,475429.4
2025-07-15T12:03:00.000000Z,2.9016,2.9018,2.897,2.8972,817751.0
2025-07-15T12:04:00.000000Z,2.8972,2.9038,2.8967,2.9016,548238.0
2025-07-15T12:05:00.000000Z,2.9016,2.9055,2.8998,2.9027,942792.5
2025-07-15T12:06:00.000000Z,2.9027,2.905,2.9007,2.901,684021.9
2025-07-15T12:07:00.000000Z,2.901,2.9019,2.8983,2.8992,430243.8
2025-07-15T12:08:00.000000Z,2.8991,2.8999,2.8961,2.8963,486047.6
2025-07-15T12:09:00.000000Z,2.8963,2.8968,2.894,2.8952,857141.6
2025-07-15T12:10:00.000000Z,2.8952,2.8975,2.8939,2.8948,790268.6
2025-07-15T12:11:00.000000Z,2.8947,2.899,2.893,2.8989,377654.6
2025-07-15T12:12:00.000000Z,2.8989,2.9,2.8957,2.8967,370930.6
2025-07-15T12:13:00.000000Z,2.8967,2.8979,2.8946,2.8957,458754.6
2025-07-15T12:14:00.000000Z,2.8958,2.8965,2.8948,2.8953,282139.3
2025-07-15T12:15:00.000000Z,2.8953,2.9005,2.8953,2.899,1093134.4
2025-07-15T12:16:00.000000Z,2.8991,2.8992,2.8949,2.8953,518810.2
2025-07-15T12:17:00.000000Z,2.8954,2.8962,2.894,2.8941,426350.4
2025-07-15T12:18:00.000000Z,2.8941,2.8942,2.8883,2.8906,896951.4
2025-07-15T12:19:00.000000Z,2.8907,2.8954,2.8888,2.8937,485115.0
2025-07-15T12:20:00.000000Z,2.8937,2.8954,2.8911,2.8915,552639.7
2025-07-15T12:21:00.000000Z,2.8914,2.8963,2.8904,2.8949,577430.0
2025-07-15T12:22:00.000000Z,2.8949,2.8976,2.8942,2.8965,601686.9
2025-07-15T12:23:00.000000Z,2.8966,2.8969,2.8933,2.8933,352873.3
2025-07-15T12:24:00.000000Z,2.8933,2.8951,2.89,2.8903,1287320.8
2025-07-15T12:25:00.000000Z,2.8903,2.8923,2.8895,2.8904,840944.1
2025-07-15T12:26:00.000000Z,2.8903,2.8908,2.8859,2.887,1088889.6
2025-07-15T12:27:00.000000Z,2.8871,2.8896,2.885,2.8884,977308.4
2025-07-15T12:28:00.000000Z,2.8884,2.8896,2.8867,2.8878,485238.0
2025-07-15T12:29:00.000000Z,2.8877,2.8892,2.8864,2.8886,1072820.7
2025-07-15T12:30:00.000000Z,2.8886,2.9099,2.8886,2.9082,5927561.0
2025-07-15T12:31:00.000000Z,2.9083,2.9226,2.9059,2.9219,5693167.6
2025-07-15T12:32:00.000000Z,2.922,2.9344,2.9199,2.924,6422209.3
2025-07-15T12:33:00.000000Z,2.9241,2.9284,2.9108,2.9168,5110337.1
2025-07-15T12:34:00.000000Z,2.9169,2.9246,2.9146,2.9228,2309852.9
2025-07-15T12:35:00.000000Z,2.9228,2.925,2.9128,2.9193,2369418.4
2025-07-15T12:36:00.000000Z,2.9193,2.9221,2.912,2.9126,1997375.8
2025-07-15T12:37:00.000000Z,2.9125,2.914,2.902,2.9036,3084145.0
2025-07-15T12:38:00.000000Z,2.9036,2.9056,2.8872,2.8908,3813277.3
2025-07-15T12:39:00.000000Z,2.8908,2.894,2.8864,2.8937,1898093.3
2025-07-15T12:40:00.000000Z,2.8937,2.8949,2.8885,2.8899,1433444.5
2025-07-15T12:41:00.000000Z,2.8899,2.8912,2.8769,2.8792,5271042.2
2025-07-15T12:42:00.000000Z,2.8792,2.8795,2.8634,2.8709,9699300.7
2025-07-15T12:43:00.000000Z,2.8709,2.8736,2.8608,2.8656,3062839.8
2025-07-15T12:44:00.000000Z,2.8656,2.8675,2.8506,2.8651,5654971.9
2025-07-15T12:45:00.000000Z,2.865,2.877,2.8644,2.8708,3669006.2
2025-07-15T12:46:00.000000Z,2.871,2.8783,2.8687,2.8782,1589631.1
2025-07-15T12:47:00.000000Z,2.8783,2.8786,2.8732,2.8773,1560781.5
2025-07-15T12:48:00.000000Z,2.8773,2.8815,2.8743,2.8807,1778728.4
2025-07-15T12:49:00.000000Z,2.8808,2.8843,2.8778,2.8831,1995709.8
2025-07-15T12:50:00.000000Z,2.8831,2.8919,2.8825,2.8903,2044130.7
2025-07-15T12:51:00.000000Z,2.8903,2.9024,2.8889,2.8944,2596456.3
2025-07-15T12:52:00.000000Z,2.8945,2.9025,2.8936,2.9023,1538568.1
2025-07-15T12:53:00.000000Z,2.9023,2.9023,2.8947,2.8986,1713606.1
2025-07-15T12:54:00.000000Z,2.8986,2.9015,2.8939,2.8962,1454294.9
2025-07-15T12:55:00.000000Z,2.8962,2.8981,2.8938,2.8963,883912.3
2025-07-15T12:56:00.000000Z,2.8962,2.9014,2.8962,2.8988,1184655.6
2025-07-15T12:57:00.000000Z,2.8989,2.8993,2.8945,2.8977,1274257.2
2025-07-15T12:58:00.000000Z,2.8977,2.9003,2.897,2.8984,381712.3
2025-07-15T12:59:00.000000Z,2.8984,2.8996,2.8961,2.8969,865510.3
2025-07-15T13:00:00.000000Z,2.8969,2.8973,2.8938,2.8942,1107015.3
2025-07-15T13:01:00.000000Z,2.8943,2.9012,2.8932,2.8982,991900.5
2025-07-15T13:02:00.000000Z,2.8982,2.9046,2.8959,2.9045,1272538.9
2025-07-15T13:03:00.000000Z,2.9044,2.9097,2.9019,2.9096,1240377.5
2025-07-15T13:04:00.000000Z,2.9096,2.9117,2.9043,2.9115,1888438.4
2025-07-15T13:05:00.000000Z,2.9116,2.914,2.9068,2.9134,1664311.7
2025-07-15T13:06:00.000000Z,2.9134,2.9268,2.9112,2.9252,4647770.6
2025-07-15T13:07:00.000000Z,2.925,2.928,2.9193,2.9207,2546055.2
2025-07-15T13:08:00.000000Z,2.9207,2.922,2.917,2.9217,1341045.3
2025-07-15T13:09:00.000000Z,2.9217,2.9217,2.9122,2.9133,2223976.4
2025-07-15T13:10:00.000000Z,2.9132,2.9159,2.9118,2.9145,1648044.4
2025-07-15T13:11:00.000000Z,2.9144,2.9211,2.9142,2.9199,1768954.2
2025-07-15T13:12:00.000000Z,2.9199,2.9235,2.9171,2.9221,1061563.2
2025-07-15T13:13:00.000000Z,2.922,2.9234,2.9144,2.9171,1117132.8
2025-07-15T13:14:00.000000Z,2.9171,2.9224,2.9159,2.9192,889119.1
2025-07-15T13:15:00.000000Z,2.9191,2.92,2.9168,2.9189,1259895.7
2025-07-15T13:16:00.000000Z,2.9189,2.9199,2.9144,2.9148,1134750.2
2025-07-15T13:17:00.000000Z,2.9147,2.9164,2.9105,2.9141,1518289.2
2025-07-15T13:18:00.000000Z,2.914,2.9146,2.9068,2.9074,1255156.8
2025-07-15T13:19:00.000000Z,2.9073,2.9076,2.9022,2.9055,2816876.0
2025-07-15T13:20:00.000000Z,2.9056,2.9127,2.9055,2.9111,776506.0
2025-07-15T13:21:00.000000Z,2.911,2.9126,2.9088,2.9112,718505.6
2025-07-15T13:22:00.000000Z,2.9111,2.9112,2.9038,2.9057,674010.8
2025-07-15T13:23:00.000000Z,2.9057,2.9116,2.9045,2.906,824325.8
2025-07-15T13:24:00.000000Z,2.906,2.9069,2.904,2.9055,647502.9
2025-07-15T13:25:00.000000Z,2.9055,2.9144,2.9051,2.9123,961325.8
2025-07-15T13:26:00.000000Z,2.9122,2.9159,2.912,2.9135,943953.4
2025-07-15T13:27:00.000000Z,2.9136,2.914,2.911,2.9111,660538.5
2025-07-15T13:28:00.000000Z,2.9111,2.9142,2.9105,2.9124,618443.0
2025-07-15T13:29:00.000000Z,2.9125,2.9155,2.911,2.9113,922180.7
2025-07-15T13:30:00.000000Z,2.9114,2.9151,2.9088,2.9094,1755848.5
2025-07-15T13:31:00.000000Z,2.9094,2.9117,2.9042,2.9069,1470118.3
2025-07-15T13:32:00.000000Z,2.9069,2.9088,2.9041,2.9058,1384310.0
2025-07-15T13:33:00.000000Z,2.9058,2.9199,2.9042,2.9144,1167422.8
2025-07-15T13:34:00.000000Z,2.9144,2.9226,2.9112,2.922,1827615.1
2025-07-15T13:35:00.000000Z,2.9219,2.9227,2.9152,2.918,1545026.8
2025-07-15T13:36:00.000000Z,2.9181,2.9198,2.9131,2.915,628572.6
2025-07-15T13:37:00.000000Z,2.9151,2.9155,2.9084,2.9153,1059332.5
2025-07-15T13:38:00.000000Z,2.9153,2.9155,2.9077,2.9091,971292.1
2025-07-15T13:39:00.000000Z,2.909,2.9107,2.9005,2.9018,1582280.5
2025-07-15T13:40:00.000000Z,2.9017,2.907,2.8983,2.906,2024950.4
2025-07-15T13:41:00.000000Z,2.9059,2.9092,2.9033,2.9081,1045548.1
2025-07-15T13:42:00.000000Z,2.908,2.9133,2.9063,2.9132,652931.9
2025-07-15T13:43:00.000000Z,2.9132,2.9195,2.9123,2.9187,1030684.2
2025-07-15T13:44:00.000000Z,2.9187,2.919,2.9143,2.9149,850623.7
2025-07-15T13:45:00.000000Z,2.9149,2.9197,2.9132,2.919,808158.3
2025-07-15T13:46:00.000000Z,2.9189,2.9223,2.9116,2.9123,1843533.8
2025-07-15T13:47:00.000000Z,2.9121,2.9186,2.9121,2.9141,1297293.3
2025-07-15T13:48:00.000000Z,2.9141,2.9232,2.9135,2.9227,1290448.4
2025-07-15T13:49:00.000000Z,2.9226,2.9243,2.9166,2.9194,1210682.0
2025-07-15T13:50:00.000000Z,2.9193,2.9304,2.9184,2.9279,1852623.8
2025-07-15T13:51:00.000000Z,2.9279,2.9283,2.9217,2.9252,1734576.4
2025-07-15T13:52:00.000000Z,2.9251,2.9266,2.9181,2.919,2292215.3
2025-07-15T13:53:00.000000Z,2.9191,2.9217,2.9183,2.9212,1061587.6
2025-07-15T13:54:00.000000Z,2.9211,2.927,2.9202,2.927,826407.2
2025-07-15T13:55:00.000000Z,2.927,2.9338,2.9258,2.9327,1556251.8
2025-07-15T13:56:00.000000Z,2.9326,2.9336,2.9289,2.9295,1327588.8
2025-07-15T13:57:00.000000Z,2.9295,2.9311,2.9259,2.9272,1042713.5
2025-07-15T13:58:00.000000Z,2.9273,2.9279,2.9241,2.9256,895767.8
2025-07-15T13:59:00.000000Z,2.9255,2.9256,2.9214,2.9227,590748.3
2025-07-15T14:00:00.000000Z,2.9226,2.9255,2.9191,2.9203,1029459.0
2025-07-15T14:01:00.000000Z,2.9202,2.9234,2.9177,2.9219,1137623.5
2025-07-15T14:02:00.000000Z,2.9219,2.9256,2.9214,2.9224,561349.6
2025-07-15T14:03:00.000000Z,2.9224,2.9237,2.9172,2.9189,1728264.6
2025-07-15T14:04:00.000000Z,2.9189,2.9189,2.9134,2.9144,971829.8
2025-07-15T14:05:00.000000Z,2.9144,2.9171,2.9108,2.9166,1091642.3
2025-07-15T14:06:00.000000Z,2.9167,2.9199,2.9142,2.9194,886924.2
2025-07-15T14:07:00.000000Z,2.9194,2.9235,2.9183,2.923,806888.3
2025-07-15T14:08:00.000000Z,2.923,2.9244,2.9212,2.9242,353695.6
2025-07-15T14:09:00.000000Z,2.9243,2.9299,2.9233,2.9259,1281877.7
2025-07-15T14:10:00.000000Z,2.926,2.9268,2.9213,2.9229,553666.9
2025-07-15T14:11:00.000000Z,2.9229,2.929,2.9229,2.9283,462403.6
2025-07-15T14:12:00.000000Z,2.9282,2.9297,2.9259,2.9294,754068.6
2025-07-15T14:13:00.000000Z,2.9294,2.9308,2.9277,2.9307,694714.7
2025-07-15T14:14:00.000000Z,2.9307,2.9308,2.9282,2.9298,1218588.7
2025-07-15T14:15:00.000000Z,2.9298,2.9308,2.9265,2.9293,591356.2
2025-07-15T14:16:00.000000Z,2.9292,2.9295,2.9252,2.9268,691406.4
2025-07-15T14:17:00.000000Z,2.9269,2.9276,2.921,2.9217,939646.0
2025-07-15T14:18:00.000000Z,2.9219,2.9232,2.9143,2.9151,1431248.0
2025-07-15T14:19:00.000000Z,2.915,2.9185,2.9142,2.9184,817219.3
2025-07-15T14:20:00.000000Z,2.9183,2.9192,2.9153,2.9188,476593.6
2025-07-15T14:21:00.000000Z,2.9188,2.9188,2.9137,2.9137,796450.8
2025-07-15T14:22:00.000000Z,2.9138,2.9145,2.9106,2.9109,1808708.9
2025-07-15T14:23:00.000000Z,2.9109,2.911,2.9044,2.9082,1509450.7
2025-07-15T14:24:00.000000Z,2.9081,2.9105,2.9061,2.9061,1190194.5
2025-07-15T14:25:00.000000Z,2.9061,2.9069,2.9028,2.9044,1331201.0
2025-07-15T14:26:00.000000Z,2.9044,2.908,2.9029,2.9042,930070.0
2025-07-15T14:27:00.000000Z,2.9042,2.9088,2.9034,2.908,759202.1
2025-07-15T14:28:00.000000Z,2.9079,2.91,2.906,2.9089,832267.5
2025-07-15T14:29:00.000000Z,2.909,2.9096,2.9053,2.9059,556417.1
2025-07-15T14:30:00.000000Z,2.9059,2.9095,2.9051,2.9094,643383.6
2025-07-15T14:31:00.000000Z,2.9095,2.9099,2.891,2.8916,3175614.0
2025-07-15T14:32:00.000000Z,2.8917,2.9033,2.889,2.9023,2747736.1
2025-07-15T14:33:00.000000Z,2.9024,2.9024,2.8973,2.8987,1125867.7
2025-07-15T14:34:00.000000Z,2.8986,2.9022,2.8939,2.895,1224032.1
2025-07-15T14:35:00.000000Z,2.895,2.8989,2.887,2.8921,2310334.3
2025-07-15T14:36:00.000000Z,2.8921,2.8962,2.8874,2.8874,1153682.9
2025-07-15T14:37:00.000000Z,2.8874,2.8878,2.88,2.8812,2502190.2
2025-07-15T14:38:00.000000Z,2.8811,2.8823,2.8779,2.8817,1709362.4
2025-07-15T14:39:00.000000Z,2.8817,2.8872,2.8813,2.8869,1204388.2
2025-07-15T14:40:00.000000Z,2.8869,2.8914,2.8848,2.8862,1644398.3
2025-07-15T14:41:00.000000Z,2.8863,2.8879,2.8824,2.8833,927337.0
2025-07-15T14:42:00.000000Z,2.8832,2.8832,2.8703,2.8713,2602205.9
2025-07-15T14:43:00.000000Z,2.8714,2.8726,2.8657,2.8681,2894033.3
2025-07-15T14:44:00.000000Z,2.868,2.8783,2.8662,2.8762,2778344.8
2025-07-15T14:45:00.000000Z,2.8762,2.8765,2.8688,2.8749,1898259.6
2025-07-15T14:46:00.000000Z,2.8749,2.8802,2.8741,2.8795,1420064.6
2025-07-15T14:47:00.000000Z,2.8795,2.8806,2.8738,2.8738,1580400.6
2025-07-15T14:48:00.000000Z,2.8739,2.8799,2.8739,2.8766,709263.9
2025-07-15T14:49:00.000000Z,2.8765,2.8815,2.8763,2.8814,999938.9
2025-07-15T14:50:00.000000Z,2.8813,2.8815,2.8735,2.8735,1859720.5
2025-07-15T14:51:00.000000Z,2.8734,2.8748,2.8625,2.8638,3841141.5
2025-07-15T14:52:00.000000Z,2.8638,2.8653,2.8522,2.859,5786807.1
2025-07-15T14:53:00.000000Z,2.859,2.863,2.8575,2.8616,1825043.6
2025-07-15T14:54:00.000000Z,2.8619,2.8647,2.8542,2.8563,2118607.1
2025-07-15T14:55:00.000000Z,2.8562,2.8567,2.8497,2.8499,3734513.5
2025-07-15T14:56:00.000000Z,2.8498,2.852,2.8401,2.8431,5528366.3
2025-07-15T14:57:00.000000Z,2.8432,2.8622,2.8431,2.8558,5467240.4
2025-07-15T14:58:00.000000Z,2.8558,2.8589,2.8509,2.8588,1477299.4
2025-07-15T14:59:00.000000Z,2.8588,2.8588,2.8515,2.8549,1273731.1
2025-07-15T15:00:00.000000Z,2.8549,2.8589,2.8487,2.853,2408357.2
2025-07-15T15:01:00.000000Z,2.853,2.8549,2.8416,2.8438,3703388.0
2025-07-15T15:02:00.000000Z,2.8438,2.8529,2.8438,2.8474,1240981.7
2025-07-15T15:03:00.000000Z,2.8474,2.8587,2.8474,2.8548,1847468.7
2025-07-15T15:04:00.000000Z,2.8548,2.8588,2.8521,2.8562,2136804.3
2025-07-15T15:05:00.000000Z,2.8562,2.8615,2.8541,2.8609,2148115.0
2025-07-15T15:06:00.000000Z,2.8609,2.8658,2.8576,2.8655,2295944.0
2025-07-15T15:07:00.000000Z,2.8654,2.8745,2.8643,2.8716,3517076.9
2025-07-15T15:08:00.000000Z,2.8716,2.875,2.8691,2.8713,1559016.7
2025-07-15T15:09:00.000000Z,2.8713,2.8737,2.8661,2.8664,1072617.9
2025-07-15T15:10:00.000000Z,2.8664,2.8752,2.8655,2.8715,1964396.8
2025-07-15T15:11:00.000000Z,2.8715,2.8742,2.8686,2.8741,995888.9
2025-07-15T15:12:00.000000Z,2.8742,2.8763,2.872,2.8744,1016990.4
2025-07-15T15:13:00.000000Z,2.8745,2.8753,2.8714,2.8743,859403.6
2025-07-15T15:14:00.000000Z,2.8742,2.8752,2.8715,2.8715,628743.3
2025-07-15T15:15:00.000000Z,2.8715,2.8797,2.8702,2.8796,1227746.1
2025-07-15T15:16:00.000000Z,2.8796,2.8803,2.8725,2.8748,932552.7
2025-07-15T15:17:00.000000Z,2.8749,2.8756,2.873,2.8752,608400.3
2025-07-15T15:18:00.000000Z,2.8753,2.8775,2.8729,2.873,728440.9
2025-07-15T15:19:00.000000Z,2.8731,2.878,2.8701,2.8773,853899.7
2025-07-15T15:20:00.000000Z,2.8772,2.8793,2.8748,2.8748,812804.9
2025-07-15T15:21:00.000000Z,2.8748,2.881,2.8747,2.8795,1002664.8
2025-07-15T15:22:00.000000Z,2.8795,2.8838,2.8785,2.8789,864674.9
2025-07-15T15:23:00.000000Z,2.8789,2.8814,2.8672,2.8672,1582227.7
2025-07-15T15:24:00.000000Z,2.8671,2.869,2.8636,2.8636,2034884.0
2025-07-15T15:25:00.000000Z,2.8637,2.8727,2.8631,2.8666,1129076.1
2025-07-15T15:26:00.000000Z,2.8665,2.8703,2.866,2.8694,702340.1
2025-07-15T15:27:00.000000Z,2.8694,2.8704,2.867,2.8689,546022.2
2025-07-15T15:28:00.000000Z,2.8689,2.8694,2.8632,2.8633,748880.4
2025-07-15T15:29:00.000000Z,2.8636,2.8738,2.8636,2.8733,1534110.5
2025-07-15T15:30:00.000000Z,2.8734,2.8815,2.8734,2.8815,1754131.5
2025-07-15T15:31:00.000000Z,2.8815,2.8838,2.8749,2.8754,1191620.5
2025-07-15T15:32:00.000000Z,2.8753,2.8776,2.8706,2.8706,773885.1
2025-07-15T15:33:00.000000Z,2.8705,2.8713,2.8676,2.8676,587141.4
2025-07-15T15:34:00.000000Z,2.8676,2.8733,2.8676,2.8728,567094.8
2025-07-15T15:35:00.000000Z,2.8728,2.8769,2.871,2.8717,507768.7
2025-07-15T15:36:00.000000Z,2.8717,2.8761,2.8716,2.8752,404523.0
2025-07-15T15:37:00.000000Z,2.8752,2.8758,2.8708,2.8758,453338.3
2025-07-15T15:38:00.000000Z,2.8759,2.8794,2.8748,2.8766,987617.9
2025-07-15T15:39:00.000000Z,2.8766,2.8785,2.8747,2.8785,423089.6
2025-07-15T15:40:00.000000Z,2.8785,2.8815,2.8765,2.8776,1003227.7
2025-07-15T15:41:00.000000Z,2.8775,2.8794,2.8764,2.8792,606121.9
2025-07-15T15:42:00.000000Z,2.8792,2.8827,2.8787,2.882,439001.6
2025-07-15T15:43:00.000000Z,2.8821,2.8887,2.8814,2.8886,1209559.4
2025-07-15T15:44:00.000000Z,2.8887,2.8911,2.8813,2.883,2159915.5
2025-07-15T15:45:00.000000Z,2.8829,2.8907,2.8829,2.8872,1240305.2
2025-07-15T15:46:00.000000Z,2.8871,2.89,2.8869,2.89,610580.4
2025-07-15T15:47:00.000000Z,2.8899,2.8984,2.8898,2.8984,2307456.4
2025-07-15T15:48:00.000000Z,2.8983,2.9033,2.8981,2.9026,1933099.0
2025-07-15T15:49:00.000000Z,2.9026,2.9036,2.894,2.8961,2255199.4
2025-07-15T15:50:00.000000Z,2.8961,2.8984,2.8883,2.8935,1498212.8
2025-07-15T15:51:00.000000Z,2.8934,2.8944,2.8915,2.8943,463590.0
2025-07-15T15:52:00.000000Z,2.8944,2.8956,2.8909,2.8926,444677.9
2025-07-15T15:53:00.000000Z,2.8927,2.8934,2.8901,2.8902,719477.8
2025-07-15T15:54:00.000000Z,2.8903,2.8921,2.8877,2.8921,829932.4
2025-07-15T15:55:00.000000Z,2.892,2.8923,2.8901,2.8917,495092.7
2025-07-15T15:56:00.000000Z,2.8918,2.8954,2.8899,2.8941,534367.6
2025-07-15T15:57:00.000000Z,2.8941,2.8962,2.8892,2.8893,828993.9
2025-07-15T15:58:00.000000Z,2.8892,2.8909,2.8887,2.8899,439870.2
2025-07-15T15:59:00.000000Z,2.8899,2.8908,2.8888,2.8906,586061.2
2025-07-15T16:00:00.000000Z,2.8906,2.8938,2.89,2.8909,779524.6
2025-07-15T16:01:00.000000Z,2.8908,2.8911,2.8852,2.8852,800979.4
2025-07-15T16:02:00.000000Z,2.8852,2.8903,2.8837,2.8896,889287.6
2025-07-15T16:03:00.000000Z,2.8897,2.8915,2.8895,2.8913,590814.5
2025-07-15T16:04:00.000000Z,2.8912,2.9008,2.8907,2.9007,844232.4
2025-07-15T16:05:00.000000Z,2.9007,2.9072,2.8997,2.9058,1886689.4
2025-07-15T16:06:00.000000Z,2.9056,2.9078,2.9026,2.9054,1347846.1
2025-07-15T16:07:00.000000Z,2.9053,2.9074,2.9023,2.9031,815508.1
2025-07-15T16:08:00.000000Z,2.9031,2.9035,2.9002,2.9002,624214.0
2025-07-15T16:09:00.000000Z,2.9001,2.9055,2.8982,2.9026,1235255.6
2025-07-15T16:10:00.000000Z,2.9026,2.9034,2.8989,2.902,1163669.2
2025-07-15T16:11:00.000000Z,2.902,2.9081,2.9011,2.9076,866319.8
2025-07-15T16:12:00.000000Z,2.9076,2.9092,2.9057,2.9057,724115.4
2025-07-15T16:13:00.000000Z,2.9057,2.907,2.9046,2.9067,480241.4
2025-07-15T16:14:00.000000Z,2.9067,2.9068,2.8991,2.8991,1108557.2
2025-07-15T16:15:00.000000Z,2.899,2.9014,2.8956,2.9006,871370.4
2025-07-15T16:16:00.000000Z,2.9006,2.9029,2.8964,2.8965,559606.4
2025-07-15T16:17:00.000000Z,2.8964,2.9006,2.8959,2.8997,332553.5
2025-07-15T16:18:00.000000Z,2.8997,2.9003,2.894,2.8942,703308.2
2025-07-15T16:19:00.000000Z,2.8943,2.8963,2.8923,2.8946,790182.0
2025-07-15T16:20:00.000000Z,2.8946,2.9042,2.8942,2.9038,603447.1
2025-07-15T16:21:00.000000Z,2.9037,2.9055,2.8982,2.9024,915375.0
2025-07-15T16:22:00.000000Z,2.9025,2.9071,2.902,2.907,304232.6
2025-07-15T16:23:00.000000Z,2.907,2.9081,2.9028,2.9065,413411.9
2025-07-15T16:24:00.000000Z,2.9065,2.9074,2.9034,2.9035,365210.4
2025-07-15T16:25:00.000000Z,2.9035,2.9068,2.9011,2.9023,388756.0
2025-07-15T16:26:00.000000Z,2.9022,2.9049,2.8992,2.8992,346563.9
2025-07-15T16:27:00.000000Z,2.8992,2.9035,2.8991,2.9033,402017.6
2025-07-15T16:28:00.000000Z,2.9033,2.9055,2.9011,2.9013,239762.9
2025-07-15T16:29:00.000000Z,2.9013,2.9018,2.899,2.9002,276149.6
2025-07-15T16:30:00.000000Z,2.9002,2.9028,2.8995,2.9014,412525.2
2025-07-15T16:31:00.000000Z,2.9015,2.9038,2.8993,2.9012,624323.5
2025-07-15T16:32:00.000000Z,2.9012,2.9032,2.8998,2.9012,398132.1
2025-07-15T16:33:00.000000Z,2.9014,2.9042,2.9,2.9018,430716.9
2025-07-15T16:34:00.000000Z,2.9018,2.9021,2.8977,2.8977,493192.0
2025-07-15T16:35:00.000000Z,2.8977,2.905,2.8951,2.905,477854.5
2025-07-15T16:36:00.000000Z,2.9049,2.9095,2.9045,2.9064,736027.8
2025-07-15T16:37:00.000000Z,2.9064,2.9098,2.9036,2.9052,1303095.3
2025-07-15T16:38:00.000000Z,2.9052,2.9088,2.9039,2.9087,392719.3
2025-07-15T16:39:00.000000Z,2.9088,2.9116,2.9081,2.9115,746707.3
2025-07-15T16:40:00.000000Z,2.9115,2.9181,2.9111,2.9163,1438908.6
2025-07-15T16:41:00.000000Z,2.9163,2.9194,2.9143,2.9192,1193563.0
2025-07-15T16:42:00.000000Z,2.9192,2.9197,2.915,2.9158,969486.8
2025-07-15T16:43:00.000000Z,2.9158,2.9173,2.9157,2.916,449883.6
2025-07-15T16:44:00.000000Z,2.9161,2.9194,2.9152,2.9188,1031971.2
2025-07-15T16:45:00.000000Z,2.9189,2.9198,2.9095,2.9108,1668234.7
2025-07-15T16:46:00.000000Z,2.9109,2.9132,2.9109,2.9126,709098.9
2025-07-15T16:47:00.000000Z,2.9127,2.9163,2.9108,2.9145,741008.8
2025-07-15T16:48:00.000000Z,2.9145,2.9168,2.9136,2.9136,464790.3
2025-07-15T16:49:00.000000Z,2.9136,2.9149,2.9094,2.9094,775806.6
2025-07-15T16:50:00.000000Z,2.9094,2.9141,2.9086,2.9134,554998.7
2025-07-15T16:51:00.000000Z,2.9133,2.9186,2.9129,2.9174,546237.7
2025-07-15T16:52:00.000000Z,2.9173,2.9174,2.9111,2.9131,357170.3
2025-07-15T16:53:00.000000Z,2.9132,2.9142,2.9106,2.9135,528048.0
2025-07-15T16:54:00.000000Z,2.9135,2.9157,2.9106,2.911,1490102.1
2025-07-15T16:55:00.000000Z,2.9111,2.915,2.911,2.9123,363061.2
2025-07-15T16:56:00.000000Z,2.9122,2.9129,2.9086,2.9089,673066.9
2025-07-15T16:57:00.000000Z,2.9088,2.9099,2.9055,2.9059,708339.2
2025-07-15T16:58:00.000000Z,2.9061,2.9067,2.904,2.9059,573742.8
2025-07-15T16:59:00.000000Z,2.9058,2.9062,2.8981,2.9053,2955376.8
2025-07-15T17:00:00.000000Z,2.9052,2.9133,2.9048,2.9122,2786790.8
2025-07-15T17:01:00.000000Z,2.9123,2.9145,2.9114,2.9144,614043.6
2025-07-15T17:02:00.000000Z,2.9144,2.9149,2.913,2.9141,377356.4
2025-07-15T17:03:00.000000Z,2.914,2.914,2.9097,2.9138,310029.5
2025-07-15T17:04:00.000000Z,2.9139,2.9177,2.9135,2.9135,744049.6
2025-07-15T17:05:00.000000Z,2.9134,2.9162,2.9124,2.9148,327521.0
2025-07-15T17:06:00.000000Z,2.9148,2.9156,2.9132,2.9151,462047.3
2025-07-15T17:07:00.000000Z,2.9151,2.9168,2.9138,2.9149,449202.1
2025-07-15T17:08:00.000000Z,2.9149,2.9187,2.914,2.9186,468022.7
2025-07-15T17:09:00.000000Z,2.9185,2.9188,2.9161,2.9161,453711.8
2025-07-15T17:10:00.000000Z,2.916,2.9172,2.9132,2.9138,497558.3
2025-07-15T17:11:00.000000Z,2.9137,2.9175,2.9135,2.9145,365293.9
2025-07-15T17:12:00.000000Z,2.9145,2.9189,2.9145,2.9183,485227.8
2025-07-15T17:13:00.000000Z,2.9182,2.9198,2.9182,2.9187,412909.5
2025-07-15T17:14:00.000000Z,2.9186,2.9191,2.9166,2.9185,332948.4
2025-07-15T17:15:00.000000Z,2.9185,2.9186,2.914,2.914,424331.6
2025-07-15T17:16:00.000000Z,2.9141,2.9184,2.9137,2.9177,411964.8
2025-07-15T17:17:00.000000Z,2.9176,2.9176,2.9159,2.9163,205683.0
2025-07-15T17:18:00.000000Z,2.9163,2.9222,2.9163,2.9221,765369.1
2025-07-15T17:19:00.000000Z,2.9222,2.9228,2.9175,2.9189,827971.5
2025-07-15T17:20:00.000000Z,2.9188,2.9213,2.9179,2.9184,351993.8
2025-07-15T17:21:00.000000Z,2.9183,2.9202,2.9175,2.92,249821.2
2025-07-15T17:22:00.000000Z,2.92,2.9222,2.9199,2.9205,249248.2
2025-07-15T17:23:00.000000Z,2.9205,2.922,2.9201,2.922,193271.9
2025-07-15T17:24:00.000000Z,2.9219,2.9245,2.919,2.9209,1357567.5
2025-07-15T17:25:00.000000Z,2.9208,2.9226,2.919,2.9218,333448.3
2025-07-15T17:26:00.000000Z,2.9218,2.9221,2.9193,2.9193,314121.9
2025-07-15T17:27:00.000000Z,2.9194,2.922,2.9186,2.9215,405937.8
2025-07-15T17:28:00.000000Z,2.9215,2.9262,2.9213,2.9253,1399462.8
2025-07-15T17:29:00.000000Z,2.9252,2.9351,2.9252,2.9308,3479390.6
2025-07-15T17:30:00.000000Z,2.9307,2.9314,2.9234,2.9241,1327968.3
2025-07-15T17:31:00.000000Z,2.924,2.9256,2.9238,2.9243,368983.2
2025-07-15T17:32:00.000000Z,2.9242,2.9273,2.9227,2.9246,471212.5
2025-07-15T17:33:00.000000Z,2.9245,2.9262,2.9218,2.9222,1873220.1
2025-07-15T17:34:00.000000Z,2.9221,2.9248,2.9213,2.9247,544588.4
2025-07-15T17:35:00.000000Z,2.9247,2.9256,2.9236,2.9244,195146.2
2025-07-15T17:36:00.000000Z,2.9244,2.9286,2.9236,2.9285,513314.4
2025-07-15T17:37:00.000000Z,2.9285,2.9295,2.9259,2.9294,516897.8
2025-07-15T17:38:00.000000Z,2.9295,2.9325,2.9294,2.9302,550882.4
2025-07-15T17:39:00.000000Z,2.9302,2.9309,2.9272,2.9289,414747.1
2025-07-15T17:40:00.000000Z,2.9289,2.9308,2.9288,2.9307,224275.6
2025-07-15T17:41:00.000000Z,2.9307,2.9307,2.9254,2.9257,508437.7
2025-07-15T17:42:00.000000Z,2.9256,2.9268,2.9242,2.9265,337839.8
2025-07-15T17:43:00.000000Z,2.9265,2.9309,2.9244,2.9303,385109.3
2025-07-15T17:44:00.000000Z,2.9303,2.9324,2.9272,2.9299,582267.8
2025-07-15T17:45:00.000000Z,2.93,2.932,2.9281,2.9315,756667.6
2025-07-15T17:46:00.000000Z,2.9315,2.9326,2.9287,2.9325,554124.7
2025-07-15T17:47:00.000000Z,2.9325,2.934,2.9318,2.9333,703616.7
2025-07-15T17:48:00.000000Z,2.9334,2.9368,2.9334,2.9362,1161557.6
2025-07-15T17:49:00.000000Z,2.9362,2.9368,2.932,2.9339,676999.7
2025-07-15T17:50:00.000000Z,2.934,2.9345,2.9292,2.9334,1027898.1
2025-07-15T17:51:00.000000Z,2.9334,2.9344,2.9301,2.9308,758321.0
2025-07-15T17:52:00.000000Z,2.9308,2.9335,2.9298,2.9318,359738.1
2025-07-15T17:53:00.000000Z,2.9318,2.9329,2.9302,2.9326,377519.8
2025-07-15T17:54:00.000000Z,2.9326,2.9344,2.9306,2.9341,787787.1
2025-07-15T17:55:00.000000Z,2.9341,2.936,2.9338,2.9352,697654.0
2025-07-15T17:56:00.000000Z,2.9353,2.9372,2.9328,2.9351,727451.8
2025-07-15T17:57:00.000000Z,2.9351,2.9375,2.9335,2.9363,449227.4
2025-07-15T17:58:00.000000Z,2.9363,2.9399,2.9355,2.9389,548147.1
2025-07-15T17:59:00.000000Z,2.9389,2.94,2.9379,2.9398,623731.3
2025-07-15T18:00:00.000000Z,2.9399,2.9419,2.9381,2.9408,1587086.5
2025-07-15T18:01:00.000000Z,2.9408,2.9412,2.9356,2.9372,823728.6
2025-07-15T18:02:00.000000Z,2.9372,2.9394,2.9367,2.9381,513994.2
2025-07-15T18:03:00.000000Z,2.9381,2.9402,2.9373,2.9389,545979.3
2025-07-15T18:04:00.000000Z,2.9389,2.9402,2.9355,2.94,1083043.4
2025-07-15T18:05:00.000000Z,2.9399,2.9399,2.9319,2.9331,1099073.8
2025-07-15T18:06:00.000000Z,2.9331,2.936,2.9331,2.936,594984.8
2025-07-15T18:07:00.000000Z,2.9359,2.9359,2.9273,2.9299,1813241.4
2025-07-15T18:08:00.000000Z,2.93,2.9334,2.9299,2.9308,519619.1
2025-07-15T18:09:00.000000Z,2.9309,2.9317,2.9284,2.9304,788573.7
2025-07-15T18:10:00.000000Z,2.9303,2.9338,2.9297,2.9326,439036.7
2025-07-15T18:11:00.000000Z,2.9327,2.9344,2.9299,2.9343,361647.3
2025-07-15T18:12:00.000000Z,2.9343,2.9369,2.9332,2.9348,448054.9
2025-07-15T18:13:00.000000Z,2.9348,2.9348,2.9305,2.9326,356542.4
2025-07-15T18:14:00.000000Z,2.9325,2.9349,2.9318,2.9335,248937.5
2025-07-15T18:15:00.000000Z,2.9335,2.9397,2.933,2.9379,435742.3
2025-07-15T18:16:00.000000Z,2.9379,2.938,2.935,2.9379,351948.9
2025-07-15T18:17:00.000000Z,2.938,2.9386,2.9366,2.9385,477698.0
2025-07-15T18:18:00.000000Z,2.9385,2.9409,2.9382,2.9396,442916.4
2025-07-15T18:19:00.000000Z,2.9395,2.9398,2.9361,2.9393,506935.8
2025-07-15T18:20:00.000000Z,2.9392,2.9406,2.9384,2.9397,404857.0
2025-07-15T18:21:00.000000Z,2.9397,2.9464,2.9395,2.9464,988857.4
2025-07-15T18:22:00.000000Z,2.9465,2.947,2.9355,2.9432,2202969.9
2025-07-15T18:23:00.000000Z,2.9432,2.9447,2.9423,2.9443,613744.2
2025-07-15T18:24:00.000000Z,2.9443,2.9443,2.9392,2.9418,498854.2
2025-07-15T18:25:00.000000Z,2.9417,2.9428,2.9382,2.94,762692.8
2025-07-15T18:26:00.000000Z,2.94,2.9408,2.9267,2.9283,3734835.5
2025-07-15T18:27:00.000000Z,2.9282,2.9285,2.9171,2.92,2904677.2
2025-07-15T18:28:00.000000Z,2.92,2.9242,2.9193,2.9238,1150283.7
2025-07-15T18:29:00.000000Z,2.9239,2.924,2.9192,2.9198,800583.5
2025-07-15T18:30:00.000000Z,2.9198,2.9207,2.9133,2.9135,1738570.5
2025-07-15T18:31:00.000000Z,2.9135,2.9141,2.9062,2.9079,2597271.0
2025-07-15T18:32:00.000000Z,2.908,2.9121,2.9061,2.9118,1836743.7
2025-07-15T18:33:00.000000Z,2.9118,2.9121,2.9002,2.9053,1781500.7
2025-07-15T18:34:00.000000Z,2.9053,2.9089,2.9014,2.9054,1308511.5
2025-07-15T18:35:00.000000Z,2.9054,2.9079,2.8988,2.8997,1539996.3
2025-07-15T18:36:00.000000Z,2.8996,2.9012,2.8864,2.8865,2590565.2
2025-07-15T18:37:00.000000Z,2.8864,2.8898,2.8831,2.8877,4091863.4
2025-07-15T18:38:00.000000Z,2.8876,2.8961,2.8823,2.8961,2430991.0
2025-07-15T18:39:00.000000Z,2.8961,2.899,2.8925,2.8961,1511851.8
2025-07-15T18:40:00.000000Z,2.8961,2.9033,2.8956,2.901,3250806.7
2025-07-15T18:41:00.000000Z,2.9011,2.9014,2.8935,2.8942,2305851.6
2025-07-15T18:42:00.000000Z,2.8942,2.9014,2.892,2.8987,1469669.0
2025-07-15T18:43:00.000000Z,2.8987,2.9078,2.8981,2.9065,1353904.0
2025-07-15T18:44:00.000000Z,2.9064,2.9066,2.8969,2.898,1160097.3
2025-07-15T18:45:00.000000Z,2.8981,2.9078,2.8945,2.9057,1721500.5
2025-07-15T18:46:00.000000Z,2.9055,2.9089,2.904,2.9056,784647.2
2025-07-15T18:47:00.000000Z,2.9057,2.9083,2.9034,2.9059,729408.8
2025-07-15T18:48:00.000000Z,2.9059,2.908,2.9033,2.908,367251.7
2025-07-15T18:49:00.000000Z,2.908,2.908,2.9003,2.9033,860984.8
2025-07-15T18:50:00.000000Z,2.9033,2.9074,2.9026,2.9058,1061146.0
2025-07-15T18:51:00.000000Z,2.9058,2.9098,2.9046,2.9046,509027.1
2025-07-15T18:52:00.000000Z,2.9046,2.9082,2.9035,2.9072,491336.4
2025-07-15T18:53:00.000000Z,2.9071,2.9104,2.9068,2.9089,508599.6
2025-07-15T18:54:00.000000Z,2.9088,2.9104,2.9072,2.9084,509304.0
2025-07-15T18:55:00.000000Z,2.9086,2.9102,2.9054,2.9097,550846.8
2025-07-15T18:56:00.000000Z,2.9097,2.9101,2.9061,2.909,316270.3
2025-07-15T18:57:00.000000Z,2.9089,2.9113,2.9067,2.9103,842146.9
2025-07-15T18:58:00.000000Z,2.9104,2.9118,2.9074,2.9096,398081.8
2025-07-15T18:59:00.000000Z,2.9097,2.9104,2.9036,2.9039,380102.7
2025-07-15T19:00:00.000000Z,2.9039,2.9061,2.8995,2.9047,1134081.5
2025-07-15T19:01:00.000000Z,2.9047,2.909,2.9042,2.9078,814226.1
2025-07-15T19:02:00.000000Z,2.9077,2.9168,2.9061,2.9145,1262332.6
2025-07-15T19:03:00.000000Z,2.9145,2.919,2.9134,2.9172,1080139.2
2025-07-15T19:04:00.000000Z,2.9172,2.9185,2.9136,2.914,634290.8
2025-07-15T19:05:00.000000Z,2.9139,2.9166,2.9126,2.9165,425233.9
2025-07-15T19:06:00.000000Z,2.9166,2.9211,2.9155,2.921,485481.2
2025-07-15T19:07:00.000000Z,2.921,2.9235,2.9187,2.9188,620596.7
2025-07-15T19:08:00.000000Z,2.9188,2.9215,2.9174,2.9208,313348.1
2025-07-15T19:09:00.000000Z,2.9208,2.9214,2.9096,2.9168,3049504.2
2025-07-15T19:10:00.000000Z,2.9168,2.9219,2.9168,2.9207,357476.9
2025-07-15T19:11:00.000000Z,2.9207,2.923,2.9188,2.9191,680521.6
2025-07-15T19:12:00.000000Z,2.919,2.919,2.9141,2.9182,642690.0
2025-07-15T19:13:00.000000Z,2.9181,2.9194,2.9154,2.9154,206313.4
2025-07-15T19:14:00.000000Z,2.9153,2.9172,2.9143,2.916,282412.1
2025-07-15T19:15:00.000000Z,2.916,2.9177,2.9108,2.9122,352197.9
2025-07-15T19:16:00.000000Z,2.9122,2.9126,2.9087,2.9126,563934.8
2025-07-15T19:17:00.000000Z,2.9126,2.9127,2.9106,2.9111,315096.3
2025-07-15T19:18:00.000000Z,2.9112,2.9176,2.9112,2.915,359890.6
2025-07-15T19:19:00.000000Z,2.915,2.9203,2.9143,2.9203,320880.4
2025-07-15T19:20:00.000000Z,2.9202,2.9216,2.9185,2.9193,795784.8
2025-07-15T19:21:00.000000Z,2.9192,2.9192,2.9138,2.9159,576816.4
2025-07-15T19:22:00.000000Z,2.9159,2.9193,2.9148,2.9177,257384.0
2025-07-15T19:23:00.000000Z,2.9177,2.9177,2.9124,2.9127,506475.9
2025-07-15T19:24:00.000000Z,2.9128,2.9131,2.9096,2.9111,381900.1
2025-07-15T19:25:00.000000Z,2.9111,2.9111,2.9085,2.909,455785.6
2025-07-15T19:26:00.000000Z,2.9089,2.9105,2.9038,2.9044,551469.4
2025-07-15T19:27:00.000000Z,2.9044,2.9057,2.9022,2.9043,483998.0
2025-07-15T19:28:00.000000Z,2.9042,2.9048,2.9027,2.9038,301174.4
2025-07-15T19:29:00.000000Z,2.9039,2.9046,2.9022,2.9022,320813.7
2025-07-15T19:30:00.000000Z,2.9022,2.9056,2.9022,2.905,374858.0
2025-07-15T19:31:00.000000Z,2.9049,2.9049,2.9018,2.9035,365618.7
2025-07-15T19:32:00.000000Z,2.9034,2.9034,2.8973,2.8973,587386.9
2025-07-15T19:33:00.000000Z,2.8972,2.8996,2.8951,2.8994,685542.4
2025-07-15T19:34:00.000000Z,2.8993,2.8993,2.8927,2.8931,620118.3
2025-07-15T19:35:00.000000Z,2.893,2.8972,2.893,2.8948,305787.4
2025-07-15T19:36:00.000000Z,2.8947,2.8959,2.892,2.8921,607217.4
2025-07-15T19:37:00.000000Z,2.8921,2.8932,2.8895,2.8907,768561.1
2025-07-15T19:38:00.000000Z,2.8906,2.8907,2.8845,2.8871,970305.2
2025-07-15T19:39:00.000000Z,2.887,2.8913,2.8867,2.8897,880963.7
2025-07-15T19:40:00.000000Z,2.8896,2.8949,2.8889,2.8939,661768.5
2025-07-15T19:41:00.000000Z,2.8939,2.8939,2.889,2.889,347869.1
2025-07-15T19:42:00.000000Z,2.889,2.889,2.8845,2.8878,984565.2
2025-07-15T19:43:00.000000Z,2.8878,2.8878,2.8757,2.8758,6255596.1
2025-07-15T19:44:00.000000Z,2.8757,2.8781,2.8733,2.8751,1607342.9
2025-07-15T19:45:00.000000Z,2.8752,2.8765,2.8713,2.8721,898750.7
2025-07-15T19:46:00.000000Z,2.8722,2.8723,2.868,2.8681,1310460.3
2025-07-15T19:47:00.000000Z,2.8682,2.8702,2.8653,2.8654,1238152.2
2025-07-15T19:48:00.000000Z,2.8654,2.8694,2.8621,2.8635,1379493.8
2025-07-15T19:49:00.000000Z,2.8634,2.867,2.862,2.8667,1230201.7
2025-07-15T19:50:00.000000Z,2.8668,2.8679,2.8631,2.867,1154100.1
2025-07-15T19:51:00.000000Z,2.8669,2.8676,2.8616,2.8622,942322.9
2025-07-15T19:52:00.000000Z,2.8621,2.8691,2.862,2.8652,872819.2
2025-07-15T19:53:00.000000Z,2.8651,2.8674,2.8637,2.8657,566373.0
2025-07-15T19:54:00.000000Z,2.8656,2.8667,2.8576,2.8618,1807182.7
2025-07-15T19:55:00.000000Z,2.8619,2.8666,2.8592,2.8661,1040328.1
2025-07-15T19:56:00.000000Z,2.866,2.8695,2.8653,2.8692,985209.4
2025-07-15T19:57:00.000000Z,2.8691,2.8692,2.8633,2.8658,661781.5
2025-07-15T19:58:00.000000Z,2.8656,2.8656,2.8609,2.8626,1065442.3
2025-07-15T19:59:00.000000Z,2.8626,2.8657,2.8612,2.8634,846302.5
2025-07-15T20:00:00.000000Z,2.8633,2.8677,2.8626,2.8627,1119377.6
2025-07-15T20:01:00.000000Z,2.8626,2.8653,2.8614,2.8629,1016272.1
2025-07-15T20:02:00.000000Z,2.8628,2.867,2.8618,2.8626,839457.1
2025-07-15T20:03:00.000000Z,2.8625,2.8627,2.858,2.8585,936358.8
2025-07-15T20:04:00.000000Z,2.8586,2.8648,2.8585,2.8587,945571.6
2025-07-15T20:05:00.000000Z,2.8586,2.8627,2.8547,2.8563,1884682.9
2025-07-15T20:06:00.000000Z,2.8564,2.8588,2.8548,2.8565,1319907.4
2025-07-15T20:07:00.000000Z,2.8565,2.8633,2.8544,2.8614,1855162.6
2025-07-15T20:08:00.000000Z,2.8613,2.8625,2.8563,2.8583,610074.2
2025-07-15T20:09:00.000000Z,2.8583,2.8626,2.8577,2.8593,498583.5
2025-07-15T20:10:00.000000Z,2.8593,2.8645,2.8579,2.8645,1516115.4
2025-07-15T20:11:00.000000Z,2.8644,2.8723,2.8644,2.8723,984839.2
2025-07-15T20:12:00.000000Z,2.8722,2.8758,2.8722,2.8747,808697.6
2025-07-15T20:13:00.000000Z,2.8746,2.8762,2.8713,2.8739,626745.1
2025-07-15T20:14:00.000000Z,2.8739,2.8777,2.8721,2.8752,697447.8
2025-07-15T20:15:00.000000Z,2.8752,2.8797,2.875,2.8778,794980.3
2025-07-15T20:16:00.000000Z,2.8777,2.879,2.8752,2.8768,591332.6
2025-07-15T20:17:00.000000Z,2.8768,2.8778,2.8594,2.8615,1491962.3
2025-07-15T20:18:00.000000Z,2.8614,2.8703,2.8607,2.8703,682622.6
2025-07-15T20:19:00.000000Z,2.8702,2.8737,2.8674,2.8704,728526.9
2025-07-15T20:20:00.000000Z,2.8703,2.8735,2.8666,2.8711,486762.7
2025-07-15T20:21:00.000000Z,2.871,2.8763,2.871,2.8762,363410.1
2025-07-15T20:22:00.000000Z,2.8762,2.8763,2.8674,2.8714,473024.4
2025-07-15T20:23:00.000000Z,2.8713,2.8761,2.8711,2.8749,401548.0
2025-07-15T20:24:00.000000Z,2.875,2.8764,2.8736,2.8763,240697.5
2025-07-15T20:25:00.000000Z,2.8763,2.8777,2.8738,2.8759,420638.4
2025-07-15T20:26:00.000000Z,2.8759,2.8769,2.8746,2.8758,180568.4
2025-07-15T20:27:00.000000Z,2.8759,2.8803,2.8745,2.8799,543193.0
2025-07-15T20:28:00.000000Z,2.8799,2.88,2.876,2.8776,248441.9
2025-07-15T20:29:00.000000Z,2.8776,2.8797,2.8773,2.8792,362100.2
2025-07-15T20:30:00.000000Z,2.8792,2.8792,2.8698,2.8702,521734.1
2025-07-15T20:31:00.000000Z,2.8702,2.8784,2.8697,2.8779,716046.0
2025-07-15T20:32:00.000000Z,2.878,2.8783,2.875,2.8762,214623.7
2025-07-15T20:33:00.000000Z,2.8763,2.8794,2.8756,2.8794,188550.3
2025-07-15T20:34:00.000000Z,2.8794,2.8838,2.8794,2.8798,677983.9
2025-07-15T20:35:00.000000Z,2.8797,2.88,2.8754,2.8758,494059.0
2025-07-15T20:36:00.000000Z,2.8758,2.8805,2.8757,2.8799,356829.4
2025-07-15T20:37:00.000000Z,2.88,2.8808,2.8751,2.8757,380025.0
2025-07-15T20:38:00.000000Z,2.8757,2.8793,2.8757,2.8778,265111.2
2025-07-15T20:39:00.000000Z,2.8777,2.879,2.8734,2.8735,361989.7
2025-07-15T20:40:00.000000Z,2.8734,2.8767,2.8729,2.8747,353037.7
2025-07-15T20:41:00.000000Z,2.8747,2.8788,2.8747,2.8756,180371.9
2025-07-15T20:42:00.000000Z,2.8756,2.879,2.8756,2.8784,156333.5
2025-07-15T20:43:00.000000Z,2.8784,2.8785,2.8759,2.877,130446.1
2025-07-15T20:44:00.000000Z,2.877,2.8792,2.877,2.8776,262339.5
2025-07-15T20:45:00.000000Z,2.8777,2.8814,2.8776,2.8801,241050.6
2025-07-15T20:46:00.000000Z,2.8801,2.8817,2.8786,2.8811,220558.6
2025-07-15T20:47:00.000000Z,2.8811,2.882,2.8789,2.8816,232920.2
2025-07-15T20:48:00.000000Z,2.8816,2.8818,2.8766,2.8782,187700.5
2025-07-15T20:49:00.000000Z,2.8782,2.8804,2.8774,2.8786,253420.6
2025-07-15T20:50:00.000000Z,2.8785,2.8785,2.8728,2.8736,416504.4
2025-07-15T20:51:00.000000Z,2.8736,2.8768,2.8733,2.8739,116085.3
2025-07-15T20:52:00.000000Z,2.8739,2.8758,2.8726,2.8747,253305.8
2025-07-15T20:53:00.000000Z,2.8748,2.8779,2.874,2.8779,90442.5
2025-07-15T20:54:00.000000Z,2.8779,2.8779,2.874,2.8748,166803.8
2025-07-15T20:55:00.000000Z,2.8748,2.8768,2.8734,2.8743,401707.0
2025-07-15T20:56:00.000000Z,2.8744,2.8748,2.8703,2.8721,531088.7
2025-07-15T20:57:00.000000Z,2.8721,2.8739,2.8719,2.8722,162175.7
2025-07-15T20:58:00.000000Z,2.8721,2.8734,2.8718,2.8723,279804.4
2025-07-15T20:59:00.000000Z,2.8723,2.8723,2.8653,2.8656,865078.4
2025-07-15T21:00:00.000000Z,2.8655,2.8655,2.8591,2.8597,1445371.9
2025-07-15T21:01:00.000000Z,2.8597,2.8627,2.8586,2.8627,617860.1
2025-07-15T21:02:00.000000Z,2.8627,2.8695,2.8616,2.8695,520740.3
2025-07-15T21:03:00.000000Z,2.8695,2.8736,2.867,2.8734,443182.4
2025-07-15T21:04:00.000000Z,2.8734,2.875,2.8714,2.8748,247124.1
2025-07-15T21:05:00.000000Z,2.8748,2.8756,2.873,2.8751,271552.7
2025-07-15T21:06:00.000000Z,2.8752,2.878,2.8752,2.8777,438875.4
2025-07-15T21:07:00.000000Z,2.8777,2.8783,2.8767,2.8772,312091.4
2025-07-15T21:08:00.000000Z,2.8771,2.8799,2.8771,2.878,212746.2
2025-07-15T21:09:00.000000Z,2.8781,2.8797,2.8767,2.8785,214156.6
2025-07-15T21:10:00.000000Z,2.8786,2.8787,2.8755,2.8766,196749.3
2025-07-15T21:11:00.000000Z,2.8766,2.8805,2.8766,2.8789,466186.6
2025-07-15T21:12:00.000000Z,2.8789,2.886,2.8784,2.8854,527437.6
2025-07-15T21:13:00.000000Z,2.8854,2.8879,2.8838,2.8855,707632.3
2025-07-15T21:14:00.000000Z,2.8855,2.8898,2.8855,2.8879,553694.2
2025-07-15T21:15:00.000000Z,2.8879,2.8887,2.885,2.8856,394342.6
2025-07-15T21:16:00.000000Z,2.8857,2.8895,2.8857,2.8894,309814.7
2025-07-15T21:17:00.000000Z,2.8894,2.8897,2.8866,2.8887,295291.0
2025-07-15T21:18:00.000000Z,2.8887,2.8899,2.8884,2.8896,206435.9
2025-07-15T21:19:00.000000Z,2.8895,2.8905,2.8878,2.8905,396015.7
2025-07-15T21:20:00.000000Z,2.8905,2.8929,2.8881,2.8881,440284.3
2025-07-15T21:21:00.000000Z,2.8882,2.8882,2.8839,2.8845,735306.7
2025-07-15T21:22:00.000000Z,2.8844,2.8884,2.8844,2.8878,237930.1
2025-07-15T21:23:00.000000Z,2.8878,2.8898,2.887,2.8891,131086.0
2025-07-15T21:24:00.000000Z,2.8891,2.8926,2.8891,2.8924,172710.7
2025-07-15T21:25:00.000000Z,2.8925,2.8925,2.8892,2.8909,157436.3
2025-07-15T21:26:00.000000Z,2.891,2.8925,2.8908,2.8913,391228.4
2025-07-15T21:27:00.000000Z,2.8912,2.8943,2.8905,2.8942,149045.8
2025-07-15T21:28:00.000000Z,2.8942,2.8947,2.8938,2.8943,148310.6
2025-07-15T21:29:00.000000Z,2.8943,2.8966,2.8939,2.8939,348112.3
2025-07-15T21:30:00.000000Z,2.894,2.896,2.8906,2.8908,413738.9
2025-07-15T21:31:00.000000Z,2.8907,2.8928,2.8888,2.892,361614.0
2025-07-15T21:32:00.000000Z,2.8921,2.8938,2.8909,2.8935,150404.6
2025-07-15T21:33:00.000000Z,2.8935,2.8996,2.8931,2.8989,902474.6
2025-07-15T21:34:00.000000Z,2.8989,2.8993,2.8961,2.8961,338163.7
2025-07-15T21:35:00.000000Z,2.8961,2.8978,2.8937,2.8976,350922.0
2025-07-15T21:36:00.000000Z,2.8975,2.9,2.8965,2.9,401847.5
2025-07-15T21:37:00.000000Z,2.8999,2.9023,2.8987,2.9014,479871.8
2025-07-15T21:38:00.000000Z,2.9013,2.9021,2.8996,2.9002,220713.5
2025-07-15T21:39:00.000000Z,2.9002,2.9033,2.9002,2.9032,192026.5
2025-07-15T21:40:00.000000Z,2.9032,2.9032,2.9004,2.901,720288.4
2025-07-15T21:41:00.000000Z,2.901,2.9031,2.901,2.903,129123.6
2025-07-15T21:42:00.000000Z,2.9031,2.9066,2.9027,2.9059,715563.0
2025-07-15T21:43:00.000000Z,2.9059,2.9098,2.9052,2.9097,577028.8
2025-07-15T21:44:00.000000Z,2.9096,2.912,2.9086,2.9086,1667017.3
2025-07-15T21:45:00.000000Z,2.9086,2.9121,2.9086,2.9121,345697.6
2025-07-15T21:46:00.000000Z,2.9122,2.9122,2.9036,2.9041,602660.5
2025-07-15T21:47:00.000000Z,2.9041,2.9046,2.9001,2.9001,414636.9
2025-07-15T21:48:00.000000Z,2.9001,2.9002,2.897,2.8978,377719.8
2025-07-15T21:49:00.000000Z,2.8979,2.9004,2.8979,2.9004,107228.9
2025-07-15T21:50:00.000000Z,2.9004,2.9019,2.9004,2.9018,99944.3
2025-07-15T21:51:00.000000Z,2.9019,2.9085,2.9019,2.9074,284234.4
2025-07-15T21:52:00.000000Z,2.9075,2.9076,2.9052,2.9055,148011.4
2025-07-15T21:53:00.000000Z,2.9055,2.9055,2.9006,2.9006,337127.9
2025-07-15T21:54:00.000000Z,2.9007,2.901,2.8994,2.8994,143777.6
2025-07-15T21:55:00.000000Z,2.8995,2.8999,2.8978,2.8978,136460.3
2025-07-15T21:56:00.000000Z,2.8978,2.8992,2.8962,2.8992,230801.8
2025-07-15T21:57:00.000000Z,2.8991,2.9014,2.8991,2.9002,172315.5
2025-07-15T21:58:00.000000Z,2.9002,2.9005,2.8988,2.8988,147741.3
2025-07-15T21:59:00.000000Z,2.8988,2.9025,2.8987,2.901,213870.1
2025-07-15T22:00:00.000000Z,2.901,2.9049,2.8911,2.8957,1696405.2
2025-07-15T22:01:00.000000Z,2.8957,2.8991,2.8936,2.8939,544744.9
2025-07-15T22:02:00.000000Z,2.8938,2.8952,2.89,2.8905,1065270.3
2025-07-15T22:03:00.000000Z,2.8906,2.8919,2.886,2.8867,1166058.5
2025-07-15T22:04:00.000000Z,2.8867,2.8921,2.8822,2.8905,921882.0
2025-07-15T22:05:00.000000Z,2.8905,2.8955,2.8896,2.8944,640570.4
2025-07-15T22:06:00.000000Z,2.8944,2.8946,2.8904,2.8912,513301.8
2025-07-15T22:07:00.000000Z,2.8911,2.8945,2.8911,2.8922,202817.0
2025-07-15T22:08:00.000000Z,2.8922,2.894,2.8909,2.8909,177982.4
2025-07-15T22:09:00.000000Z,2.8909,2.894,2.8909,2.894,283084.0
2025-07-15T22:10:00.000000Z,2.8939,2.8943,2.8918,2.8931,269207.3
2025-07-15T22:11:00.000000Z,2.893,2.895,2.8919,2.8937,250585.8
2025-07-15T22:12:00.000000Z,2.8937,2.8974,2.8936,2.8974,172153.3
2025-07-15T22:13:00.000000Z,2.8974,2.8975,2.895,2.8975,268381.5
2025-07-15T22:14:00.000000Z,2.8975,2.8982,2.8963,2.8975,319009.2
2025-07-15T22:15:00.000000Z,2.8974,2.898,2.8959,2.898,106160.6
2025-07-15T22:16:00.000000Z,2.8979,2.9005,2.897,2.9004,266808.2
2025-07-15T22:17:00.000000Z,2.9005,2.9005,2.8976,2.8991,185103.7
2025-07-15T22:18:00.000000Z,2.8991,2.8999,2.8972,2.8973,107112.2
2025-07-15T22:19:00.000000Z,2.8973,2.898,2.8959,2.8963,227557.4
2025-07-15T22:20:00.000000Z,2.8963,2.898,2.896,2.8965,198577.5
2025-07-15T22:21:00.000000Z,2.8965,2.8993,2.8961,2.8968,173955.5
2025-07-15T22:22:00.000000Z,2.8968,2.8993,2.8968,2.8974,107015.4
2025-07-15T22:23:00.000000Z,2.8974,2.9,2.8974,2.9,178194.6
2025-07-15T22:24:00.000000Z,2.9,2.9,2.8981,2.8994,166410.1
2025-07-15T22:25:00.000000Z,2.8994,2.9001,2.8977,2.8983,187322.3
2025-07-15T22:26:00.000000Z,2.8983,2.8993,2.8983,2.899,46981.2
2025-07-15T22:27:00.000000Z,2.899,2.9018,2.8988,2.9016,334049.0
2025-07-15T22:28:00.000000Z,2.9016,2.9017,2.8982,2.8995,138731.1
2025-07-15T22:29:00.000000Z,2.8995,2.8995,2.8977,2.8985,144684.5
2025-07-15T22:30:00.000000Z,2.8985,2.9009,2.8976,2.8985,233688.9
2025-07-15T22:31:00.000000Z,2.8984,2.8989,2.8962,2.8988,504795.6
2025-07-15T22:32:00.000000Z,2.8988,2.899,2.8977,2.8988,192053.3
2025-07-15T22:33:00.000000Z,2.8987,2.8996,2.8961,2.8968,222451.2
2025-07-15T22:34:00.000000Z,2.8968,2.897,2.8907,2.8945,592084.5
2025-07-15T22:35:00.000000Z,2.8945,2.8958,2.8914,2.8927,262846.7
2025-07-15T22:36:00.000000Z,2.8928,2.8958,2.8928,2.8955,595703.6
2025-07-15T22:37:00.000000Z,2.8955,2.8994,2.8955,2.8992,243178.4
2025-07-15T22:38:00.000000Z,2.8992,2.901,2.898,2.8986,215093.2
2025-07-15T22:39:00.000000Z,2.8986,2.9004,2.8973,2.8992,133674.2
2025-07-15T22:40:00.000000Z,2.8992,2.9022,2.8992,2.9012,202128.3
2025-07-15T22:41:00.000000Z,2.9013,2.9046,2.9002,2.9045,153059.2
2025-07-15T22:42:00.000000Z,2.9046,2.9053,2.903,2.9045,393641.2
2025-07-15T22:43:00.000000Z,2.9045,2.9073,2.9039,2.9071,833694.6
2025-07-15T22:44:00.000000Z,2.9071,2.9074,2.9048,2.9051,360513.0
2025-07-15T22:45:00.000000Z,2.9051,2.9065,2.9051,2.9053,167725.4
2025-07-15T22:46:00.000000Z,2.9053,2.9064,2.9046,2.9059,209997.6
2025-07-15T22:47:00.000000Z,2.9059,2.9072,2.9056,2.9068,211768.2
2025-07-15T22:48:00.000000Z,2.9067,2.908,2.9055,2.9078,257092.9
2025-07-15T22:49:00.000000Z,2.9078,2.9078,2.9065,2.9071,202858.9
2025-07-15T22:50:00.000000Z,2.9071,2.9094,2.9071,2.9072,235973.5
2025-07-15T22:51:00.000000Z,2.9072,2.9086,2.907,2.9078,223984.0
2025-07-15T22:52:00.000000Z,2.9078,2.9119,2.9078,2.9098,494913.0
2025-07-15T22:53:00.000000Z,2.9099,2.912,2.9084,2.9084,601620.3
2025-07-15T22:54:00.000000Z,2.9083,2.9083,2.9054,2.9066,534947.7
2025-07-15T22:55:00.000000Z,2.9066,2.9102,2.9057,2.9101,205118.5
2025-07-15T22:56:00.000000Z,2.9102,2.9102,2.9095,2.9099,105606.8
2025-07-15T22:57:00.000000Z,2.91,2.91,2.907,2.9074,221541.6
2025-07-15T22:58:00.000000Z,2.9075,2.9094,2.9075,2.9093,114174.7
2025-07-15T22:59:00.000000Z,2.9093,2.9101,2.9089,2.9095,136954.1
2025-07-15T23:00:00.000000Z,2.9094,2.9198,2.9091,2.9193,3834520.9
2025-07-15T23:01:00.000000Z,2.9193,2.92,2.9188,2.9197,929849.9
2025-07-15T23:02:00.000000Z,2.9196,2.9222,2.919,2.9213,1106791.0
2025-07-15T23:03:00.000000Z,2.9213,2.9213,2.9178,2.9193,404064.6
2025-07-15T23:04:00.000000Z,2.9194,2.9215,2.9177,2.9214,489037.7
2025-07-15T23:05:00.000000Z,2.9214,2.9215,2.9184,2.9201,486984.0
2025-07-15T23:06:00.000000Z,2.9201,2.927,2.92,2.9268,1643037.1
2025-07-15T23:07:00.000000Z,2.9268,2.9285,2.9254,2.9266,999405.3
2025-07-15T23:08:00.000000Z,2.9266,2.9293,2.9266,2.9288,734213.7
2025-07-15T23:09:00.000000Z,2.9287,2.9293,2.9279,2.9288,513953.0
2025-07-15T23:10:00.000000Z,2.9288,2.9301,2.9266,2.9287,1288781.3
2025-07-15T23:11:00.000000Z,2.9287,2.9292,2.927,2.9288,688318.7
2025-07-15T23:12:00.000000Z,2.9287,2.9288,2.924,2.9245,1406260.1
2025-07-15T23:13:00.000000Z,2.9245,2.9245,2.9198,2.9211,1032429.0
2025-07-15T23:14:00.000000Z,2.9211,2.9212,2.9182,2.9201,1085869.7
2025-07-15T23:15:00.000000Z,2.9201,2.9226,2.918,2.9226,703076.3
2025-07-15T23:16:00.000000Z,2.9226,2.9248,2.9203,2.9248,500645.1
2025-07-15T23:17:00.000000Z,2.9247,2.9248,2.9196,2.9196,556270.3
2025-07-15T23:18:00.000000Z,2.9196,2.9212,2.9193,2.9201,291956.0
2025-07-15T23:19:00.000000Z,2.9202,2.925,2.919,2.9249,617129.7
2025-07-15T23:20:00.000000Z,2.9249,2.9249,2.92,2.92,681378.0
2025-07-15T23:21:00.000000Z,2.92,2.9231,2.92,2.9217,455273.1
2025-07-15T23:22:00.000000Z,2.9216,2.9224,2.9201,2.9224,410605.2
2025-07-15T23:23:00.000000Z,2.9223,2.9223,2.9171,2.9177,480495.6
2025-07-15T23:24:00.000000Z,2.9176,2.9188,2.917,2.9188,336228.2
2025-07-15T23:25:00.000000Z,2.9188,2.9207,2.9185,2.9202,414710.7
2025-07-15T23:26:00.000000Z,2.9203,2.9205,2.9175,2.9196,409002.9
2025-07-15T23:27:00.000000Z,2.9197,2.92,2.9175,2.9194,203790.5
2025-07-15T23:28:00.000000Z,2.9194,2.9202,2.9175,2.9177,309162.7
2025-07-15T23:29:00.000000Z,2.9177,2.9183,2.916,2.917,538999.0
2025-07-15T23:30:00.000000Z,2.917,2.9183,2.9148,2.915,418065.2
2025-07-15T23:31:00.000000Z,2.915,2.9184,2.915,2.9161,327421.5
2025-07-15T23:32:00.000000Z,2.916,2.9162,2.9141,2.9155,424677.7
2025-07-15T23:33:00.000000Z,2.9156,2.9159,2.9141,2.9144,249875.6
2025-07-15T23:34:00.000000Z,2.9144,2.9147,2.9122,2.9123,742198.0
2025-07-15T23:35:00.000000Z,2.9123,2.9159,2.9115,2.9146,366907.5
2025-07-15T23:36:00.000000Z,2.9146,2.9207,2.9145,2.9197,465359.8
2025-07-15T23:37:00.000000Z,2.9197,2.9215,2.9195,2.9214,132179.4
2025-07-15T23:38:00.000000Z,2.9215,2.9234,2.9188,2.9191,490884.3
2025-07-15T23:39:00.000000Z,2.9191,2.9232,2.9191,2.9205,293528.6
2025-07-15T23:40:00.000000Z,2.9205,2.9219,2.9205,2.9217,258772.7
2025-07-15T23:41:00.000000Z,2.9216,2.9235,2.9204,2.9235,217395.6
2025-07-15T23:42:00.000000Z,2.9235,2.9235,2.9217,2.9224,224377.2
2025-07-15T23:43:00.000000Z,2.9225,2.9237,2.9219,2.9232,427089.6
2025-07-15T23:44:00.000000Z,2.9232,2.9242,2.9224,2.9233,163884.2
2025-07-15T23:45:00.000000Z,2.9233,2.9237,2.922,2.9233,308450.1
2025-07-15T23:46:00.000000Z,2.9233,2.9233,2.9204,2.9204,320526.4
2025-07-15T23:47:00.000000Z,2.9205,2.9212,2.9173,2.9179,644939.8
2025-07-15T23:48:00.000000Z,2.918,2.9197,2.9167,2.9197,176023.5
2025-07-15T23:49:00.000000Z,2.9197,2.92,2.9182,2.9183,183591.7
2025-07-15T23:50:00.000000Z,2.9183,2.9187,2.9173,2.9179,309327.0
2025-07-15T23:51:00.000000Z,2.918,2.9189,2.917,2.9187,270673.6
2025-07-15T23:52:00.000000Z,2.9188,2.9189,2.9173,2.9174,93913.6
2025-07-15T23:53:00.000000Z,2.9175,2.9185,2.9169,2.9169,189534.6
2025-07-15T23:54:00.000000Z,2.9169,2.9192,2.9165,2.9192,173740.8
2025-07-15T23:55:00.000000Z,2.9192,2.9196,2.9164,2.9191,362697.2
2025-07-15T23:56:00.000000Z,2.9192,2.9208,2.919,2.9194,217864.3
2025-07-15T23:57:00.000000Z,2.9194,2.9224,2.9188,2.9224,230373.5
2025-07-15T23:58:00.000000Z,2.9224,2.9226,2.9201,2.9201,564955.8
2025-07-15T23:59:00.000000Z,2.9202,2.9212,2.9197,2.9203,155176.2
2025-07-16T00:00:00.000000Z,2.9203,2.9213,2.918,2.9188,793017.4
2025-07-16T00:01:00.000000Z,2.9188,2.9188,2.9151,2.9156,622608.0
2025-07-16T00:02:00.000000Z,2.9157,2.916,2.9129,2.913,394451.0
2025-07-16T00:03:00.000000Z,2.9131,2.915,2.9127,2.9133,359491.4
2025-07-16T00:04:00.000000Z,2.9132,2.9163,2.9132,2.9149,352787.5
2025-07-16T00:05:00.000000Z,2.915,2.915,2.9113,2.9113,474115.3
2025-07-16T00:06:00.000000Z,2.9114,2.9118,2.9087,2.9088,780762.8
2025-07-16T00:07:00.000000Z,2.9088,2.9094,2.9073,2.9085,730061.4
2025-07-16T00:08:00.000000Z,2.9086,2.9086,2.9062,2.9067,426958.1
2025-07-16T00:09:00.000000Z,2.9067,2.9076,2.9055,2.9055,510223.4
2025-07-16T00:10:00.000000Z,2.9056,2.9074,2.9048,2.9048,494295.1
2025-07-16T00:11:00.000000Z,2.9048,2.9076,2.9035,2.9076,557469.7
2025-07-16T00:12:00.000000Z,2.9076,2.9097,2.9068,2.9086,480038.3
2025-07-16T00:13:00.000000Z,2.9085,2.9086,2.9068,2.9072,190297.8
2025-07-16T00:14:00.000000Z,2.9071,2.9074,2.9045,2.9047,371877.2
2025-07-16T00:15:00.000000Z,2.9046,2.906,2.904,2.9057,351538.9
2025-07-16T00:16:00.000000Z,2.9056,2.9144,2.9049,2.914,969826.7
2025-07-16T00:17:00.000000Z,2.9139,2.9167,2.9139,2.9163,306433.6
2025-07-16T00:18:00.000000Z,2.9164,2.9173,2.9141,2.9171,219540.6
2025-07-16T00:19:00.000000Z,2.9172,2.9172,2.9148,2.9161,520237.0
2025-07-16T00:20:00.000000Z,2.9161,2.9161,2.9131,2.9156,442889.2
2025-07-16T00:21:00.000000Z,2.9156,2.9156,2.9121,2.9122,269936.9
2025-07-16T00:22:00.000000Z,2.9123,2.9141,2.9123,2.9134,215923.7
2025-07-16T00:23:00.000000Z,2.9134,2.9164,2.9132,2.916,252218.6
2025-07-16T00:24:00.000000Z,2.916,2.9171,2.9134,2.9137,252996.7
2025-07-16T00:25:00.000000Z,2.9137,2.9155,2.9114,2.9115,227182.0
2025-07-16T00:26:00.000000Z,2.9117,2.9126,2.9099,2.9114,334317.0
2025-07-16T00:27:00.000000Z,2.9115,2.9115,2.9086,2.9095,184677.9
2025-07-16T00:28:00.000000Z,2.9095,2.9126,2.9092,2.9119,199592.3
2025-07-16T00:29:00.000000Z,2.9119,2.9143,2.9107,2.9143,425217.2
2025-07-16T00:30:00.000000Z,2.9143,2.9168,2.9143,2.9158,739514.1
2025-07-16T00:31:00.000000Z,2.9159,2.92,2.9159,2.92,358151.9
2025-07-16T00:32:00.000000Z,2.9199,2.9227,2.9193,2.9227,446653.0
2025-07-16T00:33:00.000000Z,2.9227,2.9244,2.9209,2.9218,397686.9
2025-07-16T00:34:00.000000Z,2.9219,2.9246,2.9218,2.9242,401128.6
2025-07-16T00:35:00.000000Z,2.9242,2.9308,2.9241,2.9297,1789130.2
2025-07-16T00:36:00.000000Z,2.9296,2.9327,2.9283,2.9323,889422.9
2025-07-16T00:37:00.000000Z,2.9323,2.9336,2.9311,2.9325,1418583.1
2025-07-16T00:38:00.000000Z,2.9326,2.9327,2.9288,2.9309,696591.8
2025-07-16T00:39:00.000000Z,2.9309,2.9332,2.9294,2.9317,433314.2
2025-07-16T00:40:00.000000Z,2.9317,2.9345,2.9301,2.9301,740152.5
2025-07-16T00:41:00.000000Z,2.9302,2.9314,2.9251,2.9256,721747.2
2025-07-16T00:42:00.000000Z,2.9256,2.9292,2.9255,2.9279,477097.0
2025-07-16T00:43:00.000000Z,2.928,2.9317,2.9276,2.9311,453599.9
2025-07-16T00:44:00.000000Z,2.931,2.9313,2.9294,2.93,552747.6
2025-07-16T00:45:00.000000Z,2.93,2.93,2.9256,2.926,299097.0
2025-07-16T00:46:00.000000Z,2.926,2.9287,2.926,2.9266,399121.3
2025-07-16T00:47:00.000000Z,2.9266,2.933,2.9266,2.9328,430648.5
2025-07-16T00:48:00.000000Z,2.9329,2.9335,2.9315,2.9329,656680.5
2025-07-16T00:49:00.000000Z,2.9329,2.935,2.9325,2.9342,690999.8
2025-07-16T00:50:00.000000Z,2.9343,2.9377,2.9333,2.9369,719544.3
2025-07-16T00:51:00.000000Z,2.937,2.9374,2.9347,2.9362,662409.0
2025-07-16T00:52:00.000000Z,2.9362,2.9362,2.9317,2.9329,392919.2
2025-07-16T00:53:00.000000Z,2.933,2.934,2.9321,2.9334,589643.0
2025-07-16T00:54:00.000000Z,2.9335,2.9349,2.9334,2.9349,177587.0
2025-07-16T00:55:00.000000Z,2.935,2.935,2.9317,2.9321,316078.2
2025-07-16T00:56:00.000000Z,2.9321,2.933,2.9297,2.9297,527026.1
2025-07-16T00:57:00.000000Z,2.9298,2.9325,2.9292,2.9323,503529.0
2025-07-16T00:58:00.000000Z,2.9324,2.9328,2.9299,2.9312,220703.9
2025-07-16T00:59:00.000000Z,2.9313,2.9338,2.9309,2.9334,210149.2
2025-07-16T01:00:00.000000Z,2.9335,2.9345,2.9311,2.9312,405051.2
2025-07-16T01:01:00.000000Z,2.9312,2.9346,2.93,2.9339,332002.6
2025-07-16T01:02:00.000000Z,2.9341,2.9352,2.9324,2.9345,349086.7
2025-07-16T01:03:00.000000Z,2.9346,2.935,2.9325,2.9334,400286.9
2025-07-16T01:04:00.000000Z,2.9334,2.936,2.9324,2.935,1075674.1
2025-07-16T01:05:00.000000Z,2.935,2.9367,2.9342,2.9366,446850.9
2025-07-16T01:06:00.000000Z,2.9367,2.938,2.9353,2.9358,528951.3
2025-07-16T01:07:00.000000Z,2.9359,2.9373,2.9349,2.9363,367751.2
2025-07-16T01:08:00.000000Z,2.9363,2.9386,2.936,2.9363,530184.7
2025-07-16T01:09:00.000000Z,2.9364,2.9366,2.9317,2.9332,622202.8
2025-07-16T01:10:00.000000Z,2.9333,2.9346,2.9322,2.9323,471988.8
2025-07-16T01:11:00.000000Z,2.9323,2.9325,2.93,2.9305,323828.5
2025-07-16T01:12:00.000000Z,2.9305,2.9315,2.9265,2.9277,1100386.7
2025-07-16T01:13:00.000000Z,2.9278,2.9306,2.9275,2.9283,689559.5
2025-07-16T01:14:00.000000Z,2.9284,2.9293,2.928,2.9293,223127.7
2025-07-16T01:15:00.000000Z,2.9293,2.9325,2.9291,2.9306,376842.7
2025-07-16T01:16:00.000000Z,2.9306,2.9341,2.9283,2.9338,427893.1
2025-07-16T01:17:00.000000Z,2.9338,2.934,2.9287,2.9291,555081.2
2025-07-16T01:18:00.000000Z,2.9292,2.9323,2.9292,2.9316,217652.9
2025-07-16T01:19:00.000000Z,2.9317,2.9327,2.929,2.9318,354688.3
2025-07-16T01:20:00.000000Z,2.9319,2.9325,2.93,2.9305,170818.5
2025-07-16T01:21:00.000000Z,2.9306,2.933,2.9288,2.9329,440422.1
2025-07-16T01:22:00.000000Z,2.9329,2.9361,2.9328,2.9351,454472.8
2025-07-16T01:23:00.000000Z,2.9351,2.9352,2.9307,2.9307,248825.6
2025-07-16T01:24:00.000000Z,2.9306,2.9317,2.9286,2.9297,368976.1
2025-07-16T01:25:00.000000Z,2.9297,2.9309,2.9292,2.9304,199988.3
2025-07-16T01:26:00.000000Z,2.9304,2.9315,2.9302,2.9308,146808.0
2025-07-16T01:27:00.000000Z,2.9308,2.9321,2.9277,2.9277,286153.7
2025-07-16T01:28:00.000000Z,2.9278,2.9292,2.9277,2.9289,229563.1
2025-07-16T01:29:00.000000Z,2.9289,2.9294,2.9281,2.929,202771.5
2025-07-16T01:30:00.000000Z,2.9291,2.9291,2.9255,2.9256,412997.8
2025-07-16T01:31:00.000000Z,2.9257,2.9257,2.9222,2.9223,1012292.0
2025-07-16T01:32:00.000000Z,2.9223,2.9246,2.9217,2.9241,445865.9
2025-07-16T01:33:00.000000Z,2.9242,2.9249,2.9223,2.9241,425390.8
2025-07-16T01:34:00.000000Z,2.9242,2.9245,2.9227,2.924,314977.7
2025-07-16T01:35:00.000000Z,2.924,2.9245,2.9229,2.9238,197594.2
2025-07-16T01:36:00.000000Z,2.9239,2.9243,2.922,2.923,580259.6
2025-07-16T01:37:00.000000Z,2.9231,2.9245,2.9223,2.924,184720.6
2025-07-16T01:38:00.000000Z,2.9241,2.9244,2.9222,2.9244,230774.1
2025-07-16T01:39:00.000000Z,2.9244,2.9246,2.9235,2.9236,366509.1
2025-07-16T01:40:00.000000Z,2.9236,2.9236,2.9223,2.9236,185208.8
2025-07-16T01:41:00.000000Z,2.9235,2.9238,2.9204,2.9204,372978.8
2025-07-16T01:42:00.000000Z,2.9204,2.9228,2.92,2.922,276984.3
2025-07-16T01:43:00.000000Z,2.9219,2.9244,2.9219,2.9229,148075.4
2025-07-16T01:44:00.000000Z,2.9229,2.9238,2.9216,2.9234,312255.6
2025-07-16T01:45:00.000000Z,2.9233,2.9235,2.9202,2.9214,657269.4
2025-07-16T01:46:00.000000Z,2.9213,2.9244,2.9211,2.9244,171866.9
2025-07-16T01:47:00.000000Z,2.9243,2.9245,2.9236,2.9241,186482.5
2025-07-16T01:48:00.000000Z,2.9241,2.9242,2.922,2.9221,159527.1
2025-07-16T01:49:00.000000Z,2.922,2.9241,2.9215,2.9241,255866.0
2025-07-16T01:50:00.000000Z,2.924,2.9247,2.923,2.9239,218017.0
2025-07-16T01:51:00.000000Z,2.924,2.9247,2.9221,2.9225,212794.6
2025-07-16T01:52:00.000000Z,2.9225,2.9226,2.921,2.9212,291717.8
2025-07-16T01:53:00.000000Z,2.9211,2.9218,2.92,2.9216,222333.5
2025-07-16T01:54:00.000000Z,2.9216,2.922,2.9192,2.9197,396736.1
2025-07-16T01:55:00.000000Z,2.9198,2.9199,2.917,2.918,503086.5
2025-07-16T01:56:00.000000Z,2.918,2.9203,2.9166,2.9203,469585.4
2025-07-16T01:57:00.000000Z,2.9203,2.9225,2.919,2.9222,166017.7
2025-07-16T01:58:00.000000Z,2.9222,2.9222,2.9196,2.9213,149624.7
2025-07-16T01:59:00.000000Z,2.9213,2.9215,2.9204,2.9213,225278.6
2025-07-16T02:00:00.000000Z,2.9213,2.9217,2.9158,2.917,1134116.8
2025-07-16T02:01:00.000000Z,2.9174,2.9174,2.9142,2.9144,677453.6
2025-07-16T02:02:00.000000Z,2.9144,2.9162,2.9133,2.9147,403310.5
2025-07-16T02:03:00.000000Z,2.9148,2.9158,2.9106,2.9109,598050.5
2025-07-16T02:04:00.000000Z,2.9109,2.9118,2.9084,2.9092,710798.1
2025-07-16T02:05:00.000000Z,2.9091,2.9107,2.9078,2.9107,751411.9
2025-07-16T02:06:00.000000Z,2.9106,2.9107,2.905,2.906,737173.0
2025-07-16T02:07:00.000000Z,2.9059,2.9116,2.9057,2.9104,799363.1
2025-07-16T02:08:00.000000Z,2.9103,2.9118,2.9088,2.911,393261.8
2025-07-16T02:09:00.000000Z,2.9109,2.9109,2.9091,2.9096,337007.3
2025-07-16T02:10:00.000000Z,2.9096,2.9116,2.9095,2.9116,244879.7
2025-07-16T02:11:00.000000Z,2.9115,2.913,2.911,2.9127,229285.2
2025-07-16T02:12:00.000000Z,2.9126,2.9135,2.9079,2.9081,301867.7
2025-07-16T02:13:00.000000Z,2.9081,2.9109,2.9081,2.9109,440856.8
2025-07-16T02:14:00.000000Z,2.9108,2.9116,2.9097,2.9112,205216.1
2025-07-16T02:15:00.000000Z,2.9111,2.9115,2.9083,2.9086,133359.9
2025-07-16T02:16:00.000000Z,2.9085,2.909,2.9054,2.9055,642684.4
2025-07-16T02:17:00.000000Z,2.9055,2.907,2.9013,2.9021,2419629.5
2025-07-16T02:18:00.000000Z,2.9021,2.9044,2.9018,2.9028,386392.8
2025-07-16T02:19:00.000000Z,2.9028,2.9033,2.8964,2.8972,1913189.6
2025-07-16T02:20:00.000000Z,2.8972,2.9024,2.8961,2.8991,927206.0
2025-07-16T02:21:00.000000Z,2.899,2.9017,2.899,2.8999,347803.7
2025-07-16T02:22:00.000000Z,2.8998,2.9003,2.8942,2.8947,556099.9
2025-07-16T02:23:00.000000Z,2.8947,2.8975,2.8938,2.8946,707776.1
2025-07-16T02:24:00.000000Z,2.8946,2.8965,2.8939,2.894,368977.7
2025-07-16T02:25:00.000000Z,2.8939,2.894,2.8905,2.892,681218.4
2025-07-16T02:26:00.000000Z,2.8919,2.8938,2.89,2.8938,593121.2
2025-07-16T02:27:00.000000Z,2.8937,2.8966,2.8923,2.8966,744370.2
2025-07-16T02:28:00.000000Z,2.8965,2.8969,2.8953,2.8963,650470.5
2025-07-16T02:29:00.000000Z,2.8962,2.897,2.8957,2.8966,288853.6
2025-07-16T02:30:00.000000Z,2.8966,2.8976,2.8917,2.893,508949.1
2025-07-16T02:31:00.000000Z,2.893,2.8982,2.893,2.8939,550417.5
2025-07-16T02:32:00.000000Z,2.8938,2.8955,2.8928,2.8929,286123.5
2025-07-16T02:33:00.000000Z,2.8928,2.8929,2.8888,2.8901,888355.7
2025-07-16T02:34:00.000000Z,2.8902,2.892,2.889,2.8895,460489.8
2025-07-16T02:35:00.000000Z,2.8895,2.8923,2.8895,2.8922,227338.8
2025-07-16T02:36:00.000000Z,2.8921,2.8921,2.8848,2.8863,1457441.1
2025-07-16T02:37:00.000000Z,2.8863,2.8874,2.8837,2.8865,888290.5
2025-07-16T02:38:00.000000Z,2.8864,2.8898,2.8849,2.8898,367482.2
2025-07-16T02:39:00.000000Z,2.8897,2.8898,2.8871,2.8873,354261.1
2025-07-16T02:40:00.000000Z,2.8872,2.8891,2.8844,2.8847,395804.4
2025-07-16T02:41:00.000000Z,2.8846,2.8862,2.878,2.8804,2111406.1
2025-07-16T02:42:00.000000Z,2.8803,2.8847,2.878,2.8847,1086715.8
2025-07-16T02:43:00.000000Z,2.8846,2.8877,2.8846,2.8862,451842.7
2025-07-16T02:44:00.000000Z,2.8862,2.8872,2.8838,2.8859,300960.9
2025-07-16T02:45:00.000000Z,2.8858,2.8927,2.8854,2.8926,467048.3
2025-07-16T02:46:00.000000Z,2.8925,2.8958,2.8925,2.8939,638015.2
2025-07-16T02:47:00.000000Z,2.8939,2.896,2.8939,2.8956,444815.6
2025-07-16T02:48:00.000000Z,2.8955,2.8968,2.8955,2.8957,385692.7
2025-07-16T02:49:00.000000Z,2.8957,2.897,2.8954,2.8969,276702.6
2025-07-16T02:50:00.000000Z,2.8969,2.8998,2.8969,2.8987,535572.0
2025-07-16T02:51:00.000000Z,2.8987,2.8995,2.8985,2.8995,455763.5
2025-07-16T02:52:00.000000Z,2.8994,2.9006,2.8991,2.8995,609713.0
2025-07-16T02:53:00.000000Z,2.8995,2.8996,2.8944,2.8945,463518.2
2025-07-16T02:54:00.000000Z,2.8945,2.8954,2.8932,2.8937,236306.7
2025-07-16T02:55:00.000000Z,2.8937,2.8944,2.8922,2.8937,383437.7
2025-07-16T02:56:00.000000Z,2.8936,2.8944,2.8921,2.8938,176588.5
2025-07-16T02:57:00.000000Z,2.8937,2.8943,2.8914,2.8921,222009.4
2025-07-16T02:58:00.000000Z,2.892,2.8945,2.8915,2.8935,244326.5
2025-07-16T02:59:00.000000Z,2.8935,2.8986,2.8934,2.8986,424339.6
2025-07-16T03:00:00.000000Z,2.8985,2.8997,2.8963,2.8997,506754.0
2025-07-16T03:01:00.000000Z,2.8996,2.9015,2.8986,2.9014,604499.6
2025-07-16T03:02:00.000000Z,2.9013,2.9028,2.9006,2.9017,483959.5
2025-07-16T03:03:00.000000Z,2.9016,2.9023,2.899,2.8993,445542.2
2025-07-16T03:04:00.000000Z,2.8992,2.902,2.8992,2.9014,219529.5
2025-07-16T03:05:00.000000Z,2.9013,2.9042,2.9011,2.904,347361.2
2025-07-16T03:06:00.000000Z,2.9039,2.9043,2.9027,2.9032,451307.8
2025-07-16T03:07:00.000000Z,2.9032,2.9035,2.9012,2.9016,280852.4
2025-07-16T03:08:00.000000Z,2.9016,2.9017,2.8991,2.8991,530924.0
2025-07-16T03:09:00.000000Z,2.8991,2.8993,2.894,2.8948,543288.1
2025-07-16T03:10:00.000000Z,2.8948,2.8992,2.8939,2.8988,332467.2
2025-07-16T03:11:00.000000Z,2.8987,2.8988,2.896,2.8975,207890.8
2025-07-16T03:12:00.000000Z,2.8974,2.8974,2.8924,2.8931,337233.4
2025-07-16T03:13:00.000000Z,2.8931,2.8938,2.8922,2.8931,190665.1
2025-07-16T03:14:00.000000Z,2.8931,2.8945,2.8927,2.893,239664.2
2025-07-16T03:15:00.000000Z,2.8929,2.8979,2.8929,2.8978,215054.8
2025-07-16T03:16:00.000000Z,2.8978,2.8984,2.8964,2.8973,262754.9
2025-07-16T03:17:00.000000Z,2.8973,2.8975,2.8951,2.8969,167295.8
2025-07-16T03:18:00.000000Z,2.8969,2.897,2.8959,2.8969,127674.3
2025-07-16T03:19:00.000000Z,2.8968,2.8993,2.8966,2.8993,230220.1
2025-07-16T03:20:00.000000Z,2.8992,2.9025,2.8992,2.8996,460984.5
2025-07-16T03:21:00.000000Z,2.8995,2.9003,2.8974,2.8976,201965.1
2025-07-16T03:22:00.000000Z,2.8976,2.9021,2.8976,2.9021,263115.2
2025-07-16T03:23:00.000000Z,2.902,2.902,2.899,2.9005,168081.8
2025-07-16T03:24:00.000000Z,2.9005,2.901,2.8991,2.9009,239350.4
2025-07-16T03:25:00.000000Z,2.9009,2.9021,2.9003,2.9021,215217.4
2025-07-16T03:26:00.000000Z,2.902,2.9021,2.898,2.898,219941.3
2025-07-16T03:27:00.000000Z,2.898,2.9003,2.8972,2.9003,329656.0
2025-07-16T03:28:00.000000Z,2.9002,2.9003,2.8979,2.8993,218064.7
2025-07-16T03:29:00.000000Z,2.8992,2.901,2.8988,2.8996,197294.2
2025-07-16T03:30:00.000000Z,2.8995,2.9023,2.899,2.9011,249654.2
2025-07-16T03:31:00.000000Z,2.9011,2.903,2.9007,2.9022,211056.3
2025-07-16T03:32:00.000000Z,2.9021,2.904,2.902,2.902,169495.3
2025-07-16T03:33:00.000000Z,2.902,2.9055,2.902,2.9043,731692.6
2025-07-16T03:34:00.000000Z,2.9042,2.9053,2.9025,2.9033,250844.0
2025-07-16T03:35:00.000000Z,2.9032,2.9055,2.903,2.9054,291080.0
2025-07-16T03:36:00.000000Z,2.9054,2.9055,2.9035,2.904,336305.2
2025-07-16T03:37:00.000000Z,2.904,2.9053,2.9033,2.9043,174438.2
2025-07-16T03:38:00.000000Z,2.9042,2.9052,2.9038,2.9049,175041.6
2025-07-16T03:39:00.000000Z,2.9048,2.9049,2.9035,2.9043,128525.9
2025-07-16T03:40:00.000000Z,2.9042,2.9045,2.903,2.9042,253282.1
2025-07-16T03:41:00.000000Z,2.9041,2.9068,2.9041,2.9063,219715.9
2025-07-16T03:42:00.000000Z,2.9062,2.9063,2.9051,2.9062,85862.7
2025-07-16T03:43:00.000000Z,2.9062,2.9071,2.906,2.9069,135590.3
2025-07-16T03:44:00.000000Z,2.9068,2.9076,2.9065,2.9073,351833.0
2025-07-16T03:45:00.000000Z,2.9073,2.9076,2.9048,2.9048,209432.3
2025-07-16T03:46:00.000000Z,2.9048,2.9063,2.9031,2.9031,220793.8
2025-07-16T03:47:00.000000Z,2.903,2.9046,2.9019,2.9019,267774.2
2025-07-16T03:48:00.000000Z,2.9019,2.9036,2.9011,2.9035,159496.3
2025-07-16T03:49:00.000000Z,2.9035,2.9036,2.9019,2.9028,153953.9
2025-07-16T03:50:00.000000Z,2.9028,2.9045,2.9027,2.9034,138989.0
2025-07-16T03:51:00.000000Z,2.9034,2.9039,2.9012,2.9035,155961.1
2025-07-16T03:52:00.000000Z,2.9036,2.9054,2.9032,2.9048,123201.0
2025-07-16T03:53:00.000000Z,2.9047,2.9054,2.9032,2.9049,158334.1
2025-07-16T03:54:00.000000Z,2.9049,2.905,2.9036,2.9036,97380.3
2025-07-16T03:55:00.000000Z,2.9035,2.9042,2.9022,2.904,165740.1
2025-07-16T03:56:00.000000Z,2.904,2.9052,2.903,2.9039,302949.7
2025-07-16T03:57:00.000000Z,2.9038,2.905,2.9032,2.9047,213670.1
2025-07-16T03:58:00.000000Z,2.9047,2.9061,2.9045,2.9061,74028.8
2025-07-16T03:59:00.000000Z,2.9061,2.9061,2.9046,2.9054,210749.6
2025-07-16T04:00:00.000000Z,2.9054,2.9054,2.9043,2.9051,160881.7
2025-07-16T04:01:00.000000Z,2.905,2.9061,2.9042,2.9058,170279.0
2025-07-16T04:02:00.000000Z,2.9058,2.906,2.9015,2.9018,216518.7
2025-07-16T04:03:00.000000Z,2.9018,2.9021,2.9001,2.9018,278113.2
2025-07-16T04:04:00.000000Z,2.9018,2.904,2.9003,2.9021,263602.8
2025-07-16T04:05:00.000000Z,2.9021,2.9036,2.902,2.903,178207.9
2025-07-16T04:06:00.000000Z,2.9029,2.9032,2.9017,2.9032,158822.9
2025-07-16T04:07:00.000000Z,2.9033,2.9052,2.9024,2.904,218780.9
2025-07-16T04:08:00.000000Z,2.904,2.9047,2.8989,2.8989,316664.4
2025-07-16T04:09:00.000000Z,2.8989,2.9008,2.8982,2.8983,341079.7
2025-07-16T04:10:00.000000Z,2.8983,2.8989,2.8936,2.8944,725247.6
2025-07-16T04:11:00.000000Z,2.8944,2.8954,2.8935,2.8938,658981.1
2025-07-16T04:12:00.000000Z,2.8937,2.8944,2.8919,2.8938,1060920.3
2025-07-16T04:13:00.000000Z,2.8937,2.8956,2.8936,2.8949,150733.3
2025-07-16T04:14:00.000000Z,2.8948,2.8948,2.892,2.8929,176507.5
2025-07-16T04:15:00.000000Z,2.8928,2.896,2.8928,2.8945,442568.8
2025-07-16T04:16:00.000000Z,2.8945,2.8998,2.8942,2.8998,279595.8
2025-07-16T04:17:00.000000Z,2.8997,2.8998,2.8965,2.8975,352252.5
2025-07-16T04:18:00.000000Z,2.8976,2.9013,2.8976,2.9013,434893.4
2025-07-16T04:19:00.000000Z,2.9013,2.9023,2.8992,2.8992,499613.4
2025-07-16T04:20:00.000000Z,2.8992,2.8998,2.8983,2.8997,236603.5
2025-07-16T04:21:00.000000Z,2.8998,2.9019,2.8989,2.9006,488397.2
2025-07-16T04:22:00.000000Z,2.9006,2.9023,2.8997,2.9023,203737.7
2025-07-16T04:23:00.000000Z,2.9022,2.9027,2.9006,2.9013,240214.1
2025-07-16T04:24:00.000000Z,2.9012,2.9023,2.9007,2.9022,296261.1
2025-07-16T04:25:00.000000Z,2.9022,2.9027,2.901,2.9021,161222.3
2025-07-16T04:26:00.000000Z,2.9021,2.9044,2.9021,2.9042,188489.7
2025-07-16T04:27:00.000000Z,2.9042,2.9043,2.9028,2.904,334620.1
2025-07-16T04:28:00.000000Z,2.904,2.9044,2.9031,2.9035,107434.2
2025-07-16T04:29:00.000000Z,2.9035,2.9048,2.9035,2.9044,156960.7
2025-07-16T04:30:00.000000Z,2.9044,2.9044,2.9024,2.9026,312803.4
2025-07-16T04:31:00.000000Z,2.9026,2.907,2.9023,2.907,259535.2
2025-07-16T04:32:00.000000Z,2.907,2.9099,2.9062,2.9098,371755.6
2025-07-16T04:33:00.000000Z,2.9098,2.9131,2.9098,2.9111,737105.0
2025-07-16T04:34:00.000000Z,2.9111,2.9131,2.9111,2.9124,312182.6
2025-07-16T04:35:00.000000Z,2.9124,2.9134,2.912,2.9126,184170.1
2025-07-16T04:36:00.000000Z,2.9126,2.9141,2.912,2.9135,259708.3
2025-07-16T04:37:00.000000Z,2.9134,2.9148,2.9126,2.9142,326932.6
2025-07-16T04:38:00.000000Z,2.9141,2.9157,2.9134,2.915,350870.2
2025-07-16T04:39:00.000000Z,2.9149,2.9155,2.9137,2.9137,319975.8
2025-07-16T04:40:00.000000Z,2.9136,2.9144,2.9134,2.9144,248264.4
2025-07-16T04:41:00.000000Z,2.9143,2.9168,2.914,2.9152,376981.9
2025-07-16T04:42:00.000000Z,2.9152,2.9152,2.9136,2.9146,276323.8
2025-07-16T04:43:00.000000Z,2.9146,2.9157,2.9126,2.9136,254566.2
2025-07-16T04:44:00.000000Z,2.9135,2.9135,2.9115,2.9124,223301.7
2025-07-16T04:45:00.000000Z,2.9123,2.913,2.9115,2.913,136332.8
2025-07-16T04:46:00.000000Z,2.9129,2.9148,2.9127,2.9145,189004.1
2025-07-16T04:47:00.000000Z,2.9145,2.9157,2.9138,2.9138,268186.9
2025-07-16T04:48:00.000000Z,2.9138,2.9143,2.9123,2.9123,413435.8
2025-07-16T04:49:00.000000Z,2.9123,2.9124,2.9102,2.9106,265691.8
2025-07-16T04:50:00.000000Z,2.9105,2.9106,2.9064,2.9067,380902.4
2025-07-16T04:51:00.000000Z,2.9067,2.909,2.9067,2.9084,420914.4
2025-07-16T04:52:00.000000Z,2.9084,2.9086,2.9075,2.9082,368476.7
2025-07-16T04:53:00.000000Z,2.9082,2.9099,2.9082,2.9094,150465.7
2025-07-16T04:54:00.000000Z,2.9095,2.9103,2.9087,2.9103,66302.1
2025-07-16T04:55:00.000000Z,2.9102,2.9111,2.9094,2.9097,445954.1
2025-07-16T04:56:00.000000Z,2.9096,2.9103,2.9082,2.9082,192988.6
2025-07-16T04:57:00.000000Z,2.9081,2.9114,2.9079,2.9109,226950.3
2025-07-16T04:58:00.000000Z,2.9109,2.914,2.9105,2.9121,476496.4
2025-07-16T04:59:00.000000Z,2.912,2.9122,2.9112,2.9117,121810.9
2025-07-16T05:00:00.000000Z,2.9117,2.9142,2.9098,2.9103,326952.4
2025-07-16T05:01:00.000000Z,2.9102,2.9122,2.9102,2.9122,152121.0
2025-07-16T05:02:00.000000Z,2.9121,2.9153,2.9112,2.9153,526375.8
2025-07-16T05:03:00.000000Z,2.9152,2.9178,2.912,2.9159,521790.4
2025-07-16T05:04:00.000000Z,2.9159,2.9188,2.9157,2.9178,917402.0
2025-07-16T05:05:00.000000Z,2.9178,2.9179,2.9146,2.9154,549781.7
2025-07-16T05:06:00.000000Z,2.9154,2.9183,2.9147,2.9183,325014.8
2025-07-16T05:07:00.000000Z,2.9182,2.9195,2.9172,2.9178,260364.7
2025-07-16T05:08:00.000000Z,2.9177,2.9188,2.9169,2.9184,303770.2
2025-07-16T05:09:00.000000Z,2.9184,2.9191,2.9166,2.9181,243070.3
2025-07-16T05:10:00.000000Z,2.918,2.9191,2.9173,2.9191,334671.7
2025-07-16T05:11:00.000000Z,2.9191,2.9222,2.9181,2.922,885908.8
2025-07-16T05:12:00.000000Z,2.9219,2.9242,2.9218,2.9239,1229445.2
2025-07-16T05:13:00.000000Z,2.9239,2.9255,2.9227,2.9237,698966.6
2025-07-16T05:14:00.000000Z,2.9236,2.925,2.9227,2.9236,527779.5
2025-07-16T05:15:00.000000Z,2.9236,2.9237,2.9222,2.9222,339561.9
2025-07-16T05:16:00.000000Z,2.9222,2.9226,2.92,2.9209,444469.6
2025-07-16T05:17:00.000000Z,2.921,2.9216,2.9196,2.9212,288078.8
2025-07-16T05:18:00.000000Z,2.9212,2.9214,2.9193,2.9196,475268.2
2025-07-16T05:19:00.000000Z,2.9196,2.9237,2.9195,2.9229,588226.5
2025-07-16T05:20:00.000000Z,2.9229,2.924,2.922,2.923,305989.8
2025-07-16T05:21:00.000000Z,2.923,2.9265,2.9224,2.9265,631393.0
2025-07-16T05:22:00.000000Z,2.9265,2.9293,2.9245,2.9245,1506590.5
2025-07-16T05:23:00.000000Z,2.9245,2.9265,2.924,2.9246,419591.2
2025-07-16T05:24:00.000000Z,2.9247,2.9261,2.9231,2.9242,375300.6
2025-07-16T05:25:00.000000Z,2.9242,2.9242,2.922,2.9237,321789.7
2025-07-16T05:26:00.000000Z,2.9238,2.9238,2.9203,2.9203,492317.9
2025-07-16T05:27:00.000000Z,2.9204,2.9234,2.9195,2.923,480619.6
2025-07-16T05:28:00.000000Z,2.9229,2.9235,2.9224,2.9231,351613.8
2025-07-16T05:29:00.000000Z,2.9232,2.9251,2.9229,2.923,385123.5
2025-07-16T05:30:00.000000Z,2.9231,2.9244,2.922,2.9239,415542.9
2025-07-16T05:31:00.000000Z,2.9238,2.9238,2.919,2.9197,373324.7
2025-07-16T05:32:00.000000Z,2.9196,2.9242,2.9192,2.9241,286251.8
2025-07-16T05:33:00.000000Z,2.9242,2.9245,2.9225,2.9231,330947.0
2025-07-16T05:34:00.000000Z,2.9231,2.9255,2.9229,2.9254,316485.2
2025-07-16T05:35:00.000000Z,2.9255,2.9261,2.9254,2.9258,192117.7
2025-07-16T05:36:00.000000Z,2.9258,2.9291,2.9247,2.928,385244.8
2025-07-16T05:37:00.000000Z,2.9281,2.9285,2.9272,2.9281,227569.1
2025-07-16T05:38:00.000000Z,2.9282,2.9283,2.926,2.9269,363479.8
2025-07-16T05:39:00.000000Z,2.9268,2.9279,2.926,2.926,425594.7
2025-07-16T05:40:00.000000Z,2.926,2.927,2.924,2.9269,446611.3
2025-07-16T05:41:00.000000Z,2.927,2.9283,2.9263,2.9283,328259.2
2025-07-16T05:42:00.000000Z,2.9283,2.9309,2.9282,2.9302,789094.9
2025-07-16T05:43:00.000000Z,2.9303,2.9304,2.9266,2.9278,483366.8
2025-07-16T05:44:00.000000Z,2.9278,2.9287,2.927,2.9279,291287.5
2025-07-16T05:45:00.000000Z,2.928,2.9288,2.9274,2.9277,175819.2
2025-07-16T05:46:00.000000Z,2.9278,2.9288,2.9275,2.9278,285587.9
2025-07-16T05:47:00.000000Z,2.9279,2.9288,2.9248,2.9251,662914.7
2025-07-16T05:48:00.000000Z,2.9251,2.9252,2.9202,2.9214,712085.3
2025-07-16T05:49:00.000000Z,2.9215,2.9215,2.918,2.9182,405867.7
2025-07-16T05:50:00.000000Z,2.9183,2.9213,2.9182,2.9204,486696.5
2025-07-16T05:51:00.000000Z,2.9205,2.9205,2.9181,2.9184,308403.2
2025-07-16T05:52:00.000000Z,2.9184,2.9186,2.9176,2.9181,253403.2
2025-07-16T05:53:00.000000Z,2.9182,2.9185,2.9152,2.9152,416940.4
2025-07-16T05:54:00.000000Z,2.9153,2.9185,2.9153,2.9174,275328.9
2025-07-16T05:55:00.000000Z,2.9174,2.9191,2.9163,2.9183,324208.7
2025-07-16T05:56:00.000000Z,2.9184,2.9192,2.918,2.919,188503.6
2025-07-16T05:57:00.000000Z,2.9191,2.9191,2.9151,2.9158,428480.1
2025-07-16T05:58:00.000000Z,2.9158,2.9189,2.9153,2.9181,153861.5
2025-07-16T05:59:00.000000Z,2.9181,2.9188,2.9173,2.9188,113309.1
2025-07-16T06:00:00.000000Z,2.9188,2.9229,2.9185,2.921,360267.0
2025-07-16T06:01:00.000000Z,2.9211,2.9211,2.9163,2.9168,286251.2
2025-07-16T06:02:00.000000Z,2.9168,2.9169,2.913,2.9157,636958.9
2025-07-16T06:03:00.000000Z,2.9157,2.9212,2.9153,2.9212,409524.0
2025-07-16T06:04:00.000000Z,2.9212,2.9235,2.9208,2.9231,635718.7
2025-07-16T06:05:00.000000Z,2.9232,2.925,2.9224,2.9226,318038.5
2025-07-16T06:06:00.000000Z,2.9226,2.9238,2.9199,2.9203,501882.4
2025-07-16T06:07:00.000000Z,2.9204,2.9225,2.9183,2.9218,415778.8
2025-07-16T06:08:00.000000Z,2.9217,2.9254,2.9213,2.9237,447562.3
2025-07-16T06:09:00.000000Z,2.9237,2.9254,2.9231,2.9253,259542.0
2025-07-16T06:10:00.000000Z,2.9253,2.9263,2.9242,2.9252,236841.1
2025-07-16T06:11:00.000000Z,2.9253,2.9264,2.9251,2.926,134045.0
2025-07-16T06:12:00.000000Z,2.9261,2.9261,2.9233,2.9249,460837.5
2025-07-16T06:13:00.000000Z,2.925,2.9266,2.924,2.924,341571.7
2025-07-16T06:14:00.000000Z,2.9241,2.9254,2.9232,2.9233,250883.1
2025-07-16T06:15:00.000000Z,2.9234,2.9259,2.9234,2.9253,190550.5
2025-07-16T06:16:00.000000Z,2.9253,2.9253,2.9229,2.9247,298202.4
2025-07-16T06:17:00.000000Z,2.9247,2.9262,2.9239,2.9243,230602.1
2025-07-16T06:18:00.000000Z,2.9243,2.926,2.9233,2.9255,249542.8
2025-07-16T06:19:00.000000Z,2.9256,2.9287,2.9255,2.9287,293109.1
2025-07-16T06:20:00.000000Z,2.9287,2.9312,2.9282,2.9311,403140.8
2025-07-16T06:21:00.000000Z,2.9312,2.9315,2.9278,2.9289,527104.0
2025-07-16T06:22:00.000000Z,2.9289,2.93,2.9282,2.9292,252860.8
2025-07-16T06:23:00.000000Z,2.9291,2.9293,2.9268,2.9283,424512.9
2025-07-16T06:24:00.000000Z,2.9283,2.9306,2.9281,2.9298,458923.2
2025-07-16T06:25:00.000000Z,2.9298,2.9302,2.9216,2.9221,1232905.2
2025-07-16T06:26:00.000000Z,2.9222,2.9238,2.9209,2.9234,665770.7
2025-07-16T06:27:00.000000Z,2.9235,2.9235,2.919,2.9206,585291.4
2025-07-16T06:28:00.000000Z,2.9206,2.9219,2.9186,2.9218,540389.1
2025-07-16T06:29:00.000000Z,2.9219,2.9239,2.9216,2.9232,213891.7
2025-07-16T06:30:00.000000Z,2.9233,2.9233,2.922,2.9225,190791.0
2025-07-16T06:31:00.000000Z,2.9225,2.9257,2.9211,2.9256,327267.9
2025-07-16T06:32:00.000000Z,2.9257,2.9263,2.9247,2.9259,272287.5
2025-07-16T06:33:00.000000Z,2.926,2.9264,2.9252,2.9264,126311.8
2025-07-16T06:34:00.000000Z,2.9264,2.9264,2.925,2.9263,515136.9
2025-07-16T06:35:00.000000Z,2.9262,2.9269,2.9244,2.925,348817.8
2025-07-16T06:36:00.000000Z,2.925,2.9283,2.925,2.928,279891.4
2025-07-16T06:37:00.000000Z,2.928,2.9297,2.9263,2.9295,720716.8
2025-07-16T06:38:00.000000Z,2.9296,2.9308,2.9292,2.9295,672536.7
2025-07-16T06:39:00.000000Z,2.9295,2.9304,2.9277,2.9277,349191.4
2025-07-16T06:40:00.000000Z,2.9277,2.931,2.9276,2.931,953825.6
2025-07-16T06:41:00.000000Z,2.931,2.9351,2.9309,2.9332,2032030.6
2025-07-16T06:42:00.000000Z,2.9333,2.9347,2.9324,2.9345,589994.6
2025-07-16T06:43:00.000000Z,2.9345,2.9356,2.929,2.9345,1872818.9
2025-07-16T06:44:00.000000Z,2.9345,2.9351,2.9337,2.9351,220987.6
2025-07-16T06:45:00.000000Z,2.9351,2.9352,2.9335,2.9342,431292.4
2025-07-16T06:46:00.000000Z,2.9342,2.9348,2.9315,2.9316,541737.9
2025-07-16T06:47:00.000000Z,2.9316,2.935,2.9315,2.9334,406616.2
2025-07-16T06:48:00.000000Z,2.9334,2.9354,2.9322,2.9325,323293.7
2025-07-16T06:49:00.000000Z,2.9325,2.9332,2.9311,2.9331,601987.6
2025-07-16T06:50:00.000000Z,2.9332,2.9332,2.9307,2.9325,556804.8
2025-07-16T06:51:00.000000Z,2.9326,2.9345,2.9318,2.9342,335899.6
2025-07-16T06:52:00.000000Z,2.9342,2.9377,2.9338,2.9373,1603857.5
2025-07-16T06:53:00.000000Z,2.9373,2.9373,2.9346,2.9349,541656.3
2025-07-16T06:54:00.000000Z,2.9349,2.9354,2.933,2.9335,384379.0
2025-07-16T06:55:00.000000Z,2.9335,2.9352,2.9323,2.9352,262287.4
2025-07-16T06:56:00.000000Z,2.9352,2.9354,2.9341,2.9341,293270.7
2025-07-16T06:57:00.000000Z,2.9342,2.9359,2.934,2.9357,326547.6
2025-07-16T06:58:00.000000Z,2.9357,2.9368,2.9353,2.9353,280643.4
2025-07-16T06:59:00.000000Z,2.9354,2.9363,2.9354,2.936,204565.8
2025-07-16T07:00:00.000000Z,2.9361,2.9368,2.934,2.9353,506762.0
2025-07-16T07:01:00.000000Z,2.9354,2.94,2.9353,2.9389,1638140.5
2025-07-16T07:02:00.000000Z,2.939,2.9403,2.9385,2.9391,637328.3
2025-07-16T07:03:00.000000Z,2.9391,2.9392,2.9369,2.9392,335990.2
2025-07-16T07:04:00.000000Z,2.9392,2.9404,2.9389,2.9396,622154.5
2025-07-16T07:05:00.000000Z,2.9397,2.94,2.9375,2.9375,447054.3
2025-07-16T07:06:00.000000Z,2.9376,2.9381,2.936,2.9361,455744.9
2025-07-16T07:07:00.000000Z,2.9361,2.9362,2.9336,2.934,594676.7
2025-07-16T07:08:00.000000Z,2.934,2.9349,2.9304,2.9304,568152.0
2025-07-16T07:09:00.000000Z,2.9304,2.9327,2.9304,2.9309,598901.2
2025-07-16T07:10:00.000000Z,2.9309,2.9309,2.9283,2.9297,421474.1
2025-07-16T07:11:00.000000Z,2.9297,2.9309,2.9288,2.9308,245677.7
2025-07-16T07:12:00.000000Z,2.9309,2.9322,2.9295,2.93,291692.3
2025-07-16T07:13:00.000000Z,2.93,2.9308,2.9293,2.9301,236615.8
2025-07-16T07:14:00.000000Z,2.9302,2.9304,2.9288,2.9301,207660.1
2025-07-16T07:15:00.000000Z,2.9301,2.9322,2.9291,2.9309,233578.1
2025-07-16T07:16:00.000000Z,2.931,2.9316,2.9292,2.9315,187475.1
2025-07-16T07:17:00.000000Z,2.9316,2.9345,2.9316,2.9336,364805.7
2025-07-16T07:18:00.000000Z,2.9337,2.9352,2.9323,2.9326,172926.7
2025-07-16T07:19:00.000000Z,2.9327,2.934,2.9321,2.934,183289.2
2025-07-16T07:20:00.000000Z,2.9341,2.9361,2.934,2.9343,505414.5
2025-07-16T07:21:00.000000Z,2.9344,2.9353,2.9336,2.9336,173726.7
2025-07-16T07:22:00.000000Z,2.9336,2.9339,2.9313,2.9328,249311.0
2025-07-16T07:23:00.000000Z,2.9328,2.9334,2.9318,2.933,176450.2
2025-07-16T07:24:00.000000Z,2.9331,2.9344,2.9325,2.9331,201270.0
2025-07-16T07:25:00.000000Z,2.9332,2.9332,2.9305,2.9305,167539.5
2025-07-16T07:26:00.000000Z,2.9305,2.9331,2.9305,2.9315,342178.8
2025-07-16T07:27:00.000000Z,2.9316,2.9321,2.9292,2.9315,281730.8
2025-07-16T07:28:00.000000Z,2.9315,2.9329,2.9314,2.9328,120248.5
2025-07-16T07:29:00.000000Z,2.9329,2.9329,2.9307,2.932,124171.5
2025-07-16T07:30:00.000000Z,2.9321,2.9321,2.9301,2.9311,213685.7
2025-07-16T07:31:00.000000Z,2.9312,2.9317,2.9292,2.9312,118952.9
2025-07-16T07:32:00.000000Z,2.9313,2.9335,2.9307,2.9334,182865.1
2025-07-16T07:33:00.000000Z,2.9334,2.9342,2.9322,2.934,288487.1
2025-07-16T07:34:00.000000Z,2.934,2.9342,2.9322,2.9331,241648.0
2025-07-16T07:35:00.000000Z,2.933,2.9352,2.933,2.9351,315768.5
2025-07-16T07:36:00.000000Z,2.9351,2.9352,2.9337,2.9341,259047.6
2025-07-16T07:37:00.000000Z,2.934,2.9347,2.9318,2.9333,222019.4
2025-07-16T07:38:00.000000Z,2.9334,2.9337,2.9321,2.9325,211050.6
2025-07-16T07:39:00.000000Z,2.9325,2.9354,2.9324,2.9343,282930.7
2025-07-16T07:40:00.000000Z,2.9343,2.9355,2.9336,2.9345,229999.8
2025-07-16T07:41:00.000000Z,2.9345,2.9347,2.9314,2.9328,463822.6
2025-07-16T07:42:00.000000Z,2.9328,2.934,2.9318,2.9321,353877.2
2025-07-16T07:43:00.000000Z,2.9321,2.9327,2.9306,2.9326,163532.5
2025-07-16T07:44:00.000000Z,2.9327,2.9327,2.9305,2.9305,329664.7
2025-07-16T07:45:00.000000Z,2.9306,2.9317,2.9304,2.9317,187095.4
2025-07-16T07:46:00.000000Z,2.9316,2.9316,2.929,2.9299,422805.6
2025-07-16T07:47:00.000000Z,2.9299,2.9313,2.9294,2.9295,282209.9
2025-07-16T07:48:00.000000Z,2.9296,2.9315,2.9291,2.9314,216737.3
2025-07-16T07:49:00.000000Z,2.9313,2.9324,2.9306,2.9317,194211.0
2025-07-16T07:50:00.000000Z,2.9318,2.9336,2.9317,2.9335,263027.0
2025-07-16T07:51:00.000000Z,2.9336,2.9336,2.9322,2.933,226923.4
2025-07-16T07:52:00.000000Z,2.9329,2.9348,2.9329,2.9348,167447.5
2025-07-16T07:53:00.000000Z,2.9347,2.9348,2.9315,2.932,155984.7
2025-07-16T07:54:00.000000Z,2.9321,2.9326,2.9318,2.9324,114308.1
2025-07-16T07:55:00.000000Z,2.9324,2.9334,2.9312,2.9324,256261.5
2025-07-16T07:56:00.000000Z,2.9324,2.9335,2.9316,2.9334,152512.6
2025-07-16T07:57:00.000000Z,2.9334,2.9335,2.9312,2.9315,174430.8
2025-07-16T07:58:00.000000Z,2.9315,2.9315,2.9302,2.9314,408503.8
2025-07-16T07:59:00.000000Z,2.9315,2.9315,2.9301,2.9301,162799.3
2025-07-16T08:00:00.000000Z,2.9301,2.9323,2.93,2.9317,359731.1
2025-07-16T08:01:00.000000Z,2.9316,2.9322,2.9303,2.9322,270996.7
2025-07-16T08:02:00.000000Z,2.9322,2.9322,2.9302,2.9318,157465.6
2025-07-16T08:03:00.000000Z,2.9318,2.9322,2.9298,2.9305,218391.7
2025-07-16T08:04:00.000000Z,2.9306,2.9306,2.9287,2.9293,625801.2
2025-07-16T08:05:00.000000Z,2.9293,2.932,2.9293,2.9305,309342.4
2025-07-16T08:06:00.000000Z,2.9306,2.9322,2.9301,2.9317,112167.4
2025-07-16T08:07:00.000000Z,2.9318,2.9326,2.9313,2.9313,183780.2
2025-07-16T08:08:00.000000Z,2.9312,2.9314,2.9302,2.9305,123808.2
2025-07-16T08:09:00.000000Z,2.9305,2.9329,2.9301,2.9324,176269.8
2025-07-16T08:10:00.000000Z,2.9324,2.9324,2.9302,2.9304,155379.0
2025-07-16T08:11:00.000000Z,2.9305,2.9306,2.9253,2.9255,441586.0
2025-07-16T08:12:00.000000Z,2.9255,2.9274,2.9255,2.9265,559773.9
2025-07-16T08:13:00.000000Z,2.9265,2.928,2.9256,2.9256,539637.7
2025-07-16T08:14:00.000000Z,2.9256,2.9256,2.9233,2.9233,723692.9
2025-07-16T08:15:00.000000Z,2.9234,2.9254,2.9221,2.9235,844061.5
2025-07-16T08:16:00.000000Z,2.9235,2.926,2.923,2.9243,286684.2
2025-07-16T08:17:00.000000Z,2.9243,2.927,2.9235,2.9257,199298.8
2025-07-16T08:18:00.000000Z,2.9257,2.934,2.9247,2.934,1083916.7
2025-07-16T08:19:00.000000Z,2.9339,2.9369,2.9319,2.9353,1245798.0
2025-07-16T08:20:00.000000Z,2.9354,2.9372,2.9332,2.9332,763055.9
2025-07-16T08:21:00.000000Z,2.9332,2.9354,2.9312,2.9354,442927.1
2025-07-16T08:22:00.000000Z,2.9354,2.936,2.9335,2.935,433004.9
2025-07-16T08:23:00.000000Z,2.935,2.9369,2.9349,2.9353,554514.7
2025-07-16T08:24:00.000000Z,2.9354,2.9374,2.9351,2.9367,384870.9
2025-07-16T08:25:00.000000Z,2.9367,2.9374,2.9352,2.9374,335038.3
2025-07-16T08:26:00.000000Z,2.9374,2.9387,2.9364,2.9384,395457.1
2025-07-16T08:27:00.000000Z,2.9384,2.9385,2.9371,2.9377,295072.9
2025-07-16T08:28:00.000000Z,2.9377,2.9388,2.9372,2.9387,236708.1
2025-07-16T08:29:00.000000Z,2.9388,2.9389,2.9377,2.9388,526726.4
2025-07-16T08:30:00.000000Z,2.9389,2.9439,2.9384,2.9438,1411204.1
2025-07-16T08:31:00.000000Z,2.9438,2.948,2.9419,2.9422,1983149.7
2025-07-16T08:32:00.000000Z,2.9422,2.9448,2.9408,2.9433,563796.9
2025-07-16T08:33:00.000000Z,2.9434,2.9444,2.9422,2.9434,320714.8
2025-07-16T08:34:00.000000Z,2.9435,2.9443,2.9425,2.944,299228.7
2025-07-16T08:35:00.000000Z,2.9441,2.9483,2.944,2.9478,831920.1
2025-07-16T08:36:00.000000Z,2.9477,2.9484,2.9455,2.948,1106899.0
2025-07-16T08:37:00.000000Z,2.948,2.9499,2.9464,2.9489,1099022.3
2025-07-16T08:38:00.000000Z,2.9489,2.95,2.9467,2.9495,1134880.8
2025-07-16T08:39:00.000000Z,2.9495,2.9535,2.9494,2.9524,1418776.0
2025-07-16T08:40:00.000000Z,2.9524,2.9525,2.9486,2.9488,882107.4
2025-07-16T08:41:00.000000Z,2.9489,2.9547,2.9489,2.9542,936328.9
2025-07-16T08:42:00.000000Z,2.9542,2.9551,2.9532,2.9539,666466.5
2025-07-16T08:43:00.000000Z,2.9538,2.9574,2.9538,2.9573,1222003.9
2025-07-16T08:44:00.000000Z,2.9573,2.9585,2.9562,2.9576,842239.8
2025-07-16T08:45:00.000000Z,2.9577,2.9581,2.9533,2.9534,1085268.2
2025-07-16T08:46:00.000000Z,2.9534,2.9547,2.9512,2.9517,692071.1
2025-07-16T08:47:00.000000Z,2.9516,2.9517,2.95,2.9501,752781.4
2025-07-16T08:48:00.000000Z,2.9501,2.9515,2.95,2.9512,753041.7
2025-07-16T08:49:00.000000Z,2.9511,2.9554,2.9508,2.9545,882431.1
2025-07-16T08:50:00.000000Z,2.9545,2.9597,2.9545,2.9587,770665.1
2025-07-16T08:51:00.000000Z,2.9587,2.9598,2.9573,2.9597,722313.4
2025-07-16T08:52:00.000000Z,2.9597,2.9611,2.9588,2.9605,858033.4
2025-07-16T08:53:00.000000Z,2.9604,2.9621,2.9604,2.9612,853270.5
2025-07-16T08:54:00.000000Z,2.9612,2.9622,2.9612,2.9621,555810.0
2025-07-16T08:55:00.000000Z,2.962,2.9625,2.9567,2.9582,805507.4
2025-07-16T08:56:00.000000Z,2.9582,2.9589,2.9567,2.9574,488222.4
2025-07-16T08:57:00.000000Z,2.9573,2.958,2.9541,2.9545,685445.9
2025-07-16T08:58:00.000000Z,2.9545,2.9546,2.9521,2.9528,747418.7
2025-07-16T08:59:00.000000Z,2.9528,2.9577,2.9527,2.9576,512375.6
2025-07-16T09:00:00.000000Z,2.9577,2.9604,2.9565,2.9603,853326.8
2025-07-16T09:01:00.000000Z,2.9603,2.9624,2.9601,2.9602,655912.9
2025-07-16T09:02:00.000000Z,2.9601,2.9606,2.9574,2.9583,476592.2
2025-07-16T09:03:00.000000Z,2.9584,2.9593,2.955,2.9558,390910.6
2025-07-16T09:04:00.000000Z,2.9557,2.9566,2.9536,2.9538,593113.8
2025-07-16T09:05:00.000000Z,2.9537,2.955,2.9526,2.9527,375163.7
2025-07-16T09:06:00.000000Z,2.9526,2.9567,2.9523,2.956,540361.3
2025-07-16T09:07:00.000000Z,2.9559,2.9582,2.9539,2.9548,274678.0
2025-07-16T09:08:00.000000Z,2.9548,2.9583,2.9545,2.9569,369579.0
2025-07-16T09:09:00.000000Z,2.9569,2.9585,2.9564,2.9576,574389.4
2025-07-16T09:10:00.000000Z,2.9575,2.9612,2.9566,2.9592,641897.0
2025-07-16T09:11:00.000000Z,2.9593,2.9615,2.9593,2.9613,384622.4
2025-07-16T09:12:00.000000Z,2.9613,2.9616,2.9605,2.9611,336699.5
2025-07-16T09:13:00.000000Z,2.961,2.961,2.9575,2.9575,485390.0
2025-07-16T09:14:00.000000Z,2.9575,2.9612,2.9568,2.9612,449423.0
2025-07-16T09:15:00.000000Z,2.9611,2.9616,2.9571,2.958,714062.7
2025-07-16T09:16:00.000000Z,2.958,2.9592,2.9573,2.9574,337942.6
2025-07-16T09:17:00.000000Z,2.9573,2.9579,2.9543,2.9577,595117.1
2025-07-16T09:18:00.000000Z,2.9577,2.9603,2.9575,2.9589,396632.9
2025-07-16T09:19:00.000000Z,2.9589,2.9626,2.9589,2.9624,671269.4
2025-07-16T09:20:00.000000Z,2.9624,2.9658,2.9603,2.961,1420053.3
2025-07-16T09:21:00.000000Z,2.961,2.9611,2.9581,2.9586,781471.0
2025-07-16T09:22:00.000000Z,2.9585,2.9618,2.9581,2.9614,580535.2
2025-07-16T09:23:00.000000Z,2.9613,2.9623,2.96,2.9601,320543.1
2025-07-16T09:24:00.000000Z,2.9601,2.9602,2.9557,2.9557,397133.6
2025-07-16T09:25:00.000000Z,2.9557,2.9586,2.954,2.9583,1018105.2
2025-07-16T09:26:00.000000Z,2.9582,2.959,2.9556,2.9583,818667.9
2025-07-16T09:27:00.000000Z,2.9582,2.9606,2.9577,2.9592,257011.2
2025-07-16T09:28:00.000000Z,2.9592,2.9606,2.9592,2.9596,344515.8
2025-07-16T09:29:00.000000Z,2.9595,2.96,2.9578,2.9598,382023.8
2025-07-16T09:30:00.000000Z,2.9599,2.9603,2.9585,2.96,345924.6
2025-07-16T09:31:00.000000Z,2.96,2.9643,2.9594,2.9639,588687.9
2025-07-16T09:32:00.000000Z,2.964,2.9641,2.9618,2.9633,365711.6
2025-07-16T09:33:00.000000Z,2.9634,2.9641,2.9611,2.9611,303249.8
2025-07-16T09:34:00.000000Z,2.961,2.9624,2.9601,2.9605,292691.3
2025-07-16T09:35:00.000000Z,2.9605,2.9622,2.9589,2.9589,319751.7
2025-07-16T09:36:00.000000Z,2.959,2.9603,2.9575,2.9586,599258.6
2025-07-16T09:37:00.000000Z,2.9585,2.9591,2.9565,2.9568,361669.5
2025-07-16T09:38:00.000000Z,2.9569,2.9598,2.9563,2.9592,391876.4
2025-07-16T09:39:00.000000Z,2.9592,2.9593,2.9555,2.9582,921475.5
2025-07-16T09:40:00.000000Z,2.9582,2.9594,2.9573,2.9573,311203.1
2025-07-16T09:41:00.000000Z,2.9573,2.9581,2.9544,2.9562,711975.5
2025-07-16T09:42:00.000000Z,2.9562,2.9563,2.9524,2.9525,723895.3
2025-07-16T09:43:00.000000Z,2.9524,2.9533,2.948,2.949,1673277.8
2025-07-16T09:44:00.000000Z,2.9491,2.9509,2.9459,2.9507,1408356.9
2025-07-16T09:45:00.000000Z,2.9507,2.9525,2.9482,2.95,866801.7
2025-07-16T09:46:00.000000Z,2.95,2.9541,2.9494,2.9539,733206.0
2025-07-16T09:47:00.000000Z,2.954,2.9541,2.9508,2.952,590406.8
2025-07-16T09:48:00.000000Z,2.952,2.96,2.952,2.96,1032640.1
2025-07-16T09:49:00.000000Z,2.9599,2.96,2.9574,2.9588,639246.5
2025-07-16T09:50:00.000000Z,2.9587,2.96,2.9572,2.9576,444994.2
2025-07-16T09:51:00.000000Z,2.9576,2.9581,2.9551,2.9572,535484.0
2025-07-16T09:52:00.000000Z,2.9571,2.9571,2.955,2.9554,447186.3
2025-07-16T09:53:00.000000Z,2.9554,2.9563,2.9518,2.9521,1176934.0
2025-07-16T09:54:00.000000Z,2.9521,2.9531,2.9508,2.9529,359567.2
2025-07-16T09:55:00.000000Z,2.9528,2.9536,2.9518,2.9527,186128.6
2025-07-16T09:56:00.000000Z,2.9527,2.9538,2.952,2.953,235924.7
2025-07-16T09:57:00.000000Z,2.953,2.9542,2.9527,2.9531,238184.4
2025-07-16T09:58:00.000000Z,2.9531,2.9533,2.9523,2.9533,200739.1
2025-07-16T09:59:00.000000Z,2.9532,2.9533,2.952,2.9529,256788.5
2025-07-16T10:00:00.000000Z,2.9529,2.9542,2.9513,2.9513,278355.0
2025-07-16T10:01:00.000000Z,2.9513,2.9516,2.9495,2.95,536012.3
2025-07-16T10:02:00.000000Z,2.9499,2.9516,2.9499,2.9511,237796.3
2025-07-16T10:03:00.000000Z,2.951,2.9548,2.9507,2.9539,412138.1
2025-07-16T10:04:00.000000Z,2.9539,2.9543,2.9527,2.9532,224435.9
2025-07-16T10:05:00.000000Z,2.9532,2.9537,2.9528,2.9532,186227.3
2025-07-16T10:06:00.000000Z,2.9532,2.9556,2.9531,2.9552,271978.0
2025-07-16T10:07:00.000000Z,2.9552,2.9571,2.9531,2.9549,361047.6
2025-07-16T10:08:00.000000Z,2.9548,2.9587,2.9538,2.9586,270771.4
2025-07-16T10:09:00.000000Z,2.9586,2.9606,2.958,2.9596,653274.0
2025-07-16T10:10:00.000000Z,2.9596,2.9605,2.9595,2.96,230674.7
2025-07-16T10:11:00.000000Z,2.96,2.9612,2.9583,2.9607,433038.2
2025-07-16T10:12:00.000000Z,2.9607,2.9623,2.9605,2.9623,345727.7
2025-07-16T10:13:00.000000Z,2.9622,2.9624,2.9567,2.9589,551901.9
2025-07-16T10:14:00.000000Z,2.9589,2.9589,2.9577,2.9587,337019.3
2025-07-16T10:15:00.000000Z,2.9587,2.959,2.957,2.9573,164980.8
2025-07-16T10:16:00.000000Z,2.9572,2.9576,2.9543,2.9549,325001.4
2025-07-16T10:17:00.000000Z,2.9549,2.9572,2.9544,2.9546,208659.8
2025-07-16T10:18:00.000000Z,2.9545,2.9561,2.9545,2.9549,439879.5
2025-07-16T10:19:00.000000Z,2.9548,2.9558,2.9542,2.9555,133592.6
2025-07-16T10:20:00.000000Z,2.9555,2.9567,2.9549,2.9565,155547.3
2025-07-16T10:21:00.000000Z,2.9565,2.9572,2.9557,2.9572,520325.5
2025-07-16T10:22:00.000000Z,2.9572,2.9631,2.9571,2.9591,1157091.0
2025-07-16T10:23:00.000000Z,2.9592,2.9609,2.9587,2.9608,246880.6
2025-07-16T10:24:00.000000Z,2.9608,2.9609,2.9594,2.9604,127559.0
2025-07-16T10:25:00.000000Z,2.9603,2.9607,2.9573,2.9574,188851.8
2025-07-16T10:26:00.000000Z,2.9573,2.9579,2.9567,2.9573,255537.6
2025-07-16T10:27:00.000000Z,2.9573,2.9574,2.955,2.9551,370191.0
2025-07-16T10:28:00.000000Z,2.955,2.9555,2.9543,2.9554,179035.4
2025-07-16T10:29:00.000000Z,2.9553,2.9555,2.9538,2.9543,135266.6
2025-07-16T10:30:00.000000Z,2.9544,2.9549,2.9506,2.9516,1524941.0
2025-07-16T10:31:00.000000Z,2.9516,2.9535,2.9516,2.9532,715770.9
2025-07-16T10:32:00.000000Z,2.9532,2.9534,2.9511,2.9514,332488.7
2025-07-16T10:33:00.000000Z,2.9514,2.9524,2.9483,2.949,747657.8
2025-07-16T10:34:00.000000Z,2.9489,2.9508,2.9482,2.95,570735.3
2025-07-16T10:35:00.000000Z,2.95,2.9508,2.9491,2.9506,156436.2
2025-07-16T10:36:00.000000Z,2.9506,2.9515,2.9498,2.9515,155679.9
2025-07-16T10:37:00.000000Z,2.9515,2.954,2.951,2.9533,375044.5
2025-07-16T10:38:00.000000Z,2.9533,2.9542,2.9519,2.9527,334586.0
2025-07-16T10:39:00.000000Z,2.9526,2.955,2.9526,2.9545,203944.2
2025-07-16T10:40:00.000000Z,2.9545,2.9552,2.9516,2.9517,360448.5
2025-07-16T10:41:00.000000Z,2.9518,2.952,2.9485,2.9485,355924.3
2025-07-16T10:42:00.000000Z,2.9486,2.9493,2.9469,2.9471,982863.3
2025-07-16T10:43:00.000000Z,2.9472,2.9483,2.9467,2.9483,399484.5
2025-07-16T10:44:00.000000Z,2.9482,2.9483,2.9428,2.9448,1396161.7
2025-07-16T10:45:00.000000Z,2.9448,2.9476,2.9448,2.9456,323615.1
2025-07-16T10:46:00.000000Z,2.9457,2.9493,2.9456,2.9493,248643.5
2025-07-16T10:47:00.000000Z,2.9492,2.9509,2.9483,2.9491,234314.8
2025-07-16T10:48:00.000000Z,2.9492,2.9492,2.9471,2.9489,313584.0
2025-07-16T10:49:00.000000Z,2.9489,2.9491,2.9453,2.9469,1079988.7
2025-07-16T10:50:00.000000Z,2.947,2.9483,2.9458,2.9482,268018.2
2025-07-16T10:51:00.000000Z,2.9482,2.9489,2.9468,2.9468,199403.6
2025-07-16T10:52:00.000000Z,2.9468,2.9474,2.9468,2.9472,148150.6
2025-07-16T10:53:00.000000Z,2.9472,2.9473,2.9466,2.9468,262879.4
2025-07-16T10:54:00.000000Z,2.9468,2.9471,2.9447,2.9447,266697.0
2025-07-16T10:55:00.000000Z,2.9447,2.9504,2.9447,2.9478,949728.3
2025-07-16T10:56:00.000000Z,2.9478,2.9487,2.9469,2.9469,115826.6
2025-07-16T10:57:00.000000Z,2.9469,2.947,2.9453,2.9453,163109.8
2025-07-16T10:58:00.000000Z,2.9453,2.9479,2.9441,2.9479,394703.6
2025-07-16T10:59:00.000000Z,2.9479,2.9479,2.945,2.9451,457207.5
2025-07-16T11:00:00.000000Z,2.945,2.9469,2.945,2.9464,496614.1
2025-07-16T11:01:00.000000Z,2.9463,2.9493,2.946,2.9486,381463.0
2025-07-16T11:02:00.000000Z,2.9486,2.95,2.9482,2.9498,833211.1
2025-07-16T11:03:00.000000Z,2.9499,2.9542,2.9496,2.9535,427153.9
2025-07-16T11:04:00.000000Z,2.9535,2.9537,2.9524,2.9526,236674.8
2025-07-16T11:05:00.000000Z,2.9526,2.9567,2.9526,2.9554,804313.6
2025-07-16T11:06:00.000000Z,2.9555,2.9569,2.9554,2.956,377259.4
2025-07-16T11:07:00.000000Z,2.956,2.9561,2.9515,2.9518,451356.9
2025-07-16T11:08:00.000000Z,2.9518,2.9543,2.9518,2.9542,188753.7
2025-07-16T11:09:00.000000Z,2.9542,2.9554,2.9534,2.9554,235589.0
2025-07-16T11:10:00.000000Z,2.9554,2.9568,2.9535,2.9543,497312.3
2025-07-16T11:11:00.000000Z,2.9543,2.9547,2.953,2.9531,218549.8
2025-07-16T11:12:00.000000Z,2.9532,2.9557,2.9531,2.9536,108558.7
2025-07-16T11:13:00.000000Z,2.9536,2.9555,2.9534,2.9549,194172.5
2025-07-16T11:14:00.000000Z,2.9549,2.955,2.9534,2.9543,131852.9
2025-07-16T11:15:00.000000Z,2.9543,2.9543,2.9528,2.9534,258677.8
2025-07-16T11:16:00.000000Z,2.9533,2.9534,2.9518,2.9519,148686.6
2025-07-16T11:17:00.000000Z,2.9518,2.9519,2.9491,2.9506,250810.2
2025-07-16T11:18:00.000000Z,2.9505,2.9505,2.9464,2.9464,514882.0
2025-07-16T11:19:00.000000Z,2.9464,2.9483,2.946,2.9481,280691.9
2025-07-16T11:20:00.000000Z,2.948,2.9481,2.9459,2.9459,394436.0
2025-07-16T11:21:00.000000Z,2.9459,2.9472,2.9457,2.9462,282623.6
2025-07-16T11:22:00.000000Z,2.9461,2.9468,2.9448,2.9455,422078.1
2025-07-16T11:23:00.000000Z,2.9454,2.9462,2.9451,2.946,155333.0
2025-07-16T11:24:00.000000Z,2.946,2.9489,2.946,2.9488,258884.0
2025-07-16T11:25:00.000000Z,2.9488,2.9506,2.9481,2.9491,246008.1
2025-07-16T11:26:00.000000Z,2.9491,2.9503,2.9486,2.9495,275891.4
2025-07-16T11:27:00.000000Z,2.9494,2.9506,2.9491,2.9503,139726.9
2025-07-16T11:28:00.000000Z,2.9503,2.953,2.9501,2.953,457902.4
2025-07-16T11:29:00.000000Z,2.9529,2.953,2.952,2.9522,183561.3
2025-07-16T11:30:00.000000Z,2.9521,2.9522,2.9493,2.9506,282451.4
2025-07-16T11:31:00.000000Z,2.9505,2.9506,2.9491,2.9493,171963.8
2025-07-16T11:32:00.000000Z,2.9494,2.9507,2.9478,2.9481,303576.8
2025-07-16T11:33:00.000000Z,2.948,2.9495,2.9464,2.9492,217620.3
2025-07-16T11:34:00.000000Z,2.9491,2.9493,2.9445,2.9475,821823.5
2025-07-16T11:35:00.000000Z,2.9474,2.9489,2.9467,2.948,306113.4
2025-07-16T11:36:00.000000Z,2.9481,2.9481,2.9461,2.9462,236282.3
2025-07-16T11:37:00.000000Z,2.9462,2.9467,2.945,2.9459,164653.7
2025-07-16T11:38:00.000000Z,2.9459,2.9475,2.9455,2.9474,187269.6
2025-07-16T11:39:00.000000Z,2.9475,2.9477,2.9454,2.9465,281827.1
2025-07-16T11:40:00.000000Z,2.9466,2.9484,2.9464,2.9477,126894.8
2025-07-16T11:41:00.000000Z,2.9476,2.9482,2.9471,2.9471,68468.0
2025-07-16T11:42:00.000000Z,2.9471,2.9481,2.9463,2.947,114308.9
2025-07-16T11:43:00.000000Z,2.9469,2.9473,2.9459,2.9461,133915.9
2025-07-16T11:44:00.000000Z,2.9461,2.9493,2.946,2.9489,148866.1
2025-07-16T11:45:00.000000Z,2.9488,2.9506,2.9476,2.9503,135154.3
2025-07-16T11:46:00.000000Z,2.9503,2.9529,2.949,2.9528,244791.9
2025-07-16T11:47:00.000000Z,2.9529,2.9539,2.9517,2.9527,349768.6
2025-07-16T11:48:00.000000Z,2.9527,2.9533,2.9515,2.9519,313685.2
2025-07-16T11:49:00.000000Z,2.9519,2.9526,2.9503,2.9512,204542.1
2025-07-16T11:50:00.000000Z,2.9512,2.9514,2.9484,2.9484,219938.6
2025-07-16T11:51:00.000000Z,2.9484,2.9502,2.948,2.95,296117.2
2025-07-16T11:52:00.000000Z,2.9499,2.9499,2.9484,2.9484,260282.1
2025-07-16T11:53:00.000000Z,2.9484,2.9485,2.9469,2.947,303256.7
2025-07-16T11:54:00.000000Z,2.9471,2.9481,2.947,2.9478,127677.2
2025-07-16T11:55:00.000000Z,2.9477,2.9478,2.945,2.9453,163215.9
2025-07-16T11:56:00.000000Z,2.9454,2.9544,2.9454,2.9538,578951.3
2025-07-16T11:57:00.000000Z,2.9539,2.9539,2.9498,2.95,437026.1
2025-07-16T11:58:00.000000Z,2.95,2.9508,2.9492,2.9508,187397.5
2025-07-16T11:59:00.000000Z,2.9507,2.9524,2.9506,2.9523,254256.9
2025-07-16T12:00:00.000000Z,2.9523,2.953,2.9486,2.9486,288484.8
2025-07-16T12:01:00.000000Z,2.9486,2.9491,2.9467,2.9489,396573.8
2025-07-16T12:02:00.000000Z,2.949,2.9508,2.9475,2.9507,306762.0
2025-07-16T12:03:00.000000Z,2.9507,2.9543,2.9506,2.9542,297455.7
2025-07-16T12:04:00.000000Z,2.9542,2.9544,2.9533,2.9536,334319.7
2025-07-16T12:05:00.000000Z,2.9536,2.955,2.9524,2.9547,224695.1
2025-07-16T12:06:00.000000Z,2.9547,2.9561,2.9541,2.9544,526776.3
2025-07-16T12:07:00.000000Z,2.9545,2.9567,2.9544,2.9552,384565.5
2025-07-16T12:08:00.000000Z,2.9552,2.9575,2.9552,2.9561,574491.9
2025-07-16T12:09:00.000000Z,2.9561,2.9569,2.9543,2.9543,271120.1
2025-07-16T12:10:00.000000Z,2.9543,2.9543,2.9507,2.9507,329831.1
2025-07-16T12:11:00.000000Z,2.9508,2.952,2.948,2.9493,972126.3
2025-07-16T12:12:00.000000Z,2.9492,2.9515,2.9482,2.9502,316426.5
2025-07-16T12:13:00.000000Z,2.9502,2.9517,2.9492,2.9492,124626.7
2025-07-16T12:14:00.000000Z,2.9492,2.9502,2.9488,2.9495,301969.1
2025-07-16T12:15:00.000000Z,2.9495,2.9518,2.9494,2.9518,202625.7
2025-07-16T12:16:00.000000Z,2.9517,2.9528,2.9506,2.952,699579.0
2025-07-16T12:17:00.000000Z,2.9519,2.954,2.9517,2.9532,226588.0
2025-07-16T12:18:00.000000Z,2.9532,2.9532,2.951,2.9512,225640.5
2025-07-16T12:19:00.000000Z,2.9511,2.9512,2.9488,2.95,320707.9
2025-07-16T12:20:00.000000Z,2.95,2.952,2.9496,2.9504,420405.9
2025-07-16T12:21:00.000000Z,2.9504,2.9537,2.9504,2.9537,171567.7
2025-07-16T12:22:00.000000Z,2.9537,2.9545,2.9529,2.9545,267635.2
2025-07-16T12:23:00.000000Z,2.9545,2.955,2.9536,2.9542,196766.3
2025-07-16T12:24:00.000000Z,2.9543,2.9546,2.9539,2.9544,81807.1
2025-07-16T12:25:00.000000Z,2.9544,2.9551,2.9542,2.9549,291474.4
2025-07-16T12:26:00.000000Z,2.955,2.955,2.9531,2.9547,357860.6
2025-07-16T12:27:00.000000Z,2.9548,2.9565,2.9547,2.9551,202852.4
2025-07-16T12:28:00.000000Z,2.9552,2.9573,2.9551,2.9562,223910.5
2025-07-16T12:29:00.000000Z,2.9562,2.9574,2.9561,2.9569,440223.7
2025-07-16T12:30:00.000000Z,2.957,2.9625,2.9568,2.96,1660595.9
2025-07-16T12:31:00.000000Z,2.96,2.9605,2.9514,2.9518,879534.7
2025-07-16T12:32:00.000000Z,2.9517,2.9602,2.9511,2.9602,700367.6
2025-07-16T12:33:00.000000Z,2.9603,2.9643,2.9594,2.9637,855190.9
2025-07-16T12:34:00.000000Z,2.9638,2.9748,2.9634,2.9722,3972944.3
2025-07-16T12:35:00.000000Z,2.9723,2.9727,2.9578,2.9636,4268778.9
2025-07-16T12:36:00.000000Z,2.9636,2.9658,2.9611,2.9636,1227061.7
2025-07-16T12:37:00.000000Z,2.9636,2.9644,2.9624,2.9636,587240.4
2025-07-16T12:38:00.000000Z,2.9636,2.9648,2.9586,2.9603,1624008.8
2025-07-16T12:39:00.000000Z,2.9604,2.9617,2.9592,2.9612,756131.9
2025-07-16T12:40:00.000000Z,2.9612,2.9629,2.9585,2.96,356617.9
2025-07-16T12:41:00.000000Z,2.96,2.9615,2.9588,2.9604,421844.1
2025-07-16T12:42:00.000000Z,2.9604,2.9625,2.9601,2.9615,679898.7
2025-07-16T12:43:00.000000Z,2.9614,2.9614,2.9577,2.9595,316455.4
2025-07-16T12:44:00.000000Z,2.9595,2.9606,2.9576,2.9577,459651.1
2025-07-16T12:45:00.000000Z,2.9576,2.9577,2.9544,2.9568,650654.7
2025-07-16T12:46:00.000000Z,2.9568,2.9575,2.9557,2.9557,319623.0
2025-07-16T12:47:00.000000Z,2.9556,2.9579,2.9544,2.9577,299626.1
2025-07-16T12:48:00.000000Z,2.9578,2.9593,2.9563,2.9593,624266.3
2025-07-16T12:49:00.000000Z,2.9592,2.96,2.9587,2.9595,392554.6
2025-07-16T12:50:00.000000Z,2.9594,2.963,2.9592,2.9611,445087.4
2025-07-16T12:51:00.000000Z,2.9611,2.9628,2.9594,2.9627,288395.9
2025-07-16T12:52:00.000000Z,2.9628,2.9643,2.962,2.9638,366826.4
2025-07-16T12:53:00.000000Z,2.9638,2.9643,2.9608,2.9631,359786.6
2025-07-16T12:54:00.000000Z,2.963,2.9631,2.9597,2.9603,317340.7
2025-07-16T12:55:00.000000Z,2.9602,2.9741,2.9594,2.9703,2764068.2
2025-07-16T12:56:00.000000Z,2.9704,2.9714,2.965,2.965,986298.5
2025-07-16T12:57:00.000000Z,2.9651,2.966,2.9623,2.9631,542364.6
2025-07-16T12:58:00.000000Z,2.9631,2.9689,2.9624,2.9668,1287438.1
2025-07-16T12:59:00.000000Z,2.9669,2.9678,2.9644,2.9652,538713.0
2025-07-16T13:00:00.000000Z,2.9651,2.9656,2.9624,2.9624,538667.3
2025-07-16T13:01:00.000000Z,2.9624,2.9639,2.9589,2.9621,814051.0
2025-07-16T13:02:00.000000Z,2.962,2.9621,2.9573,2.958,1475410.3
2025-07-16T13:03:00.000000Z,2.9581,2.9637,2.9575,2.9621,447411.7
2025-07-16T13:04:00.000000Z,2.962,2.9642,2.9592,2.9642,462899.3
2025-07-16T13:05:00.000000Z,2.9642,2.9643,2.9581,2.9609,586414.1
2025-07-16T13:06:00.000000Z,2.9607,2.9607,2.9571,2.9592,532719.1
2025-07-16T13:07:00.000000Z,2.9591,2.9601,2.9578,2.9593,455075.3
2025-07-16T13:08:00.000000Z,2.9593,2.9668,2.9592,2.9662,606888.7
2025-07-16T13:09:00.000000Z,2.9663,2.967,2.9623,2.9634,679951.5
2025-07-16T13:10:00.000000Z,2.9633,2.9675,2.9617,2.9675,468744.3
2025-07-16T13:11:00.000000Z,2.9674,2.9682,2.9648,2.9652,638361.1
2025-07-16T13:12:00.000000Z,2.9651,2.9716,2.9629,2.9712,1741145.1
2025-07-16T13:13:00.000000Z,2.9712,2.9712,2.9679,2.9684,668375.5
2025-07-16T13:14:00.000000Z,2.9685,2.9692,2.9665,2.9684,604043.2
2025-07-16T13:15:00.000000Z,2.9684,2.9712,2.968,2.9688,434848.4
2025-07-16T13:16:00.000000Z,2.9687,2.9742,2.9687,2.9737,960638.6
2025-07-16T13:17:00.000000Z,2.9736,2.977,2.9722,2.9749,1427857.1
2025-07-16T13:18:00.000000Z,2.975,2.9818,2.9748,2.9805,2394098.5
2025-07-16T13:19:00.000000Z,2.9805,2.9835,2.9791,2.9835,1126192.2
2025-07-16T13:20:00.000000Z,2.9834,2.9888,2.9832,2.9846,1903494.2
2025-07-16T13:21:00.000000Z,2.9846,2.989,2.98,2.9878,2540641.0
2025-07-16T13:22:00.000000Z,2.9877,2.99,2.9862,2.9891,1688671.9
2025-07-16T13:23:00.000000Z,2.989,2.994,2.9884,2.9884,2549338.5
2025-07-16T13:24:00.000000Z,2.9883,2.9916,2.9802,2.9826,3310263.9
2025-07-16T13:25:00.000000Z,2.9825,2.9889,2.9814,2.9829,1321081.8
2025-07-16T13:26:00.000000Z,2.9829,2.9838,2.9735,2.9789,3197573.8
2025-07-16T13:27:00.000000Z,2.9789,2.9816,2.9776,2.9802,796636.8
2025-07-16T13:28:00.000000Z,2.9802,2.9957,2.9802,2.9944,1689755.9
2025-07-16T13:29:00.000000Z,2.9944,2.9946,2.9873,2.9894,1411826.4
2025-07-16T13:30:00.000000Z,2.9895,2.9895,2.983,2.9838,1456315.1
2025-07-16T13:31:00.000000Z,2.9837,2.9848,2.9808,2.9848,1632799.9
2025-07-16T13:32:00.000000Z,2.9849,2.9885,2.9847,2.988,1340432.9
2025-07-16T13:33:00.000000Z,2.988,2.9935,2.9872,2.9934,970072.7
2025-07-16T13:34:00.000000Z,2.9935,2.9943,2.9913,2.9941,1373218.7
2025-07-16T13:35:00.000000Z,2.9941,2.9942,2.9845,2.9858,1307327.3
2025-07-16T13:36:00.000000Z,2.9858,2.9924,2.9855,2.9892,1200537.1
2025-07-16T13:37:00.000000Z,2.9892,2.9927,2.9878,2.9907,925198.1
2025-07-16T13:38:00.000000Z,2.9907,2.993,2.9894,2.993,1114379.3
2025-07-16T13:39:00.000000Z,2.993,2.9935,2.99,2.9922,1331143.0
2025-07-16T13:40:00.000000Z,2.9922,2.993,2.9834,2.9837,1500776.2
2025-07-16T13:41:00.000000Z,2.9837,2.9881,2.9792,2.9875,1909486.0
2025-07-16T13:42:00.000000Z,2.9874,2.9909,2.9856,2.9869,1475199.2
2025-07-16T13:43:00.000000Z,2.987,2.987,2.9834,2.9846,1202756.9
2025-07-16T13:44:00.000000Z,2.9845,2.9902,2.9843,2.9882,1365246.8
2025-07-16T13:45:00.000000Z,2.9882,2.9888,2.9827,2.9846,1123559.0
2025-07-16T13:46:00.000000Z,2.9845,2.9893,2.9843,2.9863,881055.7
2025-07-16T13:47:00.000000Z,2.9863,2.9863,2.982,2.9857,1151102.3
2025-07-16T13:48:00.000000Z,2.9857,2.9908,2.9838,2.9866,1242322.0
2025-07-16T13:49:00.000000Z,2.9867,2.9889,2.9824,2.9836,1119848.4
2025-07-16T13:50:00.000000Z,2.9836,2.9862,2.9753,2.9762,1504988.3
2025-07-16T13:51:00.000000Z,2.9762,2.9797,2.972,2.9791,2680265.7
2025-07-16T13:52:00.000000Z,2.979,2.9791,2.9745,2.9783,1092896.6
2025-07-16T13:53:00.000000Z,2.9784,2.9808,2.9769,2.9802,835929.5
2025-07-16T13:54:00.000000Z,2.9801,2.983,2.9767,2.9785,834259.7
2025-07-16T13:55:00.000000Z,2.9785,2.9859,2.9771,2.9858,822752.6
2025-07-16T13:56:00.000000Z,2.9859,2.9861,2.9802,2.9819,873435.6
2025-07-16T13:57:00.000000Z,2.9819,2.9834,2.9768,2.9779,814325.8
2025-07-16T13:58:00.000000Z,2.9778,2.9818,2.9778,2.9811,502923.9
2025-07-16T13:59:00.000000Z,2.9811,2.9811,2.9785,2.9795,390813.1
2025-07-16T14:00:00.000000Z,2.9795,2.9823,2.9791,2.9801,686812.6
2025-07-16T14:01:00.000000Z,2.98,2.9826,2.9797,2.9823,651231.7
2025-07-16T14:02:00.000000Z,2.9824,2.9857,2.9821,2.9837,1074182.6
2025-07-16T14:03:00.000000Z,2.9837,2.9843,2.9818,2.9819,267611.7
2025-07-16T14:04:00.000000Z,2.9819,2.9828,2.9794,2.9822,642480.2
2025-07-16T14:05:00.000000Z,2.9822,2.9823,2.9789,2.979,446695.8
2025-07-16T14:06:00.000000Z,2.9791,2.9842,2.9772,2.9832,925745.2
2025-07-16T14:07:00.000000Z,2.983,2.9842,2.974,2.9743,1354400.0
2025-07-16T14:08:00.000000Z,2.9743,2.9765,2.9726,2.9726,667869.4
2025-07-16T14:09:00.000000Z,2.9726,2.976,2.9709,2.9743,1302769.1
2025-07-16T14:10:00.000000Z,2.9744,2.9747,2.9687,2.9726,1755408.6
2025-07-16T14:11:00.000000Z,2.9727,2.9728,2.9677,2.9697,1062589.2
2025-07-16T14:12:00.000000Z,2.9698,2.9698,2.9656,2.9676,1865384.6
2025-07-16T14:13:00.000000Z,2.9676,2.9687,2.9633,2.9633,1096326.2
2025-07-16T14:14:00.000000Z,2.9634,2.9649,2.961,2.9614,1342934.2
2025-07-16T14:15:00.000000Z,2.9614,2.964,2.9592,2.964,1630138.9
2025-07-16T14:16:00.000000Z,2.964,2.964,2.9554,2.9556,2012301.3
2025-07-16T14:17:00.000000Z,2.9556,2.959,2.9546,2.9579,2003103.1
2025-07-16T14:18:00.000000Z,2.9579,2.9636,2.9572,2.9634,849888.3
2025-07-16T14:19:00.000000Z,2.9634,2.9634,2.9598,2.9602,752530.3
2025-07-16T14:20:00.000000Z,2.9602,2.9616,2.9581,2.9608,991953.2
2025-07-16T14:21:00.000000Z,2.9608,2.9623,2.9585,2.9604,626973.3
2025-07-16T14:22:00.000000Z,2.9604,2.9622,2.9576,2.9587,534281.5
2025-07-16T14:23:00.000000Z,2.9587,2.9607,2.9553,2.9564,820275.1
2025-07-16T14:24:00.000000Z,2.9565,2.9609,2.9565,2.9603,367651.7
2025-07-16T14:25:00.000000Z,2.9603,2.9646,2.9584,2.9605,745409.5
2025-07-16T14:26:00.000000Z,2.9606,2.9614,2.9562,2.9595,589918.1
2025-07-16T14:27:00.000000Z,2.9595,2.9638,2.9591,2.9629,430583.3
2025-07-16T14:28:00.000000Z,2.9628,2.965,2.9609,2.965,398618.5
2025-07-16T14:29:00.000000Z,2.965,2.9668,2.9641,2.9666,670720.1
2025-07-16T14:30:00.000000Z,2.9665,2.972,2.9653,2.9718,1978867.4
2025-07-16T14:31:00.000000Z,2.9718,2.9729,2.9683,2.9689,1498624.7
2025-07-16T14:32:00.000000Z,2.9689,2.9726,2.9685,2.9716,879679.7
2025-07-16T14:33:00.000000Z,2.9715,2.98,2.9703,2.978,4375340.9
2025-07-16T14:34:00.000000Z,2.9781,2.9787,2.9734,2.9754,2638706.6
2025-07-16T14:35:00.000000Z,2.9754,2.9759,2.9679,2.9693,1569532.2
2025-07-16T14:36:00.000000Z,2.9693,2.9695,2.9626,2.9659,2915459.0
2025-07-16T14:37:00.000000Z,2.9659,2.9685,2.9636,2.9648,466025.4
2025-07-16T14:38:00.000000Z,2.9648,2.9658,2.9571,2.9615,1196488.5
2025-07-16T14:39:00.000000Z,2.9614,2.9634,2.9603,2.9625,613247.5
2025-07-16T14:40:00.000000Z,2.9625,2.967,2.9623,2.965,561865.3
2025-07-16T14:41:00.000000Z,2.965,2.9668,2.963,2.9657,641824.9
2025-07-16T14:42:00.000000Z,2.9657,2.97,2.9656,2.966,2130888.9
2025-07-16T14:43:00.000000Z,2.9659,2.9718,2.9659,2.9718,614339.6
2025-07-16T14:44:00.000000Z,2.9718,2.9762,2.9711,2.9754,855053.8
2025-07-16T14:45:00.000000Z,2.9753,2.9789,2.9735,2.9789,934989.1
2025-07-16T14:46:00.000000Z,2.9788,2.984,2.9755,2.9839,2534273.8
2025-07-16T14:47:00.000000Z,2.9838,2.985,2.9801,2.9835,2293917.2
2025-07-16T14:48:00.000000Z,2.9835,2.9935,2.9835,2.9926,4860083.2
2025-07-16T14:49:00.000000Z,2.9925,2.9926,2.9883,2.991,1862246.3
2025-07-16T14:50:00.000000Z,2.9909,2.9909,2.988,2.9908,1351239.2
2025-07-16T14:51:00.000000Z,2.9908,2.9918,2.9887,2.9898,893016.3
2025-07-16T14:52:00.000000Z,2.9898,2.9915,2.9882,2.9898,741837.1
2025-07-16T14:53:00.000000Z,2.9898,2.992,2.9887,2.9906,667238.1
2025-07-16T14:54:00.000000Z,2.9907,2.9907,2.9812,2.987,2366648.5
2025-07-16T14:55:00.000000Z,2.9869,2.9897,2.9834,2.988,1679187.9
2025-07-16T14:56:00.000000Z,2.9879,2.9954,2.9875,2.9953,1434938.1
2025-07-16T14:57:00.000000Z,2.9953,2.9959,2.9907,2.9913,1783539.8
2025-07-16T14:58:00.000000Z,2.9912,2.9913,2.9866,2.9886,862926.5
2025-07-16T14:59:00.000000Z,2.9887,2.9916,2.988,2.9911,945605.4
2025-07-16T15:00:00.000000Z,2.991,2.992,2.9896,2.9902,735916.3
2025-07-16T15:01:00.000000Z,2.9901,2.9941,2.9901,2.9929,663441.5
2025-07-16T15:02:00.000000Z,2.993,3.0015,2.9915,2.9989,5396726.3
2025-07-16T15:03:00.000000Z,2.999,3.0065,2.9975,2.9986,4416196.7
2025-07-16T15:04:00.000000Z,2.9986,3.0063,2.9985,3.0047,2414978.9
2025-07-16T15:05:00.000000Z,3.0047,3.0067,3.0,3.0039,2284288.2
2025-07-16T15:06:00.000000Z,3.0038,3.0082,3.0024,3.0073,1747721.1
2025-07-16T15:07:00.000000Z,3.0073,3.0076,3.0015,3.0035,2775283.0
2025-07-16T15:08:00.000000Z,3.0034,3.0067,3.0021,3.0039,2098561.5
2025-07-16T15:09:00.000000Z,3.0038,3.0048,2.9976,2.9978,1616638.7
2025-07-16T15:10:00.000000Z,2.9979,2.9998,2.9927,2.9934,2453023.3
2025-07-16T15:11:00.000000Z,2.9933,2.9933,2.9815,2.9837,4139607.5
2025-07-16T15:12:00.000000Z,2.9837,2.984,2.9795,2.9801,2979118.7
2025-07-16T15:13:00.000000Z,2.9801,2.9823,2.9782,2.9794,1820983.3
2025-07-16T15:14:00.000000Z,2.9794,2.9837,2.9769,2.9821,1700414.7
2025-07-16T15:15:00.000000Z,2.982,2.9834,2.9794,2.9813,2585109.8
2025-07-16T15:16:00.000000Z,2.9813,2.9854,2.9772,2.9841,2466693.1
2025-07-16T15:17:00.000000Z,2.984,2.984,2.975,2.9771,2370689.8
2025-07-16T15:18:00.000000Z,2.9772,2.9799,2.9722,2.9769,2109682.8
2025-07-16T15:19:00.000000Z,2.9769,2.9778,2.972,2.9755,1790237.7
2025-07-16T15:20:00.000000Z,2.9755,2.9779,2.9685,2.9768,2544299.4
2025-07-16T15:21:00.000000Z,2.9768,2.9768,2.9683,2.9684,1509090.7
2025-07-16T15:22:00.000000Z,2.9683,2.973,2.9665,2.9698,2629699.6
2025-07-16T15:23:00.000000Z,2.9698,2.9774,2.9697,2.9733,1066844.7
2025-07-16T15:24:00.000000Z,2.9733,2.9747,2.9701,2.9744,1203027.3
2025-07-16T15:25:00.000000Z,2.9743,2.977,2.9716,2.9732,1445286.6
2025-07-16T15:26:00.000000Z,2.9732,2.9777,2.9732,2.9758,1175143.3
2025-07-16T15:27:00.000000Z,2.9758,2.9819,2.9758,2.9804,1235011.0
2025-07-16T15:28:00.000000Z,2.9804,2.9858,2.9804,2.9858,1082411.8
2025-07-16T15:29:00.000000Z,2.9856,2.9874,2.9839,2.9845,1084669.2
2025-07-16T15:30:00.000000Z,2.9846,2.9852,2.9779,2.9802,1589119.7
2025-07-16T15:31:00.000000Z,2.9801,2.9801,2.9742,2.9792,1241704.9
2025-07-16T15:32:00.000000Z,2.9793,2.9816,2.9767,2.977,500869.9
2025-07-16T15:33:00.000000Z,2.9769,2.9769,2.9732,2.9761,1191444.5
2025-07-16T15:34:00.000000Z,2.9761,2.98,2.9754,2.9757,510272.5
2025-07-16T15:35:00.000000Z,2.9757,2.9757,2.9694,2.9703,1191566.9
2025-07-16T15:36:00.000000Z,2.9702,2.9713,2.959,2.9606,3377117.8
2025-07-16T15:37:00.000000Z,2.9606,2.9632,2.9573,2.9607,3050149.7
2025-07-16T15:38:00.000000Z,2.9606,2.967,2.954,2.9666,3119835.2
2025-07-16T15:39:00.000000Z,2.9666,2.9666,2.9609,2.9637,992142.0
2025-07-16T15:40:00.000000Z,2.9636,2.9705,2.9617,2.9684,1148326.8
2025-07-16T15:41:00.000000Z,2.9684,2.9718,2.968,2.9682,674693.9
2025-07-16T15:42:00.000000Z,2.9682,2.9717,2.9678,2.969,568426.9
2025-07-16T15:43:00.000000Z,2.9689,2.9718,2.9689,2.9702,509463.4
2025-07-16T15:44:00.000000Z,2.9702,2.971,2.9683,2.9709,761616.1
2025-07-16T15:45:00.000000Z,2.971,2.9733,2.9676,2.9696,568154.0
2025-07-16T15:46:00.000000Z,2.9696,2.9705,2.9672,2.968,596043.2
2025-07-16T15:47:00.000000Z,2.968,2.9702,2.9673,2.9694,488101.7
2025-07-16T15:48:00.000000Z,2.9694,2.97,2.9665,2.9687,415368.1
2025-07-16T15:49:00.000000Z,2.9686,2.9744,2.968,2.974,448939.3
2025-07-16T15:50:00.000000Z,2.9739,2.9773,2.973,2.973,676625.6
2025-07-16T15:51:00.000000Z,2.9731,2.9744,2.9714,2.9736,322348.5
2025-07-16T15:52:00.000000Z,2.9736,2.9736,2.9676,2.9695,601388.5
2025-07-16T15:53:00.000000Z,2.9694,2.9742,2.9687,2.9739,262870.1
2025-07-16T15:54:00.000000Z,2.9741,2.9747,2.9713,2.9733,358131.0
2025-07-16T15:55:00.000000Z,2.9733,2.9793,2.9725,2.9727,1367346.6
2025-07-16T15:56:00.000000Z,2.9727,2.9773,2.9713,2.9736,817732.1
2025-07-16T15:57:00.000000Z,2.9735,2.9771,2.97,2.9707,929470.4
2025-07-16T15:58:00.000000Z,2.9707,2.9764,2.97,2.9745,638975.8
2025-07-16T15:59:00.000000Z,2.9745,2.9773,2.9732,2.9769,380933.2
2025-07-16T16:00:00.000000Z,2.977,2.9842,2.9764,2.981,1115195.4
2025-07-16T16:01:00.000000Z,2.981,2.9846,2.9801,2.9834,708639.6
2025-07-16T16:02:00.000000Z,2.9833,2.9861,2.9805,2.986,1053491.3
2025-07-16T16:03:00.000000Z,2.986,2.9878,2.9845,2.9852,1084583.0
2025-07-16T16:04:00.000000Z,2.9853,2.9867,2.9757,2.976,1393773.1
2025-07-16T16:05:00.000000Z,2.9761,2.9795,2.9738,2.9776,1365448.0
2025-07-16T16:06:00.000000Z,2.9777,2.9836,2.9754,2.9836,491954.2
2025-07-16T16:07:00.000000Z,2.9836,2.984,2.9715,2.9729,1286039.0
2025-07-16T16:08:00.000000Z,2.9729,2.9737,2.97,2.9703,575903.7
2025-07-16T16:09:00.000000Z,2.9703,2.9733,2.9687,2.971,649297.0
2025-07-16T16:10:00.000000Z,2.971,2.9737,2.968,2.9689,694072.8
2025-07-16T16:11:00.000000Z,2.969,2.9795,2.9684,2.979,752430.8
2025-07-16T16:12:00.000000Z,2.979,2.98,2.9765,2.9789,526587.9
2025-07-16T16:13:00.000000Z,2.979,2.982,2.9789,2.9795,545090.5
2025-07-16T16:14:00.000000Z,2.9795,2.9807,2.9781,2.9806,389697.9
2025-07-16T16:15:00.000000Z,2.9806,2.9824,2.9779,2.9799,841573.3
2025-07-16T16:16:00.000000Z,2.98,2.982,2.9783,2.9814,727659.1
2025-07-16T16:17:00.000000Z,2.9813,2.9845,2.9805,2.984,763763.2
2025-07-16T16:18:00.000000Z,2.984,2.9861,2.9827,2.9847,1123132.8
2025-07-16T16:19:00.000000Z,2.9847,2.9933,2.9847,2.9932,2605734.2
2025-07-16T16:20:00.000000Z,2.9933,2.9961,2.9909,2.9954,1869548.0
2025-07-16T16:21:00.000000Z,2.9955,2.9962,2.9916,2.9944,1428837.4
2025-07-16T16:22:00.000000Z,2.9943,2.995,2.9916,2.9947,1196579.5
2025-07-16T16:23:00.000000Z,2.9946,2.995,2.9902,2.9907,971656.3
2025-07-16T16:24:00.000000Z,2.9907,2.9913,2.9891,2.9905,810009.2
2025-07-16T16:25:00.000000Z,2.9906,2.9935,2.9891,2.9911,630037.0
2025-07-16T16:26:00.000000Z,2.991,2.9917,2.9866,2.9897,809826.0
2025-07-16T16:27:00.000000Z,2.9898,2.9934,2.9898,2.9933,524369.5
2025-07-16T16:28:00.000000Z,2.9933,2.9964,2.9921,2.9964,1214242.7
2025-07-16T16:29:00.000000Z,2.9963,2.9991,2.9947,2.997,950885.2
2025-07-16T16:30:00.000000Z,2.9971,3.0006,2.9968,2.9999,1808639.8
2025-07-16T16:31:00.000000Z,2.9999,3.0042,2.9999,3.0039,1581683.9
2025-07-16T16:32:00.000000Z,3.0038,3.0054,2.9957,2.9964,1733591.1
2025-07-16T16:33:00.000000Z,2.9964,2.9989,2.9925,2.9937,1207300.9
2025-07-16T16:34:00.000000Z,2.9937,2.9942,2.9916,2.9916,719232.4
2025-07-16T16:35:00.000000Z,2.9915,2.9916,2.9862,2.9864,1277693.6
2025-07-16T16:36:00.000000Z,2.9864,2.9893,2.9851,2.9885,1224008.7
2025-07-16T16:37:00.000000Z,2.9885,2.9913,2.9863,2.9894,915792.1
2025-07-16T16:38:00.000000Z,2.9893,2.9929,2.989,2.9925,598801.5
2025-07-16T16:39:00.000000Z,2.9926,2.9986,2.9916,2.9957,797686.8
2025-07-16T16:40:00.000000Z,2.9958,2.9964,2.9936,2.9937,623559.8
2025-07-16T16:41:00.000000Z,2.9937,2.9955,2.9937,2.994,431679.9
2025-07-16T16:42:00.000000Z,2.9941,2.9941,2.9876,2.9906,1779657.6
2025-07-16T16:43:00.000000Z,2.9906,2.9918,2.989,2.9898,582134.7
2025-07-16T16:44:00.000000Z,2.9897,2.9901,2.9861,2.9861,597442.2
2025-07-16T16:45:00.000000Z,2.9862,2.9887,2.9854,2.9877,632437.7
2025-07-16T16:46:00.000000Z,2.9877,2.989,2.9854,2.9859,477829.1
2025-07-16T16:47:00.000000Z,2.9859,2.9865,2.9816,2.982,784952.8
2025-07-16T16:48:00.000000Z,2.9819,2.9865,2.9819,2.9857,1105897.5
2025-07-16T16:49:00.000000Z,2.9859,2.9859,2.9826,2.9827,873150.7
2025-07-16T16:50:00.000000Z,2.9828,2.9845,2.9825,2.9833,389236.9
2025-07-16T16:51:00.000000Z,2.9833,2.9854,2.9832,2.9833,304611.8
2025-07-16T16:52:00.000000Z,2.9834,2.9884,2.9832,2.9883,626863.5
2025-07-16T16:53:00.000000Z,2.9882,2.9885,2.9845,2.9849,307218.3
2025-07-16T16:54:00.000000Z,2.9849,2.9859,2.9839,2.9849,233771.6
2025-07-16T16:55:00.000000Z,2.9848,2.9872,2.9848,2.9867,544716.2
2025-07-16T16:56:00.000000Z,2.9867,2.989,2.9854,2.989,1095516.9
2025-07-16T16:57:00.000000Z,2.9889,2.9889,2.9864,2.9873,347743.1
2025-07-16T16:58:00.000000Z,2.9873,2.9922,2.9872,2.9917,467723.0
2025-07-16T16:59:00.000000Z,2.9917,2.9926,2.9901,2.9917,633823.2
2025-07-16T17:00:00.000000Z,2.9916,2.9922,2.9901,2.9907,645468.8
2025-07-16T17:01:00.000000Z,2.9906,2.9922,2.99,2.9921,460028.9
2025-07-16T17:02:00.000000Z,2.9922,2.996,2.9921,2.9955,541405.2
2025-07-16T17:03:00.000000Z,2.9956,2.9959,2.9909,2.9913,460272.3
2025-07-16T17:04:00.000000Z,2.9914,2.9918,2.988,2.989,542944.0
2025-07-16T17:05:00.000000Z,2.9889,2.9897,2.9878,2.9894,266257.6
2025-07-16T17:06:00.000000Z,2.9893,2.9919,2.989,2.9915,260550.8
2025-07-16T17:07:00.000000Z,2.9915,2.9926,2.9908,2.9908,374546.7
2025-07-16T17:08:00.000000Z,2.9909,2.9948,2.9909,2.9947,307506.6
2025-07-16T17:09:00.000000Z,2.9948,2.9986,2.9947,2.9973,539095.6
2025-07-16T17:10:00.000000Z,2.9974,2.9982,2.9957,2.9957,581678.1
2025-07-16T17:11:00.000000Z,2.9957,3.0006,2.9948,2.9994,2035950.6
2025-07-16T17:12:00.000000Z,2.9994,2.9994,2.995,2.9961,765231.9
2025-07-16T17:13:00.000000Z,2.9962,2.9996,2.9962,2.9993,361065.8
2025-07-16T17:14:00.000000Z,2.9993,3.0014,2.9981,3.0007,1085105.7
2025-07-16T17:15:00.000000Z,3.0007,3.002,2.9994,3.0007,1524131.9
2025-07-16T17:16:00.000000Z,3.0007,3.0015,2.9956,3.0003,1026307.3
2025-07-16T17:17:00.000000Z,3.0003,3.0036,2.9985,3.0031,855668.8
2025-07-16T17:18:00.000000Z,3.0032,3.0118,3.003,3.0111,5218521.1
2025-07-16T17:19:00.000000Z,3.0111,3.0151,3.0111,3.0136,3995393.7
2025-07-16T17:20:00.000000Z,3.0136,3.0209,3.0133,3.0197,5729215.2
2025-07-16T17:21:00.000000Z,3.0197,3.0233,3.0073,3.0104,4239959.2
2025-07-16T17:22:00.000000Z,3.0104,3.0235,3.0103,3.021,3131343.4
2025-07-16T17:23:00.000000Z,3.021,3.0312,3.0152,3.0288,5671026.3
2025-07-16T17:24:00.000000Z,3.0287,3.0349,3.0258,3.0347,4966854.1
2025-07-16T17:25:00.000000Z,3.0347,3.0494,3.0303,3.0451,8385629.2
2025-07-16T17:26:00.000000Z,3.0452,3.0494,3.0357,3.0399,4832996.6
2025-07-16T17:27:00.000000Z,3.0399,3.0427,3.0178,3.0211,6645680.3
2025-07-16T17:28:00.000000Z,3.0212,3.0269,3.0145,3.0251,3666409.1
2025-07-16T17:29:00.000000Z,3.0251,3.0304,3.0234,3.0279,2037560.9
2025-07-16T17:30:00.000000Z,3.0279,3.0318,3.0232,3.0257,1850112.1
2025-07-16T17:31:00.000000Z,3.0258,3.027,3.02,3.0204,1696226.9
2025-07-16T17:32:00.000000Z,3.0205,3.0232,3.0186,3.0205,1119485.9
2025-07-16T17:33:00.000000Z,3.0205,3.0222,3.017,3.0182,1283977.4
2025-07-16T17:34:00.000000Z,3.0181,3.0244,3.0158,3.0244,1216108.7
2025-07-16T17:35:00.000000Z,3.0244,3.03,3.0215,3.0294,1046576.6
2025-07-16T17:36:00.000000Z,3.0293,3.0303,3.0257,3.0279,1840507.0
2025-07-16T17:37:00.000000Z,3.0279,3.0297,3.0175,3.0199,1499307.8
2025-07-16T17:38:00.000000Z,3.02,3.0271,3.0181,3.0268,1091519.8
2025-07-16T17:39:00.000000Z,3.0269,3.0279,3.0237,3.0257,913589.4
2025-07-16T17:40:00.000000Z,3.0256,3.0288,3.024,3.0255,558348.5
2025-07-16T17:41:00.000000Z,3.0255,3.0263,3.0224,3.0261,540397.8
2025-07-16T17:42:00.000000Z,3.026,3.026,3.0222,3.0233,1235549.7
2025-07-16T17:43:00.000000Z,3.0233,3.0256,3.0222,3.0251,504050.0
2025-07-16T17:44:00.000000Z,3.0251,3.0285,3.025,3.0279,844992.7
2025-07-16T17:45:00.000000Z,3.0279,3.029,3.0258,3.0275,963860.3
2025-07-16T17:46:00.000000Z,3.0275,3.0305,3.0256,3.0283,1213718.1
2025-07-16T17:47:00.000000Z,3.0282,3.0411,3.0281,3.0396,3451269.1
2025-07-16T17:48:00.000000Z,3.0396,3.0412,3.0349,3.0367,2969037.8
2025-07-16T17:49:00.000000Z,3.0367,3.0424,3.035,3.0394,1347709.4
2025-07-16T17:50:00.000000Z,3.0394,3.0402,3.0327,3.0334,1216612.9
2025-07-16T17:51:00.000000Z,3.0334,3.0347,3.0292,3.0315,1204931.0
2025-07-16T17:52:00.000000Z,3.0315,3.0377,3.0315,3.036,1094959.0
2025-07-16T17:53:00.000000Z,3.0359,3.0381,3.0328,3.0332,995124.1
2025-07-16T17:54:00.000000Z,3.0332,3.035,3.0305,3.0314,853697.9
2025-07-16T17:55:00.000000Z,3.0314,3.0314,3.0236,3.0246,1729377.0
2025-07-16T17:56:00.000000Z,3.0246,3.0274,3.023,3.0262,832111.1
2025-07-16T17:57:00.000000Z,3.0264,3.0293,3.0262,3.0262,840516.6
2025-07-16T17:58:00.000000Z,3.0263,3.0272,3.0232,3.0241,942106.6
2025-07-16T17:59:00.000000Z,3.024,3.0257,3.0205,3.0247,1687670.3
2025-07-16T18:00:00.000000Z,3.0247,3.0309,3.0233,3.0247,937041.6
2025-07-16T18:01:00.000000Z,3.0248,3.025,3.0204,3.0226,772286.1
2025-07-16T18:02:00.000000Z,3.0225,3.0226,3.0185,3.0188,1445340.8
2025-07-16T18:03:00.000000Z,3.0188,3.0196,3.0133,3.0182,1848497.2
2025-07-16T18:04:00.000000Z,3.0182,3.0228,3.0151,3.0221,1102398.2
2025-07-16T18:05:00.000000Z,3.0221,3.0262,3.0196,3.026,963252.9
2025-07-16T18:06:00.000000Z,3.0259,3.032,3.0245,3.0305,1846926.7
2025-07-16T18:07:00.000000Z,3.0305,3.0346,3.0298,3.0327,1416805.9
2025-07-16T18:08:00.000000Z,3.0328,3.0353,3.0317,3.0338,827691.4
2025-07-16T18:09:00.000000Z,3.0338,3.035,3.0308,3.0338,977687.8
2025-07-16T18:10:00.000000Z,3.0339,3.0339,3.0276,3.0289,1489314.3
2025-07-16T18:11:00.000000Z,3.0289,3.0289,3.0231,3.0238,1202731.6
2025-07-16T18:12:00.000000Z,3.0237,3.0281,3.0235,3.0256,1148817.5
2025-07-16T18:13:00.000000Z,3.0255,3.0281,3.0243,3.026,510967.5
2025-07-16T18:14:00.000000Z,3.0261,3.032,3.0244,3.0296,829366.6
2025-07-16T18:15:00.000000Z,3.0297,3.0347,3.0274,3.0315,887634.5
2025-07-16T18:16:00.000000Z,3.0315,3.038,3.0315,3.0346,899664.8
2025-07-16T18:17:00.000000Z,3.0346,3.0346,3.0277,3.0299,568174.0
2025-07-16T18:18:00.000000Z,3.03,3.0312,3.0251,3.0258,601186.1
2025-07-16T18:19:00.000000Z,3.0259,3.0277,3.0244,3.0244,519225.0
2025-07-16T18:20:00.000000Z,3.0245,3.0307,3.0232,3.0306,952667.9
2025-07-16T18:21:00.000000Z,3.0307,3.0376,3.0295,3.0376,1153969.7
2025-07-16T18:22:00.000000Z,3.0377,3.0465,3.0376,3.0433,2969370.9
2025-07-16T18:23:00.000000Z,3.0433,3.0445,3.0385,3.041,887954.5
2025-07-16T18:24:00.000000Z,3.041,3.041,3.0373,3.0379,955826.7
2025-07-16T18:25:00.000000Z,3.0379,3.0412,3.0352,3.0396,566416.7
2025-07-16T18:26:00.000000Z,3.0396,3.0471,3.0384,3.0442,1239507.8
2025-07-16T18:27:00.000000Z,3.0442,3.0488,3.0436,3.0444,1808143.9
2025-07-16T18:28:00.000000Z,3.0444,3.0471,3.0442,3.0451,792717.3
2025-07-16T18:29:00.000000Z,3.0452,3.0498,3.0439,3.0442,1193242.9
2025-07-16T18:30:00.000000Z,3.0442,3.0602,3.0441,3.0594,5999423.0
2025-07-16T18:31:00.000000Z,3.0593,3.0714,3.0577,3.0587,7534100.8
2025-07-16T18:32:00.000000Z,3.0587,3.0628,3.0547,3.0628,1960760.0
2025-07-16T18:33:00.000000Z,3.0628,3.0662,3.0567,3.0662,2081033.5
2025-07-16T18:34:00.000000Z,3.0662,3.0795,3.065,3.0732,5507195.1
2025-07-16T18:35:00.000000Z,3.0732,3.0735,3.0632,3.0644,2672311.3
2025-07-16T18:36:00.000000Z,3.0645,3.0664,3.0585,3.0602,2007614.2
2025-07-16T18:37:00.000000Z,3.0602,3.0664,3.0591,3.0646,992732.8
2025-07-16T18:38:00.000000Z,3.0646,3.0699,3.0613,3.0683,1643110.6
2025-07-16T18:39:00.000000Z,3.0684,3.0719,3.068,3.068,1608543.6
2025-07-16T18:40:00.000000Z,3.068,3.0718,3.0657,3.0699,1560140.2
2025-07-16T18:41:00.000000Z,3.07,3.0725,3.0677,3.072,1349597.2
2025-07-16T18:42:00.000000Z,3.072,3.0742,3.068,3.0697,1262642.1
2025-07-16T18:43:00.000000Z,3.0698,3.0706,3.0636,3.0665,1445796.8
2025-07-16T18:44:00.000000Z,3.0665,3.068,3.0636,3.0679,1023702.9
2025-07-16T18:45:00.000000Z,3.068,3.07,3.0627,3.0694,1277763.0
2025-07-16T18:46:00.000000Z,3.0694,3.0716,3.0635,3.0652,1024626.1
2025-07-16T18:47:00.000000Z,3.0652,3.0667,3.0605,3.0631,1149344.9
2025-07-16T18:48:00.000000Z,3.0631,3.0631,3.0542,3.059,1798247.5
2025-07-16T18:49:00.000000Z,3.059,3.0611,3.0515,3.0566,3335477.5
2025-07-16T18:50:00.000000Z,3.0564,3.0564,3.0417,3.0456,5703570.5
2025-07-16T18:51:00.000000Z,3.0457,3.0458,3.0356,3.0363,4345921.6
2025-07-16T18:52:00.000000Z,3.0364,3.0475,3.0362,3.047,3555919.0
2025-07-16T18:53:00.000000Z,3.047,3.0481,3.0409,3.0419,1038021.0
2025-07-16T18:54:00.000000Z,3.042,3.0498,3.0413,3.0492,1090339.0
2025-07-16T18:55:00.000000Z,3.0492,3.0494,3.0456,3.0482,615608.8
2025-07-16T18:56:00.000000Z,3.0482,3.0503,3.0448,3.0498,814073.9
2025-07-16T18:57:00.000000Z,3.0498,3.0537,3.0474,3.0536,1151813.3
2025-07-16T18:58:00.000000Z,3.0536,3.0565,3.0494,3.0496,810775.5
2025-07-16T18:59:00.000000Z,3.0496,3.0558,3.0496,3.0536,821898.5
2025-07-16T19:00:00.000000Z,3.0536,3.058,3.0524,3.0555,1263063.1
2025-07-16T19:01:00.000000Z,3.0555,3.0623,3.0545,3.0613,1214905.8
2025-07-16T19:02:00.000000Z,3.0614,3.0637,3.0557,3.0559,1377710.4
2025-07-16T19:03:00.000000Z,3.0558,3.0558,3.0424,3.0459,1588546.0
2025-07-16T19:04:00.000000Z,3.0458,3.0489,3.0435,3.0458,967185.5
2025-07-16T19:05:00.000000Z,3.0459,3.0511,3.0434,3.0511,721769.4
2025-07-16T19:06:00.000000Z,3.0511,3.0511,3.0448,3.0494,547550.6
2025-07-16T19:07:00.000000Z,3.0494,3.05,3.0444,3.0483,497764.9
2025-07-16T19:08:00.000000Z,3.0484,3.0554,3.0479,3.0502,841361.9
2025-07-16T19:09:00.000000Z,3.0502,3.0522,3.045,3.0521,551849.7
2025-07-16T19:10:00.000000Z,3.0522,3.0522,3.0438,3.0438,752330.9
2025-07-16T19:11:00.000000Z,3.0438,3.0491,3.0438,3.0439,623225.8
2025-07-16T19:12:00.000000Z,3.0439,3.0439,3.0375,3.0417,1265759.9
2025-07-16T19:13:00.000000Z,3.0417,3.0452,3.0373,3.0397,1701886.1
2025-07-16T19:14:00.000000Z,3.0396,3.0444,3.0396,3.0438,602677.2
2025-07-16T19:15:00.000000Z,3.0438,3.0486,3.0425,3.0484,772513.1
2025-07-16T19:16:00.000000Z,3.0483,3.0533,3.0473,3.0477,1008012.2
2025-07-16T19:17:00.000000Z,3.0477,3.053,3.0466,3.05,702439.2
2025-07-16T19:18:00.000000Z,3.0499,3.0526,3.0465,3.0516,474280.4
2025-07-16T19:19:00.000000Z,3.0517,3.053,3.0491,3.0522,348833.2
2025-07-16T19:20:00.000000Z,3.0522,3.0539,3.0504,3.0538,601970.4
2025-07-16T19:21:00.000000Z,3.0538,3.0545,3.0459,3.0459,814838.6
2025-07-16T19:22:00.000000Z,3.0459,3.0525,3.0456,3.0525,1002903.3
2025-07-16T19:23:00.000000Z,3.0525,3.0539,3.0502,3.0526,781321.7
2025-07-16T19:24:00.000000Z,3.0526,3.055,3.0513,3.054,993995.8
2025-07-16T19:25:00.000000Z,3.054,3.057,3.0526,3.0562,938031.4
2025-07-16T19:26:00.000000Z,3.0563,3.0638,3.0562,3.0628,1749351.8
2025-07-16T19:27:00.000000Z,3.0627,3.0636,3.0583,3.0608,687065.5
2025-07-16T19:28:00.000000Z,3.0608,3.0611,3.0581,3.0589,728378.8
2025-07-16T19:29:00.000000Z,3.0588,3.0635,3.0585,3.0594,1161957.1
2025-07-16T19:30:00.000000Z,3.0595,3.0595,3.0443,3.0443,2295458.5
2025-07-16T19:31:00.000000Z,3.0444,3.0465,3.0424,3.0452,1047635.2
2025-07-16T19:32:00.000000Z,3.0453,3.0462,3.0407,3.0408,943139.2
2025-07-16T19:33:00.000000Z,3.0407,3.044,3.0378,3.0405,1177017.3
2025-07-16T19:34:00.000000Z,3.0404,3.0412,3.0358,3.0397,1035788.1
2025-07-16T19:35:00.000000Z,3.0398,3.0398,3.034,3.0362,1091036.3
2025-07-16T19:36:00.000000Z,3.0361,3.0383,3.035,3.0383,717926.7
2025-07-16T19:37:00.000000Z,3.0384,3.0448,3.0384,3.0432,858596.2
2025-07-16T19:38:00.000000Z,3.0432,3.0464,3.0409,3.0463,583511.3
2025-07-16T19:39:00.000000Z,3.0464,3.0464,3.041,3.0431,539504.0
2025-07-16T19:40:00.000000Z,3.0432,3.0469,3.04,3.0469,787773.5
2025-07-16T19:41:00.000000Z,3.0469,3.0479,3.0442,3.0476,570431.4
2025-07-16T19:42:00.000000Z,3.0475,3.0479,3.0454,3.0457,448605.2
2025-07-16T19:43:00.000000Z,3.0458,3.0469,3.0432,3.0446,756518.8
2025-07-16T19:44:00.000000Z,3.0446,3.0488,3.0439,3.0467,381369.2
2025-07-16T19:45:00.000000Z,3.0466,3.0474,3.0422,3.0472,342134.6
2025-07-16T19:46:00.000000Z,3.0472,3.0486,3.0385,3.0385,555519.8
2025-07-16T19:47:00.000000Z,3.0385,3.0466,3.0375,3.0462,848546.1
2025-07-16T19:48:00.000000Z,3.0465,3.048,3.0425,3.046,954033.5
2025-07-16T19:49:00.000000Z,3.046,3.046,3.0416,3.0432,340192.0
2025-07-16T19:50:00.000000Z,3.0432,3.0432,3.0366,3.0369,769148.5
2025-07-16T19:51:00.000000Z,3.037,3.0412,3.0366,3.0407,360651.5
2025-07-16T19:52:00.000000Z,3.0407,3.0411,3.0365,3.038,524848.1
2025-07-16T19:53:00.000000Z,3.038,3.0441,3.038,3.0401,288587.8
2025-07-16T19:54:00.000000Z,3.0401,3.0443,3.0397,3.041,518953.5
2025-07-16T19:55:00.000000Z,3.041,3.0433,3.0379,3.0433,1618198.4
2025-07-16T19:56:00.000000Z,3.0432,3.05,3.0414,3.0482,880551.4
2025-07-16T19:57:00.000000Z,3.0482,3.0496,3.0455,3.0475,775970.3
2025-07-16T19:58:00.000000Z,3.0475,3.0533,3.0472,3.0505,799587.6
2025-07-16T19:59:00.000000Z,3.0505,3.0641,3.05,3.0599,2678692.9
2025-07-16T20:00:00.000000Z,3.0599,3.0625,3.0563,3.0603,1344743.3
2025-07-16T20:01:00.000000Z,3.0603,3.0609,3.0519,3.052,896224.3
2025-07-16T20:02:00.000000Z,3.052,3.0614,3.0514,3.0607,581040.2
2025-07-16T20:03:00.000000Z,3.0608,3.065,3.057,3.0585,880011.4
2025-07-16T20:04:00.000000Z,3.0586,3.0613,3.0556,3.0612,443139.5
2025-07-16T20:05:00.000000Z,3.0612,3.0667,3.0591,3.0643,1191996.6
2025-07-16T20:06:00.000000Z,3.0643,3.068,3.0626,3.0658,840065.2
2025-07-16T20:07:00.000000Z,3.0659,3.0678,3.0608,3.0653,803468.3
2025-07-16T20:08:00.000000Z,3.0652,3.0671,3.0632,3.0649,448108.7
2025-07-16T20:09:00.000000Z,3.065,3.0663,3.0583,3.0635,583767.5
2025-07-16T20:10:00.000000Z,3.0634,3.0641,3.0588,3.0593,395812.5
2025-07-16T20:11:00.000000Z,3.0592,3.0613,3.055,3.0558,582861.2
2025-07-16T20:12:00.000000Z,3.0559,3.0618,3.0559,3.0614,577697.9
2025-07-16T20:13:00.000000Z,3.0613,3.0619,3.0576,3.06,334290.4
2025-07-16T20:14:00.000000Z,3.0601,3.0639,3.0598,3.0633,547976.9
2025-07-16T20:15:00.000000Z,3.0633,3.0669,3.062,3.0651,513390.0
2025-07-16T20:16:00.000000Z,3.0651,3.0698,3.0646,3.0695,815836.4
2025-07-16T20:17:00.000000Z,3.0696,3.0754,3.0668,3.0731,1610154.8
2025-07-16T20:18:00.000000Z,3.0731,3.0774,3.0728,3.074,1620684.8
2025-07-16T20:19:00.000000Z,3.0741,3.0741,3.0682,3.0711,659630.4
2025-07-16T20:20:00.000000Z,3.0711,3.0772,3.0703,3.0771,539693.0
2025-07-16T20:21:00.000000Z,3.0771,3.0779,3.074,3.075,879795.5
2025-07-16T20:22:00.000000Z,3.0751,3.078,3.0714,3.0748,844300.4
2025-07-16T20:23:00.000000Z,3.0748,3.0822,3.0748,3.0814,1958744.5
2025-07-16T20:24:00.000000Z,3.0813,3.0834,3.079,3.0813,1531650.0
2025-07-16T20:25:00.000000Z,3.0814,3.085,3.0785,3.0843,1091316.8
2025-07-16T20:26:00.000000Z,3.0844,3.091,3.0839,3.0861,2334805.7
2025-07-16T20:27:00.000000Z,3.0861,3.0914,3.0823,3.0898,1755900.9
2025-07-16T20:28:00.000000Z,3.0899,3.0937,3.0888,3.093,1740956.7
2025-07-16T20:29:00.000000Z,3.093,3.099,3.0916,3.0983,3624445.5
2025-07-16T20:30:00.000000Z,3.0982,3.0995,3.0842,3.0851,2649654.1
2025-07-16T20:31:00.000000Z,3.0852,3.0874,3.0805,3.0873,1670552.9
2025-07-16T20:32:00.000000Z,3.0874,3.0951,3.0856,3.092,1352711.5
2025-07-16T20:33:00.000000Z,3.0924,3.0951,3.0873,3.0942,1162476.6
2025-07-16T20:34:00.000000Z,3.0944,3.0951,3.09,3.094,941383.5
2025-07-16T20:35:00.000000Z,3.0941,3.0968,3.0923,3.0946,705180.5
2025-07-16T20:36:00.000000Z,3.0946,3.096,3.0881,3.0905,1193756.5
2025-07-16T20:37:00.000000Z,3.0906,3.0991,3.0906,3.0925,2226823.5
2025-07-16T20:38:00.000000Z,3.0926,3.1016,3.0903,3.0994,1527634.1
2025-07-16T20:39:00.000000Z,3.0995,3.1024,3.0951,3.0951,3176269.1
2025-07-16T20:40:00.000000Z,3.095,3.0966,3.0813,3.082,2205859.6
2025-07-16T20:41:00.000000Z,3.082,3.0849,3.0747,3.0758,2241292.6
2025-07-16T20:42:00.000000Z,3.0758,3.0828,3.0758,3.0817,1824983.0
2025-07-16T20:43:00.000000Z,3.0818,3.0833,3.0754,3.076,830282.0
2025-07-16T20:44:00.000000Z,3.076,3.0785,3.0759,3.0784,924186.8
2025-07-16T20:45:00.000000Z,3.0785,3.0801,3.0727,3.0761,1122259.5
2025-07-16T20:46:00.000000Z,3.0761,3.0761,3.0619,3.0682,4279850.6
2025-07-16T20:47:00.000000Z,3.0681,3.0713,3.0666,3.0691,973174.0
2025-07-16T20:48:00.000000Z,3.0691,3.075,3.0684,3.0737,859217.3
2025-07-16T20:49:00.000000Z,3.0737,3.0756,3.0638,3.0671,977852.2
2025-07-16T20:50:00.000000Z,3.067,3.0675,3.0612,3.0625,842342.4
2025-07-16T20:51:00.000000Z,3.0625,3.0656,3.0614,3.0643,575943.4
2025-07-16T20:52:00.000000Z,3.0644,3.065,3.06,3.0611,924087.4
2025-07-16T20:53:00.000000Z,3.0611,3.0623,3.0592,3.0593,809080.8
2025-07-16T20:54:00.000000Z,3.0594,3.0594,3.0444,3.0452,4835391.7
2025-07-16T20:55:00.000000Z,3.0452,3.0542,3.0437,3.052,2708378.5
2025-07-16T20:56:00.000000Z,3.0519,3.0576,3.051,3.0521,1347431.6
2025-07-16T20:57:00.000000Z,3.0521,3.0576,3.0501,3.0571,598175.0
2025-07-16T20:58:00.000000Z,3.0571,3.0624,3.0551,3.062,1559040.1
2025-07-16T20:59:00.000000Z,3.0621,3.0634,3.0597,3.0631,1318668.4
2025-07-16T21:00:00.000000Z,3.0632,3.0647,3.0559,3.0564,1452605.2
2025-07-16T21:01:00.000000Z,3.0564,3.0647,3.0564,3.0616,878907.6
2025-07-16T21:02:00.000000Z,3.0617,3.0631,3.0587,3.0606,526303.7
2025-07-16T21:03:00.000000Z,3.0606,3.0625,3.0565,3.0574,677171.3
2025-07-16T21:04:00.000000Z,3.0573,3.0601,3.0547,3.0565,560033.2
2025-07-16T21:05:00.000000Z,3.0566,3.059,3.0542,3.0577,485669.8
2025-07-16T21:06:00.000000Z,3.0577,3.0622,3.057,3.0598,415928.6
2025-07-16T21:07:00.000000Z,3.0599,3.0599,3.0544,3.0577,577333.1
2025-07-16T21:08:00.000000Z,3.0578,3.0618,3.0564,3.0606,499712.5
2025-07-16T21:09:00.000000Z,3.0606,3.0662,3.0574,3.0652,1148634.2
2025-07-16T21:10:00.000000Z,3.0652,3.0693,3.0646,3.0691,926718.2
2025-07-16T21:11:00.000000Z,3.0691,3.0723,3.0678,3.0722,1005031.7
2025-07-16T21:12:00.000000Z,3.0723,3.0777,3.0716,3.0777,842954.6
2025-07-16T21:13:00.000000Z,3.0777,3.0789,3.0738,3.0774,922490.7
2025-07-16T21:14:00.000000Z,3.0775,3.0841,3.074,3.074,2294517.8
2025-07-16T21:15:00.000000Z,3.074,3.0755,3.0678,3.0724,859087.4
2025-07-16T21:16:00.000000Z,3.0724,3.0725,3.0687,3.0706,525496.7
2025-07-16T21:17:00.000000Z,3.0706,3.0776,3.07,3.0749,913902.1
2025-07-16T21:18:00.000000Z,3.0749,3.0785,3.0737,3.077,563406.7
2025-07-16T21:19:00.000000Z,3.0771,3.0832,3.0771,3.083,568679.5
2025-07-16T21:20:00.000000Z,3.0831,3.0866,3.0815,3.0841,1063468.4
2025-07-16T21:21:00.000000Z,3.0842,3.0871,3.0797,3.084,1406401.6
2025-07-16T21:22:00.000000Z,3.084,3.0845,3.0806,3.0827,787512.1
2025-07-16T21:23:00.000000Z,3.0828,3.0924,3.078,3.0916,3012111.3
2025-07-16T21:24:00.000000Z,3.0916,3.0918,3.0859,3.0908,1473268.2
2025-07-16T21:25:00.000000Z,3.0909,3.0947,3.0901,3.0937,1316227.5
2025-07-16T21:26:00.000000Z,3.0938,3.0949,3.089,3.089,1349242.7
2025-07-16T21:27:00.000000Z,3.0891,3.0917,3.082,3.0837,1303950.3
2025-07-16T21:28:00.000000Z,3.0837,3.0857,3.0808,3.0829,681893.0
2025-07-16T21:29:00.000000Z,3.0829,3.0865,3.0828,3.0849,550591.8
2025-07-16T21:30:00.000000Z,3.0849,3.0849,3.0773,3.0806,1315127.4
2025-07-16T21:31:00.000000Z,3.0806,3.0828,3.0774,3.0779,482755.1
2025-07-16T21:32:00.000000Z,3.0779,3.0887,3.0779,3.0822,1181748.5
2025-07-16T21:33:00.000000Z,3.0824,3.0827,3.0764,3.0777,775701.3
2025-07-16T21:34:00.000000Z,3.0778,3.0778,3.0672,3.0685,1198031.7
2025-07-16T21:35:00.000000Z,3.0686,3.0723,3.0686,3.0712,1013800.0
2025-07-16T21:36:00.000000Z,3.0713,3.0727,3.0689,3.069,454058.7
2025-07-16T21:37:00.000000Z,3.069,3.0704,3.0588,3.0589,1198669.2
2025-07-16T21:38:00.000000Z,3.0589,3.0657,3.0537,3.0654,2077867.6
2025-07-16T21:39:00.000000Z,3.0655,3.0716,3.0655,3.071,1099841.2
2025-07-16T21:40:00.000000Z,3.071,3.0712,3.0672,3.0672,269815.5
2025-07-16T21:41:00.000000Z,3.0672,3.068,3.0648,3.0668,305195.9
2025-07-16T21:42:00.000000Z,3.0669,3.0719,3.0669,3.0693,279034.2
2025-07-16T21:43:00.000000Z,3.0694,3.0694,3.0638,3.064,578539.7
2025-07-16T21:44:00.000000Z,3.0641,3.0655,3.0623,3.0626,277330.4
2025-07-16T21:45:00.000000Z,3.0626,3.0695,3.0626,3.0695,282632.4
2025-07-16T21:46:00.000000Z,3.0695,3.0711,3.0668,3.0669,420099.2
2025-07-16T21:47:00.000000Z,3.0669,3.0713,3.0668,3.0713,164925.7
2025-07-16T21:48:00.000000Z,3.0712,3.0745,3.0712,3.0744,309656.0
2025-07-16T21:49:00.000000Z,3.0744,3.0761,3.0737,3.0759,271329.4
2025-07-16T21:50:00.000000Z,3.0758,3.0759,3.0743,3.0751,163484.6
2025-07-16T21:51:00.000000Z,3.075,3.0775,3.0744,3.0775,140907.2
2025-07-16T21:52:00.000000Z,3.0774,3.0782,3.0758,3.0758,155125.0
2025-07-16T21:53:00.000000Z,3.0759,3.0779,3.0758,3.0763,140455.1
2025-07-16T21:54:00.000000Z,3.0763,3.0772,3.072,3.0745,437749.7
2025-07-16T21:55:00.000000Z,3.0745,3.0746,3.0714,3.0721,274020.6
2025-07-16T21:56:00.000000Z,3.0722,3.0725,3.0703,3.0716,185520.5
2025-07-16T21:57:00.000000Z,3.0716,3.0717,3.0637,3.064,957209.6
2025-07-16T21:58:00.000000Z,3.064,3.0662,3.0618,3.0622,653971.1
2025-07-16T21:59:00.000000Z,3.0623,3.0685,3.0623,3.0662,646608.6
2025-07-16T22:00:00.000000Z,3.0662,3.0772,3.0662,3.0772,700040.3
2025-07-16T22:01:00.000000Z,3.0773,3.0777,3.0718,3.0723,561254.3
2025-07-16T22:02:00.000000Z,3.0723,3.079,3.0693,3.0781,884780.3
2025-07-16T22:03:00.000000Z,3.0781,3.0783,3.0728,3.0779,507238.9
2025-07-16T22:04:00.000000Z,3.0779,3.0788,3.0743,3.0745,541934.2
2025-07-16T22:05:00.000000Z,3.0745,3.0772,3.0715,3.0724,518544.8
2025-07-16T22:06:00.000000Z,3.0724,3.0748,3.0694,3.0745,545743.3
2025-07-16T22:07:00.000000Z,3.0746,3.0749,3.0673,3.0673,517087.6
2025-07-16T22:08:00.000000Z,3.0672,3.0762,3.0672,3.0757,372117.5
2025-07-16T22:09:00.000000Z,3.0757,3.0873,3.0736,3.0796,4803317.9
2025-07-16T22:10:00.000000Z,3.0796,3.0815,3.0769,3.0797,898295.3
2025-07-16T22:11:00.000000Z,3.0798,3.0826,3.075,3.0826,735812.7
2025-07-16T22:12:00.000000Z,3.0825,3.0891,3.0794,3.0878,1437869.0
2025-07-16T22:13:00.000000Z,3.0878,3.0888,3.0828,3.0846,794108.5
2025-07-16T22:14:00.000000Z,3.0847,3.0878,3.0838,3.086,559380.7
2025-07-16T22:15:00.000000Z,3.086,3.0879,3.0809,3.0809,650240.4
2025-07-16T22:16:00.000000Z,3.0809,3.0844,3.0795,3.0825,549243.7
2025-07-16T22:17:00.000000Z,3.0825,3.0903,3.0814,3.0901,1134852.1
2025-07-16T22:18:00.000000Z,3.0902,3.0906,3.0827,3.0837,716141.1
2025-07-16T22:19:00.000000Z,3.0837,3.0849,3.0818,3.0845,636759.5
2025-07-16T22:20:00.000000Z,3.0845,3.0868,3.0811,3.0812,562527.5
2025-07-16T22:21:00.000000Z,3.0811,3.0833,3.0778,3.082,601998.3
2025-07-16T22:22:00.000000Z,3.082,3.0826,3.0769,3.0771,378843.1
2025-07-16T22:23:00.000000Z,3.0771,3.0808,3.0764,3.0803,491232.0
2025-07-16T22:24:00.000000Z,3.0802,3.0808,3.0781,3.0786,356818.8
2025-07-16T22:25:00.000000Z,3.0786,3.0786,3.0733,3.0733,460117.8
2025-07-16T22:26:00.000000Z,3.0733,3.0759,3.0726,3.0753,572948.8
2025-07-16T22:27:00.000000Z,3.0753,3.0757,3.0695,3.0712,1002837.5
2025-07-16T22:28:00.000000Z,3.0713,3.0717,3.066,3.067,1061981.0
2025-07-16T22:29:00.000000Z,3.067,3.0685,3.0661,3.0668,414686.7
2025-07-16T22:30:00.000000Z,3.0668,3.0702,3.066,3.0702,736512.1
2025-07-16T22:31:00.000000Z,3.0702,3.0715,3.0674,3.0674,672615.3
2025-07-16T22:32:00.000000Z,3.0674,3.0675,3.0623,3.0624,758480.1
2025-07-16T22:33:00.000000Z,3.0624,3.0636,3.0592,3.061,1376150.3
2025-07-16T22:34:00.000000Z,3.0609,3.0653,3.0609,3.064,823320.9
2025-07-16T22:35:00.000000Z,3.064,3.0648,3.0623,3.0634,497129.7
2025-07-16T22:36:00.000000Z,3.0634,3.0639,3.0589,3.06,696708.9
2025-07-16T22:37:00.000000Z,3.0599,3.0625,3.0583,3.0586,650822.0
2025-07-16T22:38:00.000000Z,3.0586,3.0608,3.0556,3.0566,1289697.9
2025-07-16T22:39:00.000000Z,3.0565,3.0609,3.055,3.0594,931676.0
2025-07-16T22:40:00.000000Z,3.0594,3.067,3.0593,3.0651,1090471.3
2025-07-16T22:41:00.000000Z,3.0652,3.0665,3.0625,3.0633,897787.5
2025-07-16T22:42:00.000000Z,3.0631,3.0692,3.0605,3.0657,657718.6
2025-07-16T22:43:00.000000Z,3.0657,3.0662,3.0612,3.0639,449268.3
2025-07-16T22:44:00.000000Z,3.064,3.0722,3.0638,3.0708,754846.7
2025-07-16T22:45:00.000000Z,3.0708,3.0764,3.0706,3.0727,1202523.9
2025-07-16T22:46:00.000000Z,3.0727,3.0734,3.0636,3.0643,833608.6
2025-07-16T22:47:00.000000Z,3.0644,3.0646,3.0568,3.0568,716804.6
2025-07-16T22:48:00.000000Z,3.0568,3.0589,3.0554,3.0572,985651.3
2025-07-16T22:49:00.000000Z,3.0572,3.0576,3.0475,3.0528,1985852.8
2025-07-16T22:50:00.000000Z,3.0528,3.0555,3.0497,3.0527,1121407.0
2025-07-16T22:51:00.000000Z,3.0528,3.0533,3.0494,3.0498,853470.9
2025-07-16T22:52:00.000000Z,3.0498,3.0526,3.0482,3.0492,1504275.2
2025-07-16T22:53:00.000000Z,3.0492,3.0515,3.0478,3.0503,1418029.8
2025-07-16T22:54:00.000000Z,3.0503,3.0518,3.0469,3.0497,972482.2
2025-07-16T22:55:00.000000Z,3.0498,3.0519,3.0488,3.0518,439501.1
2025-07-16T22:56:00.000000Z,3.0518,3.0539,3.0506,3.0517,1124200.0
2025-07-16T22:57:00.000000Z,3.0517,3.0539,3.0481,3.0489,784626.6
2025-07-16T22:58:00.000000Z,3.049,3.0493,3.0452,3.0483,712488.1
2025-07-16T22:59:00.000000Z,3.0482,3.0539,3.0473,3.0539,598938.1
2025-07-16T23:00:00.000000Z,3.0539,3.0578,3.051,3.0554,936893.2
2025-07-16T23:01:00.000000Z,3.0554,3.0557,3.0517,3.0544,443731.5
2025-07-16T23:02:00.000000Z,3.0545,3.0548,3.0505,3.0524,846617.6
2025-07-16T23:03:00.000000Z,3.0525,3.0525,3.0455,3.0455,830354.8
2025-07-16T23:04:00.000000Z,3.0455,3.0456,3.0375,3.0396,3093655.6
2025-07-16T23:05:00.000000Z,3.0396,3.046,3.0381,3.046,1713760.1
2025-07-16T23:06:00.000000Z,3.046,3.0467,3.0431,3.0466,606261.0
2025-07-16T23:07:00.000000Z,3.0466,3.0489,3.0432,3.047,542869.9
2025-07-16T23:08:00.000000Z,3.047,3.048,3.0443,3.0467,350922.0
2025-07-16T23:09:00.000000Z,3.0466,3.0474,3.0426,3.0427,207022.3
2025-07-16T23:10:00.000000Z,3.0427,3.046,3.0427,3.0449,712955.0
2025-07-16T23:11:00.000000Z,3.0448,3.0457,3.0422,3.0457,438390.7
2025-07-16T23:12:00.000000Z,3.0456,3.0466,3.0436,3.0447,724930.1
2025-07-16T23:13:00.000000Z,3.0447,3.0477,3.0432,3.0472,526547.6
2025-07-16T23:14:00.000000Z,3.0472,3.0496,3.0462,3.0476,335784.8
2025-07-16T23:15:00.000000Z,3.0476,3.0483,3.04,3.04,785974.8
2025-07-16T23:16:00.000000Z,3.04,3.04,3.0351,3.0359,1783614.9
2025-07-16T23:17:00.000000Z,3.0359,3.036,3.0251,3.0258,5789714.8
2025-07-16T23:18:00.000000Z,3.0258,3.0304,3.0235,3.0263,2403256.6
2025-07-16T23:19:00.000000Z,3.0263,3.0274,3.0237,3.0263,1285352.3
2025-07-16T23:20:00.000000Z,3.0263,3.0366,3.0263,3.0366,2031653.4
2025-07-16T23:21:00.000000Z,3.0366,3.0384,3.0344,3.0352,1231139.7
2025-07-16T23:22:00.000000Z,3.0352,3.0424,3.034,3.042,1400726.5
2025-07-16T23:23:00.000000Z,3.042,3.042,3.0376,3.0392,743450.1
2025-07-16T23:24:00.000000Z,3.0391,3.0442,3.0389,3.0411,591640.1
2025-07-16T23:25:00.000000Z,3.041,3.0429,3.04,3.0404,462183.5
2025-07-16T23:26:00.000000Z,3.0403,3.0409,3.0365,3.0389,538266.2
2025-07-16T23:27:00.000000Z,3.0388,3.0393,3.0365,3.0392,266493.6
2025-07-16T23:28:00.000000Z,3.0391,3.0405,3.0382,3.0388,417520.5
2025-07-16T23:29:00.000000Z,3.0388,3.0392,3.0377,3.0392,150611.1
2025-07-16T23:30:00.000000Z,3.0391,3.0418,3.0345,3.0349,404471.7
2025-07-16T23:31:00.000000Z,3.0348,3.0373,3.0307,3.0355,784265.6
2025-07-16T23:32:00.000000Z,3.0354,3.0369,3.0332,3.0344,380747.7
2025-07-16T23:33:00.000000Z,3.0343,3.0361,3.0304,3.031,277623.7
2025-07-16T23:34:00.000000Z,3.0308,3.0325,3.0297,3.0306,547251.8
2025-07-16T23:35:00.000000Z,3.0306,3.0314,3.0275,3.0294,653861.3
2025-07-16T23:36:00.000000Z,3.0293,3.0322,3.0275,3.0315,800657.4
2025-07-16T23:37:00.000000Z,3.0315,3.0376,3.0314,3.0354,710317.6
2025-07-16T23:38:00.000000Z,3.0353,3.0376,3.0316,3.0316,396039.7
2025-07-16T23:39:00.000000Z,3.0316,3.0383,3.0305,3.0358,423141.1
2025-07-16T23:40:00.000000Z,3.0358,3.041,3.0345,3.0401,542909.2
2025-07-16T23:41:00.000000Z,3.04,3.0452,3.04,3.0444,971389.7
2025-07-16T23:42:00.000000Z,3.0443,3.0455,3.0376,3.0395,860973.0
2025-07-16T23:43:00.000000Z,3.0394,3.0413,3.039,3.0411,247316.6
2025-07-16T23:44:00.000000Z,3.041,3.0426,3.0401,3.0423,299183.5
2025-07-16T23:45:00.000000Z,3.0423,3.0424,3.04,3.0405,609131.1
2025-07-16T23:46:00.000000Z,3.0404,3.0443,3.0404,3.0441,686491.3
2025-07-16T23:47:00.000000Z,3.044,3.048,3.044,3.0472,1037567.8
2025-07-16T23:48:00.000000Z,3.0471,3.0482,3.0456,3.0464,400985.6
2025-07-16T23:49:00.000000Z,3.0464,3.0479,3.0436,3.0445,982782.3
2025-07-16T23:50:00.000000Z,3.0445,3.0447,3.0368,3.0371,709704.0
2025-07-16T23:51:00.000000Z,3.0371,3.0404,3.0357,3.0385,451280.8
2025-07-16T23:52:00.000000Z,3.0384,3.0406,3.0373,3.04,293944.9
2025-07-16T23:53:00.000000Z,3.04,3.0423,3.0393,3.0408,340785.7
2025-07-16T23:54:00.000000Z,3.0407,3.0445,3.0369,3.0442,312851.0
2025-07-16T23:55:00.000000Z,3.0441,3.0446,3.0404,3.042,457811.2
2025-07-16T23:56:00.000000Z,3.042,3.043,3.0416,3.0422,226660.7
2025-07-16T23:57:00.000000Z,3.0421,3.046,3.0414,3.045,304933.3
2025-07-16T23:58:00.000000Z,3.0449,3.045,3.0403,3.0403,192222.1
2025-07-16T23:59:00.000000Z,3.0402,3.0414,3.0384,3.0398,306101.0
2025-07-17T00:00:00.000000Z,3.0399,3.043,3.0396,3.0403,372340.1
2025-07-17T00:01:00.000000Z,3.0403,3.0415,3.0381,3.0381,465747.4
2025-07-17T00:02:00.000000Z,3.0381,3.0382,3.0351,3.0355,785101.2
2025-07-17T00:03:00.000000Z,3.0356,3.0414,3.0353,3.0407,402288.2
2025-07-17T00:04:00.000000Z,3.0406,3.0458,3.04,3.0453,625300.8
2025-07-17T00:05:00.000000Z,3.0452,3.0477,3.043,3.0473,704056.9
2025-07-17T00:06:00.000000Z,3.0472,3.0472,3.0401,3.0416,421031.9
2025-07-17T00:07:00.000000Z,3.0415,3.0438,3.0393,3.0399,561424.6
2025-07-17T00:08:00.000000Z,3.0399,3.0422,3.0357,3.0357,579023.1
2025-07-17T00:09:00.000000Z,3.0356,3.0385,3.0352,3.0385,393052.1
2025-07-17T00:10:00.000000Z,3.0385,3.0405,3.0365,3.0397,428198.9
2025-07-17T00:11:00.000000Z,3.0396,3.0429,3.0351,3.0429,368093.4
2025-07-17T00:12:00.000000Z,3.0428,3.045,3.0403,3.0444,457021.5
2025-07-17T00:13:00.000000Z,3.0444,3.0445,3.0378,3.0413,353338.7
2025-07-17T00:14:00.000000Z,3.0412,3.0431,3.0405,3.0417,286096.1
2025-07-17T00:15:00.000000Z,3.0416,3.0491,3.0416,3.0483,650525.6
2025-07-17T00:16:00.000000Z,3.0483,3.0516,3.0475,3.0508,974642.6
2025-07-17T00:17:00.000000Z,3.0507,3.051,3.0486,3.0498,467886.7
2025-07-17T00:18:00.000000Z,3.0497,3.0533,3.0491,3.0526,457870.5
2025-07-17T00:19:00.000000Z,3.0526,3.0539,3.0514,3.0531,611125.7
2025-07-17T00:20:00.000000Z,3.053,3.055,3.053,3.055,970097.4
2025-07-17T00:21:00.000000Z,3.0549,3.0597,3.0549,3.0594,696178.7
2025-07-17T00:22:00.000000Z,3.0593,3.0606,3.0575,3.0578,1092240.7
2025-07-17T00:23:00.000000Z,3.0577,3.0602,3.0561,3.0572,539528.9
2025-07-17T00:24:00.000000Z,3.0572,3.0629,3.0572,3.0613,500799.3
2025-07-17T00:25:00.000000Z,3.0611,3.07,3.0601,3.0678,2086183.9
2025-07-17T00:26:00.000000Z,3.0678,3.0684,3.064,3.0671,1230664.5
2025-07-17T00:27:00.000000Z,3.0671,3.0674,3.0617,3.0617,777271.9
2025-07-17T00:28:00.000000Z,3.0617,3.0617,3.0577,3.0578,640250.0
2025-07-17T00:29:00.000000Z,3.0577,3.0598,3.0569,3.0574,466868.2
2025-07-17T00:30:00.000000Z,3.0575,3.0582,3.0534,3.0581,728440.3
2025-07-17T00:31:00.000000Z,3.0581,3.065,3.0581,3.0621,722520.8
2025-07-17T00:32:00.000000Z,3.062,3.0634,3.0567,3.0568,498403.4
2025-07-17T00:33:00.000000Z,3.0567,3.0628,3.0566,3.062,279392.3
2025-07-17T00:34:00.000000Z,3.0619,3.0644,3.0616,3.0624,284335.9
2025-07-17T00:35:00.000000Z,3.0623,3.0638,3.0605,3.0626,347982.8
2025-07-17T00:36:00.000000Z,3.0627,3.0655,3.0602,3.0602,533771.0
2025-07-17T00:37:00.000000Z,3.0603,3.0678,3.0566,3.0671,1116491.8
2025-07-17T00:38:00.000000Z,3.0672,3.0693,3.0653,3.0676,543599.9
2025-07-17T00:39:00.000000Z,3.0675,3.07,3.0668,3.0695,250159.2
2025-07-17T00:40:00.000000Z,3.0694,3.0736,3.0688,3.0711,1225469.3
2025-07-17T00:41:00.000000Z,3.0711,3.0746,3.0703,3.074,519227.9
2025-07-17T00:42:00.000000Z,3.074,3.0806,3.0736,3.08,1104316.6
2025-07-17T00:43:00.000000Z,3.0799,3.0811,3.0776,3.08,1467135.2
2025-07-17T00:44:00.000000Z,3.0801,3.0815,3.0784,3.0796,799681.5
2025-07-17T00:45:00.000000Z,3.0793,3.0793,3.0705,3.0736,1757998.5
2025-07-17T00:46:00.000000Z,3.0735,3.0735,3.0676,3.0684,677808.0
2025-07-17T00:47:00.000000Z,3.0683,3.0777,3.0683,3.0768,761993.3
2025-07-17T00:48:00.000000Z,3.0768,3.0775,3.0724,3.0752,419117.7
2025-07-17T00:49:00.000000Z,3.0751,3.0751,3.0708,3.071,335974.7
2025-07-17T00:50:00.000000Z,3.071,3.0718,3.0631,3.0651,697323.4
2025-07-17T00:51:00.000000Z,3.065,3.0738,3.065,3.0738,310178.8
2025-07-17T00:52:00.000000Z,3.0737,3.0737,3.0679,3.0717,641483.2
2025-07-17T00:53:00.000000Z,3.0719,3.072,3.0675,3.0708,447255.0
2025-07-17T00:54:00.000000Z,3.0709,3.0709,3.0627,3.0642,407560.7
2025-07-17T00:55:00.000000Z,3.0643,3.0663,3.0611,3.0612,512685.1
2025-07-17T00:56:00.000000Z,3.0611,3.0618,3.0581,3.0586,678298.7
2025-07-17T00:57:00.000000Z,3.0586,3.063,3.0576,3.061,760762.4
2025-07-17T00:58:00.000000Z,3.0609,3.0651,3.06,3.0614,386302.6
2025-07-17T00:59:00.000000Z,3.0613,3.0618,3.0552,3.0559,655169.6
2025-07-17T01:00:00.000000Z,3.0559,3.0599,3.0545,3.0597,711135.1
2025-07-17T01:01:00.000000Z,3.0596,3.0639,3.0592,3.0614,336898.5
2025-07-17T01:02:00.000000Z,3.0614,3.0615,3.0573,3.0592,333689.5
2025-07-17T01:03:00.000000Z,3.0592,3.0595,3.0536,3.0536,402460.0
2025-07-17T01:04:00.000000Z,3.0536,3.056,3.0534,3.0546,607558.2
2025-07-17T01:05:00.000000Z,3.0547,3.066,3.0538,3.0637,603756.0
2025-07-17T01:06:00.000000Z,3.0636,3.0714,3.0636,3.0698,1250521.1
2025-07-17T01:07:00.000000Z,3.0698,3.0717,3.0697,3.071,357461.5
2025-07-17T01:08:00.000000Z,3.0709,3.0712,3.0674,3.0675,449738.9
2025-07-17T01:09:00.000000Z,3.0674,3.07,3.0637,3.0642,506973.0
2025-07-17T01:10:00.000000Z,3.0641,3.0679,3.0637,3.0678,242116.2
2025-07-17T01:11:00.000000Z,3.0678,3.0678,3.0642,3.0648,262702.4
2025-07-17T01:12:00.000000Z,3.0647,3.0679,3.0646,3.0678,536075.9
2025-07-17T01:13:00.000000Z,3.0677,3.0678,3.0639,3.0672,636379.8
2025-07-17T01:14:00.000000Z,3.0672,3.0677,3.0639,3.066,540320.6
2025-07-17T01:15:00.000000Z,3.066,3.0664,3.0606,3.0617,364066.5
2025-07-17T01:16:00.000000Z,3.0616,3.0631,3.0569,3.057,416196.4
2025-07-17T01:17:00.000000Z,3.057,3.0609,3.057,3.0592,626522.4
2025-07-17T01:18:00.000000Z,3.0593,3.0612,3.0555,3.0561,335805.8
2025-07-17T01:19:00.000000Z,3.056,3.056,3.0505,3.0512,1199591.1
2025-07-17T01:20:00.000000Z,3.0512,3.0522,3.0477,3.0495,779221.3
2025-07-17T01:21:00.000000Z,3.0494,3.0513,3.046,3.0466,802585.4
2025-07-17T01:22:00.000000Z,3.0466,3.0473,3.042,3.042,1820907.9
2025-07-17T01:23:00.000000Z,3.042,3.0435,3.0403,3.0432,1257019.4
2025-07-17T01:24:00.000000Z,3.0432,3.0479,3.0432,3.0476,1124172.1
2025-07-17T01:25:00.000000Z,3.0475,3.0489,3.0439,3.0465,766893.0
2025-07-17T01:26:00.000000Z,3.0465,3.0483,3.0435,3.0449,453230.2
2025-07-17T01:27:00.000000Z,3.0448,3.0559,3.0448,3.0558,692657.1
2025-07-17T01:28:00.000000Z,3.0558,3.0589,3.0528,3.0572,1360430.0
2025-07-17T01:29:00.000000Z,3.0571,3.0582,3.0513,3.0524,944376.2
2025-07-17T01:30:00.000000Z,3.0525,3.0529,3.0459,3.0475,666083.2
2025-07-17T01:31:00.000000Z,3.0474,3.0526,3.0471,3.0504,889712.9
2025-07-17T01:32:00.000000Z,3.0504,3.0519,3.0396,3.0399,1103269.8
2025-07-17T01:33:00.000000Z,3.0399,3.0412,3.0331,3.0367,2126153.3
2025-07-17T01:34:00.000000Z,3.0367,3.0367,3.0271,3.0304,2159897.0
2025-07-17T01:35:00.000000Z,3.0303,3.0342,3.028,3.0312,1328577.3
2025-07-17T01:36:00.000000Z,3.0311,3.0359,3.0301,3.0305,967227.1
2025-07-17T01:37:00.000000Z,3.0305,3.0328,3.0288,3.0305,1370764.8
2025-07-17T01:38:00.000000Z,3.0304,3.0343,3.0283,3.0334,990850.1
2025-07-17T01:39:00.000000Z,3.0333,3.0413,3.0319,3.0399,655462.1
2025-07-17T01:40:00.000000Z,3.0399,3.0411,3.036,3.0372,683234.0
2025-07-17T01:41:00.000000Z,3.0371,3.0379,3.0309,3.0322,518997.0
2025-07-17T01:42:00.000000Z,3.0323,3.0369,3.0313,3.0359,433029.6
2025-07-17T01:43:00.000000Z,3.036,3.04,3.0346,3.0362,324195.5
2025-07-17T01:44:00.000000Z,3.0362,3.0375,3.0342,3.0358,532311.1
2025-07-17T01:45:00.000000Z,3.0358,3.0364,3.0305,3.0306,615853.4
2025-07-17T01:46:00.000000Z,3.0306,3.0332,3.023,3.0247,1953802.3
2025-07-17T01:47:00.000000Z,3.0248,3.0249,3.0101,3.0123,6308352.6
2025-07-17T01:48:00.000000Z,3.0122,3.0142,3.0015,3.0032,6116853.4
2025-07-17T01:49:00.000000Z,3.0033,3.0033,2.9916,2.9959,7957569.1
2025-07-17T01:50:00.000000Z,2.9959,3.0072,2.99,3.0072,5302287.7
2025-07-17T01:51:00.000000Z,3.0072,3.0082,3.0027,3.0069,1409585.4
2025-07-17T01:52:00.000000Z,3.0068,3.0081,3.0009,3.0014,1766153.1
2025-07-17T01:53:00.000000Z,3.0013,3.007,3.001,3.0065,900556.9
2025-07-17T01:54:00.000000Z,3.0065,3.015,3.0065,3.0147,1725475.1
2025-07-17T01:55:00.000000Z,3.0147,3.0168,3.0124,3.0164,865500.0
2025-07-17T01:56:00.000000Z,3.0163,3.0196,3.0138,3.0196,777431.6
2025-07-17T01:57:00.000000Z,3.0196,3.0213,3.0178,3.0186,662147.9
2025-07-17T01:58:00.000000Z,3.0187,3.0219,3.0186,3.0193,839955.0
2025-07-17T01:59:00.000000Z,3.0193,3.0229,3.0193,3.0221,958004.2
2025-07-17T02:00:00.000000Z,3.0221,3.026,3.0198,3.0203,1048183.9
2025-07-17T02:01:00.000000Z,3.0204,3.0222,3.0184,3.0208,865352.3
2025-07-17T02:02:00.000000Z,3.0209,3.0224,3.0185,3.0202,482366.0
2025-07-17T02:03:00.000000Z,3.0202,3.0207,3.0133,3.0162,1092472.7
2025-07-17T02:04:00.000000Z,3.0163,3.0216,3.0148,3.0216,853491.7
2025-07-17T02:05:00.000000Z,3.0216,3.0295,3.0213,3.0293,1491552.6
2025-07-17T02:06:00.000000Z,3.0294,3.0316,3.0284,3.0304,644608.8
2025-07-17T02:07:00.000000Z,3.0305,3.0327,3.0254,3.026,1150675.8
2025-07-17T02:08:00.000000Z,3.0259,3.0348,3.0259,3.0335,825496.7
2025-07-17T02:09:00.000000Z,3.0336,3.0339,3.0306,3.031,616178.8
2025-07-17T02:10:00.000000Z,3.0311,3.0332,3.0298,3.0321,399211.3
2025-07-17T02:11:00.000000Z,3.0321,3.035,3.0317,3.0341,282799.8
2025-07-17T02:12:00.000000Z,3.0341,3.0352,3.0321,3.0345,558077.9
2025-07-17T02:13:00.000000Z,3.0345,3.0358,3.0312,3.0312,463011.8
2025-07-17T02:14:00.000000Z,3.0312,3.0347,3.0282,3.0334,469327.0
2025-07-17T02:15:00.000000Z,3.0334,3.0358,3.0321,3.0323,462443.1
2025-07-17T02:16:00.000000Z,3.0324,3.0359,3.0322,3.0348,428795.1
2025-07-17T02:17:00.000000Z,3.0348,3.0368,3.0344,3.0368,555279.6
2025-07-17T02:18:00.000000Z,3.0368,3.0408,3.0354,3.0408,1118495.5
2025-07-17T02:19:00.000000Z,3.0408,3.0408,3.0388,3.0404,335906.2
2025-07-17T02:20:00.000000Z,3.0404,3.044,3.0404,3.0425,592969.5
2025-07-17T02:21:00.000000Z,3.0425,3.0441,3.0407,3.0426,625918.3
2025-07-17T02:22:00.000000Z,3.0425,3.0443,3.0404,3.0411,450100.2
2025-07-17T02:23:00.000000Z,3.0413,3.0416,3.0373,3.0386,754772.3
2025-07-17T02:24:00.000000Z,3.0386,3.0419,3.0374,3.0399,340889.3
2025-07-17T02:25:00.000000Z,3.04,3.0406,3.0386,3.0397,279144.1
2025-07-17T02:26:00.000000Z,3.0397,3.0418,3.0374,3.0395,370366.0
2025-07-17T02:27:00.000000Z,3.0395,3.0406,3.0382,3.0397,548243.1
2025-07-17T02:28:00.000000Z,3.0397,3.0404,3.0341,3.0348,606691.2
2025-07-17T02:29:00.000000Z,3.0348,3.0374,3.0344,3.0372,282591.3
2025-07-17T02:30:00.000000Z,3.0372,3.0384,3.0359,3.037,318455.8
2025-07-17T02:31:00.000000Z,3.037,3.0418,3.0362,3.0417,481318.4
2025-07-17T02:32:00.000000Z,3.0418,3.0444,3.0409,3.044,542832.6
2025-07-17T02:33:00.000000Z,3.0441,3.0443,3.0419,3.0436,449090.0
2025-07-17T02:34:00.000000Z,3.0435,3.0446,3.0398,3.0399,709990.1
2025-07-17T02:35:00.000000Z,3.0398,3.0417,3.0372,3.0416,446054.5
2025-07-17T02:36:00.000000Z,3.0416,3.0416,3.0372,3.0372,248403.5
2025-07-17T02:37:00.000000Z,3.0372,3.0413,3.0368,3.0413,312461.4
2025-07-17T02:38:00.000000Z,3.0413,3.0413,3.0375,3.0387,246847.3
2025-07-17T02:39:00.000000Z,3.0388,3.0396,3.037,3.0377,208724.9
2025-07-17T02:40:00.000000Z,3.0376,3.0379,3.0362,3.0371,350333.8
2025-07-17T02:41:00.000000Z,3.0371,3.0399,3.0355,3.0399,221176.1
2025-07-17T02:42:00.000000Z,3.0398,3.0426,3.0393,3.0396,444788.9
2025-07-17T02:43:00.000000Z,3.0397,3.0416,3.039,3.0413,335484.4
2025-07-17T02:44:00.000000Z,3.0414,3.0418,3.0396,3.0411,146913.8
2025-07-17T02:45:00.000000Z,3.0411,3.0411,3.0325,3.0325,442453.9
2025-07-17T02:46:00.000000Z,3.0324,3.0364,3.0318,3.035,649910.6
2025-07-17T02:47:00.000000Z,3.0349,3.0381,3.0332,3.0334,294437.7
2025-07-17T02:48:00.000000Z,3.0333,3.0338,3.0267,3.0312,1358165.1
2025-07-17T02:49:00.000000Z,3.0312,3.0376,3.0307,3.0347,552858.5
2025-07-17T02:50:00.000000Z,3.0347,3.0386,3.0344,3.0372,322100.6
2025-07-17T02:51:00.000000Z,3.0371,3.0406,3.0362,3.0399,385456.4
2025-07-17T02:52:00.000000Z,3.0398,3.041,3.0386,3.0407,376287.2
2025-07-17T02:53:00.000000Z,3.0407,3.0462,3.0407,3.0455,971892.3
2025-07-17T02:54:00.000000Z,3.0456,3.0505,3.0447,3.0483,998577.2
2025-07-17T02:55:00.000000Z,3.0483,3.0529,3.0482,3.0523,1043050.4
2025-07-17T02:56:00.000000Z,3.0524,3.0552,3.0508,3.0518,1258801.1
2025-07-17T02:57:00.000000Z,3.0517,3.0533,3.0509,3.0511,526148.2
2025-07-17T02:58:00.000000Z,3.0511,3.0512,3.0469,3.0482,1131028.1
2025-07-17T02:59:00.000000Z,3.0483,3.051,3.0476,3.051,559707.3
2025-07-17T03:00:00.000000Z,3.051,3.0538,3.0504,3.0504,557414.7
2025-07-17T03:01:00.000000Z,3.0505,3.052,3.0474,3.048,387946.4
2025-07-17T03:02:00.000000Z,3.048,3.0491,3.0462,3.0463,406038.3
2025-07-17T03:03:00.000000Z,3.0463,3.0464,3.0409,3.0432,639186.4
2025-07-17T03:04:00.000000Z,3.0432,3.05,3.0424,3.0499,554693.0
2025-07-17T03:05:00.000000Z,3.0499,3.05,3.0433,3.0447,560504.4
2025-07-17T03:06:00.000000Z,3.0447,3.0449,3.0402,3.0404,372449.5
2025-07-17T03:07:00.000000Z,3.0404,3.0487,3.0395,3.0485,755921.5
2025-07-17T03:08:00.000000Z,3.0485,3.0538,3.0473,3.0533,607163.2
2025-07-17T03:09:00.000000Z,3.0533,3.0538,3.0492,3.0505,849504.8
2025-07-17T03:10:00.000000Z,3.0505,3.0532,3.0391,3.0402,1137610.4
2025-07-17T03:11:00.000000Z,3.0403,3.0427,3.0323,3.0341,1337225.1
2025-07-17T03:12:00.000000Z,3.0341,3.0384,3.0326,3.0383,579052.2
2025-07-17T03:13:00.000000Z,3.0383,3.0394,3.0341,3.0344,443435.0
2025-07-17T03:14:00.000000Z,3.0345,3.0363,3.0288,3.0303,2200142.3
2025-07-17T03:15:00.000000Z,3.0303,3.037,3.0297,3.0347,990174.0
2025-07-17T03:16:00.000000Z,3.0348,3.0375,3.0324,3.0375,512978.5
2025-07-17T03:17:00.000000Z,3.0375,3.0378,3.0327,3.0327,526031.3
2025-07-17T03:18:00.000000Z,3.0327,3.0331,3.0302,3.0317,931892.6
2025-07-17T03:19:00.000000Z,3.0317,3.0327,3.0286,3.0291,1310526.4
2025-07-17T03:20:00.000000Z,3.029,3.0398,3.0275,3.0381,1360393.7
2025-07-17T03:21:00.000000Z,3.0381,3.039,3.0356,3.0356,626744.0
2025-07-17T03:22:00.000000Z,3.0356,3.0359,3.028,3.0295,611110.7
2025-07-17T03:23:00.000000Z,3.0295,3.0323,3.0274,3.0314,538336.4
2025-07-17T03:24:00.000000Z,3.0313,3.0313,3.0225,3.0228,1105922.7
2025-07-17T03:25:00.000000Z,3.023,3.0261,3.0204,3.0208,1389088.1
2025-07-17T03:26:00.000000Z,3.0209,3.021,3.0113,3.0115,1928460.4
2025-07-17T03:27:00.000000Z,3.0115,3.0168,3.011,3.0157,1618999.0
2025-07-17T03:28:00.000000Z,3.0156,3.0185,3.0102,3.0124,1198550.3
2025-07-17T03:29:00.000000Z,3.0123,3.0136,3.006,3.0114,2251800.0
2025-07-17T03:30:00.000000Z,3.0114,3.0201,3.0104,3.0143,1751224.9
2025-07-17T03:31:00.000000Z,3.0143,3.0171,3.0108,3.014,935468.2
2025-07-17T03:32:00.000000Z,3.0138,3.0138,3.0019,3.0045,3574457.5
2025-07-17T03:33:00.000000Z,3.0046,3.0142,3.0035,3.014,1089982.0
2025-07-17T03:34:00.000000Z,3.0138,3.021,3.0129,3.0205,1315628.0
2025-07-17T03:35:00.000000Z,3.0206,3.0226,3.0145,3.0178,1158658.9
2025-07-17T03:36:00.000000Z,3.0178,3.019,3.0094,3.0103,665360.6
2025-07-17T03:37:00.000000Z,3.0103,3.0109,3.0045,3.0061,847609.0
2025-07-17T03:38:00.000000Z,3.006,3.007,3.0012,3.0057,1432978.5
2025-07-17T03:39:00.000000Z,3.0057,3.0073,2.9981,3.0067,4958527.7
2025-07-17T03:40:00.000000Z,3.0067,3.0085,3.0011,3.0013,761823.3
2025-07-17T03:41:00.000000Z,3.0013,3.0062,2.9982,3.0057,2208789.2
2025-07-17T03:42:00.000000Z,3.0056,3.0081,3.0034,3.0074,526790.1
2025-07-17T03:43:00.000000Z,3.0073,3.0078,3.0047,3.0051,656315.0
2025-07-17T03:44:00.000000Z,3.005,3.0126,3.005,3.0122,555189.8
2025-07-17T03:45:00.000000Z,3.0121,3.0181,3.0106,3.0178,941367.5
2025-07-17T03:46:00.000000Z,3.018,3.0251,3.018,3.0224,1101496.2
2025-07-17T03:47:00.000000Z,3.0223,3.0227,3.0199,3.0211,706908.2
2025-07-17T03:48:00.000000Z,3.0212,3.024,3.0204,3.0209,557819.9
2025-07-17T03:49:00.000000Z,3.0208,3.0224,3.0187,3.0189,359744.9
2025-07-17T03:50:00.000000Z,3.0188,3.0227,3.0154,3.0165,679779.9
2025-07-17T03:51:00.000000Z,3.0165,3.0263,3.016,3.0262,798335.9
2025-07-17T03:52:00.000000Z,3.0261,3.0261,3.0211,3.0215,408473.9
2025-07-17T03:53:00.000000Z,3.0215,3.0224,3.0187,3.0206,338458.9
2025-07-17T03:54:00.000000Z,3.0205,3.0248,3.0202,3.0248,252799.3
2025-07-17T03:55:00.000000Z,3.0248,3.0267,3.0226,3.0264,684360.2
2025-07-17T03:56:00.000000Z,3.0264,3.028,3.0253,3.0266,387518.4
2025-07-17T03:57:00.000000Z,3.0266,3.028,3.0237,3.0264,345882.5
2025-07-17T03:58:00.000000Z,3.0264,3.0276,3.0249,3.0269,319312.2
2025-07-17T03:59:00.000000Z,3.0268,3.0285,3.0254,3.0254,385086.3
2025-07-17T04:00:00.000000Z,3.0253,3.0266,3.0244,3.0252,279505.1
2025-07-17T04:01:00.000000Z,3.0251,3.0255,3.022,3.0221,576880.9
2025-07-17T04:02:00.000000Z,3.022,3.0269,3.0215,3.0266,543395.7
2025-07-17T04:03:00.000000Z,3.0266,3.0266,3.023,3.023,276723.5
2025-07-17T04:04:00.000000Z,3.023,3.0241,3.0201,3.0206,326134.9
2025-07-17T04:05:00.000000Z,3.0207,3.0212,3.0159,3.0159,630790.3
2025-07-17T04:06:00.000000Z,3.0159,3.0195,3.0155,3.0167,529821.2
2025-07-17T04:07:00.000000Z,3.0167,3.0189,3.0156,3.0176,319757.3
2025-07-17T04:08:00.000000Z,3.0177,3.0262,3.0159,3.0262,582632.3
2025-07-17T04:09:00.000000Z,3.0261,3.0261,3.0235,3.0258,399711.4
2025-07-17T04:10:00.000000Z,3.0259,3.0318,3.0248,3.0317,752253.9
2025-07-17T04:11:00.000000Z,3.0317,3.0346,3.0304,3.0337,829228.1
2025-07-17T04:12:00.000000Z,3.0337,3.0363,3.0328,3.0363,509823.7
2025-07-17T04:13:00.000000Z,3.0363,3.0395,3.0359,3.038,1089783.3
2025-07-17T04:14:00.000000Z,3.038,3.0409,3.0378,3.0387,1308824.5
2025-07-17T04:15:00.000000Z,3.0387,3.0404,3.0369,3.0404,594305.6
2025-07-17T04:16:00.000000Z,3.0403,3.043,3.0386,3.0413,645931.9
2025-07-17T04:17:00.000000Z,3.0412,3.0459,3.0412,3.0458,593341.4
2025-07-17T04:18:00.000000Z,3.0459,3.0488,3.0438,3.0459,1180771.0
2025-07-17T04:19:00.000000Z,3.0458,3.0478,3.0456,3.0465,488149.3
2025-07-17T04:20:00.000000Z,3.0465,3.0506,3.0446,3.0498,844841.0
2025-07-17T04:21:00.000000Z,3.0499,3.0556,3.0498,3.0529,2072054.7
2025-07-17T04:22:00.000000Z,3.0529,3.0546,3.0514,3.0528,910636.8
2025-07-17T04:23:00.000000Z,3.0528,3.0569,3.0515,3.0539,2060128.1
2025-07-17T04:24:00.000000Z,3.054,3.0558,3.0491,3.0492,2385579.4
2025-07-17T04:25:00.000000Z,3.0492,3.0508,3.0479,3.049,804316.0
2025-07-17T04:26:00.000000Z,3.049,3.0519,3.0472,3.0517,735275.0
2025-07-17T04:27:00.000000Z,3.0517,3.0529,3.05,3.0524,646035.9
2025-07-17T04:28:00.000000Z,3.0524,3.0561,3.051,3.0527,1222375.2
2025-07-17T04:29:00.000000Z,3.0528,3.0559,3.0527,3.0559,416940.2
2025-07-17T04:30:00.000000Z,3.0558,3.058,3.0555,3.0564,1258296.5
2025-07-17T04:31:00.000000Z,3.0564,3.0585,3.0512,3.0581,1481903.5
2025-07-17T04:32:00.000000Z,3.058,3.0612,3.0568,3.0591,1017067.7
2025-07-17T04:33:00.000000Z,3.0591,3.0591,3.0514,3.0567,3296323.1
2025-07-17T04:34:00.000000Z,3.0566,3.0594,3.0556,3.0567,558947.7
2025-07-17T04:35:00.000000Z,3.0568,3.0593,3.0539,3.0559,858124.1
2025-07-17T04:36:00.000000Z,3.0559,3.0588,3.0555,3.0557,467945.6
2025-07-17T04:37:00.000000Z,3.0558,3.0576,3.0527,3.0527,433386.4
2025-07-17T04:38:00.000000Z,3.0527,3.0574,3.0526,3.0569,708682.5
2025-07-17T04:39:00.000000Z,3.057,3.0581,3.056,3.057,408338.3
2025-07-17T04:40:00.000000Z,3.0571,3.0575,3.055,3.0562,280205.6
2025-07-17T04:41:00.000000Z,3.0562,3.0573,3.0531,3.0551,406868.1
2025-07-17T04:42:00.000000Z,3.0552,3.0562,3.0528,3.0562,362463.2
2025-07-17T04:43:00.000000Z,3.0563,3.0575,3.053,3.053,261377.1
2025-07-17T04:44:00.000000Z,3.0529,3.0535,3.0501,3.0513,1050253.4
2025-07-17T04:45:00.000000Z,3.0514,3.0549,3.0514,3.0536,527093.5
2025-07-17T04:46:00.000000Z,3.0537,3.0548,3.0518,3.0542,378069.4
2025-07-17T04:47:00.000000Z,3.0542,3.0562,3.0533,3.0552,423636.5
2025-07-17T04:48:00.000000Z,3.0552,3.0578,3.0539,3.0574,527885.6
2025-07-17T04:49:00.000000Z,3.0573,3.0629,3.0573,3.0628,1002553.2
2025-07-17T04:50:00.000000Z,3.0627,3.0643,3.0606,3.0621,987899.2
2025-07-17T04:51:00.000000Z,3.0621,3.0629,3.0596,3.0616,648439.3
2025-07-17T04:52:00.000000Z,3.0616,3.0639,3.0605,3.0612,448830.1
2025-07-17T04:53:00.000000Z,3.0612,3.0665,3.0612,3.0649,1569099.3
2025-07-17T04:54:00.000000Z,3.065,3.0684,3.0647,3.0667,1430216.7
2025-07-17T04:55:00.000000Z,3.0668,3.0714,3.0663,3.0711,981822.8
2025-07-17T04:56:00.000000Z,3.0711,3.073,3.0702,3.0712,1007549.0
2025-07-17T04:57:00.000000Z,3.0713,3.0726,3.0678,3.0724,994829.8
2025-07-17T04:58:00.000000Z,3.0724,3.074,3.0674,3.0691,882931.5
2025-07-17T04:59:00.000000Z,3.0692,3.0775,3.0687,3.0759,1890720.8
2025-07-17T05:00:00.000000Z,3.0759,3.0777,3.0714,3.0721,1170538.0
2025-07-17T05:01:00.000000Z,3.0721,3.0747,3.0704,3.0715,593459.3
2025-07-17T05:02:00.000000Z,3.0714,3.0736,3.0702,3.0736,381788.9
2025-07-17T05:03:00.000000Z,3.0737,3.0746,3.0702,3.0709,485782.6
2025-07-17T05:04:00.000000Z,3.071,3.0715,3.069,3.0695,429894.7
2025-07-17T05:05:00.000000Z,3.0696,3.0714,3.0653,3.0653,888711.0
2025-07-17T05:06:00.000000Z,3.0653,3.0717,3.0653,3.0705,552618.3
2025-07-17T05:07:00.000000Z,3.0706,3.0766,3.0692,3.0762,780129.9
2025-07-17T05:08:00.000000Z,3.0761,3.0764,3.0689,3.0712,498617.1
2025-07-17T05:09:00.000000Z,3.0712,3.0766,3.0702,3.0702,523965.8
2025-07-17T05:10:00.000000Z,3.0703,3.0726,3.0696,3.072,447381.9
2025-07-17T05:11:00.000000Z,3.0721,3.0725,3.067,3.0696,556668.4
2025-07-17T05:12:00.000000Z,3.0695,3.075,3.0675,3.0738,363969.1
2025-07-17T05:13:00.000000Z,3.0739,3.0803,3.0729,3.0729,1650813.8
2025-07-17T05:14:00.000000Z,3.0728,3.0758,3.0706,3.0739,561490.9
2025-07-17T05:15:00.000000Z,3.074,3.0857,3.074,3.0857,2330186.8
2025-07-17T05:16:00.000000Z,3.0857,3.086,3.0799,3.0806,1602530.3
2025-07-17T05:17:00.000000Z,3.0807,3.0866,3.0806,3.086,1105632.1
2025-07-17T05:18:00.000000Z,3.0859,3.0865,3.083,3.0842,565908.1
2025-07-17T05:19:00.000000Z,3.0842,3.0859,3.0815,3.0849,414454.5
2025-07-17T05:20:00.000000Z,3.0849,3.0855,3.0823,3.0837,410438.8
2025-07-17T05:21:00.000000Z,3.0838,3.094,3.0834,3.0905,2010796.5
2025-07-17T05:22:00.000000Z,3.0905,3.0934,3.084,3.084,1339583.1
2025-07-17T05:23:00.000000Z,3.0841,3.0851,3.0812,3.0845,965936.2
2025-07-17T05:24:00.000000Z,3.0846,3.0866,3.0817,3.085,1260460.4
2025-07-17T05:25:00.000000Z,3.0851,3.0945,3.0846,3.0942,1205525.9
2025-07-17T05:26:00.000000Z,3.0942,3.0977,3.092,3.0944,2473194.4
2025-07-17T05:27:00.000000Z,3.0945,3.1018,3.0944,3.0981,3277573.1
2025-07-17T05:28:00.000000Z,3.0982,3.1123,3.0981,3.1097,4631053.1
2025-07-17T05:29:00.000000Z,3.1096,3.1185,3.1054,3.118,2481114.4
2025-07-17T05:30:00.000000Z,3.1179,3.127,3.1089,3.1269,5700603.7
2025-07-17T05:31:00.000000Z,3.127,3.1413,3.1222,3.1303,9396360.6
2025-07-17T05:32:00.000000Z,3.1303,3.1405,3.1294,3.1362,4586822.9
2025-07-17T05:33:00.000000Z,3.1362,3.138,3.1154,3.1159,5053306.1
2025-07-17T05:34:00.000000Z,3.1159,3.136,3.1154,3.1354,3733606.3
2025-07-17T05:35:00.000000Z,3.1354,3.1355,3.1256,3.1288,4230352.5
2025-07-17T05:36:00.000000Z,3.1287,3.1489,3.1284,3.1441,6142088.6
2025-07-17T05:37:00.000000Z,3.144,3.1449,3.138,3.1405,3486342.5
2025-07-17T05:38:00.000000Z,3.1406,3.1508,3.1397,3.1431,3270867.1
2025-07-17T05:39:00.000000Z,3.1432,3.1437,3.1325,3.1382,4671548.9
2025-07-17T05:40:00.000000Z,3.1382,3.1392,3.1342,3.1343,1902724.1
2025-07-17T05:41:00.000000Z,3.1344,3.1349,3.119,3.1258,5468066.4
2025-07-17T05:42:00.000000Z,3.1257,3.1375,3.1254,3.1369,2057277.5
2025-07-17T05:43:00.000000Z,3.1373,3.1479,3.1336,3.1437,2310778.7
2025-07-17T05:44:00.000000Z,3.1437,3.1462,3.134,3.1371,2038824.7
2025-07-17T05:45:00.000000Z,3.1371,3.1373,3.1279,3.1301,2184807.2
2025-07-17T05:46:00.000000Z,3.13,3.1313,3.1257,3.1295,1400523.0
2025-07-17T05:47:00.000000Z,3.1295,3.1381,3.1287,3.1352,2262609.9
2025-07-17T05:48:00.000000Z,3.1352,3.1377,3.1333,3.1357,1115702.8
2025-07-17T05:49:00.000000Z,3.1357,3.147,3.1351,3.146,1661049.4
2025-07-17T05:50:00.000000Z,3.146,3.1489,3.1407,3.1411,2632148.2
2025-07-17T05:51:00.000000Z,3.141,3.1462,3.1408,3.1413,1214485.4
2025-07-17T05:52:00.000000Z,3.1415,3.1432,3.1351,3.1421,1953081.8
2025-07-17T05:53:00.000000Z,3.1417,3.147,3.1412,3.1463,1185112.3
2025-07-17T05:54:00.000000Z,3.1463,3.1484,3.1428,3.1446,1229585.2
2025-07-17T05:55:00.000000Z,3.1445,3.1449,3.14,3.1415,993911.9
2025-07-17T05:56:00.000000Z,3.1415,3.1429,3.1364,3.1381,1238528.7
2025-07-17T05:57:00.000000Z,3.1382,3.1434,3.1372,3.1418,1249552.8
2025-07-17T05:58:00.000000Z,3.1419,3.1482,3.1418,3.1435,944685.4
2025-07-17T05:59:00.000000Z,3.1434,3.1455,3.1408,3.1439,745215.1
2025-07-17T06:00:00.000000Z,3.1439,3.1464,3.1415,3.143,981914.9
2025-07-17T06:01:00.000000Z,3.1429,3.1635,3.1412,3.1615,5137401.3
2025-07-17T06:02:00.000000Z,3.1615,3.1625,3.1538,3.1624,3796905.9
2025-07-17T06:03:00.000000Z,3.1625,3.1724,3.1606,3.1606,4958366.5
2025-07-17T06:04:00.000000Z,3.1607,3.164,3.151,3.1576,3640322.9
2025-07-17T06:05:00.000000Z,3.1576,3.1647,3.1548,3.1626,2240280.6
2025-07-17T06:06:00.000000Z,3.1626,3.1662,3.1612,3.1643,1513155.6
2025-07-17T06:07:00.000000Z,3.1644,3.1706,3.1632,3.1676,3276905.0
2025-07-17T06:08:00.000000Z,3.1676,3.1749,3.167,3.172,2477292.1
2025-07-17T06:09:00.000000Z,3.172,3.1724,3.1635,3.1679,1812512.8
2025-07-17T06:10:00.000000Z,3.1679,3.1686,3.1575,3.1582,1936969.4
2025-07-17T06:11:00.000000Z,3.1583,3.1623,3.1552,3.1619,2032327.0
2025-07-17T06:12:00.000000Z,3.162,3.1654,3.1582,3.1596,1781829.1
2025-07-17T06:13:00.000000Z,3.1597,3.1621,3.156,3.1569,957623.4
2025-07-17T06:14:00.000000Z,3.1569,3.1647,3.1566,3.1641,1024684.2
2025-07-17T06:15:00.000000Z,3.1642,3.165,3.1532,3.1532,1501136.1
2025-07-17T06:16:00.000000Z,3.1532,3.1562,3.1489,3.1504,2373347.6
2025-07-17T06:17:00.000000Z,3.1504,3.1629,3.1479,3.1594,2718714.9
2025-07-17T06:18:00.000000Z,3.1593,3.1617,3.1488,3.1492,2275902.0
2025-07-17T06:19:00.000000Z,3.1492,3.1585,3.1468,3.1569,1593422.7
2025-07-17T06:20:00.000000Z,3.1569,3.1619,3.1544,3.156,1579289.8
2025-07-17T06:21:00.000000Z,3.1559,3.1622,3.1525,3.162,1424830.2
2025-07-17T06:22:00.000000Z,3.1621,3.163,3.1508,3.1562,2359372.2
2025-07-17T06:23:00.000000Z,3.1562,3.1589,3.1543,3.1588,1016664.1
2025-07-17T06:24:00.000000Z,3.1588,3.1648,3.157,3.1616,1457503.7
2025-07-17T06:25:00.000000Z,3.1615,3.1617,3.1527,3.1543,1175061.7
2025-07-17T06:26:00.000000Z,3.1543,3.1554,3.1518,3.1527,964648.6
2025-07-17T06:27:00.000000Z,3.1528,3.1591,3.1526,3.1562,1199317.6
2025-07-17T06:28:00.000000Z,3.1562,3.1575,3.1511,3.1518,1066767.4
2025-07-17T06:29:00.000000Z,3.1517,3.1575,3.1511,3.1519,1535021.1
2025-07-17T06:30:00.000000Z,3.1519,3.1557,3.1513,3.1555,1150175.3
2025-07-17T06:31:00.000000Z,3.1554,3.163,3.1549,3.1618,1158329.0
2025-07-17T06:32:00.000000Z,3.1617,3.1664,3.1604,3.1655,1738670.7
2025-07-17T06:33:00.000000Z,3.1654,3.1677,3.162,3.1637,1121796.3
2025-07-17T06:34:00.000000Z,3.1637,3.164,3.1549,3.1559,1149627.3
2025-07-17T06:35:00.000000Z,3.1559,3.1568,3.1427,3.1459,2173635.5
2025-07-17T06:36:00.000000Z,3.1458,3.1471,3.1436,3.1448,938980.8
2025-07-17T06:37:00.000000Z,3.1448,3.1504,3.1415,3.1499,1176894.0
2025-07-17T06:38:00.000000Z,3.1498,3.1521,3.148,3.1481,700747.7
2025-07-17T06:39:00.000000Z,3.148,3.1548,3.1457,3.1525,1026701.6
2025-07-17T06:40:00.000000Z,3.1525,3.1532,3.1457,3.1462,1120148.8
2025-07-17T06:41:00.000000Z,3.1463,3.1465,3.1422,3.1432,1041005.6
2025-07-17T06:42:00.000000Z,3.1432,3.1546,3.1432,3.1532,924212.4
2025-07-17T06:43:00.000000Z,3.1532,3.1588,3.1532,3.1551,628009.2
2025-07-17T06:44:00.000000Z,3.1551,3.1597,3.155,3.1597,686475.7
2025-07-17T06:45:00.000000Z,3.1596,3.1598,3.1567,3.1583,1022189.1
2025-07-17T06:46:00.000000Z,3.1584,3.1584,3.1538,3.155,1774984.3
2025-07-17T06:47:00.000000Z,3.1549,3.1632,3.1548,3.1617,1288582.8
2025-07-17T06:48:00.000000Z,3.1616,3.1698,3.161,3.1681,1936394.7
2025-07-17T06:49:00.000000Z,3.1682,3.1686,3.162,3.1644,1226940.2
2025-07-17T06:50:00.000000Z,3.1645,3.1645,3.16,3.1612,650127.2
2025-07-17T06:51:00.000000Z,3.1612,3.1627,3.1566,3.158,630514.7
2025-07-17T06:52:00.000000Z,3.1581,3.1589,3.1554,3.1585,731697.4
2025-07-17T06:53:00.000000Z,3.1587,3.1608,3.1547,3.1598,657474.2
2025-07-17T06:54:00.000000Z,3.1599,3.1621,3.1583,3.1615,515782.8
2025-07-17T06:55:00.000000Z,3.1615,3.1615,3.1561,3.1562,515469.5
2025-07-17T06:56:00.000000Z,3.1561,3.1565,3.1519,3.1542,773783.9
2025-07-17T06:57:00.000000Z,3.1542,3.1576,3.1542,3.1551,888567.2
2025-07-17T06:58:00.000000Z,3.1551,3.1554,3.1534,3.1536,410018.8
2025-07-17T06:59:00.000000Z,3.1537,3.1575,3.1531,3.1554,667089.5
2025-07-17T07:00:00.000000Z,3.1555,3.1577,3.1468,3.1468,2372142.4
2025-07-17T07:01:00.000000Z,3.1469,3.1519,3.1462,3.1471,898410.6
2025-07-17T07:02:00.000000Z,3.1471,3.1489,3.142,3.1479,1175680.7
2025-07-17T07:03:00.000000Z,3.148,3.148,3.1433,3.1468,749779.3
2025-07-17T07:04:00.000000Z,3.1467,3.1533,3.1467,3.1523,1259609.9
2025-07-17T07:05:00.000000Z,3.1523,3.1532,3.1442,3.1446,892255.1
2025-07-17T07:06:00.000000Z,3.1445,3.1468,3.143,3.1438,769052.9
2025-07-17T07:07:00.000000Z,3.1438,3.1463,3.141,3.1426,1111161.6
2025-07-17T07:08:00.000000Z,3.1426,3.1426,3.1312,3.1344,3634452.6
2025-07-17T07:09:00.000000Z,3.1344,3.1344,3.1271,3.129,2926870.8
2025-07-17T07:10:00.000000Z,3.129,3.1367,3.129,3.1367,1799662.8
2025-07-17T07:11:00.000000Z,3.1367,3.1383,3.1343,3.1354,1000341.4
2025-07-17T07:12:00.000000Z,3.1355,3.1429,3.1347,3.1387,825232.7
2025-07-17T07:13:00.000000Z,3.1386,3.1386,3.1336,3.1338,936605.7
2025-07-17T07:14:00.000000Z,3.1338,3.1393,3.1337,3.1381,429457.8
2025-07-17T07:15:00.000000Z,3.1378,3.1405,3.1366,3.1393,575913.0
2025-07-17T07:16:00.000000Z,3.1393,3.1449,3.1377,3.1438,600712.9
2025-07-17T07:17:00.000000Z,3.1438,3.1482,3.1423,3.147,708150.9
2025-07-17T07:18:00.000000Z,3.147,3.1471,3.1417,3.1418,720945.0
2025-07-17T07:19:00.000000Z,3.1417,3.1442,3.1413,3.1415,337280.5
2025-07-17T07:20:00.000000Z,3.1415,3.1428,3.1386,3.1412,772873.9
2025-07-17T07:21:00.000000Z,3.1412,3.1412,3.1354,3.1388,1035087.4
2025-07-17T07:22:00.000000Z,3.1388,3.1456,3.1387,3.1455,393623.0
2025-07-17T07:23:00.000000Z,3.1455,3.1456,3.1422,3.1422,554433.1
2025-07-17T07:24:00.000000Z,3.1422,3.1445,3.1385,3.1424,347145.6
2025-07-17T07:25:00.000000Z,3.1424,3.1451,3.1387,3.1415,444450.6
2025-07-17T07:26:00.000000Z,3.1414,3.1493,3.1407,3.1484,1358288.4
2025-07-17T07:27:00.000000Z,3.1484,3.152,3.1468,3.148,1162168.6
2025-07-17T07:28:00.000000Z,3.1481,3.1488,3.1447,3.146,562037.7
2025-07-17T07:29:00.000000Z,3.146,3.1464,3.1423,3.1428,298314.0
2025-07-17T07:30:00.000000Z,3.1429,3.1481,3.1418,3.148,519006.2
2025-07-17T07:31:00.000000Z,3.148,3.1548,3.1475,3.153,1133618.9
2025-07-17T07:32:00.000000Z,3.153,3.1546,3.15,3.15,1076053.8
2025-07-17T07:33:00.000000Z,3.1499,3.1541,3.1497,3.151,561416.5
2025-07-17T07:34:00.000000Z,3.151,3.1544,3.1507,3.1524,514754.2
2025-07-17T07:35:00.000000Z,3.1523,3.1546,3.1494,3.1536,707342.3
2025-07-17T07:36:00.000000Z,3.1535,3.1539,3.149,3.1505,436668.3
2025-07-17T07:37:00.000000Z,3.1504,3.1527,3.1495,3.1517,500444.0
2025-07-17T07:38:00.000000Z,3.1518,3.1552,3.1509,3.1548,677233.3
2025-07-17T07:39:00.000000Z,3.1548,3.1617,3.1547,3.1572,1977744.5
2025-07-17T07:40:00.000000Z,3.1571,3.1628,3.1571,3.1607,1431924.0
2025-07-17T07:41:00.000000Z,3.1606,3.1606,3.1556,3.1564,1091891.4
2025-07-17T07:42:00.000000Z,3.1563,3.1622,3.1558,3.1614,1423274.4
2025-07-17T07:43:00.000000Z,3.1613,3.1642,3.1601,3.1625,1047979.2
2025-07-17T07:44:00.000000Z,3.1625,3.1641,3.1609,3.163,1038625.2
2025-07-17T07:45:00.000000Z,3.1629,3.1636,3.1615,3.1633,889415.0
2025-07-17T07:46:00.000000Z,3.1632,3.1637,3.1598,3.1634,822251.4
2025-07-17T07:47:00.000000Z,3.1635,3.1645,3.1598,3.1612,589581.8
2025-07-17T07:48:00.000000Z,3.1612,3.1627,3.16,3.1601,516898.8
2025-07-17T07:49:00.000000Z,3.1602,3.1615,3.1577,3.1603,777232.4
2025-07-17T07:50:00.000000Z,3.1602,3.1609,3.1578,3.158,513506.2
2025-07-17T07:51:00.000000Z,3.158,3.1608,3.158,3.1587,528859.7
2025-07-17T07:52:00.000000Z,3.1587,3.1595,3.1552,3.1558,382774.9
2025-07-17T07:53:00.000000Z,3.1559,3.1598,3.1551,3.1591,469228.9
2025-07-17T07:54:00.000000Z,3.1591,3.1606,3.1562,3.1565,679192.8
2025-07-17T07:55:00.000000Z,3.1564,3.1574,3.1522,3.1528,1445714.1
2025-07-17T07:56:00.000000Z,3.1529,3.1582,3.1525,3.1579,606949.2
2025-07-17T07:57:00.000000Z,3.1579,3.16,3.1562,3.157,631882.3
2025-07-17T07:58:00.000000Z,3.157,3.1582,3.1562,3.1574,875047.6
2025-07-17T07:59:00.000000Z,3.1573,3.1584,3.1553,3.1572,317594.8
2025-07-17T08:00:00.000000Z,3.1573,3.1602,3.1526,3.1545,895727.5
2025-07-17T08:01:00.000000Z,3.1547,3.1566,3.1529,3.1562,468419.7
2025-07-17T08:02:00.000000Z,3.1562,3.1562,3.1486,3.1491,961667.1
2025-07-17T08:03:00.000000Z,3.1491,3.1491,3.1441,3.1443,968389.1
2025-07-17T08:04:00.000000Z,3.1443,3.1494,3.1433,3.1486,1081983.2
2025-07-17T08:05:00.000000Z,3.1487,3.1492,3.1457,3.1477,420799.0
2025-07-17T08:06:00.000000Z,3.1478,3.1502,3.1467,3.1487,1254991.5
2025-07-17T08:07:00.000000Z,3.1486,3.1487,3.1433,3.1437,1139069.6
2025-07-17T08:08:00.000000Z,3.1437,3.1464,3.1433,3.1437,703869.3
2025-07-17T08:09:00.000000Z,3.1436,3.144,3.1413,3.1438,1048329.6
2025-07-17T08:10:00.000000Z,3.1437,3.1476,3.1434,3.1472,639839.3
2025-07-17T08:11:00.000000Z,3.1472,3.1516,3.1458,3.1484,853059.3
2025-07-17T08:12:00.000000Z,3.1484,3.162,3.1476,3.1593,3404001.1
2025-07-17T08:13:00.000000Z,3.1593,3.1593,3.1552,3.1566,954950.3
2025-07-17T08:14:00.000000Z,3.1566,3.1585,3.1552,3.1571,501527.0
2025-07-17T08:15:00.000000Z,3.157,3.161,3.1541,3.1595,744687.0
2025-07-17T08:16:00.000000Z,3.1595,3.1684,3.159,3.168,1611950.5
2025-07-17T08:17:00.000000Z,3.168,3.1792,3.168,3.1772,3601444.4
2025-07-17T08:18:00.000000Z,3.1772,3.1884,3.176,3.1884,4419290.2
2025-07-17T08:19:00.000000Z,3.1884,3.1889,3.179,3.1825,4438050.6
2025-07-17T08:20:00.000000Z,3.1826,3.1845,3.1753,3.1757,1966295.0
2025-07-17T08:21:00.000000Z,3.1758,3.1839,3.1758,3.1835,1726217.1
2025-07-17T08:22:00.000000Z,3.1834,3.1848,3.1787,3.1794,1916938.7
2025-07-17T08:23:00.000000Z,3.1794,3.1868,3.1791,3.1865,1692582.2
2025-07-17T08:24:00.000000Z,3.1865,3.1885,3.185,3.1871,1353128.1
2025-07-17T08:25:00.000000Z,3.1872,3.1949,3.1808,3.181,4837851.8
2025-07-17T08:26:00.000000Z,3.181,3.1927,3.175,3.1901,6048170.9
2025-07-17T08:27:00.000000Z,3.1901,3.1944,3.1838,3.1943,1740063.8
2025-07-17T08:28:00.000000Z,3.1942,3.1942,3.1889,3.1898,3117159.1
2025-07-17T08:29:00.000000Z,3.1898,3.1938,3.1874,3.1934,1831040.1
2025-07-17T08:30:00.000000Z,3.1934,3.1993,3.1926,3.1936,3630530.8
2025-07-17T08:31:00.000000Z,3.1936,3.1949,3.1906,3.1921,1252308.3
2025-07-17T08:32:00.000000Z,3.1922,3.1988,3.19,3.1982,1882871.4
2025-07-17T08:33:00.000000Z,3.1982,3.1983,3.1944,3.1954,2019233.6
2025-07-17T08:34:00.000000Z,3.1954,3.2,3.1941,3.1997,1925912.4
2025-07-17T08:35:00.000000Z,3.1997,3.2,3.1915,3.1921,4079910.1
2025-07-17T08:36:00.000000Z,3.1921,3.1994,3.1882,3.1891,2885782.1
2025-07-17T08:37:00.000000Z,3.1892,3.1947,3.1853,3.1947,2397540.0
2025-07-17T08:38:00.000000Z,3.1947,3.1947,3.189,3.192,918181.4
2025-07-17T08:39:00.000000Z,3.192,3.1982,3.1916,3.1936,1942533.5
2025-07-17T08:40:00.000000Z,3.1936,3.1953,3.1904,3.1913,1204245.8
2025-07-17T08:41:00.000000Z,3.1914,3.193,3.1875,3.1885,1046039.1
2025-07-17T08:42:00.000000Z,3.1885,3.1935,3.1872,3.192,951601.9
2025-07-17T08:43:00.000000Z,3.192,3.194,3.1916,3.1938,971370.1
2025-07-17T08:44:00.000000Z,3.1938,3.1993,3.193,3.1955,1198490.6
2025-07-17T08:45:00.000000Z,3.1954,3.1975,3.1908,3.1912,1046398.8
2025-07-17T08:46:00.000000Z,3.1912,3.1933,3.1854,3.1894,1278174.7
2025-07-17T08:47:00.000000Z,3.1895,3.1948,3.1895,3.1945,1061883.4
2025-07-17T08:48:00.000000Z,3.1945,3.197,3.193,3.1968,707878.1
2025-07-17T08:49:00.000000Z,3.1968,3.2013,3.1959,3.1975,3890913.6
2025-07-17T08:50:00.000000Z,3.1974,3.2021,3.1954,3.2016,989043.1
2025-07-17T08:51:00.000000Z,3.2016,3.2025,3.1992,3.2006,1070998.7
2025-07-17T08:52:00.000000Z,3.2005,3.2126,3.1975,3.2109,4171518.6
2025-07-17T08:53:00.000000Z,3.2109,3.2212,3.2109,3.215,4898730.4
2025-07-17T08:54:00.000000Z,3.215,3.2222,3.2113,3.2131,3602907.5
2025-07-17T08:55:00.000000Z,3.2131,3.2167,3.2079,3.2118,2054790.9
2025-07-17T08:56:00.000000Z,3.2117,3.2163,3.2117,3.2132,1444991.1
2025-07-17T08:57:00.000000Z,3.2131,3.2212,3.2103,3.2181,1453491.6
2025-07-17T08:58:00.000000Z,3.2182,3.2203,3.2143,3.2198,1478509.2
2025-07-17T08:59:00.000000Z,3.2199,3.2418,3.2184,3.2375,11299898.0
2025-07-17T09:00:00.000000Z,3.2372,3.2396,3.2256,3.2278,5771994.7
2025-07-17T09:01:00.000000Z,3.2279,3.2355,3.2202,3.2266,3931257.2
2025-07-17T09:02:00.000000Z,3.2265,3.236,3.2248,3.2352,2540660.3
2025-07-17T09:03:00.000000Z,3.2351,3.2681,3.2341,3.2566,14330588.6
2025-07-17T09:04:00.000000Z,3.2566,3.2635,3.2558,3.2629,5677841.6
2025-07-17T09:05:00.000000Z,3.263,3.2638,3.255,3.2587,4247080.5
2025-07-17T09:06:00.000000Z,3.2586,3.2642,3.2582,3.2608,2719307.6
2025-07-17T09:07:00.000000Z,3.2608,3.2647,3.2565,3.2594,2286957.6
2025-07-17T09:08:00.000000Z,3.2594,3.2656,3.2569,3.2613,3513386.9
2025-07-17T09:09:00.000000Z,3.2613,3.2629,3.2531,3.257,2262425.7
2025-07-17T09:10:00.000000Z,3.2571,3.2574,3.2432,3.2441,4682152.5
2025-07-17T09:11:00.000000Z,3.244,3.247,3.2382,3.242,3577847.9
2025-07-17T09:12:00.000000Z,3.2421,3.2453,3.2377,3.2451,2230524.0
2025-07-17T09:13:00.000000Z,3.2451,3.2552,3.2433,3.2525,2646529.8
2025-07-17T09:14:00.000000Z,3.2524,3.2554,3.2482,3.2488,1296492.0
2025-07-17T09:15:00.000000Z,3.2489,3.2532,3.2462,3.2474,1360463.8
2025-07-17T09:16:00.000000Z,3.2473,3.2608,3.247,3.2592,1855177.7
2025-07-17T09:17:00.000000Z,3.2592,3.2625,3.2524,3.2609,1594882.0
2025-07-17T09:18:00.000000Z,3.261,3.273,3.261,3.2656,4265448.3
2025-07-17T09:19:00.000000Z,3.2655,3.267,3.2534,3.2555,2218647.8
2025-07-17T09:20:00.000000Z,3.2555,3.26,3.2552,3.2583,2132233.1
2025-07-17T09:21:00.000000Z,3.2583,3.2663,3.2583,3.2648,1823362.7
2025-07-17T09:22:00.000000Z,3.2648,3.2684,3.2633,3.265,2478572.7
2025-07-17T09:23:00.000000Z,3.2649,3.2693,3.2601,3.2653,2110174.4
2025-07-17T09:24:00.000000Z,3.2653,3.2766,3.2606,3.271,3415447.2
2025-07-17T09:25:00.000000Z,3.271,3.28,3.27,3.2793,3207368.0
2025-07-17T09:26:00.000000Z,3.2792,3.2794,3.2704,3.2712,3590867.9
2025-07-17T09:27:00.000000Z,3.2711,3.2756,3.2674,3.2751,2593355.3
2025-07-17T09:28:00.000000Z,3.275,3.2806,3.2712,3.2724,3328008.7
2025-07-17T09:29:00.000000Z,3.2724,3.2766,3.2652,3.2658,3966607.4
2025-07-17T09:30:00.000000Z,3.2657,3.2662,3.2532,3.2564,5917860.7
2025-07-17T09:31:00.000000Z,3.2563,3.2664,3.2562,3.2641,2251104.5
2025-07-17T09:32:00.000000Z,3.2641,3.2646,3.2532,3.2571,2522836.0
2025-07-17T09:33:00.000000Z,3.2571,3.2617,3.2556,3.2583,1413038.7
2025-07-17T09:34:00.000000Z,3.2583,3.2599,3.2556,3.2567,798876.5
2025-07-17T09:35:00.000000Z,3.2566,3.258,3.2514,3.2567,2248048.4
2025-07-17T09:36:00.000000Z,3.2568,3.267,3.2539,3.2647,2078570.0
2025-07-17T09:37:00.000000Z,3.2647,3.2654,3.2604,3.2606,967270.5
2025-07-17T09:38:00.000000Z,3.2607,3.2646,3.2583,3.2595,901434.2
2025-07-17T09:39:00.000000Z,3.2595,3.2647,3.2584,3.2646,656964.9
2025-07-17T09:40:00.000000Z,3.2647,3.2695,3.2632,3.2689,1448232.7
2025-07-17T09:41:00.000000Z,3.2689,3.271,3.2661,3.2665,1343904.0
2025-07-17T09:42:00.000000Z,3.2666,3.2672,3.26,3.2606,1273652.0
2025-07-17T09:43:00.000000Z,3.2606,3.2721,3.2599,3.2716,1426883.0
2025-07-17T09:44:00.000000Z,3.2715,3.2754,3.2713,3.2735,2209781.1
2025-07-17T09:45:00.000000Z,3.2735,3.2741,3.2667,3.2683,1541671.8
2025-07-17T09:46:00.000000Z,3.2683,3.278,3.2679,3.2768,2233361.6
2025-07-17T09:47:00.000000Z,3.2767,3.2776,3.2659,3.2676,1670671.0
2025-07-17T09:48:00.000000Z,3.2675,3.2724,3.2674,3.27,1000761.1
2025-07-17T09:49:00.000000Z,3.2701,3.2712,3.2644,3.2653,1972397.0
2025-07-17T09:50:00.000000Z,3.2654,3.2654,3.2597,3.2607,1353218.9
2025-07-17T09:51:00.000000Z,3.2608,3.2648,3.2587,3.2643,1322487.4
2025-07-17T09:52:00.000000Z,3.2644,3.2689,3.2626,3.2664,624288.7
2025-07-17T09:53:00.000000Z,3.2663,3.2733,3.2649,3.2715,877909.5
2025-07-17T09:54:00.000000Z,3.2714,3.275,3.2695,3.2729,1159987.2
2025-07-17T09:55:00.000000Z,3.273,3.2793,3.2727,3.2755,1429877.0
2025-07-17T09:56:00.000000Z,3.2755,3.2789,3.2726,3.2765,1131102.6
2025-07-17T09:57:00.000000Z,3.2764,3.2776,3.2639,3.2652,1330307.1
2025-07-17T09:58:00.000000Z,3.2652,3.2736,3.2651,3.2696,1047001.1
2025-07-17T09:59:00.000000Z,3.2696,3.2733,3.2646,3.2646,1102846.7
2025-07-17T10:00:00.000000Z,3.2647,3.2698,3.2643,3.2684,2197268.8
2025-07-17T10:01:00.000000Z,3.2683,3.2788,3.2679,3.276,1446683.7
2025-07-17T10:02:00.000000Z,3.276,3.2774,3.2689,3.2691,1653548.7
2025-07-17T10:03:00.000000Z,3.2691,3.2778,3.2686,3.2769,1180900.7
2025-07-17T10:04:00.000000Z,3.2769,3.2784,3.2556,3.2557,4982560.0
2025-07-17T10:05:00.000000Z,3.2557,3.2601,3.2433,3.245,6853443.8
2025-07-17T10:06:00.000000Z,3.245,3.245,3.2234,3.2299,12171037.6
2025-07-17T10:07:00.000000Z,3.2299,3.2466,3.2266,3.2366,6450611.9
2025-07-17T10:08:00.000000Z,3.2368,3.2453,3.2305,3.243,4166391.6
2025-07-17T10:09:00.000000Z,3.2432,3.2518,3.2421,3.2469,2304093.9
2025-07-17T10:10:00.000000Z,3.2468,3.2508,3.242,3.2487,2487841.3
2025-07-17T10:11:00.000000Z,3.2486,3.262,3.2462,3.2525,3375845.1
2025-07-17T10:12:00.000000Z,3.2524,3.2566,3.2513,3.2563,1646118.2
2025-07-17T10:13:00.000000Z,3.2563,3.2571,3.2517,3.2552,838870.7
2025-07-17T10:14:00.000000Z,3.2552,3.2558,3.2476,3.2486,1599423.3
2025-07-17T10:15:00.000000Z,3.2485,3.2572,3.2457,3.2571,1249580.9
2025-07-17T10:16:00.000000Z,3.2572,3.258,3.2484,3.2484,1111720.0
2025-07-17T10:17:00.000000Z,3.2484,3.2537,3.2482,3.2499,1109970.2
2025-07-17T10:18:00.000000Z,3.25,3.2525,3.2486,3.2505,517683.1
2025-07-17T10:19:00.000000Z,3.2505,3.254,3.2487,3.2524,637500.0
2025-07-17T10:20:00.000000Z,3.2525,3.2525,3.249,3.251,741452.5
2025-07-17T10:21:00.000000Z,3.251,3.2522,3.248,3.2481,635147.5
2025-07-17T10:22:00.000000Z,3.2481,3.251,3.242,3.2437,1693873.4
2025-07-17T10:23:00.000000Z,3.2437,3.2453,3.2363,3.2407,2373938.0
2025-07-17T10:24:00.000000Z,3.2407,3.2505,3.2395,3.249,1118314.7
2025-07-17T10:25:00.000000Z,3.249,3.2493,3.2386,3.2387,1227191.2
2025-07-17T10:26:00.000000Z,3.2387,3.245,3.2386,3.2442,589771.4
2025-07-17T10:27:00.000000Z,3.2442,3.2449,3.2409,3.2432,481400.3
2025-07-17T10:28:00.000000Z,3.2432,3.2438,3.2396,3.2417,724340.4
2025-07-17T10:29:00.000000Z,3.2418,3.2477,3.2405,3.2449,634365.1
2025-07-17T10:30:00.000000Z,3.2449,3.2516,3.2449,3.2506,752043.4
2025-07-17T10:31:00.000000Z,3.2506,3.2556,3.2504,3.2516,915856.6
2025-07-17T10:32:00.000000Z,3.2516,3.2574,3.2509,3.2559,928452.1
2025-07-17T10:33:00.000000Z,3.256,3.2565,3.2524,3.2559,460691.2
2025-07-17T10:34:00.000000Z,3.2559,3.2625,3.2547,3.2609,827817.6
2025-07-17T10:35:00.000000Z,3.2609,3.2616,3.2556,3.2588,800123.0
2025-07-17T10:36:00.000000Z,3.2588,3.2594,3.2548,3.258,504239.6
2025-07-17T10:37:00.000000Z,3.258,3.2591,3.2517,3.2589,1603111.4
2025-07-17T10:38:00.000000Z,3.2588,3.2605,3.2526,3.2581,1241520.9
2025-07-17T10:39:00.000000Z,3.258,3.2596,3.253,3.2533,511339.8
2025-07-17T10:40:00.000000Z,3.2533,3.2533,3.2434,3.2434,1218875.3
2025-07-17T10:41:00.000000Z,3.2434,3.254,3.242,3.2536,920920.2
2025-07-17T10:42:00.000000Z,3.2535,3.2546,3.2463,3.2483,515955.7
2025-07-17T10:43:00.000000Z,3.2482,3.2483,3.2426,3.2426,739911.3
2025-07-17T10:44:00.000000Z,3.2426,3.2439,3.2382,3.243,1886068.3
2025-07-17T10:45:00.000000Z,3.2429,3.2499,3.2414,3.249,842309.3
2025-07-17T10:46:00.000000Z,3.249,3.2519,3.2461,3.2496,624850.6
2025-07-17T10:47:00.000000Z,3.2496,3.2636,3.2496,3.2627,2608003.6
2025-07-17T10:48:00.000000Z,3.2626,3.2632,3.2591,3.2591,942664.1
2025-07-17T10:49:00.000000Z,3.2591,3.2642,3.2574,3.2602,2074611.5
2025-07-17T10:50:00.000000Z,3.2603,3.2626,3.2583,3.26,1352979.3
2025-07-17T10:51:00.000000Z,3.26,3.2692,3.2592,3.2691,1875689.9
2025-07-17T10:52:00.000000Z,3.269,3.2693,3.2608,3.2628,1278492.6
2025-07-17T10:53:00.000000Z,3.2627,3.2702,3.2626,3.2663,1034123.1
2025-07-17T10:54:00.000000Z,3.2663,3.2685,3.2626,3.2632,721043.5
2025-07-17T10:55:00.000000Z,3.2632,3.2741,3.263,3.2728,1461967.6
2025-07-17T10:56:00.000000Z,3.2728,3.2742,3.2682,3.271,1372531.2
2025-07-17T10:57:00.000000Z,3.271,3.275,3.2698,3.2749,947987.6
2025-07-17T10:58:00.000000Z,3.275,3.2751,3.2712,3.273,940472.1
2025-07-17T10:59:00.000000Z,3.2729,3.2755,3.27,3.2755,850240.2
2025-07-17T11:00:00.000000Z,3.2756,3.279,3.2717,3.2719,2140576.7
2025-07-17T11:01:00.000000Z,3.272,3.2736,3.2634,3.2693,1944570.2
2025-07-17T11:02:00.000000Z,3.2692,3.2788,3.2673,3.2709,1265992.2
2025-07-17T11:03:00.000000Z,3.2708,3.2726,3.2641,3.2649,1508487.9
2025-07-17T11:04:00.000000Z,3.2648,3.2718,3.2632,3.2649,1012704.8
2025-07-17T11:05:00.000000Z,3.2648,3.2689,3.2636,3.2657,758393.4
2025-07-17T11:06:00.000000Z,3.2656,3.2656,3.2577,3.2595,1425463.0
2025-07-17T11:07:00.000000Z,3.2595,3.264,3.2589,3.2607,979797.7
2025-07-17T11:08:00.000000Z,3.2607,3.2617,3.2574,3.2581,730066.4
2025-07-17T11:09:00.000000Z,3.2581,3.2681,3.2577,3.2673,766371.4
2025-07-17T11:10:00.000000Z,3.2673,3.2715,3.262,3.2709,1973950.7
2025-07-17T11:11:00.000000Z,3.2708,3.2837,3.2702,3.2832,3758689.6
2025-07-17T11:12:00.000000Z,3.2832,3.2921,3.2771,3.2868,6367120.4
2025-07-17T11:13:00.000000Z,3.2868,3.2913,3.2857,3.2901,3533741.7
2025-07-17T11:14:00.000000Z,3.29,3.2971,3.2877,3.293,5384837.5
2025-07-17T11:15:00.000000Z,3.293,3.2977,3.2929,3.2963,3108081.1
2025-07-17T11:16:00.000000Z,3.2962,3.3023,3.2843,3.2866,6239184.4
2025-07-17T11:17:00.000000Z,3.2865,3.2998,3.2844,3.298,2770867.2
2025-07-17T11:18:00.000000Z,3.298,3.3006,3.2914,3.2914,2108857.3
2025-07-17T11:19:00.000000Z,3.2913,3.2982,3.2879,3.2975,1710942.0
2025-07-17T11:20:00.000000Z,3.2975,3.2975,3.286,3.2872,1681151.4
2025-07-17T11:21:00.000000Z,3.2872,3.2889,3.2796,3.2863,2226015.8
2025-07-17T11:22:00.000000Z,3.2862,3.2945,3.2856,3.2881,1019464.6
2025-07-17T11:23:00.000000Z,3.2881,3.2953,3.2881,3.2942,1749102.5
2025-07-17T11:24:00.000000Z,3.2941,3.295,3.2825,3.2871,1303017.3
2025-07-17T11:25:00.000000Z,3.287,3.2891,3.2825,3.2843,1247742.7
2025-07-17T11:26:00.000000Z,3.2844,3.2848,3.275,3.2772,2623018.2
2025-07-17T11:27:00.000000Z,3.2772,3.2786,3.2686,3.2704,3063146.6
2025-07-17T11:28:00.000000Z,3.2703,3.2746,3.268,3.2698,1736682.1
2025-07-17T11:29:00.000000Z,3.2699,3.278,3.2687,3.2772,1277026.5
2025-07-17T11:30:00.000000Z,3.2772,3.2779,3.2686,3.2688,1155041.0
2025-07-17T11:31:00.000000Z,3.2688,3.2697,3.2649,3.2687,2234515.0
2025-07-17T11:32:00.000000Z,3.2688,3.269,3.2559,3.2578,2940822.3
2025-07-17T11:33:00.000000Z,3.2579,3.2615,3.254,3.2575,2202559.3
2025-07-17T11:34:00.000000Z,3.2576,3.2588,3.254,3.2571,1788639.2
2025-07-17T11:35:00.000000Z,3.2571,3.26,3.2541,3.2564,1792254.2
2025-07-17T11:36:00.000000Z,3.2564,3.2594,3.2553,3.2588,1134237.6
2025-07-17T11:37:00.000000Z,3.2588,3.2626,3.2522,3.2524,1662657.1
2025-07-17T11:38:00.000000Z,3.2524,3.2579,3.25,3.2505,1832902.6
2025-07-17T11:39:00.000000Z,3.2504,3.2629,3.2504,3.2584,1864349.5
2025-07-17T11:40:00.000000Z,3.2583,3.2583,3.2542,3.2556,1014050.1
2025-07-17T11:41:00.000000Z,3.2555,3.2583,3.253,3.2536,534788.1
2025-07-17T11:42:00.000000Z,3.2537,3.2597,3.253,3.2588,714423.1
2025-07-17T11:43:00.000000Z,3.2589,3.2628,3.2578,3.2594,718953.4
2025-07-17T11:44:00.000000Z,3.2595,3.2638,3.2588,3.2608,953123.5
2025-07-17T11:45:00.000000Z,3.2609,3.2617,3.2559,3.2615,993947.0
2025-07-17T11:46:00.000000Z,3.2615,3.2679,3.2608,3.2677,1810228.3
2025-07-17T11:47:00.000000Z,3.2677,3.2693,3.26,3.2625,1174997.6
2025-07-17T11:48:00.000000Z,3.2624,3.2686,3.2614,3.2686,754752.8
2025-07-17T11:49:00.000000Z,3.2685,3.2702,3.2659,3.2698,851664.4
2025-07-17T11:50:00.000000Z,3.2698,3.2754,3.268,3.2714,1739285.2
2025-07-17T11:51:00.000000Z,3.2714,3.2754,3.2703,3.2738,775233.3
2025-07-17T11:52:00.000000Z,3.2738,3.2788,3.2731,3.2788,885851.3
2025-07-17T11:53:00.000000Z,3.2788,3.2861,3.2768,3.2789,2309586.0
2025-07-17T11:54:00.000000Z,3.2788,3.2828,3.2768,3.2791,745968.9
2025-07-17T11:55:00.000000Z,3.2791,3.2791,3.2632,3.2704,2643232.6
2025-07-17T11:56:00.000000Z,3.2703,3.2739,3.2666,3.2734,884876.2
2025-07-17T11:57:00.000000Z,3.2734,3.2744,3.2685,3.2706,738348.0
2025-07-17T11:58:00.000000Z,3.2706,3.2706,3.264,3.2641,611542.1
2025-07-17T11:59:00.000000Z,3.264,3.2676,3.2624,3.2645,1032648.1
2025-07-17T12:00:00.000000Z,3.2645,3.2733,3.2645,3.2733,965462.7
2025-07-17T12:01:00.000000Z,3.2732,3.2733,3.2683,3.2707,495930.3
2025-07-17T12:02:00.000000Z,3.2706,3.2731,3.262,3.2658,1978836.0
2025-07-17T12:03:00.000000Z,3.2659,3.2726,3.2625,3.2703,935813.9
2025-07-17T12:04:00.000000Z,3.2702,3.2704,3.2624,3.2636,960894.5
2025-07-17T12:05:00.000000Z,3.2637,3.2661,3.256,3.2565,1892045.3
2025-07-17T12:06:00.000000Z,3.2566,3.2572,3.2524,3.2537,2238450.9
2025-07-17T12:07:00.000000Z,3.2536,3.2538,3.243,3.2458,4235050.5
2025-07-17T12:08:00.000000Z,3.2457,3.2462,3.235,3.2413,4576118.3
2025-07-17T12:09:00.000000Z,3.2412,3.2434,3.2351,3.238,3029185.4
2025-07-17T12:10:00.000000Z,3.2383,3.2514,3.2373,3.2477,2238265.2
2025-07-17T12:11:00.000000Z,3.2477,3.26,3.2469,3.2542,2673253.9
2025-07-17T12:12:00.000000Z,3.2543,3.2566,3.2497,3.2518,1186016.5
2025-07-17T12:13:00.000000Z,3.2519,3.258,3.2494,3.2542,1131517.2
2025-07-17T12:14:00.000000Z,3.2542,3.2545,3.2474,3.2532,1652664.6
2025-07-17T12:15:00.000000Z,3.2532,3.2599,3.2529,3.2598,832007.9
2025-07-17T12:16:00.000000Z,3.2598,3.2625,3.2567,3.2622,952886.7
2025-07-17T12:17:00.000000Z,3.2622,3.2676,3.2597,3.2647,848870.6
2025-07-17T12:18:00.000000Z,3.2647,3.2699,3.2646,3.269,1164415.7
2025-07-17T12:19:00.000000Z,3.269,3.27,3.2647,3.2691,880037.5
2025-07-17T12:20:00.000000Z,3.269,3.2691,3.2611,3.2631,946822.3
2025-07-17T12:21:00.000000Z,3.2631,3.2643,3.2556,3.2572,973433.3
2025-07-17T12:22:00.000000Z,3.2572,3.2613,3.2506,3.2506,1144359.1
2025-07-17T12:23:00.000000Z,3.2506,3.2538,3.2466,3.2522,1792229.5
2025-07-17T12:24:00.000000Z,3.2522,3.2556,3.2485,3.2528,840341.3
2025-07-17T12:25:00.000000Z,3.2529,3.2598,3.2526,3.2529,730736.3
2025-07-17T12:26:00.000000Z,3.2529,3.2537,3.245,3.2451,1012991.4
2025-07-17T12:27:00.000000Z,3.2452,3.2507,3.2425,3.2496,1429088.7
2025-07-17T12:28:00.000000Z,3.2495,3.2508,3.2442,3.2442,826737.6
2025-07-17T12:29:00.000000Z,3.2443,3.2471,3.24,3.2411,1948886.5
2025-07-17T12:30:00.000000Z,3.2412,3.2637,3.2412,3.2609,3313492.3
2025-07-17T12:31:00.000000Z,3.2609,3.2611,3.254,3.2576,2025663.7
2025-07-17T12:32:00.000000Z,3.2579,3.2579,3.2481,3.255,1620395.1
2025-07-17T12:33:00.000000Z,3.255,3.2628,3.2509,3.2628,1241464.6
2025-07-17T12:34:00.000000Z,3.2628,3.263,3.255,3.2582,1333216.4
2025-07-17T12:35:00.000000Z,3.2583,3.2617,3.2535,3.2536,846215.0
2025-07-17T12:36:00.000000Z,3.2536,3.2593,3.2524,3.2569,630645.7
2025-07-17T12:37:00.000000Z,3.2569,3.2589,3.2514,3.2534,456084.3
2025-07-17T12:38:00.000000Z,3.2535,3.2566,3.25,3.2559,665123.4
2025-07-17T12:39:00.000000Z,3.256,3.2593,3.2548,3.2552,638374.5
2025-07-17T12:40:00.000000Z,3.2552,3.2624,3.252,3.2604,820645.5
2025-07-17T12:41:00.000000Z,3.2604,3.266,3.2601,3.2636,1201696.3
2025-07-17T12:42:00.000000Z,3.2635,3.2669,3.2614,3.2659,1794615.4
2025-07-17T12:43:00.000000Z,3.2663,3.2679,3.2594,3.2595,1562900.7
2025-07-17T12:44:00.000000Z,3.2596,3.2642,3.2596,3.2639,926423.2
2025-07-17T12:45:00.000000Z,3.264,3.264,3.2611,3.2612,792539.0
2025-07-17T12:46:00.000000Z,3.2612,3.2622,3.2578,3.2616,863608.1
2025-07-17T12:47:00.000000Z,3.2615,3.2633,3.2576,3.263,505315.2
2025-07-17T12:48:00.000000Z,3.2629,3.2735,3.2627,3.2731,2089536.2
2025-07-17T12:49:00.000000Z,3.2731,3.2764,3.2704,3.2744,1462810.4
2025-07-17T12:50:00.000000Z,3.2744,3.2777,3.2725,3.275,1307758.3
2025-07-17T12:51:00.000000Z,3.2751,3.2762,3.2706,3.2708,1002197.8
2025-07-17T12:52:00.000000Z,3.2709,3.2746,3.2686,3.2725,1466446.9
2025-07-17T12:53:00.000000Z,3.2725,3.2746,3.2709,3.2741,719105.3
2025-07-17T12:54:00.000000Z,3.2741,3.275,3.2715,3.274,737361.9
2025-07-17T12:55:00.000000Z,3.2741,3.275,3.2686,3.2705,493582.8
2025-07-17T12:56:00.000000Z,3.2705,3.2739,3.267,3.2683,639279.3
2025-07-17T12:57:00.000000Z,3.2683,3.2707,3.2657,3.2702,463714.3
2025-07-17T12:58:00.000000Z,3.2702,3.2707,3.2646,3.2653,495166.5
2025-07-17T12:59:00.000000Z,3.2652,3.2669,3.2614,3.2615,624072.0
2025-07-17T13:00:00.000000Z,3.2615,3.2615,3.2567,3.2583,1165767.6
2025-07-17T13:01:00.000000Z,3.2583,3.262,3.2554,3.2555,1155009.2
2025-07-17T13:02:00.000000Z,3.2554,3.2621,3.2539,3.2605,1670572.0
2025-07-17T13:03:00.000000Z,3.2605,3.2697,3.2604,3.2697,952868.2
2025-07-17T13:04:00.000000Z,3.2697,3.2706,3.2664,3.2678,1148052.3
2025-07-17T13:05:00.000000Z,3.2678,3.2737,3.2671,3.269,906781.7
2025-07-17T13:06:00.000000Z,3.2691,3.2691,3.2597,3.2608,727790.5
2025-07-17T13:07:00.000000Z,3.2608,3.2613,3.2517,3.2521,1312322.7
2025-07-17T13:08:00.000000Z,3.252,3.2521,3.2441,3.2466,3261242.5
2025-07-17T13:09:00.000000Z,3.2466,3.2562,3.2445,3.2503,1591789.2
2025-07-17T13:10:00.000000Z,3.2503,3.2541,3.2488,3.2498,712531.5
2025-07-17T13:11:00.000000Z,3.2498,3.2499,3.2452,3.2456,1051273.0
2025-07-17T13:12:00.000000Z,3.2457,3.2474,3.2422,3.2441,1114811.2
2025-07-17T13:13:00.000000Z,3.2442,3.2464,3.2402,3.2411,1294340.0
2025-07-17T13:14:00.000000Z,3.2412,3.2442,3.2401,3.2433,1027147.3
2025-07-17T13:15:00.000000Z,3.2433,3.2433,3.2335,3.2345,2847576.6
2025-07-17T13:16:00.000000Z,3.2345,3.2374,3.2306,3.2311,2483703.1
2025-07-17T13:17:00.000000Z,3.2311,3.2368,3.2304,3.2311,1653079.6
2025-07-17T13:18:00.000000Z,3.2312,3.2345,3.2261,3.2336,3550938.9
2025-07-17T13:19:00.000000Z,3.2336,3.2341,3.2298,3.2319,1672313.9
2025-07-17T13:20:00.000000Z,3.2319,3.2399,3.2308,3.2393,1972759.8
2025-07-17T13:21:00.000000Z,3.2393,3.2393,3.2284,3.23,1332510.3
2025-07-17T13:22:00.000000Z,3.23,3.2303,3.2028,3.2136,13900719.8
2025-07-17T13:23:00.000000Z,3.2138,3.2258,3.2132,3.2246,3613118.5
2025-07-17T13:24:00.000000Z,3.2247,3.225,3.2151,3.2169,1857810.3
2025-07-17T13:25:00.000000Z,3.217,3.2215,3.2152,3.221,2349247.0
2025-07-17T13:26:00.000000Z,3.221,3.2292,3.2204,3.2276,1872700.2
2025-07-17T13:27:00.000000Z,3.2277,3.2287,3.2241,3.2251,1036045.3
2025-07-17T13:28:00.000000Z,3.2251,3.2279,3.2187,3.2203,855300.9
2025-07-17T13:29:00.000000Z,3.2203,3.2227,3.2196,3.2209,596052.7
2025-07-17T13:30:00.000000Z,3.2209,3.2258,3.2116,3.2252,2584917.9
2025-07-17T13:31:00.000000Z,3.2252,3.2297,3.2222,3.2223,2054537.5
2025-07-17T13:32:00.000000Z,3.2224,3.224,3.2042,3.2084,3382872.6
2025-07-17T13:33:00.000000Z,3.2084,3.2095,3.1825,3.2011,14978651.4
2025-07-17T13:34:00.000000Z,3.2011,3.2011,3.1904,3.1956,3837328.7
2025-07-17T13:35:00.000000Z,3.1957,3.2111,3.1914,3.2078,4055648.7
2025-07-17T13:36:00.000000Z,3.2078,3.2079,3.1993,3.2013,2439135.8
2025-07-17T13:37:00.000000Z,3.2011,3.215,3.201,3.215,2667769.0
2025-07-17T13:38:00.000000Z,3.215,3.215,3.2048,3.2082,1732152.8
2025-07-17T13:39:00.000000Z,3.2082,3.2183,3.2082,3.2105,2987901.5
2025-07-17T13:40:00.000000Z,3.2106,3.219,3.2075,3.2096,5482951.6
2025-07-17T13:41:00.000000Z,3.2097,3.2188,3.2082,3.2166,1323748.6
2025-07-17T13:42:00.000000Z,3.2166,3.2187,3.2111,3.2129,929609.1
2025-07-17T13:43:00.000000Z,3.213,3.2173,3.21,3.2102,1649546.1
2025-07-17T13:44:00.000000Z,3.2102,3.2111,3.1953,3.1958,3054216.6
2025-07-17T13:45:00.000000Z,3.1956,3.2017,3.1884,3.1959,6551207.7
2025-07-17T13:46:00.000000Z,3.1958,3.1958,3.17,3.1903,11989521.1
2025-07-17T13:47:00.000000Z,3.1904,3.2001,3.1858,3.1966,4200707.3
2025-07-17T13:48:00.000000Z,3.1966,3.212,3.1966,3.2115,3599640.2
2025-07-17T13:49:00.000000Z,3.2114,3.215,3.2056,3.2135,2204913.5
2025-07-17T13:50:00.000000Z,3.2136,3.2216,3.2123,3.2201,3935416.1
2025-07-17T13:51:00.000000Z,3.2202,3.2255,3.2162,3.2253,2271967.7
2025-07-17T13:52:00.000000Z,3.2253,3.2301,3.2225,3.226,2960796.2
2025-07-17T13:53:00.000000Z,3.226,3.2379,3.226,3.2355,3858876.2
2025-07-17T13:54:00.000000Z,3.2354,3.2407,3.232,3.2375,4916472.2
2025-07-17T13:55:00.000000Z,3.2374,3.2374,3.2256,3.2291,2655600.2
2025-07-17T13:56:00.000000Z,3.2291,3.2346,3.2272,3.2346,1388603.3
2025-07-17T13:57:00.000000Z,3.2347,3.2352,3.2294,3.2337,827012.6
2025-07-17T13:58:00.000000Z,3.2336,3.2348,3.2302,3.2325,1027054.6
2025-07-17T13:59:00.000000Z,3.2325,3.2347,3.2289,3.2289,1519361.1
2025-07-17T14:00:00.000000Z,3.2288,3.238,3.2284,3.2356,1983115.5
2025-07-17T14:01:00.000000Z,3.2355,3.2381,3.2318,3.2324,1341592.2
2025-07-17T14:02:00.000000Z,3.2325,3.2471,3.2323,3.2404,3367962.2
2025-07-17T14:03:00.000000Z,3.2403,3.2424,3.2368,3.2413,1379249.4
2025-07-17T14:04:00.000000Z,3.2412,3.2461,3.2333,3.2342,1505813.9
2025-07-17T14:05:00.000000Z,3.2343,3.2396,3.2335,3.2357,1213082.5
2025-07-17T14:06:00.000000Z,3.2357,3.2409,3.235,3.2409,935101.5
2025-07-17T14:07:00.000000Z,3.2409,3.246,3.2387,3.2449,1116620.0
2025-07-17T14:08:00.000000Z,3.2448,3.2449,3.2356,3.2356,1551313.2
2025-07-17T14:09:00.000000Z,3.2355,3.2475,3.2331,3.2471,1534095.0
2025-07-17T14:10:00.000000Z,3.247,3.247,3.2383,3.2415,1516527.1
2025-07-17T14:11:00.000000Z,3.2416,3.2451,3.2364,3.2385,955965.6
2025-07-17T14:12:00.000000Z,3.2385,3.2385,3.2338,3.2341,1161248.6
2025-07-17T14:13:00.000000Z,3.234,3.2377,3.23,3.2365,1167785.7
2025-07-17T14:14:00.000000Z,3.2365,3.2457,3.2343,3.2446,1127561.8
2025-07-17T14:15:00.000000Z,3.2445,3.2465,3.2333,3.2367,1188009.4
2025-07-17T14:16:00.000000Z,3.2368,3.245,3.2367,3.2409,980673.2
2025-07-17T14:17:00.000000Z,3.2409,3.245,3.2384,3.2416,894824.0
2025-07-17T14:18:00.000000Z,3.2415,3.243,3.2369,3.2383,910308.6
2025-07-17T14:19:00.000000Z,3.2385,3.239,3.2312,3.2337,1014791.6
2025-07-17T14:20:00.000000Z,3.2337,3.2371,3.233,3.2359,453675.0
2025-07-17T14:21:00.000000Z,3.2358,3.2434,3.2341,3.243,888562.6
2025-07-17T14:22:00.000000Z,3.2429,3.244,3.2386,3.2411,950483.8
2025-07-17T14:23:00.000000Z,3.2411,3.2411,3.2344,3.2372,775415.3
2025-07-17T14:24:00.000000Z,3.2371,3.2411,3.2343,3.2382,1000326.9
2025-07-17T14:25:00.000000Z,3.2381,3.2432,3.2381,3.242,711782.2
2025-07-17T14:26:00.000000Z,3.242,3.2468,3.2416,3.2462,603328.0
2025-07-17T14:27:00.000000Z,3.2461,3.2461,3.2405,3.2425,468517.8
2025-07-17T14:28:00.000000Z,3.2425,3.2449,3.2385,3.2386,638814.6
2025-07-17T14:29:00.000000Z,3.2386,3.2458,3.2386,3.2449,797109.4
2025-07-17T14:30:00.000000Z,3.2449,3.2484,3.2438,3.2473,848851.0
2025-07-17T14:31:00.000000Z,3.2473,3.2484,3.2423,3.244,1048299.2
2025-07-17T14:32:00.000000Z,3.244,3.2528,3.2439,3.2522,1516822.3
2025-07-17T14:33:00.000000Z,3.2522,3.257,3.2512,3.2535,2463336.0
2025-07-17T14:34:00.000000Z,3.2535,3.2557,3.2525,3.2544,722275.0
2025-07-17T14:35:00.000000Z,3.2543,3.2573,3.2534,3.2562,2075818.0
2025-07-17T14:36:00.000000Z,3.2562,3.2562,3.2489,3.2509,1387790.9
2025-07-17T14:37:00.000000Z,3.2508,3.2522,3.244,3.2448,1399917.8
2025-07-17T14:38:00.000000Z,3.2448,3.2502,3.2448,3.2468,1208644.3
2025-07-17T14:39:00.000000Z,3.2469,3.2533,3.2458,3.2503,1136412.8
2025-07-17T14:40:00.000000Z,3.2502,3.2524,3.2477,3.2524,690782.2
2025-07-17T14:41:00.000000Z,3.2524,3.2537,3.2502,3.2502,792465.4
2025-07-17T14:42:00.000000Z,3.2502,3.2528,3.2482,3.2483,635138.5
2025-07-17T14:43:00.000000Z,3.2483,3.2485,3.245,3.2459,531244.5
2025-07-17T14:44:00.000000Z,3.2459,3.2488,3.245,3.2463,976697.7
2025-07-17T14:45:00.000000Z,3.2464,3.2532,3.2464,3.2523,760998.1
2025-07-17T14:46:00.000000Z,3.2522,3.2531,3.2497,3.2511,467949.9
2025-07-17T14:47:00.000000Z,3.2511,3.2531,3.25,3.252,440769.3
2025-07-17T14:48:00.000000Z,3.2519,3.2526,3.2494,3.2523,471549.9
2025-07-17T14:49:00.000000Z,3.2522,3.2539,3.2503,3.2537,524750.6
2025-07-17T14:50:00.000000Z,3.2537,3.2571,3.2528,3.2559,870786.3
2025-07-17T14:51:00.000000Z,3.2558,3.2571,3.2541,3.2544,472199.5
2025-07-17T14:52:00.000000Z,3.2544,3.2578,3.2535,3.2553,497490.4
2025-07-17T14:53:00.000000Z,3.2552,3.258,3.2546,3.2563,452506.4
2025-07-17T14:54:00.000000Z,3.2564,3.2564,3.2503,3.2512,545113.9
2025-07-17T14:55:00.000000Z,3.2513,3.2521,3.249,3.2495,603343.4
2025-07-17T14:56:00.000000Z,3.2494,3.2499,3.2431,3.2445,1538309.9
2025-07-17T14:57:00.000000Z,3.2445,3.2446,3.235,3.2358,1931199.2
2025-07-17T14:58:00.000000Z,3.2358,3.241,3.2338,3.2393,1295268.6
2025-07-17T14:59:00.000000Z,3.2392,3.2392,3.2336,3.2348,768432.5
2025-07-17T15:00:00.000000Z,3.2349,3.2393,3.2321,3.2391,1802332.6
2025-07-17T15:01:00.000000Z,3.239,3.2394,3.2309,3.2355,1185724.4
2025-07-17T15:02:00.000000Z,3.2356,3.2395,3.2354,3.2378,640187.0
2025-07-17T15:03:00.000000Z,3.2377,3.2435,3.2377,3.2399,700543.3
2025-07-17T15:04:00.000000Z,3.2398,3.241,3.2255,3.2256,1908441.0
2025-07-17T15:05:00.000000Z,3.2256,3.2348,3.223,3.2332,2104244.7
2025-07-17T15:06:00.000000Z,3.2331,3.2345,3.2303,3.2318,1069227.1
2025-07-17T15:07:00.000000Z,3.2318,3.2334,3.2068,3.2141,6895408.6
2025-07-17T15:08:00.000000Z,3.2141,3.218,3.208,3.2161,3434490.6
2025-07-17T15:09:00.000000Z,3.216,3.216,3.2089,3.215,1413546.0
2025-07-17T15:10:00.000000Z,3.215,3.2164,3.2095,3.2114,950260.0
2025-07-17T15:11:00.000000Z,3.2114,3.2129,3.2084,3.2122,1175724.9
2025-07-17T15:12:00.000000Z,3.2121,3.2177,3.2063,3.2175,1726194.9
2025-07-17T15:13:00.000000Z,3.2174,3.2177,3.2113,3.2127,778277.5
2025-07-17T15:14:00.000000Z,3.2127,3.2148,3.1951,3.2027,6270540.5
2025-07-17T15:15:00.000000Z,3.2028,3.2044,3.1983,3.2007,2083967.1
2025-07-17T15:16:00.000000Z,3.2004,3.2119,3.1987,3.2116,1394189.5
2025-07-17T15:17:00.000000Z,3.2116,3.2185,3.2107,3.2177,2231745.5
2025-07-17T15:18:00.000000Z,3.2177,3.2193,3.213,3.2171,1124105.5
2025-07-17T15:19:00.000000Z,3.2171,3.2228,3.2152,3.2196,1114506.8
2025-07-17T15:20:00.000000Z,3.2196,3.2259,3.2181,3.2242,1379913.3
2025-07-17T15:21:00.000000Z,3.2242,3.226,3.2193,3.2193,930015.2
2025-07-17T15:22:00.000000Z,3.2192,3.2307,3.2186,3.2291,805617.5
2025-07-17T15:23:00.000000Z,3.2291,3.2377,3.2291,3.2377,1268479.9
2025-07-17T15:24:00.000000Z,3.2376,3.2387,3.2334,3.236,912792.7
2025-07-17T15:25:00.000000Z,3.2359,3.2359,3.228,3.2293,1152817.2
2025-07-17T15:26:00.000000Z,3.2293,3.2339,3.2292,3.2337,447036.4
2025-07-17T15:27:00.000000Z,3.2337,3.2343,3.2283,3.2283,611663.5
2025-07-17T15:28:00.000000Z,3.2283,3.2311,3.2262,3.2277,694991.8
2025-07-17T15:29:00.000000Z,3.2277,3.2309,3.2274,3.2296,483607.0
2025-07-17T15:30:00.000000Z,3.2295,3.2386,3.2295,3.2368,1617930.8
2025-07-17T15:31:00.000000Z,3.2367,3.2368,3.2303,3.2303,443121.8
2025-07-17T15:32:00.000000Z,3.2303,3.233,3.2268,3.2315,641979.0
2025-07-17T15:33:00.000000Z,3.2316,3.2335,3.2293,3.2293,318543.7
2025-07-17T15:34:00.000000Z,3.2293,3.2368,3.2293,3.2353,512622.9
2025-07-17T15:35:00.000000Z,3.2352,3.2374,3.2336,3.2355,465087.4
2025-07-17T15:36:00.000000Z,3.2355,3.2359,3.2293,3.2298,360393.3
2025-07-17T15:37:00.000000Z,3.2296,3.2393,3.2296,3.2392,419566.6
2025-07-17T15:38:00.000000Z,3.2391,3.2424,3.2367,3.2412,1035612.6
2025-07-17T15:39:00.000000Z,3.2411,3.2442,3.24,3.2431,642358.8
2025-07-17T15:40:00.000000Z,3.2431,3.2513,3.2431,3.2487,2680200.9
2025-07-17T15:41:00.000000Z,3.2487,3.2546,3.2487,3.2525,1591994.3
2025-07-17T15:42:00.000000Z,3.2525,3.2536,3.2499,3.2526,863813.6
2025-07-17T15:43:00.000000Z,3.2527,3.2544,3.2514,3.2519,574532.2
2025-07-17T15:44:00.000000Z,3.2519,3.2538,3.25,3.2515,940883.2
2025-07-17T15:45:00.000000Z,3.2516,3.2521,3.2461,3.2499,1119421.1
2025-07-17T15:46:00.000000Z,3.25,3.25,3.2439,3.2468,866264.6
2025-07-17T15:47:00.000000Z,3.2467,3.2539,3.2455,3.2538,691946.6
2025-07-17T15:48:00.000000Z,3.2538,3.2538,3.2496,3.252,600922.2
2025-07-17T15:49:00.000000Z,3.252,3.254,3.2487,3.2539,942509.1
2025-07-17T15:50:00.000000Z,3.2539,3.26,3.2526,3.2572,1352953.8
2025-07-17T15:51:00.000000Z,3.2572,3.2586,3.251,3.2553,1189540.4
2025-07-17T15:52:00.000000Z,3.2553,3.2579,3.2538,3.2574,761460.9
2025-07-17T15:53:00.000000Z,3.2575,3.2638,3.2562,3.2638,1499357.9
2025-07-17T15:54:00.000000Z,3.2637,3.2647,3.2604,3.261,1079415.1
2025-07-17T15:55:00.000000Z,3.2611,3.264,3.2596,3.2616,546487.7
2025-07-17T15:56:00.000000Z,3.2615,3.2625,3.2591,3.2603,713843.5
2025-07-17T15:57:00.000000Z,3.2603,3.2634,3.255,3.2576,900616.2
2025-07-17T15:58:00.000000Z,3.2576,3.2587,3.2548,3.2572,498470.8
2025-07-17T15:59:00.000000Z,3.2571,3.2571,3.2531,3.2546,990380.2
2025-07-17T16:00:00.000000Z,3.2546,3.2612,3.2538,3.2608,1827614.0
2025-07-17T16:01:00.000000Z,3.2609,3.2663,3.2609,3.2629,1065947.7
2025-07-17T16:02:00.000000Z,3.2629,3.2666,3.2629,3.2658,802708.0
2025-07-17T16:03:00.000000Z,3.2657,3.2663,3.2605,3.2605,847689.4
2025-07-17T16:04:00.000000Z,3.2605,3.2643,3.2584,3.2635,854802.6
2025-07-17T16:05:00.000000Z,3.2634,3.2635,3.2561,3.2563,561756.5
2025-07-17T16:06:00.000000Z,3.2564,3.2591,3.2539,3.2571,765175.7
2025-07-17T16:07:00.000000Z,3.2571,3.2592,3.2508,3.2523,975951.6
2025-07-17T16:08:00.000000Z,3.2522,3.263,3.2515,3.2621,1746444.3
2025-07-17T16:09:00.000000Z,3.2621,3.2671,3.2548,3.2548,1598441.3
2025-07-17T16:10:00.000000Z,3.2548,3.2577,3.248,3.2491,1176290.6
2025-07-17T16:11:00.000000Z,3.2491,3.2507,3.2473,3.2481,974094.7
2025-07-17T16:12:00.000000Z,3.2481,3.2556,3.2477,3.2534,784260.6
2025-07-17T16:13:00.000000Z,3.2534,3.2565,3.2487,3.2555,695174.7
2025-07-17T16:14:00.000000Z,3.2554,3.2558,3.2515,3.2552,416165.1
2025-07-17T16:15:00.000000Z,3.2551,3.2552,3.244,3.2459,1018334.6
2025-07-17T16:16:00.000000Z,3.2458,3.247,3.2401,3.2459,1290549.8
2025-07-17T16:17:00.000000Z,3.2458,3.2479,3.24,3.2479,1673851.4
2025-07-17T16:18:00.000000Z,3.2479,3.2524,3.2447,3.2453,1226280.2
2025-07-17T16:19:00.000000Z,3.2448,3.2534,3.2448,3.2528,799296.4
2025-07-17T16:20:00.000000Z,3.2528,3.2583,3.2465,3.2583,1051698.0
2025-07-17T16:21:00.000000Z,3.2583,3.2709,3.2552,3.2632,3383049.7
2025-07-17T16:22:00.000000Z,3.2631,3.2719,3.2614,3.2706,2468210.8
2025-07-17T16:23:00.000000Z,3.2707,3.2715,3.2612,3.2629,2184052.9
2025-07-17T16:24:00.000000Z,3.2629,3.2677,3.2619,3.2626,927018.8
2025-07-17T16:25:00.000000Z,3.2625,3.2653,3.2578,3.2589,754908.1
2025-07-17T16:26:00.000000Z,3.259,3.2746,3.259,3.2713,2536851.3
2025-07-17T16:27:00.000000Z,3.2714,3.2722,3.2608,3.2609,1169326.2
2025-07-17T16:28:00.000000Z,3.2609,3.268,3.2574,3.2651,923361.5
2025-07-17T16:29:00.000000Z,3.2651,3.2651,3.2487,3.2568,2678380.9
2025-07-17T16:30:00.000000Z,3.2569,3.2571,3.2424,3.2432,1788474.6
2025-07-17T16:31:00.000000Z,3.2433,3.2473,3.234,3.2434,4199966.4
2025-07-17T16:32:00.000000Z,3.2435,3.2472,3.2357,3.2359,1686494.2
2025-07-17T16:33:00.000000Z,3.236,3.2385,3.2297,3.2353,3159754.4
2025-07-17T16:34:00.000000Z,3.2352,3.2391,3.2223,3.2257,3725510.1
2025-07-17T16:35:00.000000Z,3.2257,3.2383,3.2251,3.2302,3808772.6
2025-07-17T16:36:00.000000Z,3.2302,3.24,3.2289,3.2338,2717755.6
2025-07-17T16:37:00.000000Z,3.2337,3.2369,3.2289,3.2335,1062376.5
2025-07-17T16:38:00.000000Z,3.2334,3.2408,3.233,3.2389,1513908.9
2025-07-17T16:39:00.000000Z,3.239,3.25,3.233,3.25,1391532.0
2025-07-17T16:40:00.000000Z,3.2499,3.2499,3.2392,3.2398,2438257.1
2025-07-17T16:41:00.000000Z,3.24,3.2585,3.24,3.2577,3932314.8
2025-07-17T16:42:00.000000Z,3.2576,3.2612,3.2513,3.2514,1801624.7
2025-07-17T16:43:00.000000Z,3.2514,3.2593,3.2514,3.2593,906626.9
2025-07-17T16:44:00.000000Z,3.2593,3.2593,3.2507,3.256,919181.3
2025-07-17T16:45:00.000000Z,3.2559,3.2564,3.2522,3.256,892468.9
2025-07-17T16:46:00.000000Z,3.256,3.2614,3.251,3.2611,1032391.6
2025-07-17T16:47:00.000000Z,3.2612,3.2647,3.2593,3.2605,1863241.8
2025-07-17T16:48:00.000000Z,3.2606,3.2617,3.255,3.2604,1109245.0
2025-07-17T16:49:00.000000Z,3.2603,3.2604,3.2507,3.2508,1110722.8
2025-07-17T16:50:00.000000Z,3.2508,3.2618,3.2507,3.2597,915356.2
2025-07-17T16:51:00.000000Z,3.2597,3.2669,3.2596,3.2653,1204572.2
2025-07-17T16:52:00.000000Z,3.2654,3.2656,3.2567,3.2573,696348.3
2025-07-17T16:53:00.000000Z,3.2574,3.2684,3.2574,3.2634,1294550.7
2025-07-17T16:54:00.000000Z,3.2634,3.2651,3.2603,3.2603,817641.5
2025-07-17T16:55:00.000000Z,3.2603,3.2615,3.2496,3.2517,1402757.7
2025-07-17T16:56:00.000000Z,3.2516,3.2557,3.244,3.2556,1202051.2
2025-07-17T16:57:00.000000Z,3.2555,3.2638,3.2538,3.2623,1580433.1
2025-07-17T16:58:00.000000Z,3.2622,3.2666,3.2605,3.2658,1513905.7
2025-07-17T16:59:00.000000Z,3.2658,3.2675,3.2645,3.2671,632739.1
2025-07-17T17:00:00.000000Z,3.267,3.2681,3.265,3.2652,958183.0
2025-07-17T17:01:00.000000Z,3.2651,3.2674,3.2632,3.2652,727867.5
2025-07-17T17:02:00.000000Z,3.2653,3.2663,3.2573,3.2611,2179876.1
2025-07-17T17:03:00.000000Z,3.261,3.2646,3.2592,3.26,816006.8
2025-07-17T17:04:00.000000Z,3.2601,3.2616,3.2591,3.2613,435736.1
2025-07-17T17:05:00.000000Z,3.2613,3.2615,3.2569,3.2583,747520.7
2025-07-17T17:06:00.000000Z,3.2584,3.267,3.2583,3.2669,515058.9
2025-07-17T17:07:00.000000Z,3.267,3.268,3.2642,3.2653,835839.4
2025-07-17T17:08:00.000000Z,3.2653,3.2712,3.2652,3.2693,1616482.7
2025-07-17T17:09:00.000000Z,3.2692,3.2736,3.269,3.2735,1075710.2
2025-07-17T17:10:00.000000Z,3.2735,3.2816,3.2722,3.2815,2716313.4
2025-07-17T17:11:00.000000Z,3.2815,3.284,3.2702,3.2721,4856312.5
2025-07-17T17:12:00.000000Z,3.2721,3.2725,3.2607,3.2657,2107649.0
2025-07-17T17:13:00.000000Z,3.2658,3.2723,3.2643,3.2699,1058494.4
2025-07-17T17:14:00.000000Z,3.2699,3.2728,3.2684,3.2695,848768.5
2025-07-17T17:15:00.000000Z,3.2696,3.2757,3.2674,3.2728,1060972.6
2025-07-17T17:16:00.000000Z,3.2727,3.2727,3.2678,3.2688,1117343.5
2025-07-17T17:17:00.000000Z,3.2688,3.2749,3.2677,3.269,1539782.9
2025-07-17T17:18:00.000000Z,3.269,3.2766,3.2641,3.2759,1121043.9
2025-07-17T17:19:00.000000Z,3.2759,3.2769,3.2716,3.2721,1192635.6
2025-07-17T17:20:00.000000Z,3.2722,3.2772,3.268,3.2685,769677.5
2025-07-17T17:21:00.000000Z,3.2685,3.2693,3.2622,3.2626,915929.2
2025-07-17T17:22:00.000000Z,3.2626,3.2706,3.2612,3.2706,715385.5
2025-07-17T17:23:00.000000Z,3.2705,3.28,3.2698,3.2742,1185466.0
2025-07-17T17:24:00.000000Z,3.2742,3.2823,3.2741,3.2822,908933.5
2025-07-17T17:25:00.000000Z,3.2821,3.288,3.2798,3.2868,2444280.5
2025-07-17T17:26:00.000000Z,3.2868,3.2896,3.2857,3.2873,1447244.5
2025-07-17T17:27:00.000000Z,3.2873,3.295,3.2819,3.2913,3362276.7
2025-07-17T17:28:00.000000Z,3.2914,3.3073,3.2859,3.3007,14257375.6
2025-07-17T17:29:00.000000Z,3.3007,3.3067,3.2894,3.2916,5351845.9
2025-07-17T17:30:00.000000Z,3.2916,3.2964,3.2856,3.2868,2931583.9
2025-07-17T17:31:00.000000Z,3.2869,3.2872,3.2781,3.2842,2386158.4
2025-07-17T17:32:00.000000Z,3.2842,3.2842,3.275,3.2777,2208085.6
2025-07-17T17:33:00.000000Z,3.2777,3.2794,3.2748,3.2774,1172072.1
2025-07-17T17:34:00.000000Z,3.2775,3.2828,3.2738,3.2826,1189876.1
2025-07-17T17:35:00.000000Z,3.2826,3.2937,3.2815,3.2842,1884668.6
2025-07-17T17:36:00.000000Z,3.2843,3.2915,3.2842,3.287,835418.2
2025-07-17T17:37:00.000000Z,3.2869,3.2891,3.2781,3.283,1345377.5
2025-07-17T17:38:00.000000Z,3.283,3.2841,3.2761,3.2774,858455.0
2025-07-17T17:39:00.000000Z,3.2774,3.2783,3.2722,3.2728,1790462.4
2025-07-17T17:40:00.000000Z,3.2728,3.2739,3.2649,3.2666,2832073.0
2025-07-17T17:41:00.000000Z,3.2667,3.2729,3.2662,3.2706,1196273.9
2025-07-17T17:42:00.000000Z,3.2706,3.2729,3.2694,3.2724,868496.2
2025-07-17T17:43:00.000000Z,3.2724,3.2732,3.2679,3.268,1013096.1
2025-07-17T17:44:00.000000Z,3.2681,3.2693,3.2666,3.2685,867356.3
2025-07-17T17:45:00.000000Z,3.2685,3.27,3.2655,3.2662,972266.9
2025-07-17T17:46:00.000000Z,3.2663,3.2747,3.2658,3.2717,748886.6
2025-07-17T17:47:00.000000Z,3.2717,3.2833,3.2717,3.2816,1319283.8
2025-07-17T17:48:00.000000Z,3.2817,3.3026,3.2814,3.2935,4517782.2
2025-07-17T17:49:00.000000Z,3.2936,3.2964,3.2914,3.2948,1400303.1
2025-07-17T17:50:00.000000Z,3.2949,3.2956,3.2891,3.2893,1291782.1
2025-07-17T17:51:00.000000Z,3.2895,3.2938,3.2881,3.2908,1145242.2
2025-07-17T17:52:00.000000Z,3.2909,3.2919,3.2888,3.2888,1014844.2
2025-07-17T17:53:00.000000Z,3.2889,3.2909,3.2826,3.2887,1993465.2
2025-07-17T17:54:00.000000Z,3.2888,3.2968,3.2888,3.2964,987618.6
2025-07-17T17:55:00.000000Z,3.2964,3.305,3.2964,3.3048,2146569.4
2025-07-17T17:56:00.000000Z,3.3048,3.3148,3.3,3.3107,6464015.8
2025-07-17T17:57:00.000000Z,3.3108,3.3194,3.3078,3.3191,4023521.9
2025-07-17T17:58:00.000000Z,3.3191,3.3194,3.3098,3.3161,3461867.6
2025-07-17T17:59:00.000000Z,3.3162,3.3222,3.3137,3.3176,2838667.8
2025-07-17T18:00:00.000000Z,3.3176,3.3406,3.3175,3.3187,7826264.7
2025-07-17T18:01:00.000000Z,3.3187,3.3308,3.3154,3.3164,3966428.8
2025-07-17T18:02:00.000000Z,3.3165,3.3184,3.3041,3.3046,3464831.9
2025-07-17T18:03:00.000000Z,3.3047,3.314,3.3047,3.3136,2653906.1
2025-07-17T18:04:00.000000Z,3.3136,3.3186,3.3072,3.3164,1499818.5
2025-07-17T18:05:00.000000Z,3.3163,3.3227,3.3148,3.3188,1682766.8
2025-07-17T18:06:00.000000Z,3.3188,3.3249,3.3181,3.3189,1565351.6
2025-07-17T18:07:00.000000Z,3.319,3.3286,3.319,3.3259,1624966.7
2025-07-17T18:08:00.000000Z,3.3259,3.3307,3.325,3.3289,2201373.4
2025-07-17T18:09:00.000000Z,3.3289,3.3348,3.3264,3.3344,2685134.5
2025-07-17T18:10:00.000000Z,3.3345,3.3373,3.3279,3.3298,3343670.5
2025-07-17T18:11:00.000000Z,3.3297,3.3338,3.3254,3.3304,2056520.1
2025-07-17T18:12:00.000000Z,3.3304,3.3372,3.3291,3.3366,1626641.4
2025-07-17T18:13:00.000000Z,3.3365,3.3372,3.3267,3.3312,1978750.5
2025-07-17T18:14:00.000000Z,3.3313,3.3335,3.3236,3.3334,1422363.9
2025-07-17T18:15:00.000000Z,3.3334,3.3367,3.331,3.3341,1994173.2
2025-07-17T18:16:00.000000Z,3.334,3.3346,3.3272,3.3274,1590290.4
2025-07-17T18:17:00.000000Z,3.3275,3.329,3.3213,3.3223,1621458.4
2025-07-17T18:18:00.000000Z,3.3222,3.325,3.3176,3.3201,1796609.6
2025-07-17T18:19:00.000000Z,3.32,3.3249,3.3186,3.3247,1274288.0
2025-07-17T18:20:00.000000Z,3.3246,3.3278,3.3217,3.3264,1357588.9
2025-07-17T18:21:00.000000Z,3.3264,3.3281,3.3237,3.3243,947220.5
2025-07-17T18:22:00.000000Z,3.3244,3.3279,3.3206,3.3279,1680752.7
2025-07-17T18:23:00.000000Z,3.3279,3.328,3.3183,3.3199,1234600.7
2025-07-17T18:24:00.000000Z,3.32,3.3218,3.3177,3.3194,1095594.2
2025-07-17T18:25:00.000000Z,3.3194,3.3194,3.3077,3.3084,2336650.6
2025-07-17T18:26:00.000000Z,3.3083,3.32,3.3051,3.3151,2212918.2
2025-07-17T18:27:00.000000Z,3.3151,3.3158,3.3121,3.3134,727938.3
2025-07-17T18:28:00.000000Z,3.3133,3.3197,3.3128,3.3144,1082162.7
2025-07-17T18:29:00.000000Z,3.3143,3.3157,3.312,3.3121,559127.5
2025-07-17T18:30:00.000000Z,3.3121,3.3169,3.3107,3.311,729563.4
2025-07-17T18:31:00.000000Z,3.3111,3.3171,3.309,3.3171,910687.1
2025-07-17T18:32:00.000000Z,3.317,3.3256,3.3148,3.3247,1342317.3
2025-07-17T18:33:00.000000Z,3.3246,3.3267,3.3212,3.326,918370.4
2025-07-17T18:34:00.000000Z,3.3259,3.3286,3.3244,3.3247,960675.1
2025-07-17T18:35:00.000000Z,3.3248,3.3256,3.32,3.32,1028311.4
2025-07-17T18:36:00.000000Z,3.32,3.3309,3.32,3.3262,1262362.1
2025-07-17T18:37:00.000000Z,3.3263,3.33,3.323,3.3287,565450.4
2025-07-17T18:38:00.000000Z,3.3288,3.334,3.3287,3.3331,1166425.9
2025-07-17T18:39:00.000000Z,3.3331,3.335,3.3295,3.3345,1323923.0
2025-07-17T18:40:00.000000Z,3.3346,3.3408,3.3326,3.3396,1845332.1
2025-07-17T18:41:00.000000Z,3.3397,3.3477,3.3381,3.3468,3572537.7
2025-07-17T18:42:00.000000Z,3.3468,3.3526,3.337,3.3371,5415776.6
2025-07-17T18:43:00.000000Z,3.3372,3.3466,3.3356,3.3423,2302845.0
2025-07-17T18:44:00.000000Z,3.3423,3.3475,3.3353,3.337,3913583.6
2025-07-17T18:45:00.000000Z,3.337,3.35,3.337,3.3477,4035917.8
2025-07-17T18:46:00.000000Z,3.3477,3.35,3.3388,3.3402,1795529.2
2025-07-17T18:47:00.000000Z,3.3402,3.348,3.3402,3.3474,1514305.6
2025-07-17T18:48:00.000000Z,3.3473,3.3499,3.3453,3.3493,1803856.5
2025-07-17T18:49:00.000000Z,3.3492,3.3493,3.3418,3.3445,2204942.1
2025-07-17T18:50:00.000000Z,3.3445,3.3521,3.3437,3.3508,1423681.9
2025-07-17T18:51:00.000000Z,3.3508,3.3515,3.345,3.3453,1450872.3
2025-07-17T18:52:00.000000Z,3.3454,3.3568,3.3421,3.3532,4527181.8
2025-07-17T18:53:00.000000Z,3.3532,3.3596,3.3449,3.3542,4173929.2
2025-07-17T18:54:00.000000Z,3.3543,3.3627,3.3511,3.3608,3784282.8
2025-07-17T18:55:00.000000Z,3.3607,3.3643,3.3558,3.3606,2962165.9
2025-07-17T18:56:00.000000Z,3.3607,3.3629,3.3519,3.352,1431150.3
2025-07-17T18:57:00.000000Z,3.352,3.3616,3.3519,3.3602,1695441.5
2025-07-17T18:58:00.000000Z,3.3603,3.3642,3.3551,3.3574,1460783.4
2025-07-17T18:59:00.000000Z,3.3573,3.3605,3.3547,3.3562,1207685.0
2025-07-17T19:00:00.000000Z,3.3563,3.3598,3.352,3.3564,2250573.2
2025-07-17T19:01:00.000000Z,3.3564,3.3564,3.3468,3.3486,1824218.3
2025-07-17T19:02:00.000000Z,3.3485,3.3543,3.3474,3.352,1334163.6
2025-07-17T19:03:00.000000Z,3.3521,3.366,3.3521,3.3655,1897738.5
2025-07-17T19:04:00.000000Z,3.3656,3.3712,3.364,3.368,2639213.6
2025-07-17T19:05:00.000000Z,3.368,3.3699,3.3633,3.3644,3623867.3
2025-07-17T19:06:00.000000Z,3.3643,3.365,3.3564,3.3588,1292395.6
2025-07-17T19:07:00.000000Z,3.3588,3.3652,3.3569,3.364,1865440.1
2025-07-17T19:08:00.000000Z,3.3639,3.366,3.3612,3.3623,1079101.7
2025-07-17T19:09:00.000000Z,3.3623,3.3643,3.3576,3.3611,1118987.5
2025-07-17T19:10:00.000000Z,3.361,3.3661,3.3568,3.3568,2256494.3
2025-07-17T19:11:00.000000Z,3.3568,3.3593,3.3531,3.3552,1421196.3
2025-07-17T19:12:00.000000Z,3.3552,3.3655,3.3551,3.3634,2011036.1
2025-07-17T19:13:00.000000Z,3.3633,3.3665,3.3608,3.3624,1741290.9
2025-07-17T19:14:00.000000Z,3.3625,3.3645,3.3606,3.3607,882623.4
2025-07-17T19:15:00.000000Z,3.3606,3.3618,3.3568,3.359,817122.3
2025-07-17T19:16:00.000000Z,3.3591,3.3759,3.3584,3.3728,2423034.6
2025-07-17T19:17:00.000000Z,3.3729,3.378,3.3685,3.369,3134041.1
2025-07-17T19:18:00.000000Z,3.3691,3.371,3.3659,3.3675,2108902.7
2025-07-17T19:19:00.000000Z,3.3676,3.3763,3.3633,3.374,2856968.1
2025-07-17T19:20:00.000000Z,3.374,3.3774,3.3731,3.3768,2381243.4
2025-07-17T19:21:00.000000Z,3.3769,3.3782,3.3729,3.3761,1759109.6
2025-07-17T19:22:00.000000Z,3.3761,3.3774,3.375,3.3767,1185943.1
2025-07-17T19:23:00.000000Z,3.3767,3.3767,3.367,3.3684,1657783.0
2025-07-17T19:24:00.000000Z,3.3685,3.3743,3.3675,3.3742,1201422.9
2025-07-17T19:25:00.000000Z,3.3742,3.3742,3.3672,3.37,944341.6
2025-07-17T19:26:00.000000Z,3.3701,3.3766,3.3662,3.3744,1029474.1
2025-07-17T19:27:00.000000Z,3.3745,3.3758,3.3725,3.3752,663450.6
2025-07-17T19:28:00.000000Z,3.3752,3.3812,3.3735,3.3799,2334280.1
2025-07-17T19:29:00.000000Z,3.3799,3.3834,3.3788,3.3833,2805860.7
2025-07-17T19:30:00.000000Z,3.3833,3.386,3.3807,3.3808,2418361.9
2025-07-17T19:31:00.000000Z,3.3808,3.3846,3.3748,3.3748,2431577.7
2025-07-17T19:32:00.000000Z,3.3749,3.389,3.3749,3.3862,3648090.4
2025-07-17T19:33:00.000000Z,3.3862,3.388,3.3828,3.3879,1918466.9
2025-07-17T19:34:00.000000Z,3.3879,3.4,3.3789,3.3904,14476121.5
2025-07-17T19:35:00.000000Z,3.3903,3.4045,3.3838,3.3853,12411133.6
2025-07-17T19:36:00.000000Z,3.3853,3.3927,3.3721,3.3791,5516094.5
2025-07-17T19:37:00.000000Z,3.3791,3.3828,3.3702,3.3707,3004851.8
2025-07-17T19:38:00.000000Z,3.3707,3.3707,3.354,3.3656,5743357.2
2025-07-17T19:39:00.000000Z,3.3656,3.3656,3.3465,3.3557,7127861.0
2025-07-17T19:40:00.000000Z,3.3557,3.3665,3.3531,3.3665,2535512.1
2025-07-17T19:41:00.000000Z,3.3664,3.386,3.3646,3.3793,5873203.0
2025-07-17T19:42:00.000000Z,3.3794,3.3807,3.3642,3.3694,3846094.7
2025-07-17T19:43:00.000000Z,3.3694,3.3777,3.3649,3.365,2171820.9
2025-07-17T19:44:00.000000Z,3.365,3.3665,3.3565,3.3661,4487313.3
2025-07-17T19:45:00.000000Z,3.3662,3.3662,3.355,3.3568,2301728.7
2025-07-17T19:46:00.000000Z,3.3569,3.3594,3.3499,3.3546,3993357.1
2025-07-17T19:47:00.000000Z,3.3546,3.3566,3.35,3.3524,2906835.8
2025-07-17T19:48:00.000000Z,3.3525,3.3528,3.3354,3.3385,7870657.8
2025-07-17T19:49:00.000000Z,3.3385,3.3529,3.3353,3.3529,4003592.7
2025-07-17T19:50:00.000000Z,3.3528,3.3545,3.3455,3.3509,2348272.1
2025-07-17T19:51:00.000000Z,3.3509,3.3559,3.3504,3.3517,1863991.2
2025-07-17T19:52:00.000000Z,3.3517,3.3591,3.3454,3.3479,1799878.3
2025-07-17T19:53:00.000000Z,3.3479,3.3505,3.3404,3.3432,1913185.4
2025-07-17T19:54:00.000000Z,3.3433,3.3485,3.3372,3.3376,1483369.6
2025-07-17T19:55:00.000000Z,3.3376,3.3398,3.3229,3.3233,6181574.9
2025-07-17T19:56:00.000000Z,3.3234,3.3277,3.3162,3.3194,6622940.3
2025-07-17T19:57:00.000000Z,3.3195,3.3287,3.3154,3.3262,5202609.2
2025-07-17T19:58:00.000000Z,3.3261,3.3276,3.3154,3.3233,3991556.5
2025-07-17T19:59:00.000000Z,3.3233,3.3233,3.3038,3.3087,10422313.6
2025-07-17T20:00:00.000000Z,3.3088,3.3244,3.3087,3.3229,8068810.9
2025-07-17T20:01:00.000000Z,3.3228,3.3246,3.314,3.314,2764418.3
2025-07-17T20:02:00.000000Z,3.314,3.3278,3.313,3.323,3166789.4
2025-07-17T20:03:00.000000Z,3.323,3.3293,3.3157,3.3199,4207191.6
2025-07-17T20:04:00.000000Z,3.3199,3.3252,3.3135,3.3181,3683166.5
2025-07-17T20:05:00.000000Z,3.3181,3.3181,3.2864,3.2919,10307001.0
2025-07-17T20:06:00.000000Z,3.292,3.3134,3.2888,3.3093,4777874.2
2025-07-17T20:07:00.000000Z,3.3092,3.316,3.3,3.3076,4904288.7
2025-07-17T20:08:00.000000Z,3.3077,3.3147,3.3034,3.3034,1995892.1
2025-07-17T20:09:00.000000Z,3.3034,3.3138,3.3007,3.3081,2388753.3
2025-07-17T20:10:00.000000Z,3.3081,3.3244,3.3026,3.3231,4046464.0
2025-07-17T20:11:00.000000Z,3.3231,3.3324,3.3195,3.3323,4478591.1
2025-07-17T20:12:00.000000Z,3.3323,3.3462,3.3298,3.3416,4977832.6
2025-07-17T20:13:00.000000Z,3.3416,3.3445,3.3357,3.3385,2277209.3
2025-07-17T20:14:00.000000Z,3.3386,3.3476,3.3352,3.3363,2006170.5
2025-07-17T20:15:00.000000Z,3.3363,3.3389,3.3281,3.332,2826187.2
2025-07-17T20:16:00.000000Z,3.3321,3.343,3.3316,3.333,1934420.1
2025-07-17T20:17:00.000000Z,3.333,3.3444,3.325,3.3431,2630770.6
2025-07-17T20:18:00.000000Z,3.343,3.343,3.332,3.3364,1843223.4
2025-07-17T20:19:00.000000Z,3.3363,3.3404,3.33,3.3383,1405387.8
2025-07-17T20:20:00.000000Z,3.3382,3.3385,3.3171,3.3184,2607329.9
2025-07-17T20:21:00.000000Z,3.3184,3.3356,3.3118,3.3318,2885462.3
2025-07-17T20:22:00.000000Z,3.3316,3.3429,3.3236,3.3237,2523722.1
2025-07-17T20:23:00.000000Z,3.3237,3.332,3.3237,3.3305,1305157.1
2025-07-17T20:24:00.000000Z,3.3306,3.336,3.3221,3.3358,1552334.9
2025-07-17T20:25:00.000000Z,3.336,3.3483,3.3328,3.3482,1877652.7
2025-07-17T20:26:00.000000Z,3.3482,3.36,3.3437,3.3547,2532834.5
2025-07-17T20:27:00.000000Z,3.3547,3.3615,3.3547,3.3584,2489607.0
2025-07-17T20:28:00.000000Z,3.3585,3.3634,3.3535,3.3535,2449038.4
2025-07-17T20:29:00.000000Z,3.3534,3.356,3.3407,3.3473,2234572.0
2025-07-17T20:30:00.000000Z,3.3474,3.3642,3.3465,3.3597,2897855.8
2025-07-17T20:31:00.000000Z,3.3597,3.3648,3.3563,3.3587,1887767.3
2025-07-17T20:32:00.000000Z,3.3587,3.3598,3.3527,3.3539,1439549.1
2025-07-17T20:33:00.000000Z,3.354,3.3635,3.3524,3.3608,4045649.8
2025-07-17T20:34:00.000000Z,3.3608,3.361,3.3487,3.3499,1995843.2
2025-07-17T20:35:00.000000Z,3.35,3.361,3.35,3.3596,1273397.0
2025-07-17T20:36:00.000000Z,3.3597,3.3643,3.3589,3.3626,1206208.5
2025-07-17T20:37:00.000000Z,3.3627,3.3632,3.36,3.361,662914.2
2025-07-17T20:38:00.000000Z,3.3611,3.3711,3.3603,3.3685,2123522.1
2025-07-17T20:39:00.000000Z,3.3686,3.3699,3.3623,3.3648,859480.8
2025-07-17T20:40:00.000000Z,3.3648,3.3654,3.3589,3.3593,1454948.1
2025-07-17T20:41:00.000000Z,3.3593,3.3629,3.3585,3.3628,471570.8
2025-07-17T20:42:00.000000Z,3.3629,3.367,3.3597,3.3619,451608.7
2025-07-17T20:43:00.000000Z,3.3619,3.3663,3.3594,3.3637,1095281.6
2025-07-17T20:44:00.000000Z,3.3637,3.3648,3.3551,3.3551,1187732.5
2025-07-17T20:45:00.000000Z,3.355,3.3649,3.3531,3.3632,1283342.7
2025-07-17T20:46:00.000000Z,3.3632,3.3669,3.3601,3.3612,827007.5
2025-07-17T20:47:00.000000Z,3.3612,3.371,3.3602,3.3703,1382373.9
2025-07-17T20:48:00.000000Z,3.3704,3.3775,3.3683,3.3763,2201423.9
2025-07-17T20:49:00.000000Z,3.3762,3.3763,3.3708,3.3715,1444403.7
2025-07-17T20:50:00.000000Z,3.3714,3.3748,3.3681,3.3723,1580074.1
2025-07-17T20:51:00.000000Z,3.3724,3.3753,3.369,3.3734,835972.3
2025-07-17T20:52:00.000000Z,3.3734,3.3789,3.3718,3.3775,1093005.8
2025-07-17T20:53:00.000000Z,3.3774,3.3782,3.3732,3.3755,689310.1
2025-07-17T20:54:00.000000Z,3.3754,3.3766,3.3629,3.3692,1537515.5
2025-07-17T20:55:00.000000Z,3.3693,3.3695,3.3609,3.3614,987445.7
2025-07-17T20:56:00.000000Z,3.3615,3.3624,3.3525,3.3548,1604871.8
2025-07-17T20:57:00.000000Z,3.3547,3.3578,3.351,3.352,1201587.3
2025-07-17T20:58:00.000000Z,3.3521,3.3611,3.3519,3.358,806180.3
2025-07-17T20:59:00.000000Z,3.358,3.3623,3.3521,3.362,1572144.6
2025-07-17T21:00:00.000000Z,3.3621,3.3654,3.3559,3.3589,2090939.0
2025-07-17T21:01:00.000000Z,3.3588,3.373,3.358,3.3697,1921913.9
2025-07-17T21:02:00.000000Z,3.3696,3.3814,3.367,3.3793,5332779.9
2025-07-17T21:03:00.000000Z,3.3793,3.382,3.3774,3.3809,1318475.0
2025-07-17T21:04:00.000000Z,3.3809,3.391,3.3799,3.3902,5048840.4
2025-07-17T21:05:00.000000Z,3.3901,3.4121,3.3819,3.3916,14420911.7
2025-07-17T21:06:00.000000Z,3.3917,3.4254,3.3916,3.4191,15849315.5
2025-07-17T21:07:00.000000Z,3.4189,3.4566,3.4168,3.4404,18992066.8
2025-07-17T21:08:00.000000Z,3.4405,3.4507,3.4252,3.4439,7471354.2
2025-07-17T21:09:00.000000Z,3.4436,3.4571,3.4432,3.4543,7463371.2
2025-07-17T21:10:00.000000Z,3.4544,3.4654,3.439,3.4502,9807007.8
2025-07-17T21:11:00.000000Z,3.4501,3.4589,3.445,3.4479,5144152.6
2025-07-17T21:12:00.000000Z,3.4479,3.4499,3.4192,3.4253,8609448.4
2025-07-17T21:13:00.000000Z,3.4254,3.4467,3.4187,3.438,6960177.8
2025-07-17T21:14:00.000000Z,3.438,3.4532,3.4368,3.4494,4664446.8
2025-07-17T21:15:00.000000Z,3.4494,3.4616,3.448,3.4616,4323940.7
2025-07-17T21:16:00.000000Z,3.4611,3.4769,3.4576,3.4706,7392947.1
2025-07-17T21:17:00.000000Z,3.4707,3.4901,3.4551,3.458,10219031.4
2025-07-17T21:18:00.000000Z,3.4579,3.4726,3.457,3.4687,4550545.0
2025-07-17T21:19:00.000000Z,3.4686,3.479,3.4629,3.4785,2504171.5
2025-07-17T21:20:00.000000Z,3.4785,3.4795,3.4622,3.4714,4343695.6
2025-07-17T21:21:00.000000Z,3.4713,3.476,3.4666,3.4703,2790651.2
2025-07-17T21:22:00.000000Z,3.4702,3.478,3.4678,3.4777,2230238.1
2025-07-17T21:23:00.000000Z,3.4777,3.4871,3.4753,3.4847,4081845.6
2025-07-17T21:24:00.000000Z,3.4846,3.4924,3.4711,3.4742,4459459.5
2025-07-17T21:25:00.000000Z,3.4742,3.4753,3.45,3.4526,6708224.4
2025-07-17T21:26:00.000000Z,3.4526,3.4698,3.4526,3.4586,4190038.3
2025-07-17T21:27:00.000000Z,3.4587,3.4673,3.4465,3.4471,6426305.9
2025-07-17T21:28:00.000000Z,3.4471,3.4633,3.437,3.4602,5057365.0
2025-07-17T21:29:00.000000Z,3.4601,3.4767,3.4595,3.4766,3156721.1
2025-07-17T21:30:00.000000Z,3.4767,3.4782,3.463,3.464,2853175.1
2025-07-17T21:31:00.000000Z,3.464,3.4651,3.4538,3.4557,1929638.4
2025-07-17T21:32:00.000000Z,3.4557,3.4636,3.4508,3.4592,1813474.4
2025-07-17T21:33:00.000000Z,3.4592,3.4649,3.4539,3.454,1323007.1
2025-07-17T21:34:00.000000Z,3.454,3.4591,3.451,3.4547,1432314.0
2025-07-17T21:35:00.000000Z,3.4546,3.4553,3.4308,3.4332,2896048.8
2025-07-17T21:36:00.000000Z,3.4331,3.4432,3.4131,3.4203,10507738.8
2025-07-17T21:37:00.000000Z,3.4203,3.4236,3.4,3.4212,9534157.1
2025-07-17T21:38:00.000000Z,3.4213,3.4438,3.4204,3.4372,4942053.9
2025-07-17T21:39:00.000000Z,3.4373,3.4387,3.424,3.4349,3215657.0
2025-07-17T21:40:00.000000Z,3.4348,3.4448,3.4273,3.4447,1623829.2
2025-07-17T21:41:00.000000Z,3.4446,3.4548,3.4442,3.4509,2030527.3
2025-07-17T21:42:00.000000Z,3.4508,3.4618,3.4502,3.4564,2662411.0
2025-07-17T21:43:00.000000Z,3.4564,3.4618,3.4543,3.4549,1118225.4
2025-07-17T21:44:00.000000Z,3.455,3.4699,3.4549,3.4698,1799841.6
2025-07-17T21:45:00.000000Z,3.4698,3.4885,3.4696,3.472,4423190.5
2025-07-17T21:46:00.000000Z,3.472,3.479,3.4541,3.4542,2476748.7
2025-07-17T21:47:00.000000Z,3.4541,3.4608,3.4497,3.4584,1367574.6
2025-07-17T21:48:00.000000Z,3.4583,3.4675,3.4581,3.4655,786966.4
2025-07-17T21:49:00.000000Z,3.4656,3.4693,3.4653,3.4687,836643.7
2025-07-17T21:50:00.000000Z,3.4688,3.4713,3.4613,3.4639,1051611.7
2025-07-17T21:51:00.000000Z,3.4639,3.4774,3.4512,3.477,2459829.3
2025-07-17T21:52:00.000000Z,3.477,3.507,3.4765,3.5023,11912703.6
2025-07-17T21:53:00.000000Z,3.5022,3.55,3.497,3.5359,16672998.6
2025-07-17T21:54:00.000000Z,3.5359,3.5362,3.5103,3.5119,5260773.0
2025-07-17T21:55:00.000000Z,3.5118,3.5533,3.5099,3.548,7338740.9
2025-07-17T21:56:00.000000Z,3.5479,3.5552,3.5353,3.5491,5717985.7
2025-07-17T21:57:00.000000Z,3.5491,3.5491,3.5318,3.5379,3818411.7
2025-07-17T21:58:00.000000Z,3.538,3.545,3.5166,3.5399,4634357.4
2025-07-17T21:59:00.000000Z,3.5403,3.5407,3.5111,3.5159,6731281.6
2025-07-17T22:00:00.000000Z,3.5161,3.5188,3.4866,3.5018,9244757.3
2025-07-17T22:01:00.000000Z,3.5017,3.5219,3.5008,3.5218,2944229.2
2025-07-17T22:02:00.000000Z,3.5217,3.533,3.5039,3.5105,4331965.5
2025-07-17T22:03:00.000000Z,3.5105,3.5145,3.4975,3.5035,3440796.7
2025-07-17T22:04:00.000000Z,3.5035,3.5061,3.4929,3.4965,2791547.4
2025-07-17T22:05:00.000000Z,3.4964,3.4965,3.4652,3.481,9749897.4
2025-07-17T22:06:00.000000Z,3.4811,3.4848,3.4702,3.4714,2298917.4
2025-07-17T22:07:00.000000Z,3.4714,3.49,3.4713,3.4838,2594876.6
2025-07-17T22:08:00.000000Z,3.4839,3.4962,3.4764,3.488,2268866.5
2025-07-17T22:09:00.000000Z,3.488,3.4953,3.4859,3.4914,2033806.3
2025-07-17T22:10:00.000000Z,3.4914,3.4924,3.4812,3.4835,1870622.4
2025-07-17T22:11:00.000000Z,3.4836,3.495,3.4759,3.4916,1690987.4
2025-07-17T22:12:00.000000Z,3.4916,3.4964,3.4822,3.4826,1641305.6
2025-07-17T22:13:00.000000Z,3.4827,3.4886,3.476,3.4865,2007244.7
2025-07-17T22:14:00.000000Z,3.4865,3.5006,3.4839,3.4958,4390848.1
2025-07-17T22:15:00.000000Z,3.4958,3.5055,3.4884,3.4892,4265248.7
2025-07-17T22:16:00.000000Z,3.4892,3.4897,3.4776,3.4821,2158432.7
2025-07-17T22:17:00.000000Z,3.4822,3.485,3.4787,3.4812,1654080.2
2025-07-17T22:18:00.000000Z,3.4812,3.482,3.473,3.4749,1869516.5
2025-07-17T22:19:00.000000Z,3.475,3.484,3.4712,3.4798,1636490.4
2025-07-17T22:20:00.000000Z,3.4799,3.4825,3.462,3.4626,3366924.2
2025-07-17T22:21:00.000000Z,3.4626,3.4716,3.4558,3.4664,3450203.0
2025-07-17T22:22:00.000000Z,3.4663,3.474,3.465,3.4738,1289935.2
2025-07-17T22:23:00.000000Z,3.4737,3.4826,3.4713,3.4773,2175549.6
2025-07-17T22:24:00.000000Z,3.4774,3.4847,3.4756,3.4769,1237635.7
2025-07-17T22:25:00.000000Z,3.4768,3.4843,3.4766,3.478,963214.9
2025-07-17T22:26:00.000000Z,3.4779,3.4816,3.4723,3.4732,937136.0
2025-07-17T22:27:00.000000Z,3.4733,3.4755,3.4703,3.474,783286.1
2025-07-17T22:28:00.000000Z,3.474,3.4819,3.472,3.472,854222.6
2025-07-17T22:29:00.000000Z,3.4721,3.4774,3.4721,3.4722,436047.6
2025-07-17T22:30:00.000000Z,3.4722,3.4751,3.4662,3.4683,1395055.5
2025-07-17T22:31:00.000000Z,3.4683,3.481,3.465,3.4793,1629928.2
2025-07-17T22:32:00.000000Z,3.4792,3.4825,3.4755,3.4779,1386736.6
2025-07-17T22:33:00.000000Z,3.4778,3.4918,3.4767,3.4904,2015725.7
2025-07-17T22:34:00.000000Z,3.4904,3.496,3.4863,3.4868,1740292.9
2025-07-17T22:35:00.000000Z,3.4869,3.4925,3.4862,3.4895,1179181.9
2025-07-17T22:36:00.000000Z,3.4896,3.4924,3.4871,3.4873,849671.6
2025-07-17T22:37:00.000000Z,3.4873,3.4967,3.4873,3.4908,1147263.4
2025-07-17T22:38:00.000000Z,3.4907,3.4907,3.4856,3.4879,1005549.2
2025-07-17T22:39:00.000000Z,3.4879,3.4899,3.4834,3.4835,763512.4
2025-07-17T22:40:00.000000Z,3.4836,3.4957,3.4806,3.4947,1347699.9
2025-07-17T22:41:00.000000Z,3.4946,3.4997,3.4899,3.4939,1090145.5
2025-07-17T22:42:00.000000Z,3.4939,3.4952,3.488,3.4881,620889.7
2025-07-17T22:43:00.000000Z,3.488,3.4925,3.4851,3.4903,821347.9
2025-07-17T22:44:00.000000Z,3.4902,3.4928,3.4874,3.4913,1319122.1
2025-07-17T22:45:00.000000Z,3.4913,3.4971,3.4832,3.4968,1502305.7
2025-07-17T22:46:00.000000Z,3.4968,3.4969,3.4889,3.4914,1091527.7
2025-07-17T22:47:00.000000Z,3.4914,3.4947,3.4843,3.4868,947744.0
2025-07-17T22:48:00.000000Z,3.487,3.4934,3.4865,3.4923,1225128.0
2025-07-17T22:49:00.000000Z,3.4923,3.4981,3.4874,3.4874,1016504.9
2025-07-17T22:50:00.000000Z,3.4874,3.4874,3.4754,3.4779,1985483.4
2025-07-17T22:51:00.000000Z,3.4778,3.4801,3.4666,3.4679,1852483.5
2025-07-17T22:52:00.000000Z,3.468,3.4719,3.4672,3.4696,1410667.3
2025-07-17T22:53:00.000000Z,3.4697,3.4697,3.4456,3.4499,4761586.7
2025-07-17T22:54:00.000000Z,3.4498,3.4636,3.4456,3.4611,2865956.6
2025-07-17T22:55:00.000000Z,3.4611,3.4657,3.4512,3.4657,2167856.3
2025-07-17T22:56:00.000000Z,3.4657,3.4701,3.46,3.469,1518990.8
2025-07-17T22:57:00.000000Z,3.4691,3.4709,3.4646,3.4657,1028822.6
2025-07-17T22:58:00.000000Z,3.4656,3.4764,3.4656,3.4721,1061987.9
2025-07-17T22:59:00.000000Z,3.472,3.477,3.4712,3.476,997731.0
2025-07-17T23:00:00.000000Z,3.476,3.481,3.4733,3.4766,1207453.8
2025-07-17T23:01:00.000000Z,3.4767,3.488,3.4767,3.4812,1486606.0
2025-07-17T23:02:00.000000Z,3.4813,3.4859,3.4782,3.4859,1096082.7
2025-07-17T23:03:00.000000Z,3.4858,3.4884,3.4813,3.4871,1178266.1
2025-07-17T23:04:00.000000Z,3.4871,3.4933,3.4871,3.4907,1313205.3
2025-07-17T23:05:00.000000Z,3.4906,3.491,3.477,3.4772,1247933.9
2025-07-17T23:06:00.000000Z,3.4771,3.4884,3.4765,3.4849,1117804.6
2025-07-17T23:07:00.000000Z,3.4849,3.5034,3.4822,3.5024,4891090.1
2025-07-17T23:08:00.000000Z,3.5023,3.5168,3.5003,3.516,4623137.2
2025-07-17T23:09:00.000000Z,3.5163,3.5334,3.5134,3.5251,6135530.4
2025-07-17T23:10:00.000000Z,3.5252,3.5381,3.5251,3.5365,4708482.7
2025-07-17T23:11:00.000000Z,3.5365,3.5377,3.5239,3.5282,3801760.6
2025-07-17T23:12:00.000000Z,3.5283,3.539,3.5282,3.5318,3063433.4
2025-07-17T23:13:00.000000Z,3.5318,3.5333,3.5073,3.5208,3791320.7
2025-07-17T23:14:00.000000Z,3.5207,3.5212,3.5124,3.5157,2717905.0
2025-07-17T23:15:00.000000Z,3.5156,3.5313,3.5144,3.5259,2750292.3
2025-07-17T23:16:00.000000Z,3.5258,3.5311,3.5231,3.5272,1880940.6
2025-07-17T23:17:00.000000Z,3.5272,3.5372,3.5171,3.5239,2436893.4
2025-07-17T23:18:00.000000Z,3.5238,3.5348,3.5201,3.5348,1885965.5
2025-07-17T23:19:00.000000Z,3.5349,3.5396,3.528,3.529,1927651.2
2025-07-17T23:20:00.000000Z,3.529,3.5371,3.525,3.5333,1905404.7
2025-07-17T23:21:00.000000Z,3.5334,3.5432,3.5315,3.5315,2890899.1
2025-07-17T23:22:00.000000Z,3.5315,3.5404,3.5315,3.5394,1539121.5
2025-07-17T23:23:00.000000Z,3.5392,3.5404,3.5335,3.537,1245050.0
2025-07-17T23:24:00.000000Z,3.5369,3.5371,3.5263,3.5356,1661028.7
2025-07-17T23:25:00.000000Z,3.5356,3.5357,3.5241,3.533,1212820.3
2025-07-17T23:26:00.000000Z,3.5329,3.5409,3.5324,3.5381,2171195.3
2025-07-17T23:27:00.000000Z,3.538,3.54,3.528,3.528,1191506.0
2025-07-17T23:28:00.000000Z,3.528,3.5364,3.5273,3.5364,997822.5
2025-07-17T23:29:00.000000Z,3.5364,3.5376,3.5315,3.5341,1724344.2
2025-07-17T23:30:00.000000Z,3.534,3.5341,3.5222,3.5247,1899331.4
2025-07-17T23:31:00.000000Z,3.5247,3.5299,3.523,3.5235,1467098.9
2025-07-17T23:32:00.000000Z,3.5235,3.5235,3.5175,3.5193,1767169.4
2025-07-17T23:33:00.000000Z,3.5193,3.5319,3.5193,3.5236,1363307.7
2025-07-17T23:34:00.000000Z,3.5236,3.5278,3.5219,3.5257,1214436.8
2025-07-17T23:35:00.000000Z,3.5257,3.5379,3.5168,3.5342,2532545.3
2025-07-17T23:36:00.000000Z,3.5342,3.5348,3.5251,3.5285,1983682.4
2025-07-17T23:37:00.000000Z,3.5285,3.5325,3.5272,3.5277,1316843.9
2025-07-17T23:38:00.000000Z,3.5277,3.532,3.5222,3.531,1171795.5
2025-07-17T23:39:00.000000Z,3.5309,3.531,3.5111,3.512,2711401.7
2025-07-17T23:40:00.000000Z,3.512,3.5205,3.5117,3.5166,1169165.2
2025-07-17T23:41:00.000000Z,3.5164,3.5215,3.5134,3.5165,2264057.4
2025-07-17T23:42:00.000000Z,3.5166,3.529,3.5155,3.5289,1679347.0
2025-07-17T23:43:00.000000Z,3.5289,3.5298,3.5258,3.5295,1268410.4
2025-07-17T23:44:00.000000Z,3.5295,3.5306,3.5251,3.5284,1220373.8
2025-07-17T23:45:00.000000Z,3.5283,3.5283,3.5184,3.5217,1369369.8
2025-07-17T23:46:00.000000Z,3.522,3.5344,3.522,3.5339,1995529.3
2025-07-17T23:47:00.000000Z,3.5339,3.5408,3.5328,3.5384,2270147.8
2025-07-17T23:48:00.000000Z,3.5383,3.5555,3.533,3.5369,7801738.9
2025-07-17T23:49:00.000000Z,3.5369,3.5397,3.505,3.5126,6793842.2
2025-07-17T23:50:00.000000Z,3.5125,3.5125,3.4922,3.4967,6266232.7
2025-07-17T23:51:00.000000Z,3.4967,3.5036,3.4925,3.4944,2896357.4
2025-07-17T23:52:00.000000Z,3.4944,3.5018,3.4867,3.4955,3266826.1
2025-07-17T23:53:00.000000Z,3.4954,3.5035,3.4926,3.5035,2242526.8
2025-07-17T23:54:00.000000Z,3.5034,3.5034,3.4915,3.4975,1281999.4
2025-07-17T23:55:00.000000Z,3.4976,3.5075,3.4877,3.5044,3499074.7
2025-07-17T23:56:00.000000Z,3.5044,3.5054,3.4968,3.4983,1107651.5
2025-07-17T23:57:00.000000Z,3.4984,3.5026,3.4962,3.4984,1067521.4
2025-07-17T23:58:00.000000Z,3.4984,3.5004,3.481,3.4835,5146343.6
2025-07-17T23:59:00.000000Z,3.4835,3.4882,3.4773,3.484,3159213.5
2025-07-18T00:00:00.000000Z,3.4841,3.5043,3.4835,3.5037,3375346.6
2025-07-18T00:01:00.000000Z,3.5037,3.5066,3.4931,3.4942,2489852.2
2025-07-18T00:02:00.000000Z,3.4943,3.4994,3.4889,3.4893,2548106.2
2025-07-18T00:03:00.000000Z,3.4894,3.5012,3.4881,3.5012,1189180.3
2025-07-18T00:04:00.000000Z,3.5011,3.5118,3.4974,3.5117,1561979.7
2025-07-18T00:05:00.000000Z,3.5114,3.5149,3.5018,3.5088,3280696.0
2025-07-18T00:06:00.000000Z,3.5089,3.5209,3.5064,3.52,2176704.2
2025-07-18T00:07:00.000000Z,3.5199,3.5332,3.518,3.5209,3289529.9
2025-07-18T00:08:00.000000Z,3.5209,3.5276,3.5088,3.5108,2818563.3
2025-07-18T00:09:00.000000Z,3.5107,3.5223,3.505,3.5094,1444371.8
2025-07-18T00:10:00.000000Z,3.5094,3.5121,3.4856,3.4874,3262293.0
2025-07-18T00:11:00.000000Z,3.4875,3.4906,3.4821,3.484,2291897.2
2025-07-18T00:12:00.000000Z,3.4839,3.4848,3.4646,3.4741,5825193.4
2025-07-18T00:13:00.000000Z,3.4738,3.4796,3.4676,3.4725,2165333.9
2025-07-18T00:14:00.000000Z,3.4726,3.4895,3.4718,3.4884,1755240.8
2025-07-18T00:15:00.000000Z,3.4884,3.5085,3.488,3.5067,3534318.7
2025-07-18T00:16:00.000000Z,3.5066,3.5133,3.4998,3.51,2538704.8
2025-07-18T00:17:00.000000Z,3.5099,3.5138,3.5,3.5057,1657397.4
2025-07-18T00:18:00.000000Z,3.5056,3.5156,3.5056,3.5092,1500345.2
2025-07-18T00:19:00.000000Z,3.5092,3.5136,3.505,3.5106,1507867.5
2025-07-18T00:20:00.000000Z,3.5106,3.5216,3.5086,3.5181,1655105.6
2025-07-18T00:21:00.000000Z,3.5182,3.5285,3.5182,3.5285,1520383.1
2025-07-18T00:22:00.000000Z,3.5285,3.5378,3.5285,3.535,3025602.1
2025-07-18T00:23:00.000000Z,3.5351,3.5377,3.5237,3.5294,2051294.8
2025-07-18T00:24:00.000000Z,3.5294,3.534,3.5223,3.5332,2494765.0
2025-07-18T00:25:00.000000Z,3.5331,3.5599,3.5285,3.5413,6898994.6
2025-07-18T00:26:00.000000Z,3.5414,3.5467,3.5346,3.5461,2879712.8
2025-07-18T00:27:00.000000Z,3.5462,3.5766,3.5462,3.5761,12354754.0
2025-07-18T00:28:00.000000Z,3.5761,3.5778,3.5695,3.5755,5687270.6
2025-07-18T00:29:00.000000Z,3.5754,3.58,3.5563,3.5571,6058286.2
2025-07-18T00:30:00.000000Z,3.5572,3.5825,3.5527,3.5813,6622689.1
2025-07-18T00:31:00.000000Z,3.5813,3.5862,3.5747,3.5832,6308907.0
2025-07-18T00:32:00.000000Z,3.5831,3.5911,3.5762,3.5897,5019383.3
2025-07-18T00:33:00.000000Z,3.5897,3.5967,3.5865,3.5871,5552007.5
2025-07-18T00:34:00.000000Z,3.5871,3.5926,3.5775,3.5862,3482684.2
2025-07-18T00:35:00.000000Z,3.5865,3.5915,3.581,3.5889,2770770.7
2025-07-18T00:36:00.000000Z,3.5889,3.5951,3.5845,3.5939,2779094.5
2025-07-18T00:37:00.000000Z,3.5939,3.5974,3.5865,3.5867,3265252.8
2025-07-18T00:38:00.000000Z,3.5867,3.5963,3.5867,3.5943,2490226.4
2025-07-18T00:39:00.000000Z,3.5943,3.5989,3.5873,3.5884,3014587.2
2025-07-18T00:40:00.000000Z,3.5883,3.5978,3.5853,3.5953,2651992.9
2025-07-18T00:41:00.000000Z,3.5953,3.5984,3.5895,3.5969,1495100.5
2025-07-18T00:42:00.000000Z,3.5969,3.5991,3.5926,3.5955,1871336.3
2025-07-18T00:43:00.000000Z,3.5955,3.6022,3.5946,3.5985,4042207.2
2025-07-18T00:44:00.000000Z,3.5984,3.6174,3.5972,3.6166,6417656.5
2025-07-18T00:45:00.000000Z,3.6166,3.626,3.6047,3.6259,7011183.4
2025-07-18T00:46:00.000000Z,3.6258,3.6398,3.62,3.6324,8800444.0
2025-07-18T00:47:00.000000Z,3.6323,3.649,3.6309,3.6462,7220976.0
2025-07-18T00:48:00.000000Z,3.6462,3.6495,3.6238,3.6266,6632713.2
2025-07-18T00:49:00.000000Z,3.6266,3.6504,3.625,3.6394,5970068.8
2025-07-18T00:50:00.000000Z,3.6394,3.6417,3.6232,3.6368,4226065.5
2025-07-18T00:51:00.000000Z,3.6366,3.6466,3.6311,3.6323,3095658.0
2025-07-18T00:52:00.000000Z,3.6322,3.646,3.632,3.6339,3341125.0
2025-07-18T00:53:00.000000Z,3.6339,3.642,3.6309,3.6384,2549786.2
2025-07-18T00:54:00.000000Z,3.6383,3.652,3.6364,3.6462,3887238.9
2025-07-18T00:55:00.000000Z,3.6463,3.6523,3.6346,3.6507,3599660.8
2025-07-18T00:56:00.000000Z,3.6506,3.652,3.6358,3.6417,2885352.0
2025-07-18T00:57:00.000000Z,3.6417,3.65,3.6387,3.6431,2571814.2
2025-07-18T00:58:00.000000Z,3.6431,3.658,3.638,3.6552,4965400.4
2025-07-18T00:59:00.000000Z,3.6549,3.657,3.6519,3.6557,2112112.5
2025-07-18T01:00:00.000000Z,3.6557,3.657,3.644,3.6569,4028128.7
2025-07-18T01:01:00.000000Z,3.6569,3.6569,3.6396,3.6416,3381832.9
2025-07-18T01:02:00.000000Z,3.6415,3.6525,3.6397,3.6421,2139126.3
2025-07-18T01:03:00.000000Z,3.642,3.651,3.6386,3.6394,2200855.4
2025-07-18T01:04:00.000000Z,3.6393,3.6452,3.6268,3.6344,3016983.4
2025-07-18T01:05:00.000000Z,3.6344,3.6356,3.6265,3.6318,1849021.1
2025-07-18T01:06:00.000000Z,3.6317,3.6321,3.6255,3.6277,1776565.7
2025-07-18T01:07:00.000000Z,3.6276,3.6499,3.6276,3.6441,4140571.5
2025-07-18T01:08:00.000000Z,3.644,3.652,3.6424,3.6426,2965746.3
2025-07-18T01:09:00.000000Z,3.6424,3.6434,3.637,3.6394,1756953.7
2025-07-18T01:10:00.000000Z,3.6393,3.6504,3.639,3.6446,1989934.2
2025-07-18T01:11:00.000000Z,3.6445,3.6516,3.64,3.6477,1939663.5
2025-07-18T01:12:00.000000Z,3.6477,3.654,3.64,3.6407,3286459.0
2025-07-18T01:13:00.000000Z,3.6406,3.6466,3.6374,3.6441,2350234.5
2025-07-18T01:14:00.000000Z,3.6442,3.6449,3.6356,3.6367,2280986.4
2025-07-18T01:15:00.000000Z,3.6367,3.6378,3.6256,3.6309,3133343.6
2025-07-18T01:16:00.000000Z,3.6309,3.6443,3.6287,3.6439,1790984.9
2025-07-18T01:17:00.000000Z,3.6439,3.6448,3.635,3.6367,1245613.8
2025-07-18T01:18:00.000000Z,3.6367,3.6416,3.6341,3.6354,1424895.9
2025-07-18T01:19:00.000000Z,3.6353,3.6411,3.6317,3.6401,1515618.6
2025-07-18T01:20:00.000000Z,3.64,3.6467,3.63,3.6309,3487969.7
2025-07-18T01:21:00.000000Z,3.631,3.651,3.631,3.6489,4428621.4
2025-07-18T01:22:00.000000Z,3.6489,3.6646,3.6451,3.6457,7170743.2
2025-07-18T01:23:00.000000Z,3.6457,3.647,3.6264,3.6338,6110750.7
2025-07-18T01:24:00.000000Z,3.6334,3.638,3.6256,3.6269,2075389.8
2025-07-18T01:25:00.000000Z,3.6269,3.6286,3.59,3.5974,13499265.7
2025-07-18T01:26:00.000000Z,3.5973,3.6129,3.585,3.6116,5754043.5
2025-07-18T01:27:00.000000Z,3.6117,3.6156,3.606,3.6137,2394790.6
2025-07-18T01:28:00.000000Z,3.6136,3.6186,3.61,3.6105,1718983.7
2025-07-18T01:29:00.000000Z,3.6105,3.6132,3.6035,3.6035,1220744.1
2025-07-18T01:30:00.000000Z,3.6035,3.6095,3.5941,3.6079,2308194.6
2025-07-18T01:31:00.000000Z,3.6079,3.6142,3.6031,3.6129,1530772.6
2025-07-18T01:32:00.000000Z,3.6128,3.6157,3.6082,3.611,1146864.4
2025-07-18T01:33:00.000000Z,3.611,3.629,3.6109,3.623,2471624.6
2025-07-18T01:34:00.000000Z,3.6229,3.6307,3.6229,3.6266,2328207.9
2025-07-18T01:35:00.000000Z,3.6265,3.6268,3.62,3.6226,1396363.7
2025-07-18T01:36:00.000000Z,3.6226,3.6235,3.6124,3.6148,1306548.5
2025-07-18T01:37:00.000000Z,3.6148,3.617,3.603,3.6037,2264785.7
2025-07-18T01:38:00.000000Z,3.6037,3.6056,3.5959,3.6022,2645040.5
2025-07-18T01:39:00.000000Z,3.6021,3.6122,3.6008,3.6102,1560220.3
2025-07-18T01:40:00.000000Z,3.6101,3.6131,3.606,3.6076,1337084.4
2025-07-18T01:41:00.000000Z,3.6076,3.6083,3.6,3.6012,1257623.1
2025-07-18T01:42:00.000000Z,3.6013,3.6046,3.5979,3.602,1771043.0
2025-07-18T01:43:00.000000Z,3.602,3.6034,3.5982,3.5989,868046.8
2025-07-18T01:44:00.000000Z,3.5989,3.6052,3.5978,3.6052,982730.6
2025-07-18T01:45:00.000000Z,3.6052,3.6098,3.602,3.6095,1100242.7
2025-07-18T01:46:00.000000Z,3.6095,3.6196,3.608,3.6195,1559080.3
2025-07-18T01:47:00.000000Z,3.6193,3.6206,3.6167,3.6168,1014844.6
2025-07-18T01:48:00.000000Z,3.6169,3.6175,3.6,3.6007,1078795.5
2025-07-18T01:49:00.000000Z,3.6008,3.6049,3.5959,3.6048,1090090.1
2025-07-18T01:50:00.000000Z,3.6048,3.6072,3.6024,3.6037,922516.1
2025-07-18T01:51:00.000000Z,3.6038,3.6057,3.5997,3.6043,688940.7
2025-07-18T01:52:00.000000Z,3.6043,3.6043,3.5979,3.5985,450698.9
2025-07-18T01:53:00.000000Z,3.5985,3.6029,3.5955,3.5958,656516.1
2025-07-18T01:54:00.000000Z,3.5958,3.5995,3.5913,3.5926,1646836.0
2025-07-18T01:55:00.000000Z,3.5927,3.595,3.5771,3.5782,3837494.3
2025-07-18T01:56:00.000000Z,3.5783,3.5958,3.5783,3.5952,2304583.2
2025-07-18T01:57:00.000000Z,3.5952,3.598,3.5924,3.598,652069.1
2025-07-18T01:58:00.000000Z,3.5979,3.6032,3.5948,3.6023,910857.6
2025-07-18T01:59:00.000000Z,3.6023,3.605,3.5979,3.5987,1536626.9
2025-07-18T02:00:00.000000Z,3.5987,3.5998,3.5885,3.5885,852148.7
2025-07-18T02:01:00.000000Z,3.5885,3.589,3.5833,3.584,984179.0
2025-07-18T02:02:00.000000Z,3.584,3.584,3.575,3.5765,2269005.5
2025-07-18T02:03:00.000000Z,3.5766,3.5775,3.5681,3.5703,3488940.4
2025-07-18T02:04:00.000000Z,3.5703,3.5704,3.5648,3.5679,2343444.5
2025-07-18T02:05:00.000000Z,3.5679,3.5696,3.561,3.561,2963627.3
2025-07-18T02:06:00.000000Z,3.5611,3.5613,3.5444,3.5581,6061266.3
2025-07-18T02:07:00.000000Z,3.5581,3.5846,3.5543,3.5791,4903004.8
2025-07-18T02:08:00.000000Z,3.579,3.5836,3.5715,3.5833,1907091.4
2025-07-18T02:09:00.000000Z,3.5833,3.5884,3.5807,3.584,1753283.3
2025-07-18T02:10:00.000000Z,3.5841,3.5899,3.584,3.5869,1080162.9
2025-07-18T02:11:00.000000Z,3.5868,3.5911,3.584,3.5899,1191257.8
2025-07-18T02:12:00.000000Z,3.5898,3.5958,3.5895,3.5952,1601355.5
2025-07-18T02:13:00.000000Z,3.5952,3.5973,3.5929,3.5955,1268892.5
2025-07-18T02:14:00.000000Z,3.5956,3.5986,3.5907,3.591,1117075.1
2025-07-18T02:15:00.000000Z,3.5911,3.5942,3.571,3.5771,2064487.9
2025-07-18T02:16:00.000000Z,3.577,3.5791,3.5726,3.5743,1342844.7
2025-07-18T02:17:00.000000Z,3.5743,3.5893,3.5736,3.5892,1974162.0
2025-07-18T02:18:00.000000Z,3.5893,3.5996,3.5822,3.5976,2525691.8
2025-07-18T02:19:00.000000Z,3.5975,3.5989,3.5901,3.5979,1812986.8
2025-07-18T02:20:00.000000Z,3.5978,3.6031,3.5947,3.5995,1521626.7
2025-07-18T02:21:00.000000Z,3.5994,3.6056,3.5994,3.6049,1811548.3
2025-07-18T02:22:00.000000Z,3.6049,3.6056,3.5972,3.5978,1688084.5
2025-07-18T02:23:00.000000Z,3.5977,3.5986,3.5892,3.5894,1024488.9
2025-07-18T02:24:00.000000Z,3.5894,3.6036,3.5888,3.603,1182553.7
2025-07-18T02:25:00.000000Z,3.603,3.6033,3.5989,3.5992,1990075.0
2025-07-18T02:26:00.000000Z,3.5992,3.6034,3.5992,3.6007,797895.3
2025-07-18T02:27:00.000000Z,3.6008,3.6029,3.6,3.6011,914632.0
2025-07-18T02:28:00.000000Z,3.6011,3.604,3.6002,3.6015,604791.2
2025-07-18T02:29:00.000000Z,3.6015,3.6023,3.5989,3.5989,844339.8
2025-07-18T02:30:00.000000Z,3.599,3.599,3.5902,3.5929,2278814.7
2025-07-18T02:31:00.000000Z,3.593,3.5932,3.5832,3.5906,883178.2
2025-07-18T02:32:00.000000Z,3.5907,3.5915,3.5884,3.5913,662705.8
2025-07-18T02:33:00.000000Z,3.5913,3.5913,3.5771,3.5783,3164557.1
2025-07-18T02:34:00.000000Z,3.5783,3.5789,3.57,3.5756,2234122.6
2025-07-18T02:35:00.000000Z,3.5756,3.5824,3.5742,3.5801,729478.7
2025-07-18T02:36:00.000000Z,3.5801,3.5803,3.5753,3.5767,641785.6
2025-07-18T02:37:00.000000Z,3.5768,3.5789,3.5745,3.577,805363.6
2025-07-18T02:38:00.000000Z,3.577,3.5829,3.577,3.5819,570475.3
2025-07-18T02:39:00.000000Z,3.582,3.5827,3.5782,3.5819,470609.9
2025-07-18T02:40:00.000000Z,3.5818,3.5832,3.575,3.5751,779051.6
2025-07-18T02:41:00.000000Z,3.575,3.5835,3.5749,3.582,673581.1
2025-07-18T02:42:00.000000Z,3.5821,3.5826,3.5786,3.5826,631344.5
2025-07-18T02:43:00.000000Z,3.5826,3.5918,3.5825,3.5905,1058516.4
2025-07-18T02:44:00.000000Z,3.5904,3.5952,3.5894,3.5936,880114.1
2025-07-18T02:45:00.000000Z,3.5935,3.5943,3.5888,3.5914,895544.1
2025-07-18T02:46:00.000000Z,3.5913,3.5955,3.5895,3.5895,597875.0
2025-07-18T02:47:00.000000Z,3.5895,3.59,3.581,3.5897,1062693.7
2025-07-18T02:48:00.000000Z,3.5897,3.5994,3.5867,3.5983,677462.4
2025-07-18T02:49:00.000000Z,3.5983,3.6005,3.5949,3.5979,538379.8
2025-07-18T02:50:00.000000Z,3.5979,3.5998,3.5954,3.5965,597890.2
2025-07-18T02:51:00.000000Z,3.5965,3.5992,3.5744,3.5899,6851669.7
2025-07-18T02:52:00.000000Z,3.5898,3.5911,3.5874,3.588,623131.4
2025-07-18T02:53:00.000000Z,3.588,3.599,3.588,3.599,836259.8
2025-07-18T02:54:00.000000Z,3.5989,3.6004,3.5945,3.5949,600169.8
2025-07-18T02:55:00.000000Z,3.5951,3.5965,3.5916,3.5928,732964.0
2025-07-18T02:56:00.000000Z,3.5928,3.5959,3.5867,3.5937,588611.3
2025-07-18T02:57:00.000000Z,3.5937,3.5937,3.5868,3.5868,380927.4
2025-07-18T02:58:00.000000Z,3.5866,3.5893,3.584,3.5893,645387.8
2025-07-18T02:59:00.000000Z,3.5893,3.5976,3.5892,3.5967,362989.0
2025-07-18T03:00:00.000000Z,3.5967,3.5977,3.5936,3.5941,536574.3
2025-07-18T03:01:00.000000Z,3.594,3.5962,3.593,3.5958,496720.7
2025-07-18T03:02:00.000000Z,3.5957,3.6029,3.5935,3.6007,1481310.7
2025-07-18T03:03:00.000000Z,3.6007,3.6007,3.597,3.5985,420934.2
2025-07-18T03:04:00.000000Z,3.5984,3.5994,3.5924,3.5987,664695.5
2025-07-18T03:05:00.000000Z,3.5987,3.6057,3.5974,3.6024,822266.2
2025-07-18T03:06:00.000000Z,3.6023,3.6166,3.6019,3.6157,1418431.3
2025-07-18T03:07:00.000000Z,3.6156,3.6186,3.6144,3.6166,1462631.1
2025-07-18T03:08:00.000000Z,3.6166,3.6202,3.6132,3.6152,2485103.3
2025-07-18T03:09:00.000000Z,3.6152,3.6212,3.614,3.619,1015068.9
2025-07-18T03:10:00.000000Z,3.6191,3.6226,3.6156,3.6158,1661662.9
2025-07-18T03:11:00.000000Z,3.6158,3.62,3.6158,3.619,510112.6
2025-07-18T03:12:00.000000Z,3.619,3.6253,3.6174,3.6234,1944993.9
2025-07-18T03:13:00.000000Z,3.6233,3.6278,3.618,3.6194,1270783.9
2025-07-18T03:14:00.000000Z,3.6193,3.6227,3.6178,3.6204,660069.0
2025-07-18T03:15:00.000000Z,3.6204,3.6284,3.6196,3.6265,1112321.8
2025-07-18T03:16:00.000000Z,3.6265,3.627,3.622,3.6254,922819.6
2025-07-18T03:17:00.000000Z,3.6253,3.6256,3.6173,3.6178,1057021.5
2025-07-18T03:18:00.000000Z,3.6178,3.6231,3.6159,3.6218,1005198.8
2025-07-18T03:19:00.000000Z,3.6217,3.632,3.6215,3.6306,1411992.6
2025-07-18T03:20:00.000000Z,3.6307,3.6307,3.6156,3.6156,2456747.3
2025-07-18T03:21:00.000000Z,3.6156,3.6188,3.615,3.6155,782052.7
2025-07-18T03:22:00.000000Z,3.6155,3.6241,3.6155,3.6241,517642.0
2025-07-18T03:23:00.000000Z,3.6241,3.6249,3.6209,3.6238,1106475.4
2025-07-18T03:24:00.000000Z,3.6237,3.6262,3.6205,3.6256,1135363.1
2025-07-18T03:25:00.000000Z,3.6257,3.6306,3.6243,3.63,1282920.5
2025-07-18T03:26:00.000000Z,3.63,3.6336,3.6264,3.6291,1762308.6
2025-07-18T03:27:00.000000Z,3.6292,3.6345,3.6257,3.6328,1486258.4
2025-07-18T03:28:00.000000Z,3.6328,3.6386,3.632,3.6378,1192063.1
2025-07-18T03:29:00.000000Z,3.6378,3.6383,3.6331,3.6344,842162.7
2025-07-18T03:30:00.000000Z,3.6344,3.639,3.6271,3.6279,1081883.3
2025-07-18T03:31:00.000000Z,3.6279,3.6399,3.6279,3.6393,1024922.4
2025-07-18T03:32:00.000000Z,3.6392,3.6415,3.6351,3.6385,1323864.3
2025-07-18T03:33:00.000000Z,3.6386,3.6386,3.632,3.6331,720470.1
2025-07-18T03:34:00.000000Z,3.633,3.6391,3.63,3.6373,1118226.5
2025-07-18T03:35:00.000000Z,3.6372,3.6424,3.6367,3.6422,1040897.2
2025-07-18T03:36:00.000000Z,3.6421,3.656,3.6405,3.6519,4323412.3
2025-07-18T03:37:00.000000Z,3.6519,3.6561,3.6479,3.6489,3155331.7
2025-07-18T03:38:00.000000Z,3.6489,3.6561,3.6466,3.6512,2794093.1
2025-07-18T03:39:00.000000Z,3.6511,3.6532,3.648,3.6486,1175417.3
2025-07-18T03:40:00.000000Z,3.6486,3.6528,3.6458,3.6514,1050184.2
2025-07-18T03:41:00.000000Z,3.6514,3.6518,3.6475,3.6478,731082.4
2025-07-18T03:42:00.000000Z,3.6479,3.6482,3.642,3.6433,1415243.6
2025-07-18T03:43:00.000000Z,3.6434,3.6459,3.6406,3.6423,924692.8
2025-07-18T03:44:00.000000Z,3.6424,3.6425,3.6346,3.6363,1402804.2
2025-07-18T03:45:00.000000Z,3.6362,3.638,3.6236,3.6236,2018736.4
2025-07-18T03:46:00.000000Z,3.6236,3.6332,3.6224,3.631,1340609.8
2025-07-18T03:47:00.000000Z,3.6309,3.6312,3.6279,3.6287,739594.2
2025-07-18T03:48:00.000000Z,3.6287,3.6327,3.6287,3.6304,407997.5
2025-07-18T03:49:00.000000Z,3.6304,3.6304,3.6108,3.6112,2383207.3
2025-07-18T03:50:00.000000Z,3.6111,3.6216,3.611,3.6178,1990179.5
2025-07-18T03:51:00.000000Z,3.6179,3.6183,3.61,3.614,1328320.7
2025-07-18T03:52:00.000000Z,3.6141,3.6159,3.6069,3.6152,2141362.4
2025-07-18T03:53:00.000000Z,3.6152,3.6153,3.6083,3.6093,588483.0
2025-07-18T03:54:00.000000Z,3.6092,3.6152,3.6043,3.6069,2164762.0
2025-07-18T03:55:00.000000Z,3.6068,3.6112,3.6065,3.6088,1059804.2
2025-07-18T03:56:00.000000Z,3.6088,3.6134,3.6067,3.6116,634056.1
2025-07-18T03:57:00.000000Z,3.6116,3.6147,3.6102,3.6133,642566.4
2025-07-18T03:58:00.000000Z,3.6133,3.6142,3.6078,3.609,929133.3
2025-07-18T03:59:00.000000Z,3.6089,3.6105,3.6076,3.6086,679828.9
2025-07-18T04:00:00.000000Z,3.6086,3.6108,3.6032,3.6047,1195803.7
2025-07-18T04:01:00.000000Z,3.6047,3.6141,3.6047,3.6137,1251033.5
2025-07-18T04:02:00.000000Z,3.6136,3.6136,3.6044,3.6052,1246339.4
2025-07-18T04:03:00.000000Z,3.6051,3.6061,3.5951,3.5975,3950790.0
2025-07-18T04:04:00.000000Z,3.5974,3.5993,3.5919,3.5923,1856653.8
2025-07-18T04:05:00.000000Z,3.5923,3.5943,3.5907,3.5926,1366441.3
2025-07-18T04:06:00.000000Z,3.5926,3.6,3.5919,3.5981,885413.6
2025-07-18T04:07:00.000000Z,3.5981,3.5992,3.5924,3.5934,671677.3
2025-07-18T04:08:00.000000Z,3.5934,3.5955,3.5912,3.5914,744030.9
2025-07-18T04:09:00.000000Z,3.5914,3.5923,3.586,3.586,1135894.9
2025-07-18T04:10:00.000000Z,3.5861,3.5912,3.583,3.5887,1527706.2
2025-07-18T04:11:00.000000Z,3.5886,3.5886,3.5823,3.5835,1193077.2
2025-07-18T04:12:00.000000Z,3.5834,3.5946,3.5819,3.5931,1485844.9
2025-07-18T04:13:00.000000Z,3.5931,3.5931,3.5855,3.5855,784074.1
2025-07-18T04:14:00.000000Z,3.5855,3.5935,3.5847,3.5935,629631.8
2025-07-18T04:15:00.000000Z,3.5934,3.596,3.5914,3.5944,938615.7
2025-07-18T04:16:00.000000Z,3.5944,3.5976,3.5926,3.5948,764361.4
2025-07-18T04:17:00.000000Z,3.5949,3.5957,3.5873,3.5905,911699.0
2025-07-18T04:18:00.000000Z,3.5905,3.5951,3.5878,3.5887,1210415.9
2025-07-18T04:19:00.000000Z,3.5888,3.5901,3.584,3.5852,899077.7
2025-07-18T04:20:00.000000Z,3.5851,3.5886,3.5818,3.5885,1477464.2
2025-07-18T04:21:00.000000Z,3.5886,3.5925,3.5872,3.5892,697521.3
2025-07-18T04:22:00.000000Z,3.5893,3.59,3.5806,3.582,728569.2
2025-07-18T04:23:00.000000Z,3.5821,3.5844,3.5791,3.5812,1692214.2
2025-07-18T04:24:00.000000Z,3.5811,3.5818,3.5772,3.58,929990.1
2025-07-18T04:25:00.000000Z,3.5798,3.5893,3.5781,3.5873,740826.3
2025-07-18T04:26:00.000000Z,3.5872,3.5957,3.5868,3.5957,865272.3
2025-07-18T04:27:00.000000Z,3.5957,3.5962,3.5893,3.5893,803958.9
2025-07-18T04:28:00.000000Z,3.5894,3.596,3.5885,3.5958,920270.5
2025-07-18T04:29:00.000000Z,3.5958,3.5975,3.5936,3.5937,846207.8
2025-07-18T04:30:00.000000Z,3.5937,3.5972,3.591,3.5971,981246.5
2025-07-18T04:31:00.000000Z,3.5971,3.5996,3.5933,3.5958,818799.7
2025-07-18T04:32:00.000000Z,3.5959,3.6012,3.595,3.5983,898819.2
2025-07-18T04:33:00.000000Z,3.5984,3.6023,3.5965,3.5965,819918.4
2025-07-18T04:34:00.000000Z,3.5966,3.5999,3.594,3.5987,649218.8
2025-07-18T04:35:00.000000Z,3.5987,3.602,3.5957,3.6001,692524.5
2025-07-18T04:36:00.000000Z,3.6001,3.6045,3.5994,3.6039,577448.6
2025-07-18T04:37:00.000000Z,3.6039,3.6042,3.6011,3.6027,531065.7
2025-07-18T04:38:00.000000Z,3.6027,3.6041,3.602,3.603,443887.4
2025-07-18T04:39:00.000000Z,3.603,3.606,3.6029,3.6048,946305.2
2025-07-18T04:40:00.000000Z,3.6048,3.6076,3.604,3.607,715474.2
2025-07-18T04:41:00.000000Z,3.607,3.6097,3.6056,3.6075,620669.3
2025-07-18T04:42:00.000000Z,3.6076,3.6078,3.6017,3.602,660616.4
2025-07-18T04:43:00.000000Z,3.602,3.6038,3.6007,3.6011,557704.5
2025-07-18T04:44:00.000000Z,3.601,3.6059,3.5974,3.6054,1096722.7
2025-07-18T04:45:00.000000Z,3.6053,3.61,3.6051,3.6098,516692.3
2025-07-18T04:46:00.000000Z,3.6097,3.6132,3.6074,3.6131,1256057.8
2025-07-18T04:47:00.000000Z,3.613,3.613,3.6039,3.6043,788400.6
2025-07-18T04:48:00.000000Z,3.6042,3.6058,3.6008,3.6012,461363.6
2025-07-18T04:49:00.000000Z,3.6012,3.6041,3.6012,3.6018,549985.1
2025-07-18T04:50:00.000000Z,3.6018,3.6039,3.597,3.6011,571348.9
2025-07-18T04:51:00.000000Z,3.601,3.6035,3.5978,3.6006,377015.7
2025-07-18T04:52:00.000000Z,3.6006,3.6022,3.5989,3.6014,461134.4
2025-07-18T04:53:00.000000Z,3.6014,3.605,3.6014,3.6047,438101.3
2025-07-18T04:54:00.000000Z,3.6047,3.6059,3.6027,3.6047,334654.0
2025-07-18T04:55:00.000000Z,3.6048,3.6069,3.6,3.6012,595861.1
2025-07-18T04:56:00.000000Z,3.6012,3.6019,3.597,3.5976,891203.9
2025-07-18T04:57:00.000000Z,3.5976,3.6005,3.5965,3.5989,730543.3
2025-07-18T04:58:00.000000Z,3.5989,3.6008,3.5974,3.5999,326759.8
2025-07-18T04:59:00.000000Z,3.5999,3.6001,3.5928,3.593,550572.2
2025-07-18T05:00:00.000000Z,3.5929,3.5948,3.5878,3.5882,1281568.2
2025-07-18T05:01:00.000000Z,3.5883,3.5928,3.587,3.587,925116.5
2025-07-18T05:02:00.000000Z,3.587,3.5916,3.587,3.5898,863666.9
2025-07-18T05:03:00.000000Z,3.5898,3.5943,3.5896,3.5932,614062.4
2025-07-18T05:04:00.000000Z,3.5932,3.5952,3.59,3.5952,634553.1
2025-07-18T05:05:00.000000Z,3.5952,3.6008,3.5932,3.6007,746254.0
2025-07-18T05:06:00.000000Z,3.6007,3.6077,3.6007,3.6076,1462042.7
2025-07-18T05:07:00.000000Z,3.6075,3.6075,3.5977,3.604,4725210.2
2025-07-18T05:08:00.000000Z,3.6039,3.6121,3.6031,3.6121,849508.2
2025-07-18T05:09:00.000000Z,3.6122,3.6364,3.6119,3.6317,4711485.6
2025-07-18T05:10:00.000000Z,3.6312,3.6323,3.6195,3.6245,2649190.2
2025-07-18T05:11:00.000000Z,3.6245,3.6296,3.6212,3.6267,1385347.1
2025-07-18T05:12:00.000000Z,3.6267,3.6288,3.6224,3.623,846381.7
2025-07-18T05:13:00.000000Z,3.623,3.63,3.6228,3.6297,1210818.0
2025-07-18T05:14:00.000000Z,3.6295,3.638,3.6267,3.6317,2088020.7
2025-07-18T05:15:00.000000Z,3.6318,3.6344,3.6209,3.621,2590880.6
2025-07-18T05:16:00.000000Z,3.621,3.6294,3.621,3.6277,1299287.4
2025-07-18T05:17:00.000000Z,3.6277,3.6312,3.622,3.6249,1361267.1
2025-07-18T05:18:00.000000Z,3.6248,3.6248,3.6155,3.6197,1195238.6
2025-07-18T05:19:00.000000Z,3.6198,3.6325,3.6176,3.6309,1338479.5
2025-07-18T05:20:00.000000Z,3.6309,3.6419,3.6308,3.641,2954413.0
2025-07-18T05:21:00.000000Z,3.6409,3.641,3.6258,3.6301,1530172.6
2025-07-18T05:22:00.000000Z,3.6302,3.6407,3.6266,3.6389,1368794.0
2025-07-18T05:23:00.000000Z,3.6389,3.6416,3.6347,3.6352,1296368.2
2025-07-18T05:24:00.000000Z,3.6352,3.6385,3.627,3.6301,2174938.8
2025-07-18T05:25:00.000000Z,3.6301,3.6308,3.6229,3.6258,905226.6
2025-07-18T05:26:00.000000Z,3.6258,3.6322,3.624,3.6292,1111641.6
2025-07-18T05:27:00.000000Z,3.6291,3.6309,3.625,3.6269,955056.2
2025-07-18T05:28:00.000000Z,3.6269,3.633,3.6268,3.6307,830973.4
2025-07-18T05:29:00.000000Z,3.6307,3.6347,3.6219,3.6235,775574.6
2025-07-18T05:30:00.000000Z,3.6236,3.6297,3.617,3.6297,1675971.8
2025-07-18T05:31:00.000000Z,3.6296,3.6338,3.6241,3.6243,1279368.0
2025-07-18T05:32:00.000000Z,3.6241,3.6312,3.6241,3.6312,822523.2
2025-07-18T05:33:00.000000Z,3.6313,3.6325,3.6285,3.6289,686793.3
2025-07-18T05:34:00.000000Z,3.6288,3.6293,3.6206,3.6224,1051597.7
2025-07-18T05:35:00.000000Z,3.6225,3.6286,3.6225,3.6233,792891.2
2025-07-18T05:36:00.000000Z,3.6234,3.6299,3.6228,3.6242,1443077.9
2025-07-18T05:37:00.000000Z,3.6241,3.6253,3.6185,3.6246,1048443.1
2025-07-18T05:38:00.000000Z,3.6245,3.6271,3.6217,3.6259,859510.8
2025-07-18T05:39:00.000000Z,3.626,3.6269,3.619,3.6209,593917.9
2025-07-18T05:40:00.000000Z,3.621,3.6324,3.6207,3.6255,1248386.3
2025-07-18T05:41:00.000000Z,3.6255,3.6281,3.6185,3.6213,1202761.9
2025-07-18T05:42:00.000000Z,3.6214,3.6225,3.617,3.6224,950571.5
2025-07-18T05:43:00.000000Z,3.6223,3.6229,3.6159,3.6166,829334.8
2025-07-18T05:44:00.000000Z,3.6167,3.6208,3.6158,3.6208,502449.8
2025-07-18T05:45:00.000000Z,3.6207,3.6222,3.6174,3.6217,515375.8
2025-07-18T05:46:00.000000Z,3.6216,3.6249,3.6199,3.6205,458089.8
2025-07-18T05:47:00.000000Z,3.6205,3.6235,3.6194,3.6221,578568.9
2025-07-18T05:48:00.000000Z,3.6221,3.6236,3.6175,3.6236,432335.4
2025-07-18T05:49:00.000000Z,3.6236,3.6314,3.6223,3.6309,720302.7
2025-07-18T05:50:00.000000Z,3.6309,3.6354,3.6271,3.6302,1026086.5
2025-07-18T05:51:00.000000Z,3.6302,3.6375,3.6267,3.6373,684354.9
2025-07-18T05:52:00.000000Z,3.6372,3.6386,3.6305,3.6307,1186317.6
2025-07-18T05:53:00.000000Z,3.6307,3.6362,3.6298,3.6335,1175976.2
2025-07-18T05:54:00.000000Z,3.6335,3.6335,3.6275,3.6299,800585.4
2025-07-18T05:55:00.000000Z,3.6299,3.6303,3.622,3.622,1060634.5
2025-07-18T05:56:00.000000Z,3.6221,3.6235,3.6187,3.62,984198.7
2025-07-18T05:57:00.000000Z,3.6199,3.6229,3.6182,3.6205,788121.8
2025-07-18T05:58:00.000000Z,3.6204,3.6212,3.6163,3.6169,1106311.5
2025-07-18T05:59:00.000000Z,3.6169,3.6217,3.6156,3.621,1521832.0
2025-07-18T06:00:00.000000Z,3.621,3.6213,3.6158,3.6167,1017763.5
2025-07-18T06:01:00.000000Z,3.6166,3.6229,3.6141,3.622,1479683.4
2025-07-18T06:02:00.000000Z,3.6219,3.6223,3.6154,3.6154,995466.2
2025-07-18T06:03:00.000000Z,3.6154,3.6166,3.5904,3.5918,6259868.0
2025-07-18T06:04:00.000000Z,3.5918,3.5929,3.5798,3.59,5426419.7
2025-07-18T06:05:00.000000Z,3.5899,3.59,3.58,3.5817,1818984.0
2025-07-18T06:06:00.000000Z,3.5817,3.5876,3.5803,3.581,1611710.0
2025-07-18T06:07:00.000000Z,3.5811,3.5812,3.56,3.5658,6532905.7
2025-07-18T06:08:00.000000Z,3.5658,3.5743,3.565,3.5738,2299038.0
2025-07-18T06:09:00.000000Z,3.5738,3.5738,3.5625,3.5663,1926174.0
2025-07-18T06:10:00.000000Z,3.566,3.5672,3.552,3.5672,3993288.3
2025-07-18T06:11:00.000000Z,3.5673,3.57,3.5642,3.5694,1739862.9
2025-07-18T06:12:00.000000Z,3.5693,3.585,3.5688,3.5768,2781007.5
2025-07-18T06:13:00.000000Z,3.5769,3.5826,3.5769,3.5808,1381000.8
2025-07-18T06:14:00.000000Z,3.5808,3.5826,3.578,3.5794,911679.6
2025-07-18T06:15:00.000000Z,3.5794,3.5799,3.568,3.5693,1542397.7
2025-07-18T06:16:00.000000Z,3.5693,3.5707,3.564,3.5641,832214.6
2025-07-18T06:17:00.000000Z,3.5641,3.5719,3.5635,3.5701,1107633.4
2025-07-18T06:18:00.000000Z,3.57,3.5769,3.5697,3.574,819220.7
2025-07-18T06:19:00.000000Z,3.5741,3.576,3.5722,3.574,583815.1
2025-07-18T06:20:00.000000Z,3.574,3.574,3.5635,3.5656,1861594.8
2025-07-18T06:21:00.000000Z,3.5656,3.5694,3.5604,3.5689,1355544.3
2025-07-18T06:22:00.000000Z,3.5688,3.5695,3.5641,3.5668,1030839.1
2025-07-18T06:23:00.000000Z,3.5667,3.5749,3.5667,3.5679,2408882.9
2025-07-18T06:24:00.000000Z,3.5679,3.5692,3.5639,3.5661,612851.5
2025-07-18T06:25:00.000000Z,3.5661,3.5701,3.5643,3.5661,676665.2
2025-07-18T06:26:00.000000Z,3.566,3.5681,3.5556,3.5585,1993977.6
2025-07-18T06:27:00.000000Z,3.5586,3.5649,3.5577,3.5578,898183.3
2025-07-18T06:28:00.000000Z,3.5578,3.5602,3.5383,3.5384,5830709.0
2025-07-18T06:29:00.000000Z,3.5385,3.55,3.5355,3.547,3976931.9
2025-07-18T06:30:00.000000Z,3.547,3.5586,3.5451,3.5541,2263033.4
2025-07-18T06:31:00.000000Z,3.5541,3.556,3.5465,3.5544,1912425.9
2025-07-18T06:32:00.000000Z,3.5545,3.5575,3.549,3.5497,1333855.3
2025-07-18T06:33:00.000000Z,3.5497,3.557,3.5497,3.5569,1467995.4
2025-07-18T06:34:00.000000Z,3.557,3.5616,3.5526,3.559,2118223.0
2025-07-18T06:35:00.000000Z,3.559,3.5632,3.5571,3.5606,892231.5
2025-07-18T06:36:00.000000Z,3.5606,3.5614,3.5519,3.5533,1148401.0
2025-07-18T06:37:00.000000Z,3.5533,3.5628,3.5472,3.5613,1252038.3
2025-07-18T06:38:00.000000Z,3.5613,3.5649,3.56,3.5638,1019221.1
2025-07-18T06:39:00.000000Z,3.5638,3.5678,3.56,3.5613,1811746.7
2025-07-18T06:40:00.000000Z,3.5613,3.5666,3.5598,3.5657,607486.5
2025-07-18T06:41:00.000000Z,3.5657,3.5678,3.5618,3.5669,828476.3
2025-07-18T06:42:00.000000Z,3.5668,3.5696,3.5657,3.5678,1020193.5
2025-07-18T06:43:00.000000Z,3.5679,3.5679,3.5616,3.5617,1435599.8
2025-07-18T06:44:00.000000Z,3.5618,3.5676,3.5616,3.5665,480159.4
2025-07-18T06:45:00.000000Z,3.5666,3.569,3.5624,3.5688,877787.1
2025-07-18T06:46:00.000000Z,3.5688,3.571,3.5658,3.5709,771087.5
2025-07-18T06:47:00.000000Z,3.5709,3.572,3.569,3.5715,558422.8
2025-07-18T06:48:00.000000Z,3.5714,3.5764,3.5688,3.5689,1455006.1
2025-07-18T06:49:00.000000Z,3.5689,3.5727,3.565,3.5658,1057654.5
2025-07-18T06:50:00.000000Z,3.5659,3.5677,3.564,3.5644,978728.5
2025-07-18T06:51:00.000000Z,3.5644,3.573,3.5621,3.5717,937291.9
2025-07-18T06:52:00.000000Z,3.5716,3.573,3.5656,3.57,549497.5
2025-07-18T06:53:00.000000Z,3.5699,3.5758,3.5695,3.5698,903249.8
2025-07-18T06:54:00.000000Z,3.5698,3.5768,3.5682,3.5683,1051871.6
2025-07-18T06:55:00.000000Z,3.5683,3.5745,3.568,3.571,577429.4
2025-07-18T06:56:00.000000Z,3.5709,3.5717,3.5654,3.5654,767381.2
2025-07-18T06:57:00.000000Z,3.5654,3.5724,3.565,3.5692,384680.0
2025-07-18T06:58:00.000000Z,3.5691,3.5702,3.5654,3.5663,425425.8
2025-07-18T06:59:00.000000Z,3.5664,3.5689,3.5644,3.5678,540446.3
2025-07-18T07:00:00.000000Z,3.5679,3.5728,3.5679,3.57,554937.3
2025-07-18T07:01:00.000000Z,3.57,3.5714,3.5632,3.5644,528945.7
2025-07-18T07:02:00.000000Z,3.5643,3.5668,3.5561,3.5565,1428631.1
2025-07-18T07:03:00.000000Z,3.5565,3.5612,3.5562,3.5578,820382.9
2025-07-18T07:04:00.000000Z,3.5577,3.5582,3.554,3.5561,984685.6
2025-07-18T07:05:00.000000Z,3.5561,3.5567,3.5413,3.543,2503328.2
2025-07-18T07:06:00.000000Z,3.5429,3.557,3.5423,3.5533,1614161.7
2025-07-18T07:07:00.000000Z,3.5533,3.5605,3.5497,3.5599,1300925.3
2025-07-18T07:08:00.000000Z,3.5599,3.561,3.5549,3.5609,982679.3
2025-07-18T07:09:00.000000Z,3.561,3.5646,3.5592,3.5623,613246.9
2025-07-18T07:10:00.000000Z,3.5623,3.5623,3.5485,3.549,772345.2
2025-07-18T07:11:00.000000Z,3.5489,3.5582,3.5403,3.5581,3163776.1
2025-07-18T07:12:00.000000Z,3.5581,3.5581,3.5472,3.5507,680364.3
2025-07-18T07:13:00.000000Z,3.5508,3.5526,3.54,3.54,931367.3
2025-07-18T07:14:00.000000Z,3.5401,3.5424,3.5331,3.5345,3659089.9
2025-07-18T07:15:00.000000Z,3.5346,3.535,3.5136,3.5306,8174022.5
2025-07-18T07:16:00.000000Z,3.5305,3.5305,3.5113,3.5153,4801131.6
2025-07-18T07:17:00.000000Z,3.5154,3.5322,3.5104,3.53,3779412.6
2025-07-18T07:18:00.000000Z,3.5301,3.5326,3.5194,3.52,2347551.2
2025-07-18T07:19:00.000000Z,3.5201,3.5225,3.5125,3.5137,2497306.1
2025-07-18T07:20:00.000000Z,3.5138,3.526,3.5121,3.5233,3192131.1
2025-07-18T07:21:00.000000Z,3.5232,3.5235,3.5161,3.5161,1936550.9
2025-07-18T07:22:00.000000Z,3.5161,3.5245,3.5161,3.5217,2000719.9
2025-07-18T07:23:00.000000Z,3.5217,3.5322,3.5217,3.5302,1964922.3
2025-07-18T07:24:00.000000Z,3.5303,3.5337,3.5262,3.532,2266377.5
2025-07-18T07:25:00.000000Z,3.5321,3.5393,3.5321,3.5379,2165303.9
2025-07-18T07:26:00.000000Z,3.5379,3.5416,3.5282,3.541,1626008.4
2025-07-18T07:27:00.000000Z,3.541,3.541,3.5352,3.5406,1314603.9
2025-07-18T07:28:00.000000Z,3.5406,3.5448,3.5374,3.5398,1533803.0
2025-07-18T07:29:00.000000Z,3.5398,3.5402,3.533,3.5334,984348.0
2025-07-18T07:30:00.000000Z,3.5335,3.5407,3.5335,3.536,844352.4
2025-07-18T07:31:00.000000Z,3.5361,3.5396,3.5314,3.5314,813238.0
2025-07-18T07:32:00.000000Z,3.5314,3.5386,3.5305,3.537,674548.3
2025-07-18T07:33:00.000000Z,3.5371,3.5376,3.5291,3.5299,824489.7
2025-07-18T07:34:00.000000Z,3.5299,3.5301,3.523,3.5233,1928077.5
2025-07-18T07:35:00.000000Z,3.5233,3.5258,3.5188,3.5206,2116089.1
2025-07-18T07:36:00.000000Z,3.5207,3.5261,3.5154,3.5227,1704686.8
2025-07-18T07:37:00.000000Z,3.5228,3.525,3.5171,3.5194,853373.7
2025-07-18T07:38:00.000000Z,3.5195,3.5216,3.5066,3.5089,3485853.8
2025-07-18T07:39:00.000000Z,3.509,3.5114,3.5029,3.5029,3536626.8
2025-07-18T07:40:00.000000Z,3.503,3.5138,3.49,3.5112,13051010.7
2025-07-18T07:41:00.000000Z,3.5112,3.5214,3.506,3.5193,2809728.4
2025-07-18T07:42:00.000000Z,3.5193,3.5224,3.5135,3.5217,1963673.6
2025-07-18T07:43:00.000000Z,3.5218,3.5263,3.5174,3.524,1878065.7
2025-07-18T07:44:00.000000Z,3.5241,3.5262,3.5201,3.523,1054842.5
2025-07-18T07:45:00.000000Z,3.523,3.5235,3.5144,3.5145,1071967.3
2025-07-18T07:46:00.000000Z,3.5146,3.5188,3.5108,3.5167,1326767.4
2025-07-18T07:47:00.000000Z,3.5167,3.5184,3.5117,3.5172,1015290.0
2025-07-18T07:48:00.000000Z,3.5172,3.5188,3.5109,3.5148,1170633.8
2025-07-18T07:49:00.000000Z,3.5149,3.5152,3.505,3.5066,1664941.9
2025-07-18T07:50:00.000000Z,3.5067,3.5096,3.504,3.5065,2364777.4
2025-07-18T07:51:00.000000Z,3.5067,3.5081,3.4945,3.4996,3211334.8
2025-07-18T07:52:00.000000Z,3.4995,3.4995,3.48,3.4858,7377653.7
2025-07-18T07:53:00.000000Z,3.4859,3.4859,3.47,3.4723,8126130.3
2025-07-18T07:54:00.000000Z,3.4724,3.4882,3.4719,3.4769,4252329.4
2025-07-18T07:55:00.000000Z,3.4768,3.489,3.4768,3.4869,2747710.6
2025-07-18T07:56:00.000000Z,3.4868,3.4904,3.4781,3.4894,2848614.4
2025-07-18T07:57:00.000000Z,3.4894,3.4896,3.472,3.472,2963046.6
2025-07-18T07:58:00.000000Z,3.4721,3.4721,3.4547,3.4583,8599319.3
2025-07-18T07:59:00.000000Z,3.4584,3.4651,3.4511,3.4602,6097025.0
2025-07-18T08:00:00.000000Z,3.4603,3.4858,3.4598,3.4855,6149618.7
2025-07-18T08:01:00.000000Z,3.4855,3.4925,3.4804,3.4911,3415409.2
2025-07-18T08:02:00.000000Z,3.4911,3.4965,3.4855,3.495,3144808.6
2025-07-18T08:03:00.000000Z,3.495,3.4975,3.4814,3.4897,3835288.1
2025-07-18T08:04:00.000000Z,3.4897,3.494,3.4878,3.4925,1981236.8
2025-07-18T08:05:00.000000Z,3.4925,3.4983,3.4904,3.4983,3321481.7
2025-07-18T08:06:00.000000Z,3.4982,3.5137,3.4982,3.513,5554222.6
2025-07-18T08:07:00.000000Z,3.5129,3.5168,3.51,3.514,3985149.0
2025-07-18T08:08:00.000000Z,3.514,3.5161,3.495,3.4999,3978145.1
2025-07-18T08:09:00.000000Z,3.4999,3.5061,3.4979,3.5016,1851661.8
2025-07-18T08:10:00.000000Z,3.5017,3.5105,3.4989,3.5029,1873097.0
2025-07-18T08:11:00.000000Z,3.503,3.5066,3.4975,3.4987,1806287.0
2025-07-18T08:12:00.000000Z,3.4987,3.5046,3.4974,3.4975,1050719.6
2025-07-18T08:13:00.000000Z,3.4976,3.5,3.4853,3.4897,2859999.0
2025-07-18T08:14:00.000000Z,3.4897,3.4962,3.4868,3.4893,1396703.9
2025-07-18T08:15:00.000000Z,3.4893,3.4968,3.4866,3.4884,1778752.4
2025-07-18T08:16:00.000000Z,3.4884,3.4999,3.4884,3.4975,1393734.7
2025-07-18T08:17:00.000000Z,3.4976,3.5078,3.497,3.5048,2493150.2
2025-07-18T08:18:00.000000Z,3.5047,3.5119,3.5035,3.5119,2139435.3
2025-07-18T08:19:00.000000Z,3.5119,3.513,3.5052,3.5103,2139390.3
2025-07-18T08:20:00.000000Z,3.5104,3.515,3.5084,3.5143,1468590.7
2025-07-18T08:21:00.000000Z,3.5142,3.5148,3.5055,3.5091,1895922.9
2025-07-18T08:22:00.000000Z,3.5091,3.5128,3.508,3.5086,1523783.7
2025-07-18T08:23:00.000000Z,3.5087,3.514,3.5066,3.5072,1574345.5
2025-07-18T08:24:00.000000Z,3.5072,3.5101,3.5012,3.5059,1226325.5
2025-07-18T08:25:00.000000Z,3.5058,3.5095,3.5023,3.5051,845860.6
2025-07-18T08:26:00.000000Z,3.5051,3.5087,3.5015,3.503,746426.3
2025-07-18T08:27:00.000000Z,3.5029,3.5083,3.5026,3.5042,724485.1
2025-07-18T08:28:00.000000Z,3.5041,3.5041,3.4941,3.4941,1443259.4
2025-07-18T08:29:00.000000Z,3.4941,3.4999,3.4884,3.498,2800427.3
2025-07-18T08:30:00.000000Z,3.498,3.499,3.4893,3.4896,981352.7
2025-07-18T08:31:00.000000Z,3.4896,3.492,3.4727,3.473,3662983.6
2025-07-18T08:32:00.000000Z,3.4731,3.4801,3.4673,3.4719,4205304.8
2025-07-18T08:33:00.000000Z,3.472,3.4802,3.4673,3.47,2138572.6
2025-07-18T08:34:00.000000Z,3.4701,3.4701,3.4582,3.4662,3410675.3
2025-07-18T08:35:00.000000Z,3.4663,3.4693,3.4555,3.4671,2477973.5
2025-07-18T08:36:00.000000Z,3.4671,3.4824,3.4627,3.4725,2807888.0
2025-07-18T08:37:00.000000Z,3.4726,3.4754,3.4674,3.4722,1824016.5
2025-07-18T08:38:00.000000Z,3.472,3.4796,3.4564,3.4571,5451138.4
2025-07-18T08:39:00.000000Z,3.4572,3.4654,3.4452,3.4528,7654623.7
2025-07-18T08:40:00.000000Z,3.4529,3.4537,3.4352,3.4456,7426787.7
2025-07-18T08:41:00.000000Z,3.4456,3.4457,3.4352,3.4418,3144692.9
2025-07-18T08:42:00.000000Z,3.4417,3.4467,3.4264,3.4464,7536257.8
2025-07-18T08:43:00.000000Z,3.4464,3.4497,3.4328,3.4329,5177376.8
2025-07-18T08:44:00.000000Z,3.433,3.4449,3.4292,3.4418,3053416.6
2025-07-18T08:45:00.000000Z,3.4419,3.4538,3.4334,3.4519,4021126.4
2025-07-18T08:46:00.000000Z,3.4518,3.455,3.4436,3.4457,2259821.6
2025-07-18T08:47:00.000000Z,3.4458,3.4512,3.4403,3.4487,1820099.0
2025-07-18T08:48:00.000000Z,3.4486,3.4547,3.4447,3.4534,1946357.3
2025-07-18T08:49:00.000000Z,3.4533,3.4533,3.4465,3.4506,1448220.2
2025-07-18T08:50:00.000000Z,3.4506,3.457,3.4447,3.4459,1718032.0
2025-07-18T08:51:00.000000Z,3.446,3.4581,3.446,3.4576,1343001.9
2025-07-18T08:52:00.000000Z,3.4576,3.4615,3.455,3.4562,1625995.9
2025-07-18T08:53:00.000000Z,3.4563,3.4678,3.4563,3.4676,1384437.6
2025-07-18T08:54:00.000000Z,3.4675,3.4694,3.4634,3.4662,2764447.7
2025-07-18T08:55:00.000000Z,3.4661,3.4685,3.4572,3.4574,1770734.8
2025-07-18T08:56:00.000000Z,3.4573,3.4594,3.4553,3.458,2416343.5
2025-07-18T08:57:00.000000Z,3.4581,3.4653,3.458,3.4631,2152506.9
2025-07-18T08:58:00.000000Z,3.463,3.4641,3.4526,3.4555,2361541.9
2025-07-18T08:59:00.000000Z,3.4555,3.4562,3.4491,3.4496,1752057.1
2025-07-18T09:00:00.000000Z,3.4496,3.4524,3.4419,3.4446,2424259.9
2025-07-18T09:01:00.000000Z,3.4447,3.4536,3.4408,3.441,2028685.7
2025-07-18T09:02:00.000000Z,3.4411,3.4439,3.4165,3.4233,7281000.9
2025-07-18T09:03:00.000000Z,3.4232,3.435,3.4231,3.4248,2595514.0
2025-07-18T09:04:00.000000Z,3.4248,3.4295,3.4089,3.423,10566545.3
2025-07-18T09:05:00.000000Z,3.4231,3.4238,3.4077,3.4111,2763922.1
2025-07-18T09:06:00.000000Z,3.4112,3.4256,3.4067,3.4209,3778389.9
2025-07-18T09:07:00.000000Z,3.4208,3.4211,3.4092,3.4162,2672451.3
2025-07-18T09:08:00.000000Z,3.4165,3.418,3.4061,3.4156,3622800.0
2025-07-18T09:09:00.000000Z,3.4156,3.4243,3.4109,3.4134,3270847.6
2025-07-18T09:10:00.000000Z,3.4135,3.4318,3.4135,3.4278,2681494.1
2025-07-18T09:11:00.000000Z,3.4279,3.4375,3.4249,3.4306,2518150.0
2025-07-18T09:12:00.000000Z,3.4306,3.4428,3.4302,3.4422,1725823.8
2025-07-18T09:13:00.000000Z,3.4423,3.4477,3.4394,3.4477,3209406.9
2025-07-18T09:14:00.000000Z,3.4478,3.4479,3.438,3.4395,1865616.5
2025-07-18T09:15:00.000000Z,3.4396,3.4443,3.4331,3.4339,1883180.1
2025-07-18T09:16:00.000000Z,3.4339,3.4424,3.4254,3.4265,1747955.3
2025-07-18T09:17:00.000000Z,3.4266,3.4469,3.4266,3.4343,5844609.2
2025-07-18T09:18:00.000000Z,3.4344,3.4389,3.4263,3.4272,1350185.1
2025-07-18T09:19:00.000000Z,3.4272,3.438,3.4272,3.4372,3387002.8
2025-07-18T09:20:00.000000Z,3.4373,3.4385,3.4208,3.4247,1808494.8
2025-07-18T09:21:00.000000Z,3.4248,3.4248,3.4138,3.4138,1967719.3
2025-07-18T09:22:00.000000Z,3.4139,3.425,3.4139,3.4178,1609655.8
2025-07-18T09:23:00.000000Z,3.4179,3.4205,3.4122,3.4153,1298520.9
2025-07-18T09:24:00.000000Z,3.4152,3.4246,3.414,3.4245,1008139.4
2025-07-18T09:25:00.000000Z,3.4245,3.4258,3.4151,3.4151,1528977.1
2025-07-18T09:26:00.000000Z,3.4152,3.4296,3.4152,3.4275,1515090.3
2025-07-18T09:27:00.000000Z,3.4275,3.4323,3.4224,3.4322,1219469.4
2025-07-18T09:28:00.000000Z,3.4322,3.435,3.4272,3.4308,1062960.4
2025-07-18T09:29:00.000000Z,3.4309,3.4362,3.4301,3.4342,1061962.0
2025-07-18T09:30:00.000000Z,3.4341,3.4424,3.4341,3.4418,2335588.7
2025-07-18T09:31:00.000000Z,3.4419,3.4419,3.4353,3.4363,825723.7
2025-07-18T09:32:00.000000Z,3.4363,3.4383,3.432,3.433,950089.4
2025-07-18T09:33:00.000000Z,3.4331,3.4404,3.4328,3.4402,957388.1
2025-07-18T09:34:00.000000Z,3.4402,3.4403,3.432,3.4402,870728.3
2025-07-18T09:35:00.000000Z,3.4402,3.4408,3.434,3.4346,986317.4
2025-07-18T09:36:00.000000Z,3.4346,3.441,3.4314,3.4403,1610993.3
2025-07-18T09:37:00.000000Z,3.4402,3.4518,3.4374,3.4484,1655467.1
2025-07-18T09:38:00.000000Z,3.4483,3.4512,3.4444,3.4465,1770792.5
2025-07-18T09:39:00.000000Z,3.4465,3.4562,3.445,3.4545,1540867.8
2025-07-18T09:40:00.000000Z,3.4546,3.4561,3.4507,3.4552,1273415.1
2025-07-18T09:41:00.000000Z,3.4553,3.4611,3.454,3.4602,2617953.6
2025-07-18T09:42:00.000000Z,3.4602,3.4617,3.4554,3.4557,2274334.1
2025-07-18T09:43:00.000000Z,3.4558,3.4609,3.454,3.4542,1421032.7
2025-07-18T09:44:00.000000Z,3.4541,3.4557,3.4507,3.4547,888077.4
2025-07-18T09:45:00.000000Z,3.4546,3.4606,3.4541,3.4602,1083076.0
2025-07-18T09:46:00.000000Z,3.4602,3.467,3.46,3.4651,2591018.2
2025-07-18T09:47:00.000000Z,3.4651,3.4662,3.4609,3.4622,1438676.2
2025-07-18T09:48:00.000000Z,3.4623,3.4662,3.4614,3.4633,869232.0
2025-07-18T09:49:00.000000Z,3.4632,3.465,3.4533,3.4537,1397525.6
2025-07-18T09:50:00.000000Z,3.4537,3.4614,3.4537,3.4606,1060307.3
2025-07-18T09:51:00.000000Z,3.4606,3.4634,3.457,3.4633,963915.8
2025-07-18T09:52:00.000000Z,3.4634,3.4634,3.4578,3.4579,818522.1
2025-07-18T09:53:00.000000Z,3.4579,3.4605,3.4576,3.4589,484350.0
2025-07-18T09:54:00.000000Z,3.4589,3.459,3.4482,3.4491,1751118.5
2025-07-18T09:55:00.000000Z,3.4491,3.4504,3.4399,3.4412,2295281.4
2025-07-18T09:56:00.000000Z,3.4412,3.4504,3.4412,3.4469,834911.8
2025-07-18T09:57:00.000000Z,3.4468,3.4569,3.4467,3.4549,1015188.3
2025-07-18T09:58:00.000000Z,3.4549,3.458,3.4498,3.4521,679070.7
2025-07-18T09:59:00.000000Z,3.4521,3.4554,3.451,3.4537,502162.3
2025-07-18T10:00:00.000000Z,3.4536,3.4575,3.4511,3.4572,1083022.9
2025-07-18T10:01:00.000000Z,3.4573,3.4574,3.4456,3.4482,1041138.8
2025-07-18T10:02:00.000000Z,3.4482,3.4512,3.4469,3.4489,647684.7
2025-07-18T10:03:00.000000Z,3.4488,3.4521,3.4427,3.4427,664202.2
2025-07-18T10:04:00.000000Z,3.4428,3.4434,3.434,3.4351,1696127.2
2025-07-18T10:05:00.000000Z,3.4351,3.4411,3.4315,3.44,1348476.4
2025-07-18T10:06:00.000000Z,3.44,3.4498,3.4394,3.4497,654245.4
2025-07-18T10:07:00.000000Z,3.4497,3.4517,3.4397,3.4401,866679.3
2025-07-18T10:08:00.000000Z,3.4402,3.4431,3.4361,3.4395,720026.6
2025-07-18T10:09:00.000000Z,3.4395,3.4432,3.4367,3.4367,427193.5
2025-07-18T10:10:00.000000Z,3.4368,3.4471,3.4368,3.443,682891.6
2025-07-18T10:11:00.000000Z,3.4431,3.4462,3.441,3.4451,518529.8
2025-07-18T10:12:00.000000Z,3.445,3.4524,3.4446,3.4483,646871.4
2025-07-18T10:13:00.000000Z,3.4482,3.4502,3.4428,3.4431,564609.8
2025-07-18T10:14:00.000000Z,3.4432,3.4436,3.4376,3.438,347288.3
2025-07-18T10:15:00.000000Z,3.438,3.444,3.438,3.4392,663836.1
2025-07-18T10:16:00.000000Z,3.4392,3.4392,3.4276,3.4297,1539523.7
2025-07-18T10:17:00.000000Z,3.4297,3.4351,3.4297,3.4299,989749.7
2025-07-18T10:18:00.000000Z,3.43,3.4328,3.42,3.42,1747305.1
2025-07-18T10:19:00.000000Z,3.4201,3.4223,3.4152,3.4179,1816483.2
2025-07-18T10:20:00.000000Z,3.4179,3.4213,3.4093,3.4193,2429200.3
2025-07-18T10:21:00.000000Z,3.4192,3.4276,3.4163,3.4227,1062470.9
2025-07-18T10:22:00.000000Z,3.4227,3.4236,3.4158,3.416,862251.8
2025-07-18T10:23:00.000000Z,3.4161,3.4247,3.4161,3.424,836805.8
2025-07-18T10:24:00.000000Z,3.4239,3.4304,3.4223,3.4295,1309391.6
2025-07-18T10:25:00.000000Z,3.4296,3.4382,3.4294,3.4382,1276583.9
2025-07-18T10:26:00.000000Z,3.4383,3.439,3.4336,3.4344,1380412.1
2025-07-18T10:27:00.000000Z,3.4344,3.4421,3.4344,3.4421,742184.2
2025-07-18T10:28:00.000000Z,3.4421,3.443,3.4367,3.4378,1169675.6
2025-07-18T10:29:00.000000Z,3.4379,3.4421,3.437,3.4407,797781.1
2025-07-18T10:30:00.000000Z,3.4408,3.4507,3.4407,3.4492,1301438.2
2025-07-18T10:31:00.000000Z,3.4491,3.453,3.4482,3.4518,1771150.3
2025-07-18T10:32:00.000000Z,3.4518,3.4562,3.4487,3.4548,1526996.6
2025-07-18T10:33:00.000000Z,3.4548,3.456,3.4495,3.4506,2091895.6
2025-07-18T10:34:00.000000Z,3.4507,3.4545,3.4477,3.4515,2035645.7
2025-07-18T10:35:00.000000Z,3.4515,3.4549,3.451,3.4543,897939.0
2025-07-18T10:36:00.000000Z,3.4542,3.4564,3.4515,3.4554,888027.1
2025-07-18T10:37:00.000000Z,3.4555,3.4555,3.4488,3.4496,1294052.0
2025-07-18T10:38:00.000000Z,3.4498,3.4546,3.4497,3.4527,874597.6
2025-07-18T10:39:00.000000Z,3.4527,3.4544,3.444,3.4504,1107430.0
2025-07-18T10:40:00.000000Z,3.4505,3.4569,3.4489,3.4555,914164.1
2025-07-18T10:41:00.000000Z,3.4556,3.4556,3.45,3.453,557223.5
2025-07-18T10:42:00.000000Z,3.4531,3.4584,3.4507,3.4564,745076.4
2025-07-18T10:43:00.000000Z,3.4563,3.4578,3.4523,3.4538,776577.7
2025-07-18T10:44:00.000000Z,3.4537,3.4545,3.4506,3.453,765632.1
2025-07-18T10:45:00.000000Z,3.4529,3.4529,3.4469,3.4515,759792.1
2025-07-18T10:46:00.000000Z,3.4514,3.4605,3.4498,3.4605,1401698.2
2025-07-18T10:47:00.000000Z,3.4605,3.461,3.4552,3.4562,964665.0
2025-07-18T10:48:00.000000Z,3.4562,3.4663,3.4562,3.4659,1402221.5
2025-07-18T10:49:00.000000Z,3.466,3.4692,3.4636,3.4674,2301955.3
2025-07-18T10:50:00.000000Z,3.4674,3.4685,3.4625,3.4633,1604235.6
2025-07-18T10:51:00.000000Z,3.4634,3.4709,3.4633,3.4695,1671994.4
2025-07-18T10:52:00.000000Z,3.4694,3.4739,3.4689,3.4728,2007721.4
2025-07-18T10:53:00.000000Z,3.4728,3.4834,3.4727,3.4818,3749186.3
2025-07-18T10:54:00.000000Z,3.4819,3.4856,3.481,3.4814,4777325.7
2025-07-18T10:55:00.000000Z,3.4815,3.4823,3.4746,3.48,2648043.8
2025-07-18T10:56:00.000000Z,3.4801,3.4801,3.4719,3.4735,1695980.7
2025-07-18T10:57:00.000000Z,3.4734,3.4776,3.4727,3.4764,1008725.7
2025-07-18T10:58:00.000000Z,3.4764,3.4766,3.4724,3.4737,1318174.9
2025-07-18T10:59:00.000000Z,3.4738,3.4758,3.4692,3.4726,1533553.1
2025-07-18T11:00:00.000000Z,3.4726,3.4757,3.4701,3.4754,1140419.6
2025-07-18T11:01:00.000000Z,3.4754,3.477,3.472,3.4768,895694.4
2025-07-18T11:02:00.000000Z,3.4767,3.4807,3.4741,3.475,1075977.4
2025-07-18T11:03:00.000000Z,3.475,3.4781,3.4712,3.4737,1069264.1
2025-07-18T11:04:00.000000Z,3.4736,3.475,3.4667,3.4704,1469099.0
2025-07-18T11:05:00.000000Z,3.4704,3.473,3.469,3.4701,858241.4
2025-07-18T11:06:00.000000Z,3.4701,3.4708,3.4636,3.464,1209066.5
2025-07-18T11:07:00.000000Z,3.4641,3.4708,3.4635,3.469,817091.8
2025-07-18T11:08:00.000000Z,3.469,3.4713,3.464,3.4697,1179502.6
2025-07-18T11:09:00.000000Z,3.4697,3.4714,3.4664,3.4713,473554.6
2025-07-18T11:10:00.000000Z,3.4714,3.4725,3.4682,3.4706,621105.5
2025-07-18T11:11:00.000000Z,3.4707,3.4733,3.4681,3.469,767914.6
2025-07-18T11:12:00.000000Z,3.4691,3.4691,3.46,3.4601,1403829.2
2025-07-18T11:13:00.000000Z,3.4601,3.462,3.4566,3.4601,946310.6
2025-07-18T11:14:00.000000Z,3.4601,3.4632,3.455,3.4589,1455959.5
2025-07-18T11:15:00.000000Z,3.459,3.4636,3.4578,3.4578,1021557.5
2025-07-18T11:16:00.000000Z,3.4579,3.46,3.455,3.459,767913.9
2025-07-18T11:17:00.000000Z,3.4589,3.462,3.4534,3.4545,719291.3
2025-07-18T11:18:00.000000Z,3.4546,3.4569,3.4451,3.4482,2800177.4
2025-07-18T11:19:00.000000Z,3.4482,3.4535,3.4469,3.4516,1401625.5
2025-07-18T11:20:00.000000Z,3.4516,3.452,3.4402,3.4414,1930204.4
2025-07-18T11:21:00.000000Z,3.4415,3.442,3.429,3.433,4597353.6
2025-07-18T11:22:00.000000Z,3.4329,3.436,3.4276,3.4351,2658708.0
2025-07-18T11:23:00.000000Z,3.4351,3.4405,3.432,3.4392,2557521.6
2025-07-18T11:24:00.000000Z,3.4392,3.4416,3.4379,3.4392,989705.0
2025-07-18T11:25:00.000000Z,3.4393,3.4456,3.4392,3.4444,1220591.5
2025-07-18T11:26:00.000000Z,3.4443,3.447,3.4443,3.447,1136129.8
2025-07-18T11:27:00.000000Z,3.447,3.4496,3.4432,3.4451,770903.9
2025-07-18T11:28:00.000000Z,3.4451,3.4532,3.445,3.4528,1260329.1
2025-07-18T11:29:00.000000Z,3.4527,3.4528,3.4491,3.4503,1098976.8
2025-07-18T11:30:00.000000Z,3.4503,3.4559,3.4467,3.4474,1891083.6
2025-07-18T11:31:00.000000Z,3.4475,3.4531,3.4446,3.4526,1005687.3
2025-07-18T11:32:00.000000Z,3.4525,3.4659,3.4509,3.4648,1490108.8
2025-07-18T11:33:00.000000Z,3.4647,3.4672,3.4596,3.4622,1198441.8
2025-07-18T11:34:00.000000Z,3.4623,3.4655,3.4608,3.4655,1136150.7
2025-07-18T11:35:00.000000Z,3.4655,3.4686,3.4631,3.4669,1834784.1
2025-07-18T11:36:00.000000Z,3.4669,3.471,3.4658,3.4679,1661429.4
2025-07-18T11:37:00.000000Z,3.468,3.4736,3.4664,3.4699,1306732.2
2025-07-18T11:38:00.000000Z,3.4699,3.474,3.4692,3.4721,853849.4
2025-07-18T11:39:00.000000Z,3.4721,3.4763,3.4709,3.4746,952516.8
2025-07-18T11:40:00.000000Z,3.4746,3.4809,3.4745,3.4795,924561.3
2025-07-18T11:41:00.000000Z,3.4795,3.4809,3.4778,3.4798,903863.7
2025-07-18T11:42:00.000000Z,3.4799,3.4871,3.4799,3.4823,1343680.3
2025-07-18T11:43:00.000000Z,3.4824,3.493,3.482,3.4918,3572718.9
2025-07-18T11:44:00.000000Z,3.4919,3.4951,3.4905,3.4936,1756684.8
2025-07-18T11:45:00.000000Z,3.4936,3.5,3.4936,3.4942,2512662.9
2025-07-18T11:46:00.000000Z,3.4943,3.4983,3.4895,3.4936,1805188.9
2025-07-18T11:47:00.000000Z,3.4937,3.4954,3.4913,3.4914,893746.7
2025-07-18T11:48:00.000000Z,3.4915,3.4975,3.4912,3.4974,1426158.2
2025-07-18T11:49:00.000000Z,3.4973,3.4974,3.4908,3.492,1008758.8
2025-07-18T11:50:00.000000Z,3.4921,3.4944,3.4833,3.4836,1525591.2
2025-07-18T11:51:00.000000Z,3.4836,3.486,3.481,3.4828,1821812.6
2025-07-18T11:52:00.000000Z,3.4827,3.4828,3.4759,3.4783,1498689.7
2025-07-18T11:53:00.000000Z,3.4783,3.4867,3.4782,3.4861,823464.2
2025-07-18T11:54:00.000000Z,3.4861,3.4914,3.4859,3.4894,1300303.7
2025-07-18T11:55:00.000000Z,3.4894,3.4903,3.4852,3.4857,749123.8
2025-07-18T11:56:00.000000Z,3.4857,3.4892,3.4857,3.4873,582556.4
2025-07-18T11:57:00.000000Z,3.4873,3.4894,3.4856,3.4872,849982.6
2025-07-18T11:58:00.000000Z,3.4873,3.4886,3.485,3.4861,371832.9
2025-07-18T11:59:00.000000Z,3.4861,3.4911,3.4842,3.4906,572459.0
2025-07-18T12:00:00.000000Z,3.4906,3.491,3.4862,3.4899,1636125.0
2025-07-18T12:01:00.000000Z,3.4899,3.4899,3.485,3.4884,653552.3
2025-07-18T12:02:00.000000Z,3.4884,3.4892,3.4835,3.484,1016889.4
2025-07-18T12:03:00.000000Z,3.4841,3.4841,3.4792,3.4806,998800.9
2025-07-18T12:04:00.000000Z,3.4807,3.4807,3.4764,3.4773,1196800.8
2025-07-18T12:05:00.000000Z,3.4774,3.4808,3.4773,3.4777,853371.9
2025-07-18T12:06:00.000000Z,3.4777,3.4808,3.4773,3.4794,380460.6
2025-07-18T12:07:00.000000Z,3.4794,3.4818,3.479,3.4814,436194.0
2025-07-18T12:08:00.000000Z,3.4815,3.4872,3.4778,3.4786,746844.1
2025-07-18T12:09:00.000000Z,3.4786,3.4799,3.4708,3.4757,1515041.1
2025-07-18T12:10:00.000000Z,3.4757,3.4783,3.4746,3.4774,666719.6
2025-07-18T12:11:00.000000Z,3.4774,3.4774,3.4737,3.4763,502751.8
2025-07-18T12:12:00.000000Z,3.4762,3.4765,3.4739,3.4746,356295.2
2025-07-18T12:13:00.000000Z,3.4745,3.4847,3.4745,3.4837,1077163.0
2025-07-18T12:14:00.000000Z,3.4837,3.4837,3.4781,3.4781,859377.3
2025-07-18T12:15:00.000000Z,3.4781,3.4793,3.4762,3.4765,438531.2
2025-07-18T12:16:00.000000Z,3.4765,3.4806,3.4763,3.4785,526833.1
2025-07-18T12:17:00.000000Z,3.4786,3.4792,3.4768,3.4783,723247.2
2025-07-18T12:18:00.000000Z,3.4783,3.488,3.478,3.4843,1454674.1
2025-07-18T12:19:00.000000Z,3.4844,3.4908,3.4831,3.4839,3303007.1
2025-07-18T12:20:00.000000Z,3.4839,3.4904,3.4817,3.4846,1679944.6
2025-07-18T12:21:00.000000Z,3.4845,3.4875,3.4817,3.4856,477840.2
2025-07-18T12:22:00.000000Z,3.4856,3.4881,3.4828,3.4873,414722.7
2025-07-18T12:23:00.000000Z,3.4872,3.4934,3.4872,3.4924,916689.6
2025-07-18T12:24:00.000000Z,3.4924,3.4926,3.489,3.4892,756532.4
2025-07-18T12:25:00.000000Z,3.4893,3.492,3.4866,3.492,901655.3
2025-07-18T12:26:00.000000Z,3.4919,3.502,3.4906,3.4965,3381274.2
2025-07-18T12:27:00.000000Z,3.4965,3.5054,3.4932,3.5047,3630365.0
2025-07-18T12:28:00.000000Z,3.5047,3.5055,3.4979,3.4989,1716234.7
2025-07-18T12:29:00.000000Z,3.4991,3.5094,3.4991,3.5039,2249193.3
2025-07-18T12:30:00.000000Z,3.5038,3.5108,3.5014,3.5072,2474404.4
2025-07-18T12:31:00.000000Z,3.5069,3.5088,3.503,3.5033,1393722.2
2025-07-18T12:32:00.000000Z,3.5033,3.5046,3.5,3.502,1301671.6
2025-07-18T12:33:00.000000Z,3.502,3.5028,3.4966,3.4977,1135373.3
2025-07-18T12:34:00.000000Z,3.4976,3.5,3.4953,3.4999,1027912.4
2025-07-18T12:35:00.000000Z,3.4999,3.5032,3.4981,3.5027,901210.2
2025-07-18T12:36:00.000000Z,3.5026,3.5132,3.5018,3.5108,1556145.0
2025-07-18T12:37:00.000000Z,3.5108,3.5136,3.5097,3.5102,1621672.2
2025-07-18T12:38:00.000000Z,3.5102,3.515,3.5102,3.5121,1472563.7
2025-07-18T12:39:00.000000Z,3.5122,3.5182,3.5117,3.5177,1740426.0
2025-07-18T12:40:00.000000Z,3.5176,3.52,3.5148,3.5189,1970372.3
2025-07-18T12:41:00.000000Z,3.5188,3.5246,3.5186,3.5213,2763521.4
2025-07-18T12:42:00.000000Z,3.5212,3.5235,3.5157,3.5167,2177120.5
2025-07-18T12:43:00.000000Z,3.5167,3.5172,3.51,3.5131,2061539.6
2025-07-18T12:44:00.000000Z,3.5131,3.5165,3.5115,3.5123,985117.0
2025-07-18T12:45:00.000000Z,3.5123,3.5123,3.5069,3.5101,965710.6
2025-07-18T12:46:00.000000Z,3.51,3.5132,3.51,3.512,946931.4
2025-07-18T12:47:00.000000Z,3.5119,3.5161,3.5108,3.5154,868368.5
2025-07-18T12:48:00.000000Z,3.5155,3.5178,3.5134,3.5175,1212486.2
2025-07-18T12:49:00.000000Z,3.5175,3.525,3.5175,3.5233,1845300.8
2025-07-18T12:50:00.000000Z,3.5232,3.5244,3.5151,3.5185,2349491.5
2025-07-18T12:51:00.000000Z,3.5184,3.5284,3.5168,3.5264,1883293.5
2025-07-18T12:52:00.000000Z,3.5263,3.5298,3.5219,3.5231,1883731.5
2025-07-18T12:53:00.000000Z,3.5232,3.525,3.5174,3.5174,1396770.3
2025-07-18T12:54:00.000000Z,3.5175,3.5206,3.5151,3.5151,1268295.5
2025-07-18T12:55:00.000000Z,3.5152,3.5171,3.5086,3.51,1427109.6
2025-07-18T12:56:00.000000Z,3.5099,3.514,3.5089,3.5116,1161913.2
2025-07-18T12:57:00.000000Z,3.5115,3.5124,3.5039,3.5042,2050636.2
2025-07-18T12:58:00.000000Z,3.5042,3.5062,3.4961,3.4978,5528407.9
2025-07-18T12:59:00.000000Z,3.4977,3.5052,3.4977,3.5004,2382060.2
2025-07-18T13:00:00.000000Z,3.5005,3.5005,3.4921,3.4957,1364562.6
2025-07-18T13:01:00.000000Z,3.4957,3.5024,3.4942,3.5011,1446184.1
2025-07-18T13:02:00.000000Z,3.5012,3.5012,3.4929,3.4963,818792.9
2025-07-18T13:03:00.000000Z,3.4963,3.4963,3.491,3.4917,1034489.6
2025-07-18T13:04:00.000000Z,3.4918,3.496,3.487,3.4873,1709937.1
2025-07-18T13:05:00.000000Z,3.4872,3.4939,3.476,3.4778,6615549.6
2025-07-18T13:06:00.000000Z,3.4778,3.4882,3.4744,3.4879,2898496.0
2025-07-18T13:07:00.000000Z,3.4879,3.488,3.484,3.486,1238529.2
2025-07-18T13:08:00.000000Z,3.486,3.491,3.4844,3.4895,1071853.5
2025-07-18T13:09:00.000000Z,3.4895,3.4921,3.4859,3.4908,807014.6
2025-07-18T13:10:00.000000Z,3.4908,3.4939,3.4858,3.4939,835415.0
2025-07-18T13:11:00.000000Z,3.4938,3.4962,3.492,3.4943,914055.6
2025-07-18T13:12:00.000000Z,3.4943,3.4967,3.492,3.4938,2000925.2
2025-07-18T13:13:00.000000Z,3.4938,3.4968,3.4883,3.489,1590678.2
2025-07-18T13:14:00.000000Z,3.489,3.49,3.4801,3.4811,1185929.8
2025-07-18T13:15:00.000000Z,3.4812,3.4832,3.4758,3.4785,1637862.0
2025-07-18T13:16:00.000000Z,3.4785,3.4923,3.4779,3.4892,1086953.7
2025-07-18T13:17:00.000000Z,3.4892,3.492,3.4855,3.4869,618350.0
2025-07-18T13:18:00.000000Z,3.487,3.4875,3.48,3.48,526201.1
2025-07-18T13:19:00.000000Z,3.48,3.4872,3.4797,3.4826,568341.6
2025-07-18T13:20:00.000000Z,3.4825,3.4825,3.471,3.4715,1917670.8
2025-07-18T13:21:00.000000Z,3.4716,3.4718,3.4671,3.4691,2282797.3
2025-07-18T13:22:00.000000Z,3.469,3.4812,3.4682,3.4795,1319890.6
2025-07-18T13:23:00.000000Z,3.4794,3.4794,3.4697,3.4697,827157.3
2025-07-18T13:24:00.000000Z,3.4698,3.4766,3.4671,3.4726,791714.8
2025-07-18T13:25:00.000000Z,3.4725,3.4786,3.4725,3.4777,1629364.9
2025-07-18T13:26:00.000000Z,3.4777,3.4817,3.4764,3.4795,571904.0
2025-07-18T13:27:00.000000Z,3.4794,3.4844,3.4788,3.4831,1058805.6
2025-07-18T13:28:00.000000Z,3.4831,3.4921,3.4828,3.4896,3526786.6
2025-07-18T13:29:00.000000Z,3.4896,3.4905,3.4873,3.4896,557384.9
2025-07-18T13:30:00.000000Z,3.4896,3.4992,3.4876,3.4967,1113673.1
2025-07-18T13:31:00.000000Z,3.4967,3.5096,3.4963,3.5092,2174388.1
2025-07-18T13:32:00.000000Z,3.5092,3.5144,3.5062,3.5137,1942405.9
2025-07-18T13:33:00.000000Z,3.5137,3.5169,3.5057,3.5138,2246782.5
2025-07-18T13:34:00.000000Z,3.5137,3.5174,3.5074,3.51,2287156.2
2025-07-18T13:35:00.000000Z,3.5099,3.528,3.5099,3.5258,2801924.0
2025-07-18T13:36:00.000000Z,3.5257,3.5317,3.5203,3.5263,4251325.1
2025-07-18T13:37:00.000000Z,3.5262,3.5357,3.5242,3.5335,2625012.3
2025-07-18T13:38:00.000000Z,3.5335,3.5336,3.5214,3.5246,1852447.5
2025-07-18T13:39:00.000000Z,3.5246,3.543,3.523,3.543,2717647.9
2025-07-18T13:40:00.000000Z,3.5429,3.546,3.5287,3.5309,3503899.7
2025-07-18T13:41:00.000000Z,3.5309,3.5371,3.5237,3.5277,2255737.6
2025-07-18T13:42:00.000000Z,3.5277,3.528,3.5166,3.5254,2046435.4
2025-07-18T13:43:00.000000Z,3.5253,3.5278,3.518,3.5231,1106530.5
2025-07-18T13:44:00.000000Z,3.5232,3.5239,3.5126,3.5128,1750816.3
2025-07-18T13:45:00.000000Z,3.5128,3.5214,3.5114,3.5153,1973719.0
2025-07-18T13:46:00.000000Z,3.5152,3.5163,3.5,3.5037,2474059.1
2025-07-18T13:47:00.000000Z,3.5037,3.5127,3.5022,3.5126,1130117.7
2025-07-18T13:48:00.000000Z,3.5125,3.5138,3.5059,3.5119,1017290.4
2025-07-18T13:49:00.000000Z,3.5118,3.515,3.5082,3.513,768026.2
2025-07-18T13:50:00.000000Z,3.513,3.5163,3.5086,3.5159,1221144.0
2025-07-18T13:51:00.000000Z,3.5158,3.5235,3.5134,3.5178,3333434.7
2025-07-18T13:52:00.000000Z,3.5177,3.5196,3.5086,3.5124,1735447.5
2025-07-18T13:53:00.000000Z,3.5124,3.5146,3.5078,3.5103,987013.6
2025-07-18T13:54:00.000000Z,3.5103,3.5161,3.509,3.5093,561215.0
2025-07-18T13:55:00.000000Z,3.5093,3.5134,3.5079,3.5091,577984.3
2025-07-18T13:56:00.000000Z,3.5091,3.5103,3.5026,3.5073,1746398.8
2025-07-18T13:57:00.000000Z,3.5073,3.5073,3.5007,3.5008,795105.1
2025-07-18T13:58:00.000000Z,3.5007,3.5105,3.5007,3.5097,852705.0
2025-07-18T13:59:00.000000Z,3.5097,3.5097,3.505,3.5082,468333.0
2025-07-18T14:00:00.000000Z,3.5082,3.5124,3.4962,3.4988,2891918.8
2025-07-18T14:01:00.000000Z,3.4989,3.5034,3.4938,3.5005,3610418.1
2025-07-18T14:02:00.000000Z,3.5005,3.5005,3.4902,3.4933,1133746.5
2025-07-18T14:03:00.000000Z,3.4934,3.494,3.4862,3.493,2124194.0
2025-07-18T14:04:00.000000Z,3.4931,3.4958,3.4889,3.4956,1024906.8
2025-07-18T14:05:00.000000Z,3.4956,3.5063,3.4916,3.5015,1576139.3
2025-07-18T14:06:00.000000Z,3.5015,3.5162,3.5014,3.5161,1340879.8
2025-07-18T14:07:00.000000Z,3.5161,3.5162,3.5099,3.5124,1897506.2
2025-07-18T14:08:00.000000Z,3.5124,3.516,3.51,3.5139,1629326.6
2025-07-18T14:09:00.000000Z,3.514,3.5158,3.505,3.5158,2662330.8
2025-07-18T14:10:00.000000Z,3.5157,3.5249,3.5117,3.5161,1689205.4
2025-07-18T14:11:00.000000Z,3.5164,3.521,3.5124,3.515,1223137.5
2025-07-18T14:12:00.000000Z,3.5151,3.516,3.5048,3.5084,984115.0
2025-07-18T14:13:00.000000Z,3.5084,3.5088,3.4988,3.4991,1060819.5
2025-07-18T14:14:00.000000Z,3.4991,3.5022,3.4925,3.4937,1159526.2
2025-07-18T14:15:00.000000Z,3.4936,3.4965,3.4905,3.4962,1333544.1
2025-07-18T14:16:00.000000Z,3.4961,3.4961,3.475,3.4762,2987821.8
2025-07-18T14:17:00.000000Z,3.4763,3.4826,3.4689,3.4793,4268224.7
2025-07-18T14:18:00.000000Z,3.4792,3.4792,3.4561,3.4587,6836876.9
2025-07-18T14:19:00.000000Z,3.4587,3.4674,3.4557,3.463,3657119.5
2025-07-18T14:20:00.000000Z,3.4631,3.4631,3.4506,3.4597,3968675.8
2025-07-18T14:21:00.000000Z,3.4596,3.4744,3.4572,3.4737,2329167.9
2025-07-18T14:22:00.000000Z,3.4738,3.4738,3.4639,3.4644,2859481.8
2025-07-18T14:23:00.000000Z,3.4643,3.4696,3.4588,3.4637,3241002.5
2025-07-18T14:24:00.000000Z,3.4638,3.4648,3.4419,3.4462,4903609.4
2025-07-18T14:25:00.000000Z,3.4463,3.4484,3.4292,3.4331,10232882.6
2025-07-18T14:26:00.000000Z,3.4331,3.4354,3.42,3.4286,7339638.9
2025-07-18T14:27:00.000000Z,3.4286,3.4415,3.4163,3.4343,4818830.0
2025-07-18T14:28:00.000000Z,3.4342,3.4459,3.4338,3.442,3251099.5
2025-07-18T14:29:00.000000Z,3.442,3.4447,3.4355,3.441,1680161.7
2025-07-18T14:30:00.000000Z,3.441,3.4487,3.4383,3.4471,1812769.5
2025-07-18T14:31:00.000000Z,3.4471,3.45,3.4313,3.4313,2029898.8
2025-07-18T14:32:00.000000Z,3.4314,3.4335,3.4138,3.4248,4914675.0
2025-07-18T14:33:00.000000Z,3.4249,3.4322,3.4202,3.4313,2733323.0
2025-07-18T14:34:00.000000Z,3.4313,3.4336,3.4248,3.4287,2046459.5
2025-07-18T14:35:00.000000Z,3.4288,3.4309,3.4205,3.4259,1878884.6
2025-07-18T14:36:00.000000Z,3.426,3.4347,3.423,3.4317,2129577.7
2025-07-18T14:37:00.000000Z,3.4317,3.4426,3.4311,3.4359,1630417.9
2025-07-18T14:38:00.000000Z,3.4359,3.4454,3.4322,3.4322,1635497.4
2025-07-18T14:39:00.000000Z,3.4322,3.4374,3.4262,3.4294,2145879.1
2025-07-18T14:40:00.000000Z,3.4293,3.4366,3.4234,3.4286,1623235.6
2025-07-18T14:41:00.000000Z,3.4286,3.4289,3.415,3.418,2869020.4
2025-07-18T14:42:00.000000Z,3.4179,3.4304,3.4072,3.4304,4141666.0
2025-07-18T14:43:00.000000Z,3.4305,3.4386,3.4237,3.4369,2615693.1
2025-07-18T14:44:00.000000Z,3.437,3.4447,3.4362,3.4447,1878350.5
2025-07-18T14:45:00.000000Z,3.4446,3.459,3.4443,3.456,3157103.5
2025-07-18T14:46:00.000000Z,3.456,3.4674,3.454,3.4621,3535621.2
2025-07-18T14:47:00.000000Z,3.462,3.4622,3.4476,3.4528,1870243.8
2025-07-18T14:48:00.000000Z,3.4528,3.4598,3.4505,3.454,1005201.1
2025-07-18T14:49:00.000000Z,3.4539,3.4569,3.4509,3.451,857436.0
2025-07-18T14:50:00.000000Z,3.451,3.4676,3.4506,3.462,1522273.1
2025-07-18T14:51:00.000000Z,3.4619,3.4652,3.4604,3.4628,1297397.9
2025-07-18T14:52:00.000000Z,3.4627,3.4709,3.4622,3.4679,3024895.6
2025-07-18T14:53:00.000000Z,3.4678,3.4717,3.4638,3.4692,1151387.7
2025-07-18T14:54:00.000000Z,3.4691,3.4706,3.4616,3.4616,1062588.7
2025-07-18T14:55:00.000000Z,3.4616,3.4657,3.461,3.4632,801006.9
2025-07-18T14:56:00.000000Z,3.4632,3.4671,3.4584,3.4594,908877.0
2025-07-18T14:57:00.000000Z,3.4594,3.4672,3.4592,3.4642,1225348.2
2025-07-18T14:58:00.000000Z,3.4641,3.4643,3.4577,3.4586,724051.9
2025-07-18T14:59:00.000000Z,3.4585,3.46,3.4548,3.4554,774071.2
2025-07-18T15:00:00.000000Z,3.4554,3.4562,3.438,3.4382,2930216.6
2025-07-18T15:01:00.000000Z,3.4382,3.4522,3.438,3.4509,1841777.8
2025-07-18T15:02:00.000000Z,3.4509,3.4591,3.4474,3.459,1062815.2
2025-07-18T15:03:00.000000Z,3.459,3.46,3.4473,3.4486,985066.6
2025-07-18T15:04:00.000000Z,3.4486,3.4501,3.4421,3.4468,826329.2
2025-07-18T15:05:00.000000Z,3.4465,3.4568,3.4443,3.4563,725265.6
2025-07-18T15:06:00.000000Z,3.4564,3.4594,3.4494,3.4494,812634.8
2025-07-18T15:07:00.000000Z,3.4494,3.4519,3.4263,3.4312,5044367.8
2025-07-18T15:08:00.000000Z,3.4313,3.4397,3.4301,3.4379,1780657.2
2025-07-18T15:09:00.000000Z,3.4379,3.444,3.4349,3.4349,1338293.4
2025-07-18T15:10:00.000000Z,3.4348,3.4459,3.4347,3.4382,765701.6
2025-07-18T15:11:00.000000Z,3.4381,3.4412,3.4292,3.4302,763995.5
2025-07-18T15:12:00.000000Z,3.4301,3.4302,3.4191,3.4218,2768260.8
2025-07-18T15:13:00.000000Z,3.4218,3.4267,3.4169,3.4264,1864990.7
2025-07-18T15:14:00.000000Z,3.4263,3.4269,3.4175,3.4189,1102205.3
2025-07-18T15:15:00.000000Z,3.4188,3.4312,3.418,3.43,1650816.0
2025-07-18T15:16:00.000000Z,3.43,3.4321,3.4203,3.4249,1287582.7
2025-07-18T15:17:00.000000Z,3.425,3.426,3.4092,3.4121,3498503.2
2025-07-18T15:18:00.000000Z,3.412,3.412,3.37,3.3792,23395762.8
2025-07-18T15:19:00.000000Z,3.3791,3.3872,3.3629,3.377,12146822.3
2025-07-18T15:20:00.000000Z,3.3771,3.3834,3.3714,3.3777,4486448.0
2025-07-18T15:21:00.000000Z,3.3778,3.3779,3.3664,3.3688,4488047.3
2025-07-18T15:22:00.000000Z,3.3688,3.38,3.3633,3.3662,5887052.8
2025-07-18T15:23:00.000000Z,3.3663,3.3728,3.3583,3.3726,7181047.1
2025-07-18T15:24:00.000000Z,3.3726,3.3726,3.3509,3.3539,8086826.2
2025-07-18T15:25:00.000000Z,3.3539,3.3596,3.3476,3.3569,7094868.9
2025-07-18T15:26:00.000000Z,3.3571,3.3764,3.3548,3.3747,4566013.1
2025-07-18T15:27:00.000000Z,3.3748,3.3771,3.3684,3.3739,3805482.5
2025-07-18T15:28:00.000000Z,3.374,3.3885,3.3714,3.3788,5282352.3
2025-07-18T15:29:00.000000Z,3.3788,3.3815,3.3763,3.3792,1516237.2
2025-07-18T15:30:00.000000Z,3.3792,3.3899,3.3785,3.3885,3260145.1
2025-07-18T15:31:00.000000Z,3.3885,3.3919,3.3838,3.3872,1878513.4
2025-07-18T15:32:00.000000Z,3.3873,3.3907,3.3858,3.3871,1366332.7
2025-07-18T15:33:00.000000Z,3.387,3.3946,3.3851,3.3905,1826022.3
2025-07-18T15:34:00.000000Z,3.3904,3.3904,3.3845,3.3853,1191438.7
2025-07-18T15:35:00.000000Z,3.3854,3.39,3.3777,3.3784,1162117.9
2025-07-18T15:36:00.000000Z,3.3784,3.3811,3.3654,3.3684,2958938.9
2025-07-18T15:37:00.000000Z,3.3683,3.383,3.3652,3.3753,2307892.5
2025-07-18T15:38:00.000000Z,3.3753,3.3832,3.3728,3.3766,871713.5
2025-07-18T15:39:00.000000Z,3.3766,3.3828,3.3708,3.3723,980818.5
2025-07-18T15:40:00.000000Z,3.3723,3.375,3.3691,3.3735,999482.5
2025-07-18T15:41:00.000000Z,3.3736,3.3775,3.369,3.3716,1018628.2
2025-07-18T15:42:00.000000Z,3.3716,3.3717,3.3553,3.3571,3849683.4
2025-07-18T15:43:00.000000Z,3.3571,3.3732,3.35,3.3718,4284405.1
2025-07-18T15:44:00.000000Z,3.3718,3.3746,3.368,3.3706,1528000.4
2025-07-18T15:45:00.000000Z,3.3706,3.3719,3.3603,3.3654,1696935.9
2025-07-18T15:46:00.000000Z,3.3654,3.3769,3.3654,3.3769,1211975.9
2025-07-18T15:47:00.000000Z,3.3768,3.3829,3.3733,3.3814,1783712.0
2025-07-18T15:48:00.000000Z,3.3814,3.394,3.3791,3.3926,5134441.6
2025-07-18T15:49:00.000000Z,3.3926,3.3927,3.3878,3.389,1411691.5
2025-07-18T15:50:00.000000Z,3.389,3.395,3.389,3.3923,1427383.2
2025-07-18T15:51:00.000000Z,3.3923,3.3962,3.3908,3.3956,1297523.0
2025-07-18T15:52:00.000000Z,3.3955,3.3962,3.3892,3.3926,1089695.9
2025-07-18T15:53:00.000000Z,3.3925,3.394,3.3869,3.3876,810586.8
2025-07-18T15:54:00.000000Z,3.3875,3.389,3.3843,3.3844,858771.4
2025-07-18T15:55:00.000000Z,3.3844,3.3844,3.3779,3.3806,1283528.5
2025-07-18T15:56:00.000000Z,3.3806,3.3845,3.3768,3.3772,638308.7
2025-07-18T15:57:00.000000Z,3.3772,3.3824,3.3762,3.3764,499012.0
2025-07-18T15:58:00.000000Z,3.3765,3.383,3.3765,3.3814,610640.1
2025-07-18T15:59:00.000000Z,3.3813,3.3836,3.3763,3.3765,641340.1
2025-07-18T16:00:00.000000Z,3.3765,3.3895,3.3765,3.3885,1084125.9
2025-07-18T16:01:00.000000Z,3.3886,3.3901,3.3825,3.3856,993897.2
2025-07-18T16:02:00.000000Z,3.3855,3.389,3.3836,3.3857,663612.3
2025-07-18T16:03:00.000000Z,3.3858,3.3969,3.3858,3.3908,1633722.3
2025-07-18T16:04:00.000000Z,3.3908,3.3914,3.3829,3.3898,867253.7
2025-07-18T16:05:00.000000Z,3.3897,3.3911,3.3849,3.3873,1020152.0
2025-07-18T16:06:00.000000Z,3.3874,3.3896,3.3813,3.3814,569632.2
2025-07-18T16:07:00.000000Z,3.3814,3.3833,3.3721,3.3786,1984973.9
2025-07-18T16:08:00.000000Z,3.3786,3.3786,3.3649,3.3676,1577330.3
2025-07-18T16:09:00.000000Z,3.3676,3.3767,3.3668,3.3761,1145474.7
2025-07-18T16:10:00.000000Z,3.376,3.3863,3.3728,3.3818,989236.8
2025-07-18T16:11:00.000000Z,3.3817,3.3972,3.3816,3.3961,1726202.3
2025-07-18T16:12:00.000000Z,3.3961,3.4,3.3901,3.3901,1797440.2
2025-07-18T16:13:00.000000Z,3.3902,3.3976,3.3902,3.3956,1194202.9
2025-07-18T16:14:00.000000Z,3.3954,3.3954,3.3904,3.3914,536683.7
2025-07-18T16:15:00.000000Z,3.3913,3.3916,3.3786,3.3786,1575061.9
2025-07-18T16:16:00.000000Z,3.3785,3.3936,3.3771,3.3913,1273031.5
2025-07-18T16:17:00.000000Z,3.3912,3.3969,3.3856,3.3954,1466257.0
2025-07-18T16:18:00.000000Z,3.3954,3.3968,3.3907,3.395,1390728.4
2025-07-18T16:19:00.000000Z,3.395,3.4073,3.3946,3.4059,3972710.1
2025-07-18T16:20:00.000000Z,3.4059,3.4117,3.4054,3.4083,7351920.2
2025-07-18T16:21:00.000000Z,3.4083,3.4084,3.3987,3.4039,2779203.9
2025-07-18T16:22:00.000000Z,3.4039,3.4108,3.4012,3.408,1622441.4
2025-07-18T16:23:00.000000Z,3.408,3.4125,3.4072,3.4108,1567534.0
2025-07-18T16:24:00.000000Z,3.4108,3.4194,3.4088,3.4191,2216679.2
2025-07-18T16:25:00.000000Z,3.4191,3.4195,3.4125,3.4126,2399519.3
2025-07-18T16:26:00.000000Z,3.4125,3.4148,3.4102,3.4128,1387598.6
2025-07-18T16:27:00.000000Z,3.4127,3.4133,3.4053,3.4071,1792517.9
2025-07-18T16:28:00.000000Z,3.4071,3.4147,3.407,3.411,1072964.8
2025-07-18T16:29:00.000000Z,3.411,3.42,3.411,3.4176,1705792.7
2025-07-18T16:30:00.000000Z,3.4176,3.4256,3.415,3.4236,2089729.5
2025-07-18T16:31:00.000000Z,3.4236,3.4247,3.4221,3.4242,1577778.5
2025-07-18T16:32:00.000000Z,3.4241,3.4276,3.4234,3.4274,1458593.2
2025-07-18T16:33:00.000000Z,3.4273,3.4274,3.4234,3.4234,1562799.4
2025-07-18T16:34:00.000000Z,3.4234,3.4267,3.4211,3.4246,2013123.1
2025-07-18T16:35:00.000000Z,3.4246,3.4348,3.4225,3.4335,1932145.6
2025-07-18T16:36:00.000000Z,3.4334,3.438,3.4302,3.4332,1979584.8
2025-07-18T16:37:00.000000Z,3.4332,3.4373,3.4275,3.4278,1996785.6
2025-07-18T16:38:00.000000Z,3.4277,3.4376,3.4277,3.434,1373113.0
2025-07-18T16:39:00.000000Z,3.4341,3.4341,3.4245,3.4262,1469997.5
2025-07-18T16:40:00.000000Z,3.4261,3.439,3.4247,3.439,1694841.2
2025-07-18T16:41:00.000000Z,3.4389,3.4389,3.4346,3.438,1520771.3
2025-07-18T16:42:00.000000Z,3.438,3.439,3.4291,3.4304,1730097.4
2025-07-18T16:43:00.000000Z,3.4304,3.4305,3.4246,3.428,1071820.4
2025-07-18T16:44:00.000000Z,3.4281,3.43,3.4266,3.4284,701086.0
2025-07-18T16:45:00.000000Z,3.4284,3.4365,3.4272,3.436,1102516.7
2025-07-18T16:46:00.000000Z,3.4359,3.4365,3.4262,3.4262,1475168.3
2025-07-18T16:47:00.000000Z,3.4263,3.4307,3.4257,3.4267,658758.0
2025-07-18T16:48:00.000000Z,3.4267,3.4273,3.4204,3.4204,1432946.2
2025-07-18T16:49:00.000000Z,3.4205,3.4256,3.4168,3.4244,1199866.6
2025-07-18T16:50:00.000000Z,3.4244,3.4301,3.4219,3.4266,775483.3
2025-07-18T16:51:00.000000Z,3.4266,3.435,3.4266,3.4332,715605.1
2025-07-18T16:52:00.000000Z,3.4331,3.4352,3.432,3.4333,795023.0
2025-07-18T16:53:00.000000Z,3.4332,3.4344,3.4304,3.4329,860271.6
2025-07-18T16:54:00.000000Z,3.4328,3.4344,3.4315,3.4331,553154.1
2025-07-18T16:55:00.000000Z,3.4331,3.435,3.432,3.434,486381.1
2025-07-18T16:56:00.000000Z,3.434,3.4365,3.4339,3.4341,764174.1
2025-07-18T16:57:00.000000Z,3.4341,3.4343,3.4314,3.4331,517190.4
2025-07-18T16:58:00.000000Z,3.433,3.4346,3.4322,3.4329,628929.2
2025-07-18T16:59:00.000000Z,3.4329,3.4407,3.4279,3.4406,1298174.1
2025-07-18T17:00:00.000000Z,3.4407,3.4436,3.4392,3.4411,1921906.4
2025-07-18T17:01:00.000000Z,3.441,3.4459,3.4401,3.4458,2474743.0
2025-07-18T17:02:00.000000Z,3.4457,3.4457,3.4396,3.4399,2319458.0
2025-07-18T17:03:00.000000Z,3.44,3.4418,3.4369,3.4409,1698046.9
2025-07-18T17:04:00.000000Z,3.4409,3.4409,3.428,3.428,1917473.0
2025-07-18T17:05:00.000000Z,3.428,3.4345,3.4248,3.4342,1151317.7
2025-07-18T17:06:00.000000Z,3.4342,3.4377,3.4302,3.4355,623586.0
2025-07-18T17:07:00.000000Z,3.4355,3.4363,3.4326,3.4347,499235.3
2025-07-18T17:08:00.000000Z,3.4347,3.4399,3.4315,3.4367,596766.9
2025-07-18T17:09:00.000000Z,3.4367,3.4367,3.4268,3.4291,604505.7
2025-07-18T17:10:00.000000Z,3.4291,3.4299,3.4246,3.425,797027.3
2025-07-18T17:11:00.000000Z,3.4251,3.4334,3.4251,3.43,457270.5
2025-07-18T17:12:00.000000Z,3.4299,3.4336,3.426,3.4335,680869.6
2025-07-18T17:13:00.000000Z,3.4335,3.4335,3.4251,3.4251,401816.7
2025-07-18T17:14:00.000000Z,3.4252,3.4299,3.4242,3.4298,623617.5
2025-07-18T17:15:00.000000Z,3.4298,3.4364,3.429,3.4324,613946.5
2025-07-18T17:16:00.000000Z,3.4323,3.4391,3.4301,3.439,673057.0
2025-07-18T17:17:00.000000Z,3.4391,3.4407,3.4372,3.4394,494161.7
2025-07-18T17:18:00.000000Z,3.4394,3.4416,3.4374,3.4374,862106.4
2025-07-18T17:19:00.000000Z,3.4375,3.4443,3.4375,3.4408,765995.7
2025-07-18T17:20:00.000000Z,3.4408,3.4456,3.4386,3.4454,1288228.6
2025-07-18T17:21:00.000000Z,3.4453,3.4454,3.4416,3.444,1427223.3
2025-07-18T17:22:00.000000Z,3.4439,3.45,3.4437,3.4479,905352.2
2025-07-18T17:23:00.000000Z,3.4478,3.4506,3.4473,3.4481,679821.7
2025-07-18T17:24:00.000000Z,3.4482,3.4501,3.4442,3.445,974088.8
2025-07-18T17:25:00.000000Z,3.445,3.4462,3.4432,3.4439,689852.2
2025-07-18T17:26:00.000000Z,3.444,3.4463,3.4414,3.443,671921.7
2025-07-18T17:27:00.000000Z,3.4431,3.4478,3.4431,3.4452,523210.4
2025-07-18T17:28:00.000000Z,3.4453,3.4526,3.4439,3.452,658064.1
2025-07-18T17:29:00.000000Z,3.4521,3.4546,3.4486,3.4507,890181.6
2025-07-18T17:30:00.000000Z,3.4506,3.4507,3.447,3.447,689228.8
2025-07-18T17:31:00.000000Z,3.4471,3.4495,3.4444,3.449,638927.6
2025-07-18T17:32:00.000000Z,3.4489,3.4548,3.4485,3.453,1034795.8
2025-07-18T17:33:00.000000Z,3.453,3.4629,3.453,3.4608,1549929.7
2025-07-18T17:34:00.000000Z,3.4609,3.466,3.4602,3.4641,1624028.4
2025-07-18T17:35:00.000000Z,3.4641,3.4641,3.4612,3.4615,1141059.7
2025-07-18T17:36:00.000000Z,3.4615,3.4656,3.4603,3.4654,882247.2
2025-07-18T17:37:00.000000Z,3.4653,3.4654,3.4587,3.4599,729297.0
2025-07-18T17:38:00.000000Z,3.4599,3.4659,3.4582,3.4634,973283.3
2025-07-18T17:39:00.000000Z,3.4633,3.4639,3.4586,3.461,680497.8
2025-07-18T17:40:00.000000Z,3.461,3.4616,3.4459,3.4474,2458531.3
2025-07-18T17:41:00.000000Z,3.4474,3.4553,3.4468,3.4486,2768859.6
2025-07-18T17:42:00.000000Z,3.4485,3.4541,3.4438,3.4536,1827322.5
2025-07-18T17:43:00.000000Z,3.4536,3.4553,3.4465,3.4465,1506558.9
2025-07-18T17:44:00.000000Z,3.4465,3.4567,3.4432,3.4564,1303973.0
2025-07-18T17:45:00.000000Z,3.4563,3.4574,3.4514,3.4526,1327255.4
2025-07-18T17:46:00.000000Z,3.4526,3.4552,3.4477,3.4489,438841.7
2025-07-18T17:47:00.000000Z,3.449,3.4587,3.449,3.4587,414181.6
2025-07-18T17:48:00.000000Z,3.4588,3.4588,3.4477,3.4515,1299183.5
2025-07-18T17:49:00.000000Z,3.4515,3.455,3.451,3.4536,381340.4
2025-07-18T17:50:00.000000Z,3.4536,3.4558,3.4502,3.454,430339.9
2025-07-18T17:51:00.000000Z,3.4539,3.4555,3.4506,3.4513,677461.0
2025-07-18T17:52:00.000000Z,3.4513,3.4549,3.4504,3.4545,247331.6
2025-07-18T17:53:00.000000Z,3.4545,3.4576,3.4539,3.4572,552179.8
2025-07-18T17:54:00.000000Z,3.4572,3.4594,3.4558,3.4577,605188.8
2025-07-18T17:55:00.000000Z,3.4578,3.4609,3.4577,3.4588,398009.9
2025-07-18T17:56:00.000000Z,3.4589,3.4597,3.4564,3.4586,449217.4
2025-07-18T17:57:00.000000Z,3.4586,3.4589,3.4566,3.4581,212222.2
2025-07-18T17:58:00.000000Z,3.4582,3.4616,3.4575,3.4583,498165.8
2025-07-18T17:59:00.000000Z,3.4583,3.4595,3.4489,3.4503,856797.5
2025-07-18T18:00:00.000000Z,3.4504,3.4517,3.4442,3.4443,952870.5
2025-07-18T18:01:00.000000Z,3.4443,3.4467,3.4412,3.4457,1557828.3
2025-07-18T18:02:00.000000Z,3.4457,3.4471,3.4417,3.4471,742719.3
2025-07-18T18:03:00.000000Z,3.4471,3.453,3.4461,3.4503,567203.8
2025-07-18T18:04:00.000000Z,3.4503,3.4511,3.4476,3.4485,489940.4
2025-07-18T18:05:00.000000Z,3.4484,3.4503,3.4454,3.4503,446690.9
2025-07-18T18:06:00.000000Z,3.4502,3.4503,3.4438,3.4455,627753.3
2025-07-18T18:07:00.000000Z,3.4454,3.4463,3.4401,3.4403,774346.7
2025-07-18T18:08:00.000000Z,3.4403,3.4417,3.4366,3.4366,1467297.5
2025-07-18T18:09:00.000000Z,3.4366,3.4402,3.4344,3.4364,2065103.9
2025-07-18T18:10:00.000000Z,3.4364,3.44,3.4347,3.4359,2190594.3
2025-07-18T18:11:00.000000Z,3.4359,3.4369,3.4303,3.435,2389774.5
2025-07-18T18:12:00.000000Z,3.435,3.4351,3.4241,3.4318,2877451.9
2025-07-18T18:13:00.000000Z,3.432,3.4372,3.4301,3.4341,1000793.5
2025-07-18T18:14:00.000000Z,3.4342,3.4352,3.4307,3.4336,677547.6
2025-07-18T18:15:00.000000Z,3.4335,3.4336,3.424,3.4264,1503599.4
2025-07-18T18:16:00.000000Z,3.4265,3.4427,3.4265,3.4426,1013871.9
2025-07-18T18:17:00.000000Z,3.4426,3.4426,3.4358,3.4392,692374.6
2025-07-18T18:18:00.000000Z,3.4391,3.4419,3.4358,3.4409,579359.4
2025-07-18T18:19:00.000000Z,3.441,3.4436,3.4388,3.4397,466274.8
2025-07-18T18:20:00.000000Z,3.4398,3.4458,3.4398,3.4421,517921.9
2025-07-18T18:21:00.000000Z,3.4422,3.447,3.44,3.4407,981359.1
2025-07-18T18:22:00.000000Z,3.4406,3.4421,3.4321,3.436,2755751.5
2025-07-18T18:23:00.000000Z,3.4359,3.4407,3.4352,3.4377,565958.8
2025-07-18T18:24:00.000000Z,3.4376,3.4417,3.4355,3.4393,598320.2
2025-07-18T18:25:00.000000Z,3.4392,3.4392,3.4307,3.4321,563615.6
2025-07-18T18:26:00.000000Z,3.4321,3.4369,3.4313,3.4361,354703.3
2025-07-18T18:27:00.000000Z,3.4361,3.441,3.4339,3.4405,576677.6
2025-07-18T18:28:00.000000Z,3.4406,3.4431,3.4395,3.4407,575456.5
2025-07-18T18:29:00.000000Z,3.4407,3.4494,3.4407,3.4493,561756.8
2025-07-18T18:30:00.000000Z,3.4492,3.4571,3.4492,3.457,979262.1
2025-07-18T18:31:00.000000Z,3.4569,3.457,3.4516,3.4516,515466.4
2025-07-18T18:32:00.000000Z,3.4516,3.4541,3.45,3.4527,575016.5
2025-07-18T18:33:00.000000Z,3.4527,3.4574,3.4501,3.4574,475144.0
2025-07-18T18:34:00.000000Z,3.4573,3.4573,3.4513,3.4546,1176784.0
2025-07-18T18:35:00.000000Z,3.4547,3.465,3.4546,3.4636,1294593.6
2025-07-18T18:36:00.000000Z,3.4636,3.4657,3.4585,3.4592,1571255.6
2025-07-18T18:37:00.000000Z,3.4592,3.4652,3.458,3.4622,925093.1
2025-07-18T18:38:00.000000Z,3.4622,3.4625,3.4522,3.4522,684253.0
2025-07-18T18:39:00.000000Z,3.4523,3.4589,3.4523,3.4541,468238.3
2025-07-18T18:40:00.000000Z,3.4542,3.4598,3.4542,3.4553,501078.8
2025-07-18T18:41:00.000000Z,3.4553,3.4637,3.4537,3.4637,715752.6
2025-07-18T18:42:00.000000Z,3.4636,3.4636,3.459,3.4611,442731.2
2025-07-18T18:43:00.000000Z,3.461,3.4637,3.459,3.4621,538315.0
2025-07-18T18:44:00.000000Z,3.4621,3.4628,3.4593,3.4612,763509.6
2025-07-18T18:45:00.000000Z,3.4611,3.4638,3.4562,3.4563,522457.7
2025-07-18T18:46:00.000000Z,3.4563,3.4572,3.4489,3.4492,1636115.9
2025-07-18T18:47:00.000000Z,3.4492,3.4545,3.4492,3.4543,377332.2
2025-07-18T18:48:00.000000Z,3.4542,3.4563,3.452,3.4551,299585.8
2025-07-18T18:49:00.000000Z,3.4551,3.4618,3.455,3.4612,432442.1
2025-07-18T18:50:00.000000Z,3.4613,3.4668,3.4593,3.4668,1274971.7
2025-07-18T18:51:00.000000Z,3.4668,3.4671,3.4587,3.4611,608945.4
2025-07-18T18:52:00.000000Z,3.4612,3.464,3.4543,3.4549,346933.9
2025-07-18T18:53:00.000000Z,3.455,3.4564,3.4512,3.4564,709819.1
2025-07-18T18:54:00.000000Z,3.4564,3.4589,3.4546,3.4565,415191.8
2025-07-18T18:55:00.000000Z,3.4564,3.458,3.4503,3.4512,318202.3
2025-07-18T18:56:00.000000Z,3.4512,3.4528,3.448,3.4501,524052.1
2025-07-18T18:57:00.000000Z,3.4501,3.4501,3.4432,3.4436,624666.4
2025-07-18T18:58:00.000000Z,3.4436,3.4457,3.438,3.4395,518065.5
2025-07-18T18:59:00.000000Z,3.4396,3.442,3.4371,3.4405,489364.6
2025-07-18T19:00:00.000000Z,3.4405,3.4463,3.4355,3.4359,709178.2
2025-07-18T19:01:00.000000Z,3.4359,3.4376,3.4318,3.4352,1164062.6
2025-07-18T19:02:00.000000Z,3.4352,3.4366,3.431,3.431,1455544.4
2025-07-18T19:03:00.000000Z,3.4311,3.4326,3.4198,3.4204,5032953.6
2025-07-18T19:04:00.000000Z,3.4204,3.4263,3.4105,3.4254,3259545.8
2025-07-18T19:05:00.000000Z,3.4253,3.4254,3.415,3.4189,1961876.8
2025-07-18T19:06:00.000000Z,3.4189,3.4189,3.4037,3.4127,2914878.6
2025-07-18T19:07:00.000000Z,3.4126,3.4177,3.4083,3.4168,1602714.9
2025-07-18T19:08:00.000000Z,3.4168,3.4289,3.4146,3.4224,1549111.3
2025-07-18T19:09:00.000000Z,3.4224,3.424,3.4161,3.424,830220.6
2025-07-18T19:10:00.000000Z,3.4239,3.4254,3.4162,3.4169,1472123.5
2025-07-18T19:11:00.000000Z,3.417,3.4237,3.4128,3.414,1142140.1
2025-07-18T19:12:00.000000Z,3.414,3.4205,3.4117,3.4178,1660665.5
2025-07-18T19:13:00.000000Z,3.4178,3.4228,3.4166,3.4217,429636.7
2025-07-18T19:14:00.000000Z,3.4217,3.4226,3.416,3.4212,395464.1
2025-07-18T19:15:00.000000Z,3.4212,3.4297,3.4212,3.4267,1362587.7
2025-07-18T19:16:00.000000Z,3.4268,3.4549,3.4268,3.454,2627890.3
2025-07-18T19:17:00.000000Z,3.4541,3.4561,3.4469,3.4549,1743079.5
2025-07-18T19:18:00.000000Z,3.4548,3.46,3.4545,3.4569,1452177.0
2025-07-18T19:19:00.000000Z,3.4568,3.4616,3.4541,3.4616,1305880.5
2025-07-18T19:20:00.000000Z,3.4615,3.4664,3.4576,3.4577,1259966.0
2025-07-18T19:21:00.000000Z,3.4577,3.4724,3.4574,3.4711,1831842.8
2025-07-18T19:22:00.000000Z,3.4712,3.4755,3.4689,3.469,2422950.3
2025-07-18T19:23:00.000000Z,3.4691,3.4788,3.468,3.4783,1225287.2
2025-07-18T19:24:00.000000Z,3.4782,3.4809,3.4752,3.4778,1989711.2
2025-07-18T19:25:00.000000Z,3.4779,3.4783,3.4631,3.464,2015517.2
2025-07-18T19:26:00.000000Z,3.464,3.4715,3.463,3.4676,1432426.9
2025-07-18T19:27:00.000000Z,3.4677,3.4691,3.4649,3.4691,735378.7
2025-07-18T19:28:00.000000Z,3.4691,3.4715,3.4686,3.4691,722029.8
2025-07-18T19:29:00.000000Z,3.469,3.4691,3.4659,3.4665,504101.3
2025-07-18T19:30:00.000000Z,3.4666,3.4666,3.4505,3.4522,2317791.5
2025-07-18T19:31:00.000000Z,3.4523,3.4545,3.448,3.448,1941467.2
2025-07-18T19:32:00.000000Z,3.4481,3.4583,3.4462,3.4553,1334820.6
2025-07-18T19:33:00.000000Z,3.4553,3.4603,3.4528,3.4587,508777.8
2025-07-18T19:34:00.000000Z,3.4586,3.4618,3.4559,3.4574,1187426.0
2025-07-18T19:35:00.000000Z,3.4574,3.4608,3.4534,3.4606,407965.6
2025-07-18T19:36:00.000000Z,3.4606,3.4634,3.4565,3.4565,400197.3
2025-07-18T19:37:00.000000Z,3.4565,3.4589,3.4522,3.4539,845347.1
2025-07-18T19:38:00.000000Z,3.4538,3.4546,3.444,3.4443,1055972.1
2025-07-18T19:39:00.000000Z,3.4442,3.4514,3.4442,3.4491,939160.1
2025-07-18T19:40:00.000000Z,3.449,3.4508,3.4437,3.4437,522195.3
2025-07-18T19:41:00.000000Z,3.4438,3.4467,3.4398,3.4453,799196.7
2025-07-18T19:42:00.000000Z,3.4452,3.4512,3.442,3.4431,811356.5
2025-07-18T19:43:00.000000Z,3.443,3.4445,3.4398,3.4408,649785.1
2025-07-18T19:44:00.000000Z,3.4407,3.4414,3.4366,3.4399,640364.4
2025-07-18T19:45:00.000000Z,3.4398,3.4413,3.4337,3.4345,600494.6
2025-07-18T19:46:00.000000Z,3.4345,3.4345,3.4263,3.4311,1203516.5
2025-07-18T19:47:00.000000Z,3.431,3.431,3.4246,3.4247,1172026.5
2025-07-18T19:48:00.000000Z,3.4247,3.4298,3.4241,3.4254,593256.6
2025-07-18T19:49:00.000000Z,3.4254,3.4327,3.4217,3.4322,1079213.1
2025-07-18T19:50:00.000000Z,3.4323,3.435,3.425,3.4315,741368.0
2025-07-18T19:51:00.000000Z,3.4314,3.4327,3.4271,3.4286,429518.8
2025-07-18T19:52:00.000000Z,3.4285,3.4306,3.4268,3.4278,383046.9
2025-07-18T19:53:00.000000Z,3.4278,3.4432,3.4267,3.443,1016644.6
2025-07-18T19:54:00.000000Z,3.443,3.4486,3.4425,3.4483,1668114.5
2025-07-18T19:55:00.000000Z,3.4481,3.4543,3.4436,3.4454,1511142.1
2025-07-18T19:56:00.000000Z,3.4453,3.4508,3.4436,3.4499,628348.0
2025-07-18T19:57:00.000000Z,3.4498,3.452,3.4471,3.448,681097.2
2025-07-18T19:58:00.000000Z,3.4481,3.4498,3.4179,3.4256,5307918.2
2025-07-18T19:59:00.000000Z,3.4257,3.4359,3.4257,3.4354,1562729.1
2025-07-18T20:00:00.000000Z,3.4351,3.4484,3.4322,3.4484,1230210.4
2025-07-18T20:01:00.000000Z,3.4483,3.4504,3.441,3.4417,1161121.3
2025-07-18T20:02:00.000000Z,3.4417,3.4457,3.437,3.437,704046.6
2025-07-18T20:03:00.000000Z,3.437,3.4384,3.43,3.4346,1393883.7
2025-07-18T20:04:00.000000Z,3.4346,3.4346,3.4249,3.4298,1118837.4
2025-07-18T20:05:00.000000Z,3.4297,3.4482,3.4288,3.4449,1861448.2
2025-07-18T20:06:00.000000Z,3.4449,3.4449,3.4301,3.4308,1064777.4
2025-07-18T20:07:00.000000Z,3.4309,3.4317,3.4177,3.4223,1557736.6
2025-07-18T20:08:00.000000Z,3.4222,3.4284,3.4179,3.4247,724094.2
2025-07-18T20:09:00.000000Z,3.4246,3.43,3.4226,3.4294,648723.7
2025-07-18T20:10:00.000000Z,3.4293,3.4293,3.42,3.4203,659040.3
2025-07-18T20:11:00.000000Z,3.4203,3.431,3.42,3.4243,1006728.0
2025-07-18T20:12:00.000000Z,3.4243,3.4289,3.4224,3.4245,494304.6
2025-07-18T20:13:00.000000Z,3.4246,3.436,3.4175,3.4333,1101343.3
2025-07-18T20:14:00.000000Z,3.4331,3.4385,3.4287,3.4299,651205.2
2025-07-18T20:15:00.000000Z,3.4299,3.4363,3.4261,3.4268,686747.9
2025-07-18T20:16:00.000000Z,3.4269,3.4365,3.4259,3.4282,582660.6
2025-07-18T20:17:00.000000Z,3.4282,3.4361,3.4241,3.4318,566383.8
2025-07-18T20:18:00.000000Z,3.4318,3.4327,3.4242,3.4262,490240.5
2025-07-18T20:19:00.000000Z,3.4264,3.4275,3.4097,3.4121,2055648.8
2025-07-18T20:20:00.000000Z,3.4121,3.4226,3.4116,3.4226,737452.9
2025-07-18T20:21:00.000000Z,3.4227,3.4227,3.4103,3.4129,1120205.1
2025-07-18T20:22:00.000000Z,3.4129,3.4176,3.4017,3.4025,1491273.8
2025-07-18T20:23:00.000000Z,3.4024,3.4029,3.3839,3.3862,5910734.6
2025-07-18T20:24:00.000000Z,3.3863,3.3909,3.3813,3.39,3746689.0
2025-07-18T20:25:00.000000Z,3.3901,3.3984,3.3855,3.3939,1467986.9
2025-07-18T20:26:00.000000Z,3.3939,3.3939,3.381,3.3868,1618916.5
2025-07-18T20:27:00.000000Z,3.3868,3.3874,3.3652,3.3773,6036625.5
2025-07-18T20:28:00.000000Z,3.3774,3.3777,3.3652,3.3729,3126664.7
2025-07-18T20:29:00.000000Z,3.3729,3.3739,3.3653,3.3672,1631632.1
2025-07-18T20:30:00.000000Z,3.3673,3.3858,3.3673,3.3727,2183359.9
2025-07-18T20:31:00.000000Z,3.3728,3.3815,3.3727,3.3773,1331541.1
2025-07-18T20:32:00.000000Z,3.3772,3.3792,3.365,3.3764,2014096.7
2025-07-18T20:33:00.000000Z,3.3765,3.3833,3.3678,3.3822,1835512.4
2025-07-18T20:34:00.000000Z,3.3823,3.3823,3.3592,3.3635,2819247.0
2025-07-18T20:35:00.000000Z,3.3636,3.3811,3.3616,3.3763,1884009.8
2025-07-18T20:36:00.000000Z,3.3763,3.3831,3.3729,3.3778,1288453.6
2025-07-18T20:37:00.000000Z,3.3779,3.3816,3.3699,3.3795,1128558.3
2025-07-18T20:38:00.000000Z,3.3796,3.3828,3.3745,3.3785,1225879.6
2025-07-18T20:39:00.000000Z,3.3786,3.38,3.3688,3.371,971454.8
2025-07-18T20:40:00.000000Z,3.371,3.3754,3.3619,3.3695,1770567.8
2025-07-18T20:41:00.000000Z,3.3695,3.3741,3.3659,3.3706,1115138.5
2025-07-18T20:42:00.000000Z,3.3706,3.3888,3.3706,3.3888,2501433.2
2025-07-18T20:43:00.000000Z,3.3888,3.3983,3.3888,3.3926,1462258.4
2025-07-18T20:44:00.000000Z,3.3926,3.3981,3.3917,3.3977,1258683.4
2025-07-18T20:45:00.000000Z,3.3977,3.4055,3.3949,3.4043,1295294.9
2025-07-18T20:46:00.000000Z,3.4042,3.4069,3.4008,3.4035,996748.8
2025-07-18T20:47:00.000000Z,3.4036,3.4143,3.4036,3.4139,1483294.7
2025-07-18T20:48:00.000000Z,3.4139,3.4175,3.4103,3.4168,900413.3
2025-07-18T20:49:00.000000Z,3.4167,3.422,3.4161,3.4204,1515497.2
2025-07-18T20:50:00.000000Z,3.42,3.421,3.4068,3.408,1324098.9
2025-07-18T20:51:00.000000Z,3.408,3.4308,3.408,3.4297,1875354.2
2025-07-18T20:52:00.000000Z,3.4297,3.43,3.4204,3.4239,1046771.6
2025-07-18T20:53:00.000000Z,3.4239,3.432,3.4239,3.428,1290507.7
2025-07-18T20:54:00.000000Z,3.4281,3.4328,3.4232,3.4251,1358965.2
2025-07-18T20:55:00.000000Z,3.4252,3.4309,3.4241,3.4309,1226707.6
2025-07-18T20:56:00.000000Z,3.4308,3.4317,3.4267,3.4272,643045.6
2025-07-18T20:57:00.000000Z,3.4272,3.4304,3.4271,3.4288,432976.4
2025-07-18T20:58:00.000000Z,3.4288,3.4293,3.4222,3.4227,727242.5
2025-07-18T20:59:00.000000Z,3.4228,3.4252,3.4135,3.4136,1392080.2
2025-07-18T21:00:00.000000Z,3.4137,3.4214,3.4109,3.4207,1031338.4
2025-07-18T21:01:00.000000Z,3.4206,3.422,3.4138,3.4211,777684.1
2025-07-18T21:02:00.000000Z,3.4211,3.424,3.4192,3.4236,539799.1
2025-07-18T21:03:00.000000Z,3.4236,3.4264,3.4197,3.4244,500366.6
2025-07-18T21:04:00.000000Z,3.4244,3.4272,3.423,3.4249,431764.1
2025-07-18T21:05:00.000000Z,3.4249,3.4315,3.4241,3.4266,689652.9
2025-07-18T21:06:00.000000Z,3.4266,3.4317,3.4258,3.4314,772164.4
2025-07-18T21:07:00.000000Z,3.4313,3.432,3.4204,3.4212,722689.4
2025-07-18T21:08:00.000000Z,3.4212,3.4252,3.4212,3.4239,660048.1
2025-07-18T21:09:00.000000Z,3.424,3.4261,3.4196,3.4199,621494.8
2025-07-18T21:10:00.000000Z,3.42,3.4248,3.4193,3.4234,1115756.7
2025-07-18T21:11:00.000000Z,3.4233,3.4254,3.42,3.424,638995.0
2025-07-18T21:12:00.000000Z,3.424,3.424,3.4197,3.4203,471494.6
2025-07-18T21:13:00.000000Z,3.4202,3.4304,3.4199,3.4303,455463.6
2025-07-18T21:14:00.000000Z,3.4303,3.4305,3.426,3.4266,518053.4
2025-07-18T21:15:00.000000Z,3.4266,3.427,3.4164,3.4191,1013906.7
2025-07-18T21:16:00.000000Z,3.4191,3.429,3.418,3.4271,445963.4
2025-07-18T21:17:00.000000Z,3.427,3.4336,3.4262,3.4324,884995.4
2025-07-18T21:18:00.000000Z,3.4324,3.4347,3.4277,3.4333,821612.2
2025-07-18T21:19:00.000000Z,3.4333,3.4412,3.433,3.4408,1143310.1
2025-07-18T21:20:00.000000Z,3.4409,3.4418,3.4356,3.4396,1077093.4
2025-07-18T21:21:00.000000Z,3.4397,3.4437,3.4377,3.4431,983575.8
2025-07-18T21:22:00.000000Z,3.4431,3.4473,3.4414,3.4454,1026348.3
2025-07-18T21:23:00.000000Z,3.4455,3.4494,3.4445,3.4491,798981.4
2025-07-18T21:24:00.000000Z,3.4492,3.4493,3.4445,3.4465,470482.4
2025-07-18T21:25:00.000000Z,3.4465,3.4469,3.4404,3.4404,585574.7
2025-07-18T21:26:00.000000Z,3.4404,3.4442,3.4371,3.4372,534649.8
2025-07-18T21:27:00.000000Z,3.4372,3.4412,3.4344,3.4411,440847.2
2025-07-18T21:28:00.000000Z,3.4412,3.442,3.437,3.4387,457844.8
2025-07-18T21:29:00.000000Z,3.4388,3.4429,3.4383,3.4429,211752.3
2025-07-18T21:30:00.000000Z,3.443,3.4473,3.4412,3.4449,402595.6
2025-07-18T21:31:00.000000Z,3.4449,3.4489,3.4448,3.4472,631635.1
2025-07-18T21:32:00.000000Z,3.4471,3.4496,3.4448,3.4475,391081.9
2025-07-18T21:33:00.000000Z,3.4473,3.4496,3.4464,3.4493,234286.7
2025-07-18T21:34:00.000000Z,3.4492,3.4513,3.4468,3.451,335768.7
2025-07-18T21:35:00.000000Z,3.451,3.4512,3.4494,3.4506,365616.8
2025-07-18T21:36:00.000000Z,3.4506,3.4517,3.4472,3.4495,291512.9
2025-07-18T21:37:00.000000Z,3.4496,3.4501,3.4487,3.4495,326412.8
2025-07-18T21:38:00.000000Z,3.4494,3.4497,3.4453,3.4479,464850.8
2025-07-18T21:39:00.000000Z,3.448,3.4481,3.4468,3.4468,374551.2
2025-07-18T21:40:00.000000Z,3.4468,3.4516,3.4468,3.4515,412173.5
2025-07-18T21:41:00.000000Z,3.4516,3.4519,3.4495,3.4501,307630.8
2025-07-18T21:42:00.000000Z,3.45,3.4515,3.45,3.4509,174673.4
2025-07-18T21:43:00.000000Z,3.451,3.4517,3.4423,3.4433,589773.9
2025-07-18T21:44:00.000000Z,3.4434,3.446,3.4427,3.4454,322210.4
2025-07-18T21:45:00.000000Z,3.4455,3.448,3.445,3.4453,313449.1
2025-07-18T21:46:00.000000Z,3.4453,3.4464,3.443,3.4449,361181.9
2025-07-18T21:47:00.000000Z,3.445,3.453,3.4449,3.4529,417236.3
2025-07-18T21:48:00.000000Z,3.4529,3.4534,3.4497,3.4498,406325.2
2025-07-18T21:49:00.000000Z,3.4498,3.4498,3.444,3.4444,625887.0
2025-07-18T21:50:00.000000Z,3.4444,3.4448,3.4399,3.4399,315072.5
2025-07-18T21:51:00.000000Z,3.4399,3.4399,3.426,3.4282,1846727.8
2025-07-18T21:52:00.000000Z,3.4281,3.4358,3.4269,3.4326,822401.2
2025-07-18T21:53:00.000000Z,3.4327,3.4327,3.4256,3.4275,1090286.1
2025-07-18T21:54:00.000000Z,3.4276,3.4279,3.4191,3.4198,1232529.2
2025-07-18T21:55:00.000000Z,3.4199,3.4203,3.4165,3.4166,485636.3
2025-07-18T21:56:00.000000Z,3.4166,3.4187,3.4135,3.4145,1057835.7
2025-07-18T21:57:00.000000Z,3.4144,3.4145,3.4046,3.4094,1359064.2
2025-07-18T21:58:00.000000Z,3.4095,3.4183,3.4094,3.4147,890635.1
2025-07-18T21:59:00.000000Z,3.4147,3.418,3.4118,3.4147,886440.9
2025-07-18T22:00:00.000000Z,3.4148,3.4198,3.408,3.4132,977750.2
2025-07-18T22:01:00.000000Z,3.4131,3.4165,3.4027,3.4028,1435407.9
2025-07-18T22:02:00.000000Z,3.4029,3.4149,3.4021,3.4098,1687165.8
2025-07-18T22:03:00.000000Z,3.4099,3.413,3.4045,3.4068,564212.5
2025-07-18T22:04:00.000000Z,3.4069,3.4075,3.399,3.4036,1752614.2
2025-07-18T22:05:00.000000Z,3.4034,3.4098,3.4031,3.4083,755781.5
2025-07-18T22:06:00.000000Z,3.4084,3.4122,3.4078,3.4078,623943.8
2025-07-18T22:07:00.000000Z,3.4078,3.4088,3.4017,3.4019,378358.8
2025-07-18T22:08:00.000000Z,3.4017,3.4027,3.3972,3.3978,940056.4
2025-07-18T22:09:00.000000Z,3.3979,3.3999,3.397,3.3984,581987.5
2025-07-18T22:10:00.000000Z,3.3984,3.4038,3.3982,3.4034,588050.8
2025-07-18T22:11:00.000000Z,3.4034,3.4104,3.4011,3.4103,587175.8
2025-07-18T22:12:00.000000Z,3.4103,3.4105,3.4071,3.4091,418974.4
2025-07-18T22:13:00.000000Z,3.4091,3.4105,3.4062,3.4069,275464.3
2025-07-18T22:14:00.000000Z,3.4068,3.4131,3.4061,3.4117,452975.5
2025-07-18T22:15:00.000000Z,3.4116,3.4126,3.4072,3.4073,386630.4
2025-07-18T22:16:00.000000Z,3.4072,3.412,3.4066,3.4095,416380.3
2025-07-18T22:17:00.000000Z,3.4095,3.4112,3.4072,3.411,266950.6
2025-07-18T22:18:00.000000Z,3.411,3.4111,3.4065,3.409,569027.9
2025-07-18T22:19:00.000000Z,3.409,3.4101,3.4088,3.4091,136303.6
2025-07-18T22:20:00.000000Z,3.4091,3.4157,3.4091,3.4149,510658.1
2025-07-18T22:21:00.000000Z,3.415,3.4151,3.4088,3.4097,321635.5
2025-07-18T22:22:00.000000Z,3.4097,3.4098,3.4061,3.4083,376169.3
2025-07-18T22:23:00.000000Z,3.4082,3.4096,3.407,3.4078,236880.6
2025-07-18T22:24:00.000000Z,3.4077,3.4089,3.407,3.4089,151816.4
2025-07-18T22:25:00.000000Z,3.4088,3.433,3.4088,3.4326,4776005.4
2025-07-18T22:26:00.000000Z,3.4325,3.433,3.4219,3.4222,1157555.0
2025-07-18T22:27:00.000000Z,3.4222,3.4234,3.4185,3.42,1595196.3
2025-07-18T22:28:00.000000Z,3.4199,3.4269,3.4199,3.4235,642444.8
2025-07-18T22:29:00.000000Z,3.4235,3.4262,3.4235,3.4256,1144616.4
2025-07-18T22:30:00.000000Z,3.4256,3.4322,3.4256,3.4284,804246.2
2025-07-18T22:31:00.000000Z,3.4282,3.429,3.4216,3.4237,479808.9
2025-07-18T22:32:00.000000Z,3.4237,3.4284,3.4233,3.4278,371466.0
2025-07-18T22:33:00.000000Z,3.4278,3.429,3.4221,3.4232,476123.7
2025-07-18T22:34:00.000000Z,3.4232,3.4247,3.4209,3.4228,496583.8
2025-07-18T22:35:00.000000Z,3.4227,3.4247,3.4207,3.4214,354799.9
2025-07-18T22:36:00.000000Z,3.4214,3.4227,3.4157,3.418,674477.6
2025-07-18T22:37:00.000000Z,3.418,3.4213,3.4169,3.4208,453425.2
2025-07-18T22:38:00.000000Z,3.4207,3.4208,3.4179,3.4203,207279.0
2025-07-18T22:39:00.000000Z,3.4202,3.4207,3.4184,3.419,212446.9
2025-07-18T22:40:00.000000Z,3.419,3.419,3.4139,3.4166,596758.2
2025-07-18T22:41:00.000000Z,3.4166,3.4168,3.4096,3.4109,716058.8
2025-07-18T22:42:00.000000Z,3.4109,3.4132,3.4104,3.4106,959896.9
2025-07-18T22:43:00.000000Z,3.4105,3.4107,3.4067,3.4094,693930.3
2025-07-18T22:44:00.000000Z,3.4094,3.4111,3.4061,3.4061,627835.9
2025-07-18T22:45:00.000000Z,3.4062,3.4125,3.4053,3.4066,1275768.2
2025-07-18T22:46:00.000000Z,3.4067,3.414,3.4067,3.414,386923.3
2025-07-18T22:47:00.000000Z,3.414,3.4144,3.3993,3.4,2763888.5
2025-07-18T22:48:00.000000Z,3.3997,3.4032,3.3997,3.4028,1044999.2
2025-07-18T22:49:00.000000Z,3.4028,3.4039,3.4021,3.4032,552913.8
2025-07-18T22:50:00.000000Z,3.4033,3.4033,3.3833,3.3887,4555297.6
2025-07-18T22:51:00.000000Z,3.3886,3.3903,3.3822,3.3828,861373.2
2025-07-18T22:52:00.000000Z,3.3829,3.3857,3.3801,3.3805,1209218.5
2025-07-18T22:53:00.000000Z,3.3806,3.3852,3.3806,3.3826,540776.7
2025-07-18T22:54:00.000000Z,3.3825,3.3871,3.38,3.3863,1494464.1
2025-07-18T22:55:00.000000Z,3.3863,3.3948,3.3861,3.3942,1928325.4
2025-07-18T22:56:00.000000Z,3.3941,3.3978,3.3916,3.3953,1091654.3
2025-07-18T22:57:00.000000Z,3.3954,3.396,3.3882,3.3899,542174.3
2025-07-18T22:58:00.000000Z,3.3899,3.3931,3.3887,3.3899,388173.1
2025-07-18T22:59:00.000000Z,3.3898,3.3942,3.3872,3.3932,519640.6
2025-07-18T23:00:00.000000Z,3.3933,3.3982,3.3912,3.3913,531397.4
2025-07-18T23:01:00.000000Z,3.3913,3.3928,3.3856,3.3856,565106.6
2025-07-18T23:02:00.000000Z,3.3856,3.3856,3.38,3.3807,1614109.1
2025-07-18T23:03:00.000000Z,3.3808,3.3842,3.38,3.3821,725167.8
2025-07-18T23:04:00.000000Z,3.3821,3.3821,3.3756,3.3758,1712720.2
2025-07-18T23:05:00.000000Z,3.3757,3.3787,3.3732,3.3753,989220.3
2025-07-18T23:06:00.000000Z,3.3752,3.3788,3.3735,3.3754,585222.1
2025-07-18T23:07:00.000000Z,3.3755,3.378,3.3741,3.3751,1552431.9
2025-07-18T23:08:00.000000Z,3.3751,3.3766,3.366,3.3662,2252073.8
2025-07-18T23:09:00.000000Z,3.3661,3.3756,3.3635,3.3754,2336514.5
2025-07-18T23:10:00.000000Z,3.3753,3.383,3.3736,3.3804,815235.4
2025-07-18T23:11:00.000000Z,3.3805,3.3814,3.3753,3.3808,576819.2
2025-07-18T23:12:00.000000Z,3.3808,3.3862,3.3752,3.3753,751081.0
2025-07-18T23:13:00.000000Z,3.3753,3.3797,3.3741,3.3795,625133.2
2025-07-18T23:14:00.000000Z,3.3796,3.3827,3.3769,3.3806,638771.2
2025-07-18T23:15:00.000000Z,3.3805,3.3883,3.3755,3.3757,1201391.3
2025-07-18T23:16:00.000000Z,3.3758,3.3873,3.3758,3.3863,1214498.1
2025-07-18T23:17:00.000000Z,3.3862,3.392,3.3841,3.3883,834843.2
2025-07-18T23:18:00.000000Z,3.3882,3.3943,3.3868,3.3916,694040.2
2025-07-18T23:19:00.000000Z,3.3917,3.3998,3.3917,3.3984,1670064.3
2025-07-18T23:20:00.000000Z,3.3984,3.4024,3.3984,3.4015,902451.4
2025-07-18T23:21:00.000000Z,3.4015,3.4036,3.3994,3.4008,606523.0
2025-07-18T23:22:00.000000Z,3.4008,3.4041,3.3993,3.4027,507217.2
2025-07-18T23:23:00.000000Z,3.4027,3.4048,3.3997,3.4002,753971.8
2025-07-18T23:24:00.000000Z,3.4003,3.4058,3.4003,3.4043,432254.9
2025-07-18T23:25:00.000000Z,3.4043,3.4056,3.4013,3.4046,491515.4
2025-07-18T23:26:00.000000Z,3.4046,3.4049,3.3963,3.3968,934914.8
2025-07-18T23:27:00.000000Z,3.3969,3.4004,3.3965,3.4003,297391.1
2025-07-18T23:28:00.000000Z,3.4003,3.4042,3.4001,3.4027,300802.1
2025-07-18T23:29:00.000000Z,3.4027,3.4041,3.4015,3.4024,402022.7
2025-07-18T23:30:00.000000Z,3.4024,3.4113,3.4022,3.4111,1616744.7
2025-07-18T23:31:00.000000Z,3.4111,3.4159,3.4111,3.4143,1097828.5
2025-07-18T23:32:00.000000Z,3.4143,3.4159,3.4097,3.4097,1744621.7
2025-07-18T23:33:00.000000Z,3.4098,3.413,3.4081,3.4105,595642.6
2025-07-18T23:34:00.000000Z,3.4105,3.4127,3.41,3.4104,223574.9
2025-07-18T23:35:00.000000Z,3.4105,3.4145,3.41,3.414,413060.2
2025-07-18T23:36:00.000000Z,3.414,3.4142,3.4097,3.4098,386675.2
2025-07-18T23:37:00.000000Z,3.4099,3.4136,3.4086,3.4128,404230.9
2025-07-18T23:38:00.000000Z,3.4127,3.4144,3.4095,3.4117,382356.4
2025-07-18T23:39:00.000000Z,3.4117,3.4133,3.4101,3.4126,263604.8
2025-07-18T23:40:00.000000Z,3.4127,3.4135,3.4093,3.4107,462284.1
2025-07-18T23:41:00.000000Z,3.4108,3.4131,3.408,3.4106,387513.4
2025-07-18T23:42:00.000000Z,3.4107,3.413,3.4104,3.4112,257110.1
2025-07-18T23:43:00.000000Z,3.4111,3.4112,3.4065,3.4065,726237.8
2025-07-18T23:44:00.000000Z,3.4065,3.408,3.4052,3.4079,471375.7
2025-07-18T23:45:00.000000Z,3.4079,3.4092,3.4056,3.4091,424969.8
2025-07-18T23:46:00.000000Z,3.4091,3.4122,3.407,3.4107,589805.6
2025-07-18T23:47:00.000000Z,3.4108,3.4133,3.41,3.4125,304206.3
2025-07-18T23:48:00.000000Z,3.4125,3.4212,3.4114,3.4184,2530069.2
2025-07-18T23:49:00.000000Z,3.4184,3.42,3.4173,3.42,702920.9
2025-07-18T23:50:00.000000Z,3.4199,3.4218,3.4183,3.4196,1021480.1
2025-07-18T23:51:00.000000Z,3.4195,3.4213,3.4186,3.4199,698623.2
2025-07-18T23:52:00.000000Z,3.4199,3.4223,3.4172,3.4209,749792.8
2025-07-18T23:53:00.000000Z,3.4209,3.4218,3.4195,3.4196,461932.0
2025-07-18T23:54:00.000000Z,3.4196,3.42,3.4146,3.4157,358738.0
2025-07-18T23:55:00.000000Z,3.4158,3.4197,3.4155,3.4195,342160.4
2025-07-18T23:56:00.000000Z,3.4195,3.4195,3.4149,3.4166,573789.9
2025-07-18T23:57:00.000000Z,3.4166,3.4196,3.4166,3.4181,267075.1
2025-07-18T23:58:00.000000Z,3.4181,3.4187,3.415,3.4161,376610.5
2025-07-18T23:59:00.000000Z,3.416,3.4162,3.414,3.414,555178.3
2025-07-19T00:00:00.000000Z,3.4141,3.4162,3.4122,3.4161,703626.5
2025-07-19T00:01:00.000000Z,3.4162,3.4207,3.4155,3.4188,613844.5
2025-07-19T00:02:00.000000Z,3.4189,3.4249,3.4189,3.422,1038693.0
2025-07-19T00:03:00.000000Z,3.422,3.4319,3.422,3.4304,1368216.0
2025-07-19T00:04:00.000000Z,3.4304,3.4395,3.4303,3.4383,2565437.3
2025-07-19T00:05:00.000000Z,3.4383,3.4405,3.4356,3.4391,1617143.3
2025-07-19T00:06:00.000000Z,3.4392,3.4481,3.4387,3.4463,1702884.3
2025-07-19T00:07:00.000000Z,3.4463,3.4511,3.443,3.4488,1529233.6
2025-07-19T00:08:00.000000Z,3.4487,3.4487,3.4374,3.4441,1157514.0
2025-07-19T00:09:00.000000Z,3.444,3.4482,3.4379,3.4379,1037841.4
2025-07-19T00:10:00.000000Z,3.4379,3.4476,3.4379,3.4439,841197.5
2025-07-19T00:11:00.000000Z,3.4439,3.4517,3.4439,3.4509,944277.3
2025-07-19T00:12:00.000000Z,3.4509,3.4553,3.448,3.4546,1300968.5
2025-07-19T00:13:00.000000Z,3.4546,3.4573,3.4416,3.4438,1424708.8
2025-07-19T00:14:00.000000Z,3.4439,3.4535,3.4439,3.4522,696180.2
2025-07-19T00:15:00.000000Z,3.4523,3.4532,3.4434,3.4494,945682.7
2025-07-19T00:16:00.000000Z,3.4494,3.4541,3.4453,3.4472,954253.3
2025-07-19T00:17:00.000000Z,3.4473,3.4485,3.44,3.4442,620036.6
2025-07-19T00:18:00.000000Z,3.4443,3.4478,3.441,3.4433,537427.8
2025-07-19T00:19:00.000000Z,3.4432,3.4512,3.4424,3.4453,855913.6
2025-07-19T00:20:00.000000Z,3.4454,3.4522,3.4432,3.4517,646561.5
2025-07-19T00:21:00.000000Z,3.4518,3.452,3.4455,3.4496,680155.4
2025-07-19T00:22:00.000000Z,3.4496,3.4515,3.4466,3.4496,560357.3
2025-07-19T00:23:00.000000Z,3.4495,3.4553,3.4472,3.4538,488647.8
2025-07-19T00:24:00.000000Z,3.4539,3.4579,3.4518,3.4535,696170.6
2025-07-19T00:25:00.000000Z,3.4534,3.4556,3.4503,3.4514,947861.1
2025-07-19T00:26:00.000000Z,3.4514,3.4549,3.4439,3.4442,752129.0
2025-07-19T00:27:00.000000Z,3.4443,3.4505,3.4443,3.4497,574070.5
2025-07-19T00:28:00.000000Z,3.4497,3.4545,3.448,3.4537,503939.0
2025-07-19T00:29:00.000000Z,3.4538,3.456,3.4533,3.4533,507088.1
2025-07-19T00:30:00.000000Z,3.4533,3.4605,3.453,3.4599,1345613.7
2025-07-19T00:31:00.000000Z,3.4598,3.4639,3.4596,3.4635,1542146.8
2025-07-19T00:32:00.000000Z,3.4635,3.4675,3.4613,3.4628,1405955.3
2025-07-19T00:33:00.000000Z,3.4628,3.4655,3.4605,3.4641,781428.3
2025-07-19T00:34:00.000000Z,3.464,3.4644,3.4539,3.4557,1918223.8
2025-07-19T00:35:00.000000Z,3.4557,3.4636,3.4516,3.4539,3321136.7
2025-07-19T00:36:00.000000Z,3.454,3.4543,3.4453,3.4527,1301035.1
2025-07-19T00:37:00.000000Z,3.4527,3.456,3.4519,3.4558,529186.5
2025-07-19T00:38:00.000000Z,3.4558,3.4612,3.4549,3.4612,646209.3
2025-07-19T00:39:00.000000Z,3.4611,3.4612,3.4489,3.4509,602347.9
2025-07-19T00:40:00.000000Z,3.4509,3.4619,3.4506,3.4612,484677.9
2025-07-19T00:41:00.000000Z,3.4612,3.4612,3.453,3.4552,450482.5
2025-07-19T00:42:00.000000Z,3.4553,3.4639,3.4517,3.4571,777409.0
2025-07-19T00:43:00.000000Z,3.4571,3.4574,3.4472,3.4483,1263103.6
2025-07-19T00:44:00.000000Z,3.4483,3.4548,3.4447,3.4527,702958.1
2025-07-19T00:45:00.000000Z,3.4528,3.458,3.4472,3.4472,460729.3
2025-07-19T00:46:00.000000Z,3.4473,3.4511,3.4456,3.4487,436667.4
2025-07-19T00:47:00.000000Z,3.4486,3.4486,3.438,3.4389,1594286.6
2025-07-19T00:48:00.000000Z,3.4389,3.4443,3.4334,3.4442,1463344.0
2025-07-19T00:49:00.000000Z,3.4442,3.4442,3.4371,3.4442,1124011.9
2025-07-19T00:50:00.000000Z,3.4441,3.4457,3.4384,3.4423,709095.3
2025-07-19T00:51:00.000000Z,3.4422,3.4441,3.4384,3.4392,490222.7
2025-07-19T00:52:00.000000Z,3.4393,3.45,3.4392,3.4499,574778.1
2025-07-19T00:53:00.000000Z,3.4499,3.46,3.4474,3.4597,905490.7
2025-07-19T00:54:00.000000Z,3.4597,3.4597,3.4457,3.4461,619669.5
2025-07-19T00:55:00.000000Z,3.4462,3.4537,3.4448,3.4497,1075554.3
2025-07-19T00:56:00.000000Z,3.4496,3.4496,3.4364,3.4382,779891.9
2025-07-19T00:57:00.000000Z,3.4383,3.446,3.438,3.4441,814947.2
2025-07-19T00:58:00.000000Z,3.4441,3.4458,3.4402,3.4402,392348.5
2025-07-19T00:59:00.000000Z,3.4402,3.4406,3.4314,3.4323,1221617.9
2025-07-19T01:00:00.000000Z,3.4323,3.4357,3.4159,3.4179,2562865.3
2025-07-19T01:01:00.000000Z,3.4179,3.4297,3.4167,3.4179,1869067.2
2025-07-19T01:02:00.000000Z,3.418,3.423,3.4123,3.4124,1235549.4
2025-07-19T01:03:00.000000Z,3.4125,3.4159,3.4051,3.4053,1497739.8
2025-07-19T01:04:00.000000Z,3.4053,3.4098,3.3978,3.4067,2453913.5
2025-07-19T01:05:00.000000Z,3.4066,3.4141,3.4011,3.414,1956824.8
2025-07-19T01:06:00.000000Z,3.4141,3.4168,3.4054,3.4059,1440099.7
2025-07-19T01:07:00.000000Z,3.4057,3.4081,3.3972,3.4023,1646853.5
2025-07-19T01:08:00.000000Z,3.4022,3.4237,3.4,3.4217,1063047.7
2025-07-19T01:09:00.000000Z,3.4217,3.4326,3.421,3.4307,898188.8
2025-07-19T01:10:00.000000Z,3.4307,3.4307,3.415,3.4237,1769615.1
2025-07-19T01:11:00.000000Z,3.4239,3.4378,3.4222,3.4376,1229062.9
2025-07-19T01:12:00.000000Z,3.4375,3.445,3.4351,3.4395,1741212.0
2025-07-19T01:13:00.000000Z,3.4394,3.4421,3.4358,3.4396,935561.0
2025-07-19T01:14:00.000000Z,3.4397,3.443,3.4363,3.4422,748490.9
2025-07-19T01:15:00.000000Z,3.4421,3.4458,3.4395,3.4436,974698.1
2025-07-19T01:16:00.000000Z,3.4436,3.4481,3.4412,3.4419,1175954.7
2025-07-19T01:17:00.000000Z,3.442,3.4454,3.4376,3.4376,551067.0
2025-07-19T01:18:00.000000Z,3.4376,3.4408,3.4327,3.4384,1153984.4
2025-07-19T01:19:00.000000Z,3.4384,3.4464,3.4362,3.4462,364005.9
2025-07-19T01:20:00.000000Z,3.4461,3.4528,3.441,3.451,1526493.8
2025-07-19T01:21:00.000000Z,3.4508,3.4573,3.4503,3.4562,1741063.8
2025-07-19T01:22:00.000000Z,3.4562,3.4579,3.4515,3.4562,577111.7
2025-07-19T01:23:00.000000Z,3.4562,3.4635,3.4562,3.4627,915180.6
2025-07-19T01:24:00.000000Z,3.4627,3.4638,3.4602,3.4605,1118509.6
2025-07-19T01:25:00.000000Z,3.4605,3.4623,3.4518,3.455,1212545.1
2025-07-19T01:26:00.000000Z,3.455,3.4587,3.4544,3.4548,509166.3
2025-07-19T01:27:00.000000Z,3.4549,3.4599,3.453,3.4533,371515.6
2025-07-19T01:28:00.000000Z,3.4534,3.4594,3.4526,3.4565,941487.9
2025-07-19T01:29:00.000000Z,3.4564,3.4582,3.4532,3.4543,317798.6
2025-07-19T01:30:00.000000Z,3.4543,3.4546,3.4511,3.4544,482594.3
2025-07-19T01:31:00.000000Z,3.4543,3.4549,3.4493,3.4493,440225.9
2025-07-19T01:32:00.000000Z,3.4494,3.4533,3.4451,3.4513,900276.4
2025-07-19T01:33:00.000000Z,3.4514,3.4537,3.4493,3.452,387169.1
2025-07-19T01:34:00.000000Z,3.4518,3.4518,3.4456,3.4489,594311.8
2025-07-19T01:35:00.000000Z,3.449,3.45,3.4434,3.4479,1064584.3
2025-07-19T01:36:00.000000Z,3.4479,3.4481,3.4445,3.446,354215.3
2025-07-19T01:37:00.000000Z,3.4461,3.45,3.446,3.4499,534922.4
2025-07-19T01:38:00.000000Z,3.4499,3.454,3.448,3.4518,350954.9
2025-07-19T01:39:00.000000Z,3.4518,3.4526,3.4479,3.4483,252478.6
2025-07-19T01:40:00.000000Z,3.4484,3.4542,3.4476,3.4542,349063.1
2025-07-19T01:41:00.000000Z,3.4543,3.457,3.4492,3.4494,634130.5
2025-07-19T01:42:00.000000Z,3.4494,3.4522,3.4477,3.4477,456959.8
2025-07-19T01:43:00.000000Z,3.4477,3.4493,3.4445,3.4463,464379.9
2025-07-19T01:44:00.000000Z,3.4463,3.4519,3.4463,3.4511,285849.1
2025-07-19T01:45:00.000000Z,3.4512,3.452,3.4444,3.4444,422704.5
2025-07-19T01:46:00.000000Z,3.4445,3.4475,3.443,3.4466,521104.9
2025-07-19T01:47:00.000000Z,3.4466,3.4496,3.4446,3.4475,491386.1
2025-07-19T01:48:00.000000Z,3.4475,3.4483,3.443,3.4443,279938.9
2025-07-19T01:49:00.000000Z,3.4443,3.4444,3.4405,3.4438,480873.6
2025-07-19T01:50:00.000000Z,3.4439,3.4467,3.439,3.4399,549348.0
2025-07-19T01:51:00.000000Z,3.4399,3.452,3.4398,3.4478,457130.4
2025-07-19T01:52:00.000000Z,3.4478,3.4499,3.446,3.4496,314005.5
2025-07-19T01:53:00.000000Z,3.4497,3.4518,3.4473,3.4518,823490.4
2025-07-19T01:54:00.000000Z,3.4518,3.4523,3.4463,3.4474,245796.4
2025-07-19T01:55:00.000000Z,3.4475,3.4483,3.4419,3.4445,370912.9
2025-07-19T01:56:00.000000Z,3.4445,3.4453,3.4415,3.4415,239791.7
2025-07-19T01:57:00.000000Z,3.4415,3.4444,3.4412,3.4443,372147.6
2025-07-19T01:58:00.000000Z,3.4444,3.4445,3.4396,3.4406,262358.3
2025-07-19T01:59:00.000000Z,3.4406,3.4436,3.4396,3.4428,378125.6
2025-07-19T02:00:00.000000Z,3.4428,3.446,3.4428,3.445,432644.3
2025-07-19T02:01:00.000000Z,3.445,3.449,3.4431,3.4432,400318.1
2025-07-19T02:02:00.000000Z,3.4432,3.4432,3.433,3.4358,1015165.5
2025-07-19T02:03:00.000000Z,3.4359,3.4377,3.4324,3.433,770071.3
2025-07-19T02:04:00.000000Z,3.4329,3.4338,3.4234,3.4234,1295713.4
2025-07-19T02:05:00.000000Z,3.4233,3.4254,3.417,3.4239,2217104.6
2025-07-19T02:06:00.000000Z,3.424,3.4245,3.4185,3.4199,791149.9
2025-07-19T02:07:00.000000Z,3.4198,3.4291,3.4191,3.4286,1169359.2
2025-07-19T02:08:00.000000Z,3.4287,3.4308,3.4249,3.4271,671196.9
2025-07-19T02:09:00.000000Z,3.4272,3.4315,3.4243,3.4257,438637.6
2025-07-19T02:10:00.000000Z,3.4257,3.4306,3.423,3.4295,482369.8
2025-07-19T02:11:00.000000Z,3.4295,3.4353,3.4276,3.4325,627475.6
2025-07-19T02:12:00.000000Z,3.4326,3.4332,3.4265,3.4327,453312.5
2025-07-19T02:13:00.000000Z,3.4327,3.4382,3.431,3.4338,560412.8
2025-07-19T02:14:00.000000Z,3.4339,3.4367,3.4316,3.4364,535350.4
2025-07-19T02:15:00.000000Z,3.4363,3.4374,3.4299,3.4317,415858.3
2025-07-19T02:16:00.000000Z,3.4316,3.4327,3.4201,3.4267,741500.9
2025-07-19T02:17:00.000000Z,3.4266,3.4344,3.4249,3.4344,298894.5
2025-07-19T02:18:00.000000Z,3.4343,3.439,3.4308,3.4376,424332.2
2025-07-19T02:19:00.000000Z,3.4375,3.447,3.436,3.4464,912526.1
2025-07-19T02:20:00.000000Z,3.4463,3.4484,3.44,3.4472,645436.9
2025-07-19T02:21:00.000000Z,3.4472,3.4493,3.4442,3.4471,407892.5
2025-07-19T02:22:00.000000Z,3.4472,3.45,3.446,3.4485,447628.8
2025-07-19T02:23:00.000000Z,3.4485,3.4496,3.4465,3.4469,339206.1
2025-07-19T02:24:00.000000Z,3.447,3.4493,3.445,3.4451,298565.2
2025-07-19T02:25:00.000000Z,3.4452,3.4456,3.4363,3.4405,426788.6
2025-07-19T02:26:00.000000Z,3.4405,3.4428,3.4326,3.4331,891434.6
2025-07-19T02:27:00.000000Z,3.4332,3.4373,3.4332,3.4358,997461.4
2025-07-19T02:28:00.000000Z,3.436,3.4389,3.4328,3.4351,305227.7
2025-07-19T02:29:00.000000Z,3.4353,3.4375,3.4326,3.4332,327922.1
2025-07-19T02:30:00.000000Z,3.4333,3.4408,3.4328,3.4385,476020.7
2025-07-19T02:31:00.000000Z,3.4384,3.4422,3.4384,3.44,351182.6
2025-07-19T02:32:00.000000Z,3.44,3.4411,3.4359,3.44,316778.8
2025-07-19T02:33:00.000000Z,3.4399,3.4488,3.4385,3.4445,613420.0
2025-07-19T02:34:00.000000Z,3.4444,3.4522,3.4436,3.452,488505.9
2025-07-19T02:35:00.000000Z,3.4519,3.4544,3.4506,3.4529,538882.7
2025-07-19T02:36:00.000000Z,3.4529,3.455,3.4496,3.4513,678039.2
2025-07-19T02:37:00.000000Z,3.4513,3.4514,3.4449,3.4472,451064.0
2025-07-19T02:38:00.000000Z,3.4472,3.4508,3.4472,3.4493,326702.1
2025-07-19T02:39:00.000000Z,3.4493,3.4509,3.4492,3.4501,309368.2
2025-07-19T02:40:00.000000Z,3.4501,3.4524,3.4494,3.4494,300133.3
2025-07-19T02:41:00.000000Z,3.4495,3.4512,3.4478,3.4487,294941.0
2025-07-19T02:42:00.000000Z,3.4486,3.4508,3.447,3.4494,242697.5
2025-07-19T02:43:00.000000Z,3.4495,3.4502,3.4458,3.4487,238251.9
2025-07-19T02:44:00.000000Z,3.4487,3.4513,3.4466,3.4513,389165.4
2025-07-19T02:45:00.000000Z,3.4513,3.4526,3.4495,3.4526,346729.0
2025-07-19T02:46:00.000000Z,3.4525,3.4542,3.4506,3.4535,428579.1
2025-07-19T02:47:00.000000Z,3.4536,3.4559,3.4519,3.4559,496102.1
2025-07-19T02:48:00.000000Z,3.4558,3.4569,3.4537,3.4563,1083878.2
2025-07-19T02:49:00.000000Z,3.4564,3.4564,3.4528,3.4537,333961.8
2025-07-19T02:50:00.000000Z,3.4538,3.4542,3.4514,3.4535,233076.6
2025-07-19T02:51:00.000000Z,3.4536,3.456,3.4535,3.4542,391086.0
2025-07-19T02:52:00.000000Z,3.4544,3.4591,3.4538,3.4581,643457.4
2025-07-19T02:53:00.000000Z,3.4582,3.4604,3.4572,3.4588,611752.7
2025-07-19T02:54:00.000000Z,3.4589,3.46,3.4576,3.4585,398206.0
2025-07-19T02:55:00.000000Z,3.4585,3.4625,3.4585,3.46,1322438.8
2025-07-19T02:56:00.000000Z,3.4601,3.4601,3.456,3.4577,312921.9
2025-07-19T02:57:00.000000Z,3.4578,3.4578,3.4511,3.4511,668276.4
2025-07-19T02:58:00.000000Z,3.4512,3.4523,3.4485,3.4507,518460.9
2025-07-19T02:59:00.000000Z,3.4507,3.4507,3.449,3.4495,179298.0
2025-07-19T03:00:00.000000Z,3.4496,3.4509,3.4478,3.449,474494.9
2025-07-19T03:01:00.000000Z,3.449,3.4496,3.4476,3.4489,281422.2
2025-07-19T03:02:00.000000Z,3.449,3.4511,3.4466,3.4481,371840.2
2025-07-19T03:03:00.000000Z,3.4482,3.4494,3.4473,3.4478,298301.6
2025-07-19T03:04:00.000000Z,3.4478,3.4495,3.4456,3.4491,240713.9
2025-07-19T03:05:00.000000Z,3.4492,3.4531,3.4489,3.4522,477344.3
2025-07-19T03:06:00.000000Z,3.4523,3.4549,3.4501,3.4514,466225.9
2025-07-19T03:07:00.000000Z,3.4515,3.4521,3.4484,3.4497,363984.8
2025-07-19T03:08:00.000000Z,3.4496,3.4496,3.4444,3.4463,636569.1
2025-07-19T03:09:00.000000Z,3.4463,3.4463,3.4435,3.4462,427922.2
2025-07-19T03:10:00.000000Z,3.4463,3.4471,3.4443,3.4446,348063.8
2025-07-19T03:11:00.000000Z,3.4447,3.4451,3.4423,3.4443,649835.8
2025-07-19T03:12:00.000000Z,3.4443,3.4467,3.4428,3.4428,417509.8
2025-07-19T03:13:00.000000Z,3.4429,3.4444,3.4408,3.4416,434432.4
2025-07-19T03:14:00.000000Z,3.4416,3.4458,3.4404,3.445,495300.5
2025-07-19T03:15:00.000000Z,3.4451,3.4454,3.4401,3.4403,411533.8
2025-07-19T03:16:00.000000Z,3.4403,3.4415,3.4387,3.439,472703.5
2025-07-19T03:17:00.000000Z,3.439,3.4436,3.4366,3.4429,1262664.2
2025-07-19T03:18:00.000000Z,3.443,3.4434,3.4398,3.4399,505778.0
2025-07-19T03:19:00.000000Z,3.4399,3.4491,3.4399,3.4488,313882.6
2025-07-19T03:20:00.000000Z,3.4487,3.4509,3.446,3.446,1312917.7
2025-07-19T03:21:00.000000Z,3.446,3.4496,3.4448,3.4495,433572.5
2025-07-19T03:22:00.000000Z,3.4495,3.4507,3.4476,3.4477,558405.8
2025-07-19T03:23:00.000000Z,3.4477,3.4508,3.4473,3.4498,371575.9
2025-07-19T03:24:00.000000Z,3.4498,3.4521,3.4475,3.448,744020.6
2025-07-19T03:25:00.000000Z,3.4481,3.4484,3.4434,3.4463,384225.2
2025-07-19T03:26:00.000000Z,3.4463,3.4472,3.4443,3.4443,248592.2
2025-07-19T03:27:00.000000Z,3.4444,3.4466,3.4443,3.4464,190763.6
2025-07-19T03:28:00.000000Z,3.4464,3.4488,3.4458,3.4477,230069.8
2025-07-19T03:29:00.000000Z,3.4477,3.4478,3.446,3.4463,206113.4
2025-07-19T03:30:00.000000Z,3.4464,3.4537,3.446,3.4532,579409.1
2025-07-19T03:31:00.000000Z,3.4532,3.458,3.453,3.4559,824240.1
2025-07-19T03:32:00.000000Z,3.4558,3.4571,3.4558,3.4562,377020.2
2025-07-19T03:33:00.000000Z,3.4562,3.4636,3.4558,3.4629,1004939.5
2025-07-19T03:34:00.000000Z,3.4628,3.4749,3.461,3.4724,4125893.5
2025-07-19T03:35:00.000000Z,3.4724,3.4766,3.4716,3.4756,1476886.7
2025-07-19T03:36:00.000000Z,3.4755,3.4804,3.4743,3.4784,1658089.0
2025-07-19T03:37:00.000000Z,3.4785,3.4785,3.472,3.4748,824425.6
2025-07-19T03:38:00.000000Z,3.4748,3.4774,3.4723,3.4732,636436.6
2025-07-19T03:39:00.000000Z,3.4732,3.4744,3.4712,3.4724,330342.2
2025-07-19T03:40:00.000000Z,3.4724,3.4752,3.4714,3.4751,485271.0
2025-07-19T03:41:00.000000Z,3.4751,3.478,3.4744,3.4774,490402.0
2025-07-19T03:42:00.000000Z,3.4774,3.4774,3.4715,3.475,708571.7
2025-07-19T03:43:00.000000Z,3.475,3.4795,3.4736,3.4754,996716.4
2025-07-19T03:44:00.000000Z,3.4755,3.4755,3.471,3.4719,423137.4
2025-07-19T03:45:00.000000Z,3.472,3.472,3.4659,3.467,1292418.2
2025-07-19T03:46:00.000000Z,3.467,3.4673,3.4621,3.4626,782895.4
2025-07-19T03:47:00.000000Z,3.4626,3.4689,3.4626,3.4688,539008.2
2025-07-19T03:48:00.000000Z,3.4689,3.4692,3.4629,3.464,512902.5
2025-07-19T03:49:00.000000Z,3.4641,3.4641,3.4582,3.4582,527539.8
2025-07-19T03:50:00.000000Z,3.4582,3.4591,3.4494,3.4506,845318.9
2025-07-19T03:51:00.000000Z,3.4506,3.457,3.4506,3.4535,757147.7
2025-07-19T03:52:00.000000Z,3.4535,3.4535,3.4499,3.4512,1951114.8
2025-07-19T03:53:00.000000Z,3.4512,3.453,3.4504,3.4526,660738.2
2025-07-19T03:54:00.000000Z,3.4526,3.453,3.4508,3.4515,494808.7
2025-07-19T03:55:00.000000Z,3.4516,3.4531,3.4502,3.4521,912893.7
2025-07-19T03:56:00.000000Z,3.452,3.4533,3.4461,3.4466,967990.8
2025-07-19T03:57:00.000000Z,3.4466,3.4492,3.4457,3.4472,499350.2
2025-07-19T03:58:00.000000Z,3.4471,3.4494,3.4471,3.4494,327312.8
2025-07-19T03:59:00.000000Z,3.4493,3.4507,3.4487,3.4498,295995.8
2025-07-19T04:00:00.000000Z,3.4497,3.4512,3.4446,3.4456,739350.4
2025-07-19T04:01:00.000000Z,3.4456,3.449,3.445,3.4468,996199.6
2025-07-19T04:02:00.000000Z,3.4467,3.4472,3.4427,3.4457,679442.9
2025-07-19T04:03:00.000000Z,3.4456,3.4508,3.4435,3.4508,626335.2
2025-07-19T04:04:00.000000Z,3.4508,3.4508,3.4478,3.4487,537649.3
2025-07-19T04:05:00.000000Z,3.4487,3.452,3.4486,3.4513,636301.3
2025-07-19T04:06:00.000000Z,3.4513,3.4541,3.4497,3.4507,1023751.7
2025-07-19T04:07:00.000000Z,3.4507,3.4508,3.4439,3.4443,2420823.2
2025-07-19T04:08:00.000000Z,3.4444,3.4522,3.4439,3.4522,623946.1
2025-07-19T04:09:00.000000Z,3.4523,3.4632,3.4519,3.463,1352698.7
2025-07-19T04:10:00.000000Z,3.4629,3.465,3.4594,3.4603,650342.1
2025-07-19T04:11:00.000000Z,3.4603,3.4663,3.4603,3.4653,725758.5
2025-07-19T04:12:00.000000Z,3.4653,3.467,3.4628,3.4656,558886.8
2025-07-19T04:13:00.000000Z,3.4657,3.4657,3.4616,3.4638,503991.5
2025-07-19T04:14:00.000000Z,3.4639,3.4692,3.4639,3.4676,748244.1
2025-07-19T04:15:00.000000Z,3.4676,3.4704,3.466,3.4663,565952.9
2025-07-19T04:16:00.000000Z,3.4664,3.4674,3.4635,3.4636,563965.4
2025-07-19T04:17:00.000000Z,3.4635,3.4635,3.4607,3.4622,516463.5
2025-07-19T04:18:00.000000Z,3.4622,3.4686,3.4593,3.4673,588381.6
2025-07-19T04:19:00.000000Z,3.4672,3.4688,3.4633,3.4637,398324.0
2025-07-19T04:20:00.000000Z,3.4638,3.4671,3.4638,3.4663,382782.9
2025-07-19T04:21:00.000000Z,3.4663,3.4678,3.4651,3.4661,381001.2
2025-07-19T04:22:00.000000Z,3.466,3.4671,3.4628,3.4671,351340.0
2025-07-19T04:23:00.000000Z,3.4671,3.4679,3.464,3.464,368711.0
2025-07-19T04:24:00.000000Z,3.464,3.4672,3.464,3.4666,261114.7
2025-07-19T04:25:00.000000Z,3.4666,3.4683,3.4656,3.4668,297890.6
2025-07-19T04:26:00.000000Z,3.4669,3.4669,3.4628,3.465,311737.5
2025-07-19T04:27:00.000000Z,3.4651,3.4656,3.4613,3.4623,372699.8
2025-07-19T04:28:00.000000Z,3.4624,3.4678,3.4619,3.4649,368986.6
2025-07-19T04:29:00.000000Z,3.4648,3.4684,3.4645,3.4668,683427.9
2025-07-19T04:30:00.000000Z,3.4668,3.4676,3.4642,3.4666,584771.9
2025-07-19T04:31:00.000000Z,3.4665,3.4726,3.4656,3.4724,510270.5
2025-07-19T04:32:00.000000Z,3.4725,3.4785,3.4717,3.4785,848346.0
2025-07-19T04:33:00.000000Z,3.4784,3.4862,3.4776,3.4821,1699689.8
2025-07-19T04:34:00.000000Z,3.4821,3.4851,3.4802,3.4842,718222.9
2025-07-19T04:35:00.000000Z,3.4843,3.4846,3.4789,3.4794,987519.0
2025-07-19T04:36:00.000000Z,3.4793,3.4793,3.4737,3.4753,789664.5
2025-07-19T04:37:00.000000Z,3.4754,3.4787,3.4692,3.4697,524526.4
2025-07-19T04:38:00.000000Z,3.4698,3.471,3.4669,3.4684,796932.3
2025-07-19T04:39:00.000000Z,3.4685,3.4787,3.4684,3.4777,869262.6
2025-07-19T04:40:00.000000Z,3.4777,3.4799,3.4739,3.474,530094.4
2025-07-19T04:41:00.000000Z,3.4741,3.4777,3.4734,3.4772,390100.5
2025-07-19T04:42:00.000000Z,3.4772,3.4802,3.4753,3.4802,396267.3
2025-07-19T04:43:00.000000Z,3.4801,3.4808,3.479,3.48,298253.5
2025-07-19T04:44:00.000000Z,3.48,3.48,3.4765,3.4778,311582.9
2025-07-19T04:45:00.000000Z,3.4779,3.4801,3.473,3.4731,770815.2
2025-07-19T04:46:00.000000Z,3.4732,3.48,3.4732,3.4799,384776.2
2025-07-19T04:47:00.000000Z,3.4799,3.48,3.4748,3.4749,312942.3
2025-07-19T04:48:00.000000Z,3.475,3.4769,3.4681,3.4685,441911.7
2025-07-19T04:49:00.000000Z,3.4686,3.471,3.4668,3.4703,829370.8
2025-07-19T04:50:00.000000Z,3.4703,3.4732,3.4692,3.4727,358862.6
2025-07-19T04:51:00.000000Z,3.4726,3.4727,3.4666,3.4667,301512.3
2025-07-19T04:52:00.000000Z,3.4667,3.4672,3.4648,3.4672,318354.2
2025-07-19T04:53:00.000000Z,3.4671,3.4683,3.4631,3.4632,372397.5
2025-07-19T04:54:00.000000Z,3.4632,3.4652,3.4628,3.4633,596796.8
2025-07-19T04:55:00.000000Z,3.4633,3.4633,3.4594,3.4598,568611.1
2025-07-19T04:56:00.000000Z,3.4597,3.4614,3.4595,3.4599,447026.3
2025-07-19T04:57:00.000000Z,3.4599,3.465,3.4599,3.4649,420820.2
2025-07-19T04:58:00.000000Z,3.4649,3.466,3.4618,3.4621,420349.1
2025-07-19T04:59:00.000000Z,3.4621,3.4642,3.4604,3.4618,311879.8
2025-07-19T05:00:00.000000Z,3.4619,3.4648,3.4616,3.4639,366078.7
2025-07-19T05:01:00.000000Z,3.4639,3.4639,3.4592,3.4596,437091.2
2025-07-19T05:02:00.000000Z,3.4596,3.4596,3.4539,3.4541,869568.3
2025-07-19T05:03:00.000000Z,3.4541,3.4576,3.453,3.4572,702125.9
2025-07-19T05:04:00.000000Z,3.4573,3.4589,3.4558,3.4578,626768.3
2025-07-19T05:05:00.000000Z,3.4578,3.4578,3.4508,3.4521,536273.5
2025-07-19T05:06:00.000000Z,3.452,3.4531,3.4502,3.4506,683295.7
2025-07-19T05:07:00.000000Z,3.4506,3.4525,3.4485,3.4507,582054.3
2025-07-19T05:08:00.000000Z,3.4507,3.4508,3.4443,3.4443,1113063.1
2025-07-19T05:09:00.000000Z,3.4443,3.4447,3.4402,3.4413,830387.0
2025-07-19T05:10:00.000000Z,3.4413,3.4439,3.4379,3.4408,2551915.4
2025-07-19T05:11:00.000000Z,3.4409,3.4435,3.439,3.4434,964176.3
2025-07-19T05:12:00.000000Z,3.4434,3.4457,3.4432,3.4439,500075.7
2025-07-19T05:13:00.000000Z,3.4439,3.445,3.4431,3.444,434063.5
2025-07-19T05:14:00.000000Z,3.444,3.444,3.4411,3.4432,352143.8
2025-07-19T05:15:00.000000Z,3.4431,3.444,3.4402,3.4404,593203.1
2025-07-19T05:16:00.000000Z,3.4404,3.4418,3.4334,3.4418,1014004.1
2025-07-19T05:17:00.000000Z,3.4417,3.4481,3.4402,3.447,1242706.4
2025-07-19T05:18:00.000000Z,3.447,3.4475,3.4423,3.4433,556423.5
2025-07-19T05:19:00.000000Z,3.4434,3.4442,3.4425,3.4437,257015.2
2025-07-19T05:20:00.000000Z,3.4436,3.448,3.4436,3.4458,465379.8
2025-07-19T05:21:00.000000Z,3.4457,3.4465,3.4395,3.4395,505336.5
2025-07-19T05:22:00.000000Z,3.4396,3.4432,3.4396,3.4431,373635.3
2025-07-19T05:23:00.000000Z,3.443,3.4454,3.443,3.4435,319579.0
2025-07-19T05:24:00.000000Z,3.4434,3.4436,3.4419,3.4434,255194.9
2025-07-19T05:25:00.000000Z,3.4434,3.4434,3.4397,3.4408,356924.9
2025-07-19T05:26:00.000000Z,3.4407,3.4434,3.4407,3.4433,278053.4
2025-07-19T05:27:00.000000Z,3.4434,3.4488,3.4433,3.4479,399429.8
2025-07-19T05:28:00.000000Z,3.4479,3.4494,3.4476,3.4485,473149.7
2025-07-19T05:29:00.000000Z,3.4485,3.451,3.4484,3.4488,213061.5
2025-07-19T05:30:00.000000Z,3.4488,3.4492,3.4468,3.4478,409268.4
2025-07-19T05:31:00.000000Z,3.4478,3.4492,3.4464,3.4492,309237.9
2025-07-19T05:32:00.000000Z,3.4492,3.4516,3.4487,3.4494,247281.0
2025-07-19T05:33:00.000000Z,3.4494,3.454,3.449,3.4522,470897.9
2025-07-19T05:34:00.000000Z,3.4521,3.4529,3.4511,3.4516,174328.2
2025-07-19T05:35:00.000000Z,3.4517,3.4567,3.4516,3.4567,435242.7
2025-07-19T05:36:00.000000Z,3.4566,3.458,3.454,3.4568,355534.5
2025-07-19T05:37:00.000000Z,3.4567,3.4593,3.4567,3.4592,178940.4
2025-07-19T05:38:00.000000Z,3.4591,3.4605,3.4574,3.4605,383798.0
2025-07-19T05:39:00.000000Z,3.4604,3.461,3.4564,3.4568,522798.3
2025-07-19T05:40:00.000000Z,3.4567,3.458,3.4522,3.4527,515423.7
2025-07-19T05:41:00.000000Z,3.4528,3.4555,3.4516,3.4546,504581.5
2025-07-19T05:42:00.000000Z,3.4545,3.4584,3.4535,3.4582,461755.9
2025-07-19T05:43:00.000000Z,3.4582,3.4582,3.4556,3.4556,178475.2
2025-07-19T05:44:00.000000Z,3.4556,3.4565,3.4533,3.4547,242849.2
2025-07-19T05:45:00.000000Z,3.4546,3.4554,3.4493,3.4504,583252.7
2025-07-19T05:46:00.000000Z,3.4505,3.453,3.4505,3.4517,248469.1
2025-07-19T05:47:00.000000Z,3.4517,3.452,3.4466,3.4484,727628.3
2025-07-19T05:48:00.000000Z,3.4485,3.4499,3.4441,3.4454,434956.4
2025-07-19T05:49:00.000000Z,3.4454,3.4459,3.4434,3.445,211543.5
2025-07-19T05:50:00.000000Z,3.445,3.445,3.4402,3.4403,499176.5
2025-07-19T05:51:00.000000Z,3.4403,3.4449,3.4403,3.4434,354138.9
2025-07-19T05:52:00.000000Z,3.4434,3.4456,3.4426,3.4431,696144.6
2025-07-19T05:53:00.000000Z,3.4431,3.4486,3.4431,3.4474,346548.0
2025-07-19T05:54:00.000000Z,3.4474,3.4499,3.447,3.4492,241635.2
2025-07-19T05:55:00.000000Z,3.4491,3.4537,3.4472,3.4531,385009.1
2025-07-19T05:56:00.000000Z,3.4532,3.4574,3.4532,3.4569,500952.7
2025-07-19T05:57:00.000000Z,3.4569,3.4572,3.4554,3.4564,341003.3
2025-07-19T05:58:00.000000Z,3.4564,3.4565,3.4542,3.456,620954.8
2025-07-19T05:59:00.000000Z,3.456,3.46,3.4541,3.4582,364482.0
2025-07-19T06:00:00.000000Z,3.4583,3.4632,3.4582,3.4619,890243.0
2025-07-19T06:01:00.000000Z,3.462,3.4656,3.462,3.4648,596930.0
2025-07-19T06:02:00.000000Z,3.4649,3.4655,3.4633,3.464,628146.3
2025-07-19T06:03:00.000000Z,3.464,3.464,3.4614,3.4629,450212.9
2025-07-19T06:04:00.000000Z,3.4629,3.4668,3.461,3.464,953852.5
2025-07-19T06:05:00.000000Z,3.4641,3.4669,3.464,3.4657,426732.9
2025-07-19T06:06:00.000000Z,3.4657,3.4663,3.4601,3.4619,389349.7
2025-07-19T06:07:00.000000Z,3.462,3.4647,3.4619,3.4647,613822.1
2025-07-19T06:08:00.000000Z,3.4646,3.4666,3.4646,3.4661,372886.7
2025-07-19T06:09:00.000000Z,3.4662,3.4678,3.4646,3.4662,493858.5
2025-07-19T06:10:00.000000Z,3.4662,3.4663,3.4623,3.4645,287171.6
2025-07-19T06:11:00.000000Z,3.4644,3.4644,3.4613,3.4624,339154.8
2025-07-19T06:12:00.000000Z,3.4624,3.4674,3.4618,3.4671,489753.9
2025-07-19T06:13:00.000000Z,3.4671,3.4677,3.4652,3.4665,338520.9
2025-07-19T06:14:00.000000Z,3.4665,3.4679,3.4618,3.4621,390081.3
2025-07-19T06:15:00.000000Z,3.4621,3.4673,3.4621,3.467,295816.6
2025-07-19T06:16:00.000000Z,3.467,3.4671,3.4635,3.4669,338136.5
2025-07-19T06:17:00.000000Z,3.4668,3.468,3.4642,3.4667,338879.9
2025-07-19T06:18:00.000000Z,3.4667,3.4672,3.4631,3.4631,346046.6
2025-07-19T06:19:00.000000Z,3.4631,3.4674,3.4612,3.465,728564.6
2025-07-19T06:20:00.000000Z,3.4649,3.4664,3.4611,3.4616,798177.6
2025-07-19T06:21:00.000000Z,3.4615,3.4616,3.4513,3.4518,886582.0
2025-07-19T06:22:00.000000Z,3.4517,3.4539,3.4489,3.4538,957379.6
2025-07-19T06:23:00.000000Z,3.4538,3.4538,3.4493,3.45,417486.7
2025-07-19T06:24:00.000000Z,3.4501,3.4502,3.4437,3.445,850541.3
2025-07-19T06:25:00.000000Z,3.4451,3.4478,3.4451,3.4469,514679.7
2025-07-19T06:26:00.000000Z,3.4469,3.447,3.4446,3.4446,356496.2
2025-07-19T06:27:00.000000Z,3.4446,3.4447,3.4391,3.4392,885108.3
2025-07-19T06:28:00.000000Z,3.4392,3.4396,3.4362,3.4364,1071418.6
2025-07-19T06:29:00.000000Z,3.4363,3.4366,3.4306,3.4311,1114984.4
2025-07-19T06:30:00.000000Z,3.4311,3.438,3.4308,3.4367,1677391.0
2025-07-19T06:31:00.000000Z,3.4366,3.4377,3.4351,3.4362,824083.2
2025-07-19T06:32:00.000000Z,3.4362,3.4368,3.4312,3.4313,631123.6
2025-07-19T06:33:00.000000Z,3.4312,3.4362,3.4312,3.4357,456033.1
2025-07-19T06:34:00.000000Z,3.4357,3.4412,3.4357,3.4401,431045.4
2025-07-19T06:35:00.000000Z,3.4402,3.4405,3.4382,3.4392,383146.5
2025-07-19T06:36:00.000000Z,3.4391,3.4401,3.4349,3.4353,225742.1
2025-07-19T06:37:00.000000Z,3.4353,3.4368,3.434,3.4361,310809.3
2025-07-19T06:38:00.000000Z,3.4362,3.438,3.4349,3.4354,519720.7
2025-07-19T06:39:00.000000Z,3.4355,3.4375,3.4348,3.4348,181224.2
2025-07-19T06:40:00.000000Z,3.4349,3.435,3.4252,3.4257,2022561.7
2025-07-19T06:41:00.000000Z,3.4258,3.4258,3.4205,3.4217,1787954.2
2025-07-19T06:42:00.000000Z,3.4216,3.4218,3.4179,3.4186,848781.3
2025-07-19T06:43:00.000000Z,3.4187,3.4233,3.4165,3.4233,1201074.4
2025-07-19T06:44:00.000000Z,3.4233,3.4267,3.4232,3.426,511096.3
2025-07-19T06:45:00.000000Z,3.4261,3.4317,3.4261,3.4282,589556.9
2025-07-19T06:46:00.000000Z,3.4281,3.4353,3.4281,3.4349,333485.0
2025-07-19T06:47:00.000000Z,3.4349,3.4352,3.4292,3.4297,339574.9
2025-07-19T06:48:00.000000Z,3.4297,3.4322,3.4289,3.432,252244.5
2025-07-19T06:49:00.000000Z,3.432,3.4368,3.432,3.4338,358450.8
2025-07-19T06:50:00.000000Z,3.4338,3.4382,3.4332,3.438,274437.9
2025-07-19T06:51:00.000000Z,3.438,3.4392,3.4355,3.4367,506197.7
2025-07-19T06:52:00.000000Z,3.4367,3.4384,3.4366,3.4366,249385.6
2025-07-19T06:53:00.000000Z,3.4367,3.4374,3.4363,3.4363,131178.6
2025-07-19T06:54:00.000000Z,3.4363,3.4418,3.4363,3.4379,459120.5
2025-07-19T06:55:00.000000Z,3.4378,3.4414,3.4366,3.4411,200635.2
2025-07-19T06:56:00.000000Z,3.4412,3.4437,3.4395,3.4437,406099.2
2025-07-19T06:57:00.000000Z,3.4436,3.4456,3.4436,3.4455,226383.0
2025-07-19T06:58:00.000000Z,3.4454,3.4455,3.4438,3.445,323426.2
2025-07-19T06:59:00.000000Z,3.445,3.4459,3.4421,3.4458,549680.7
2025-07-19T07:00:00.000000Z,3.4459,3.4475,3.4447,3.4469,513318.3
2025-07-19T07:01:00.000000Z,3.4469,3.4511,3.4463,3.4463,669416.7
2025-07-19T07:02:00.000000Z,3.4463,3.4464,3.4412,3.4436,588804.7
2025-07-19T07:03:00.000000Z,3.4435,3.4482,3.4398,3.4472,763934.6
2025-07-19T07:04:00.000000Z,3.4472,3.4498,3.4458,3.4492,432001.4
2025-07-19T07:05:00.000000Z,3.4491,3.4538,3.4474,3.4532,858697.6
2025-07-19T07:06:00.000000Z,3.4531,3.4531,3.451,3.4512,276789.7
2025-07-19T07:07:00.000000Z,3.4511,3.452,3.4491,3.4493,302717.6
2025-07-19T07:08:00.000000Z,3.4493,3.4503,3.4469,3.4475,456746.3
2025-07-19T07:09:00.000000Z,3.4475,3.449,3.4437,3.4478,485128.4
2025-07-19T07:10:00.000000Z,3.4477,3.4484,3.4456,3.4472,529913.6
2025-07-19T07:11:00.000000Z,3.4472,3.4473,3.4448,3.4452,332291.7
2025-07-19T07:12:00.000000Z,3.4451,3.4452,3.44,3.442,516003.2
2025-07-19T07:13:00.000000Z,3.442,3.4469,3.4416,3.4464,224952.0
2025-07-19T07:14:00.000000Z,3.4464,3.4464,3.4414,3.4414,311297.7
2025-07-19T07:15:00.000000Z,3.4415,3.4429,3.4362,3.4366,390190.6
2025-07-19T07:16:00.000000Z,3.4366,3.4394,3.4366,3.4375,260016.4
2025-07-19T07:17:00.000000Z,3.4375,3.44,3.4338,3.4357,528589.8
2025-07-19T07:18:00.000000Z,3.4358,3.4392,3.4351,3.4391,232506.4
2025-07-19T07:19:00.000000Z,3.4391,3.441,3.4361,3.4391,734608.4
2025-07-19T07:20:00.000000Z,3.439,3.4454,3.4375,3.4437,464127.4
2025-07-19T07:21:00.000000Z,3.4438,3.4442,3.4414,3.4442,333182.8
2025-07-19T07:22:00.000000Z,3.4441,3.4497,3.4441,3.4497,269907.7
2025-07-19T07:23:00.000000Z,3.4497,3.456,3.4497,3.455,542141.6
2025-07-19T07:24:00.000000Z,3.4551,3.4576,3.4532,3.4568,1250622.6
2025-07-19T07:25:00.000000Z,3.4569,3.4619,3.4569,3.4577,1310527.6
2025-07-19T07:26:00.000000Z,3.4577,3.4632,3.4576,3.463,1166016.1
2025-07-19T07:27:00.000000Z,3.4629,3.4647,3.4613,3.4644,892887.9
2025-07-19T07:28:00.000000Z,3.4643,3.4659,3.463,3.4645,1266014.8
2025-07-19T07:29:00.000000Z,3.4645,3.465,3.4627,3.4637,571153.4
2025-07-19T07:30:00.000000Z,3.4637,3.4645,3.4597,3.4621,1056711.3
2025-07-19T07:31:00.000000Z,3.4621,3.4636,3.4566,3.4582,823451.2
2025-07-19T07:32:00.000000Z,3.4581,3.4602,3.4566,3.4595,538239.9
2025-07-19T07:33:00.000000Z,3.4595,3.4653,3.4585,3.4652,911117.7
2025-07-19T07:34:00.000000Z,3.4652,3.4696,3.4602,3.4678,1731340.6
2025-07-19T07:35:00.000000Z,3.4678,3.4682,3.4597,3.4597,684552.9
2025-07-19T07:36:00.000000Z,3.4596,3.4636,3.4552,3.4636,630085.3
2025-07-19T07:37:00.000000Z,3.4635,3.4664,3.4591,3.4594,617525.3
2025-07-19T07:38:00.000000Z,3.4593,3.4629,3.4587,3.4622,415777.1
2025-07-19T07:39:00.000000Z,3.4621,3.4622,3.4562,3.4578,243293.1
2025-07-19T07:40:00.000000Z,3.4577,3.4619,3.4571,3.4592,687258.2
2025-07-19T07:41:00.000000Z,3.4592,3.4613,3.4575,3.4575,297974.4
2025-07-19T07:42:00.000000Z,3.4575,3.4644,3.4575,3.4613,397142.2
2025-07-19T07:43:00.000000Z,3.4613,3.4648,3.4597,3.4647,440859.6
2025-07-19T07:44:00.000000Z,3.4646,3.4683,3.464,3.4677,871711.5
2025-07-19T07:45:00.000000Z,3.4676,3.4752,3.4675,3.4715,2385888.9
2025-07-19T07:46:00.000000Z,3.4715,3.4749,3.4702,3.4739,757644.0
2025-07-19T07:47:00.000000Z,3.4739,3.474,3.4678,3.4678,1149336.9
2025-07-19T07:48:00.000000Z,3.4678,3.4726,3.4676,3.469,569579.5
2025-07-19T07:49:00.000000Z,3.469,3.4694,3.464,3.4676,375813.1
2025-07-19T07:50:00.000000Z,3.4675,3.4694,3.4654,3.4684,492024.4
2025-07-19T07:51:00.000000Z,3.4683,3.4694,3.4645,3.4689,318640.2
2025-07-19T07:52:00.000000Z,3.4688,3.4742,3.4686,3.4733,785462.3
2025-07-19T07:53:00.000000Z,3.4733,3.4734,3.4702,3.472,369955.0
2025-07-19T07:54:00.000000Z,3.4721,3.4745,3.4721,3.4727,559494.0
2025-07-19T07:55:00.000000Z,3.4728,3.473,3.4656,3.4656,490112.2
2025-07-19T07:56:00.000000Z,3.4656,3.4692,3.4636,3.4637,552938.8
2025-07-19T07:57:00.000000Z,3.4637,3.4719,3.4637,3.4683,1463472.2
2025-07-19T07:58:00.000000Z,3.4683,3.4687,3.4627,3.4635,454287.6
2025-07-19T07:59:00.000000Z,3.4636,3.466,3.4635,3.466,309064.4
2025-07-19T08:00:00.000000Z,3.4659,3.4666,3.4646,3.4664,334298.0
2025-07-19T08:01:00.000000Z,3.4664,3.4675,3.4637,3.4662,261068.2
2025-07-19T08:02:00.000000Z,3.4663,3.4721,3.4662,3.4717,371096.9
2025-07-19T08:03:00.000000Z,3.4718,3.4723,3.4677,3.4679,681603.2
2025-07-19T08:04:00.000000Z,3.468,3.4702,3.4669,3.469,309270.2
2025-07-19T08:05:00.000000Z,3.469,3.4744,3.4689,3.4736,575757.4
2025-07-19T08:06:00.000000Z,3.4736,3.4748,3.4708,3.4726,542904.1
2025-07-19T08:07:00.000000Z,3.4726,3.4726,3.468,3.4696,528456.7
2025-07-19T08:08:00.000000Z,3.4696,3.4714,3.469,3.47,311607.1
2025-07-19T08:09:00.000000Z,3.47,3.4712,3.4612,3.4623,536353.2
2025-07-19T08:10:00.000000Z,3.4622,3.4643,3.4527,3.454,1564777.1
2025-07-19T08:11:00.000000Z,3.4539,3.4541,3.4466,3.4494,2291209.1
2025-07-19T08:12:00.000000Z,3.4494,3.456,3.4494,3.4552,919049.1
2025-07-19T08:13:00.000000Z,3.4551,3.4551,3.4501,3.4523,468911.2
2025-07-19T08:14:00.000000Z,3.4522,3.455,3.4499,3.452,525061.4
2025-07-19T08:15:00.000000Z,3.4519,3.4593,3.4519,3.4543,570120.6
2025-07-19T08:16:00.000000Z,3.4543,3.4543,3.4487,3.4499,745801.5
2025-07-19T08:17:00.000000Z,3.45,3.4523,3.4481,3.4523,506953.7
2025-07-19T08:18:00.000000Z,3.4522,3.4524,3.4486,3.449,409314.8
2025-07-19T08:19:00.000000Z,3.449,3.4495,3.4424,3.4447,844243.3
2025-07-19T08:20:00.000000Z,3.4447,3.4467,3.4424,3.4425,686151.5
2025-07-19T08:21:00.000000Z,3.4425,3.448,3.4412,3.448,649552.6
2025-07-19T08:22:00.000000Z,3.448,3.4513,3.4479,3.4493,591771.1
2025-07-19T08:23:00.000000Z,3.4493,3.4493,3.4425,3.4432,455883.8
2025-07-19T08:24:00.000000Z,3.4432,3.4456,3.4386,3.4402,716571.8
2025-07-19T08:25:00.000000Z,3.4403,3.4457,3.4403,3.4456,466438.4
2025-07-19T08:26:00.000000Z,3.4457,3.4514,3.4446,3.45,547319.5
2025-07-19T08:27:00.000000Z,3.45,3.4506,3.4451,3.4462,275382.7
2025-07-19T08:28:00.000000Z,3.4462,3.4516,3.4459,3.4504,293485.5
2025-07-19T08:29:00.000000Z,3.4504,3.4506,3.4458,3.4474,267309.6
2025-07-19T08:30:00.000000Z,3.4475,3.4485,3.4427,3.4454,394803.8
2025-07-19T08:31:00.000000Z,3.4454,3.446,3.4405,3.4412,465092.7
2025-07-19T08:32:00.000000Z,3.4413,3.4438,3.4392,3.4405,543201.9
2025-07-19T08:33:00.000000Z,3.4404,3.4405,3.4365,3.4375,839849.6
2025-07-19T08:34:00.000000Z,3.4375,3.4381,3.434,3.4341,892530.2
2025-07-19T08:35:00.000000Z,3.4341,3.4398,3.4338,3.437,736452.2
2025-07-19T08:36:00.000000Z,3.437,3.438,3.4342,3.4343,434179.2
2025-07-19T08:37:00.000000Z,3.4343,3.4394,3.4336,3.4389,836169.0
2025-07-19T08:38:00.000000Z,3.4389,3.4392,3.4367,3.4373,461681.7
2025-07-19T08:39:00.000000Z,3.4374,3.4383,3.4348,3.4372,390487.5
2025-07-19T08:40:00.000000Z,3.4371,3.4385,3.4361,3.4361,287347.6
2025-07-19T08:41:00.000000Z,3.436,3.4361,3.4315,3.4338,787274.2
2025-07-19T08:42:00.000000Z,3.4337,3.4344,3.432,3.4327,271287.5
2025-07-19T08:43:00.000000Z,3.4327,3.4354,3.4326,3.4336,468396.5
2025-07-19T08:44:00.000000Z,3.4337,3.4352,3.4328,3.4348,323848.7
2025-07-19T08:45:00.000000Z,3.4348,3.4369,3.428,3.4296,1325838.5
2025-07-19T08:46:00.000000Z,3.4296,3.4345,3.4296,3.4336,431984.6
2025-07-19T08:47:00.000000Z,3.4337,3.4367,3.4313,3.4315,602033.2
2025-07-19T08:48:00.000000Z,3.4315,3.4337,3.4315,3.4328,307334.2
2025-07-19T08:49:00.000000Z,3.4327,3.4365,3.4318,3.4357,734618.9
2025-07-19T08:50:00.000000Z,3.4357,3.4368,3.4329,3.4358,631251.4
2025-07-19T08:51:00.000000Z,3.4358,3.436,3.4294,3.4303,722842.8
2025-07-19T08:52:00.000000Z,3.4303,3.4333,3.4297,3.432,542371.6
2025-07-19T08:53:00.000000Z,3.4321,3.4328,3.4295,3.4295,291213.2
2025-07-19T08:54:00.000000Z,3.4296,3.4368,3.4295,3.4365,531795.8
2025-07-19T08:55:00.000000Z,3.4365,3.4368,3.4304,3.4329,729716.1
2025-07-19T08:56:00.000000Z,3.433,3.4378,3.433,3.4366,371464.6
2025-07-19T08:57:00.000000Z,3.4363,3.4399,3.4351,3.4386,434706.5
2025-07-19T08:58:00.000000Z,3.4386,3.442,3.4381,3.4396,661437.5
2025-07-19T08:59:00.000000Z,3.4396,3.44,3.438,3.4384,182386.3
2025-07-19T09:00:00.000000Z,3.4384,3.4385,3.432,3.4355,651620.4
2025-07-19T09:01:00.000000Z,3.4355,3.4362,3.432,3.4362,281635.5
2025-07-19T09:02:00.000000Z,3.4363,3.4364,3.4329,3.4363,428067.1
2025-07-19T09:03:00.000000Z,3.4364,3.4389,3.4356,3.4367,363271.2
2025-07-19T09:04:00.000000Z,3.4368,3.4368,3.4293,3.4304,616189.5
2025-07-19T09:05:00.000000Z,3.4303,3.432,3.429,3.4319,400715.5
2025-07-19T09:06:00.000000Z,3.4318,3.4343,3.4307,3.4322,412373.9
2025-07-19T09:07:00.000000Z,3.4322,3.4345,3.431,3.4344,211724.4
2025-07-19T09:08:00.000000Z,3.4345,3.4379,3.4334,3.4378,718519.0
2025-07-19T09:09:00.000000Z,3.4379,3.441,3.4359,3.4366,478797.0
2025-07-19T09:10:00.000000Z,3.4367,3.4376,3.4316,3.4324,423335.1
2025-07-19T09:11:00.000000Z,3.4324,3.4386,3.4322,3.4375,826858.4
2025-07-19T09:12:00.000000Z,3.4375,3.4379,3.4332,3.4336,318009.1
2025-07-19T09:13:00.000000Z,3.4335,3.4335,3.4288,3.4309,970039.5
2025-07-19T09:14:00.000000Z,3.4308,3.4315,3.4283,3.4289,778380.6
2025-07-19T09:15:00.000000Z,3.429,3.4319,3.4281,3.4284,316598.5
2025-07-19T09:16:00.000000Z,3.4284,3.4326,3.428,3.4305,348352.2
2025-07-19T09:17:00.000000Z,3.4305,3.4331,3.4297,3.4322,198870.0
2025-07-19T09:18:00.000000Z,3.4321,3.4345,3.4317,3.4339,282273.6
2025-07-19T09:19:00.000000Z,3.434,3.4366,3.4336,3.4356,286275.4
2025-07-19T09:20:00.000000Z,3.4356,3.4356,3.4303,3.4346,749076.7
2025-07-19T09:21:00.000000Z,3.4345,3.4369,3.4297,3.4307,378182.8
2025-07-19T09:22:00.000000Z,3.4308,3.4327,3.4294,3.4324,275270.1
2025-07-19T09:23:00.000000Z,3.4323,3.4336,3.4301,3.4334,254994.9
2025-07-19T09:24:00.000000Z,3.4334,3.4339,3.4303,3.4311,242098.6
2025-07-19T09:25:00.000000Z,3.4311,3.4333,3.4304,3.4332,271488.5
2025-07-19T09:26:00.000000Z,3.4331,3.4343,3.4318,3.4342,181012.4
2025-07-19T09:27:00.000000Z,3.4342,3.4367,3.4342,3.4363,316576.0
2025-07-19T09:28:00.000000Z,3.4364,3.4376,3.4337,3.4346,305335.2
2025-07-19T09:29:00.000000Z,3.4347,3.4372,3.4343,3.4363,181698.8
2025-07-19T09:30:00.000000Z,3.4362,3.4376,3.4312,3.4376,437205.5
2025-07-19T09:31:00.000000Z,3.4376,3.438,3.436,3.4378,335641.0
2025-07-19T09:32:00.000000Z,3.4379,3.4383,3.4343,3.4343,479769.1
2025-07-19T09:33:00.000000Z,3.4342,3.436,3.4327,3.4357,204676.7
2025-07-19T09:34:00.000000Z,3.4357,3.4357,3.4341,3.4351,151439.0
2025-07-19T09:35:00.000000Z,3.4352,3.4447,3.435,3.4443,709473.5
2025-07-19T09:36:00.000000Z,3.4443,3.4502,3.4438,3.4498,767907.5
2025-07-19T09:37:00.000000Z,3.4499,3.4501,3.4456,3.4467,538208.3
2025-07-19T09:38:00.000000Z,3.4468,3.45,3.4465,3.4475,539840.0
2025-07-19T09:39:00.000000Z,3.4476,3.4497,3.4475,3.4486,240304.8
2025-07-19T09:40:00.000000Z,3.4487,3.4611,3.4486,3.4561,2014369.1
2025-07-19T09:41:00.000000Z,3.4562,3.4637,3.4561,3.4585,2272093.3
2025-07-19T09:42:00.000000Z,3.4586,3.4608,3.4548,3.4607,1127708.2
2025-07-19T09:43:00.000000Z,3.4607,3.4617,3.456,3.4561,942190.7
2025-07-19T09:44:00.000000Z,3.456,3.4624,3.4556,3.459,883232.9
2025-07-19T09:45:00.000000Z,3.459,3.4597,3.4558,3.4576,814142.6
2025-07-19T09:46:00.000000Z,3.4577,3.4626,3.4577,3.4608,1047892.9
2025-07-19T09:47:00.000000Z,3.4608,3.4628,3.4585,3.461,743438.6
2025-07-19T09:48:00.000000Z,3.461,3.4661,3.4609,3.4658,1290358.8
2025-07-19T09:49:00.000000Z,3.4657,3.4657,3.4551,3.4562,1442442.1
2025-07-19T09:50:00.000000Z,3.4563,3.458,3.4517,3.4554,1207611.0
2025-07-19T09:51:00.000000Z,3.4554,3.4555,3.449,3.4508,849254.9
2025-07-19T09:52:00.000000Z,3.4508,3.4514,3.4475,3.4476,699532.2
2025-07-19T09:53:00.000000Z,3.4475,3.4478,3.44,3.4429,1249126.0
2025-07-19T09:54:00.000000Z,3.443,3.4437,3.4386,3.4426,752616.7
2025-07-19T09:55:00.000000Z,3.4426,3.4465,3.4408,3.4465,529399.9
2025-07-19T09:56:00.000000Z,3.4465,3.4474,3.4446,3.4474,331318.5
2025-07-19T09:57:00.000000Z,3.4474,3.4524,3.4474,3.4519,558284.4
2025-07-19T09:58:00.000000Z,3.4519,3.4534,3.4496,3.4509,424096.0
2025-07-19T09:59:00.000000Z,3.451,3.4549,3.4497,3.4549,334181.4
2025-07-19T10:00:00.000000Z,3.4549,3.4565,3.4505,3.4506,525934.3
2025-07-19T10:01:00.000000Z,3.4506,3.4527,3.4458,3.4481,1417683.7
2025-07-19T10:02:00.000000Z,3.4481,3.4489,3.4451,3.4461,541918.9
2025-07-19T10:03:00.000000Z,3.4461,3.4471,3.4434,3.4434,428341.7
2025-07-19T10:04:00.000000Z,3.4434,3.4461,3.4413,3.4422,577140.7
2025-07-19T10:05:00.000000Z,3.4422,3.4422,3.4384,3.4412,491248.7
2025-07-19T10:06:00.000000Z,3.4413,3.4443,3.439,3.4443,474989.0
2025-07-19T10:07:00.000000Z,3.4444,3.4491,3.4442,3.4456,391876.1
2025-07-19T10:08:00.000000Z,3.4456,3.4467,3.4409,3.441,398808.7
2025-07-19T10:09:00.000000Z,3.4411,3.4425,3.4356,3.4361,500747.4
2025-07-19T10:10:00.000000Z,3.4361,3.4393,3.4354,3.4391,563409.3
2025-07-19T10:11:00.000000Z,3.4391,3.441,3.4386,3.4386,443203.6
2025-07-19T10:12:00.000000Z,3.4386,3.4388,3.4355,3.4357,465615.4
2025-07-19T10:13:00.000000Z,3.4357,3.4388,3.4346,3.4382,392003.6
2025-07-19T10:14:00.000000Z,3.4383,3.4385,3.4357,3.436,302430.4
2025-07-19T10:15:00.000000Z,3.436,3.4382,3.4336,3.4344,598136.8
2025-07-19T10:16:00.000000Z,3.4344,3.4364,3.4324,3.4339,450440.7
2025-07-19T10:17:00.000000Z,3.4339,3.4341,3.4312,3.4313,417708.4
2025-07-19T10:18:00.000000Z,3.4312,3.432,3.4266,3.4277,2002084.6
2025-07-19T10:19:00.000000Z,3.4278,3.4292,3.4264,3.4291,718005.3
2025-07-19T10:20:00.000000Z,3.4292,3.431,3.4259,3.4265,776688.8
2025-07-19T10:21:00.000000Z,3.4264,3.4285,3.4255,3.4271,762388.8
2025-07-19T10:22:00.000000Z,3.4272,3.4273,3.4233,3.4242,856212.4
2025-07-19T10:23:00.000000Z,3.4242,3.4253,3.4208,3.4245,1291791.6
2025-07-19T10:24:00.000000Z,3.4245,3.4296,3.4242,3.4283,638392.4
2025-07-19T10:25:00.000000Z,3.4283,3.4316,3.4267,3.4273,737180.8
2025-07-19T10:26:00.000000Z,3.4272,3.4299,3.4257,3.4284,467885.6
2025-07-19T10:27:00.000000Z,3.4285,3.4315,3.4265,3.4284,569471.8
2025-07-19T10:28:00.000000Z,3.4285,3.4315,3.4284,3.429,489506.4
2025-07-19T10:29:00.000000Z,3.4289,3.4324,3.4289,3.4301,380803.9
2025-07-19T10:30:00.000000Z,3.4302,3.4303,3.4268,3.4275,290011.2
2025-07-19T10:31:00.000000Z,3.4275,3.4309,3.4275,3.4309,319061.6
2025-07-19T10:32:00.000000Z,3.4309,3.4336,3.4309,3.4318,381115.0
2025-07-19T10:33:00.000000Z,3.4318,3.4354,3.4317,3.4326,397480.6
2025-07-19T10:34:00.000000Z,3.4326,3.4344,3.4326,3.4344,193532.2
2025-07-19T10:35:00.000000Z,3.4343,3.4347,3.4312,3.4328,390228.6
2025-07-19T10:36:00.000000Z,3.4329,3.4397,3.4328,3.439,426039.4
2025-07-19T10:37:00.000000Z,3.439,3.4401,3.4367,3.4367,356409.3
2025-07-19T10:38:00.000000Z,3.4367,3.4403,3.4367,3.4385,453449.1
2025-07-19T10:39:00.000000Z,3.4385,3.4423,3.4379,3.4418,352146.1
2025-07-19T10:40:00.000000Z,3.4418,3.4472,3.4417,3.4452,859021.4
2025-07-19T10:41:00.000000Z,3.4452,3.4481,3.4443,3.4469,537160.5
2025-07-19T10:42:00.000000Z,3.4468,3.4469,3.4405,3.443,465535.8
2025-07-19T10:43:00.000000Z,3.443,3.4452,3.441,3.4425,433016.4
2025-07-19T10:44:00.000000Z,3.4426,3.4427,3.4405,3.4416,270943.5
2025-07-19T10:45:00.000000Z,3.4417,3.4438,3.4374,3.4377,700163.7
2025-07-19T10:46:00.000000Z,3.4378,3.4384,3.4349,3.4375,588238.1
2025-07-19T10:47:00.000000Z,3.4375,3.4375,3.4274,3.4279,869879.9
2025-07-19T10:48:00.000000Z,3.4279,3.4315,3.426,3.4274,970919.0
2025-07-19T10:49:00.000000Z,3.4274,3.4274,3.4228,3.4228,642720.4
2025-07-19T10:50:00.000000Z,3.4228,3.4246,3.4206,3.4216,962449.9
2025-07-19T10:51:00.000000Z,3.4217,3.4272,3.4217,3.4255,739020.4
2025-07-19T10:52:00.000000Z,3.4255,3.4268,3.4237,3.4245,594859.7
2025-07-19T10:53:00.000000Z,3.4246,3.4265,3.4239,3.4248,293896.0
2025-07-19T10:54:00.000000Z,3.4249,3.4288,3.4248,3.4258,330210.7
2025-07-19T10:55:00.000000Z,3.4258,3.4264,3.4241,3.4264,509129.3
2025-07-19T10:56:00.000000Z,3.4264,3.4278,3.4253,3.4255,448000.7
2025-07-19T10:57:00.000000Z,3.4255,3.4289,3.425,3.4264,381660.0
2025-07-19T10:58:00.000000Z,3.4265,3.4274,3.4258,3.4274,347923.3
2025-07-19T10:59:00.000000Z,3.4273,3.4296,3.4267,3.4285,389435.3
2025-07-19T11:00:00.000000Z,3.4286,3.4306,3.4258,3.4258,408197.2
2025-07-19T11:01:00.000000Z,3.4259,3.4278,3.4237,3.4262,373506.5
2025-07-19T11:02:00.000000Z,3.4262,3.4263,3.4224,3.4243,521289.7
2025-07-19T11:03:00.000000Z,3.4242,3.4289,3.4242,3.4272,302958.0
2025-07-19T11:04:00.000000Z,3.4272,3.4301,3.4269,3.4301,253168.3
2025-07-19T11:05:00.000000Z,3.4302,3.4308,3.4268,3.4282,490918.1
2025-07-19T11:06:00.000000Z,3.4281,3.4305,3.428,3.4305,197535.2
2025-07-19T11:07:00.000000Z,3.4305,3.4309,3.4266,3.427,422953.7
2025-07-19T11:08:00.000000Z,3.4271,3.4276,3.425,3.4253,246872.5
2025-07-19T11:09:00.000000Z,3.4253,3.4276,3.4242,3.4272,268976.5
2025-07-19T11:10:00.000000Z,3.4271,3.4271,3.422,3.422,337646.6
2025-07-19T11:11:00.000000Z,3.4221,3.4243,3.4213,3.4226,312649.1
2025-07-19T11:12:00.000000Z,3.4227,3.423,3.421,3.421,909337.2
2025-07-19T11:13:00.000000Z,3.4211,3.4214,3.4069,3.4074,5310928.8
2025-07-19T11:14:00.000000Z,3.4074,3.4079,3.4017,3.4035,2361241.2
2025-07-19T11:15:00.000000Z,3.4034,3.4038,3.4,3.4007,1781858.4
2025-07-19T11:16:00.000000Z,3.4008,3.4034,3.3966,3.4019,2587650.5
2025-07-19T11:17:00.000000Z,3.4018,3.4051,3.3989,3.4044,1638652.4
2025-07-19T11:18:00.000000Z,3.4044,3.4119,3.4037,3.4116,1281166.0
2025-07-19T11:19:00.000000Z,3.4116,3.4123,3.4076,3.4082,605142.7
2025-07-19T11:20:00.000000Z,3.4082,3.4175,3.4077,3.4171,896764.9
2025-07-19T11:21:00.000000Z,3.417,3.4182,3.4141,3.4151,607193.8
2025-07-19T11:22:00.000000Z,3.4151,3.419,3.4126,3.4188,1570492.5
2025-07-19T11:23:00.000000Z,3.4187,3.4212,3.4169,3.419,694168.0
2025-07-19T11:24:00.000000Z,3.4191,3.421,3.4162,3.4203,400710.2
2025-07-19T11:25:00.000000Z,3.4204,3.4209,3.4187,3.4187,323177.4
2025-07-19T11:26:00.000000Z,3.4187,3.4191,3.412,3.412,1041115.5
2025-07-19T11:27:00.000000Z,3.412,3.4179,3.4119,3.4179,661330.5
2025-07-19T11:28:00.000000Z,3.4178,3.4213,3.4164,3.4199,699611.9
2025-07-19T11:29:00.000000Z,3.42,3.4205,3.4181,3.419,255740.1
2025-07-19T11:30:00.000000Z,3.4191,3.4213,3.4146,3.4163,707344.6
2025-07-19T11:31:00.000000Z,3.4164,3.4175,3.4158,3.4164,254809.5
2025-07-19T11:32:00.000000Z,3.4164,3.4164,3.411,3.4142,473693.1
2025-07-19T11:33:00.000000Z,3.4143,3.4163,3.4128,3.4162,469890.7
2025-07-19T11:34:00.000000Z,3.4163,3.4199,3.4146,3.4154,1357643.8
2025-07-19T11:35:00.000000Z,3.4155,3.4162,3.4136,3.4156,312254.3
2025-07-19T11:36:00.000000Z,3.4155,3.4161,3.4083,3.409,328349.7
2025-07-19T11:37:00.000000Z,3.409,3.4124,3.4084,3.412,352261.9
2025-07-19T11:38:00.000000Z,3.412,3.4149,3.4116,3.412,174484.0
2025-07-19T11:39:00.000000Z,3.4121,3.4125,3.4086,3.4095,287940.6
2025-07-19T11:40:00.000000Z,3.4095,3.4107,3.4087,3.4107,378359.4
2025-07-19T11:41:00.000000Z,3.4108,3.4109,3.4078,3.4084,319074.5
2025-07-19T11:42:00.000000Z,3.4085,3.4099,3.4081,3.4083,234650.3
2025-07-19T11:43:00.000000Z,3.4083,3.4086,3.4023,3.4033,615816.3
2025-07-19T11:44:00.000000Z,3.4033,3.4079,3.4033,3.4075,316885.0
2025-07-19T11:45:00.000000Z,3.4074,3.4095,3.4065,3.4074,296473.7
2025-07-19T11:46:00.000000Z,3.4074,3.4115,3.4074,3.4078,300106.7
2025-07-19T11:47:00.000000Z,3.4079,3.4085,3.4026,3.4033,435019.8
2025-07-19T11:48:00.000000Z,3.4034,3.4057,3.4021,3.4057,417507.6
2025-07-19T11:49:00.000000Z,3.4057,3.4057,3.3984,3.3986,757326.1
2025-07-19T11:50:00.000000Z,3.3986,3.4005,3.3971,3.3982,1168916.0
2025-07-19T11:51:00.000000Z,3.3983,3.4014,3.3967,3.4013,862720.0
2025-07-19T11:52:00.000000Z,3.4014,3.405,3.4013,3.404,466412.3
2025-07-19T11:53:00.000000Z,3.4041,3.4041,3.4012,3.4012,202425.9
2025-07-19T11:54:00.000000Z,3.4012,3.4029,3.4007,3.402,372173.7
2025-07-19T11:55:00.000000Z,3.4021,3.4021,3.3951,3.3953,723496.0
2025-07-19T11:56:00.000000Z,3.3954,3.4013,3.3928,3.3978,1375357.2
2025-07-19T11:57:00.000000Z,3.3977,3.4004,3.3954,3.3968,652052.9
2025-07-19T11:58:00.000000Z,3.3968,3.3968,3.3882,3.3907,3145428.6
2025-07-19T11:59:00.000000Z,3.3907,3.3949,3.3907,3.393,676635.9
2025-07-19T12:00:00.000000Z,3.3931,3.3989,3.3931,3.3978,810372.7
2025-07-19T12:01:00.000000Z,3.3978,3.4043,3.3977,3.4043,553640.5
2025-07-19T12:02:00.000000Z,3.4043,3.4044,3.4012,3.4013,373040.0
2025-07-19T12:03:00.000000Z,3.4014,3.4037,3.4001,3.4019,360589.6
2025-07-19T12:04:00.000000Z,3.402,3.4072,3.402,3.4047,384215.4
2025-07-19T12:05:00.000000Z,3.4046,3.4058,3.3994,3.3994,715961.1
2025-07-19T12:06:00.000000Z,3.3995,3.4011,3.3963,3.3991,880157.5
2025-07-19T12:07:00.000000Z,3.3992,3.3992,3.3853,3.3878,2887051.7
2025-07-19T12:08:00.000000Z,3.3878,3.3978,3.3852,3.3977,1286705.4
2025-07-19T12:09:00.000000Z,3.3978,3.4004,3.3951,3.3972,674181.2
2025-07-19T12:10:00.000000Z,3.3972,3.3988,3.3844,3.3852,3723487.4
2025-07-19T12:11:00.000000Z,3.3855,3.3902,3.3854,3.3901,843677.2
2025-07-19T12:12:00.000000Z,3.3901,3.3901,3.3818,3.3854,1339434.9
2025-07-19T12:13:00.000000Z,3.3855,3.3855,3.3812,3.3828,1965972.0
2025-07-19T12:14:00.000000Z,3.3827,3.3853,3.3823,3.3831,749998.5
2025-07-19T12:15:00.000000Z,3.3831,3.388,3.3819,3.3839,1421766.6
2025-07-19T12:16:00.000000Z,3.3839,3.3876,3.3826,3.3872,551100.2
2025-07-19T12:17:00.000000Z,3.3871,3.3889,3.3817,3.3868,579447.6
2025-07-19T12:18:00.000000Z,3.3868,3.393,3.3862,3.3929,641415.5
2025-07-19T12:19:00.000000Z,3.3928,3.3928,3.3881,3.3889,374643.8
2025-07-19T12:20:00.000000Z,3.389,3.389,3.3843,3.388,420847.8
2025-07-19T12:21:00.000000Z,3.388,3.3913,3.3879,3.3895,436692.0
2025-07-19T12:22:00.000000Z,3.3895,3.3931,3.3894,3.393,308036.7
2025-07-19T12:23:00.000000Z,3.393,3.3959,3.3921,3.3957,664324.2
2025-07-19T12:24:00.000000Z,3.3956,3.3986,3.3955,3.3974,647160.6
2025-07-19T12:25:00.000000Z,3.3975,3.4,3.3974,3.4,364207.0
2025-07-19T12:26:00.000000Z,3.4001,3.4019,3.399,3.3994,407261.0
2025-07-19T12:27:00.000000Z,3.3993,3.4016,3.3992,3.4016,260685.3
2025-07-19T12:28:00.000000Z,3.4017,3.4054,3.4016,3.4024,491542.1
2025-07-19T12:29:00.000000Z,3.4025,3.4034,3.3945,3.398,618614.0
2025-07-19T12:30:00.000000Z,3.398,3.4047,3.398,3.4043,380925.7
2025-07-19T12:31:00.000000Z,3.4043,3.4046,3.4012,3.4012,405414.1
2025-07-19T12:32:00.000000Z,3.4013,3.4019,3.3951,3.3961,416682.4
2025-07-19T12:33:00.000000Z,3.3962,3.4034,3.3962,3.4034,933396.6
2025-07-19T12:34:00.000000Z,3.4033,3.4044,3.4012,3.4033,394931.4
2025-07-19T12:35:00.000000Z,3.4034,3.4082,3.4032,3.4081,575999.9
2025-07-19T12:36:00.000000Z,3.4082,3.4107,3.4012,3.4013,874779.0
2025-07-19T12:37:00.000000Z,3.4014,3.407,3.4013,3.4054,391445.2
2025-07-19T12:38:00.000000Z,3.4053,3.4086,3.4024,3.4068,634914.8
2025-07-19T12:39:00.000000Z,3.4069,3.4085,3.4052,3.4075,420231.1
2025-07-19T12:40:00.000000Z,3.4075,3.4105,3.4075,3.4079,481664.1
2025-07-19T12:41:00.000000Z,3.408,3.4089,3.403,3.406,388513.9
2025-07-19T12:42:00.000000Z,3.4061,3.4091,3.405,3.4069,194147.5
2025-07-19T12:43:00.000000Z,3.4069,3.4077,3.4022,3.4025,265988.2
2025-07-19T12:44:00.000000Z,3.4026,3.4068,3.4019,3.4055,187721.5
2025-07-19T12:45:00.000000Z,3.4055,3.4081,3.4029,3.4081,266658.3
2025-07-19T12:46:00.000000Z,3.4081,3.4105,3.4071,3.4103,426112.3
2025-07-19T12:47:00.000000Z,3.4104,3.4146,3.41,3.4128,591593.2
2025-07-19T12:48:00.000000Z,3.4127,3.414,3.4111,3.4115,310434.1
2025-07-19T12:49:00.000000Z,3.4114,3.4128,3.4106,3.4128,327012.9
2025-07-19T12:50:00.000000Z,3.4128,3.4179,3.4128,3.4173,595498.5
2025-07-19T12:51:00.000000Z,3.4172,3.4172,3.4111,3.4121,795997.0
2025-07-19T12:52:00.000000Z,3.4121,3.4168,3.412,3.4143,231854.9
2025-07-19T12:53:00.000000Z,3.4143,3.4153,3.4122,3.4141,280967.8
2025-07-19T12:54:00.000000Z,3.414,3.4174,3.4134,3.4173,362585.8
2025-07-19T12:55:00.000000Z,3.4173,3.4187,3.4164,3.4182,363029.5
2025-07-19T12:56:00.000000Z,3.4181,3.4182,3.4154,3.4166,431061.5
2025-07-19T12:57:00.000000Z,3.4165,3.4177,3.4151,3.417,244955.3
2025-07-19T12:58:00.000000Z,3.417,3.4172,3.415,3.4156,294686.6
2025-07-19T12:59:00.000000Z,3.4156,3.4177,3.4156,3.416,294976.3
2025-07-19T13:00:00.000000Z,3.416,3.4163,3.4135,3.4148,455142.7
2025-07-19T13:01:00.000000Z,3.4147,3.4175,3.4139,3.4152,368833.6
2025-07-19T13:02:00.000000Z,3.4152,3.4161,3.4129,3.4157,652928.4
2025-07-19T13:03:00.000000Z,3.4157,3.4157,3.4104,3.4121,667452.6
2025-07-19T13:04:00.000000Z,3.4121,3.413,3.4103,3.4104,436347.9
2025-07-19T13:05:00.000000Z,3.4105,3.4127,3.4079,3.4095,634527.3
2025-07-19T13:06:00.000000Z,3.4095,3.4095,3.398,3.3983,1246913.0
2025-07-19T13:07:00.000000Z,3.3983,3.3999,3.3958,3.397,1030011.7
2025-07-19T13:08:00.000000Z,3.3969,3.4,3.3956,3.3991,658853.4
2025-07-19T13:09:00.000000Z,3.3991,3.3995,3.396,3.3993,524379.0
2025-07-19T13:10:00.000000Z,3.3992,3.4024,3.3987,3.4004,759893.4
2025-07-19T13:11:00.000000Z,3.4004,3.4027,3.3996,3.4008,442284.5
2025-07-19T13:12:00.000000Z,3.4008,3.4052,3.3985,3.4035,919262.0
2025-07-19T13:13:00.000000Z,3.4035,3.4048,3.4022,3.4032,350097.1
2025-07-19T13:14:00.000000Z,3.4032,3.4066,3.4032,3.4065,329083.1
2025-07-19T13:15:00.000000Z,3.4064,3.4071,3.4025,3.4026,425359.2
2025-07-19T13:16:00.000000Z,3.4026,3.4125,3.4026,3.4117,269730.3
2025-07-19T13:17:00.000000Z,3.4118,3.4127,3.4097,3.4101,337777.5
2025-07-19T13:18:00.000000Z,3.4102,3.413,3.4101,3.4129,204382.8
2025-07-19T13:19:00.000000Z,3.4129,3.4179,3.4111,3.4178,655082.9
2025-07-19T13:20:00.000000Z,3.4179,3.4179,3.4131,3.4156,842913.2
2025-07-19T13:21:00.000000Z,3.4156,3.4192,3.4144,3.4166,717855.8
2025-07-19T13:22:00.000000Z,3.4166,3.4169,3.4128,3.4168,421122.7
2025-07-19T13:23:00.000000Z,3.4168,3.4183,3.4164,3.4183,394466.2
2025-07-19T13:24:00.000000Z,3.4183,3.4196,3.4144,3.4192,653578.7
2025-07-19T13:25:00.000000Z,3.4191,3.4234,3.4187,3.4213,870705.3
2025-07-19T13:26:00.000000Z,3.4213,3.424,3.4203,3.4233,572086.0
2025-07-19T13:27:00.000000Z,3.4233,3.4321,3.4232,3.4251,1537207.5
2025-07-19T13:28:00.000000Z,3.425,3.4268,3.4243,3.4243,476997.9
2025-07-19T13:29:00.000000Z,3.4243,3.4271,3.4218,3.4234,579481.5
2025-07-19T13:30:00.000000Z,3.4234,3.4249,3.4203,3.4231,703550.4
2025-07-19T13:31:00.000000Z,3.4231,3.4233,3.4194,3.4196,485273.7
2025-07-19T13:32:00.000000Z,3.4197,3.4242,3.4194,3.4231,463291.0
2025-07-19T13:33:00.000000Z,3.4231,3.4237,3.4208,3.4209,382841.4
2025-07-19T13:34:00.000000Z,3.4209,3.4265,3.4208,3.4245,502155.4
2025-07-19T13:35:00.000000Z,3.4245,3.4263,3.4222,3.4257,359819.6
2025-07-19T13:36:00.000000Z,3.4256,3.4264,3.423,3.423,426434.8
2025-07-19T13:37:00.000000Z,3.4231,3.4262,3.421,3.421,316103.2
2025-07-19T13:38:00.000000Z,3.421,3.4236,3.4207,3.4233,433185.4
2025-07-19T13:39:00.000000Z,3.4233,3.4234,3.4211,3.4216,301765.7
2025-07-19T13:40:00.000000Z,3.4216,3.4245,3.4211,3.4239,281266.8
2025-07-19T13:41:00.000000Z,3.424,3.4257,3.4232,3.4242,250726.2
2025-07-19T13:42:00.000000Z,3.4241,3.4242,3.4171,3.4181,548411.3
2025-07-19T13:43:00.000000Z,3.418,3.4211,3.4179,3.4198,411495.4
2025-07-19T13:44:00.000000Z,3.4199,3.422,3.4188,3.4196,301291.6
2025-07-19T13:45:00.000000Z,3.4195,3.4202,3.4185,3.4199,268562.1
2025-07-19T13:46:00.000000Z,3.4199,3.4217,3.4174,3.4179,262987.8
2025-07-19T13:47:00.000000Z,3.418,3.418,3.4113,3.4147,948867.1
2025-07-19T13:48:00.000000Z,3.4147,3.4154,3.4114,3.4137,502682.7
2025-07-19T13:49:00.000000Z,3.4136,3.4137,3.4049,3.4049,1105238.4
2025-07-19T13:50:00.000000Z,3.4049,3.4099,3.403,3.4089,975526.3
2025-07-19T13:51:00.000000Z,3.4089,3.413,3.4065,3.4125,880533.1
2025-07-19T13:52:00.000000Z,3.4126,3.4153,3.41,3.4127,559096.7
2025-07-19T13:53:00.000000Z,3.4128,3.4134,3.4082,3.4095,451805.8
2025-07-19T13:54:00.000000Z,3.4094,3.4127,3.4091,3.4114,418268.5
2025-07-19T13:55:00.000000Z,3.4114,3.4121,3.4089,3.4109,291049.8
2025-07-19T13:56:00.000000Z,3.4109,3.4111,3.406,3.4064,425191.3
2025-07-19T13:57:00.000000Z,3.4064,3.4071,3.4029,3.4053,529081.3
2025-07-19T13:58:00.000000Z,3.4053,3.4114,3.4053,3.4104,416849.4
2025-07-19T13:59:00.000000Z,3.4104,3.4129,3.4082,3.4113,366691.0
2025-07-19T14:00:00.000000Z,3.4114,3.4148,3.41,3.4135,389526.5
2025-07-19T14:01:00.000000Z,3.4134,3.4134,3.4033,3.4033,362937.8
2025-07-19T14:02:00.000000Z,3.4033,3.405,3.4007,3.4021,760432.8
2025-07-19T14:03:00.000000Z,3.4021,3.403,3.4005,3.4016,527907.6
2025-07-19T14:04:00.000000Z,3.4016,3.4048,3.401,3.403,485377.6
2025-07-19T14:05:00.000000Z,3.4029,3.4029,3.3972,3.4015,795459.6
2025-07-19T14:06:00.000000Z,3.4014,3.4075,3.4014,3.4033,515898.3
2025-07-19T14:07:00.000000Z,3.4033,3.4033,3.3965,3.3978,946041.3
2025-07-19T14:08:00.000000Z,3.3978,3.3992,3.3961,3.3962,394514.0
2025-07-19T14:09:00.000000Z,3.3962,3.3966,3.3872,3.3911,1193742.1
2025-07-19T14:10:00.000000Z,3.3911,3.3931,3.3873,3.3911,792554.8
2025-07-19T14:11:00.000000Z,3.391,3.3925,3.3876,3.3902,654383.6
2025-07-19T14:12:00.000000Z,3.3901,3.3934,3.389,3.3904,644127.9
2025-07-19T14:13:00.000000Z,3.3904,3.3908,3.3858,3.3873,691548.5
2025-07-19T14:14:00.000000Z,3.3873,3.3877,3.3838,3.3852,1125898.8
2025-07-19T14:15:00.000000Z,3.3852,3.3929,3.3852,3.3926,1536531.9
2025-07-19T14:16:00.000000Z,3.3926,3.3966,3.3882,3.3889,1137581.5
2025-07-19T14:17:00.000000Z,3.3889,3.3967,3.388,3.3958,750655.0
2025-07-19T14:18:00.000000Z,3.3958,3.4024,3.3949,3.3976,919327.2
2025-07-19T14:19:00.000000Z,3.3976,3.4012,3.3963,3.3964,806661.7
2025-07-19T14:20:00.000000Z,3.3964,3.3969,3.3922,3.3931,544879.2
2025-07-19T14:21:00.000000Z,3.3931,3.3932,3.385,3.3889,886759.0
2025-07-19T14:22:00.000000Z,3.389,3.3895,3.3823,3.3858,895370.4
2025-07-19T14:23:00.000000Z,3.3858,3.3931,3.3858,3.3928,1070624.9
2025-07-19T14:24:00.000000Z,3.3927,3.3928,3.387,3.3899,459990.1
2025-07-19T14:25:00.000000Z,3.39,3.3918,3.3851,3.3879,509081.9
2025-07-19T14:26:00.000000Z,3.388,3.3923,3.3832,3.3855,518462.8
2025-07-19T14:27:00.000000Z,3.3855,3.3869,3.3758,3.3816,2827046.6
2025-07-19T14:28:00.000000Z,3.3816,3.3836,3.3778,3.3796,1498650.9
2025-07-19T14:29:00.000000Z,3.3797,3.3862,3.3797,3.3837,863897.3
2025-07-19T14:30:00.000000Z,3.3837,3.3919,3.3832,3.3902,1367891.0
2025-07-19T14:31:00.000000Z,3.3901,3.3901,3.379,3.3812,833114.2
2025-07-19T14:32:00.000000Z,3.3813,3.3818,3.3781,3.3798,969977.3
2025-07-19T14:33:00.000000Z,3.3797,3.3809,3.378,3.3783,502815.2
2025-07-19T14:34:00.000000Z,3.3782,3.3861,3.3781,3.3834,1004401.2
2025-07-19T14:35:00.000000Z,3.3833,3.3891,3.3808,3.3815,746798.1
2025-07-19T14:36:00.000000Z,3.3816,3.3866,3.3809,3.3858,510503.9
2025-07-19T14:37:00.000000Z,3.3858,3.3892,3.3833,3.3874,574126.8
2025-07-19T14:38:00.000000Z,3.3874,3.3883,3.3813,3.3813,488679.8
2025-07-19T14:39:00.000000Z,3.3814,3.3842,3.3762,3.3762,984758.5
2025-07-19T14:40:00.000000Z,3.3762,3.3787,3.3723,3.3787,2510067.2
2025-07-19T14:41:00.000000Z,3.3787,3.3809,3.3733,3.3783,1426345.4
2025-07-19T14:42:00.000000Z,3.3783,3.3796,3.3679,3.3718,2545617.4
2025-07-19T14:43:00.000000Z,3.3719,3.3733,3.3678,3.3694,1512593.0
2025-07-19T14:44:00.000000Z,3.3693,3.3768,3.368,3.3747,856117.7
2025-07-19T14:45:00.000000Z,3.3746,3.3788,3.3746,3.3747,673243.1
2025-07-19T14:46:00.000000Z,3.3748,3.3753,3.3601,3.3671,4644484.0
2025-07-19T14:47:00.000000Z,3.3672,3.373,3.3672,3.3714,907635.6
2025-07-19T14:48:00.000000Z,3.3714,3.3742,3.3653,3.3675,1272841.8
2025-07-19T14:49:00.000000Z,3.3676,3.373,3.3657,3.3706,1626448.1
2025-07-19T14:50:00.000000Z,3.3705,3.3712,3.365,3.3657,1431668.1
2025-07-19T14:51:00.000000Z,3.3656,3.3706,3.3626,3.3689,1444895.1
2025-07-19T14:52:00.000000Z,3.3689,3.3704,3.3611,3.3634,1030370.3
2025-07-19T14:53:00.000000Z,3.3633,3.3634,3.3588,3.36,2141040.1
2025-07-19T14:54:00.000000Z,3.3601,3.3673,3.3546,3.364,2734153.7
2025-07-19T14:55:00.000000Z,3.3639,3.3648,3.3592,3.3611,844028.7
2025-07-19T14:56:00.000000Z,3.3611,3.366,3.3597,3.3633,1441835.8
2025-07-19T14:57:00.000000Z,3.3633,3.3674,3.3613,3.3624,640549.0
2025-07-19T14:58:00.000000Z,3.3625,3.3641,3.3579,3.36,953806.7
2025-07-19T14:59:00.000000Z,3.3599,3.362,3.3562,3.362,1119078.7
2025-07-19T15:00:00.000000Z,3.362,3.368,3.3576,3.3669,1097183.2
2025-07-19T15:01:00.000000Z,3.367,3.3808,3.3663,3.3772,4838789.9
2025-07-19T15:02:00.000000Z,3.3772,3.378,3.3727,3.3735,1114044.5
2025-07-19T15:03:00.000000Z,3.3735,3.379,3.3735,3.3786,571772.3
2025-07-19T15:04:00.000000Z,3.3786,3.3788,3.3751,3.3763,905052.0
2025-07-19T15:05:00.000000Z,3.3765,3.3812,3.376,3.3793,1269921.3
2025-07-19T15:06:00.000000Z,3.3792,3.3792,3.3756,3.3776,719933.9
2025-07-19T15:07:00.000000Z,3.3776,3.3835,3.377,3.3835,866433.6
2025-07-19T15:08:00.000000Z,3.3834,3.384,3.3777,3.3793,1300756.9
2025-07-19T15:09:00.000000Z,3.3793,3.385,3.3793,3.3845,1102064.0
2025-07-19T15:10:00.000000Z,3.3845,3.3935,3.3837,3.3918,1391577.4
2025-07-19T15:11:00.000000Z,3.3917,3.393,3.3869,3.393,969085.3
2025-07-19T15:12:00.000000Z,3.3929,3.393,3.388,3.3908,794941.4
2025-07-19T15:13:00.000000Z,3.3908,3.3908,3.3857,3.387,799805.4
2025-07-19T15:14:00.000000Z,3.3871,3.3894,3.3862,3.3878,540352.9
2025-07-19T15:15:00.000000Z,3.3878,3.3946,3.3877,3.3944,1078704.5
2025-07-19T15:16:00.000000Z,3.3944,3.3972,3.3934,3.3956,862688.0
2025-07-19T15:17:00.000000Z,3.3955,3.4009,3.3941,3.3987,1148770.1
2025-07-19T15:18:00.000000Z,3.3987,3.4009,3.3965,3.4006,1000638.5
2025-07-19T15:19:00.000000Z,3.4006,3.4037,3.3999,3.4012,1169794.3
2025-07-19T15:20:00.000000Z,3.4012,3.4033,3.4004,3.4023,943105.1
2025-07-19T15:21:00.000000Z,3.4022,3.4059,3.4,3.4058,696927.1
2025-07-19T15:22:00.000000Z,3.4058,3.4162,3.4058,3.41,3015376.2
2025-07-19T15:23:00.000000Z,3.4099,3.4125,3.4071,3.4093,1604226.2
2025-07-19T15:24:00.000000Z,3.4091,3.4116,3.4064,3.4114,855199.1
2025-07-19T15:25:00.000000Z,3.4114,3.4176,3.4092,3.4176,1743795.9
2025-07-19T15:26:00.000000Z,3.4175,3.4187,3.4146,3.4186,1436836.9
2025-07-19T15:27:00.000000Z,3.4186,3.4186,3.414,3.414,924717.8
2025-07-19T15:28:00.000000Z,3.414,3.4179,3.4133,3.4165,622052.6
2025-07-19T15:29:00.000000Z,3.4165,3.4165,3.4121,3.4148,732845.7
2025-07-19T15:30:00.000000Z,3.4149,3.4184,3.4132,3.4147,779864.7
2025-07-19T15:31:00.000000Z,3.4147,3.4184,3.4133,3.4154,1031244.9
2025-07-19T15:32:00.000000Z,3.4155,3.4156,3.4055,3.4057,1846540.7
2025-07-19T15:33:00.000000Z,3.4057,3.4115,3.4039,3.4099,1221023.2
2025-07-19T15:34:00.000000Z,3.41,3.4106,3.4059,3.4106,649586.2
2025-07-19T15:35:00.000000Z,3.4105,3.4106,3.4063,3.4079,749099.2
2025-07-19T15:36:00.000000Z,3.4078,3.4106,3.4076,3.4083,384416.5
2025-07-19T15:37:00.000000Z,3.4083,3.4135,3.4081,3.4108,500965.2
2025-07-19T15:38:00.000000Z,3.4108,3.4138,3.4107,3.4134,500314.2
2025-07-19T15:39:00.000000Z,3.4134,3.4134,3.4093,3.411,212538.6
2025-07-19T15:40:00.000000Z,3.411,3.4173,3.411,3.4169,548432.4
2025-07-19T15:41:00.000000Z,3.417,3.4208,3.416,3.4192,698919.6
2025-07-19T15:42:00.000000Z,3.4191,3.4206,3.4165,3.4198,798240.2
2025-07-19T15:43:00.000000Z,3.4197,3.4198,3.4166,3.4188,457540.8
2025-07-19T15:44:00.000000Z,3.4187,3.4234,3.4187,3.4231,979906.5
2025-07-19T15:45:00.000000Z,3.423,3.4231,3.4178,3.4201,1325209.6
2025-07-19T15:46:00.000000Z,3.42,3.422,3.4175,3.4193,304112.2
2025-07-19T15:47:00.000000Z,3.4192,3.4228,3.4172,3.422,595788.5
2025-07-19T15:48:00.000000Z,3.4219,3.4227,3.419,3.4191,452443.4
2025-07-19T15:49:00.000000Z,3.4192,3.4209,3.4182,3.4191,393536.5
2025-07-19T15:50:00.000000Z,3.4192,3.4208,3.4169,3.4169,476381.2
2025-07-19T15:51:00.000000Z,3.4169,3.4174,3.4089,3.4092,1557904.4
2025-07-19T15:52:00.000000Z,3.4091,3.4108,3.4069,3.4104,1461707.8
2025-07-19T15:53:00.000000Z,3.4104,3.4137,3.4097,3.4126,633666.6
2025-07-19T15:54:00.000000Z,3.4127,3.4137,3.4114,3.412,331693.2
2025-07-19T15:55:00.000000Z,3.4121,3.414,3.4111,3.414,463736.1
2025-07-19T15:56:00.000000Z,3.414,3.415,3.4106,3.4132,363298.0
2025-07-19T15:57:00.000000Z,3.4132,3.4146,3.4119,3.4127,593388.3
2025-07-19T15:58:00.000000Z,3.4127,3.4127,3.4104,3.4108,323478.1
2025-07-19T15:59:00.000000Z,3.4108,3.4115,3.4093,3.4105,371753.6
2025-07-19T16:00:00.000000Z,3.4106,3.415,3.4106,3.4119,522487.9
2025-07-19T16:01:00.000000Z,3.4118,3.4149,3.4096,3.4109,672815.4
2025-07-19T16:02:00.000000Z,3.411,3.4115,3.4072,3.4076,554719.5
2025-07-19T16:03:00.000000Z,3.4076,3.4109,3.405,3.4057,1323138.0
2025-07-19T16:04:00.000000Z,3.4057,3.4233,3.4057,3.4229,1634465.4
2025-07-19T16:05:00.000000Z,3.423,3.4274,3.4145,3.4156,1922584.9
2025-07-19T16:06:00.000000Z,3.4155,3.4231,3.4141,3.4225,997342.6
2025-07-19T16:07:00.000000Z,3.4225,3.4232,3.4174,3.4174,744861.7
2025-07-19T16:08:00.000000Z,3.4175,3.4204,3.4138,3.4179,407448.0
2025-07-19T16:09:00.000000Z,3.4178,3.423,3.4158,3.4214,710318.2
2025-07-19T16:10:00.000000Z,3.4214,3.4232,3.4177,3.4184,606116.6
2025-07-19T16:11:00.000000Z,3.4184,3.4216,3.4158,3.4209,612341.7
2025-07-19T16:12:00.000000Z,3.4209,3.4226,3.4192,3.4211,653470.6
2025-07-19T16:13:00.000000Z,3.421,3.422,3.4161,3.4163,813696.8
2025-07-19T16:14:00.000000Z,3.4163,3.42,3.4162,3.4162,359963.1
2025-07-19T16:15:00.000000Z,3.4162,3.4188,3.4146,3.415,492045.3
2025-07-19T16:16:00.000000Z,3.4151,3.4235,3.4146,3.4231,517596.5
2025-07-19T16:17:00.000000Z,3.423,3.425,3.416,3.4174,734788.0
2025-07-19T16:18:00.000000Z,3.4175,3.422,3.4175,3.4204,287228.6
2025-07-19T16:19:00.000000Z,3.4205,3.4257,3.4201,3.4252,732785.0
2025-07-19T16:20:00.000000Z,3.4251,3.4252,3.42,3.4212,393936.4
2025-07-19T16:21:00.000000Z,3.4211,3.431,3.4211,3.4304,1274700.3
2025-07-19T16:22:00.000000Z,3.4304,3.4383,3.4304,3.4369,2504753.3
2025-07-19T16:23:00.000000Z,3.4369,3.4386,3.4341,3.4379,1862152.8
2025-07-19T16:24:00.000000Z,3.438,3.4387,3.4346,3.4379,792472.5
2025-07-19T16:25:00.000000Z,3.438,3.4381,3.4325,3.4351,630435.3
2025-07-19T16:26:00.000000Z,3.435,3.435,3.432,3.434,478878.9
2025-07-19T16:27:00.000000Z,3.434,3.4388,3.432,3.437,1667016.4
2025-07-19T16:28:00.000000Z,3.4369,3.4383,3.4347,3.4383,586260.3
2025-07-19T16:29:00.000000Z,3.4382,3.4384,3.4323,3.4335,803625.1
2025-07-19T16:30:00.000000Z,3.4335,3.4363,3.4306,3.4324,650088.5
2025-07-19T16:31:00.000000Z,3.4323,3.4395,3.431,3.4392,684601.0
2025-07-19T16:32:00.000000Z,3.4392,3.4392,3.4337,3.4362,462210.8
2025-07-19T16:33:00.000000Z,3.4363,3.4372,3.4343,3.4361,384633.9
2025-07-19T16:34:00.000000Z,3.4361,3.4362,3.4307,3.4312,592751.4
2025-07-19T16:35:00.000000Z,3.4313,3.4345,3.4313,3.4316,382708.8
2025-07-19T16:36:00.000000Z,3.4316,3.4333,3.4316,3.4331,248388.9
2025-07-19T16:37:00.000000Z,3.4331,3.4331,3.4303,3.4316,280207.6
2025-07-19T16:38:00.000000Z,3.4315,3.4358,3.4313,3.4357,356717.0
2025-07-19T16:39:00.000000Z,3.4357,3.4357,3.432,3.432,264199.5
2025-07-19T16:40:00.000000Z,3.432,3.4349,3.4308,3.4312,239528.9
2025-07-19T16:41:00.000000Z,3.4313,3.4379,3.4313,3.4341,457801.5
2025-07-19T16:42:00.000000Z,3.434,3.4376,3.4339,3.4367,309505.2
2025-07-19T16:43:00.000000Z,3.4366,3.4368,3.4356,3.4364,290052.5
2025-07-19T16:44:00.000000Z,3.4364,3.4397,3.4353,3.438,453836.9
2025-07-19T16:45:00.000000Z,3.4381,3.4381,3.4351,3.4374,412901.4
2025-07-19T16:46:00.000000Z,3.4373,3.4373,3.4323,3.4341,507424.6
2025-07-19T16:47:00.000000Z,3.4341,3.4398,3.4341,3.4398,278362.7
2025-07-19T16:48:00.000000Z,3.4398,3.4519,3.4378,3.4499,3422235.2
2025-07-19T16:49:00.000000Z,3.4498,3.461,3.4494,3.4583,4181287.7
2025-07-19T16:50:00.000000Z,3.4582,3.4582,3.4526,3.4539,981584.5
2025-07-19T16:51:00.000000Z,3.4539,3.4539,3.447,3.4488,1074621.5
2025-07-19T16:52:00.000000Z,3.4488,3.4488,3.444,3.444,1053698.8
2025-07-19T16:53:00.000000Z,3.4441,3.4472,3.4411,3.4411,574911.0
2025-07-19T16:54:00.000000Z,3.4411,3.4514,3.4406,3.4481,825433.2
2025-07-19T16:55:00.000000Z,3.4482,3.4495,3.4464,3.4477,510895.6
2025-07-19T16:56:00.000000Z,3.4477,3.4506,3.4465,3.4505,504837.1
2025-07-19T16:57:00.000000Z,3.4505,3.4505,3.4435,3.4451,643473.9
2025-07-19T16:58:00.000000Z,3.445,3.4458,3.4426,3.4437,767761.8
2025-07-19T16:59:00.000000Z,3.4436,3.4461,3.4423,3.445,223334.9
2025-07-19T17:00:00.000000Z,3.4449,3.4462,3.4412,3.4454,607865.7
2025-07-19T17:01:00.000000Z,3.4454,3.4486,3.4454,3.4461,596795.7
2025-07-19T17:02:00.000000Z,3.4461,3.4531,3.4461,3.4485,908562.1
2025-07-19T17:03:00.000000Z,3.4484,3.4494,3.4459,3.4472,193274.2
2025-07-19T17:04:00.000000Z,3.4471,3.4493,3.446,3.4478,254381.1
2025-07-19T17:05:00.000000Z,3.4479,3.4503,3.446,3.4477,291020.1
2025-07-19T17:06:00.000000Z,3.4478,3.4478,3.4393,3.4413,732311.2
2025-07-19T17:07:00.000000Z,3.4413,3.4434,3.4401,3.4403,514951.4
2025-07-19T17:08:00.000000Z,3.4403,3.4429,3.4388,3.4394,483262.6
2025-07-19T17:09:00.000000Z,3.4394,3.4426,3.4375,3.4409,955042.4
2025-07-19T17:10:00.000000Z,3.441,3.4414,3.4373,3.4396,292984.5
2025-07-19T17:11:00.000000Z,3.4396,3.4439,3.4384,3.4398,445134.9
2025-07-19T17:12:00.000000Z,3.4399,3.4414,3.4381,3.439,382313.3
2025-07-19T17:13:00.000000Z,3.4391,3.4395,3.435,3.4353,526752.4
2025-07-19T17:14:00.000000Z,3.4354,3.4387,3.435,3.4382,336426.6
2025-07-19T17:15:00.000000Z,3.4383,3.439,3.4354,3.4389,371900.1
2025-07-19T17:16:00.000000Z,3.439,3.4424,3.4372,3.4394,284800.3
2025-07-19T17:17:00.000000Z,3.4394,3.442,3.439,3.4391,262660.4
2025-07-19T17:18:00.000000Z,3.4391,3.4417,3.437,3.4406,179336.9
2025-07-19T17:19:00.000000Z,3.4407,3.4407,3.4365,3.4365,253334.4
2025-07-19T17:20:00.000000Z,3.4364,3.4396,3.4355,3.439,251381.7
2025-07-19T17:21:00.000000Z,3.439,3.442,3.4383,3.4418,222616.2
2025-07-19T17:22:00.000000Z,3.4418,3.4418,3.4388,3.4411,196527.8
2025-07-19T17:23:00.000000Z,3.4412,3.4426,3.4405,3.441,224901.1
2025-07-19T17:24:00.000000Z,3.4411,3.4411,3.4364,3.4369,234600.9
2025-07-19T17:25:00.000000Z,3.4369,3.4401,3.4369,3.4374,193536.8
2025-07-19T17:26:00.000000Z,3.4375,3.44,3.4356,3.4361,159643.2
2025-07-19T17:27:00.000000Z,3.4362,3.437,3.4331,3.4337,480918.8
2025-07-19T17:28:00.000000Z,3.4338,3.4363,3.4327,3.4361,336657.7
2025-07-19T17:29:00.000000Z,3.4362,3.4437,3.435,3.4434,244109.8
2025-07-19T17:30:00.000000Z,3.4434,3.4441,3.4385,3.4395,337540.8
2025-07-19T17:31:00.000000Z,3.4395,3.4421,3.4369,3.438,308077.4
2025-07-19T17:32:00.000000Z,3.438,3.4421,3.4369,3.4388,424964.3
2025-07-19T17:33:00.000000Z,3.4387,3.4402,3.4375,3.4393,390106.4
2025-07-19T17:34:00.000000Z,3.4394,3.4406,3.4358,3.439,317562.2
2025-07-19T17:35:00.000000Z,3.439,3.4403,3.4372,3.4382,317218.6
2025-07-19T17:36:00.000000Z,3.4382,3.4432,3.4382,3.4414,426113.8
2025-07-19T17:37:00.000000Z,3.4413,3.4413,3.436,3.4405,394016.4
2025-07-19T17:38:00.000000Z,3.4405,3.4417,3.4373,3.4376,418618.6
2025-07-19T17:39:00.000000Z,3.4376,3.4431,3.4376,3.4431,273601.0
2025-07-19T17:40:00.000000Z,3.443,3.4431,3.4364,3.4365,821048.6
2025-07-19T17:41:00.000000Z,3.4365,3.4375,3.433,3.4339,481278.7
2025-07-19T17:42:00.000000Z,3.434,3.4353,3.4303,3.4331,703646.1
2025-07-19T17:43:00.000000Z,3.4332,3.4375,3.4331,3.4372,216591.0
2025-07-19T17:44:00.000000Z,3.4373,3.4373,3.4316,3.4323,344719.1
2025-07-19T17:45:00.000000Z,3.4323,3.4379,3.4323,3.4358,490006.6
2025-07-19T17:46:00.000000Z,3.4358,3.4363,3.4292,3.4294,950672.8
2025-07-19T17:47:00.000000Z,3.4294,3.4323,3.4274,3.4314,794761.8
2025-07-19T17:48:00.000000Z,3.4314,3.4314,3.4276,3.4314,327502.5
2025-07-19T17:49:00.000000Z,3.4314,3.4316,3.4285,3.4303,289756.4
2025-07-19T17:50:00.000000Z,3.4303,3.4309,3.4281,3.4288,449405.0
2025-07-19T17:51:00.000000Z,3.4288,3.4338,3.4283,3.4334,313471.4
2025-07-19T17:52:00.000000Z,3.4335,3.4354,3.4309,3.4351,556418.4
2025-07-19T17:53:00.000000Z,3.4351,3.4351,3.4292,3.4294,289239.8
2025-07-19T17:54:00.000000Z,3.4294,3.4306,3.4277,3.4278,288060.9
2025-07-19T17:55:00.000000Z,3.4279,3.4279,3.4226,3.4233,1232616.3
2025-07-19T17:56:00.000000Z,3.4233,3.4246,3.4203,3.4205,797941.9
2025-07-19T17:57:00.000000Z,3.4206,3.4265,3.4202,3.4246,460209.4
2025-07-19T17:58:00.000000Z,3.4247,3.4262,3.4237,3.4243,196836.9
2025-07-19T17:59:00.000000Z,3.4243,3.426,3.4243,3.4256,222250.2
2025-07-19T18:00:00.000000Z,3.4257,3.426,3.4212,3.4226,421762.3
2025-07-19T18:01:00.000000Z,3.4227,3.4258,3.4214,3.4258,432351.3
2025-07-19T18:02:00.000000Z,3.4257,3.4257,3.423,3.4232,289990.9
2025-07-19T18:03:00.000000Z,3.4233,3.4237,3.421,3.421,267688.1
2025-07-19T18:04:00.000000Z,3.421,3.4224,3.4114,3.4133,1585035.1
2025-07-19T18:05:00.000000Z,3.4133,3.4176,3.4133,3.4167,585921.9
2025-07-19T18:06:00.000000Z,3.4166,3.4232,3.4166,3.4222,687307.9
2025-07-19T18:07:00.000000Z,3.4221,3.4248,3.421,3.422,559360.4
2025-07-19T18:08:00.000000Z,3.4219,3.4324,3.4219,3.4288,1146053.8
2025-07-19T18:09:00.000000Z,3.4287,3.4288,3.4239,3.4239,520111.1
2025-07-19T18:10:00.000000Z,3.4239,3.4277,3.4237,3.426,461942.5
2025-07-19T18:11:00.000000Z,3.4259,3.428,3.4227,3.428,296340.8
2025-07-19T18:12:00.000000Z,3.4279,3.431,3.427,3.4309,419784.9
2025-07-19T18:13:00.000000Z,3.4309,3.4321,3.4302,3.4315,561235.1
2025-07-19T18:14:00.000000Z,3.4315,3.432,3.4277,3.4279,251594.0
2025-07-19T18:15:00.000000Z,3.4278,3.4285,3.4264,3.4275,291220.1
2025-07-19T18:16:00.000000Z,3.4276,3.4297,3.4253,3.4253,503320.7
2025-07-19T18:17:00.000000Z,3.4253,3.4256,3.4234,3.4235,264228.3
2025-07-19T18:18:00.000000Z,3.4236,3.4236,3.4185,3.4185,468524.4
2025-07-19T18:19:00.000000Z,3.4185,3.4191,3.4135,3.4141,337571.2
2025-07-19T18:20:00.000000Z,3.4141,3.4194,3.4141,3.4178,404904.4
2025-07-19T18:21:00.000000Z,3.4177,3.4186,3.4163,3.4185,325462.6
2025-07-19T18:22:00.000000Z,3.4186,3.4218,3.4185,3.4214,345982.8
2025-07-19T18:23:00.000000Z,3.4213,3.4216,3.4197,3.4215,228663.2
2025-07-19T18:24:00.000000Z,3.4215,3.4272,3.4214,3.4262,510183.4
2025-07-19T18:25:00.000000Z,3.4262,3.4269,3.424,3.424,712210.8
2025-07-19T18:26:00.000000Z,3.424,3.4241,3.4216,3.4233,201487.2
2025-07-19T18:27:00.000000Z,3.4233,3.4245,3.4219,3.4225,208571.9
2025-07-19T18:28:00.000000Z,3.4225,3.4238,3.4218,3.423,98220.4
2025-07-19T18:29:00.000000Z,3.4231,3.4235,3.4209,3.4221,176491.0
2025-07-19T18:30:00.000000Z,3.4221,3.4231,3.4209,3.4213,104100.4
2025-07-19T18:31:00.000000Z,3.4213,3.4231,3.4213,3.423,122896.1
2025-07-19T18:32:00.000000Z,3.423,3.4231,3.419,3.4202,305686.7
2025-07-19T18:33:00.000000Z,3.4203,3.4209,3.419,3.4196,172335.1
2025-07-19T18:34:00.000000Z,3.4196,3.4302,3.4194,3.4276,857414.9
2025-07-19T18:35:00.000000Z,3.4277,3.4284,3.4251,3.426,292455.9
2025-07-19T18:36:00.000000Z,3.426,3.4342,3.426,3.4325,557449.3
2025-07-19T18:37:00.000000Z,3.4325,3.4336,3.4313,3.4324,244804.6
2025-07-19T18:38:00.000000Z,3.4324,3.4371,3.4319,3.4366,785655.0
2025-07-19T18:39:00.000000Z,3.4365,3.4385,3.4341,3.4372,592126.2
2025-07-19T18:40:00.000000Z,3.4372,3.4396,3.4368,3.4369,433397.5
2025-07-19T18:41:00.000000Z,3.4369,3.4376,3.4342,3.4348,356143.2
2025-07-19T18:42:00.000000Z,3.4347,3.4354,3.4342,3.4352,164846.7
2025-07-19T18:43:00.000000Z,3.4352,3.4359,3.4341,3.4356,157330.5
2025-07-19T18:44:00.000000Z,3.4356,3.4356,3.4327,3.4337,122129.6
2025-07-19T18:45:00.000000Z,3.4338,3.436,3.4329,3.436,232618.3
2025-07-19T18:46:00.000000Z,3.436,3.4376,3.434,3.4376,337205.0
2025-07-19T18:47:00.000000Z,3.4375,3.4376,3.4271,3.4274,760482.3
2025-07-19T18:48:00.000000Z,3.4274,3.4318,3.4261,3.4313,667979.4
2025-07-19T18:49:00.000000Z,3.4312,3.4324,3.4273,3.4275,164223.9
2025-07-19T18:50:00.000000Z,3.4274,3.4303,3.4262,3.428,463037.1
2025-07-19T18:51:00.000000Z,3.4281,3.4281,3.4249,3.4281,199063.1
2025-07-19T18:52:00.000000Z,3.428,3.4297,3.4269,3.4282,137104.8
2025-07-19T18:53:00.000000Z,3.4281,3.4282,3.4249,3.4253,156276.1
2025-07-19T18:54:00.000000Z,3.4252,3.4264,3.4249,3.4257,112602.5
2025-07-19T18:55:00.000000Z,3.4257,3.426,3.4224,3.424,166024.6
2025-07-19T18:56:00.000000Z,3.4239,3.4246,3.4223,3.4239,195376.2
2025-07-19T18:57:00.000000Z,3.4239,3.424,3.4223,3.4224,114632.7
2025-07-19T18:58:00.000000Z,3.4224,3.4229,3.4203,3.4224,275055.1
2025-07-19T18:59:00.000000Z,3.4224,3.4225,3.4196,3.4215,268716.3
2025-07-19T19:00:00.000000Z,3.4216,3.4229,3.4195,3.4208,397143.2
2025-07-19T19:01:00.000000Z,3.4208,3.4236,3.42,3.4236,355523.6
2025-07-19T19:02:00.000000Z,3.4237,3.4266,3.4237,3.4266,358267.4
2025-07-19T19:03:00.000000Z,3.4266,3.4266,3.4232,3.4232,336560.4
2025-07-19T19:04:00.000000Z,3.4233,3.4233,3.4204,3.4205,177849.0
2025-07-19T19:05:00.000000Z,3.4205,3.4215,3.4118,3.4164,2043405.8
2025-07-19T19:06:00.000000Z,3.4164,3.4167,3.4114,3.4118,2343058.3
2025-07-19T19:07:00.000000Z,3.4117,3.4137,3.4112,3.4136,427819.0
2025-07-19T19:08:00.000000Z,3.4136,3.4154,3.4136,3.4148,307784.9
2025-07-19T19:09:00.000000Z,3.4148,3.4149,3.4128,3.4129,320802.0
2025-07-19T19:10:00.000000Z,3.413,3.415,3.4117,3.4143,293442.5
2025-07-19T19:11:00.000000Z,3.4143,3.4158,3.4133,3.4155,229388.9
2025-07-19T19:12:00.000000Z,3.4155,3.4186,3.4155,3.4186,244900.8
2025-07-19T19:13:00.000000Z,3.4185,3.4209,3.4175,3.4207,165753.4
2025-07-19T19:14:00.000000Z,3.4208,3.4245,3.4207,3.4211,458956.0
2025-07-19T19:15:00.000000Z,3.4211,3.4247,3.4193,3.4247,260935.7
2025-07-19T19:16:00.000000Z,3.4247,3.4288,3.4242,3.4281,418399.3
2025-07-19T19:17:00.000000Z,3.4282,3.4288,3.4278,3.4286,144332.5
2025-07-19T19:18:00.000000Z,3.4286,3.4308,3.4276,3.4276,255362.6
2025-07-19T19:19:00.000000Z,3.4277,3.4281,3.4247,3.4252,189955.7
2025-07-19T19:20:00.000000Z,3.4252,3.4305,3.4248,3.429,365258.2
2025-07-19T19:21:00.000000Z,3.4291,3.4291,3.4266,3.4266,383513.3
2025-07-19T19:22:00.000000Z,3.4266,3.4285,3.4266,3.4268,199426.1
2025-07-19T19:23:00.000000Z,3.4269,3.4276,3.4253,3.4253,182692.1
2025-07-19T19:24:00.000000Z,3.4254,3.4264,3.4245,3.4253,219483.8
2025-07-19T19:25:00.000000Z,3.4253,3.4255,3.4223,3.425,178511.6
2025-07-19T19:26:00.000000Z,3.425,3.4298,3.425,3.4278,446930.3
2025-07-19T19:27:00.000000Z,3.4278,3.4287,3.427,3.4272,144896.5
2025-07-19T19:28:00.000000Z,3.4272,3.4298,3.427,3.4281,314440.0
2025-07-19T19:29:00.000000Z,3.4282,3.4287,3.4274,3.4286,122711.8
2025-07-19T19:30:00.000000Z,3.4287,3.4321,3.4286,3.43,504182.5
2025-07-19T19:31:00.000000Z,3.43,3.4301,3.4256,3.4273,226261.7
2025-07-19T19:32:00.000000Z,3.4274,3.4274,3.4233,3.424,283419.6
2025-07-19T19:33:00.000000Z,3.4239,3.4258,3.4229,3.4229,204226.1
2025-07-19T19:34:00.000000Z,3.4229,3.4247,3.42,3.4221,492320.9
2025-07-19T19:35:00.000000Z,3.4221,3.4237,3.4209,3.4232,274906.9
2025-07-19T19:36:00.000000Z,3.4232,3.425,3.4226,3.4247,195052.6
2025-07-19T19:37:00.000000Z,3.4248,3.4259,3.4244,3.4255,340232.7
2025-07-19T19:38:00.000000Z,3.4255,3.4273,3.4246,3.4252,552774.6
2025-07-19T19:39:00.000000Z,3.4251,3.4276,3.4251,3.4268,167536.0
2025-07-19T19:40:00.000000Z,3.4267,3.4291,3.4261,3.4286,251563.1
2025-07-19T19:41:00.000000Z,3.4286,3.4291,3.4261,3.4282,409817.9
2025-07-19T19:42:00.000000Z,3.4282,3.4298,3.4272,3.4292,276891.6
2025-07-19T19:43:00.000000Z,3.4291,3.4329,3.4283,3.4328,1184011.6
2025-07-19T19:44:00.000000Z,3.4329,3.4329,3.4311,3.4316,965762.9
2025-07-19T19:45:00.000000Z,3.4315,3.4316,3.4283,3.4288,331579.8
2025-07-19T19:46:00.000000Z,3.4288,3.4291,3.4262,3.429,222047.6
2025-07-19T19:47:00.000000Z,3.4291,3.4296,3.4264,3.4275,227683.7
2025-07-19T19:48:00.000000Z,3.4276,3.43,3.4274,3.4299,127699.9
2025-07-19T19:49:00.000000Z,3.4299,3.4311,3.4269,3.4309,684466.0
2025-07-19T19:50:00.000000Z,3.4309,3.4309,3.429,3.4291,211453.8
2025-07-19T19:51:00.000000Z,3.429,3.429,3.4274,3.4275,157422.4
2025-07-19T19:52:00.000000Z,3.4275,3.4275,3.424,3.4244,385065.9
2025-07-19T19:53:00.000000Z,3.4243,3.4245,3.423,3.4244,271708.6
2025-07-19T19:54:00.000000Z,3.4244,3.4264,3.4244,3.4257,141283.1
2025-07-19T19:55:00.000000Z,3.4257,3.4296,3.4257,3.4274,435012.6
2025-07-19T19:56:00.000000Z,3.4275,3.4286,3.4265,3.428,159638.6
2025-07-19T19:57:00.000000Z,3.4281,3.4288,3.428,3.4285,85418.2
2025-07-19T19:58:00.000000Z,3.4286,3.4313,3.4282,3.4313,322028.0
2025-07-19T19:59:00.000000Z,3.4313,3.4328,3.4301,3.4325,503685.9
2025-07-19T20:00:00.000000Z,3.4324,3.4325,3.4301,3.4314,391941.9
2025-07-19T20:01:00.000000Z,3.4315,3.4323,3.4271,3.4271,331373.9
2025-07-19T20:02:00.000000Z,3.4271,3.4294,3.4271,3.4283,201399.7
2025-07-19T20:03:00.000000Z,3.4283,3.4283,3.4258,3.4258,273753.0
2025-07-19T20:04:00.000000Z,3.4258,3.4281,3.4258,3.428,195007.3
2025-07-19T20:05:00.000000Z,3.4281,3.4292,3.4274,3.4284,187852.3
2025-07-19T20:06:00.000000Z,3.4285,3.433,3.4285,3.4329,294166.9
2025-07-19T20:07:00.000000Z,3.4329,3.4384,3.4329,3.4384,554082.6
2025-07-19T20:08:00.000000Z,3.4384,3.4391,3.4361,3.4361,337299.5
2025-07-19T20:09:00.000000Z,3.4361,3.4373,3.4357,3.4359,248609.0
2025-07-19T20:10:00.000000Z,3.436,3.4368,3.4344,3.4361,243926.8
2025-07-19T20:11:00.000000Z,3.4361,3.4384,3.4348,3.4379,290088.1
2025-07-19T20:12:00.000000Z,3.4379,3.4385,3.436,3.4364,162659.4
2025-07-19T20:13:00.000000Z,3.4364,3.4366,3.4347,3.4353,177635.6
2025-07-19T20:14:00.000000Z,3.4354,3.4359,3.4336,3.4351,236583.2
2025-07-19T20:15:00.000000Z,3.4352,3.4352,3.4307,3.4319,385114.6
2025-07-19T20:16:00.000000Z,3.4318,3.4321,3.43,3.4319,295886.9
2025-07-19T20:17:00.000000Z,3.4319,3.432,3.4297,3.4297,187674.0
2025-07-19T20:18:00.000000Z,3.4298,3.4309,3.429,3.4293,181079.3
2025-07-19T20:19:00.000000Z,3.4294,3.4327,3.4294,3.4326,198473.3
2025-07-19T20:20:00.000000Z,3.4326,3.4328,3.4293,3.4295,213193.9
2025-07-19T20:21:00.000000Z,3.4295,3.4308,3.4278,3.4304,240991.7
2025-07-19T20:22:00.000000Z,3.4304,3.4305,3.4272,3.4293,890252.5
2025-07-19T20:23:00.000000Z,3.4293,3.4309,3.4285,3.4287,221075.1
2025-07-19T20:24:00.000000Z,3.4287,3.4292,3.4274,3.4284,158389.9
2025-07-19T20:25:00.000000Z,3.4284,3.4287,3.4267,3.4267,101819.9
2025-07-19T20:26:00.000000Z,3.4267,3.4275,3.4267,3.4272,125484.1
2025-07-19T20:27:00.000000Z,3.4272,3.4287,3.4272,3.4287,72634.4
2025-07-19T20:28:00.000000Z,3.4286,3.4293,3.4277,3.4292,128935.4
2025-07-19T20:29:00.000000Z,3.4293,3.4293,3.4285,3.4289,130746.8
2025-07-19T20:30:00.000000Z,3.4288,3.434,3.4288,3.4336,198006.5
2025-07-19T20:31:00.000000Z,3.4337,3.4337,3.4287,3.4287,206445.4
2025-07-19T20:32:00.000000Z,3.4286,3.4316,3.4281,3.4315,152294.9
2025-07-19T20:33:00.000000Z,3.4315,3.4339,3.4314,3.4338,154913.6
2025-07-19T20:34:00.000000Z,3.4338,3.4352,3.4337,3.4345,100996.1
2025-07-19T20:35:00.000000Z,3.4344,3.4367,3.4327,3.4328,339697.2
2025-07-19T20:36:00.000000Z,3.4329,3.4333,3.4305,3.433,189424.8
2025-07-19T20:37:00.000000Z,3.4329,3.4368,3.4316,3.4368,167045.1
2025-07-19T20:38:00.000000Z,3.4369,3.4388,3.4358,3.4387,237294.6
2025-07-19T20:39:00.000000Z,3.4388,3.4396,3.4363,3.4372,278329.2
2025-07-19T20:40:00.000000Z,3.4371,3.4377,3.4356,3.4356,117072.7
2025-07-19T20:41:00.000000Z,3.4356,3.4357,3.4329,3.4345,154359.6
2025-07-19T20:42:00.000000Z,3.4345,3.4373,3.4345,3.4372,159666.2
2025-07-19T20:43:00.000000Z,3.4373,3.4395,3.4373,3.438,149549.4
2025-07-19T20:44:00.000000Z,3.438,3.4381,3.4365,3.4377,179368.4
2025-07-19T20:45:00.000000Z,3.4377,3.4394,3.4362,3.4375,170325.8
2025-07-19T20:46:00.000000Z,3.4376,3.4386,3.4359,3.4385,205863.9
2025-07-19T20:47:00.000000Z,3.4385,3.4394,3.4368,3.4388,128394.7
2025-07-19T20:48:00.000000Z,3.4388,3.4409,3.4388,3.4408,344796.8
2025-07-19T20:49:00.000000Z,3.4409,3.4424,3.4399,3.4422,663692.8
2025-07-19T20:50:00.000000Z,3.4422,3.4435,3.44,3.443,501623.0
2025-07-19T20:51:00.000000Z,3.443,3.4449,3.4418,3.4448,369734.4
2025-07-19T20:52:00.000000Z,3.4447,3.4456,3.4446,3.4449,179283.3
2025-07-19T20:53:00.000000Z,3.445,3.4454,3.4417,3.4433,256731.1
2025-07-19T20:54:00.000000Z,3.4433,3.4434,3.4412,3.4429,318771.8
2025-07-19T20:55:00.000000Z,3.4428,3.4449,3.4412,3.4422,303150.1
2025-07-19T20:56:00.000000Z,3.4422,3.4423,3.4372,3.4372,549373.8
2025-07-19T20:57:00.000000Z,3.4372,3.4377,3.4307,3.4307,315621.3
2025-07-19T20:58:00.000000Z,3.4307,3.4308,3.42,3.4201,1267385.1
2025-07-19T20:59:00.000000Z,3.42,3.4231,3.4163,3.4164,1035654.4
2025-07-19T21:00:00.000000Z,3.4163,3.4195,3.415,3.4181,736065.5
2025-07-19T21:01:00.000000Z,3.4182,3.4246,3.4181,3.423,1129214.6
2025-07-19T21:02:00.000000Z,3.423,3.4236,3.419,3.4196,408777.9
2025-07-19T21:03:00.000000Z,3.4197,3.4228,3.4162,3.4162,637055.5
2025-07-19T21:04:00.000000Z,3.4162,3.4172,3.4088,3.4093,1182496.2
2025-07-19T21:05:00.000000Z,3.4093,3.4114,3.4051,3.4096,1528617.4
2025-07-19T21:06:00.000000Z,3.4097,3.4124,3.4076,3.4123,581962.3
2025-07-19T21:07:00.000000Z,3.4124,3.4174,3.4087,3.4087,1180387.4
2025-07-19T21:08:00.000000Z,3.4088,3.414,3.4088,3.4128,482175.1
2025-07-19T21:09:00.000000Z,3.4128,3.4128,3.4016,3.4016,1480840.3
2025-07-19T21:10:00.000000Z,3.4016,3.406,3.4003,3.4048,1322330.4
2025-07-19T21:11:00.000000Z,3.4047,3.4069,3.4033,3.4037,484762.8
2025-07-19T21:12:00.000000Z,3.4037,3.4041,3.3963,3.3964,2139739.5
2025-07-19T21:13:00.000000Z,3.3965,3.3998,3.3957,3.3962,805387.6
2025-07-19T21:14:00.000000Z,3.3962,3.3969,3.3918,3.396,1095630.9
2025-07-19T21:15:00.000000Z,3.3959,3.4014,3.3944,3.4009,876792.4
2025-07-19T21:16:00.000000Z,3.4008,3.4009,3.3923,3.3924,667800.5
2025-07-19T21:17:00.000000Z,3.3925,3.3946,3.3844,3.3854,2065641.1
2025-07-19T21:18:00.000000Z,3.3854,3.3898,3.3851,3.3873,835025.0
2025-07-19T21:19:00.000000Z,3.3874,3.3894,3.3834,3.3885,1453798.6
2025-07-19T21:20:00.000000Z,3.3885,3.3937,3.3868,3.3898,1303803.8
2025-07-19T21:21:00.000000Z,3.3897,3.3897,3.3841,3.3843,547432.5
2025-07-19T21:22:00.000000Z,3.3842,3.386,3.3833,3.3833,463717.0
2025-07-19T21:23:00.000000Z,3.3833,3.3855,3.3813,3.3848,1456573.5
2025-07-19T21:24:00.000000Z,3.3847,3.3847,3.3804,3.3805,711625.4
2025-07-19T21:25:00.000000Z,3.3804,3.3846,3.3804,3.3822,714536.0
2025-07-19T21:26:00.000000Z,3.3821,3.3872,3.3816,3.3863,782969.5
2025-07-19T21:27:00.000000Z,3.3863,3.3977,3.3862,3.3947,1071024.0
2025-07-19T21:28:00.000000Z,3.3947,3.398,3.3938,3.3977,956927.6
2025-07-19T21:29:00.000000Z,3.3976,3.3984,3.3973,3.3981,424078.0
2025-07-19T21:30:00.000000Z,3.398,3.398,3.3929,3.3952,739608.7
2025-07-19T21:31:00.000000Z,3.3952,3.3952,3.3894,3.3923,420726.5
2025-07-19T21:32:00.000000Z,3.3923,3.393,3.3893,3.3913,311573.2
2025-07-19T21:33:00.000000Z,3.3912,3.3932,3.3847,3.3891,621340.9
2025-07-19T21:34:00.000000Z,3.3892,3.3895,3.3848,3.3879,498352.7
2025-07-19T21:35:00.000000Z,3.388,3.3915,3.3875,3.3914,328821.9
2025-07-19T21:36:00.000000Z,3.3915,3.3958,3.3912,3.3928,853127.0
2025-07-19T21:37:00.000000Z,3.3928,3.3929,3.3883,3.3899,324194.1
2025-07-19T21:38:00.000000Z,3.39,3.3919,3.3891,3.3891,185934.1
2025-07-19T21:39:00.000000Z,3.3892,3.3905,3.3871,3.3885,281388.7
2025-07-19T21:40:00.000000Z,3.3886,3.3912,3.3886,3.3904,283664.2
2025-07-19T21:41:00.000000Z,3.3904,3.3929,3.3903,3.3927,247784.2
2025-07-19T21:42:00.000000Z,3.3928,3.393,3.3915,3.3925,268852.9
2025-07-19T21:43:00.000000Z,3.3925,3.3925,3.391,3.3916,254707.4
2025-07-19T21:44:00.000000Z,3.3917,3.3921,3.3905,3.3916,241579.2
2025-07-19T21:45:00.000000Z,3.3917,3.3921,3.3917,3.392,66710.6
2025-07-19T21:46:00.000000Z,3.3921,3.3979,3.3918,3.3979,260776.9
2025-07-19T21:47:00.000000Z,3.3979,3.3983,3.3968,3.3971,199371.5
2025-07-19T21:48:00.000000Z,3.3972,3.4015,3.3971,3.4002,415951.9
2025-07-19T21:49:00.000000Z,3.4002,3.4027,3.4002,3.4024,311357.3
2025-07-19T21:50:00.000000Z,3.4024,3.4048,3.4002,3.4002,439365.2
2025-07-19T21:51:00.000000Z,3.4002,3.4016,3.399,3.399,359976.8
2025-07-19T21:52:00.000000Z,3.3991,3.3991,3.3952,3.3954,363128.8
2025-07-19T21:53:00.000000Z,3.3954,3.4065,3.3954,3.4035,1077652.1
2025-07-19T21:54:00.000000Z,3.4034,3.4035,3.4005,3.4015,263792.4
2025-07-19T21:55:00.000000Z,3.4014,3.4015,3.4004,3.4004,133860.2
2025-07-19T21:56:00.000000Z,3.4004,3.4015,3.399,3.4005,267714.3
2025-07-19T21:57:00.000000Z,3.4006,3.4034,3.4006,3.4014,206179.5
2025-07-19T21:58:00.000000Z,3.4014,3.4081,3.4012,3.4062,290449.7
2025-07-19T21:59:00.000000Z,3.4061,3.407,3.4039,3.404,250148.5
2025-07-19T22:00:00.000000Z,3.4039,3.405,3.4006,3.4018,445090.3
2025-07-19T22:01:00.000000Z,3.4018,3.4041,3.4016,3.404,258597.9
2025-07-19T22:02:00.000000Z,3.4039,3.404,3.3976,3.4002,535593.8
2025-07-19T22:03:00.000000Z,3.4003,3.4027,3.3993,3.3994,335761.4
2025-07-19T22:04:00.000000Z,3.3995,3.3995,3.3935,3.3952,473661.2
2025-07-19T22:05:00.000000Z,3.3952,3.398,3.3944,3.398,274579.3
2025-07-19T22:06:00.000000Z,3.3981,3.4028,3.3981,3.4025,187323.9
2025-07-19T22:07:00.000000Z,3.4025,3.4051,3.4023,3.4029,231541.8
2025-07-19T22:08:00.000000Z,3.403,3.405,3.4025,3.405,128322.2
2025-07-19T22:09:00.000000Z,3.405,3.407,3.4049,3.4061,479660.8
2025-07-19T22:10:00.000000Z,3.4061,3.4082,3.405,3.4079,185457.6
2025-07-19T22:11:00.000000Z,3.4078,3.4089,3.4058,3.4087,341560.4
2025-07-19T22:12:00.000000Z,3.4087,3.4092,3.4069,3.4092,162254.3
2025-07-19T22:13:00.000000Z,3.4092,3.4112,3.4088,3.4097,342460.9
2025-07-19T22:14:00.000000Z,3.4097,3.4114,3.4097,3.4113,262999.3
2025-07-19T22:15:00.000000Z,3.4114,3.4127,3.41,3.4106,249314.7
2025-07-19T22:16:00.000000Z,3.4105,3.4139,3.4094,3.4137,966086.1
2025-07-19T22:17:00.000000Z,3.4137,3.4153,3.4132,3.4151,280482.8
2025-07-19T22:18:00.000000Z,3.4151,3.4162,3.4138,3.4156,340162.5
2025-07-19T22:19:00.000000Z,3.4156,3.4164,3.4145,3.415,226998.3
2025-07-19T22:20:00.000000Z,3.4151,3.4161,3.4138,3.4145,358773.9
2025-07-19T22:21:00.000000Z,3.4146,3.4148,3.4107,3.4107,385191.8
2025-07-19T22:22:00.000000Z,3.4107,3.4129,3.4103,3.4129,81266.6
2025-07-19T22:23:00.000000Z,3.4129,3.4145,3.4122,3.4137,149164.1
2025-07-19T22:24:00.000000Z,3.4138,3.4158,3.4138,3.4157,142038.3
2025-07-19T22:25:00.000000Z,3.4157,3.4162,3.4147,3.4161,146450.4
2025-07-19T22:26:00.000000Z,3.4161,3.4165,3.4158,3.4161,238859.1
2025-07-19T22:27:00.000000Z,3.4161,3.4173,3.4159,3.4172,228957.0
2025-07-19T22:28:00.000000Z,3.4172,3.4174,3.4144,3.4155,330164.0
2025-07-19T22:29:00.000000Z,3.4156,3.4163,3.4145,3.415,182664.5
2025-07-19T22:30:00.000000Z,3.4151,3.4167,3.4137,3.4167,284971.6
2025-07-19T22:31:00.000000Z,3.4167,3.4168,3.4144,3.4166,164210.7
2025-07-19T22:32:00.000000Z,3.4166,3.4167,3.4142,3.4148,162181.3
2025-07-19T22:33:00.000000Z,3.4148,3.4148,3.4102,3.411,246920.9
2025-07-19T22:34:00.000000Z,3.411,3.4139,3.4109,3.4132,170739.0
2025-07-19T22:35:00.000000Z,3.4133,3.415,3.4129,3.415,270230.9
2025-07-19T22:36:00.000000Z,3.4149,3.416,3.4149,3.4157,181299.8
2025-07-19T22:37:00.000000Z,3.4158,3.416,3.4138,3.4159,117597.0
2025-07-19T22:38:00.000000Z,3.4158,3.416,3.4148,3.4158,281995.0
2025-07-19T22:39:00.000000Z,3.4158,3.4158,3.414,3.4157,82785.0
2025-07-19T22:40:00.000000Z,3.4157,3.4167,3.4147,3.4165,216530.2
2025-07-19T22:41:00.000000Z,3.4165,3.4237,3.4162,3.4237,873279.5
2025-07-19T22:42:00.000000Z,3.4236,3.425,3.4236,3.4243,685618.1
2025-07-19T22:43:00.000000Z,3.4242,3.4268,3.4239,3.4268,372564.6
2025-07-19T22:44:00.000000Z,3.4268,3.4271,3.4259,3.427,312040.8
